7575.08,862332.30,5295.15,5890.05
3953.22,970888.56,6850.92,3175.73
2373.62,107589.97,9961.46,6571.96
4391.17,530313.06,7059.00,4048.90
4243.47,75195.49,314.79,4442.40
5587.22,894914.15,1177.85,5004.91
6693.96,999927.45,5831.82,775.29
2697.01,614450.39,674.22,3751.00
1459.56,747855.91,5057.28,3996.92
425.17,591747.64,9476.55,9287.75
5415.33,683124.35,6153.58,4656.26
8754.62,24857.58,5530.81,8307.86
3332.94,246129.34,6582.02,5761.95
1254.63,417528.02,1038.62,9793.74
578.65,888175.94,1641.99,9775.34
1319.14,205563.08,2354.24,353.12
2354.89,72687.21,4094.77,6048.36
4186.94,31651.41,3016.83,5331.52
8586.95,398045.72,9598.52,4995.43
5095.35,726240.54,5894.70,3240.88
6056.42,342145.17,5180.92,7788.45
6418.76,797035.46,2918.10,3543.16
1882.86,993730.57,476.14,2863.95
9143.81,474699.67,3377.00,328.22
4955.33,660604.64,3952.68,3031.37
6532.67,987336.64,4260.56,6924.91
4415.25,449778.92,8858.57,9471.64
325.93,721330.11,8614.73,8984.34
6792.34,59647.55,6110.52,1415.08
2336.83,951120.85,394.65,6074.67
5894.90,509261.95,3853.71,2787.71
6788.18,745498.65,6788.35,4326.17
2056.35,394784.29,5918.51,9614.93
1243.71,102987.04,1488.29,5165.84
9839.25,928198.20,3901.04,4471.78
6485.33,233899.38,4887.41,7680.59
5798.65,958354.63,93.80,6768.75
8187.86,931644.02,9676.10,4647.89
406.16,659431.03,993.15,162.21
5742.81,120857.05,2816.81,4773.26
736.31,476881.94,3610.15,878.53
6082.79,914940.35,7372.70,6173.36
3016.85,785959.31,9311.25,3241.03
2858.04,400583.52,167.10,8643.92
6644.52,122880.33,2415.52,1188.65
3816.82,271847.35,3750.08,4751.53
3767.76,873721.27,3274.83,7075.54
1740.90,301387.37,3648.93,2288.31
1038.09,191115.12,8063.72,1540.67
6788.12,561395.32,4378.99,3128.59
2631.56,993831.41,5.33,736.31
593.21,331836.69,191.42,6026.64
6141.94,729316.26,9260.13,9704.72
4978.71,498562.75,9034.44,3394.41
5447.19,104270.61,1203.89,3191.85
627.34,808874.76,704.72,4598.61
7150.71,733345.05,5321.49,7687.38
3567.57,257118.79,2665.25,815.82
9699.02,101029.24,9443.16,979.83
9823.79,297889.18,9506.58,8985.04
6777.39,316813.84,6549.69,8016.20
1082.78,49418.75,4527.64,4896.51
9084.97,348703.54,3873.16,4354.81
6727.92,334733.88,4412.99,7955.98
1091.01,465158.85,6519.76,1000.73
92.79,333152.72,482.89,2663.46
1873.76,820545.04,341.25,6912.60
9285.68,259704.36,2492.85,4345.46
1643.46,864166.26,1281.73,7970.13
5436.63,215047.43,3459.12,9179.93
8051.24,617963.09,926.07,3691.14
3718.44,293466.04,6486.79,1052.76
8885.25,212951.33,476.76,5487.36
4993.35,421521.15,7077.01,285.06
255.73,199480.62,7885.64,2747.95
8436.86,604935.73,6889.91,1770.25
1870.49,491390.58,5367.14,5539.88
7990.34,546291.61,7439.72,2559.96
3502.46,949142.87,7019.48,5214.15
7993.85,781116.21,4698.76,1437.83
9250.77,972007.20,8780.52,6706.99
5850.88,864937.32,8086.78,5520.38
8697.03,614379.41,5444.77,8825.05
2076.54,188883.98,9822.23,1423.84
6558.23,106309.65,1968.07,1303.65
580.63,386411.72,3112.06,1036.04
4938.01,783319.13,8786.63,9927.24
4537.38,698730.07,156.56,4432.64
4777.63,875583.09,3376.80,3500.93
5693.23,451510.67,3445.84,4976.35
5608.50,431558.47,2782.38,8962.39
7464.27,500454.01,6324.47,4138.69
5207.48,496134.28,4335.84,3422.99
4674.99,648292.91,1300.91,6082.85
3256.85,528382.76,4299.99,4427.41
5289.73,80810.97,7078.23,4547.20
5610.26,248989.44,6656.92,2220.60
1988.58,274453.84,7782.71,7068.11
8266.37,592440.55,6770.42,311.35
3939.15,273111.92,366.90,4081.37
2651.69,644045.21,7148.77,3121.31
1615.84,936652.12,8663.61,2941.25
6314.15,426871.32,5034.19,2008.77
18.15,708777.05,5067.58,9396.14
5629.06,48672.75,4045.70,3456.04
8139.61,976789.73,3321.16,1560.01
9618.92,663886.07,4601.90,5709.68
5038.90,140842.12,8380.74,3918.56
6488.65,210775.06,350.15,2662.41
5364.65,835244.98,1840.45,1409.34
6977.95,648801.12,328.87,6266.08
9685.61,109418.20,3889.60,6114.68
1132.12,546297.38,9089.36,1264.44
7477.61,241058.57,5280.57,1606.64
7593.09,33525.17,9503.82,8535.02
3119.01,679104.26,5283.59,2483.02
7012.11,301190.54,5486.08,5828.99
7746.08,459072.99,4105.05,9133.46
3685.77,649499.19,4351.60,7198.25
2319.94,498353.11,745.85,274.64
2016.77,257827.76,1043.35,4898.63
9756.66,324024.86,9776.40,8293.85
6901.14,330089.76,8950.03,58.42
6471.95,690790.36,3004.80,4939.67
9643.42,555874.29,4543.35,901.16
6192.14,271590.46,4514.76,7399.21
3501.26,732435.35,5560.75,9811.85
1382.98,328486.41,49.82,7300.52
5461.27,997610.33,4960.29,3035.62
147.73,156384.45,4220.51,7679.74
3347.31,248745.61,5374.16,9297.86
8946.20,637181.79,1510.88,5451.57
9863.16,407707.06,1287.38,6134.95
3986.31,166911.57,9561.06,9422.46
7670.88,917054.19,8668.40,5224.65
6639.70,783465.46,5702.37,6385.45
2106.45,437455.63,4277.86,505.12
732.84,427471.62,221.59,335.72
634.39,421424.21,9382.45,5371.76
2065.48,433906.31,2330.87,2345.92
642.82,583449.61,5100.08,7740.86
3007.70,757017.40,7319.93,1140.39
9680.47,51607.19,9103.21,4269.10
7527.33,756137.65,5867.07,6907.24
4737.34,590720.24,5906.67,7518.01
4499.21,94966.01,8985.51,3387.48
9670.46,692154.93,5466.71,2352.50
9647.86,431895.09,4581.72,5780.14
2376.40,930324.93,7317.73,362.33
8975.16,983962.96,4102.27,4502.46
5811.96,70984.66,9973.33,3595.87
9024.55,892007.24,245.63,7344.37
9464.82,861388.92,7818.15,1394.93
1833.39,979599.73,9215.76,5056.02
375.45,577397.08,217.15,6619.92
4924.90,683339.77,3493.74,7907.79
5312.04,447600.02,68.90,54.28
9191.46,877084.21,3604.24,3261.47
8199.96,699547.84,1529.28,4277.37
20.59,37692.45,9853.27,6692.03
9407.25,158156.54,9132.46,794.73
9515.38,844864.37,7513.81,1698.68
5987.81,951371.84,3035.32,6714.86
160.78,452649.44,1435.91,5544.68
4483.72,503168.18,7612.30,9761.62
2787.40,635205.11,8557.71,1264.56
388.42,278960.89,3126.85,2911.25
4184.37,754382.56,9294.10,8378.12
872.11,233510.21,2706.37,2443.00
2212.82,441718.03,1279.52,7350.14
9871.16,96394.37,9346.97,5692.65
8771.45,912407.75,1441.34,5334.83
7142.86,455130.79,174.72,7297.78
3465.96,933844.63,4880.61,3244.20
5387.28,761022.97,7689.96,5223.90
3333.68,376294.81,1536.56,6679.30
2037.65,447811.24,221.15,360.61
6475.09,998292.32,4111.49,5763.44
4820.91,778205.75,6314.94,5976.66
9943.80,244329.88,3232.61,1416.50
2689.94,378379.57,288.90,5823.19
4746.46,537423.80,8327.34,8109.25
6229.09,205500.15,8673.60,2174.03
3304.25,934131.53,5188.74,5636.94
4134.52,618377.17,9770.46,7592.22
7227.45,974599.45,3707.51,4951.01
4870.92,906305.14,1052.06,6711.78
5754.74,745219.58,1747.20,5588.21
5106.19,116178.47,1631.40,6823.84
7708.67,36472.79,3639.16,4735.95
9025.68,222957.59,9526.69,8556.10
2318.97,703537.18,4273.84,473.18
5127.44,193563.86,5948.25,434.76
6765.21,902239.21,2264.90,4225.64
9600.13,119281.69,1334.06,3617.95
790.38,497926.16,8162.85,9974.73
7885.21,536745.73,360.51,5589.77
1236.95,929837.76,6194.56,258.94
8524.77,922591.50,5654.96,4103.91
1856.98,698555.29,505.50,1506.97
5896.78,611847.49,2436.63,5165.99
6247.85,629106.03,9380.93,3741.57
939.21,735146.67,8812.42,1343.68
4265.18,967301.68,3422.96,2193.15
1464.60,134835.93,8954.14,9193.58
4764.43,51888.17,6159.68,862.27
6166.62,25061.19,8883.86,7094.06
22.82,630085.55,8063.22,570.02
8920.27,65906.55,7093.78,7273.01
9693.17,729096.02,7453.20,6535.43
2477.18,126665.41,4727.28,8319.56
4641.07,141157.80,4262.00,3018.84
3157.59,698322.03,2547.71,6968.96
3517.11,904723.51,5138.67,5070.42
640.67,60321.07,4421.47,449.51
7415.58,989340.89,867.78,9922.87
9454.60,271703.92,9541.83,3180.73
471.40,236813.95,9580.03,3067.31
1268.07,981689.42,8120.35,4111.78
6746.58,616222.87,1730.88,6551.49
9584.74,479777.35,7772.05,3489.21
6258.01,735380.61,5324.12,9539.32
942.21,130452.68,321.33,343.06
5498.05,476304.39,2356.58,3670.86
9217.06,742568.91,1254.77,4480.44
299.40,507280.33,9960.84,8261.74
2137.55,248488.35,6547.76,9275.64
1396.01,289099.01,2222.33,2881.13
1605.50,353057.65,4091.27,4045.73
5531.34,398040.44,1147.40,7347.38
1928.96,657496.80,9445.40,7300.88
7465.82,533186.42,7759.03,1680.21
2567.20,168279.25,8146.30,4658.31
734.75,500638.46,6796.58,1048.72
4489.59,866082.02,9293.00,7709.08
7508.55,932219.10,996.31,3254.14
1749.92,414883.18,7640.65,2626.58
406.60,741235.30,3429.11,8786.46
2377.78,536285.38,3926.90,9806.04
1616.45,322881.65,8871.99,5993.97
5188.46,979143.17,5657.78,8323.89
7169.90,151861.37,7690.07,6404.75
1613.07,219572.54,3079.76,1506.15
6727.43,354803.77,8205.42,7739.26
4150.24,751420.61,7564.56,2394.93
1722.73,220055.80,6029.41,4652.93
5541.24,412273.62,2133.23,402.00
7218.63,772425.98,1335.12,9748.07
5269.81,435081.35,6346.05,2938.62
5326.32,65458.93,7546.43,9893.83
2488.44,400476.26,284.85,8310.60
539.06,488818.57,7420.24,5393.60
6972.56,489865.20,4854.32,8667.64
9832.26,593357.84,4998.45,2038.66
2204.33,324372.01,8128.84,4296.14
2881.29,41453.72,4406.28,8587.32
7187.38,579709.04,9971.38,3044.40
248.66,475184.91,8973.44,4708.46
6094.35,92055.77,9651.09,1169.33
9892.17,39930.81,6654.75,6928.69
7348.47,35022.70,3686.11,4393.74
4845.47,125969.73,226.76,2622.06
6241.04,532778.35,3638.13,463.28
7422.72,995654.56,3236.94,4581.45
7686.14,799418.07,6085.33,6992.04
7798.84,448743.88,5181.96,1210.69
8214.33,419652.08,9500.20,885.95
7316.94,123466.75,1891.74,9876.46
8806.71,610891.45,5258.85,8132.97
9374.49,755899.14,9595.63,3459.06
2671.05,631809.76,2508.35,5249.18
3239.78,305230.57,3647.53,2641.10
4561.48,427458.84,9118.66,6169.81
8650.23,277498.41,5386.30,8973.10
743.36,266016.48,3445.67,874.26
1544.16,345368.54,3108.15,6255.25
1204.76,127244.46,4132.10,4534.26
3777.47,806540.20,5627.48,274.17
8216.33,867734.75,7672.48,8474.07
2176.98,328353.24,9402.87,9433.84
7840.92,613022.38,5969.18,6731.94
4781.80,191175.93,2704.62,1319.86
3494.56,651642.67,8605.69,4511.79
4624.34,28151.32,2800.50,2735.88
3160.54,71211.31,7063.92,7314.28
3902.69,683880.50,4636.28,3251.44
4357.83,761605.24,612.12,2036.16
3895.64,659620.58,1987.53,4800.20
3465.67,555322.41,6089.71,3827.15
8472.20,297575.88,4559.30,2367.70
8505.84,540098.77,6315.98,4993.30
1546.90,661860.16,7010.29,3307.60
6984.02,883860.31,4348.82,4735.92
1332.74,978708.06,8377.96,5325.54
2892.05,917088.53,3320.36,1015.14
6743.04,703514.03,2881.25,5669.68
9472.36,842677.30,4075.91,8327.17
3793.97,767276.75,5577.37,6566.96
6846.49,728359.34,5342.77,7684.32
2359.27,760027.21,8849.34,4444.14
6108.87,521780.45,3655.60,7586.86
6128.65,813818.53,8200.74,2972.72
3987.74,173299.45,2764.75,7275.74
1121.54,532855.61,8334.31,2476.74
4674.61,176592.14,4754.17,6055.22
607.65,303343.00,2990.87,742.56
7923.87,142137.41,7595.59,4974.63
6786.03,760628.62,4525.22,2769.72
5024.07,123663.45,6365.25,9658.04
2074.00,356222.03,1695.57,9501.88
6742.52,842632.26,7850.07,5571.19
5357.73,32264.92,6642.93,8076.87
9844.70,180840.81,769.57,9514.59
1055.92,736032.19,4537.25,8635.09
1290.02,216216.56,6340.24,3631.81
1348.08,332041.59,1866.65,5225.08
1705.60,121885.80,6408.85,722.17
4419.09,634350.28,1846.49,845.50
2239.53,473592.80,8881.32,2146.79
4071.60,246616.11,7924.65,9162.54
1395.21,655547.96,2673.67,2117.08
8557.75,102501.98,8859.75,7941.75
948.33,699782.87,6911.63,4654.72
8981.74,824001.51,1348.86,1733.45
2548.07,519090.83,1605.46,2012.28
125.07,660263.65,8681.06,3850.77
9104.06,518630.48,9526.58,5843.37
9045.63,74494.93,6393.73,179.28
7560.66,956271.03,1512.50,4911.56
9302.50,671517.18,8407.83,9857.41
2160.14,606757.01,9926.71,5627.07
1157.96,123558.87,9618.98,366.63
9796.31,429770.63,7500.02,4200.23
608.11,676858.12,3420.71,7070.50
1560.17,546970.23,1279.87,1700.84
2593.95,66655.86,5136.54,9741.64
7079.14,638082.36,3914.36,5812.49
6244.14,553156.73,4837.50,1115.61
751.42,391126.26,6997.33,5570.87
2501.36,496036.27,5521.47,5010.95
1477.08,806848.24,3701.20,7875.21
6983.49,750072.36,5131.14,4054.21
9987.38,542444.64,424.09,7061.72
3431.50,589479.03,3386.96,9549.23
373.96,344651.11,9677.80,1328.41
5595.33,253520.79,6911.75,8529.58
4919.39,447276.51,8943.15,2299.99
7909.45,990985.62,8623.45,5533.31
3830.66,553259.50,2719.35,6522.23
7809.76,586094.78,9872.73,9139.10
3977.28,506325.97,7493.88,174.62
5043.16,233427.27,6301.74,5802.77
3235.31,982325.40,1859.42,790.48
5821.55,654437.72,900.93,6033.26
9539.15,835324.40,6504.50,2273.67
2171.76,873145.02,240.17,447.21
6242.53,718535.27,1304.35,2000.72
9332.91,573570.46,2350.91,5741.10
7890.16,305158.12,9238.51,1297.76
6552.86,346503.17,7235.92,3120.03
3001.84,199214.25,9361.83,3080.98
9135.31,258171.16,3483.16,4222.30
2970.37,271449.12,3555.32,2950.00
2088.95,358395.78,6960.31,2078.74
8674.97,120383.27,4283.49,2522.96
8230.46,130808.33,66.56,7145.84
8911.69,743588.75,3084.79,6302.51
6092.78,992706.15,2518.21,951.90
7242.38,869269.65,2021.52,5861.83
5490.21,517127.02,7144.69,2395.10
6363.86,263224.73,2816.00,7639.50
1091.96,614719.59,6671.46,4232.59
1598.73,31270.30,899.42,3132.62
6855.65,217988.08,9966.41,9799.71
7609.51,962201.23,4099.94,2776.90
6672.43,95489.35,8726.39,2498.41
4937.52,221368.62,8196.74,7303.10
9075.14,628560.56,8080.31,3093.80
5468.26,669952.00,4066.33,2858.58
6361.17,88155.44,7085.42,2358.10
8424.67,290004.10,3647.96,8683.30
981.54,214367.24,7593.39,9100.88
989.91,980346.71,4454.49,8629.11
4547.83,666216.81,2462.67,6124.70
161.27,773395.22,4855.38,311.54
7308.39,414283.37,6593.71,9145.30
4936.67,407990.45,4858.31,8183.09
8445.53,873756.63,6763.68,6215.26
435.36,558315.52,9616.07,9317.04
45.19,920488.24,8737.10,7690.26
8054.46,563976.17,5385.18,3191.01
90.64,637620.46,2629.13,9277.09
8262.72,931322.57,162.91,9259.09
2331.79,505370.38,9997.94,3202.31
5133.28,361090.50,3729.12,8601.79
3381.69,631547.91,8642.74,5040.69
4216.80,842440.42,4319.68,8442.80
9891.76,945385.37,3584.09,6242.56
7856.65,298472.42,1657.83,821.67
1157.30,582257.09,5203.07,4899.06
4547.65,533294.84,8570.21,9211.38
5004.88,811867.03,8015.72,9784.31
1440.04,655725.34,5913.96,9369.92
7313.16,427482.43,6059.54,5213.72
1589.98,299701.87,8041.61,3215.01
8018.68,198791.83,3368.36,6757.31
58.51,946482.13,8530.25,7010.88
8958.16,895965.45,512.40,347.25
5460.19,758709.41,8401.51,7656.27
1399.01,217496.13,679.89,9818.60
6063.25,141423.16,1558.95,3362.70
3609.44,79398.80,1276.84,422.36
2042.56,210092.01,4669.45,7512.08
1319.76,688346.84,9521.68,8349.86
7987.29,110747.85,1215.12,6982.64
6426.64,206323.27,3011.08,8807.55
2264.44,362298.74,1942.25,8732.34
1791.52,439364.97,8733.75,7681.33
2340.24,36098.94,6434.06,928.83
2485.14,607978.10,6508.61,4329.34
7660.52,332854.16,3033.48,7414.92
6329.40,701802.55,5324.00,5542.37
4192.07,901940.11,6842.86,6798.71
9088.36,886104.25,3554.44,3211.03
7226.15,973212.53,8026.98,9957.43
2159.85,332672.41,6531.51,738.47
1546.00,956386.69,5145.93,2243.99
3119.17,72700.93,7445.42,5738.08
559.76,408064.88,744.49,9185.42
1966.62,994231.21,53.86,9054.90
8500.41,271489.41,8924.59,6962.13
8430.29,111735.12,4174.63,2650.00
2294.31,879099.67,7127.26,1457.16
8175.68,240415.74,7438.62,1386.87
2199.84,192971.39,6850.82,2164.42
8273.83,432804.41,9279.82,6258.79
2817.79,923215.97,531.77,9745.02
4779.30,440232.04,5638.75,9096.33
8575.01,129418.18,4314.94,8520.67
7769.85,766752.71,5355.96,1294.02
282.83,815190.32,8939.52,7693.39
1699.11,708097.91,1732.21,1595.24
1871.98,990920.99,3467.47,7580.36
1413.99,933239.30,5231.77,474.39
8905.33,204796.45,9080.89,9653.18
6688.29,751138.40,5805.52,1155.46
2970.29,87172.94,2674.97,1670.44
624.13,50260.93,5810.36,9805.91
8552.17,198377.97,2473.00,1692.82
9772.76,463434.45,7001.45,9945.19
1490.24,515018.52,390.01,7269.63
6326.20,555626.94,7573.96,8606.60
617.98,574874.64,8371.70,8585.93
5231.51,657224.72,7730.76,4291.97
6689.12,245456.22,8435.10,6859.33
1578.95,870387.77,4752.68,9257.79
5190.97,466301.34,8637.59,1775.44
6115.91,521060.50,1047.96,1172.24
2146.66,600094.10,9700.82,4251.08
9237.86,714216.27,1157.29,1681.92
4507.84,52680.28,9516.13,3314.36
6308.15,134913.64,6191.20,1927.46
9239.38,307058.68,5257.92,8390.57
9658.05,942742.43,6676.16,7547.03
7697.70,821426.52,5331.76,783.07
5118.68,692237.86,7286.17,8206.83
4404.14,126356.89,5883.48,638.18
3436.32,356840.95,9436.18,9197.64
1815.15,961186.37,9096.14,8183.15
9422.77,958982.93,214.10,5136.48
5190.65,894691.08,3001.17,526.21
4192.20,753872.26,8627.79,8312.35
4162.30,100129.04,5030.42,7807.86
8336.12,259562.09,2643.76,6715.34
103.10,379727.26,4035.58,4992.47
6388.07,130876.33,2994.01,9287.88
899.96,158691.37,8001.58,8089.08
5429.48,639772.60,2227.63,8437.49
7230.82,213816.33,7180.56,6090.67
3188.37,989719.87,9983.67,2349.78
6947.82,846775.76,4872.84,2420.86
3482.40,856669.37,7962.00,2141.10
6668.07,857168.67,581.67,2177.12
9357.84,914196.48,568.49,1389.60
2173.73,95401.13,2768.11,3959.54
6776.02,325391.85,9711.26,8083.94
1722.77,760481.53,932.69,7574.23
4198.85,209080.07,4724.46,1528.70
8872.06,892807.04,9250.52,1400.44
5924.91,772943.75,896.17,9245.43
3914.40,217019.85,6486.14,5710.41
9527.77,631131.23,2577.06,1408.59
5531.02,515010.97,9415.03,731.06
247.97,208926.21,9346.19,2855.26
6760.95,594149.99,9477.95,736.58
7690.40,602056.98,6210.73,5207.83
1889.20,860818.66,4895.07,7960.91
2678.43,283223.95,1315.95,4148.60
3354.86,414326.71,2966.10,2619.28
4616.52,133423.27,7142.27,9385.51
281.05,201287.69,9783.25,7827.83
2212.84,80644.50,3665.68,7347.85
2728.09,535533.26,7083.39,710.29
2913.39,273521.01,4458.36,9151.28
8271.47,153643.96,8466.14,3480.95
8899.23,362510.62,9205.80,8870.92
6.26,301174.48,9704.26,792.83
9998.44,506185.00,8617.17,9661.92
7579.45,929651.61,373.12,2140.17
6364.23,125205.87,205.47,7766.15
5351.79,829423.18,6525.63,604.34
6270.92,471565.95,5913.94,6944.53
4290.77,48435.77,6639.27,1732.18
6879.28,665673.20,5065.34,8373.70
6696.15,252019.59,5561.85,8835.82
8322.69,618855.78,8610.73,3546.25
5359.79,883758.61,3682.36,3503.11
3965.96,983866.80,3154.19,213.60
1261.17,992523.89,1053.72,2607.67
2188.01,320965.95,5730.14,3910.49
6400.29,175748.48,8693.82,5607.65
7540.31,692156.99,2809.78,100.27
869.41,174021.88,1791.49,8422.21
1632.41,801158.84,9513.19,4479.85
5765.31,77082.14,2043.91,2674.86
6596.24,141688.23,7503.71,1483.68
6043.54,886283.85,8852.06,1592.65
6480.68,621632.52,2541.13,3525.47
9916.19,143620.11,1600.81,6350.38
4428.02,215690.30,5170.28,6017.02
3894.90,702376.49,7750.10,9148.68
5983.82,884058.28,521.47,5703.02
5080.52,139495.27,3963.87,1815.35
1391.78,319742.52,5699.55,2350.95
4801.00,74727.94,3.31,1218.62
2225.13,52071.66,5737.94,6335.22
199.24,426654.30,7610.86,5281.82
206.16,938991.27,1594.33,7154.42
2872.15,720645.98,9111.75,5888.11
8565.37,445716.24,6164.58,420.96
6162.81,428852.68,2959.35,7464.72
8791.93,472320.42,6791.30,3362.03
5207.11,367289.39,5951.20,2535.40
8126.89,437840.83,5243.87,1370.94
6336.41,560102.35,4342.06,8030.43
5650.73,553475.07,8646.18,647.99
4937.90,26092.33,8580.59,8643.13
7316.92,282449.74,7328.95,4469.87
3374.17,267572.81,8896.37,6021.88
2782.85,749138.26,8082.96,3126.62
3063.51,766641.89,1463.51,5086.80
9389.90,505005.99,3789.87,65.29
7322.56,518945.23,7367.83,1260.19
1144.08,763960.91,2907.19,9279.37
4072.85,280008.90,9103.75,4899.63
3048.83,204687.90,4783.91,1482.90
12.76,444219.71,1827.76,1722.96
3641.61,842544.84,9283.36,9108.52
356.59,501531.58,9094.92,514.14
1085.73,658598.60,1689.95,2668.43
742.09,381975.66,5304.89,1899.04
669.05,858378.97,6376.26,3517.29
408.22,323052.63,9584.17,4480.24
4061.13,997928.84,5206.98,556.18
8244.57,60085.24,8331.06,7119.90
3180.38,539728.53,9156.53,916.66
5814.07,344609.13,6149.89,8659.79
4022.66,166072.70,4116.55,7164.00
3950.51,240880.07,7401.05,8867.51
8303.13,342477.54,4370.16,6058.63
2032.44,555575.89,3093.55,6897.91
3262.66,748696.75,9709.36,6414.89
1535.09,480770.97,346.38,6058.90
2490.51,519924.29,4672.12,6096.12
7961.74,255261.67,4145.57,6170.64
3114.86,465761.94,875.92,685.16
7756.16,354320.73,3623.21,7307.14
7212.62,839530.00,5924.01,8869.39
9297.76,702958.65,7585.22,1209.37
7790.18,235498.98,4861.23,2079.18
9580.91,712770.29,6514.31,9158.98
2186.74,456620.67,2655.78,8419.08
679.99,207444.95,774.68,7601.64
8251.50,880336.58,8683.55,3430.61
2601.81,567017.69,7245.13,5309.03
1146.69,395041.89,6691.58,2725.74
1626.92,765940.40,9107.04,8368.67
1127.57,724782.99,6217.21,4030.27
5741.39,865050.45,6013.82,1790.48
5151.26,304766.90,3939.53,8675.94
1260.53,282515.27,4368.44,9019.32
7665.92,455260.52,5939.53,5080.56
7246.30,953830.86,9935.44,3142.39
8431.63,766457.85,4345.74,9255.02
6819.75,255952.28,7514.26,6080.70
7724.89,51893.39,4341.73,9876.41
6970.27,955634.54,4900.13,4553.57
1777.94,852979.90,12.18,7966.26
963.01,27061.60,859.37,4105.29
3804.72,42248.39,3.96,3712.82
9946.20,748842.02,9345.43,4982.98
8464.90,257868.77,6478.83,5476.75
2859.85,615449.06,4682.43,6154.68
117.61,707029.03,3334.38,8518.95
6247.34,943183.53,4942.60,6256.76
7716.40,600751.22,2169.70,3489.77
8071.62,995737.49,3244.28,2759.78
1696.98,707722.48,6972.31,7218.76
2137.44,459436.86,9197.02,3141.71
709.31,519718.75,1003.05,843.69
2221.20,43241.14,5220.33,4357.71
8545.68,526199.93,1855.37,2818.28
7510.07,23578.35,4962.65,9395.45
4116.18,720654.25,3165.61,6837.47
3451.81,719093.23,3547.10,2205.13
9823.33,426269.86,3950.84,7219.33
4616.94,305387.01,1870.58,4793.09
6187.17,853512.13,9050.86,6782.76
8674.84,324826.66,9682.77,2768.26
3072.69,287184.50,6650.87,4759.92
3085.26,91501.83,4671.61,8130.42
370.88,465551.12,1361.39,4782.53
8606.85,636407.80,7281.80,589.32
3485.12,819099.42,3831.98,5481.11
6224.26,862932.10,3492.89,1203.77
1474.40,601520.58,375.35,8736.18
6595.47,187723.46,283.59,4629.69
8205.04,770486.29,8578.42,3120.50
3620.66,627020.87,1008.66,8766.32
9362.30,660799.72,7376.87,2571.39
6234.52,553520.92,415.25,3089.48
673.56,417498.76,2569.73,2832.28
5023.26,33861.70,1524.98,9461.06
5194.71,801490.04,1250.65,702.38
2768.09,661801.16,9108.44,1703.78
11.05,65291.30,1132.31,3633.78
516.61,687168.31,6978.65,2730.25
5204.55,581460.82,3240.57,9714.77
3283.74,205665.12,8830.16,515.41
438.87,911291.43,8955.03,578.67
1983.70,59597.48,4850.04,6701.46
7013.70,206347.81,4872.33,2277.06
694.69,884613.17,8827.76,4124.24
5740.10,920424.84,1468.98,1656.65
857.72,162525.07,2990.08,2050.21
3488.27,954505.03,4040.18,8278.62
6511.20,85297.68,287.90,413.09
3759.38,902293.78,6891.17,4419.76
7162.91,80275.14,6361.30,6839.13
9133.02,368909.65,4257.74,8194.23
7400.84,31728.72,5909.62,2750.19
5941.78,700308.59,3932.41,7335.19
4844.46,298802.18,692.91,7333.67
4024.68,346019.93,2072.86,3675.22
538.01,554932.79,8891.46,668.20
6910.73,682772.12,169.17,864.71
8387.43,698826.49,8049.94,9794.43
284.51,191586.58,7646.48,367.17
2742.35,472064.88,6332.64,4019.75
9085.04,205917.67,6079.52,3270.63
5724.83,543422.72,9316.49,8246.03
6089.77,613416.91,3495.69,7954.14
8406.35,224973.44,2048.31,5609.63
7334.97,398899.66,9743.17,6148.35
2434.64,950061.45,8592.96,3222.48
2224.35,521092.21,6400.71,2429.48
1211.91,388218.64,3798.86,7303.47
8677.32,980737.66,7205.53,4685.42
2226.00,537103.97,4507.45,6489.20
6168.43,842638.40,7476.04,5593.25
4636.08,456543.59,9933.28,4613.01
2009.69,419213.57,3505.84,7647.22
8714.40,414750.14,3441.10,6741.58
8727.19,168149.58,5405.60,6776.11
6245.73,361798.89,446.63,4757.93
2883.67,901721.64,9369.39,2089.19
3485.94,390439.35,9667.59,1280.06
8198.59,350364.81,7841.97,1789.81
781.40,309320.08,7451.48,3204.22
8317.21,968072.06,8563.75,7795.58
5450.69,598704.80,7406.67,8661.82
7080.27,992198.16,5969.69,4104.32
7030.17,403758.43,63.51,3679.17
6645.94,795247.17,919.12,6444.81
6485.06,225480.52,9791.75,7329.00
6315.38,951221.57,7232.61,3251.38
3487.52,554364.71,8701.14,6662.87
7413.67,44111.32,6012.74,501.40
8363.27,676861.96,9751.53,5213.53
2077.61,491101.08,1225.29,5454.76
7808.41,169726.09,3799.17,1356.29
6301.87,518073.38,2517.27,6834.39
5977.87,942319.35,7805.74,5318.45
95.21,649986.15,3748.53,1486.93
5047.24,91956.31,3936.58,6125.89
98.22,403702.66,8213.37,62.42
1849.31,342364.40,1774.89,2275.84
2514.10,315851.98,4028.86,6752.44
9687.05,400338.73,8378.27,2424.89
6704.27,183297.94,5666.24,625.30
6924.60,330669.98,3404.17,4881.34
2300.01,318795.11,102.19,8597.77
6457.64,454422.74,9031.01,7190.97
5182.10,129409.46,8566.27,2582.15
2665.00,940643.12,6901.27,9605.16
179.69,330282.06,7361.43,5847.78
4942.80,686573.18,6813.33,8720.64
840.12,651314.16,3733.73,6136.16
9422.83,206450.86,4388.42,79.70
9121.26,819351.12,5268.27,5568.66
2976.68,753972.89,7439.50,1020.12
357.84,103444.14,3787.53,9885.85
6107.25,968499.49,3268.35,7563.73
1353.48,755767.26,7228.94,2057.58
3829.07,420078.40,1617.65,1632.78
1949.77,345768.00,5478.07,7802.90
6139.18,73366.75,504.46,7383.11
2924.21,370130.06,8634.10,3058.74
2179.89,715528.75,4661.82,7943.18
5568.36,946125.45,8684.10,5936.59
4695.27,638187.23,8814.88,6348.09
797.88,640935.05,8062.70,8206.10
3882.64,968507.43,518.20,6957.62
8146.01,154515.08,1073.67,3844.74
2240.89,829490.82,9780.77,6147.21
7492.00,978587.89,6650.03,4692.60
4516.97,34557.42,5205.35,3561.31
8876.13,199335.19,3429.17,5751.26
9352.25,806494.41,8868.56,7717.66
8252.78,496371.74,619.71,5166.01
1730.29,255849.43,4668.50,2252.06
9533.26,735577.71,636.38,6430.23
7827.51,878846.58,7366.26,1592.29
5769.79,418367.84,1979.83,2851.26
6368.45,919903.17,2047.95,7350.54
4832.30,534975.39,3337.60,6816.56
3087.01,188825.51,6233.92,9223.19
7429.65,274329.21,2383.09,8899.43
7395.45,327761.78,9361.50,6687.13
7826.70,68101.93,5248.88,4343.23
2862.51,327990.00,6868.08,281.73
108.89,131507.37,5151.07,6963.22
5602.30,101619.44,8600.91,3765.28
5345.85,568425.38,1141.25,3005.04
7175.58,658283.49,3780.26,935.31
7505.70,533432.23,462.48,9998.99
1104.84,461902.01,7242.50,3401.49
8471.40,68314.57,486.07,8148.98
4604.93,527591.49,4189.60,8100.53
5010.94,635645.20,8705.54,4295.44
9630.65,683800.90,3171.75,5841.81
3052.74,616998.74,1764.41,991.10
9842.91,49751.76,9529.48,4673.05
7118.02,908385.30,6994.40,5728.76
2595.09,323259.93,4022.00,4354.93
5261.47,710480.24,2440.49,7860.05
7541.02,919017.95,3868.25,733.87
2372.01,116228.39,3849.59,3244.39
5966.31,722415.45,5927.19,1301.81
7185.01,863400.38,9599.19,9167.02
7444.47,888976.17,4244.00,5732.33
857.70,784679.70,7042.63,4565.33
2919.40,424489.54,6688.65,7681.91
7459.19,272858.38,6247.65,3102.42
5815.88,45914.79,7913.41,6645.56
9226.77,123719.29,9604.57,9127.04
5279.53,668136.27,8355.99,1155.89
1939.97,744183.51,8280.89,9058.97
8147.92,746647.23,1514.65,7114.52
8264.02,218300.66,8998.68,3238.83
8754.21,871241.16,4222.06,7545.05
9414.18,728660.28,7111.49,5781.46
8165.11,730788.01,7144.34,2556.62
7992.62,735802.65,4457.19,2471.89
6954.56,274173.81,5231.89,807.09
7349.32,543206.78,2963.41,9243.01
8114.69,477481.90,348.57,6254.89
5318.53,120434.21,7482.08,6273.88
9205.75,352493.48,805.78,6488.68
2682.48,642006.16,3829.73,5247.93
5346.45,796586.13,5028.02,1423.74
9213.82,864592.58,509.93,9809.98
7146.33,649107.97,9076.44,3654.39
2648.27,290091.19,5094.62,1761.13
181.72,944305.80,257.07,4251.20
8439.23,727174.33,8740.83,8030.67
5116.79,275885.51,1540.12,292.32
645.78,68882.09,4819.25,5964.05
71.38,693282.34,4017.06,2917.84
6805.64,768839.66,131.40,6965.91
9337.07,674719.89,7121.93,7196.24
2144.71,863677.21,9691.80,1037.26
5042.99,967135.18,8843.54,7592.14
974.71,314229.91,8551.78,7245.97
873.19,328048.60,655.08,5324.24
5630.46,803097.14,6641.53,7669.47
9436.84,589456.43,4387.62,6402.54
5798.50,891137.94,5106.78,4848.83
7392.95,528824.19,774.28,1634.07
3588.35,440481.73,5116.95,5293.26
4931.25,417258.90,1891.36,2385.92
2198.26,36631.87,2621.02,4074.10
8710.62,159938.59,2223.20,8394.91
8526.83,987240.36,5027.98,8047.28
9856.79,648876.90,5577.25,6412.74
2582.12,940131.87,8288.18,7743.50
1120.76,553100.87,7575.92,975.81
9039.84,988155.21,5352.25,464.99
9799.61,616320.54,5951.74,1088.72
8802.05,193440.08,9484.26,9627.99
5521.12,337167.74,3372.51,9110.59
908.17,748637.80,8405.39,7890.07
4493.89,572082.91,22.82,633.07
7649.65,197723.55,7745.00,4101.29
4324.50,365927.48,5668.67,6639.39
8239.92,303938.58,4775.43,6618.26
6003.21,80400.44,3431.67,1733.26
8891.24,657450.50,5907.23,8020.18
2159.80,595336.80,9999.38,4726.77
9649.97,240309.59,3921.26,8765.90
3191.15,362966.42,9498.39,376.43
841.80,31279.54,3414.39,9831.16
5362.04,180210.97,756.67,3556.29
4478.57,958120.38,5435.14,6864.90
7480.83,309097.61,181.77,9657.27
8478.14,569902.11,4786.07,903.84
5251.47,300366.99,4981.42,7501.76
4048.99,866926.91,5969.25,3184.36
4903.55,360354.09,3953.11,3562.53
9091.01,770838.01,6251.59,4090.73
201.77,406219.87,5569.22,8775.01
2964.15,862493.69,6826.37,8778.73
9436.55,59611.94,5584.18,1732.04
476.35,240184.04,5547.72,4513.77
1497.26,133832.13,8890.35,4550.16
5442.45,875769.03,7214.53,7262.53
2629.69,534589.43,2849.11,196.36
6665.56,791315.78,9880.35,7577.26
7979.22,519416.25,1823.71,2564.60
1692.52,743813.28,8165.82,8311.63
4521.38,645826.05,5140.48,3090.92
6194.87,350542.52,7050.32,9207.44
4481.27,103290.55,3204.94,196.37
9327.14,992680.39,2119.18,5891.06
843.42,29114.77,8999.38,346.76
7913.73,739715.26,4743.27,3318.66
9053.74,133287.79,4688.49,2018.22
4816.19,102252.49,3167.30,6209.49
1514.94,702387.45,5559.57,6357.83
9332.29,425787.93,2983.57,1506.00
3977.22,737617.26,6023.85,828.15
9978.60,503027.59,2967.59,400.12
5425.49,867053.32,4905.68,4624.87
2507.93,167331.57,4752.27,9964.56
5565.07,317179.75,9745.77,7156.58
8513.47,274860.42,7317.13,6928.28
6507.04,993790.55,2345.52,3375.79
2470.89,488001.89,9769.16,8635.26
7755.07,607335.83,278.56,2250.07
7570.20,437656.45,8391.83,8725.47
6095.20,142791.10,1596.40,7162.70
3188.86,286959.58,6438.90,7577.24
4490.07,259127.09,2454.50,9531.53
9357.63,884018.88,7649.50,50.05
6579.36,648458.60,9885.53,9435.43
6070.79,996244.19,6961.14,5566.77
5887.71,949950.56,4446.23,9537.10
7792.35,143848.99,4397.08,8074.45
1342.01,98559.19,9964.50,1091.63
6009.62,115100.81,604.79,5922.74
3199.28,53686.40,113.27,3329.52
5185.98,450899.37,5021.90,4198.94
5987.06,497825.84,4037.77,3.49
9964.13,91259.95,146.31,4558.77
7557.53,740278.42,5762.60,9388.07
3971.58,961280.51,7886.99,91.99
5857.22,806015.50,4605.34,6520.93
3079.87,699170.63,6472.02,5261.79
7513.62,794768.03,6323.21,8975.13
8469.07,193920.26,8890.47,3457.17
4840.47,780419.50,7219.30,9951.39
7349.13,885186.50,6344.60,7197.25
363.11,825781.10,5934.89,4979.21
1689.73,342976.62,2689.05,8526.64
465.59,932827.01,154.62,1016.23
7809.97,769705.18,8333.50,9640.88
2261.00,993468.05,7950.86,9234.61
2179.79,232203.64,4585.44,6281.13
286.70,70941.76,5993.91,5283.65
1284.32,376260.56,1909.50,8936.96
2125.84,466897.05,9354.68,3317.65
5903.04,921270.25,8080.03,9396.58
4556.96,714251.67,126.25,2578.12
2655.13,477568.42,4703.36,2683.26
4332.95,100900.31,4591.06,7819.37
8162.55,934032.51,3086.46,6917.30
191.25,334351.86,1160.09,7366.50
3682.61,168525.13,2928.42,6142.41
5196.58,982373.53,3810.81,5094.95
561.36,218758.69,9811.35,3655.64
1017.93,269720.51,8250.24,5120.60
9359.51,476159.25,9967.37,5879.95
8241.29,316028.50,529.86,489.51
8002.37,590307.71,3298.05,9318.34
9319.71,464948.11,338.86,9656.35
6805.46,776536.63,8123.06,5628.87
3262.27,819598.66,3702.28,7040.62
727.20,204260.59,3634.46,2359.31
3663.49,124419.63,2310.59,6449.60
1700.41,268618.35,8533.30,9380.76
4174.77,798498.08,9207.41,8657.30
6394.09,193005.00,6824.94,3559.09
8019.37,850449.91,3061.68,6928.31
7257.04,95071.92,4249.85,6703.45
652.60,669933.32,5751.09,6775.61
7194.95,433773.06,1326.24,4330.76
7168.64,995872.23,483.19,8741.52
732.38,720035.46,1481.32,5285.31
8555.68,946468.44,180.83,5490.77
7011.42,618632.10,5247.51,4752.54
3400.87,341079.81,8358.33,7004.71
2478.34,933835.25,4000.31,5706.04
4146.64,989043.34,7215.19,165.86
3609.99,256428.65,9214.39,6326.84
9500.04,885520.69,173.70,1521.76
2531.40,934656.16,5714.41,3434.05
7096.52,979444.86,8587.11,4517.14
876.18,56685.61,9897.13,4465.92
3019.80,323645.50,4844.81,4983.59
9741.31,177165.40,6401.45,3050.38
7279.47,742231.45,6601.35,1175.79
6087.82,285452.39,9202.81,5704.12
6847.67,255308.52,9355.45,7143.19
8438.94,278089.12,5608.70,9699.25
356.62,806110.54,7106.00,726.40
7227.35,503108.24,4131.59,4636.65
1058.42,220621.82,3311.26,9967.29
7643.03,728742.57,9716.15,2765.05
7148.85,314769.34,6878.04,4221.82
5333.21,194118.81,2297.03,5584.90
1056.45,589262.47,407.32,8764.67
7806.18,644512.96,7163.91,6776.04
1798.80,117158.63,422.93,4174.78
6890.28,778745.66,8110.47,3988.38
7007.24,94232.91,1809.79,4290.87
99.81,181295.63,6843.58,4534.48
3721.81,747229.68,1188.33,9025.90
1259.36,676709.03,4629.53,2523.19
9557.87,260074.49,6451.63,829.62
3238.14,148883.37,4653.75,7473.42
8345.99,683124.32,2191.84,6088.32
8145.79,572803.64,6070.55,6947.03
6846.65,555534.12,3242.40,5250.70
2841.37,311308.88,3219.54,8239.99
1641.35,275818.14,1062.78,7968.99
107.01,754467.69,5985.21,6670.80
7801.68,440683.87,192.06,2044.47
8337.77,784140.18,9776.23,505.28
3437.91,77216.79,4498.12,7466.33
5099.32,811304.99,6101.16,5056.77
6728.62,958494.06,5448.90,9332.92
2404.96,158729.33,7216.90,1000.79
4533.03,917705.43,7132.34,5944.62
4063.59,226560.10,826.71,4443.28
4187.46,480859.13,5251.50,857.23
7950.14,643414.26,3304.16,8781.41
2587.64,343151.28,9821.49,184.91
8550.09,350546.71,2419.62,896.05
9158.30,779076.74,3794.74,8942.00
7629.50,131673.56,3045.96,6714.99
1811.65,601359.35,2341.21,2712.40
3382.37,406029.13,1819.86,3685.98
7496.32,388780.14,9.95,3435.95
906.57,107234.67,9235.44,198.49
1438.34,247981.14,5498.87,600.52
9360.20,755556.91,146.60,4493.60
1675.67,259323.42,6258.97,1629.23
3649.73,476134.85,6154.85,8100.64
7987.87,241876.78,7659.76,7751.49
1001.58,200752.44,5859.04,1340.03
6822.52,617620.11,3942.44,4147.28
5268.74,435735.63,1443.53,931.17
6319.83,519929.83,687.31,5653.45
4323.82,543551.90,2581.52,2244.49
8037.16,316434.79,1022.05,1821.26
8390.33,970690.14,1129.94,1236.70
4474.85,281315.74,297.42,7614.17
9663.61,279399.25,2592.55,3608.41
4005.10,137127.73,6456.89,8534.99
6072.88,645863.60,2827.79,1223.03
7305.27,511222.96,5826.83,1471.33
4536.28,452393.23,977.95,8326.09
1897.32,736852.94,6553.83,5048.57
1560.11,866207.10,2096.20,2604.11
3894.89,414027.47,4415.56,5779.32
1534.04,622387.63,5448.06,8621.92
8559.53,630209.02,8232.01,8798.43
5573.88,513584.27,6963.90,3677.59
3767.77,985920.31,4603.37,4472.67
6263.27,134044.64,6818.98,8614.13
2990.47,575343.40,4201.36,4674.04
6146.07,50551.18,5617.58,8626.78
6886.08,536988.31,4340.37,5005.95
320.91,277841.33,5157.93,1605.19
5109.35,154509.50,5055.18,1771.11
5989.43,881089.55,2254.22,4049.38
2437.06,292747.88,8411.61,4970.36
4309.91,973029.23,6592.61,7098.68
5812.29,759077.15,3276.83,1121.43
2407.62,458292.63,6097.48,7712.60
1408.95,965131.93,275.78,2186.73
5893.74,302546.99,5784.66,2542.75
3317.83,768996.15,4160.38,9399.18
4744.18,289004.74,8578.21,4534.92
7956.10,582929.95,3317.94,3275.21
7889.95,329886.34,9067.17,4800.19
801.51,76712.75,8645.45,3603.90
4370.68,865413.48,3679.02,4794.44
4553.06,931681.20,6516.33,5701.46
1402.78,87910.97,3246.26,6344.99
319.56,725539.52,3066.02,1719.95
2213.86,673595.40,6442.82,9563.72
5937.75,553021.01,9523.26,8299.43
8994.89,729628.67,5066.70,1185.51
8021.53,232478.21,813.34,4352.55
8821.83,749014.60,4645.54,8371.23
6843.72,273480.27,2160.05,5270.65
2898.07,790916.56,6341.62,5514.20
5652.14,625495.67,912.88,2340.41
1969.41,568974.52,8632.84,4089.33
8521.41,192737.93,3325.98,8660.17
3263.10,675199.35,9746.29,8083.88
3342.05,365253.10,8515.40,5344.89
6802.44,472022.81,4320.93,48.89
9048.56,381326.68,4321.39,4308.97
1448.60,190080.94,275.93,5310.57
8687.81,21288.23,2301.99,6415.75
3521.18,314309.43,4361.36,4380.35
2429.61,877791.87,1584.80,6283.02
3349.00,405928.86,7367.57,6102.95
7120.75,632650.66,3803.24,7533.41
7602.82,732897.78,2470.03,6581.43
1484.20,495303.28,3844.07,4778.82
7761.49,526412.15,2686.05,1418.24
8565.06,142990.48,3632.49,1127.87
7563.00,646028.93,5920.09,1311.40
9524.72,807720.36,8681.67,2505.55
4792.16,60992.10,8574.01,3544.82
5384.86,160099.74,9633.04,2574.05
5256.38,300339.14,1199.04,4411.88
5822.90,125110.29,3513.99,4543.80
9301.07,909366.26,2165.93,111.28
6620.32,989907.31,1939.56,8663.88
3716.35,555030.27,7829.79,6154.21
9865.54,488719.37,5984.68,6680.80
4386.48,47865.49,166.33,7822.05
3512.89,134926.77,9953.44,7054.74
7533.72,852993.53,5355.89,6713.39
9399.19,735397.38,8772.12,7222.27
9908.07,747804.27,9291.95,919.71
1319.57,627157.32,6232.30,1694.66
774.52,288886.19,8490.67,8868.59
7263.99,621475.25,3810.90,7280.81
1049.30,675783.94,7377.96,9373.65
2416.21,285437.98,2293.46,9223.91
7436.83,304161.55,5430.63,2930.18
2016.50,816095.67,927.38,4540.84
1918.74,485949.23,148.35,1795.53
5689.96,607254.78,1331.60,1353.32
9446.71,679051.93,4332.74,8893.42
7341.68,233996.87,5889.32,5500.12
9190.56,74197.84,8650.31,8081.12
7220.68,505001.24,2850.35,8219.01
7193.18,91504.86,2955.85,818.59
5253.82,997749.72,2869.56,1187.86
783.98,624343.19,2352.64,6778.76
7251.50,856691.74,4208.06,7713.77
7602.22,753072.32,6466.23,8437.75
8086.62,939447.57,6323.74,1359.32
4581.91,196230.22,2908.28,2184.44
8448.36,761128.21,4077.53,5795.01
4749.90,951753.19,8407.04,988.08
4272.32,591849.65,7282.16,2167.01
2188.51,985804.33,3580.92,6163.37
448.68,687519.95,2819.87,2769.19
8014.53,491788.74,9831.98,8271.73
2909.83,658977.20,9055.61,2308.51
2725.91,327133.61,9335.58,9698.13
5699.07,269556.35,4772.41,552.92
2767.89,900411.35,1602.97,3942.27
2122.01,256163.08,7355.33,2650.74
1669.98,226383.91,2593.34,9163.39
1582.09,53933.03,7450.67,5910.56
8605.50,891546.22,4851.83,6017.67
6201.96,329554.19,9826.98,4330.88
9725.11,637747.25,9650.11,2327.22
3832.09,833330.89,2664.37,4668.35
115.98,316466.32,4606.12,9619.90
6548.38,985067.23,9998.74,333.82
6738.12,491323.33,2759.45,9078.89
6240.10,73848.39,4547.51,1905.20
5189.46,351400.44,1578.99,6941.04
1389.98,76797.54,643.37,5546.17
5651.20,102954.01,2879.42,1883.30
1647.77,626886.93,9502.57,3119.94
5865.06,412094.25,7123.06,9435.94
9299.01,404880.93,1554.45,286.86
1493.91,556011.15,8083.61,961.95
9230.45,855489.33,3058.66,1375.24
6717.41,125324.70,6348.46,7241.50
1493.78,532808.88,6736.62,2314.24
414.21,545137.40,2636.05,9200.50
3069.18,965131.47,8643.88,5417.96
5782.24,967367.40,4404.81,822.49
7930.26,94196.64,6009.86,2309.81
3748.66,971940.17,1730.37,1782.78
7011.93,548967.02,3271.57,3776.18
3021.08,219417.09,927.40,9843.90
2182.82,479004.53,6027.87,7838.51
2131.56,142638.72,6892.90,5551.54
823.75,577525.37,5140.78,9832.76
1324.95,269961.33,7647.27,4269.89
113.88,409212.43,5710.53,785.49
4643.22,637664.39,7049.87,3095.61
2626.03,522862.57,8150.71,2875.39
5057.16,434107.37,4165.53,2689.31
7332.78,613947.39,1090.36,3269.55
7997.27,903213.95,258.68,6563.73
2624.90,907165.50,8329.23,123.34
1135.14,199861.87,6891.58,2867.70
443.63,454064.18,4573.11,7033.09
767.06,474756.09,1103.22,6204.82
3128.54,985809.04,7175.49,4730.61
7651.37,671364.12,6145.52,9526.01
7082.21,706179.20,3612.36,1308.58
7651.07,702490.93,8753.27,8634.98
9853.70,874866.60,6916.55,4765.82
5033.35,779072.08,6424.53,4345.71
9741.99,256157.42,3798.23,4161.69
8777.45,488762.84,687.91,9830.88
9521.20,773073.48,2678.13,8168.48
4742.63,506901.71,4833.37,3200.55
8389.14,912052.36,1360.08,2310.93
9047.55,267426.24,7083.09,7849.84
8740.51,708243.54,6569.34,8681.99
512.91,846319.38,2678.94,5614.94
6866.70,246499.43,83.38,4423.81
2518.59,995164.54,863.16,276.40
9183.39,318138.96,8681.58,7763.06
7127.20,967387.36,5228.83,1448.73
8087.73,398562.08,7640.52,2889.64
6825.31,604762.31,8416.54,1395.48
4046.60,135793.10,1.36,7467.81
1734.06,936762.52,4634.06,9808.71
3017.52,985031.32,6335.81,9068.85
2640.74,170330.45,5975.37,4092.11
803.70,949286.58,2237.37,9314.33
2702.83,672648.11,1015.75,5186.61
8444.93,131178.35,3264.40,7018.90
3176.05,674484.50,6659.34,1477.72
5245.81,745976.23,9561.42,4121.91
1018.07,526698.64,6715.95,5823.61
8542.76,190960.05,4885.41,696.69
8719.38,667476.19,3183.46,3242.94
1811.60,511177.54,7263.56,7826.72
9212.88,62877.94,8712.49,9301.55
5217.12,26678.03,1009.01,9637.62
1213.80,208278.01,1229.96,1737.07
5206.17,751299.91,2321.24,8274.15
2841.43,423270.31,4197.89,360.53
2245.98,798090.38,3197.61,8111.15
3874.33,797620.87,8484.27,2773.98
8309.11,991435.18,882.55,7987.62
9490.47,970844.75,4322.33,5943.22
8206.70,270976.84,2581.12,2752.92
843.97,812985.02,4334.98,6164.71
1371.56,777399.27,7663.41,7914.08
329.93,499172.50,1100.74,2465.66
3192.63,635156.96,2086.26,3673.51
1888.89,655543.99,5237.97,976.51
7502.39,712226.92,2259.04,7145.91
9202.61,559097.40,2483.83,314.62
4318.81,921961.40,8079.91,4043.64
7132.56,459061.68,744.51,518.53
9443.36,97119.59,7369.22,3619.51
4252.85,612359.71,593.35,571.55
5016.68,971156.38,6426.54,3156.06
6829.03,650742.55,5193.45,2054.02
2633.42,486846.41,3937.89,790.43
7094.37,202172.75,8121.23,8963.07
3117.90,777321.27,7959.77,7963.88
1175.24,954035.09,67.54,6239.12
9562.05,949598.36,8206.57,5284.98
4517.07,790752.90,7892.96,2038.06
2727.24,605679.18,8367.83,8095.58
5162.44,283388.08,2013.70,1288.22
411.62,221295.47,5682.01,528.55
7732.99,893802.65,594.85,571.25
4884.43,407380.96,7493.27,9346.49
3466.56,960960.40,1527.40,6865.83
4988.89,364347.26,7017.85,1350.31
4161.23,681946.61,5665.56,5193.43
2015.24,984241.87,3046.60,646.88
377.76,105283.64,7301.17,2705.07
945.50,660866.18,810.28,4564.66
6752.03,859121.00,351.47,9248.20
1171.46,532931.95,3734.04,9506.60
9769.01,41877.89,1237.05,6952.73
3287.55,850334.27,8307.87,529.09
5849.85,227915.92,1926.31,3875.28
1060.05,778618.97,6799.33,936.29
103.67,985820.86,9123.22,9240.79
174.28,481722.89,5035.38,678.70
8595.53,271870.87,8074.73,320.37
7861.30,648064.83,4979.62,4845.14
9482.23,986269.83,1974.58,3484.66
5.73,750065.61,4331.69,6037.21
867.50,584723.51,439.94,4471.62
4836.11,512175.03,7875.36,6915.21
5728.05,682937.00,3037.48,5407.85
4799.56,487484.22,7801.75,1704.63
6762.11,336611.35,6335.50,8622.59
722.20,828001.18,2734.37,7952.34
6512.13,624517.68,5458.51,9793.26
4856.84,518667.85,7682.58,2321.37
612.92,387226.71,3621.07,5461.85
1919.59,570196.70,9649.82,6713.58
4517.09,459071.94,5617.25,2461.02
9716.96,210805.16,6123.42,3509.02
6549.16,655924.72,3742.30,9289.10
3464.93,841925.67,6172.39,1211.25
2640.01,486359.05,7123.23,1972.93
401.60,427969.86,6379.84,4287.60
593.16,98784.50,7934.70,9457.82
3795.03,435224.71,6336.48,3493.45
4234.49,182125.27,476.86,6063.38
7947.73,639959.04,921.96,5469.49
296.93,762623.44,1591.68,1044.58
8299.43,490818.12,9100.38,2901.27
3391.71,64344.70,3394.40,7796.91
3229.70,475584.93,1456.73,9029.78
6917.72,725964.58,1796.53,7744.80
6661.97,127385.96,1200.67,2802.44
260.54,531413.24,6797.10,6452.31
3070.41,330419.60,5864.30,3453.30
5132.71,916957.16,3018.59,1995.17
8991.49,190285.47,9420.52,5801.65
6406.77,122295.64,1464.28,8133.25
7641.46,538992.77,7048.38,58.14
5292.71,818250.32,5973.37,7322.53
5741.58,909725.47,7272.17,2427.31
5211.30,548625.82,350.59,1105.53
4152.48,581442.96,8700.71,5295.78
3214.95,208819.79,4646.81,7919.44
6419.35,818393.88,1093.40,8295.01
2307.54,368760.12,1567.20,860.84
1829.43,774621.48,2979.62,4027.78
2514.95,572747.90,6483.55,446.20
2083.34,358538.49,558.09,4747.43
1057.72,333783.82,7027.19,9907.12
3181.99,77649.76,5102.60,8778.94
4477.41,784956.50,739.30,3059.48
6630.37,868500.69,8600.87,7970.86
8068.36,315470.68,1754.89,7285.44
6560.04,301929.69,9852.94,9967.20
466.18,303893.25,9997.26,6667.50
1871.63,418702.50,5755.76,1588.31
3744.78,66195.74,8859.36,2813.51
4999.18,555607.09,5000.47,2109.90
1873.30,561170.79,9848.61,3411.83
1397.64,707086.51,3908.96,7729.11
2884.65,380801.13,5171.88,1055.67
6355.28,52488.46,6636.31,1006.80
2607.12,138159.17,1737.02,7375.63
8232.43,24009.20,4465.62,1575.14
310.65,250415.02,2547.56,19.52
9728.17,955410.55,1421.77,6899.47
9119.41,879531.45,3967.28,2518.58
1276.65,216587.21,5930.75,4383.58
6542.11,298223.72,9830.93,9579.05
3174.31,964063.44,751.15,8607.41
2971.65,933762.25,5877.98,2838.28
5539.88,702496.69,5904.13,9986.26
8505.81,247196.86,485.68,4624.36
7708.56,637266.34,1828.81,3640.62
940.27,690579.69,178.22,9758.31
1161.90,603225.98,2489.30,9765.54
285.79,709765.93,888.38,7937.98
2595.07,459696.86,660.13,9288.79
7660.99,545370.04,8448.39,1742.70
6223.02,666781.24,116.63,1106.73
8912.21,969455.44,4286.36,7797.66
6927.08,883073.18,1956.65,9687.02
5812.26,780536.05,4805.08,1137.16
8343.57,569845.30,4780.46,4327.18
189.31,104467.78,5419.55,5305.81
2495.98,931789.49,955.16,3858.15
8837.74,133807.92,2729.94,3236.68
72.34,909389.58,3690.25,3081.80
9562.39,963220.78,806.45,6445.46
2949.24,763004.43,2150.97,9731.57
1207.79,403507.57,62.69,2579.82
3064.15,573739.13,4335.85,3245.20
3023.92,821838.64,9694.13,3862.81
4237.55,831182.77,9945.18,9138.68
1220.12,920766.23,7158.16,1469.55
6046.47,763090.82,7966.80,5270.43
3058.63,573595.88,672.34,3376.27
1350.96,107090.10,6205.99,8784.86
1339.42,38694.72,3207.41,5720.57
1575.08,469484.71,2485.71,5024.23
4627.72,600314.42,8951.60,212.20
6344.03,701240.78,9744.13,2198.03
1076.07,208507.33,5722.84,2633.27
6578.82,566228.43,9755.67,8098.85
6192.10,475713.76,9305.41,9967.04
2650.20,761798.86,2702.32,7653.75
7403.97,472598.46,8187.52,6194.24
1693.39,336774.78,2321.77,2600.43
774.73,50714.45,9676.55,9296.16
685.04,636932.29,8858.81,7076.89
7717.37,384572.56,868.38,4503.34
4384.20,653052.39,4546.68,5414.00
2061.98,450694.42,447.37,1329.18
9738.66,251620.12,8844.92,919.86
326.74,166227.23,9793.64,4427.30
858.32,573249.56,3160.19,6944.96
544.08,574698.64,4374.17,811.88
1157.19,928912.83,7276.75,4017.42
7493.81,531489.30,8894.20,8479.92
1765.46,589051.13,2223.01,9337.14
4694.62,366601.88,2185.68,3974.63
7813.32,385645.96,6800.89,7418.05
6005.57,707304.12,309.11,8928.82
6688.02,272328.69,7504.41,3167.50
2189.12,568224.46,8845.54,8127.51
4865.80,992606.62,4054.15,1191.85
287.34,41477.99,7855.14,4128.76
2420.17,611283.60,5274.10,7617.28
6162.67,424401.29,5478.92,5981.80
6808.17,429153.30,2537.46,3215.01
3055.01,747473.73,8660.35,2081.50
36.11,746043.41,508.05,9119.79
1506.59,690003.95,1963.10,9698.23
5806.43,502288.72,7403.72,8930.92
8506.18,516159.22,7961.82,6222.26
5747.21,373711.27,9508.48,3484.73
6204.22,668915.90,5182.22,9661.64
6325.82,320185.82,7159.82,7087.70
3050.49,964509.29,2067.30,8432.71
548.39,472868.49,1937.82,6499.11
2705.72,554960.80,7945.99,2982.27
1046.63,770166.94,7282.61,6452.46
8578.96,71260.62,4481.06,4280.50
3653.44,877530.21,7266.75,8004.64
4341.95,744784.06,3572.59,6723.63
3069.12,211136.04,749.03,8501.93
3272.40,449519.69,193.76,5485.46
4719.46,90554.28,636.37,4451.82
1777.42,572687.34,1135.47,856.87
9407.48,490464.03,480.26,1089.86
4948.89,626324.05,3136.29,4612.21
9860.33,766503.08,3134.37,4930.47
4502.27,877416.33,6374.36,5941.79
772.83,255327.35,8699.91,8090.82
1950.30,199156.51,1797.83,6989.46
6449.31,773958.75,1485.25,5676.88
2363.37,110901.58,3270.28,534.35
2645.31,548499.55,8206.34,20.62
6567.90,739412.58,8007.86,4855.81
1710.61,707291.21,2154.64,8057.53
2134.44,158952.47,1284.56,3320.74
2635.24,638596.03,558.94,633.35
6007.01,972820.99,3882.26,8732.12
100.06,897879.55,4867.71,5029.33
4125.21,803904.28,3262.06,4978.09
9133.31,254771.97,6178.59,4494.84
5890.73,446817.42,1933.51,1020.44
4474.89,174786.52,541.54,1076.49
3829.73,959218.43,8998.30,4761.65
6249.84,875873.26,1362.11,532.87
1302.75,414871.18,3344.88,6829.54
6052.50,784885.99,8631.66,623.87
3613.64,306035.89,9470.75,6818.59
43.14,684040.72,7210.77,6563.75
369.14,467765.16,9408.75,7026.95
8158.34,362443.71,8892.62,9926.93
9440.57,841683.52,6734.15,1228.31
1036.91,332767.23,5472.88,9795.61
5379.31,221828.86,1128.95,8517.57
8762.81,838151.10,2552.55,7438.29
7637.58,990133.72,4479.92,4769.42
8026.64,419408.21,6300.47,8308.20
6445.99,674124.56,1987.19,6748.92
6807.28,477612.15,7901.92,7650.78
6699.66,404417.21,4259.58,6413.12
8175.21,952145.05,2920.00,8509.21
2704.20,814586.61,8873.56,5442.80
7319.14,899283.63,5296.23,3417.07
9133.30,270988.82,2372.25,2543.30
8397.41,361401.84,8217.09,3567.22
6049.42,765113.77,6181.02,8553.69
315.87,161868.05,6572.85,1745.90
8339.14,586046.44,2416.28,6903.10
3033.61,425714.93,8235.44,7821.19
2414.73,175614.86,8064.05,9453.56
8498.28,831160.14,3881.87,8074.84
5533.60,773803.13,8504.83,268.09
2812.47,942056.03,7589.67,2166.50
5586.99,207007.27,3861.32,2343.36
8732.71,196346.31,2931.05,4019.58
1709.70,216712.38,4145.61,4845.94
102.70,310608.04,1792.29,5417.54
8562.21,771168.90,1682.38,890.98
2322.32,365757.02,5644.83,3599.90
9636.87,167646.43,1784.62,8402.77
5453.91,563994.29,1494.78,6646.92
7439.80,377842.92,5158.50,9095.84
9067.50,512072.68,7237.34,2942.05
899.78,674027.67,8013.97,3115.96
426.47,670960.71,3642.61,3501.17
2856.06,58495.92,8357.50,9379.98
115.24,176982.42,2699.57,8457.79
2976.32,843913.40,9443.79,4153.53
1710.52,164511.23,4544.46,1493.07
3956.61,97129.01,3862.68,2905.79
4597.68,405295.85,7700.53,8499.98
1354.62,984033.38,4238.17,2980.18
1533.92,844496.33,9855.36,9270.46
9907.96,838042.07,9015.79,7120.25
5059.60,258508.42,8902.52,3494.72
1689.06,239780.75,4315.16,389.73
9359.43,184654.57,6474.05,4861.73
3948.07,220551.22,5324.08,5525.73
6675.08,957819.31,8690.40,9550.03
6995.48,27155.96,3210.86,4264.30
9870.73,454107.45,1354.26,7897.76
4976.01,290659.38,6031.40,4677.36
5253.14,506603.00,9315.00,541.15
4885.27,26664.01,4607.55,7059.92
2247.76,723307.19,2230.14,2810.46
1680.74,639679.80,6853.38,3406.98
9032.53,842333.48,1450.53,3672.35
9838.74,949164.42,6525.89,8018.75
5730.88,664437.80,5255.71,8007.91
4208.83,819812.96,4876.66,9273.66
9265.46,567962.04,2166.09,3515.30
5517.33,843674.84,6181.18,5107.88
6474.26,956269.16,4558.41,6026.03
8371.34,466676.42,622.17,7240.72
4590.53,212747.75,7311.21,9524.07
2115.06,137127.25,503.70,1684.66
688.27,783464.32,8706.66,9656.77
7389.73,558787.87,8272.50,5579.39
4194.62,912541.42,3315.50,2026.62
3748.94,216077.82,7323.08,2888.62
9070.93,760339.79,9091.54,9052.98
6180.81,424001.33,9063.29,3998.98
4763.89,919522.47,3402.32,1692.87
888.50,940369.47,2216.75,6759.92
7528.43,989079.16,5222.49,4809.71
3180.82,782896.31,2838.78,9003.65
6223.83,231388.99,3216.51,7479.35
2824.32,518747.69,6022.46,5084.39
9184.70,622399.61,1937.11,2022.16
4708.50,579120.34,2771.26,1475.69
1268.35,110000.99,866.24,8050.43
5175.69,196429.68,8014.85,8965.14
2680.08,400671.77,3524.95,320.15
6867.22,826684.46,8244.74,1485.42
3678.02,919476.64,6378.83,1676.04
7437.29,524626.24,9746.11,4120.71
1759.02,813492.50,9765.48,4879.18
9986.27,284211.87,902.61,5327.63
427.23,733741.75,5570.73,9606.02
5564.94,482017.14,4550.61,909.75
1146.83,295710.92,8879.99,3408.05
601.11,106139.70,8859.36,9784.58
2580.56,103532.33,3331.48,7921.03
4600.43,918179.37,7713.77,4082.37
3715.55,807907.55,2397.68,4112.99
5972.70,320873.96,4076.36,8615.54
9978.08,732850.24,1321.81,2859.95
6335.39,68968.67,2304.79,7257.93
3938.79,711326.62,6935.69,9638.45
6145.94,385897.50,7901.75,6272.93
4709.84,514872.07,5085.71,4623.97
7014.24,253854.15,5673.57,7129.47
2635.75,907261.31,7893.31,1984.35
8547.13,389831.29,9774.32,3845.03
8379.31,117311.03,5576.67,4657.12
76.18,765205.86,1611.69,2394.68
8004.21,230892.37,60.14,3399.97
120.52,451448.56,4091.54,2225.20
8155.96,47232.01,97.88,1403.39
8936.26,959535.84,3177.37,2413.41
7942.59,189579.64,138.42,8254.37
2003.89,765642.30,241.55,7507.70
6616.84,445319.83,7656.56,9540.51
4805.52,320691.91,1184.58,591.81
8661.14,915606.93,6179.32,883.35
1743.22,826345.75,799.29,3610.06
377.30,179600.47,3732.34,7690.14
4550.20,885004.89,3356.17,7492.92
4582.12,583379.80,8933.40,4413.02
8046.40,276406.11,2886.70,7122.06
2510.72,628615.58,9459.66,9604.74
3589.93,758388.80,9141.06,8673.96
4529.06,741076.59,115.02,5559.92
3076.04,894411.21,7696.88,9381.16
3757.26,924049.93,224.31,3830.95
8835.12,775394.08,5195.50,2250.07
9205.14,406752.54,2580.89,407.65
7281.31,408469.59,3182.44,774.62
7521.79,822812.30,8673.98,6849.55
6663.29,290214.24,6528.43,1184.64
4960.52,978897.06,7422.67,6160.15
1768.82,186943.34,4907.84,2268.10
3660.80,918569.11,7142.83,4691.95
934.53,229645.36,8310.82,5306.27
8848.85,891444.04,2973.63,3871.47
3212.64,836134.42,65.82,9160.86
6058.34,682731.38,4490.26,8033.30
6046.02,177998.79,3349.14,8052.20
9972.77,103235.50,729.33,7152.16
6303.31,894923.82,9657.85,2067.50
8991.15,704894.91,2353.57,5762.14
25.56,763967.07,222.89,2938.34
2118.48,211938.03,3182.41,1852.15
8735.95,96364.07,3838.70,126.28
7282.69,802733.37,5814.85,2026.56
2664.23,79442.81,7086.13,4755.88
2679.42,682412.67,8571.46,1720.25
3737.39,826224.72,5425.03,1433.99
5246.41,371344.62,3481.79,1756.98
3688.08,300290.85,6133.17,494.45
2868.94,499537.73,7543.90,5040.23
5132.44,428490.93,6568.08,5707.38
9417.90,482050.16,1982.62,9665.52
5968.85,499073.49,3728.24,4991.82
4222.08,835484.80,6732.93,7243.37
9949.14,327815.40,3590.38,4171.19
76.23,380647.71,9875.16,7721.83
8773.85,639728.75,1199.24,6310.20
6386.42,401447.92,4248.58,4497.71
3563.12,118923.19,4986.54,1672.69
6554.34,635116.91,5969.82,6105.59
6054.76,584201.95,1295.59,5839.07
1201.98,633825.74,2082.81,3273.69
2381.01,632969.71,7588.15,6022.80
1338.41,682778.07,7066.74,2635.51
4775.65,481030.21,5310.13,8124.60
8070.11,624857.00,428.63,886.54
9062.92,790851.98,5892.63,9563.80
7956.40,86904.18,106.99,5674.90
8279.93,85880.22,5865.00,5425.61
5611.62,907708.97,8913.33,2015.07
5283.97,493472.87,9556.27,7963.56
7655.57,72785.93,3737.79,5513.81
9696.45,444039.10,361.75,1996.09
4613.76,906019.03,9745.77,6197.15
7034.89,238958.42,4051.23,1236.36
9869.09,933249.94,4291.85,9227.76
384.60,584858.27,95.34,3094.34
7266.44,337889.55,7777.72,1301.62
7461.65,896828.52,9486.69,1990.28
1471.76,693629.99,1180.70,4012.99
8418.52,498150.74,32.30,3718.57
7687.37,164335.66,2479.24,7976.93
2244.24,209120.53,2593.97,5901.11
9824.70,426191.52,6702.17,3998.26
2110.36,102541.09,4252.95,2069.15
8736.40,632186.29,6828.16,76.16
2514.44,228465.93,6875.79,9412.86
4609.15,44009.23,5261.87,5533.31
3572.58,575769.01,2057.62,2737.40
118.80,821438.28,8113.60,6058.78
312.61,703120.40,5919.58,9664.85
3449.39,744297.72,7008.72,5953.73
7319.34,696945.62,9737.01,4620.90
2777.68,187063.66,5653.59,6368.80
1583.68,458946.74,4874.79,1645.31
6324.62,871195.27,884.60,822.54
8906.94,450763.24,3006.57,8565.42
4575.44,625269.99,426.69,1789.63
1712.08,408351.12,5094.34,7571.55
3769.93,388000.81,2088.06,4648.25
8613.33,623657.92,5104.95,9733.41
2264.29,734213.87,1617.70,7775.40
8595.79,836172.24,6940.11,3496.74
3866.41,728864.09,8952.01,79.48
5156.65,841925.39,5556.49,9698.98
4745.84,399167.61,5077.46,9758.92
8259.43,312523.84,5752.44,8143.24
3020.23,519928.63,4235.55,576.20
4452.91,461790.06,4597.83,3269.54
2619.72,512138.92,8696.71,4436.13
8006.40,642590.24,5983.78,8962.42
5530.81,399928.27,5829.86,1557.48
8412.63,841426.99,8268.53,5033.94
9021.33,275943.81,9693.94,2027.15
2110.16,703374.88,8496.34,421.15
6948.06,770236.47,1878.13,5025.78
8776.63,664937.26,9165.74,637.16
6748.56,422732.58,8817.37,4513.93
5044.48,237402.24,6023.82,9514.75
6218.72,804368.92,5309.53,2667.92
990.81,488276.18,7863.04,7781.66
6677.68,96969.01,6461.02,4854.37
7252.76,373372.63,1797.21,3506.62
1621.66,186939.26,2787.29,2432.47
3120.09,337134.87,9993.17,1955.17
2468.18,632862.51,5694.76,2173.09
8456.50,383770.31,6334.65,4894.31
5492.36,152067.77,3070.83,3583.79
4801.28,646774.76,3995.00,1885.09
6556.76,56253.55,7208.47,7928.72
3502.73,969424.63,7395.31,8602.21
2736.37,391243.48,9791.93,5232.60
1235.13,173815.39,4524.42,9719.52
2440.34,360952.15,1170.24,8057.73
5750.57,841024.27,8097.45,6400.83
8131.88,160639.12,3644.96,3343.14
7217.41,189975.23,6529.39,934.72
8248.13,609529.54,998.71,6094.92
2996.81,807584.68,8200.36,3552.62
7421.30,157879.32,8991.23,1216.85
6208.98,747765.60,4988.99,8969.25
6602.82,848562.89,4049.32,2270.32
940.58,181868.61,3550.57,2684.29
7191.99,758261.96,9877.33,8452.65
9445.03,288137.81,5316.56,9584.60
5770.73,668333.13,4214.78,3582.81
9187.07,692759.74,8691.94,9885.80
8545.95,40432.57,467.58,3383.76
83.33,60083.40,9426.94,9952.45
7101.12,736976.02,1439.52,9850.19
4790.33,754589.55,7639.93,8035.83
9558.64,911511.95,4890.52,3991.09
7391.54,122187.44,2467.67,7468.40
3754.50,939086.29,3148.21,735.86
8335.08,183417.09,7819.88,2353.89
1526.85,381676.77,1499.46,2293.23
5973.56,156135.03,5214.35,3292.34
5720.03,508774.82,2588.34,8752.06
7557.66,170262.11,2169.38,3178.86
4005.61,678193.46,6547.12,7212.91
5035.03,682170.87,7130.02,5615.36
6122.00,647179.05,9086.89,3239.66
3506.00,961291.22,4404.67,974.27
3634.20,548905.13,2274.30,920.09
2687.80,266512.01,5088.62,7653.23
3815.31,314426.51,5221.05,324.54
4238.64,674957.11,2451.13,8560.00
1751.19,565171.62,4412.64,3651.66
293.48,970713.67,2762.49,5366.40
7270.09,386051.41,5902.99,3850.47
1062.81,646091.00,5037.82,5570.59
5798.54,374262.69,4101.42,2007.56
1846.12,972988.18,5673.94,9906.59
4745.31,983864.36,4378.68,2288.65
2311.65,146948.20,6456.10,140.14
9514.80,151204.32,9218.42,5723.60
3393.86,331477.18,6910.91,9790.01
5751.54,311275.37,140.83,6623.72
9660.36,575206.66,4482.27,2813.75
6917.34,860078.21,124.88,7920.77
7499.69,779476.76,8506.64,7797.01
8802.65,383069.68,3755.82,4216.37
1981.56,978918.88,6464.34,7685.47
5073.65,874774.26,4824.47,3831.15
7741.27,42615.73,3483.45,7598.39
456.70,539637.05,3604.77,3642.53
1739.57,108416.75,8572.78,5762.93
661.69,229196.33,8536.38,3000.32
8249.83,767987.30,3560.56,5108.24
645.81,795653.87,9538.59,5509.09
8923.87,585169.57,3215.41,5558.43
5319.35,246921.00,2682.41,9966.43
3288.10,255233.46,7526.00,9563.37
9295.11,813218.64,8447.14,4246.21
7521.54,977595.27,9616.30,5906.62
4782.90,20309.53,8288.17,8415.75
1867.27,679582.84,5272.52,9329.24
9230.79,869440.43,6742.47,5876.17
9528.82,773824.64,2558.76,6008.79
6814.58,29072.93,8798.34,3814.80
2403.14,116841.49,2497.61,7432.50
377.15,408480.48,4756.06,6758.80
1501.69,121418.69,4292.39,7703.62
2919.17,648290.16,7305.93,9519.08
2411.19,140336.86,1067.62,1820.11
242.77,548047.03,8050.21,8313.46
8645.56,704039.34,4604.17,4964.64
8849.72,935879.40,3195.72,1358.31
8240.77,99814.89,45.82,5345.00
5695.70,250343.06,643.40,2717.58
1443.94,405072.92,4053.61,5624.07
8902.22,149522.50,3201.63,5698.30
9848.40,132290.28,2384.67,478.22
1027.73,367467.44,5149.75,4581.78
9826.28,868207.02,5372.05,323.40
8999.48,523042.61,1878.28,5979.29
5610.05,654849.76,2282.06,3747.82
7307.75,371268.99,4832.61,3601.55
9874.79,24960.39,8025.87,3690.42
3563.93,32234.77,6486.49,2730.93
2172.52,789408.58,8201.61,4904.12
8024.10,997653.75,2572.07,3185.47
8070.35,459165.96,943.91,2742.85
1179.57,140149.80,1292.92,2063.81
4343.89,129420.18,6557.09,5811.64
6016.06,555345.24,1746.67,60.01
8077.50,778407.05,8408.86,7518.53
4042.97,591831.20,6283.79,7637.49
23.03,418538.77,1060.85,4067.60
6694.37,89098.19,4029.10,9850.90
5068.47,862406.54,4112.74,8932.15
6203.30,368505.19,5292.57,1105.22
5168.18,771235.33,2736.34,6346.90
2550.80,247364.93,9095.95,3641.03
2586.25,898369.43,8376.44,8858.59
5591.46,391223.96,8541.82,6035.05
3804.52,645366.43,5594.68,6473.74
3956.79,144415.31,1251.59,504.96
6946.79,573278.21,3533.35,7442.81
4838.25,623961.99,4599.07,307.67
8070.93,276696.48,2975.31,3219.78
1251.19,666909.50,7966.07,1019.96
4180.21,873141.67,2477.00,2636.23
5881.60,886165.36,6746.74,1990.71
3305.71,45372.78,9550.68,2828.86
3116.97,954923.96,5327.05,6753.61
4511.08,159196.54,5372.81,6959.77
3362.90,964754.50,8766.13,3689.62
3171.42,244354.00,3994.99,1268.26
6247.12,307430.66,5405.87,727.98
9377.76,691062.54,9533.89,6493.44
1812.32,515579.72,5135.49,375.15
9818.71,759791.62,7317.06,1206.58
1299.50,122229.30,537.59,3860.38
5990.84,606850.28,7460.85,7092.38
1623.28,224330.11,642.15,5687.34
4089.33,173364.47,1857.19,8718.10
140.83,480332.56,9515.21,2380.60
4430.58,270222.49,8045.78,2829.66
8815.91,796895.44,4408.67,1716.13
758.08,656566.48,5948.12,4713.81
9379.66,684804.82,697.82,1224.86
2283.46,934408.29,5940.18,1665.42
3589.61,269181.30,3333.13,7258.45
3813.90,526947.57,9240.02,6098.88
5188.52,324053.63,7032.93,8406.16
1817.79,133170.60,4087.06,3342.76
2664.66,906377.14,9943.42,9552.00
6779.99,436307.56,3689.59,1656.79
4414.99,369574.51,7992.77,5361.28
4698.35,948726.67,4416.97,4510.10
412.91,701677.73,9665.60,4485.43
3073.02,160843.27,5213.18,7659.99
6981.99,878148.78,3424.71,8274.36
9240.13,366621.75,1708.24,6070.09
3777.50,344457.52,2506.34,285.24
1401.37,203248.80,1004.02,8207.09
4576.97,688494.67,4315.74,5376.96
5201.10,327555.82,5611.17,7755.12
5981.68,667898.24,4149.44,9679.12
1202.44,856768.78,7513.44,5286.68
630.31,582371.33,5470.96,5224.78
1114.07,806163.55,5836.33,4929.42
4026.65,866069.55,1466.35,5535.94
3119.06,201204.91,4096.22,3567.64
6582.65,600136.13,5106.22,950.86
9157.59,886747.33,5506.93,2617.64
4978.52,910462.89,7440.83,4982.25
9514.87,340875.55,7319.97,4916.05
9441.42,820755.06,6354.72,5495.40
2565.95,485963.37,7675.23,1760.06
6044.27,815978.38,507.60,6995.35
28.91,814528.40,938.59,7638.71
5626.29,216266.19,5687.78,2812.09
578.16,272461.11,3.01,2694.32
3436.80,186364.95,3305.11,8472.95
7169.12,247206.38,6529.76,5453.08
6103.81,930696.27,3249.56,51.08
5926.13,273475.46,2606.14,863.78
5029.06,489113.43,5842.34,3779.36
6944.99,854066.58,9796.53,1183.96
7811.00,833430.61,105.94,5718.42
9861.74,598372.44,4063.14,9752.33
1797.23,749802.99,8079.68,2768.26
9539.25,606152.40,7532.98,186.62
6368.12,317035.81,7407.42,8812.13
9723.13,849147.86,587.90,6045.89
3052.95,875900.45,6923.85,2282.05
5018.64,988118.68,253.87,8496.47
5080.38,309535.81,2466.07,3934.81
4039.97,667878.96,3366.40,2020.37
464.60,360012.91,2636.91,6127.68
9083.70,457910.12,5488.43,705.43
5228.82,811141.06,6746.58,7382.78
177.78,931129.51,9057.46,156.23
5867.70,692593.45,9659.29,8529.19
3857.69,558392.73,6738.20,2564.70
2650.18,445430.69,771.30,9211.89
9521.38,201307.68,8457.65,4979.65
7864.33,214099.92,6846.97,6056.64
8714.47,670938.44,3098.87,3314.20
5605.84,454988.00,939.48,6279.72
5197.33,644977.28,8330.19,7130.18
2211.58,516606.86,2122.61,3031.75
6145.56,520962.76,4546.29,2738.55
8939.89,891488.83,3260.38,1264.52
7335.49,388122.04,1397.90,4654.99
999.16,384870.59,6540.81,5410.02
7666.19,145415.71,7886.44,7949.56
9526.18,270243.30,9000.65,2660.60
869.61,238362.99,9500.32,6529.69
5615.96,306847.44,2767.44,8139.43
4760.41,752225.72,8369.50,4895.36
8004.45,159190.44,7245.59,750.29
876.99,764128.99,4914.71,3405.72
8505.78,403664.95,2972.97,995.71
9865.32,101696.76,1968.03,9596.06
1805.59,492346.21,9374.59,4552.55
457.19,20780.39,4841.32,584.29
8712.01,109046.40,1139.95,7894.16
2394.29,539858.53,3319.13,4105.94
4465.84,797704.36,450.61,4748.02
6149.85,253685.88,4052.56,8216.82
6211.48,88188.37,4784.50,4678.07
4799.29,773769.88,4330.71,2202.25
6230.19,969590.69,2523.66,7580.72
5891.49,548252.31,706.30,3732.10
37.29,26091.40,1091.82,383.64
3672.26,298775.15,8451.84,9800.56
944.73,115470.19,4848.45,4736.29
4511.48,416907.71,323.24,1489.82
5190.76,615343.78,2465.87,6981.49
885.58,307713.90,5607.09,5096.64
4238.12,827207.46,6015.98,4196.77
1766.94,113037.53,2928.35,4660.85
3342.41,433358.54,6493.04,2594.81
9771.55,592083.57,2795.03,3434.98
7992.13,746780.22,2999.30,7071.96
7916.84,121873.89,8356.29,4333.91
2322.01,939063.52,5319.85,3193.89
1340.95,765155.30,5350.70,1903.75
6101.17,336445.95,2113.28,5407.37
1835.09,318337.98,4721.01,848.92
9397.68,479044.49,9444.84,7767.42
5540.68,417042.88,3872.22,8656.47
6521.02,883361.57,6888.45,5968.67
6662.64,261835.54,5049.33,2356.88
3344.11,333141.54,924.37,1970.20
2550.48,651725.00,1811.41,1960.11
4606.44,88656.40,7858.87,5002.76
7998.79,138005.63,7078.60,5606.30
299.75,749498.43,992.59,5247.51
9118.63,636020.25,8728.48,3969.84
2738.01,430958.12,9264.15,8975.37
9631.41,877422.32,1218.47,3956.19
8413.13,199065.27,7095.45,6435.95
4936.81,430515.65,4210.81,4230.28
1237.95,414371.86,7665.44,6285.23
1806.33,21249.62,1676.64,7615.65
6278.22,299554.11,4338.69,2840.94
4053.96,792448.00,7455.77,7903.39
5574.97,550912.56,7475.53,4954.82
7035.70,483849.55,5748.73,1109.96
158.89,238847.78,6350.07,7790.71
6329.22,440538.53,7517.60,3722.85
4858.31,67390.21,8403.01,1297.64
8445.52,362343.24,6272.21,2973.30
5002.33,787861.89,555.44,1666.89
3923.94,91780.62,9218.36,6675.02
6620.66,506748.49,9810.48,4562.12
5662.16,543125.25,2244.38,2667.99
4241.67,752859.76,2869.08,1411.66
7832.77,40180.63,9722.96,406.49
2890.34,53856.24,6986.81,2551.98
3237.93,215330.98,2604.40,9730.29
3387.55,77220.75,6797.94,3511.42
9453.73,587451.83,778.21,4358.18
2552.37,635752.37,4333.53,3223.24
6615.76,381257.15,8179.38,142.79
2408.81,282661.49,1960.06,5457.08
2197.47,915661.58,1615.98,625.95
4998.72,846343.63,465.16,7257.80
632.93,173735.55,6794.61,4933.34
1902.25,779910.38,7016.98,680.90
8135.47,811831.53,7520.37,5547.88
67.58,665555.63,223.76,6613.49
5563.85,190459.70,6547.73,6000.56
8051.39,358835.03,2020.24,1969.87
4687.40,834490.85,9059.02,1018.04
9271.66,822936.98,8607.37,4050.80
5701.90,595264.89,2247.05,4165.90
1374.35,428023.12,5171.94,8355.63
6347.47,432182.92,6978.38,526.78
3315.60,235716.59,1612.68,8636.08
5480.35,356361.14,13.89,4452.25
4260.81,693816.07,8999.37,481.05
6449.87,383924.67,7763.12,4927.70
902.45,831313.92,8991.62,2221.33
8132.34,71519.31,5049.03,3589.15
2297.94,508796.07,943.68,9443.27
3973.31,251619.49,4859.61,2931.10
3829.18,644302.59,3922.11,1900.60
1889.89,50210.50,7563.15,4744.53
4385.49,499726.10,3362.63,4113.33
384.53,154423.02,563.38,1324.00
3371.23,177826.99,4592.84,3442.88
8722.02,22698.34,1871.41,4483.03
6639.91,64943.10,7947.40,1932.41
1521.00,495062.06,3570.73,9916.74
2956.19,959472.01,2702.10,701.58
611.91,966084.64,3652.03,6950.85
5087.48,51204.35,9553.49,8184.56
9512.54,128106.78,7194.34,6216.13
2126.51,701585.89,3870.66,6000.60
8373.11,717307.93,368.98,287.24
2146.62,319986.84,4445.59,8746.05
9742.13,320195.83,3243.02,4825.20
6791.23,256056.26,4968.78,6496.95
8004.85,523095.32,9858.69,262.43
1899.11,533239.87,7956.64,1311.27
7845.70,292214.70,6565.40,6569.44
766.88,313539.27,3357.22,1519.86
9586.35,476867.38,2080.84,6142.27
9150.53,728590.74,6560.86,95.14
1751.00,513427.30,5257.82,2349.68
3607.30,97141.82,3042.30,5886.60
3710.27,992596.17,9033.27,3779.28
7279.63,214003.55,9360.86,9012.19
3755.57,517560.43,1536.17,6721.46
9722.64,500556.91,2745.11,4194.71
455.15,25616.41,7830.80,930.40
9876.84,171891.15,3988.85,8332.09
7643.73,550841.52,8271.89,6201.04
3787.39,400652.28,884.68,1090.89
5896.98,250389.74,1948.32,9801.20
1171.83,662680.16,1921.89,9811.79
5842.65,681989.54,6191.92,7297.89
7437.43,354511.80,2475.26,2516.42
1159.75,225222.18,5627.76,1816.73
250.12,357829.24,8211.16,5304.27
1617.46,804158.90,6742.82,9273.82
2256.20,450930.40,2937.70,2929.13
9005.18,413934.59,6449.21,9618.84
4058.73,472300.38,625.37,3843.75
1305.49,58836.58,5618.89,6628.63
4049.87,646361.95,3824.80,3501.99
2961.38,54486.35,1066.11,1290.19
4200.96,646483.19,3208.17,2207.55
1589.46,91692.36,1954.39,6312.30
3411.69,155320.11,5460.82,6298.16
3990.65,64552.22,9104.46,1804.67
2520.16,987572.75,9249.68,3954.48
6809.85,870382.13,8179.77,4663.81
7575.21,305232.66,1494.99,9422.69
9696.35,714052.06,226.12,6704.55
472.62,960400.04,8672.00,1939.79
1316.26,334304.35,5542.01,9076.46
8556.79,565748.55,369.07,8150.78
1068.80,434634.13,9356.17,3004.02
7289.46,517715.89,4828.87,9306.69
1857.84,326309.74,289.01,9389.78
2586.96,982498.43,8699.07,7032.54
1770.25,176111.00,5074.32,2319.44
1927.65,39927.84,5719.34,3954.39
5012.80,676363.84,5518.04,4008.02
5831.02,725308.05,1570.91,7974.36
4958.91,79848.97,6170.41,1226.08
3810.06,554290.31,4615.52,1482.82
4657.02,547163.04,3688.27,5745.15
1398.55,100864.98,4750.20,9296.84
2652.06,719110.41,1363.92,3841.39
7354.56,803547.67,5104.39,1613.77
4471.59,671703.41,4797.28,2396.47
2642.11,639838.27,3806.13,769.27
2628.19,576349.38,7187.61,1634.93
5292.18,474030.63,5543.67,3088.65
489.60,112802.81,5221.77,7036.78
7744.92,808451.35,5149.30,9620.68
7868.27,47460.17,9035.16,5464.78
5774.41,273205.62,7931.73,2042.89
8681.82,774576.20,2222.24,3045.07
597.66,574508.13,3983.75,2527.46
3535.97,702979.17,372.93,4840.55
8269.43,326677.47,6191.64,8856.74
2581.55,555863.88,9111.72,8855.82
2964.26,617871.92,4172.96,8577.49
6497.07,296239.77,5115.73,9412.93
3247.51,324644.90,8869.19,8482.80
5948.50,135613.02,6088.63,7436.85
2936.80,595397.90,5019.93,8210.93
2377.82,668480.30,8166.68,7689.83
655.45,927809.54,1245.02,9249.98
5471.74,360212.26,1733.66,5493.70
4679.52,870318.36,9961.35,3137.49
5162.44,620905.34,9121.14,7979.07
2180.03,62737.76,1860.79,5144.11
8511.65,522779.37,170.71,7400.65
4461.78,356081.22,2175.81,2230.29
4329.68,703699.85,4134.68,6557.62
2300.58,276675.73,8459.46,6565.09
881.08,964402.17,8891.90,8858.18
7980.17,764641.71,2106.08,8396.27
4528.35,811996.73,955.14,8067.39
3130.62,201817.63,8339.57,4560.55
9665.38,687332.44,2246.67,5277.14
3969.66,109207.10,1895.45,1423.22
2792.05,878797.19,2118.69,3137.66
8048.49,999027.00,8123.63,3536.16
6081.68,270133.03,5594.89,9889.33
9103.77,451434.50,1738.12,1803.28
8292.84,254844.52,1310.07,8233.99
9117.12,831011.11,7940.54,7442.44
3377.07,774778.12,5124.06,6584.81
9183.91,983081.97,3143.69,533.05
9634.07,185450.86,7886.76,2733.71
3292.80,394948.56,5022.09,4438.15
4765.97,115706.49,8330.60,2475.57
1617.63,452112.61,4115.67,9890.32
4682.18,74277.04,4567.29,8227.99
2423.10,404569.96,1713.53,5030.25
6406.47,120828.07,165.14,5185.99
4186.08,603251.77,1244.06,187.22
7937.68,764065.71,3283.63,5050.48
2033.74,331691.78,2898.17,8690.40
415.83,274483.51,9841.92,9869.67
5100.44,342997.45,3712.04,7500.10
445.04,624327.43,4197.56,1032.47
3904.61,857203.22,7836.09,3948.07
2924.91,192356.83,3312.27,952.91
9347.44,719083.87,4216.65,7375.83
7241.80,615979.91,2881.16,7484.67
7434.79,721506.32,1416.87,6960.15
2171.78,538341.36,6402.06,3604.77
6323.95,624397.93,1803.58,9514.74
7346.60,202940.57,661.40,7405.51
4796.72,224409.15,9826.40,3557.17
1634.35,913358.64,3613.34,9933.65
3760.60,375349.16,1616.01,8430.13
1286.40,280671.92,3128.67,916.00
4879.32,104472.10,5627.76,9766.06
3202.06,106130.61,7589.93,4910.42
2934.55,914692.46,6557.52,5084.27
1162.68,871680.29,1809.52,2921.21
1020.24,207807.35,7256.14,5809.48
5386.61,175904.70,4247.15,7018.18
171.17,108804.13,5869.06,4501.05
8256.70,937967.61,4003.35,7998.22
7527.20,396331.34,7927.84,8581.73
1571.81,157132.26,8565.54,8628.54
9634.96,349411.02,5619.93,4355.15
3173.91,800436.27,5783.20,7510.71
9988.31,265470.66,8963.36,7601.14
3302.44,456100.04,6048.74,1104.42
2409.38,509772.80,6112.94,9537.74
3527.30,795247.21,3160.64,3950.10
4371.52,121320.61,2524.47,9439.19
3612.20,789514.71,4845.36,9629.50
6865.86,185317.24,1203.53,7698.82
4159.89,577131.06,6414.66,7503.20
9913.07,767257.35,8765.43,5625.98
5390.71,975040.64,3534.88,2764.18
5321.76,48728.83,4532.95,766.04
4906.28,539652.40,2584.66,9846.49
795.12,630002.85,2398.23,9032.46
9789.57,163790.76,9577.75,1728.09
1987.50,769490.33,7675.62,7440.16
893.24,942427.21,1127.49,166.92
1612.28,515143.07,3671.89,3729.06
9667.52,884770.44,3429.39,4409.22
7202.71,987877.52,5200.40,1667.01
379.39,215293.34,7738.55,8409.29
1627.33,802099.38,8765.83,3321.02
3074.57,751274.71,3318.34,9099.55
2961.39,713407.14,1646.01,2086.04
5133.86,769434.20,1336.98,750.19
2815.96,388552.86,4597.33,2760.17
1775.34,739238.33,5688.53,2957.28
4726.23,837737.85,5410.50,7455.46
8354.16,265455.61,9214.89,2298.50
6700.56,814321.96,3042.99,8633.35
9811.30,147539.32,6305.42,195.60
4531.90,232024.28,4554.81,3053.85
5122.97,188415.57,5350.60,2022.45
4973.07,374693.19,9574.31,2927.36
7102.19,290255.24,7026.43,4998.05
377.49,718724.45,9520.30,3058.46
404.08,859807.40,6886.08,4903.23
8906.95,273204.85,1307.32,5270.46
3086.45,750872.91,3235.29,4160.42
6907.93,807860.01,7760.44,3899.97
9577.32,36495.84,3768.29,6315.22
2558.10,763884.07,9466.25,8650.45
5400.73,448451.13,6940.48,4459.21
2384.51,247729.78,5286.52,3593.86
6512.66,486606.39,6554.73,3632.70
4755.00,512936.78,1261.26,3609.35
8598.45,85736.39,537.74,9746.70
6944.50,200076.39,127.43,2048.32
4183.28,572367.66,7382.93,63.17
4877.73,649890.97,6180.28,5914.55
7907.43,589232.05,6236.66,2772.48
7149.77,509706.02,2703.48,7348.77
2817.68,669906.89,9104.08,5707.25
7426.23,278192.99,1694.88,2706.60
3026.59,971220.21,6151.33,6731.65
1824.48,438561.26,8114.34,3018.87
591.01,435998.72,7580.68,845.09
377.48,595256.94,3380.19,2123.55
6961.69,23737.16,8055.01,1539.55
4181.88,414247.13,5340.97,1258.15
1855.24,151766.80,2148.32,6449.40
2331.82,471967.29,4448.88,1401.82
4900.18,374501.48,1798.89,9833.00
5240.13,383010.23,8361.66,7156.16
7908.60,753338.87,9241.41,6924.96
3448.33,641634.56,9699.27,8453.68
8125.02,694795.74,1394.95,7698.18
3527.20,157170.95,4182.14,8883.23
5303.94,99454.68,4183.08,74.80
5169.24,328404.10,8877.40,1921.22
7967.69,69300.93,7762.82,5125.02
6074.82,287008.81,2779.70,8857.78
6696.21,666027.15,6139.06,9292.89
3733.40,525118.05,4453.24,4706.98
4800.14,317884.28,7140.74,1188.18
5701.50,27101.14,3961.43,890.12
9229.01,737656.74,1235.71,2983.33
2478.88,690630.43,8810.93,5981.07
7065.89,879340.02,160.55,8954.56
9584.62,727114.40,6136.47,8302.93
5460.19,946098.74,8842.03,6206.21
7934.53,136575.24,5853.10,6664.86
5350.13,467083.42,6586.80,5117.41
4121.57,437049.26,2002.39,8028.24
1826.47,185683.93,6015.78,9550.01
4700.72,673587.94,2019.22,3391.26
6488.96,106797.87,719.87,9357.01
1079.97,796938.24,6145.57,5680.93
9647.24,995692.10,5113.61,230.46
4118.99,226979.69,1718.05,5941.57
2717.59,206035.10,2463.16,8427.84
36.91,240996.84,9555.64,6608.91
3667.25,399678.94,9565.37,416.11
1730.94,451865.02,2174.15,3158.81
857.69,965768.42,9054.37,9972.40
2107.31,466227.56,6054.08,7919.71
3138.55,991755.89,2812.32,7780.37
8526.05,417742.54,2688.39,2337.75
6543.75,743899.43,2460.81,1061.52
9961.31,195477.28,5636.72,6483.81
441.33,619823.21,5409.55,3280.13
978.60,372528.71,3312.64,7091.37
8488.55,700717.36,7438.81,6461.32
9130.71,244947.54,9730.47,7914.35
2243.94,355756.10,5292.34,1160.94
4873.68,396044.78,7938.38,8693.95
7787.64,536311.93,5257.12,1626.61
5604.53,786158.09,3363.99,1523.54
8201.89,862544.03,6206.69,6188.79
7922.23,312956.83,6799.51,5900.73
7262.91,509939.16,8084.50,5421.00
4713.54,112363.41,9252.48,6255.57
2195.98,388383.05,9303.86,3108.39
6165.16,375169.08,3389.13,8244.09
5845.21,431340.34,9041.20,7563.43
6303.94,299422.65,8796.52,2596.09
1109.45,757721.46,2898.93,3328.08
9166.52,263670.00,790.40,7806.35
2996.09,34014.18,2914.70,5801.33
1200.07,651122.35,4994.99,5458.27
6144.19,289258.36,5393.53,3831.23
8995.73,819831.93,2421.52,4469.05
8168.49,240441.85,2539.33,7810.41
3956.15,978952.51,2272.00,3045.40
1676.02,590895.49,6362.50,3314.27
7998.90,176163.58,2194.67,9638.89
306.60,909265.60,5840.05,2820.83
6897.15,506335.70,8217.94,6690.05
6649.08,281642.08,804.78,551.24
359.21,456515.67,9089.09,3450.14
2384.71,454419.99,8540.30,7970.15
448.64,727309.27,2244.57,6669.84
3509.20,630472.96,1558.16,9984.92
2446.27,55739.84,1138.23,443.70
5985.18,766216.58,7533.87,4382.69
4755.82,949660.82,6154.19,8999.69
9676.40,82139.64,4878.27,9544.51
6954.68,408800.46,3830.89,8722.63
915.44,284381.69,9920.85,7975.46
7591.44,732516.61,1622.81,8200.74
6556.38,699934.66,4181.54,5689.89
5831.55,299339.87,7926.51,7584.34
4864.03,213047.15,2707.64,9990.78
3552.97,888383.24,9597.47,1045.71
1091.20,555408.95,6952.25,682.43
6993.10,737696.37,1684.42,8629.25
8095.76,847694.37,8171.03,2255.30
9548.71,599642.37,6607.54,6280.92
4848.84,975042.35,9813.61,7082.36
9830.37,318375.68,2507.28,5346.09
8185.88,264051.36,9886.34,2165.70
1572.98,939498.63,2990.18,5324.84
5652.01,713867.36,6762.95,4472.73
4503.93,166975.34,2998.47,6173.73
9793.36,758942.95,4419.61,2400.87
7770.43,587380.58,8029.75,8943.18
6745.89,86045.77,5570.97,3409.86
27.70,346562.23,6433.59,6039.51
4473.19,993094.21,3683.86,360.73
2789.35,888794.88,7011.37,4900.58
8504.98,842398.72,7344.99,1600.48
6141.80,953503.32,6646.05,1374.29
5527.74,785886.82,2959.44,2331.57
8424.05,169633.48,5188.49,1588.84
7679.03,324889.67,4256.34,7305.27
3974.49,552749.41,7326.65,3603.89
2897.23,432068.75,9578.39,7377.91
5546.34,334934.06,3664.56,2631.70
9178.00,968060.49,431.76,4969.11
493.15,282572.18,5737.29,6117.20
3089.26,910416.94,7272.90,5961.05
2326.06,762093.50,2188.75,7466.22
5396.10,357420.85,1008.88,8077.82
1744.32,398754.14,5838.71,9710.81
9147.29,574353.12,1187.80,8284.01
3740.63,558534.52,3865.70,2900.72
8074.86,554790.61,4355.79,4241.44
9882.85,528231.87,5832.29,1510.22
5658.36,574512.83,8557.20,7363.22
7373.71,853825.40,6779.37,649.20
7705.36,920595.24,2454.61,7504.15
8990.03,202192.34,5115.93,2367.63
3799.75,883267.50,45.05,1826.58
502.93,756252.89,7530.97,5842.48
5469.38,403114.67,4449.18,2880.67
4680.85,158622.32,5654.01,7736.20
1424.69,151199.65,6749.87,3438.26
3476.61,203848.20,1690.90,1515.71
2719.72,964684.86,8356.78,8119.28
2500.33,984310.98,2761.34,7021.03
3187.26,865531.24,7873.53,4349.92
4379.65,399866.10,6164.78,4072.63
2999.55,874852.87,5943.95,7691.40
108.84,566305.57,301.23,6406.54
5706.20,700505.16,4054.07,9078.62
9988.37,362717.26,8473.53,4726.24
1600.81,900484.83,5766.31,4007.67
8256.53,642820.16,5297.64,160.52
2767.89,929719.81,1362.54,6211.16
8014.52,860353.48,7947.55,1916.15
7661.68,362827.11,9372.48,860.67
5546.85,403597.74,6961.34,5414.71
5568.34,50416.84,964.03,4835.09
5638.26,539106.30,3834.93,9702.38
3803.14,211520.55,5672.11,4094.18
1989.07,169725.07,5130.17,5421.93
2994.25,549721.92,9442.60,696.22
9330.26,416978.63,5323.70,7135.85
8304.54,865567.95,8467.85,4498.95
6339.93,942901.08,3123.32,6289.79
6943.16,882838.81,4790.42,7082.74
962.83,571389.46,8478.20,3605.31
4818.27,211254.53,2151.52,7935.13
2234.26,314158.05,9.75,2190.96
7682.62,593196.43,3060.86,5435.84
5210.16,291371.69,5089.47,5160.91
4623.48,87021.66,564.25,7681.17
8104.77,902036.06,7290.57,4049.98
4248.47,444548.99,685.74,686.98
3237.55,224223.26,8439.71,6814.32
6418.89,185293.58,4020.71,4009.32
5890.83,450210.65,4995.59,6706.68
4882.13,995029.48,7456.54,6321.62
7679.79,146611.15,980.83,5815.39
8654.60,441257.34,9497.40,5987.72
3536.35,334573.31,2193.83,9556.10
2506.98,103156.01,5169.74,4169.59
3908.49,690128.72,8927.02,905.36
9403.03,638595.77,8985.01,509.00
6276.66,629765.57,6918.18,5665.04
243.85,635791.50,6936.23,3922.00
2588.61,691306.03,8761.40,2546.72
8768.88,662173.79,1004.87,3545.48
1714.56,845165.69,504.07,4365.11
1965.44,448056.32,2154.75,7374.70
8523.91,456073.34,656.75,9129.50
8838.16,907677.49,289.37,8630.93
3685.33,940328.86,1342.19,2322.39
2889.98,405194.23,2149.38,2398.31
791.60,648677.77,3810.29,4154.25
6166.30,398206.69,626.56,7568.85
9910.87,169880.30,3045.36,8083.63
5213.77,556391.23,1471.13,1634.81
9165.92,235053.07,8692.50,9391.49
1805.32,937820.40,5868.70,8367.38
8442.85,127861.72,2029.34,5099.00
3782.96,630547.74,9863.60,920.74
1830.91,830642.43,1210.03,9017.76
3870.01,152035.54,4105.01,5400.72
7894.97,721530.59,9507.79,8221.46
6804.21,444003.83,9892.63,2436.85
9382.14,302674.52,3782.70,9728.25
7643.29,365278.62,9998.30,6797.13
6464.24,344612.78,2901.29,8682.59
6594.61,710217.49,5240.12,7584.42
117.53,616892.62,8334.46,1825.95
8220.47,485290.74,285.84,4053.52
4741.36,740008.27,1660.34,2545.10
5370.47,821396.15,4661.80,4588.12
1617.29,38736.83,6198.55,6287.39
692.73,784485.59,7444.20,8876.53
7310.17,381949.93,2502.55,7631.80
1075.30,952081.32,6609.15,5825.37
3612.86,558979.48,9936.59,2804.97
2869.55,488260.58,6518.13,2250.24
8136.07,387615.45,9063.77,3931.24
8246.84,154686.17,9515.35,9882.37
7144.90,653813.71,2071.86,3805.76
5540.29,420261.20,113.61,730.45
4743.65,908192.44,963.37,2479.76
8923.06,736986.51,2745.27,3336.57
5010.42,329394.87,5736.52,9446.96
5274.73,414598.33,6554.81,4965.43
6183.23,249396.60,7283.53,7720.29
8587.36,791564.73,3209.57,7265.80
8498.90,320835.57,2232.98,8587.90
4762.79,805018.83,6205.27,5443.36
9786.61,151443.01,9462.62,8337.56
2152.72,847206.84,2642.82,3483.92
5417.48,835653.27,509.30,738.53
5693.19,641029.20,953.02,466.21
1711.75,78470.64,8602.62,1569.92
4984.96,632252.76,545.70,5503.05
4405.26,331671.49,3548.66,3984.60
9171.32,960972.35,1859.85,1350.30
6276.60,607419.77,2190.66,5997.79
3965.07,159899.59,7791.30,9222.32
536.64,699373.82,6672.87,3889.29
8675.99,872057.45,9974.56,9853.30
9081.95,726362.88,5234.51,7808.54
3590.57,725458.16,5895.36,8343.25
7213.67,718711.23,2759.98,8371.44
555.42,647343.09,5310.36,2827.92
8923.37,312288.27,812.27,5538.06
2115.99,425562.52,6950.75,9511.63
9347.55,820362.42,9375.91,3560.36
7062.17,569673.33,8986.24,9102.04
3492.20,438337.15,5036.02,8288.82
2732.31,369332.82,9225.87,2186.00
2829.14,41447.32,2820.19,5627.22
6927.20,912567.00,3532.50,3585.49
3865.57,40493.61,1429.55,2424.51
4785.60,511490.98,3427.17,8232.70
5288.52,365693.71,4085.72,3592.91
8472.94,608060.17,6360.26,3603.38
2785.57,213727.82,9720.20,1741.24
34.59,297429.80,4625.72,6247.43
3143.66,318057.01,1732.64,8112.57
265.47,971501.59,1395.09,2455.92
1727.35,947592.38,4044.73,6115.31
8947.39,690234.93,4847.86,5603.43
9938.13,843793.13,6676.17,1236.63
4305.76,273301.41,3874.65,5204.93
1756.44,591271.74,5569.24,3627.54
2037.24,229660.23,1329.89,5226.18
967.84,441984.42,3888.66,2148.41
6759.90,227632.97,3310.44,1686.76
3174.99,498084.75,4523.17,1164.18
1237.35,313055.94,5436.84,2094.71
9196.91,623518.90,6015.53,3878.30
1228.53,388087.65,9613.60,1751.94
8957.18,639440.37,6647.35,8494.32
6314.72,588250.34,7245.29,4469.42
7462.55,623522.43,3905.43,5994.48
9555.17,540282.94,7384.75,7731.22
6973.60,398246.46,9056.15,823.95
1323.14,628384.21,790.25,4846.49
1968.98,478244.12,9054.37,8270.24
5173.74,801423.62,3367.92,9128.34
6004.77,131771.76,513.63,4826.49
6095.18,538698.60,4976.14,7638.87
2070.54,216394.84,2963.92,327.85
3995.07,896815.96,2068.50,4539.21
543.70,73960.89,1123.83,3150.00
7773.22,985275.67,5151.74,6583.79
1343.67,554938.78,8413.51,2258.91
7832.53,83335.24,4535.34,5797.77
9387.46,987202.61,6435.02,2400.81
7379.64,195732.66,349.34,6876.84
4948.13,689338.30,7646.73,1221.44
5366.68,169846.17,5306.82,9348.32
3017.89,193551.05,958.12,9603.83
6425.96,181868.95,1187.82,7032.68
8277.17,528251.73,2471.81,9013.35
5648.95,364576.66,2521.00,9844.53
4771.36,135400.26,6099.12,2139.39
8561.13,134266.35,3439.88,5472.21
1896.80,22684.40,1276.00,5622.57
9144.48,119444.49,6189.91,974.87
797.50,555611.65,7505.57,6156.57
1258.83,998842.40,2263.29,6836.35
7774.16,979592.77,7954.15,3753.72
1313.97,661337.31,9637.77,8514.69
3807.14,267094.79,6827.13,8463.24
2543.85,165356.85,2096.23,3026.44
1794.85,89941.69,7751.30,9331.39
3734.54,800345.59,9103.42,604.88
5609.18,181841.11,2890.23,6892.48
7757.52,277871.23,7216.64,3971.09
7569.47,121214.74,5019.28,2979.84
7759.74,244948.88,6506.67,257.02
3436.63,249410.96,7286.71,4145.75
1362.24,317161.58,7965.72,3119.65
6529.05,564377.72,7887.52,7479.48
5718.59,134154.96,378.83,5085.14
5061.62,594873.58,9376.60,112.47
8785.04,805084.34,7635.40,2662.29
9309.71,565295.37,4847.72,6199.68
4653.66,296592.39,9957.24,9264.06
7699.51,486200.35,5704.90,7666.23
3300.21,100895.30,5019.94,3476.54
3426.26,910601.05,8252.78,7508.33
7598.23,586555.92,7443.87,2714.20
5702.10,521111.03,8832.48,6937.60
2950.95,899521.61,7631.56,4800.50
2234.92,658019.55,9729.64,157.87
7392.53,907005.22,3427.97,2513.10
2039.87,683373.28,580.99,3063.41
2510.21,961787.12,580.14,8632.50
185.09,661143.24,2506.28,4647.86
8039.01,409516.65,472.86,1533.36
8573.22,638555.18,4691.87,2412.66
5480.41,906590.70,6116.96,3857.42
9360.19,758661.13,5652.74,5564.23
8596.70,281188.13,9866.65,9307.23
112.93,799230.91,3899.40,2288.96
1132.41,155037.58,8842.57,5099.55
2307.54,918041.04,5236.22,9894.93
4614.61,808497.21,6537.15,117.73
7269.48,729639.62,6417.85,9109.58
1583.38,136524.19,1578.66,1301.93
6157.32,943665.10,7390.20,6322.30
2104.22,68112.27,7130.77,3316.33
3091.63,279797.26,6842.61,61.00
3913.84,546775.61,6903.96,9032.40
3030.61,219418.21,8297.70,491.86
9050.99,614656.65,6255.49,867.22
8493.93,999061.81,6465.50,3231.06
2323.73,907836.61,9354.34,5516.07
1736.45,915729.61,6088.50,1257.81
9464.97,155426.25,5887.92,7118.10
1473.32,479151.26,8004.02,1217.64
5327.51,80015.57,3286.82,6394.45
5758.00,451067.70,9650.56,2904.95
4970.47,22059.93,2944.42,5797.57
5114.83,696615.10,9744.76,3213.98
2988.39,95781.48,1407.73,3211.09
2527.71,157887.88,9355.35,8347.26
8934.78,569163.17,16.20,9239.07
9386.33,464758.70,4100.83,570.46
9191.55,105614.31,8964.89,5623.82
8991.67,263033.62,4697.35,8302.99
8135.95,649884.98,4268.65,4831.35
1722.29,905020.80,5583.34,833.01
3956.50,525808.26,8603.92,3343.48
8462.85,292590.44,3847.56,1446.36
6969.62,678447.63,9504.56,3695.60
1396.67,907804.35,3186.97,5258.06
788.39,238228.24,888.50,2799.33
3763.57,491193.31,121.13,535.77
9194.98,949629.82,6391.50,6588.98
2684.86,712760.17,2189.60,4804.05
4068.53,72019.50,5484.82,3530.92
1656.89,825786.93,358.96,9518.61
2219.70,605202.75,5853.23,2034.92
1814.65,378523.97,365.97,9599.54
1483.84,317270.30,8009.98,9306.57
3567.20,23839.32,223.44,6612.62
8923.97,677319.48,625.21,1679.76
2706.27,491906.43,3615.44,6887.80
6495.44,600627.80,7544.53,8968.38
7589.75,36008.31,1408.25,8363.80
2023.61,918857.23,9974.10,7876.15
6501.53,706536.31,6003.82,2448.05
5846.28,652866.99,9809.03,2003.86
6789.31,733261.46,5762.14,9680.90
5972.25,710713.07,2581.40,8492.87
9881.97,520956.87,9219.20,493.22
7107.81,498412.81,1004.71,3844.06
8787.90,28448.81,1326.92,4846.48
1402.50,616052.39,2591.11,3951.28
7176.12,826175.20,6441.91,7044.28
1265.78,556815.38,7318.14,5888.30
1641.51,892328.91,5289.33,4504.51
7106.28,171510.83,3821.44,1488.37
1255.82,832664.82,5628.54,1781.12
5345.00,186178.36,5090.01,5255.46
1006.00,274047.96,8847.14,3624.55
4554.17,245349.13,7140.63,1646.23
8221.50,666821.46,7209.92,3370.00
73.26,58540.30,6647.94,9261.79
3591.92,596072.09,8989.21,5442.45
9953.77,652561.18,6006.80,1988.27
876.72,326871.71,1203.34,3267.59
7584.25,37209.39,6803.41,9625.36
1908.53,213572.67,2189.64,6377.71
8847.24,376935.08,5171.87,3041.83
5991.58,388235.11,8738.66,3001.54
4159.58,886051.11,5012.64,1397.01
5296.80,568264.83,5016.01,6927.28
8247.78,890067.62,7549.52,1467.48
355.28,48339.09,2998.59,9927.61
3009.85,500729.05,8201.67,1617.86
2251.46,146699.17,6651.61,3536.02
1315.29,317331.52,4247.27,5454.84
617.77,840887.27,4573.00,6463.36
2094.75,831898.95,9255.38,2703.46
9032.20,233006.35,8331.83,6443.67
9570.94,500796.01,2762.54,7344.89
1920.40,829580.66,6227.27,7798.46
1982.29,510355.73,6170.67,5554.39
9563.84,406095.14,4694.56,8508.39
7651.00,989100.46,8342.87,8478.99
315.65,351292.20,2084.76,3081.49
8747.02,124133.70,6873.63,7393.50
1625.61,931303.30,2044.61,6.90
5599.52,44281.29,3510.10,1274.32
3975.96,198694.28,6223.25,5083.33
6907.37,57560.01,4700.83,9329.71
4329.49,776501.74,8532.27,4411.12
3700.27,215551.69,748.71,3525.97
8191.57,572339.39,5685.58,3337.13
7402.03,202260.98,9544.60,8648.31
1887.59,562651.77,1245.91,141.41
4847.59,350034.80,3358.15,9935.58
9157.46,312194.03,2904.19,5754.79
5605.37,70121.80,9662.48,827.93
8668.62,158815.51,5218.62,3296.38
9456.40,990449.76,9469.24,5866.48
1549.31,818625.55,2539.85,3720.09
4381.97,778199.20,9150.60,6283.95
543.40,231619.35,9348.91,6359.24
7911.19,129751.10,4224.71,8325.48
4888.61,452842.27,7734.39,5658.29
7180.16,575587.31,6081.26,6838.56
7519.46,399170.58,4235.51,7880.75
5554.18,392721.07,5123.68,9171.18
3696.71,486786.66,777.54,4082.36
6164.70,82236.60,6304.46,6917.35
2664.66,359427.13,6926.22,8138.64
5212.44,694515.16,5530.31,5548.84
6438.04,552481.62,3187.74,1115.73
388.39,89726.06,7913.54,4472.47
2319.92,563020.53,7580.77,5773.74
2264.09,306160.84,1346.43,2551.79
8252.32,740829.96,207.15,7491.61
9002.90,253988.32,1374.90,6632.34
2600.98,960531.79,3047.83,402.52
7243.67,137009.24,5848.32,3109.49
2475.89,59866.99,4710.57,28.91
4508.56,149988.02,321.75,5077.95
7189.22,274220.57,2356.00,6206.29
986.39,744140.16,7687.45,102.03
5952.05,562466.07,5528.56,2584.68
1043.22,238353.33,8011.94,6145.68
1411.60,204207.53,9118.94,1496.97
7311.60,498720.04,7055.39,5701.32
3130.48,973497.62,5184.54,5483.11
2710.22,293960.49,4449.83,656.71
7609.54,359109.50,5854.50,9259.31
8245.27,279313.11,5012.67,2938.69
3955.77,886440.90,2045.96,8421.14
6945.38,686471.55,9172.26,8473.02
6797.03,81128.21,5217.93,3669.82
6781.47,482145.70,981.82,4499.25
544.93,339449.17,1889.55,1850.56
7923.09,142825.24,4698.56,2779.88
1607.64,795591.74,3149.15,7592.15
2183.02,638323.64,3404.35,3742.61
7654.02,160867.80,3880.68,1836.76
5001.39,281680.86,5644.62,9094.98
5530.71,554949.35,8934.15,6049.10
2821.13,168002.78,8561.94,2950.31
1933.81,634205.66,5966.64,3393.95
1206.20,749815.48,8501.02,4004.06
3436.53,867219.34,7180.31,671.15
1554.14,761512.68,2561.50,3799.72
4974.56,932559.50,4684.15,7297.05
6754.58,150474.11,7075.24,8623.14
8390.63,818890.08,6705.91,121.60
8645.26,97433.35,1484.52,5064.58
5139.78,792491.56,4380.82,5370.01
2617.03,313672.99,8597.92,1787.31
9757.09,542274.08,1343.66,1498.18
7219.49,907625.20,4700.25,2542.03
3189.11,997360.21,850.74,9250.80
9118.86,678456.16,5493.19,7966.05
7590.95,797315.28,7658.30,7711.36
6259.46,599212.04,6343.16,6206.26
6690.24,220103.80,4384.05,7632.94
4580.65,917104.99,7813.04,4905.16
8319.70,137849.45,4578.19,5839.09
6140.45,143517.21,9954.26,9588.68
8219.90,475477.58,7230.67,6983.55
8997.75,531300.94,1335.78,5995.23
6713.71,932317.59,9941.11,1458.19
1704.39,381952.95,1286.66,6384.68
2353.94,111743.78,478.05,737.99
7758.85,810241.33,6328.57,2366.65
9145.91,228932.68,8953.99,3952.27
7873.01,938862.74,4275.07,9286.93
6446.38,311814.81,5342.92,1971.11
403.61,820708.41,1973.96,9711.23
3140.39,255299.35,9566.74,7796.20
2799.95,271316.86,5169.44,6045.28
197.66,113849.50,3877.24,4544.95
9419.33,659091.42,1460.55,4830.33
8210.09,822486.79,9760.19,4817.16
3561.98,285860.99,9832.57,7753.17
9011.82,41302.61,4088.07,7733.12
4076.74,695361.72,2737.69,6909.61
2983.60,583554.75,1748.03,2432.28
9389.35,332218.08,9201.90,4360.66
6142.83,132427.42,4471.61,9321.66
4304.77,239001.28,9934.23,8520.29
3621.00,776532.64,8092.85,2862.77
7435.07,663943.22,7915.28,2413.97
8629.96,699231.30,2961.24,2186.51
9604.50,36884.06,441.35,1346.98
8518.71,181851.80,4736.22,8324.68
6083.34,176031.64,1100.83,21.60
2022.17,425884.65,5289.63,9347.53
8002.02,273110.63,2659.46,1642.14
4303.51,404230.89,5942.84,7196.18
797.05,669479.92,4330.86,4047.05
8891.65,136582.77,7764.95,2499.06
40.49,440795.88,9409.12,406.98
8115.49,409014.38,6158.78,6161.45
7504.28,492800.21,1739.82,4528.04
6136.33,962860.91,9461.10,9017.08
2811.20,595809.86,2006.09,3299.07
1180.20,402964.15,3783.74,3331.06
8523.92,590487.71,7306.39,1322.33
6071.52,340362.55,8822.03,2442.90
9023.68,562471.77,0.38,5266.34
8669.74,849504.25,1857.36,7338.99
6030.31,908441.16,4299.58,7980.12
6310.55,45060.59,9680.10,1443.42
6114.91,521197.04,1579.38,4907.83
853.01,48418.84,659.71,7416.18
8057.00,386336.50,7888.86,7842.94
3434.55,298931.88,1688.51,2247.99
397.55,528097.59,9635.09,3560.86
534.95,570003.09,7225.64,9440.60
2039.49,46953.64,5918.42,7369.21
5451.25,35084.72,167.81,9561.78
1247.29,436535.05,8495.35,4114.79
1784.89,533667.39,6773.41,2963.96
897.12,852456.42,2845.47,1686.23
8042.80,872339.61,366.47,955.72
329.20,710627.42,6319.18,4551.43
4953.93,600994.56,1047.21,4214.94
6653.93,737625.54,1842.58,7368.89
9602.75,589263.05,1135.48,9733.03
863.21,700708.53,8156.19,1211.90
2981.41,713250.22,8573.87,78.95
6598.71,130044.87,64.10,7444.78
61.99,107654.42,3017.01,1272.32
1928.55,750740.71,4669.97,6790.09
3990.43,783346.30,1833.51,8054.56
6983.95,767240.58,2076.64,3625.99
8503.83,955486.12,5747.23,7847.19
2807.39,787680.86,1525.67,8052.73
5172.44,932257.68,6344.39,7186.34
9263.99,260773.63,6453.63,767.41
4568.13,559296.70,173.06,6922.47
2367.42,782799.18,4441.51,8285.97
2960.84,779891.95,6661.68,4974.43
3872.18,537285.28,533.91,8551.60
8644.44,556037.21,9583.04,7926.96
8483.57,634951.40,4904.49,9468.51
4493.75,240412.23,4290.42,5260.52
6537.08,266495.78,8344.39,5400.23
5854.23,194370.63,5452.31,2502.76
2498.72,945803.91,1550.01,9171.37
5365.76,352013.22,2512.45,2090.47
2137.76,186156.06,6686.82,9612.08
8822.26,795424.41,2601.56,3231.19
3723.59,277012.25,2205.71,7184.11
8668.71,711150.32,3127.46,4553.53
1098.15,253952.78,4388.52,2727.61
4236.88,202996.21,8770.11,5835.22
8975.56,159352.40,1599.22,6867.74
321.67,861221.87,108.07,7598.02
3320.44,876366.22,9717.31,120.09
8199.45,253212.66,3603.04,9858.48
2156.62,703805.52,9730.11,6234.07
5689.85,245704.54,5168.96,3823.65
4657.57,864481.52,960.36,3813.25
5362.89,313641.33,2052.34,2820.84
8870.39,44595.53,5905.81,3751.72
2492.62,155741.83,250.15,1250.39
924.73,446752.98,5167.23,2525.59
6859.17,901855.75,7192.20,2850.59
1078.20,64180.16,3441.61,3878.62
5000.58,322185.65,1914.19,2063.86
4450.00,28721.37,56.86,3941.14
2015.97,233453.70,7448.29,4793.08
6794.17,270194.69,24.77,7321.14
4521.76,442091.13,2657.59,7337.36
8164.02,89684.57,4088.71,4206.86
8862.32,849528.40,3241.15,4796.05
9819.46,894349.20,8742.63,1019.69
1176.77,269664.48,4136.14,2730.37
2228.63,746321.11,9697.93,9656.59
8423.35,353593.03,8043.60,8371.40
4515.47,23278.70,4774.82,2861.02
1963.09,721663.98,7304.44,163.70
8204.76,493267.12,4694.58,5761.52
7804.12,67958.25,8852.25,6933.61
616.22,931346.55,2749.50,6116.92
108.42,607254.10,4469.40,471.15
5759.22,490646.05,6826.90,8307.28
7062.42,739562.91,1073.08,7814.73
3079.66,705400.91,9763.75,8609.63
713.04,252312.79,8257.83,2027.71
6910.60,188551.87,6508.71,1797.55
4870.77,485257.89,2821.03,2755.81
1978.16,831484.27,9067.86,1603.69
7681.30,748191.80,2498.08,354.43
2814.29,458485.07,2710.82,84.25
7967.35,366542.97,3633.68,9875.05
7427.99,53496.23,9413.86,3424.47
6942.13,294930.25,15.80,3699.69
8086.47,21742.10,7016.47,4224.29
9396.10,443756.93,2599.03,4112.43
4557.91,373809.36,5068.00,2803.13
958.60,868921.14,2343.68,9597.21
7667.25,364757.59,840.93,2562.89
535.79,519720.78,897.30,1150.88
3516.78,225838.14,1487.33,6948.28
9526.60,225031.25,6345.27,7400.48
1222.80,31400.10,815.07,8043.46
1918.20,182834.00,3756.77,9814.07
9520.25,788561.02,1660.33,9344.11
1862.53,103173.92,2752.96,1793.82
86.57,342220.61,7333.03,7744.01
7835.42,599624.01,6823.75,7940.76
7936.54,452995.71,8111.62,2275.10
4980.06,749335.04,1619.85,2279.99
1739.60,490654.39,1263.96,9640.18
9736.07,706748.75,1946.56,6735.63
9411.22,470627.49,5570.71,9077.31
3356.00,861052.27,9685.87,3644.37
6829.85,146175.82,3827.83,1594.81
3410.70,52452.36,7373.59,8596.81
31.12,713790.70,9304.83,1116.23
4885.13,507347.18,4657.80,2395.68
3730.63,254406.54,4635.24,7574.01
4966.22,937473.98,7365.43,3419.84
1527.25,738003.24,4115.84,4491.18
8124.24,653110.70,1403.44,4183.30
5638.05,564176.51,2891.38,6089.93
589.40,545409.68,6221.05,8378.25
6516.83,756254.46,9001.14,1466.29
5825.09,757941.57,5059.85,7191.11
5207.55,251538.36,6764.01,5869.92
5099.39,992527.56,1718.04,6180.75
3784.33,75245.87,2478.70,1628.00
9756.48,819438.07,6055.62,6507.92
1729.54,170734.73,5915.47,3752.43
4289.34,547035.93,2966.92,6804.88
8601.61,343585.13,3576.15,7769.21
1815.47,510942.57,2047.17,4474.44
5844.03,362118.83,2198.82,9809.32
6057.11,807804.57,7679.52,7707.29
3087.13,381933.21,3483.89,1499.87
6427.52,803739.61,1769.22,2006.86
6794.33,167028.19,3517.98,4694.83
5324.96,932539.24,3851.42,7510.60
1604.16,725104.52,2872.31,3584.26
9235.78,723706.85,5799.20,5896.93
7219.89,459611.22,5852.00,4221.09
7748.39,965409.20,858.41,8166.74
6198.15,726120.34,9873.04,4004.72
7079.43,512419.10,9235.80,7088.65
488.13,645607.38,8443.31,6160.14
7213.98,54127.94,4967.10,596.96
7073.06,472215.24,3724.30,6752.04
4261.07,902705.67,1291.56,4931.50
5565.30,718080.02,7150.10,4272.61
2126.34,826486.92,4259.50,8808.29
3106.84,162796.65,9080.22,4342.34
103.17,958660.70,6799.52,2410.21
4426.54,40102.61,962.74,4562.84
5484.06,816342.56,7971.74,7486.65
7405.92,379357.67,5984.40,7060.55
2793.61,850106.69,4633.94,7351.19
7004.85,204398.03,6684.25,8760.71
3744.81,829056.36,5246.79,8066.50
2898.78,797342.82,507.30,1930.41
4520.23,251511.08,8045.07,4605.36
8679.19,699930.99,6774.84,29.90
9479.43,356387.96,8301.25,8277.01
2968.57,769967.05,1047.91,6411.13
2894.51,695356.09,1908.00,4207.72
5301.71,615453.46,5360.55,5902.77
2815.07,130841.53,5006.29,164.87
2124.80,313987.86,5299.34,1820.48
3664.26,609961.48,1885.55,513.34
763.86,990003.45,7405.86,3441.82
6667.50,549465.24,5882.52,1593.57
1714.11,27430.45,2878.53,1484.55
9715.39,191760.64,505.25,7310.00
2101.79,460356.76,6050.48,1627.67
762.37,377103.70,509.00,6219.33
5670.09,429266.15,8620.01,8614.01
1362.74,922029.68,5150.36,3907.33
7140.62,375431.85,3110.11,5973.64
9445.56,139103.82,8346.34,6943.53
1302.12,231043.83,1533.73,8906.98
2929.99,218069.68,2964.95,7202.60
9677.88,267647.88,7741.29,366.85
8282.65,893473.46,8973.75,7841.75
123.39,890474.51,4426.95,2878.38
618.60,328842.06,7673.07,4722.97
7205.98,831235.92,8270.35,1135.93
4447.37,832493.49,6740.30,9569.32
3717.80,296969.10,9190.18,2915.99
6665.83,605057.15,3311.97,3644.34
6173.76,197503.17,2186.36,8345.28
5899.18,983782.79,4830.10,3243.48
9646.11,579129.19,2747.19,62.91
4791.85,93715.68,9879.35,786.84
9787.05,657050.38,9298.20,9315.85
4349.83,900816.43,3741.65,7802.08
2391.04,144191.09,8669.11,5526.65
1935.85,167103.62,5894.73,8586.74
3348.37,838942.40,3055.63,9372.53
7019.13,512897.05,9181.22,5838.85
4341.47,819422.86,9452.52,1914.85
1281.26,816240.13,2874.83,2045.04
2135.63,296831.88,5034.50,4818.10
2179.60,784579.25,4370.23,2915.19
1815.66,205474.61,4461.70,9197.43
1570.02,898778.38,6723.05,1652.57
6819.94,332035.92,7585.96,3133.73
3490.31,734547.10,1766.80,5348.65
1123.63,111681.75,8534.86,395.44
7705.94,871359.84,1033.00,7291.65
1422.42,563566.11,9649.75,5406.02
8119.75,123944.96,9201.31,1477.78
9668.48,203321.54,6254.49,1996.32
7647.04,656421.39,7306.07,8114.35
8810.14,555111.50,731.55,5980.65
3657.73,464161.18,5425.96,1403.73
7086.86,870822.61,6881.72,4095.89
587.05,973455.87,7083.11,3397.27
8731.08,128974.78,8044.42,4342.54
8816.40,914065.10,78.53,208.26
1428.48,130927.73,4954.78,5266.77
1425.92,784725.36,990.12,9372.89
3388.19,816961.53,1814.29,4222.64
2920.28,336697.07,3060.07,9648.43
5374.65,729809.69,1551.52,7153.42
6529.39,165428.04,9698.04,7037.53
5552.45,118222.69,3749.44,4931.20
9185.38,125411.69,8326.75,3327.80
7495.95,498140.18,1215.97,3793.74
5777.65,268317.77,1796.60,5935.78
4215.06,614049.98,3674.19,9917.70
6787.37,449474.07,7095.71,344.17
3548.87,748111.91,9549.00,667.25
5903.05,872777.01,3582.20,8921.60
2778.63,129624.70,9326.51,7557.22
6718.83,209109.31,5464.99,2413.90
2811.62,862413.91,6462.99,8469.73
116.86,908342.88,5759.91,2895.90
4787.52,672719.39,4319.76,9163.48
6435.54,210005.04,1447.54,9472.88
4458.89,145159.79,100.63,6614.62
9025.08,482686.21,2059.45,520.73
2197.15,379352.85,9268.52,9228.43
8291.87,247267.11,6419.27,8753.87
8975.80,564769.19,6417.71,1460.76
7833.39,984043.82,4765.31,7909.98
1182.39,316398.02,1078.39,2888.31
6765.15,388828.42,5981.17,2340.60
9610.76,98802.49,9430.00,4266.85
4841.08,808103.90,2160.92,3296.72
485.10,171143.31,5399.95,5616.39
9469.23,88310.84,5235.51,8198.32
8867.53,690748.38,7124.26,3872.40
6224.04,919344.53,2886.82,1677.05
7300.59,957806.73,7246.74,142.18
6956.97,517340.28,3476.07,9680.95
5036.29,928764.85,8033.18,9105.28
2106.89,156825.27,2212.98,430.49
5703.28,531003.45,4777.26,5597.29
6311.90,807314.87,3292.45,8514.76
3763.72,396373.04,3474.50,5915.80
8924.10,374431.90,5225.11,917.02
2611.33,36166.18,1241.13,3887.78
3528.86,450626.32,9088.46,6258.66
9662.25,505104.47,454.14,4237.36
3070.20,345574.36,1925.09,1050.56
6290.35,226918.89,89.25,8293.08
9683.77,511334.29,14.53,9241.02
2958.28,339101.04,233.37,9573.68
839.06,482337.70,9245.39,3849.15
2396.22,879403.67,8247.97,9291.52
5892.40,215293.96,2314.21,1973.06
6179.50,741668.65,7560.11,4312.60
9652.21,239086.20,4977.67,6961.57
2556.92,853560.48,2557.49,2612.38
2058.25,189736.80,6084.75,4038.82
5881.27,473783.44,5564.26,3766.37
5576.23,450520.68,8615.30,8170.60
493.45,271360.35,4374.10,4514.53
4409.49,102304.29,1451.69,5461.64
4412.07,614551.51,1317.03,1938.63
2129.24,314188.80,4110.04,1872.80
679.77,401991.39,7336.68,9291.59
6824.94,989534.93,9157.59,5547.28
6718.02,53621.60,7054.45,2017.82
5376.38,287448.57,9542.79,1534.90
4541.89,763998.14,3297.17,4003.70
949.08,24804.21,564.72,203.53
7186.40,205550.95,2064.86,6597.22
314.42,608885.10,8708.29,3126.69
9195.92,794374.04,1415.08,5435.83
96.24,755717.90,2071.91,2736.44
1528.31,816124.24,240.48,2621.58
3545.38,834180.14,9614.04,4530.53
3725.25,694606.82,5416.12,4282.65
1943.71,100958.32,8945.41,3123.04
8700.38,90625.74,8293.05,6060.25
7239.27,876435.15,4893.16,5927.36
7996.80,963677.28,4014.85,1560.00
5014.02,616583.75,3563.81,760.73
7865.49,614064.45,9633.53,1306.89
9385.84,120947.17,9131.34,6159.36
9016.24,128011.00,9501.45,2242.82
3946.22,501781.05,3077.07,5693.14
5392.58,973352.52,8915.86,305.77
5335.40,984438.03,8107.91,69.09
9822.39,958383.30,9492.47,1129.78
8556.25,54071.34,1479.54,3312.56
6895.59,31436.66,2244.80,6404.62
5628.75,748736.53,4950.93,1815.24
5920.64,183777.21,6845.71,5934.39
1686.37,563968.73,1097.11,7539.02
9311.33,623382.80,8047.80,7934.00
5116.11,578913.91,8206.30,9164.89
4255.38,412194.71,2739.13,2602.65
843.64,59092.37,8488.38,7475.78
8016.53,424413.76,3610.95,6513.32
8365.14,855872.26,6820.99,3762.45
9721.55,648420.90,7913.84,7857.37
8627.47,107731.46,9759.92,2541.57
3983.88,859900.08,2279.00,5083.34
6358.05,953386.14,7040.35,2374.98
4215.26,198741.56,7081.12,3968.91
6946.25,651863.46,295.55,1079.21
5977.18,247304.05,6319.44,665.25
9477.69,29597.44,6219.43,4114.27
3223.43,772613.50,1493.57,752.61
23.02,999625.34,3899.75,7440.92
2785.53,80076.80,450.62,6846.38
1782.84,302963.16,8548.36,8635.31
4952.51,411288.40,4680.22,9792.68
1190.20,607238.11,6355.08,2550.15
496.57,443508.38,1033.95,992.37
1572.39,562656.42,7691.85,311.46
6996.29,313389.42,6345.81,5892.76
8473.39,140384.31,8393.64,2939.95
9808.81,732531.35,5930.19,1185.96
3238.74,983420.62,1342.70,3386.08
5542.71,547441.25,9434.06,752.93
3964.25,365038.79,3082.70,3267.93
8383.00,281477.06,19.75,7892.35
5410.17,134876.70,2689.39,3100.80
2119.83,821353.08,5355.05,3873.35
1982.40,337752.38,2624.26,7307.78
3232.57,375785.29,1387.08,5351.11
382.28,355283.46,3797.75,7800.26
2880.71,918854.72,2376.58,5684.48
1026.45,285388.94,9568.75,2417.37
8153.16,295666.98,3169.11,7694.62
9838.54,419751.06,5906.66,7013.56
5427.55,312885.96,2179.74,7903.77
4514.01,844315.43,7442.82,2483.34
1191.15,621720.08,6067.81,4793.14
1859.87,492907.75,1637.80,512.10
8174.73,385938.92,9578.36,6119.04
5310.82,129045.03,5791.06,4342.34
7151.31,572498.54,6526.68,2826.36
4223.27,256019.50,4119.57,3344.10
7250.96,927353.64,402.68,9598.30
9048.93,880333.47,4631.98,2678.81
143.50,644034.38,5571.49,4581.61
8989.51,498562.94,8024.91,1845.64
5940.53,217566.63,2547.01,3326.22
1233.94,742728.53,3327.84,8399.26
1168.40,261312.86,3314.88,4478.52
3379.95,824251.38,7523.30,5628.28
1663.61,169312.78,5181.43,7267.11
3141.28,461572.52,8868.72,5483.22
5742.35,731700.93,4125.21,3320.35
1942.34,821513.79,6146.79,543.23
5495.56,355780.19,1127.62,7854.51
1501.62,109458.02,8570.56,1310.62
6561.22,270328.62,7459.30,7771.82
5005.71,288427.30,3570.11,7622.07
9225.35,35718.22,7398.68,6707.29
6975.23,492136.71,2187.25,5465.89
6203.34,207423.64,9359.40,9563.50
8424.35,962102.36,4304.76,2994.07
4953.06,825498.66,8903.08,1572.35
6415.52,423881.21,8436.85,2018.47
4871.52,327599.16,9614.07,9422.81
9610.82,442521.31,3307.29,3780.02
2226.39,708130.01,312.63,4493.86
3921.60,162300.26,941.85,280.00
8174.13,491094.60,9583.24,731.52
4858.01,360830.08,3501.55,4962.68
7716.25,449224.82,1094.52,2209.10
5679.84,712606.86,8583.41,9037.99
9945.19,206969.59,5687.27,7909.85
2950.34,862082.83,215.04,2233.75
2431.46,369920.33,8707.42,3770.80
3594.58,471339.57,5269.83,9266.09
5103.59,568251.13,3560.08,4527.16
63.89,512439.89,7529.27,5817.44
1472.42,706752.07,4961.66,396.09
2707.88,479536.97,4118.88,310.94
7551.34,219033.70,7866.33,6139.12
955.75,160818.70,1544.31,270.53
1323.96,168480.66,543.48,2542.03
7408.30,155365.21,1054.37,4555.55
8110.90,543532.75,2782.75,2851.54
1442.30,464998.04,5557.24,5259.11
9687.12,39871.66,2703.26,9207.62
1428.76,656198.72,2816.70,5559.24
7501.51,967091.06,8143.39,6610.66
7166.62,432175.19,2154.78,2311.76
2850.11,602428.71,1107.95,4462.46
6633.49,680153.97,4387.45,4674.17
9354.71,539138.35,6249.05,8220.12
3654.96,403976.33,7219.92,2549.36
5598.26,162079.58,6857.44,6201.95
5594.01,877076.50,828.08,1138.42
8268.76,408104.03,4340.71,9084.38
2662.22,175920.09,852.67,391.47
8663.07,113815.54,9665.05,2129.00
2954.15,698980.90,8532.70,645.63
7902.28,818283.06,7737.05,2678.76
9806.59,581334.07,204.78,8239.23
8710.28,853283.70,8202.11,7962.37
584.22,919944.00,894.82,7391.20
4106.83,958654.82,8636.05,746.05
8493.16,209724.71,9228.66,7134.86
5867.07,785332.56,8606.50,2871.55
1524.14,555451.27,3388.30,4595.05
8098.63,193655.36,5580.56,9219.67
5126.62,489600.06,340.20,8397.70
3788.26,879510.65,6155.37,7138.18
7715.70,431196.16,3062.22,8500.96
4669.29,185902.48,8588.08,8873.36
613.06,25745.88,2995.80,1236.82
7261.60,562518.43,5101.85,7044.06
6523.86,171332.72,7449.91,852.46
435.65,560874.12,4944.45,5697.49
3150.77,240954.68,4183.36,1340.20
2352.10,137613.02,1675.87,1985.71
1047.10,856181.27,7891.99,4845.28
7128.64,363539.92,661.75,6001.90
7310.17,272208.05,5827.38,5440.43
4085.49,420966.36,5248.96,8815.50
9216.88,119387.19,2273.51,9556.35
4921.26,896945.65,2600.10,1245.28
4402.73,231311.92,4108.12,6857.08
6670.63,84976.27,2663.23,8409.34
6686.07,754532.95,2175.12,7849.42
795.52,632751.05,6253.69,7591.19
9139.01,579985.24,5694.81,7015.47
1261.10,998530.87,724.31,9460.91
8506.57,981203.05,9438.32,2757.17
6948.56,323720.63,4200.74,5190.53
7575.75,69401.42,5892.93,7942.18
6255.77,494225.83,1858.40,4502.51
4595.87,180502.26,7144.77,7339.91
4237.77,188167.66,217.60,2190.68
1352.00,574183.17,3705.54,736.96
5138.44,452535.00,7933.41,3152.40
3992.77,990026.96,9.67,3020.86
5664.96,436351.24,4056.88,8471.16
3214.35,690850.40,8808.70,5021.33
6856.63,372934.08,7244.09,7588.75
2902.06,408289.61,9189.18,1397.98
4899.64,728826.55,1889.65,4105.81
8831.15,150721.16,5440.93,4363.65
3739.30,401977.29,9661.25,5250.15
1528.38,778596.15,6501.93,4532.34
4841.32,36748.16,7411.69,7551.59
9895.90,837265.84,8206.71,2680.84
1953.72,108327.42,4945.11,3762.66
4699.06,962376.88,3064.55,8713.11
1220.89,334126.54,8613.84,8563.96
3519.63,977914.30,4794.13,6616.56
9501.40,354738.76,9222.60,3093.46
1276.05,531970.20,7341.33,6699.05
6241.09,892037.60,5216.37,838.71
2912.32,640316.42,606.49,8896.05
6753.03,916993.30,4628.80,9930.99
7356.90,812859.49,7607.90,3436.59
7255.95,324785.47,1767.43,9380.51
4353.46,403055.41,308.02,7657.47
4522.55,219790.01,7112.45,9291.75
8264.81,325363.24,3828.94,254.47
5489.44,998018.34,1405.57,7597.90
5451.64,550814.59,1283.70,6759.82
4680.20,619587.22,7405.43,8353.58
4327.75,795778.25,3950.03,2534.95
9793.04,608797.31,5286.30,9124.86
9693.15,303997.05,4013.04,2067.45
8304.75,124398.23,156.42,7515.57
5446.67,706975.91,9603.48,5861.58
442.44,827618.71,2672.76,9369.05
2279.72,512798.57,4358.04,8711.08
6374.65,440539.80,6228.55,3684.44
9452.65,398451.62,6228.33,5643.54
7973.32,172389.08,6690.36,1786.42
2255.30,505733.58,2765.12,4325.40
7998.37,476334.19,3161.11,787.61
9253.32,585827.42,2604.27,5216.48
2056.16,24353.72,745.62,3882.59
5921.85,362614.37,5381.14,3263.28
1183.72,292763.78,8795.38,2512.72
3768.10,669807.59,4799.75,7420.03
5410.07,755977.99,608.93,7940.64
6544.29,281983.23,2083.54,6786.50
1146.27,311079.33,3064.49,2273.75
7652.73,264587.56,9534.08,4651.79
7755.81,220782.00,7161.46,1475.51
5344.40,472997.89,6424.44,4232.99
1156.82,187361.06,2947.27,5403.74
4812.69,515715.75,1953.63,2397.91
4807.74,975128.36,4806.13,2415.01
8783.88,101770.04,2488.87,160.79
927.94,784032.83,5586.32,8574.02
705.81,797408.73,2822.04,1240.24
7304.92,261962.90,542.58,4007.32
7136.44,682156.90,3667.06,2468.36
7539.57,908329.72,4570.00,1440.03
8433.81,99319.35,124.60,2340.03
5081.19,486508.77,8706.28,4455.10
9348.90,681005.99,8340.80,6491.65
3903.66,87718.45,4378.55,5513.68
3623.04,652758.02,86.53,1398.18
1174.44,493913.46,6371.65,6276.13
9191.43,447853.04,7483.76,77.62
9767.93,32271.10,7994.24,5262.31
3094.20,566367.27,2605.50,6092.09
974.77,478849.01,4419.28,390.56
7696.82,319072.95,9176.07,4634.34
258.61,373991.82,2675.64,6434.18
2321.13,461249.16,6098.07,1989.05
1411.90,437065.44,9267.16,9934.65
6888.80,226483.96,5032.75,7157.67
6962.34,933096.79,8895.89,6610.52
6678.67,95546.13,6760.26,1936.18
5181.48,488897.13,266.02,8801.14
9799.46,320404.79,3546.37,8234.50
6547.03,221247.25,7445.04,2984.19
1479.61,168474.64,7242.20,3926.95
5010.55,624722.46,7758.73,9906.17
1775.65,157165.20,5343.63,1022.53
1921.88,471735.66,9696.50,2364.84
5800.68,973812.25,9736.77,2444.27
2962.09,362376.50,6803.73,8182.72
8074.58,861069.31,5356.17,6206.65
936.37,86624.91,6037.52,8410.66
5097.55,352837.62,8482.38,8280.12
9778.50,766516.88,1562.56,3300.63
2748.34,950812.36,6905.26,7931.86
7618.39,450840.87,7463.68,1086.70
7609.01,256723.71,6679.78,1831.76
9264.32,499942.78,5351.43,7113.27
3817.57,40350.38,2700.70,5712.75
951.39,163217.78,5337.57,3349.76
9550.12,848384.10,2822.89,4874.48
2707.84,116866.96,1356.82,830.60
9734.16,124223.07,7753.67,7319.52
6190.62,694497.00,4311.42,59.80
4094.43,273772.42,1443.80,5810.96
8341.94,388141.03,9015.25,6918.95
2133.03,37329.88,9203.75,7640.66
3718.36,442278.71,3413.83,4117.95
9145.29,592634.89,3271.71,3397.12
843.83,48433.77,1056.99,727.29
9872.95,239159.01,8059.92,8522.04
438.36,212926.95,300.57,4831.11
8896.25,758716.05,9806.00,3944.62
5873.96,315362.66,6213.89,6840.06
9366.46,772469.80,7855.64,4582.71
8709.16,40427.46,3669.42,3503.00
4180.44,659417.59,7303.38,6999.83
4653.97,990578.36,2591.29,5156.59
6198.78,726427.96,5218.02,7.15
7816.61,572199.05,8839.14,1251.92
6609.08,44910.20,5179.06,4499.45
3583.69,392802.52,6703.96,1697.08
3035.89,674194.23,7351.04,1314.18
2985.41,691857.70,1492.39,4054.95
1499.01,676698.73,3821.97,8402.63
3897.21,592818.63,3176.10,9135.09
8821.54,734965.83,1432.80,1102.32
6929.68,688934.08,4582.79,18.81
4589.35,425640.30,6824.11,1799.65
6357.99,800415.92,105.41,2056.68
4263.49,630471.39,926.91,7771.83
8942.65,685544.06,3406.05,3877.20
7547.14,389415.68,2623.90,8497.24
5993.06,953286.51,5091.26,1946.04
8608.62,265918.69,3807.83,6223.22
6525.36,690012.32,3835.12,3714.72
7262.06,39453.69,563.59,6080.37
1866.30,317875.63,6926.86,6897.74
2707.26,345395.72,7700.39,4532.40
4554.47,807449.18,8719.42,4917.44
3930.30,487308.78,6360.83,7450.65
6890.71,412184.94,7955.55,1055.46
3366.52,571724.79,6933.27,1602.30
6989.06,137280.51,7448.13,6349.90
2927.35,680491.73,1994.14,5841.30
2679.85,980528.99,2091.09,8777.37
3992.64,820769.81,6506.65,791.15
6116.61,727730.71,3677.58,3758.77
5469.96,737753.37,5002.60,8308.62
4438.21,290244.84,3502.05,8528.05
6522.51,880196.63,7973.79,4517.26
4337.92,417258.94,6222.60,5402.99
3067.14,173821.67,2199.51,2700.12
890.79,240354.79,960.31,1496.92
9644.14,222686.54,2236.82,4840.37
3491.16,532948.35,8112.07,4910.61
760.19,323591.70,2800.11,3099.15
4251.59,112182.22,2853.50,9943.30
8306.27,263602.92,4256.45,5019.59
6714.98,515848.50,8808.44,6361.99
4151.83,675768.83,5963.43,8746.07
5231.32,31920.49,7861.65,267.99
9517.01,773111.01,4675.86,7047.87
7850.67,543270.90,4591.30,6599.79
5224.35,385965.09,7748.14,1436.07
8084.00,915155.16,6297.74,5811.43
9431.54,732750.69,3358.59,163.06
3383.34,878037.66,2105.12,9765.30
1946.87,559248.55,2482.51,6393.43
692.82,403339.12,7112.50,4378.44
6728.87,206462.64,9840.47,5335.52
1922.27,394683.26,70.92,9061.53
6671.66,932145.94,3548.35,1622.49
4694.85,962220.91,5563.07,5489.47
7277.72,776067.29,5695.72,732.27
6220.23,652609.51,4162.07,742.72
8319.46,264098.25,8579.14,735.04
645.02,252226.34,6545.92,2358.45
5091.34,131197.19,3816.96,3157.76
2731.87,326193.51,44.20,5330.48
3353.93,928369.68,4072.09,4254.37
3218.97,520792.85,8593.65,3597.22
4571.55,903682.38,9609.43,471.14
3711.23,81848.83,9579.04,1056.48
545.14,552409.45,4414.37,4395.83
1455.11,266657.48,3536.01,9646.47
9041.70,916388.81,9099.15,9980.12
6848.24,752039.83,5192.45,4531.71
4522.11,597666.93,323.32,8323.99
9035.70,26097.53,6824.88,8933.29
568.76,616510.03,8955.24,7811.43
7444.36,196249.06,7406.48,3642.25
3114.46,28859.81,1700.79,4886.32
9606.92,231124.61,3523.34,8755.27
6074.49,743311.94,3426.24,4257.74
8127.19,118897.71,535.41,7671.72
3483.02,42695.42,9901.50,9823.49
2138.11,449631.74,4958.81,5891.14
4735.65,520330.70,3190.53,101.26
1104.23,794219.40,1545.98,9650.15
2039.63,746045.15,4415.45,4456.16
1320.01,497493.52,1040.28,1937.98
1673.22,782023.58,1120.77,8913.85
7955.67,848086.84,7081.60,5929.51
3155.90,73572.05,8964.47,2848.38
8002.07,972619.50,3239.53,8375.04
2930.80,764873.30,9962.42,333.64
1966.20,626791.80,3650.63,7985.77
1661.12,334811.50,2012.72,2447.59
4668.84,760960.70,3236.46,6354.05
6741.95,812945.08,6926.40,9318.33
7995.96,822778.14,5978.76,1447.53
4129.12,340705.00,6691.35,3201.06
955.42,824469.13,2228.52,6216.15
6086.67,707897.21,195.65,6374.95
4890.50,767327.98,8525.40,7351.19
3954.34,59587.12,5137.18,149.04
4201.92,61010.54,5904.10,1735.32
7536.94,973444.35,2345.91,3766.22
5429.79,800200.90,5164.20,622.73
5216.80,652625.62,2245.44,4494.33
47.10,386230.27,80.09,4088.47
1391.25,784274.32,5680.47,2693.48
8816.37,386226.48,2027.55,785.99
336.28,378714.53,3836.57,8148.57
8060.94,947372.18,2003.44,551.98
8098.31,809417.75,4479.01,6456.19
702.47,308849.71,8515.23,9897.57
6515.44,578820.56,4237.10,6754.91
7416.33,579050.85,2316.77,2924.91
5969.71,700071.04,9160.54,4587.95
5756.24,610629.72,1467.02,2708.26
5972.11,669782.51,8274.58,6187.43
7599.88,170976.67,2688.12,678.65
5181.70,531872.27,7360.29,2969.13
7767.03,650691.53,7499.51,4051.04
4960.55,277563.79,2686.61,7526.95
9161.68,537634.25,4104.66,3833.27
3066.02,811630.37,6920.82,4916.01
2289.79,789130.98,8506.82,8455.64
6581.86,179958.19,1943.84,5513.55
9504.21,199913.88,830.55,560.33
5689.83,558507.38,5797.06,8246.58
6828.39,308372.72,5325.48,6989.67
2383.34,588748.63,3487.14,5475.54
8710.27,428696.18,5028.83,4512.29
724.62,809653.86,3875.47,3322.77
3558.17,881481.44,4563.39,6326.31
7747.05,201319.09,7378.74,3735.07
409.99,400389.69,7047.35,6878.48
6604.25,320297.28,1707.27,7069.34
9587.45,397426.07,3592.72,5038.54
6067.31,431719.73,5367.55,6490.26
2686.89,594421.85,6368.77,8167.63
2972.02,608283.75,1155.71,7969.29
9758.12,173297.26,8707.04,2119.99
6717.34,611185.05,4368.36,2173.87
4023.02,222682.87,8224.68,4716.97
7416.87,253072.73,2957.40,7035.89
6985.30,563477.82,1442.36,2732.30
1804.91,328105.17,9355.33,2288.63
9283.13,940922.89,873.69,4927.89
3498.49,499184.89,6197.73,9761.14
5136.07,155766.53,8062.33,6179.03
6717.12,577450.37,669.34,5719.03
737.97,672102.19,8543.67,228.15
5061.69,114103.19,4700.34,4040.97
9447.28,24454.75,7207.45,1106.20
9454.18,289648.49,739.51,1519.72
9126.54,571694.47,5037.98,5760.66
1839.66,570626.85,5330.61,9076.87
9482.34,790356.41,708.41,2929.33
3752.25,488915.78,5218.77,5180.43
9757.54,144943.43,3005.80,5798.84
1346.41,483678.80,3213.29,254.10
9627.19,817791.08,2563.38,8487.07
995.39,891040.60,3533.49,3367.55
8649.76,606072.27,3876.56,8888.50
2058.18,371565.92,8864.14,4996.55
2125.23,938520.04,1079.47,2921.42
5916.58,210620.49,3847.12,2142.17
3711.61,309446.44,3458.31,7716.34
2884.03,591692.51,2235.65,4598.04
7651.39,512635.64,9178.23,3784.40
1087.70,667752.02,7437.98,3654.72
5959.66,382689.51,8200.30,8704.96
3925.36,780727.08,8676.79,7030.29
8425.20,996403.67,7865.12,7371.45
5198.70,524174.24,7491.06,6316.18
5776.33,471752.11,7119.54,6334.47
3524.57,309221.96,1806.89,5727.35
8862.96,847058.84,7863.20,2281.27
125.75,618864.74,7303.87,3445.84
9206.49,767934.05,4391.40,7190.62
6602.79,240686.20,8303.52,9346.72
8768.98,874553.60,4410.75,5202.23
1788.49,893089.28,2906.41,5395.65
9293.31,26859.48,7604.37,8739.56
9286.63,425111.61,9604.47,7506.90
4065.83,930259.71,223.00,3925.43
9796.35,134904.27,5095.13,151.09
7453.01,849405.34,6678.76,7829.09
4824.01,56951.89,5523.75,7501.58
63.73,182623.30,1617.95,2584.20
883.85,413112.48,5881.02,7408.62
9888.75,174582.70,8449.59,3916.49
5789.09,227554.82,4781.72,6990.37
2268.92,489772.88,2806.20,4120.29
1135.10,30671.79,4351.69,1129.73
4043.62,754371.47,1913.40,2022.99
7576.15,142047.65,7449.21,7666.14
9731.17,619080.42,3344.89,4976.50
1997.25,967557.25,6947.63,5571.45
92.57,980508.08,9139.29,414.68
8182.72,230675.68,4305.73,4898.79
5930.29,423675.71,3755.65,7015.96
5083.04,923076.05,7152.35,9793.58
2473.54,793226.28,6843.85,8010.05
9281.55,884593.82,8111.80,8355.78
2201.73,765913.77,4306.70,1667.94
762.44,827635.70,9596.79,5642.34
6457.55,641951.17,3630.27,6514.11
3581.83,246111.30,1795.23,8599.02
8701.27,657795.29,1958.89,1300.22
5543.28,873965.44,3577.64,4210.61
4757.91,847946.26,7891.50,2279.04
3479.39,363389.68,8551.56,4658.50
7908.69,928340.38,475.90,2818.03
3241.05,257790.59,989.76,5774.85
9178.47,878913.73,1377.41,2891.37
5995.92,639593.66,8858.50,7582.31
5670.62,207915.37,8698.49,8489.57
4937.64,137960.09,3672.72,8208.38
2300.95,985547.71,3426.05,3485.83
9007.37,626495.40,9404.48,4963.41
4782.31,379512.59,1982.75,8998.03
2729.26,506027.33,5171.35,8871.43
4211.28,810040.80,859.04,7785.63
3761.30,892531.68,8931.24,1442.78
6108.64,426983.53,1802.48,3720.26
2263.30,275283.79,1910.32,4977.59
9265.10,356543.64,8540.86,8869.40
8683.34,495314.22,5990.46,189.27
2243.98,730224.96,8515.63,3231.92
9064.41,99246.12,8782.87,7436.92
7892.20,873577.68,5602.38,4664.67
9472.74,368593.28,3614.48,355.94
8711.33,657318.15,2294.73,9039.25
3649.44,569596.10,4153.54,3175.60
8440.15,258400.94,2328.34,3167.86
486.91,373674.27,5901.12,5512.98
7700.35,723621.42,7221.49,5537.41
431.66,203573.89,9274.98,932.08
4056.88,133327.05,2708.91,2390.92
2415.11,305287.43,1512.46,8057.22
9344.54,987815.45,3545.34,9195.29
5413.87,570824.34,7118.83,5529.92
9612.40,583997.30,7655.37,34.45
1241.12,441910.79,9087.78,4598.14
5537.49,94902.21,3106.18,9967.00
7670.64,429696.39,5620.61,5627.07
3659.53,689605.89,3879.75,7887.44
3495.03,170546.13,9570.52,7320.50
1288.10,356156.50,2921.03,9929.87
9619.67,922995.67,338.80,9941.77
433.77,435078.29,3438.66,5953.55
2794.07,75948.07,449.30,6323.51
8615.00,736030.99,1934.88,4148.98
1082.07,763190.15,1527.82,6955.02
6892.10,575202.64,8941.06,1303.95
2672.50,144306.41,6913.00,7936.57
7979.93,776014.27,5935.52,8768.32
2131.86,517069.02,625.19,3089.56
9790.98,940714.41,9420.17,6656.74
700.57,451381.46,4919.95,4011.56
2260.20,265441.84,5632.47,1328.43
9734.40,799854.58,1152.71,4365.49
7803.34,616334.10,1869.42,3682.87
8892.54,905092.52,1181.11,7191.71
8260.24,49260.62,2899.95,8310.72
3174.00,748767.28,9031.70,6532.39
3674.65,480758.07,3442.46,6038.76
5403.77,532559.50,5057.37,7157.00
762.21,542746.22,183.93,4908.22
3270.47,206043.99,7312.31,8678.03
1418.04,758602.54,9317.23,7125.29
2516.85,721597.75,7370.85,2846.16
4115.63,403173.46,8073.23,2023.01
384.86,221409.19,316.90,5313.63
3548.48,934300.65,1224.12,7573.56
5916.81,166665.85,1130.38,5655.23
6366.13,748440.14,6034.72,5490.09
6214.14,403999.56,2197.46,1935.68
3356.08,557952.73,1638.13,7457.02
255.40,629266.64,9170.88,8612.64
923.24,712643.65,1312.48,2527.96
4375.04,473741.44,4907.13,9064.36
7218.37,453129.55,8635.16,8230.31
6004.44,482801.36,3706.95,6530.93
767.19,508611.06,991.18,415.60
4776.91,622181.49,585.73,9758.46
1951.66,896628.91,6412.32,9394.58
2598.15,51876.87,2800.42,2134.92
194.89,727382.03,2223.37,2396.18
6783.63,192770.64,3359.40,5606.94
2201.53,200185.17,6472.34,4889.40
2864.69,616066.10,8742.02,3166.55
9104.85,324645.01,5620.93,5807.18
6164.62,70600.90,5554.26,6196.94
2872.33,64131.96,4472.01,4211.25
3746.61,508121.43,3347.11,5466.25
4821.23,644126.55,6810.55,7437.17
834.85,451595.47,3324.22,7058.50
1595.70,553018.02,7734.66,3258.49
8310.48,556641.41,5165.44,7030.81
6456.97,287933.60,1153.25,1109.13
384.00,361151.94,6692.70,1085.71
6238.25,863176.22,8426.79,9903.04
4045.53,743190.51,3604.97,8047.93
6815.88,923849.20,6628.01,2490.30
4394.64,392238.57,9008.58,8434.48
2448.21,492245.65,7398.67,9288.48
2451.31,323871.91,4969.82,1907.22
6833.93,999581.00,9879.43,6128.64
4549.42,332943.81,816.07,9896.90
6241.23,320646.72,3689.03,3854.77
4914.53,925353.63,5412.21,2187.83
7559.52,393963.13,429.49,9715.83
5527.40,993478.70,3138.77,8752.10
6625.17,175009.74,4693.88,3089.55
9874.83,365347.53,5798.47,622.61
4672.81,815111.05,8053.26,576.83
9689.42,922632.76,5177.66,6093.72
3263.95,223556.11,1999.26,8006.00
6279.73,227541.65,3489.18,1038.87
544.14,475529.61,8318.87,9385.97
552.52,263682.65,1423.30,4633.92
4180.57,813433.14,7878.17,5347.20
8328.54,240985.56,6033.26,4275.64
8831.49,194174.23,1291.33,6109.71
53.43,479754.16,3181.93,5983.97
8499.04,260001.68,7451.54,6517.13
6505.41,533928.80,1776.23,9077.56
6617.06,835465.12,8400.56,3175.82
4601.12,438637.33,9515.79,6411.35
9225.48,878076.93,1513.18,6238.20
9901.40,492112.63,2382.49,3965.30
9082.81,415254.73,2473.43,869.25
4918.40,127054.53,2597.38,6073.51
1068.26,225122.48,5018.91,5935.36
4825.63,591514.66,2271.62,5082.53
1725.16,183748.29,5929.87,9954.46
4672.61,724381.87,2477.86,6728.12
8297.14,386397.32,6239.67,6846.69
4705.49,835546.81,9968.82,5019.47
5108.69,575377.45,2143.01,6524.38
2895.38,545823.55,6269.46,2919.87
7641.60,512056.22,1578.72,7860.72
6275.88,206706.28,6369.38,7613.00
7158.96,255627.06,4963.44,4075.92
5191.38,85039.50,6742.01,1643.87
1228.11,536202.85,1052.93,3080.12
7057.62,562679.63,4917.16,3723.36
7994.30,714815.07,1407.50,7811.99
8736.24,966226.07,5333.46,5485.65
4556.49,887896.45,9438.07,4112.10
9124.73,766900.14,8697.24,2987.35
2296.80,238825.57,2509.60,6170.19
6063.42,275649.73,4574.52,4237.61
4515.41,644111.28,8078.20,2085.30
4161.01,163558.05,9442.52,6548.12
4222.20,286795.02,7338.70,4577.94
2640.26,362634.21,4927.37,9992.13
2436.86,494649.47,2359.15,4393.26
4805.45,127064.22,3454.49,5761.57
9848.98,265751.36,5178.75,6434.28
3232.98,300000.30,1038.35,711.23
7189.70,229006.71,9845.99,1164.43
7286.90,255966.56,9437.95,1879.25
2166.44,792206.58,873.24,6318.13
2060.81,853959.31,2404.81,7272.75
3312.32,55191.41,4084.66,6458.81
347.66,481320.00,3249.89,1707.85
3601.86,250702.21,8333.80,423.21
1739.17,913459.19,3456.00,8993.09
9184.35,360496.60,9067.55,9191.08
5456.22,759509.18,4562.38,4245.22
1086.74,819307.89,7212.90,9219.44
6011.93,568984.04,8047.92,2626.60
237.33,404225.29,9363.22,8780.30
3308.99,799524.54,439.54,3293.04
8662.05,932073.31,7740.52,7341.00
1272.66,550806.69,3372.43,9841.43
2204.64,352368.73,910.19,526.23
1621.18,314691.48,828.57,1045.92
2622.62,148432.94,8725.01,5700.81
1875.04,476694.36,8280.21,8171.98
9410.28,284237.97,7474.72,5712.16
9206.67,288852.48,964.81,7657.19
4200.52,259564.23,3717.92,831.73
4232.26,319067.50,1017.95,447.96
3096.88,581048.35,7772.73,1434.29
1346.98,847002.63,5690.94,1781.18
4787.55,181698.67,342.89,6454.21
4705.52,681611.64,1379.49,7699.90
4792.67,266457.27,8255.74,5157.75
1449.25,140378.03,690.17,7092.07
8696.75,806386.03,7788.69,2270.54
6281.60,415342.60,2271.09,541.37
9717.55,649055.09,6560.85,8999.09
3993.38,615997.46,5633.51,9779.32
8463.06,697711.92,7466.19,4985.67
9039.41,884124.57,5690.74,4027.59
5228.23,56808.98,624.90,8735.39
3768.14,620657.09,4241.13,2019.65
7682.88,766468.14,1829.54,6554.62
9405.76,709641.43,8121.51,990.80
9302.42,733460.09,8462.51,2539.91
6396.40,249378.40,6257.75,6425.62
6392.91,771276.53,6361.30,4656.34
3200.00,105821.28,339.01,8852.00
4062.08,946873.80,3608.32,4444.34
5149.36,368309.21,6342.12,6470.68
3987.83,876665.54,9721.64,394.27
7467.91,592713.86,6632.87,4909.41
9335.74,239342.95,1223.29,7527.52
9049.92,202077.66,4870.52,7890.88
4677.23,918100.33,7061.72,8223.40
6104.50,579821.37,8442.31,5103.36
1259.87,669844.49,9864.95,1830.84
7265.08,835599.63,5654.37,6063.12
481.46,803965.71,1500.96,3103.88
4265.95,48882.19,7405.74,1257.85
919.33,618248.86,3921.85,2000.14
4787.35,420339.07,5571.90,4359.91
6766.64,584502.27,8768.50,9881.20
6570.65,126107.88,2824.49,1798.64
8026.89,261482.89,1711.98,9654.13
4405.33,195021.39,1113.81,8480.75
5318.68,677695.70,8.68,9892.97
4089.16,973873.23,8540.50,947.83
4641.77,591645.51,4245.29,5479.50
9963.24,250800.27,6843.12,1760.05
9956.40,782119.23,7750.57,9802.19
5123.40,451859.43,4228.16,1395.12
3927.26,386076.84,9650.24,6052.44
5909.61,230877.25,768.96,6451.61
9683.65,906729.12,41.60,7657.18
4774.81,897650.34,6100.19,5445.57
8947.47,439380.21,8264.50,386.86
8134.94,554574.68,1634.46,5989.68
4380.57,107613.32,7745.19,1177.96
8301.54,996782.07,2027.54,9643.88
6503.02,847397.38,3389.58,1209.04
1098.53,735861.76,3118.79,3226.55
8033.85,281693.21,2.51,3269.31
3264.83,672245.42,6073.43,7875.35
1005.89,653136.90,2709.62,5958.98
6244.26,186333.55,9953.11,9646.75
4506.12,807378.67,2858.28,9760.27
5464.32,863441.55,7441.38,7943.29
3393.30,344655.61,5374.25,2518.21
6705.48,32643.33,950.68,557.74
844.28,202175.90,6050.59,4370.32
3662.47,644590.92,8837.32,6623.05
80.63,834893.16,9745.40,4664.19
3299.05,558387.94,3951.06,1257.28
3127.08,387248.67,2964.86,5902.04
8098.09,992595.13,9245.83,8192.58
6953.46,393459.83,6808.32,2251.30
6808.24,640446.24,7678.24,9177.20
9851.56,328932.69,8751.80,2660.36
7788.87,994352.00,6120.31,1439.61
3398.60,800377.25,4246.57,1118.37
1554.90,649770.78,5513.02,7003.89
7858.71,127202.87,1609.43,9098.38
1622.98,703523.76,1987.35,145.32
1374.23,671772.54,6181.06,7722.73
5260.60,486632.61,6179.25,1775.27
5798.09,361093.92,2229.24,9689.76
8239.77,356758.37,465.09,2044.60
4519.11,947525.19,3573.25,3500.96
196.78,100319.00,6344.30,4954.32
131.59,121074.02,6406.32,5027.62
9699.50,359364.01,6695.61,1262.92
2300.83,490867.49,292.31,3956.00
624.07,43284.54,133.50,8479.19
8676.18,98371.58,5813.59,5150.09
3942.14,570436.50,7191.49,9229.69
4203.09,909937.71,9846.37,7471.02
1520.61,589755.32,558.68,1789.90
6685.79,441255.13,1940.13,5092.30
1035.21,357440.19,4096.32,9068.20
8952.13,511286.68,7777.88,8849.71
3599.46,888786.09,7860.74,4831.56
472.20,728266.45,8193.49,7665.11
8210.76,890241.56,8859.37,8462.19
3782.15,415337.32,4722.99,2583.20
9615.00,601770.60,9766.33,2034.14
3565.02,588406.56,5166.13,8460.20
8691.32,364596.33,324.21,5998.87
8739.81,783797.41,5134.97,843.56
6958.54,594405.24,8658.54,2268.89
410.72,478275.14,4065.89,8081.86
9304.95,285089.43,2231.52,5988.58
1027.79,389025.38,6671.75,1203.78
1542.82,233105.58,661.68,9781.19
2610.75,166162.90,3310.58,6605.33
1889.37,757528.22,5135.85,6761.02
4387.45,995349.30,5247.51,9084.40
7975.69,595876.06,1640.15,1100.09
2698.65,313097.10,3286.50,5261.63
3485.14,960788.79,7736.52,7437.99
8520.49,382339.02,748.26,9926.67
1022.84,367633.05,5111.31,2924.35
456.35,780840.17,4271.19,349.00
317.87,388115.43,2622.56,8182.71
3549.71,960031.33,8411.60,6092.23
3359.53,589980.65,7072.46,5985.02
6769.38,76841.59,2520.11,4370.96
569.55,367873.13,1431.67,8925.73
4518.86,166108.33,870.45,3489.43
4611.44,135439.94,2741.87,9884.64
21.26,346142.73,9517.48,9400.79
938.90,473753.35,4423.32,1567.40
931.46,375028.88,5860.87,2926.18
6684.56,36131.17,213.84,3912.96
26.90,760234.84,9391.07,7672.71
1990.81,114432.77,9465.84,656.83
6328.80,589113.25,4593.98,1189.31
384.17,496909.18,6027.91,8839.26
4505.09,372870.34,9491.17,4399.57
7294.81,892685.25,5437.63,7547.52
2906.91,781580.76,5791.88,6850.59
8322.81,882951.92,7652.04,4681.18
3089.99,152826.95,9133.58,7817.04
1352.63,423946.91,5042.40,3029.50
6172.64,761540.68,387.66,5799.23
9117.43,231801.94,7879.86,9450.15
3881.79,763625.22,1506.60,1454.52
1314.81,644334.28,2038.45,3438.00
4638.77,910936.19,1889.50,1500.99
7875.46,739861.29,6142.08,3873.39
7536.31,500199.02,3742.18,3632.43
7486.38,718115.64,7882.08,5238.72
9558.25,383441.46,7408.78,4983.81
7970.10,993339.42,1731.83,7092.46
3893.77,732519.10,151.07,9186.18
7621.62,514635.47,2785.01,3089.71
9697.39,115311.90,4352.32,9550.09
9104.51,993653.95,3944.16,8338.33
6146.55,726170.10,3622.07,8416.68
7.81,444692.00,6185.88,6379.69
6148.22,358187.46,7778.57,5215.39
6665.20,847285.08,4129.55,9583.11
7546.06,949880.18,185.27,8267.40
338.14,106367.86,1635.79,9243.06
2179.87,83849.16,3418.02,7873.86
7364.40,470082.66,4661.52,4168.23
5648.62,660004.30,1739.50,727.98
7373.63,150313.97,1097.95,9051.38
3128.97,710928.59,1357.53,8190.05
6171.51,796026.64,9818.26,6409.27
9100.46,51960.20,1943.66,3464.42
2394.07,994486.42,3661.34,8381.47
1329.23,923570.74,5388.80,5217.48
9533.65,120440.50,3578.36,7177.32
1961.72,608617.79,272.24,7675.84
7438.16,838336.54,3668.48,5460.03
1079.91,712049.76,3020.86,9743.60
9885.21,767657.99,9330.58,456.90
569.62,215641.48,9234.85,8177.82
7332.54,326454.15,3257.22,8084.88
8653.55,425338.02,1156.70,2361.41
6446.51,113142.78,6497.71,5880.41
7940.53,193785.78,9759.86,712.21
510.01,631663.74,4316.61,6022.68
2342.57,225628.07,2433.84,1267.62
7311.52,750061.37,9074.43,2239.25
711.26,238143.92,9742.02,1483.62
3616.77,347574.07,4856.85,6883.29
7545.09,434807.97,7229.06,4787.36
7824.61,110309.10,1079.32,6971.34
3619.31,374349.63,754.21,3922.40
4908.68,500580.64,4793.29,470.67
1889.73,322889.63,6327.19,3625.48
246.37,209989.28,3920.88,6625.39
6522.25,621732.07,7923.26,7674.20
1436.69,531321.33,6144.44,6610.29
5399.47,728390.21,9253.89,7844.35
9708.56,769345.43,677.58,3301.53
8956.09,813423.85,7969.76,4816.14
5021.21,435585.37,2644.18,1453.18
694.60,220666.80,3272.54,3568.33
1458.01,697146.63,2292.08,2068.70
7232.80,83422.16,412.01,8299.41
2015.61,734675.13,3767.85,7256.50
8234.75,974204.04,8045.22,4414.69
4389.66,589526.09,679.37,4358.47
9076.79,430603.11,6934.01,7618.60
1858.81,765221.25,8172.57,640.71
1599.93,344855.05,957.71,2651.14
5868.64,853272.65,3749.12,2335.44
800.55,149689.08,3917.44,6707.49
9416.84,678450.83,1551.50,4323.19
7810.64,978035.41,8108.56,5079.99
2841.45,843575.73,7341.98,9244.27
2019.31,159169.31,3137.87,9061.41
6113.55,778908.71,3902.23,7328.62
7687.13,738870.16,5962.21,8648.70
4236.10,486223.01,9079.96,733.19
2904.75,196173.47,5624.82,5086.18
4850.33,652631.92,1209.23,8675.71
1247.57,194294.09,8666.23,787.22
9651.44,954251.57,9130.97,2154.14
8977.77,68298.57,3686.07,6673.63
3714.94,534777.33,6540.32,9540.65
3145.46,697105.09,6032.55,9471.65
9335.45,969051.83,2887.27,6839.42
8440.38,572388.72,6095.92,4003.65
3479.32,506702.16,5557.24,8897.05
3145.90,421970.54,7182.79,8014.69
452.68,975925.10,558.11,354.93
7046.57,650268.29,1447.54,9572.83
3886.59,952497.99,1440.28,7632.43
6641.14,603387.06,4857.67,9582.47
4640.66,984093.67,8676.36,5729.99
5512.31,91427.99,4669.41,4449.60
3726.96,844977.49,4226.95,6141.34
205.00,905593.06,5390.42,6438.07
1855.46,401164.46,8519.23,4663.65
4464.56,432664.18,1705.79,1756.04
9702.87,231114.73,9564.73,394.97
7186.50,94434.69,9344.32,8911.53
5506.24,352045.60,6443.04,9707.67
1929.40,624671.30,7361.25,2376.18
9083.00,546938.12,1877.88,1487.37
8342.44,541184.77,7814.28,9096.43
3878.90,152316.20,1132.10,2425.96
8359.17,695587.30,1309.30,7890.84
1145.53,311876.89,6948.32,3658.21
2509.12,388314.86,9392.46,4273.07
2848.84,186049.26,2761.55,2530.65
4198.70,181492.46,7265.06,5739.11
2410.36,412560.53,8910.56,5792.10
2313.09,327220.60,2797.96,5058.20
4882.63,898087.51,9074.38,2994.69
4990.58,633861.04,321.95,1606.31
660.36,846071.18,6660.68,1394.52
9920.97,977899.88,170.63,3281.26
9328.94,350772.80,3372.42,6141.05
9019.54,933966.22,7452.53,4038.60
2751.82,192649.55,4679.42,2044.21
7828.30,180584.44,6028.83,4587.26
8998.39,635128.08,9421.45,5708.39
2495.83,604238.21,6173.34,6284.06
1213.80,267853.57,3269.27,9322.24
9687.53,489324.42,6891.36,766.16
8032.49,106492.99,8270.35,9893.44
7277.69,826575.24,6373.82,360.43
4636.67,764170.38,3205.68,217.55
6174.99,897526.08,6563.42,6808.89
6061.70,354612.25,1984.32,369.80
6132.95,717608.04,309.27,8349.29
6849.62,52081.43,9802.28,1009.13
896.97,725442.62,2086.56,7689.80
3652.50,958177.28,9292.15,2283.38
539.52,130917.07,5757.92,5916.94
9887.30,670580.59,1390.22,4624.71
1334.85,479618.22,5352.84,9875.82
4043.52,153821.00,8147.55,224.39
6025.14,656203.22,7342.03,3061.74
5745.51,397145.51,7211.53,6475.98
9829.28,174285.08,5382.90,2562.12
6170.75,929565.70,204.58,5175.89
46.08,405411.29,1013.06,7088.05
1925.89,747162.12,9726.52,3770.51
9603.43,504713.61,6268.18,3634.26
3981.83,492723.99,2207.09,7438.89
7404.90,715806.95,6700.89,2806.75
5769.77,72802.05,6335.33,3300.05
825.36,502515.87,5777.20,5357.05
7039.37,842253.00,9292.26,534.01
8207.32,760006.49,4127.11,4962.27
2581.01,171353.44,5513.47,2705.53
1709.32,982901.97,9625.85,4789.86
7413.33,755561.58,5208.20,1079.75
3358.14,152959.95,6782.41,7886.26
2537.92,433004.69,2361.42,218.60
9656.25,553889.66,6411.83,3928.51
7862.51,59770.67,4445.57,9647.27
2596.18,245887.23,9067.95,7377.73
1394.29,598081.45,8568.35,7879.63
7433.26,357467.06,8213.02,4573.77
6305.04,997426.84,1283.34,7591.73
68.36,677167.45,1600.87,9809.84
9969.38,853736.61,1789.83,3232.43
9392.19,392708.58,1850.09,2926.39
1577.98,316668.94,748.53,4860.25
2442.74,490181.23,9683.86,3463.19
7427.07,740093.57,9439.67,4495.42
2727.28,650843.77,5812.99,8908.67
5485.96,995847.69,6490.07,3776.36
4560.75,388106.31,9938.68,7085.69
3344.04,295842.49,1895.76,4209.39
8771.82,692279.47,7851.62,5212.63
6138.89,972598.79,566.69,3801.07
7628.36,735666.23,103.93,679.03
3566.99,993289.77,120.05,6361.85
9333.89,115575.04,8230.56,1074.73
7578.71,527368.76,148.90,2270.47
4946.39,697832.01,6996.72,3511.64
4858.97,92860.58,2692.50,1987.89
3071.25,408370.70,3647.78,5777.16
695.28,391394.10,6135.02,6109.92
179.83,965477.17,7638.45,4358.30
3334.69,467054.58,7259.16,8247.66
6905.15,830268.96,6817.49,6875.67
431.18,869133.56,8681.23,9524.74
3166.31,757985.64,8544.74,8966.22
1685.02,123854.70,1394.29,5980.39
7473.30,577669.31,6717.02,8153.98
4275.77,505153.51,4645.80,2667.55
8263.51,372813.09,8179.28,9747.74
190.41,139589.13,7876.55,734.94
7621.86,860555.84,4497.79,2304.76
7048.13,665466.43,1947.22,6282.14
235.72,952001.03,7571.82,2699.61
6523.48,131246.33,9379.24,2276.96
2936.53,521238.10,60.30,3337.15
6969.21,843322.57,5836.53,7323.83
2679.45,975644.29,4100.24,6548.76
9340.63,378243.23,7574.60,7572.60
3312.68,385045.14,4293.21,3710.84
8022.89,859454.67,2083.66,556.53
3988.07,752311.63,3436.65,9124.70
662.72,303646.56,1652.21,2248.77
4564.49,172972.49,1976.48,1196.78
3606.29,646775.77,2077.80,1126.22
5855.55,696419.26,4657.54,5958.47
2044.76,664847.29,1251.37,5529.94
5073.28,226282.55,348.56,464.34
6468.95,69530.40,4841.89,3111.11
9319.24,742557.69,3518.02,6108.10
9534.80,143688.18,8807.68,3651.60
2474.76,693057.72,8337.67,4395.11
9941.22,246898.50,961.16,9048.30
3341.71,406771.72,8890.12,210.71
2421.72,546044.49,6313.51,6750.14
5385.47,626707.06,1457.12,123.27
5451.62,991052.79,3425.69,5436.98
931.67,964793.28,7365.14,5761.13
772.18,520857.70,1492.67,4229.39
5168.16,426425.77,7364.69,4802.46
1333.33,729669.13,387.08,9218.30
7803.94,437227.72,1020.07,4617.07
6756.61,828622.65,8389.12,3603.74
2736.36,269607.96,7086.06,6099.27
7919.68,382889.96,4829.16,231.64
8578.48,491693.14,3348.07,7730.87
4764.26,89327.39,7369.63,7817.72
5397.87,906212.44,6902.38,2413.28
3928.75,904741.02,6152.76,4647.60
5518.52,271912.63,8353.02,2107.86
5307.34,119846.45,9540.69,6042.23
8737.47,445081.82,5901.79,7823.61
9137.01,859001.04,8674.59,4377.48
4807.66,183759.96,7808.11,4991.16
7714.13,770787.22,579.30,2947.32
8538.56,362214.39,4195.08,6762.15
8342.03,399524.62,2040.08,7459.27
5366.16,448258.16,1678.52,273.18
6611.29,432789.30,8977.96,1451.49
7743.91,640989.60,6795.37,3413.20
1614.24,385018.23,8550.40,4420.34
5206.16,791531.28,6708.16,2133.59
7195.13,742277.08,3703.63,3947.63
3455.53,214346.16,8161.93,839.82
5837.76,58269.39,2403.45,5616.55
326.08,781709.38,8170.43,903.91
4291.94,296665.46,6270.81,7005.38
8973.49,258913.66,2407.91,4836.62
2540.35,639828.81,5848.98,4548.00
1144.03,322786.47,9783.14,6158.58
207.50,409018.60,2228.66,4550.27
5873.88,51097.13,4172.32,7509.20
7012.27,626145.89,7257.73,2151.37
1470.23,795431.79,6787.33,2032.72
6365.50,852162.00,7062.16,4519.19
1125.85,575114.76,5155.92,5580.12
3714.38,922157.16,6104.63,7068.71
5018.61,474753.94,7190.37,9766.32
3735.09,782247.36,1507.41,3992.59
4247.61,692988.70,1321.27,8421.39
2975.20,698327.86,9866.11,6892.91
4457.36,395018.36,6172.89,2475.10
7047.55,431770.94,1280.86,7803.18
9501.64,86489.11,5756.76,813.64
3977.03,142146.79,7831.40,5389.67
7998.63,571317.93,8659.97,7147.84
7801.90,142044.78,6222.76,5621.16
8128.80,641031.20,2204.81,5431.69
9031.19,794074.12,6827.99,696.06
8527.21,788196.50,5056.26,8870.36
1059.70,165121.19,3854.56,2516.10
5621.65,881525.44,4253.99,56.83
4142.28,37942.42,3861.02,9495.60
268.36,565225.77,5145.24,2276.01
1028.80,745170.26,2350.39,7995.30
9036.72,610180.95,5195.37,4515.60
861.51,815810.75,666.89,2169.96
7994.62,749535.15,5152.48,5222.69
436.23,29310.59,7922.64,8518.73
9345.92,556261.95,3542.77,2345.08
4429.08,797271.94,5180.77,3927.21
3771.75,365294.80,2973.04,9696.54
8690.12,97893.11,1621.59,8490.58
3826.98,467797.33,9217.18,2184.87
3205.68,693213.01,4918.32,6906.54
6243.68,970151.77,6562.85,4942.09
3830.71,44237.97,549.06,4727.32
3492.92,55243.40,5395.23,3895.50
4392.96,844028.53,7271.37,8259.73
7456.57,388619.35,494.21,7819.01
3270.34,113824.67,8486.21,9402.36
560.67,337099.75,1021.66,4403.50
1043.14,292287.42,1717.71,9208.99
2221.89,812419.38,5675.33,5385.46
8322.64,732935.20,935.30,6467.21
958.66,977478.13,8985.93,8272.97
5357.66,789852.59,8944.90,81.46
5018.57,397777.90,7233.94,4707.91
7520.66,836750.32,9575.56,6549.29
6873.52,965624.70,4962.81,8003.74
3274.87,549453.82,1888.23,6320.28
9434.26,209673.66,5564.94,4897.62
3724.12,886899.12,1133.17,5326.25
4335.84,187395.11,1917.15,9056.12
5346.81,770713.83,3682.63,472.21
5145.58,543040.04,5542.16,6373.60
15.71,288461.47,5665.23,376.84
845.00,418682.88,5272.59,4602.13
8905.04,930627.32,7528.75,5151.73
7437.49,830919.86,8894.13,2352.24
9386.47,476423.75,9257.80,1508.37
8033.02,350800.90,3744.38,5003.39
6515.54,968493.30,3472.99,1981.88
4261.69,689573.46,4743.94,7563.37
3210.17,441587.63,6138.06,9560.76
4367.51,817816.03,836.31,7015.50
5722.66,75300.39,7101.70,1511.47
5834.09,630539.89,3313.17,9192.96
3506.87,865932.11,5200.46,8687.08
2893.70,135836.78,2001.62,7719.02
5082.13,417565.39,5149.39,9108.98
1771.36,969651.10,7789.87,5052.42
3995.39,697428.44,5946.98,7110.70
9015.47,624254.17,2468.04,8176.99
1483.18,605624.90,3020.97,1832.97
766.52,402999.40,9360.58,3974.35
4935.00,374308.42,8841.46,1358.99
3315.52,338935.71,726.85,1819.04
3759.64,956379.96,9228.14,1279.07
7803.60,619858.03,406.47,3434.94
6756.04,428785.67,5077.93,8973.61
4414.51,887372.49,2686.01,2552.06
7590.18,460494.09,1739.77,7403.55
3911.36,782554.74,863.48,9402.92
7479.69,860230.05,763.08,4697.32
6869.36,455779.39,1487.37,7597.36
6687.57,644044.17,1246.36,8323.38
3456.07,983298.63,2746.56,3415.04
8926.76,787795.29,512.72,5137.36
9110.56,958148.44,7987.94,54.52
5277.00,154624.65,6338.58,1092.93
3973.38,467960.04,7837.98,1878.15
6715.56,832499.57,5462.40,6905.42
6418.52,397255.27,6905.20,6191.69
6863.49,161904.75,5599.84,8457.23
3539.22,916803.53,3539.66,2597.82
9048.81,878759.48,691.96,3234.16
3939.04,327618.74,3626.49,2462.53
4288.34,482638.79,1612.98,6581.71
679.77,572174.17,1889.61,3533.53
9289.64,565376.78,7064.26,4070.28
4737.81,490413.61,6682.48,7249.65
6074.66,640129.83,1880.94,8758.61
1820.49,283136.65,6742.38,8780.40
7326.66,55978.64,2477.91,4644.16
7893.97,710336.43,884.64,2334.64
4061.95,468146.17,1661.57,89.87
1274.22,397067.86,4113.65,6777.53
4728.04,598910.71,7534.08,7516.06
1632.73,744424.51,6126.87,9094.70
7329.73,749291.16,3716.47,8146.66
8768.37,748202.26,688.79,5742.87
8684.71,466583.49,617.39,3098.90
6497.10,532827.91,6851.07,4425.76
7410.26,457826.02,9973.87,4605.36
9511.08,313130.68,5495.58,1334.64
9742.58,484271.74,7390.81,3657.58
3558.60,361534.87,7176.91,1392.23
9790.32,896945.91,105.62,2860.22
1796.59,943251.99,9740.87,1539.36
8323.86,38367.03,9704.69,5784.87
2667.10,447049.94,6695.54,9603.23
6702.00,560509.08,2018.19,6612.53
7149.50,964178.08,9811.44,3786.39
5037.41,714083.50,8919.79,6353.87
5739.70,433025.57,1927.44,315.51
6202.67,809218.96,9257.80,4436.31
8008.25,692091.85,8438.82,9289.06
9778.19,412616.61,8644.42,6947.00
88.66,268846.68,8444.30,1262.79
2543.85,311259.72,329.53,5320.69
7947.57,757058.41,9028.23,9612.35
4615.69,977755.07,1885.63,1761.64
6788.40,20168.35,8654.96,6211.77
2829.31,297384.70,4930.56,188.67
9439.98,583289.31,8151.53,467.18
5471.57,421945.97,7614.43,3992.20
9081.61,81406.72,255.47,4244.63
4962.10,540457.99,2097.46,4392.62
4156.45,456360.00,1204.29,7731.17
7586.19,621812.84,1745.14,5688.85
5824.33,320182.90,343.08,3768.16
1880.70,269449.25,5267.48,6186.24
806.02,807380.31,6226.89,696.04
9774.35,593127.17,7528.70,6092.83
4970.14,603720.13,194.45,6249.38
7084.25,587881.52,9254.03,6173.10
5514.53,184118.13,889.69,7541.55
2469.97,335232.65,360.18,3448.19
2093.47,257193.93,5707.82,4677.79
6446.82,66732.31,4136.06,2731.74
9742.42,239076.24,7642.26,8036.01
4559.94,54922.81,2000.21,5290.27
8951.85,864035.49,8509.28,1754.14
1320.70,661787.66,1061.65,8417.38
741.57,584522.10,2026.65,8463.32
4006.97,159771.77,9210.58,2210.59
7087.35,158188.14,2723.08,2805.76
7928.86,925449.38,4965.58,2340.11
9551.19,664471.02,9154.80,3776.60
7261.50,550917.89,1803.85,98.41
1466.96,38316.90,2406.05,8428.50
8046.36,522995.49,9200.98,3519.74
1532.82,313622.23,3349.89,1978.39
2462.71,685300.94,5107.01,5858.76
9162.14,773971.27,4646.00,1855.15
5970.86,863293.63,7085.05,217.10
4444.36,473248.14,5951.89,5727.40
1428.56,897351.92,1839.29,1607.15
8067.39,513701.02,3324.28,6050.53
6782.27,373967.82,5358.83,242.01
9053.17,634036.89,6287.05,6171.82
5434.89,570136.46,8403.89,2340.70
657.84,585125.15,8542.34,5533.03
891.32,591018.05,4561.04,7237.73
7288.22,355887.70,801.52,4009.18
9783.64,505950.93,593.91,2085.96
7785.98,416954.07,6712.35,7922.82
9877.31,32893.29,1316.02,7942.03
2931.31,454659.61,5359.05,2772.80
2160.04,186372.12,3712.26,3523.20
7517.38,212964.72,6311.90,216.52
8614.86,849017.39,7535.62,5424.81
9847.37,425873.34,5702.68,9344.81
9778.95,211759.53,2105.65,6087.34
4005.54,107928.97,4302.80,4788.51
8689.77,312768.30,1535.30,3302.23
2753.83,435366.05,1080.54,6695.69
320.17,610211.32,3112.67,7545.37
1405.75,215495.05,8213.87,118.76
8103.87,968910.25,6064.20,5927.49
5528.95,526899.43,6035.72,3850.37
1652.95,405972.89,425.91,4050.38
7828.05,98022.22,8887.84,1247.25
2269.02,725479.14,8249.26,9558.10
2059.40,476720.93,5360.20,8081.00
5349.40,897299.03,1868.12,3672.14
4329.21,108368.39,8892.27,4954.94
1290.11,620121.08,6453.48,9499.75
4626.70,785077.96,7212.79,4326.09
8987.07,393768.82,6582.46,8404.25
3943.80,193631.07,1594.63,4671.28
8537.15,370883.95,9048.16,8226.73
4832.89,394685.31,9401.22,6836.44
2240.59,503053.89,6636.86,9647.82
5754.34,570841.21,5901.29,108.32
5506.41,821462.22,99.28,9478.92
2065.15,446145.67,3828.21,8047.42
1762.30,937139.77,8042.32,2171.75
9000.49,844610.42,1660.74,6621.39
7970.62,50894.79,6967.87,3335.33
4499.53,840323.37,4101.65,9677.95
9852.02,968000.20,6185.38,1549.55
2227.27,996731.16,730.73,9296.26
8418.26,297715.98,4824.49,7264.21
7643.75,877671.03,1308.84,1055.99
1915.84,182724.86,674.62,72.76
2472.41,817729.99,8709.54,6762.98
9781.88,708559.66,3077.75,8149.72
5419.02,544509.59,2954.77,9670.64
7713.99,988099.94,4601.22,6140.86
9492.74,230374.20,2331.33,9736.19
5455.49,901216.56,8716.91,295.18
8780.99,976261.26,64.50,8950.70
1397.75,614641.97,3213.55,2127.82
29.57,995131.24,7525.53,9282.05
601.02,152144.55,1568.53,4402.86
6879.68,667635.73,7449.53,8269.91
5335.47,550084.83,7005.91,5725.17
7113.29,487581.56,3140.24,9811.69
9743.86,538432.20,6467.17,2530.32
5758.57,659769.40,2138.34,178.67
2727.59,572319.70,4221.21,9761.63
9406.84,577784.43,5329.80,1801.23
5657.42,804215.41,7340.19,4023.37
9592.62,574317.84,4970.89,9862.37
4010.76,411788.36,7767.83,5499.32
5588.39,741596.84,7606.33,9238.43
4536.77,61547.13,8206.60,7425.53
9465.52,684501.34,357.24,1826.26
2051.05,713329.40,1550.49,4406.54
8773.06,393945.70,1555.38,6795.77
2461.37,55720.26,6089.91,3364.05
4685.85,713103.42,9200.24,8806.91
1126.12,847477.77,1215.14,3407.07
5973.59,154052.95,3215.64,1730.25
8146.83,605043.66,845.14,3412.61
1642.37,747422.81,9982.23,7910.16
4696.60,921217.25,4308.01,8606.09
7600.24,572614.03,122.66,5509.60
6985.73,465071.18,6899.87,9930.38
5198.41,841178.23,3015.82,8975.72
6966.39,638186.21,4848.63,2492.62
1999.63,770929.21,4016.73,165.16
1377.55,187284.11,1909.24,1877.84
7625.25,773366.47,2858.80,168.29
3232.13,398336.31,7316.97,9618.52
32.67,421988.33,4214.74,4371.29
2347.57,602226.34,7325.22,1609.03
74.57,454073.50,3893.02,5795.26
4021.66,227044.58,5054.62,5754.12
4691.60,663508.37,6646.12,4251.33
7454.95,357093.02,5879.71,7640.44
1590.04,487238.86,4067.38,1350.92
8021.58,943678.42,8080.03,5520.29
756.03,512924.43,3552.86,3910.12
9989.79,837772.06,981.93,8396.41
657.88,440372.91,1804.86,787.32
8793.89,219613.77,5317.86,3497.20
9488.09,54333.62,8853.61,693.13
4459.24,345338.96,3029.65,1931.12
4296.54,211227.51,1073.67,1011.62
281.62,675706.40,6242.26,3809.57
3366.59,107392.15,4171.77,172.06
3362.77,557004.75,7634.68,6627.15
9685.41,81419.60,9622.36,8610.03
6103.58,129216.48,6934.42,3188.48
5860.32,828165.61,527.73,5857.13
256.40,281516.80,762.30,7870.57
3332.59,927007.98,5379.08,3798.31
7638.21,740185.97,5553.97,2509.80
1240.31,711932.27,695.12,8635.80
4106.04,519013.10,5784.79,5702.63
2781.80,176023.23,6014.88,6598.84
5896.37,307269.43,2224.59,1809.09
9431.27,407939.56,7221.12,938.14
9929.89,735329.48,7448.99,8447.99
5858.21,662950.77,6671.06,244.24
2183.33,503017.81,8333.62,3773.16
901.99,76113.66,1110.87,628.75
729.88,560759.96,7758.04,7319.51
2453.47,530166.98,850.57,6807.57
2549.71,198615.32,245.75,708.15
6594.86,575722.20,6175.89,9625.20
5712.22,543270.27,8766.98,6999.61
3849.72,926328.50,9473.54,59.06
1031.57,828069.61,2430.73,9984.13
7894.42,155990.19,4046.64,2243.08
9796.97,486164.47,7292.63,7198.21
4582.72,631714.61,3096.75,549.43
6679.49,761854.83,5005.25,2956.35
1635.03,858668.84,4849.05,8267.60
9416.66,760204.69,6537.36,187.19
1843.94,640522.84,2297.31,7919.79
9376.77,740008.10,688.74,2362.96
5147.51,622557.84,8545.17,5751.73
9604.05,220184.05,9627.04,9311.45
7421.88,570117.50,1220.28,5438.02
9446.67,274678.72,6173.35,3199.40
6344.93,979980.41,1937.88,8540.92
7368.83,35952.56,62.96,3476.54
7182.27,127231.59,9290.40,1761.83
6048.69,212130.99,2907.92,2069.23
3847.42,455211.74,6339.63,3524.40
6363.53,207896.39,4087.91,2612.79
3087.47,241121.63,6087.94,4928.32
9363.95,184199.76,2296.06,11.61
2146.04,614860.45,905.30,2613.00
7838.36,36870.01,9966.22,9116.06
2754.86,433675.71,4388.48,3570.04
1569.62,259199.20,308.26,3805.32
6805.73,760203.17,6629.06,4443.59
2885.18,98581.60,9177.95,265.07
1554.31,756474.66,6366.87,357.76
1602.39,422284.87,6508.07,749.33
4707.32,371472.22,6005.32,810.01
970.53,332431.55,4527.09,6615.22
2244.74,944806.31,7965.22,2669.67
8711.05,335268.68,2492.35,1919.96
4328.57,974096.55,3353.75,2820.62
9757.71,614804.09,163.84,1369.02
7149.68,218632.92,6424.92,5487.21
9798.06,845887.12,4745.59,8904.54
1064.33,76895.64,808.36,1782.42
1217.91,386812.06,8520.93,5723.09
7871.97,180511.73,5982.75,1517.44
5550.27,876522.57,6908.28,9011.74
2585.74,212226.59,4970.63,9811.64
9030.44,766494.75,9164.07,5191.69
7547.45,520468.52,6731.06,3541.98
358.65,962377.71,6459.32,3958.33
9238.42,248084.38,9226.71,5171.03
2271.99,815468.90,4556.38,1906.86
637.78,757824.53,1641.98,3992.52
1027.06,209103.16,812.54,7032.62
4479.87,822155.19,6728.67,7333.61
394.95,210032.87,7736.91,7895.04
5262.24,669976.27,6755.75,6752.86
9270.15,879878.06,7827.25,3734.40
355.80,867822.87,9039.85,6773.01
4494.84,966723.83,6913.25,4330.36
3068.70,878128.58,9533.03,6187.56
3000.28,521943.98,5732.87,891.44
3015.57,422128.56,5444.24,4480.38
9866.72,872328.21,1968.20,1764.40
1643.53,159980.80,371.35,8397.12
1403.49,542591.80,7467.61,9252.61
3266.72,405683.36,7919.91,6207.87
4850.75,668345.13,7880.45,6332.56
4460.71,759366.02,2285.58,9699.72
8804.56,364601.80,4431.20,4557.45
7168.54,844534.23,6776.54,6438.66
966.74,979903.06,59.36,6936.99
3369.84,622843.55,3752.50,7339.55
2321.14,191136.85,4651.74,2082.46
1664.64,963982.88,1956.99,7083.52
9337.84,259129.58,6593.82,8406.09
8623.38,493244.35,9719.34,7421.65
8306.91,130088.70,366.52,9663.81
254.73,664358.03,5002.96,5904.04
8403.19,112974.23,2415.16,5630.49
1442.82,870169.81,5776.53,5073.42
2583.80,87877.42,17.00,4196.66
3705.31,928740.37,6684.63,9662.27
7919.74,865484.54,374.08,3675.76
4124.00,107443.41,494.36,1832.53
9463.35,922704.01,9657.77,6611.11
799.50,712641.20,5294.49,6997.04
4253.05,584535.08,4231.71,8871.50
2681.44,997515.75,923.81,5261.57
4557.01,487256.02,8779.63,324.58
4125.94,605633.62,605.12,6026.81
1957.21,23009.88,8564.68,5877.09
7031.75,852822.46,6261.43,5789.09
6375.60,730866.42,5546.72,8170.90
5906.71,34937.38,8491.10,1679.06
6643.76,244437.59,584.28,5724.05
3716.10,854095.45,4678.20,5777.36
1717.79,871125.50,6447.66,2805.81
8864.35,260956.37,1214.95,7746.28
4139.77,283080.16,8869.70,9834.80
6161.79,855627.18,8312.55,5816.59
9847.65,644945.99,5360.87,5589.19
7127.92,914769.64,8377.14,8668.48
934.85,228474.36,4015.24,5018.17
7482.79,717487.97,1427.38,3245.74
461.29,409081.16,7033.80,8943.66
2178.10,367575.28,3530.17,6042.28
917.37,424426.56,6191.75,4441.33
819.45,814696.70,6731.20,7899.90
442.48,540096.18,9976.36,7189.96
8831.46,422087.53,1456.71,4856.59
3399.59,212460.65,4621.92,9578.36
2217.21,253344.31,4863.26,84.22
4407.45,623792.63,3768.32,858.68
6263.63,135887.02,1111.80,4454.83
7432.00,629718.94,3969.86,8135.36
1044.36,143670.65,2042.83,5774.44
4038.63,884085.92,5780.83,9478.71
9071.66,826724.07,9229.09,9223.67
7406.62,771316.40,2644.51,2952.12
2948.92,660094.45,882.42,4043.92
1207.59,461336.09,2311.96,7842.16
3375.39,209775.27,9591.20,4008.45
4949.37,67147.83,8017.35,6880.35
354.55,218196.21,9365.20,1717.27
9886.88,870131.56,9136.33,745.92
2957.89,656852.88,2964.09,9254.99
2101.59,103148.29,3553.96,8638.48
5495.49,198654.47,2986.41,250.55
1851.10,426526.13,6468.80,1209.69
445.00,707567.74,2695.48,878.14
790.50,597006.54,2859.76,4643.01
990.65,28135.07,5058.80,9838.03
1166.89,714728.96,3342.20,7170.63
8523.81,702445.03,977.44,9856.78
3588.82,798331.72,5639.84,1816.47
2956.64,747133.50,182.21,5745.48
2472.07,103247.83,6399.16,1654.60
6200.39,487993.25,772.88,6555.41
763.39,923273.11,572.70,6371.85
1659.99,894770.51,5877.19,1870.03
8043.81,280485.47,8097.96,1423.89
5096.40,463726.28,8406.24,4772.32
8612.92,193592.94,98.27,3573.69
4708.35,880540.73,7382.62,6526.67
8655.89,819788.88,9332.48,9101.56
784.92,581138.69,1818.15,514.30
4094.68,790192.43,2119.76,3475.68
7780.76,653014.47,617.47,5461.20
3224.96,883952.06,1466.21,3772.33
4165.19,724634.00,9484.26,497.91
740.43,571090.94,3619.79,7634.81
7897.04,955492.55,8306.60,7089.80
2245.95,719171.53,2780.25,5060.04
7876.55,24406.12,4997.98,5377.36
861.24,523858.17,1190.40,1802.12
4226.14,818614.48,4270.59,4965.16
16.46,488455.26,4335.51,5681.65
2751.35,491274.15,2317.42,2698.88
9041.49,982499.59,3477.26,9590.04
1433.69,599919.46,879.70,2469.18
650.26,854484.59,248.85,7477.84
9306.95,763469.77,6676.33,4581.72
1921.86,818794.91,537.84,2116.16
568.45,280360.79,4671.79,4732.20
2879.84,901929.23,7383.30,5920.14
9276.83,55378.42,6159.11,5125.64
9271.43,98089.66,5113.73,8623.72
2487.99,367773.17,5134.44,2778.82
8648.05,749215.55,9452.45,8094.61
2180.67,58233.04,8939.88,2545.06
1348.84,809540.06,816.95,3078.59
8823.29,997293.33,1650.98,4900.30
488.72,519747.77,538.74,9162.18
1933.56,382761.26,1185.62,1029.66
7552.47,280810.81,2230.35,1742.79
5482.48,698733.62,3610.72,253.44
2696.47,82582.51,3025.94,2295.37
8494.25,773785.60,623.39,7331.65
1359.70,307226.05,1922.12,6724.61
3693.65,220908.82,8683.13,9686.16
1285.44,52556.34,4945.63,7091.78
9552.49,786776.80,771.53,7079.51
6555.30,145373.61,9374.27,505.30
3586.67,142916.00,4256.17,8789.48
7737.20,619866.36,1737.78,1464.00
7255.38,356360.35,835.08,5818.36
9748.75,321162.15,6825.22,6442.28
5314.10,602367.67,7038.63,8176.21
1537.67,659104.17,7425.32,2006.11
4972.83,766775.99,6265.08,9776.87
4180.77,102331.65,7026.49,248.96
2711.20,690577.81,5826.57,5986.10
6503.10,547742.66,202.90,7836.79
9102.05,634290.52,4982.06,1360.69
9818.78,885416.74,7913.38,7451.07
4494.91,944701.20,2433.76,7617.62
5895.11,364076.17,7439.56,2918.96
911.12,131563.58,4263.56,4372.53
4741.51,307163.48,9189.79,1819.63
8001.99,606825.84,5786.24,7686.24
1324.83,814613.69,5095.59,1855.94
3421.66,223966.66,3295.69,3958.73
2812.66,110399.10,5826.99,9780.36
466.18,920018.47,4180.98,9209.33
446.07,520925.10,6553.40,4164.29
8330.43,347855.18,6388.75,6282.42
2643.57,814354.75,3476.61,5799.82
2834.37,251323.23,708.43,5017.58
8437.54,935940.62,5862.42,2023.06
7970.19,900793.67,1856.96,2923.25
2845.02,339441.66,797.53,3747.95
1121.97,151713.45,6839.39,6393.04
8274.15,759703.46,398.13,6499.76
7309.43,253734.22,1562.22,5003.65
8568.05,996480.11,3696.94,9237.27
307.20,302996.54,9175.70,3933.61
4787.43,924575.39,7935.08,7252.72
991.33,495147.84,6121.92,2041.68
4333.86,830381.84,6485.45,7938.60
5764.51,481672.02,4365.12,5644.24
7514.87,59895.63,3134.08,710.21
411.60,837109.10,780.82,530.46
8152.77,188285.32,4946.20,4873.37
7237.04,229742.70,7180.29,7254.58
7338.48,526092.78,8443.31,1725.94
5835.61,733333.87,6947.03,7244.11
1932.22,482144.26,6318.11,9682.51
348.23,642478.95,6761.67,9763.24
1912.30,28249.84,4413.61,3711.22
8554.33,459170.12,4392.00,2270.31
3173.89,535769.28,1193.14,2871.79
652.29,923136.12,6024.59,9208.59
4879.04,659122.48,4427.76,2243.70
8079.56,623541.93,9114.59,6769.34
2959.79,806322.63,2327.63,8033.88
5223.99,974625.02,9230.35,3666.16
3875.72,581610.25,8843.91,7152.58
9378.06,122846.56,1869.23,459.83
5227.54,290266.07,5367.73,5046.87
6787.30,718135.65,2721.42,2472.56
2328.46,200681.09,3552.92,8080.49
5144.83,866804.69,2358.10,3830.87
2334.58,323761.86,6488.82,9249.38
5383.21,548713.95,3820.64,2675.97
36.23,774748.91,7949.96,8521.83
8115.44,166263.70,4087.39,80.88
1911.51,87526.92,1949.07,1592.24
2576.55,477791.67,2894.53,7713.24
7543.76,856504.18,7319.98,3337.78
8417.36,672954.26,4887.65,1782.92
4.52,966140.04,4557.01,4766.72
3201.95,412669.50,3580.62,3313.48
9303.43,853197.87,4637.39,4747.77
960.47,141199.85,8098.15,7276.57
5506.82,651802.29,2053.22,309.30
9648.76,102953.11,6178.90,5628.26
626.28,516378.26,6779.71,1797.58
7866.49,701579.42,9415.34,1786.45
879.15,22550.50,2406.00,1683.08
3685.13,223942.49,9207.29,6588.37
3422.05,631081.14,155.36,8303.97
937.61,896543.36,4405.37,8267.23
4159.40,744923.91,1021.17,8335.69
821.05,186974.41,4121.19,1487.12
5728.28,574472.87,745.40,4275.91
9164.10,367982.40,1680.65,2975.20
7261.22,951083.89,4865.92,5733.74
2210.60,26717.86,8197.05,3790.21
28.54,73946.81,3559.48,5812.32
6270.98,46749.71,6740.48,766.46
5561.75,260386.80,8506.68,6373.89
9093.07,975422.71,580.09,2172.20
5359.61,754672.62,6505.70,8476.38
3303.79,294136.13,1475.80,5121.64
3778.37,915410.08,7061.13,6770.48
4773.33,314121.58,6496.01,4779.47
8207.80,126598.97,3674.67,9146.48
1253.42,425298.50,4337.89,7897.15
3134.54,622431.27,1064.18,5419.67
9141.14,590784.70,4626.77,5719.82
7194.33,60909.12,3037.54,1343.63
8719.98,104641.12,6171.23,3803.06
4814.72,126360.33,8248.10,6740.19
729.55,375427.87,2650.45,8778.54
6549.74,845929.83,3558.09,9035.47
9615.71,163150.42,6710.36,4607.48
4708.27,530125.00,7236.65,5990.64
1312.41,362173.76,5945.18,3361.18
3377.39,912493.17,6719.00,3916.88
5907.05,387682.59,6740.88,8067.54
4442.55,648509.25,8153.32,163.33
8040.85,808266.04,4457.13,7662.72
3705.98,758751.72,7461.99,1167.12
395.66,652204.46,924.40,6586.93
3704.92,766445.03,5143.56,9854.73
8118.96,600036.94,2732.53,4063.45
2331.21,784446.65,9542.22,8683.48
4538.53,980987.45,6287.66,599.98
8853.93,551756.84,5811.17,7112.44
1018.36,395827.65,8113.78,1751.29
1446.44,384629.11,296.60,4791.63
6307.25,53754.72,1375.66,1682.32
2819.55,432359.79,2568.69,4258.75
3231.98,535862.08,2099.63,1570.75
3062.39,752834.62,9826.28,9432.37
3086.19,482781.34,1068.83,388.11
1292.38,67910.51,901.83,8690.72
566.85,89073.53,9869.40,8098.46
216.01,123710.68,9593.08,3825.07
4609.82,771947.62,2064.32,3813.80
202.01,285911.23,9548.07,8656.88
2975.91,466884.70,2971.29,3945.17
1968.29,565097.36,5430.10,3607.62
939.17,907745.65,4021.33,7888.50
9484.44,152267.15,7589.16,5010.47
6928.94,373940.70,174.70,1284.43
7191.20,349561.25,9966.33,452.90
477.16,512238.82,1370.49,9390.88
8138.51,446296.68,3457.85,3939.19
322.54,225795.17,1486.71,5607.77
2143.70,815382.34,9465.32,7161.94
3023.19,827974.58,787.27,2692.62
5571.42,310195.10,858.57,5671.64
4929.16,843549.56,332.48,6706.41
6836.76,766994.02,77.94,1233.47
2866.66,244850.32,9329.57,6228.45
4233.31,302951.03,6602.22,4160.16
1385.20,835445.63,8899.88,1879.62
5187.49,464876.33,8509.18,1910.21
6919.62,518932.21,8239.23,3692.78
8540.93,588716.28,5354.97,2740.37
1718.16,995410.85,1648.02,6369.59
3962.31,994902.32,2099.04,5701.56
2888.46,653227.43,7407.69,4962.79
5090.32,629628.68,6301.24,767.18
4412.86,528557.12,1979.98,6022.83
5509.22,487137.36,3317.45,5382.98
2484.66,490409.37,5505.70,1748.20
9158.61,873088.11,6720.59,6227.44
7016.78,293632.59,7079.47,7178.21
9279.03,414091.86,3673.25,7471.86
4674.60,787495.89,777.05,2967.55
2494.80,63485.60,7478.79,9329.08
1284.31,812426.51,5911.72,8781.51
7135.80,898426.82,2037.27,3179.99
3968.46,262480.88,7496.45,4851.02
7399.71,428385.60,5432.91,2066.86
5860.26,436127.30,5388.24,1726.54
7456.23,220112.71,2379.48,7842.55
8748.14,882918.78,3091.35,769.85
2094.92,649161.35,7750.44,8764.66
1502.26,38633.64,9695.80,422.84
3018.15,973041.40,5920.10,3823.70
4634.29,326462.39,927.94,5792.31
2380.77,626083.41,3142.55,2594.33
3842.34,26818.85,7789.39,1589.91
7678.06,821091.26,2694.91,1898.73
7892.32,523353.66,3761.14,966.22
4583.47,887861.15,5011.33,3071.16
8687.50,937748.24,4049.25,5278.05
6837.78,683645.24,7534.53,6112.77
3877.63,430867.60,2848.69,2328.06
4791.23,75637.76,1511.16,9525.79
4859.40,272849.63,7102.02,3115.71
6700.10,460562.32,5457.82,7116.02
5519.68,969709.52,7729.27,9638.63
9379.47,791437.84,7524.09,5552.82
9573.06,759037.06,1805.84,8783.45
7313.51,426601.83,1479.26,8975.61
6845.36,72365.12,1664.70,9845.24
1825.09,781068.64,3549.30,9435.90
1354.64,146787.49,9399.66,5714.43
4406.03,945301.15,9830.52,4463.99
6541.22,873403.90,7746.22,270.53
809.81,321473.97,6506.67,5549.38
5498.31,275170.81,816.47,7021.47
5008.05,992306.20,7595.93,3823.88
6554.89,211735.62,664.79,6527.79
4612.55,822541.68,7454.32,1736.60
7062.16,613832.79,8160.69,2650.66
1864.26,878155.44,7762.20,2009.77
735.51,74819.84,9145.51,162.86
6790.90,33363.82,1220.31,7664.60
6403.15,291931.28,9349.56,8761.61
1634.66,840516.76,6682.03,9406.02
8513.26,334828.75,4046.05,1022.63
8151.64,22950.29,2948.30,9155.59
2251.15,284025.48,918.66,4334.12
1884.57,895877.43,951.87,1021.49
8617.89,706762.94,7119.13,9350.04
10.31,985395.40,6557.37,3494.76
7322.08,362918.32,3991.43,1.53
1863.78,480687.46,8703.78,9160.75
7836.35,658520.33,5439.17,2605.69
3739.87,959497.62,115.87,714.87
1470.01,129452.04,8412.76,4110.63
2074.74,331955.81,311.22,4571.82
9809.54,702918.39,6492.86,2016.01
1608.39,972832.49,3129.26,5857.19
7378.42,689256.86,46.71,1008.02
7629.72,237299.86,3509.04,1070.57
8867.97,661669.23,8933.90,3847.94
3905.86,420278.62,742.16,7209.23
3790.49,606452.65,6238.16,6553.19
397.22,984447.91,7927.49,8641.50
3906.66,291308.03,4001.72,410.24
7359.95,806996.76,9854.30,5518.79
1278.41,344303.98,4438.71,5858.03
4937.23,220195.00,4040.21,15.32
7298.99,801074.45,2604.37,5781.35
9841.00,705862.10,2150.66,9184.78
5551.83,982828.05,8996.43,8252.97
3225.74,348811.59,1526.41,5722.84
3849.63,892747.31,3065.33,1263.75
6355.87,59349.64,9045.62,424.51
3305.33,643355.94,1109.84,4479.68
3168.18,539905.58,2047.06,2625.66
4786.54,552432.22,4534.53,5564.98
1331.07,595872.70,3541.13,7417.50
5604.92,870046.74,6945.88,1110.30
5901.98,775737.34,1435.07,923.23
1792.09,344302.43,1063.32,4705.11
2184.74,890574.51,3999.06,7425.93
3813.69,918355.15,8921.96,7193.28
6888.20,787987.92,6299.69,4636.61
6073.11,616292.89,1343.54,6650.92
9187.89,280572.97,4827.46,5891.66
3056.42,40451.86,5152.04,8125.72
5792.18,253980.31,44.79,568.68
7470.14,127747.27,9110.69,5676.48
6614.52,364658.59,9081.05,6509.72
8223.33,417597.28,2056.81,1752.34
153.31,742353.99,3301.38,741.04
8605.66,469018.12,9211.10,1450.39
180.97,657445.38,7975.61,7278.45
7512.88,449468.32,5137.94,1690.97
7843.80,98192.36,3774.04,3307.32
9071.43,103020.40,4333.23,7849.59
5774.17,647975.08,2316.53,7526.18
8513.59,450438.25,2916.37,2884.60
3316.56,337603.51,501.51,6943.20
4654.85,78737.80,7402.94,6499.66
4469.12,912774.36,841.43,914.42
1824.96,662809.80,9034.62,4380.03
2642.14,141754.01,7531.30,3712.90
6604.37,346682.31,4642.91,41.78
8835.27,833365.18,476.78,9417.74
7217.43,897001.26,7523.27,4333.03
2334.69,860355.87,2008.41,5412.24
5934.08,886307.10,4296.11,126.15
5532.12,268228.32,3508.63,3280.02
7331.46,328685.80,6231.40,2240.13
6967.03,54606.55,1678.00,8388.33
7767.19,295372.20,6013.26,5132.05
9193.72,769220.03,6667.37,1947.49
3915.58,882883.83,3421.17,3396.87
574.75,509582.24,6802.29,1835.72
718.71,171263.54,5904.44,2614.40
2602.37,952441.72,7126.60,978.12
1603.57,975008.64,2526.37,582.74
6849.41,906084.05,1491.36,4569.19
6317.12,94265.10,2254.74,1476.98
8151.31,233562.85,416.01,9927.71
4230.67,678864.87,75.16,7972.58
3120.74,981937.60,9448.12,5273.11
3465.15,362784.02,6903.91,8872.09
5596.48,637597.01,5248.36,6212.50
8688.91,191600.48,1776.73,2274.61
3128.00,112745.42,9127.30,1227.26
2939.55,230528.99,7290.18,6826.85
1097.40,313130.91,260.48,9948.34
1321.39,905611.59,1772.14,6094.96
3580.27,582092.75,3308.50,509.34
6930.03,955641.78,4158.03,3596.07
2546.98,801006.75,7668.41,4766.41
1855.75,757400.45,49.18,8528.80
9505.94,351206.33,8083.32,2673.98
8617.14,431781.71,9930.13,4741.60
6190.55,127457.57,8836.49,9605.53
9876.61,23386.68,3021.23,7978.06
3391.17,318066.34,6256.57,2908.29
6789.32,471163.50,2743.24,8938.35
9533.88,631695.67,6760.63,6481.04
8837.11,412671.52,2270.33,2195.65
3107.44,95971.41,161.44,4664.04
498.96,769548.03,1148.26,3506.82
5540.19,657954.32,465.56,9230.17
2609.54,886755.25,6454.13,556.28
3628.18,441556.89,8888.90,5766.31
8757.49,623186.34,4474.30,4672.16
3116.38,981982.54,6316.18,8234.07
9574.93,496207.71,1377.08,3553.84
7534.40,82266.09,4931.01,2998.84
269.65,67716.72,3856.77,7549.86
8888.20,981992.84,1242.96,6116.35
9251.85,884291.93,3225.53,4525.33
9309.52,173274.83,5238.38,165.75
8206.64,929014.90,8929.67,857.93
5264.50,724062.36,2881.39,9418.17
6464.15,127540.95,9967.01,8601.38
8423.06,213868.85,1691.67,4630.03
5018.55,435997.49,5181.76,1355.73
9790.60,631986.95,1625.55,1249.93
8047.82,943287.76,5913.51,3883.27
6203.60,613274.60,5987.11,7328.43
2285.64,425378.33,6976.94,3009.29
790.67,211588.37,9595.64,9919.51
7096.92,434148.24,4448.79,9846.63
1500.64,635943.03,3936.19,1263.02
608.84,288378.16,1238.61,5883.21
4299.18,239474.74,1519.70,8537.04
9748.51,79457.41,3919.89,7971.53
135.62,56286.54,4179.28,3469.23
4539.25,609387.30,6798.16,9759.14
7281.43,86253.98,2529.26,596.29
9506.72,203658.62,1692.54,9599.32
3141.97,112869.03,6313.41,5460.52
7546.69,346581.54,4407.41,7480.82
2143.12,464200.51,7869.16,6532.58
4105.84,971646.07,1370.70,6015.89
8794.22,332049.06,3434.07,7149.55
2027.32,784491.09,2415.27,3025.63
7529.03,329374.91,9521.40,6257.25
9912.48,601060.23,8180.22,5761.58
3426.17,531076.25,4091.09,9245.99
9350.38,88522.60,3108.32,9302.82
410.67,188196.87,4742.98,2668.74
8866.77,101536.56,7516.46,4167.56
6038.14,650640.60,8658.55,9130.82
4943.88,511434.55,4715.50,678.17
4463.11,538471.15,1517.95,1140.17
2962.72,330907.29,1656.06,118.91
1693.24,866875.14,5118.81,5207.23
3419.47,321765.39,4076.94,5225.28
9730.76,834866.74,5923.38,9983.53
1267.45,678356.32,9632.68,5044.12
8702.81,512811.64,9260.55,4728.06
8736.28,344215.18,4976.72,1703.46
8582.30,448849.04,6409.44,6890.41
4479.72,844527.22,5276.92,9131.25
4600.74,219289.28,4290.89,99.85
4403.90,121980.10,7139.78,6262.05
2954.63,153065.37,9993.62,6349.30
2027.33,328584.42,8420.17,9770.60
5907.04,905316.78,4861.57,8663.37
8724.36,851040.17,892.87,3871.50
7885.88,700183.31,5368.88,3039.43
6703.66,32227.54,4262.67,7223.97
6680.38,107887.32,509.22,950.81
73.19,876400.14,2489.56,9480.80
6337.50,946182.45,7925.95,6201.23
1843.31,590658.70,5905.48,2520.46
859.66,841246.80,3509.65,2419.44
7219.57,900283.42,5099.32,3901.62
305.42,908099.04,1689.68,9983.27
6036.71,860503.10,5046.63,2578.87
3394.74,155615.12,6146.22,3661.92
9685.51,772279.16,460.65,9418.99
3220.22,446223.98,3169.43,4765.85
383.90,974682.67,5841.26,7556.62
5166.12,25360.60,2392.28,4093.08
3144.11,111442.50,6198.29,128.48
8636.43,920753.76,2123.55,4461.08
3287.24,654242.85,6925.89,5425.23
6693.82,876627.64,9007.67,4113.35
4856.87,310347.99,3804.46,1999.98
210.86,512894.51,4237.88,4789.58
7783.33,127132.57,6606.67,8772.45
5635.17,784417.27,1049.28,748.70
4150.09,571095.82,2284.21,7668.07
7969.99,360419.42,718.38,7533.68
6413.90,223937.14,6211.76,8830.80
3071.77,829121.11,6795.66,1767.17
2930.27,223271.78,2464.80,948.93
5866.40,437678.97,9797.75,5767.23
8635.74,180564.52,6607.76,1732.83
3585.48,442508.16,7085.71,3271.91
1238.65,953859.57,6969.14,6083.78
5624.36,370064.51,5156.14,5061.99
5769.80,497884.54,2880.14,1992.83
4123.45,873165.01,4071.43,5770.85
2844.77,619106.98,853.31,6708.92
1874.34,772924.83,6255.97,5670.51
8489.25,568321.38,2177.86,8215.14
6652.28,601388.89,4384.72,3722.92
5879.10,688344.71,7908.14,9552.34
3576.69,704935.99,5590.74,685.63
1846.65,379398.99,9721.91,6029.06
9601.13,833534.07,1718.27,3560.78
3504.72,369758.46,7624.84,7856.88
6734.35,545924.12,7847.92,5176.55
2840.16,904239.88,7977.99,3250.26
3094.02,985811.32,3820.47,5190.16
9628.09,448114.13,7824.68,9529.91
3394.60,989141.42,5985.95,1301.39
5518.85,729016.79,3993.30,2268.78
2971.09,327540.36,8904.44,1965.77
4648.85,664436.32,7952.80,5019.67
1939.93,597995.37,9225.25,4396.42
8627.05,187357.65,9897.23,4663.61
8598.99,393855.69,6471.04,4143.73
6248.71,927639.58,8035.99,9918.05
3667.87,257230.90,7953.31,5041.75
787.72,751703.62,1566.32,3043.80
9470.28,817865.27,7546.03,810.59
219.39,968113.17,8304.61,7290.05
660.01,308565.78,543.82,2103.65
8224.97,171620.23,453.10,5116.17
5591.97,832262.55,9331.26,5288.93
6329.64,883258.70,4478.50,4729.73
9940.01,660779.16,7089.95,1753.40
25.55,509061.63,3579.12,4979.51
6662.98,70391.52,9269.87,9019.47
4231.28,124981.01,3717.05,1142.73
8920.64,444253.15,5051.55,7462.72
5939.51,160588.08,6691.98,6645.47
5040.87,136764.87,3525.65,8919.80
4404.34,319132.15,6233.22,8255.39
7139.97,639967.57,1816.55,5975.75
1719.80,736536.40,5586.42,4785.85
7497.40,577035.32,4876.40,3219.62
9141.25,646908.38,7571.69,1850.37
9286.58,372947.90,9176.33,4257.61
7001.03,867143.67,589.50,7706.62
763.37,517420.04,5021.32,772.61
8570.11,978200.53,6551.09,7728.92
4513.77,100166.17,4715.21,2419.47
717.22,945623.99,9209.83,7548.36
5862.34,583578.24,6302.58,8844.76
6716.98,506897.22,3870.22,7399.59
7042.97,422895.18,5113.94,7620.29
9058.70,678198.43,1950.89,2713.34
6233.55,688941.84,7840.81,4379.38
2607.29,218141.45,6378.42,8493.67
3056.09,933515.70,6367.32,3944.98
967.98,711078.01,6288.32,7519.16
4643.83,62499.33,1084.77,3738.60
1406.25,857540.06,2009.90,4906.99
8876.99,566776.87,5915.86,3259.25
6174.73,984399.90,3811.42,4078.94
3888.57,986032.60,9775.02,5921.41
598.39,812326.59,382.25,1668.49
5441.98,925509.67,1691.48,2040.96
769.83,223116.63,5528.55,1408.03
6281.79,70807.15,9321.64,4258.38
6206.07,274476.98,4058.92,9535.18
4059.44,330793.59,3077.26,9188.02
5318.45,974838.61,336.76,6757.38
6935.25,883715.13,596.08,1582.77
4047.19,415778.67,5475.78,4313.75
8458.43,646576.34,8781.36,9802.90
512.23,104629.56,1655.30,4173.35
5826.62,392871.79,3137.01,3878.39
1031.82,24852.65,4531.79,5908.76
8126.44,908746.74,6624.82,9953.66
5360.49,516755.24,7223.38,5284.23
3656.74,682664.78,2770.27,7403.85
1497.96,876128.60,1843.70,2097.32
7936.09,788660.73,243.62,7411.58
2920.51,493385.17,7061.83,7313.17
6495.90,368256.86,8642.82,4293.48
3586.39,760773.35,2664.76,2030.39
9061.04,661120.53,7704.64,3365.30
8566.89,340247.59,4598.94,3317.76
4219.20,499541.49,4670.86,1634.82
654.52,149572.31,6467.62,4460.62
6180.83,726806.79,7035.80,111.60
5799.97,369237.46,5960.30,9656.18
7730.99,944551.62,401.93,9022.58
2729.34,437764.05,7191.15,5696.75
5974.87,659164.04,3670.15,9722.65
4593.26,507977.64,2422.70,5679.87
9978.37,482321.76,6291.07,9589.23
2999.42,141827.99,9151.46,2284.60
1905.44,265739.22,4804.16,8689.90
7280.05,66333.12,1032.14,652.78
5753.69,115202.90,8391.10,9512.18
4346.00,318225.38,3616.83,3414.59
289.78,673973.20,5669.96,3544.50
6978.93,109878.52,8385.86,2897.19
5286.25,290630.79,7456.89,997.44
913.09,94093.04,1046.84,8055.81
2661.25,651445.67,2721.66,2454.27
3558.49,110318.52,2578.44,6166.06
6622.87,362347.20,7463.79,3739.91
9716.67,439890.69,3995.50,1816.73
9419.49,310572.88,8735.80,7797.27
2141.04,142861.60,8312.00,8242.02
1797.73,781074.39,8540.02,9860.19
7292.95,994001.01,5678.45,8532.36
9769.75,927758.74,4825.76,4711.87
9145.41,300546.80,170.37,6762.81
1791.11,664642.69,9313.15,7317.99
6385.70,229283.08,9204.20,1578.09
2951.18,386998.86,4370.36,623.48
868.75,755523.57,9057.45,7273.39
5277.26,57571.12,3670.73,6802.09
7672.58,431578.78,2469.47,9909.97
5754.26,417937.91,3856.37,747.74
9607.50,997284.89,6799.52,8504.55
6161.36,510101.28,6934.82,7096.81
1530.65,340172.47,3718.60,3831.69
1327.23,638379.92,5635.23,4570.32
2317.33,697853.34,3911.69,9878.09
4905.45,546684.23,6450.77,3925.14
4840.83,440203.54,2766.94,5487.97
4271.59,471251.74,7593.72,8303.31
6812.17,733920.47,5528.34,6238.56
8643.55,233920.61,1589.87,7268.38
7831.47,817032.50,2888.44,9084.68
7026.74,606019.81,4738.75,8318.11
502.33,935939.13,497.72,4811.62
5085.71,637953.76,8166.25,2162.28
5960.99,882559.75,8367.16,5835.33
2543.60,574559.74,7696.23,554.93
6671.64,934169.10,8640.51,9388.86
5211.25,621316.08,2267.69,7969.89
1839.57,483497.75,2712.93,8634.33
8247.29,771479.32,3123.93,908.85
3293.69,671675.56,1172.49,6739.28
9750.93,289228.49,8500.55,1130.84
2189.92,921596.25,2541.07,1456.65
6288.93,588894.48,1038.47,1592.39
9387.11,94281.16,9291.30,247.27
4458.32,795352.91,7648.84,6387.23
4847.04,495820.61,2116.10,8484.10
5086.48,995658.37,4056.32,8474.73
3909.92,467470.63,5927.23,5777.15
9170.10,996998.09,8747.19,1486.10
797.18,736483.30,3559.64,7958.20
7154.59,291043.64,3548.95,4397.41
2192.92,950249.01,5658.04,4764.36
5655.53,269778.20,568.02,358.45
6255.71,301328.42,7722.23,5759.57
8223.63,182877.86,7711.91,3466.64
4912.20,715952.69,7787.91,9533.08
9254.92,131725.02,7522.71,9774.81
9784.19,543569.54,719.31,3713.93
2647.62,140131.98,6548.10,1322.17
4600.65,250013.84,7590.41,5840.54
9307.20,266852.86,4976.86,4477.36
9446.36,701880.42,1131.21,7624.56
101.40,109961.93,8765.02,6382.69
4698.56,354677.60,715.57,7647.78
3366.50,218176.72,8979.59,5788.67
5003.35,842339.09,2867.28,31.47
8566.71,329203.45,5586.12,7067.84
6143.28,330672.86,5760.93,9117.04
207.87,380183.70,5406.90,8696.96
147.81,302324.84,8693.96,2697.04
8607.43,680319.84,6476.18,9996.72
6497.98,725835.69,6.75,8835.74
6621.96,820757.42,3519.12,2417.90
9777.19,946368.53,9427.02,3818.19
3933.86,81803.10,1780.85,4163.07
6619.35,360686.27,3315.26,1266.91
2998.89,382555.54,8932.42,9433.02
7306.08,43955.91,3787.79,4965.23
3256.01,323027.99,7280.06,6086.83
9864.56,860958.74,5193.88,426.33
2701.07,473840.41,1004.32,8004.68
7017.54,699284.01,3923.55,2747.15
8426.03,133559.27,5655.71,942.51
8837.07,567084.27,22.66,786.07
225.13,318763.06,9633.36,3167.57
6453.56,142970.86,1591.82,203.56
3869.66,556912.08,9873.28,4663.88
4671.66,850627.15,5445.63,404.76
3152.91,817099.92,6472.77,1196.76
3844.60,475718.14,8.91,2923.16
2306.75,558765.47,3477.56,2025.37
3858.46,827674.14,8926.35,1284.30
2891.54,843443.02,5558.21,2552.40
5578.09,213927.01,6362.34,4888.73
1760.83,999629.00,2802.41,5699.99
7606.03,559176.82,7467.36,1953.15
9202.50,195843.15,8349.59,8300.88
8706.14,447267.16,9987.51,9048.79
8857.78,801962.52,6094.60,1293.84
8743.52,488247.20,5493.89,7276.26
3519.86,863906.17,8186.90,5012.61
3492.16,618198.78,1208.24,7615.69
3413.51,501748.97,4551.76,3357.12
1161.94,544406.30,5901.45,491.47
6057.45,246342.42,9160.22,3136.35
996.64,93447.92,5841.55,7090.39
9310.76,934520.51,274.26,7371.73
6794.36,384785.95,9267.61,2472.52
1705.22,327969.31,4393.66,3850.10
701.99,137434.70,366.36,3013.67
6664.88,485837.52,6131.33,2715.49
5135.34,282283.74,6227.75,3218.62
9714.57,966167.04,8743.43,9388.55
3176.39,897654.90,2756.36,9444.07
278.81,216220.92,2541.07,1602.86
299.31,210670.98,8014.96,570.56
2172.79,316787.34,909.96,1847.10
2776.74,752014.46,3976.89,8162.20
9386.94,690537.50,6164.68,9002.20
618.01,556653.96,163.92,1153.42
6266.56,929515.47,9964.11,5462.43
5390.67,468117.24,5145.87,2601.76
3688.22,801838.47,5514.59,8529.67
5777.10,48888.09,4378.91,8545.79
5334.45,442685.28,1287.37,7369.67
6217.60,904505.89,5358.81,1507.10
668.17,59651.13,8476.82,9319.65
6491.67,213945.49,3565.84,3675.62
3708.60,687547.34,6926.21,1836.05
2588.87,623855.80,5177.91,7317.22
9210.07,912723.44,6747.27,8871.70
1720.98,189235.29,5028.36,2442.58
345.36,411990.31,5360.44,2971.23
6826.94,768122.16,785.18,4276.54
4495.15,816222.09,2182.13,6874.12
8422.13,22877.56,6828.02,5566.96
6245.04,533715.38,5685.64,914.08
4143.63,45640.19,3799.66,1272.02
9191.86,993383.41,62.35,5004.09
8842.88,210529.82,2308.52,5665.24
660.69,852863.78,1209.64,6496.08
577.46,900178.54,1758.65,4397.02
5934.21,41617.49,4272.18,7704.27
353.46,899167.18,7783.97,6552.10
1095.99,474097.55,7463.12,9381.30
5970.00,891945.71,4263.05,4241.59
6089.17,313065.45,9391.75,8936.12
2817.52,267815.19,8391.28,9769.07
2092.18,468133.27,9624.19,4682.88
6981.33,160549.67,9786.75,2909.41
9813.09,119609.84,4703.71,9909.64
8502.08,415236.13,7106.57,3339.71
7804.01,442729.02,4357.11,3056.15
5144.55,959910.55,8150.09,5761.23
2397.27,672338.12,5113.96,2789.74
9526.57,664568.22,1925.64,7751.37
3364.83,293124.55,1065.00,9268.23
4959.33,735126.50,3657.34,2884.93
1902.53,805459.25,3986.44,5379.17
7850.93,334918.03,6208.51,4163.48
40.70,761934.29,7556.68,4244.25
7024.55,791292.68,3898.31,5292.10
3082.82,554673.51,2891.95,1778.02
2802.79,689906.06,7188.06,9842.45
9173.54,358493.78,5127.52,5590.11
1209.98,664273.29,9213.97,841.20
2597.96,359995.31,3271.03,4019.74
1143.64,673165.35,7642.65,5823.08
9913.40,887659.06,8054.40,1591.85
4867.06,243426.91,7826.15,4887.28
515.43,303029.26,5011.01,9683.75
4674.18,640793.26,5732.89,1796.62
5739.72,518059.29,2504.67,3691.46
1078.69,336284.70,1631.29,658.26
3101.14,848699.18,6936.92,484.65
378.61,860756.41,8002.41,3225.24
4771.76,359802.40,9859.24,2439.42
1948.12,205181.99,7658.32,4357.76
1899.37,681430.56,4216.70,6837.89
8108.09,169248.71,542.73,5683.26
8867.95,541633.86,9449.69,1923.65
1926.91,405842.77,190.45,9994.53
4101.74,945785.65,7680.25,3402.15
803.18,174002.48,3322.17,1424.73
6514.44,977548.72,5709.46,7675.14
6181.88,637917.54,8551.22,8938.43
9205.18,701552.24,52.70,598.12
2255.39,794552.76,2678.83,3177.79
4502.62,452856.58,4739.07,3050.03
9001.24,937474.02,5554.44,9202.91
6959.05,743285.07,4101.71,7103.98
7407.78,369454.75,6977.64,165.38
3395.74,399699.84,5285.48,9088.39
7239.69,821441.18,1618.31,9454.15
1601.30,594300.75,7698.73,8327.35
194.61,820454.26,431.48,1352.71
1784.58,132024.97,9135.42,2849.42
3802.61,794006.38,9543.54,2746.71
7383.61,925125.53,794.49,5853.85
3920.06,723611.39,86.30,921.11
4332.20,690006.97,5922.82,9223.32
6169.32,824965.49,4955.53,4985.74
385.74,126396.28,9308.41,2872.22
9176.04,297377.42,970.42,968.60
8607.75,143926.97,7350.34,1219.64
4955.40,210026.31,7410.67,3115.74
1618.80,226214.75,932.13,575.97
4299.02,177624.60,4407.74,6436.92
5709.30,447502.80,5824.92,3732.29
7514.05,283065.04,7166.65,8035.97
6417.70,101954.66,7847.16,541.63
3365.94,349629.17,4495.18,7265.15
9675.79,850672.96,2507.37,5781.02
1576.56,670335.82,2616.82,7242.28
5122.54,976522.19,1356.43,8083.56
6729.18,707007.59,7744.05,2769.93
688.04,901833.45,9776.09,6229.48
3931.81,356633.49,3388.68,2195.62
49.21,189069.46,3430.12,1585.27
9090.62,787605.81,885.55,3252.17
7058.75,789527.87,3104.81,7979.91
9144.81,133409.44,4106.38,5417.09
3748.90,190161.09,165.32,2807.38
114.69,156341.63,1840.27,3830.39
1011.64,493590.60,7354.38,5644.32
3314.35,58840.55,3817.28,2309.48
3556.79,911394.04,2159.99,3172.09
2580.60,905000.31,8851.88,5500.59
3249.66,195743.11,2478.67,1692.22
7869.70,259851.31,6082.60,2705.47
7429.74,499470.42,6800.76,1024.23
3073.49,998983.14,2784.71,8422.68
1312.14,479643.43,3644.47,6075.04
8406.35,666089.06,4732.12,7142.34
6073.07,984723.57,7464.97,4868.87
214.76,521009.28,7585.54,2433.51
6721.21,850388.67,765.51,4326.91
3560.83,165852.22,282.94,2863.24
6356.38,754097.04,4636.65,7585.49
5431.43,721770.65,3909.37,9786.37
5917.06,983470.75,2450.54,9142.20
8924.58,573971.96,2022.29,4545.04
1018.44,778577.01,3936.63,6618.70
1264.49,287539.94,909.28,5117.18
9982.41,293185.13,9365.39,429.50
996.92,221646.58,754.45,4752.75
9661.18,585077.55,6066.68,5145.58
2216.44,94731.82,1190.34,7637.15
8156.01,230492.90,2009.21,8842.19
6177.04,198229.41,7211.67,9120.48
6032.67,142779.22,3667.76,9219.50
3137.79,281417.16,3927.62,552.04
135.17,980335.69,7904.69,7785.61
9795.03,214969.52,1129.20,1258.94
6599.25,313920.56,92.26,5890.56
152.65,905790.52,1148.20,2707.94
2167.38,888403.93,3202.39,8900.74
182.08,260705.73,5984.35,2389.60
5406.61,399042.95,5090.35,7302.55
9123.44,801590.59,2177.27,7463.72
1930.98,87358.17,3699.07,6024.47
2779.61,699513.80,4399.64,705.29
230.05,126688.48,2410.40,5766.55
6654.55,20473.87,1248.35,3789.86
7204.94,972503.49,270.17,2626.45
9287.57,320306.52,9210.00,5457.45
5013.74,697550.87,4313.41,4810.99
8635.15,471341.55,3277.47,4594.06
3327.58,136917.11,3716.30,7722.44
6851.72,668387.08,5194.01,769.90
3599.04,473079.71,8001.57,1208.35
1321.08,346619.27,2801.48,7273.24
4444.50,676029.00,4023.75,5264.29
2290.03,488955.61,6469.26,4179.18
9741.90,498537.60,8960.86,2978.35
9955.68,465490.21,1080.42,1492.16
3545.51,271655.76,9039.19,2006.48
6358.11,372568.69,4551.70,4901.46
8419.32,750510.60,6217.65,8367.84
9929.84,484081.31,6363.91,9188.64
6290.56,625487.54,7558.29,8849.14
3053.74,452552.13,2079.14,6826.03
3424.87,338871.73,4509.48,807.05
5480.98,162602.47,2321.65,1805.31
3624.85,512028.09,1828.48,657.74
8960.41,464366.78,7198.69,1235.29
6253.28,193197.54,8369.77,4842.60
931.18,299438.98,9637.98,9747.89
8182.90,380987.98,4465.79,9559.27
7629.95,696927.53,3618.41,4251.39
1274.05,883637.93,3126.72,8046.93
9464.34,882197.11,5770.45,9070.10
9481.79,379130.89,4785.70,6715.02
4004.24,405875.38,1322.89,4009.36
2194.21,966238.92,7816.20,3904.37
4442.38,865702.63,7872.49,385.08
2903.30,121573.03,9548.05,7569.89
3875.94,58802.65,2952.99,2556.81
4810.06,262718.84,5008.67,673.75
8260.54,66952.75,3880.19,5003.38
7465.32,702535.72,3116.09,5578.30
3388.35,62431.35,849.57,7480.26
1047.99,724697.21,2550.28,1227.57
3741.74,727020.92,6763.03,3297.57
7382.11,615551.12,2029.48,9406.63
3574.22,381744.68,9761.33,8257.96
9294.41,472377.23,2217.90,8867.73
3069.97,409914.94,6938.77,293.30
2413.83,773120.99,8991.48,8612.26
4933.77,561071.52,216.70,2339.28
6014.68,117680.96,288.29,4117.83
9262.77,248388.00,7852.39,3487.03
2004.93,495828.63,1270.05,2799.12
7051.65,637124.25,7559.81,5950.72
3661.14,301837.99,5021.35,7492.03
5182.78,606703.12,9719.00,7890.29
8211.77,640903.96,8513.18,9249.82
8252.98,493989.58,1650.43,4628.39
9870.20,737426.89,6057.33,3240.48
5088.30,330350.41,6430.97,3300.46
2419.22,640241.77,4978.14,4034.41
298.56,110072.47,2228.13,8477.16
2948.46,264870.11,728.25,9071.31
3723.02,72717.71,628.97,8798.14
846.31,717872.85,1174.88,1595.59
3118.98,206993.25,4940.37,7156.25
8647.94,373381.81,2283.23,6849.13
7944.64,388714.20,1937.16,9471.15
3840.98,956888.67,9923.46,7810.57
4587.93,850437.88,3034.70,9591.54
3230.36,916368.82,5027.99,9270.20
5892.78,965347.15,3362.44,364.96
3963.93,645818.74,1825.53,1529.45
334.49,452961.22,9715.06,3414.25
7820.43,271284.79,1378.40,7514.08
8695.70,499251.91,857.72,2659.78
7861.38,354461.44,5149.91,9590.16
8594.51,568743.57,6162.04,9126.37
9048.30,433937.47,5828.03,4871.85
9716.33,651174.85,1049.28,7074.19
6927.11,369167.74,5132.21,310.03
5101.07,310300.22,217.34,3992.50
980.96,877249.06,829.80,1350.94
6337.16,847409.60,2128.19,9495.35
1753.36,877578.16,7688.51,453.78
3013.96,477144.17,732.16,658.38
3342.82,284469.73,9591.74,4256.44
9284.28,98186.29,2905.79,3835.68
5370.94,472812.90,2543.09,678.25
2888.27,246402.01,2579.73,5495.86
1025.23,766844.20,786.74,9749.07
4490.56,443013.96,5033.25,7116.26
278.32,327114.93,770.26,4453.54
7682.00,635382.88,7331.92,1674.56
9885.17,355731.50,176.37,379.66
2497.69,752976.06,3385.14,1776.64
4259.79,804946.34,1750.23,5460.81
7802.75,526100.51,4599.83,1959.96
3832.97,719177.93,4148.82,3600.16
397.50,979979.20,9607.14,211.31
9992.74,805537.83,4539.03,8466.61
1193.52,441748.51,9038.50,6238.18
8209.00,212942.95,170.86,6251.29
1312.21,682954.84,3827.74,6532.68
3443.91,324891.20,8652.54,8673.73
3457.45,845128.70,8015.70,8767.20
4449.61,195978.43,9153.84,26.69
6413.76,161014.23,9534.05,560.68
6054.82,847235.08,9264.48,4548.72
3021.76,349032.53,4944.72,154.78
1041.93,600360.68,4733.81,2913.65
4482.25,763556.46,6611.64,9038.84
5716.11,135933.75,1818.63,9125.84
6340.68,208575.73,3281.27,9062.79
5767.91,925676.12,4465.64,1610.45
4003.41,947329.59,7548.48,9077.00
1531.12,533849.00,1054.93,4787.70
8137.44,885486.04,6184.44,8638.22
4237.26,287859.53,7931.28,9920.17
2805.12,330444.97,1802.91,8820.57
7368.37,883155.33,9449.75,6522.33
1685.35,974343.97,6841.71,2670.72
9709.60,932485.85,6762.01,8121.12
233.00,473344.54,3335.68,346.32
9203.22,974608.01,70.22,8656.95
4127.90,940776.89,4457.99,6476.67
9205.57,22514.81,1574.77,8313.86
6865.11,916721.54,6306.05,9784.78
1248.51,396264.48,8842.60,68.21
1838.00,401605.96,908.83,7509.84
907.02,570488.88,822.59,744.71
6765.64,766394.03,3931.99,9669.15
5874.33,111658.73,1234.67,2869.01
816.20,216946.60,3057.53,698.63
7846.35,845184.23,6559.05,6105.86
7277.72,435131.68,5514.36,8510.84
2316.80,397428.90,8352.30,9571.90
7128.03,84261.55,5736.47,3509.82
2884.75,962714.89,2116.77,8812.09
1355.23,111435.76,6625.25,2601.49
9175.95,530397.95,7449.92,3729.03
2380.34,944367.54,392.42,5738.95
9979.68,692089.98,6700.07,6253.94
7433.74,345272.10,7460.32,5041.61
5702.62,714107.50,1855.23,9048.67
9236.80,929394.80,4395.91,9027.20
6741.27,725224.07,1891.55,9027.56
1840.49,340757.28,4355.21,6995.79
6874.49,854804.71,5307.83,1988.31
1972.34,42699.79,6014.68,1104.86
3277.85,61400.70,5072.86,7141.02
8743.40,325797.86,9466.03,6174.42
7261.10,596882.45,5711.97,2824.24
7066.77,340731.12,51.21,9761.37
2330.58,776189.05,4759.45,7197.28
2639.20,648682.90,3613.90,7542.03
8677.96,127772.31,3303.38,197.81
8837.39,146848.35,9144.29,1541.94
5697.01,84813.58,2849.41,5553.67
8380.54,51629.33,7293.56,1252.13
6629.76,282291.16,8230.12,4138.19
5110.66,427094.25,5734.66,170.65
1943.86,569977.03,8786.40,2457.88
3742.27,471280.80,4846.02,2808.69
542.55,476440.35,2547.54,2561.66
7933.00,297919.98,9694.67,9700.20
408.78,844136.34,636.57,2160.65
9526.70,236159.28,6795.33,454.11
2785.13,840658.41,1627.26,6247.57
4320.57,775863.34,6622.12,7388.21
6491.12,456231.80,8079.62,4004.89
2207.93,651070.08,5349.34,4783.79
1479.31,222526.71,9980.20,7290.70
2048.16,599180.39,1798.00,1300.04
3231.92,912869.29,2313.90,9491.42
4115.31,978459.83,8064.55,5587.28
2099.43,348928.27,6493.78,6030.37
5477.13,291429.90,4808.45,7638.19
4182.79,363955.69,7875.53,321.30
6155.84,926727.66,4675.07,915.91
2860.77,957659.69,4083.03,1455.95
6422.42,257011.20,9830.65,2798.29
2563.98,82787.35,1371.64,2414.65
8075.80,355489.53,2085.57,3377.11
8897.17,108496.19,8755.84,89.05
5058.64,258654.89,6582.87,5151.62
1711.41,690591.73,2127.63,906.09
1261.25,607795.52,2528.30,8655.18
227.59,163709.90,3092.35,8342.18
5865.12,766866.97,6938.55,1554.23
1812.90,375522.11,9748.52,1116.72
9077.75,119300.43,9884.27,1258.66
8511.83,328041.04,9138.20,3354.04
3610.21,791325.77,2204.39,3582.53
7933.27,496105.53,3594.37,502.69
9749.10,474387.51,9168.33,2494.30
7595.21,738122.45,5712.07,7301.36
4374.44,524232.26,6062.60,8495.59
4328.69,439143.78,9169.71,6580.27
6775.05,859245.07,4178.47,5667.54
2842.45,951357.10,5127.13,187.27
6612.91,465613.42,8177.15,9923.87
49.99,842067.45,6427.09,5827.56
1888.22,21896.55,8309.09,3509.58
4260.47,184248.83,4326.58,6106.25
7256.61,460578.63,3464.06,3284.58
835.06,969743.31,4984.66,8562.69
5549.99,349183.49,3528.33,2831.00
8410.34,770186.11,5433.31,7985.68
7852.89,118529.34,2025.83,923.59
2290.27,535734.56,1257.85,4798.65
9985.45,830701.62,2519.54,1401.95
4108.26,626679.05,713.57,5803.87
5744.99,124321.71,4749.90,1983.90
9361.04,578014.39,2505.04,6074.64
9757.46,959690.26,8986.71,2058.90
6915.64,702049.35,6954.71,3284.74
5290.54,31382.55,9571.09,2000.66
7091.40,939132.65,2787.37,8263.97
4879.75,380874.69,1124.04,9037.95
7418.17,451573.61,4257.00,8069.01
4119.27,866778.20,3398.25,7222.76
7672.64,720835.48,5842.59,358.57
1469.05,655261.58,3249.56,1534.72
8294.04,453079.58,4239.50,361.96
9429.62,298236.66,4704.86,8661.02
8781.01,243138.33,9872.91,4230.04
4936.36,811887.86,602.76,9490.76
5171.12,891995.56,2659.96,5057.77
9324.57,453122.85,1783.75,862.87
8204.50,97851.83,9247.04,367.24
717.20,896522.27,2306.35,6606.60
6273.34,325853.10,1448.89,2340.41
4186.41,459366.89,1665.84,413.67
9758.66,726561.01,8116.14,4590.47
7540.96,287320.41,7492.05,5581.24
5855.99,118242.54,5157.55,1761.07
3090.62,658345.64,4702.96,9164.51
5491.51,73057.51,943.97,742.23
8239.35,87432.74,9590.43,578.34
6430.18,332221.89,6820.11,4792.23
258.83,359717.18,9814.79,7186.65
9177.48,580224.97,4951.03,4354.45
3093.80,284565.75,3784.85,1918.89
4776.30,313178.77,8229.79,858.16
6550.83,408208.67,5399.75,452.48
6100.46,541377.50,9472.75,2292.44
722.07,987496.15,2629.41,8000.43
6746.60,531145.45,9629.19,1842.15
995.61,272357.08,910.02,8243.05
4125.83,676051.33,7231.78,3375.24
1503.82,389538.44,4831.05,9442.92
5856.79,292567.08,3814.49,70.14
7361.51,925203.24,4090.65,5282.17
1061.66,940249.60,2524.37,4972.64
8545.23,728965.31,2195.59,461.06
666.72,631522.99,9653.94,4771.02
765.40,286938.90,8882.68,3597.05
3308.91,801140.14,1320.68,578.72
1182.80,196381.37,9737.94,2463.26
5950.12,130401.05,20.17,2013.46
9320.96,339506.92,8990.32,9105.54
800.64,526206.58,8279.37,3361.96
6026.07,679049.84,3956.31,4877.12
2653.39,820025.37,9136.80,3119.29
5825.95,923154.68,2112.23,7929.90
3230.43,56852.39,5676.00,691.90
539.52,472172.56,4270.53,8201.52
1643.47,149236.88,4338.91,6553.45
4488.63,304940.51,9836.86,7437.16
2569.71,856458.16,9245.72,4642.41
4163.44,867123.03,2624.37,4285.23
6244.79,873927.21,7247.74,8290.55
7693.20,69193.28,8201.80,7005.98
6874.26,442892.05,5939.87,3471.43
1973.90,646632.42,6251.99,8832.08
8565.22,155525.54,9359.29,5657.86
7804.27,119925.12,3917.27,3520.20
379.67,675473.09,8596.72,9077.40
5881.83,536929.08,8608.40,1132.75
4611.13,498938.80,7047.14,9655.05
9010.46,945197.29,1253.58,6588.78
4886.02,886388.06,2526.22,5432.11
8371.09,466830.67,3464.02,6023.06
3191.53,879944.73,979.23,750.31
4207.04,893439.16,4592.77,8492.48
7431.41,846561.05,9008.88,2990.25
3775.62,903789.95,7163.27,3068.83
3611.22,892038.30,4948.71,3153.20
1917.55,711720.23,1644.20,3856.94
9254.76,335976.45,708.62,4075.41
2095.68,916893.29,4047.24,7977.34
7153.05,762731.00,9118.92,2563.88
8254.67,155975.44,2324.26,4052.45
1047.55,708454.84,3999.79,4242.72
353.14,316812.51,40.45,1235.34
7349.18,669303.58,2682.35,2399.10
8919.91,883183.46,8300.14,1320.22
9494.62,120882.25,3208.17,4617.99
6485.80,482709.75,9401.60,8973.59
4041.51,824011.64,933.70,3494.58
6242.60,435498.18,8197.65,7625.23
104.11,556892.32,1766.06,213.50
780.84,446095.52,9638.45,1058.00
6231.03,858744.45,1757.03,2284.05
6257.77,346333.23,3473.12,3235.60
1326.41,675001.65,5281.44,9220.23
9847.26,481639.88,9586.74,1407.29
8716.38,959136.88,6526.92,2454.85
823.14,438399.91,9949.31,28.62
4962.14,451198.44,1521.18,8276.75
8127.44,954936.67,5653.16,5537.29
7521.35,338134.51,423.73,5080.05
9775.26,383697.75,15.47,4523.21
7859.29,465983.93,2308.32,8714.68
1947.72,837220.95,1222.40,331.71
9111.51,399011.76,7162.89,2227.15
8124.57,195458.73,491.40,5639.09
9899.33,245867.32,2333.41,8780.61
1108.06,297039.57,4228.27,1039.54
8399.91,337843.28,3138.29,9043.35
3289.61,142044.19,1155.56,2182.39
3272.42,69313.53,9879.90,6834.69
3010.79,998874.74,7888.82,498.96
541.78,375428.30,5979.71,9317.39
7370.30,572795.16,8937.30,5057.86
8041.69,847144.28,4463.66,525.70
4328.36,678720.87,9605.64,5587.90
1518.35,368668.24,2524.32,9517.93
9460.21,185835.69,2773.13,9207.69
8996.57,607392.10,6386.41,6942.80
5210.20,126614.49,3027.10,5901.01
2509.72,171397.43,1202.21,6308.51
2998.01,87829.29,4127.00,276.84
8795.18,814607.77,3203.42,8743.66
1028.66,526117.24,8275.73,9653.38
3056.77,274666.82,3836.07,2539.04
3157.82,415688.48,8174.75,1004.91
2395.78,473620.50,8105.06,1259.35
6663.94,460752.03,5339.62,1810.66
8012.15,276481.05,1854.81,6713.94
9278.81,790237.68,652.48,2344.68
7777.32,67751.54,5212.61,5575.64
8328.14,917392.36,5627.94,9445.86
3280.38,570988.43,1921.35,936.70
7333.67,191828.82,5369.15,4307.08
7949.00,141480.82,6787.97,2590.95
7928.37,156604.72,6690.42,9322.62
5346.86,887124.13,5974.41,2331.17
7436.34,667910.51,7383.08,1532.82
9248.90,897566.60,7357.51,3050.83
4968.91,499944.05,5101.03,2705.11
9596.17,86706.53,684.39,2939.23
1388.62,662550.04,6842.65,8590.51
931.72,358618.48,9750.01,8559.01
992.42,84202.52,2505.59,2394.47
2419.20,651986.63,1323.30,3095.22
5265.95,997908.60,8490.94,1.42
1045.54,403123.27,8048.59,8564.99
1560.21,452611.22,9833.52,6991.79
2109.53,712650.62,5048.76,3276.76
2042.27,477669.63,1834.55,9990.76
3597.63,585924.18,2456.75,8328.25
771.65,92995.07,4673.64,7387.70
3548.74,562275.57,8602.04,9432.21
9253.83,222420.34,6976.35,6965.47
2009.38,813153.13,1078.47,2858.94
3322.51,872880.93,6814.03,478.48
1680.89,634238.28,5420.22,6784.72
6702.17,566986.22,1112.47,7718.71
3860.23,621615.99,3612.33,1835.21
9102.47,421558.62,6945.94,5108.74
8775.94,247077.13,7162.35,7112.80
9196.12,809718.84,693.16,6360.75
1920.71,452631.22,1959.77,497.07
5331.66,349095.39,3531.76,5240.68
482.36,549307.25,4649.68,4507.42
9332.87,343736.64,4247.83,2976.55
6474.50,510321.35,2747.32,1516.79
1236.23,412303.15,2837.07,5349.93
5668.72,393688.62,3220.00,4605.76
5318.09,680118.90,874.15,7009.84
3929.61,634357.89,6763.00,2845.90
263.04,677659.09,7126.77,3047.86
5054.38,330947.38,7496.00,2301.48
8825.13,33052.90,9391.15,373.78
6718.54,697159.10,306.65,6538.73
4833.37,411179.32,6025.22,3930.59
3629.20,512950.42,567.71,2931.50
7893.26,556934.03,3156.44,5288.17
9487.59,55540.99,3454.47,3552.55
8635.71,65245.68,6040.47,3654.44
1862.36,835332.74,2588.96,1939.44
9865.03,305419.30,5547.49,1843.25
6575.17,466821.52,237.48,9524.17
1457.59,972385.58,3252.59,2238.01
700.23,869578.26,3788.02,8015.53
9362.57,782433.58,1106.90,290.03
5779.22,219377.79,5734.17,6523.26
1556.51,296005.15,4165.96,5590.81
5353.29,74553.58,6892.11,4713.17
6303.12,195129.41,7351.84,3057.18
3413.63,547656.38,5077.10,5782.11
569.93,348075.20,9725.75,9268.44
2872.13,737494.98,3966.20,5542.00
8953.46,338799.59,2247.48,1494.54
5653.80,321637.01,9373.66,6401.96
5964.26,423770.75,7498.40,9454.36
8512.45,414448.40,2665.66,7537.50
7023.55,163743.11,2344.50,2343.13
1171.18,80748.96,3540.81,5035.97
6022.98,63063.20,7016.10,6168.16
5889.25,820162.73,6903.14,8307.24
9799.08,34084.01,6580.67,8931.74
56.96,222240.96,1053.96,1548.70
2373.83,509266.07,3285.46,3700.49
5919.96,337436.00,6929.39,1553.63
4313.22,508543.60,746.47,2100.09
4034.75,694004.03,609.83,5652.10
5054.98,934533.50,3460.17,3274.46
9556.68,35914.95,3828.23,6073.25
8557.37,53165.61,7614.82,5848.54
2962.34,721847.46,9703.45,9518.22
5120.36,702312.10,1677.69,2933.64
9307.50,170347.47,3425.52,3232.73
4730.93,995994.50,7734.83,2714.41
2622.58,41227.96,119.16,1368.28
9783.96,316745.89,7060.08,9656.64
4546.85,388288.38,4612.25,7921.21
7530.25,693707.05,5889.61,3874.77
8803.21,163431.90,335.74,5038.47
5103.32,569034.21,9878.85,8698.26
5614.91,217258.23,7081.62,7979.38
2476.50,740196.81,8218.17,8975.89
2665.87,286210.70,9845.50,522.23
1201.90,370743.05,883.89,5157.09
1706.15,321355.18,3480.28,7105.02
9282.74,407111.92,5001.36,689.19
2404.10,98869.32,387.58,489.11
5030.71,624069.17,8796.41,2769.87
7546.82,117320.10,973.50,6235.16
5259.92,286345.94,4111.92,8993.76
6190.41,171807.87,9095.13,7780.16
5668.85,899057.64,966.03,4932.23
3861.63,80054.82,7224.56,8404.79
3762.08,944481.76,128.50,185.50
1412.47,420516.37,8556.75,8880.00
7163.19,187772.26,2191.85,2946.08
6629.34,407593.29,5788.06,2082.11
2670.49,999188.82,4113.81,5612.70
5198.24,74022.66,8791.80,8365.26
3907.09,265419.28,6707.64,6493.57
127.59,455526.18,5917.41,7980.37
7916.92,987573.13,9056.87,5138.35
1230.32,617793.39,6139.94,9329.76
3558.19,388424.20,8331.08,1337.57
8766.65,410878.41,1786.26,4346.27
7045.96,776480.82,5979.21,328.84
7849.25,441088.07,4064.61,4786.19
2495.25,479461.61,3777.01,9248.72
2712.27,795439.69,6124.11,5724.89
7816.40,804754.54,5705.21,2369.38
2445.87,298766.43,870.65,5044.28
8814.08,549438.27,4134.85,5159.11
2297.66,288548.57,3265.91,201.20
6841.68,787442.93,1296.52,9705.82
7142.85,477548.73,9335.92,6065.67
7862.48,766429.25,9509.95,6542.40
6224.43,199329.17,6615.77,118.20
3269.35,291963.56,6150.47,413.21
765.15,936729.27,3257.07,3795.20
5314.31,701567.28,1829.11,20.62
8552.67,398381.35,5524.66,1271.48
2499.72,696218.61,2762.61,4290.76
2099.62,993343.04,5909.24,9468.92
2782.56,201884.98,810.14,197.45
9480.03,918923.96,6582.27,5580.48
4943.39,198663.89,7153.25,9683.47
9443.67,21785.45,5419.97,898.47
971.53,420110.64,8095.43,5718.12
4909.96,897390.92,4322.82,2236.22
4818.04,990330.95,3958.14,30.28
1442.93,637885.21,2057.09,4732.21
5368.05,591416.63,4549.62,7555.85
9808.87,243480.95,6345.08,2325.68
3984.09,658802.27,7183.15,5138.80
4218.07,157430.32,2430.63,4692.81
9471.76,847121.37,5721.35,4524.82
352.49,609659.93,7846.28,1932.61
5819.59,654139.67,1623.02,2186.57
9780.59,219147.24,5608.92,791.39
564.44,775344.16,469.07,1019.75
9861.21,270116.66,570.23,8715.08
4134.08,946765.65,9944.21,1448.90
737.75,762133.11,6148.65,4518.30
3018.48,98613.17,7750.83,1982.05
3524.51,59171.66,1169.40,6959.41
2121.50,967298.14,431.75,1753.32
6286.49,407741.02,9039.02,5010.38
4144.29,978426.68,6578.28,92.47
6914.43,279139.12,3981.14,6110.79
6352.24,458338.07,400.25,660.50
4496.49,795918.78,1559.94,1194.83
7576.86,676767.35,4134.58,190.36
3288.18,827641.97,3217.89,7780.44
804.18,728210.39,268.84,4371.81
5882.22,666000.27,7054.35,4909.67
9201.36,544569.54,7056.49,5919.51
4679.68,134380.04,9571.53,6229.28
5932.82,916657.86,3300.30,2363.41
3264.12,751950.33,5614.52,0.66
617.79,467139.98,880.48,3600.48
1780.27,257351.42,6231.71,7328.18
7780.48,542488.22,6004.18,1746.89
2918.76,382062.62,6682.47,2394.89
5144.74,816531.31,2652.84,8329.58
7608.47,988526.84,9318.32,994.85
2124.56,983174.49,4203.98,6356.51
2018.15,973110.60,8564.46,6150.89
1362.11,640868.88,1703.97,7304.35
9968.74,118977.25,7727.97,2107.17
8664.83,496408.15,9768.44,5562.98
7358.06,248951.66,9859.45,485.28
9193.03,420630.74,3586.67,5375.62
7699.37,353454.54,7394.52,4893.20
249.84,913605.77,3006.86,7813.80
375.40,213584.40,7801.77,2776.03
3524.71,81880.61,2178.46,7826.14
5709.40,824425.38,4963.78,5797.64
2142.36,35368.48,5728.47,3900.14
3454.73,948658.97,8517.71,2542.23
368.46,596453.99,4948.01,5375.79
3804.62,155558.00,5882.10,9824.93
6323.85,598894.77,9965.90,4950.37
2523.68,325440.55,4196.28,1400.47
558.67,839097.53,6385.66,6413.28
4302.59,784662.47,1899.19,5358.93
5838.07,47346.31,7362.67,150.03
937.65,121226.09,2173.95,3997.76
5990.99,971561.43,4597.90,1454.51
3436.78,336083.74,2984.89,2459.05
4173.69,791166.91,4224.80,9188.46
9653.37,410213.89,933.52,4921.02
3399.42,103644.88,6066.03,4827.42
1549.75,912548.01,8660.06,9633.07
4685.97,291354.63,7236.41,4431.96
8691.65,358826.63,8017.02,6583.10
672.54,481194.83,3568.81,8583.46
7075.36,536462.16,3741.49,4086.47
5057.54,654686.94,4839.44,7823.46
4889.11,35487.26,4852.64,3085.42
708.85,71057.74,2269.17,3635.53
9310.11,550666.28,3500.94,448.27
1798.19,990899.22,9277.39,7508.87
939.07,784848.24,3495.82,5057.14
7811.04,492984.37,8965.02,3122.61
4973.48,68639.43,3238.15,2973.56
9783.77,461816.05,4303.19,9189.90
721.41,736473.66,284.27,470.86
1619.48,408488.04,9504.14,3000.85
3557.34,504158.35,7267.99,6222.44
1834.14,752435.87,3551.04,7203.42
5921.51,637974.68,1407.19,6434.97
3584.62,336655.60,9363.04,4861.24
6464.47,90409.56,2321.63,9215.65
3330.13,613968.76,4572.38,327.50
8938.31,902598.10,5388.43,6962.48
978.59,766911.73,2389.96,5973.91
4936.12,438554.23,361.82,8066.69
6869.66,608827.23,3535.92,7313.89
7081.37,161267.86,7483.80,1716.42
3445.75,918736.48,2711.94,1558.91
1768.58,145746.51,5812.14,2090.54
1962.83,907570.13,5591.66,7147.17
3057.02,709079.84,992.41,731.89
7092.38,598335.66,4805.90,4283.60
1818.88,442604.78,2200.44,8388.89
4766.15,467799.92,5899.10,9030.32
6743.56,756249.79,482.04,114.54
1115.36,742264.56,6733.81,5986.55
6299.55,830136.11,3216.21,9912.01
2855.74,45012.69,6319.38,7097.03
3255.55,433514.23,1928.66,3715.72
1970.04,198004.69,1541.92,6628.11
5862.37,876113.79,3182.11,1997.12
39.70,705401.60,2771.58,4850.43
2297.11,481984.71,4769.91,5784.13
77.00,991493.79,1824.09,5467.40
7471.28,820908.12,1939.55,2383.34
6209.47,290613.42,8253.00,4328.44
3804.35,977454.92,872.70,9594.07
4068.00,31608.69,2449.08,9466.00
64.30,502770.07,9148.25,9703.24
7230.26,84457.95,6523.61,4995.68
4876.81,579161.10,5414.90,7050.25
7570.96,81601.69,6452.01,3918.09
4004.49,32568.34,2999.99,5450.86
9870.56,611570.92,1454.45,7361.96
2997.96,712995.66,4681.00,4269.10
3533.97,307489.61,9089.86,307.21
9320.04,747979.37,8346.32,4426.39
6770.74,778029.70,7040.16,6327.28
544.85,479173.66,5771.92,8136.76
1088.42,213396.39,5060.96,6389.60
7733.33,77130.55,9240.36,8657.39
6450.61,843922.33,3075.56,9253.45
5586.66,414352.61,3228.84,8843.49
9951.14,793848.47,3888.64,3504.05
3479.18,401696.50,892.71,9796.50
3356.19,897869.66,1496.28,3762.21
3972.48,898205.39,7571.13,3394.79
7365.63,453023.56,8468.87,6108.33
7912.03,69448.56,6041.35,4995.83
2945.40,223500.43,8383.44,260.01
7708.07,594446.15,748.25,5098.97
2582.31,880952.36,1782.01,8542.22
2902.26,366257.28,735.64,1257.80
6812.92,987879.78,6632.46,4189.22
4621.65,316309.58,3505.87,4031.31
3877.96,836673.53,6768.60,4017.06
8021.54,517548.25,4534.42,3262.64
2854.04,81890.61,4285.84,3006.03
4318.83,66483.02,9665.88,3474.84
3114.02,868341.61,4369.21,831.86
6517.31,809210.71,118.05,9672.36
5467.64,962568.18,3530.08,2884.85
5426.60,521491.92,2320.57,7337.59
2834.13,840288.31,4728.36,816.01
5076.19,597959.65,7314.70,2911.36
798.14,907387.91,5356.59,149.23
9126.25,630538.29,6940.87,3546.50
900.67,557036.67,6562.51,4998.52
2376.59,521150.80,6540.49,7423.57
2016.61,230506.15,4886.75,2429.46
3975.57,638792.41,6398.59,8417.78
7670.31,54268.57,9692.08,1503.84
1430.30,576048.88,6653.87,1406.13
9640.89,630954.14,2360.94,4546.62
7019.90,245137.47,2902.77,7003.94
708.72,46745.19,5737.59,674.21
713.16,438548.79,2223.98,7019.68
1894.77,22785.17,4791.72,4123.24
6192.39,224367.53,1850.12,4417.34
2044.26,83180.72,1979.80,2418.65
9084.83,551350.23,5213.06,4075.19
106.26,997174.79,3280.99,1920.54
9003.28,163838.47,2589.43,3130.27
2960.79,778069.09,3383.94,788.41
9497.55,551585.09,6072.97,2197.33
4144.90,86474.04,1001.27,1902.20
2518.17,644572.14,1100.13,1251.64
1329.48,810463.93,7788.05,779.04
6494.04,427898.24,9255.72,6464.43
2898.12,460216.12,6841.05,6024.70
9625.48,556813.63,9584.87,6780.22
6479.78,939711.58,9255.26,2359.04
2494.39,976981.27,8138.14,1525.02
4786.73,523075.77,9714.12,8754.23
6592.88,820041.61,7976.18,2834.43
6609.34,828137.20,4590.27,6725.05
7872.10,129559.58,4360.53,9190.87
3319.36,64782.20,8533.08,6310.17
6912.80,297431.84,2357.18,8858.70
3733.07,920684.11,8019.81,9783.56
9819.07,335832.22,6579.39,4506.66
2686.10,931984.73,2846.79,5635.09
6437.03,74773.79,5296.36,2806.38
1171.24,71506.25,9037.18,7859.27
4999.76,60365.29,3634.28,5296.18
8391.06,752071.92,9142.00,8091.38
4800.36,913840.44,3096.41,9299.24
8576.62,187513.52,8410.86,629.92
994.36,256438.07,7128.64,185.09
7924.10,778943.58,7808.98,2884.41
8133.30,250211.09,4957.15,8763.55
9500.73,738870.71,7357.17,6287.77
1530.98,829842.62,8424.77,100.23
6471.60,910736.05,5771.17,5212.19
8063.82,985547.39,9052.48,2542.60
6499.10,286449.02,4877.02,3927.58
507.04,322136.25,5052.78,8245.57
2666.23,989500.44,9779.01,4141.73
2008.20,224322.46,521.37,8985.96
8775.65,616231.11,8256.70,8161.18
9799.55,283347.22,1533.69,3554.57
9375.85,52834.21,5367.71,5211.84
9750.93,585003.16,6373.02,5515.18
7366.07,250669.16,1732.70,958.57
5864.59,124133.53,9616.53,2619.31
4531.48,887465.73,6479.18,2762.54
1313.67,475685.44,2305.98,1666.08
2860.30,366995.90,8320.69,5715.65
125.76,577394.99,2929.53,5095.96
6994.26,774791.98,747.94,6991.02
1113.24,84182.88,6441.34,8107.63
664.08,92488.99,9808.43,8548.45
8151.77,579338.11,1045.36,7586.99
2461.54,278369.38,5451.16,734.21
3408.75,52568.24,4970.04,6637.35
8799.55,286688.40,9912.89,1813.93
2623.03,799994.33,7960.44,999.86
4412.01,183357.87,9122.73,977.85
4037.70,186168.32,4714.23,6153.31
3244.86,620566.96,5601.30,4857.37
5087.32,593191.47,9988.33,6382.26
5089.90,797917.79,3831.38,92.11
3441.23,647011.71,7602.60,9602.68
5812.98,242653.97,1576.32,6986.32
1504.54,615977.99,8067.14,4233.99
1528.19,186560.35,3122.91,1793.90
5978.33,241729.91,2059.92,6906.83
9569.41,562112.05,2925.30,7671.06
6580.53,827500.65,9481.05,2295.29
1610.99,645450.80,626.43,6835.56
529.25,133911.37,6310.53,8863.00
6789.06,838766.97,933.58,8971.72
1889.90,237335.16,3995.83,6811.83
5174.89,389664.97,4324.68,3420.25
7387.83,730908.79,8595.94,7022.55
4452.15,790090.73,7061.80,5191.85
2787.96,853270.07,9408.50,2276.23
5149.37,342398.84,1488.45,7343.85
6442.99,75099.47,9306.48,4545.74
2279.22,905137.77,87.34,4758.66
9111.74,638543.57,1511.02,4646.11
3736.36,56131.29,9274.98,6863.43
1649.24,109598.83,27.02,3033.10
8305.11,955434.10,1409.83,9329.70
4670.01,468533.68,3467.98,3038.77
8628.78,895739.86,5990.51,7292.27
6786.27,728427.02,4496.73,333.36
6992.08,132819.83,3520.64,5126.26
522.41,96901.38,9608.49,4902.36
4268.17,313569.90,8016.85,321.49
7507.58,721128.70,6482.96,4327.92
4882.00,284244.72,6636.54,1493.19
7047.62,281186.95,8631.97,9663.65
3141.38,246456.45,7402.01,3068.15
4678.21,221845.83,9569.10,7691.89
8787.51,973516.72,8497.34,1685.33
9800.58,777859.36,1228.14,5852.39
2116.33,724699.59,5114.89,1850.01
4001.48,252843.83,3856.57,8631.72
1522.39,580003.87,2327.61,880.55
4158.85,576818.92,7111.00,6702.16
8816.81,742992.76,4964.06,5686.81
6934.87,832490.50,4580.83,2599.38
170.81,984289.13,7962.49,6419.30
3757.90,865352.83,6466.89,9227.85
3036.41,23304.24,3180.59,4528.10
7894.85,97688.49,7641.50,9983.06
1895.85,650778.45,1137.55,5270.70
7715.58,431544.18,816.60,1779.66
8191.38,199711.67,8664.90,7207.65
2750.89,810760.50,7046.47,4774.50
2286.86,117261.90,5942.71,3725.28
1645.61,657133.72,8291.57,5073.71
7812.73,35189.88,8897.75,4124.42
3608.46,240787.86,9270.16,9212.83
1246.08,781428.00,5440.19,4314.21
7460.11,989834.99,8324.13,1699.12
2077.20,840351.68,6515.24,9650.10
4881.12,169402.14,9525.77,9404.99
1414.22,414331.10,5446.59,4955.09
6961.24,85102.56,751.82,9101.78
9377.47,44141.80,1547.88,9263.20
5651.66,271029.93,4951.62,6922.75
4135.08,590811.86,6479.00,5324.36
4221.83,167353.25,4335.72,1044.58
7931.30,846484.04,4323.71,6409.69
3322.29,837590.68,9711.58,1376.21
7959.31,66870.98,8865.11,5456.22
1755.18,400640.62,9692.96,2544.25
2429.82,222881.46,4035.54,4090.25
3553.95,637647.71,7009.50,8963.93
4687.22,73995.99,6017.52,1568.15
5473.82,338782.49,1643.13,3284.73
724.80,850969.73,7972.19,6174.02
1494.61,200012.31,3017.75,1999.62
7950.55,460441.09,871.97,4112.92
3437.39,224941.75,5968.90,4507.17
5555.10,409023.64,6413.81,3438.98
9296.67,231801.06,7719.83,4415.36
9333.46,889460.21,489.74,3057.29
3389.54,590660.03,5590.63,4376.39
6312.03,876416.57,8191.26,9338.82
