40.900749,95.4,0.0,1000.0
3202.467416,0.0,6442.945483,7000.0
2495.148862,773.17,0.0,7500.0
1666.670542,1499.0,205.788017,7500.0
817.714335,16.0,0.0,1200.0
1809.828751,1333.28,0.0,1800.0
627.260806,7091.01,0.0,13500.0
1823.652743,436.2,0.0,2300.0
1014.926473,861.49,0.0,7000.0
152.225975,1281.6,0.0,11000.0
1293.124939,920.12,0.0,1200.0
630.794744,1492.18,0.0,2000.0
1516.92862,3217.99,0.0,3000.0
921.693369,2137.93,0.0,7500.0
2772.772734,0.0,346.81139,3000.0
6886.213231,1611.7,2301.491267,8000.0
2072.074354,0.0,2784.274703,3000.0
41.089489,519.0,0.0,2500.0
1989.072228,504.35,0.0,13000.0
3577.970933,398.64,0.0,4000.0
2016.684686,176.68,0.0,2000.0
6369.531318,6359.95,229.028245,11250.0
132.34224,815.9,0.0,1800.0
3800.151377,4248.35,7974.415626,9000.0
5368.571219,0.0,798.949863,6000.0
169.781679,399.6,0.0,3000.0
1615.96724,102.0,244.840485,1700.0
125.694817,233.28,0.0,1000.0
7152.864372,387.05,2236.145259,10500.0
22.06349,100.0,0.0,6900.0
12136.21996,3038.01,3183.583301,13000.0
1162.273324,1347.71,175.815755,6000.0
6732.823064,324.95,1189.533753,10500.0
125.660453,636.79,0.0,1200.0
3517.101616,547.28,0.0,11000.0
1656.350781,0.0,99.264367,1800.0
7427.076941,0.0,8873.375046,9000.0
4047.480828,2380.55,1697.660901,5000.0
6269.418144,204.0,2925.699862,9000.0
1411.60223,963.24,6173.682877,7500.0
663.44781,0.0,3133.063934,1800.0
784.889762,1526.59,2188.419607,3000.0
4104.710798,203.82,0.0,4500.0
1360.742377,0.0,1481.587093,1500.0
5315.945594,1525.44,0.0,8500.0
2242.311686,437.0,184.648692,2400.0
474.447149,109.74,1013.659552,1700.0
3910.111237,0.0,1980.873201,4200.0
229.867179,2390.6,0.0,3300.0
863.809833,507.5,695.097159,4000.0
4931.331857,901.42,8530.648614,12000.0
1078.888565,3107.85,0.0,2500.0
1565.681099,0.0,321.359135,3500.0
464.674156,1979.22,1981.265503,3000.0
6.660517,310.0,0.0,1000.0
1311.995984,1283.9,0.0,6000.0
3625.218146,313.27,668.468743,4000.0
2386.330629,5217.62,0.0,7500.0
3971.138765,0.0,224.575517,4000.0
5493.90406,229.0,970.591332,6000.0
1879.114033,113.0,0.0,6500.0
1555.793701,66.2,0.0,1600.0
809.582978,0.0,3819.672466,4150.0
7.152356,840.0,0.0,1600.0
1923.886805,1887.64,1605.949371,1850.0
1758.059987,412.33,0.0,1800.0
809.847455,0.0,908.423608,1500.0
1576.305029,0.0,382.908547,2500.0
3990.523579,263.5,0.0,6000.0
1699.435486,1363.69,0.0,1700.0
5487.683724,419.1,625.399386,6250.0
2990.422186,4523.27,27296.48576,7000.0
656.01301,0.0,1474.349901,7000.0
1808.972419,713.9,0.0,2250.0
532.334517,791.94,0.0,6000.0
5860.433624,561.87,0.0,6000.0
1727.638449,606.11,0.0,11000.0
578.809679,320.0,0.0,1500.0
1205.716678,0.0,38.325801,1200.0
6593.820644,388.66,4621.93458,7000.0
17.357563,244.85,0.0,5000.0
81.584711,0.0,2985.300006,9500.0
3.78631,133.05,0.0,12000.0
42.46443,396.0,0.0,1200.0
1935.362486,4915.6,293.844792,9000.0
134.917202,1247.8,0.0,16500.0
7069.950386,1603.78,5626.004046,11000.0
8181.251131,2258.01,5251.228934,13500.0
4037.305658,45.0,104.238064,4500.0
6110.265264,0.0,2717.253917,6500.0
9381.255094,5100.07,370.737197,9000.0
1977.00709,1032.04,4335.919227,4000.0
1321.47608,45.65,495.657934,1800.0
1307.717841,405.6,0.0,2400.0
2329.485768,213.34,0.0,2400.0
1139.782882,0.0,120.612912,1200.0
1619.955708,739.44,0.0,6000.0
3505.671311,0.0,1713.984305,4000.0
4.708041,79.0,0.0,7000.0
0.0,0.0,89.849004,3000.0
4.875885,20.0,0.0,1500.0
23.394411,1346.28,0.0,2000.0
3539.801912,2823.8,0.0,5700.0
0.62424,389.96,0.0,4500.0
862.07238,0.0,920.309805,4000.0
2441.542991,808.0,959.857263,4000.0
408.656365,941.64,0.0,2500.0
4986.400804,0.0,5439.467563,8000.0
1246.624558,423.7,412.399058,2000.0
6644.201651,4478.75,7205.520805,9000.0
156.216753,1354.86,0.0,5500.0
3393.351236,0.0,1008.348672,4200.0
5322.994094,2812.2,2510.352951,8500.0
6458.56209,0.0,3360.228794,7000.0
175.341651,1508.9,0.0,5000.0
680.195157,1045.57,0.0,3000.0
223.763616,2309.78,0.0,6500.0
1785.626943,0.0,576.206382,1800.0
54.933231,495.0,0.0,7000.0
2662.629852,0.0,509.023801,3000.0
8504.876253,6724.26,1686.599777,17000.0
1464.324632,1174.39,0.0,9000.0
2114.158683,5580.85,0.0,8500.0
2876.396444,0.0,998.84867,3200.0
14224.11541,0.0,4614.427403,19000.0
2392.917738,12462.44,0.0,2800.0
57.453201,0.0,272.713302,1200.0
4245.855092,1957.3,0.0,5000.0
11167.23403,150.64,8362.154254,17000.0
69.405545,0.0,2799.714934,13000.0
116.654149,907.0,273.558033,5000.0
4637.848144,1271.12,0.0,5000.0
24.28497,250.6,0.0,3000.0
9354.06045,796.33,13748.47131,13000.0
231.108995,440.0,0.0,4000.0
1562.633343,1330.62,0.0,2000.0
2494.868559,5491.79,0.0,17000.0
706.132889,897.86,586.268966,1200.0
19043.13856,22009.92,0.0,18000.0
2235.103331,720.6,723.308724,2500.0
947.13081,197.06,0.0,1000.0
764.042156,0.0,1307.102516,7500.0
5347.814547,0.0,4002.353384,7000.0
10598.46777,2084.48,0.0,21500.0
2163.678757,5779.36,0.0,6500.0
3057.400553,1025.0,0.0,7500.0
19.354559,689.7,0.0,10000.0
264.811595,28.65,384.26178,9000.0
1108.22253,944.96,0.0,1500.0
906.573724,1039.2,103.102091,13500.0
7679.62904,4059.93,555.469352,7000.0
1523.911458,4075.37,0.0,6500.0
49.206256,870.24,0.0,8000.0
13673.07961,9792.23,2444.445738,20000.0
106.455975,2463.12,0.0,4000.0
119.760904,1859.34,0.0,20000.0
5837.105453,3488.49,3303.1523,7900.0
1734.510004,0.0,66.275851,1800.0
2765.748281,7283.31,0.0,11000.0
1046.37041,295.0,93.579809,1200.0
2737.367678,0.0,429.691164,3000.0
4014.818167,0.0,988.356213,8500.0
871.568977,648.22,0.0,1200.0
1610.040203,557.19,0.0,4000.0
114.593817,469.98,0.0,1000.0
5800.587339,0.0,369.950794,6500.0
823.103926,131.64,0.0,8000.0
595.677343,5078.14,1424.442602,15000.0
1128.124563,924.6,0.0,1000.0
349.441102,1975.4,0.0,4000.0
840.804076,0.0,3671.777443,4000.0
975.942008,10221.35,1620.685551,10500.0
23.111088,300.0,0.0,12500.0
2187.732265,0.0,3905.326256,3000.0
11972.01104,5715.0,1626.351366,14000.0
1608.451822,0.0,205.737165,1800.0
1872.926275,766.61,1017.120578,2300.0
2933.240476,0.0,2040.433925,3000.0
336.799916,3535.8,0.0,20000.0
36.236312,256.11,0.0,5300.0
903.29781,2697.48,0.0,2500.0
0.0,23.0,0.0,5000.0
2881.253586,117.0,17661.49486,4500.0
5.465999,196.81,0.0,12000.0
117.442684,653.73,0.0,10000.0
168.522709,2009.05,0.0,1200.0
1706.014379,147.78,1657.090283,6000.0
874.583247,516.54,0.0,900.0
861.001207,969.56,446.233197,2400.0
966.251742,311.45,955.959749,1500.0
38.615644,280.4,0.0,6150.0
189.687964,66.14,0.0,6000.0
40.417255,79.2,1631.576375,4000.0
5462.897068,1453.32,0.0,16500.0
3983.923705,756.54,0.0,4000.0
5588.846272,3507.35,0.0,11500.0
281.170378,3163.69,0.0,8000.0
130.251538,1343.19,0.0,15000.0
1973.814964,873.0,0.0,8000.0
5698.539876,47.55,2039.52804,6000.0
43.103899,370.0,0.0,23000.0
566.546048,405.75,1044.651618,2000.0
24.527253,261.64,0.0,4000.0
8350.145568,1989.28,893.757903,14000.0
4559.779234,10848.5,0.0,7500.0
2.67713,43.39,0.0,4000.0
1570.682346,645.32,1665.331678,1800.0
7201.736985,987.1,5468.620604,10500.0
6467.885013,1464.14,3947.86784,11500.0
64.080909,927.0,0.0,5000.0
5635.860679,393.62,5933.467329,10000.0
3670.50596,965.5,0.0,7500.0
2458.376257,0.0,102.275984,7500.0
768.004936,336.41,0.0,6000.0
75.647479,540.0,0.0,4000.0
2.433254,36.0,0.0,7500.0
1121.730896,878.52,197.648111,1500.0
7.56809,144.26,0.0,11500.0
2053.441598,493.85,1738.33378,2000.0
2422.311938,4490.69,188.783221,8500.0
9047.621884,11188.62,0.0,10000.0
3061.213971,1829.2,0.0,7000.0
41.642389,75.99,0.0,2700.0
5431.622968,1824.16,0.0,14500.0
6571.484039,9325.22,0.0,8500.0
28.461629,100.0,0.0,4000.0
4178.625215,1431.89,0.0,4000.0
3019.019487,2260.41,0.0,8500.0
1.045584,0.0,466.643895,1200.0
2723.369217,10410.49,0.0,19500.0
1070.999446,990.7,0.0,1400.0
279.608696,3034.92,0.0,2900.0
1255.901821,1038.81,1092.634704,5700.0
2229.857287,45.65,0.0,2500.0
2363.489077,2641.98,263.884743,3000.0
4014.388265,1189.52,0.0,8000.0
7623.224897,300.0,2800.728343,12000.0
3421.571922,126.69,154.341344,10500.0
48.898611,247.09,182.357669,5500.0
1874.716289,301.1,0.0,1950.0
3215.511032,1112.2,7616.064965,7200.0
237.235398,2410.07,0.0,4000.0
1272.927288,5350.19,0.0,8000.0
558.476701,630.03,0.0,5500.0
2814.207626,3197.24,0.0,3000.0
8.061012,133.0,0.0,3000.0
435.862142,1646.16,0.0,12000.0
6.390383,79.66,0.0,1500.0
9612.21512,319.92,13439.5704,12000.0
7938.559134,3677.52,0.0,12500.0
2344.478291,1041.63,4003.968939,4000.0
996.48222,675.96,0.0,1000.0
19.508047,193.14,0.0,2000.0
185.640313,1703.23,0.0,11500.0
5335.302925,0.0,468.958688,6000.0
22.189283,234.16,0.0,1500.0
5.871769,29.68,0.0,10000.0
1049.496471,1322.67,774.260436,11000.0
5570.190127,1607.88,0.0,13500.0
1668.591831,0.0,1716.941235,1800.0
2224.590946,3183.0,0.0,9000.0
2903.781184,3014.23,103.610197,4500.0
2041.480046,7323.38,191.331735,3000.0
7755.698607,8533.54,7540.30735,10000.0
614.263149,408.93,0.0,9000.0
8097.334733,3999.92,0.0,7500.0
1082.33027,2980.46,0.0,6000.0
2734.66412,560.73,0.0,7500.0
80.708806,569.9,0.0,9500.0
2554.525229,6186.77,1898.690655,10950.0
535.947221,4550.81,438.469118,8500.0
3905.365959,150.8,1659.19931,7500.0
156.278339,1385.1,0.0,14000.0
5131.319584,32539.78,0.0,11500.0
5265.763713,410.24,15452.97758,16500.0
2.564117,47.95,0.0,1500.0
1873.084577,126.57,181.139378,2100.0
32.124999,380.89,0.0,5700.0
1473.495809,414.0,0.0,10500.0
1504.82705,2010.0,1189.292764,8500.0
7645.108427,4693.15,0.0,13500.0
1129.33758,498.96,72.259355,1000.0
668.956687,224.2,0.0,9500.0
2302.184366,2856.57,0.0,2500.0
272.711518,0.0,682.156051,3000.0
4246.430225,0.0,9270.408108,7000.0
2420.761135,0.0,567.233798,3000.0
2935.324966,409.63,1876.241162,5000.0
83.148283,843.34,0.0,6500.0
5469.851311,0.0,512.792701,6000.0
280.142117,2236.49,0.0,10000.0
5790.930626,464.51,2516.727082,6000.0
3605.714046,1779.0,0.0,5000.0
3992.261885,0.0,348.834361,4000.0
41.833264,456.36,0.0,6000.0
635.090434,5758.71,0.0,2900.0
1521.1681,245.98,2792.67597,6000.0
5547.092593,0.0,3298.958165,12000.0
2503.107213,733.9,0.0,3000.0
191.450711,1641.07,380.972341,500.0
3621.70204,674.73,1684.957411,4000.0
2762.479434,2702.47,0.0,11000.0
4338.606862,0.0,1817.569093,8000.0
388.873921,1579.15,0.0,2700.0
9261.310686,0.0,8603.045938,11000.0
208.131845,2161.38,0.0,4500.0
169.088238,1482.19,0.0,6000.0
133.911556,1446.05,0.0,3500.0
1613.34907,0.0,1606.322681,4500.0
566.908563,397.06,0.0,2100.0
53.208422,498.17,0.0,15000.0
1329.967543,2009.12,1763.794583,2500.0
515.904786,5359.02,0.0,6000.0
927.041961,0.0,402.974164,1000.0
1872.767651,0.0,3394.509419,5500.0
185.396312,0.0,842.456926,1000.0
4823.822993,0.0,6481.300951,7000.0
994.105777,126.2,0.0,1950.0
40.089221,225.0,0.0,1500.0
0.478714,734.97,0.0,6000.0
4732.37354,14.95,2173.356068,5700.0
9206.811696,874.98,4653.693195,12500.0
6719.376505,0.0,2443.262416,7500.0
2233.074041,445.2,0.0,8000.0
1867.649838,0.0,3264.573342,4500.0
57.842746,689.34,0.0,1500.0
4194.033835,2006.87,0.0,21000.0
2459.862339,678.0,927.25167,2500.0
850.630114,0.05,1700.634586,1000.0
353.198215,3085.69,0.0,8500.0
2669.160638,0.0,142.141325,3000.0
92.440743,1080.0,0.0,6000.0
706.675991,2721.16,0.0,6500.0
361.319366,3095.96,0.0,14000.0
2324.086254,0.0,1600.758078,2300.0
2922.487907,71.07,3595.158425,9500.0
98.364739,65.0,0.0,1200.0
498.208616,4786.61,0.0,9000.0
16.93339,174.42,0.0,2500.0
3355.631092,242.88,0.0,13500.0
907.982017,216.94,1011.997944,3200.0
1132.386178,2246.3,14048.07181,6000.0
1254.6691,361.73,198.686744,1500.0
80.336636,330.0,0.0,1800.0
260.838885,2854.11,0.0,9500.0
17.356961,390.0,0.0,2000.0
1897.672025,422.18,0.0,5500.0
1032.241153,1005.52,0.0,3000.0
3536.601227,2132.93,5340.016172,11000.0
21.580264,284.72,0.0,5000.0
4211.539631,0.0,455.581546,10500.0
1732.715258,3244.16,0.0,11500.0
8939.461145,2490.17,5309.949725,9500.0
36.567901,1098.31,0.0,4800.0
41.754778,636.15,0.0,8500.0
1937.246177,3018.93,0.0,5000.0
99.955082,1222.97,0.0,19500.0
5135.604593,110.18,6551.99521,6000.0
214.896542,0.0,1192.015721,3000.0
1543.287931,0.0,36.481832,1800.0
601.92037,983.77,0.0,2400.0
1261.05733,0.0,474.429843,1500.0
85.285023,423.24,0.0,11000.0
1903.688611,6079.5,10227.22894,7300.0
813.068705,439.38,727.658311,1200.0
1279.325142,1207.25,0.0,1200.0
237.669312,259.13,0.0,2300.0
5747.761139,1627.69,0.0,5500.0
7760.940543,0.0,3423.085934,8000.0
6388.108487,0.0,3768.696678,8000.0
426.372628,5749.96,0.0,12000.0
8806.866629,1490.94,2813.063846,9000.0
282.934373,0.0,2333.150712,3000.0
1128.229387,5068.88,0.0,4500.0
2045.541408,1067.28,0.0,2000.0
8.520292,64.12,0.0,7000.0
11278.95243,6855.59,0.0,18500.0
143.443832,1631.0,0.0,2500.0
241.223955,180.91,0.0,1400.0
1528.571561,0.0,172.931118,1600.0
12474.72954,136.88,515.147607,14000.0
566.147105,0.0,187.572355,2000.0
1077.606225,343.21,1609.900552,1500.0
1.838084,16.5,0.0,6000.0
507.144348,5708.18,0.0,4000.0
816.82453,42.3,3967.709973,6000.0
1526.506915,46.67,0.0,1800.0
7957.017218,0.0,4909.937494,9000.0
79.189929,699.12,0.0,2500.0
497.908027,245.39,0.0,4000.0
681.95925,98.0,0.0,4000.0
1535.248256,857.36,0.0,6550.0
1508.513765,2747.12,246.046033,5000.0
11209.37076,11147.33,2728.576925,11000.0
201.3504,600.0,0.0,1000.0
2502.264409,0.0,2368.872642,10000.0
4543.789386,255.12,0.0,8500.0
918.342234,1221.53,1078.788118,1200.0
5066.744231,0.0,1974.503664,13000.0
2259.431829,780.64,1227.555485,3500.0
437.789873,1532.1,0.0,5000.0
2025.162877,778.33,0.0,2000.0
3770.560441,964.06,5140.287889,6000.0
140.730723,1667.13,0.0,13000.0
5523.999416,0.0,4087.167822,8000.0
3298.692478,1088.83,0.0,9000.0
150.699542,648.64,0.0,2500.0
1874.843394,0.0,120.178123,2100.0
3024.629054,0.0,2171.139178,4500.0
154.641707,1897.92,0.0,13500.0
1322.057239,0.0,76.260896,6200.0
62.287137,1263.29,0.0,9500.0
16.581535,200.0,0.0,1200.0
4664.023286,340.0,3510.115735,6000.0
318.03434,1277.58,0.0,7000.0
681.615445,4117.24,0.0,6000.0
9335.31417,226.23,0.0,15000.0
6404.955912,3970.8,0.0,7500.0
133.405494,1346.9,0.0,8000.0
1403.597712,1050.83,4083.515108,5000.0
469.878834,1364.99,284.754535,2000.0
1452.437463,0.0,114.918715,1500.0
3737.175713,0.0,3017.170336,4500.0
6032.740391,7553.48,0.0,13500.0
1692.755487,570.16,2817.05225,9000.0
3534.253718,566.28,3888.756412,4000.0
654.574445,0.0,2819.60583,8000.0
1648.721384,0.0,39.646806,1800.0
6822.877573,137.34,4815.112874,10000.0
8647.057641,0.0,5105.254316,10000.0
5055.582822,0.0,3435.737817,9000.0
4245.550244,332.82,6649.712062,5000.0
541.915572,1377.72,0.0,2500.0
4855.340797,0.0,1886.470361,6000.0
981.643409,0.0,1462.32354,1500.0
7057.658848,360.7,6517.541812,8000.0
4264.307261,222.64,249.298208,4500.0
4503.390811,1634.74,94.837161,13000.0
969.294446,0.0,340.249539,1200.0
4479.115547,759.15,2493.111705,6000.0
37.753941,243.36,0.0,1800.0
7386.704481,0.0,10713.8746,10500.0
1265.805627,0.0,2820.528417,2500.0
598.78776,519.0,0.0,4500.0
3143.928913,3055.87,0.0,4500.0
5580.530306,2470.4,1652.878895,9500.0
576.635957,1671.6,0.0,1800.0
51.818382,903.36,0.0,15000.0
1036.595935,0.0,193.738137,1200.0
21.12921,229.5,0.0,3150.0
1534.969344,1476.19,0.0,2500.0
4994.04832,2506.89,0.0,8500.0
4700.106602,2570.0,124.563782,4500.0
9601.071318,238.34,4809.11955,15000.0
1207.888199,1342.36,1738.109478,4000.0
87.442862,786.32,0.0,7500.0
123.394089,1450.68,0.0,6000.0
395.052994,1239.46,0.0,1500.0
1715.459275,96.75,19.141227,1800.0
1492.039988,4106.15,734.816479,12000.0
636.669685,2022.38,0.0,6000.0
223.772475,3654.08,0.0,2500.0
1122.603377,883.73,0.0,3000.0
805.131074,795.54,418.482499,1700.0
869.001444,0.0,278.591282,1200.0
4458.055159,0.0,2806.959645,7500.0
2070.069187,1382.57,0.0,2400.0
52.229659,565.5,101.137379,8500.0
6426.639738,4462.86,4599.625146,11800.0
206.596865,1726.67,0.0,6000.0
5810.748774,217.0,12377.36037,9000.0
3872.605467,0.0,1483.933054,4000.0
2597.400267,1748.73,0.0,6500.0
1481.43247,0.0,149.36039,1800.0
1135.53683,50.98,0.0,1200.0
3430.981532,378.04,0.0,11300.0
4102.599015,1483.12,1992.715742,5000.0
150.952465,6407.67,0.0,14500.0
3170.537693,0.0,1161.103112,3500.0
911.281862,70.0,0.0,8500.0
45.753138,449.96,0.0,7000.0
456.648662,3355.33,0.0,6500.0
198.035504,0.0,14371.78789,10000.0
473.840442,0.0,818.124484,3000.0
285.813075,3220.09,0.0,15000.0
204.329381,6558.55,0.0,7000.0
3690.177649,0.0,1328.643945,4000.0
327.445978,4305.05,0.0,9500.0
6856.045926,262.1,3053.777459,13000.0
155.644239,1626.83,0.0,13000.0
4263.008734,3522.57,2485.845274,6000.0
10249.71178,0.0,2438.356719,18000.0
813.185305,8194.05,0.0,6000.0
911.893997,1604.8,1302.014616,4500.0
3563.23692,709.9,779.264494,7000.0
12478.17286,174.0,3269.418821,14000.0
2061.27937,0.0,554.11523,4500.0
1556.376158,0.0,655.037683,1700.0
126.207012,913.0,0.0,7500.0
2516.753364,606.62,0.0,2750.0
1199.942209,1447.01,49.912813,2400.0
13479.28821,41050.4,0.0,17000.0
80.062693,727.27,0.0,20000.0
839.897907,1869.88,0.0,4000.0
128.175207,182.94,0.0,5000.0
47.6368,379.28,0.0,2500.0
1529.206464,874.94,0.0,1500.0
2643.343414,26402.39,0.0,16500.0
2924.757622,0.0,281.044645,3000.0
5036.870531,1752.15,1072.351863,10300.0
32.042424,400.41,0.0,4500.0
2549.128288,13771.63,0.0,14500.0
3718.606699,1172.68,10372.8492,9500.0
4914.325665,1653.6,1442.395734,5000.0
1191.584153,4238.79,0.0,10500.0
98.420888,907.37,0.0,10000.0
1534.891604,0.0,2614.626296,3000.0
675.117139,0.0,6523.780195,12500.0
43.42718,569.34,0.0,16500.0
1874.601636,305.78,0.0,1500.0
15258.2259,529.3,4100.891579,19000.0
4497.213951,2001.19,0.0,4500.0
986.149218,0.0,2955.030338,3000.0
257.997181,1020.47,0.0,6500.0
4507.733288,4754.32,0.0,9500.0
1117.635883,0.0,97.200877,1200.0
5083.397311,331.95,10384.82416,8000.0
3649.559565,1490.0,8824.695802,12500.0
77.45581,558.28,0.0,8000.0
1362.418281,1477.44,451.968387,1500.0
189.12074,1051.1,0.0,3000.0
2374.663583,2242.26,228.465161,2850.0
1112.070216,179.24,0.0,4000.0
2569.379868,972.65,1390.367155,5500.0
2883.906333,4620.34,0.0,7500.0
71.046063,1023.8,0.0,20000.0
3366.051663,6344.3,0.0,12000.0
7190.047748,1549.61,3269.100834,17500.0
68.039722,734.11,0.0,5000.0
5066.461251,2274.21,2854.551358,5000.0
2454.610005,1635.69,486.813976,3000.0
64.329876,627.03,0.0,6000.0
1284.63314,55.5,5406.459348,3000.0
76.93561,277.0,0.0,8500.0
950.563525,7479.95,0.0,15000.0
5178.179489,3937.59,0.0,9500.0
531.455619,6300.4,0.0,16500.0
263.6992,1856.64,0.0,1800.0
492.070146,4924.41,0.0,10500.0
1034.660626,1308.11,234.602843,1500.0
11547.52001,49039.57,558.166886,22500.0
8997.488544,4604.72,1854.533843,9000.0
9149.4096,227.8,5583.937965,9500.0
1296.922119,2327.49,1873.271885,6000.0
1758.979585,1199.0,8552.910316,6750.0
194.493602,1174.76,0.0,4500.0
3294.37955,0.0,2546.891416,4000.0
5404.202992,469.0,8005.22508,7000.0
5484.800476,0.0,1239.217984,6000.0
181.463092,133.39,219.143859,2500.0
1311.732049,10700.63,0.0,6000.0
542.218074,0.0,1074.741949,1500.0
1029.101022,49.1,0.0,1000.0
1202.975648,11313.77,0.0,6000.0
1095.379426,0.0,282.895246,1200.0
4546.766836,3525.37,0.0,15000.0
28.934197,258.74,0.0,12000.0
3457.086184,2448.6,0.0,1700.0
23.290641,293.99,0.0,12500.0
9559.783145,709.0,771.711794,10500.0
2154.175363,1628.07,0.0,5000.0
2627.184835,0.0,3216.192328,3150.0
2689.586312,0.0,2224.68646,7000.0
11.890862,165.0,0.0,15000.0
3452.538704,11681.64,0.0,10500.0
1068.031748,98.97,0.0,2500.0
7295.920263,0.0,721.214369,7500.0
7975.19143,1142.15,2652.115823,9000.0
1866.608592,1494.5,0.0,8500.0
259.467265,646.24,0.0,10000.0
1298.191599,0.0,2052.835555,3500.0
313.387813,3608.88,0.0,15000.0
7088.358802,0.0,3118.050456,7500.0
4458.045588,0.0,2846.034435,5000.0
2690.771926,12465.21,0.0,13000.0
15244.74865,7823.74,2621.049473,19000.0
0.327199,24.64,0.0,1800.0
2492.726282,27957.68,0.0,9000.0
47.424621,372.0,0.0,4000.0
4114.723127,1841.62,4004.273974,7500.0
2450.031338,1678.07,0.0,6500.0
8781.831676,11674.64,0.0,16000.0
1642.024936,2094.38,0.0,4500.0
2739.836747,0.0,2970.288928,3000.0
1946.447038,411.38,99.078081,2500.0
9.962695,99.19,0.0,4000.0
394.269079,525.0,2003.827851,2500.0
5935.917803,1956.06,0.0,11500.0
266.588825,1750.51,239.188373,3500.0
917.732846,18.41,0.0,1000.0
3183.529482,386.12,3715.643596,4000.0
2071.736764,0.0,199.214973,2100.0
6980.581442,0.0,11549.11174,14500.0
724.261595,625.46,0.0,7500.0
2469.665655,963.13,0.0,7000.0
202.190447,2011.81,0.0,2100.0
6787.661776,99.5,7726.511679,8000.0
107.298227,1084.09,0.0,8000.0
3946.876897,207.0,1546.727807,8500.0
1246.393805,1757.47,0.0,5000.0
7155.328723,3837.59,14811.68818,9500.0
2147.939753,117.57,1022.23072,8000.0
32.612745,1223.41,0.0,6000.0
5380.796813,1710.24,2292.800636,6000.0
3419.661676,11.06,1261.347779,4000.0
8900.194109,0.0,4849.693752,12000.0
837.950585,8273.18,0.0,7000.0
2113.098241,619.93,1958.668173,4000.0
16.371699,190.0,0.0,4000.0
3774.063585,7680.08,0.0,11500.0
1088.031913,9734.63,0.0,8500.0
2.175751,0.0,136.662804,3000.0
5248.392421,8403.17,3141.100688,13000.0
9.581344,118.6,0.0,3300.0
3123.339488,11202.09,0.0,7500.0
1670.928797,794.52,0.0,1750.0
537.389322,1704.22,0.0,1500.0
1803.955439,1044.43,103.174612,5000.0
2394.126386,3651.59,2420.908491,4500.0
544.879717,6477.6,0.0,7500.0
288.474257,1025.03,0.0,2800.0
1434.097191,0.0,1866.841949,2400.0
79.554406,472.71,0.0,16000.0
2134.513436,733.35,5716.149236,3000.0
4925.502001,3050.72,10901.29827,11500.0
62.32157,601.35,0.0,7000.0
1062.752143,0.0,496.76383,1200.0
5347.377116,0.0,9671.336737,10500.0
8.555864,0.0,75.612993,5000.0
164.649775,1764.86,0.0,10000.0
299.765294,2352.2,0.0,6500.0
3725.636832,0.0,516.029064,4000.0
306.877248,3877.85,0.0,12500.0
14411.95798,5958.17,0.0,15000.0
1759.969888,5969.33,1777.022586,16500.0
1482.235539,14604.87,0.0,15500.0
6014.806806,433.63,2433.987199,7000.0
5619.157028,2790.76,0.0,14000.0
365.12275,571.32,4961.005282,4000.0
1728.079372,0.0,1662.824051,1800.0
1043.249828,281.25,1361.24762,1200.0
2571.925816,1701.9,1089.064313,3000.0
7760.5254,14332.92,0.0,16000.0
61.644247,490.6,0.0,18000.0
0.0,0.0,310.888779,9000.0
1724.2041,8371.19,959.946429,3800.0
558.989996,4552.44,0.0,5000.0
15.728894,202.0,0.0,2000.0
3808.073463,6030.34,7279.880364,7000.0
28.394518,379.3,0.0,2500.0
2515.968879,1877.24,0.0,8500.0
408.069031,3660.97,0.0,7500.0
975.165854,2281.56,98.596565,20000.0
879.190921,45.65,1246.223848,1200.0
2331.38017,1919.66,0.0,6000.0
27.20711,685.08,0.0,13000.0
1418.254924,362.13,0.0,1200.0
1.979916,80.0,0.0,1500.0
331.586253,3703.36,0.0,7500.0
10359.45471,12650.0,2781.682203,10500.0
2144.477682,228.35,1908.662268,4000.0
2927.082849,0.0,3987.822594,4000.0
654.747715,1969.24,0.0,12000.0
1162.770552,533.36,19.292323,1200.0
4094.433899,0.0,1618.325972,7500.0
278.142977,1901.94,0.0,4500.0
5941.847384,0.0,744.138154,7000.0
983.339069,5601.54,36.336457,7500.0
820.05973,162.56,0.0,1000.0
7025.757291,66.32,8733.135566,9000.0
1.411754,19.9,0.0,6500.0
5656.069801,362.36,7240.433194,8000.0
2705.591995,818.02,2758.007287,3000.0
235.294264,1286.2,0.0,4000.0
3472.806962,1800.0,2642.846513,6000.0
2892.138807,0.0,129.381701,3000.0
145.973232,1131.08,0.0,18000.0
1943.792266,83.35,0.0,4000.0
2119.537904,342.07,0.0,3000.0
233.395491,2025.0,385.62779,6000.0
318.186198,3548.64,0.0,20000.0
448.190189,1687.29,0.0,11500.0
908.354652,231.35,944.183414,1000.0
546.844163,2427.26,0.0,5000.0
763.327047,579.28,727.52546,1200.0
1495.801569,420.03,0.0,6600.0
7006.751866,328.92,9497.696525,10000.0
4414.952906,419.64,0.0,4200.0
255.052529,3267.03,0.0,6000.0
1167.045536,294.13,0.0,1500.0
3063.017462,0.0,3550.209696,5500.0
1546.216153,0.0,2196.107878,3000.0
999.392635,0.0,2368.248319,1500.0
3386.99251,171.92,0.0,4500.0
963.572006,2210.97,0.0,9500.0
454.580913,1229.57,0.0,2700.0
2572.508325,64.0,248.690762,2800.0
2596.59993,0.0,1700.074178,3000.0
13763.47358,9670.84,1896.204934,17500.0
1861.026633,7446.18,2817.03397,10000.0
5422.456378,0.0,9972.234861,14000.0
838.616485,375.57,99.587515,6000.0
446.735142,5228.36,0.0,3000.0
88.823762,291.65,0.0,8000.0
821.916526,1386.4,0.0,1500.0
3714.539663,1307.16,4245.840374,5000.0
7811.234174,0.0,6372.109273,16000.0
1024.761905,77.99,0.0,1200.0
2386.932058,861.79,457.699229,6000.0
15.492415,65.0,0.0,3000.0
2643.876192,798.34,3206.809796,4500.0
4881.822347,0.0,223.953042,8500.0
1855.212121,32.22,37.743145,2000.0
13774.74154,404.24,3369.474535,14500.0
251.151609,0.0,1084.813197,1200.0
1355.180523,8820.67,0.0,6500.0
6713.551391,7590.08,1596.569821,10000.0
2398.26262,0.0,722.361498,6000.0
1433.857464,1613.74,0.0,1500.0
142.406825,1214.74,0.0,11000.0
660.397749,776.89,0.0,1500.0
4834.586867,0.0,56.747353,5500.0
2571.284657,0.0,259.611243,2750.0
492.916599,4371.82,0.0,20000.0
2752.146656,1648.53,2146.51325,6500.0
7715.659048,0.0,6182.982033,11500.0
0.25571,24.0,0.0,1500.0
95.865855,1123.58,0.0,1500.0
1439.343061,571.91,0.0,2100.0
5603.045332,0.0,2909.490912,7500.0
1.691842,0.0,1148.820355,1500.0
83.279345,1080.11,0.0,9000.0
1157.168369,0.0,1249.682243,3000.0
1560.533094,749.57,4096.907903,6000.0
1575.508838,0.0,1977.834772,2500.0
1544.979869,880.19,0.0,1500.0
1350.286625,642.33,0.0,9000.0
1261.488342,890.2,0.0,3000.0
1274.851959,1798.24,756.233501,1500.0
1646.715644,2720.68,0.0,5000.0
3121.267822,4139.56,3607.406242,9000.0
3406.473855,1140.0,0.0,3650.0
4006.206157,169.28,2868.734582,6000.0
915.424422,0.0,2454.439476,1200.0
4193.283047,183.7,1585.714709,10500.0
10397.09989,0.0,4045.620171,13000.0
2830.364475,1412.76,2045.094842,5000.0
5499.895765,0.0,485.269985,6000.0
815.427615,1936.01,232.292989,2000.0
756.041971,2486.1,0.0,4000.0
5271.415483,0.0,2193.804998,6500.0
23.276656,796.56,0.0,4000.0
5639.464394,717.18,3856.971744,7000.0
5308.90635,0.0,4954.608429,9500.0
62.209376,782.88,0.0,3000.0
2052.32561,0.0,200.266788,2000.0
56.720267,260.0,0.0,5500.0
1121.068043,0.0,56.461201,1200.0
9470.18498,49.19,4078.303778,12000.0
2388.503738,4021.29,2075.781347,5000.0
1955.179305,503.45,0.0,10500.0
432.915949,4430.17,0.0,8500.0
2027.896903,933.5,1160.28334,3000.0
1252.58309,1163.93,0.0,5000.0
1822.43199,177.23,0.0,2500.0
1557.750089,283.6,0.0,5000.0
3879.064446,9796.28,1959.013493,19000.0
708.509086,2109.61,366.008558,6500.0
2748.60877,0.0,434.319424,3000.0
4343.537475,1326.3,1123.247578,4500.0
8646.143734,0.0,10204.12284,10000.0
90.445498,0.0,729.325692,3500.0
9164.724752,3407.69,2063.860557,9500.0
298.592251,1804.09,327.479813,7500.0
88.242406,758.31,0.0,6000.0
14.731998,121.5,0.0,4000.0
5211.229218,0.0,2316.206642,5500.0
835.007085,90.39,1160.459619,1500.0
2302.479845,0.0,861.574218,2600.0
1782.997768,0.0,16037.32794,10000.0
2435.823938,749.3,0.0,8500.0
10.096031,184.92,0.0,4000.0
1524.409377,70.0,640.711949,1500.0
1819.529197,219.26,977.92638,2500.0
4.607593,44.55,0.0,6000.0
644.530629,268.68,0.0,1200.0
147.180819,0.0,1843.426883,2600.0
197.555397,1876.8,0.0,5000.0
1716.622291,455.76,0.0,1700.0
26.680023,520.5,0.0,4000.0
5359.980872,0.0,1113.868654,6000.0
772.54691,8519.02,237.066662,17500.0
83.477053,0.0,2654.856157,3000.0
2654.816967,0.0,3469.664606,4000.0
81.762162,777.04,0.0,7500.0
1373.277423,0.0,2739.66574,3300.0
1773.445786,4504.25,0.0,8500.0
227.07351,2370.01,0.0,4200.0
155.924331,517.14,0.0,3000.0
4767.644535,806.0,1705.723287,8000.0
2574.852985,578.66,6390.668135,9500.0
3405.005439,8.4,0.0,10500.0
3517.561446,173.69,3122.99024,5000.0
1748.546186,74.98,216.032736,1800.0
4.503251,60.24,0.0,4000.0
2717.915641,1500.0,475.122697,4600.0
1841.359829,2280.58,0.0,1800.0
1399.729932,0.0,1967.782148,3000.0
674.817091,1152.83,0.0,7000.0
2406.569238,0.0,94.706407,2400.0
285.308422,0.0,2644.698717,3000.0
1011.110679,186.11,0.0,3000.0
1358.890643,89.9,0.0,7000.0
1392.773202,221.61,0.0,1700.0
487.584965,4768.27,0.0,2500.0
1892.439622,86.7,92.435934,2000.0
3957.419199,1162.63,3808.247988,7500.0
920.968431,977.38,0.0,3350.0
227.781773,1497.82,0.0,3500.0
4270.148411,363.0,5307.322893,5500.0
4115.739163,0.0,540.251858,8500.0
1375.845223,0.0,112.680045,1500.0
1300.593766,0.0,513.664928,3000.0
1437.895562,350.0,0.0,4000.0
1304.357015,1488.8,858.516418,2000.0
1372.725482,992.25,667.818882,4500.0
938.177781,1288.42,0.0,1500.0
129.3741,1102.72,0.0,4000.0
161.198861,536.68,0.0,1000.0
825.977042,0.0,904.460261,2500.0
230.359954,2163.12,0.0,4000.0
3616.993845,0.0,4947.781762,5500.0
8220.740014,5197.22,18857.05847,13000.0
4438.521324,591.84,564.365429,17000.0
2210.404961,1790.64,1660.66756,10500.0
2315.003636,0.0,3253.033658,3000.0
1255.779743,385.0,0.0,5000.0
62.596086,475.0,0.0,1500.0
5280.649637,0.0,1786.833644,6000.0
170.907823,1366.3,0.0,2000.0
1271.212003,76.94,0.0,1500.0
11083.32542,2126.7,1622.219455,15000.0
992.599867,100.0,593.181763,1200.0
10131.00055,0.0,3330.326162,14500.0
4419.30294,12551.95,14896.54051,17000.0
2173.621597,200.0,201.404735,8000.0
9901.685569,2190.95,1913.350112,11500.0
2320.309453,2896.05,187.030671,13500.0
910.072514,18.05,19.118837,1000.0
1374.460976,1990.81,0.0,5000.0
0.0,199.88,0.0,4000.0
268.493643,4917.48,0.0,13500.0
1827.200326,1325.27,0.0,4000.0
1029.66874,1448.59,1070.165399,1200.0
993.533549,851.68,1515.648089,1500.0
3150.679884,0.0,365.816939,3500.0
11654.55492,463.0,3096.807933,12500.0
1254.970145,769.34,2234.780695,7000.0
2174.018945,377.1,388.849566,2600.0
1076.029456,0.0,59.57182,1200.0
1444.365154,780.14,3573.493609,9000.0
2767.545277,3480.24,0.0,12500.0
1382.310939,0.0,189.624301,1500.0
716.017731,0.0,3943.873219,12000.0
1890.397414,2493.67,0.0,3000.0
1948.434315,324.3,1468.08356,5000.0
44.910575,444.96,0.0,3000.0
802.274379,150.0,3714.01114,6000.0
6059.861762,250.32,4447.636548,7000.0
847.013195,0.0,1159.447747,1200.0
1843.308668,89.66,126.156551,2000.0
21.681508,299.04,0.0,7500.0
3558.685862,1036.19,3270.549354,7300.0
14581.45914,0.0,22665.7785,18500.0
902.099225,5080.85,0.0,8000.0
1081.065726,554.85,952.424906,2100.0
9255.143419,5153.28,0.0,11500.0
228.909884,2617.85,0.0,1800.0
1486.051056,716.98,273.531783,1600.0
337.317432,4193.91,0.0,3000.0
2643.39225,965.84,0.0,4300.0
4007.029155,7597.09,0.0,6500.0
128.375213,0.0,1897.551775,9500.0
2903.779416,360.3,3501.657389,11500.0
233.694622,1772.55,0.0,1200.0
150.52492,1850.31,0.0,14000.0
3066.86081,84.65,0.0,8000.0
11.35774,223.5,0.0,17500.0
6366.085376,407.86,14827.30716,12500.0
53.339006,315.48,0.0,1000.0
1917.203534,0.0,84.438672,2000.0
361.588846,312.69,370.511697,7500.0
5878.663267,1230.08,4665.557504,6500.0
7143.680599,0.0,2999.900367,13000.0
559.944819,0.0,1379.58783,3000.0
79.625341,701.44,0.0,6000.0
1701.20332,302.0,796.570678,2000.0
993.662006,348.88,0.0,1200.0
939.152528,3393.25,0.0,9000.0
7427.807223,205.89,3697.222827,9500.0
2746.923673,0.0,4289.506847,6500.0
24.820164,209.0,0.0,1500.0
31.702357,1051.52,0.0,4600.0
1023.323593,253.37,0.0,1200.0
2.957267,202.72,0.0,4500.0
1068.434064,27.0,0.0,1200.0
6725.109914,6335.65,0.0,11000.0
515.135703,2457.48,0.0,7000.0
0.867528,26.62,0.0,4500.0
542.051302,4896.9,960.975083,2500.0
39.798993,20.09,0.0,3200.0
1894.11023,678.0,0.0,2000.0
5980.58247,0.0,12008.08079,11000.0
176.721561,1707.26,0.0,3300.0
4223.832142,0.0,3305.855177,4500.0
55.741802,963.35,0.0,14000.0
179.290727,2540.9,0.0,5000.0
634.825209,1478.36,0.0,1200.0
6002.618198,0.0,1163.462217,6500.0
1104.960744,45.65,0.0,1200.0
851.278168,0.0,2037.036785,3000.0
914.222213,563.39,136.50351,900.0
3122.171879,974.3,189.408446,3000.0
645.528692,0.0,6479.639793,10000.0
1803.898764,562.01,0.0,1800.0
330.273411,53.8,0.0,2500.0
1168.040482,1113.1,0.0,6500.0
4593.577983,0.0,393.742621,5250.0
391.179957,7363.38,0.0,4500.0
12358.32132,421.15,5690.168909,17000.0
95.645669,566.43,0.0,9000.0
2072.457624,17409.21,0.0,19500.0
3215.307061,0.0,629.109981,3500.0
2437.750644,1177.64,2961.278225,3000.0
460.432607,1009.44,0.0,4000.0
1895.695148,200.0,493.281286,2000.0
51.161976,736.72,0.0,4500.0
40.332553,158.37,0.0,3000.0
1.355556,0.01,0.0,6500.0
1462.280124,516.0,0.0,1500.0
337.629461,251.44,0.0,6000.0
1518.813947,2110.98,0.0,1700.0
1538.569369,3852.37,0.0,6000.0
1084.291919,270.0,0.0,1200.0
3908.10498,1238.12,1799.316522,6000.0
16.553858,308.16,0.0,2500.0
243.010712,0.0,1222.166225,12000.0
463.07144,1817.84,0.0,6000.0
192.037218,1000.0,0.0,1500.0
1493.440295,0.0,77.328556,1600.0
853.34928,3209.14,898.013564,10000.0
1295.446588,886.37,1310.182842,1800.0
4890.470857,0.0,9009.157522,7500.0
1905.101343,455.72,0.0,3000.0
69.016286,749.9,0.0,1500.0
2872.838687,555.0,0.0,3000.0
2437.73951,1093.93,822.700458,2900.0
160.816558,1755.76,0.0,2500.0
2802.369018,829.15,476.329395,3000.0
4618.091584,541.68,3580.753362,8500.0
3108.393701,26582.34,0.0,28000.0
3946.421177,1508.54,0.0,8500.0
560.414016,99.0,909.10915,1000.0
2001.030926,1534.98,1407.204652,4000.0
1216.893766,76.3,0.0,1200.0
343.966223,3927.12,0.0,5500.0
887.679317,1486.31,0.0,1800.0
5573.146558,435.14,3935.733135,7000.0
31.490163,280.35,900.547414,4000.0
1464.19148,367.94,0.0,1500.0
114.38833,182.0,0.0,1500.0
1355.312146,1682.06,0.0,13000.0
357.62718,3070.45,0.0,18500.0
1368.288512,34.0,135.178439,1600.0
2870.08219,490.21,10735.1018,6000.0
2797.233197,2197.21,1824.823395,4000.0
1055.53207,170.0,0.0,1200.0
3421.5478,36.0,19.042417,3500.0
165.700863,1806.97,0.0,3500.0
5317.783607,0.0,5833.696908,6500.0
1532.278572,2612.1,0.0,6500.0
1506.516549,1188.78,65.104506,6500.0
195.804466,0.0,477.378737,1950.0
2845.16043,735.09,0.0,10500.0
1268.352178,1533.28,2294.002357,1200.0
1250.394614,443.99,0.0,3500.0
9.503968,96.62,0.0,4500.0
2285.068731,0.0,1173.310874,2500.0
2928.756699,160.92,319.931964,3000.0
1460.178578,937.96,0.0,1500.0
2022.469335,22.5,0.0,10000.0
1651.127455,720.18,0.0,5000.0
76.483078,69.0,0.0,4500.0
3766.072756,64.82,298.108645,4150.0
1083.07662,0.0,91.903204,1200.0
250.123525,2655.99,0.0,3600.0
41.146561,825.0,0.0,2500.0
3340.233396,1783.57,9569.469311,8000.0
97.649883,1092.59,0.0,18000.0
253.143106,0.0,3351.385591,5000.0
1239.889457,3914.15,0.0,9500.0
3846.498183,788.54,69.894469,4200.0
12373.33348,830.15,10249.921,11000.0
1958.327414,0.0,39.461591,2100.0
411.727643,1037.82,0.0,6500.0
1548.76729,723.65,0.0,8500.0
2128.151695,0.0,19.345729,2100.0
1046.785259,0.0,2908.400137,3000.0
640.595851,2496.57,0.0,3000.0
270.096134,3061.26,0.0,6000.0
1583.622027,45.65,0.0,1700.0
380.384776,1188.0,0.0,9000.0
445.409094,307.11,0.0,1500.0
117.949494,1368.88,0.0,4500.0
2608.143732,207.68,189.874314,3000.0
48.521324,514.97,0.0,5500.0
1076.571029,45.65,48.730842,1200.0
2294.145941,29.29,137.256946,2100.0
25.570988,45.65,0.0,1500.0
5049.442457,0.0,3631.844028,8500.0
5516.201451,0.0,2941.903445,6000.0
300.782119,2590.95,0.0,10000.0
1133.090254,85.92,551.078807,1200.0
5842.231445,452.59,786.62111,7500.0
7.980453,0.0,95.842922,9500.0
4677.242936,125.0,2406.229924,5000.0
1095.27596,119.0,54.739913,1200.0
6432.685892,0.0,3249.062265,7000.0
328.242971,1555.66,0.0,3500.0
448.788728,32.38,545.642707,5000.0
209.178326,34.0,0.0,6000.0
1463.302373,0.0,586.02924,17000.0
7024.269179,130.4,1916.534565,10200.0
68.690623,734.37,0.0,10500.0
1268.144319,0.0,1331.166485,1500.0
28.329892,292.59,0.0,5000.0
140.349336,1042.52,0.0,6000.0
1838.106824,2682.25,188.36824,4500.0
1688.534078,280.0,49.117804,1800.0
1048.067171,0.0,158.347647,1200.0
4862.641586,1302.37,1279.629012,6000.0
554.289791,90.0,0.0,7000.0
65.645186,735.69,0.0,3000.0
1389.598597,6058.03,3517.94774,4000.0
230.161419,750.05,0.0,14000.0
56.536572,499.92,0.0,3000.0
39.37618,256.5,0.0,1200.0
52.0899,230.15,0.0,1600.0
224.937583,1956.8,0.0,10000.0
8823.284205,3719.0,29282.10915,15500.0
1005.332554,0.0,19.503826,1200.0
160.852061,4704.98,0.0,4500.0
1594.527848,60.0,97.854366,1800.0
5961.863054,320.08,3134.417004,7000.0
864.975705,66.7,75.254745,1000.0
2683.746154,130.0,0.0,4500.0
6.914784,71.4,0.0,2000.0
1747.11949,285.45,1429.489972,3000.0
4069.525304,259.84,1731.958401,7500.0
601.369472,35.8,0.0,750.0
1050.92679,150.0,114.462798,1000.0
62.635576,611.31,0.0,1500.0
814.269404,0.0,1175.358928,1200.0
1026.874467,153.96,0.0,8500.0
42.125651,453.89,0.0,6500.0
367.596554,0.0,1078.247446,1200.0
3409.130731,0.0,4459.741851,6000.0
15.216647,133.0,0.0,1200.0
206.305547,1594.0,0.0,4500.0
3892.22326,929.99,558.732109,6500.0
39.274052,431.49,0.0,1500.0
413.987831,985.79,0.0,3000.0
1549.600093,0.0,181.45033,5000.0
8.640998,0.0,2777.200448,6000.0
85.79793,931.98,0.0,7500.0
48.157955,648.24,0.0,2000.0
4184.915498,0.0,3757.68359,5000.0
4046.574741,1757.44,19.677306,4500.0
1522.831212,0.0,1883.483223,5000.0
2016.049201,1372.57,3806.758546,5500.0
72.251911,665.5,0.0,4000.0
5336.743176,680.97,4037.626724,8500.0
7.527502,65.75,0.0,4000.0
1262.88817,313.02,1381.613303,1500.0
1850.509525,0.0,218.731138,2000.0
3019.820556,1158.28,538.243002,7500.0
1382.240511,113.03,3688.794183,3000.0
6.338717,171.0,0.0,4000.0
3676.070324,2255.1,106.449005,3500.0
451.076499,32.25,0.0,1800.0
5858.94756,896.18,4222.003137,7000.0
35.578362,464.51,0.0,3000.0
153.162696,1198.2,0.0,7000.0
3140.698358,1961.78,0.0,6000.0
2239.937878,90.0,966.33053,3500.0
510.233775,436.74,0.0,3500.0
683.971012,294.0,281.669381,3500.0
703.053063,335.99,956.578904,7500.0
3508.560867,0.0,2251.744713,9000.0
8115.039014,383.42,0.0,11000.0
4294.953211,0.0,7700.897042,7000.0
256.433357,206.35,0.0,1000.0
297.985886,116.18,0.0,1000.0
1386.020611,0.0,2168.900998,6000.0
5311.877259,299.94,6351.312685,6000.0
417.878821,364.0,0.0,5000.0
94.241684,1019.34,0.0,5000.0
0.48805,121.0,0.0,13000.0
293.029263,3094.97,0.0,14500.0
857.843162,0.0,2132.754414,7500.0
4688.103434,0.0,357.129377,5000.0
1373.174839,215.0,0.0,8500.0
2730.843802,2900.0,0.0,2900.0
661.423035,1109.53,952.743339,7500.0
749.127741,80.3,490.432946,1950.0
2391.843543,3279.57,0.0,5000.0
677.188172,3777.59,329.214459,4000.0
26.787185,114.0,0.0,1200.0
20.962217,290.36,0.0,10000.0
952.51575,129.95,0.0,1500.0
6090.522273,22.16,0.0,9000.0
0.0,12.65,0.0,5000.0
987.584177,0.0,185.647722,1200.0
51.422178,0.0,1504.179802,5500.0
2136.082193,0.0,2956.073884,6500.0
3551.355769,1283.65,883.345734,5500.0
1306.436456,0.0,309.560735,1500.0
710.199118,3442.08,0.0,7000.0
2847.608209,1399.05,0.0,7500.0
1596.02939,466.18,38.321808,1500.0
4461.155061,190.0,454.804237,5000.0
2861.137399,0.0,265.06559,3000.0
1180.758966,1274.54,0.0,4500.0
4613.570499,0.0,1728.341939,6000.0
126.121035,590.0,0.0,2500.0
7638.382236,0.0,1405.776254,15500.0
1931.821799,120.0,0.0,2100.0
5538.646971,460.57,2661.970456,9500.0
1818.441161,904.3,0.0,1700.0
4550.717687,2094.99,2392.186586,7600.0
741.294747,7096.36,0.0,7500.0
802.618739,2860.32,0.0,4500.0
645.299519,1310.84,76.361029,2500.0
42.366061,463.32,0.0,6500.0
2127.069602,743.38,0.0,2100.0
34.207779,2483.26,0.0,10000.0
76.059828,927.1,0.0,1500.0
25.659372,951.1,0.0,6000.0
269.309231,280.25,0.0,2500.0
230.823876,1842.33,0.0,3000.0
6.903243,145.01,0.0,3000.0
537.002861,2275.97,203.752607,3000.0
3222.221884,356.4,1709.973124,3500.0
7370.257624,0.0,1194.995991,7500.0
20.889413,244.2,0.0,4000.0
74.568421,600.0,0.0,6000.0
1.059103,25.5,0.0,5500.0
1109.366186,348.78,46.656862,1200.0
1114.122532,348.47,99.20189,1200.0
348.965773,1019.4,0.0,1000.0
949.259857,0.0,59.80774,1000.0
6306.501319,205.03,270.445198,14000.0
1393.527992,0.0,1829.287087,9000.0
364.140613,1462.38,0.0,2500.0
72.706076,508.56,0.0,7000.0
1688.521097,0.0,2863.918199,3000.0
229.913693,2406.77,0.0,10000.0
123.791796,1202.5,0.0,2500.0
1786.707643,0.0,1835.162486,3000.0
971.681565,133.31,148.475392,1000.0
3959.912911,0.0,158.159923,4000.0
1771.028068,360.0,1836.07301,5000.0
543.350448,0.0,3493.29196,6000.0
189.969435,2071.55,47.875577,9000.0
214.610294,496.0,0.0,2500.0
4.620029,59.67,0.0,3000.0
32.779456,212.58,279.524631,1500.0
2191.369256,1197.2,0.0,4500.0
6.824905,0.0,1150.890874,1200.0
23.150437,0.0,3947.583198,4000.0
1893.611922,22746.81,0.0,18000.0
230.936733,0.0,1364.395327,3000.0
42.585012,534.26,2395.944665,7000.0
1060.385693,5327.61,3467.977927,6000.0
867.728471,41.07,0.0,3000.0
8884.816576,1233.58,13674.24402,13000.0
77.273142,963.61,0.0,3500.0
915.981419,2037.24,0.0,3500.0
177.355165,1179.3,0.0,7500.0
653.004882,2035.29,0.0,9500.0
3322.31489,676.0,0.0,10000.0
49.022296,480.27,0.0,2500.0
5022.775729,2117.05,0.0,7000.0
2.451938,37.75,0.0,4000.0
39.977967,432.05,0.0,10000.0
247.063258,1448.74,0.0,5000.0
1327.775159,534.93,114.667852,1500.0
2372.842569,218.0,0.0,6500.0
2705.149599,328.61,6790.012504,7000.0
92.782518,921.82,0.0,1200.0
4.398104,76.0,0.0,1500.0
9387.614011,0.0,7968.273359,12000.0
156.536773,1903.66,0.0,9000.0
233.393741,2346.94,0.0,4500.0
3597.728209,1043.0,836.723952,6000.0
2.549291,322.98,0.0,9500.0
5630.793848,2743.66,2638.893572,10500.0
1592.168416,0.0,15084.00852,4500.0
599.044829,6528.65,0.0,12000.0
5.801666,88.97,0.0,2720.0
31.876386,311.05,0.0,6000.0
41.620283,689.4,0.0,10000.0
408.732898,0.0,4799.003911,5000.0
5.260527,263.16,0.0,6000.0
238.184435,2068.15,0.0,4000.0
3437.033859,1858.7,3569.688273,9000.0
341.467517,3446.96,0.0,10500.0
2500.029691,1103.5,804.71643,8500.0
1.019189,87.02,0.0,15500.0
6477.2996,0.0,2436.195048,11500.0
1037.653522,584.4,0.0,1200.0
1134.726574,0.0,19.555003,1200.0
1564.180333,942.22,397.71148,2200.0
55.58459,395.05,0.0,5500.0
61.109731,438.8,0.0,1500.0
5.340221,35.97,0.0,2000.0
2593.115716,0.0,3553.203852,6000.0
12.40875,85.5,0.0,1500.0
1548.224072,696.63,0.0,1800.0
1547.154381,0.0,39.346045,1700.0
527.965041,2808.2,0.0,7000.0
998.231433,1622.23,0.0,2500.0
5220.637076,2911.02,1992.386858,6000.0
395.81907,37.0,0.0,2500.0
1739.666192,0.0,2878.737758,4500.0
1382.168038,0.0,190.767997,1500.0
11.047149,180.5,0.0,4000.0
1121.833202,2940.0,0.0,3500.0
1222.083116,1492.21,0.0,7000.0
3850.206279,2434.5,6742.419844,9000.0
51.640786,434.72,0.0,4500.0
621.386746,178.83,913.392266,1200.0
1096.949604,227.55,0.0,2500.0
75.039332,588.05,0.0,9000.0
939.102758,0.0,3470.939551,4000.0
2321.846501,2675.0,2357.962605,2500.0
4010.621974,40040.71,0.0,18000.0
139.511394,1247.75,404.441902,5000.0
25.698927,244.0,197.3778,7000.0
1856.590921,0.0,2622.293367,3000.0
18.776309,59.0,0.0,1200.0
2596.455261,0.0,1689.711942,3000.0
6619.14864,35.92,0.0,13500.0
317.657562,4398.35,0.0,16500.0
6912.431438,1483.9,4848.111338,14500.0
12.00682,126.0,0.0,3000.0
173.940108,958.5,404.991463,16000.0
661.199437,150.0,1344.227865,2500.0
12.659909,5252.04,0.0,7350.0
2425.836071,3502.99,0.0,7000.0
27.263365,231.0,0.0,5000.0
208.19101,2395.88,0.0,5000.0
12.654903,120.0,0.0,4500.0
1727.333496,560.75,0.0,2500.0
1727.295159,719.76,0.0,1800.0
801.110294,4276.89,0.0,7500.0
144.129221,949.59,0.0,4000.0
1497.129794,2571.48,0.0,2500.0
1770.072581,0.0,781.616559,2500.0
43.124063,491.43,0.0,2100.0
200.971458,569.68,0.0,4000.0
3.574463,576.0,0.0,1000.0
5086.333429,548.89,7298.31132,8500.0
1469.212816,220.69,0.0,2000.0
80.054576,315.0,0.0,300.0
249.140601,655.94,0.0,10500.0
505.313231,4471.79,298.025242,14500.0
396.419487,4349.34,0.0,5000.0
5858.617133,2761.41,0.0,11000.0
1790.707374,1368.0,2126.381193,3500.0
2006.218006,4572.63,0.0,6500.0
4609.210475,335.0,0.0,6000.0
123.089579,1150.78,0.0,14500.0
3950.9879,699.44,444.077396,4000.0
2628.511837,273.0,342.874785,7500.0
31.473181,220.5,0.0,3750.0
421.475963,2218.26,0.0,4500.0
5561.206188,1120.29,0.0,6000.0
2138.185971,45.65,0.0,2500.0
275.956562,1943.1,0.0,1800.0
2894.348509,657.71,3384.772636,3500.0
15.173238,316.91,0.0,11000.0
541.240795,5999.95,0.0,16000.0
1426.870236,0.0,98.687898,1500.0
373.243163,3603.23,0.0,6000.0
3892.352781,6068.82,1806.05694,7500.0
1172.344218,454.21,0.0,1000.0
1786.846869,0.0,9177.926262,6000.0
272.7004,3298.55,0.0,16000.0
68.845891,853.44,0.0,11500.0
120.964472,0.0,916.399522,1200.0
2415.412234,3313.65,843.735376,8500.0
50.435246,553.73,0.0,13000.0
1094.221693,35.0,18.804195,1200.0
2249.731727,2598.54,0.0,9000.0
3007.093879,0.0,2374.346946,3500.0
3143.23132,255.08,0.0,5500.0
1392.814234,845.51,0.0,1700.0
7994.33168,224.51,694.278513,13000.0
3661.051976,764.0,1203.317833,9000.0
910.682404,0.0,1435.307385,1500.0
779.500096,689.4,0.0,7000.0
245.199649,2241.84,0.0,6000.0
1279.305202,2071.7,2684.141722,2500.0
57.862875,579.0,0.0,5000.0
1200.435451,886.56,0.0,1200.0
1152.710352,1392.0,0.0,9500.0
2767.251585,0.0,993.847669,6000.0
3013.581545,0.0,218.091392,3000.0
363.344239,665.86,0.0,4000.0
4657.477375,237.52,1271.94319,4500.0
341.456099,2091.44,0.0,3000.0
7656.390367,0.0,2678.769331,8000.0
5729.703345,265.0,3543.64492,14000.0
0.0,300.0,0.0,2500.0
6733.58763,280.0,3048.091637,11000.0
4359.126852,0.0,647.542041,4500.0
18.898762,212.5,0.0,1000.0
325.47428,3030.4,92.358043,3000.0
162.905422,1600.0,0.0,6000.0
80.363442,2370.44,0.0,1500.0
5924.719712,246.56,6603.192752,12000.0
5161.854898,4542.33,0.0,7500.0
319.388468,1674.9,0.0,7500.0
61.976914,401.63,0.0,6000.0
5608.513514,0.0,4362.927953,11000.0
661.135323,568.81,618.55338,1700.0
130.977369,527.0,0.0,7500.0
831.404268,0.0,5579.552147,3500.0
2153.498372,5428.77,2399.569867,12500.0
7886.875682,968.26,3528.821853,9500.0
148.826903,3386.58,47.494639,16500.0
15.730229,163.24,0.0,1200.0
177.268927,429.88,0.0,7000.0
20.933565,295.32,0.0,3000.0
920.872172,296.64,944.088231,1200.0
4240.449485,2798.36,48.46298,4500.0
4427.994044,1039.49,621.991582,11500.0
187.2126,1807.08,0.0,10000.0
9680.188434,0.0,2034.051299,12000.0
1186.928037,2178.0,0.0,7000.0
85.053515,1244.7,1073.640822,16000.0
2054.372848,833.28,0.0,4000.0
60.835983,1151.45,0.0,4000.0
1438.46998,0.0,88.409075,1500.0
5745.78949,0.0,965.726556,13500.0
746.693629,615.2,0.0,1000.0
4183.877488,353.75,4137.147297,9000.0
1140.787563,2796.54,0.0,4500.0
281.469522,2500.03,0.0,12000.0
73.507271,890.45,0.0,8500.0
2297.696272,2764.0,284.17727,6000.0
1064.037564,55.52,0.0,4000.0
2792.534256,9661.37,0.0,8500.0
606.246031,3876.0,914.843621,6500.0
65.253182,1027.41,0.0,6000.0
73.532797,1185.3,215.945221,2500.0
23.956905,186.05,0.0,16500.0
4098.215967,0.0,1665.296793,7500.0
1916.470203,380.0,0.0,8500.0
21.639571,191.7,0.0,7000.0
841.398158,860.2,0.0,15500.0
3857.747562,777.92,274.019905,6500.0
1920.231187,167.08,132.902662,2300.0
304.664917,2601.67,0.0,4000.0
1.753241,0.0,390.92983,3000.0
1.599053,188.0,149.167024,3000.0
7422.444145,148.29,9313.095186,9000.0
198.31397,487.61,0.0,3000.0
2712.176691,0.0,1835.81077,3000.0
14.434808,237.48,0.0,2500.0
1376.24407,0.0,501.208665,1500.0
164.684836,622.9,464.882608,3000.0
2837.112414,0.0,99.965503,8000.0
931.047119,494.0,0.0,4000.0
438.753147,1252.1,0.0,6500.0
364.398745,1087.66,0.0,3000.0
2135.365916,0.0,1884.671403,3000.0
27.164388,554.35,0.0,3000.0
468.693449,4930.68,0.0,12000.0
1080.956258,386.78,2208.470306,2600.0
2849.47477,574.92,0.0,2500.0
584.287125,0.0,918.151142,1000.0
3304.829014,2577.7,0.0,5000.0
39.665224,265.92,0.0,2000.0
83.279708,899.73,0.0,8000.0
227.636073,3050.64,0.0,8000.0
928.666372,0.0,1148.992175,1000.0
57.764354,454.2,0.0,10500.0
116.626679,533.99,0.0,4000.0
8787.333948,0.0,7446.549595,12000.0
4007.32326,3333.95,513.286838,6000.0
972.665818,10549.19,0.0,9000.0
697.525591,462.38,345.3272,1000.0
4279.153917,1006.17,0.0,7500.0
920.922411,1227.93,0.0,8500.0
3308.148118,3767.75,2567.221138,3000.0
19.945714,170.0,0.0,6500.0
868.98325,1104.65,1180.074937,1800.0
0.001214,0.0,39.610415,7500.0
311.357,2283.07,0.0,9000.0
21.986298,568.78,0.0,3800.0
1245.890862,5380.3,0.0,4500.0
867.444685,8751.49,0.0,4000.0
8625.355309,1945.95,8004.403258,12000.0
31.973194,94.53,0.0,2100.0
112.973151,0.0,152.483846,6000.0
1337.162883,4544.48,0.0,7500.0
1738.553751,0.0,90.195376,1800.0
449.556041,143.0,1135.028534,5000.0
1227.548135,322.0,0.0,1000.0
48.213487,403.1,0.0,7000.0
58.949864,2074.57,0.0,6000.0
1367.479599,12375.0,0.0,16500.0
2920.392514,2673.73,5573.509394,15000.0
6462.461789,479.98,6700.497558,10500.0
1887.119184,2450.73,0.0,4200.0
67.32184,685.15,0.0,9000.0
912.857498,831.03,0.0,5500.0
961.391452,3783.25,0.0,11000.0
1455.84622,592.82,433.604875,1500.0
44.687434,679.0,0.0,3750.0
7103.925375,220.74,5315.271763,10500.0
2337.713483,773.7,0.0,9500.0
619.375758,6133.45,0.0,7000.0
1168.007346,539.0,0.0,8500.0
556.359504,1111.12,0.0,2500.0
8151.985277,25615.07,0.0,17000.0
1.198223,317.02,0.0,6000.0
2492.985289,74.5,751.596843,2500.0
11431.78621,0.0,8641.998958,14500.0
4116.869029,0.0,5884.641102,10500.0
1117.368286,972.38,0.0,1900.0
5705.19862,942.68,2432.714654,9000.0
916.63778,4627.8,0.0,16500.0
63.685705,690.84,0.0,2500.0
965.605202,215.0,0.0,1000.0
173.658581,1210.0,0.0,1000.0
4.382924,130.24,0.0,14000.0
1708.478796,1406.14,0.0,6500.0
222.321892,2417.54,0.0,8500.0
465.033038,247.36,5291.769326,8500.0
6138.163709,0.0,7193.574138,11500.0
668.102701,4943.92,0.0,7000.0
4146.527042,178.0,764.579554,8500.0
1687.08958,5094.17,0.0,8000.0
1995.089853,8335.69,0.0,7000.0
1818.447016,413.0,1819.479671,2000.0
33.225168,655.15,109.490343,500.0
1060.736973,0.0,2495.298926,3000.0
129.613905,1083.04,0.0,5500.0
262.106758,2625.84,0.0,4500.0
27.694103,474.96,0.0,7500.0
294.381106,828.0,0.0,1000.0
1895.786893,2131.31,0.0,5500.0
2550.528085,0.0,3155.857852,3000.0
2475.660894,440.0,0.0,10500.0
1499.19943,3245.23,0.0,8000.0
3181.996689,2046.06,565.897178,10400.0
39.761286,2858.26,0.0,7500.0
22.794308,12.0,0.0,1600.0
2118.52034,0.0,4675.289021,4000.0
2629.928623,2830.88,95.275458,4500.0
1057.585071,1008.3,0.0,1200.0
180.315352,1642.26,47.031268,7000.0
2402.800575,0.0,481.288304,7000.0
3241.29164,1119.56,4755.162871,12500.0
5868.206909,911.56,5761.320083,9000.0
937.434519,1124.88,0.0,2500.0
4804.072481,0.0,1116.128466,5000.0
1177.125233,8190.9,0.0,5000.0
4393.185874,0.0,10725.50074,8000.0
1695.84301,317.4,215.132661,1800.0
1830.571451,737.67,1781.484344,2000.0
167.505508,1219.0,0.0,4500.0
1075.401912,150.0,0.0,1200.0
392.992722,508.32,0.0,1500.0
136.743106,1466.05,0.0,6000.0
2619.752921,3563.07,0.0,4500.0
432.385707,2171.86,138.67751,1200.0
4.392146,47.96,0.0,3000.0
109.681353,2118.66,0.0,3000.0
632.679411,1363.79,0.0,6000.0
3145.204423,3613.83,0.0,5700.0
5925.82931,0.0,468.344852,6500.0
5227.616927,0.0,3819.594336,5200.0
3019.914063,0.0,397.601082,3300.0
26.485924,256.44,0.0,1500.0
950.717606,0.0,1304.763283,1500.0
75.012641,480.02,0.0,1950.0
3156.418686,3471.99,1037.733925,4000.0
1229.938869,699.96,0.0,2250.0
1589.41431,118.79,2176.940929,4000.0
1106.557102,1342.86,3249.314496,6500.0
588.795215,4116.0,0.0,21500.0
4627.588589,1774.46,0.0,5200.0
2766.561266,1469.05,1585.242991,3000.0
5363.715074,118.41,4344.905863,7000.0
2963.244696,0.0,5713.47546,7000.0
211.84382,2176.55,0.0,8000.0
903.031624,494.7,1111.69,1000.0
793.713659,1307.0,0.0,3000.0
8281.348085,4231.12,0.0,10500.0
100.904785,1281.44,0.0,12000.0
140.741786,1547.68,0.0,7500.0
3947.749703,525.65,7714.493122,10000.0
1981.929376,145.8,0.0,6000.0
975.946428,1572.42,1910.395479,1700.0
2807.729258,0.0,109.708511,3000.0
2613.123168,0.0,609.316112,3000.0
6.576315,74.49,0.0,4000.0
778.475416,353.52,1183.478018,1500.0
7170.30572,3109.28,2560.207055,9500.0
1579.158781,4175.25,0.0,8000.0
131.459201,705.84,0.0,13500.0
1764.520491,100.0,440.715034,3000.0
1787.535327,0.0,5566.777503,7500.0
2769.640442,738.06,1273.269924,4500.0
0.0,88.62,0.0,3500.0
774.709467,462.0,864.137815,6000.0
4533.066139,0.0,256.722556,8000.0
3044.194951,934.21,75.711826,3000.0
1101.085631,0.0,164.836712,1200.0
18.218714,89.0,0.0,4000.0
7.472301,80.0,0.0,3000.0
1258.079397,1242.46,1145.724422,4500.0
497.787017,114.54,1573.646488,1000.0
8767.5693,0.0,4582.065405,9000.0
843.357393,45.0,0.0,2000.0
1080.667451,3895.67,135.404437,6500.0
2945.285382,185.98,0.0,3000.0
3608.548972,1664.02,3899.963528,5000.0
1209.733106,1298.56,0.0,1200.0
21.664126,271.86,0.0,4000.0
27.832009,366.6,0.0,5000.0
1247.384513,405.5,0.0,6500.0
1052.127315,354.48,0.0,1000.0
110.400892,486.72,0.0,1000.0
3232.346639,0.0,172.063782,3500.0
498.355964,2434.7,0.0,4500.0
2774.249582,21802.6,1771.824164,13000.0
2332.392373,306.36,0.0,7000.0
3630.771485,0.0,10519.48252,9000.0
4676.575915,453.64,1984.010422,8000.0
39.477741,325.66,0.0,1000.0
8.04034,176.85,0.0,6000.0
83.004246,726.89,0.0,3000.0
197.02206,3824.78,0.0,3000.0
223.818492,1702.42,0.0,7300.0
2270.429964,8257.26,4134.316549,13000.0
341.379209,426.92,36.144056,3000.0
103.393689,0.0,1820.800715,3000.0
1050.527038,8880.59,0.0,8500.0
1033.394656,262.44,888.915071,2000.0
0.0,2600.0,0.0,6000.0
5805.32079,1724.75,1878.058967,7500.0
167.35668,288.0,189.705758,6000.0
5942.683036,976.45,1963.562252,9000.0
5559.733773,930.0,3639.817554,7500.0
2650.518784,503.0,0.0,3000.0
0.126562,0.0,47.222001,1200.0
1.343207,19.08,0.0,7000.0
1229.397644,11414.48,0.0,9000.0
1163.790341,517.0,0.0,1200.0
2000.797758,1037.5,0.0,7500.0
8809.504736,25378.36,0.0,14500.0
82.803156,756.68,0.0,4000.0
343.674421,452.07,522.525877,1700.0
171.616134,4996.17,0.0,4500.0
417.841508,311.86,0.0,3000.0
97.917955,824.31,0.0,7500.0
6.08697,333.24,0.0,1500.0
1.600479,513.24,0.0,2500.0
70.457831,1146.59,0.0,4500.0
1160.206649,1600.0,0.0,2000.0
4060.966003,823.1,0.0,11500.0
2714.595164,666.1,296.922557,8500.0
1212.812748,397.44,0.0,2000.0
48.822128,537.51,0.0,1000.0
694.202818,0.0,1087.082047,1200.0
3478.592472,0.0,3757.973335,4000.0
1191.662907,979.92,0.0,4350.0
1552.772103,34.74,185.374726,3000.0
705.232653,1902.4,0.0,900.0
3391.70218,38902.71,0.0,18000.0
1013.728552,3209.62,953.600788,6000.0
22.728166,262.5,0.0,3500.0
799.518482,339.96,830.316783,1000.0
5344.347568,270.02,139.701781,6000.0
350.378913,3263.48,0.0,7500.0
2763.049499,1921.85,0.0,3050.0
4.383989,96.5,0.0,4500.0
4954.880195,281.31,3056.622746,5500.0
1670.146578,3420.97,0.0,2700.0
1728.275923,628.56,0.0,6000.0
1034.555485,5787.66,0.0,2700.0
502.653982,4748.5,0.0,12000.0
1216.570617,5140.49,0.0,4500.0
7611.152584,3707.79,0.0,12000.0
25.414572,262.92,0.0,13000.0
135.037323,270.0,0.0,3300.0
41.762859,0.0,1125.868686,12000.0
1563.747179,801.46,1029.987801,4000.0
1044.273707,1463.84,262.147162,6700.0
8159.168439,2453.07,3278.461198,15000.0
2403.75955,367.16,0.0,2600.0
2876.009336,152.61,3719.650168,4000.0
1237.673602,0.0,1962.749428,2000.0
283.30016,461.36,0.0,9000.0
7339.943073,0.0,9123.485636,9000.0
1226.122189,295.34,0.0,1200.0
3515.039029,2924.08,7867.732492,4000.0
30.525356,384.95,0.0,14500.0
1283.280303,0.0,5790.59647,3000.0
49.416158,590.0,0.0,6000.0
1621.035373,23.21,0.0,2000.0
1624.651156,0.0,2684.507978,6000.0
5269.72399,682.57,0.0,7000.0
314.507915,3492.21,0.0,8500.0
2150.212841,4096.08,0.0,8500.0
891.620777,0.0,159.673475,2000.0
3454.094319,31299.35,0.0,7500.0
86.905609,1106.4,440.972634,2500.0
1647.932117,0.0,93.690441,1800.0
188.424847,1576.35,0.0,6500.0
1250.885289,892.19,0.0,1800.0
5148.625027,0.0,4042.791779,6500.0
3272.586986,1146.57,0.0,12000.0
1698.369764,0.0,2253.381516,4500.0
246.864346,2995.55,0.0,6000.0
2004.914139,3628.29,0.0,11500.0
10.703306,0.0,575.193978,1000.0
1410.753575,588.85,1668.104809,4000.0
2388.030134,3832.98,1441.065248,11000.0
96.109401,938.2,148.986635,8000.0
8953.743398,254.85,0.0,12000.0
3414.977831,2219.55,950.424076,5000.0
1039.88038,93.24,5465.141893,5000.0
92.898327,546.0,0.0,6000.0
2885.068871,0.0,255.676579,3000.0
7919.563494,85.54,9945.280243,10000.0
4707.131609,7066.08,5192.290154,10000.0
1915.245632,39.0,92.668977,1950.0
392.667425,4015.23,0.0,7500.0
104.57287,937.56,0.0,6000.0
2257.542109,0.0,1082.684755,3000.0
75.070011,898.45,0.0,4000.0
7533.854422,5253.06,0.0,20500.0
628.384411,887.3,279.557918,2000.0
165.808096,981.19,0.0,9000.0
5329.544052,1651.64,0.0,5500.0
1171.429087,1845.42,0.0,3000.0
99.912238,730.2,0.0,1000.0
114.295749,109.8,0.0,1000.0
287.099648,2693.64,0.0,9000.0
5867.560972,609.0,3397.577504,7000.0
7499.30365,350.57,948.293789,7500.0
23.331936,1194.96,0.0,1600.0
262.723622,2365.07,0.0,9000.0
204.584048,0.0,628.366944,1600.0
4977.237859,61.99,7448.32932,6500.0
433.677841,1391.89,0.0,7000.0
1220.493289,0.0,5607.394437,6000.0
3740.907731,0.0,116.632141,4000.0
1669.01626,892.3,295.812224,1800.0
117.617134,1081.23,0.0,2100.0
3802.910134,0.0,1448.031295,4000.0
43.354029,617.34,0.0,1200.0
4530.639094,0.0,3162.719581,8000.0
3529.587012,0.0,3969.324981,9000.0
5052.910787,1062.63,2687.982848,6000.0
51.923357,835.31,0.0,7000.0
144.012882,675.53,0.0,4000.0
293.803208,380.59,118.972449,10000.0
11.188595,159.84,0.0,1000.0
516.814969,276.52,584.976769,1500.0
1134.122053,288.39,0.0,1400.0
11670.17985,4872.6,0.0,11500.0
1569.88775,741.66,2710.997094,4000.0
4532.433434,1433.26,364.852384,7000.0
5505.828486,0.0,193.187682,6000.0
2843.394382,0.0,3133.305504,6000.0
2391.214539,4186.49,0.0,4000.0
2270.950105,1403.42,0.0,8500.0
5193.415429,3584.8,0.0,15500.0
2431.193194,0.0,195.932353,4000.0
1232.292951,0.0,5184.090716,4500.0
279.253475,3243.86,0.0,8500.0
2369.91046,916.22,0.0,6500.0
1917.441126,12617.19,0.0,15000.0
7445.228843,1023.29,16323.64243,11500.0
193.565763,1821.52,0.0,3000.0
3013.590493,0.0,341.360876,3000.0
92.406069,0.0,683.253783,3500.0
2472.874609,2052.74,3251.021027,6500.0
154.439292,1047.94,0.0,6000.0
269.911748,1348.44,298.491305,500.0
146.04887,3256.15,0.0,6500.0
2779.833422,0.0,1492.253356,3000.0
161.792222,2883.58,0.0,2000.0
5239.120768,1823.23,0.0,5750.0
2288.014844,1753.46,0.0,2500.0
1526.707241,484.47,402.906235,1500.0
52.598283,517.83,0.0,6500.0
981.886157,0.0,473.430801,3500.0
14.891634,0.0,116.193463,3000.0
5.270593,69.57,0.0,4000.0
314.675322,1310.9,0.0,10000.0
467.244925,4001.7,0.0,16000.0
304.945628,2788.81,266.383091,4000.0
1271.429631,0.0,678.525863,1500.0
97.389327,60.0,0.0,12500.0
1597.521193,211.07,994.167915,5000.0
10.118033,0.0,197.521871,1500.0
103.629108,1106.62,0.0,6000.0
993.027484,0.0,1586.612256,1200.0
4226.501257,4900.0,980.879554,10500.0
1118.086877,128.8,0.0,1200.0
555.131027,1586.45,0.0,5500.0
1133.572488,4063.49,391.73075,1600.0
3646.04461,0.0,949.437186,8000.0
3790.914663,2655.68,6263.883768,8300.0
340.082231,3177.21,0.0,7500.0
11.249863,137.84,0.0,10000.0
108.548004,1099.19,0.0,4000.0
601.68828,1358.2,0.0,1500.0
2529.016337,1040.74,0.0,2500.0
306.90901,2768.93,0.0,10500.0
14.203161,117.0,0.0,7950.0
3387.93956,391.14,987.378841,7000.0
26.247988,0.0,2861.967408,3000.0
3961.649658,2280.0,0.0,4500.0
121.388989,783.83,315.342982,7000.0
354.527499,3751.42,0.0,9000.0
912.36003,10709.17,0.0,15000.0
5337.987139,2545.37,994.391034,13500.0
4210.323012,1210.31,1817.321515,7500.0
890.275144,435.14,0.0,1800.0
1740.169093,276.72,0.0,1800.0
5383.084424,9736.61,2965.656802,9000.0
4603.402061,0.0,7665.092756,14000.0
18.150347,119.8,0.0,4500.0
2833.613641,1387.52,1442.587409,3000.0
1547.714145,2476.31,0.0,3500.0
144.346693,1976.32,0.0,4500.0
1377.812538,14300.98,0.0,18000.0
926.341558,45.65,0.0,1000.0
10822.05811,4850.35,0.0,15500.0
1238.932482,280.09,0.0,1500.0
5681.962807,523.19,1116.370312,11500.0
1269.019947,445.46,0.0,2600.0
1592.48626,1449.48,0.0,10500.0
9502.256762,2776.09,0.0,10500.0
57.416262,685.0,0.0,1200.0
2303.956234,0.0,5585.815801,6000.0
2286.9003,4536.48,0.0,4000.0
1058.369265,0.0,1353.576787,1500.0
4803.122987,0.0,1692.520703,8500.0
6836.552992,0.0,11405.73425,10000.0
3.122949,0.0,317.505521,2500.0
1053.639683,1027.01,314.032321,2200.0
11734.26656,1528.12,5187.258558,15500.0
80.55139,2132.7,0.0,10000.0
1308.786637,0.0,99.670323,1500.0
6224.464489,4439.11,0.0,6500.0
874.203747,232.8,331.57572,3000.0
1329.443468,0.0,1024.351429,1800.0
4372.395867,569.91,520.844673,4500.0
4473.439581,656.2,117.482021,4500.0
1127.607606,0.0,271.093275,8500.0
1194.651852,322.29,0.0,1200.0
291.991838,2971.56,0.0,13500.0
2929.747983,376.04,0.0,3000.0
16.005542,151.33,0.0,5000.0
6937.806466,339.75,0.0,10500.0
7888.028118,0.0,1282.985376,12000.0
1020.292184,1788.1,0.0,1500.0
4751.924842,1394.93,0.0,5000.0
2270.955171,25.26,452.803657,3100.0
2377.759245,0.0,943.90775,6500.0
1473.902933,0.0,163.855122,1500.0
6853.020124,0.0,2529.901587,7500.0
1527.644591,0.0,210.417767,1700.0
1611.475175,807.72,0.0,1500.0
344.591662,519.0,2865.942873,4000.0
2021.641161,363.18,0.0,2000.0
102.228073,1074.29,0.0,5000.0
1407.26415,151.64,0.0,1500.0
2158.419812,154.53,879.540473,2500.0
1492.433396,99.75,0.0,6000.0
5193.661885,0.0,1682.146822,5500.0
1885.547591,0.0,3197.181617,8000.0
54.842927,105.0,0.0,4000.0
2125.107734,663.04,1953.192558,2500.0
102.832194,1067.85,0.0,10000.0
1628.609633,1340.83,0.0,2000.0
1733.68291,100.0,270.57595,1700.0
9303.557117,6133.01,1895.60877,12500.0
3541.960207,0.0,1853.517071,4000.0
1.420316,0.0,94.535691,1200.0
2447.783112,431.96,0.0,2500.0
94.280326,846.06,0.0,9000.0
1628.591333,361.0,291.278909,1800.0
396.667584,2559.41,0.0,4000.0
5036.762745,3393.73,0.0,10000.0
248.243958,0.0,1423.527628,3500.0
109.417101,1219.85,172.656204,5000.0
4624.411724,2537.67,0.0,7000.0
491.605909,747.55,0.0,2500.0
5329.815675,674.85,1129.296969,5500.0
10.486808,241.27,0.0,2500.0
4402.354047,0.0,2117.809244,5000.0
7283.579076,209.07,7545.629864,11500.0
30.859227,415.04,0.0,7500.0
112.87035,918.6,0.0,7500.0
7390.19856,612.1,2735.148792,12000.0
1274.142457,5219.95,0.0,7500.0
644.112226,638.61,0.0,12000.0
91.231825,736.91,0.0,6000.0
915.717703,55.49,0.0,1000.0
1216.594927,878.64,155.804123,1200.0
5941.271179,279.36,905.982826,6000.0
3817.693096,4974.27,0.0,5000.0
0.0,369.36,0.0,1500.0
1276.941373,2196.54,0.0,1000.0
8099.879299,2352.0,389.680166,12500.0
86.694598,0.0,465.455995,1500.0
78.910866,828.14,0.0,2600.0
52.776167,508.94,0.0,3000.0
109.140973,319.62,0.0,3500.0
2586.533933,400.0,0.0,3000.0
6668.440979,5596.11,2790.317276,16000.0
2539.279598,820.42,879.324856,3000.0
2154.354852,104.0,91.406322,6000.0
2720.959921,66.49,457.611102,3000.0
693.643988,358.91,0.0,5000.0
3414.780266,0.0,8264.603438,9000.0
3478.070041,2465.92,90.363202,12000.0
6378.276044,0.0,4169.593183,10500.0
33.07464,286.4,91.341961,8500.0
366.68899,653.21,0.0,3000.0
245.17692,2481.64,0.0,4000.0
786.483086,226.9,666.779555,1200.0
7.03142,502.33,0.0,2500.0
4379.015578,996.64,3632.137219,14500.0
167.757298,320.72,0.0,1200.0
1199.555426,0.0,2831.836214,3000.0
5774.207136,2102.51,3536.320402,15000.0
41.461969,550.08,0.0,6000.0
1383.161918,0.0,55.212259,1500.0
2572.878701,3975.0,0.0,4000.0
177.556406,2228.35,0.0,12000.0
538.995587,0.0,2156.577132,1200.0
92.816307,345.66,0.0,1000.0
1247.423771,0.0,503.562164,1500.0
911.298036,954.15,0.0,1200.0
98.427228,389.24,0.0,8500.0
989.993863,0.0,1110.807913,1200.0
69.352136,636.15,0.0,10000.0
12.029327,581.21,0.0,4000.0
1265.781431,1585.79,0.0,3000.0
3682.768495,1194.15,1074.785954,4050.0
210.993146,90.51,0.0,6500.0
3171.17541,109.16,4586.702891,6000.0
311.121985,744.09,0.0,7500.0
3310.573808,717.14,0.0,12500.0
408.948673,0.0,1871.859929,10000.0
131.342635,1160.65,0.0,13000.0
365.005559,421.04,0.0,4000.0
26.599993,329.38,0.0,10500.0
1117.461472,0.0,1377.191285,1500.0
26.216029,615.16,0.0,14000.0
1106.697298,1260.13,0.0,6500.0
2205.471982,3278.42,0.0,6000.0
1722.910058,45.45,1654.212185,4000.0
1672.969871,0.0,74.812657,2100.0
1333.896193,233.31,1432.955059,1500.0
1329.826951,1304.96,18.427395,7500.0
117.063942,1035.05,0.0,3000.0
559.151424,94.0,0.0,5500.0
10.160744,82.04,0.0,2000.0
5206.452425,0.0,3256.756231,9500.0
2623.967336,3005.89,0.0,5500.0
2297.324675,4474.43,1508.526487,5500.0
7248.040967,0.0,3990.963781,8500.0
1917.977989,0.0,6022.786892,6500.0
206.376314,1886.21,0.0,3000.0
5283.566994,202.31,1564.285475,9500.0
102.055178,999.19,0.0,7500.0
3360.689054,794.1,8095.180408,9500.0
1046.787477,517.08,0.0,1200.0
869.091492,438.22,0.0,3000.0
5292.905315,5539.68,0.0,6000.0
1856.325339,670.5,5603.126858,7000.0
127.240494,760.36,0.0,2500.0
2282.814895,1522.72,1905.919704,9500.0
859.07875,0.0,909.986628,3500.0
5403.208353,1085.85,1252.18184,6000.0
1941.539209,1366.74,0.0,6300.0
5418.305735,0.0,5051.791781,8000.0
11955.30817,0.0,2108.302563,13000.0
1224.513636,529.34,1108.666511,1200.0
817.793943,478.28,945.547556,2400.0
4382.112084,294.75,4945.02074,4000.0
9264.786223,0.0,4158.61262,9500.0
6512.478876,98.0,3320.07679,7000.0
31.941802,417.96,0.0,2000.0
30.863497,143.36,736.547491,1500.0
1469.720674,0.0,170.376441,1500.0
332.888212,419.56,0.0,3000.0
2421.943818,612.0,2197.163192,2500.0
2200.566765,296.4,0.0,6000.0
1719.310566,0.0,259.91508,1950.0
2247.126627,0.0,6634.23196,7000.0
1663.967468,0.0,2123.721395,2500.0
1402.776239,0.0,36.202957,1500.0
9459.138771,878.11,5247.419951,15000.0
4626.278301,0.0,9579.677222,5000.0
113.703142,0.0,498.463933,6500.0
168.539199,176.73,0.0,5000.0
662.022698,280.0,2276.320971,3000.0
1302.78269,45.65,0.0,1500.0
517.118528,280.24,1295.246094,11000.0
5598.864288,7194.53,14200.89313,15500.0
6537.800686,1885.94,2099.802521,8500.0
1308.302091,918.67,0.0,1800.0
1009.062757,702.4,0.0,7500.0
8.286935,125.0,0.0,3000.0
151.006318,1455.97,0.0,1800.0
2062.665478,518.17,1257.241177,4000.0
3666.676179,0.0,2461.891684,4000.0
1764.908055,0.0,1552.832951,3666.666667
2919.796228,217.9,0.0,7500.0
1925.094714,5189.51,0.0,7500.0
5291.221238,2090.47,1153.665768,15000.0
107.13002,15.4,182.66132,200.0
124.285688,662.4,0.0,1000.0
6727.539699,711.72,6498.711722,8500.0
3007.470055,102.48,0.0,3000.0
5715.854635,2173.99,0.0,8500.0
274.038592,286.19,0.0,1700.0
3476.603507,9683.28,0.0,12500.0
1075.825135,32.0,1859.42106,9000.0
760.925748,360.0,3180.893742,5000.0
51.427334,486.01,0.0,7000.0
1093.946163,0.0,18.482296,1200.0
1630.620638,0.0,381.541722,2100.0
78.090426,243.48,0.0,1500.0
3196.409012,2083.25,0.0,6000.0
447.648987,17.8,2429.819782,2500.0
34.356451,266.25,0.0,7500.0
1497.145968,0.0,4444.646515,2500.0
2156.616367,1695.0,90.775238,2000.0
2023.72438,1103.86,0.0,6500.0
1454.551875,0.0,3853.339512,4000.0
107.801738,922.64,0.0,9500.0
4333.59727,333.08,72.049232,12500.0
49.869884,363.52,0.0,9100.0
0.001289,96.12,0.0,1500.0
360.774263,2437.8,0.0,7500.0
2675.418129,55.0,315.402389,3000.0
2004.298844,1500.0,0.0,3000.0
216.685655,921.18,0.0,4500.0
7119.163663,1370.21,8527.393281,12000.0
2720.458647,0.0,707.984403,10000.0
113.122729,987.23,0.0,2500.0
610.678403,3724.25,72.477223,4000.0
2097.470969,0.0,1546.052817,3500.0
8435.192572,0.0,8419.83327,9000.0
1046.273731,420.89,0.0,1000.0
1590.712709,674.57,0.0,1600.0
1513.075264,15704.04,0.0,3000.0
1683.116573,98.0,240.304769,1800.0
2097.603234,963.21,0.0,2100.0
1060.422892,161.5,765.748489,3700.0
3.03124,37.65,0.0,7500.0
163.950974,1014.21,268.071098,1500.0
2926.920514,1823.5,236.898897,7100.0
1502.44469,0.0,152.14064,1600.0
74.825456,293.5,0.0,1500.0
398.341908,0.0,3623.583341,18000.0
9355.739389,0.0,2286.927789,10000.0
1644.496393,0.0,156.097738,1950.0
8084.624525,0.0,4713.978717,11000.0
1418.215497,1003.95,0.0,11000.0
828.596569,1115.0,0.0,1800.0
4232.350593,32.35,0.0,14000.0
1184.588701,704.4,61.069589,1200.0
3168.902659,0.0,3854.441191,4200.0
497.726827,1234.5,0.0,3000.0
868.734126,463.01,546.682275,1000.0
996.619846,581.8,0.0,8500.0
498.761608,1159.15,0.0,4750.0
2551.023341,485.6,0.0,4500.0
1899.219514,0.0,3618.304773,8000.0
5919.198579,9321.13,0.0,15000.0
1780.299975,1907.96,727.608789,10000.0
133.926073,246.75,0.0,11000.0
2567.090886,1875.54,598.035427,3900.0
2522.043371,0.0,2504.271338,7000.0
7333.442833,320.8,9733.258025,10000.0
763.992973,245.0,0.0,1500.0
1193.434312,689.4,0.0,3500.0
1204.102388,1658.81,804.558218,1000.0
595.655746,6562.24,0.0,8000.0
3006.594256,9362.96,0.0,7500.0
3.307286,60.0,0.0,11000.0
53.697916,114.49,0.0,7500.0
2583.717108,1497.02,1112.647386,4000.0
311.341555,3721.39,0.0,4000.0
556.43723,403.3,0.0,7500.0
876.577775,1029.94,0.0,2000.0
1666.224023,720.48,1143.146657,2300.0
101.176482,807.66,0.0,16000.0
5408.754166,1207.24,3064.470065,7000.0
1050.085007,0.0,468.62986,1500.0
3811.587156,0.0,848.032831,4500.0
1672.813954,299.83,113.720261,1800.0
7105.801894,0.0,1648.096839,7500.0
2316.11093,86.1,4106.834043,4500.0
2377.742667,2527.04,2056.332882,5000.0
1178.90161,150.0,0.0,1200.0
1007.362008,469.92,0.0,1000.0
1035.853615,69.0,1147.361897,1200.0
1709.693956,2.0,5246.296449,2500.0
2744.473705,529.0,3082.913762,6000.0
4784.708882,5848.99,3503.547107,5000.0
193.207812,1937.7,0.0,2000.0
4612.935167,158.2,5391.599959,6000.0
1294.25883,0.0,92.841595,1500.0
3462.47534,0.0,200.125461,4500.0
7842.784061,5930.99,0.0,11500.0
8.258214,92.46,0.0,300.0
3474.972612,324.18,0.0,9500.0
2928.480007,5747.76,0.0,8000.0
3433.295973,4342.07,0.0,11000.0
913.520763,0.0,2768.870906,3000.0
1262.645703,329.9,0.0,1800.0
4196.43487,90.01,1804.826917,8000.0
1051.484848,3805.44,0.0,1500.0
44.525353,554.16,292.924759,1200.0
137.775633,0.0,1936.205406,3000.0
2550.025268,0.0,4946.958466,10000.0
2828.765822,19.98,0.0,5500.0
1452.469721,205.89,0.0,1600.0
2796.379188,44.7,4765.916305,9000.0
1414.878106,98.08,0.0,1500.0
137.636267,1567.25,0.0,7000.0
482.799015,4240.41,0.0,6000.0
291.510745,698.91,79.010038,5000.0
4955.580535,0.0,3481.529635,6500.0
876.366489,4537.12,0.0,2500.0
3250.621234,247.31,823.112588,4000.0
8.048086,55.5,0.0,1200.0
788.9737,4574.79,2604.900847,9500.0
1364.528932,0.01,5567.596649,3000.0
25.35204,355.16,0.0,2500.0
2986.422406,5132.08,0.0,10000.0
1389.583627,712.87,0.0,4500.0
8636.950854,972.09,2590.575082,10500.0
7698.663007,673.15,6076.961711,12000.0
1998.339616,2238.0,0.0,6500.0
2048.573881,3111.44,0.0,6000.0
463.512203,0.0,1166.982711,7500.0
1109.911791,3150.0,0.0,2500.0
1073.42481,57.0,0.0,1200.0
3386.490883,560.98,2008.153534,10100.0
1681.16287,1138.85,4044.377495,4500.0
10599.4423,4029.24,0.0,12500.0
840.50105,0.0,1820.493358,6500.0
7506.908599,465.36,1609.506076,12000.0
231.983056,0.0,1434.138511,1500.0
4811.886042,4911.41,10629.80756,6000.0
981.098292,180.0,0.0,1000.0
120.220573,1348.08,0.0,12000.0
2598.580674,4767.11,3621.840163,6000.0
164.377503,0.0,470.00055,9500.0
634.521032,0.0,1176.86169,1200.0
1134.648238,143.12,0.0,1200.0
26.325409,266.71,0.0,2000.0
1756.078137,0.0,954.822692,6000.0
3214.530319,0.0,15081.6956,11500.0
41.936627,717.92,0.0,13000.0
1346.309166,652.13,0.0,6000.0
329.388289,72.84,0.0,3000.0
2537.892884,0.0,354.346012,3000.0
3287.231954,0.0,3190.532048,8500.0
84.067421,852.26,0.0,18500.0
1721.232782,0.0,369.256964,1800.0
231.995439,2310.21,0.0,3000.0
430.282584,888.85,0.0,3500.0
1956.295501,0.0,211.099323,2100.0
916.200655,1827.62,0.0,1200.0
699.586726,796.11,0.0,6000.0
4478.312669,2461.9,202.816167,5000.0
740.826233,2055.13,0.0,7500.0
120.984184,1122.17,0.0,6000.0
1477.102808,0.0,960.917825,1800.0
1301.800738,0.0,1378.856373,4500.0
1222.164025,0.0,2397.676198,3000.0
4059.059276,0.0,4328.32727,6500.0
1189.665497,0.0,1454.884966,1500.0
1220.359151,568.3,0.0,3000.0
1167.863521,94.7,187.817003,1200.0
2508.405988,875.05,0.0,2600.0
208.362536,2252.77,0.0,10000.0
33.528505,477.5,0.0,3000.0
478.834962,1060.99,0.0,1300.0
132.730466,739.98,0.0,9500.0
312.636004,3866.29,0.0,7500.0
2235.729892,83.0,481.39493,2500.0
7021.942957,0.0,3217.327939,7500.0
309.150506,3157.86,0.0,7000.0
273.247883,60.0,0.0,2300.0
31.296491,84.0,0.0,1000.0
374.552852,279.0,0.0,1400.0
146.756706,1664.95,0.0,4000.0
422.723099,344.86,0.0,8500.0
1571.382204,1849.26,0.0,7000.0
2696.774474,0.0,139.395627,3000.0
3932.482783,1674.11,0.0,11500.0
349.086448,2569.94,186.415123,5000.0
12.281874,153.11,0.0,9000.0
6460.838794,6814.47,0.0,13000.0
139.449391,843.03,0.0,2200.0
1777.440238,78.47,332.13781,8500.0
805.520824,4019.28,0.0,4500.0
713.959917,542.96,268.410928,2500.0
1784.421367,0.0,3923.427657,3000.0
1441.679257,0.0,914.794214,6500.0
226.03038,435.08,0.0,7500.0
13.036611,197.0,0.0,1000.0
4223.867789,2514.74,3444.750251,5500.0
5067.576984,714.68,726.955255,5000.0
62.788771,802.1,0.0,13000.0
3188.47034,0.0,1673.75234,4500.0
2737.420448,0.0,257.147835,3000.0
1502.926021,2635.9,0.0,4500.0
951.061932,1699.87,0.0,1800.0
10905.05381,431.93,47137.21176,19600.0
68.20838,780.0,0.0,3200.0
1297.153644,839.14,0.0,6000.0
121.024256,1850.23,0.0,14000.0
1003.704494,50.0,457.650652,3500.0
1094.300448,1967.86,0.0,11500.0
1467.162166,1313.26,0.0,11500.0
1649.276603,0.0,253.554601,1800.0
2660.420641,0.0,382.272435,5000.0
44.204396,504.0,0.0,2500.0
379.767959,493.5,0.0,4000.0
7.066111,133.16,0.0,16000.0
1051.215365,0.0,3700.154118,1600.0
447.941813,1907.2,0.0,9500.0
1089.528456,0.0,76.027194,1200.0
1432.326731,0.0,3771.115165,5000.0
97.000375,552.09,0.0,12000.0
5.016768,284.13,0.0,4000.0
238.962984,2402.64,0.0,8500.0
0.0,174.12,0.0,4000.0
4550.397004,548.0,660.523355,5000.0
2005.414367,0.0,510.618121,2100.0
2494.774127,250.0,2804.350229,3000.0
4623.886448,883.94,0.0,6000.0
1945.906455,1650.52,1025.434108,2500.0
2598.802288,0.0,185.909531,3000.0
3086.75297,1015.91,0.0,10500.0
46.461265,237.99,0.0,4500.0
390.55064,1261.99,0.0,3000.0
250.060059,2405.97,0.0,10000.0
5570.18253,0.0,2744.808962,6000.0
2113.287399,0.0,3130.155158,3500.0
1205.191816,0.0,1259.175202,2500.0
2586.357487,0.0,256.100571,3000.0
1543.194492,160.0,2956.595415,3000.0
3677.471434,1.0,859.297788,7000.0
203.024867,542.94,0.0,4000.0
5926.837633,0.0,9596.316702,13000.0
1479.020821,958.73,0.0,1500.0
532.805392,59.4,2734.176725,10000.0
36.023577,273.8,0.0,5500.0
3084.618021,0.0,2506.67355,4000.0
52.575297,282.62,0.0,6000.0
1166.500558,73.8,595.036388,2000.0
1781.739723,2289.92,0.0,10500.0
2882.954391,3591.81,554.07167,10450.0
4068.162699,3387.47,0.0,8500.0
5432.113514,793.1,6245.023709,10000.0
24.463674,254.37,0.0,4000.0
202.996947,2338.83,1959.553078,7500.0
28.924276,324.6,0.0,3000.0
7764.210895,90.0,4032.071583,11150.0
1219.914858,0.0,442.372527,1500.0
9226.107838,2217.94,3533.146705,10500.0
689.697644,22.68,0.0,11500.0
4158.137668,8.4,0.0,7500.0
5995.793488,0.0,3454.101774,6500.0
131.260514,1109.91,0.0,9500.0
288.978275,2555.91,0.0,5000.0
331.686553,2289.42,0.0,9500.0
1504.334228,565.0,0.0,2200.0
1928.971964,2061.55,0.0,8500.0
391.385478,0.0,0.0,4000.0
684.658511,184.68,0.0,2900.0
5.120644,55.55,0.0,6000.0
1685.020731,0.0,243.61411,1800.0
313.87913,2746.84,0.0,2500.0
619.974954,1219.39,4473.3497,2000.0
1380.728565,0.0,126.637116,1500.0
40.343354,318.79,0.0,6000.0
147.838347,0.0,68.919596,600.0
69.141919,872.94,0.0,10000.0
0.672519,388.54,0.0,12000.0
4677.021295,1798.66,1569.577102,9000.0
33.31938,279.56,0.0,3000.0
1748.310383,0.0,157.152652,2000.0
931.674532,2417.91,3508.775536,8000.0
1475.871356,826.77,0.0,1500.0
992.424289,0.0,45.026228,1000.0
105.642966,916.46,0.0,10500.0
1156.813935,251.38,506.605228,7500.0
3797.995726,0.0,17278.53864,12000.0
107.452196,1196.35,0.0,5500.0
4181.216991,1443.33,0.0,6000.0
162.94835,400.0,0.0,4000.0
2382.328208,899.58,450.252732,2500.0
55.707056,1224.99,0.0,7500.0
902.491328,0.0,3936.354616,1800.0
1599.306976,112.57,70.564078,1800.0
970.322769,0.0,2034.69483,2000.0
5815.890916,1245.33,2697.454999,7000.0
1738.377115,140.2,0.0,6500.0
21.311946,3618.19,0.0,15000.0
462.916347,270.97,0.0,10000.0
1281.276331,792.14,0.0,1500.0
632.807858,453.91,927.939586,6000.0
2463.60548,654.0,0.0,2400.0
1236.635476,540.0,0.0,4000.0
1563.48528,1910.13,0.0,13000.0
6877.284986,687.97,3406.90934,7500.0
598.423093,5835.57,0.0,9000.0
955.415962,1060.0,0.0,2100.0
847.191896,11507.4,0.0,10500.0
44.174721,290.0,0.0,6000.0
7820.331303,80.0,1147.891529,15000.0
937.276757,45.65,19.995297,1000.0
776.255666,6842.23,0.0,3500.0
815.832195,211.22,3214.78962,3500.0
4939.64603,470.54,8753.243163,10000.0
1053.59473,1450.0,0.0,1500.0
1877.424948,170.07,0.0,6000.0
8.928211,105.78,0.0,3500.0
2139.919711,330.89,2649.967098,6000.0
137.909416,897.42,0.0,7000.0
1301.549278,0.0,72.681585,1500.0
287.140554,316.78,0.0,4500.0
26.621291,426.83,0.0,6000.0
6887.915143,4340.42,7028.901031,11500.0
740.382347,1672.35,310.806852,5500.0
2719.526277,448.07,3474.764847,3000.0
9.75539,219.37,0.0,6000.0
1689.319684,724.83,0.0,1500.0
62.053779,29.6,838.60032,6000.0
1417.474456,144.49,0.0,1500.0
1613.321542,252.0,0.0,1800.0
392.194003,788.14,0.0,9000.0
936.041324,1141.24,0.0,1200.0
527.761784,2702.57,0.0,3000.0
1283.402142,1286.34,0.0,2100.0
5355.922523,2469.28,5839.680075,8000.0
15.236618,161.5,0.0,3000.0
153.003135,96.2,0.0,9000.0
248.200613,2329.12,0.0,5500.0
1466.91925,0.0,37.691257,1500.0
1777.056105,1083.12,0.0,4000.0
475.171266,1155.4,0.0,2000.0
1117.683394,45.65,0.0,1200.0
6891.424677,4399.07,1838.093797,11150.0
14.68344,67.44,0.0,4000.0
1475.973063,181.63,2252.747969,1800.0
986.583117,0.0,1350.155793,1500.0
955.41412,0.0,1145.252721,1200.0
447.808002,1593.29,0.0,7000.0
3304.423662,0.0,1270.287892,7000.0
1135.629139,398.64,0.0,1500.0
933.150722,0.0,1374.764359,1500.0
1055.369866,0.0,3776.644822,6000.0
5897.491823,0.0,3318.487381,7500.0
0.0,176.03,0.0,7000.0
21.377711,312.1,0.0,2000.0
4920.036231,1562.43,0.0,13000.0
4071.792166,1721.66,0.0,10000.0
1138.534442,8665.38,0.0,9500.0
1158.67621,1036.68,1789.779133,1700.0
2093.844656,0.0,1307.898095,3000.0
299.464702,1439.49,0.0,6000.0
21.928045,190.45,49.196465,8500.0
657.223335,1151.91,442.688396,1000.0
74.34204,724.52,0.0,4000.0
2664.700424,715.51,494.573662,3500.0
900.482738,0.0,77.012362,1000.0
1146.202492,0.0,58.697369,1200.0
9.72453,158.34,0.0,6000.0
3037.608728,173.48,382.582455,3000.0
25.184241,0.0,519.538738,6000.0
1100.941072,117.32,5573.767921,1500.0
64.078171,1049.0,0.0,5000.0
1.059425,23.91,0.0,15500.0
1095.041551,1132.36,0.0,2500.0
234.700486,82.0,0.0,4200.0
7156.345546,0.0,2506.083985,18000.0
1435.703308,664.61,945.736707,7500.0
325.024091,2251.62,141.021854,9500.0
4395.237251,2514.3,0.0,5000.0
25.379719,179.0,0.0,4000.0
400.69973,3108.01,0.0,10500.0
3044.269636,93.31,789.697144,3500.0
435.905875,2877.09,204.935422,3500.0
5257.807308,2331.68,10291.12574,17500.0
3860.238072,11.41,0.0,10000.0
1514.750841,3873.5,2306.919698,8500.0
6509.334652,538.51,7232.069823,12000.0
3338.863375,775.0,0.0,8500.0
3281.958491,398.08,6694.105562,8000.0
5932.367808,0.0,4253.311089,6000.0
994.367302,0.0,4058.539188,10000.0
5925.120611,1763.89,0.0,6500.0
162.54754,405.61,0.0,2200.0
1070.486185,818.64,0.0,1000.0
4059.211725,0.0,4524.312762,5000.0
8356.277203,983.24,2329.181013,14000.0
929.115076,611.71,0.0,1200.0
2159.370933,627.23,1055.558646,2500.0
4523.499003,0.0,966.297398,9500.0
753.703481,0.0,899.346012,1200.0
3778.609797,878.29,0.0,8500.0
947.457151,1787.83,458.961661,4000.0
606.323282,299.9,0.0,4200.0
73.379518,875.38,0.0,6500.0
516.49276,380.0,1004.279993,1200.0
906.107168,2354.06,0.0,4000.0
2220.063789,2530.12,157.109678,2500.0
15532.33972,1168.75,3183.037625,16500.0
205.123752,2066.08,0.0,7500.0
788.257316,9113.78,0.0,12000.0
1073.370435,824.77,1214.495468,1800.0
1381.753281,0.0,648.228793,2400.0
405.162601,0.0,4679.312402,17000.0
372.924756,462.7,0.0,1800.0
55.681483,462.99,0.0,13500.0
2092.855291,1624.05,0.0,8500.0
556.912886,0.0,972.223685,4000.0
6.121105,233.9,0.0,10500.0
19.112841,504.2,0.0,1000.0
7803.470739,7184.73,0.0,11500.0
5274.508501,324.96,1392.925291,5500.0
1887.061349,0.0,93.437109,2000.0
152.227891,946.0,0.0,6500.0
1193.351573,0.0,1433.85482,1500.0
2544.036536,0.0,107.710567,7000.0
63.064197,1176.93,0.0,7500.0
3.29042,225.6,0.0,4000.0
182.959331,847.88,0.0,5000.0
5082.971064,1893.89,970.708796,9500.0
2817.403474,1878.54,1154.965664,3500.0
320.35306,2542.61,0.0,7500.0
2801.239086,0.0,7216.489768,10000.0
126.289657,366.68,175.284005,3000.0
7985.621826,123.24,7949.596045,14500.0
1084.131331,803.22,901.628291,1000.0
5520.201751,0.0,6218.171457,7000.0
109.594389,177.0,0.0,1950.0
2416.771489,4201.13,3306.574157,5500.0
5701.848812,1126.68,1831.160025,7000.0
2866.054641,0.0,236.955668,3000.0
1352.301367,263.04,1460.777849,2300.0
495.069704,2610.3,0.0,8500.0
1299.93337,0.0,916.37094,2400.0
3020.900667,0.0,3417.227455,4000.0
608.752081,5446.88,0.0,9500.0
4587.892398,140.6,953.934018,5500.0
4005.344926,9134.26,0.0,10500.0
534.75165,3044.6,684.269093,3000.0
34.387537,153.18,0.0,2500.0
11964.83264,1175.35,2271.555171,14000.0
1553.505165,522.0,0.0,1000.0
10.106017,1160.66,0.0,1500.0
397.003171,3042.08,0.0,8500.0
611.561026,765.0,0.0,2000.0
4840.545574,1595.93,4359.32575,6000.0
0.0,313.89,0.0,6000.0
1176.992085,890.0,0.0,3000.0
47.107274,2226.06,0.0,8500.0
289.529643,110.0,1134.891542,1200.0
2689.040221,0.0,2928.671045,9000.0
14.871714,62.7,0.0,3000.0
35.360897,587.34,0.0,11500.0
1902.665938,4666.51,4120.44084,7500.0
17.026818,453.24,0.0,2000.0
229.540732,694.91,0.0,7500.0
186.706199,868.0,0.0,4000.0
1264.152747,2358.28,144.017573,2500.0
160.15008,1639.97,0.0,7000.0
12856.15251,775.42,7362.379262,14000.0
3034.686119,0.0,370.098258,3000.0
2537.257188,0.0,557.526465,2750.0
2376.483239,858.5,356.570057,7000.0
3625.207579,0.0,1274.199991,6000.0
3904.008546,600.0,1433.189324,4700.0
59.263479,300.68,0.0,5000.0
1114.56327,0.0,298.659126,6000.0
1128.717636,55.69,56.453676,1200.0
451.905949,4468.71,0.0,4000.0
6074.986862,1000.0,4360.872498,14000.0
3490.186741,816.0,0.0,11500.0
1368.99507,521.31,0.0,3000.0
60.52124,469.0,0.0,1000.0
1961.322415,476.16,0.0,2000.0
4153.477506,561.25,1222.725542,8000.0
22.523964,346.3,0.0,1800.0
7593.590618,0.0,3843.962731,8000.0
46.054436,812.97,0.0,6000.0
8771.507851,1082.98,4504.545269,18500.0
3008.66367,1137.62,3116.44095,6200.0
215.213174,2326.52,0.0,3500.0
96.155647,1070.73,0.0,10000.0
1101.656754,1398.21,0.0,7000.0
4779.786334,1470.24,4962.936839,7000.0
765.880394,0.0,1966.812413,8500.0
4705.294706,0.0,9894.067335,9000.0
2008.461205,0.0,2436.107429,2900.0
2856.16815,29.5,103.141056,3000.0
198.12512,0.0,973.656086,1200.0
27.851354,262.71,0.0,4000.0
1487.657507,4115.98,0.0,5000.0
10915.55075,0.0,23130.82106,15000.0
107.944741,118.16,472.818286,2500.0
117.777688,853.3,0.0,2000.0
862.481024,2267.38,282.991201,4500.0
7.153512,104.95,0.0,1500.0
48.242289,470.69,0.0,18000.0
490.368785,932.03,987.069944,5500.0
1848.248809,307.12,0.0,8500.0
1417.979193,0.0,97.106059,1500.0
510.504804,57.0,10239.08859,12500.0
339.294514,2601.6,0.0,1800.0
5151.912071,0.0,2873.077058,7000.0
1203.464556,440.0,1472.061257,3000.0
6437.92423,716.76,2365.445125,7000.0
407.177714,4236.36,0.0,18500.0
3929.705042,935.71,5093.44832,6000.0
6909.058266,473.51,1031.583943,7500.0
1054.905969,885.44,0.0,1000.0
3664.282588,493.34,0.0,9500.0
6443.077147,2155.13,1650.039631,7500.0
4570.04875,888.98,1825.929322,6000.0
3573.583803,2513.46,6181.23369,9000.0
96.699394,1475.23,0.0,4000.0
4968.771623,3441.3,0.0,11500.0
1031.936983,2308.0,0.0,3000.0
3.847042,182.08,0.0,1500.0
166.258538,1377.31,133.878836,16000.0
1589.449271,255.75,0.0,3500.0
2305.313527,255.7,14.222216,6500.0
818.310935,1071.8,752.292181,2500.0
102.751154,1063.69,0.0,7000.0
11416.64736,1347.7,0.0,15500.0
2008.004976,75.5,0.0,5000.0
5880.218671,0.0,10590.41113,11500.0
5354.109275,0.0,2660.070252,7000.0
3207.605367,0.0,3766.7883,9000.0
4319.531807,0.0,9085.908764,7500.0
1343.165153,291.62,1461.717523,1500.0
705.645246,1325.21,0.0,3000.0
112.01046,229.0,0.0,150.0
1978.041097,0.0,1922.461395,5500.0
468.769607,585.68,856.77615,4500.0
15.531077,0.0,1630.319983,2000.0
1003.058842,1627.0,0.0,1200.0
220.938626,2310.61,0.0,18000.0
5236.290986,1780.79,657.93913,17000.0
505.333425,5176.62,0.0,8500.0
17.896575,265.97,0.0,1000.0
5550.171932,1026.26,256.963408,11000.0
236.507753,2692.65,0.0,1500.0
1132.282217,0.0,68.520455,1200.0
247.857188,0.0,872.983058,1200.0
3312.222433,3729.7,0.0,8000.0
1373.252757,0.0,79.435812,1500.0
71.542751,561.38,0.0,1500.0
0.0,609.0,0.0,2500.0
147.418569,1074.0,0.0,5500.0
774.645244,190.54,2467.204866,1200.0
727.467671,420.88,429.481253,4500.0
1115.208504,30.0,1484.671104,1500.0
366.441008,0.0,2838.753109,3000.0
3891.346976,3629.8,2538.561644,7500.0
7442.599092,1080.0,3968.684047,8500.0
752.485849,0.0,1075.239192,1200.0
537.491488,1672.99,0.0,1600.0
1890.946618,0.0,4561.090005,2500.0
11.269672,248.31,0.0,9500.0
50.006512,701.25,0.0,3500.0
5115.712849,4378.8,0.0,10000.0
984.724235,10243.48,0.0,7500.0
952.379745,481.75,0.0,1200.0
160.681189,993.5,0.0,6500.0
3461.183622,200.0,108.408059,3500.0
232.638142,3161.02,0.0,7000.0
126.134681,1197.12,0.0,9000.0
1958.649839,1759.46,3240.789709,7000.0
24.099873,294.0,0.0,5000.0
4424.767314,0.0,7013.528326,7000.0
2297.708974,0.0,797.536774,3000.0
1667.269812,86.69,715.747319,5500.0
74.254958,952.16,0.0,7000.0
9.526312,92.02,0.0,1600.0
95.853493,796.9,0.0,1950.0
772.206384,1319.19,1581.026455,1200.0
533.163378,0.0,930.378581,1800.0
66.65712,585.87,0.0,10000.0
918.401897,0.0,3176.804663,3500.0
1630.676858,0.0,275.166058,1950.0
2384.257016,0.0,99.110887,2500.0
25.706551,133.86,0.0,9500.0
956.303408,1451.5,0.0,1200.0
40.627614,528.08,0.0,2000.0
5010.879703,0.0,2181.390333,7000.0
1822.259235,0.0,1672.653551,2500.0
4936.913341,407.81,2790.468488,5000.0
93.964086,815.34,0.0,2500.0
512.946312,4391.87,422.496562,16500.0
680.889818,2445.24,0.0,3400.0
2177.338711,0.0,430.534073,2500.0
1055.833418,351.54,0.0,3000.0
153.949311,0.0,3988.242395,11500.0
5906.184924,141.8,1651.286918,10000.0
1061.394006,0.0,320.869981,8500.0
8.187263,0.0,793.848237,1350.0
126.018616,1218.24,0.0,5000.0
462.598215,1319.26,0.0,3500.0
195.575108,2984.34,0.0,14500.0
4759.70237,614.01,6791.261503,7500.0
1581.742203,0.0,335.348071,1800.0
1026.201421,0.0,244.88819,1200.0
1585.806548,0.0,274.3843,2000.0
645.181409,0.0,2014.386387,1400.0
237.861439,569.02,1431.673728,3200.0
297.004363,2729.0,0.0,16500.0
2895.765754,2753.35,0.0,9000.0
14.58126,87.3,0.0,8000.0
310.795046,0.0,2810.45573,7500.0
3470.333673,1184.98,6370.145895,7000.0
989.022229,0.0,559.200528,1200.0
2048.834742,3342.9,436.15809,2500.0
3037.476732,1225.79,6560.352738,5100.0
1072.257388,0.0,39.265903,1200.0
5097.916969,139.67,3365.390269,6000.0
975.820862,66.72,0.0,1000.0
5827.830678,577.98,2191.528662,6000.0
7543.580736,0.0,2925.55754,8500.0
87.802127,803.95,0.0,1000.0
3268.304631,340.57,2671.441618,6000.0
45.295495,451.01,0.0,7500.0
234.183227,617.3,282.667958,2500.0
36.868847,360.0,0.0,3000.0
334.1265,0.0,1783.362859,1400.0
193.12654,1955.98,0.0,2500.0
443.202789,350.31,153.173663,4500.0
23.39023,291.7,0.0,2500.0
1872.934017,382.5,0.0,1950.0
2490.787594,176.65,152.712134,2500.0
3212.093869,2203.68,1076.466158,6000.0
339.406259,14.28,0.0,10500.0
11077.99148,3419.92,7837.414142,12000.0
899.195559,921.94,5903.784384,5000.0
1154.410108,0.0,2593.398852,3000.0
846.223191,437.6,4638.435613,14500.0
597.44365,0.0,36.582227,1500.0
4413.803457,0.0,2007.044461,5000.0
3586.05105,141.0,1072.395255,4350.0
1965.755378,889.66,0.0,2500.0
19.897641,375.23,0.0,6000.0
2740.10065,169.19,464.040014,3200.0
393.700868,0.0,673.644618,1000.0
459.134859,223.34,0.0,500.0
4805.164203,0.0,949.587804,8500.0
6668.982024,0.0,2230.439984,7500.0
1238.049848,45.65,2475.656139,1500.0
7801.511533,231.4,4109.465221,13500.0
1114.506863,602.07,0.0,1800.0
1212.426549,265.22,0.0,3000.0
210.870503,664.05,0.0,7500.0
6493.033342,447.5,1664.47374,8000.0
3106.036183,2128.56,2346.894867,7200.0
909.560162,912.1,752.060162,1200.0
3633.533005,383.2,49.167984,11000.0
86.650277,910.51,0.0,7000.0
86.547135,789.45,0.0,2500.0
144.513072,758.5,0.0,3000.0
1182.324933,0.0,258.13761,1200.0
32.821775,644.99,0.0,4000.0
1.365808,60.0,0.0,4000.0
119.604008,1068.28,0.0,1000.0
134.238558,420.0,0.0,7500.0
128.48978,462.86,0.0,3000.0
749.168331,164.9,1806.070919,2000.0
1544.585361,0.0,549.062884,2000.0
172.131105,1666.95,0.0,2500.0
266.475852,0.0,1560.735908,1500.0
549.915249,1556.66,0.0,11000.0
0.0,1090.69,0.0,1800.0
8559.236795,170.0,3260.296078,9000.0
6810.401782,635.76,3863.40531,10000.0
2917.656276,141.81,2431.292076,8000.0
542.807485,220.62,0.0,2000.0
2362.643772,2826.99,0.0,3000.0
4164.796859,784.63,0.0,9000.0
1304.460033,0.0,78.763096,1500.0
1601.692049,61.46,0.0,4000.0
4556.537803,1450.0,2260.73569,9000.0
751.398349,1977.5,611.974158,3500.0
1510.111755,1895.25,0.0,9000.0
3490.855736,1039.48,4200.991254,9000.0
6384.360491,1856.84,2144.180453,7500.0
1327.653853,20.9,0.0,1500.0
9226.646604,671.31,6171.934509,12000.0
3441.516174,358.68,0.0,7500.0
1117.34082,474.96,0.0,1000.0
1828.62196,0.0,689.185829,2300.0
3011.469977,582.28,3325.302419,6500.0
99.680638,0.0,437.399211,10500.0
1517.559661,0.0,456.396077,1950.0
101.025128,0.0,1846.252071,6500.0
12.737355,152.73,0.0,1200.0
1135.816377,520.24,0.0,1200.0
24.1725,270.0,0.0,8500.0
763.696095,1229.42,0.0,7000.0
8073.909084,0.0,3860.699586,8500.0
745.157677,485.17,0.0,3000.0
32.915398,192.99,0.0,6000.0
8198.627284,0.0,2909.753084,14000.0
623.955961,0.0,2119.702403,1200.0
2123.483416,2453.18,0.0,7500.0
939.348677,50.0,0.0,1000.0
1372.486104,3005.25,315.120089,3000.0
123.05867,151.92,0.0,3500.0
72.794263,227.64,0.0,2500.0
2376.965338,0.0,1321.906162,3000.0
57.257195,472.5,0.0,7227.272727
7499.658084,160.0,3603.787202,13550.0
1564.3964,1330.0,1906.43522,8000.0
4644.779013,4820.68,0.0,9200.0
7418.314012,901.62,0.0,14500.0
6001.428376,0.0,2404.829712,9000.0
1127.139413,185.0,737.622804,6100.0
41.217844,221.48,0.0,13500.0
1565.577135,0.0,2676.476175,3000.0
5459.785308,262.0,4212.521736,7000.0
166.295463,449.26,7894.578816,9000.0
19.294559,283.8,0.0,2000.0
2478.086158,531.48,6394.923585,7000.0
5425.936219,209.9,8223.638112,7000.0
5239.381493,0.0,9798.167329,10000.0
142.278809,164.68,0.0,2500.0
4192.143919,450.0,2480.749691,4500.0
2711.995096,600.0,5352.991545,5000.0
432.793131,540.13,0.0,6500.0
127.808682,2802.08,0.0,6500.0
374.276019,3589.05,0.0,6000.0
20.758677,548.01,0.0,1900.0
2061.835735,0.0,4320.771337,4000.0
1744.956833,0.0,198.295367,1800.0
2241.092286,1260.0,2992.621714,6000.0
2857.598022,0.0,5423.546535,6000.0
1530.725391,0.0,59.670168,1600.0
337.478135,0.0,1620.674351,3000.0
5145.092629,1975.72,11834.20581,13500.0
4659.388091,1754.19,1248.153277,9500.0
2416.555714,2266.01,0.0,4000.0
1467.212481,107.0,5203.612362,6000.0
1555.053764,168.0,0.0,1500.0
127.062095,453.3,0.0,7000.0
259.623619,377.79,0.0,1500.0
28.445432,166.2,0.0,5500.0
0.01968,188.02,0.0,7500.0
1258.769693,142.0,0.0,1200.0
2865.386926,0.0,965.180677,6500.0
276.446975,1429.39,0.0,2800.0
2878.528369,0.0,1563.518213,3000.0
499.409588,6636.91,109.211535,8000.0
2489.057383,0.0,1668.403386,3000.0
44.463463,154.86,0.0,2500.0
201.463946,2364.85,0.0,5000.0
2508.850418,0.0,58.981572,6000.0
35.942931,425.67,0.0,6500.0
440.186713,985.2,1055.502083,6000.0
783.550476,175.8,2052.878473,2500.0
511.569448,2938.32,0.0,7500.0
5901.592192,1704.95,0.0,8000.0
210.618047,290.0,0.0,2700.0
168.473316,0.0,866.594079,1200.0
1136.796512,869.38,0.0,7000.0
738.956988,0.0,1561.133958,1500.0
858.180885,3034.74,418.127352,6500.0
2065.035103,1462.6,0.0,3500.0
16.052971,127.0,0.0,4500.0
2263.795064,320.0,4510.237702,10000.0
1527.905897,0.0,2918.216386,6500.0
5266.121863,9030.08,0.0,6000.0
6804.186841,640.03,1898.318709,7100.0
2836.605817,0.0,2025.02275,3000.0
21.328087,512.35,0.0,2000.0
259.15982,1971.9,19.395458,1800.0
414.196362,794.53,0.0,2000.0
141.781912,1401.4,0.0,1500.0
30.530541,360.1,0.0,1500.0
1198.763306,0.0,57.645727,1200.0
6187.219303,2029.03,5933.125159,15000.0
45.625764,0.0,385.950518,10000.0
358.011796,0.0,1795.200197,1950.0
810.52348,985.33,0.0,5500.0
2910.425009,0.0,2121.504999,7500.0
6784.258276,12.64,4516.162598,10000.0
229.295689,2099.89,0.0,3000.0
1465.716156,555.71,1304.049707,1800.0
2315.997841,3643.93,780.459161,7500.0
4202.1695,462.0,4776.10477,8000.0
2085.013555,198.27,0.0,8000.0
51.794504,800.11,92.971171,4000.0
13.363762,238.9,0.0,1000.0
1141.349418,6003.86,0.0,2500.0
766.261051,1462.73,0.0,6000.0
155.566852,1303.78,0.0,10000.0
1168.692032,0.0,1027.967584,5000.0
78.027358,377.07,367.672276,1500.0
6671.450524,369.52,2578.596448,7500.0
3057.553683,0.0,2037.648071,12500.0
343.003474,3429.49,0.0,10500.0
4360.245187,703.23,0.0,4500.0
2900.668727,3056.73,0.0,10000.0
3569.826878,3056.06,0.0,8500.0
3412.603461,3790.29,1384.954139,9500.0
1519.396916,0.0,1825.201472,2000.0
1388.825312,974.42,1563.646228,1500.0
12.313357,107.41,0.0,2500.0
300.140362,2366.36,0.0,4000.0
267.88449,129.0,2496.787814,12000.0
179.882212,828.0,0.0,1000.0
49.901311,790.65,0.0,4000.0
468.138723,0.0,1478.624512,1500.0
1197.052656,298.51,1362.13765,1700.0
2632.469367,0.0,535.955512,3000.0
24.479088,90.0,0.0,2500.0
1391.33075,530.5,0.0,1600.0
2748.868773,598.5,0.0,2000.0
1525.273429,133.4,0.0,1500.0
149.345328,1424.4,0.0,5000.0
1364.390161,786.0,0.0,5000.0
2274.992396,1794.82,2373.651556,7000.0
2611.487156,0.0,2527.237714,6500.0
11930.78446,37.03,5171.710442,14000.0
95.843629,1210.95,0.0,8000.0
2518.248504,1086.17,487.263992,3000.0
6380.474771,4381.33,0.0,11500.0
937.052256,2003.98,0.0,1200.0
1693.287862,90.0,432.820851,1800.0
111.902733,1554.86,0.0,4000.0
13.925681,462.78,0.0,2000.0
3003.711667,349.45,0.0,2750.0
13.75098,214.38,0.0,1500.0
176.478557,600.0,0.0,1500.0
2124.720599,1006.01,0.0,5000.0
6043.926807,0.0,538.044813,6500.0
801.513783,1697.02,0.0,5500.0
2791.652315,0.0,229.417213,3000.0
1452.868602,93.34,0.0,1500.0
5311.500998,2339.79,5930.115233,6500.0
58.142915,0.0,151.730077,1200.0
1738.454303,0.0,187.666429,7000.0
115.376754,448.15,0.0,9000.0
1615.436077,2610.29,884.570862,3600.0
111.789941,1157.94,0.0,7000.0
11.4334,250.0,0.0,1800.0
169.019496,4769.98,0.0,4500.0
1016.583226,120.0,0.0,1000.0
111.729154,824.1,344.286557,6500.0
2486.194077,2869.17,0.0,5500.0
2728.076143,155.32,713.751955,4500.0
467.220993,1110.17,814.088229,4000.0
165.192464,206.32,0.0,3000.0
2414.43578,689.4,1156.608975,8500.0
2432.276042,7156.11,1543.726862,9500.0
1485.081634,48.22,106.224702,1700.0
1723.637852,660.61,144.154129,2000.0
1738.802811,395.0,0.0,6000.0
1912.691045,0.0,9553.955906,10000.0
302.142293,3612.24,0.0,10500.0
185.725079,456.05,0.0,3000.0
2269.800656,0.0,3359.844146,3500.0
750.070967,311.2,0.0,1000.0
2287.854278,0.0,1176.120124,6000.0
7.817753,170.02,0.0,2000.0
877.603886,7786.4,0.0,6500.0
11642.60156,15108.47,0.0,12000.0
2893.135916,0.0,1188.127404,4000.0
1589.083369,0.0,1527.089071,2000.0
2540.711001,844.38,197.620055,7000.0
1023.124791,1537.93,247.04197,9000.0
3937.87556,0.0,1767.100074,12000.0
1079.008102,0.0,1259.571764,1200.0
2545.614986,0.0,1353.803704,3000.0
1659.414215,324.0,2039.735576,4000.0
4484.839808,591.3,1402.722044,6500.0
335.360271,3237.47,0.0,2000.0
8214.860286,5213.41,0.0,15000.0
745.72702,137.7,0.0,2000.0
302.091029,0.0,3688.086261,2000.0
438.550144,3647.61,0.0,7500.0
646.745968,0.0,889.412824,1350.0
9266.08054,100.0,4383.296268,17500.0
2735.480264,100.0,6964.780053,9000.0
160.530303,299.38,836.768709,1200.0
2.386716,115.0,0.0,8500.0
199.753857,1569.23,0.0,7500.0
1647.990537,127.46,0.0,3500.0
1362.551313,0.0,73.99384,1500.0
2221.252825,0.0,6448.247202,7000.0
101.138672,1411.82,0.0,3500.0
19.411374,229.92,0.0,2000.0
189.11961,429.88,0.0,10000.0
67.86054,295.64,0.0,3000.0
1338.317684,0.0,1961.77281,2000.0
5099.850196,805.45,587.441992,5000.0
68.222735,537.68,0.0,3000.0
4028.756012,361.07,0.0,4300.0
9.730297,99.24,0.0,1000.0
224.915345,2330.0,0.0,7500.0
1378.911019,0.0,454.311051,1500.0
2017.948347,1137.55,145.93864,2500.0
409.194212,1213.23,1751.419465,6000.0
3130.53708,428.16,688.362421,4300.0
1143.409012,0.0,47.241537,1200.0
4215.771256,0.0,7870.352952,7500.0
54.952957,470.12,0.0,10000.0
1539.46423,629.78,0.0,2000.0
2589.500085,0.0,2529.709392,5000.0
798.070226,660.02,189.780271,2050.0
6877.333016,0.0,3801.1506,9000.0
234.544023,2453.46,0.0,6500.0
4420.693904,0.0,3202.933702,4600.0
5757.919072,5544.45,2722.524205,7000.0
2341.625484,2153.83,0.0,7500.0
1022.687467,409.92,177.186666,1000.0
1497.869891,806.64,0.0,1700.0
115.340163,54.67,727.568806,1200.0
1175.749847,848.26,1032.462268,1200.0
512.058666,921.2,0.0,5500.0
40.645069,636.83,0.0,7500.0
12323.84536,989.32,0.0,18000.0
967.177679,208.4,0.0,1000.0
97.453056,334.73,19.551802,2500.0
346.782576,961.12,0.0,7000.0
32.228288,73.45,0.0,4000.0
39.642014,0.0,45.175571,5000.0
1902.444082,0.0,2272.984507,2500.0
600.777518,760.38,0.0,4500.0
2864.644318,135.0,4345.320169,7000.0
4994.957253,0.0,2539.708186,6400.0
5392.29598,0.0,4020.9308,8000.0
1841.606048,0.0,2592.516363,2500.0
2809.125422,65.5,0.0,3000.0
1305.724538,509.88,93.018864,1200.0
258.148852,433.2,0.0,6000.0
162.722336,222.7,0.0,4250.0
4007.610043,83.0,9003.084705,10000.0
11.759081,100.94,0.0,6000.0
1384.008582,0.0,102.319161,1500.0
6980.228444,4400.0,913.382295,10000.0
2964.124423,118.05,157.301178,3000.0
78.287038,1045.76,0.0,7000.0
1307.937701,1280.58,0.0,1800.0
27.93791,205.92,0.0,1200.0
77.305919,171.06,0.0,1500.0
807.091888,1272.53,0.0,6000.0
5423.576453,1672.55,2768.037239,8500.0
1290.524209,1518.26,39.054692,1700.0
34.869037,356.32,0.0,1000.0
811.564879,558.08,0.0,8500.0
1109.109473,113.0,189.801109,2500.0
969.034643,50.85,0.0,1200.0
80.167956,1053.52,0.0,3000.0
607.912561,205.84,1076.492197,6000.0
0.0,199.73,0.0,9000.0
1758.703148,3955.35,0.0,7500.0
169.062888,1556.66,0.0,1000.0
268.577278,0.0,5625.798427,9000.0
1431.670328,1020.76,0.0,5000.0
241.097264,790.6,0.0,1500.0
1484.705242,2673.3,4104.024116,5000.0
54.80309,462.32,0.0,5000.0
1687.570137,162.04,0.0,1800.0
1182.045732,130.0,0.0,1200.0
2304.087171,0.0,3511.369006,3000.0
8030.872986,0.0,4904.289845,8500.0
1.151323,60.3,0.0,1200.0
188.701762,900.45,0.0,1200.0
2136.814161,0.0,2120.653422,6000.0
1747.858092,3048.4,119.336811,3000.0
2637.334329,0.0,1204.068667,3000.0
499.437461,0.0,496.939698,1200.0
21.32716,309.74,0.0,8500.0
1534.294061,6508.72,0.0,6000.0
61.954938,477.42,0.0,6000.0
1294.324002,0.0,101.183886,1500.0
657.831607,612.25,1422.284696,1500.0
2708.9687,0.0,1655.456304,3000.0
689.764098,0.0,2289.78885,1800.0
6329.586806,0.0,5489.844176,14600.0
4446.40675,0.0,245.067148,5000.0
1173.662921,0.0,1422.490362,1800.0
21.881488,168.08,0.0,1500.0
1518.638794,0.0,5187.029833,5500.0
1061.439175,0.0,137.757459,1200.0
1579.728772,0.0,124.941315,1800.0
6.149295,169.01,0.0,10000.0
2848.735428,95.67,272.559361,5500.0
32.215585,0.0,758.123122,7500.0
5823.907919,0.0,3225.842654,9500.0
978.567283,1401.54,0.0,4500.0
1588.447753,825.96,913.94708,4000.0
1530.883538,964.67,0.0,3000.0
180.230777,1653.91,0.0,11500.0
256.182628,111.39,0.0,10000.0
1794.484219,197.7,271.900257,1950.0
1103.988247,0.0,2070.856333,6500.0
1783.622522,0.0,99.516488,2000.0
3560.734141,0.0,1466.123982,4000.0
4751.340645,309.86,0.0,8600.0
33.663794,585.6,0.0,1000.0
124.739834,1004.3,0.0,4000.0
2786.494499,0.0,1547.268611,8000.0
6538.064926,1554.42,1329.288028,7500.0
4360.032452,0.0,655.669266,4500.0
1013.23312,0.0,603.491005,1200.0
7215.745096,0.0,3682.382663,12000.0
2320.402196,436.0,3298.084294,4000.0
8791.161142,0.0,3706.755143,12000.0
22.720976,853.75,0.0,6000.0
1083.787792,110.0,342.027342,1200.0
3.744802,154.5,0.0,3800.0
5968.583246,22381.97,0.0,14500.0
2249.367093,902.43,0.0,2500.0
326.648686,1086.16,0.0,7000.0
3481.400783,188.0,2747.982493,8500.0
2237.238086,120.0,0.0,2500.0
1611.720259,955.59,0.0,5000.0
3294.951011,2923.07,3801.850865,13000.0
1436.783799,258.86,143.228646,1500.0
78.44322,1367.73,0.0,6000.0
3586.66025,342.0,5409.095889,6000.0
1119.464067,0.0,748.241727,3000.0
190.872836,3011.36,0.0,7500.0
4881.395564,849.78,0.0,11500.0
891.111576,698.99,1208.994937,1500.0
124.732546,301.07,0.0,5000.0
1820.216623,4877.66,0.0,4500.0
212.080181,618.0,0.0,6000.0
2135.406047,1600.09,78.600122,2500.0
523.329585,5819.46,0.0,6000.0
2655.715643,0.0,2179.449214,3000.0
17.415068,147.7,0.0,4000.0
347.577293,26.8,470.846474,500.0
2201.533726,0.0,2719.782919,3000.0
169.850339,1693.03,0.0,4000.0
1584.358415,0.0,440.692946,4000.0
5030.927831,99.0,2999.769235,6000.0
982.165343,435.72,0.0,2300.0
233.376877,1178.12,0.0,6000.0
1201.149593,851.21,0.0,3600.0
36.607995,224.4,0.0,2100.0
2380.291402,1433.2,254.450638,7000.0
198.377577,0.0,3882.683613,9000.0
27.585915,0.0,1209.369868,11000.0
1369.969909,1770.0,460.484164,1800.0
100.037595,414.48,0.0,1000.0
1412.593167,1278.5,0.0,10500.0
3473.463277,1182.95,0.0,6000.0
411.894578,2948.1,0.0,4000.0
3380.990237,984.31,508.157584,3800.0
381.959463,1013.6,476.74727,3500.0
449.456201,3597.02,0.0,2000.0
1134.830372,833.98,0.0,7500.0
1358.798385,0.0,174.369769,1500.0
177.550964,2188.88,0.0,7500.0
1310.839573,646.28,2350.427153,1500.0
1088.568358,436.8,0.0,1000.0
341.233281,277.06,0.0,2800.0
1289.327381,892.0,0.0,3500.0
597.297664,689.67,73.693002,3511.111111
894.081947,1901.71,206.61878,1500.0
1492.035204,2429.23,0.0,7000.0
112.514659,459.51,0.0,1200.0
795.401963,3408.01,0.0,5000.0
1987.474619,2254.03,988.51815,3000.0
6995.3025,999.77,6507.113368,8000.0
72.518075,525.0,0.0,1000.0
541.61305,554.79,468.601675,7000.0
1919.443036,0.0,5427.830151,5500.0
60.837925,387.42,0.0,1500.0
33.954525,158.0,0.0,1200.0
491.91535,4527.64,0.0,2300.0
733.988674,83.47,0.0,9000.0
5606.778018,283.88,3637.857309,14500.0
408.310297,0.0,777.912775,1500.0
580.649334,0.0,1133.582799,1200.0
2709.099711,354.92,340.821615,8500.0
3821.413393,197.0,3926.684678,7000.0
1224.95436,0.0,292.385578,1400.0
3846.74253,0.0,1932.460679,5600.0
5500.316126,0.0,4930.998256,9000.0
364.516232,0.0,720.251306,6500.0
688.993252,803.57,0.0,2000.0
3781.053716,764.19,279.13821,7000.0
1394.445085,0.0,279.693602,1600.0
117.205812,215.0,0.0,1750.0
4373.439331,1959.04,5124.126997,7000.0
2931.237524,150.0,1434.135353,3000.0
310.666963,881.87,0.0,7500.0
970.120944,120.0,394.626936,1500.0
931.144615,1864.5,148.542419,2000.0
1484.996584,170.0,0.0,1500.0
1967.931753,1344.85,2509.019799,3500.0
74.653975,603.6,0.0,2500.0
84.783684,203.6,0.0,1500.0
668.742738,951.97,0.0,1000.0
3790.510114,2626.06,0.0,7500.0
58.241599,792.35,0.0,10000.0
226.804333,669.19,0.0,8000.0
216.595085,270.21,232.881575,6000.0
1552.53528,2072.43,0.0,7000.0
1131.445959,0.0,1498.390707,1950.0
1048.403657,652.24,0.0,4000.0
460.956973,145.28,1404.503073,8000.0
5873.201628,146.68,2206.510074,8000.0
281.349361,473.34,0.0,1500.0
1207.886609,143.0,1358.395174,3000.0
9.12851,80.06,0.0,1600.0
929.473356,0.0,1335.247069,6000.0
907.120507,98.0,2683.566903,3000.0
744.112849,1628.08,0.0,6000.0
0.0,63.3,0.0,2700.0
1499.324936,0.0,18.123413,1500.0
89.229937,830.0,0.0,4000.0
1057.142919,789.96,0.0,8000.0
2160.127684,353.22,185.02165,2500.0
740.231763,150.0,0.0,1800.0
666.314773,0.0,1435.898249,1500.0
1293.044047,0.0,1425.748356,1500.0
1360.795674,0.0,462.861443,1500.0
13.362018,119.46,0.0,7500.0
2878.715983,909.16,2600.803827,3000.0
1792.255588,582.85,0.0,11500.0
1939.822738,1130.25,1811.549006,3000.0
2939.047848,749.0,7130.160309,5000.0
888.023397,0.0,252.318137,1500.0
13.959639,149.88,0.0,4000.0
4413.461158,55.12,0.0,5000.0
2900.59088,588.48,0.0,3000.0
2600.500163,1301.9,0.0,4500.0
4075.540208,0.0,3502.346314,14000.0
791.117673,854.2,0.0,7350.0
950.31308,1022.84,0.0,1500.0
3.64248,71.65,0.0,2000.0
6773.941979,14215.0,464.795495,9000.0
906.830419,129.0,2168.295882,1700.0
1705.435895,0.0,3719.359585,4000.0
2311.164692,318.85,3541.752608,5000.0
2262.825216,221.2,0.0,9000.0
380.351858,1216.21,145.058195,3000.0
3218.51979,0.0,1335.303813,14500.0
2089.451704,1256.49,1381.853089,2500.0
103.611789,960.24,0.0,2700.0
1589.141901,0.0,1387.07837,3000.0
6369.895861,335.68,2607.530791,9000.0
4028.315428,0.0,275.691831,4500.0
725.529062,8754.59,0.0,4000.0
1766.619204,261.12,958.092503,1950.0
1935.116931,0.0,4195.104578,7000.0
1487.517111,614.53,0.0,1700.0
4037.543707,1005.72,6203.612318,6000.0
7.954284,56.0,0.0,10500.0
147.193451,2863.92,0.0,2500.0
1125.539048,645.96,1214.196152,1500.0
1950.956894,0.0,2844.307484,3000.0
972.283554,0.0,3210.308898,6000.0
5931.699858,218.0,2527.492866,8000.0
1956.708852,1351.68,94.976442,2500.0
1384.792038,133.34,0.0,2900.0
7857.659056,1760.55,7418.467899,15000.0
0.0,70.65,0.0,4000.0
5211.684904,0.0,2994.309677,6000.0
1832.096639,1560.21,1862.018701,4000.0
607.20006,549.08,67.423321,4500.0
9753.114706,10199.63,113.120409,15000.0
66.163293,259.32,0.0,1500.0
859.588282,48.16,9139.119365,10000.0
44.081566,503.25,0.0,8500.0
3776.150532,0.0,3335.783756,6000.0
99.527723,1059.59,0.0,2500.0
2972.931391,60.54,988.385871,8500.0
1941.315169,262.08,0.0,5000.0
2852.354665,424.84,0.0,3000.0
432.058764,817.62,0.0,5100.0
240.814517,59.0,196.906234,5000.0
978.091862,550.53,0.0,1200.0
7387.803893,208.0,6728.679523,14000.0
1454.188994,70.0,296.081137,1500.0
21.968945,335.0,0.0,1000.0
56.091512,405.0,0.0,6727.272727
5920.486917,899.8,1694.266621,6500.0
216.702671,2205.51,0.0,7500.0
9629.808851,0.0,4372.393835,12000.0
870.774939,169.03,432.747965,5000.0
867.244416,804.18,0.0,3700.0
429.887213,898.34,0.0,6500.0
1884.252524,1358.88,0.0,1200.0
1801.045046,1684.29,0.0,8000.0
464.445178,436.3,0.0,1800.0
1876.290248,63.62,0.0,2000.0
1471.557317,577.58,529.067202,1500.0
410.021801,1438.76,0.0,3000.0
292.688812,2815.82,0.0,7000.0
5176.531297,67.84,2665.236381,6000.0
7776.4369,107.33,3404.231913,8500.0
1562.698176,354.04,0.0,6000.0
7682.12519,663.0,5515.966342,9000.0
2251.631886,3727.77,0.0,3150.0
2783.614341,1725.05,1004.424902,5000.0
2392.332606,2556.32,4091.326388,6500.0
4418.554352,960.0,958.069623,4500.0
226.35396,2455.75,0.0,6000.0
148.7321,532.66,0.0,3000.0
793.005227,4.99,0.0,2500.0
960.221148,0.0,1357.652469,1500.0
2011.929899,208.5,0.0,7000.0
7293.108794,0.0,1877.531533,8500.0
1033.41108,1020.3,180.93905,1200.0
1375.427868,0.0,1658.888269,3000.0
0.683939,17.7,0.0,1500.0
1328.569532,140.0,0.0,1600.0
87.931814,617.5,0.0,4000.0
8897.437228,3710.57,588.051695,9000.0
140.120632,644.16,0.0,1500.0
488.00991,102.98,0.0,7000.0
3356.816523,0.0,1831.109653,3500.0
2.796865,170.92,0.0,4000.0
2453.444449,622.16,0.0,2500.0
2146.005518,469.83,0.0,8500.0
4504.79334,0.0,4707.988554,7500.0
1406.388339,542.7,305.496366,1600.0
4013.183067,2591.77,1437.475493,8500.0
11631.32337,14686.1,3422.724703,13600.0
1839.93046,26.12,158.971239,1950.0
845.307601,0.0,5452.074197,6000.0
1202.869845,0.0,1408.583789,1500.0
1076.586375,2204.54,0.0,1000.0
1593.619532,0.0,209.211041,1800.0
0.0,61.21,0.0,2600.0
22.242824,236.28,0.0,4000.0
132.993735,1383.67,0.0,7000.0
5438.546318,287.43,1661.975726,6500.0
666.123984,1999.7,0.0,3100.0
1862.269621,0.0,2934.816408,3000.0
3616.001088,365.0,377.340385,9500.0
1763.755481,2233.3,0.0,13000.0
452.094148,5073.53,0.0,7000.0
64.162396,541.6,0.0,7500.0
9342.15857,0.0,3666.845105,11000.0
2267.245868,0.0,2577.952598,3000.0
1461.259621,178.67,0.0,6500.0
844.837833,2196.38,2716.83907,5000.0
1402.44598,0.0,109.398095,1500.0
1838.159648,0.0,713.245337,3500.0
333.810017,4678.63,0.0,2500.0
4526.591303,1806.5,4354.491196,9000.0
74.0153,546.7,0.0,4000.0
88.492683,0.0,438.517219,2500.0
1508.80711,372.16,1172.467897,2500.0
3.925627,17.8,0.0,2500.0
65.207898,350.0,0.0,8000.0
10871.08518,0.0,4822.559803,18000.0
1845.113513,258.9,251.188184,2000.0
4432.514906,1543.75,2188.478475,9000.0
1133.652007,34.83,0.0,1200.0
1054.466688,142.8,0.0,1200.0
449.123098,65.0,354.816958,2500.0
1760.407415,0.0,364.974098,3500.0
2308.191918,47.8,0.0,3000.0
2007.080218,75.0,1270.19897,2500.0
6045.192228,0.0,2628.993114,8500.0
4393.939007,417.08,2126.961648,5300.0
969.346477,0.0,7217.705353,5200.0
784.897871,0.0,312.283682,1600.0
509.900317,21.0,0.0,11500.0
124.561589,1674.16,0.0,1800.0
175.930384,264.98,1556.629433,1500.0
250.493739,500.67,0.0,12000.0
1735.137321,1879.92,934.051432,4000.0
89.708187,1808.6,450.417925,7500.0
1954.920348,1016.34,0.0,7500.0
81.860834,710.09,0.0,7500.0
165.544411,468.6,18.126683,1700.0
935.778608,645.83,2607.507856,6500.0
1574.330411,869.26,0.0,1500.0
833.62924,1171.28,0.0,6500.0
0.0,103.68,0.0,2500.0
56.837819,584.34,0.0,9500.0
51.759686,256.5,0.0,4000.0
2675.636728,1257.27,0.0,6000.0
1907.364819,192.88,0.0,7500.0
182.085903,1935.16,0.0,13500.0
243.590067,1995.25,0.0,5700.0
2130.117689,63.38,1131.804112,2500.0
4660.384868,0.0,782.193415,5000.0
129.314624,94.5,0.0,1500.0
1963.239125,67.55,1935.971876,2500.0
1166.660018,2452.69,0.0,1500.0
42.996921,230.04,0.0,200.0
4064.615698,351.0,2412.0422,5000.0
25.095678,177.76,0.0,1500.0
1149.160308,30.6,112.385792,3000.0
210.670699,2675.53,0.0,5000.0
896.347796,0.0,989.764347,2500.0
5709.486507,0.0,2794.326341,6000.0
68.207625,536.0,0.0,4000.0
82.483732,1301.05,0.0,7500.0
95.267927,571.64,0.0,8800.0
4788.283283,0.0,437.808586,5000.0
13.922594,182.1,0.0,5500.0
6246.069586,0.0,5518.29804,10000.0
409.38122,3197.42,1668.819905,6000.0
3688.371995,0.0,10746.54538,7000.0
2924.640322,0.0,6817.656826,6500.0
67.869072,502.52,0.0,1000.0
8571.315438,0.0,6543.824302,10000.0
6209.488896,0.0,3674.314806,8500.0
73.189931,199.96,0.0,2000.0
8341.513474,5410.31,0.0,11100.0
1377.184745,0.0,173.972384,1500.0
5532.653003,2491.83,3504.619697,10500.0
4445.044609,5714.5,3575.55006,5000.0
3747.079869,0.0,3970.509167,6000.0
124.117838,14.98,0.0,1700.0
5905.955278,1642.94,2154.941692,12200.0
4861.692801,54.25,2986.039891,9000.0
7579.855749,4544.7,470.690431,11500.0
13.141343,850.44,0.0,1000.0
6023.720208,1182.08,4295.168396,10000.0
189.722981,1771.78,0.0,6700.0
1179.878115,0.0,127.034,1200.0
4653.854929,360.0,4267.21357,5000.0
355.125926,269.75,0.0,2000.0
3122.507074,10755.68,573.846921,10000.0
2101.04762,184.0,1881.773648,2500.0
76.046682,1440.93,0.0,12000.0
868.808006,39.83,0.0,1950.0
1484.693487,399.96,0.0,1200.0
826.019814,6856.25,0.0,10500.0
423.629272,2485.54,0.0,4500.0
2806.343181,0.0,274.463254,3000.0
1455.180323,81.1,249.897384,1800.0
4839.379685,503.64,7811.002437,10000.0
3642.140907,3338.1,0.0,6000.0
305.506746,0.0,381.399683,6000.0
5379.384053,501.09,0.0,9000.0
1132.615315,136.19,0.0,5100.0
172.316897,368.49,1731.561995,2500.0
215.015895,0.0,1034.617513,1500.0
2120.098679,0.0,4834.483762,6000.0
1647.461444,323.55,0.0,5000.0
2837.322217,35.0,804.52054,3000.0
926.218872,1218.92,0.0,13000.0
1309.983442,504.5,2800.75903,7500.0
3.93442,29.99,0.0,1800.0
306.084815,3200.0,0.0,2500.0
2854.716657,0.0,333.917678,3000.0
10.811047,85.5,0.0,1500.0
185.984965,482.24,903.843591,1200.0
6533.312256,504.33,2308.315512,11000.0
50.582235,428.0,0.0,1700.0
545.767741,102.4,526.948456,1500.0
1592.974511,0.0,147.114012,1700.0
80.178891,1200.0,0.0,1200.0
715.044288,249.96,828.943053,1000.0
752.26105,4019.86,5632.549503,3000.0
168.909599,2313.68,0.0,8000.0
1256.034535,545.74,381.203187,7000.0
533.990908,1286.1,95.526303,1200.0
79.462211,1073.97,0.0,8100.0
1152.591573,50.0,2172.551397,2500.0
790.367002,3663.31,0.0,5000.0
2694.354265,0.0,3711.466877,8500.0
364.464393,1050.76,0.0,1200.0
173.329004,72.0,0.0,8050.0
302.768674,3028.94,0.0,2400.0
870.783501,1813.87,0.0,7500.0
2806.264846,1021.66,0.0,6500.0
425.966019,2219.33,0.0,9000.0
1525.063274,150.0,264.96017,1800.0
1060.209389,43.2,176.22717,1200.0
1068.046178,1632.83,0.0,3600.0
6533.309582,0.0,4257.018953,8500.0
128.558239,720.0,0.0,1000.0
1502.292117,0.0,188.762242,4600.0
999.528562,662.98,495.595993,1400.0
864.760723,1894.5,808.489505,4100.0
465.332882,6920.08,0.0,9500.0
2187.00313,0.0,892.792807,3000.0
2073.595183,1716.11,0.0,7000.0
3592.56906,0.0,1286.356207,4500.0
1861.43505,247.45,3760.827918,4000.0
1176.753991,0.0,1817.167913,2000.0
146.647091,866.57,0.0,2500.0
1396.385805,25.2,1920.24988,2500.0
48.272361,750.0,0.0,6500.0
1440.568286,0.0,56.461898,1500.0
7595.24699,1422.12,4798.127161,10000.0
473.679359,2580.63,0.0,8500.0
3613.551586,2653.49,3516.374364,6500.0
1.366727,0.0,191.751369,1200.0
686.657879,2476.45,253.273353,4000.0
6100.396015,0.0,5312.922403,12000.0
5926.922151,2325.75,461.862131,13000.0
1135.452712,374.94,1062.414129,1200.0
1502.972028,673.8,1187.524461,2400.0
1355.179528,0.0,119.945758,1500.0
2962.757731,4398.65,2483.768145,3000.0
1467.458994,497.83,0.0,1500.0
1737.037252,2432.9,0.0,5000.0
3866.85069,0.0,762.875848,10000.0
1637.51006,0.0,6050.562566,6500.0
2948.881234,840.48,411.828101,3000.0
10.785694,384.4,0.0,1500.0
126.32794,718.01,0.0,7500.0
3862.125712,812.78,3217.292489,6000.0
2105.898309,0.0,217.314696,2250.0
4891.896666,915.81,1678.175594,7500.0
1299.826045,599.74,160.70672,1500.0
68.707804,774.91,0.0,7500.0
589.130175,1669.58,0.0,3000.0
820.163313,680.14,0.0,1200.0
282.873015,484.49,0.0,1000.0
3367.300661,898.18,0.0,6500.0
1299.092905,323.99,10614.20378,8500.0
93.358273,1094.41,0.0,1500.0
1872.458334,220.0,330.0146,2000.0
11.78569,69.9,0.0,2000.0
1694.125362,437.52,0.0,1800.0
62.986919,693.43,0.0,8500.0
4005.202539,1425.23,2637.011333,5550.0
1887.939311,0.0,1535.271649,6700.0
1003.774921,161.27,0.0,1200.0
877.354533,6954.28,61.792952,9000.0
670.425221,349.0,0.0,1950.0
15.669963,70.81,0.0,1500.0
892.102792,0.0,276.598043,900.0
1037.137052,549.0,882.773966,4000.0
3278.259894,1581.43,0.0,8500.0
930.286054,3039.16,0.0,2500.0
61.921514,655.21,0.0,1500.0
3765.693221,0.0,1700.400179,4000.0
962.855497,1839.69,0.0,5000.0
935.367518,2186.22,0.0,1700.0
2640.820976,1167.86,3463.175221,8000.0
39.670161,319.92,0.0,10000.0
1158.783497,183.0,0.0,1200.0
1518.339584,1435.79,0.0,1500.0
2158.754686,0.0,3027.725404,9000.0
6882.811896,2480.63,1657.436894,8500.0
132.353911,358.34,0.0,1500.0
3732.224017,0.0,2167.305318,4500.0
1089.475719,0.0,287.364895,3000.0
434.71366,1971.57,0.0,6700.0
246.688528,297.96,0.0,1000.0
8161.84873,5519.0,0.0,9000.0
35.276551,22.48,0.0,7500.0
87.908147,895.11,0.0,16500.0
215.993595,835.71,0.0,5500.0
3333.963106,934.07,0.0,11500.0
6071.895277,204.8,4283.656363,7000.0
63.169044,806.71,0.0,7500.0
1326.334307,2484.76,0.0,7500.0
1088.996599,0.0,2475.856774,2500.0
4146.601225,521.32,2054.006911,5000.0
2240.079824,0.0,7955.964618,3000.0
440.263759,891.66,0.0,7500.0
642.939211,0.0,1936.701702,1950.0
67.515739,640.48,0.0,500.0
625.292621,1215.64,0.0,2500.0
25.766006,290.0,0.0,1500.0
3197.652201,0.0,4179.249342,5000.0
39.432667,442.76,0.0,2100.0
2651.966491,0.0,1680.241238,3000.0
186.130209,2546.94,0.0,12000.0
669.973636,0.0,1479.440572,3000.0
25.897329,299.65,0.0,9000.0
1243.734425,0.0,306.3199,1500.0
1965.881663,3782.09,0.0,1800.0
140.715619,1562.4,0.0,2500.0
31.285608,1013.0,0.0,4500.0
115.593266,46.3,378.517888,7500.0
1055.613983,0.0,378.769414,1200.0
874.800721,0.0,557.540201,1700.0
14.9447,381.5,0.0,3000.0
118.463635,1572.67,0.0,5000.0
551.175183,1711.11,0.0,4000.0
144.080651,1526.54,0.0,3000.0
673.930629,689.93,916.447583,1800.0
122.062129,924.69,0.0,6300.0
72.033516,837.43,0.0,2500.0
4350.643699,1021.19,11220.76636,6000.0
1413.006634,1678.69,392.356874,1800.0
1253.764799,666.98,0.0,2400.0
260.636327,673.28,477.616267,300.0
87.296391,897.56,0.0,4000.0
2024.488164,0.0,1374.874243,3000.0
52.485431,1476.02,0.0,7000.0
11.736675,119.28,0.0,1700.0
3242.285167,0.0,2732.692813,6000.0
1716.340133,184.23,0.0,1700.0
919.85102,0.0,1483.168185,2000.0
634.088475,2194.29,0.0,10000.0
1337.229284,6661.25,0.0,1700.0
1700.502651,0.0,257.198087,2500.0
433.436164,2552.55,0.0,5000.0
193.103834,246.56,0.0,600.0
58.924277,449.4,0.0,2000.0
1995.332004,0.0,209.970707,2000.0
2075.637866,0.0,4573.876388,7500.0
0.0,125.37,0.0,1500.0
1199.490675,2093.55,0.0,4000.0
3576.905009,0.0,2224.867516,4000.0
1034.253025,144.0,365.613498,1000.0
31.934855,533.52,0.0,10000.0
1523.552696,1810.0,0.0,1850.0
55.805523,1343.88,0.0,5700.0
84.537586,547.54,0.0,6000.0
2271.936696,2386.88,0.0,5000.0
2178.733642,0.0,988.704211,3000.0
348.813275,0.0,27.740449,150.0
2499.228939,217.37,5197.145458,10000.0
20.661831,298.8,0.0,5000.0
127.727053,0.0,341.642911,11000.0
1943.038819,0.0,399.745986,2000.0
2861.242925,0.0,725.809616,4500.0
933.622145,2873.87,342.602229,7000.0
223.786947,5094.41,1076.426136,3000.0
2546.677419,0.0,555.691078,3000.0
3782.000774,60.0,104.521972,5000.0
1294.145453,3059.1,0.0,7000.0
5.265937,22.5,0.0,3000.0
3774.277331,0.0,7911.027809,9000.0
1204.873791,0.0,58.18308,1500.0
1710.418727,0.0,2813.620582,2500.0
9111.704896,980.0,7202.118275,10000.0
651.236224,1696.62,0.0,4600.0
592.919388,105.0,0.0,6600.0
711.174631,155.39,0.0,8500.0
24.635116,205.92,0.0,1500.0
1516.547224,565.61,0.0,1500.0
5055.816826,126.68,1854.786122,5500.0
10092.23573,8710.72,0.0,18000.0
2447.872198,2108.56,0.0,7000.0
1040.419338,307.92,18.616675,1000.0
951.675294,0.0,1090.520215,1200.0
4315.123399,3927.58,0.0,11000.0
5998.431562,0.0,7120.317519,8500.0
4345.879999,0.0,5114.886055,5000.0
2280.447419,1681.78,0.0,7500.0
2104.961701,4115.95,9358.071183,8000.0
3146.619037,161.44,1293.405174,4000.0
9993.352521,0.0,3299.665576,14500.0
1755.193192,0.0,1657.887522,1800.0
387.646975,2900.84,0.0,7500.0
3443.287685,500.0,0.0,7000.0
1765.502751,2129.44,506.593406,4450.0
43.775427,523.64,0.0,6500.0
98.418953,0.0,2327.566908,1500.0
758.188531,0.0,305.653048,1950.0
2341.505917,1231.59,0.0,7600.0
10124.47214,4795.49,0.0,15000.0
134.786311,515.42,0.0,2000.0
1225.201454,1842.64,0.0,1200.0
190.650694,1954.08,0.0,4000.0
3788.416968,718.06,6348.57393,7500.0
73.353928,0.0,380.852744,1200.0
1123.476228,933.38,2721.894656,4000.0
1323.270862,0.0,681.498916,1500.0
14.289109,275.21,0.0,7500.0
791.778273,0.0,3058.096526,3000.0
536.104848,8591.31,0.0,1000.0
228.925466,2084.18,0.0,1000.0
3193.320102,1887.25,0.0,10500.0
1283.032349,0.0,75.783817,1500.0
31.107711,230.0,0.0,4500.0
41.301246,655.79,0.0,6000.0
2077.343786,479.94,344.256221,2500.0
3822.394483,2239.1,0.0,5300.0
2966.034939,0.0,1607.410863,3500.0
6046.821082,502.48,3143.218022,9000.0
868.044414,8443.97,1637.416111,9000.0
1861.08737,1752.06,0.0,3500.0
5944.084692,0.0,584.439061,6000.0
909.164049,200.0,3213.624456,4000.0
152.983848,0.0,451.815934,1200.0
3682.715337,0.0,789.024025,4200.0
3124.579024,1620.09,3440.35465,3600.0
1677.722492,3088.18,0.0,4100.0
149.139346,1415.42,0.0,6000.0
4379.07132,45.84,2191.862613,5500.0
273.243365,2308.58,0.0,7500.0
555.340226,621.03,0.0,10500.0
612.311544,1115.0,0.0,1800.0
1811.87843,900.0,99.27619,1700.0
3012.642667,6999.56,0.0,3500.0
4175.826879,0.0,9968.184827,10500.0
444.021111,0.0,1101.192457,1000.0
3690.855584,0.0,5737.671452,9500.0
4025.646358,0.0,1189.418695,5650.0
2754.527855,0.0,145.998161,3000.0
40.069534,833.29,0.0,7000.0
2183.58965,381.1,0.0,2400.0
4752.694271,0.0,3473.011991,5000.0
5555.173827,6613.09,0.0,9500.0
1515.473846,862.44,2402.323391,5000.0
6744.845686,4.44,19862.87844,16500.0
6930.14958,0.0,1710.197063,7500.0
98.6782,540.0,0.0,1700.0
663.415354,608.18,929.641923,2700.0
896.619803,128.86,0.0,1200.0
2820.576665,0.0,10717.89195,7000.0
1077.019958,465.9,272.884393,1200.0
2654.354521,256.68,1845.164653,4000.0
21.789565,0.0,273.882354,1200.0
264.261791,175.0,0.0,1000.0
1188.102086,0.0,1984.802386,1800.0
2317.222844,741.02,1101.246941,8200.0
1012.295263,627.51,2169.972526,4000.0
1330.716005,1043.64,0.0,1300.0
5983.285834,4170.04,2359.135053,7000.0
2822.483318,1203.05,3521.075329,8500.0
6231.293492,0.0,9423.621866,10500.0
2681.041081,0.0,1865.578447,7000.0
158.657744,752.0,0.0,2500.0
4359.963222,0.0,2763.612473,5000.0
803.033404,0.0,1785.847822,3400.0
1245.943963,5848.55,0.0,5000.0
149.540627,656.16,901.458485,3000.0
1140.805503,1296.47,490.16229,1800.0
33.117601,157.61,0.0,1800.0
6.690484,133.2,0.0,2500.0
536.846283,2660.21,0.0,4000.0
143.025504,1312.35,0.0,300.0
0.0,339.85,103.334378,6500.0
5611.762916,4395.2,1270.995476,10000.0
216.842907,2480.88,0.0,7000.0
1400.189725,0.0,48.568786,1500.0
63.264922,849.57,0.0,4000.0
2473.466078,0.0,944.4812,2500.0
544.423104,710.19,0.0,1800.0
1.869435,0.24,0.0,3000.0
1395.011267,0.0,4781.140751,5500.0
3221.717702,0.0,935.750295,4500.0
1772.323491,574.14,2318.489037,7500.0
899.526526,0.0,1363.827125,1500.0
47.872617,649.0,0.0,6000.0
253.08362,0.0,1654.916972,1800.0
3053.311301,1889.8,182.209576,8800.0
592.171152,0.0,1058.554385,1800.0
286.264356,27.51,871.199257,500.0
7.056933,85.8,0.0,2400.0
135.765325,3997.03,99.079907,5600.0
30.93853,232.89,0.0,16000.0
35.382803,359.84,0.0,5000.0
242.901961,790.39,3866.409521,10000.0
1678.85258,0.0,551.890714,1800.0
1344.353594,0.0,661.025022,1500.0
1503.884481,3296.52,842.262706,2300.0
132.471933,1767.75,0.0,6000.0
3516.835582,4019.73,0.0,12000.0
838.594895,258.49,2220.225056,2000.0
93.672733,674.3,0.0,5400.0
1106.910402,515.98,0.0,12000.0
13.173883,1243.48,0.0,4800.0
4157.933876,929.2,2592.238013,8000.0
3789.302616,49.98,0.0,8500.0
41.143328,239.23,0.0,6000.0
2843.642245,116.75,229.950859,3000.0
150.351606,352.92,0.0,3100.0
477.81804,515.6,0.0,7500.0
294.338354,1851.48,0.0,1400.0
58.811557,370.0,19.719684,1200.0
4476.972577,360.95,840.962414,7500.0
6851.036206,669.93,4588.030733,9500.0
4229.914629,1631.85,4350.228299,10000.0
11.799054,77.36,0.0,1200.0
17.125776,95.76,0.0,4000.0
107.536958,555.0,0.0,1000.0
1624.004773,0.0,223.285625,1800.0
4226.8188,0.0,3425.647464,7000.0
47.722183,440.37,0.0,1200.0
971.268179,2336.32,0.0,4000.0
33.015501,295.56,0.0,3000.0
383.921461,6598.29,0.0,9500.0
1725.950669,268.0,5074.475131,4500.0
288.525281,341.7,0.0,1000.0
169.925245,2000.0,0.0,7000.0
1827.921694,3626.09,1280.42318,6000.0
5368.192094,4050.01,4843.394482,13000.0
854.739785,0.0,298.390512,7000.0
66.73904,0.0,325.379938,2500.0
7064.55047,0.0,11582.49911,11500.0
739.124439,380.8,983.2321,4500.0
1001.543878,2577.1,2241.427898,15500.0
6743.544354,1437.65,1957.772343,8000.0
5342.348915,0.0,8075.196634,6000.0
980.034696,275.0,0.0,1000.0
2374.665105,339.82,1434.174341,6000.0
633.396401,0.0,1330.106689,1500.0
2899.032432,0.0,3431.707208,4000.0
2671.282197,2307.35,0.0,7500.0
1138.314061,470.17,553.632474,2100.0
8700.079439,20421.59,0.0,17000.0
1278.671515,229.0,1444.251462,1600.0
1375.25356,0.0,142.304216,1500.0
4496.709257,945.26,0.0,9500.0
955.117067,0.0,3798.701398,4500.0
1390.597054,724.4,0.0,7000.0
1330.585412,304.6,0.0,8000.0
177.592802,1471.55,0.0,25000.0
19.104261,322.77,0.0,5300.0
1593.708884,1676.78,1370.18527,1800.0
5.006737,100.3,0.0,5000.0
531.349404,1599.02,0.0,8000.0
1184.529629,467.32,2337.837011,6500.0
16.068323,182.8,0.0,1200.0
6644.82923,0.0,2557.006793,7600.0
2803.663441,81.41,0.0,3000.0
3743.771094,368.44,1428.188333,7000.0
5970.705432,6091.51,0.0,8500.0
49.789963,700.0,0.0,1000.0
1013.706876,2143.28,3610.57243,7500.0
1544.279694,0.0,472.46147,1600.0
78.402006,233.34,0.0,3100.0
712.91077,602.3,0.0,7500.0
916.961442,156.5,0.0,1200.0
837.142436,5344.92,0.0,8500.0
6468.426706,277.7,4440.766432,10000.0
35.460649,378.58,0.0,2000.0
611.983643,0.0,2189.894057,1700.0
561.974673,2930.99,0.0,4000.0
2403.175046,0.0,906.383436,2500.0
658.123447,1294.09,106.899407,4000.0
502.399014,0.0,1392.472408,1500.0
743.38993,1530.63,0.0,3000.0
284.510677,83.2,0.0,6500.0
1418.854925,0.0,121.072144,1500.0
5629.224986,3382.96,553.500582,10500.0
1210.573775,2077.09,0.0,1500.0
2784.364948,1178.31,0.0,8500.0
283.899006,818.69,947.496827,8000.0
9630.367575,5245.28,0.0,21000.0
105.216147,1445.55,0.0,13500.0
41.080375,280.0,0.0,9000.0
954.260731,611.08,0.0,3500.0
5779.287938,5233.92,0.0,6000.0
6727.925578,1694.48,5881.182495,7000.0
1092.570471,624.36,0.0,1000.0
3012.178613,27790.42,469.074937,12000.0
148.511058,562.24,0.0,9000.0
2360.086196,0.0,921.067126,9000.0
28.909122,177.05,0.0,1200.0
3993.254745,2049.97,373.338524,5200.0
110.98472,150.0,559.653063,2000.0
72.02566,222.6,0.0,7500.0
224.313303,2426.96,0.0,17500.0
2233.485479,0.0,99.651002,5000.0
423.479877,1944.47,0.0,11500.0
3265.116481,2147.01,0.0,8000.0
3341.352075,192.96,917.200952,3500.0
30.186422,345.99,0.0,9000.0
6943.433775,3513.64,0.0,8000.0
9598.377893,781.18,5967.801306,12000.0
980.370868,699.33,0.0,1000.0
142.833472,1400.18,0.0,3000.0
3177.742619,153.72,0.0,3500.0
1751.368315,0.0,2811.456765,6000.0
35.550618,458.15,0.0,1000.0
1239.927866,1520.0,898.218922,1400.0
2692.671422,13013.5,0.0,7000.0
3562.624897,244.5,3815.281397,5500.0
3337.178486,883.39,5338.547155,6000.0
2531.153022,0.0,2718.185493,3500.0
784.959164,0.0,397.992799,3500.0
1632.580058,0.0,115.413927,1800.0
133.428199,1268.22,0.0,6000.0
40.467471,553.48,0.0,11500.0
22.682781,161.5,0.0,2000.0
62.489102,290.0,0.0,4800.0
797.925938,3143.21,0.0,6500.0
430.592769,1741.39,0.0,5000.0
1128.38317,0.0,74.22288,1200.0
2817.59092,37.92,0.0,3000.0
1565.025253,3035.98,7003.112284,2500.0
2828.6637,3766.55,2157.382814,10000.0
2810.335817,0.0,1460.353036,3500.0
830.073634,0.0,1803.238152,14000.0
1784.447292,233.09,4469.29969,3000.0
224.97236,2084.64,0.0,8500.0
1155.123292,62.02,19.081161,1200.0
336.565042,875.52,0.0,4000.0
639.830783,578.19,1848.938533,2000.0
369.384435,3303.03,0.0,6000.0
86.157142,915.64,0.0,9500.0
4283.519021,8151.36,2685.118122,9500.0
88.327488,669.75,0.0,4300.0
1253.723768,87.4,0.0,6500.0
1487.509392,34.52,0.0,2000.0
0.0,990.0,0.0,1500.0
5825.470945,633.11,1249.383941,6700.0
2540.664814,383.28,0.0,2900.0
673.014589,638.0,2421.366568,8000.0
951.415721,279.01,552.821008,1200.0
3315.689234,1434.88,5802.393776,6000.0
1383.892711,1095.13,99.30138,6000.0
716.970968,378.35,801.879454,1000.0
542.036699,423.86,0.0,2500.0
757.67311,2553.46,0.0,7000.0
5311.078831,1349.62,4258.489193,6000.0
734.663507,218.0,952.495425,1500.0
4762.717627,0.0,450.089413,5000.0
62.082275,791.68,0.0,4500.0
3805.629844,0.0,2132.877903,4000.0
92.279773,842.51,0.0,9500.0
1180.686055,243.04,56.662525,1200.0
2953.212886,320.48,261.393051,10000.0
4479.251427,0.0,2078.88662,9000.0
4380.251712,0.0,404.036972,4500.0
1110.575152,3384.68,0.0,6000.0
1278.502197,0.0,451.336788,1800.0
7291.244386,3509.25,64.517949,12000.0
7899.171076,0.0,11657.31244,13000.0
72.723403,0.0,134.752225,200.0
187.973296,116.0,0.0,4000.0
381.627688,1266.2,0.0,1500.0
5852.750868,722.8,5817.204294,9000.0
5131.239119,0.0,7216.567867,13000.0
290.175484,345.17,0.0,6000.0
102.58313,2044.73,0.0,10000.0
224.812081,388.9,0.0,1500.0
1432.350154,0.0,353.621982,1500.0
1509.177493,0.0,1281.15107,5000.0
675.8726,1315.3,0.0,4000.0
683.849179,7387.83,0.0,8000.0
678.62589,59.24,272.436416,1200.0
2628.010018,1918.14,1051.790943,7000.0
144.845309,150.88,0.0,2500.0
0.000199,0.01,0.0,4000.0
4199.989868,11653.14,0.0,16500.0
2288.181566,177.45,0.0,5000.0
5312.289573,399.92,7412.140941,7500.0
1851.372165,6006.79,0.0,7600.0
692.2898,200.0,299.710379,9950.0
163.335524,460.95,0.0,1500.0
182.709228,2463.21,0.0,9500.0
483.261458,3228.3,0.0,600.0
3676.225496,2743.35,1095.478557,6000.0
242.161751,686.0,0.0,1600.0
19.281564,428.9,0.0,10500.0
2.476557,115.7,0.0,4500.0
3515.499451,2864.32,2880.208755,5500.0
199.684606,287.4,0.0,4500.0
5218.923199,100.01,491.329785,6000.0
1565.98205,1677.26,0.0,4500.0
2672.203163,0.0,1347.646329,7500.0
166.442301,797.58,0.0,9500.0
14100.2511,4995.8,20712.67008,16500.0
1819.405059,5671.86,0.0,6000.0
0.0,178.8,0.0,1900.0
19.572514,310.25,0.0,5500.0
175.635786,0.0,54.180326,1800.0
923.117542,224.4,1845.4779,1700.0
1885.892405,675.69,232.702808,2000.0
1045.458739,946.29,886.266785,1500.0
2875.669063,0.0,740.863461,3000.0
28.054194,824.27,0.0,2500.0
396.376998,286.74,0.0,1000.0
1641.251218,0.0,2990.165538,3000.0
2421.106175,0.0,3701.78388,3000.0
890.633006,756.73,0.0,3000.0
57.408695,338.5,0.0,7000.0
2013.171338,60.0,4621.713196,3500.0
4859.262329,0.0,4835.129243,8000.0
224.202679,1522.91,0.0,7500.0
26.034907,299.79,0.0,7500.0
2673.770349,435.0,3667.84151,5000.0
1863.787327,0.0,1998.061069,3000.0
14.836268,170.09,0.0,7000.0
2012.049986,1279.21,196.593829,4500.0
1110.047967,0.0,569.881041,3500.0
726.779809,5497.04,0.0,1700.0
1812.61375,0.0,2804.289646,9000.0
43.200086,324.0,0.0,1800.0
1771.43578,1176.0,0.0,1700.0
521.38404,0.0,1001.605022,1150.0
604.816148,764.0,796.641859,10500.0
680.671377,8040.78,0.0,7000.0
2336.985188,190.56,4066.421468,3500.0
40.479403,452.61,0.0,5000.0
1382.376636,77.91,300.531629,2500.0
8539.312935,0.0,4070.445699,11000.0
509.872908,31.89,0.0,1500.0
1008.864224,1392.83,0.0,9000.0
723.172037,2095.14,0.0,5000.0
1.025109,59.66,0.0,1700.0
126.13588,0.0,1170.273287,1200.0
975.637547,6897.56,0.0,6150.0
1129.284728,1211.42,0.0,4000.0
2306.310095,359.96,2843.482435,4000.0
883.835888,187.47,0.0,1000.0
874.571604,385.7,289.822557,2000.0
444.760263,3734.7,0.0,4000.0
0.0,1200.0,0.0,2500.0
332.650256,770.0,0.0,5500.0
101.682988,610.34,0.0,1500.0
4143.074668,1074.27,190.242856,6000.0
42.68579,708.0,0.0,3000.0
146.261257,3139.97,0.0,5000.0
3876.778302,0.0,4269.018258,7500.0
1593.364737,2298.49,554.604914,4500.0
933.278656,182.55,2304.727023,2500.0
58.167348,438.87,0.0,7500.0
2514.895334,3172.38,656.112456,6800.0
1513.759633,70.0,0.0,1700.0
80.00717,1548.37,0.0,9500.0
93.104842,160.0,0.0,5200.0
458.958269,492.72,0.0,6000.0
1386.712561,0.0,699.804757,1500.0
4564.860642,1701.13,0.0,12000.0
1709.346088,339.0,0.0,2000.0
94.83691,1027.84,0.0,18000.0
6204.264926,0.0,2344.901285,7500.0
64.677565,363.71,0.0,6000.0
24.297113,230.47,0.0,4000.0
2271.7875,0.0,2866.563908,8000.0
5000.825577,3310.39,2019.865472,7500.0
3723.723928,0.0,1138.457723,4500.0
348.066767,695.0,0.0,4000.0
846.380946,8397.44,0.0,10000.0
39.557369,45.65,0.0,3000.0
3492.064185,0.0,522.551112,12500.0
719.427666,734.4,0.0,1000.0
1184.924492,306.0,1314.443111,3000.0
4285.123888,4235.03,0.0,10000.0
989.448428,429.97,1029.77967,1500.0
3126.109251,3357.24,0.0,7000.0
3912.344717,2080.66,1829.712153,6000.0
469.380653,5117.56,0.0,4300.0
3543.905366,1362.92,0.0,7500.0
1218.208868,0.0,4467.667258,2500.0
680.079404,636.41,2525.736564,12000.0
1431.445361,0.0,1414.866215,1500.0
131.760301,789.43,0.0,5000.0
35.988695,294.0,0.0,1200.0
128.507898,0.0,490.12386,1200.0
3985.637748,20.0,1306.18399,6000.0
1726.125465,223.95,265.018687,5000.0
948.944615,678.94,0.0,2000.0
71.983739,1000.0,0.0,1200.0
32.903658,391.5,0.0,6500.0
3822.559709,1000.0,0.0,5000.0
580.175457,759.5,995.015703,4000.0
9.444869,127.14,0.0,4000.0
1509.525178,0.0,1784.023712,3500.0
1288.895823,0.0,3233.145994,3500.0
4825.450839,5855.46,0.0,7000.0
5797.6687,0.0,4639.195255,6000.0
10.248544,0.0,690.668996,1200.0
6928.721377,18.35,14836.45141,18000.0
1725.887609,0.0,753.22315,1700.0
475.675998,5421.73,0.0,10500.0
961.369596,0.0,1124.284462,1200.0
1364.256013,0.0,252.98756,1500.0
113.629276,798.0,0.0,5000.0
9.906062,202.3,0.0,1500.0
26.506901,400.91,0.0,2500.0
157.66813,1263.51,0.0,10000.0
2336.363625,924.19,432.263451,2500.0
316.095114,89.96,0.0,4700.0
453.856643,238.75,0.0,1500.0
1914.092562,538.85,0.0,2000.0
9061.317491,0.0,366.077141,10000.0
3239.138704,3018.68,4157.651522,5500.0
2450.104201,0.0,657.525213,3000.0
342.358505,633.66,367.516136,4500.0
8983.120358,0.0,3517.845954,12500.0
2275.53087,1343.65,0.0,3000.0
54.327257,346.02,0.0,4500.0
984.135371,599.58,0.0,3000.0
2732.551701,1043.03,123.468228,3000.0
5795.166009,0.0,7363.303617,12500.0
2944.156996,12.22,244.694657,3000.0
1693.841127,2439.98,1068.614851,5500.0
189.98582,369.0,991.09837,2500.0
1690.352634,0.0,1359.175968,3500.0
3048.011738,1271.34,0.0,3200.0
419.486983,450.0,1365.172054,9500.0
2997.977825,35131.16,0.0,12000.0
44.635372,640.0,0.0,6000.0
5643.992345,6141.58,1003.760024,13000.0
2713.749041,0.0,318.035084,3000.0
95.597121,101.97,97.921034,3000.0
1679.429188,0.0,75.844786,1800.0
14.442528,163.9,0.0,1500.0
8260.825897,3709.71,2379.462062,8500.0
4899.638221,0.0,424.449434,5000.0
138.596394,1333.9,0.0,7500.0
4.160112,70.56,0.0,6000.0
592.416944,6228.01,0.0,4500.0
1211.895212,0.0,119.377631,1200.0
8.585976,512.59,0.0,2500.0
32.612016,545.88,0.0,2000.0
174.214883,0.0,956.089092,1200.0
147.765977,1328.94,0.0,4000.0
349.855056,3200.5,0.0,7000.0
816.765152,7967.04,0.0,10000.0
3177.232656,5877.73,0.0,6000.0
14.234636,259.83,0.0,7000.0
117.018324,625.94,0.0,11000.0
330.236089,0.0,930.459784,6500.0
1087.567113,564.54,0.0,1400.0
409.592245,190.0,1986.427611,11500.0
3.141961,16.0,0.0,5500.0
1957.712033,276.76,0.0,3000.0
75.936035,856.44,0.0,2300.0
1459.518449,393.82,0.0,1500.0
1033.498736,21.75,1238.746947,3000.0
2255.056361,122.99,0.0,9000.0
1798.042812,0.0,478.838983,6300.0
179.209557,1526.42,0.0,13500.0
1119.464381,266.68,0.0,1400.0
2046.402647,3976.4,0.0,7000.0
472.529777,358.2,1818.821088,2500.0
1894.990608,0.0,1930.273374,5500.0
1066.884128,0.0,215.632774,1200.0
4896.223044,0.0,396.233514,5000.0
57.94319,440.0,0.0,6500.0
501.453416,1199.46,0.0,6500.0
1422.85376,159.46,0.0,1600.0
423.972293,0.0,1677.787494,1500.0
3894.241117,1201.7,995.062078,4000.0
19.726196,220.9,0.0,2500.0
0.001146,0.0,96.59138,1500.0
1126.942655,0.0,86.437024,1200.0
8121.778586,231.14,2992.209093,12000.0
54.096839,185.99,0.0,4000.0
58.312121,0.0,839.112534,1200.0
2552.597938,550.62,0.0,3000.0
437.397682,1936.22,396.568016,4000.0
5523.175617,0.0,4104.980885,6500.0
2088.285449,0.0,1110.062064,6000.0
162.850565,1326.72,0.0,6000.0
263.467374,0.0,837.67896,1700.0
1030.503395,25.26,0.0,3000.0
1420.113689,393.63,0.0,1500.0
6.109243,73.64,0.0,4000.0
1968.876429,0.0,1803.871026,10500.0
488.340514,4908.93,0.0,7500.0
944.851251,449.49,0.0,1000.0
5561.390014,0.0,3041.330064,6000.0
4705.036885,887.87,766.181321,6000.0
4802.507595,0.0,286.576749,5000.0
1724.945864,2075.18,0.0,8500.0
3421.570645,0.0,287.27997,8500.0
99.029726,1496.87,0.0,5000.0
4353.46553,0.0,301.200047,4650.0
4506.159773,1948.25,1870.142289,11500.0
231.089583,1547.92,0.0,9000.0
5199.213536,271.4,1013.616077,10000.0
460.644885,805.42,1916.483068,7000.0
421.796337,2748.74,0.0,4500.0
137.864267,237.24,1113.534935,1200.0
5376.338384,5899.35,0.0,6000.0
2557.241228,2131.06,0.0,5000.0
3971.701463,721.51,0.0,13500.0
2454.552939,461.32,0.0,8000.0
8695.084351,0.0,2772.592928,17500.0
2682.407264,315.5,6629.320612,6000.0
3358.724054,328.0,8416.854736,5000.0
196.967268,1915.07,0.0,7500.0
817.953789,0.0,1285.120888,1500.0
0.0,0.0,181.64979,2500.0
3702.768802,0.0,3097.33974,6000.0
73.876478,600.0,0.0,3000.0
241.032979,0.0,642.862505,1500.0
187.204739,2816.01,0.0,6000.0
379.542951,0.0,925.399531,1500.0
647.166042,369.49,0.0,12500.0
78.114579,0.0,7155.612737,15000.0
136.839366,1133.54,0.0,16500.0
4858.92532,9282.12,4446.461559,9000.0
952.419564,283.8,0.0,1000.0
70.392491,1008.56,0.0,6000.0
4252.504676,2172.77,0.0,11000.0
1282.087245,0.0,200.865502,1500.0
26.547229,224.56,0.0,3000.0
285.645503,1265.24,0.0,7000.0
2033.538173,929.25,1567.042271,3500.0
2525.425787,0.0,2892.511237,3000.0
18.354425,256.5,0.0,2000.0
2571.311375,0.0,6537.278532,3000.0
3252.763399,230.0,4497.284924,4500.0
817.439653,1091.0,0.0,2600.0
426.442669,0.0,1619.692655,9000.0
212.282538,1698.9,0.0,3000.0
3298.236901,385.0,0.0,7100.0
2759.801583,0.0,1063.852745,3000.0
44.192011,356.0,0.0,16500.0
405.234722,916.04,0.0,500.0
4663.032241,1325.31,0.0,4500.0
209.490297,1956.6,0.0,4000.0
70.963378,759.73,0.0,7800.0
1024.990375,0.0,58.443227,1200.0
134.581135,2300.42,0.0,6000.0
16.179446,80.0,0.0,5000.0
2791.930619,231.52,0.0,3000.0
293.614532,839.61,2018.794348,3000.0
1.470582,0.0,18.149946,9000.0
1.816814,21.05,0.0,2900.0
1674.490411,421.71,0.0,1700.0
1539.375352,100.0,0.0,3000.0
1676.218891,0.0,774.229185,1800.0
6981.281961,0.0,5795.971155,18000.0
2255.261218,0.0,550.830512,2500.0
1325.445684,0.0,1895.470431,4500.0
2361.237383,0.0,4233.413107,3000.0
1049.603233,0.0,438.384856,1500.0
313.360445,1031.91,0.0,3000.0
382.159579,287.68,0.0,2500.0
7347.355967,0.0,3726.752857,11500.0
58.281306,0.0,470.095785,1000.0
882.423211,288.75,0.0,1000.0
788.618659,2053.78,0.0,2500.0
21.849058,256.11,0.0,2500.0
6978.185657,1051.43,5146.349321,7500.0
1204.187686,674.85,0.0,7500.0
1711.589245,1659.26,0.0,6500.0
869.947607,0.0,875.275758,3000.0
1409.206763,143.5,0.0,3000.0
1034.243518,0.0,1534.856631,1500.0
603.62806,60.0,54.866583,1200.0
438.429112,5044.36,0.0,5500.0
0.859447,23.0,0.0,3000.0
1163.614769,0.0,79.975453,1200.0
2683.935652,0.0,2780.106659,4500.0
552.464447,1866.81,0.0,3000.0
6832.111113,6508.08,0.0,6000.0
1155.692527,981.2,0.0,1200.0
375.583779,1567.4,830.455855,2500.0
13968.47957,281.71,2710.679764,18500.0
1847.255047,186.33,0.0,2000.0
6629.045062,0.0,12178.96258,8000.0
1495.080484,2323.5,0.0,8500.0
2255.408224,0.0,2705.839993,3000.0
1539.42247,0.0,1156.434609,3500.0
3035.951276,0.0,711.169986,6000.0
105.069311,1344.87,0.0,1700.0
2446.709596,0.0,5281.049743,5000.0
295.374207,0.0,2032.983385,1200.0
822.755885,531.14,0.0,3000.0
4433.582508,0.0,1434.153185,5500.0
2785.584338,0.0,144.330518,3000.0
10116.70899,10166.69,0.0,14000.0
9440.796576,0.0,5831.378,13000.0
1435.975897,418.56,0.0,2150.0
1160.514847,3726.79,0.0,3000.0
634.759973,19.91,0.0,6000.0
45.785125,12.0,166.160258,1200.0
968.504914,257.71,0.0,1000.0
200.806352,1957.45,0.0,6000.0
1634.559235,1062.94,0.0,1800.0
1839.926709,487.75,266.614527,3500.0
6743.313868,5591.26,1074.347669,9500.0
1267.054186,0.0,1253.614385,1500.0
2778.737121,1973.0,0.0,6500.0
1138.592025,327.99,0.0,1200.0
195.361788,0.0,368.716548,8500.0
8.576818,80.0,0.0,7500.0
117.439961,0.0,279.060127,750.0
3803.111606,2025.96,0.0,5600.0
841.744925,2481.55,0.0,5000.0
153.602336,0.0,962.466343,1800.0
382.449723,4162.66,0.0,5000.0
4375.13933,32.1,1830.046883,6000.0
194.818874,1902.47,0.0,7000.0
2605.6002,0.0,4127.528187,12000.0
346.013906,3561.31,0.0,5500.0
404.582074,555.84,0.0,1500.0
0.933462,0.0,39.348512,6000.0
358.674215,411.3,4327.056723,2500.0
36.005918,463.36,0.0,7500.0
2197.935434,0.0,1183.00691,5000.0
2525.493672,490.0,1470.99071,6000.0
3039.972975,5988.29,0.0,7000.0
22.151355,134.87,0.0,3000.0
1077.459774,4342.68,385.830526,6900.0
58.647973,528.65,0.0,2000.0
1718.034412,422.68,3406.374587,3500.0
3907.641073,2001.35,466.60762,4000.0
1189.030969,1122.3,1425.965785,4000.0
18495.55855,5288.28,0.0,22000.0
494.045664,583.2,0.0,2000.0
520.441499,2170.6,0.0,1500.0
4592.041153,0.0,178.893987,5000.0
2955.777008,0.0,3604.51247,11000.0
2666.903576,0.0,779.396921,3000.0
2015.554911,1446.48,0.0,13000.0
8.447806,85.12,0.0,7000.0
3447.674222,205.0,4548.057776,10500.0
655.712971,264.35,0.0,1500.0
3063.422164,1646.48,2934.748266,4500.0
478.787453,780.38,144.37846,1500.0
697.141393,1027.28,0.0,2000.0
48.933642,632.84,0.0,1500.0
53.994628,257.0,0.0,6500.0
3494.152843,2217.87,2452.383654,6500.0
180.32895,810.6,0.0,2500.0
63.930277,626.98,0.0,3000.0
1089.696979,349.04,1477.68366,1500.0
123.396703,0.0,1196.579583,7000.0
71.345309,1166.76,0.0,3000.0
1044.704008,1142.6,0.0,5000.0
809.572784,691.66,992.321871,1500.0
2165.436389,0.0,1016.336335,2500.0
123.632161,506.0,0.0,6000.0
546.398561,0.0,2498.547619,3000.0
1032.031399,0.0,1143.502627,1200.0
316.812739,2393.89,2145.718983,10000.0
715.64147,0.0,1349.479114,1500.0
24.976709,720.6,18.985087,9000.0
826.018339,191.67,0.0,1200.0
134.613205,0.0,447.255199,2500.0
3749.634778,0.0,102.621184,8000.0
16.657046,186.32,0.0,600.0
69.945524,41.4,0.0,1200.0
2224.065672,81.84,1570.966236,2500.0
563.587232,1232.59,450.908415,4000.0
27.742435,303.24,0.0,3000.0
1018.880453,0.0,2583.510846,13000.0
1221.439496,1045.76,1478.541555,2500.0
56.541208,325.8,0.0,3200.0
1604.476717,2619.7,3041.40624,6000.0
39.086623,374.63,0.0,1600.0
378.001129,1884.04,104.557174,5000.0
3290.750214,974.72,0.0,10000.0
66.723482,550.95,0.0,4000.0
1987.232432,544.76,0.0,2000.0
869.702973,370.74,710.440728,1000.0
53.989299,469.14,0.0,1500.0
151.787402,1234.32,0.0,10000.0
5.856011,827.4,0.0,6600.0
5.1807,0.0,1283.543377,3000.0
190.324034,322.33,0.0,6500.0
1645.780139,150.0,0.0,1800.0
8043.733112,99.5,3215.576129,12500.0
2155.276706,66.0,5478.844017,5000.0
5619.654569,2457.53,6088.185478,8000.0
429.157725,170.0,0.0,6500.0
1135.70375,92.07,81.509491,1200.0
484.70724,960.0,531.964001,2000.0
96.799285,537.36,625.807503,1500.0
18.558992,86.4,0.0,2000.0
75.792862,1117.35,0.0,5000.0
1354.161432,0.0,602.502862,1500.0
1276.549447,3355.73,887.518919,4000.0
1119.157048,133.9,269.234406,1200.0
889.090252,9751.9,0.0,4500.0
22.695131,201.18,0.0,3000.0
55.321121,805.25,0.0,4000.0
432.860083,128.32,0.0,4750.0
3626.196814,475.36,1634.030482,8500.0
534.728906,976.98,0.0,7000.0
3645.191927,2311.83,0.0,4500.0
12.423203,2292.41,96.310823,7500.0
391.508345,80.99,2867.104779,1500.0
5601.953934,0.0,3449.910317,6000.0
240.110414,3510.42,0.0,6500.0
1500.034488,274.45,889.383583,3000.0
1089.219786,639.15,443.668004,3000.0
952.26088,0.0,1202.332312,1200.0
1268.809031,17945.0,0.0,18000.0
935.167278,1757.91,1009.683036,1800.0
5.196923,68.02,0.0,4000.0
5543.972323,0.0,2231.203315,6000.0
77.684147,431.28,0.0,1000.0
226.78538,210.64,0.0,3500.0
41.643083,212.0,0.0,1200.0
291.663664,129.0,0.0,5500.0
1437.977941,229.94,901.185629,1800.0
213.205306,2536.27,0.0,6000.0
2063.855487,220.4,2274.848149,2500.0
13.649888,129.16,0.0,15000.0
8477.970766,4837.88,289.117803,15500.0
1117.00354,240.0,0.0,1200.0
198.815177,247.5,0.0,4000.0
472.61828,4626.36,305.257038,3800.0
1534.16579,0.0,635.299075,1800.0
2092.971853,0.0,135.256159,2500.0
1116.944017,182.64,109.600359,1500.0
2006.680789,121.93,3398.994695,4000.0
251.715214,2722.34,0.0,1200.0
3334.683766,0.0,3411.430841,6000.0
1868.523786,27.89,47.998873,2000.0
1000.235038,79.41,0.0,6500.0
1046.952264,504.0,0.0,1000.0
1832.539694,1311.8,0.0,2500.0
59.35799,608.8,0.0,6000.0
48.068313,788.08,0.0,13000.0
570.657071,950.39,340.308868,4000.0
8040.732429,0.0,3500.334072,12000.0
1121.44991,219.4,0.0,1200.0
1168.844004,1310.31,1502.01432,3500.0
12596.42194,0.0,3252.260115,14000.0
1000.931473,0.0,374.200459,1200.0
10.564262,240.25,0.0,2700.0
13.07784,69.5,0.0,400.0
2891.926512,561.25,1991.754101,7700.0
1832.940008,1839.69,0.0,5000.0
13.713339,504.08,0.0,4500.0
128.25396,1105.0,0.0,2500.0
589.682566,6398.73,271.370767,10500.0
16.379412,178.15,0.0,5000.0
492.265287,424.5,0.0,4000.0
3458.708146,0.0,8886.28396,6000.0
3285.196786,2830.48,1703.103212,8500.0
1733.972492,147.96,0.0,1900.0
577.30163,3702.79,202.413978,5000.0
19.548437,266.56,0.0,4500.0
75.11232,0.0,293.856915,7000.0
420.215198,1681.1,0.0,2400.0
1396.800164,210.62,0.0,1500.0
31.944612,408.01,0.0,7500.0
5693.979714,1338.72,0.0,9500.0
1983.111978,1119.56,5582.881679,7000.0
490.157047,0.0,1289.130072,1200.0
306.115129,0.0,991.835378,1200.0
2001.407378,4793.35,0.0,2700.0
10.386311,171.6,0.0,4000.0
434.02839,0.0,998.99144,1800.0
1084.218952,0.0,1729.084515,2000.0
79.345909,906.5,0.0,6000.0
2.872146,37.0,0.0,3000.0
2004.816462,20747.34,0.0,10000.0
2339.037958,1823.56,435.165222,1800.0
4709.342642,1614.27,588.059618,7500.0
531.615661,3196.22,0.0,4000.0
1017.086549,0.0,1046.611295,3500.0
2436.843864,2647.9,0.0,9000.0
1430.209699,1123.59,0.0,5000.0
237.393795,1294.97,307.201386,2500.0
639.73038,951.05,0.0,2600.0
674.119098,3146.25,0.0,4000.0
1049.768556,171.65,0.0,1200.0
876.839962,147.82,784.229265,1000.0
31.870629,192.92,0.0,5500.0
4931.203112,0.0,1387.850238,6500.0
5740.590335,8218.32,0.0,12000.0
258.223705,2391.44,49.410478,5000.0
5686.466725,177.35,0.0,8000.0
4988.093733,8581.29,225.473003,10500.0
84.377933,270.0,0.0,1200.0
1234.235139,594.95,8287.780882,5000.0
931.866057,0.0,652.119509,3700.0
1281.936062,43.0,0.0,1500.0
1032.812458,995.07,555.033556,1400.0
529.415371,0.0,1409.048702,1500.0
132.73446,2190.0,0.0,2500.0
5850.1729,393.87,0.0,6000.0
5.761614,75.0,0.0,3400.0
34.017341,494.6,0.0,4000.0
81.311082,851.38,0.0,8500.0
152.758442,276.0,0.0,1200.0
7659.19151,0.0,1971.469655,8000.0
2947.426082,2257.28,281.877943,8500.0
1371.488874,0.0,3163.898453,3500.0
57.937789,450.0,0.0,4000.0
3376.946886,0.0,9670.775878,9500.0
5824.000984,1501.08,4730.837305,8500.0
2286.673155,0.0,2617.930904,3000.0
2608.512452,64.2,0.0,3000.0
355.323994,284.11,855.147084,1500.0
907.680311,0.0,159.333467,1200.0
2493.134397,253.0,2622.759643,2900.0
231.90824,711.8,0.0,8500.0
88.13353,1400.0,0.0,7500.0
1068.985549,0.0,54.67143,1200.0
722.689568,6493.25,0.0,3200.0
62.759232,311.55,0.0,1200.0
852.001697,372.36,1655.625508,4000.0
473.599403,524.7,1168.556598,1200.0
567.055953,0.0,3254.66653,6000.0
597.416499,175.4,1816.49181,1200.0
3.005343,0.0,265.334594,1200.0
2224.000236,2276.41,628.841571,4500.0
83.564804,616.0,0.0,1000.0
19.589561,299.84,0.0,3000.0
1193.682005,445.18,0.0,1200.0
2701.880978,0.0,576.920984,10000.0
8.820992,91.46,0.0,1500.0
566.383268,1454.16,0.0,3000.0
7369.794134,411.2,2943.158701,8000.0
31.856254,241.0,0.0,1200.0
63.615822,970.57,0.0,7200.0
1172.183909,1700.0,0.0,8000.0
374.405467,1034.4,0.0,1200.0
4.054657,264.02,0.0,7000.0
1739.13388,191.98,0.0,2000.0
229.667169,0.0,985.337823,3000.0
5259.14039,2659.35,4851.392018,6000.0
1975.349966,1749.72,3738.635191,6000.0
4265.241202,1499.12,2312.556328,4500.0
1488.113177,0.0,2599.489045,2500.0
136.323936,289.9,0.0,9500.0
69.795639,1293.04,0.0,7500.0
28.59068,367.44,0.0,5700.0
331.503219,332.74,0.0,2500.0
4282.043906,1974.04,4310.515986,7000.0
2083.900081,0.0,1116.430456,5500.0
0.0,232.2,0.0,1500.0
1052.799075,0.0,1523.162883,1500.0
2871.611936,2216.6,1353.5452,3500.0
1096.994956,0.0,1148.512914,2500.0
1087.574994,0.0,108.260087,1200.0
3541.769505,0.0,2238.32876,15500.0
339.566873,2956.2,0.0,5500.0
1992.650296,20.0,0.0,7500.0
1451.584485,1216.58,0.0,4000.0
1107.099917,473.64,956.509038,1200.0
9061.787692,0.0,5672.920976,14500.0
54.738397,1326.75,0.0,1500.0
986.457953,1073.5,328.279184,4000.0
3277.092999,3936.51,517.562968,10000.0
1496.580949,0.0,183.230915,1600.0
30.350623,341.48,0.0,4000.0
208.707195,2351.58,0.0,4500.0
1639.513143,1225.0,0.0,1900.0
10571.41107,7739.48,0.0,8000.0
1236.018537,0.0,2132.985725,3000.0
640.394092,2476.9,0.0,7000.0
339.956112,2199.65,0.0,6000.0
506.470396,0.0,6897.966615,8500.0
42.075054,421.2,0.0,2000.0
5118.492838,3848.92,8383.293085,12000.0
2228.47847,979.11,809.443906,2900.0
2679.811246,0.0,154.629617,3000.0
37.427412,31.23,1896.550326,2500.0
64.491497,855.99,0.0,3000.0
2070.627593,2564.08,0.0,8500.0
1607.053725,451.9,0.0,2500.0
5088.216894,4381.86,951.294749,7000.0
937.086541,79.0,0.0,1500.0
48.926154,305.79,0.0,3000.0
497.919885,1186.09,513.979897,500.0
1862.566976,1847.57,0.0,3350.0
1893.053845,746.31,1535.853619,4200.0
10.05473,530.0,0.0,1000.0
7677.565407,1240.04,3681.231518,8000.0
1403.574083,1831.57,1909.684135,8000.0
1425.175936,49.89,59.673576,1500.0
2019.768435,326.64,0.0,3000.0
1961.246269,0.0,233.246267,2000.0
0.0,18.77,0.0,5000.0
1191.955492,0.0,275.762341,1500.0
344.543487,2219.53,0.0,5700.0
1080.852036,0.0,48.919105,1200.0
12.597034,99.0,0.0,1500.0
5019.019126,1517.85,185.169509,6000.0
14.281926,245.85,0.0,1500.0
1381.27484,71.8,0.0,3500.0
229.461086,3669.72,0.0,13000.0
1307.177673,0.0,435.240217,3000.0
4408.242337,324.3,3965.922581,7000.0
785.429991,0.0,277.70324,1200.0
1064.872909,0.0,3358.172644,10500.0
24.389998,0.0,1369.366015,3000.0
2739.711796,847.66,1201.188255,7500.0
4.908888,133.16,0.0,6500.0
1471.640654,285.69,463.813261,3000.0
1241.882057,94.0,234.639631,1400.0
7496.171727,0.0,7107.137059,10500.0
49.074293,330.25,0.0,2500.0
1494.221853,356.62,0.0,1600.0
1317.547661,1987.76,0.0,6000.0
158.919439,0.0,787.758817,4400.0
1908.403984,657.05,0.0,2000.0
3632.344231,83.45,1136.000468,7000.0
9699.252383,0.0,10630.32102,10000.0
66.066065,995.62,0.0,7500.0
700.100691,7244.98,0.0,6200.0
1215.047947,0.0,204.182088,1500.0
148.180803,1200.0,0.0,8000.0
508.598624,0.0,950.084436,11500.0
480.596706,757.8,0.0,8000.0
1869.125099,158.2,1402.159983,6500.0
1654.369427,736.24,0.0,7000.0
1537.935236,68.0,0.0,3000.0
2543.005761,1900.63,0.0,4000.0
11206.78624,1257.77,8295.538786,15000.0
308.769481,489.24,1010.553199,1000.0
3014.625246,0.0,1143.763365,6500.0
1360.590356,2834.03,0.0,6000.0
62.440728,709.01,0.0,2000.0
2024.263677,56.0,4086.268496,2500.0
2610.997575,328.7,0.0,8000.0
1592.354384,736.26,3120.093926,6000.0
1689.238956,261.89,0.0,1700.0
203.499251,2115.76,0.0,4000.0
1791.85654,71.38,0.0,3000.0
5.626795,374.4,0.0,1000.0
2305.006202,0.0,370.248624,2500.0
1138.014732,1170.48,920.050071,4500.0
80.762254,861.9,0.0,6000.0
814.085729,0.0,1087.144848,3000.0
444.630038,0.0,145.557904,500.0
5402.993017,0.01,5942.11917,12000.0
1237.510447,0.0,2914.767437,3000.0
289.512368,4185.94,0.0,6000.0
404.182321,3682.11,0.0,10000.0
1714.896284,2000.0,0.0,2000.0
388.132417,0.0,689.70174,1050.0
162.027905,1045.84,0.0,1850.0
1801.084627,0.0,3189.613873,10000.0
4976.028578,900.87,0.0,5500.0
24.831137,1909.13,0.0,2000.0
3682.667737,2214.64,0.0,9000.0
629.946336,1832.92,0.0,6500.0
568.060722,1799.03,0.0,10000.0
300.395286,394.95,0.0,6000.0
898.253159,165.5,1157.345416,1200.0
919.799915,320.01,1056.477112,1200.0
368.367166,1121.86,1172.195497,3500.0
25.950664,231.25,0.0,4000.0
1817.618232,623.19,408.434019,2800.0
24.569042,532.93,0.0,3000.0
5256.69533,188.6,1934.418697,9000.0
117.706441,718.44,0.0,3000.0
2707.058356,2018.13,0.0,7000.0
4917.162359,0.0,3179.132724,5000.0
272.717108,227.44,0.0,4500.0
4708.26338,0.0,1352.783037,10000.0
82.029477,1126.32,0.0,9000.0
9919.456275,740.75,2238.487012,14000.0
3258.237364,921.12,0.0,6200.0
61.115414,239.71,0.0,700.0
1002.791997,0.0,234.105509,1200.0
2951.220065,0.0,1477.737906,8500.0
1248.903628,518.31,472.118676,1200.0
793.167009,433.31,766.872458,1000.0
2368.338673,1307.18,0.0,9000.0
7287.084204,0.0,6605.075695,7500.0
3764.89205,898.43,2094.091371,4500.0
14.775035,80.44,0.0,3000.0
306.460387,0.0,191.834575,7000.0
1499.689937,159.96,601.616399,4000.0
2778.220254,0.0,99.790116,3000.0
56.149055,493.32,0.0,5000.0
1924.657194,0.0,906.645286,2500.0
72.425884,655.68,0.0,1000.0
653.88103,0.0,1366.204137,1400.0
579.243601,505.48,0.0,1950.0
95.259372,43.3,0.0,7000.0
551.580225,2955.91,0.0,8000.0
1181.767566,153.95,0.0,6500.0
11.834127,272.9,0.0,6000.0
1138.554361,831.89,495.002834,1200.0
9962.070262,7465.91,0.0,18500.0
6416.448101,0.0,3580.392989,7500.0
2762.340044,2372.98,1465.082446,4500.0
926.458992,6200.71,283.476295,7000.0
7474.408678,0.0,10187.5226,10000.0
287.884126,1545.03,289.630816,6500.0
170.617046,350.0,0.0,3000.0
86.661044,709.98,0.0,1000.0
1541.743608,0.0,118.974129,1600.0
7558.010921,365.26,4738.30754,8000.0
6956.37654,11500.94,15133.53213,14000.0
99.256215,1554.39,0.0,6000.0
376.15858,2724.76,0.0,8500.0
380.517893,2590.27,0.0,2500.0
1311.952719,2092.0,0.0,5181.818182
548.252892,208.41,1633.935089,3000.0
3.691925,27.99,0.0,6500.0
49.911409,178.4,0.0,2500.0
18.549421,132.0,0.0,19500.0
4251.411617,0.0,2318.967259,5000.0
32.229139,145.85,0.0,1000.0
1226.152097,0.0,275.602351,1200.0
1238.140283,56.38,0.0,1600.0
153.643158,0.0,254.910338,300.0
200.580245,354.0,0.0,1200.0
2329.869472,1497.2,0.0,7000.0
5090.523925,1689.09,1088.523871,6000.0
2996.761878,3644.35,0.0,3500.0
1103.834373,0.0,155.414239,7000.0
72.679836,800.55,0.0,7000.0
4995.229116,1580.34,0.0,5500.0
300.427627,443.71,0.0,1000.0
1521.763256,312.15,0.0,1500.0
16.742181,320.0,0.0,2500.0
757.964752,157.4,0.0,1200.0
8315.894044,8391.55,0.0,8500.0
476.728349,462.75,0.0,5500.0
776.919827,11522.9,0.0,4500.0
245.336939,909.0,0.0,3000.0
18.745682,872.7,0.0,2500.0
7.106669,27.98,0.0,2500.0
1632.421395,993.96,0.0,6000.0
2439.976275,499.59,0.0,2700.0
1315.478789,88.08,154.311694,1500.0
1454.09973,0.0,49.602856,1500.0
1695.40481,1641.48,1105.875503,7000.0
19.991586,144.0,0.0,1500.0
3219.604215,4126.75,0.0,10500.0
337.178513,3809.71,0.0,16500.0
217.10156,2953.03,0.0,5000.0
2124.826298,967.61,581.6512,5000.0
313.13311,49.09,1306.110387,6500.0
154.271153,1498.28,0.0,12000.0
7934.946009,1792.15,4169.060991,11500.0
4183.77248,511.12,1209.426365,4500.0
4187.550741,0.0,433.71918,4500.0
58.565355,386.0,0.0,1000.0
8363.401152,1076.01,3134.26615,9500.0
45.171225,160.0,0.0,500.0
440.676765,0.0,1125.542162,1200.0
7867.660015,507.0,8980.648498,8500.0
731.222335,0.0,2828.975383,1500.0
39.523885,592.88,0.0,12000.0
1996.785925,212.64,272.115509,2000.0
3114.988266,453.12,2115.036647,5000.0
2341.401664,0.0,1818.306309,3000.0
2819.630553,0.0,230.543537,3000.0
147.085066,1381.14,0.0,2500.0
152.459665,1248.09,0.0,5000.0
1998.15597,348.0,1940.357907,9000.0
290.246277,2617.61,0.0,2500.0
2074.364799,1500.0,0.0,2200.0
1773.323689,1423.71,0.0,5000.0
12.540151,201.0,0.0,2500.0
5796.622219,423.38,6739.693779,8000.0
3261.241461,0.0,154.67204,6500.0
4228.71103,923.99,3932.272703,8500.0
8033.907466,159.0,3983.763805,9000.0
11.902047,0.0,482.992567,3000.0
7789.190958,1307.39,1836.893684,8500.0
8465.740449,1345.81,3429.450339,9500.0
151.194794,2634.7,0.0,7500.0
3212.963003,0.0,185.532602,3500.0
149.59894,2009.64,0.0,16500.0
39.718404,525.17,0.0,8500.0
99.523071,955.87,0.0,13500.0
1837.047378,0.0,73.157833,2000.0
28.90195,169.24,0.0,1200.0
133.68751,1139.2,0.0,3000.0
1922.943603,110.8,0.0,3000.0
653.931902,0.0,1561.104542,1200.0
25.178303,283.15,0.0,5000.0
3049.215189,390.0,5876.866242,3200.0
8073.983031,2153.11,3037.443167,9500.0
1731.459785,288.47,37.454878,1700.0
173.720757,345.29,887.279827,1200.0
1150.724569,797.27,180.115216,6000.0
5376.083101,0.0,2293.529361,5500.0
992.615052,162.28,0.0,1000.0
1360.029064,75.87,1482.699821,1500.0
167.244974,0.0,1275.337159,3000.0
24.382156,366.6,0.0,2000.0
1001.129965,0.0,457.757366,1200.0
108.766657,750.19,0.0,2500.0
3106.853852,0.0,3043.478003,6000.0
787.341687,2732.66,0.0,16500.0
1075.768647,200.0,0.0,1200.0
2270.22733,0.0,159.189426,2400.0
38.994955,431.52,0.0,7000.0
1154.381343,2421.85,0.0,9000.0
126.098257,387.66,0.0,1200.0
61.657184,338.4,0.0,1000.0
6371.35328,0.0,3546.56566,7000.0
6057.280526,2235.12,0.0,10500.0
7005.310696,0.0,4273.427073,10500.0
4.598902,51.16,0.0,3000.0
59.264067,203.08,956.776745,2000.0
953.772248,747.62,1411.613588,2500.0
22.187914,0.0,147.48527,3000.0
2118.77868,62.46,1361.312559,4000.0
21.345298,1019.0,0.0,4500.0
4817.148022,0.0,7625.978921,8000.0
452.951976,3649.83,0.0,7500.0
41.25567,297.4,0.0,6000.0
0.0,19.25,0.0,4000.0
107.600851,1461.15,0.0,7500.0
9.431309,80.44,0.0,2500.0
4768.062736,374.81,9917.639168,7000.0
244.653051,1181.03,0.0,4500.0
268.966315,784.0,0.0,10500.0
1411.914825,0.0,127.321884,1500.0
183.992665,1402.4,0.0,7200.0
19.491307,0.0,1161.514855,1200.0
3153.251957,3398.12,5608.804955,3000.0
534.168335,3916.8,107.838419,3000.0
6313.362606,0.0,9687.179224,10000.0
531.269205,33.4,0.0,3700.0
3699.694691,0.0,1182.596884,4000.0
451.23106,1293.7,0.0,1200.0
591.103032,626.69,0.0,2500.0
253.640197,2607.88,73.579253,4000.0
4222.928545,0.0,4745.047686,8000.0
884.230978,0.0,611.76416,1200.0
237.344299,1266.03,0.0,1800.0
19.949534,0.0,326.731167,2500.0
398.726283,393.49,787.215403,600.0
6991.964344,1384.92,18.807602,13000.0
38.792757,1115.92,54.562891,3500.0
200.988312,0.0,1864.566564,2500.0
2173.970603,0.0,1192.786167,2400.0
158.878732,738.65,109.368455,7500.0
1464.636143,0.0,2773.394382,1500.0
190.962339,2161.22,0.0,5000.0
6983.408463,0.0,3354.686368,7700.0
58.83251,551.93,0.0,2500.0
3046.937141,0.0,4021.457424,5000.0
1396.279238,3380.44,0.0,3500.0
975.252077,1146.74,0.0,1000.0
1622.84216,248.74,1814.147021,2500.0
3899.763741,0.0,925.72976,6500.0
2719.639153,715.81,0.0,10000.0
347.226798,1535.49,0.0,1000.0
8.172299,114.0,0.0,2700.0
8248.178009,1788.84,90.031207,18000.0
289.353197,461.68,0.0,4500.0
38.91624,358.49,188.234434,2500.0
810.739995,86.9,0.0,7500.0
438.337653,1867.9,128.429272,6500.0
101.083401,553.36,1719.767683,3000.0
1300.793883,1282.2,0.0,1200.0
1418.838078,0.0,272.782072,1500.0
2042.585017,498.96,2364.540395,2500.0
218.948323,1858.33,0.0,4500.0
115.467669,354.0,0.0,16500.0
199.462047,1296.2,0.0,1800.0
143.737177,1456.0,0.0,2500.0
45.45702,175.0,0.0,1200.0
1089.795044,0.0,38.249993,1200.0
19.946102,450.0,0.0,1000.0
626.213492,0.0,3393.427055,1200.0
1849.017387,0.0,838.008227,2500.0
2992.591246,0.0,759.456509,3500.0
2021.514867,1582.84,0.0,2500.0
2122.066396,0.0,1048.972729,3000.0
4.417273,27.42,0.0,1800.0
825.347767,0.0,105.877591,1200.0
87.462633,0.0,1251.696029,2000.0
1223.909602,607.0,0.0,1200.0
83.930127,1027.64,0.0,6000.0
1241.025652,0.0,180.783929,1800.0
268.797746,70.0,0.0,1000.0
451.404363,2196.0,0.0,1800.0
3.248979,91.26,0.0,3500.0
160.873814,480.0,0.0,1500.0
982.566805,282.39,0.0,1000.0
4070.500764,710.8,4620.069456,4900.0
1048.892643,0.0,115.766104,1100.0
507.076999,0.0,1391.140391,1500.0
158.634812,1765.38,0.0,9500.0
976.370187,0.0,1622.255801,1600.0
5.336222,57.0,0.0,5000.0
3363.288511,1123.42,1992.271699,4500.0
1475.396878,5055.77,0.0,1900.0
15155.53286,717.24,4718.274895,18000.0
782.392041,8168.9,0.0,16500.0
3157.715309,548.79,3075.115015,3500.0
872.07108,853.0,999.04114,4000.0
1904.495561,4044.14,0.0,6700.0
1186.287841,115.5,0.0,1200.0
3838.312836,0.0,1256.712548,9500.0
5975.063353,345.3,3599.222154,6500.0
2005.438728,956.05,0.0,2500.0
6749.994904,0.0,4561.826799,11500.0
6.127959,82.85,0.0,3500.0
1994.694769,248.75,1016.518185,6000.0
7404.850748,0.0,12405.2945,11500.0
6950.583049,400.98,259.046858,12500.0
5976.796897,1194.52,790.205561,6000.0
19.846569,0.0,133.049604,1200.0
6456.515148,0.0,3802.386718,7500.0
2651.484926,908.15,1008.639756,3000.0
1091.437438,1237.37,0.0,4500.0
28.588826,151.92,0.0,1000.0
703.368382,64.0,0.0,2550.0
1512.218864,1002.93,0.0,4000.0
1608.052487,0.0,2496.721337,5000.0
233.961592,248.44,0.0,1200.0
159.36681,1277.5,0.0,2500.0
27.40855,290.6,0.0,2000.0
1132.796058,519.79,0.0,1200.0
101.874313,70.0,365.228157,2500.0
862.753623,1282.38,0.0,11500.0
3753.102666,0.0,702.912179,11000.0
996.223227,0.0,1398.39554,8000.0
4035.138453,0.0,2399.437045,7000.0
1845.210833,0.0,1960.264859,4500.0
46.56216,261.16,0.0,4000.0
299.179091,1147.23,0.0,4000.0
2917.079199,0.0,844.083928,3000.0
3062.16821,2253.98,4161.09715,9000.0
320.33625,0.0,1258.982051,6500.0
24.176932,189.85,0.0,3000.0
5496.421462,0.0,2338.977761,6000.0
0.074724,0.0,370.73048,1000.0
6063.976197,3987.01,2791.263609,7500.0
2669.587009,0.0,967.482287,6500.0
86.206262,626.28,0.0,3000.0
958.26975,0.0,171.920223,1000.0
10929.05958,675.89,1521.869211,12000.0
11581.9335,0.0,9236.092963,13000.0
207.209597,13.66,0.0,7000.0
3139.267322,5393.36,0.0,3000.0
2689.895528,0.0,270.201463,2900.0
1406.627442,2315.86,0.0,4000.0
1594.485356,2650.91,0.0,7000.0
3755.184007,3211.86,0.0,11000.0
38.795708,229.48,0.0,3050.0
37.911473,254.0,0.0,3000.0
1723.804529,3145.79,0.0,6000.0
165.290723,971.2,446.94537,1000.0
683.391465,0.0,1786.070392,3000.0
10.358325,98.83,0.0,7000.0
1063.614099,0.0,196.616463,1200.0
98.290292,4440.8,0.0,1500.0
1540.879308,0.0,154.550357,4000.0
3083.636304,250.0,0.0,10000.0
1098.457059,0.0,18.510103,1200.0
4836.914446,305.6,0.0,16500.0
131.069154,1315.39,0.0,3500.0
49.564532,433.5,0.0,9000.0
1967.70274,744.9,956.424536,4000.0
1669.128355,0.0,335.056814,1800.0
56.116326,368.47,66.320495,2500.0
227.184126,50.0,947.140065,5500.0
1417.157652,562.5,0.0,1500.0
1406.483149,0.0,363.680545,1500.0
0.0,581.0,0.0,1000.0
1124.582725,0.0,219.933843,1200.0
110.409387,992.88,0.0,4500.0
4929.758948,4939.1,2365.84349,6000.0
687.378139,74.42,0.0,700.0
7.167028,99.0,0.0,6000.0
49.433937,387.0,0.0,3000.0
1427.949491,0.0,617.736537,1800.0
17.141376,182.1,113.918826,6000.0
2285.655394,3648.73,2034.664095,7000.0
341.149186,48.78,0.0,500.0
91.705554,1468.1,0.0,3000.0
2032.338405,158.24,2508.932178,2500.0
4.12565,25.69,0.0,4500.0
709.473364,548.85,153.665694,1200.0
8048.03442,0.0,6163.107978,12000.0
2755.306896,2754.49,3193.924548,13000.0
348.646985,230.0,1099.152158,1200.0
472.663708,310.44,0.0,4000.0
387.585128,0.0,2494.497971,3000.0
120.658015,349.12,0.0,2700.0
105.385636,1536.31,0.0,3000.0
2843.942194,0.0,266.975744,3000.0
28.315171,225.02,0.0,10000.0
949.530268,45.65,47.786053,1000.0
34.706824,242.9,0.0,1500.0
3596.749572,0.0,1172.638871,6000.0
49.920897,400.19,0.0,8500.0
120.945829,33.38,0.0,1000.0
1118.479084,325.95,0.0,2400.0
216.184011,0.0,948.380744,1200.0
3997.572659,0.0,3516.5482,4500.0
1906.703614,780.0,0.0,3000.0
1747.359784,0.0,413.38083,1800.0
2363.615492,1441.32,0.0,6000.0
1247.196735,243.0,0.0,1200.0
336.640397,589.59,0.0,5000.0
135.493002,0.0,499.794103,1200.0
957.980588,424.76,0.0,5000.0
965.236679,2786.08,0.0,4500.0
260.409355,545.34,0.0,1500.0
2772.790822,337.98,198.185224,3000.0
1305.266304,1078.89,2081.15215,5000.0
1153.335938,886.56,0.0,1000.0
633.388444,830.45,0.0,6000.0
5830.700298,4079.01,0.0,11500.0
4931.40051,540.0,527.008867,11500.0
344.532447,3603.0,0.0,6000.0
743.52397,962.78,360.154972,1000.0
1161.901683,10903.22,0.0,12000.0
10.451064,405.93,0.0,6500.0
256.028048,627.42,0.0,2500.0
1109.172807,190.0,1496.441591,1500.0
15.307062,71.52,0.0,1500.0
1056.954525,0.0,744.221343,2500.0
4797.567431,0.0,4824.425698,5000.0
42.363094,0.0,260.723304,1200.0
608.422266,0.0,2338.86519,4000.0
7.950803,92.2,0.0,3000.0
927.983543,1321.52,0.0,4500.0
821.933113,987.26,0.0,6500.0
46.773238,2166.56,0.0,3000.0
42.755706,350.94,0.0,5000.0
95.731707,632.3,0.0,2000.0
889.767658,2997.02,0.0,7000.0
1456.399956,0.0,4116.968065,2500.0
72.372971,456.7,0.0,1200.0
405.052353,515.14,0.0,4500.0
855.811816,1960.18,271.838738,3000.0
1074.258487,11.35,0.0,1200.0
3024.642476,0.0,2381.716886,8000.0
597.410794,344.75,1347.900815,2500.0
43.20377,308.22,0.0,2000.0
79.517489,335.38,0.0,3000.0
35.16925,272.34,0.0,1500.0
5177.774511,1562.74,1443.200669,9000.0
80.298186,1090.0,0.0,4500.0
1202.204204,435.04,0.0,1200.0
31.161679,300.0,0.0,11500.0
176.162762,1814.64,0.0,4000.0
703.407676,637.84,0.0,4500.0
445.921101,1580.56,2703.408056,2500.0
3083.784255,0.0,737.652849,5500.0
31.111548,110.0,0.0,8000.0
503.732786,1730.3,0.0,2500.0
176.837859,108.39,0.0,1500.0
94.537529,1399.55,0.0,7500.0
661.940291,755.14,0.0,6500.0
8.799432,1591.48,0.0,2000.0
3106.418215,0.0,2139.745589,10000.0
827.393597,693.89,0.0,1500.0
0.0,94.5,0.0,1500.0
4361.964176,0.0,288.451529,4500.0
73.10055,78.09,0.0,4000.0
7.047482,321.07,0.0,3000.0
353.895121,2073.54,175.826711,700.0
5911.506531,0.0,7098.892954,8000.0
8.523984,130.32,0.0,1500.0
3096.831684,4492.85,0.0,10000.0
2468.506177,0.0,648.808629,2500.0
1341.000157,1355.77,929.959753,4000.0
169.343874,1553.8,0.0,16500.0
18.112481,206.69,0.0,2000.0
287.493279,1709.0,0.0,2283.333333
38.013028,469.62,0.0,4000.0
8.570991,149.55,0.0,5000.0
7.20735,152.02,0.0,1000.0
15.667283,147.48,0.0,3000.0
955.159037,440.57,0.0,1000.0
827.255067,281.97,0.0,1000.0
2472.017517,2317.89,0.0,5500.0
22.322215,448.0,0.0,3000.0
1764.083164,329.47,58.536178,1800.0
23.651198,250.0,0.0,1200.0
1886.811282,146.73,3249.377014,3000.0
232.140345,552.66,76.633316,500.0
17.092052,1160.0,0.0,7000.0
4746.953711,0.0,939.38774,11000.0
30.969957,319.67,0.0,7500.0
201.463595,2148.34,0.0,5000.0
322.411152,1506.92,0.0,2500.0
1129.185643,0.0,1385.126221,1500.0
99.643727,677.68,0.0,3000.0
651.394216,2529.64,0.0,7500.0
1409.256223,4569.65,3883.517967,30000.0
194.927,2061.48,0.0,8500.0
6758.987905,198.96,7019.083751,11000.0
2332.496766,0.0,1848.691278,9700.0
1860.469601,0.0,303.822585,4000.0
920.529926,462.33,1065.754951,1200.0
3347.700395,5967.42,0.0,11500.0
947.70851,483.4,1288.83283,2000.0
574.032791,1606.51,0.0,1000.0
3067.274152,0.0,591.246114,3500.0
768.881695,408.59,0.0,2500.0
1190.884428,0.0,1817.843113,2000.0
1710.119356,1697.15,0.0,7500.0
229.878735,0.0,928.309409,3000.0
4766.360515,2894.04,1386.851165,20000.0
3007.664861,534.26,0.0,16000.0
1871.597836,3220.25,2367.006699,5500.0
1455.745146,266.0,168.514165,1500.0
1986.558317,0.0,872.861808,6500.0
36.174755,315.0,0.0,1000.0
129.836526,1433.99,0.0,4000.0
206.978089,0.0,500.665069,3000.0
1192.594159,1324.82,914.684674,6000.0
50.564486,84.0,259.105418,2000.0
62.104602,377.62,0.0,2500.0
56.945201,328.1,0.0,6500.0
8.421315,60.0,0.0,6000.0
15.810927,246.29,0.0,500.0
44.613002,281.7,0.0,7500.0
2342.724406,0.0,4697.170219,8000.0
3164.714813,839.65,96.764357,4000.0
2068.865586,0.0,1285.834671,2500.0
0.0,265.76,0.0,1500.0
14.891908,59.8,0.0,500.0
1367.301373,231.41,0.0,2500.0
299.82542,480.0,416.566286,1000.0
0.0,0.0,253.887233,500.0
1176.088299,0.0,1106.360593,1200.0
1164.125671,0.0,3087.004701,3500.0
25.499945,62.53,0.0,1700.0
3646.30636,594.88,3281.891728,9000.0
164.583178,1489.28,0.0,3500.0
2980.628942,1352.52,0.0,10000.0
3350.186138,0.0,2887.013513,4500.0
1101.8547,0.0,38.930597,2100.0
468.294595,4164.14,0.0,4000.0
63.928065,183.6,0.0,1500.0
906.613422,0.0,2222.768202,3000.0
798.693995,0.0,1865.808018,3000.0
3.750633,159.6,879.373487,4500.0
1281.842665,0.0,371.667107,1500.0
863.130387,37.3,0.0,1000.0
50.302615,0.0,575.797773,500.0
33.817964,232.45,0.0,1800.0
559.917793,4760.11,19.930337,4000.0
2671.979402,1469.66,2150.272488,3000.0
814.781581,832.7,757.375098,4000.0
1184.434511,99.8,3445.51955,3000.0
3.198999,45.87,0.0,3000.0
33.267171,341.45,0.0,5000.0
261.462528,2893.57,0.0,10000.0
2659.411879,177.62,1831.115496,4000.0
8.077527,125.0,0.0,1500.0
115.937936,0.0,1529.395551,1800.0
69.37782,588.02,0.0,7000.0
61.588389,250.0,0.0,1000.0
2.081357,26.49,0.0,7500.0
3092.189629,60.82,2361.473149,3500.0
564.325877,0.0,36.998782,600.0
10.684577,300.0,0.0,4000.0
2067.148279,792.68,446.493825,3500.0
966.732798,1093.0,247.199642,7500.0
4099.755913,0.0,4933.666708,12000.0
1507.001995,209.1,0.0,1800.0
2220.864979,2884.42,0.0,4500.0
92.325796,371.16,0.0,2000.0
3583.515054,5683.71,0.0,3000.0
3343.299372,790.8,5001.962631,5000.0
2133.901379,303.03,0.0,3000.0
217.993205,2435.21,0.0,7500.0
50.803778,0.0,892.941422,1500.0
319.037744,1262.28,0.0,10500.0
100.208311,0.0,182.143966,3000.0
7.168805,88.04,0.0,1500.0
1747.876077,0.0,2774.385866,3000.0
519.444307,525.0,0.0,1000.0
4320.267209,117.23,2746.430467,8000.0
2811.486863,692.52,637.084199,3000.0
125.793836,630.0,0.0,1000.0
3798.323722,0.0,182.513182,4000.0
4274.488095,0.0,12527.49129,10500.0
900.557796,1865.55,583.31815,3000.0
858.857651,1013.61,0.0,2500.0
6537.852206,2598.51,0.0,16000.0
1793.970596,1004.9,0.0,2500.0
3215.903805,745.48,0.0,2500.0
1893.704851,4124.81,0.0,6500.0
7.50839,95.0,0.0,4000.0
1180.178744,233.35,0.0,14000.0
3232.101217,495.0,4815.406969,5500.0
6963.435383,2951.93,0.0,8000.0
368.330629,1029.29,0.0,6500.0
0.0,66.75,0.0,4000.0
4.421403,95.59,0.0,4500.0
41.049799,413.31,0.0,6000.0
3611.316106,2400.71,1815.313783,11500.0
3214.579198,0.0,2322.566457,4000.0
339.183041,139.5,0.0,1200.0
477.16584,1342.51,0.0,8500.0
3711.955487,1241.4,0.0,11000.0
390.008261,0.0,463.287959,2500.0
2251.896834,1331.0,0.0,12500.0
2461.015559,0.0,308.497698,6500.0
9309.635579,9007.67,0.0,15000.0
4355.982388,0.0,305.985578,7500.0
62.996845,779.7,0.0,9000.0
22.879526,171.0,0.0,1500.0
4719.819043,2143.73,146.547709,12500.0
1241.565972,3637.75,6419.421654,7000.0
49.198038,699.0,0.0,1800.0
662.691336,0.0,967.59402,1200.0
4587.062248,333.28,77.956377,5000.0
169.639713,1970.49,0.0,12000.0
2823.212665,2814.23,0.0,7500.0
2.880247,250.0,0.0,2000.0
47.193664,132.0,0.0,2500.0
597.628578,1430.0,2091.07342,1500.0
2872.798614,27.16,2692.777044,5000.0
3350.116932,39.8,3907.706693,8000.0
13.221335,108.84,0.0,1500.0
1083.120149,0.0,2426.830138,1200.0
777.616173,0.0,1894.377727,9000.0
122.684019,1267.0,0.0,2500.0
1615.968515,270.0,2592.263468,6000.0
434.099616,4392.05,0.0,6000.0
820.700166,0.0,857.720875,1500.0
7.625765,110.68,0.0,4000.0
1428.118364,119.34,2563.324769,1200.0
1324.038811,1862.96,0.0,4400.0
1190.800122,1864.79,0.0,3000.0
2580.169522,0.0,3912.041656,3000.0
371.866448,2825.85,0.0,10000.0
1280.732187,0.0,395.725602,1500.0
975.416023,9586.1,0.0,12000.0
122.113869,1105.92,0.0,2500.0
1262.631995,405.0,0.0,7000.0
143.553904,1778.76,0.0,7000.0
1037.797184,103.27,475.467016,2500.0
1938.576334,333.54,2738.946605,2000.0
6257.390416,9228.97,0.0,9400.0
14.570032,89.58,0.0,1500.0
39.241601,199.56,0.0,3000.0
871.499977,20.0,197.024597,2000.0
180.750232,266.64,95.285453,3500.0
4107.157763,279.71,9337.271222,5000.0
58.313733,499.0,0.0,1500.0
5665.802895,0.0,10507.87257,10500.0
1340.671346,0.0,244.036318,1500.0
43.762299,422.24,0.0,3000.0
111.449845,1389.94,0.0,1300.0
138.489138,1455.68,0.0,500.0
70.976464,0.0,1880.659305,1000.0
49.378783,542.34,0.0,2700.0
4295.964134,0.0,4505.063338,7500.0
1017.071792,0.0,4310.221199,4500.0
138.459191,327.94,0.0,5000.0
289.537597,1216.7,0.0,5000.0
74.755978,553.7,0.0,1000.0
16.59641,220.48,0.0,5000.0
51.004807,431.93,0.0,4000.0
1489.224372,1209.56,0.0,12500.0
57.70484,772.46,0.0,4000.0
99.446029,0.0,1045.066588,1200.0
186.054174,2126.81,0.0,7000.0
2948.447663,0.0,1539.285222,3000.0
127.895284,1085.16,0.0,1000.0
18.014226,130.5,0.0,1500.0
6.86049,114.0,0.0,2000.0
1908.569743,0.0,4604.425401,5400.0
437.735369,483.65,0.0,6000.0
1245.976021,0.0,615.715834,1800.0
1019.133646,9249.73,0.0,9000.0
1844.889665,1848.24,0.0,3400.0
952.431767,3882.65,2101.942774,3500.0
1848.758853,3588.13,0.0,6700.0
1181.852384,750.78,18.531069,1200.0
382.870641,2972.92,0.0,1200.0
1459.803597,0.0,218.234292,1500.0
162.972111,1586.6,110.671623,2500.0
1396.214811,3729.35,536.658419,2500.0
225.282024,545.68,0.0,6500.0
454.552808,0.0,1091.832836,1200.0
1785.90226,0.0,129.421992,1800.0
535.291589,824.61,0.0,4000.0
6.697211,64.69,0.0,10500.0
5.377296,69.0,0.0,2000.0
4020.130769,79.62,5457.123658,9500.0
1117.33657,0.0,99.315429,1200.0
15.848963,150.0,0.0,1600.0
900.541751,15.8,0.0,7000.0
2544.378002,1108.54,0.0,3000.0
1852.646433,2600.0,3481.132679,6000.0
0.0,0.0,465.571691,3000.0
581.24856,556.83,0.0,1500.0
504.409631,338.9,0.0,2500.0
142.430458,1488.84,0.0,5000.0
7057.524237,2761.76,2317.636143,7000.0
958.920206,66.7,0.0,1000.0
15.257465,238.25,0.0,3000.0
0.009684,79.24,0.0,6000.0
385.763111,232.93,0.0,2500.0
1780.188356,845.67,4137.170984,2500.0
1.841583,67.5,0.0,2500.0
1839.122533,1055.32,3780.152602,6500.0
15.008041,108.95,0.0,1500.0
2106.417286,2151.93,0.0,4200.0
2676.263845,0.0,2328.859489,3500.0
500.219415,27.05,0.0,1200.0
4128.31155,0.0,1674.401635,5000.0
1018.350846,0.0,716.818927,3000.0
10.678354,50.0,0.0,3000.0
1273.731635,0.0,534.228453,1500.0
58.12945,576.0,0.0,1500.0
153.637431,1495.41,0.0,4500.0
1667.146414,4343.82,0.0,7500.0
1648.701838,740.7,0.0,2500.0
15.330559,144.64,0.0,1000.0
5772.250286,255.25,2969.93596,6500.0
73.704935,554.67,0.0,4000.0
2933.068755,0.0,7542.177658,10000.0
1421.419262,1669.2,0.0,8500.0
424.938385,4060.58,0.0,7500.0
1033.371763,2361.97,365.689536,3000.0
0.0,120.0,0.0,4000.0
5861.100691,64.71,9799.529884,9000.0
3987.467435,146.53,2665.355738,6000.0
1606.56766,0.0,1173.530445,4500.0
1630.991993,578.9,145.230653,2500.0
95.887902,769.0,0.0,4000.0
1804.401706,40.0,2392.281584,2500.0
1447.267049,0.0,77.866868,1500.0
1268.250294,167.0,1141.77504,1800.0
668.291862,248.77,0.0,1500.0
50.853021,428.75,0.0,8000.0
241.001768,1888.88,0.0,1000.0
157.763858,211.07,0.0,1400.0
724.854858,185.63,321.127263,1300.0
147.527826,0.0,291.423252,1200.0
581.916416,5723.9,0.0,7500.0
5292.264382,0.0,3383.299741,8000.0
2762.536531,0.0,478.933445,3000.0
273.429593,8534.58,0.0,5000.0
12.039121,274.98,0.0,1500.0
1451.993504,0.0,1739.998495,2000.0
90.017392,1247.39,0.0,5000.0
0.920339,343.4,0.0,3000.0
1071.748626,0.0,567.817662,3500.0
303.929544,0.0,1120.769857,1200.0
1938.648722,0.0,2548.837078,6000.0
79.432369,799.83,0.0,3000.0
670.885072,341.9,294.185703,4000.0
1494.69695,0.0,3020.521475,3000.0
114.361988,2141.32,0.0,6500.0
2002.429291,3500.03,0.0,6000.0
2135.646123,114.0,0.0,8000.0
943.584041,103.0,0.0,1000.0
4785.789559,0.0,8422.554694,9500.0
1436.996287,0.0,73.568388,1500.0
5.313086,71.75,0.0,3000.0
365.48242,1618.31,0.0,1000.0
322.383609,2903.17,0.0,4000.0
3497.200665,1350.13,1938.008846,4000.0
3720.59375,345.0,2529.303126,4500.0
5598.352813,0.0,2698.171001,6000.0
0.0,933.75,0.0,4000.0
2.777589,0.0,135.339466,3000.0
3362.979048,90.0,2093.951054,5000.0
563.459762,420.06,765.914966,1200.0
31.980197,300.0,0.0,7500.0
1964.369476,0.0,2706.493856,3000.0
740.704213,1311.76,0.0,3500.0
991.949111,945.43,0.0,1500.0
37.615084,229.5,0.0,6000.0
2266.220776,125.32,434.011893,3000.0
262.25861,2269.74,292.97442,3000.0
14.5923,200.4,0.0,4000.0
833.541256,0.0,1422.637361,2500.0
116.172752,0.0,1867.994674,3000.0
478.520473,768.96,2604.390666,5000.0
1018.811119,3137.2,0.0,6500.0
2827.367195,678.32,175.567183,3000.0
1529.318797,678.44,36.989392,1500.0
2670.123456,3103.57,3780.101366,7500.0
481.961018,967.23,6718.127621,1400.0
72.087172,607.36,0.0,5500.0
87.887472,1282.73,0.0,3500.0
5194.184491,73.42,1101.178394,9500.0
216.705656,1442.9,0.0,4000.0
18.400472,0.0,186.853063,3000.0
5829.92767,0.0,306.064982,6500.0
830.51605,1059.04,0.0,3000.0
88.012898,975.0,0.0,2725.0
77.523872,325.0,117.402685,6500.0
8073.052656,2588.69,1857.729049,11500.0
72.76697,0.0,952.855308,2500.0
8.285344,72.52,0.0,3000.0
1207.768239,0.0,944.367262,1200.0
470.593325,6743.31,0.0,3200.0
1915.675716,855.27,0.0,6200.0
1283.81226,166.9,959.09202,1200.0
1322.579742,453.0,0.0,1800.0
1753.27998,245.85,468.567126,1800.0
1663.492233,3415.39,4152.202096,8500.0
528.651164,4978.23,0.0,6000.0
6.226972,54.0,0.0,3000.0
2517.38247,320.0,2357.815693,2500.0
1453.608861,4656.79,0.0,11500.0
1002.93543,1056.33,0.0,2200.0
1344.982445,224.54,0.0,1500.0
50.366106,507.57,0.0,6000.0
3570.596193,150.46,3381.913668,6500.0
4364.016237,2711.9,908.150316,9500.0
1207.320442,359.0,0.0,3000.0
138.537976,987.45,0.0,3000.0
1155.338824,5744.03,0.0,6000.0
30.327329,284.34,0.0,1200.0
30.692503,205.06,0.0,4500.0
805.368458,0.0,1257.626787,1000.0
638.163467,1202.72,716.190021,3000.0
264.869295,940.0,0.0,6000.0
576.890374,1081.0,0.0,6000.0
27.17079,275.0,0.0,3000.0
2292.952733,0.0,523.015459,2500.0
3830.603522,1257.16,2929.077889,7500.0
690.625555,666.6,0.0,6000.0
566.477136,5370.39,0.0,5700.0
1158.01315,170.0,299.89919,1200.0
145.320241,530.81,0.0,5500.0
3619.986054,0.0,1483.6368,13000.0
118.941982,1250.0,0.0,3000.0
1793.954788,0.0,93.199729,2500.0
186.020599,269.85,1115.885225,2000.0
1414.47232,331.52,57.691122,7500.0
385.841997,24.63,0.0,4500.0
306.539753,2684.5,0.0,6000.0
12.132712,244.18,0.0,2500.0
330.068448,2441.21,0.0,1500.0
1121.018433,0.0,410.041428,1500.0
133.957441,128.5,357.492328,1500.0
1057.699883,229.74,768.99315,1500.0
7907.725211,1685.19,8253.390661,18500.0
61.159113,981.49,0.0,7000.0
1191.749595,0.0,1242.647518,2500.0
15.577506,143.76,0.0,1000.0
2.641101,9.68,0.0,8000.0
4060.710208,22500.0,0.0,23000.0
909.846336,590.0,1557.373205,2500.0
894.357857,1164.0,0.0,2000.0
801.703734,387.77,0.0,2500.0
267.253822,2326.71,457.383814,16000.0
291.598301,0.0,1118.361104,3000.0
660.468854,0.0,1334.235174,1700.0
128.365782,1003.2,0.0,7000.0
3267.962664,1910.51,0.0,3000.0
437.609832,0.0,1340.127945,1200.0
2701.540547,0.0,932.369762,3000.0
2427.756294,0.0,2995.177193,5000.0
239.101942,750.0,1299.253842,6500.0
1500.810722,2340.87,0.0,5500.0
3425.949762,0.0,2601.134743,4000.0
103.792136,1607.84,0.0,7000.0
1621.345326,5167.6,0.0,5000.0
250.258381,486.94,1131.986387,4500.0
663.394569,1208.7,0.0,1500.0
96.820999,928.53,148.450478,3000.0
636.142309,4659.65,0.0,6000.0
16115.5964,684.74,4354.002428,18000.0
5238.915225,270.0,2706.554295,6000.0
2172.893325,416.74,0.0,3000.0
1143.333419,0.0,267.402242,2500.0
1595.980444,0.0,138.761295,2400.0
288.097302,2622.6,0.0,450.0
7268.70638,306.91,12702.4277,12000.0
15.449607,574.75,0.0,1000.0
1903.274531,1813.4,3795.101004,4000.0
1102.63215,1409.31,0.0,8500.0
21.881383,123.48,0.0,1500.0
2.585715,70.0,0.0,2000.0
1182.28075,0.0,19.326352,1200.0
66.842287,908.34,0.0,6500.0
4476.634442,0.0,6118.973106,6000.0
6069.720873,0.0,3189.058341,12000.0
536.027158,0.0,1057.951828,1200.0
5044.179003,966.6,774.254505,4500.0
97.16839,1639.92,0.0,2150.0
1339.008889,0.0,1982.368623,2500.0
2786.743524,231.63,0.0,3000.0
28.413136,215.94,0.0,4000.0
37.261373,498.65,0.0,7000.0
11.116861,168.0,0.0,5500.0
6.420394,136.72,0.0,2500.0
135.856693,843.95,0.0,1200.0
13.792103,600.0,0.0,4500.0
2116.845833,898.34,256.376109,2500.0
135.794123,880.28,0.0,6000.0
243.182403,2687.48,0.0,5500.0
7468.01201,1569.41,4500.288676,8700.0
7395.88757,0.0,4507.523293,8500.0
364.219107,142.52,654.345476,2500.0
53.173349,60.0,277.129953,1200.0
1173.949821,785.69,0.0,1200.0
1543.205532,1027.57,0.0,6000.0
467.345479,46.74,0.0,2500.0
303.054817,894.4,0.0,4000.0
5481.738308,0.0,8896.92309,9000.0
1952.189994,297.59,55.219714,2500.0
0.0,54.85,0.0,5000.0
19.962737,287.4,0.0,3000.0
1773.484195,0.0,1578.889669,3000.0
1734.688041,0.0,158.851964,1800.0
927.294609,364.74,0.0,1000.0
1248.193121,40.13,0.0,1750.0
467.287934,4327.92,0.0,3000.0
1450.959629,0.0,3419.81768,4000.0
34.195309,211.56,0.0,1000.0
3028.512053,0.0,353.51025,3000.0
886.65747,1440.48,0.0,1800.0
692.529504,404.0,0.0,6400.0
952.952011,39.58,663.05871,1800.0
2056.866139,3373.7,0.0,7000.0
566.928754,903.0,0.0,1500.0
1395.907515,962.12,0.0,1600.0
18.606861,302.5,0.0,3000.0
8419.737786,3050.48,2127.489462,12300.0
5.168354,69.0,0.0,5000.0
7030.446043,3747.12,266.710051,14000.0
7091.028361,0.0,2137.809373,8500.0
1478.552756,479.1,901.677781,4500.0
985.457755,672.31,0.0,2500.0
767.708957,1730.6,0.0,4000.0
8670.048011,0.0,7738.744823,12500.0
26.767358,190.0,0.0,1200.0
878.010252,4085.23,0.0,20000.0
2409.236843,990.15,0.0,8000.0
2891.678357,0.0,7981.152983,10000.0
21.409828,149.71,0.0,1500.0
1268.584315,1835.93,674.180105,1200.0
3509.710886,0.0,3448.87085,6000.0
2.566385,0.0,294.434643,1300.0
879.987974,1517.56,0.0,1700.0
868.331112,1167.15,748.152104,3000.0
3093.592745,47.69,1438.951061,4100.0
1879.694262,832.67,0.0,2000.0
6372.182817,22101.78,19513.47483,7500.0
1235.224095,637.28,0.0,1500.0
4800.168978,0.0,4491.730795,9000.0
704.910363,500.5,851.158327,1200.0
1340.551352,427.96,618.344755,1500.0
923.977036,0.0,6616.555691,2500.0
182.171771,270.65,0.0,1000.0
22.689289,360.6,0.0,4500.0
1184.971992,0.0,4743.715012,3000.0
4375.764064,1016.41,252.583938,10000.0
444.519756,302.4,1955.504366,3000.0
1383.72609,0.0,148.185304,1500.0
4738.804194,0.0,3814.313134,7000.0
389.835298,0.0,2101.740346,3000.0
455.452678,1301.25,0.0,1500.0
658.6552,629.99,0.0,6000.0
5058.555256,0.0,2915.339463,7000.0
42.51225,523.15,0.0,2000.0
21.187313,319.41,0.0,6000.0
570.552082,3179.69,0.0,5000.0
3.319222,47.05,0.0,1900.0
2899.781468,223.62,507.263645,3000.0
1278.829156,0.0,2425.727213,4000.0
1368.906278,0.0,5809.802917,6000.0
1859.165344,0.0,1543.160715,3500.0
1413.865738,313.03,1405.693267,1800.0
205.409896,0.0,1903.840296,1500.0
2527.531968,720.16,4783.105548,3000.0
1022.71734,120.09,0.0,2500.0
3078.059784,0.0,4403.683518,6000.0
1064.308102,1067.32,3608.38187,6000.0
1204.686047,0.0,2212.929045,3500.0
40.247238,0.0,909.480894,1500.0
2722.600219,0.0,234.473649,3000.0
90.953335,921.02,0.0,2500.0
165.721899,231.51,0.0,4300.0
738.656748,0.0,1417.01143,3000.0
3182.968599,2502.46,1837.023964,5500.0
44.586199,413.7,0.0,2500.0
3221.105151,3447.55,0.0,9500.0
45.869314,0.0,566.943998,4500.0
2089.997028,2576.0,0.0,5700.0
2017.314401,4311.85,0.0,12000.0
1719.048074,2115.79,0.0,9000.0
875.649126,0.0,748.125667,1200.0
268.82613,0.0,2793.801452,6000.0
1906.283349,4016.42,0.0,8000.0
2686.595082,282.52,0.0,3000.0
99.508886,248.72,198.923306,1500.0
1038.573059,1023.76,0.0,1600.0
5678.479456,0.0,2677.463375,9500.0
788.5958,3858.06,974.547645,7050.0
2933.387442,0.0,3317.250842,6500.0
1322.005771,0.0,159.292225,1500.0
286.686616,0.0,3742.712482,4000.0
485.507827,0.0,455.227731,2000.0
216.716507,0.0,810.792285,1800.0
239.446482,0.0,698.096182,2000.0
91.861479,939.51,0.0,3000.0
27.716642,0.0,480.104401,5000.0
1030.914048,1083.44,1342.617687,1200.0
391.755763,575.72,0.0,10500.0
126.279615,1307.52,0.0,6000.0
1193.708983,6643.71,0.0,12500.0
6958.239974,0.0,3482.699506,7500.0
5965.535557,0.0,419.177619,6000.0
1039.256129,618.75,0.0,1700.0
94.110539,1090.19,0.0,7000.0
293.118363,368.91,683.536421,1800.0
2206.463745,1945.82,194.73579,9000.0
39.554197,353.9,0.0,2500.0
237.435762,1270.32,438.420213,1800.0
38.160715,340.0,0.0,5000.0
28.593511,258.32,0.0,4000.0
1597.679284,272.4,0.0,1550.0
1140.91813,0.0,1531.176754,1800.0
1458.775165,0.0,1759.295218,3500.0
2.307336,0.0,28.443974,3000.0
1173.112709,823.05,1000.869648,1500.0
287.817221,360.0,0.0,3000.0
3.894895,182.49,0.0,1500.0
2377.537394,0.0,2420.59067,5000.0
4694.671605,0.0,4174.716471,12000.0
30.072702,461.99,0.0,6000.0
44.538702,916.67,0.0,1500.0
28.349518,235.0,0.0,6000.0
557.277303,3739.78,0.0,1500.0
1919.099019,240.27,2116.077457,3200.0
4837.835705,1283.4,6312.335558,4500.0
226.34624,2206.74,0.0,10000.0
2269.073907,284.9,490.612381,6000.0
588.618641,0.0,36.769821,1200.0
5825.38367,3426.12,570.064013,17000.0
2267.664008,0.0,76.590404,2500.0
2514.170127,87.28,1863.759832,5000.0
2354.125834,5351.58,156.148653,10000.0
616.570241,5788.81,0.0,7000.0
153.679036,181.81,0.0,1500.0
417.898933,1735.17,649.936157,2500.0
810.089776,1428.89,0.0,2500.0
450.746858,194.1,345.734661,600.0
21.441736,197.62,0.0,4000.0
8978.156324,482.88,72.44379,9500.0
1669.992809,91.84,1680.871074,4400.0
957.010021,604.8,901.754709,1000.0
249.489629,0.0,3689.517625,6000.0
12.886661,1437.15,0.0,2700.0
1502.517905,266.64,0.0,1500.0
2287.486277,0.0,2705.094894,3000.0
184.890347,1686.86,0.0,6000.0
2122.821694,255.34,1331.769584,5000.0
1097.28593,0.0,37.643261,1200.0
114.523682,83.0,69.22803,300.0
298.779514,1205.85,0.0,3000.0
2306.698723,12784.51,191.652876,6200.0
8.838114,1003.66,0.0,2500.0
1710.971649,2042.5,0.0,9500.0
742.730997,6236.64,0.0,3750.0
1625.118547,2908.35,1029.560342,3500.0
358.915537,0.0,709.485501,6400.0
1060.420992,480.22,0.0,4200.0
1047.854274,384.0,0.0,1000.0
842.600625,0.0,679.67338,1200.0
2344.19277,0.0,1517.268703,3000.0
352.736999,1833.9,0.0,2500.0
1643.215639,0.0,2493.498137,2500.0
1638.42534,0.0,37.921481,1800.0
855.571897,71.13,1343.021655,1500.0
2893.897487,18.0,3904.514452,6000.0
19.766484,197.48,0.0,16000.0
16304.88925,1770.57,7424.094447,19000.0
5825.2877,230.0,1909.594385,7000.0
753.518771,1737.87,947.957969,2500.0
40.074484,423.37,0.0,7000.0
765.966137,1488.82,0.0,4000.0
2594.878719,160.0,3095.18013,9500.0
91.655431,1110.01,0.0,6000.0
1127.643812,14454.98,0.0,9000.0
1.874969,433.32,0.0,2000.0
4241.864828,225.08,2842.771908,5000.0
287.565501,472.32,1785.926136,1000.0
5604.357612,0.0,6067.586592,6500.0
345.75483,3125.03,0.0,5500.0
56.872544,748.36,0.0,4000.0
471.104779,0.0,58.192353,500.0
11.944853,88.93,0.0,2750.0
4276.929643,298.0,7635.621091,8000.0
1768.589163,63.7,0.0,2000.0
714.813335,1110.42,0.0,2200.0
1222.745469,0.0,5396.550576,6000.0
70.794108,0.0,211.854586,150.0
67.72881,869.48,0.0,3000.0
1455.904478,149.0,1991.844526,2200.0
309.491763,0.0,3497.519958,4000.0
635.48213,1481.24,0.0,6000.0
2475.507619,569.85,1909.470528,5000.0
6976.34614,2552.1,377.85546,9000.0
3767.546906,3545.56,1841.555758,9000.0
182.854647,1978.87,0.0,6000.0
14.571059,180.5,0.0,6000.0
10.035492,0.0,139.113927,1000.0
2584.617366,0.0,385.424519,3000.0
3857.278468,0.0,1238.047916,4000.0
374.101774,1283.36,0.0,1800.0
1696.302382,0.0,1578.159867,3000.0
760.884589,2940.79,103.179579,11500.0
269.406382,2629.96,0.0,2200.0
2948.966018,4129.97,451.62219,5000.0
130.142888,0.0,435.228353,3000.0
449.026889,313.2,0.0,1000.0
2556.292783,0.0,226.369362,6000.0
3031.933707,2000.6,0.0,6500.0
26.982025,237.6,0.0,2500.0
1866.428342,3306.06,0.0,5000.0
2059.035678,0.0,387.757647,2500.0
30.395073,512.47,0.0,7000.0
91.266202,701.59,0.0,3200.0
76.673877,410.9,0.0,1500.0
200.574081,675.9,0.0,7500.0
0.0,350.48,0.0,2700.0
1078.3009,0.0,1537.88642,1500.0
633.209696,1625.01,0.0,2500.0
26.296743,417.0,0.0,6500.0
16.727614,128.0,0.0,5000.0
882.715792,120.0,322.935862,1000.0
1540.077454,0.0,3490.330397,4000.0
10495.73934,5038.27,0.0,14500.0
2182.752161,3216.97,5594.061996,10000.0
177.822533,0.0,212.597424,3000.0
3127.073601,4468.44,0.0,4500.0
924.170798,1663.77,3718.276337,3000.0
750.528885,1384.79,0.0,1800.0
701.135691,1004.04,181.874234,3000.0
21.960773,175.45,0.0,1500.0
1175.922628,14.72,79.252166,1200.0
4612.147149,0.0,2260.623056,6500.0
19.928467,310.64,0.0,9000.0
26.157304,318.41,0.0,5000.0
13.99841,94.86,0.0,1500.0
1594.328636,0.0,2880.609563,3000.0
37.050529,367.17,0.0,2000.0
844.230511,615.0,0.0,1500.0
1228.170181,817.94,0.0,1500.0
1727.699797,0.0,414.072507,2000.0
1306.735189,0.0,256.361633,5500.0
5182.092727,3183.43,445.337568,6000.0
756.573198,1056.64,548.067443,1800.0
1727.516892,624.46,0.0,1800.0
1441.404242,0.0,7313.203925,8000.0
1032.823341,1540.06,0.0,4000.0
1623.176564,0.0,3478.643597,3000.0
1602.425383,0.0,1770.282273,2500.0
14.593148,158.7,0.0,5200.0
20.700474,94.98,0.0,1000.0
3467.619262,468.49,2493.180667,4000.0
212.84035,1944.48,0.0,6000.0
387.449138,253.7,0.0,3000.0
2901.999862,11250.65,0.0,9500.0
828.013302,126.48,0.0,3000.0
884.16375,823.52,0.0,1500.0
71.186651,1500.0,0.0,3000.0
1167.254965,499.92,0.0,1200.0
6090.22908,1583.23,8983.561279,7000.0
2986.070256,178.9,1948.211838,10000.0
74.277994,795.57,0.0,5000.0
79.222393,994.96,0.0,3500.0
997.98763,952.29,274.949525,1200.0
8737.860241,0.0,5424.78258,10500.0
2236.176309,1114.43,0.0,9000.0
2932.136377,0.0,1866.470014,3500.0
126.159165,144.9,0.0,450.0
963.467447,720.57,0.0,2600.0
641.02208,0.0,180.321494,1000.0
2638.45383,0.0,262.082802,2900.0
2800.848284,0.0,230.345891,3000.0
921.334338,161.6,18.980421,1500.0
324.831712,0.0,1282.314634,3000.0
144.006679,45.65,0.0,1000.0
1737.967907,249.0,1669.386699,2500.0
266.142747,2109.17,0.0,7000.0
3956.072098,82.0,2113.060571,4500.0
3128.61332,3875.71,0.0,6500.0
2731.319748,0.0,410.837121,3000.0
1478.069308,0.0,37.483718,1500.0
1357.969348,0.0,2903.355319,6000.0
59.32524,527.63,0.0,1000.0
2.71921,0.0,365.729727,6000.0
145.379392,0.0,79.010936,1000.0
730.058174,782.6,0.0,12000.0
1916.067737,0.0,4690.22899,4000.0
204.041606,1173.34,0.0,5000.0
203.62963,0.0,589.991614,3000.0
9166.016365,0.0,2911.322626,10500.0
1371.015868,180.0,0.0,3000.0
218.35043,54.25,0.0,500.0
89.579737,1174.59,0.0,12500.0
665.786437,5634.56,0.0,5200.0
0.298538,510.0,0.0,6500.0
9.052765,172.0,0.0,6000.0
1631.603874,0.0,831.780875,1800.0
501.360034,107.27,0.0,7500.0
672.84733,1969.47,0.0,5500.0
1308.128024,623.03,0.0,1500.0
29.929842,259.59,0.0,2500.0
8894.553534,476.84,6098.490836,12000.0
40.778677,100.98,0.0,400.0
46.816731,539.88,0.0,6000.0
18.430156,342.5,0.0,6000.0
1393.098681,353.43,1465.018056,1500.0
64.03101,646.5,0.0,1500.0
47.783061,0.0,545.183508,3000.0
425.549034,151.68,0.0,1000.0
907.371097,55.65,0.0,1000.0
2828.808139,199.0,0.0,8000.0
1372.443049,0.0,3895.022384,2500.0
34.351126,45.65,0.0,1500.0
2997.999455,288.4,931.971634,9000.0
2223.497527,132.28,1380.807166,3000.0
4506.810924,0.0,312.118407,5000.0
32.290778,1185.34,0.0,8000.0
1394.245166,684.85,1574.545965,1500.0
433.979083,0.0,2779.963478,1500.0
294.280019,19.9,75.255164,1000.0
356.669878,0.0,390.549563,1200.0
379.198083,40.0,0.0,2900.0
264.051708,63.0,39.762754,5000.0
218.894935,568.34,0.0,3000.0
255.628716,2525.88,0.0,6000.0
2584.317807,0.0,6036.492283,3000.0
1283.560983,0.0,871.427059,4000.0
7.634737,61.26,0.0,4000.0
2091.627351,4361.04,4224.133411,2500.0
31.299159,185.13,0.0,3000.0
520.521822,820.29,0.0,6000.0
95.162463,1000.0,0.0,11500.0
1930.738051,0.0,2396.848186,2500.0
880.259646,831.52,0.0,1200.0
1593.655423,358.7,618.455892,2000.0
31.303174,322.41,0.0,1500.0
4628.109931,912.54,0.0,5000.0
7.992356,196.66,0.0,7000.0
16.646768,135.28,0.0,4000.0
356.883731,929.29,0.0,1200.0
1706.846933,1000.0,2022.36136,2500.0
3842.454902,0.0,6381.534619,6500.0
66.296517,56.44,0.0,1500.0
35.771638,443.04,0.0,1500.0
2431.019916,729.82,2555.909872,3500.0
5585.30457,515.28,656.485086,6000.0
897.877807,1758.75,2557.126189,6000.0
0.734665,254.23,0.0,1500.0
1163.135011,0.0,884.506039,1200.0
225.404563,2424.34,0.0,7500.0
1298.539837,42.56,0.0,1500.0
59.614155,438.0,0.0,1500.0
2648.784405,6697.57,0.0,8200.0
391.673369,1944.64,0.0,6000.0
1190.007646,0.0,1491.137439,1500.0
152.255187,894.28,0.0,4000.0
269.966481,0.0,1579.555134,3000.0
4539.839383,384.0,74.101229,5000.0
25.383911,401.16,0.0,2500.0
964.386954,0.0,1852.449594,3200.0
121.671833,540.0,0.0,1800.0
337.269093,0.0,149.696598,1200.0
92.902071,812.74,0.0,4000.0
1422.3042,0.0,115.324837,3000.0
6.542818,178.0,0.0,1500.0
80.198389,981.75,0.0,1000.0
153.377124,2048.5,0.0,7000.0
445.179998,0.0,58.770943,500.0
26.572803,277.33,0.0,6000.0
1337.133737,0.0,73.354616,1500.0
487.723632,0.0,978.210005,1500.0
2487.42306,113.25,512.570394,2500.0
4.966985,59.34,0.0,2000.0
171.267988,2062.67,0.0,7500.0
845.930093,2384.15,1950.164327,2500.0
1380.729836,145.94,589.017161,1800.0
97.064177,863.97,0.0,7000.0
930.322044,444.96,0.0,1000.0
126.169985,1155.0,0.0,3900.0
832.183808,0.0,1991.951203,2500.0
253.367476,626.69,0.0,1500.0
2111.244939,147.12,1578.669085,6500.0
1450.649137,0.0,1782.155586,4000.0
4593.098361,0.0,6944.484735,7000.0
3598.913061,53.13,2767.233925,6000.0
106.390419,1038.38,0.0,6000.0
82.476563,637.44,0.0,4000.0
117.324773,1101.0,0.0,7500.0
16.34663,267.06,0.0,1000.0
2447.62454,116.16,729.174169,7500.0
1421.787032,0.0,2017.846783,1500.0
1219.143484,0.0,1893.219765,2000.0
2456.499396,4791.33,0.0,6500.0
59.064314,686.0,0.0,3000.0
1042.614416,0.0,119.716756,1200.0
6851.39075,4004.0,10616.27014,7500.0
3871.433675,0.0,975.139233,9500.0
646.398621,839.05,0.0,4500.0
802.086509,2008.98,0.0,4500.0
3881.679582,15.92,2183.782456,5500.0
7886.777059,0.0,12876.04361,12000.0
1466.852542,543.58,0.0,2500.0
47.162463,1276.72,0.0,6000.0
525.918697,522.2,1748.234165,2500.0
2466.452707,118.72,0.0,5000.0
1184.120178,69.49,1719.993551,1400.0
1084.649802,0.0,708.865975,1500.0
1414.422361,90.03,0.0,1500.0
79.470417,601.84,0.0,7500.0
170.086639,1218.11,0.0,6000.0
585.537233,178.0,723.138529,1000.0
124.506347,1194.54,0.0,7500.0
7834.073316,239.58,5160.785017,12000.0
1079.097023,247.44,0.0,1200.0
1761.69297,0.0,950.448895,2000.0
1874.572121,0.0,1359.837109,2500.0
10243.14763,0.0,4501.06755,13000.0
812.317275,404.91,0.0,1000.0
511.825603,362.48,0.0,2000.0
1427.42297,61.0,4327.398235,9000.0
4932.396527,0.0,245.596578,6000.0
275.470825,2967.42,0.0,3500.0
55.539236,201.27,0.0,7500.0
403.816601,3431.0,0.0,10000.0
1799.320009,0.0,872.408101,2000.0
1821.024103,0.0,323.218285,1800.0
0.892901,492.0,0.0,7500.0
1267.621753,107.05,0.0,4000.0
1201.204437,117.89,0.0,1200.0
1343.200147,848.53,0.0,5500.0
626.359675,2102.13,1578.03608,1000.0
644.987222,0.0,1059.025424,1200.0
1474.532261,106.0,36.308611,3000.0
6241.937842,0.0,11071.93364,12000.0
11.566281,148.56,0.0,1500.0
741.05358,0.0,37.527333,1200.0
48.660932,651.08,0.0,3500.0
1139.691004,117.0,0.0,1200.0
1207.465786,125.0,0.0,1800.0
3160.087236,0.0,757.003109,8000.0
1184.723988,373.44,0.0,12000.0
561.346036,4430.12,80.614627,4500.0
0.0,1021.56,0.0,3000.0
3200.184366,0.0,2139.707578,5000.0
408.724408,89.39,108.912198,3000.0
18.98265,327.37,0.0,6500.0
986.828539,417.25,778.725777,1200.0
3144.690403,865.94,0.0,3500.0
202.08047,190.96,0.0,1000.0
371.896615,332.0,850.393519,2500.0
4450.957226,8445.96,0.0,6500.0
2754.041187,132.0,2959.646926,5000.0
17.245539,19.5,0.0,1500.0
4940.113918,814.66,908.434086,10000.0
1826.387864,0.0,89.176017,2000.0
793.213204,1011.16,0.0,1000.0
983.363407,275.06,0.0,1000.0
473.807764,546.94,0.0,7000.0
4060.33426,1007.27,2779.207967,9500.0
3007.035526,209.02,2484.069695,6000.0
51.640761,453.24,0.0,5000.0
1.864427,0.0,93.468447,1800.0
57.657781,587.25,0.0,1000.0
1876.872139,0.0,741.088191,2300.0
1496.172117,0.0,1357.679075,6500.0
3120.25648,339.96,3585.834892,8000.0
0.0,102.72,0.0,1500.0
4646.574386,773.22,0.0,4900.0
6223.173969,0.0,3607.876623,7500.0
269.816561,1965.95,0.0,5500.0
1851.622011,200.0,152.692363,2000.0
10.334498,62.36,0.0,1800.0
434.729411,1486.5,392.060381,3700.0
5938.788939,3394.94,0.0,12000.0
766.491179,799.92,0.0,5200.0
4735.107991,0.0,2934.049373,6000.0
1530.29332,256.69,3271.076793,4000.0
261.946133,1215.64,0.0,6500.0
0.288293,0.0,606.18161,2000.0
1922.172543,0.0,1810.839188,2000.0
1101.328772,0.0,3061.014837,3000.0
1459.534846,0.0,1275.554446,5500.0
2882.431664,0.0,130.714887,3000.0
396.890847,3943.97,0.0,7500.0
866.363389,4127.83,0.0,7500.0
434.932876,933.8,0.0,2700.0
3830.916541,4065.66,2411.584248,5000.0
36.412211,343.56,0.0,2000.0
69.722927,947.72,0.0,1200.0
45.160837,0.0,79.46115,6500.0
1295.733461,705.84,0.0,1500.0
2421.144942,2685.48,92.6579,4500.0
212.306148,0.7,1922.5936,3500.0
2716.981814,0.0,1486.243293,8000.0
2837.833628,5541.87,855.232779,6500.0
7.310526,70.0,0.0,5000.0
4322.806448,220.5,3767.104707,11000.0
1105.969915,0.0,291.608512,1200.0
994.231031,487.6,38.690552,1000.0
11.896546,86.0,0.0,8000.0
1114.38403,1956.43,521.664369,1800.0
860.268175,0.0,1974.202963,2500.0
4389.759633,473.74,2462.100789,4500.0
4672.628863,483.02,1168.493188,8500.0
1649.174527,0.0,364.489187,10000.0
179.765708,1628.62,0.0,5000.0
406.707189,0.0,211.485981,5000.0
323.801713,0.0,1430.485333,1500.0
170.49564,2581.01,0.0,4000.0
8038.893195,0.0,197.915586,9000.0
649.896506,4919.76,191.376535,6500.0
4081.115283,1133.98,495.425832,8500.0
2551.808695,179.9,196.095144,3000.0
4.652161,398.64,0.0,2000.0
2569.237357,0.0,498.667849,2500.0
338.310239,2855.04,0.0,6000.0
1541.047251,100.0,0.0,7000.0
2886.330537,0.0,275.617952,3000.0
2659.823914,3384.83,0.0,5700.0
428.532479,0.0,2039.234459,9000.0
579.57472,1337.5,1059.31576,1500.0
7969.504857,0.0,4714.040663,11500.0
350.306089,0.0,1438.822819,1500.0
1150.307564,1189.04,0.0,15000.0
1613.502125,65.6,0.0,5000.0
1906.67771,486.27,0.0,2000.0
399.988157,5277.77,0.0,6000.0
1196.183155,166.8,0.0,7000.0
89.165814,724.0,0.0,1000.0
4707.223656,896.46,5740.678318,6500.0
1111.811966,0.0,2028.487118,2000.0
517.574276,4235.28,0.0,2800.0
1783.266003,129.05,1412.345077,2000.0
5429.372649,493.1,0.0,12000.0
92.007959,1265.58,0.0,5700.0
5172.929286,3030.33,5573.357964,7500.0
33.04593,204.24,0.0,1500.0
645.515371,756.0,0.0,600.0
23.249635,307.4,0.0,5500.0
3967.453587,10148.7,0.0,9800.0
177.696201,2799.53,0.0,3000.0
204.61438,1410.6,0.0,4000.0
312.928384,0.0,1800.188812,2800.0
3.956222,480.01,0.0,19500.0
1984.636464,0.0,4436.713078,5000.0
282.070933,1926.19,500.865079,7000.0
18.306211,162.01,0.0,7000.0
2092.156291,1372.81,0.0,2250.0
239.055052,892.4,0.0,2100.0
478.530825,0.0,96.176909,500.0
1585.763627,85.69,2649.776206,3000.0
50.82451,456.0,0.0,1000.0
113.36255,1160.35,0.0,5000.0
12.683677,31.68,0.0,4000.0
1.632453,1985.62,0.0,7500.0
26.96054,157.45,0.0,1000.0
86.793633,387.41,0.0,2500.0
13.230057,112.21,0.0,1500.0
2389.347926,382.5,0.0,2500.0
2306.682105,280.0,1708.514116,3000.0
1817.71659,2490.07,153.337299,3400.0
21.494012,417.0,0.0,5000.0
368.980661,1516.42,0.0,10000.0
2408.162021,0.0,615.181965,2500.0
16.135672,50.0,0.0,7000.0
20.447524,306.99,0.0,3000.0
5589.888793,454.36,4441.706964,6600.0
817.059154,0.0,2135.75811,5500.0
94.02407,1099.5,0.0,6000.0
2755.195444,1640.29,809.102975,6200.0
540.691281,0.0,155.663715,2200.0
2713.833113,317.62,225.464718,4500.0
2932.111796,346.32,2631.304016,6000.0
2643.019532,554.38,0.0,8000.0
1196.364009,0.0,1376.669494,1500.0
2.463995,165.8,0.0,700.0
535.278586,704.72,0.0,600.0
5.404443,194.0,0.0,1500.0
1113.954035,87.09,0.0,4500.0
212.25194,0.0,310.679119,300.0
2610.433432,512.5,2771.850961,3000.0
424.809549,1130.0,185.283125,1500.0
1632.895642,0.0,16981.84677,11000.0
483.402486,2723.47,0.0,2000.0
1448.6877,266.52,0.0,1500.0
50.044687,658.96,0.0,2500.0
80.513636,588.2,0.0,3000.0
2963.381127,535.97,38.953008,5000.0
3371.213454,75.0,3827.274455,5500.0
56.060327,13.69,0.0,2900.0
636.20672,1514.8,0.0,1500.0
854.166159,567.68,237.518629,3500.0
13777.37772,0.0,1675.249576,14500.0
912.912728,0.0,1563.920556,1500.0
1694.655764,0.0,58.373936,1700.0
1157.305572,0.0,1195.791823,1200.0
1201.62361,55.4,109.3684,1200.0
1832.521787,0.0,131.233151,2000.0
2912.739062,860.0,8692.205817,7000.0
432.109743,334.48,473.763157,1200.0
1827.688454,137.55,0.0,9500.0
92.239093,1525.1,0.0,4000.0
2.11508,50.0,0.0,1200.0
1082.436807,0.0,1835.406271,1500.0
325.038037,512.16,0.0,2500.0
1700.753811,0.0,624.480873,2000.0
3136.079106,555.0,1728.321044,3500.0
0.0,9.28,0.0,5000.0
319.696908,3884.19,0.0,9000.0
116.418751,1176.0,0.0,2150.0
170.019011,266.6,1199.729121,2500.0
1679.952713,585.39,0.0,1700.0
1476.16609,0.0,1429.734958,3000.0
4611.724712,0.0,2686.074313,6000.0
1039.408368,3838.7,0.0,6500.0
2813.134224,8834.96,0.0,7000.0
245.115749,2690.62,0.0,8000.0
2525.683344,0.0,285.193204,7000.0
112.01654,825.0,0.0,3000.0
121.117428,968.64,0.0,3000.0
299.030773,805.8,0.0,4000.0
2968.476388,185.1,5874.584626,4000.0
3027.570865,0.0,2081.583331,4500.0
6245.256644,539.55,2804.63059,6500.0
394.643543,3770.05,1576.48503,6500.0
617.413726,0.0,1420.758241,2000.0
765.109593,0.0,457.076354,1200.0
2583.247881,1337.35,2484.59465,3000.0
1146.669364,439.08,0.0,1200.0
757.470201,118.7,1520.641388,2000.0
1253.188317,320.34,0.0,1500.0
5058.299635,968.43,4968.817936,8000.0
296.905944,43.25,875.31071,1800.0
1084.652647,0.0,37.460952,1200.0
237.198442,1166.68,0.0,3500.0
1636.518315,542.47,1869.646314,3000.0
1213.551338,941.39,49.747079,7000.0
468.851415,0.0,147.205289,600.0
252.717781,463.34,0.0,4000.0
954.431507,1334.7,90.168062,3000.0
18.105265,244.92,0.0,2500.0
53.583548,553.85,0.0,4200.0
1275.142146,454.72,959.005156,1500.0
151.912258,2216.21,0.0,2500.0
192.942944,1963.25,0.0,8000.0
64.152423,487.0,0.0,500.0
954.060867,279.76,325.076569,1000.0
6022.224462,0.0,4111.465632,7000.0
1631.385579,0.0,1755.575907,3500.0
3803.969016,0.0,2459.259917,5000.0
1084.912729,661.49,107.477606,1800.0
4230.023512,5755.93,0.0,10000.0
2705.899439,0.0,547.055908,8500.0
1044.878512,0.0,168.888837,1200.0
1944.394136,575.88,0.0,4500.0
44.694228,788.99,0.0,5700.0
538.468542,0.0,1766.880842,8000.0
394.423256,434.25,0.0,5450.0
64.180193,602.2,0.0,2500.0
333.085021,980.0,0.0,1000.0
4663.039011,3908.26,0.0,9000.0
2589.824766,0.0,4354.657224,3000.0
719.592571,124.13,0.0,3000.0
1473.542308,240.02,0.0,1500.0
1359.527692,92.1,0.0,1500.0
208.039434,684.2,0.0,4000.0
330.673765,33.44,0.0,2400.0
867.938337,0.0,7378.253685,8000.0
9376.987835,0.0,1073.873304,17500.0
1236.088709,0.0,2546.081531,2500.0
288.350729,296.16,1113.678595,1500.0
1776.088454,117.0,139.117692,9000.0
4383.571529,0.0,1805.853456,5000.0
788.425212,94.38,1461.675329,2500.0
440.161534,365.0,0.0,800.0
1994.005447,0.0,1512.2157,6000.0
427.186194,3305.33,0.0,5000.0
137.507638,0.0,94.989817,500.0
1546.414616,0.0,4544.457479,3500.0
222.478614,2360.7,0.0,5000.0
4420.564706,0.0,310.00809,5000.0
46.290578,553.18,0.0,8000.0
1649.383354,2138.34,289.350386,3000.0
5481.094936,249.75,755.925861,6000.0
292.176394,400.04,410.694889,3000.0
701.345445,70.98,0.0,1000.0
101.936878,888.96,0.0,2000.0
2112.383095,0.0,1437.963388,2500.0
2136.215769,1846.03,187.819777,4500.0
1446.080403,0.0,75.50221,1700.0
745.342323,49.25,0.0,1000.0
3249.347926,438.12,2195.21579,5000.0
37.324758,0.0,720.142017,4000.0
1.956658,393.71,0.0,1700.0
2859.393734,0.0,841.853868,3500.0
1070.59508,0.0,54.379041,1200.0
969.583332,0.0,19.587825,2500.0
4.930929,189.72,0.0,1500.0
493.557307,1653.34,1949.228028,2500.0
214.592814,0.0,1306.528549,3000.0
4348.546906,3198.15,0.0,6000.0
1986.566642,551.06,2147.863293,2500.0
825.207867,0.0,1270.8469,2500.0
18.906225,143.73,0.0,2500.0
525.3186,1604.97,0.0,1000.0
26.969302,417.7,0.0,2000.0
197.931794,1946.25,0.0,1200.0
4507.000722,7394.18,5424.701791,11000.0
2481.696036,1326.09,2033.191162,3500.0
1978.669021,1224.01,0.0,3500.0
0.0,54.0,0.0,4000.0
481.807171,2331.4,0.0,4500.0
1096.991698,1567.12,0.0,1200.0
600.140869,3488.01,0.0,5000.0
214.699856,440.44,0.0,3000.0
71.160989,317.1,0.0,1000.0
1779.435899,0.0,2131.824562,2000.0
204.166295,2630.52,0.0,4000.0
1120.057407,417.72,1176.894248,2000.0
5366.532372,5251.08,744.096753,11000.0
281.079293,4723.84,0.0,7500.0
18.810493,0.0,189.012877,7500.0
2526.089973,3074.81,911.367983,5500.0
0.0,240.1,0.0,2500.0
2660.23788,0.0,1646.928989,3000.0
6495.510054,716.76,6771.644515,10000.0
1806.895078,223.6,855.065409,2000.0
7.314379,448.74,0.0,3500.0
5005.774991,4837.22,0.0,12500.0
828.913072,2827.49,0.0,3000.0
1363.93317,74.0,0.0,1500.0
0.0,0.0,72.388903,3000.0
463.071288,0.0,1381.989484,1000.0
1764.972148,95.44,0.0,5000.0
2490.340771,2197.28,0.0,4200.0
462.340941,125.0,0.0,500.0
418.937604,1166.24,0.0,7000.0
387.967458,944.49,0.0,1000.0
87.217542,205.46,0.0,1600.0
236.264094,1949.62,0.0,1800.0
550.50988,194.03,0.0,4000.0
951.309137,137.03,1171.933912,1200.0
158.038938,1780.83,0.0,4500.0
327.576438,2352.24,0.0,6500.0
2677.340611,1443.89,0.0,8000.0
2444.389258,0.0,702.838293,2500.0
1226.561937,360.0,7883.54172,2500.0
759.198024,1769.79,0.0,2500.0
1066.830615,509.94,0.0,1000.0
179.29326,217.77,2508.079327,3000.0
0.0,181.0,0.0,2500.0
91.011429,1023.55,0.0,3000.0
624.717922,0.0,1761.331946,1200.0
5478.956337,0.0,2925.736794,6500.0
1363.414177,0.0,56.326164,1500.0
5063.070919,2742.33,367.915403,7500.0
98.46389,1206.38,0.0,6500.0
9749.239122,1552.63,5139.766338,11000.0
677.26162,0.0,1532.532738,1500.0
1540.337706,551.62,0.0,1500.0
528.095171,868.74,0.0,600.0
1095.420541,806.37,1042.684174,2500.0
42.443032,0.0,433.039278,2400.0
2244.345037,2969.3,0.0,9500.0
11.567196,116.97,0.0,2500.0
41.13959,235.0,0.0,3000.0
83.442168,0.0,91.564073,750.0
1096.228243,313.38,0.0,5000.0
173.075416,0.0,1193.999651,1200.0
250.758639,1274.55,0.0,7000.0
118.46707,1643.85,0.0,7000.0
37.765185,158.64,0.0,1500.0
4962.753828,618.4,2555.103715,7000.0
2006.793571,485.92,0.0,4500.0
16.167257,171.9,0.0,1500.0
1343.394224,2604.52,0.0,6000.0
481.20549,1520.98,0.0,6000.0
1132.798883,411.24,0.0,3000.0
398.65758,1331.25,647.982323,6000.0
1103.861429,714.0,0.0,1200.0
6.840439,74.4,0.0,2000.0
857.712196,1224.0,2645.818049,2000.0
50.682705,434.6,0.0,4000.0
415.27608,191.34,0.0,1500.0
2075.314278,588.67,0.0,2500.0
2507.16412,0.0,9577.424422,7500.0
91.623484,179.8,1099.441745,1200.0
122.124272,1052.96,0.0,3000.0
746.9786,2341.08,0.0,2000.0
756.887956,178.0,0.0,1000.0
3176.980384,1079.25,0.0,8500.0
3506.489102,0.0,4467.382055,5000.0
411.172634,2355.24,0.0,4500.0
1827.647786,596.64,449.505151,2000.0
58.239998,556.93,453.660855,4700.0
2113.0036,0.0,3980.387049,7000.0
2771.640602,0.0,2071.167874,4000.0
1194.885664,365.5,0.0,1200.0
2339.150068,502.63,2098.738085,6000.0
2043.78838,0.0,5997.514998,6500.0
150.580574,2697.86,0.0,1200.0
14.042241,92.16,0.0,500.0
1420.727073,0.0,311.804499,1500.0
2560.74396,110.25,3702.475695,10000.0
540.020858,612.23,1708.923217,2000.0
1621.219401,98.4,2745.571593,4000.0
460.56625,864.61,0.0,3000.0
267.668693,2518.37,18.561424,2500.0
2279.807594,0.0,4211.68237,5000.0
1420.065008,0.0,916.054835,3000.0
41.011184,1314.75,0.0,6000.0
5204.383263,0.0,6803.54894,7000.0
778.393346,1854.3,0.0,1200.0
638.772385,2093.15,0.0,1200.0
1455.736956,1171.88,19.619461,3700.0
156.348232,2214.87,376.456319,14500.0
7.331662,90.66,0.0,3000.0
1978.442957,35.94,922.67316,2000.0
605.203304,1279.5,203.148527,1000.0
3855.225836,0.0,1837.620008,7500.0
2503.438106,2001.69,268.761003,3000.0
4028.03648,35.0,0.0,4000.0
2368.013568,0.0,229.104451,2500.0
1299.904896,0.0,4907.783225,2500.0
2369.29723,1020.53,157.020714,2500.0
4417.192123,1149.52,1944.558434,5000.0
1370.317105,1389.28,64.146816,1800.0
53.284869,571.32,0.0,1000.0
47.274973,639.0,0.0,3300.0
9.910791,215.26,0.0,1200.0
1729.618796,3533.46,0.0,5000.0
21.542924,0.0,1087.758564,1200.0
881.358988,4681.26,0.0,7000.0
4.596178,554.16,0.0,1500.0
1258.165394,2821.76,0.0,4500.0
547.484638,1225.96,0.0,1500.0
3215.080388,410.24,0.0,9500.0
1328.483504,1507.26,2554.86412,2000.0
1603.991792,0.0,73.24187,1700.0
82.414018,219.24,0.0,1500.0
6643.187445,202.69,5107.669643,11000.0
161.576879,194.0,0.0,5000.0
17.820255,123.72,0.0,3000.0
1060.022249,200.51,0.0,1200.0
2446.41139,1915.65,4201.060262,8500.0
2212.921154,52.9,2035.862807,3500.0
1484.221941,52.83,3164.677567,3000.0
2161.715499,0.0,2651.876149,3000.0
56.798467,93.1,0.0,2500.0
4183.825982,490.61,178.950075,4500.0
37.890131,483.3,0.0,2500.0
4198.61809,17.3,2845.86846,8954.545455
932.153207,572.64,0.0,1000.0
2905.496627,1390.48,238.324775,7000.0
82.706999,367.67,0.0,4700.0
3504.329825,5313.2,0.0,13000.0
77.087831,311.81,261.469776,4000.0
3.535385,53.95,0.0,1200.0
933.072519,12.4,1085.487045,2500.0
295.680572,0.0,497.548257,2200.0
5314.739322,0.0,3596.09665,8000.0
1531.486784,956.56,1548.653023,4000.0
1196.869653,117.24,0.0,1200.0
4755.943819,3785.85,529.171674,10500.0
970.862162,563.82,0.0,2950.0
2652.663225,331.81,1058.561786,3500.0
1535.201834,0.0,232.041978,2450.0
1672.711195,0.0,442.298324,1800.0
595.870472,990.0,0.0,3000.0
1035.549686,624.0,0.0,1000.0
1043.114756,599.92,0.0,5000.0
3155.155315,0.0,147.664311,3500.0
1051.38615,416.6,0.0,1050.0
8.95956,51.36,0.0,1200.0
556.857438,21.9,0.0,600.0
1276.819142,710.2,742.511085,3700.0
1607.609771,0.0,1007.849308,7000.0
3006.295536,1430.24,0.0,3000.0
502.236778,603.46,0.0,1200.0
1610.282389,0.0,1296.078691,5000.0
44.444599,374.81,0.0,4000.0
1313.003662,810.27,759.000431,1500.0
1433.699563,50.0,0.0,1500.0
2522.93846,394.48,2904.343372,3000.0
4926.540711,226.63,1893.581202,5500.0
987.853328,2599.42,0.0,1800.0
344.288226,146.75,0.0,1500.0
2336.510738,666.64,3230.62576,7000.0
1132.661616,175.0,0.0,1200.0
1969.414463,1322.06,849.366964,5500.0
1142.909141,0.0,2264.495887,2500.0
3269.961382,0.0,1722.645697,4000.0
226.684073,672.48,235.063106,4500.0
635.358243,250.0,0.0,8000.0
629.744788,354.5,3023.321998,5000.0
683.357929,5105.17,0.0,3500.0
857.767403,639.56,0.0,2200.0
71.480312,1178.64,0.0,3200.0
5719.149672,1611.04,5034.877748,9000.0
10.954457,0.0,389.594394,3000.0
1049.109012,200.02,0.0,1000.0
94.106762,1063.22,0.0,7000.0
7845.126724,396.0,11070.56623,12000.0
131.271213,147.26,0.0,1000.0
38.316222,436.75,0.0,3000.0
857.313072,139.16,0.0,1200.0
4.256664,31.25,0.0,1000.0
1912.125318,518.04,6314.938401,3500.0
71.310815,0.0,1849.578078,6000.0
108.889031,1145.85,0.0,5000.0
3.992758,0.0,126.723539,1200.0
7.456966,4.8,0.0,2200.0
51.293355,459.69,0.0,6000.0
637.379659,37.62,0.0,1500.0
472.975295,0.0,1076.323483,1200.0
770.11922,0.0,1085.168416,2500.0
1155.9765,0.0,1115.92003,1500.0
2664.926838,1229.62,0.0,8000.0
281.736996,1100.19,974.050448,5700.0
400.462305,0.0,822.959124,5000.0
1785.562094,0.0,996.904425,1800.0
562.145229,1872.51,0.0,4500.0
7.777595,66.25,0.0,2000.0
5032.709807,0.0,2996.684234,7000.0
2462.416736,1207.3,470.529824,2500.0
330.707721,56.4,1680.231932,4000.0
1472.378275,0.0,2297.002595,4000.0
31.269893,224.81,0.0,1800.0
279.225789,2800.12,0.0,6000.0
347.997266,0.0,1224.607415,4500.0
3405.813447,0.0,634.085316,4000.0
492.040223,17.0,171.814665,600.0
127.992071,593.0,580.391722,2000.0
26.639906,251.19,0.0,1500.0
4169.458982,0.0,2802.840866,5000.0
95.517105,1305.72,0.0,1700.0
2261.132204,0.0,840.32256,2500.0
1930.900813,5616.07,4287.486377,5500.0
2936.600083,0.0,3936.540697,5000.0
475.826042,950.0,0.0,4500.0
145.085902,1284.74,0.0,3000.0
2392.299552,0.0,118.3391,3200.0
0.0,408.38,0.0,6000.0
4652.51827,4042.41,3581.376823,5000.0
1089.351276,595.83,147.306438,2500.0
2269.978054,0.0,3617.843539,3500.0
75.401255,692.94,0.0,4000.0
40.607669,479.0,0.0,2000.0
27.498033,0.0,37.771996,1000.0
1253.290131,138.0,0.0,9000.0
0.0,140.04,0.0,1000.0
2080.312991,25.0,2422.889589,2500.0
965.514081,8945.67,0.0,5500.0
1033.346718,0.0,142.123093,1500.0
2277.067891,7025.02,0.0,3500.0
744.083484,1096.98,174.714236,5000.0
1305.883623,0.0,1015.334397,8000.0
751.22482,1000.0,0.0,1700.0
2848.442843,2148.02,385.68198,3500.0
1765.263223,73.8,0.0,1800.0
47.587585,414.8,0.0,4500.0
3531.167073,797.5,5273.226918,4000.0
45.000015,540.0,0.0,7000.0
398.403586,3658.71,0.0,2500.0
1394.926414,0.0,4091.737498,5000.0
2196.006333,666.89,0.0,7500.0
43.656303,2122.98,0.0,10500.0
8692.806679,1022.77,2970.97936,9000.0
2276.666051,87.51,0.0,8000.0
4217.472407,7311.99,0.0,6700.0
2578.733343,0.0,2601.723396,3000.0
170.569025,2368.84,0.0,2500.0
6557.146926,354.27,2943.653759,7000.0
4892.213739,0.0,1086.316757,11000.0
3.562442,735.0,0.0,2000.0
4548.940782,2095.49,826.710558,6500.0
157.364234,1778.92,0.0,10500.0
1118.610853,293.26,0.0,1500.0
7.146747,60.0,0.0,3000.0
18.288834,0.0,149.6351,3000.0
162.293507,0.0,428.185827,500.0
45.095168,469.89,0.0,2000.0
166.761294,1831.91,0.0,7000.0
1818.964688,1436.41,0.0,6500.0
1998.319924,5400.64,0.0,6850.0
1178.607275,1014.36,0.0,1200.0
333.175537,0.0,709.915658,1200.0
1193.644707,850.15,3215.1424,2500.0
121.663829,488.52,0.0,7500.0
1390.563775,0.0,154.241717,1500.0
4.588899,249.96,0.0,4000.0
3191.334524,219.44,433.90772,9000.0
1600.510219,0.0,94.928008,1800.0
448.539091,300.0,1105.396152,5400.0
1031.670316,1753.25,0.0,4000.0
135.25122,904.55,0.0,7500.0
435.55396,1522.06,0.0,3000.0
4709.860768,0.0,3832.366931,6000.0
2304.470294,1201.97,1009.853215,3000.0
2506.085855,1723.3,561.814107,3000.0
54.055548,548.02,0.0,4000.0
734.77748,33.37,921.54819,1500.0
533.512148,2243.99,949.859862,7000.0
694.70767,0.0,1640.291172,4500.0
305.72029,1125.8,0.0,3000.0
1428.265873,1490.63,5411.208676,5250.0
0.0,609.21,0.0,1000.0
834.789126,0.0,207.027078,13500.0
4028.714266,3585.75,478.678942,6500.0
2470.787327,0.0,1715.518342,4000.0
829.410423,3884.68,0.0,8000.0
36.40909,1091.7,226.784069,3000.0
5239.146869,57.91,2973.966812,6000.0
2369.851759,9934.93,0.0,10000.0
364.150125,0.0,1382.98498,3000.0
1671.76708,1346.44,0.0,6000.0
50.571196,499.98,0.0,2500.0
564.36524,0.0,1003.670076,1200.0
282.588132,170.0,0.0,5500.0
42.504303,117.62,0.0,2500.0
1150.269979,600.0,1510.632782,4000.0
2415.67887,125.45,0.0,3000.0
10.259525,119.8,0.0,5000.0
1527.826042,3191.0,2035.662918,4950.0
66.618088,544.0,0.0,3000.0
6955.119532,0.0,4944.926593,10500.0
971.723256,1853.7,319.449176,3500.0
447.563656,911.09,896.215958,1200.0
1346.777622,1798.15,0.0,1500.0
1981.113728,0.0,199.183245,2000.0
6398.233171,0.0,233.38167,9500.0
406.939907,2615.18,0.0,4300.0
964.09998,1074.96,0.0,1000.0
108.386507,211.9,0.0,5100.0
413.331088,0.0,708.62821,500.0
6.395964,79.0,0.0,7500.0
207.632783,45.65,0.0,1200.0
767.871111,1878.51,929.9471,2500.0
1093.027318,0.0,92.01775,1200.0
2714.36271,50.62,4424.09206,7000.0
2285.604784,75.0,2539.047806,2500.0
46.000465,531.5,0.0,4000.0
27.857993,352.23,0.0,2500.0
1756.206467,0.0,1468.349502,3000.0
4.686854,28.8,0.0,1500.0
1462.921098,609.16,1054.286672,2000.0
2786.817229,0.0,154.876604,7000.0
1134.988498,935.04,996.543937,4000.0
1316.179352,1278.04,114.843243,1200.0
2300.825677,522.06,2809.026116,3000.0
4529.895962,0.0,21943.84942,13000.0
1504.980887,322.81,0.0,1600.0
46.981185,160.0,0.0,6500.0
1552.687961,654.16,0.0,1500.0
2054.983361,1058.58,0.0,6000.0
1097.718192,0.0,77.325405,1200.0
1150.280984,450.0,0.0,1200.0
4117.751094,159.07,2940.082863,8000.0
1631.573904,112.56,0.0,1700.0
3060.945154,2478.38,0.0,6500.0
625.144248,958.39,0.0,4000.0
7803.071972,1000.55,1490.239239,8000.0
75.46203,405.84,0.0,5000.0
287.787967,0.0,19.464101,300.0
1669.759168,200.0,0.0,11000.0
113.723132,740.82,188.360044,5500.0
1475.485907,522.68,1635.215775,3000.0
419.727505,1945.8,0.0,3000.0
50.962159,803.45,0.0,5500.0
946.059539,10915.37,0.0,5000.0
1286.787274,0.0,68.190923,1500.0
13.720529,1724.77,0.0,3500.0
3948.776884,0.0,5291.215227,4000.0
603.686346,397.5,63.384239,1500.0
87.540559,885.13,0.0,6000.0
14.179041,119.58,0.0,5000.0
2333.99188,0.0,4480.430064,4500.0
42.045574,90.0,0.0,4000.0
1155.509859,564.0,0.0,4000.0
1434.793889,467.88,0.0,4300.0
1406.504164,0.0,105.811869,1500.0
1358.513908,0.0,73.870282,1500.0
372.722601,819.7,0.0,1500.0
3279.867381,6520.0,0.0,3500.0
1963.698617,1582.88,2601.802794,2500.0
1967.640068,264.8,4954.13788,5000.0
157.907139,499.92,1093.855719,3000.0
2184.965504,0.0,2893.023143,8000.0
46.103924,443.25,0.0,6500.0
65.11995,898.64,0.0,2500.0
889.955252,40.0,3124.247282,3000.0
550.533381,0.0,2486.624696,1500.0
221.861874,0.0,250.779227,2500.0
61.268046,491.11,0.0,5000.0
1162.7795,757.37,131.28406,1000.0
1338.934027,0.0,1297.777178,4000.0
2273.555853,329.3,3360.63801,3000.0
1248.332959,478.32,157.20552,4000.0
6255.078201,195.29,2881.905049,7500.0
7.14111,288.0,0.0,3000.0
1959.35945,0.0,2757.579869,4000.0
3169.141778,435.0,3049.497763,6500.0
1208.300547,1855.71,0.0,4500.0
3271.129597,4209.98,1058.425793,10300.0
538.768762,226.95,452.00913,1200.0
346.425872,3463.12,0.0,5000.0
23.120939,282.59,0.0,5000.0
3746.919031,7468.37,0.0,10000.0
1460.749521,2318.21,0.0,5900.0
3312.514107,0.0,830.921998,6500.0
487.483429,1579.12,0.0,10000.0
33.535261,319.98,0.0,1000.0
6650.001408,275.38,494.997609,15500.0
710.811464,633.87,672.991175,1000.0
453.347636,4164.8,0.0,5500.0
61.463647,0.0,989.053104,1200.0
226.445662,0.0,291.685333,1500.0
1540.478248,1494.11,320.569363,1000.0
88.905573,537.56,0.0,2500.0
846.091011,2599.2,0.0,3000.0
326.551854,2950.77,0.0,4000.0
31.870622,125.06,0.0,1000.0
2504.312118,8631.0,704.155697,5000.0
4059.160304,256.63,1328.657944,4500.0
8929.533392,0.0,7165.12654,13000.0
8.59137,125.0,0.0,3000.0
4.924829,65.97,0.0,4000.0
1906.104266,781.43,2097.271687,3400.0
1174.088448,0.0,39.500445,1200.0
218.280031,939.14,0.0,5000.0
2990.370585,1368.0,1436.238238,8000.0
159.210281,247.8,0.0,5000.0
336.749543,3081.69,0.0,2000.0
12.478094,217.91,0.0,1000.0
9110.968989,1490.75,20277.33112,11000.0
126.622651,1015.3,0.0,4500.0
1614.278999,554.65,603.964591,2000.0
3173.141048,895.92,0.0,4500.0
5718.507585,4717.77,3584.26549,6000.0
68.007411,488.66,0.0,1500.0
1486.00963,757.6,374.404841,5000.0
276.93292,0.0,936.59473,1000.0
14.983682,280.0,0.0,300.0
811.638687,0.0,783.165528,3000.0
1081.672472,0.0,18.573429,1500.0
811.071722,208.92,206.635247,2500.0
559.750373,622.44,0.0,700.0
834.825957,0.0,1195.000251,1200.0
2663.506152,0.0,181.289985,3200.0
1396.625608,1163.49,1131.376682,1900.0
11.725408,178.0,0.0,1500.0
826.344973,108.4,950.872647,1000.0
593.785565,1150.0,0.0,5300.0
7337.853622,0.0,3889.579805,9000.0
1160.451877,109.36,37.12951,1200.0
2370.760037,94.47,0.0,4500.0
1141.383705,79.87,822.309143,1200.0
1928.254972,293.26,830.670122,2000.0
11304.51755,105.83,3451.163531,11500.0
395.722912,1837.15,0.0,2000.0
54.250363,317.4,0.0,3000.0
179.362453,839.09,331.493048,3000.0
347.928329,832.37,0.0,1000.0
3086.119532,1134.38,4323.275849,12000.0
1389.085585,0.0,2773.573526,2000.0
16.848358,103.08,0.0,2900.0
50.940247,426.47,0.0,3000.0
3092.948987,1132.03,3988.939447,7000.0
33.114269,974.96,0.0,6000.0
136.268319,757.49,1360.553696,2000.0
470.91505,907.5,0.0,1500.0
4021.881912,300.1,955.742173,6000.0
13.718373,401.88,0.0,3000.0
2732.813233,245.01,2721.303612,5000.0
55.907108,439.91,0.0,6000.0
382.979758,3487.08,0.0,6000.0
1267.081143,309.9,0.0,3000.0
1530.51083,0.0,485.900288,5000.0
3915.151082,2607.07,0.0,8000.0
68.607989,584.26,0.0,4000.0
2141.675003,0.0,2314.315073,2500.0
1699.100066,73.5,0.0,1700.0
504.248851,472.09,0.0,1000.0
545.819208,49.55,0.0,2500.0
748.352082,1199.77,550.543385,1200.0
3.647117,0.0,58.174402,1200.0
70.831061,531.0,0.0,1500.0
403.08626,2351.25,0.0,2500.0
1337.57386,0.0,36.473828,3000.0
46.86925,420.0,0.0,1000.0
1772.610312,1400.0,0.0,1500.0
3759.848908,7472.37,0.0,8500.0
779.701771,116.66,2422.015644,1500.0
0.187069,522.0,0.0,2900.0
2.752576,30.9,0.0,3000.0
4476.739146,1880.25,3267.879333,12000.0
644.933911,7.26,966.749372,1500.0
3.690944,167.68,0.0,1500.0
1695.52577,199.92,1995.609365,4000.0
1374.431396,81.0,0.0,3000.0
5636.389815,645.55,1190.251389,6500.0
19.516936,851.0,0.0,5000.0
1340.549378,591.0,0.0,1250.0
38.086857,447.78,0.0,4000.0
2724.685011,0.0,724.694411,3000.0
0.0,45.53,0.0,2500.0
8.362878,234.0,0.0,1200.0
156.700478,1259.21,0.0,6000.0
130.644698,338.79,0.0,1500.0
617.597272,0.0,1080.735496,1200.0
169.600016,36.79,2596.426866,1500.0
631.959341,0.0,19.388248,700.0
98.937198,676.31,0.0,1050.0
1222.050009,0.0,1143.669546,2500.0
92.859389,468.96,0.0,1000.0
84.3929,141.84,0.0,1200.0
287.589522,33.35,0.0,6000.0
5354.53794,0.0,8504.909507,7500.0
32.89402,271.68,0.0,2400.0
1445.383522,0.0,342.162677,1700.0
1907.779363,2074.08,0.0,1500.0
738.992204,0.0,186.282849,2000.0
4.822037,58.32,0.0,1000.0
148.376249,600.0,0.0,2500.0
927.375909,0.0,2215.257509,6000.0
151.704474,0.0,87.794993,150.0
72.351933,245.84,0.0,1200.0
2.907271,53.0,0.0,1000.0
1347.883104,174.05,1714.06927,3000.0
676.627063,330.83,4474.025579,6000.0
871.35543,174.93,2621.431555,3000.0
1915.189848,0.0,1390.387875,2500.0
851.880648,1476.7,903.935644,1200.0
460.169381,2703.95,0.0,5000.0
177.371967,534.0,0.0,3500.0
25.882538,430.02,0.0,7000.0
2378.150526,0.0,4059.469587,5000.0
44.539341,94.3,0.0,2500.0
38.424273,442.04,0.0,2000.0
894.99047,3184.54,1578.893925,6500.0
1459.853158,1365.0,363.867229,1800.0
1572.097459,0.0,1128.876546,2500.0
1646.38453,1047.34,146.650389,3000.0
4218.956639,0.0,4734.304587,4500.0
45.22614,0.0,146.123548,150.0
4661.423201,0.0,5263.831799,6500.0
1519.317855,0.0,548.289216,2000.0
6306.826232,0.0,3090.205975,7500.0
32.916536,300.62,0.0,1200.0
8.849404,220.99,0.0,1000.0
5.663355,35.0,0.0,2500.0
298.651615,0.0,470.488239,1000.0
734.337883,55.68,0.0,1000.0
56.68168,827.2,0.0,1000.0
66.048562,696.78,0.0,2000.0
4415.526081,0.0,1592.287186,4500.0
563.749251,5039.97,0.0,4000.0
37.980086,450.0,0.0,2700.0
291.654079,1528.77,0.0,9000.0
72.188087,117.9,0.0,3400.0
370.489944,1723.61,0.0,5000.0
623.095349,1010.0,0.0,5000.0
18.287569,777.0,0.0,1200.0
1421.169324,0.0,37.440222,1500.0
16.821079,121.2,0.0,7000.0
1667.851788,0.0,5133.373227,3000.0
2933.577644,4562.57,0.0,4000.0
42.286207,480.37,0.0,6000.0
1125.697524,0.0,504.069794,1200.0
25.998899,0.0,466.387778,4000.0
1794.531623,0.0,1050.199464,2500.0
207.099447,1764.0,0.0,400.0
875.103005,0.0,2988.062451,2000.0
69.036727,760.79,0.0,7000.0
917.531824,0.0,1273.778445,1600.0
1969.647597,0.0,1973.843982,2000.0
25.72535,150.48,0.0,2500.0
5091.643375,0.0,2302.860148,6000.0
2433.487018,0.0,348.296735,2500.0
8465.296023,1066.91,1870.467411,17150.0
4616.991666,0.0,2810.591083,5000.0
1452.616145,522.29,0.0,1500.0
3681.031744,1922.39,0.0,10000.0
1166.337059,0.0,182.229942,1200.0
38.342505,134.28,0.0,6000.0
765.66511,0.0,924.627991,3000.0
905.771358,116.15,0.0,1000.0
540.157857,181.5,0.0,500.0
1356.050482,65.82,0.0,4000.0
779.431874,721.78,152.51189,1500.0
106.752843,865.27,0.0,2000.0
1029.85333,727.51,1287.04473,2500.0
313.802253,1146.37,1429.340234,2000.0
2743.221459,0.0,776.01291,3000.0
1100.505764,220.0,0.0,1200.0
335.95482,2178.13,0.0,6000.0
31.552295,190.26,0.0,1500.0
1441.591027,222.44,0.0,1500.0
1594.72697,0.0,266.997482,3000.0
3771.944203,786.92,960.999868,4500.0
2382.49454,0.0,2795.907452,3000.0
331.554753,146.22,2819.32368,3000.0
3345.311478,767.13,0.0,3000.0
4338.558856,5677.76,0.0,5500.0
37.618883,952.8,0.0,2000.0
1670.918981,1543.83,899.326582,7000.0
1465.996562,2498.92,0.0,3500.0
2079.82381,1021.9,812.559357,3000.0
16259.44857,5024.68,328.698275,18000.0
8.111284,122.58,0.0,3400.0
2590.469749,459.12,0.0,2900.0
57.491021,785.96,0.0,3500.0
1209.613646,874.68,7663.906258,3500.0
173.331107,1301.44,0.0,4000.0
4972.108843,2072.57,0.0,4500.0
19.312066,334.8,0.0,5000.0
23.852869,123.75,0.0,2500.0
3043.796467,1410.95,1345.522967,11500.0
539.581502,0.0,2296.860678,1200.0
348.342172,11878.25,0.0,6000.0
1635.964498,0.0,158.919459,1700.0
1083.379171,9.9,0.0,1900.0
972.958145,100.0,37.470292,1000.0
1121.15859,202.2,79.037888,1200.0
1597.911395,0.0,162.919727,1800.0
1695.994646,478.99,855.646549,2000.0
2521.094992,2326.16,0.0,3000.0
109.697529,1530.37,0.0,1200.0
631.858702,75.25,0.0,1200.0
98.252565,1021.24,0.0,3000.0
3347.229846,480.0,1760.145824,3500.0
173.23165,1555.85,0.0,1500.0
6280.767092,0.0,3385.339487,10500.0
1299.554504,0.0,3955.560549,2500.0
10.288205,324.0,0.0,1500.0
23.083392,447.96,0.0,1500.0
553.253321,0.0,975.662025,1800.0
52.511818,0.0,682.164088,3000.0
63.524092,145.7,493.123696,1500.0
1608.163254,1130.6,682.525873,2500.0
51.581189,384.89,0.0,6000.0
160.492501,897.45,0.0,1200.0
915.857804,275.41,0.0,1200.0
32.807257,304.0,0.0,3000.0
2.322666,51.0,0.0,2900.0
2033.51327,2274.46,0.0,6000.0
2325.373366,0.0,327.662218,2500.0
20.502046,53.36,0.0,2500.0
1991.277745,56.7,1159.173849,3000.0
5487.071216,2435.09,3052.71063,7500.0
1016.712614,0.0,128.829302,4000.0
76.096025,71.22,0.0,1500.0
44.350816,1144.35,0.0,500.0
1690.244293,0.0,272.677146,3000.0
1438.959962,242.01,36.887704,1500.0
1508.132993,0.0,2418.319143,2500.0
1655.668019,281.3,531.572063,2000.0
1654.795346,2530.48,881.045538,2500.0
3381.942128,0.0,2018.855558,4500.0
5.116471,50.2,0.0,1000.0
5211.797605,169.67,5607.28304,6000.0
4487.993384,1654.94,2132.805215,7500.0
300.81906,0.0,1983.897997,3000.0
14.074548,39.0,0.0,1500.0
544.314078,111.8,912.814627,1200.0
2716.48667,3362.94,0.0,8500.0
1243.250958,1680.0,0.0,4500.0
1452.221132,1500.0,0.0,4500.0
512.011287,3837.1,0.0,6000.0
364.391307,0.0,1658.424947,1800.0
1088.936666,724.98,0.0,1000.0
412.385505,0.0,125.631015,1500.0
1474.990634,4469.59,0.0,4000.0
28.486124,130.26,0.0,2500.0
2182.907415,0.0,210.601451,2500.0
812.839893,1160.09,3129.703318,2000.0
823.003516,432.0,0.0,1500.0
40.640681,441.23,0.0,5000.0
104.963063,35.74,0.0,1500.0
605.744452,119.0,0.0,1800.0
777.853474,0.0,1820.143378,2000.0
1696.465412,219.07,1237.454039,1800.0
65.701893,528.06,0.0,1800.0
4364.383487,3214.19,1105.738809,4000.0
6.793588,2634.37,0.0,4000.0
63.047104,766.56,0.0,2900.0
3895.677052,144.77,6492.291188,10000.0
1477.960998,349.25,0.0,1500.0
900.241238,1674.32,0.0,1500.0
234.16953,819.15,0.0,5000.0
31.744161,465.5,0.0,2500.0
701.01727,19.96,153.597768,3500.0
3560.977973,3129.67,283.696848,5000.0
292.888058,426.0,2047.303874,2500.0
37.759404,398.64,0.0,2500.0
5699.475671,0.0,1423.440294,6000.0
61.080098,729.6,0.0,2500.0
2989.558429,0.0,4172.785661,6000.0
29.360369,520.3,0.0,4000.0
1396.413738,312.66,280.925255,1800.0
82.902896,430.43,0.0,2500.0
736.736738,1171.5,0.0,4000.0
179.357206,497.15,0.0,1200.0
55.039565,571.52,0.0,3000.0
2.611795,43.08,0.0,300.0
2303.266119,740.73,3521.638805,5000.0
1778.035758,449.0,0.0,3500.0
1806.557876,235.9,1292.92879,2000.0
895.308285,0.0,59.226322,1000.0
80.607988,1638.3,0.0,6000.0
92.261256,666.68,0.0,900.0
1647.860393,1510.0,2993.136369,3500.0
1188.651458,822.96,0.0,1200.0
1060.274411,404.24,0.0,1500.0
92.876617,922.74,0.0,3000.0
1586.128233,185.0,412.306268,2500.0
974.130505,482.8,0.0,4500.0
2465.684327,467.7,934.710802,3000.0
1038.465061,264.8,0.0,1000.0
98.039262,258.36,0.0,1500.0
177.551278,66.25,0.0,2500.0
1728.948802,148.0,3521.786884,6100.0
947.223495,0.0,648.548716,6500.0
528.917839,647.69,0.0,1000.0
156.72326,1776.76,0.0,9600.0
1250.526799,2576.81,599.535996,3750.0
3559.634883,7654.81,0.0,7000.0
4.766639,32.22,0.0,6000.0
1928.13296,2133.15,887.278353,5900.0
462.918623,3497.99,0.0,3000.0
339.039307,345.66,0.0,1000.0
1532.106106,1478.98,0.0,3000.0
65.652855,480.0,0.0,1400.0
1386.949394,227.56,960.590608,3000.0
497.510544,569.94,1297.077512,2900.0
1817.150299,596.5,1736.759805,3000.0
57.077581,698.44,0.0,6000.0
1821.040307,166.38,1682.602932,5000.0
988.749349,0.0,6085.7392,5000.0
1842.11833,83.31,0.0,2000.0
1210.309338,182.28,216.289445,1300.0
477.45278,71.48,0.0,700.0
14.012088,165.09,0.0,5000.0
1308.126179,102.75,0.0,3000.0
1082.653038,343.22,0.0,1200.0
1055.99498,1482.18,0.0,1500.0
1060.391273,0.0,1475.858013,2000.0
559.730777,0.0,299.524277,800.0
150.351174,1039.92,0.0,1000.0
1347.505936,0.0,547.390756,1500.0
856.619236,0.0,18.117967,900.0
97.617137,736.0,0.0,1500.0
915.932014,45.65,0.0,1000.0
1425.606151,103.0,0.0,1500.0
12.423324,21.99,0.0,4000.0
7.315575,107.0,0.0,4000.0
258.837282,831.6,0.0,2500.0
114.806604,675.0,0.0,1000.0
25.576426,225.0,0.0,2700.0
1139.648949,0.0,73.875442,1200.0
6767.138783,999.97,1960.373647,7500.0
1251.26572,494.04,0.0,1000.0
155.676255,990.33,0.0,4000.0
28.178604,208.6,0.0,1000.0
1118.724569,0.0,1963.807815,2000.0
2347.486095,0.0,1957.749127,2950.0
900.292445,0.0,1103.829113,1400.0
3447.523748,6341.55,2307.775197,5000.0
424.994385,1200.0,0.0,1200.0
30.957159,426.25,0.0,1200.0
2284.316297,239.26,2794.719183,3000.0
3695.634133,0.0,2438.708269,4000.0
14.480094,134.6,0.0,3000.0
1722.475015,115.91,146.607859,1900.0
202.326177,1800.0,0.0,1000.0
7.166625,62.0,0.0,3000.0
59.315679,145.58,0.0,1000.0
1575.794134,3181.47,448.17047,2100.0
489.343503,1446.44,0.0,3500.0
665.285049,0.0,18.766426,700.0
11.13998,200.0,0.0,3000.0
1708.506241,0.0,236.443443,2000.0
119.368715,339.11,87.547315,6500.0
255.851136,311.8,0.0,2500.0
499.751638,468.6,0.0,1200.0
7196.553011,0.0,8195.684678,9000.0
4619.500393,1870.8,0.0,5000.0
77.653879,473.62,1260.284262,1800.0
1906.550855,1244.37,0.0,1800.0
0.704307,963.9,0.0,3000.0
71.558308,650.0,0.0,2500.0
103.622401,351.5,0.0,3000.0
3.76029,45.0,0.0,3000.0
847.349752,295.83,988.908614,1000.0
711.922203,197.21,0.0,1500.0
11.64104,167.22,0.0,4000.0
770.636646,0.0,1615.027379,1500.0
300.11949,2811.86,0.0,800.0
16.840922,30.57,0.0,4000.0
43.633541,385.76,0.0,5000.0
190.056883,501.88,0.0,2000.0
1806.845374,0.0,3525.726761,6000.0
1151.703776,541.75,0.0,1800.0
251.273637,1861.74,0.0,3000.0
599.116168,947.07,508.477816,3000.0
6342.561972,0.0,3444.929414,10500.0
230.337567,2219.39,0.0,2000.0
126.945696,1086.26,0.0,4500.0
1456.530313,210.09,1785.86516,2000.0
553.534453,1682.36,0.0,1900.0
128.982891,237.0,0.0,5000.0
931.827906,0.0,2937.591809,3500.0
1091.74471,729.47,0.0,1500.0
694.409019,80.0,0.0,5000.0
2007.955223,2542.75,0.0,7000.0
34.600595,359.5,0.0,5000.0
315.125494,1890.09,0.0,4000.0
9321.555794,334.9,9463.245088,10000.0
1458.115876,1050.6,358.881155,1500.0
15.491884,84.0,0.0,5000.0
1179.395773,0.0,1393.998578,1500.0
1593.467543,0.0,1889.339793,2000.0
58.557694,319.34,273.998025,1200.0
1174.657795,1158.02,1635.172156,2000.0
6.96194,80.43,0.0,1000.0
162.046468,1768.05,0.0,5000.0
1108.316745,480.7,2856.358168,2500.0
1343.938904,0.0,38.529264,1500.0
1098.52228,285.24,0.0,1200.0
23.436171,329.86,0.0,5000.0
5899.427294,0.0,2845.745739,9000.0
25.25977,366.66,0.0,500.0
10.801231,70.0,0.0,1200.0
72.575706,0.0,907.958603,1000.0
1259.179009,99.77,0.0,1500.0
133.724675,1499.94,0.0,5000.0
592.466798,5629.41,0.0,6000.0
4338.877278,0.0,5705.426498,6000.0
1337.107101,466.67,0.0,1500.0
32.381593,445.7,0.0,2500.0
340.014453,2619.2,0.0,4000.0
14.04272,47.79,0.0,1200.0
2972.091316,370.4,5078.251311,8500.0
1607.551793,0.0,4078.383904,2500.0
988.405365,637.97,38.322217,1000.0
1154.241515,102.0,98.317922,1200.0
2230.477487,0.0,2480.833949,2500.0
826.688625,19.88,869.246203,900.0
650.667796,1059.26,0.0,1200.0
1.310749,29.9,0.0,6000.0
56.726412,268.68,0.0,3500.0
676.588508,0.0,1830.79614,2000.0
92.119709,499.98,0.0,1500.0
368.687038,0.0,1587.748905,2000.0
1592.221829,616.95,109.299409,2000.0
9.153671,126.6,0.0,2900.0
1296.646998,0.0,148.520664,1500.0
0.0,0.0,100.51993,2000.0
1256.460026,1313.0,0.0,1200.0
68.448626,51.7,0.0,2500.0
82.784219,431.28,0.0,3000.0
1362.522626,62.25,56.644654,1500.0
3520.616355,1675.91,10213.65297,10000.0
1728.280785,0.0,2552.869584,2500.0
1413.236934,574.95,58.379957,1500.0
4.334047,73.17,0.0,2900.0
6.955591,630.42,0.0,4000.0
93.977513,389.44,0.0,2500.0
3457.722387,229.0,2102.258461,8000.0
31.475251,479.96,0.0,2500.0
1676.457032,0.0,271.277923,1800.0
8.76802,0.0,78.259015,1200.0
2135.744209,1342.31,1993.285912,8000.0
51.46642,0.0,469.836414,1000.0
1579.871382,3248.83,4232.135689,6500.0
37.022109,247.92,0.0,4000.0
344.023581,1551.27,0.0,6500.0
3029.388362,71.99,4865.41145,7500.0
212.620261,172.61,0.0,7000.0
1460.077343,79.8,3494.069968,2500.0
837.631184,0.0,867.928181,1000.0
347.251558,210.8,0.0,2500.0
720.995394,547.46,455.540479,900.0
42.852743,381.2,0.0,2500.0
5429.735607,1000.0,3807.688019,6000.0
1807.764778,1666.2,0.0,1500.0
776.585568,773.36,0.0,3000.0
1026.220651,0.0,452.176025,1500.0
2702.523396,229.25,4214.846529,7500.0
2629.276828,0.0,3492.909117,3500.0
311.987575,684.24,0.0,1000.0
3270.441222,848.0,0.0,4500.0
832.774626,416.76,0.0,1000.0
1157.005745,0.0,476.711979,1200.0
350.819852,0.0,1056.46058,1200.0
3558.14254,4689.03,0.0,5000.0
942.555708,150.0,1066.604854,1200.0
51.469651,1169.0,0.0,1900.0
20.42609,114.0,0.0,4000.0
4.045339,35.0,0.0,7500.0
114.764518,1067.5,0.0,4000.0
0.737154,427.5,0.0,1500.0
98.935446,1002.0,0.0,1500.0
2292.167319,468.36,472.378556,6000.0
242.450349,223.6,0.0,4500.0
1575.327024,0.0,1903.985872,3500.0
990.45604,0.0,18.724916,1000.0
574.416538,376.2,0.0,1500.0
2545.706139,2443.2,0.0,6000.0
234.36305,668.27,0.0,4000.0
14.002192,76.0,0.0,5000.0
1062.485488,0.0,1356.070364,6500.0
379.74055,1348.41,0.0,1300.0
1060.345397,0.0,119.746155,1200.0
875.738933,595.86,290.519119,1000.0
37.307085,363.38,36.363896,1200.0
750.150798,1235.39,887.597551,2000.0
65.45872,570.96,0.0,1000.0
239.946118,0.0,719.007929,6000.0
100.123394,320.0,0.0,1000.0
526.858793,0.0,2359.300912,2500.0
209.506832,0.0,672.244034,700.0
3767.229899,0.0,4871.925128,5500.0
1682.892726,2996.92,0.0,5000.0
799.255519,0.0,1494.880019,1400.0
673.982097,110.0,0.0,1000.0
22.366132,502.54,0.0,450.0
27.539766,578.0,0.0,5000.0
1854.659145,151.69,443.392028,2000.0
803.68596,1690.93,0.0,1200.0
795.497557,0.0,5676.779668,50.0
89.22671,930.0,0.0,1000.0
37.683028,356.27,0.0,6500.0
26.800912,163.2,0.0,3000.0
561.157673,0.0,244.504364,1500.0
670.120718,0.0,12281.83439,1200.0
1032.398861,924.34,1030.464188,1200.0
488.623392,0.0,328.292364,700.0
2073.611538,0.0,108.209814,8500.0
621.901025,573.36,0.0,1100.0
69.920933,680.0,0.0,3500.0
293.979281,45.65,0.0,1800.0
1608.490095,91.0,1756.688037,3000.0
3099.551098,69.8,2317.754635,7000.0
2534.994214,569.2,2056.894621,5000.0
649.566721,245.77,1511.89442,3000.0
75.9863,986.0,0.0,1000.0
452.907592,0.0,1584.255192,2500.0
2616.764771,72.9,4308.339621,5000.0
1618.393031,833.36,0.0,1500.0
67.593395,619.59,0.0,4000.0
0.0,393.29,0.0,1000.0
1725.664332,383.45,127.673881,1800.0
185.924664,617.98,0.0,1200.0
0.41367,1187.42,0.0,6000.0
187.516986,0.0,823.171535,4500.0
47.336863,464.95,0.0,1000.0
4481.413948,1385.56,1308.516411,4500.0
14.371243,294.28,0.0,2500.0
48.578408,673.1,0.0,6000.0
27.533451,187.5,0.0,2000.0
18.527285,274.92,0.0,1000.0
528.023703,770.05,286.123717,1500.0
51.65143,398.98,0.0,2500.0
2.484819,41.2,0.0,2000.0
4761.19131,4085.81,4023.466646,7500.0
50.848135,643.6,0.0,1400.0
440.341344,1019.33,0.0,5000.0
6.104302,134.97,0.0,4000.0
177.602057,2863.31,832.203874,1500.0
10.805893,76.51,0.0,2500.0
2493.589343,4655.55,0.0,6500.0
2620.873322,450.0,1525.378257,3000.0
916.627912,155.96,0.0,1200.0
3300.735817,0.0,2115.782999,4000.0
29.60298,144.94,0.0,5000.0
1088.505102,84.99,1732.031229,2000.0
1893.423054,650.04,390.362711,2000.0
72.025683,891.28,0.0,10000.0
2684.333591,1958.59,0.0,4000.0
46.795701,1.4,189.110391,4500.0
45.66329,77.0,0.0,300.0
766.810346,0.0,1095.216749,4000.0
1399.595729,1004.98,216.03202,1800.0
89.567592,990.73,0.0,4000.0
255.4001,630.03,0.0,3000.0
1004.262002,150.0,0.0,1000.0
912.87668,4337.19,898.684405,2500.0
43.561434,391.32,0.0,1000.0
920.095743,0.0,2926.134036,4500.0
4931.589653,0.0,379.770302,5000.0
186.25802,0.0,463.742544,4000.0
374.631961,2961.46,0.0,1600.0
84.366783,776.92,0.0,3000.0
1088.056301,0.0,1572.596837,1200.0
82.227363,1108.36,0.0,3000.0
49.401973,373.34,0.0,5000.0
49.269195,213.75,0.0,2500.0
1379.68959,1632.88,0.0,6500.0
2656.634533,450.45,886.135972,3000.0
222.957451,0.0,1512.015822,1500.0
74.195316,796.56,0.0,2500.0
314.495423,1503.26,0.0,4000.0
1274.544399,0.0,1269.320949,2500.0
63.738066,961.86,0.0,5000.0
1779.796624,50.37,0.0,2000.0
2705.026656,0.0,5760.383488,6500.0
119.237712,342.74,0.0,2000.0
73.635031,1063.65,0.0,7000.0
1281.911087,3173.5,651.192848,1000.0
275.8837,424.44,0.0,2500.0
1458.219714,701.52,0.0,1500.0
1522.680962,0.0,272.151183,6500.0
1118.057185,0.0,73.140635,1200.0
1369.512062,589.94,0.0,5000.0
28.320092,332.5,0.0,3000.0
16.11487,313.25,0.0,3000.0
91.029575,1055.7,0.0,5000.0
2.299436,1337.18,181.491612,4500.0
3120.738718,0.0,6125.592369,4800.0
1806.731926,229.0,3766.751558,5000.0
1004.526608,0.0,1090.788584,1200.0
45.746204,170.0,1042.121023,1200.0
99.700878,912.98,284.659738,1200.0
1378.988523,45.0,0.0,1500.0
2980.054695,26784.62,0.0,30000.0
0.064811,111.84,0.0,1500.0
341.58222,1691.22,0.0,3000.0
1300.20423,96.69,0.0,1500.0
5890.807655,901.6,4589.501068,10750.0
55.28905,610.47,0.0,2000.0
0.0,278.0,0.0,1000.0
2508.071641,217.5,2468.218219,3000.0
189.463475,0.0,662.790719,500.0
166.514439,503.92,0.0,2500.0
1752.637427,0.0,1770.461427,3000.0
1978.729646,0.0,111.235788,6500.0
120.94715,1242.55,0.0,2000.0
191.314058,860.95,0.0,800.0
1512.574159,622.03,1344.577203,1800.0
71.837385,0.0,189.391686,1500.0
1212.237847,400.0,1141.617933,1200.0
2099.38356,556.52,1008.781338,3000.0
3105.528894,0.0,3752.986964,4500.0
780.382656,0.0,1372.812459,1500.0
7.297351,0.0,275.471932,2500.0
46.89543,682.64,0.0,2000.0
1717.662673,209.62,1425.661833,3000.0
274.604824,341.37,0.0,2500.0
332.678531,0.0,2463.531694,2500.0
276.213858,449.86,0.0,1000.0
125.039376,1118.91,19.094068,1800.0
4204.42117,74.99,2826.208633,4500.0
900.229315,250.72,0.0,6500.0
0.0,0.0,147.241855,500.0
1106.815562,0.0,176.181983,1200.0
2793.274214,46.65,1423.863661,3000.0
366.111566,3482.9,348.857163,7500.0
91.597667,947.97,0.0,5000.0
1085.316705,0.0,2339.490308,2500.0
870.882167,1976.5,146.371963,1500.0
0.0,207.0,0.0,2500.0
11.441738,93.6,0.0,1900.0
23.583209,199.32,0.0,1500.0
969.139152,269.34,78.31266,2000.0
1714.895872,1259.93,1113.090333,2500.0
16.629043,286.56,0.0,1500.0
126.467835,319.34,0.0,2700.0
23.111629,237.66,0.0,3000.0
1155.787246,142.0,178.259834,1200.0
679.508597,380.1,0.0,2500.0
2583.654027,667.39,389.261392,6000.0
1.59198,166.63,0.0,6000.0
208.127012,1659.13,0.0,5000.0
164.51282,0.0,145.563558,1200.0
38.251194,368.84,0.0,3000.0
5.310611,234.0,0.0,1500.0
265.920698,3148.36,0.0,4000.0
904.395249,158.0,0.0,900.0
2.508768,302.91,0.0,3000.0
15.797437,195.0,0.0,2000.0
831.835714,750.02,477.128277,1200.0
263.581756,1944.26,819.47409,2700.0
2.053676,74.0,0.0,6000.0
2666.147576,0.0,2704.302935,3000.0
974.52764,952.02,0.0,4000.0
7.388588,84.05,0.0,4000.0
54.567517,0.0,207.390596,3000.0
1186.616403,0.0,1496.629534,1500.0
990.780585,844.45,0.0,3000.0
1486.652099,3670.46,371.312458,4000.0
918.22723,0.0,869.988157,1200.0
1380.30715,664.83,1106.333559,2500.0
44.63179,582.6,0.0,3000.0
825.952638,1024.75,0.0,1200.0
1664.334555,862.95,0.0,1900.0
1470.825974,220.7,400.571728,3000.0
887.090835,4349.38,0.0,3000.0
581.583282,124.65,0.0,600.0
23.261586,252.0,0.0,2500.0
12.333825,182.16,0.0,5000.0
5577.636715,5244.8,0.0,12500.0
241.384531,335.0,0.0,1000.0
311.54,2783.03,0.0,2000.0
55.176498,283.02,0.0,1000.0
33.146065,218.76,0.0,5000.0
1536.477562,4258.57,0.0,5000.0
15.232505,384.0,0.0,1500.0
315.588502,0.0,2966.464163,3000.0
28.939455,88.89,0.0,1500.0
613.259699,0.0,57.112427,700.0
9024.812044,0.0,2750.442399,9000.0
3740.785208,0.0,3010.940233,10000.0
152.557222,1410.35,0.0,2500.0
5.993508,0.0,18.751913,500.0
93.427011,772.8,0.0,1200.0
69.79641,1175.88,0.0,2000.0
1432.654644,604.52,0.0,1400.0
22.56964,248.1,0.0,1200.0
172.70596,55.0,0.0,1500.0
21.966399,109.16,0.0,4000.0
11.250371,141.12,0.0,5000.0
1277.423486,533.73,606.668879,1500.0
1232.345324,0.0,369.262743,1700.0
78.379827,865.07,0.0,5000.0
37.021347,133.35,0.0,2500.0
7.099375,81.12,0.0,4000.0
27.625906,234.48,0.0,2500.0
214.436679,1986.7,0.0,700.0
228.025747,2159.68,0.0,3000.0
21.844186,169.56,0.0,2500.0
416.601199,4266.25,0.0,4000.0
9.522029,458.0,0.0,3000.0
815.229732,2371.92,0.0,2000.0
337.616152,64.12,0.0,2000.0
2388.410501,0.0,7529.012056,7000.0
2224.891476,211.05,4014.66362,3000.0
1162.054399,265.18,1216.25491,1500.0
42.170547,588.0,0.0,2500.0
211.1622,0.0,892.182389,1000.0
1653.400854,100.0,2031.677435,2000.0
4408.966613,505.79,1601.520906,5000.0
158.641614,779.35,0.0,1200.0
50.078433,339.69,0.0,1200.0
621.553537,0.0,5018.474514,2000.0
7.605458,89.75,0.0,4000.0
231.859622,190.0,108.768879,1200.0
518.923941,264.0,0.0,5000.0
1098.392083,0.0,1297.518366,1200.0
804.006538,0.0,266.561781,2500.0
142.290756,540.0,0.0,4000.0
162.068326,1290.24,0.0,6000.0
1443.146299,235.4,615.789083,1800.0
366.084233,1167.39,200.106907,2500.0
910.821412,3726.65,0.0,3000.0
2.930211,285.39,0.0,1500.0
88.577811,356.15,0.0,1600.0
3805.493532,465.6,2406.661489,4500.0
1466.99222,230.1,0.0,1500.0
676.221211,125.0,0.0,1000.0
1623.895229,0.0,352.784134,1700.0
269.075434,4572.32,2935.973895,4000.0
34.40685,133.0,0.0,1500.0
225.662097,2566.91,0.0,5000.0
402.512336,150.0,0.0,450.0
0.0,269.28,0.0,1500.0
1520.501423,1405.22,0.0,10500.0
3015.597547,586.77,1726.922555,3400.0
2530.378121,55.5,0.0,3500.0
395.93884,991.48,208.802882,1400.0
7.097146,78.19,0.0,5000.0
1640.837102,0.0,708.972588,1900.0
2613.063331,0.0,1695.629234,3000.0
950.716155,335.62,0.0,1000.0
2283.366217,2734.77,4303.863961,9500.0
509.685823,457.68,0.0,4000.0
147.571435,0.0,2200.173071,1200.0
2847.472954,0.0,3800.293424,4000.0
1094.632736,503.41,445.031842,1000.0
1258.725885,0.0,4353.620039,3000.0
88.173076,659.72,0.0,4000.0
3211.389574,0.0,4464.940638,6500.0
303.740542,0.0,869.489056,1000.0
2981.811529,120.0,1085.441874,6500.0
493.243274,1180.68,0.0,1500.0
41.414562,440.0,0.0,1000.0
39.105741,220.0,0.0,3000.0
1937.273513,658.87,0.0,2000.0
781.279607,1370.19,0.0,2500.0
1322.818587,0.0,762.301096,1500.0
1841.468929,0.0,513.751922,2000.0
2371.89209,447.81,5515.157108,8500.0
470.353862,105.0,391.351946,700.0
308.542887,680.0,0.0,2500.0
1175.895992,154.38,37.197366,4000.0
1854.03323,1013.5,1243.093189,2000.0
1256.612223,498.99,1353.14431,3000.0
1767.719314,0.0,272.520678,2000.0
4995.526188,0.0,5807.528817,6000.0
81.088359,554.7,0.0,1000.0
1153.961386,295.0,0.0,1200.0
6262.211034,1456.07,5425.912807,10500.0
167.044456,1477.42,1434.563127,2500.0
916.487817,633.71,0.0,4000.0
5269.761999,0.0,663.355012,6500.0
189.434859,500.09,0.0,3000.0
1457.381936,0.0,236.725014,1500.0
1139.894588,0.0,1030.19301,1200.0
231.593057,2123.43,424.95317,7500.0
1625.249578,1814.65,1825.212313,3000.0
3840.50578,0.0,5558.961557,5500.0
279.501554,1365.5,0.0,5000.0
674.838072,56.42,419.348768,800.0
3215.344017,1149.92,5157.157638,6500.0
162.267397,907.99,339.493008,1120.0
2323.083307,0.0,4750.570325,6000.0
10.536718,385.4,0.0,2500.0
443.339878,0.0,857.622301,1200.0
2511.847024,109.0,317.452807,8000.0
1054.417866,0.0,239.097147,1200.0
876.008428,500.0,182.955711,1200.0
150.071799,1800.0,0.0,5000.0
1179.746682,30.0,39.323999,1200.0
739.847303,329.25,1153.945828,1000.0
2341.530186,1791.11,3091.496553,5500.0
290.079966,550.93,0.0,4000.0
1174.352352,0.0,166.250847,2500.0
18.957284,187.25,0.0,3000.0
365.674097,1169.73,0.0,1500.0
364.726077,0.0,555.036998,500.0
743.245283,1610.06,0.0,3500.0
16.967335,2767.85,0.0,3000.0
8.35947,81.78,0.0,4000.0
4530.205197,1750.66,26268.69989,8500.0
240.439583,481.01,461.403602,1200.0
745.774052,0.0,1221.85443,5000.0
0.0,226.07,0.0,2500.0
2347.383015,0.0,1480.171443,3000.0
2271.102591,272.93,1120.44963,2500.0
28.155795,324.17,0.0,1500.0
26.143505,124.03,0.0,1000.0
26.864424,373.77,0.0,7000.0
322.222745,2522.03,0.0,9000.0
1150.867752,108.0,0.0,1000.0
826.283578,2241.87,0.0,2500.0
564.02688,1007.4,0.0,2000.0
120.307206,653.95,0.0,2500.0
32.71168,350.0,0.0,3000.0
133.797452,2460.0,0.0,2500.0
532.467828,3262.5,0.0,4500.0
799.274442,906.81,730.50642,1000.0
857.256959,636.84,2224.941246,3000.0
6681.371469,2968.2,7709.347455,9000.0
34.775517,0.0,18.240626,1500.0
25.99831,398.57,0.0,2500.0
6256.556896,0.0,2045.731359,6500.0
561.003319,11577.0,875.58307,5500.0
919.252125,1002.4,196.076296,2000.0
3139.84354,859.03,1360.869614,9000.0
1106.42635,0.0,639.271966,2500.0
611.327959,518.88,0.0,600.0
1205.024103,1247.43,0.0,1000.0
600.450838,351.88,445.263361,800.0
32.928594,337.0,0.0,2500.0
35.862466,361.49,0.0,1500.0
673.592238,2199.62,0.0,3000.0
1456.624844,53.9,0.0,1500.0
1254.480637,0.0,263.591009,1500.0
5.135703,323.71,0.0,1500.0
706.327578,169.54,1406.735573,2500.0
3610.883496,0.0,2791.511852,4500.0
95.055337,133.45,437.390028,2500.0
1242.886266,17.6,0.0,4000.0
9.048773,316.2,0.0,2000.0
169.892916,973.5,0.0,2000.0
1397.560022,0.0,869.402466,2000.0
1185.330971,0.0,1651.711638,3000.0
978.771066,905.04,0.0,4000.0
283.691223,45.65,0.0,1000.0
6.24762,108.2,0.0,4500.0
28.612828,208.0,0.0,3000.0
677.778395,0.0,1361.306734,1500.0
724.614301,1534.71,1363.547989,1700.0
59.797799,309.25,0.0,2000.0
42.653615,93.24,0.0,5000.0
284.43378,212.92,0.0,1500.0
1569.712031,375.92,38.237206,1700.0
2130.050015,1044.2,0.0,6000.0
539.072205,240.51,0.0,500.0
31.872458,394.0,0.0,1500.0
209.026944,1520.76,0.0,3500.0
683.286191,706.08,0.0,1500.0
457.07022,1273.0,0.0,2500.0
13.440318,0.0,138.410148,1500.0
762.921161,1214.55,399.600567,1500.0
69.4432,368.16,0.0,2500.0
26.526741,135.31,0.0,1500.0
52.358663,658.24,0.0,4000.0
1144.128891,1373.27,1101.351331,4000.0
399.50457,740.11,0.0,1200.0
71.431411,2068.41,0.0,2500.0
42.288669,313.36,0.0,2000.0
528.324583,0.0,2101.089889,3000.0
1609.514614,0.0,136.209339,1700.0
442.111046,671.36,777.528996,3000.0
1075.032405,0.0,134.388107,1200.0
24.660951,0.0,398.729042,500.0
55.17712,532.64,0.0,2500.0
734.729977,0.0,428.36939,1200.0
2479.815703,5812.17,638.563709,10500.0
112.702102,1437.38,0.0,2000.0
3.513242,48.04,0.0,1500.0
2760.89889,0.0,4278.969301,7500.0
784.627873,641.0,913.146344,1800.0
4071.993764,0.0,1541.393819,5000.0
3616.393429,2459.18,0.0,5500.0
2971.600871,6513.38,0.0,5000.0
677.403883,0.0,1149.411566,1200.0
1884.083078,31.66,493.377807,2000.0
114.752318,387.12,0.0,2500.0
201.487515,1688.12,0.0,4000.0
299.531528,3473.11,0.0,7500.0
146.616802,0.0,614.430788,1200.0
2421.820915,0.0,4045.770203,5000.0
1728.29571,673.8,0.0,1700.0
1035.03102,704.17,0.0,3400.0
14.869439,391.68,0.0,1500.0
842.103869,496.56,0.0,1000.0
1809.917132,266.64,0.0,2500.0
399.156352,2870.76,0.0,2500.0
193.050982,1337.1,91.705707,10000.0
1243.68657,221.72,1324.264801,1700.0
135.418099,777.16,0.0,3000.0
19.587949,299.77,0.0,2700.0
745.368581,153.89,0.0,1700.0
274.305611,419.88,0.0,2500.0
0.0,443.28,0.0,3000.0
367.033521,567.75,0.0,600.0
475.301123,415.47,762.195411,7000.0
1865.271423,412.0,0.0,2000.0
1618.277656,3031.28,0.0,3200.0
36.57785,561.48,0.0,3000.0
443.558578,26.09,646.932676,1200.0
17.905235,159.0,0.0,4000.0
1514.885982,928.06,0.0,4500.0
63.292505,545.38,0.0,4000.0
4135.663046,0.0,3168.34945,4500.0
129.881716,672.0,0.0,1500.0
228.107524,510.32,0.0,5000.0
277.308988,1588.34,0.0,2500.0
20.920544,392.96,0.0,4000.0
1462.74666,2400.37,0.0,1700.0
328.436912,2738.82,0.0,1000.0
11.772828,101.0,0.0,1200.0
6105.102208,248.73,8554.169846,9000.0
1223.783946,135.24,0.0,1200.0
659.121167,458.5,0.0,1500.0
4228.417754,11994.71,496.521561,13450.0
384.803407,549.0,0.0,1000.0
141.656741,1109.83,379.155222,1200.0
18.120946,57.0,0.0,1500.0
1150.04204,1283.45,47.044876,3500.0
158.512412,713.64,0.0,3000.0
4925.078801,194.6,2746.434556,9000.0
61.653547,1194.22,0.0,3777.777778
1669.488962,0.0,254.011804,1800.0
23.587067,837.48,0.0,3500.0
61.253237,377.86,0.0,2700.0
622.55987,343.46,1898.121821,1500.0
677.077167,119.19,181.735735,700.0
2.910578,56.94,0.0,3000.0
807.555134,242.06,0.0,1000.0
1099.649455,0.0,72.841356,1200.0
2369.073061,0.0,1235.769004,3500.0
1.941328,15.3,0.0,5000.0
2365.48995,0.0,1294.098177,2500.0
1128.878514,129.86,372.192943,4200.0
806.446131,0.0,916.64405,3000.0
25.921726,268.92,0.0,1500.0
531.075085,485.73,474.10077,2500.0
1578.053342,177.21,0.0,1400.0
1371.187284,208.76,73.235325,1500.0
484.108869,0.0,850.784054,1000.0
48.573636,258.36,0.0,1500.0
709.475496,0.0,1240.838098,1000.0
1768.456809,449.73,0.0,3000.0
475.229863,126.03,452.857459,1200.0
75.244732,623.3,0.0,4500.0
18.627266,309.26,0.0,1500.0
980.922091,0.0,644.770362,1200.0
104.311214,1270.59,0.0,2000.0
2383.427985,95.08,2437.054164,2500.0
198.951791,0.0,1365.18629,2500.0
145.47022,95.0,0.0,1500.0
43.087983,133.0,0.0,3000.0
1273.498021,449.28,0.0,1200.0
33.880019,3421.12,269.61939,3500.0
21.881528,89.04,0.0,2500.0
1223.630962,2065.5,0.0,1500.0
1441.993476,0.0,2464.684708,3000.0
1070.631288,651.91,40.07681,1200.0
594.268871,1036.76,0.0,2500.0
25.715061,449.32,0.0,5000.0
1439.410201,184.7,0.0,1500.0
543.815182,0.0,45.475577,3000.0
36.979201,0.0,4262.120108,2500.0
9220.534572,1420.31,9816.782544,12500.0
6631.790101,74.17,4618.934859,9000.0
39.251217,1066.62,204.615371,3500.0
2.02217,0.0,438.924394,1200.0
38.068219,799.92,0.0,2500.0
578.795795,994.12,2578.563752,2500.0
1325.679991,1084.87,3330.913556,3000.0
743.52828,158.95,0.0,800.0
0.0,180.66,0.0,2700.0
41.789262,821.51,109.91813,4000.0
987.110602,0.0,1139.392895,1200.0
11.981427,187.55,0.0,1000.0
11.316443,112.23,0.0,3000.0
0.0,300.0,0.0,4000.0
523.127544,786.94,1088.139436,1000.0
650.485202,555.2,589.349657,1000.0
2320.107011,2118.42,3285.570621,5000.0
106.45347,2014.84,0.0,3000.0
281.112517,0.0,295.616931,1000.0
324.055174,2075.13,0.0,1500.0
617.999607,387.7,684.8408,1200.0
2076.211673,1057.0,0.0,2500.0
63.078242,114.0,0.0,3000.0
0.14446,0.0,97.038129,7000.0
1012.841277,0.0,790.832609,1500.0
6.526735,53.09,0.0,1000.0
83.258534,41.4,0.0,2700.0
852.530387,45.65,0.0,1200.0
304.249156,3127.98,0.0,6000.0
16.004225,159.44,0.0,2700.0
1087.784698,0.0,1562.703953,1500.0
3255.151368,1771.6,1279.568823,9000.0
69.336196,211.87,0.0,1400.0
1433.404387,0.0,1190.745349,2000.0
3278.506664,472.51,6548.948805,7000.0
68.624743,423.23,0.0,1000.0
1562.60448,880.22,0.0,2500.0
412.592491,0.0,1852.218171,2500.0
428.598828,208.0,164.032453,1200.0
2071.951442,2090.21,0.0,2500.0
973.560975,0.0,2061.53302,1700.0
624.633263,0.0,950.85274,1000.0
965.88461,1.0,561.024098,1200.0
82.568778,471.64,0.0,1200.0
383.370294,326.74,0.0,600.0
793.855972,1478.93,0.0,1200.0
51.199057,1319.04,0.0,3500.0
1488.628126,0.0,2909.050462,3000.0
92.596405,720.11,0.0,1700.0
382.63138,0.0,748.78028,1200.0
402.814647,960.09,373.408367,500.0
1271.172501,0.0,1865.939841,4000.0
124.743322,1007.45,0.0,2500.0
1060.039731,340.0,0.0,2500.0
90.084324,1098.82,181.725242,3000.0
85.851188,0.0,499.092982,600.0
2115.602918,320.0,2033.14898,3000.0
193.213122,2281.57,0.0,3000.0
82.98006,906.78,0.0,3000.0
991.773081,2020.0,600.188405,3400.0
5482.204366,0.0,4948.907169,9000.0
1016.496072,64.82,994.182547,1200.0
205.127197,1222.98,0.0,3000.0
1450.599152,2763.84,0.0,2000.0
1405.988009,1839.0,1684.658063,1800.0
424.968492,272.28,0.0,1700.0
74.4309,45.65,0.0,2500.0
24.818476,390.05,0.0,1000.0
1109.876538,0.0,645.643747,1200.0
679.421923,298.49,152.65779,1000.0
270.135147,958.93,0.0,1900.0
256.02662,2098.56,0.0,3000.0
794.661653,329.96,0.0,2000.0
1644.123638,0.0,830.132133,2500.0
28.80071,173.02,0.0,1000.0
976.390024,785.4,347.15722,3500.0
1005.660131,710.03,5001.078448,1500.0
700.723718,425.18,0.0,3000.0
8.27913,670.0,0.0,2500.0
1373.700066,267.75,38.898599,1500.0
215.475718,670.65,0.0,3000.0
108.857699,3224.34,0.0,1500.0
7.215615,54.45,0.0,2000.0
1736.930299,616.0,0.0,1900.0
242.53001,3520.0,0.0,650.0
1372.083399,800.0,0.0,1200.0
6388.820712,5154.75,0.0,9500.0
254.94701,2870.83,0.0,7500.0
15.813502,120.88,0.0,5000.0
77.383767,2321.87,0.0,1900.0
849.030358,345.0,101.511988,1200.0
525.17417,91.23,0.0,4000.0
510.953138,172.41,0.0,1200.0
486.17036,0.0,1494.441569,1500.0
2291.684027,4983.93,0.0,6500.0
145.722404,529.7,38.259988,800.0
286.814503,2016.14,0.0,1200.0
22.455964,185.25,0.0,1000.0
1108.987965,0.0,75.070968,1500.0
109.473217,1251.26,0.0,2700.0
233.092662,2613.65,0.0,6000.0
2112.63873,0.0,584.940187,3500.0
1.097736,343.82,169.355104,4000.0
874.905296,484.04,0.0,1000.0
844.022439,0.0,1125.228876,2500.0
87.034432,697.57,0.0,3200.0
377.56851,542.51,0.0,1000.0
2929.582949,0.0,1319.276782,3000.0
1101.792789,1591.37,447.953652,3000.0
623.583624,1344.85,0.0,2200.0
5.109352,0.0,78.990599,1000.0
2696.052766,0.0,3100.942646,3000.0
1592.102979,45.65,1465.069357,5000.0
14.453345,38.65,0.0,1000.0
1062.024069,0.0,402.337729,1200.0
1033.485033,137.57,0.0,1000.0
803.052704,19.75,0.0,2000.0
1551.908555,416.64,0.0,2500.0
936.370785,158.45,0.0,1700.0
1420.156349,0.0,445.913736,1500.0
14.143579,175.98,0.0,1500.0
68.10541,0.0,462.554056,500.0
3025.373271,202.72,988.076605,4500.0
2513.983606,0.0,6140.025312,6000.0
542.979227,1134.96,2370.439178,1000.0
144.436235,0.0,944.893512,1000.0
2017.391656,12024.37,0.0,8000.0
39.469095,418.97,0.0,3000.0
2579.907754,125.51,1377.049309,3000.0
34.703482,247.02,0.0,2500.0
29.466141,149.0,0.0,1000.0
2764.810135,390.52,75.74986,3000.0
27.931382,169.4,0.0,1500.0
2063.9223,0.0,3858.373703,4000.0
1615.724155,673.74,624.03835,2000.0
348.321822,0.0,178.138151,500.0
992.724168,527.88,1677.055839,2000.0
5.170635,367.95,0.0,1000.0
1361.815512,1309.72,814.086208,1700.0
1186.276559,391.67,0.0,1200.0
2966.412112,1473.26,979.388828,3500.0
1910.793773,2754.09,0.0,5000.0
1175.065336,2707.46,323.014918,1700.0
378.320894,315.02,0.0,1500.0
1492.443188,1777.27,0.0,5000.0
434.393219,343.5,949.910781,1700.0
11.673388,76.0,0.0,4000.0
1.063114,20.74,0.0,1500.0
12.169653,187.32,0.0,2000.0
738.067431,752.97,0.0,2500.0
77.285458,495.0,0.0,1500.0
1434.836893,413.16,3005.365682,3500.0
1247.905033,553.67,0.0,1200.0
88.35088,697.91,0.0,5000.0
252.174753,411.01,0.0,1000.0
1516.44717,0.0,2817.911587,6000.0
3374.66122,0.0,1154.99477,4000.0
1865.008929,0.0,2087.392116,2500.0
2413.719637,0.0,905.709193,2500.0
411.27629,1524.65,0.0,900.0
97.281118,3091.75,0.0,3000.0
568.222966,140.03,0.0,1200.0
2773.411911,418.68,2260.076139,3000.0
294.720216,1880.0,0.0,1000.0
1619.001848,0.0,4892.793928,5000.0
197.159684,0.0,351.023706,1000.0
954.617658,0.0,808.545456,2000.0
44.935526,401.06,0.0,1000.0
28.497217,258.91,0.0,5000.0
7114.235621,1072.24,2088.213086,10000.0
1007.440908,430.54,687.666124,4000.0
2471.904646,1590.58,283.730479,6500.0
733.100601,0.0,1588.05231,1500.0
1159.619047,0.0,73.699863,1200.0
1818.933435,0.0,1566.811923,2000.0
90.582466,809.79,0.0,2700.0
1819.444477,0.0,197.334971,2500.0
28.832982,266.58,0.0,1500.0
7.833571,92.24,0.0,1500.0
433.075331,750.0,0.0,1500.0
45.82108,632.0,0.0,4000.0
2724.169852,49.0,189.855977,3000.0
83.030075,2298.89,0.0,1000.0
1008.494418,639.7,0.0,1000.0
1688.247199,1937.64,967.811335,2500.0
608.300379,0.0,27.107553,1700.0
211.865308,2505.3,0.0,3800.0
454.181676,1361.65,0.0,4000.0
2646.022772,1541.13,1234.504809,4000.0
332.697638,1080.0,0.0,2000.0
489.488586,215.0,732.654518,700.0
312.197634,0.0,5104.121726,8000.0
205.421413,1174.98,0.0,1000.0
3300.406797,459.0,3895.391723,5000.0
5471.186593,0.0,8411.998221,9000.0
685.063917,0.0,110.795488,700.0
467.439275,0.0,938.573177,800.0
722.404832,0.0,1356.687002,1500.0
16.976117,424.99,0.0,5000.0
275.240429,0.0,610.08928,700.0
666.247487,511.34,100.749379,700.0
20.594739,320.64,0.0,4000.0
300.012533,3286.41,0.0,1400.0
45.905486,398.4,0.0,4000.0
3377.632916,0.0,1241.559904,5000.0
25.407311,504.96,0.0,3000.0
504.127471,0.0,18.042768,1200.0
2270.623981,1200.0,2629.671395,3000.0
2230.689402,0.0,2393.464326,2500.0
30.217276,332.5,0.0,3000.0
2741.024256,0.0,36.741165,3000.0
124.58001,1302.02,0.0,3000.0
1.695294,9.87,0.0,5000.0
349.788099,400.6,0.0,450.0
16.388956,68.88,0.0,3000.0
1551.842759,0.0,681.2559,1800.0
0.407093,49.0,0.0,3000.0
68.045739,501.85,0.0,1200.0
7081.171387,0.0,26194.04954,9000.0
211.35235,267.34,0.0,4000.0
1.533981,141.56,0.0,4000.0
827.00042,0.0,965.526999,1000.0
3495.735827,0.0,9413.199416,5000.0
1571.218695,375.24,1093.862642,1700.0
180.238427,2749.92,0.0,500.0
21.87058,405.0,0.0,4000.0
20.599719,423.62,0.0,2500.0
1979.782537,1687.62,1418.626391,3200.0
208.581872,2608.02,0.0,3500.0
2041.527181,94.16,972.530598,2500.0
786.158276,679.24,890.644405,1000.0
3.019634,45.6,0.0,1600.0
31.552814,1428.02,0.0,1500.0
37.550351,633.24,0.0,4000.0
717.764625,3358.25,0.0,4000.0
95.08385,817.66,0.0,2500.0
2.911999,347.55,0.0,5000.0
0.570113,29.0,0.0,2500.0
143.50998,549.17,0.0,1500.0
1587.706693,450.0,270.92481,1800.0
2246.21264,0.0,2561.494053,4500.0
3395.090243,0.0,9071.14623,9000.0
16.834929,15.0,209.025389,7500.0
1205.235951,413.23,0.0,1200.0
1354.623473,495.43,453.244036,2000.0
1923.696463,527.6,5326.343132,5000.0
0.0,30.98,0.0,4000.0
1610.489628,0.0,811.491192,2000.0
448.426181,0.0,1158.133733,1400.0
2455.423773,2695.07,1440.078629,3000.0
1237.897608,403.38,1593.700723,1500.0
1.344661,785.9,0.0,3000.0
1592.017292,372.09,0.0,4000.0
264.103675,3568.21,0.0,1500.0
1096.517209,0.0,2408.490506,2000.0
1099.221912,155.8,578.660857,1200.0
1775.884148,0.0,2444.627773,2500.0
6482.798242,0.0,706.910571,7500.0
3015.25965,0.0,4715.033095,6000.0
2722.532415,0.0,2946.839566,3000.0
33.585586,298.2,0.0,4000.0
4486.637152,1712.75,13665.03207,9500.0
162.580388,1403.42,0.0,2500.0
50.926002,165.97,0.0,1500.0
16.727286,174.46,0.0,1500.0
706.182752,3304.27,0.0,4000.0
2272.494247,614.37,2072.631184,2500.0
23.981951,1934.16,0.0,2500.0
987.102704,66.5,770.310099,2500.0
267.908144,30.0,117.579435,300.0
25.474414,240.0,0.0,2000.0
130.678469,1480.76,0.0,1000.0
465.86405,0.0,895.874898,1000.0
56.748977,470.38,0.0,4500.0
8.415931,136.36,0.0,1000.0
64.937308,442.03,0.0,1200.0
821.011673,399.99,0.0,2500.0
50.004286,341.14,0.0,3000.0
898.429424,495.7,1526.89916,1200.0
3179.056936,4407.78,0.0,9000.0
1322.64748,799.92,0.0,1000.0
12.472571,87.67,0.0,2000.0
1364.897308,0.0,1129.837811,1500.0
2572.293007,0.0,3585.959553,3000.0
416.729679,1243.04,0.0,3500.0
508.164075,57.0,360.728419,600.0
6.525943,290.5,0.0,2000.0
376.997522,0.0,928.598154,1000.0
134.299115,1059.18,0.0,4000.0
3.483716,98.81,0.0,3000.0
1579.595049,35.0,0.0,1800.0
1520.956418,450.67,0.0,1500.0
664.911581,0.0,1158.897578,1800.0
483.422715,1196.35,0.0,5000.0
179.825945,1212.66,456.612334,2500.0
314.417629,300.0,556.806033,1200.0
427.642111,0.0,2563.705644,1200.0
1120.08097,0.0,1218.392345,2500.0
772.338967,198.39,0.0,1000.0
864.410501,0.0,1914.752895,2500.0
65.915182,840.0,0.0,1000.0
518.894713,0.0,2166.099038,1200.0
1006.592714,1341.62,0.0,1200.0
89.513525,1452.41,0.0,3000.0
448.808529,0.0,667.057963,4000.0
1845.623354,480.9,1898.921039,3000.0
4.326857,100.12,0.0,4000.0
124.292939,155.0,812.350168,2500.0
18.180646,220.06,0.0,1000.0
1623.723148,1283.16,274.532868,1700.0
1502.000147,0.0,38.652502,1500.0
106.894095,62.73,0.0,5000.0
865.161494,857.8,0.0,1200.0
1.199105,20.0,0.0,500.0
342.76107,20.0,148.074839,500.0
153.027262,1455.78,0.0,1500.0
1295.87959,184.27,906.848796,2000.0
360.671491,3956.64,148.682192,4500.0
2.571837,99.0,0.0,2500.0
2202.376446,0.0,1701.905324,6000.0
82.470475,282.75,0.0,1000.0
1109.84819,261.56,1192.668467,1200.0
116.343256,38.0,0.0,1500.0
482.671967,0.0,18.976859,500.0
3332.460521,1061.66,3820.451636,4500.0
13.353513,717.95,0.0,5500.0
1648.217916,250.0,1822.194082,3000.0
61.763018,35.3,0.0,1500.0
722.855351,0.0,396.516695,2500.0
1836.565272,0.0,1265.552953,2500.0
4.115287,60.0,0.0,2500.0
36.898142,942.34,0.0,1500.0
1366.778251,5065.83,48.245421,1700.0
771.773362,750.0,0.0,4000.0
2134.176153,4253.64,0.0,7000.0
9.113909,106.56,0.0,3000.0
845.815387,37.5,0.0,1000.0
10856.48301,45.65,5096.886673,14500.0
352.58799,281.81,0.0,1600.0
438.4161,673.68,0.0,1000.0
1348.085189,0.0,1364.200415,3500.0
219.885039,1857.17,0.0,1800.0
22.35378,284.5,0.0,1000.0
25.201833,609.01,0.0,3000.0
4617.891585,1973.0,1817.470617,4500.0
1757.439933,0.0,2408.007601,2500.0
1064.473728,0.0,904.682287,1200.0
1420.656377,0.0,1773.769481,2500.0
862.413024,108.0,925.602681,1000.0
1061.570865,0.0,525.428754,2500.0
2.422926,64.0,0.0,4000.0
0.0,147.0,0.0,2500.0
1746.714825,0.0,113.673261,1800.0
52.278293,346.46,0.0,4000.0
4.448015,71.81,0.0,3000.0
858.880154,65.0,1054.41113,3000.0
1034.332765,0.0,279.336255,1000.0
68.156278,785.76,0.0,2000.0
3919.394766,467.06,11173.77587,8000.0
2339.4425,2941.53,0.0,3000.0
0.0,228.59,0.0,4000.0
91.478145,209.4,0.0,2000.0
58.603273,2080.51,0.0,2500.0
38.475299,61.8,0.0,1000.0
477.903003,566.12,493.409789,1500.0
1291.394861,778.12,0.0,1200.0
54.713751,578.6,0.0,2500.0
223.281483,4151.48,0.0,3000.0
1641.801417,1192.18,1026.486577,2000.0
107.271213,726.42,0.0,1000.0
99.040178,1100.0,0.0,1000.0
972.604156,0.0,803.573286,1200.0
357.593551,68.0,0.0,1500.0
15.922218,300.0,0.0,2000.0
53.090328,546.7,47.68994,2500.0
827.66215,965.0,0.0,2000.0
615.726189,1317.34,0.0,2500.0
94.277559,2290.0,0.0,4500.0
1219.044349,0.0,927.862723,2500.0
16.707289,69.23,0.0,1500.0
1361.203619,952.09,2749.569996,1500.0
2194.238291,545.83,3222.211747,8000.0
445.146763,2118.54,203.910421,1000.0
32.726042,303.51,0.0,1200.0
2896.14848,321.81,1925.397633,3500.0
1630.431093,43.89,534.841135,6000.0
1847.085007,1573.35,0.0,6000.0
779.577168,0.0,2757.126538,6000.0
76.631162,406.78,0.0,7500.0
532.738123,5403.84,0.0,7500.0
1060.630483,330.0,0.0,1000.0
840.144184,2790.72,0.0,1000.0
377.723728,4587.21,0.0,4500.0
84.442485,1515.73,0.0,2000.0
1145.052414,115.95,191.654534,1500.0
1109.606747,1625.95,0.0,3000.0
8.68618,55.72,0.0,1500.0
463.59969,811.11,234.763929,500.0
100.418706,1021.13,0.0,2000.0
1095.984736,374.53,1391.256381,1200.0
342.742855,3673.32,0.0,4500.0
645.406005,0.0,929.220085,1000.0
123.456942,1378.92,0.0,2500.0
1492.606493,0.0,2361.57578,2500.0
0.0,110.4,0.0,1000.0
230.565492,2092.44,0.0,2000.0
144.555083,1352.1,0.0,2500.0
0.0,1027.92,0.0,2500.0
968.188634,69.44,0.0,1000.0
464.578589,0.0,502.58572,500.0
1659.190866,770.9,1191.521187,2500.0
2936.43825,2177.32,1935.422714,5000.0
2743.766025,150.0,1562.979881,3500.0
2900.907214,1189.36,1572.492719,6500.0
785.704401,1059.82,2083.277724,3600.0
884.175745,266.56,365.489055,1200.0
618.966003,4709.14,0.0,4500.0
6.682815,202.15,0.0,4000.0
665.623904,581.43,2158.502052,2500.0
130.890211,131.26,0.0,3000.0
2030.838228,3165.54,0.0,6000.0
411.362969,10.79,0.0,1200.0
1091.973832,0.0,77.349474,1200.0
77.32592,664.51,0.0,2500.0
1131.503917,120.0,0.0,1200.0
1723.887407,2598.91,695.211518,2500.0
19.01482,604.26,0.0,4000.0
1337.287314,1662.41,0.0,1500.0
26.531265,373.39,0.0,3000.0
955.588927,0.0,54.066975,1000.0
903.04158,350.0,0.0,1000.0
218.004416,0.0,272.866274,500.0
328.943655,0.0,746.311927,1500.0
607.880635,0.0,2266.490818,1200.0
589.8109,0.0,4397.346355,2000.0
107.48717,0.0,1391.262316,1500.0
4749.435135,0.0,5882.516718,9000.0
14.097101,140.4,0.0,2500.0
11.332157,136.08,0.0,1200.0
13.648487,146.46,0.0,4000.0
1086.853086,178.0,0.0,1200.0
109.794839,259.28,0.0,2500.0
183.28584,23.75,64.006247,500.0
5262.745812,0.0,4117.515089,6500.0
2925.584749,1066.56,0.0,3000.0
1075.827234,342.65,614.082528,1200.0
182.514528,157.67,214.94366,1000.0
1354.155365,50.0,627.630949,3000.0
666.010085,504.87,271.354588,1000.0
0.0,420.6,0.0,2000.0
2912.281553,1228.07,2784.294727,5400.0
17.832004,148.0,0.0,10500.0
1381.080028,360.0,0.0,1000.0
1009.483517,278.55,0.0,1000.0
465.003141,500.0,0.0,1000.0
1735.597569,1591.11,0.0,2700.0
202.681879,312.5,170.577213,500.0
1544.621765,1534.12,0.0,2000.0
733.760958,371.76,0.0,3000.0
88.570138,535.83,0.0,2700.0
271.05166,86.0,0.0,1000.0
1113.396708,2701.58,0.0,1500.0
144.621301,1584.49,0.0,2000.0
191.333253,637.19,0.0,2500.0
1334.012141,0.0,152.353179,1500.0
25.192974,764.64,0.0,4000.0
0.19009,267.0,0.0,4000.0
1731.623546,0.0,4733.441645,2500.0
77.321718,278.44,0.0,2500.0
134.961317,1432.66,0.0,2000.0
1017.982199,0.0,2247.107682,1200.0
981.10306,240.0,0.0,1000.0
802.87844,3228.26,0.0,3000.0
1712.340703,1711.36,0.0,3500.0
3178.011925,0.0,4754.93083,5000.0
670.177406,4562.69,0.0,9000.0
257.564141,2971.83,0.0,6000.0
2091.582046,179.23,2682.810269,6000.0
80.545433,374.37,0.0,1500.0
8.404256,0.0,132.266653,2500.0
212.862735,262.24,0.0,1000.0
3.164023,51.73,0.0,4000.0
405.194627,0.0,293.097125,1500.0
69.190177,431.52,0.0,2700.0
530.574252,5221.42,0.0,3000.0
56.215217,402.13,0.0,1000.0
4444.817182,237.5,728.526785,5500.0
1075.185409,398.53,0.0,1000.0
20.639295,464.64,0.0,3000.0
29.129725,248.76,0.0,3200.0
205.123089,197.42,0.0,1500.0
939.989584,0.0,56.443763,1000.0
0.0,10.89,0.0,4000.0
862.276499,174.84,276.675751,1000.0
184.212569,1292.76,0.0,7500.0
1381.084668,162.56,186.248313,3000.0
216.64893,4606.71,0.0,2000.0
3322.674158,0.0,3221.755751,7000.0
33.384649,109.32,0.0,1200.0
188.132508,515.88,0.0,2700.0
0.533581,109.62,0.0,4000.0
84.830501,702.32,0.0,5000.0
94.116597,1041.5,0.0,2500.0
490.16004,3530.93,0.0,4000.0
1020.535366,205.54,0.0,1200.0
1137.469948,1865.56,157.80548,1200.0
0.0,136.8,0.0,2700.0
42.375573,150.56,0.0,4000.0
30.044075,420.0,0.0,1500.0
1333.252963,0.0,408.108731,4000.0
973.039129,964.2,0.0,1200.0
41.550285,421.6,0.0,1000.0
23.407282,240.47,0.0,2500.0
413.936244,187.5,0.0,1000.0
613.893503,2078.56,0.0,1800.0
1369.504264,1603.8,0.0,1300.0
49.682373,412.32,0.0,4000.0
60.37904,712.0,0.0,7500.0
468.256151,55.0,54.149701,500.0
12.642164,175.56,0.0,1000.0
35.074422,72.4,0.0,1500.0
1410.226871,1680.91,0.0,4000.0
17.838173,164.7,0.0,3000.0
81.364936,710.16,0.0,1000.0
888.101401,100.0,896.57899,1000.0
3.744789,78.33,0.0,1000.0
401.822565,518.23,0.0,1700.0
14.017311,327.8,0.0,1500.0
54.58197,247.66,0.0,1700.0
15.523256,0.0,357.184643,500.0
1950.482518,0.0,2660.139985,2500.0
1747.492429,0.0,1769.875637,3000.0
40.762516,376.0,0.0,10000.0
1039.267052,0.0,3172.729359,3500.0
0.0,247.44,0.0,1500.0
13318.65912,3504.74,1306.849608,17500.0
5658.938986,111.54,3344.962624,6500.0
341.901741,152.84,1008.117498,1200.0
85.095626,1553.04,0.0,2000.0
933.05808,0.0,634.617283,1000.0
9.252573,0.0,943.60879,1200.0
100.403989,790.0,0.0,1000.0
77.866345,1403.34,0.0,4000.0
991.097892,180.0,0.0,1000.0
6.692421,333.42,0.0,4000.0
22.161656,1240.58,0.0,1500.0
15.281665,124.25,0.0,4000.0
30.88047,316.6,0.0,1000.0
151.467852,1554.52,231.721336,1000.0
14.471941,120.0,0.0,3000.0
17.734657,209.28,0.0,2700.0
1.931162,152.72,0.0,2500.0
922.615452,45.65,0.0,1700.0
822.579064,1188.24,0.0,1000.0
233.755366,521.23,0.0,1000.0
1216.704733,0.0,2902.295257,3000.0
15.587005,156.0,0.0,2000.0
691.466157,549.96,0.0,1000.0
1200.937942,0.0,1981.157622,2000.0
36.85818,583.38,0.0,2500.0
3542.074874,884.98,4547.294728,5000.0
38.864992,331.94,0.0,1500.0
0.0,631.2,0.0,4000.0
27.254213,316.3,0.0,2500.0
2687.82033,167.6,2916.277862,3000.0
16.024822,113.44,0.0,3000.0
52.806957,266.68,0.0,2000.0
110.983174,458.47,0.0,2000.0
1969.737768,0.0,2410.842591,2500.0
187.536914,530.04,0.0,2500.0
834.642993,0.0,239.875612,1000.0
613.814108,875.14,550.606961,1800.0
3076.422342,329.36,2248.274005,3500.0
0.147275,66.78,0.0,4000.0
33.078633,303.91,0.0,1200.0
413.091214,0.0,1117.162764,1200.0
5.416921,288.8,0.0,3000.0
35.120942,372.0,0.0,2700.0
196.626598,2017.11,0.0,7500.0
1256.81927,1674.96,0.0,1000.0
251.144969,88.51,1515.283623,1200.0
1718.885963,578.78,0.0,1000.0
891.332656,411.25,0.0,1500.0
31.812848,662.0,0.0,3500.0
120.632505,1310.2,0.0,2500.0
2162.267501,151.13,1005.55853,2500.0
15.740657,72.0,0.0,1000.0
0.004816,51.7,0.0,3000.0
449.733124,788.58,0.0,3000.0
130.545845,1738.48,0.0,2000.0
2.117128,99.96,0.0,3000.0
1125.306541,703.05,0.0,1300.0
1377.40225,180.0,348.436666,1500.0
59.020085,58.7,0.0,1500.0
337.269567,2125.84,144.207417,1200.0
15.978538,136.92,0.0,2500.0
0.0,140.4,0.0,2200.0
372.14586,643.01,0.0,1500.0
130.484418,1428.97,0.0,7000.0
5134.553859,2502.34,0.0,6000.0
944.346242,195.0,126.612663,1000.0
1367.284172,542.33,1790.86019,1500.0
1418.899282,57.66,63.085612,1500.0
390.077505,1156.0,0.0,10500.0
0.0,37.65,0.0,1500.0
17.765052,0.0,112.476618,2200.0
81.170395,626.5,0.0,2500.0
1378.110585,0.0,192.997392,2500.0
110.428278,624.72,0.0,1000.0
435.490797,0.0,58.565665,500.0
676.771001,356.8,1213.388649,1200.0
1278.279881,15.0,0.0,1500.0
111.539712,1364.86,0.0,4000.0
13.61768,396.0,0.0,3000.0
2935.397877,0.0,343.694226,3000.0
32.029579,332.8,0.0,4000.0
11.720573,109.44,0.0,2500.0
73.064932,221.52,0.0,1500.0
262.528147,234.98,0.0,1700.0
2731.663846,0.0,5724.953197,8000.0
1004.441314,530.32,0.0,1000.0
160.347859,0.0,36.943081,500.0
772.008306,0.0,1428.576393,1500.0
0.0,271.56,0.0,2000.0
1601.393425,190.0,18.638559,1500.0
3342.878215,1368.7,1594.327632,7500.0
1321.645967,0.0,91.920629,1500.0
1079.462513,389.21,190.643054,1200.0
1917.89573,285.07,6084.858872,3000.0
870.802164,350.0,0.0,1200.0
224.795583,240.74,0.0,1000.0
8.80954,114.0,0.0,4000.0
42.522715,479.5,0.0,1000.0
568.690902,103.68,455.053644,7500.0
101.98974,1046.04,0.0,1000.0
617.496041,521.64,0.0,1500.0
118.918332,1151.64,0.0,2000.0
933.928303,0.0,570.718948,2000.0
1743.826099,1630.07,0.0,1500.0
2.140583,238.92,0.0,2500.0
18.973831,88.96,0.0,1500.0
7.554365,88.56,0.0,1500.0
1001.435526,0.0,1098.291504,1200.0
651.55986,599.55,0.0,1800.0
97.299991,427.67,0.0,2500.0
425.848048,0.0,697.854267,500.0
248.626137,2635.25,0.0,5000.0
2046.306856,1942.39,1488.710959,4000.0
341.73986,0.0,2584.241719,3000.0
2064.106212,0.0,1497.565331,3000.0
1127.633173,422.55,150.157754,1200.0
135.119023,222.0,0.0,1700.0
1043.025044,576.0,48.874389,1000.0
512.915157,1799.45,76.417858,1500.0
33.100875,277.47,0.0,1500.0
2676.253141,0.0,2832.570661,3000.0
0.0,123.1,0.0,4000.0
213.434094,840.61,0.0,1200.0
1988.595057,0.0,49.91246,2000.0
957.289879,66.66,2531.717743,3000.0
19.303914,168.9,0.0,1000.0
1377.230621,0.0,1064.960986,2500.0
2784.030599,1470.0,3149.955535,7000.0
4.076145,596.64,0.0,2000.0
37.983045,242.24,0.0,2000.0
0.0,152.28,0.0,4000.0
5.020473,100.05,0.0,4000.0
227.141183,2604.0,0.0,3200.0
3572.844689,504.0,0.0,3500.0
1179.159897,757.85,0.0,1200.0
39.930624,399.95,0.0,1200.0
1141.905542,8.4,54.519422,1200.0
777.739839,262.6,0.0,1000.0
20.890606,110.0,0.0,1000.0
2934.090889,0.0,2710.056224,3000.0
1245.654818,626.56,1658.285219,2500.0
32.369733,326.45,0.0,1000.0
1.846916,604.32,0.0,1500.0
392.896462,450.0,517.197717,500.0
641.317325,1099.56,0.0,4000.0
40.977812,502.92,0.0,4000.0
121.446047,1254.46,0.0,1000.0
16.176672,95.55,0.0,1000.0
259.217679,2844.3,0.0,2500.0
1355.979715,51.41,3213.886545,3500.0
10.266994,141.24,0.0,3000.0
134.62028,648.9,295.655611,1200.0
14.773807,160.0,0.0,1800.0
23.692271,165.57,0.0,3500.0
23.126579,213.95,0.0,2000.0
888.406678,347.7,0.0,1000.0
779.549673,412.55,214.232874,4000.0
3278.982195,0.0,4431.586287,4500.0
1356.785114,0.0,1397.221909,2500.0
1301.813081,0.0,101.766866,1400.0
1857.961278,0.0,1005.292057,2500.0
131.290079,359.44,0.0,1500.0
916.749476,246.82,925.950908,1200.0
59.831187,532.68,39.325487,6000.0
12.65849,166.32,0.0,2500.0
1726.035224,1065.65,3004.987382,3000.0
1430.681807,1916.04,181.347255,1800.0
38.915874,564.0,0.0,2000.0
955.184754,498.96,0.0,1000.0
1723.733705,0.0,1043.260997,2200.0
54.27007,2071.92,0.0,9000.0
945.793928,253.31,152.277594,1000.0
135.843015,1111.4,0.0,1050.0
930.65642,300.05,0.0,1200.0
21.181957,431.7,0.0,3000.0
31.997904,0.0,136.755929,500.0
1255.20988,0.0,3833.037,2000.0
1673.480135,0.0,2268.363869,2500.0
3399.279094,0.0,2639.92834,7000.0
1411.096444,270.0,711.48812,1500.0
226.306461,0.0,788.235661,1200.0
1179.613243,0.0,73.629879,1200.0
43.405954,520.65,0.0,2000.0
1671.319193,0.0,970.624828,2000.0
1193.342587,311.45,1199.531976,2500.0
2483.739581,0.0,2923.8863,3500.0
1980.103629,926.06,2700.516738,4000.0
2000.759048,801.77,0.0,3000.0
2495.25505,89.9,5290.393032,6000.0
7215.19576,0.0,7275.716281,7500.0
8.087225,515.0,0.0,3000.0
31.083023,138.04,0.0,2700.0
1276.491537,65.8,4422.783845,2500.0
184.57666,408.36,0.0,1000.0
5.606423,114.0,0.0,4000.0
6.260598,35.0,18.280043,1000.0
2.668569,0.0,91.849463,1200.0
135.357366,1592.57,0.0,300.0
520.075249,0.0,2209.490538,2000.0
1036.242361,365.9,0.0,1000.0
1095.180685,459.0,1972.439122,3000.0
995.323626,127.49,18.204577,1000.0
472.691037,1556.32,1083.580859,1500.0
1111.110344,608.75,0.0,1200.0
221.116228,117.5,271.778244,1200.0
387.162964,269.93,1838.276268,4000.0
169.820745,1578.12,0.0,1000.0
0.0,136.71,0.0,3000.0
46.996535,0.0,2370.681355,3500.0
2006.452959,219.97,308.933151,2000.0
14.428951,200.0,0.0,3000.0
8.844399,116.68,0.0,3000.0
189.499535,1802.93,258.954597,1000.0
117.061924,154.0,0.0,1500.0
42.055305,774.37,0.0,3000.0
266.51948,1651.12,0.0,2000.0
41.386295,194.57,0.0,2200.0
147.14671,356.68,0.0,2700.0
763.228081,0.0,1948.071903,1200.0
1606.875936,1863.48,0.0,6500.0
168.600813,1949.73,2768.260223,2000.0
1333.899916,356.77,1107.81888,3500.0
41.624195,102.0,0.0,1000.0
1021.334556,300.0,0.0,1000.0
1047.173202,450.0,0.0,1000.0
1829.837678,0.0,853.585813,2000.0
772.647723,0.0,970.37112,2500.0
114.297852,994.54,0.0,1000.0
12.039155,100.0,0.0,3000.0
0.0,52.5,0.0,3000.0
785.198515,1207.42,0.0,1200.0
1056.98996,0.0,1388.219296,2000.0
0.437285,6.9,0.0,8500.0
737.775044,107.94,2723.362442,1500.0
219.749851,1208.38,0.0,1000.0
1135.540743,1148.47,0.0,1450.0
247.142072,245.0,0.0,500.0
1140.673705,438.83,631.332476,1800.0
2692.11891,594.7,346.333741,3500.0
19.296018,210.0,0.0,1000.0
22.061664,208.8,0.0,1000.0
411.062591,0.0,988.119391,500.0
1990.482788,55.0,5807.425413,3500.0
171.402357,755.5,0.0,2700.0
974.749857,0.0,998.896759,1200.0
1437.545676,0.0,154.529131,3000.0
492.947466,0.0,1826.582575,2500.0
758.118109,837.44,0.0,1000.0
482.028341,106.47,0.0,2500.0
419.22185,0.0,1117.228257,1200.0
0.228572,60.0,0.0,1500.0
57.116811,27.79,381.171145,4500.0
61.21162,280.83,0.0,1500.0
4436.557694,6005.9,567.971877,10500.0
798.746133,233.16,779.357321,1500.0
5658.669875,740.89,4599.29664,11000.0
1105.179825,200.0,0.0,1200.0
20.595501,289.78,0.0,2700.0
435.518068,27.22,0.0,500.0
11.391553,201.52,0.0,4000.0
1058.726643,191.0,1639.830365,2000.0
2732.732417,374.95,3998.665108,5000.0
21.999733,343.75,0.0,4000.0
176.991674,763.71,0.0,1200.0
12.108421,0.0,625.979655,1000.0
3553.326258,627.81,4863.883228,5000.0
51.08934,140.75,0.0,1000.0
161.926545,1427.83,0.0,14000.0
8.248278,0.0,74.905547,4000.0
514.17242,45.65,0.0,1000.0
404.316166,176.0,0.0,1000.0
64.472043,200.02,0.0,1200.0
61.628782,457.31,0.0,1500.0
535.927055,0.0,562.957567,1200.0
691.181508,439.92,0.0,1000.0
2144.040539,0.0,14127.46664,3500.0
155.29619,449.18,0.0,1800.0
536.425055,3302.01,0.0,2000.0
3838.460036,230.22,3816.470266,4000.0
20.12252,212.82,0.0,2500.0
876.69029,0.0,1089.711093,1000.0
792.349098,0.0,1795.077768,2000.0
12.090835,0.0,39.158589,1000.0
56.13816,555.1,0.0,2700.0
43.438252,194.1,0.0,3000.0
59.702526,674.68,0.0,1000.0
94.604491,816.0,0.0,2500.0
22.427861,340.5,0.0,2500.0
386.6865,0.0,290.592428,500.0
2149.205166,0.0,1114.317913,3000.0
64.995822,550.0,0.0,2500.0
190.570683,620.64,0.0,2500.0
970.598275,0.0,1381.573316,1700.0
24.992059,292.5,0.0,2000.0
383.965702,3552.44,0.0,10500.0
1004.937342,150.45,1891.647657,5000.0
3748.676835,967.5,4420.346154,4000.0
331.110003,3816.0,0.0,2350.0
2.936186,40.7,0.0,3500.0
104.693836,783.24,0.0,2700.0
31.072032,234.58,0.0,2000.0
109.009133,749.18,0.0,1000.0
385.845093,0.0,2397.763368,2500.0
1209.031561,103.91,5910.81455,2500.0
2837.962185,898.2,958.26211,5000.0
1929.069939,0.0,973.827667,2500.0
324.479364,0.0,1156.870667,2500.0
597.184048,517.0,2446.857321,1500.0
468.022403,488.93,132.146931,1000.0
223.820349,1176.72,98.219677,300.0
2757.097566,1533.04,686.790836,3000.0
44.540733,446.62,0.0,4000.0
1410.909779,698.88,948.848018,1200.0
219.709329,586.64,0.0,1000.0
2075.870968,0.0,996.279137,2500.0
84.988845,280.0,0.0,2500.0
48.487138,261.81,0.0,1000.0
1228.217369,836.4,382.163862,1400.0
1174.249291,233.54,1664.224665,2000.0
991.11995,0.0,1341.446355,1500.0
1142.302592,0.0,175.924692,1200.0
1056.794852,0.0,3291.524402,3000.0
4302.771935,0.0,5875.404159,6000.0
279.811953,399.9,0.0,1000.0
54.598322,832.68,0.0,2000.0
2323.50306,66.0,1750.387105,3000.0
997.781043,0.0,56.553047,1200.0
96.698289,1052.28,0.0,2000.0
39.02645,158.96,0.0,1500.0
71.98176,459.49,0.0,1000.0
2537.341739,2286.06,769.988993,4000.0
14.665071,108.85,0.0,1000.0
66.0478,674.67,0.0,600.0
190.096469,561.99,0.0,1000.0
3380.523396,1012.31,3294.766081,4000.0
229.272651,0.0,751.963727,1200.0
2473.175598,0.0,1462.361808,3000.0
26.625558,199.2,0.0,2700.0
19.161629,638.08,0.0,2500.0
2271.907354,0.0,1253.401339,2500.0
1973.025342,0.0,2009.582123,2000.0
29.040058,289.63,0.0,1000.0
935.042217,1000.0,0.0,1200.0
863.821682,145.81,315.650923,1000.0
2128.836017,0.0,2474.142891,5000.0
1299.027426,731.45,2823.614133,1500.0
2066.764509,421.12,2099.57077,2500.0
6008.914524,0.0,8304.470149,9000.0
1420.676352,1379.12,346.104638,1500.0
1304.669711,938.95,718.244077,6000.0
42.204276,655.73,0.0,500.0
420.348086,3986.24,0.0,1500.0
636.560481,202.77,1148.569187,1500.0
2648.244646,0.0,10458.97815,4000.0
174.909754,0.0,721.16471,1500.0
1016.52185,44.0,1069.450087,1200.0
2080.12257,0.0,3014.915206,3000.0
289.220297,0.0,1048.868332,1200.0
1079.106678,0.0,390.485014,1200.0
7.258112,57.0,0.0,1500.0
403.311321,208.0,438.543672,4000.0
15.410246,51.02,0.0,4000.0
1094.961929,498.21,1188.796657,1200.0
254.260019,2184.72,0.0,4000.0
110.474358,1294.42,0.0,2500.0
17.699123,0.0,29.421611,2000.0
77.097563,233.62,281.332123,1000.0
0.0,39.54,0.0,3000.0
777.210275,622.51,1387.449608,1000.0
25.840196,277.56,0.0,1000.0
150.897044,0.0,900.772781,2500.0
192.25979,86.03,997.125484,1200.0
11.115883,216.36,0.0,1000.0
801.688726,325.92,0.0,1000.0
105.333584,306.0,0.0,6000.0
32.944835,185.8,0.0,1000.0
192.766707,55.0,455.904257,2000.0
53.684439,862.47,0.0,2500.0
229.752417,82.28,0.0,1000.0
184.007838,526.92,0.0,1500.0
626.342256,956.64,0.0,7500.0
4.602365,38.42,0.0,1000.0
438.94049,883.64,480.86377,1000.0
5.902257,246.25,0.0,1000.0
1226.820889,0.0,1719.367591,1500.0
485.236136,0.0,2250.075872,3000.0
50.445122,685.32,0.0,1000.0
1551.331695,349.92,0.0,1500.0
1158.905046,82.9,3259.28324,2500.0
26.143768,0.0,490.493,1000.0
572.838755,442.23,0.0,600.0
993.453968,1114.26,0.0,1500.0
880.18183,58.4,192.159314,2000.0
252.359096,2487.0,0.0,450.0
321.606195,2476.3,0.0,2000.0
215.295527,599.03,0.0,1000.0
1222.080889,750.0,2452.136461,2500.0
1678.5937,1846.81,0.0,3500.0
654.849672,630.0,0.0,2500.0
21.462595,193.4,0.0,2500.0
1931.8739,477.7,2212.17081,2500.0
142.637508,1650.0,0.0,1000.0
10.400883,533.98,0.0,1000.0
3857.56223,0.0,2127.213754,5000.0
1173.880289,0.0,1434.78206,1500.0
111.098444,1105.89,0.0,2000.0
114.007097,2514.89,0.0,2000.0
23.167831,375.0,0.0,2500.0
40.764223,0.0,1374.929089,1200.0
2579.635387,0.0,6466.73381,7000.0
24.057927,441.78,0.0,1500.0
391.07025,2616.0,0.0,2000.0
1087.427214,0.0,1916.600175,3000.0
306.462394,1834.5,59.348405,700.0
6.995368,76.78,0.0,4000.0
412.149369,0.0,4034.656192,8000.0
92.887247,1258.5,0.0,1000.0
170.33501,586.95,0.0,1000.0
389.869208,736.01,501.026763,1200.0
41.479055,243.96,0.0,3000.0
13.962944,136.92,0.0,1000.0
61.15435,791.67,19.841346,1000.0
5.644904,47.5,0.0,3000.0
115.310676,1316.06,0.0,500.0
26.354114,1148.31,0.0,6000.0
200.907701,1100.0,0.0,1100.0
213.233979,2140.96,0.0,2500.0
361.67015,561.68,0.0,1500.0
64.907748,547.28,0.0,2500.0
940.351166,0.0,2045.393693,3000.0
383.449462,1159.06,0.0,500.0
2.660671,102.79,0.0,4000.0
80.707136,682.27,0.0,7500.0
4743.748932,399.0,1112.247446,5000.0
882.58129,2421.34,0.0,5000.0
1060.010246,0.0,78.971459,1200.0
1062.081424,328.37,1309.520408,1400.0
803.55907,618.07,0.0,1200.0
0.401279,31.5,0.0,3000.0
55.59749,479.98,942.597948,1200.0
1355.437063,0.0,407.884977,1500.0
7.85361,125.0,0.0,2500.0
0.0,64.62,0.0,1000.0
6.484008,61.71,0.0,1000.0
1157.568538,329.0,0.0,2500.0
91.669248,737.65,0.0,2500.0
304.309784,289.75,0.0,2500.0
460.331646,0.0,1759.775462,3000.0
789.814537,0.0,5654.92893,3000.0
5934.610587,0.0,302.678437,6000.0
18.908241,126.0,0.0,1000.0
32.092521,573.02,0.0,2000.0
87.189044,744.62,110.54162,1000.0
527.528311,467.4,781.387131,2000.0
9.712731,128.94,0.0,3000.0
1029.713408,1141.21,1812.095991,3000.0
458.26631,691.82,218.676375,1000.0
510.339352,509.55,696.126211,2500.0
121.385695,341.96,0.0,1000.0
1163.222817,0.0,2502.655964,2500.0
3911.628474,0.0,11951.90332,7000.0
400.554448,0.0,1157.684242,3000.0
361.725724,0.0,312.112534,500.0
495.16253,0.0,836.270564,1000.0
22.493402,291.28,0.0,1000.0
1.707488,32.04,0.0,2500.0
640.510192,351.89,998.213893,1200.0
28.697141,360.0,0.0,2000.0
123.822604,0.0,1625.784248,2000.0
2.850024,114.56,0.0,1000.0
202.968428,163.55,0.0,1500.0
8.905649,112.29,0.0,1000.0
161.754889,309.0,0.0,1000.0
139.396168,290.0,1128.392928,1000.0
3673.371108,2548.97,4300.701115,6000.0
383.881717,274.01,877.521511,500.0
5484.339435,0.0,5990.590134,6000.0
318.805232,300.39,163.100401,1000.0
726.323657,231.35,929.852206,1000.0
43.865582,0.0,551.777371,1200.0
5.140599,50.66,0.0,3000.0
95.802358,218.96,0.0,2500.0
5.629313,62.72,0.0,1500.0
306.688361,0.0,1426.678724,2500.0
2373.686499,1310.47,3667.381175,3000.0
231.422388,822.93,0.0,1200.0
105.182503,787.09,0.0,2500.0
9.996627,87.94,0.0,1000.0
1237.423459,650.0,0.0,1500.0
2373.308268,0.0,770.923152,2500.0
363.443477,1969.7,0.0,1200.0
2139.442272,68.22,6322.766113,5000.0
248.740266,1846.81,0.0,1000.0
634.759794,364.19,0.0,1000.0
1093.522518,577.12,0.0,1050.0
4572.797303,65.0,5075.019446,5500.0
320.360709,0.0,926.958974,1200.0
64.343051,281.05,0.0,1500.0
40.661132,235.3,0.0,1000.0
919.563867,3000.0,823.979128,2000.0
20.620429,169.66,0.0,1000.0
2096.451649,165.29,2359.624627,2500.0
85.881798,0.0,628.355222,3000.0
174.228543,3407.57,0.0,3000.0
48.283965,325.92,0.0,2500.0
602.210858,965.0,0.0,1200.0
22.987395,200.0,0.0,2000.0
1682.088431,2263.38,784.0266,4000.0
2046.727519,1369.72,1817.810563,2500.0
839.081567,0.0,609.463327,1800.0
28.244252,320.0,0.0,1000.0
929.113186,1622.0,0.0,1800.0
17.206623,109.0,0.0,1000.0
72.369731,588.0,0.0,2500.0
3239.011343,0.0,1678.519765,4000.0
67.251991,0.0,90.56246,500.0
397.138622,0.0,1188.211139,1200.0
1873.61991,396.26,2025.438092,2500.0
0.391963,43.33,0.0,1200.0
3.391066,72.44,0.0,1000.0
55.243291,750.0,0.0,2000.0
2.433343,0.0,38.606307,500.0
0.0,120.82,0.0,1000.0
31.932178,365.36,0.0,1833.333333
34.750769,2562.0,0.0,2300.0
14.508545,186.14,0.0,2500.0
410.466315,826.0,750.50253,1000.0
289.096953,3106.1,0.0,1300.0
2.044745,26.53,0.0,2500.0
13.084067,350.0,0.0,1000.0
1047.182049,1727.64,0.0,1000.0
161.442459,1767.61,0.0,2000.0
2.100274,65.0,0.0,3000.0
1384.431318,3013.2,0.0,6600.0
155.167572,1084.76,0.0,4000.0
1.644581,42.49,0.0,1200.0
39.885648,433.32,0.0,6000.0
16.065938,154.45,0.0,4000.0
0.0,113.0,0.0,4000.0
1478.079872,0.0,204.29492,1500.0
1455.213589,0.0,3195.76491,4000.0
3074.49082,0.0,3382.232089,4000.0
0.021102,0.0,922.817511,4000.0
11.918653,276.79,0.0,3000.0
1087.565213,0.0,216.51414,1200.0
439.357199,862.74,90.322514,1000.0
30.287602,0.0,827.814406,1000.0
100.212638,639.29,0.0,1500.0
12.209291,143.75,0.0,1500.0
6.646795,228.84,0.0,4000.0
17.832206,153.6,0.0,1000.0
73.243985,797.2,0.0,1200.0
799.00867,192.96,559.392054,2000.0
796.558943,531.24,888.107988,1000.0
3.364738,582.94,0.0,2000.0
143.538206,415.47,0.0,3000.0
2170.916313,70.77,2524.177008,2500.0
11.748193,80.75,0.0,2000.0
23.934205,266.1,0.0,4000.0
1869.63255,0.0,1897.993012,2000.0
150.269903,853.44,0.0,3000.0
11.395369,100.5,0.0,3000.0
13.125634,106.98,0.0,2500.0
1619.881506,441.18,700.951557,3000.0
7.054474,427.98,0.0,1500.0
26.771366,550.0,0.0,2000.0
126.872455,568.5,0.0,2000.0
3172.114278,454.13,4323.52433,4000.0
24.719209,280.04,0.0,2500.0
477.258038,49.0,0.0,500.0
22.322374,95.0,1162.045833,2500.0
986.84903,558.18,45.311387,1000.0
21.168201,236.4,0.0,2500.0
854.56751,978.26,1043.765101,1500.0
19.25682,185.02,0.0,2500.0
131.83593,2234.02,0.0,2000.0
528.107264,674.52,0.0,2500.0
908.465054,425.0,1457.729917,2000.0
482.407545,0.0,1071.188192,1400.0
3326.323283,8209.77,0.0,10000.0
16.270638,1131.46,0.0,3000.0
35.518273,283.8,0.0,2500.0
547.287057,0.0,243.336548,2000.0
528.463885,0.0,5191.738847,1000.0
1594.994317,667.0,1880.647102,2500.0
78.821949,1333.75,0.0,1000.0
1297.740903,944.44,1382.21391,1500.0
236.996845,0.0,3806.179299,1000.0
221.810125,0.0,903.684584,500.0
736.024188,350.02,0.0,1000.0
293.125181,2812.69,0.0,1000.0
117.344883,661.3,477.825546,1200.0
1175.241984,1102.72,136.401822,1200.0
31.111952,470.65,0.0,3000.0
1019.135688,0.0,1153.912092,1200.0
11.056609,334.85,0.0,3000.0
134.687754,2395.92,0.0,3500.0
116.036232,138.8,413.247771,1500.0
382.378002,0.0,1097.698179,1500.0
3.229304,190.2,0.0,1500.0
49.032869,360.96,0.0,1000.0
258.541401,2260.29,0.0,1800.0
575.662861,0.0,3628.692831,3000.0
19.125876,275.86,366.686248,1200.0
7.169078,118.2,0.0,2000.0
2199.65234,0.0,2476.783665,2500.0
0.919387,251.5,0.0,1200.0
1050.524091,0.0,1412.242287,1500.0
134.142415,1729.67,0.0,1200.0
34.223151,108.0,0.0,1000.0
28.838076,484.68,0.0,1000.0
52.666422,150.3,0.0,1000.0
212.244875,0.0,1503.182148,2000.0
1231.092907,250.0,782.610563,1800.0
9.630478,257.49,0.0,1500.0
1168.345069,0.0,96.091248,1200.0
38.68635,0.0,426.435424,500.0
460.081479,649.5,793.822988,1000.0
13.027653,0.0,411.480832,1200.0
417.444057,0.0,708.715173,1200.0
1889.128442,0.0,2994.518885,3000.0
1029.111236,0.0,1097.380897,1200.0
4696.525962,604.33,6400.248453,8000.0
1034.026449,93.34,432.159364,1500.0
1243.254633,0.0,1428.440429,3500.0
31.560931,300.0,0.0,1000.0
130.041299,581.28,342.397949,1000.0
1283.337407,1022.41,1158.035224,1200.0
1843.191023,1446.48,1450.172456,2000.0
896.563274,511.0,1084.460175,1400.0
1130.827049,0.0,1727.256593,1500.0
16.887571,1083.0,0.0,1200.0
5.529633,45.0,0.0,1000.0
655.786755,387.68,0.0,2000.0
37.123618,84.24,0.0,1500.0
2601.463574,0.0,528.119509,6000.0
819.462711,0.0,1131.611986,1200.0
414.631529,0.0,739.862664,500.0
20.996733,295.92,0.0,1000.0
112.390812,269.9,0.0,1500.0
997.496745,1629.83,276.760257,1200.0
32.182264,208.61,0.0,1000.0
19.303362,150.24,0.0,1500.0
2.892853,52.68,0.0,500.0
45.069167,218.28,0.0,1000.0
4.390888,0.0,19.35123,500.0
21.739563,255.6,0.0,1500.0
398.453246,0.0,647.778706,500.0
469.319087,383.81,870.533909,1500.0
42.577756,4061.96,0.0,500.0
1.307969,0.0,296.676377,1200.0
110.913143,2339.3,252.018346,500.0
1182.080141,266.68,848.848179,1000.0
85.900738,0.0,278.348105,500.0
1812.30897,219.8,1732.099796,2500.0
356.52371,1819.0,0.0,1200.0
272.310015,575.3,0.0,1500.0
7.696813,111.3,101.656544,1200.0
6.747965,277.44,0.0,1000.0
13.44199,56.51,0.0,1000.0
0.065402,69.0,0.0,1500.0
70.954998,616.67,0.0,500.0
1012.08968,312.48,0.0,1000.0
1107.848228,0.0,318.884066,1200.0
1528.122917,0.0,2426.656054,3500.0
342.361553,258.5,225.819508,1000.0
79.03891,750.0,0.0,1300.0
115.61103,379.32,0.0,1000.0
221.29129,1429.54,0.0,700.0
553.901465,458.76,0.0,1000.0
70.162707,599.0,0.0,1000.0
942.329974,450.0,722.690339,1200.0
683.188651,85.0,0.0,3000.0
4.107485,52.5,0.0,500.0
17.413459,264.8,0.0,1000.0
49.519627,210.0,446.514417,500.0
7.367128,479.71,95.299613,3000.0
1040.030221,0.0,1390.64829,1400.0
35.966227,216.12,0.0,1000.0
10.286805,60.0,0.0,1000.0
23.506407,256.69,0.0,1200.0
100.477642,1560.0,0.0,1000.0
21.718289,182.27,0.0,1500.0
2279.831751,0.0,404.329848,2500.0
474.451835,0.0,1016.333944,1200.0
0.006651,0.0,164.137866,1200.0
293.351517,0.0,247.986362,500.0
543.219992,0.0,1497.188933,3000.0
251.281423,1873.56,0.0,1000.0
2069.451252,0.0,2849.085564,3000.0
267.401555,156.6,0.0,1000.0
587.625834,0.0,1056.036609,1200.0
59.714532,305.84,0.0,1000.0
154.416929,483.27,108.462594,500.0
25.615441,146.5,0.0,500.0
272.833329,526.04,0.0,1500.0
444.841702,218.59,0.0,500.0
945.802599,540.0,912.094948,1000.0
848.44901,0.0,1371.216719,1500.0
327.508171,2477.68,0.0,2000.0
599.909949,4947.32,0.0,3000.0
1016.826034,0.0,1364.852957,1500.0
59.695937,370.56,0.0,1500.0
1112.915657,13.0,256.944059,1500.0
21.933648,113.0,0.0,1500.0
79.861604,427.36,0.0,1000.0
471.274037,49.85,458.153085,500.0
131.936915,1233.28,0.0,2000.0
115.327148,1042.4,0.0,2000.0
23.223559,387.32,0.0,1200.0
1904.376436,0.0,2185.071381,3000.0
39.564588,359.24,0.0,1500.0
7.581335,94.12,0.0,1000.0
1199.66533,0.0,366.121216,1200.0
1116.44317,0.0,18.904244,1200.0
0.648074,258.0,0.0,1000.0
2486.283073,0.0,4043.400571,4000.0
1031.037548,0.0,1117.043527,1200.0
1314.832328,0.0,1430.220725,1500.0
18.516899,260.4,0.0,1500.0
459.036183,755.0,0.0,2000.0
91.669477,824.5,0.0,1500.0
1929.555023,621.11,6691.286753,6000.0
1189.934589,0.0,2271.460329,3000.0
45.972648,0.0,90.651341,500.0
1.155609,117.68,0.0,1500.0
2898.484109,0.0,3021.097135,3000.0
368.318662,8053.95,0.0,2000.0
458.403218,0.0,2249.627477,1200.0
624.049989,500.0,0.0,5000.0
990.92233,0.0,1134.263273,1200.0
263.63692,1350.7,0.0,1500.0
699.712899,0.0,1244.774872,1500.0
44.904048,167.37,0.0,1000.0
109.621031,1060.5,0.0,1000.0
10.65253,209.2,0.0,500.0
873.680279,2397.05,1657.160669,2500.0
10.268192,0.0,491.148937,500.0
1572.332442,0.0,3230.173371,4500.0
10.318754,102.66,0.0,1500.0
60.816514,900.0,0.0,1000.0
68.226894,388.5,0.0,1000.0
27.202031,538.41,0.0,1500.0
7302.672686,0.0,10762.70776,9000.0
53.918649,293.4,0.0,1000.0
78.448912,1875.18,0.0,1200.0
812.259343,354.63,830.160011,1200.0
181.275057,192.23,1209.77251,2000.0
18.293628,117.65,0.0,1500.0
64.227433,419.4,0.0,1000.0
133.999971,1485.0,0.0,1000.0
0.422555,0.0,104.437928,2500.0
113.563652,729.6,0.0,1000.0
9.074142,555.66,0.0,1500.0
477.847191,1006.0,0.0,500.0
220.943665,1833.34,0.0,1000.0
18.885677,57.0,0.0,1500.0
165.240633,0.0,1088.751325,1500.0
2718.796217,428.0,2712.077107,3000.0
4.843351,368.28,0.0,1000.0
1056.267818,0.0,1450.812947,1500.0
748.264608,808.99,169.529717,1000.0
3002.791004,2463.0,797.15895,3000.0
1374.266113,1814.3,0.0,6500.0
1425.003265,562.42,1814.910939,1800.0
207.561471,60.0,259.545238,1000.0
39.061878,297.02,0.0,1000.0
2492.463204,0.0,2625.644609,3000.0
45.747578,0.0,201.529984,1200.0
45.645815,222.0,0.0,1500.0
51.071594,0.0,360.199098,500.0
11.442399,82.0,0.0,1000.0
407.399529,0.0,1364.307564,1500.0
35.38985,285.24,0.0,1000.0
851.249818,2000.0,4085.845895,1200.0
2533.618119,5633.83,2451.807788,9000.0
981.286008,1370.0,0.0,1400.0
1367.703777,153.0,1487.406583,1500.0
1520.623758,0.0,3135.113427,5000.0
84.033173,1099.0,0.0,1000.0
87.026009,605.52,0.0,1500.0
40.960739,472.75,0.0,13000.0
983.520793,554.1,758.43644,1200.0
1000.814822,0.0,3465.266978,6000.0
2856.473263,1200.0,1710.323236,3000.0
16.428326,441.5,0.0,1000.0
1042.816735,3950.0,0.0,3150.0
38.015366,213.95,0.0,1500.0
8.34698,390.0,0.0,1500.0
0.546067,228.0,0.0,1000.0
0.979061,0.0,329.93065,500.0
0.223351,336.0,0.0,1000.0
455.471255,389.7,276.902382,1000.0
3.036243,0.0,81.569379,500.0
44.505527,401.76,0.0,1500.0
2740.65886,0.0,3915.423824,4000.0
1812.542545,2918.08,0.0,3000.0
67.377243,295.0,0.0,1000.0
307.127754,909.3,237.378894,1000.0
315.388131,467.35,213.301381,1000.0
10.902628,120.56,0.0,1500.0
865.137568,149.0,1052.459725,1200.0
708.315197,2252.32,0.0,2500.0
69.39915,370.0,381.644337,500.0
15.529084,294.98,0.0,1500.0
25.486713,365.0,0.0,1500.0
736.724142,421.96,1001.547474,1000.0
116.581583,1045.14,0.0,9000.0
46.804861,443.3,0.0,1000.0
284.34843,0.0,651.58766,1500.0
8.820603,124.0,0.0,1000.0
24.680177,265.0,0.0,1000.0
2585.246439,338.0,0.0,9000.0
31.050921,446.05,0.0,1000.0
35.836652,202.4,0.0,1000.0
2532.816831,0.0,2640.226004,3000.0
80.49308,500.0,544.979339,1200.0
525.143055,0.0,1019.874229,1200.0
634.514354,0.0,1682.137421,1500.0
50.506095,590.0,0.0,1500.0
459.812734,0.0,489.495254,500.0
9.298409,107.6,0.0,1000.0
4.358863,70.0,0.0,500.0
2133.665075,320.0,2271.859787,2500.0
93.972736,562.5,0.0,1000.0
23.065122,150.0,0.0,1500.0
133.099445,1170.0,0.0,1000.0
857.273285,0.0,862.389125,1000.0
341.982418,573.2,191.180571,500.0
218.890208,0.0,447.102858,500.0
1176.365274,635.02,1937.399142,2400.0
0.275257,0.0,328.452659,1200.0
59.101573,786.0,0.0,1000.0
1478.089943,245.01,4377.526126,2500.0
863.988978,160.8,2259.94053,3000.0
97.707192,634.55,0.0,1000.0
29.057803,163.4,0.0,1500.0
6.603005,429.0,0.0,1000.0
10.920026,95.6,0.0,1000.0
275.02095,1943.0,0.0,500.0
427.90589,0.0,1093.566482,1200.0
677.466332,283.3,668.675103,1000.0
1704.571464,0.0,4826.892774,5000.0
358.792227,397.8,301.920199,500.0
25.679113,379.0,0.0,1000.0
31.734061,95.0,0.0,500.0
385.462843,427.1,809.585272,1000.0
5.721468,83.43,0.0,1500.0
28.277795,394.8,0.0,1000.0
168.516873,364.8,0.0,500.0
8.54964,0.0,56.339491,1200.0
3335.053583,0.0,5823.467109,7000.0
11.25397,154.64,0.0,1500.0
195.61275,0.0,389.515222,500.0
873.090183,60.0,2963.80144,2000.0
17.448626,135.0,0.0,1000.0
87.704546,352.83,0.0,1000.0
444.183285,0.0,943.300678,2500.0
16.341186,207.54,0.0,1000.0
48.161019,318.05,0.0,1200.0
94.307698,343.99,0.0,1000.0
65.543866,522.5,0.0,1500.0
88.633107,450.0,0.0,1000.0
72.881984,654.84,0.0,1500.0
33.725413,388.44,0.0,1000.0
30.17549,235.71,0.0,1500.0
765.146736,0.0,2907.520964,2500.0
17.097059,306.25,0.0,1500.0
0.271854,0.0,954.026786,1200.0
324.334482,0.0,530.188202,500.0
7.4726,63.4,0.0,500.0
281.877648,0.0,489.527383,500.0
191.37693,510.0,0.0,1000.0
1868.576501,1337.34,3132.667468,3000.0
112.037368,1006.69,0.0,1000.0
272.624436,1843.0,0.0,1000.0
2677.842539,149.8,2838.173232,3000.0
3271.424058,1173.28,4122.912645,5000.0
2588.410789,787.4,3762.650329,3000.0
150.56051,368.34,0.0,1200.0
35.800325,0.0,109.899622,500.0
751.590839,2000.0,0.0,2000.0
1191.014802,590.8,1040.908414,3000.0
803.288674,0.0,2560.117599,3000.0
938.289723,264.4,965.35801,1000.0
224.69247,1112.07,0.0,1500.0
687.004441,252.0,1748.90582,2000.0
6.992117,96.64,0.0,1500.0
102.011668,799.0,0.0,1000.0
928.604797,0.0,1191.746396,1200.0
16.690388,123.5,0.0,1500.0
539.162731,0.0,1103.30382,1200.0
3.833185,45.0,0.0,500.0
49.906438,0.0,555.236585,500.0
227.220411,1387.6,107.660394,1000.0
2330.222764,1320.0,14926.79059,10000.0
812.934042,50.0,2185.500596,3000.0
12.784443,94.71,0.0,1500.0
75.520764,210.48,0.0,1000.0
45.425151,360.0,0.0,1000.0
264.566591,1150.0,0.0,1200.0
1382.936306,336.0,4158.990631,4000.0
88.439209,690.4,0.0,2000.0
28.853384,251.55,0.0,500.0
63.325286,246.64,0.0,1000.0
440.613643,600.0,0.0,1000.0
380.839064,0.0,703.941544,500.0
2171.222526,791.18,2056.60248,3000.0
100.427621,793.28,0.0,1000.0
461.45572,585.0,0.0,1000.0
600.052391,274.0,821.878829,1000.0
1023.883008,585.84,956.849209,1000.0
686.623746,422.21,729.332469,1000.0
16.023788,207.28,0.0,1000.0
121.294493,385.26,169.554775,500.0
55.147722,163.31,0.0,1000.0
869.328293,0.0,1153.925205,1200.0
137.744895,441.0,0.0,1000.0
331.070135,81.2,419.341394,500.0
2150.940844,1105.74,2220.336732,2500.0
23.116625,0.0,921.973821,500.0
931.907808,1142.12,1113.924335,1000.0
5.911397,0.0,19.712686,500.0
28.719231,171.0,0.0,1500.0
435.696854,0.0,460.284824,500.0
204.440114,384.81,0.0,1000.0
10.665069,85.89,0.0,1000.0
406.590227,1208.28,76.915478,2000.0
85.936062,492.03,0.0,1000.0
17.657534,180.25,0.0,1000.0
2.303628,0.0,157.253266,500.0
367.263145,280.0,254.298735,1000.0
41.781274,161.46,0.0,1500.0
893.949463,958.8,566.910978,1200.0
1117.594403,291.62,1596.771919,2000.0
328.686581,2806.78,0.0,1200.0
379.288635,550.0,388.81823,500.0
4.817213,0.0,38.627907,500.0
25.302553,176.25,0.0,1500.0
379.619245,0.0,484.443319,500.0
34.048983,181.62,0.0,1500.0
466.723482,947.21,0.0,1500.0
43.960637,580.65,0.0,1000.0
32.669762,340.0,0.0,1000.0
134.42288,80.7,711.669524,1000.0
2.559461,116.1,0.0,1500.0
21.357267,212.87,0.0,1000.0
641.282519,750.0,0.0,1000.0
356.108694,465.0,0.0,1000.0
30.709172,693.42,0.0,1000.0
376.547421,520.0,1178.402416,1000.0
25.688852,103.32,0.0,1500.0
181.891981,0.0,1865.191764,2000.0
381.341657,78.0,934.808869,1000.0
22.084372,173.6,0.0,1500.0
1880.817982,0.0,2335.94993,2500.0
11.294184,155.0,0.0,1000.0
14.524779,152.0,0.0,1500.0
1055.087681,0.0,1820.1162,2000.0
3.417407,57.42,0.0,1500.0
33.812837,145.98,0.0,1500.0
486.661842,1898.88,0.0,1200.0
7.336804,74.0,0.0,3000.0
101.564003,418.59,0.0,1000.0
53.097361,580.0,0.0,1500.0
91.639086,315.2,0.0,1000.0
62.320028,500.0,0.0,1000.0
371.527312,0.0,1465.407927,1500.0
229.540018,84.0,304.951421,1000.0
46.814144,235.8,0.0,1500.0
39.552396,180.0,0.0,1000.0
735.652303,619.6,546.902403,1000.0
20.260716,110.5,0.0,1500.0
183.817004,465.9,0.0,1500.0
108.977282,712.5,0.0,1000.0
163.001629,0.0,274.440466,1000.0
78.818407,0.0,1113.186078,1200.0
728.352548,734.4,239.891038,1000.0
130.838554,591.24,0.0,1000.0
5967.47527,214.55,8555.409326,9000.0
40.829749,113.28,0.0,1000.0
5.871712,20.9,0.0,500.0
193.571722,1012.73,0.0,4000.0
28.493517,291.12,0.0,1000.0
19.183215,300.0,0.0,1000.0
23.398673,144.4,0.0,1000.0
13.457564,0.0,36.558778,500.0
372.708075,1093.25,127.040008,1200.0
