1,570,3,1731252477,gym buddies since forever
2,137,1,1721872532,snack drawer raiding partners
3,429,3,1725807102,survived same boring meeting
4,885,3,1734569833,share memes at 3am regularly
5,871,4,1728321146,neighbors who share wifi password
6,733,1,1722861160,coffee machine queue besties
7,246,1,1725619674,met at work event years ago
8,875,2,1736064518,plants dying together club
9,447,1,1708991781,old friends from college days
10,319,1,1725803878,bonded over terrible coffee
11,366,1,1715871293,neighbors who share wifi password
12,176,1,1725993348,bonded over terrible coffee
13,441,1,1737896847,bonded over terrible coffee
14,605,23,1725127540,parking spot nemesis turned friend
15,967,1,1729714106,share memes at 3am regularly
16,879,2,1710902174,old friends from college days
17,917,1,1731697010,argued about pizza toppings
18,824,1,1730534493,share memes at 3am regularly
19,187,1,1713677891,coffee machine queue besties
20,177,1,1717254052,met debating Oxford comma use
21,906,1,1714913845,parking spot nemesis turned friend
22,296,1,1709440511,witnessed the printer jam incident
23,993,2,1708477839,accidentally wore same outfit once
24,305,1,1714563486,snack drawer raiding partners
25,728,3,1737613251,deadline panic buddies forever
26,284,1,1719534449,parking spot nemesis turned friend
27,280,3,1710468496,plants dying together club
28,520,1,1728138158,neighbors who share wifi password
29,825,2,1718673781,elevator small talk champions
30,70,1,1718535283,accidentally wore same outfit once
31,574,1,1709390267,survived same boring meeting
32,950,2,1718357618,parking spot nemesis turned friend
33,899,21,1738845516,argued about pizza toppings
34,947,1,1711707934,elevator small talk champions
35,692,5,1709800134,old friends from college days
36,941,1,1713056464,survived same boring meeting
37,151,1,1727378999,bonded over terrible coffee
38,423,1,1714722239,neighbors who share wifi password
39,527,6,1718134573,reply-all incident support group
40,512,2,1718067779,carpool gang for life
41,784,9,1719611189,escape room teammates forever
42,208,1,1712093919,escape room teammates forever
43,450,1,1711865440,neighbors who share wifi password
44,378,1,1731146870,parking spot nemesis turned friend
45,547,1,1723736981,share memes at 3am regularly
46,901,1,1715149485,share memes at 3am regularly
47,797,4,1709050553,argued about pizza toppings
48,200,1,1731628576,elevator small talk champions
49,319,79,1738765817,neighbors who share wifi password
50,258,3,1714627218,zoom background critics society
51,241,3,1725401251,parking spot nemesis turned friend
52,843,1,1712846089,parking spot nemesis turned friend
53,667,5,1729111908,witnessed the printer jam incident
54,541,4,1709875885,microwave drama survivors
55,231,1,1723585084,met at work event years ago
56,74,3,1726656519,share memes at 3am regularly
57,343,1,1719456635,reply-all incident support group
58,665,3,1712029639,elevator small talk champions
59,329,3,1712439507,bonded over terrible coffee
60,658,10,1708896709,witnessed the printer jam incident
61,880,2,1716025904,survived same boring meeting
62,672,44,1725500377,argued about pizza toppings
63,689,1,1722441129,neighbors who share wifi password
64,492,1,1709204771,elevator small talk champions
65,117,1,1718626521,escape room teammates forever
66,374,21,1710688319,gym buddies since forever
67,921,2,1708653320,zoom background critics society
68,35,7,1733006196,both hate Mondays equally
69,399,1,1711223465,elevator small talk champions
70,128,1,1710683706,reply-all incident support group
71,687,1,1729978774,coffee machine queue besties
72,332,7,1721942900,old friends from college days
73,609,1,1722158858,zoom background critics society
74,308,2,1722670123,argued about pizza toppings
75,376,2,1734773217,accidentally wore same outfit once
76,324,1,1729184908,both hate Mondays equally
77,252,621,1716720976,microwave drama survivors
78,574,13,1731142011,gym buddies since forever
79,679,39,1708316168,plants dying together club
80,238,1,1733595420,share memes at 3am regularly
81,601,2,1738055698,carpool gang for life
82,11,3,1733691532,escape room teammates forever
83,86,1,1707687560,microwave drama survivors
84,570,1,1726539419,elevator small talk champions
85,25,1,1730478730,coffee machine queue besties
86,248,1,1728369886,elevator small talk champions
87,430,2,1724856764,parking spot nemesis turned friend
88,649,1,1725273725,plants dying together club
89,173,1,1709143738,met debating Oxford comma use
90,535,1,1732637432,share memes at 3am regularly
91,749,1,1709143709,microwave drama survivors
92,245,4,1735006982,share memes at 3am regularly
93,403,1,1720306008,reply-all incident support group
94,13,1,1730622492,deadline panic buddies forever
95,206,1,1733431601,gym buddies since forever
96,929,1,1717240297,elevator small talk champions
97,785,3,1718819713,accidentally wore same outfit once
98,267,1,1714391799,escape room teammates forever
99,461,2,1719691724,bonded over terrible coffee
100,775,4,1710566268,bonded over terrible coffee
101,895,1,1723130432,escape room teammates forever
102,344,3,1730496517,microwave drama survivors
103,525,2,1720464024,coffee machine queue besties
104,566,1,1710936225,snack drawer raiding partners
105,953,2,1737899462,argued about pizza toppings
106,134,1,1710367113,elevator small talk champions
107,491,1,1736144119,witnessed the printer jam incident
108,483,1,1736255786,plants dying together club
109,522,2,1734914081,deadline panic buddies forever
110,45,1,1708227522,gym buddies since forever
111,709,4,1731645778,carpool gang for life
112,143,1,1712070454,argued about pizza toppings
113,276,3,1734066966,elevator small talk champions
114,60,1,1722829239,neighbors who share wifi password
115,224,1,1721430034,met debating Oxford comma use
116,925,1,1709545056,neighbors who share wifi password
117,396,6,1716376216,old friends from college days
118,291,2,1739096529,met debating Oxford comma use
119,591,1,1726665435,neighbors who share wifi password
120,220,3,1709199561,microwave drama survivors
121,560,1,1722021822,snack drawer raiding partners
122,992,1,1715137117,neighbors who share wifi password
123,429,1,1721476717,coffee machine queue besties
124,754,1,1729217540,both hate Mondays equally
125,717,2,1712448255,met at work event years ago
126,460,3,1709318730,accidentally wore same outfit once
127,154,17,1737113079,plants dying together club
128,398,3,1725635111,both hate Mondays equally
129,569,1,1715496590,share memes at 3am regularly
130,477,6,1732736888,survived same boring meeting
131,205,3,1734559110,carpool gang for life
132,805,1,1722289392,escape room teammates forever
133,979,3,1709029133,share memes at 3am regularly
134,802,1,1722085935,neighbors who share wifi password
135,556,19,1723343977,elevator small talk champions
136,471,1,1719126047,met debating Oxford comma use
137,690,1,1731917353,old friends from college days
138,962,4,1721601398,both hate Mondays equally
139,867,1,1708337002,zoom background critics society
140,247,1,1733821298,deadline panic buddies forever
141,967,4,1708520795,survived same boring meeting
142,378,2,1708106935,share memes at 3am regularly
143,751,1,1735534239,met debating Oxford comma use
144,400,1,1733824359,plants dying together club
145,804,1,1720541442,zoom background critics society
146,979,4,1718399062,met at work event years ago
147,622,1,1717645401,met at work event years ago
148,693,1,1725529667,escape room teammates forever
149,286,1,1727389215,accidentally wore same outfit once
150,713,1,1723283183,bonded over terrible coffee
151,50,1,1735011601,neighbors who share wifi password
152,715,924,1722930264,plants dying together club
153,945,1,1727651243,argued about pizza toppings
154,869,1,1724447197,coffee machine queue besties
155,356,2,1721458335,zoom background critics society
156,840,3,1736555692,accidentally wore same outfit once
157,780,1,1732859707,parking spot nemesis turned friend
158,154,9,1736129942,zoom background critics society
159,277,1,1709096715,parking spot nemesis turned friend
160,509,1,1717797434,plants dying together club
161,345,6,1723456434,elevator small talk champions
162,486,1,1710092982,witnessed the printer jam incident
163,517,169,1713563536,old friends from college days
164,223,1,1728854623,bonded over terrible coffee
165,858,1,1725022498,met at work event years ago
166,515,1,1738110077,gym buddies since forever
167,423,2,1734490950,survived same boring meeting
168,755,6,1737164002,reply-all incident support group
169,252,1,1713838087,elevator small talk champions
170,142,1,1725681931,parking spot nemesis turned friend
171,237,1,1734287458,coffee machine queue besties
172,431,1,1738308735,gym buddies since forever
173,436,2,1719504578,survived same boring meeting
174,279,9,1716496227,argued about pizza toppings
175,723,1,1737984142,elevator small talk champions
176,531,1,1737185700,met debating Oxford comma use
177,145,1,1724868054,escape room teammates forever
178,78,5,1727329983,parking spot nemesis turned friend
179,172,1,1729046631,gym buddies since forever
180,9,1,1712206777,survived same boring meeting
181,314,2,1730362773,met debating Oxford comma use
182,616,33,1719919023,snack drawer raiding partners
183,894,2,1716072903,both hate Mondays equally
184,844,1,1721720605,escape room teammates forever
185,287,1,1719099804,accidentally wore same outfit once
186,635,1,1718556648,argued about pizza toppings
187,327,1,1717585876,reply-all incident support group
188,767,1,1710380098,witnessed the printer jam incident
189,719,1,1737982609,parking spot nemesis turned friend
190,912,2,1728642516,gym buddies since forever
191,29,2,1708439100,coffee machine queue besties
192,628,2,1728609382,coffee machine queue besties
193,985,1,1718613159,gym buddies since forever
194,713,16,1724074148,neighbors who share wifi password
195,258,1,1739135479,reply-all incident support group
196,600,1,1730223500,argued about pizza toppings
197,728,1,1708221920,coffee machine queue besties
198,85,1,1728211989,argued about pizza toppings
199,544,3,1733312856,accidentally wore same outfit once
200,421,1,1728354502,met at work event years ago
201,67,13,1737055833,met debating Oxford comma use
202,863,1,1723436378,elevator small talk champions
203,365,1,1715173942,parking spot nemesis turned friend
204,770,1,1712667413,zoom background critics society
205,158,1,1733431822,met at work event years ago
206,152,2,1711966189,zoom background critics society
207,890,1,1727895854,old friends from college days
208,395,1,1726297593,zoom background critics society
209,288,1,1722504656,met debating Oxford comma use
210,949,3,1718710234,bonded over terrible coffee
211,687,3,1719271068,parking spot nemesis turned friend
212,678,1,1718263303,accidentally wore same outfit once
213,367,2,1720663896,plants dying together club
214,165,1,1713887232,microwave drama survivors
215,174,3,1709193740,old friends from college days
216,538,1,1708208630,argued about pizza toppings
217,758,1,1723100097,met debating Oxford comma use
218,410,2,1714078769,parking spot nemesis turned friend
219,797,7,1732294835,snack drawer raiding partners
220,606,3,1736477286,plants dying together club
221,872,1,1732173297,accidentally wore same outfit once
222,289,2,1723636622,deadline panic buddies forever
223,481,1,1733353407,elevator small talk champions
224,916,1,1709761180,met debating Oxford comma use
225,303,43,1715385581,plants dying together club
226,775,7,1723752689,coffee machine queue besties
227,268,1,1715608301,accidentally wore same outfit once
228,194,1,1731805365,old friends from college days
229,835,23,1725586677,plants dying together club
230,409,1,1711836474,neighbors who share wifi password
231,262,1,1723151112,zoom background critics society
232,57,2,1710270240,witnessed the printer jam incident
233,860,6,1734633178,carpool gang for life
234,989,1,1725355978,microwave drama survivors
235,574,2,1719293389,argued about pizza toppings
236,640,6,1730340399,argued about pizza toppings
237,572,1,1731636316,zoom background critics society
238,871,1,1723078293,escape room teammates forever
239,800,1,1715288933,deadline panic buddies forever
240,51,1,1719924537,parking spot nemesis turned friend
241,311,1,1726584499,argued about pizza toppings
242,655,8,1725755814,microwave drama survivors
243,33,16,1722259427,witnessed the printer jam incident
244,390,4,1724943727,neighbors who share wifi password
245,48,1,1719661032,argued about pizza toppings
246,838,1,1728706612,reply-all incident support group
247,148,1,1721051055,argued about pizza toppings
248,15,2,1717751251,escape room teammates forever
249,363,1,1724382965,met at work event years ago
250,179,1,1726213474,share memes at 3am regularly
251,545,1,1718207049,reply-all incident support group
252,373,1,1715567185,bonded over terrible coffee
253,792,5,1719127780,old friends from college days
254,892,1,1719268946,reply-all incident support group
255,391,1,1721025905,survived same boring meeting
256,36,2,1729358517,old friends from college days
257,469,1,1719475303,argued about pizza toppings
258,464,1,1733677018,accidentally wore same outfit once
259,103,2,1731982490,deadline panic buddies forever
260,730,3,1721223416,snack drawer raiding partners
261,364,2,1707712610,reply-all incident support group
262,43,1,1733836714,zoom background critics society
263,398,1,1732628208,old friends from college days
264,175,1,1734126488,accidentally wore same outfit once
265,931,2,1734721298,both hate Mondays equally
266,484,67,1727108221,elevator small talk champions
267,630,2,1730400909,carpool gang for life
268,41,2,1712671689,gym buddies since forever
269,68,1,1727924755,both hate Mondays equally
270,988,3,1735597325,witnessed the printer jam incident
271,515,8,1733146129,survived same boring meeting
272,783,1,1732159083,share memes at 3am regularly
273,107,1,1728629904,accidentally wore same outfit once
274,485,1,1717108635,parking spot nemesis turned friend
275,820,1,1714081490,microwave drama survivors
276,997,39,1711571255,zoom background critics society
277,806,1,1726975243,argued about pizza toppings
278,142,3,1718738489,both hate Mondays equally
279,810,1,1711706676,parking spot nemesis turned friend
280,846,2,1727973445,argued about pizza toppings
281,268,2,1718541267,deadline panic buddies forever
282,133,3,1729937428,zoom background critics society
283,148,3,1729188889,share memes at 3am regularly
284,57,1,1726635637,met at work event years ago
285,326,2,1720213454,bonded over terrible coffee
286,679,2,1726619289,neighbors who share wifi password
287,377,1,1707907679,accidentally wore same outfit once
288,894,4,1736456835,escape room teammates forever
289,607,1,1719458273,escape room teammates forever
290,193,2,1724283838,plants dying together club
291,630,1,1733535195,neighbors who share wifi password
292,289,1,1717347347,snack drawer raiding partners
293,190,48,1723816261,met at work event years ago
294,210,1,1729714662,plants dying together club
295,515,2,1718991261,deadline panic buddies forever
296,424,1,1731086319,met debating Oxford comma use
297,717,3,1738191167,coffee machine queue besties
298,594,1,1737713408,elevator small talk champions
299,795,1,1733169608,survived same boring meeting
300,791,1,1729208685,deadline panic buddies forever
301,65,5,1726858627,witnessed the printer jam incident
302,412,5,1714343205,met debating Oxford comma use
303,794,1,1716473043,elevator small talk champions
304,676,1,1729453989,both hate Mondays equally
305,138,3,1707672732,carpool gang for life
306,473,4,1718894242,snack drawer raiding partners
307,438,8,1729584437,carpool gang for life
308,774,1,1730959038,reply-all incident support group
309,417,2,1733236711,met debating Oxford comma use
310,538,2,1735270944,reply-all incident support group
311,102,5,1730889767,bonded over terrible coffee
312,936,1,1721080400,survived same boring meeting
313,900,1,1734074085,plants dying together club
314,123,3,1719040267,snack drawer raiding partners
315,374,2,1720347953,witnessed the printer jam incident
316,814,4,1716806526,escape room teammates forever
317,290,1,1709607737,coffee machine queue besties
318,294,2,1718574374,snack drawer raiding partners
319,910,4,1729125883,elevator small talk champions
320,652,1,1719307991,share memes at 3am regularly
321,312,1,1738841263,both hate Mondays equally
322,186,1,1725559990,microwave drama survivors
323,968,2,1721197970,parking spot nemesis turned friend
324,206,37,1735262175,reply-all incident support group
325,197,3,1719540315,microwave drama survivors
326,147,3,1723510027,survived same boring meeting
327,999,17,1718771175,argued about pizza toppings
328,883,1,1711693989,argued about pizza toppings
329,165,26,1722518492,share memes at 3am regularly
330,372,2,1723248013,parking spot nemesis turned friend
331,914,1,1707781159,plants dying together club
332,122,1,1722188298,witnessed the printer jam incident
333,779,1,1723511894,escape room teammates forever
334,768,1,1733491938,met at work event years ago
335,738,4,1724133146,deadline panic buddies forever
336,605,1,1722457465,microwave drama survivors
337,106,1,1728812787,neighbors who share wifi password
338,182,1,1737204736,accidentally wore same outfit once
339,635,2,1714747367,met at work event years ago
340,498,1,1710670684,accidentally wore same outfit once
341,905,1,1730068817,microwave drama survivors
342,18,1,1717433260,bonded over terrible coffee
343,139,2,1729435504,argued about pizza toppings
344,406,1,1709530556,old friends from college days
345,136,1,1715553234,elevator small talk champions
346,615,3,1723225708,met at work event years ago
347,996,4,1709149664,escape room teammates forever
348,861,1,1714846808,met debating Oxford comma use
349,186,7,1717338537,reply-all incident support group
350,789,3,1727483992,elevator small talk champions
351,362,4,1737308335,parking spot nemesis turned friend
352,910,1,1709117290,both hate Mondays equally
353,693,47,1713984766,plants dying together club
354,666,1,1722450479,plants dying together club
355,335,1,1715649599,snack drawer raiding partners
356,357,1,1725532614,old friends from college days
357,263,1,1726203220,argued about pizza toppings
358,505,1,1722276667,met at work event years ago
359,743,1,1724293564,neighbors who share wifi password
360,737,2,1716413914,plants dying together club
361,559,1,1716467644,both hate Mondays equally
362,877,1,1711525717,reply-all incident support group
363,413,4,1732248810,met at work event years ago
364,999,4,1712379899,argued about pizza toppings
365,276,2,1711754760,zoom background critics society
366,815,1,1710134535,old friends from college days
367,615,15,1731679146,accidentally wore same outfit once
368,784,2,1732581461,met debating Oxford comma use
369,183,3,1712065874,carpool gang for life
370,437,5,1725878964,both hate Mondays equally
371,519,2,1731970807,escape room teammates forever
372,536,2,1725021142,accidentally wore same outfit once
373,138,2,1737177634,met debating Oxford comma use
374,98,2,1735579290,parking spot nemesis turned friend
375,123,4,1722885254,both hate Mondays equally
376,384,1,1735574044,old friends from college days
377,732,1,1714338436,microwave drama survivors
378,73,1,1708905437,carpool gang for life
379,565,4,1722552748,bonded over terrible coffee
380,862,1,1719802367,survived same boring meeting
381,496,1,1726307715,argued about pizza toppings
382,849,1,1729638214,escape room teammates forever
383,137,2,1730389980,met debating Oxford comma use
384,765,1,1719883256,plants dying together club
385,267,2,1712676426,survived same boring meeting
386,554,2,1711666808,met at work event years ago
387,206,3,1710860035,accidentally wore same outfit once
388,38,3,1715448665,coffee machine queue besties
389,397,1,1729317500,share memes at 3am regularly
390,314,3,1717583257,deadline panic buddies forever
391,705,1,1726491830,zoom background critics society
392,757,1,1709196494,escape room teammates forever
393,268,11,1735113179,neighbors who share wifi password
394,65,1,1714984749,elevator small talk champions
395,279,1,1734735189,zoom background critics society
396,413,7,1713429723,deadline panic buddies forever
397,663,3,1734122193,escape room teammates forever
398,265,1,1708742792,bonded over terrible coffee
399,551,2,1728241540,neighbors who share wifi password
400,501,1,1711204313,plants dying together club
401,975,1,1710515467,parking spot nemesis turned friend
402,52,1,1737603194,deadline panic buddies forever
403,714,1,1714499631,plants dying together club
404,84,2,1729313550,parking spot nemesis turned friend
405,223,8,1714084079,argued about pizza toppings
406,846,1,1737432389,argued about pizza toppings
407,285,1,1712669216,both hate Mondays equally
408,692,1,1731466472,escape room teammates forever
409,660,7,1713777045,parking spot nemesis turned friend
410,438,1,1726236753,witnessed the printer jam incident
411,692,3,1731633231,snack drawer raiding partners
412,556,1,1716597294,met debating Oxford comma use
413,115,1,1728249268,gym buddies since forever
414,734,1,1737014543,met debating Oxford comma use
415,502,10,1725800226,gym buddies since forever
416,744,1,1714463062,argued about pizza toppings
417,875,8,1733087773,escape room teammates forever
418,874,1,1729182296,survived same boring meeting
419,919,5,1726948182,bonded over terrible coffee
420,149,1,1712955909,share memes at 3am regularly
421,274,3,1716845176,parking spot nemesis turned friend
422,376,1,1728626318,both hate Mondays equally
423,95,1,1721250483,coffee machine queue besties
424,673,1,1726603786,zoom background critics society
425,300,1,1715206367,argued about pizza toppings
426,801,1,1725326923,met debating Oxford comma use
427,966,1,1708172405,witnessed the printer jam incident
428,529,1,1708319990,bonded over terrible coffee
429,624,2,1727565994,both hate Mondays equally
430,129,1,1724288900,snack drawer raiding partners
431,823,1,1712347846,microwave drama survivors
432,814,2,1718907746,plants dying together club
433,484,12,1714063046,parking spot nemesis turned friend
434,772,2,1713263149,met at work event years ago
435,623,1,1716079030,met at work event years ago
436,355,2,1722056824,witnessed the printer jam incident
437,104,3,1729459895,carpool gang for life
438,475,5,1735262084,zoom background critics society
439,965,7,1728143246,neighbors who share wifi password
440,183,1,1734843070,reply-all incident support group
441,619,1,1720063487,reply-all incident support group
442,222,1,1722906337,deadline panic buddies forever
443,943,3,1712078434,elevator small talk champions
444,435,1,1721377948,share memes at 3am regularly
445,672,27,1722633388,carpool gang for life
446,223,5,1730027032,zoom background critics society
447,30,1,1719390458,witnessed the printer jam incident
448,207,1,1728207294,gym buddies since forever
449,254,13,1725586243,zoom background critics society
450,119,4,1738218893,snack drawer raiding partners
451,139,3,1714480239,coffee machine queue besties
452,825,3,1711179696,carpool gang for life
453,555,1,1721242161,survived same boring meeting
454,112,2,1729378564,met debating Oxford comma use
455,379,1,1716435077,met debating Oxford comma use
456,924,1,1712290067,witnessed the printer jam incident
457,655,1,1723851190,accidentally wore same outfit once
458,382,4,1728993513,snack drawer raiding partners
459,476,25,1736109923,elevator small talk champions
460,198,8,1728140541,survived same boring meeting
461,131,24,1738349954,gym buddies since forever
462,203,1,1715906673,plants dying together club
463,665,2,1738141125,both hate Mondays equally
464,645,9,1724531387,witnessed the printer jam incident
465,824,9,1722532308,elevator small talk champions
466,722,2,1708899113,bonded over terrible coffee
467,878,21,1733605155,coffee machine queue besties
468,538,5,1727491653,met debating Oxford comma use
469,398,2,1736291746,carpool gang for life
470,425,3,1716234960,bonded over terrible coffee
471,134,5,1738073536,bonded over terrible coffee
472,511,1,1722666425,reply-all incident support group
473,231,5,1722248010,witnessed the printer jam incident
474,621,2,1728378328,parking spot nemesis turned friend
475,402,2,1732086728,gym buddies since forever
476,411,4,1726092486,survived same boring meeting
477,261,1,1733717368,accidentally wore same outfit once
478,502,1,1730862908,escape room teammates forever
479,859,1,1709740179,met at work event years ago
480,802,2,1708369479,microwave drama survivors
481,401,1,1730444435,escape room teammates forever
482,245,2,1714743159,share memes at 3am regularly
483,803,1,1707804921,old friends from college days
484,893,3,1715384840,share memes at 3am regularly
485,192,17,1737681497,both hate Mondays equally
486,560,7,1719760343,elevator small talk champions
487,838,2,1737243375,deadline panic buddies forever
488,459,2,1723545981,snack drawer raiding partners
489,917,15,1711873675,elevator small talk champions
490,700,3,1718578185,reply-all incident support group
491,42,4,1712324471,deadline panic buddies forever
492,507,1,1721298352,met debating Oxford comma use
493,320,2,1724433455,deadline panic buddies forever
494,964,5,1724209617,reply-all incident support group
495,928,1,1733536618,microwave drama survivors
496,433,1,1737876511,argued about pizza toppings
497,487,1,1714455611,neighbors who share wifi password
498,640,1,1717689389,elevator small talk champions
499,521,1,1728645052,witnessed the printer jam incident
500,948,1,1725028799,share memes at 3am regularly
501,352,9,1727672571,gym buddies since forever
502,893,1,1722685122,elevator small talk champions
503,347,3,1738917050,elevator small talk champions
504,604,3,1736600243,bonded over terrible coffee
505,663,2,1730392995,met debating Oxford comma use
506,130,11,1729297246,snack drawer raiding partners
507,584,1,1725481871,met debating Oxford comma use
508,695,2,1731565918,neighbors who share wifi password
509,711,1,1719883184,coffee machine queue besties
510,104,1,1721205412,share memes at 3am regularly
511,655,3,1738362597,coffee machine queue besties
512,581,2,1736417654,survived same boring meeting
513,691,922,1730539002,snack drawer raiding partners
514,383,1,1711166573,snack drawer raiding partners
515,261,3,1711623386,argued about pizza toppings
516,618,1,1724043542,bonded over terrible coffee
517,856,3,1737727707,carpool gang for life
518,465,10,1712737574,accidentally wore same outfit once
519,526,1,1735812338,witnessed the printer jam incident
520,15,1,1730319785,argued about pizza toppings
521,58,1,1726016570,carpool gang for life
522,747,1,1716546657,argued about pizza toppings
523,609,2,1734515732,microwave drama survivors
524,135,3,1736166909,deadline panic buddies forever
525,256,2,1719137170,bonded over terrible coffee
526,221,1,1723136137,snack drawer raiding partners
527,738,26,1718288544,old friends from college days
528,446,8,1727003668,bonded over terrible coffee
529,992,11,1730333074,met debating Oxford comma use
530,736,1,1720459978,neighbors who share wifi password
531,746,2,1714565341,witnessed the printer jam incident
532,628,1,1717903263,share memes at 3am regularly
533,125,1,1708671555,witnessed the printer jam incident
534,309,1,1725928157,microwave drama survivors
535,61,1,1726490277,gym buddies since forever
536,154,1,1719511231,escape room teammates forever
537,231,2,1731444661,bonded over terrible coffee
538,606,1,1723662807,met debating Oxford comma use
539,972,1,1712643286,witnessed the printer jam incident
540,110,1,1729666717,reply-all incident support group
541,732,2,1728094232,coffee machine queue besties
542,74,157,1717265244,accidentally wore same outfit once
543,965,1,1725656611,met at work event years ago
544,703,12,1712185310,share memes at 3am regularly
545,776,1,1714186303,accidentally wore same outfit once
546,352,2,1714082994,coffee machine queue besties
547,347,1,1724615726,carpool gang for life
548,588,10,1713394708,plants dying together club
549,969,1,1715853532,share memes at 3am regularly
550,540,3,1719177012,accidentally wore same outfit once
551,117,2,1722733574,deadline panic buddies forever
552,411,1,1724695872,plants dying together club
553,371,1,1722449778,zoom background critics society
554,935,1,1713753857,parking spot nemesis turned friend
555,266,3,1734781335,share memes at 3am regularly
556,381,1,1718344279,witnessed the printer jam incident
557,182,3,1714874907,reply-all incident support group
558,228,26,1725294307,bonded over terrible coffee
559,813,5,1709778780,survived same boring meeting
560,201,342,1712662816,parking spot nemesis turned friend
561,408,1,1711333859,bonded over terrible coffee
562,24,1,1711543285,reply-all incident support group
563,294,3,1726380821,reply-all incident support group
564,69,2,1723038624,met at work event years ago
565,801,3,1722061065,escape room teammates forever
566,693,4,1737809978,zoom background critics society
567,622,5,1718193451,gym buddies since forever
568,67,1,1728991608,survived same boring meeting
569,162,3,1711690008,neighbors who share wifi password
570,627,1,1715683118,plants dying together club
571,392,1,1716377045,reply-all incident support group
572,964,1,1711101334,parking spot nemesis turned friend
573,414,1,1712933721,zoom background critics society
574,833,1,1717636089,survived same boring meeting
575,272,5,1710661071,elevator small talk champions
576,866,6,1728904252,accidentally wore same outfit once
577,497,1,1726697361,share memes at 3am regularly
578,577,1,1737735711,reply-all incident support group
579,243,4,1725138470,zoom background critics society
580,350,1,1707793950,parking spot nemesis turned friend
581,507,2,1735893079,met debating Oxford comma use
582,497,2,1707753938,old friends from college days
583,84,3,1736941897,met debating Oxford comma use
584,272,2,1725158883,neighbors who share wifi password
585,272,1,1724915364,gym buddies since forever
586,918,1,1722870443,witnessed the printer jam incident
587,113,3,1713984164,old friends from college days
588,36,6,1729775909,coffee machine queue besties
589,563,1,1709071727,reply-all incident support group
590,29,1,1717353787,accidentally wore same outfit once
591,484,10,1726030841,witnessed the printer jam incident
592,370,3,1731166001,elevator small talk champions
593,466,1,1714337121,accidentally wore same outfit once
594,572,2,1716733961,neighbors who share wifi password
595,896,3,1717221221,share memes at 3am regularly
596,465,1,1728195236,old friends from college days
597,699,1,1717906384,gym buddies since forever
598,37,2,1719692420,accidentally wore same outfit once
599,88,140,1728163411,accidentally wore same outfit once
600,876,1,1723757186,parking spot nemesis turned friend
601,83,1,1714608627,witnessed the printer jam incident
602,888,1,1736750277,microwave drama survivors
603,865,2,1738498067,gym buddies since forever
604,820,30,1709905055,deadline panic buddies forever
605,998,4,1735348179,plants dying together club
606,34,1,1717552580,deadline panic buddies forever
607,276,1,1715758998,coffee machine queue besties
608,539,1,1727524346,deadline panic buddies forever
609,618,11,1730591845,witnessed the printer jam incident
610,469,2,1719728287,coffee machine queue besties
611,615,1,1718196518,deadline panic buddies forever
612,412,1,1726923874,old friends from college days
613,405,1,1727226763,neighbors who share wifi password
614,316,1,1711779683,met debating Oxford comma use
615,150,1,1737132119,bonded over terrible coffee
616,257,3,1708187866,snack drawer raiding partners
617,628,9,1727703162,microwave drama survivors
618,570,2,1730376081,met at work event years ago
619,490,1,1723867183,escape room teammates forever
620,597,1,1724282766,gym buddies since forever
621,494,1,1735905674,survived same boring meeting
622,451,3,1722835607,parking spot nemesis turned friend
623,11,4,1713227498,deadline panic buddies forever
624,445,5,1729249588,old friends from college days
625,119,1,1712926602,parking spot nemesis turned friend
626,841,1,1713607371,parking spot nemesis turned friend
627,830,7,1725009265,elevator small talk champions
628,126,1,1727838963,met at work event years ago
629,552,1,1731853089,neighbors who share wifi password
630,895,2,1709187502,both hate Mondays equally
631,340,7,1725509269,elevator small talk champions
632,208,11,1735331061,share memes at 3am regularly
633,931,12,1717157442,share memes at 3am regularly
634,202,1,1725269916,old friends from college days
635,583,1,1713355163,met debating Oxford comma use
636,828,3,1732766853,argued about pizza toppings
637,252,9,1725954843,gym buddies since forever
638,143,7,1711873443,met debating Oxford comma use
639,837,1,1724934179,share memes at 3am regularly
640,642,1,1732776887,neighbors who share wifi password
641,860,1,1737222617,snack drawer raiding partners
642,197,6,1729867543,parking spot nemesis turned friend
643,368,1,1718407293,both hate Mondays equally
644,103,1,1725584652,reply-all incident support group
645,826,2,1736197553,met debating Oxford comma use
646,802,4,1724555453,elevator small talk champions
647,440,1,1728504529,coffee machine queue besties
648,752,2,1723571190,met debating Oxford comma use
649,979,2,1732516676,snack drawer raiding partners
650,152,1,1712874156,met at work event years ago
651,350,3,1736058630,neighbors who share wifi password
652,518,1,1727254687,witnessed the printer jam incident
653,3,1,1721004114,met debating Oxford comma use
654,961,2,1724698542,elevator small talk champions
655,852,2,1724280844,escape room teammates forever
656,157,1,1715104829,escape room teammates forever
657,851,1,1732448164,reply-all incident support group
658,747,3,1733651720,deadline panic buddies forever
659,589,3,1719568615,deadline panic buddies forever
660,725,2,1716414235,survived same boring meeting
661,285,5,1734488720,survived same boring meeting
662,667,2,1709375832,coffee machine queue besties
663,426,1,1710953171,elevator small talk champions
664,3,29,1732121435,parking spot nemesis turned friend
665,973,1,1727039615,neighbors who share wifi password
666,379,2,1725715384,plants dying together club
667,990,1,1737947346,accidentally wore same outfit once
668,141,1,1719544240,old friends from college days
669,647,1,1725667714,accidentally wore same outfit once
670,444,1,1715272052,share memes at 3am regularly
671,382,5,1725673457,elevator small talk champions
672,268,3,1712736949,snack drawer raiding partners
673,829,1,1734253361,met debating Oxford comma use
674,575,1,1721932768,snack drawer raiding partners
675,355,1,1708448960,share memes at 3am regularly
676,737,1,1731759119,witnessed the printer jam incident
677,106,2,1724507685,accidentally wore same outfit once
678,74,1,1725841900,survived same boring meeting
679,706,9,1726596432,accidentally wore same outfit once
680,41,3,1709678094,microwave drama survivors
681,942,1,1708820565,elevator small talk champions
682,976,2,1710543755,gym buddies since forever
683,278,1,1731507684,deadline panic buddies forever
684,971,3,1707991791,parking spot nemesis turned friend
685,244,1,1720388219,escape room teammates forever
686,46,1,1728672674,bonded over terrible coffee
687,88,1,1718945058,old friends from college days
688,230,1,1722332133,escape room teammates forever
689,242,1,1737093938,share memes at 3am regularly
690,13,2,1735405299,gym buddies since forever
691,662,1,1719215816,snack drawer raiding partners
692,602,1,1721632412,elevator small talk champions
693,658,3,1728652772,met at work event years ago
694,195,1,1711650665,parking spot nemesis turned friend
695,696,1,1722514076,witnessed the printer jam incident
696,181,1,1712822502,parking spot nemesis turned friend
697,793,1,1720518781,microwave drama survivors
698,67,2,1714786958,neighbors who share wifi password
699,842,2,1719952746,old friends from college days
700,348,1,1721286224,coffee machine queue besties
701,427,2,1738631021,bonded over terrible coffee
702,527,1,1729703200,elevator small talk champions
703,634,1,1732479148,snack drawer raiding partners
704,159,3,1725392918,accidentally wore same outfit once
705,599,1,1716979914,met debating Oxford comma use
706,92,1,1714956071,carpool gang for life
707,271,1,1725423069,bonded over terrible coffee
708,310,1,1720604867,microwave drama survivors
709,46,3,1716337078,survived same boring meeting
710,618,4,1734290548,gym buddies since forever
711,623,2,1710702759,accidentally wore same outfit once
712,794,2,1716763115,survived same boring meeting
713,746,1,1729005410,old friends from college days
714,313,1,1714835561,neighbors who share wifi password
715,788,1,1726016242,share memes at 3am regularly
716,716,1,1736826818,carpool gang for life
717,100,4,1738483009,accidentally wore same outfit once
718,241,1,1737804292,elevator small talk champions
719,382,1,1718520843,gym buddies since forever
720,850,1,1732686088,escape room teammates forever
721,91,1,1717441180,gym buddies since forever
722,113,1,1714284820,snack drawer raiding partners
723,642,4,1733721111,plants dying together club
724,748,1,1738784356,witnessed the printer jam incident
725,586,1,1717876432,accidentally wore same outfit once
726,112,1,1708055123,accidentally wore same outfit once
727,301,1,1729436127,accidentally wore same outfit once
728,562,1,1716061020,both hate Mondays equally
729,476,1,1735242905,snack drawer raiding partners
730,111,4,1716440059,zoom background critics society
731,232,2,1716013241,carpool gang for life
732,299,2,1738305512,snack drawer raiding partners
733,4,1,1734750618,neighbors who share wifi password
734,922,3,1714713460,zoom background critics society
735,198,1,1732835353,survived same boring meeting
736,940,1,1720678008,met at work event years ago
737,225,1,1732628945,deadline panic buddies forever
738,750,16,1724601469,met debating Oxford comma use
739,273,1,1718250790,carpool gang for life
740,448,1,1720640657,reply-all incident support group
741,744,2,1708081154,old friends from college days
742,15,4,1733340087,escape room teammates forever
743,321,1,1708096136,argued about pizza toppings
744,720,1,1721387127,accidentally wore same outfit once
745,887,1,1709661739,neighbors who share wifi password
746,463,7,1724101057,microwave drama survivors
747,826,3,1712629212,microwave drama survivors
748,580,1,1728574304,old friends from college days
749,508,1,1715173001,both hate Mondays equally
750,251,1,1717235299,survived same boring meeting
751,322,1,1716361720,met at work event years ago
752,499,1,1716205234,accidentally wore same outfit once
753,489,3,1730015742,deadline panic buddies forever
754,121,2,1730586646,deadline panic buddies forever
755,439,6,1712492299,argued about pizza toppings
756,983,1,1708393668,reply-all incident support group
757,59,1,1734886521,met at work event years ago
758,218,13,1713047161,met at work event years ago
759,46,2,1724803808,elevator small talk champions
760,312,2,1730603166,carpool gang for life
761,458,1,1736842685,old friends from college days
762,465,3,1721071359,old friends from college days
763,557,1,1709805750,met at work event years ago
764,607,6,1724560104,neighbors who share wifi password
765,147,1,1708144793,microwave drama survivors
766,958,1,1715741318,witnessed the printer jam incident
767,822,1,1733437031,reply-all incident support group
768,862,2,1717937762,parking spot nemesis turned friend
769,865,1,1708928675,snack drawer raiding partners
770,621,1,1718141781,zoom background critics society
771,633,19,1720200687,escape room teammates forever
772,695,1,1737139702,microwave drama survivors
773,901,2,1708412554,both hate Mondays equally
774,778,1,1718926665,gym buddies since forever
775,240,4,1729631033,parking spot nemesis turned friend
776,788,2,1729062223,elevator small talk champions
777,926,1,1737093061,met at work event years ago
778,430,1,1732538258,elevator small talk champions
779,69,1,1734727819,elevator small talk champions
780,632,4,1716683410,escape room teammates forever
781,33,1,1735999650,met debating Oxford comma use
782,393,1,1710446373,met at work event years ago
783,603,3,1731180969,both hate Mondays equally
784,713,2,1734413347,argued about pizza toppings
785,170,1,1714333098,zoom background critics society
786,962,8,1714163731,survived same boring meeting
787,984,4,1725515920,met debating Oxford comma use
788,854,1,1708880132,zoom background critics society
789,457,2,1722917963,both hate Mondays equally
790,903,1,1718465978,old friends from college days
791,463,3,1714612718,elevator small talk champions
792,329,1,1723691595,met debating Oxford comma use
793,834,2,1728127600,bonded over terrible coffee
794,352,1,1714926925,neighbors who share wifi password
795,98,1,1717134825,microwave drama survivors
796,256,1,1738668197,old friends from college days
797,427,9,1729073787,carpool gang for life
798,728,2,1713498744,microwave drama survivors
799,201,1,1718325673,neighbors who share wifi password
800,528,1,1707718143,zoom background critics society
801,551,1,1738668665,coffee machine queue besties
802,870,1,1732238625,coffee machine queue besties
803,39,1,1719138394,argued about pizza toppings
804,763,3,1731878515,share memes at 3am regularly
805,415,1,1716156477,met at work event years ago
806,685,3,1711408170,bonded over terrible coffee
807,153,13,1724033096,met debating Oxford comma use
808,954,2,1725495835,elevator small talk champions
809,338,2,1734020257,plants dying together club
810,385,1,1721181433,met debating Oxford comma use
811,526,2,1723951663,share memes at 3am regularly
812,814,1,1708764837,coffee machine queue besties
813,349,1,1710911513,parking spot nemesis turned friend
814,813,19,1720486565,zoom background critics society
815,342,1,1725795459,parking spot nemesis turned friend
816,315,1,1737204683,carpool gang for life
817,775,1,1720427365,witnessed the printer jam incident
818,792,2,1732805849,met at work event years ago
819,587,1,1725392839,escape room teammates forever
820,756,1,1732529915,reply-all incident support group
821,169,4,1720605544,neighbors who share wifi password
822,643,1,1724454363,neighbors who share wifi password
823,504,1,1719624985,met debating Oxford comma use
824,87,1,1712063798,met debating Oxford comma use
825,1000,1,1719546205,both hate Mondays equally
826,821,2,1733974196,met at work event years ago
827,89,1,1728730798,elevator small talk champions
828,937,1,1737842964,elevator small talk champions
829,453,1,1709948324,both hate Mondays equally
830,402,1,1727613011,share memes at 3am regularly
831,308,1,1738956810,parking spot nemesis turned friend
832,26,1,1724126763,argued about pizza toppings
833,792,1,1728597610,snack drawer raiding partners
834,571,2,1729955326,accidentally wore same outfit once
835,656,2,1732620286,met at work event years ago
836,906,2,1731107429,survived same boring meeting
837,178,1,1736875560,escape room teammates forever
838,127,1,1732838733,witnessed the printer jam incident
839,646,1,1717885367,elevator small talk champions
840,932,2,1719917538,escape room teammates forever
841,694,18,1712070691,neighbors who share wifi password
842,164,1,1716117549,microwave drama survivors
843,157,42,1714456458,survived same boring meeting
844,900,3,1736424847,both hate Mondays equally
845,317,1,1726303054,met debating Oxford comma use
846,875,41,1722538014,escape room teammates forever
847,849,2,1710694196,snack drawer raiding partners
848,553,1,1710801776,bonded over terrible coffee
849,93,2,1720543139,gym buddies since forever
850,394,1,1727720493,argued about pizza toppings
851,950,3,1712855048,microwave drama survivors
852,694,1,1727518721,coffee machine queue besties
853,260,1,1733455802,carpool gang for life
854,478,5,1710859843,met at work event years ago
855,671,2,1729336450,carpool gang for life
856,339,1,1725829473,deadline panic buddies forever
857,974,1,1713583105,gym buddies since forever
858,876,2,1715161220,bonded over terrible coffee
859,866,1,1723122925,deadline panic buddies forever
860,500,1,1717655120,gym buddies since forever
861,642,6,1713141385,bonded over terrible coffee
862,5,2,1720791870,parking spot nemesis turned friend
863,304,1,1711347941,coffee machine queue besties
864,543,1,1736540794,survived same boring meeting
865,186,12,1737491862,parking spot nemesis turned friend
866,775,24,1737187339,escape room teammates forever
867,475,2,1735740186,plants dying together club
868,629,1,1736797795,accidentally wore same outfit once
869,461,4,1718635836,plants dying together club
870,991,1,1717586121,both hate Mondays equally
871,836,1,1714348972,argued about pizza toppings
872,880,1,1712240878,reply-all incident support group
873,53,2,1712254629,microwave drama survivors
874,818,2,1715082128,both hate Mondays equally
875,970,1,1727651498,argued about pizza toppings
876,898,22,1719100103,deadline panic buddies forever
877,881,1,1728143990,old friends from college days
878,156,1,1710014760,elevator small talk champions
879,528,3,1732097131,witnessed the printer jam incident
880,72,1,1734335123,plants dying together club
881,273,5,1718249001,reply-all incident support group
882,760,1,1711513856,deadline panic buddies forever
883,544,2,1724556865,parking spot nemesis turned friend
884,882,4,1714770384,bonded over terrible coffee
885,297,1,1715663370,snack drawer raiding partners
886,869,3,1735380448,met debating Oxford comma use
887,919,10,1708115079,deadline panic buddies forever
888,869,2,1725554629,snack drawer raiding partners
889,845,14,1737505989,accidentally wore same outfit once
890,782,1,1718703689,snack drawer raiding partners
891,888,3,1733948551,neighbors who share wifi password
892,101,3,1732691874,snack drawer raiding partners
893,697,2,1709608566,escape room teammates forever
894,228,2,1729411876,reply-all incident support group
895,274,1,1710482251,accidentally wore same outfit once
896,808,1,1726556207,argued about pizza toppings
897,540,1,1719943302,bonded over terrible coffee
898,136,2,1733237754,both hate Mondays equally
899,168,69,1726115991,deadline panic buddies forever
900,929,5,1721505382,both hate Mondays equally
901,777,1,1707786474,elevator small talk champions
902,370,1,1714233159,snack drawer raiding partners
903,429,4,1709584286,met at work event years ago
904,188,1,1708073790,zoom background critics society
905,204,1,1737754452,old friends from college days
906,885,321,1724273635,witnessed the printer jam incident
907,971,1,1736447384,bonded over terrible coffee
908,927,1,1707638946,plants dying together club
909,575,6,1710871370,escape room teammates forever
910,617,8,1714881506,reply-all incident support group
911,698,1,1736685064,accidentally wore same outfit once
912,285,2,1710787748,elevator small talk champions
913,994,7,1722423613,snack drawer raiding partners
914,706,1,1716395094,bonded over terrible coffee
915,207,2,1718101216,old friends from college days
916,337,3,1736169363,met debating Oxford comma use
917,359,1,1724400355,snack drawer raiding partners
918,316,6,1713125663,neighbors who share wifi password
919,204,3,1724485482,coffee machine queue besties
920,678,2,1735321950,survived same boring meeting
921,684,2,1715714660,both hate Mondays equally
922,813,1,1721101262,plants dying together club
923,449,1,1738859328,accidentally wore same outfit once
924,38,1,1707782382,share memes at 3am regularly
925,997,1,1736252846,microwave drama survivors
926,64,16,1722381359,survived same boring meeting
927,4,2,1738123918,deadline panic buddies forever
928,528,4,1735084679,parking spot nemesis turned friend
929,856,1,1736139970,witnessed the printer jam incident
930,141,2,1736008527,gym buddies since forever
931,959,1,1708651407,argued about pizza toppings
932,64,1,1729500048,plants dying together club
933,875,1,1734627112,argued about pizza toppings
934,933,6,1708180958,witnessed the printer jam incident
935,752,1,1713944218,reply-all incident support group
936,552,8,1728453932,parking spot nemesis turned friend
937,331,1,1717959635,survived same boring meeting
938,985,3,1711157248,met debating Oxford comma use
939,489,2,1731424074,met at work event years ago
940,312,6,1726252097,met at work event years ago
941,431,6,1720819304,microwave drama survivors
942,163,6,1716627509,deadline panic buddies forever
943,531,2,1730327151,carpool gang for life
944,458,2,1713011363,accidentally wore same outfit once
945,167,6,1734074070,gym buddies since forever
946,950,1,1718257188,reply-all incident support group
947,631,1,1724657794,accidentally wore same outfit once
948,932,1,1708951746,coffee machine queue besties
949,648,2,1708159911,survived same boring meeting
950,361,2,1731841091,deadline panic buddies forever
951,163,1,1721611946,parking spot nemesis turned friend
952,460,1,1719601795,bonded over terrible coffee
953,710,82,1717111272,survived same boring meeting
954,47,8,1715754832,neighbors who share wifi password
955,703,3,1725594635,snack drawer raiding partners
956,809,1,1739072578,elevator small talk champions
957,715,2,1725360937,argued about pizza toppings
958,735,2,1734818860,met debating Oxford comma use
959,291,1,1720595284,deadline panic buddies forever
960,938,4,1718330546,microwave drama survivors
961,981,2,1732774893,escape room teammates forever
962,606,4,1722047615,share memes at 3am regularly
963,450,2,1732552079,reply-all incident support group
964,105,1,1713995019,carpool gang for life
965,702,1,1717400874,deadline panic buddies forever
966,589,1,1715521110,snack drawer raiding partners
967,307,3,1714871019,old friends from college days
968,55,1,1738657518,accidentally wore same outfit once
969,692,2,1736573412,plants dying together club
970,847,5,1734351809,argued about pizza toppings
971,878,231,1726019649,bonded over terrible coffee
972,935,2,1736050209,elevator small talk champions
973,872,4,1728223279,escape room teammates forever
974,771,1,1737771263,witnessed the printer jam incident
975,463,2,1709820627,microwave drama survivors
976,252,4,1737460618,neighbors who share wifi password
977,301,2,1714413485,carpool gang for life
978,185,3,1725280838,carpool gang for life
979,47,1,1723970402,met at work event years ago
980,896,1,1726045613,coffee machine queue besties
981,220,1,1732129822,neighbors who share wifi password
982,62,3,1723560783,plants dying together club
983,82,1,1730720571,bonded over terrible coffee
984,327,2,1732960566,reply-all incident support group
985,83,3,1732304798,deadline panic buddies forever
986,86,2,1709486129,met debating Oxford comma use
987,703,1,1722109974,parking spot nemesis turned friend
988,160,4,1728363235,coffee machine queue besties
989,968,1,1737249775,survived same boring meeting
990,912,1,1714458795,both hate Mondays equally
991,221,2,1735624910,microwave drama survivors
992,757,38,1713856457,bonded over terrible coffee
993,233,1,1709267290,plants dying together club
994,307,1,1717174317,microwave drama survivors
995,958,5,1715830676,both hate Mondays equally
996,446,1,1720638649,plants dying together club
997,923,1,1736018694,bonded over terrible coffee
998,578,1,1716766137,deadline panic buddies forever
999,536,1,1728190844,survived same boring meeting
1000,898,1,1727871335,plants dying together club
1001,282,1,1724875703,parking spot nemesis turned friend
1002,961,3,1722907367,both hate Mondays equally
1003,416,1,1729544333,deadline panic buddies forever
1004,120,1,1723570505,witnessed the printer jam incident
1005,539,2,1725610873,snack drawer raiding partners
1006,21,1,1726621385,parking spot nemesis turned friend
1007,395,6,1730873908,escape room teammates forever
1008,633,14,1724211737,gym buddies since forever
1009,94,1,1727090101,coffee machine queue besties
1010,790,1,1735092123,gym buddies since forever
1011,396,1,1719852953,deadline panic buddies forever
1012,177,3,1708184263,plants dying together club
1013,763,1,1727562928,both hate Mondays equally
1014,229,1,1714016442,coffee machine queue besties
1015,834,1,1710438919,bonded over terrible coffee
1016,836,4,1720125226,neighbors who share wifi password
1017,506,1,1718838269,old friends from college days
1018,814,3,1733888600,escape room teammates forever
1019,176,15,1726601021,zoom background critics society
1020,135,2,1722838278,old friends from college days
1021,492,17,1723285462,elevator small talk champions
1022,397,3,1736122232,escape room teammates forever
1023,874,2,1720378659,accidentally wore same outfit once
1024,180,1,1719260495,gym buddies since forever
1025,452,2,1727365579,zoom background critics society
1026,306,2,1727495390,bonded over terrible coffee
1027,549,1,1713360884,reply-all incident support group
1028,259,1,1729538089,parking spot nemesis turned friend
1029,23,1,1731649796,gym buddies since forever
1030,274,2,1730435541,old friends from college days
1031,994,2,1708369413,gym buddies since forever
1032,544,1,1722707385,bonded over terrible coffee
1033,442,1,1711489334,share memes at 3am regularly
1034,299,1,1738980947,carpool gang for life
1035,439,3,1714014802,bonded over terrible coffee
1036,731,1,1726915095,reply-all incident support group
1037,571,1,1721960016,share memes at 3am regularly
1038,694,7,1725945269,survived same boring meeting
1039,531,20,1735673152,both hate Mondays equally
1040,61,3,1729699874,zoom background critics society
1041,727,3,1733114135,share memes at 3am regularly
1042,558,1,1733249536,met debating Oxford comma use
1043,66,1,1727019060,share memes at 3am regularly
1044,443,3,1714605121,met at work event years ago
1045,429,6,1713245265,met at work event years ago
1046,131,1,1727733158,microwave drama survivors
1047,592,1,1723912528,escape room teammates forever
1048,516,2,1717144378,zoom background critics society
1049,281,3,1722932748,accidentally wore same outfit once
1050,426,9,1737704695,witnessed the printer jam incident
1051,854,2,1714673836,argued about pizza toppings
1052,813,8,1720889616,gym buddies since forever
1053,627,39,1724769250,zoom background critics society
1054,674,1,1721276812,survived same boring meeting
1055,991,7,1728870376,plants dying together club
1056,412,2,1731183423,met at work event years ago
1057,712,2,1727085101,old friends from college days
1058,405,25,1710963095,survived same boring meeting
1059,833,9,1716392089,plants dying together club
1060,572,6,1733710760,accidentally wore same outfit once
1061,510,2,1718856112,argued about pizza toppings
1062,901,3,1734912250,parking spot nemesis turned friend
1063,681,1,1709562672,survived same boring meeting
1064,899,497,1709641328,deadline panic buddies forever
1065,114,12,1718205017,snack drawer raiding partners
1066,534,2,1725484695,carpool gang for life
1067,15,7,1736683691,gym buddies since forever
1068,485,3,1725608283,met at work event years ago
1069,275,1,1726695170,reply-all incident support group
1070,162,1,1707709549,survived same boring meeting
1071,549,3,1715972888,snack drawer raiding partners
1072,548,429,1708131891,met at work event years ago
1073,910,2,1737729323,survived same boring meeting
1074,153,1,1722523884,gym buddies since forever
1075,298,1,1735277862,argued about pizza toppings
1076,193,1,1713239162,old friends from college days
1077,717,1,1734221024,reply-all incident support group
1078,246,21,1732390042,argued about pizza toppings
1079,493,2,1728687627,escape room teammates forever
1080,314,7,1717623911,met at work event years ago
1081,729,33,1737264417,survived same boring meeting
1082,746,3,1720582847,parking spot nemesis turned friend
1083,250,1,1732847896,zoom background critics society
1084,331,2,1736457183,both hate Mondays equally
1085,902,1,1713838520,neighbors who share wifi password
1086,982,1,1714335109,share memes at 3am regularly
1087,825,1,1720964321,snack drawer raiding partners
1088,389,1,1710607297,zoom background critics society
1089,407,1,1736421052,survived same boring meeting
1090,817,4,1732473649,both hate Mondays equally
1091,213,1,1733765242,plants dying together club
1092,417,1,1708950998,accidentally wore same outfit once
1093,925,2,1718189347,share memes at 3am regularly
1094,525,1,1723268023,reply-all incident support group
1095,456,2,1733741789,accidentally wore same outfit once
1096,381,2,1724196467,old friends from college days
1097,565,3,1710842194,deadline panic buddies forever
1098,354,1,1735413919,gym buddies since forever
1099,270,1,1737673179,met debating Oxford comma use
1100,605,7,1732280400,coffee machine queue besties
1101,41,1,1717462404,coffee machine queue besties
1102,759,6,1729902418,carpool gang for life
1103,634,5,1710074376,witnessed the printer jam incident
1104,470,2,1725395902,bonded over terrible coffee
1105,116,2,1734988477,escape room teammates forever
1106,358,3,1738018940,witnessed the printer jam incident
1107,795,25,1710509748,neighbors who share wifi password
1108,811,1,1719147915,zoom background critics society
1109,710,1,1715964359,plants dying together club
1110,281,1,1719802776,microwave drama survivors
1111,490,4,1717202733,zoom background critics society
1112,551,6,1708500319,survived same boring meeting
1113,200,2,1737522621,parking spot nemesis turned friend
1114,399,4,1711099980,both hate Mondays equally
1115,744,21,1732783818,coffee machine queue besties
1116,685,1,1712367372,parking spot nemesis turned friend
1117,658,1,1709895437,neighbors who share wifi password
1118,390,1,1724429326,coffee machine queue besties
1119,648,1,1709640684,accidentally wore same outfit once
1120,315,5,1716121910,old friends from college days
1121,456,3,1736452204,witnessed the printer jam incident
1122,941,130,1716153800,bonded over terrible coffee
1123,114,3,1710855223,bonded over terrible coffee
1124,96,1,1728842850,accidentally wore same outfit once
1125,90,1,1736508988,witnessed the printer jam incident
1126,177,6,1718764050,accidentally wore same outfit once
1127,530,6,1718199061,microwave drama survivors
1128,14,1,1717056327,met at work event years ago
1129,6,1,1738044404,met debating Oxford comma use
1130,990,2,1729325136,survived same boring meeting
1131,561,1,1722629276,microwave drama survivors
1132,108,2,1730579696,escape room teammates forever
1133,10,2,1720375964,carpool gang for life
1134,401,2,1712395831,microwave drama survivors
1135,773,2,1712358900,witnessed the printer jam incident
1136,735,1,1713101924,parking spot nemesis turned friend
1137,27,1,1708337531,gym buddies since forever
1138,987,1,1714805477,accidentally wore same outfit once
1139,734,3,1736810727,survived same boring meeting
1140,853,2,1724688472,old friends from college days
1141,73,4,1735183480,plants dying together club
1142,984,6,1736226143,snack drawer raiding partners
1143,173,4,1738021866,elevator small talk champions
1144,87,2,1734184061,reply-all incident support group
1145,36,1,1719803249,gym buddies since forever
1146,516,5,1722883382,old friends from college days
1147,375,1,1737912402,both hate Mondays equally
1148,334,1,1712723719,share memes at 3am regularly
1149,374,1,1726730810,neighbors who share wifi password
1150,565,1,1715826196,accidentally wore same outfit once
1151,330,2,1729490336,reply-all incident support group
1152,124,1,1712773690,met debating Oxford comma use
1153,428,5,1734544714,carpool gang for life
1154,717,15,1720925671,both hate Mondays equally
1155,852,3,1730608780,bonded over terrible coffee
1156,495,66,1708256467,coffee machine queue besties
1157,282,4,1720688871,met debating Oxford comma use
1158,637,1,1734836103,snack drawer raiding partners
1159,938,5,1730644114,survived same boring meeting
1160,491,3,1739043267,microwave drama survivors
1161,756,2,1728242305,met debating Oxford comma use
1162,173,6,1729979295,argued about pizza toppings
1163,386,2,1729788590,carpool gang for life
1164,922,1,1732420019,bonded over terrible coffee
1165,300,2,1728320917,argued about pizza toppings
1166,116,1,1711220088,survived same boring meeting
1167,205,1,1729671005,coffee machine queue besties
1168,50,3,1734910300,microwave drama survivors
1169,19,3,1719328188,zoom background critics society
1170,443,1,1718853769,coffee machine queue besties
1171,912,11,1727508282,carpool gang for life
1172,231,3,1712814473,carpool gang for life
1173,7,1,1729958127,snack drawer raiding partners
1174,280,2,1721680423,snack drawer raiding partners
1175,707,4,1735033921,accidentally wore same outfit once
1176,626,1,1711329362,escape room teammates forever
1177,61,4,1725829636,deadline panic buddies forever
1178,762,1,1712472769,met at work event years ago
1179,566,53,1726964901,deadline panic buddies forever
1180,993,4,1737050849,microwave drama survivors
1181,649,2,1709275548,gym buddies since forever
1182,488,1,1720923321,share memes at 3am regularly
1183,939,3,1734728101,old friends from college days
1184,63,10,1733568858,witnessed the printer jam incident
1185,346,1,1737404563,accidentally wore same outfit once
1186,457,3,1725156183,plants dying together club
1187,337,1,1714420284,gym buddies since forever
1188,913,1,1708659084,elevator small talk champions
1189,277,6,1734487989,zoom background critics society
1190,78,1,1707671908,survived same boring meeting
1191,102,1,1716665084,coffee machine queue besties
1192,422,2,1723193614,reply-all incident support group
1193,323,1,1728885323,plants dying together club
1194,428,1,1728233619,accidentally wore same outfit once
1195,286,6,1733150826,coffee machine queue besties
1196,912,3,1718756198,old friends from college days
1197,185,2,1726355869,gym buddies since forever
1198,210,2,1728486820,survived same boring meeting
1199,318,1,1723969988,bonded over terrible coffee
1200,996,20,1709334115,deadline panic buddies forever
1201,800,11,1736087015,survived same boring meeting
1202,870,9,1710386419,plants dying together club
1203,934,19,1732569284,microwave drama survivors
1204,184,1,1720868524,elevator small talk champions
1205,249,20,1710541932,plants dying together club
1206,741,1,1727141663,met at work event years ago
1207,133,1,1736138002,microwave drama survivors
1208,781,35,1729170121,escape room teammates forever
1209,407,6,1720565015,argued about pizza toppings
1210,552,2,1710177947,snack drawer raiding partners
1211,634,9,1707690161,argued about pizza toppings
1212,207,123,1730598002,microwave drama survivors
1213,784,3,1715125437,survived same boring meeting
1214,712,4,1734496695,old friends from college days
1215,933,1,1716137005,reply-all incident support group
1216,590,11,1731691562,elevator small talk champions
1217,58,3,1720054296,coffee machine queue besties
1218,982,2,1726937553,argued about pizza toppings
1219,516,1,1725037771,coffee machine queue besties
1220,980,9,1735326901,snack drawer raiding partners
1221,764,4,1721490073,old friends from college days
1222,817,2,1715282097,deadline panic buddies forever
1223,824,3,1730890054,parking spot nemesis turned friend
1224,197,1,1735407436,snack drawer raiding partners
1225,321,12,1708902524,argued about pizza toppings
1226,977,1,1716256411,met debating Oxford comma use
1227,571,4,1715466959,survived same boring meeting
1228,208,2,1713622627,accidentally wore same outfit once
1229,853,1,1714743016,neighbors who share wifi password
1230,232,4,1715149484,both hate Mondays equally
1231,739,1,1732722810,gym buddies since forever
1232,850,2,1719535913,reply-all incident support group
1233,266,1,1736303732,accidentally wore same outfit once
1234,966,4,1735378629,both hate Mondays equally
1235,904,1,1708617788,deadline panic buddies forever
1236,919,2,1711720421,argued about pizza toppings
1237,418,1,1734441116,survived same boring meeting
1238,886,1,1715291521,argued about pizza toppings
1239,250,4,1716764327,bonded over terrible coffee
1240,885,2,1722695606,survived same boring meeting
1241,969,6,1732717816,carpool gang for life
1242,365,3,1730816104,snack drawer raiding partners
1243,169,1,1728523944,microwave drama survivors
1244,947,2,1731043504,carpool gang for life
1245,500,2,1728459690,carpool gang for life
1246,426,4,1720702347,elevator small talk champions
1247,28,2,1737871053,microwave drama survivors
1248,608,1,1732576207,both hate Mondays equally
1249,284,5,1723321059,witnessed the printer jam incident
1250,762,3,1717871048,met at work event years ago
1251,596,1,1727365250,escape room teammates forever
1252,577,3,1737256082,reply-all incident support group
1253,7,3,1736129363,survived same boring meeting
1254,237,19,1729721505,argued about pizza toppings
1255,810,12,1735901971,bonded over terrible coffee
1256,326,7,1723456599,plants dying together club
1257,18,2,1717453246,both hate Mondays equally
1258,855,2,1729692006,parking spot nemesis turned friend
1259,241,2,1723078685,witnessed the printer jam incident
1260,213,26,1723612071,met debating Oxford comma use
1261,545,2,1722420266,parking spot nemesis turned friend
1262,285,18,1737683420,parking spot nemesis turned friend
1263,140,2,1717255999,microwave drama survivors
1264,485,2,1712736420,witnessed the printer jam incident
1265,217,1,1720537412,reply-all incident support group
1266,928,13,1721237009,met debating Oxford comma use
1267,361,5,1738582436,zoom background critics society
1268,496,2,1739142620,deadline panic buddies forever
1269,639,2,1737901051,both hate Mondays equally
1270,986,17,1728328983,neighbors who share wifi password
1271,12,1,1713056950,zoom background critics society
1272,64,11,1729459117,gym buddies since forever
1273,953,1,1709120380,survived same boring meeting
1274,455,7,1721159474,elevator small talk champions
1275,611,1,1713063978,plants dying together club
1276,709,1,1718014953,met at work event years ago
1277,494,2,1709020371,witnessed the printer jam incident
1278,680,40,1737728737,parking spot nemesis turned friend
1279,808,4,1719244749,survived same boring meeting
1280,518,2,1715875759,carpool gang for life
1281,653,1,1723223145,met debating Oxford comma use
1282,303,1,1722594593,plants dying together club
1283,513,2,1722830298,bonded over terrible coffee
1284,271,2,1736496933,bonded over terrible coffee
1285,615,4,1712858917,deadline panic buddies forever
1286,679,1,1733076748,met at work event years ago
1287,367,1,1708928085,microwave drama survivors
1288,234,1,1727161235,elevator small talk champions
1289,590,6,1724022052,argued about pizza toppings
1290,294,1,1719666406,escape room teammates forever
1291,396,12,1728439691,deadline panic buddies forever
1292,908,1,1714666472,coffee machine queue besties
1293,807,2,1717011657,snack drawer raiding partners
1294,233,2,1729181560,witnessed the printer jam incident
1295,507,5,1719012099,met debating Oxford comma use
1296,987,142,1717554920,zoom background critics society
1297,275,4,1707746632,gym buddies since forever
1298,657,3,1732478639,escape room teammates forever
1299,667,1,1731217548,witnessed the printer jam incident
1300,388,1,1736068779,carpool gang for life
1301,482,4,1710955826,parking spot nemesis turned friend
1302,418,59,1714444106,survived same boring meeting
1303,316,7,1727623939,neighbors who share wifi password
1304,819,2,1727074397,witnessed the printer jam incident
1305,117,3,1708732081,accidentally wore same outfit once
1306,671,1,1712481912,met at work event years ago
1307,66,4,1727456788,escape room teammates forever
1308,315,16,1736693565,share memes at 3am regularly
1309,806,4,1722066276,bonded over terrible coffee
1310,473,1,1730821728,coffee machine queue besties
1311,535,15,1722400475,plants dying together club
1312,513,1,1712483892,microwave drama survivors
1313,541,1,1738650641,witnessed the printer jam incident
1314,496,4,1721065957,gym buddies since forever
1315,445,1,1724707591,elevator small talk champions
1316,432,1,1725159290,parking spot nemesis turned friend
1317,975,4,1733853747,both hate Mondays equally
1318,293,1,1724831646,accidentally wore same outfit once
1319,224,5,1709656371,met debating Oxford comma use
1320,102,2,1709750304,neighbors who share wifi password
1321,907,1,1727744053,carpool gang for life
1322,567,4,1720714032,accidentally wore same outfit once
1323,930,1,1726179100,plants dying together club
1324,755,2,1729369991,accidentally wore same outfit once
1325,283,1,1721260594,snack drawer raiding partners
1326,564,1,1710496018,deadline panic buddies forever
1327,636,1,1710461710,old friends from college days
1328,53,1,1718357282,old friends from college days
1329,908,4,1738397278,snack drawer raiding partners
1330,457,1,1720787781,survived same boring meeting
1331,980,1,1724278127,share memes at 3am regularly
1332,89,13,1727721594,share memes at 3am regularly
1333,700,1,1730676047,microwave drama survivors
1334,203,2,1731281854,microwave drama survivors
1335,808,2,1729273792,gym buddies since forever
1336,999,1,1715301503,reply-all incident support group
1337,978,2,1708343830,gym buddies since forever
1338,577,4,1725852960,zoom background critics society
1339,990,8,1712878075,microwave drama survivors
1340,821,5,1737776334,argued about pizza toppings
1341,921,1,1733435262,met debating Oxford comma use
1342,468,1,1719770683,old friends from college days
1343,201,4,1726144841,witnessed the printer jam incident
1344,979,1,1724776397,zoom background critics society
1345,323,5,1712289652,share memes at 3am regularly
1346,140,1,1720393979,witnessed the printer jam incident
1347,2,5,1714644828,deadline panic buddies forever
1348,654,4,1729746032,gym buddies since forever
1349,226,2,1718607448,zoom background critics society
1350,335,3,1711639502,snack drawer raiding partners
1351,751,9,1716682160,zoom background critics society
1352,344,6,1715973724,accidentally wore same outfit once
1353,56,1,1723120410,share memes at 3am regularly
1354,111,1,1729327994,both hate Mondays equally
1355,752,4,1714675021,coffee machine queue besties
1356,326,3,1711671731,share memes at 3am regularly
1357,499,6,1728175185,plants dying together club
1358,333,19,1724696163,old friends from college days
1359,781,1,1730379587,plants dying together club
1360,550,1,1723260859,microwave drama survivors
1361,440,3,1709637282,bonded over terrible coffee
1362,583,3,1717777730,neighbors who share wifi password
1363,691,1,1729119137,coffee machine queue besties
1364,386,1,1734495488,deadline panic buddies forever
1365,199,1,1725611961,elevator small talk champions
1366,804,3,1730801500,microwave drama survivors
1367,834,30,1714380529,plants dying together club
1368,403,7,1720715077,elevator small talk champions
1369,827,1,1717756191,coffee machine queue besties
1370,118,1,1709056410,share memes at 3am regularly
1371,275,2,1734561207,survived same boring meeting
1372,652,2,1734625330,argued about pizza toppings
1373,871,2,1713373276,accidentally wore same outfit once
1374,108,1,1734028246,met at work event years ago
1375,760,27,1707859123,carpool gang for life
1376,651,2,1709691285,microwave drama survivors
1377,863,3,1729198312,snack drawer raiding partners
1378,322,3,1737539343,gym buddies since forever
1379,604,1,1715483331,snack drawer raiding partners
1380,566,6,1736772641,deadline panic buddies forever
1381,344,1,1733780589,met debating Oxford comma use
1382,819,3,1723188098,escape room teammates forever
1383,427,4,1709544335,plants dying together club
1384,755,1,1718286309,plants dying together club
1385,680,1,1722140017,old friends from college days
1386,836,2,1717549846,accidentally wore same outfit once
1387,212,4,1715924915,carpool gang for life
1388,788,27,1708333908,both hate Mondays equally
1389,334,3,1719551137,gym buddies since forever
1390,467,7,1727492849,share memes at 3am regularly
1391,54,1,1707732101,accidentally wore same outfit once
1392,989,2,1722552805,coffee machine queue besties
1393,840,1,1727901236,deadline panic buddies forever
1394,329,5,1708853502,both hate Mondays equally
1395,240,9,1737940316,met at work event years ago
1396,780,2,1716249220,snack drawer raiding partners
1397,537,3,1714879435,carpool gang for life
1398,480,1,1713506044,accidentally wore same outfit once
1399,803,6,1715098588,survived same boring meeting
1400,327,3,1738616140,microwave drama survivors
1401,245,1,1711298219,witnessed the printer jam incident
1402,704,1,1714456203,bonded over terrible coffee
1403,689,3,1733084726,carpool gang for life
1404,295,1,1721324239,accidentally wore same outfit once
1405,407,2,1712273448,gym buddies since forever
1406,615,9,1722324914,escape room teammates forever
1407,831,2,1721540818,escape room teammates forever
1408,891,1,1714170455,coffee machine queue besties
1409,294,10,1715961763,accidentally wore same outfit once
1410,11,1,1718390665,zoom background critics society
1411,796,1,1737186698,escape room teammates forever
1412,677,1,1710145745,share memes at 3am regularly
1413,955,2,1713269460,argued about pizza toppings
1414,129,4,1720996015,bonded over terrible coffee
1415,139,1,1717385849,neighbors who share wifi password
1416,239,1,1738088868,met at work event years ago
1417,297,5,1725802031,met debating Oxford comma use
1418,961,1,1737963213,microwave drama survivors
1419,730,1,1727194434,reply-all incident support group
1420,105,3,1720842290,coffee machine queue besties
1421,594,2,1717138458,zoom background critics society
1422,941,2,1733037840,deadline panic buddies forever
1423,32,6,1720415882,met at work event years ago
1424,478,1,1735125829,share memes at 3am regularly
1425,419,2,1727099487,deadline panic buddies forever
1426,650,7,1715852664,elevator small talk champions
1427,360,1,1728613825,neighbors who share wifi password
1428,166,2,1733942115,zoom background critics society
1429,406,16,1714949664,met debating Oxford comma use
1430,745,2,1730992772,escape room teammates forever
1431,270,2,1722286070,argued about pizza toppings
1432,533,1,1708397174,zoom background critics society
1433,637,3,1718311955,met debating Oxford comma use
1434,831,1,1718897514,gym buddies since forever
1435,508,4,1719245965,witnessed the printer jam incident
1436,862,6,1721860412,survived same boring meeting
1437,422,1,1736290938,share memes at 3am regularly
1438,954,4,1738043146,reply-all incident support group
1439,936,3,1714702323,microwave drama survivors
1440,724,1,1726590874,elevator small talk champions
1441,887,4,1732322282,gym buddies since forever
1442,43,2,1735953758,escape room teammates forever
1443,5,1,1724736600,coffee machine queue besties
1444,358,13,1720874584,coffee machine queue besties
1445,487,6,1712442486,zoom background critics society
1446,386,15,1736219827,met debating Oxford comma use
1447,586,2,1735411019,accidentally wore same outfit once
1448,512,1,1711071243,neighbors who share wifi password
1449,664,18,1725384105,parking spot nemesis turned friend
1450,996,1,1736741587,both hate Mondays equally
1451,542,1,1726507511,coffee machine queue besties
1452,277,14,1708671134,gym buddies since forever
1453,227,1,1729255055,snack drawer raiding partners
1454,915,1,1737419294,argued about pizza toppings
1455,91,3,1711838163,gym buddies since forever
1456,889,1,1719012718,witnessed the printer jam incident
1457,236,1,1713152167,deadline panic buddies forever
1458,392,42,1712309002,survived same boring meeting
1459,965,2,1709251025,zoom background critics society
1460,674,8,1708709524,snack drawer raiding partners
1461,716,2,1721422144,neighbors who share wifi password
1462,759,1,1735921841,argued about pizza toppings
1463,9,24,1735756637,accidentally wore same outfit once
1464,988,1,1729239220,bonded over terrible coffee
1465,960,5,1729232850,carpool gang for life
1466,802,3,1731718881,plants dying together club
1467,639,1,1730487193,met debating Oxford comma use
1468,625,44,1710103754,met debating Oxford comma use
1469,989,4,1714848496,snack drawer raiding partners
1470,378,4,1709730408,witnessed the printer jam incident
1471,100,2,1709863854,neighbors who share wifi password
1472,358,1,1722807510,neighbors who share wifi password
1473,161,1,1722683587,microwave drama survivors
1474,817,10,1708158480,deadline panic buddies forever
1475,995,1,1709427334,coffee machine queue besties
1476,873,1,1715016535,met debating Oxford comma use
1477,584,4,1713981174,neighbors who share wifi password
1478,514,1,1731319040,neighbors who share wifi password
1479,364,1,1718826209,neighbors who share wifi password
1480,616,1,1725910215,snack drawer raiding partners
1481,784,1,1730262651,snack drawer raiding partners
1482,356,22,1720036697,both hate Mondays equally
1483,913,2,1720173919,microwave drama survivors
1484,687,2,1710137744,microwave drama survivors
1485,533,3,1735369656,argued about pizza toppings
1486,110,2,1709713193,parking spot nemesis turned friend
1487,786,1,1722536234,met debating Oxford comma use
1488,325,6,1726401927,bonded over terrible coffee
1489,530,1,1735996923,snack drawer raiding partners
1490,44,2,1727181895,plants dying together club
1491,974,10,1736670409,escape room teammates forever
1492,960,2,1720575736,plants dying together club
1493,346,62,1721426152,old friends from college days
1494,320,1,1708541235,neighbors who share wifi password
1495,641,2,1732178183,met at work event years ago
1496,80,6,1731737354,met at work event years ago
1497,121,1,1722262749,carpool gang for life
1498,9,2,1728618362,zoom background critics society
1499,851,7,1720753195,snack drawer raiding partners
1500,979,11,1724810978,elevator small talk champions
1501,368,2,1730464083,elevator small talk champions
1502,202,4,1738553750,share memes at 3am regularly
1503,32,1,1709361660,bonded over terrible coffee
1504,998,11,1737756748,bonded over terrible coffee
1505,767,2,1712837668,zoom background critics society
1506,996,3,1715077476,escape room teammates forever
1507,563,2,1708554824,parking spot nemesis turned friend
1508,586,179,1731025942,gym buddies since forever
1509,986,1,1732419430,accidentally wore same outfit once
1510,838,15,1714176127,microwave drama survivors
1511,410,1,1731782435,reply-all incident support group
1512,124,8,1722737079,argued about pizza toppings
1513,521,2,1710491119,parking spot nemesis turned friend
1514,956,1,1737807809,gym buddies since forever
1515,397,2,1738518669,witnessed the printer jam incident
1516,872,2,1736415874,parking spot nemesis turned friend
1517,588,1,1708814616,both hate Mondays equally
1518,211,4,1735093971,neighbors who share wifi password
1519,560,18,1721310581,coffee machine queue besties
1520,943,5,1737990290,parking spot nemesis turned friend
1521,39,10,1712630036,survived same boring meeting
1522,568,1,1736044698,met debating Oxford comma use
1523,997,2,1732040900,survived same boring meeting
1524,635,3,1717291693,accidentally wore same outfit once
1525,907,7,1714296793,bonded over terrible coffee
1526,952,1,1726713197,both hate Mondays equally
1527,745,1,1728774604,reply-all incident support group
1528,786,6,1725887666,met debating Oxford comma use
1529,859,4,1719854684,share memes at 3am regularly
1530,166,1,1714049275,share memes at 3am regularly
1531,380,3,1727249301,met at work event years ago
1532,352,6,1727942149,both hate Mondays equally
1533,688,5,1725652496,carpool gang for life
1534,885,28,1728618076,snack drawer raiding partners
1535,986,7,1727055007,reply-all incident support group
1536,853,3,1720403360,accidentally wore same outfit once
1537,633,1,1738809524,coffee machine queue besties
1538,255,10,1735018085,accidentally wore same outfit once
1539,821,3,1711738576,gym buddies since forever
1540,986,3,1723885826,escape room teammates forever
1541,511,17,1715211359,argued about pizza toppings
1542,924,3,1707649769,met debating Oxford comma use
1543,249,1,1709651055,neighbors who share wifi password
1544,83,5,1709775821,carpool gang for life
1545,489,1,1721109468,met at work event years ago
1546,789,1,1731149828,both hate Mondays equally
1547,914,2,1716169695,argued about pizza toppings
1548,3,2,1713050889,accidentally wore same outfit once
1549,47,303,1728373891,reply-all incident support group
1550,226,1,1731000034,met at work event years ago
1551,769,4,1710103604,met at work event years ago
1552,519,1,1733170960,survived same boring meeting
1553,693,8,1708025079,reply-all incident support group
1554,606,2,1716138099,carpool gang for life
1555,606,7,1713862504,escape room teammates forever
1556,917,3,1729901300,microwave drama survivors
1557,187,6,1725422818,met at work event years ago
1558,767,21,1729612519,neighbors who share wifi password
1559,705,2,1723324451,elevator small talk champions
1560,860,2,1726682353,parking spot nemesis turned friend
1561,93,3,1711617097,escape room teammates forever
1562,23,3,1718367014,reply-all incident support group
1563,211,3,1721404034,escape room teammates forever
1564,467,1,1721714931,share memes at 3am regularly
1565,747,2,1719177689,coffee machine queue besties
1566,135,1,1727088938,both hate Mondays equally
1567,16,2,1726415104,parking spot nemesis turned friend
1568,878,1,1725305916,both hate Mondays equally
1569,812,1,1720154496,neighbors who share wifi password
1570,996,2,1731349330,snack drawer raiding partners
1571,523,1,1736573097,met debating Oxford comma use
1572,344,2,1717165194,coffee machine queue besties
1573,962,1,1733873686,both hate Mondays equally
1574,785,1,1729194486,share memes at 3am regularly
1575,232,1,1731278840,argued about pizza toppings
1576,261,2,1718474016,neighbors who share wifi password
1577,49,1,1727591315,argued about pizza toppings
1578,942,8,1710605551,zoom background critics society
1579,196,1,1709693744,share memes at 3am regularly
1580,333,28,1720477605,microwave drama survivors
1581,978,1,1725324950,coffee machine queue besties
1582,742,1,1713439815,share memes at 3am regularly
1583,540,5,1732733947,microwave drama survivors
1584,240,13,1718333392,bonded over terrible coffee
1585,280,1,1721152563,survived same boring meeting
1586,661,1,1726846812,neighbors who share wifi password
1587,926,2,1726720970,witnessed the printer jam incident
1588,461,21,1712395286,gym buddies since forever
1589,738,1,1732504164,survived same boring meeting
1590,120,2,1730214849,snack drawer raiding partners
1591,326,1,1728540698,accidentally wore same outfit once
1592,130,1,1715272980,share memes at 3am regularly
1593,146,1,1718814473,survived same boring meeting
1594,918,2,1715579240,deadline panic buddies forever
1595,373,2,1731483809,witnessed the printer jam incident
1596,167,2,1710194888,neighbors who share wifi password
1597,98,5,1714974928,escape room teammates forever
1598,281,5,1739032039,survived same boring meeting
1599,657,1,1738224482,plants dying together club
1600,77,3,1707901041,microwave drama survivors
1601,290,2,1719814289,carpool gang for life
1602,769,15,1722293379,parking spot nemesis turned friend
1603,916,2,1733327825,carpool gang for life
1604,16,24,1711816411,carpool gang for life
1605,590,3,1727602632,share memes at 3am regularly
1606,633,10,1714774308,microwave drama survivors
1607,860,14,1738067060,survived same boring meeting
1608,77,1,1715526081,snack drawer raiding partners
1609,50,5,1727406549,reply-all incident support group
1610,575,2,1710353410,elevator small talk champions
1611,957,3,1729211663,parking spot nemesis turned friend
1612,65,2,1709633658,accidentally wore same outfit once
1613,750,2,1726254853,gym buddies since forever
1614,632,1,1730294552,old friends from college days
1615,158,2,1728863349,microwave drama survivors
1616,780,4,1738056284,share memes at 3am regularly
1617,860,3,1731958887,old friends from college days
1618,895,4,1721983063,reply-all incident support group
1619,72,4,1726776973,old friends from college days
1620,830,1,1711203237,met at work event years ago
1621,476,3,1709886184,witnessed the printer jam incident
1622,49,8,1724034873,bonded over terrible coffee
1623,603,1,1710965165,witnessed the printer jam incident
1624,22,7,1707969737,parking spot nemesis turned friend
1625,273,15,1719346297,elevator small talk champions
1626,22,8,1731306066,gym buddies since forever
1627,852,1,1726342002,reply-all incident support group
1628,838,4,1738706829,witnessed the printer jam incident
1629,543,10,1707692914,old friends from college days
1630,380,6,1734933116,elevator small talk champions
1631,488,90,1725493611,reply-all incident support group
1632,185,1,1718394268,share memes at 3am regularly
1633,351,2,1708170399,elevator small talk champions
1634,523,2,1709547264,escape room teammates forever
1635,565,2,1710511946,old friends from college days
1636,764,1,1718855258,gym buddies since forever
1637,588,4,1713849538,elevator small talk champions
1638,123,1,1711263712,argued about pizza toppings
1639,757,7,1720458317,parking spot nemesis turned friend
1640,445,3,1710175768,met debating Oxford comma use
1641,532,1,1714844117,carpool gang for life
1642,651,27,1731891440,met debating Oxford comma use
1643,583,577,1727457786,accidentally wore same outfit once
1644,857,18,1718911681,reply-all incident support group
1645,701,3,1720898937,carpool gang for life
1646,453,3,1711859983,neighbors who share wifi password
1647,396,3,1714038206,accidentally wore same outfit once
1648,292,1,1738201015,deadline panic buddies forever
1649,10,16,1730822955,share memes at 3am regularly
1650,463,1,1732631254,gym buddies since forever
1651,168,17,1717029373,escape room teammates forever
1652,376,5,1724830328,plants dying together club
1653,835,8,1713637999,both hate Mondays equally
1654,235,6,1737127237,plants dying together club
1655,710,8,1725651237,coffee machine queue besties
1656,495,27,1737185735,snack drawer raiding partners
1657,976,1,1724360494,carpool gang for life
1658,772,1,1717459295,share memes at 3am regularly
1659,962,3,1734305920,carpool gang for life
1660,826,1,1727882874,met at work event years ago
1661,675,1,1713605461,neighbors who share wifi password
1662,641,1,1708546403,microwave drama survivors
1663,202,2,1721461776,survived same boring meeting
1664,847,1,1733249025,carpool gang for life
1665,797,1,1719753796,share memes at 3am regularly
1666,727,1,1715477837,witnessed the printer jam incident
1667,954,1,1727472314,escape room teammates forever
1668,878,5,1729525958,carpool gang for life
1669,633,2,1715920787,deadline panic buddies forever
1670,118,3,1709636054,gym buddies since forever
1671,312,4,1722453390,gym buddies since forever
1672,230,6,1729478777,argued about pizza toppings
1673,522,11,1728504934,gym buddies since forever
1674,71,189,1718760365,deadline panic buddies forever
1675,320,6,1707636078,argued about pizza toppings
1676,855,1,1725323317,microwave drama survivors
1677,547,11,1720921303,argued about pizza toppings
1678,839,1,1716799712,escape room teammates forever
1679,8,1,1733983279,deadline panic buddies forever
1680,71,1,1724100863,share memes at 3am regularly
1681,590,1,1731936789,microwave drama survivors
1682,489,14,1733228102,plants dying together club
1683,740,2,1731302830,reply-all incident support group
1684,16,7,1710783801,witnessed the printer jam incident
1685,664,1,1737001581,reply-all incident support group
1686,909,3,1714118238,neighbors who share wifi password
1687,482,2,1715667803,parking spot nemesis turned friend
1688,564,3,1714471946,elevator small talk champions
1689,178,3,1719036180,parking spot nemesis turned friend
1690,68,3,1737824043,gym buddies since forever
1691,536,58,1723968143,parking spot nemesis turned friend
1692,735,12,1719417828,zoom background critics society
1693,100,1,1734231925,survived same boring meeting
1694,62,1,1725285562,gym buddies since forever
1695,895,3,1711938706,share memes at 3am regularly
1696,246,2,1715815729,met debating Oxford comma use
1697,998,1,1727071407,microwave drama survivors
1698,190,1,1735824440,elevator small talk champions
1699,340,1,1713499753,gym buddies since forever
1700,66,2,1731597094,both hate Mondays equally
1701,554,1,1723045315,met at work event years ago
1702,946,2,1720384302,reply-all incident support group
1703,345,1,1711085511,escape room teammates forever
1704,505,2,1734120051,coffee machine queue besties
1705,963,1,1719115877,coffee machine queue besties
1706,573,2,1721171837,zoom background critics society
1707,425,2,1721010697,coffee machine queue besties
1708,185,5,1715234691,old friends from college days
1709,472,21,1734476784,share memes at 3am regularly
1710,189,1,1721353609,both hate Mondays equally
1711,259,7,1717624900,witnessed the printer jam incident
1712,999,3,1729860818,escape room teammates forever
1713,647,7,1732919073,zoom background critics society
1714,474,6,1734956407,argued about pizza toppings
1715,665,1,1718139296,snack drawer raiding partners
1716,739,3,1732575629,bonded over terrible coffee
1717,562,18,1728656624,witnessed the printer jam incident
1718,114,7,1732688284,carpool gang for life
1719,333,1,1723774767,both hate Mondays equally
1720,132,34,1714977357,met at work event years ago
1721,833,7,1727341738,plants dying together club
1722,882,1,1736762945,coffee machine queue besties
1723,479,1,1720738492,old friends from college days
1724,379,15,1721322343,both hate Mondays equally
1725,517,1,1719990445,old friends from college days
1726,186,4,1711170574,both hate Mondays equally
1727,18,64,1710893196,bonded over terrible coffee
1728,425,1,1714597405,parking spot nemesis turned friend
1729,404,1,1716260710,escape room teammates forever
1730,933,12,1707869011,bonded over terrible coffee
1731,659,3,1730127902,elevator small talk champions
1732,439,1,1711431819,survived same boring meeting
1733,293,22,1714442388,carpool gang for life
1734,356,1,1738689549,reply-all incident support group
1735,330,10,1738138969,share memes at 3am regularly
1736,819,16,1718240725,snack drawer raiding partners
1737,504,4,1735311172,argued about pizza toppings
1738,132,1,1719894782,both hate Mondays equally
1739,837,3,1709626107,met debating Oxford comma use
1740,621,4,1731390322,old friends from college days
1741,20,4,1733322410,plants dying together club
1742,877,2,1720822961,met debating Oxford comma use
1743,80,1,1731403216,witnessed the printer jam incident
1744,281,19,1736642098,accidentally wore same outfit once
1745,924,5,1715646094,escape room teammates forever
1746,411,2,1732799174,met debating Oxford comma use
1747,149,5,1725625020,neighbors who share wifi password
1748,608,25,1732604547,deadline panic buddies forever
1749,352,14,1715723725,carpool gang for life
1750,446,2,1732609911,zoom background critics society
1751,695,3,1730767709,share memes at 3am regularly
1752,479,6,1722052124,plants dying together club
1753,28,1,1735367399,plants dying together club
1754,940,3,1708986640,met debating Oxford comma use
1755,748,2,1711159988,reply-all incident support group
1756,934,13,1730480230,both hate Mondays equally
1757,885,19,1737905095,parking spot nemesis turned friend
1758,314,1,1735178436,met debating Oxford comma use
1759,547,2,1732791804,snack drawer raiding partners
1760,799,4,1712158725,witnessed the printer jam incident
1761,211,1,1737598370,coffee machine queue besties
1762,529,3,1728862512,carpool gang for life
1763,434,1,1728697664,coffee machine queue besties
1764,534,4,1727203326,neighbors who share wifi password
1765,471,4,1717768428,carpool gang for life
1766,522,3,1714501128,snack drawer raiding partners
1767,503,1,1737553150,parking spot nemesis turned friend
1768,105,12,1718859605,met debating Oxford comma use
1769,325,1,1732899377,deadline panic buddies forever
1770,747,4,1721039786,share memes at 3am regularly
1771,934,1,1707911588,plants dying together club
1772,40,1,1736599362,gym buddies since forever
1773,119,2,1720243628,old friends from college days
1774,384,2,1717645845,elevator small talk champions
1775,88,11,1719701532,carpool gang for life
1776,84,1,1715322232,met at work event years ago
1777,712,1,1708159334,survived same boring meeting
1778,328,1,1719931104,microwave drama survivors
1779,753,1,1709011571,witnessed the printer jam incident
1780,624,1,1726183498,met at work event years ago
1781,499,2,1737445169,both hate Mondays equally
1782,736,2,1722261228,microwave drama survivors
1783,455,5,1735512980,survived same boring meeting
1784,219,1,1715787596,survived same boring meeting
1785,805,2,1721966340,parking spot nemesis turned friend
1786,987,2,1727199914,snack drawer raiding partners
1787,536,7,1724173347,met debating Oxford comma use
1788,378,14,1732859304,both hate Mondays equally
1789,546,1,1723293717,zoom background critics society
1790,897,6,1722344199,bonded over terrible coffee
1791,842,1,1737483550,accidentally wore same outfit once
1792,10,3,1714162018,share memes at 3am regularly
1793,722,4,1735645422,bonded over terrible coffee
1794,406,3,1709052057,snack drawer raiding partners
1795,2,1,1729778659,bonded over terrible coffee
1796,573,1,1709470821,microwave drama survivors
1797,177,4,1720244409,gym buddies since forever
1798,63,6,1732584865,met debating Oxford comma use
1799,799,2,1717790995,bonded over terrible coffee
1800,602,81,1716683658,reply-all incident support group
1801,138,1,1730478930,old friends from college days
1802,764,2,1728085480,argued about pizza toppings
1803,574,3,1722072813,share memes at 3am regularly
1804,47,40,1725966547,old friends from college days
1805,231,16,1725138678,gym buddies since forever
1806,597,2,1715645209,accidentally wore same outfit once
1807,171,1,1721079835,reply-all incident support group
1808,124,10,1723116652,met debating Oxford comma use
1809,614,1,1738663174,parking spot nemesis turned friend
1810,227,9,1711788412,met debating Oxford comma use
1811,98,10,1708128316,met debating Oxford comma use
1812,920,2,1736231271,both hate Mondays equally
1813,72,5,1718666278,both hate Mondays equally
1814,566,5,1737460520,survived same boring meeting
1815,153,11,1732353463,both hate Mondays equally
1816,740,1,1722230840,deadline panic buddies forever
1817,405,3,1717269988,gym buddies since forever
1818,354,2,1738882809,met at work event years ago
1819,621,7,1727314103,accidentally wore same outfit once
1820,818,1,1723454498,met at work event years ago
1821,650,1,1735517106,neighbors who share wifi password
1822,165,7,1719450650,reply-all incident support group
1823,532,3,1728533931,reply-all incident support group
1824,843,3,1734691824,carpool gang for life
1825,564,6,1737961351,zoom background critics society
1826,151,6,1721739523,elevator small talk champions
1827,898,15,1709665200,elevator small talk champions
1828,772,3,1731124007,both hate Mondays equally
1829,919,6,1708905739,gym buddies since forever
1830,625,1,1715546040,escape room teammates forever
1831,986,38,1736953585,escape room teammates forever
1832,78,7,1716176228,survived same boring meeting
1833,672,4,1726311476,neighbors who share wifi password
1834,708,1,1718206190,deadline panic buddies forever
1835,779,4,1725990157,witnessed the printer jam incident
1836,12,3,1716407624,gym buddies since forever
1837,865,3,1736606396,met debating Oxford comma use
1838,99,1,1727486344,parking spot nemesis turned friend
1839,430,8,1727247901,coffee machine queue besties
1840,264,1,1734902787,both hate Mondays equally
1841,306,1,1724735721,carpool gang for life
1842,899,2,1715311744,coffee machine queue besties
1843,939,1,1719063907,accidentally wore same outfit once
1844,60,2,1728609620,gym buddies since forever
1845,125,29,1736130036,survived same boring meeting
1846,479,2,1734296091,old friends from college days
1847,419,1,1717084361,deadline panic buddies forever
1848,495,1,1712656329,reply-all incident support group
1849,257,2,1726684266,deadline panic buddies forever
1850,406,2,1717484138,met at work event years ago
1851,864,8,1735970292,argued about pizza toppings
1852,482,1,1733079942,met at work event years ago
1853,510,13,1722330233,plants dying together club
1854,581,1,1728454744,parking spot nemesis turned friend
1855,613,1,1728257304,both hate Mondays equally
1856,454,1,1735375266,parking spot nemesis turned friend
1857,980,15,1710495948,witnessed the printer jam incident
1858,798,1,1731358988,microwave drama survivors
1859,507,7,1709837699,old friends from college days
1860,110,9,1724244077,escape room teammates forever
1861,722,1,1723688192,neighbors who share wifi password
1862,702,3,1736308401,met at work event years ago
1863,761,9,1723585541,carpool gang for life
1864,821,1,1716962414,plants dying together club
1865,251,2,1734109976,coffee machine queue besties
1866,910,13,1726211104,old friends from college days
1867,923,19,1729414218,elevator small talk champions
1868,794,3,1707903859,met debating Oxford comma use
1869,330,3,1727872756,escape room teammates forever
1870,155,1,1714098976,plants dying together club
1871,475,1,1721727794,carpool gang for life
1872,376,4,1738896449,met debating Oxford comma use
1873,942,5,1707777566,argued about pizza toppings
1874,583,2,1727140576,neighbors who share wifi password
1875,455,1,1719907823,carpool gang for life
1876,788,3,1717396290,reply-all incident support group
1877,131,21,1727362584,reply-all incident support group
1878,87,5,1737455357,witnessed the printer jam incident
1879,48,2,1708365610,reply-all incident support group
1880,567,1,1713983196,met at work event years ago
1881,740,10,1712483185,coffee machine queue besties
1882,130,3,1722028391,met at work event years ago
1883,905,16,1720006849,snack drawer raiding partners
1884,55,17,1738019113,carpool gang for life
1885,838,5,1735039123,argued about pizza toppings
1886,75,1,1726581497,microwave drama survivors
1887,380,1,1727742439,reply-all incident support group
1888,519,18,1715285846,microwave drama survivors
1889,685,9,1707833782,escape room teammates forever
1890,510,1,1713634328,gym buddies since forever
1891,525,3,1735057884,carpool gang for life
1892,366,5,1728176475,reply-all incident support group
1893,904,3,1727570279,both hate Mondays equally
1894,260,7,1724111290,gym buddies since forever
1895,670,1,1719249100,argued about pizza toppings
1896,540,2,1737283451,old friends from college days
1897,786,14,1737013114,met debating Oxford comma use
1898,879,1,1720660811,accidentally wore same outfit once
1899,775,18,1710921505,met at work event years ago
1900,845,1,1735610535,old friends from college days
1901,866,13,1724301256,coffee machine queue besties
1902,68,9,1735473621,bonded over terrible coffee
1903,266,4,1733322058,survived same boring meeting
1904,798,5,1717672768,escape room teammates forever
1905,434,2,1712708674,share memes at 3am regularly
1906,514,2,1713531608,neighbors who share wifi password
1907,157,2,1736489548,coffee machine queue besties
1908,404,2,1737879099,carpool gang for life
1909,930,3,1714685906,deadline panic buddies forever
1910,486,3,1713369312,old friends from college days
1911,191,1,1728110151,carpool gang for life
1912,601,6,1708063507,witnessed the printer jam incident
1913,776,2,1734044028,parking spot nemesis turned friend
1914,791,60,1724170460,neighbors who share wifi password
1915,673,4,1735663860,witnessed the printer jam incident
1916,484,1,1721912594,escape room teammates forever
1917,906,17,1710295624,deadline panic buddies forever
1918,880,3,1732637881,old friends from college days
1919,226,3,1737137552,reply-all incident support group
1920,462,1,1724188779,zoom background critics society
1921,786,2,1712669797,snack drawer raiding partners
1922,580,3,1713334198,elevator small talk champions
1923,985,4,1726398414,survived same boring meeting
1924,632,17,1715406938,argued about pizza toppings
1925,114,1,1736523004,both hate Mondays equally
1926,587,2,1726815632,bonded over terrible coffee
1927,476,4,1710430387,accidentally wore same outfit once
1928,133,22,1736259794,met debating Oxford comma use
1929,311,6,1726904970,escape room teammates forever
1930,566,129,1735090390,bonded over terrible coffee
1931,501,4,1730720180,both hate Mondays equally
1932,97,1,1729182255,escape room teammates forever
1933,525,5,1713554602,deadline panic buddies forever
1934,37,1,1715198371,accidentally wore same outfit once
1935,945,3,1711490979,coffee machine queue besties
1936,332,1,1730396837,carpool gang for life
1937,255,3,1728655066,parking spot nemesis turned friend
1938,76,5,1737680251,microwave drama survivors
1939,798,6,1734091344,argued about pizza toppings
1940,770,7,1733668686,met debating Oxford comma use
1941,131,2,1713005533,parking spot nemesis turned friend
1942,697,4,1714869451,elevator small talk champions
1943,166,11,1713487696,deadline panic buddies forever
1944,831,4,1730500494,both hate Mondays equally
1945,656,1,1728556165,carpool gang for life
1946,309,5,1723810618,snack drawer raiding partners
1947,440,2,1726081689,deadline panic buddies forever
1948,957,2,1708644094,met at work event years ago
1949,187,11,1737215953,met at work event years ago
1950,468,11,1727147611,plants dying together club
1951,680,5,1726532479,snack drawer raiding partners
1952,177,28,1727027208,parking spot nemesis turned friend
1953,154,2,1714126331,gym buddies since forever
1954,783,2,1709729570,escape room teammates forever
1955,803,2,1726337149,bonded over terrible coffee
1956,932,9,1729613101,carpool gang for life
1957,524,1,1727456887,parking spot nemesis turned friend
1958,314,4,1737295767,witnessed the printer jam incident
1959,753,3,1707839114,zoom background critics society
1960,911,7,1737730123,parking spot nemesis turned friend
1961,750,4,1717477262,gym buddies since forever
1962,924,2,1708532456,zoom background critics society
1963,223,2,1717055969,old friends from college days
1964,85,8,1720268082,reply-all incident support group
1965,833,4,1724465536,accidentally wore same outfit once
1966,360,12,1714508094,reply-all incident support group
1967,937,6,1723405212,met at work event years ago
1968,353,1,1715270588,witnessed the printer jam incident
1969,55,2,1723576335,both hate Mondays equally
1970,83,2,1724491665,plants dying together club
1971,844,3,1715094013,plants dying together club
1972,651,1,1738134880,snack drawer raiding partners
1973,999,104,1710790178,argued about pizza toppings
1974,418,2,1719150780,plants dying together club
1975,35,1,1718730754,microwave drama survivors
1976,536,3,1722485453,survived same boring meeting
1977,451,1,1713502473,share memes at 3am regularly
1978,820,2,1723407350,met at work event years ago
1979,174,1,1715824731,both hate Mondays equally
1980,209,1,1739040087,share memes at 3am regularly
1981,549,2,1712312915,share memes at 3am regularly
1982,348,115,1723162777,microwave drama survivors
1983,622,8,1732524119,coffee machine queue besties
1984,255,2,1715602426,zoom background critics society
1985,337,2,1723639080,witnessed the printer jam incident
1986,221,3,1715041528,met debating Oxford comma use
1987,436,1,1733623689,both hate Mondays equally
1988,292,3,1711466325,parking spot nemesis turned friend
1989,595,1,1708791360,accidentally wore same outfit once
1990,298,4,1718681551,parking spot nemesis turned friend
1991,147,9,1733466066,accidentally wore same outfit once
1992,977,2,1724717464,plants dying together club
1993,808,11,1717540217,accidentally wore same outfit once
1994,361,1,1714265212,microwave drama survivors
1995,683,2,1724282232,parking spot nemesis turned friend
1996,456,1,1712070506,coffee machine queue besties
1997,261,4,1735819998,reply-all incident support group
1998,816,3,1721122868,reply-all incident support group
1999,71,29,1716091558,elevator small talk champions
2000,232,7,1735859699,snack drawer raiding partners
2001,778,2,1728365001,met at work event years ago
2002,474,1,1725440450,zoom background critics society
2003,442,2,1731195389,both hate Mondays equally
2004,942,20,1707752146,parking spot nemesis turned friend
2005,397,5,1715641751,zoom background critics society
2006,401,142,1708273524,met debating Oxford comma use
2007,330,5,1713753137,plants dying together club
2008,633,7,1716334861,deadline panic buddies forever
2009,714,23,1719033930,neighbors who share wifi password
2010,286,345,1712402358,carpool gang for life
2011,303,2,1710027883,bonded over terrible coffee
2012,477,5,1722397202,share memes at 3am regularly
2013,837,2,1708438042,deadline panic buddies forever
2014,806,16,1728759552,elevator small talk champions
2015,287,2,1709413944,reply-all incident support group
2016,230,2,1729019281,met debating Oxford comma use
2017,595,49,1710356548,share memes at 3am regularly
2018,139,10,1724209289,escape room teammates forever
2019,112,3,1712234491,reply-all incident support group
2020,642,88,1722994054,snack drawer raiding partners
2021,302,2,1712336560,share memes at 3am regularly
2022,901,5,1723673594,plants dying together club
2023,751,7,1715937929,reply-all incident support group
2024,336,1,1718981061,survived same boring meeting
2025,440,8,1737967846,coffee machine queue besties
2026,730,2,1725866377,neighbors who share wifi password
2027,674,2,1724134436,snack drawer raiding partners
2028,899,4,1729223745,zoom background critics society
2029,160,1,1732989174,share memes at 3am regularly
2030,951,1,1726313631,neighbors who share wifi password
2031,859,3,1716356760,accidentally wore same outfit once
2032,828,1,1731171461,parking spot nemesis turned friend
2033,369,3,1728220712,microwave drama survivors
2034,218,1,1715790075,coffee machine queue besties
2035,105,2,1710846060,argued about pizza toppings
2036,598,2,1735564210,met at work event years ago
2037,451,4,1728672332,met debating Oxford comma use
2038,688,1,1715529013,escape room teammates forever
2039,498,2,1719768498,elevator small talk champions
2040,617,1,1725162722,witnessed the printer jam incident
2041,606,6,1708318306,old friends from college days
2042,192,1,1733949922,carpool gang for life
2043,807,1,1711362669,coffee machine queue besties
2044,798,2,1739099878,snack drawer raiding partners
2045,769,1,1719974888,zoom background critics society
2046,435,9,1723761945,witnessed the printer jam incident
2047,781,870,1719310261,met at work event years ago
2048,20,1,1724440178,argued about pizza toppings
2049,832,3,1731881715,witnessed the printer jam incident
2050,243,1,1713837107,microwave drama survivors
2051,788,4,1731884314,old friends from college days
2052,460,2,1731122831,neighbors who share wifi password
2053,322,2,1719689111,deadline panic buddies forever
2054,649,8,1723125279,snack drawer raiding partners
2055,540,4,1718429906,met at work event years ago
2056,909,1,1715819142,coffee machine queue besties
2057,765,2,1738707532,snack drawer raiding partners
2058,110,12,1712528063,parking spot nemesis turned friend
2059,675,3,1711020594,microwave drama survivors
2060,608,129,1726394869,plants dying together club
2061,887,92,1727078133,coffee machine queue besties
2062,191,4,1712208529,plants dying together club
2063,465,2,1722388801,microwave drama survivors
2064,887,2,1731765277,witnessed the printer jam incident
2065,144,6,1732485933,escape room teammates forever
2066,832,1,1717048126,met debating Oxford comma use
2067,881,2,1708533635,share memes at 3am regularly
2068,787,2,1708196674,share memes at 3am regularly
2069,388,2,1715618849,reply-all incident support group
2070,614,3,1716792118,snack drawer raiding partners
2071,907,8,1734582367,zoom background critics society
2072,270,3,1715838736,neighbors who share wifi password
2073,556,7,1730695262,parking spot nemesis turned friend
2074,195,2,1714782221,coffee machine queue besties
2075,866,20,1724500742,snack drawer raiding partners
2076,684,1,1718761935,reply-all incident support group
2077,644,1,1730982555,bonded over terrible coffee
2078,935,18,1736393362,carpool gang for life
2079,175,2,1711440893,gym buddies since forever
2080,955,1,1713455575,gym buddies since forever
2081,184,3,1720554621,elevator small talk champions
2082,934,5,1724361539,reply-all incident support group
2083,386,17,1721984843,survived same boring meeting
2084,947,7,1711716206,witnessed the printer jam incident
2085,75,7,1714687370,met at work event years ago
2086,673,8,1723319952,carpool gang for life
2087,223,3,1730904647,met at work event years ago
2088,806,8,1731856703,survived same boring meeting
2089,543,3,1721481322,reply-all incident support group
2090,586,3,1726897496,reply-all incident support group
2091,186,2,1737166718,bonded over terrible coffee
2092,868,1,1737747410,zoom background critics society
2093,12,13,1715565657,both hate Mondays equally
2094,5,4,1735394183,survived same boring meeting
2095,79,1,1710292917,deadline panic buddies forever
2096,483,3,1707764130,microwave drama survivors
2097,126,3,1708260905,argued about pizza toppings
2098,128,2,1730278201,neighbors who share wifi password
2099,982,18,1719445556,microwave drama survivors
2100,662,6,1738169917,reply-all incident support group
2101,485,4,1708188753,witnessed the printer jam incident
2102,592,2,1722480836,zoom background critics society
2103,32,3,1712958842,carpool gang for life
2104,31,1,1723751012,plants dying together club
2105,862,62,1726426383,microwave drama survivors
2106,44,1,1738089439,old friends from college days
2107,982,3,1714058686,snack drawer raiding partners
2108,817,7,1718924783,neighbors who share wifi password
2109,548,1,1717681419,reply-all incident support group
2110,841,2,1712028438,met debating Oxford comma use
2111,681,2,1726920933,accidentally wore same outfit once
2112,984,2,1713467375,zoom background critics society
2113,216,2,1726244672,deadline panic buddies forever
2114,429,2,1709738159,deadline panic buddies forever
2115,718,1,1738452553,neighbors who share wifi password
2116,103,13,1734445489,carpool gang for life
2117,547,4,1731859988,both hate Mondays equally
2118,254,104,1734442935,reply-all incident support group
2119,702,6,1718858072,old friends from college days
2120,17,1,1723416382,parking spot nemesis turned friend
2121,162,35,1727585684,bonded over terrible coffee
2122,130,10,1723163515,plants dying together club
2123,933,7,1709706576,escape room teammates forever
2124,964,2,1717837260,share memes at 3am regularly
2125,553,60,1726481063,zoom background critics society
2126,953,3,1720262986,gym buddies since forever
2127,967,2,1730562625,both hate Mondays equally
2128,736,11,1728261450,reply-all incident support group
2129,829,3,1728590584,old friends from college days
2130,537,1,1710673487,witnessed the printer jam incident
2131,122,22,1708685742,met at work event years ago
2132,612,1,1713291150,accidentally wore same outfit once
2133,319,2,1727258007,met at work event years ago
2134,994,939,1720425426,snack drawer raiding partners
2135,79,2,1709442704,met debating Oxford comma use
2136,584,3,1711084143,microwave drama survivors
2137,995,2,1721860790,deadline panic buddies forever
2138,769,113,1726662734,parking spot nemesis turned friend
2139,946,12,1727661856,carpool gang for life
2140,701,18,1723430622,elevator small talk champions
2141,854,14,1709616505,escape room teammates forever
2142,317,2,1715316183,share memes at 3am regularly
2143,688,3,1715111717,zoom background critics society
2144,109,1,1721678951,bonded over terrible coffee
2145,971,5,1725181364,neighbors who share wifi password
2146,189,3,1727364581,deadline panic buddies forever
2147,601,1,1734364956,elevator small talk champions
2148,942,4,1724191867,share memes at 3am regularly
2149,190,2,1737112895,survived same boring meeting
2150,778,23,1724691908,coffee machine queue besties
2151,668,1,1727639731,bonded over terrible coffee
2152,648,7,1725519029,gym buddies since forever
2153,480,3,1731592698,both hate Mondays equally
2154,278,2,1724676263,bonded over terrible coffee
2155,659,1,1721814912,share memes at 3am regularly
2156,654,1,1730627363,plants dying together club
2157,333,6,1736361173,deadline panic buddies forever
2158,351,1,1711934142,elevator small talk champions
2159,162,2,1716431459,argued about pizza toppings
2160,537,2,1723292255,escape room teammates forever
2161,835,1,1738361448,plants dying together club
2162,410,9,1715128650,bonded over terrible coffee
2163,664,2,1726215065,carpool gang for life
2164,729,3,1711659431,plants dying together club
2165,391,9,1710627331,deadline panic buddies forever
2166,875,4,1733565713,survived same boring meeting
2167,812,2,1734768917,old friends from college days
2168,309,3,1737640663,microwave drama survivors
2169,709,2,1736260082,reply-all incident support group
2170,933,4,1733338753,carpool gang for life
2171,593,1,1714124125,old friends from college days
2172,444,83,1718389472,microwave drama survivors
2173,356,3,1726806791,argued about pizza toppings
2174,253,1,1720676905,gym buddies since forever
2175,93,1,1725764203,argued about pizza toppings
2176,925,3,1724010718,reply-all incident support group
2177,813,2,1731694625,deadline panic buddies forever
2178,349,5,1738052662,neighbors who share wifi password
2179,833,2,1737898005,both hate Mondays equally
2180,998,5,1721523980,met at work event years ago
2181,105,13,1718210762,parking spot nemesis turned friend
2182,166,5,1715790085,gym buddies since forever
2183,472,2,1717436465,neighbors who share wifi password
2184,942,7,1737405925,snack drawer raiding partners
2185,214,13,1727952230,neighbors who share wifi password
2186,202,3,1734521120,survived same boring meeting
2187,206,6,1719436677,argued about pizza toppings
2188,792,4,1736016095,old friends from college days
2189,479,4,1721977136,escape room teammates forever
2190,619,3,1729690764,survived same boring meeting
2191,758,8,1707684271,coffee machine queue besties
2192,781,3,1732110106,met at work event years ago
2193,832,4,1721692740,gym buddies since forever
2194,469,32,1710628565,bonded over terrible coffee
2195,345,2,1720647611,argued about pizza toppings
2196,670,18,1713766208,witnessed the printer jam incident
2197,241,6,1709975951,met at work event years ago
2198,819,1,1739036909,parking spot nemesis turned friend
2199,7,2,1708138405,parking spot nemesis turned friend
2200,237,7,1736682232,plants dying together club
2201,71,10,1725016339,snack drawer raiding partners
2202,701,2,1731137628,met at work event years ago
2203,952,35,1709120831,microwave drama survivors
2204,554,10,1736053372,share memes at 3am regularly
2205,496,5,1729662761,snack drawer raiding partners
2206,405,2,1725973864,parking spot nemesis turned friend
2207,341,1,1714711027,gym buddies since forever
2208,707,1,1738586352,old friends from college days
2209,719,7,1717608756,coffee machine queue besties
2210,509,2,1727464552,neighbors who share wifi password
2211,848,1,1725248391,escape room teammates forever
2212,576,1,1729865660,reply-all incident support group
2213,362,2,1716351650,met debating Oxford comma use
2214,986,2,1727251274,met at work event years ago
2215,144,1,1721922232,elevator small talk champions
2216,534,1,1709349298,share memes at 3am regularly
2217,983,2,1712587926,escape room teammates forever
2218,214,1,1733215954,zoom background critics society
2219,192,55,1723490344,bonded over terrible coffee
2220,173,2,1722715798,escape room teammates forever
2221,30,2,1728908406,snack drawer raiding partners
2222,24,22,1723675927,share memes at 3am regularly
2223,835,2,1713435722,elevator small talk champions
2224,208,3,1733564846,parking spot nemesis turned friend
2225,345,7,1731831896,accidentally wore same outfit once
2226,591,14,1729188594,met debating Oxford comma use
2227,689,2,1730148975,argued about pizza toppings
2228,341,2,1711621693,gym buddies since forever
2229,737,3,1720661216,old friends from college days
2230,341,4,1718789239,survived same boring meeting
2231,212,2,1722738447,carpool gang for life
2232,614,2,1712591641,survived same boring meeting
2233,976,3,1710812952,plants dying together club
2234,61,43,1725440018,argued about pizza toppings
2235,111,2,1724568099,witnessed the printer jam incident
2236,408,2,1738241876,microwave drama survivors
2237,831,9,1710860334,old friends from college days
2238,787,1,1732763262,neighbors who share wifi password
2239,638,1,1738556318,gym buddies since forever
2240,936,5,1725438632,snack drawer raiding partners
2241,134,4,1722906241,parking spot nemesis turned friend
2242,401,3,1729802586,accidentally wore same outfit once
2243,505,10,1732697990,neighbors who share wifi password
2244,68,32,1730191818,parking spot nemesis turned friend
2245,212,1,1714861655,witnessed the printer jam incident
2246,59,3,1729927327,elevator small talk champions
2247,896,2,1722167391,plants dying together club
2248,660,1,1717916862,parking spot nemesis turned friend
2249,204,4,1731271116,snack drawer raiding partners
2250,575,8,1734508807,met at work event years ago
2251,281,4,1707747801,neighbors who share wifi password
2252,32,2,1720591107,carpool gang for life
2253,495,11,1731494520,escape room teammates forever
2254,548,2,1723333482,share memes at 3am regularly
2255,552,4,1731448174,plants dying together club
2256,631,5,1717669284,met debating Oxford comma use
2257,749,3,1714142773,both hate Mondays equally
2258,468,125,1713007349,snack drawer raiding partners
2259,653,12,1712121474,old friends from college days
2260,175,4,1710620031,argued about pizza toppings
2261,566,3,1733387829,both hate Mondays equally
2262,967,38,1718941740,witnessed the printer jam incident
2263,579,1,1731768526,met debating Oxford comma use
2264,363,2,1734534910,microwave drama survivors
2265,451,2,1728827698,reply-all incident support group
2266,861,3,1730879184,reply-all incident support group
2267,470,1,1735776811,neighbors who share wifi password
2268,896,9,1731461225,deadline panic buddies forever
2269,669,5,1717903354,plants dying together club
2270,846,4,1737555397,witnessed the printer jam incident
2271,595,2,1730699176,deadline panic buddies forever
2272,715,1,1719481163,gym buddies since forever
2273,885,1,1728119565,coffee machine queue besties
2274,125,2,1714516521,plants dying together club
2275,777,12,1708520248,gym buddies since forever
2276,366,3,1735873304,escape room teammates forever
2277,414,48,1718027391,witnessed the printer jam incident
2278,452,1,1739112332,old friends from college days
2279,708,55,1730281680,share memes at 3am regularly
2280,71,3,1727276417,witnessed the printer jam incident
2281,853,37,1734180828,both hate Mondays equally
2282,767,7,1722594058,gym buddies since forever
2283,620,1,1717104167,share memes at 3am regularly
2284,351,4,1734969771,reply-all incident support group
2285,651,6,1717557886,accidentally wore same outfit once
2286,522,1,1712518473,met at work event years ago
2287,619,5,1719267108,witnessed the printer jam incident
2288,76,3,1713699571,elevator small talk champions
2289,302,1,1728609920,accidentally wore same outfit once
2290,731,4,1720276610,deadline panic buddies forever
2291,157,3,1724206570,escape room teammates forever
2292,870,10,1719775420,reply-all incident support group
2293,33,3,1735828044,both hate Mondays equally
2294,328,2,1727999301,zoom background critics society
2295,276,9,1709045224,met debating Oxford comma use
2296,557,6,1719590998,coffee machine queue besties
2297,935,3,1715932808,met at work event years ago
2298,539,3,1737069036,parking spot nemesis turned friend
2299,198,4,1708192995,both hate Mondays equally
2300,424,2,1734117179,both hate Mondays equally
2301,338,1,1733174813,both hate Mondays equally
2302,585,12,1720420350,carpool gang for life
2303,448,2,1719479900,both hate Mondays equally
2304,81,2,1722668337,parking spot nemesis turned friend
2305,118,2,1721445648,microwave drama survivors
2306,646,13,1728495866,carpool gang for life
2307,173,7,1736381908,coffee machine queue besties
2308,680,2,1729921639,carpool gang for life
2309,550,6,1729502925,escape room teammates forever
2310,461,1,1733153857,plants dying together club
2311,444,3,1738032265,gym buddies since forever
2312,689,5,1727249448,coffee machine queue besties
2313,669,2,1736874550,plants dying together club
2314,126,7,1724201869,reply-all incident support group
2315,128,3,1721116230,neighbors who share wifi password
2316,470,6,1709257012,reply-all incident support group
2317,793,2,1708459187,met at work event years ago
2318,304,2,1711924169,survived same boring meeting
2319,570,4,1720497584,deadline panic buddies forever
2320,957,5,1718668675,gym buddies since forever
2321,251,3,1726061266,neighbors who share wifi password
2322,538,4,1715112715,reply-all incident support group
2323,831,3,1718482299,both hate Mondays equally
2324,553,2,1732410757,met at work event years ago
2325,476,14,1734180316,coffee machine queue besties
2326,446,45,1721031045,coffee machine queue besties
2327,858,6,1730235719,share memes at 3am regularly
2328,361,3,1738637646,argued about pizza toppings
2329,236,2,1710905289,survived same boring meeting
2330,493,1,1736511186,both hate Mondays equally
2331,24,4,1730812433,microwave drama survivors
2332,770,3,1727968756,plants dying together club
2333,618,2,1733607622,accidentally wore same outfit once
2334,632,5,1709513706,carpool gang for life
2335,111,7,1709141721,coffee machine queue besties
2336,798,37,1738928535,escape room teammates forever
2337,750,1,1724736941,old friends from college days
2338,414,2,1736685859,zoom background critics society
2339,982,11,1726638169,witnessed the printer jam incident
2340,168,3,1707885605,deadline panic buddies forever
2341,537,5,1718011700,snack drawer raiding partners
2342,804,4,1713314631,snack drawer raiding partners
2343,645,2,1710515756,bonded over terrible coffee
2344,390,2,1719734586,deadline panic buddies forever
2345,22,1,1717203861,argued about pizza toppings
2346,920,1,1716018272,old friends from college days
2347,263,12,1709275694,elevator small talk champions
2348,362,1,1718047348,bonded over terrible coffee
2349,933,2,1718938395,microwave drama survivors
2350,675,2,1709387980,both hate Mondays equally
2351,895,6,1735771597,survived same boring meeting
2352,764,5,1713730344,argued about pizza toppings
2353,701,1,1733169421,zoom background critics society
2354,467,4,1730692368,microwave drama survivors
2355,436,3,1727414536,share memes at 3am regularly
2356,255,7,1733471123,deadline panic buddies forever
2357,954,8,1722888612,coffee machine queue besties
2358,352,3,1718995059,plants dying together club
2359,743,2,1732195885,microwave drama survivors
2360,301,10,1722541788,gym buddies since forever
2361,228,1,1722216443,plants dying together club
2362,305,26,1722041053,zoom background critics society
2363,239,7,1708447879,both hate Mondays equally
2364,159,1,1738725042,microwave drama survivors
2365,943,1,1725585782,argued about pizza toppings
2366,58,6,1733025220,coffee machine queue besties
2367,215,21,1730596415,argued about pizza toppings
2368,845,2,1719095649,elevator small talk champions
2369,812,3,1717476270,neighbors who share wifi password
2370,126,2,1716875013,coffee machine queue besties
2371,944,1,1709281717,neighbors who share wifi password
2372,731,3,1723421038,escape room teammates forever
2373,663,1,1733674029,survived same boring meeting
2374,371,2,1730975434,coffee machine queue besties
2375,196,3,1734498084,both hate Mondays equally
2376,236,10,1738293276,snack drawer raiding partners
2377,864,1,1712694436,coffee machine queue besties
2378,212,3,1711692622,snack drawer raiding partners
2379,724,2,1712078611,argued about pizza toppings
2380,756,4,1723871410,parking spot nemesis turned friend
2381,520,2,1737300988,argued about pizza toppings
2382,568,3,1708954172,escape room teammates forever
2383,758,3,1712051962,both hate Mondays equally
2384,638,18,1720657382,coffee machine queue besties
2385,703,92,1728681826,survived same boring meeting
2386,711,2,1738354045,accidentally wore same outfit once
2387,625,4,1733573600,coffee machine queue besties
2388,984,1,1731464482,neighbors who share wifi password
2389,764,13,1723666731,zoom background critics society
2390,682,1,1732716052,deadline panic buddies forever
2391,104,2,1714348213,met at work event years ago
2392,982,6,1709846514,bonded over terrible coffee
2393,873,2,1730124503,witnessed the printer jam incident
2394,962,40,1715197284,parking spot nemesis turned friend
2395,726,15,1714982680,survived same boring meeting
2396,318,2,1711463562,bonded over terrible coffee
2397,64,3,1716458941,survived same boring meeting
2398,368,3,1717519227,gym buddies since forever
2399,109,13,1735829903,witnessed the printer jam incident
2400,766,1,1727956798,plants dying together club
2401,416,3,1725744623,neighbors who share wifi password
2402,672,3,1723776801,share memes at 3am regularly
2403,479,3,1728202476,accidentally wore same outfit once
2404,589,8,1713173841,survived same boring meeting
2405,350,22,1708628409,old friends from college days
2406,370,5,1709325131,met debating Oxford comma use
2407,770,15,1715509102,both hate Mondays equally
2408,94,9,1723987821,gym buddies since forever
2409,549,4,1738196589,accidentally wore same outfit once
2410,181,3,1726312625,reply-all incident support group
2411,952,12,1726259426,deadline panic buddies forever
2412,344,8,1733998872,microwave drama survivors
2413,811,7,1733246884,accidentally wore same outfit once
2414,638,3,1725543516,witnessed the printer jam incident
2415,697,1,1730114771,escape room teammates forever
2416,235,1,1736408634,survived same boring meeting
2417,407,4,1725890293,witnessed the printer jam incident
2418,669,1,1709462536,share memes at 3am regularly
2419,292,2,1730274210,escape room teammates forever
2420,556,4,1735232668,carpool gang for life
2421,629,2,1734620781,both hate Mondays equally
2422,818,6,1708398090,microwave drama survivors
2423,601,3,1722987085,coffee machine queue besties
2424,896,4,1735439077,met at work event years ago
2425,160,3,1732085472,reply-all incident support group
2426,985,20,1734221436,parking spot nemesis turned friend
2427,640,2,1729854232,coffee machine queue besties
2428,257,1,1713464063,bonded over terrible coffee
2429,907,2,1732766933,plants dying together club
2430,822,7,1726008968,share memes at 3am regularly
2431,183,4,1708778879,witnessed the printer jam incident
2432,346,7,1717563022,neighbors who share wifi password
2433,563,7,1734378934,deadline panic buddies forever
2434,285,11,1734532585,accidentally wore same outfit once
2435,910,12,1724602243,survived same boring meeting
2436,689,68,1708706723,snack drawer raiding partners
2437,815,3,1713622854,gym buddies since forever
2438,311,3,1728670070,deadline panic buddies forever
2439,166,3,1718015760,parking spot nemesis turned friend
2440,77,24,1732971243,deadline panic buddies forever
2441,760,2,1719474847,survived same boring meeting
2442,293,4,1729464161,neighbors who share wifi password
2443,419,9,1719928116,share memes at 3am regularly
2444,348,3,1737963270,reply-all incident support group
2445,519,3,1737453739,argued about pizza toppings
2446,897,3,1710193575,deadline panic buddies forever
2447,295,6,1713317017,gym buddies since forever
2448,75,2,1718235679,elevator small talk champions
2449,469,6,1733022631,zoom background critics society
2450,485,7,1714621193,parking spot nemesis turned friend
2451,994,1,1711560184,deadline panic buddies forever
2452,541,2,1711928016,reply-all incident support group
2453,387,1,1709600984,microwave drama survivors
2454,33,2,1711290004,microwave drama survivors
2455,27,4,1736516916,reply-all incident support group
2456,310,189,1738407195,both hate Mondays equally
2457,922,4,1712123730,witnessed the printer jam incident
2458,275,3,1712396814,plants dying together club
2459,572,4,1720304672,deadline panic buddies forever
2460,663,16,1717220691,elevator small talk champions
2461,26,2,1735507827,survived same boring meeting
2462,530,4,1727626636,witnessed the printer jam incident
2463,816,2,1729101874,accidentally wore same outfit once
2464,490,17,1725605727,met debating Oxford comma use
2465,29,20,1714254004,parking spot nemesis turned friend
2466,322,4,1707914407,escape room teammates forever
2467,915,2,1721000964,met debating Oxford comma use
2468,199,2,1711411639,witnessed the printer jam incident
2469,671,18,1709350528,carpool gang for life
2470,221,6,1728602068,neighbors who share wifi password
2471,339,4,1717438573,elevator small talk champions
2472,719,8,1731508734,accidentally wore same outfit once
2473,641,6,1722437790,elevator small talk champions
2474,454,2,1716691704,accidentally wore same outfit once
2475,930,2,1727536414,snack drawer raiding partners
2476,339,9,1715135951,parking spot nemesis turned friend
2477,445,8,1709301732,met debating Oxford comma use
2478,841,4,1732614556,met debating Oxford comma use
2479,893,2,1710974970,carpool gang for life
2480,415,2,1737591364,microwave drama survivors
2481,957,28,1729871380,share memes at 3am regularly
2482,473,2,1721952045,witnessed the printer jam incident
2483,914,3,1727672567,zoom background critics society
2484,622,37,1708939941,zoom background critics society
2485,678,4,1713562291,deadline panic buddies forever
2486,374,6,1723917142,plants dying together club
2487,172,12,1721423966,zoom background critics society
2488,164,2,1711493013,elevator small talk champions
2489,915,3,1734786442,gym buddies since forever
2490,723,8,1712714671,plants dying together club
2491,91,2,1722511245,gym buddies since forever
2492,477,1,1720907947,both hate Mondays equally
2493,905,6,1719235198,carpool gang for life
2494,519,5,1736221842,survived same boring meeting
2495,547,3,1715223225,share memes at 3am regularly
2496,882,3,1729820391,microwave drama survivors
2497,616,3,1709404275,argued about pizza toppings
2498,409,2,1714917080,gym buddies since forever
2499,909,2,1722324709,met at work event years ago
2500,744,3,1720033566,neighbors who share wifi password
2501,135,10,1723045496,deadline panic buddies forever
2502,977,6,1711275402,elevator small talk champions
2503,982,8,1716294456,elevator small talk champions
2504,437,3,1719106116,accidentally wore same outfit once
2505,103,6,1709867896,elevator small talk champions
2506,698,3,1730880251,elevator small talk champions
2507,124,2,1730219875,share memes at 3am regularly
2508,803,7,1733611791,old friends from college days
2509,81,1,1727783592,snack drawer raiding partners
2510,919,1,1714378550,both hate Mondays equally
2511,702,66,1720953697,both hate Mondays equally
2512,571,10,1718207662,bonded over terrible coffee
2513,252,2,1733415457,elevator small talk champions
2514,12,11,1719870671,share memes at 3am regularly
2515,234,2,1730747698,both hate Mondays equally
2516,535,2,1709622771,snack drawer raiding partners
2517,979,14,1714714200,witnessed the printer jam incident
2518,608,2,1717391672,met at work event years ago
2519,512,5,1714113409,met debating Oxford comma use
2520,742,2,1738363241,microwave drama survivors
2521,247,3,1714126317,coffee machine queue besties
2522,192,6,1723253216,deadline panic buddies forever
2523,886,2,1711981894,zoom background critics society
2524,390,295,1736549173,argued about pizza toppings
2525,142,2,1727139031,argued about pizza toppings
2526,14,4,1711823669,parking spot nemesis turned friend
2527,801,10,1737310774,old friends from college days
2528,405,4,1718125243,coffee machine queue besties
2529,295,15,1726770542,met debating Oxford comma use
2530,642,3,1738786075,gym buddies since forever
2531,884,1,1733690864,carpool gang for life
2532,775,5,1722817452,survived same boring meeting
2533,598,28,1719437839,share memes at 3am regularly
2534,138,5,1724019514,bonded over terrible coffee
2535,42,3,1738915921,carpool gang for life
2536,493,3,1729342684,gym buddies since forever
2537,387,5,1711346172,elevator small talk champions
2538,437,1,1734092465,reply-all incident support group
2539,110,4,1732615659,elevator small talk champions
2540,39,2,1729698107,parking spot nemesis turned friend
2541,179,2,1726402391,met at work event years ago
2542,957,8,1727912162,old friends from college days
2543,969,30,1737063189,met at work event years ago
2544,410,3,1732216484,plants dying together club
2545,533,5,1729976447,carpool gang for life
2546,392,5,1726141706,gym buddies since forever
2547,296,6,1731918881,old friends from college days
2548,938,1,1726300427,witnessed the printer jam incident
2549,229,4,1731925248,old friends from college days
2550,51,4,1716105618,reply-all incident support group
2551,693,2,1711755738,coffee machine queue besties
2552,240,1,1715237447,escape room teammates forever
2553,729,5,1734312599,zoom background critics society
2554,127,2,1707921329,deadline panic buddies forever
2555,375,2,1718344118,survived same boring meeting
2556,822,2,1726190355,parking spot nemesis turned friend
2557,927,9,1715225535,gym buddies since forever
2558,372,1,1714406418,snack drawer raiding partners
2559,506,3,1709002251,coffee machine queue besties
2560,400,2,1730026786,both hate Mondays equally
2561,728,5,1727260179,witnessed the printer jam incident
2562,132,2,1718215651,bonded over terrible coffee
2563,94,2,1734893007,parking spot nemesis turned friend
2564,721,1,1736769397,met at work event years ago
2565,649,7,1709198132,microwave drama survivors
2566,285,24,1734694921,zoom background critics society
2567,708,4,1712255481,plants dying together club
2568,666,2,1707816444,zoom background critics society
2569,653,5,1725136334,both hate Mondays equally
2570,438,3,1708126554,deadline panic buddies forever
2571,778,3,1737777869,met debating Oxford comma use
2572,234,21,1717873464,share memes at 3am regularly
2573,177,2,1710776068,plants dying together club
2574,1000,2,1709860147,gym buddies since forever
2575,311,2,1725480657,share memes at 3am regularly
2576,780,5,1737066963,neighbors who share wifi password
2577,905,2,1720165378,zoom background critics society
2578,992,5,1733391255,deadline panic buddies forever
2579,657,2,1721738282,plants dying together club
2580,943,2,1717477045,coffee machine queue besties
2581,980,3,1720851303,old friends from college days
2582,442,81,1717499655,share memes at 3am regularly
2583,168,1,1732242322,elevator small talk champions
2584,199,6,1718814319,snack drawer raiding partners
2585,336,23,1726259334,coffee machine queue besties
2586,125,3,1718724768,old friends from college days
2587,718,8,1726908339,accidentally wore same outfit once
2588,237,2,1722982321,zoom background critics society
2589,479,8,1727124087,carpool gang for life
2590,559,2,1729603602,microwave drama survivors
2591,573,3,1708020365,bonded over terrible coffee
2592,404,3,1713327909,snack drawer raiding partners
2593,878,3,1718117713,coffee machine queue besties
2594,36,44,1736305479,survived same boring meeting
2595,818,3,1735896699,met at work event years ago
2596,922,2,1710784700,survived same boring meeting
2597,539,5,1722171445,witnessed the printer jam incident
2598,147,2,1716417374,accidentally wore same outfit once
2599,683,1,1724933739,escape room teammates forever
2600,89,3,1709316219,met at work event years ago
2601,874,11,1722232902,elevator small talk champions
2602,54,12,1736681704,accidentally wore same outfit once
2603,778,16,1726108310,met debating Oxford comma use
2604,494,4,1713548764,escape room teammates forever
2605,857,3,1725482852,argued about pizza toppings
2606,332,4,1708519780,zoom background critics society
2607,535,3,1711585857,elevator small talk champions
2608,846,7,1711751808,bonded over terrible coffee
2609,551,5,1728742341,coffee machine queue besties
2610,146,2,1716020742,both hate Mondays equally
2611,949,1,1738609920,reply-all incident support group
2612,90,3,1728016577,share memes at 3am regularly
2613,876,6,1731468369,reply-all incident support group
2614,700,4,1730223660,carpool gang for life
2615,581,6,1726599376,share memes at 3am regularly
2616,724,50,1716923275,neighbors who share wifi password
2617,421,2,1718578273,reply-all incident support group
2618,74,7,1738105306,survived same boring meeting
2619,592,3,1708685501,survived same boring meeting
2620,610,1,1714720121,deadline panic buddies forever
2621,972,10,1734206010,argued about pizza toppings
2622,710,14,1723819596,coffee machine queue besties
2623,698,12,1738639621,argued about pizza toppings
2624,498,3,1733905112,parking spot nemesis turned friend
2625,491,6,1710454922,accidentally wore same outfit once
2626,537,6,1714046559,microwave drama survivors
2627,969,2,1725300760,met at work event years ago
2628,969,18,1711797516,elevator small talk champions
2629,246,12,1712556631,coffee machine queue besties
2630,807,5,1707736996,argued about pizza toppings
2631,509,6,1722920852,snack drawer raiding partners
2632,102,3,1724397305,met debating Oxford comma use
2633,610,3,1737650161,deadline panic buddies forever
2634,221,5,1738114754,old friends from college days
2635,225,4,1709838651,bonded over terrible coffee
2636,817,1,1726353549,gym buddies since forever
2637,459,1,1712526174,met debating Oxford comma use
2638,377,2,1737318898,old friends from college days
2639,686,1,1738073937,gym buddies since forever
2640,757,2,1713566414,both hate Mondays equally
2641,797,5,1708851634,neighbors who share wifi password
2642,894,1,1735453613,elevator small talk champions
2643,159,2,1726295891,snack drawer raiding partners
2644,698,4,1721976089,microwave drama survivors
2645,645,1,1730216175,met debating Oxford comma use
2646,725,1,1724231920,survived same boring meeting
2647,215,1,1715790183,neighbors who share wifi password
2648,654,2,1719872777,elevator small talk champions
2649,478,2,1732710566,snack drawer raiding partners
2650,590,2,1722999500,snack drawer raiding partners
2651,97,4,1725547877,survived same boring meeting
2652,410,4,1707669678,witnessed the printer jam incident
2653,253,63,1708879083,bonded over terrible coffee
2654,363,3,1736484508,argued about pizza toppings
2655,866,2,1722940298,survived same boring meeting
2656,354,45,1722667862,coffee machine queue besties
2657,567,2,1711869690,gym buddies since forever
2658,715,3,1726284580,parking spot nemesis turned friend
2659,809,2,1724574644,gym buddies since forever
2660,254,1,1730191917,snack drawer raiding partners
2661,46,12,1716195505,accidentally wore same outfit once
2662,647,3,1713158482,deadline panic buddies forever
2663,495,2,1728859388,share memes at 3am regularly
2664,281,2,1731199696,gym buddies since forever
2665,685,2,1731920049,argued about pizza toppings
2666,419,3,1728250110,both hate Mondays equally
2667,296,3,1724022451,microwave drama survivors
2668,787,10,1729383790,accidentally wore same outfit once
2669,767,3,1724830919,old friends from college days
2670,121,4,1721755010,old friends from college days
2671,501,22,1721429967,witnessed the printer jam incident
2672,799,1,1707956745,share memes at 3am regularly
2673,570,29,1727879907,coffee machine queue besties
2674,981,1,1721383864,bonded over terrible coffee
2675,165,33,1719047113,bonded over terrible coffee
2676,131,27,1727484574,gym buddies since forever
2677,903,2,1722162863,coffee machine queue besties
2678,866,4,1717973759,argued about pizza toppings
2679,656,45,1732143812,deadline panic buddies forever
2680,216,1,1725428628,elevator small talk champions
2681,427,1,1737636981,coffee machine queue besties
2682,644,427,1731589174,microwave drama survivors
2683,262,66,1723589466,neighbors who share wifi password
2684,537,4,1718600269,met debating Oxford comma use
2685,369,1,1731818481,deadline panic buddies forever
2686,567,7,1734216526,escape room teammates forever
2687,315,2,1727852847,gym buddies since forever
2688,5,36,1708090249,elevator small talk champions
2689,764,6,1721799142,reply-all incident support group
2690,700,2,1731595430,reply-all incident support group
2691,473,3,1733343321,survived same boring meeting
2692,361,62,1712661804,survived same boring meeting
2693,769,2,1731381383,deadline panic buddies forever
2694,353,3,1717307040,bonded over terrible coffee
2695,776,10,1711031443,escape room teammates forever
2696,118,15,1718573282,plants dying together club
2697,15,27,1720750429,accidentally wore same outfit once
2698,903,3,1724900196,witnessed the printer jam incident
2699,137,3,1733810680,both hate Mondays equally
2700,259,2,1731058886,snack drawer raiding partners
2701,988,4,1730697701,old friends from college days
2702,340,3,1724544660,coffee machine queue besties
2703,273,2,1721328469,argued about pizza toppings
2704,379,41,1731294845,met at work event years ago
2705,106,3,1711349075,met at work event years ago
2706,308,5,1712613122,witnessed the printer jam incident
2707,72,2,1710099533,accidentally wore same outfit once
2708,783,4,1727802309,accidentally wore same outfit once
2709,782,3,1728723364,plants dying together club
2710,565,7,1731812378,microwave drama survivors
2711,497,15,1714424831,witnessed the printer jam incident
2712,878,7,1722683454,microwave drama survivors
2713,768,7,1709579770,both hate Mondays equally
2714,26,4,1715812126,snack drawer raiding partners
2715,868,3,1731979894,coffee machine queue besties
2716,703,2,1723121700,gym buddies since forever
2717,163,2,1736433656,coffee machine queue besties
2718,971,2,1712640025,accidentally wore same outfit once
2719,931,1,1728907184,elevator small talk champions
2720,265,2,1729013339,gym buddies since forever
2721,750,19,1720458157,carpool gang for life
2722,908,3,1717636365,neighbors who share wifi password
2723,42,1,1727396417,argued about pizza toppings
2724,44,3,1720926541,witnessed the printer jam incident
2725,834,3,1718045877,parking spot nemesis turned friend
2726,334,4,1726416923,gym buddies since forever
2727,19,1,1729647612,argued about pizza toppings
2728,438,14,1733012361,escape room teammates forever
2729,723,2,1736655603,survived same boring meeting
2730,154,36,1733322318,accidentally wore same outfit once
2731,463,6,1711479235,plants dying together club
2732,883,2,1721702210,coffee machine queue besties
2733,425,15,1721307590,coffee machine queue besties
2734,818,4,1716881931,neighbors who share wifi password
2735,585,1,1724177434,reply-all incident support group
2736,100,3,1718734001,both hate Mondays equally
2737,585,2,1734415344,argued about pizza toppings
2738,872,3,1712939446,share memes at 3am regularly
2739,404,11,1730566494,zoom background critics society
2740,799,3,1734539427,snack drawer raiding partners
2741,666,12,1711274673,escape room teammates forever
2742,628,3,1716281159,plants dying together club
2743,674,3,1717406251,plants dying together club
2744,240,6,1712971420,microwave drama survivors
2745,605,5,1716877693,argued about pizza toppings
2746,847,2,1727363661,both hate Mondays equally
2747,246,5,1736776402,escape room teammates forever
2748,750,10,1710513422,argued about pizza toppings
2749,170,2,1711723789,share memes at 3am regularly
2750,263,3,1726116545,bonded over terrible coffee
2751,867,2,1728337636,microwave drama survivors
2752,167,3,1717112507,elevator small talk champions
2753,403,2,1717160961,met at work event years ago
2754,770,9,1716195108,bonded over terrible coffee
2755,810,2,1727765119,argued about pizza toppings
2756,4,5,1724317419,old friends from college days
2757,156,2,1731971932,old friends from college days
2758,941,5,1709919598,snack drawer raiding partners
2759,803,17,1714303591,met debating Oxford comma use
2760,941,4,1722564772,met debating Oxford comma use
2761,852,55,1713592047,met at work event years ago
2762,891,5,1711858697,witnessed the printer jam incident
2763,517,3,1709701716,snack drawer raiding partners
2764,107,3,1731418957,survived same boring meeting
2765,471,2,1735441502,reply-all incident support group
2766,131,9,1714083666,escape room teammates forever
2767,625,64,1712778392,bonded over terrible coffee
2768,946,3,1708379741,escape room teammates forever
2769,980,4,1715639273,reply-all incident support group
2770,223,28,1726240804,survived same boring meeting
2771,271,3,1714901289,bonded over terrible coffee
2772,14,2,1736645453,bonded over terrible coffee
2773,205,2,1718463530,survived same boring meeting
2774,768,4,1727091304,zoom background critics society
2775,1000,12,1737681057,witnessed the printer jam incident
2776,51,44,1725239547,parking spot nemesis turned friend
2777,889,2,1709679330,met at work event years ago
2778,948,2,1724112877,argued about pizza toppings
2779,569,10,1734233395,snack drawer raiding partners
2780,367,4,1723488070,deadline panic buddies forever
2781,296,11,1734825040,snack drawer raiding partners
2782,46,4,1718595861,accidentally wore same outfit once
2783,242,6,1735354309,zoom background critics society
2784,328,3,1721323845,microwave drama survivors
2785,878,12,1719184193,accidentally wore same outfit once
2786,689,13,1732882867,escape room teammates forever
2787,10,1,1720395976,met debating Oxford comma use
2788,218,3,1716973692,zoom background critics society
2789,674,47,1737536089,escape room teammates forever
2790,145,2,1726170273,survived same boring meeting
2791,88,9,1710672189,snack drawer raiding partners
2792,572,3,1715822683,survived same boring meeting
2793,643,4,1709534932,snack drawer raiding partners
2794,233,3,1712755244,zoom background critics society
2795,210,5,1735693901,coffee machine queue besties
2796,758,2,1728053720,snack drawer raiding partners
2797,731,2,1720053134,gym buddies since forever
2798,99,13,1731249318,parking spot nemesis turned friend
2799,236,18,1728919862,reply-all incident support group
2800,775,9,1730080663,accidentally wore same outfit once
2801,2,398,1707896238,gym buddies since forever
2802,557,3,1727661500,parking spot nemesis turned friend
2803,718,4,1715214183,zoom background critics society
2804,858,20,1723739407,plants dying together club
2805,25,3,1733185002,coffee machine queue besties
2806,654,46,1730330952,coffee machine queue besties
2807,89,32,1723658563,old friends from college days
2808,179,3,1718228099,microwave drama survivors
2809,759,2,1729104844,deadline panic buddies forever
2810,552,3,1724901143,coffee machine queue besties
2811,490,3,1708105868,argued about pizza toppings
2812,75,6,1715049069,argued about pizza toppings
2813,774,8,1712910493,snack drawer raiding partners
2814,449,2,1709307492,carpool gang for life
2815,155,3,1725209906,snack drawer raiding partners
2816,181,4,1718324795,accidentally wore same outfit once
2817,870,3,1725503285,elevator small talk champions
2818,365,2,1709715356,met at work event years ago
2819,625,7,1708431799,plants dying together club
2820,958,9,1729626517,share memes at 3am regularly
2821,650,4,1724803476,elevator small talk champions
2822,801,116,1713767102,coffee machine queue besties
2823,233,11,1733879719,escape room teammates forever
2824,955,4,1732501832,zoom background critics society
2825,664,3,1727406481,gym buddies since forever
2826,630,8,1720239503,plants dying together club
2827,954,19,1726889944,elevator small talk champions
2828,510,6,1733285170,carpool gang for life
2829,209,3,1722967714,both hate Mondays equally
2830,244,2,1730775523,old friends from college days
2831,478,28,1723602022,coffee machine queue besties
2832,217,3,1711870323,met debating Oxford comma use
2833,870,4,1710217036,met at work event years ago
2834,443,2,1736583215,met at work event years ago
2835,143,5,1735286584,accidentally wore same outfit once
2836,904,78,1715062945,both hate Mondays equally
2837,500,4,1708919634,coffee machine queue besties
2838,517,7,1707682839,accidentally wore same outfit once
2839,245,6,1731718492,coffee machine queue besties
2840,376,65,1717386804,survived same boring meeting
2841,595,7,1736315069,accidentally wore same outfit once
2842,707,3,1709450819,carpool gang for life
2843,215,4,1724910520,carpool gang for life
2844,114,6,1725426020,bonded over terrible coffee
2845,129,3,1721703459,bonded over terrible coffee
2846,721,2,1712531666,both hate Mondays equally
2847,210,8,1732385537,both hate Mondays equally
2848,105,6,1734525181,plants dying together club
2849,898,2,1730117321,met debating Oxford comma use
2850,897,1,1716899025,neighbors who share wifi password
2851,536,31,1722515545,deadline panic buddies forever
2852,593,2,1726413597,neighbors who share wifi password
2853,359,2,1710853068,parking spot nemesis turned friend
2854,576,2,1719936866,plants dying together club
2855,421,6,1720072079,escape room teammates forever
2856,52,2,1726533881,reply-all incident support group
2857,208,9,1727673131,escape room teammates forever
2858,907,3,1735635282,accidentally wore same outfit once
2859,150,7,1714923898,parking spot nemesis turned friend
2860,203,12,1732942883,witnessed the printer jam incident
2861,351,5,1730806768,survived same boring meeting
2862,659,4,1726156228,reply-all incident support group
2863,124,7,1718937160,witnessed the printer jam incident
2864,129,5,1725756973,gym buddies since forever
2865,732,34,1719720327,both hate Mondays equally
2866,603,2,1733142049,parking spot nemesis turned friend
2867,111,56,1723726804,microwave drama survivors
2868,660,4,1711971554,both hate Mondays equally
2869,20,3,1725167756,parking spot nemesis turned friend
2870,229,2,1707752666,zoom background critics society
2871,581,7,1721003240,old friends from college days
2872,661,2,1727626500,witnessed the printer jam incident
2873,533,2,1724617915,gym buddies since forever
2874,48,4,1725212091,met debating Oxford comma use
2875,233,4,1720051991,neighbors who share wifi password
2876,356,8,1734043119,witnessed the printer jam incident
2877,405,22,1719241148,survived same boring meeting
2878,705,13,1713131686,escape room teammates forever
2879,208,6,1738766012,share memes at 3am regularly
2880,808,9,1717998939,deadline panic buddies forever
2881,952,2,1734902941,microwave drama survivors
2882,937,2,1737041816,elevator small talk champions
2883,140,3,1724699222,escape room teammates forever
2884,317,15,1719411378,reply-all incident support group
2885,433,3,1716600477,elevator small talk champions
2886,847,7,1710949478,deadline panic buddies forever
2887,736,23,1719497213,reply-all incident support group
2888,91,11,1716285307,escape room teammates forever
2889,10,5,1727404393,carpool gang for life
2890,127,3,1715661973,gym buddies since forever
2891,816,1,1737778002,old friends from college days
2892,416,2,1736563173,accidentally wore same outfit once
2893,672,1,1729502627,share memes at 3am regularly
2894,946,1,1728424340,deadline panic buddies forever
2895,741,3,1716505189,coffee machine queue besties
2896,607,3,1726773321,neighbors who share wifi password
2897,702,452,1713113643,snack drawer raiding partners
2898,936,17,1723177341,bonded over terrible coffee
2899,701,15,1733399669,both hate Mondays equally
2900,54,2,1709962311,neighbors who share wifi password
2901,799,16,1716604304,deadline panic buddies forever
2902,90,2,1717575267,snack drawer raiding partners
2903,187,24,1707688192,deadline panic buddies forever
2904,41,36,1710056610,witnessed the printer jam incident
2905,897,2,1734169929,carpool gang for life
2906,927,3,1735842774,carpool gang for life
2907,859,2,1714217484,old friends from college days
2908,559,367,1733798303,gym buddies since forever
2909,795,15,1713880793,bonded over terrible coffee
2910,285,3,1710945391,parking spot nemesis turned friend
2911,650,2,1712061421,old friends from college days
2912,78,18,1734835418,neighbors who share wifi password
2913,729,1,1708106298,elevator small talk champions
2914,105,4,1714814006,carpool gang for life
2915,369,12,1724053652,old friends from college days
2916,989,185,1710733632,both hate Mondays equally
2917,303,21,1737356095,plants dying together club
2918,4,3,1713504627,reply-all incident support group
2919,429,9,1735720290,parking spot nemesis turned friend
2920,27,3,1709728592,elevator small talk champions
2921,201,3,1727242621,deadline panic buddies forever
2922,754,5,1720633286,share memes at 3am regularly
2923,660,85,1727205986,neighbors who share wifi password
2924,402,35,1727510638,snack drawer raiding partners
2925,328,6,1720158654,survived same boring meeting
2926,192,8,1723525958,gym buddies since forever
2927,938,2,1726170636,plants dying together club
2928,683,3,1720107827,deadline panic buddies forever
2929,174,59,1723091794,snack drawer raiding partners
2930,902,127,1737774570,zoom background critics society
2931,228,6,1728174219,zoom background critics society
2932,149,2,1735773169,zoom background critics society
2933,904,55,1717321668,deadline panic buddies forever
2934,321,2,1712108871,parking spot nemesis turned friend
2935,407,20,1732502232,parking spot nemesis turned friend
2936,523,24,1729782605,microwave drama survivors
2937,888,5,1725451486,met debating Oxford comma use
2938,811,3,1729342313,escape room teammates forever
2939,737,11,1708613537,met debating Oxford comma use
2940,686,5,1711915405,deadline panic buddies forever
2941,63,1,1721215242,escape room teammates forever
2942,74,8,1717111963,witnessed the printer jam incident
2943,269,4,1729474353,argued about pizza toppings
2944,189,2,1709227764,microwave drama survivors
2945,809,3,1723899072,plants dying together club
2946,421,5,1720370344,snack drawer raiding partners
2947,116,20,1730368825,microwave drama survivors
2948,843,5,1723485942,snack drawer raiding partners
2949,758,5,1707956295,snack drawer raiding partners
2950,76,1,1726663405,old friends from college days
2951,827,105,1731150903,witnessed the printer jam incident
2952,277,4,1733997856,deadline panic buddies forever
2953,428,4,1736235164,neighbors who share wifi password
2954,720,3,1726047058,plants dying together club
2955,670,3,1712355663,accidentally wore same outfit once
2956,188,286,1735940284,snack drawer raiding partners
2957,598,1,1725950055,carpool gang for life
2958,224,9,1716421117,accidentally wore same outfit once
2959,394,6,1711191727,old friends from college days
2960,620,3,1720751562,reply-all incident support group
2961,209,7,1728844755,microwave drama survivors
2962,337,16,1723361652,zoom background critics society
2963,335,2,1710649747,elevator small talk champions
2964,611,25,1733929050,share memes at 3am regularly
2965,790,2,1726571331,elevator small talk champions
2966,843,57,1732541982,reply-all incident support group
2967,390,5,1734045706,reply-all incident support group
2968,747,8,1719321022,reply-all incident support group
2969,638,13,1710407952,accidentally wore same outfit once
2970,829,4,1714412675,coffee machine queue besties
2971,679,6,1708044344,parking spot nemesis turned friend
2972,561,2,1722441137,argued about pizza toppings
2973,390,9,1734036283,met at work event years ago
2974,489,6,1718057406,reply-all incident support group
2975,78,2,1718897998,survived same boring meeting
2976,591,11,1728183856,gym buddies since forever
2977,67,3,1722859772,bonded over terrible coffee
2978,151,2,1721882428,escape room teammates forever
2979,973,2,1734550340,reply-all incident support group
2980,714,2,1727741237,escape room teammates forever
2981,949,2,1735204295,microwave drama survivors
2982,615,2,1725122108,snack drawer raiding partners
2983,890,10,1712265186,plants dying together club
2984,951,5,1732218625,zoom background critics society
2985,668,19,1734126743,survived same boring meeting
2986,164,6,1716714086,witnessed the printer jam incident
2987,989,3,1721612323,microwave drama survivors
2988,8,3,1724416237,argued about pizza toppings
2989,264,165,1733605542,deadline panic buddies forever
2990,478,3,1716810900,neighbors who share wifi password
2991,719,13,1722939461,bonded over terrible coffee
2992,219,2,1732932437,accidentally wore same outfit once
2993,295,2,1727747577,argued about pizza toppings
2994,757,3,1709360603,zoom background critics society
2995,708,8,1723749455,elevator small talk champions
2996,109,3,1713163209,escape room teammates forever
2997,467,3,1721442257,elevator small talk champions
2998,396,2,1732360909,met debating Oxford comma use
2999,459,3,1738168814,zoom background critics society
3000,197,5,1713363549,elevator small talk champions
3001,150,6,1730309104,met debating Oxford comma use
3002,546,4,1713848684,gym buddies since forever
3003,405,8,1718964189,old friends from college days
3004,45,3,1707982196,escape room teammates forever
3005,908,16,1734275935,parking spot nemesis turned friend
3006,664,9,1710337413,argued about pizza toppings
3007,709,3,1737223509,plants dying together club
3008,573,4,1722232344,survived same boring meeting
3009,606,17,1733856297,parking spot nemesis turned friend
3010,230,5,1725225439,carpool gang for life
3011,296,9,1710748463,survived same boring meeting
3012,423,3,1727845019,carpool gang for life
3013,671,3,1711695288,share memes at 3am regularly
3014,665,4,1726179077,accidentally wore same outfit once
3015,576,13,1734826251,escape room teammates forever
3016,121,10,1718060035,survived same boring meeting
3017,549,27,1710111232,escape room teammates forever
3018,714,4,1711915867,survived same boring meeting
3019,977,52,1715846113,microwave drama survivors
3020,401,9,1722650363,argued about pizza toppings
3021,768,2,1715795024,accidentally wore same outfit once
3022,882,2,1726708941,snack drawer raiding partners
3023,900,2,1737767969,parking spot nemesis turned friend
3024,388,3,1731267715,plants dying together club
3025,247,2,1738358840,coffee machine queue besties
3026,789,2,1729144172,zoom background critics society
3027,345,4,1729248223,plants dying together club
3028,571,12,1737743123,met debating Oxford comma use
3029,617,2,1725320553,elevator small talk champions
3030,672,2,1719846052,survived same boring meeting
3031,662,3,1719407057,snack drawer raiding partners
3032,521,5,1717825874,witnessed the printer jam incident
3033,534,8,1733976345,gym buddies since forever
3034,355,33,1726763900,snack drawer raiding partners
3035,622,2,1708097719,met at work event years ago
3036,749,9,1713752764,argued about pizza toppings
3037,920,3,1707898467,zoom background critics society
3038,52,10,1723944841,coffee machine queue besties
3039,176,2,1722744742,gym buddies since forever
3040,236,49,1723806241,deadline panic buddies forever
3041,406,5,1720179037,accidentally wore same outfit once
3042,523,3,1738611437,share memes at 3am regularly
3043,940,2,1708184735,old friends from college days
3044,702,4,1720902002,both hate Mondays equally
3045,447,11,1731440266,accidentally wore same outfit once
3046,255,1,1712635835,old friends from college days
3047,877,3,1719594058,bonded over terrible coffee
3048,912,35,1738795543,coffee machine queue besties
3049,305,3,1739026253,old friends from college days
3050,779,3,1726675074,accidentally wore same outfit once
3051,816,10,1733872192,parking spot nemesis turned friend
3052,977,16,1732261527,old friends from college days
3053,403,3,1732913804,both hate Mondays equally
3054,949,4,1734046307,snack drawer raiding partners
3055,551,10,1733328656,elevator small talk champions
3056,40,13,1720172708,met debating Oxford comma use
3057,899,1,1710755280,old friends from college days
3058,470,10,1728703513,coffee machine queue besties
3059,229,9,1717706032,snack drawer raiding partners
3060,878,2,1732492474,microwave drama survivors
3061,661,3,1735861503,deadline panic buddies forever
3062,750,3,1725227697,neighbors who share wifi password
3063,26,5,1718201303,neighbors who share wifi password
3064,863,2,1719285623,plants dying together club
3065,20,2,1718900058,zoom background critics society
3066,950,55,1727173537,gym buddies since forever
3067,980,2,1718438430,deadline panic buddies forever
3068,317,14,1734009312,met debating Oxford comma use
3069,262,4,1735334561,old friends from college days
3070,400,3,1731066555,escape room teammates forever
3071,934,2,1733631771,gym buddies since forever
3072,601,4,1712311199,argued about pizza toppings
3073,519,9,1737043949,met debating Oxford comma use
3074,280,6,1737781073,survived same boring meeting
3075,844,2,1734083825,snack drawer raiding partners
3076,990,5,1709560659,snack drawer raiding partners
3077,861,59,1735978757,coffee machine queue besties
3078,176,56,1737263580,deadline panic buddies forever
3079,238,3,1721623821,zoom background critics society
3080,740,41,1717383563,witnessed the printer jam incident
3081,915,7,1722785540,zoom background critics society
3082,517,24,1726306299,deadline panic buddies forever
3083,266,2,1708540944,gym buddies since forever
3084,604,14,1726479309,met at work event years ago
3085,660,322,1715039315,both hate Mondays equally
3086,740,43,1715210987,met at work event years ago
3087,192,2,1723950147,witnessed the printer jam incident
3088,931,6,1710307539,share memes at 3am regularly
3089,508,29,1724372184,survived same boring meeting
3090,292,22,1720435868,parking spot nemesis turned friend
3091,1000,14,1713575963,parking spot nemesis turned friend
3092,693,13,1728634971,accidentally wore same outfit once
3093,378,57,1709046020,gym buddies since forever
3094,273,3,1717629669,met at work event years ago
3095,454,11,1708753787,coffee machine queue besties
3096,255,4,1736965503,coffee machine queue besties
3097,174,4,1713114647,zoom background critics society
3098,986,4,1728457222,deadline panic buddies forever
3099,779,2,1716791182,snack drawer raiding partners
3100,635,8,1718994586,zoom background critics society
3101,793,38,1716604012,zoom background critics society
3102,461,50,1731435110,coffee machine queue besties
3103,1000,9,1708209813,elevator small talk champions
3104,82,2,1730316762,plants dying together club
3105,796,20,1711586734,parking spot nemesis turned friend
3106,591,2,1731848876,both hate Mondays equally
3107,391,6,1723733421,neighbors who share wifi password
3108,435,2,1711998141,parking spot nemesis turned friend
3109,838,3,1711351473,share memes at 3am regularly
3110,510,3,1709609849,deadline panic buddies forever
3111,543,2,1719982872,survived same boring meeting
3112,132,4,1733625139,bonded over terrible coffee
3113,649,4,1711247412,snack drawer raiding partners
3114,401,5,1725352437,reply-all incident support group
3115,975,3,1717744932,met debating Oxford comma use
3116,409,28,1730150660,carpool gang for life
3117,506,2,1715814579,argued about pizza toppings
3118,129,2,1726269137,bonded over terrible coffee
3119,728,23,1716220769,old friends from college days
3120,148,4,1735529639,neighbors who share wifi password
3121,786,7,1723015072,survived same boring meeting
3122,993,1,1734446525,witnessed the printer jam incident
3123,263,28,1721653790,deadline panic buddies forever
3124,917,2,1730046640,met debating Oxford comma use
3125,530,10,1735227946,plants dying together club
3126,125,5,1730136483,reply-all incident support group
3127,180,8,1722034695,accidentally wore same outfit once
3128,378,3,1733358955,bonded over terrible coffee
3129,358,2,1712910068,escape room teammates forever
3130,571,8,1708102329,gym buddies since forever
3131,577,6,1723329517,microwave drama survivors
3132,304,22,1711404913,witnessed the printer jam incident
3133,137,136,1732686959,snack drawer raiding partners
3134,155,37,1716779923,old friends from college days
3135,171,2,1712719497,carpool gang for life
3136,918,14,1716147525,share memes at 3am regularly
3137,194,6,1732736056,neighbors who share wifi password
3138,406,14,1709510952,elevator small talk champions
3139,591,20,1732142321,elevator small talk champions
3140,155,4,1737730405,deadline panic buddies forever
3141,413,2,1738040933,snack drawer raiding partners
3142,723,6,1721881448,deadline panic buddies forever
3143,190,6,1732500067,witnessed the printer jam incident
3144,234,3,1733803609,accidentally wore same outfit once
3145,637,8,1713333241,plants dying together club
3146,174,8,1734057831,survived same boring meeting
3147,625,12,1721358899,plants dying together club
3148,999,6,1727107245,carpool gang for life
3149,21,76,1718065809,microwave drama survivors
3150,790,217,1731171059,witnessed the printer jam incident
3151,227,3,1720534903,met debating Oxford comma use
3152,880,5,1726395338,microwave drama survivors
3153,653,4,1738912203,parking spot nemesis turned friend
3154,40,6,1723040013,reply-all incident support group
3155,96,2,1734558084,witnessed the printer jam incident
3156,562,2,1726387830,coffee machine queue besties
3157,330,1,1709409111,bonded over terrible coffee
3158,256,3,1727029752,accidentally wore same outfit once
3159,63,58,1735025496,zoom background critics society
3160,368,5,1725068635,coffee machine queue besties
3161,937,3,1736499701,both hate Mondays equally
3162,421,11,1737871940,escape room teammates forever
3163,337,7,1714949205,zoom background critics society
3164,955,3,1733846573,survived same boring meeting
3165,488,2,1721034483,microwave drama survivors
3166,163,3,1729349044,bonded over terrible coffee
3167,722,3,1738360114,survived same boring meeting
3168,437,27,1730242100,elevator small talk champions
3169,486,4,1734247750,elevator small talk champions
3170,910,3,1726207088,both hate Mondays equally
3171,629,4,1735722536,microwave drama survivors
3172,420,1,1734791955,neighbors who share wifi password
3173,209,2,1724157702,accidentally wore same outfit once
3174,399,6,1715469841,carpool gang for life
3175,101,7,1736896174,parking spot nemesis turned friend
3176,580,2,1727742126,plants dying together club
3177,392,2,1732172684,bonded over terrible coffee
3178,792,9,1725701479,met debating Oxford comma use
3179,387,4,1714229319,old friends from college days
3180,83,49,1727674752,old friends from college days
3181,37,8,1723272296,snack drawer raiding partners
3182,249,3,1734108282,reply-all incident support group
3183,225,2,1716969815,met debating Oxford comma use
3184,140,10,1729388143,elevator small talk champions
3185,720,2,1733011572,plants dying together club
3186,531,5,1713384023,met at work event years ago
3187,470,3,1723605482,old friends from college days
3188,283,2,1735471044,parking spot nemesis turned friend
3189,660,2,1732542567,plants dying together club
3190,532,2,1735016938,snack drawer raiding partners
3191,566,2,1738868517,gym buddies since forever
3192,462,9,1722241293,share memes at 3am regularly
3193,180,13,1709823424,microwave drama survivors
3194,54,18,1733002241,deadline panic buddies forever
3195,160,2,1734794949,snack drawer raiding partners
3196,50,314,1735838903,coffee machine queue besties
3197,265,5,1734212289,witnessed the printer jam incident
3198,353,2,1726517955,survived same boring meeting
3199,984,11,1728882383,witnessed the printer jam incident
3200,704,3,1725454795,zoom background critics society
3201,362,9,1724158099,share memes at 3am regularly
3202,214,4,1733903487,witnessed the printer jam incident
3203,400,5,1717558108,old friends from college days
3204,801,2,1736679310,elevator small talk champions
3205,309,4,1721120134,parking spot nemesis turned friend
3206,219,3,1735226490,met debating Oxford comma use
3207,428,2,1727826584,zoom background critics society
3208,898,9,1737321126,met debating Oxford comma use
3209,425,4,1729249685,elevator small talk champions
3210,857,1,1725162971,zoom background critics society
3211,694,3,1735999650,microwave drama survivors
3212,865,15,1713431985,share memes at 3am regularly
3213,58,4,1727085974,elevator small talk champions
3214,563,3,1717872234,snack drawer raiding partners
3215,339,2,1719756236,carpool gang for life
3216,94,3,1708265454,met debating Oxford comma use
3217,958,3,1735070233,escape room teammates forever
3218,509,3,1738762160,parking spot nemesis turned friend
3219,472,1,1708498669,parking spot nemesis turned friend
3220,887,15,1726651955,met at work event years ago
3221,857,229,1725886595,escape room teammates forever
3222,258,10,1724368619,met debating Oxford comma use
3223,417,6,1709782510,microwave drama survivors
3224,177,8,1715526715,plants dying together club
3225,2,6,1715467717,argued about pizza toppings
3226,919,19,1732873368,accidentally wore same outfit once
3227,330,7,1730616777,argued about pizza toppings
3228,690,2,1708823347,argued about pizza toppings
3229,393,2,1726342125,plants dying together club
3230,653,2,1727492271,old friends from college days
3231,646,2,1735813318,bonded over terrible coffee
3232,332,3,1719375222,bonded over terrible coffee
3233,207,6,1713827397,argued about pizza toppings
3234,585,9,1717942769,neighbors who share wifi password
3235,954,20,1728465154,zoom background critics society
3236,634,30,1729110104,survived same boring meeting
3237,556,2,1717220948,share memes at 3am regularly
3238,387,11,1710056325,reply-all incident support group
3239,873,8,1738679730,survived same boring meeting
3240,68,4,1717661829,accidentally wore same outfit once
3241,901,48,1710400497,share memes at 3am regularly
3242,54,3,1733577603,argued about pizza toppings
3243,12,2,1708876860,accidentally wore same outfit once
3244,192,4,1732846111,parking spot nemesis turned friend
3245,507,14,1709182466,elevator small talk champions
3246,760,3,1710169357,elevator small talk champions
3247,815,2,1709187522,elevator small talk champions
3248,976,6,1721125787,reply-all incident support group
3249,805,7,1719583977,neighbors who share wifi password
3250,597,3,1723434278,met at work event years ago
3251,111,79,1729219511,survived same boring meeting
3252,1,3,1730691099,coffee machine queue besties
3253,373,14,1714061937,microwave drama survivors
3254,3,81,1736728862,argued about pizza toppings
3255,29,3,1711614513,plants dying together club
3256,627,27,1714973038,both hate Mondays equally
3257,761,1,1717594488,coffee machine queue besties
3258,745,8,1711344338,snack drawer raiding partners
3259,960,1,1718964717,elevator small talk champions
3260,768,38,1738301857,old friends from college days
3261,369,2,1710771986,carpool gang for life
3262,356,6,1714821603,both hate Mondays equally
3263,621,3,1726295476,witnessed the printer jam incident
3264,794,21,1719660199,zoom background critics society
3265,156,3,1713868798,witnessed the printer jam incident
3266,78,3,1708883464,bonded over terrible coffee
3267,751,3,1728285770,elevator small talk champions
3268,92,2,1725400781,escape room teammates forever
3269,496,17,1729024875,bonded over terrible coffee
3270,197,2,1737462020,survived same boring meeting
3271,729,2,1735613321,old friends from college days
3272,294,4,1724772947,witnessed the printer jam incident
3273,598,15,1721204963,deadline panic buddies forever
3274,63,2,1721144740,elevator small talk champions
3275,929,9,1732824159,witnessed the printer jam incident
3276,178,19,1738544660,parking spot nemesis turned friend
3277,987,3,1727319414,elevator small talk champions
3278,634,6,1724264357,met at work event years ago
3279,304,3,1718575591,escape room teammates forever
3280,332,2,1728719124,share memes at 3am regularly
3281,70,2,1737983609,witnessed the printer jam incident
3282,925,4,1722308789,bonded over terrible coffee
3283,727,5,1716156950,met at work event years ago
3284,568,6,1712754887,witnessed the printer jam incident
3285,230,9,1727433710,microwave drama survivors
3286,726,1,1738658420,both hate Mondays equally
3287,286,2,1731959398,deadline panic buddies forever
3288,182,4,1710957101,witnessed the printer jam incident
3289,450,6,1711180168,survived same boring meeting
3290,247,7,1730013515,old friends from college days
3291,440,5,1722919709,argued about pizza toppings
3292,775,3,1735247117,carpool gang for life
3293,566,4,1725001878,share memes at 3am regularly
3294,578,4,1719105132,reply-all incident support group
3295,770,2,1710389888,witnessed the printer jam incident
3296,991,3,1725125604,met at work event years ago
3297,848,2,1722549632,deadline panic buddies forever
3298,788,20,1725584247,plants dying together club
3299,743,3,1728109302,parking spot nemesis turned friend
3300,593,7,1728148680,argued about pizza toppings
3301,977,4,1715292898,neighbors who share wifi password
3302,953,18,1730011982,zoom background critics society
3303,244,16,1714191986,plants dying together club
3304,179,6,1719348606,snack drawer raiding partners
3305,189,4,1719614296,reply-all incident support group
3306,929,3,1715976653,escape room teammates forever
3307,59,123,1713737569,gym buddies since forever
3308,213,2,1731871739,gym buddies since forever
3309,143,2,1710145912,reply-all incident support group
3310,787,3,1733546035,survived same boring meeting
3311,617,3,1734109170,deadline panic buddies forever
3312,835,5,1715509594,bonded over terrible coffee
3313,587,5,1716185308,microwave drama survivors
3314,264,19,1714601822,carpool gang for life
3315,413,1,1719424246,escape room teammates forever
3316,395,2,1718418974,deadline panic buddies forever
3317,223,6,1707654504,neighbors who share wifi password
3318,686,4,1720133943,carpool gang for life
3319,713,11,1727139509,bonded over terrible coffee
3320,872,5,1707730221,reply-all incident support group
3321,329,6,1711936574,met at work event years ago
3322,58,12,1708851292,witnessed the printer jam incident
3323,674,18,1718196253,neighbors who share wifi password
3324,771,2,1731396011,survived same boring meeting
3325,349,9,1725029730,gym buddies since forever
3326,824,14,1719525660,neighbors who share wifi password
3327,881,24,1713907029,escape room teammates forever
3328,365,11,1733935109,old friends from college days
3329,543,4,1712493840,both hate Mondays equally
3330,983,4,1733368526,escape room teammates forever
3331,832,7,1709000625,snack drawer raiding partners
3332,868,2,1720649197,witnessed the printer jam incident
3333,481,3,1733896151,accidentally wore same outfit once
3334,227,4,1717552131,zoom background critics society
3335,963,2,1718692409,reply-all incident support group
3336,10,12,1715291452,met at work event years ago
3337,54,4,1739102179,gym buddies since forever
3338,696,8,1724269194,escape room teammates forever
3339,428,3,1709378834,microwave drama survivors
3340,930,4,1733957933,old friends from college days
3341,731,28,1734627756,accidentally wore same outfit once
3342,364,9,1721597777,old friends from college days
3343,620,5,1717552894,coffee machine queue besties
3344,963,6,1714914951,reply-all incident support group
3345,520,4,1733730756,snack drawer raiding partners
3346,85,41,1721044913,parking spot nemesis turned friend
3347,977,24,1728087712,reply-all incident support group
3348,299,32,1720403715,reply-all incident support group
3349,97,2,1725355756,carpool gang for life
3350,913,3,1719677426,accidentally wore same outfit once
3351,558,2,1724517534,reply-all incident support group
3352,263,2,1733893395,snack drawer raiding partners
3353,800,16,1733973225,survived same boring meeting
3354,979,17,1712605420,microwave drama survivors
3355,143,4,1714623615,coffee machine queue besties
3356,873,7,1719115014,witnessed the printer jam incident
3357,282,2,1708769005,deadline panic buddies forever
3358,514,29,1736869006,bonded over terrible coffee
3359,564,2,1713006960,survived same boring meeting
3360,702,2,1711347690,accidentally wore same outfit once
3361,23,4,1724546101,reply-all incident support group
3362,370,14,1725945273,neighbors who share wifi password
3363,38,2,1735958441,snack drawer raiding partners
3364,276,5,1732611107,escape room teammates forever
3365,342,8,1736101810,old friends from college days
3366,287,3,1730301012,both hate Mondays equally
3367,807,13,1727675835,reply-all incident support group
3368,480,2,1717512631,neighbors who share wifi password
3369,54,10,1711184981,witnessed the printer jam incident
3370,37,6,1724091502,survived same boring meeting
3371,389,3,1714311625,witnessed the printer jam incident
3372,584,2,1721488365,escape room teammates forever
3373,859,6,1737409100,gym buddies since forever
3374,123,2,1734452144,zoom background critics society
3375,454,8,1718195762,survived same boring meeting
3376,573,8,1719116907,microwave drama survivors
3377,968,4,1724247065,reply-all incident support group
3378,73,2,1715513270,deadline panic buddies forever
3379,57,8,1715586563,zoom background critics society
3380,524,3,1733882870,both hate Mondays equally
3381,360,4,1736374773,met at work event years ago
3382,113,4,1736891214,deadline panic buddies forever
3383,658,6,1729872838,old friends from college days
3384,251,21,1714715993,parking spot nemesis turned friend
3385,718,14,1724641050,elevator small talk champions
3386,543,18,1731757356,microwave drama survivors
3387,602,6,1732317179,witnessed the printer jam incident
3388,165,2,1723929062,coffee machine queue besties
3389,991,2,1728916055,deadline panic buddies forever
3390,918,207,1730550147,gym buddies since forever
3391,951,2,1722717220,zoom background critics society
3392,624,11,1721964628,plants dying together club
3393,17,3,1708577528,deadline panic buddies forever
3394,947,9,1715076614,gym buddies since forever
3395,673,3,1710430380,survived same boring meeting
3396,84,4,1716679800,met at work event years ago
3397,972,2,1725882638,snack drawer raiding partners
3398,672,5,1728044593,coffee machine queue besties
3399,529,31,1731692651,neighbors who share wifi password
3400,831,21,1708454140,coffee machine queue besties
3401,392,3,1719995628,both hate Mondays equally
3402,293,2,1724382487,survived same boring meeting
3403,611,2,1723333658,snack drawer raiding partners
3404,193,3,1712821629,accidentally wore same outfit once
3405,399,7,1710286011,witnessed the printer jam incident
3406,259,369,1710840143,witnessed the printer jam incident
3407,599,3,1733801696,elevator small talk champions
3408,56,3,1719087271,neighbors who share wifi password
3409,812,8,1721381549,met at work event years ago
3410,723,4,1713028300,bonded over terrible coffee
3411,183,8,1715863481,both hate Mondays equally
3412,772,141,1722799892,plants dying together club
3413,203,3,1729905053,zoom background critics society
3414,729,4,1733309468,parking spot nemesis turned friend
3415,902,5,1738802440,gym buddies since forever
3416,467,2,1731645400,gym buddies since forever
3417,381,5,1716422939,survived same boring meeting
3418,279,2,1712624243,bonded over terrible coffee
3419,727,11,1721799881,coffee machine queue besties
3420,796,8,1729937762,both hate Mondays equally
3421,97,7,1736420340,zoom background critics society
3422,962,2,1734964891,microwave drama survivors
3423,580,9,1738264451,reply-all incident support group
3424,113,2,1714937559,carpool gang for life
3425,842,6,1729908332,accidentally wore same outfit once
3426,461,3,1737497738,elevator small talk champions
3427,858,2,1713096390,parking spot nemesis turned friend
3428,342,2,1727470204,old friends from college days
3429,705,5,1721620135,parking spot nemesis turned friend
3430,394,2,1735789335,share memes at 3am regularly
3431,825,4,1722464109,met at work event years ago
3432,640,4,1713484329,microwave drama survivors
3433,814,5,1733873738,zoom background critics society
3434,772,5,1716928872,neighbors who share wifi password
3435,343,4,1719885164,argued about pizza toppings
3436,192,3,1710745287,parking spot nemesis turned friend
3437,71,38,1736115602,snack drawer raiding partners
3438,959,3,1713127696,parking spot nemesis turned friend
3439,553,11,1716093371,reply-all incident support group
3440,736,255,1737568279,argued about pizza toppings
3441,77,2,1735580495,both hate Mondays equally
3442,303,3,1718440910,plants dying together club
3443,27,2,1725492076,escape room teammates forever
3444,761,3,1731486750,snack drawer raiding partners
3445,343,2,1736842899,neighbors who share wifi password
3446,282,6,1739091801,met at work event years ago
3447,117,10,1732340039,plants dying together club
3448,264,3,1723311915,witnessed the printer jam incident
3449,500,5,1734993905,plants dying together club
3450,336,2,1718325930,coffee machine queue besties
3451,444,2,1725673654,plants dying together club
3452,847,4,1737143434,neighbors who share wifi password
3453,299,3,1725688450,survived same boring meeting
3454,367,3,1721301289,snack drawer raiding partners
3455,115,3,1728906226,coffee machine queue besties
3456,883,3,1722022565,met at work event years ago
3457,467,76,1718575765,gym buddies since forever
3458,750,5,1735547113,bonded over terrible coffee
3459,610,53,1735157291,plants dying together club
3460,208,23,1719464226,met debating Oxford comma use
3461,309,2,1724610511,plants dying together club
3462,756,5,1727573411,coffee machine queue besties
3463,872,6,1714446805,coffee machine queue besties
3464,197,4,1715953254,carpool gang for life
3465,36,5,1732637838,both hate Mondays equally
3466,899,7,1710626132,escape room teammates forever
3467,670,2,1739063194,plants dying together club
3468,211,2,1726501896,microwave drama survivors
3469,310,2,1734653328,zoom background critics society
3470,218,36,1736365544,deadline panic buddies forever
3471,439,2,1719791583,carpool gang for life
3472,530,3,1739089458,reply-all incident support group
3473,436,74,1709239524,reply-all incident support group
3474,810,14,1717300714,reply-all incident support group
3475,802,6,1711370353,gym buddies since forever
3476,907,27,1723341274,carpool gang for life
3477,56,2,1707896835,old friends from college days
3478,471,26,1718998378,survived same boring meeting
3479,516,4,1707615864,elevator small talk champions
3480,858,18,1720480250,met at work event years ago
3481,214,2,1720002418,zoom background critics society
3482,12,6,1718141078,zoom background critics society
3483,91,8,1732950056,zoom background critics society
3484,122,3,1709434130,coffee machine queue besties
3485,113,5,1728541671,elevator small talk champions
3486,874,4,1729644187,escape room teammates forever
3487,692,11,1718593441,elevator small talk champions
3488,551,13,1729040620,zoom background critics society
3489,293,10,1708923968,coffee machine queue besties
3490,110,17,1717760782,argued about pizza toppings
3491,112,14,1724626993,microwave drama survivors
3492,206,4,1727769575,survived same boring meeting
3493,2,40,1707851498,witnessed the printer jam incident
3494,101,1,1729041248,neighbors who share wifi password
3495,298,3,1721963815,reply-all incident support group
3496,99,2,1739041898,zoom background critics society
3497,637,2,1724116257,survived same boring meeting
3498,289,3,1726619994,survived same boring meeting
3499,350,2,1726448120,carpool gang for life
3500,390,17,1734010140,elevator small talk champions
3501,553,6,1733171696,bonded over terrible coffee
3502,479,12,1719912817,zoom background critics society
3503,21,16,1736926362,gym buddies since forever
3504,909,24,1710851698,bonded over terrible coffee
3505,48,10,1708055534,witnessed the printer jam incident
3506,759,3,1736897755,both hate Mondays equally
3507,6,5,1731489782,bonded over terrible coffee
3508,167,1,1716964862,accidentally wore same outfit once
3509,252,3,1738156404,snack drawer raiding partners
3510,387,31,1721349671,both hate Mondays equally
3511,27,12,1711186107,zoom background critics society
3512,223,37,1709098177,elevator small talk champions
3513,482,3,1709008919,snack drawer raiding partners
3514,123,6,1717611393,met debating Oxford comma use
3515,255,6,1715197774,snack drawer raiding partners
3516,283,6,1720126162,plants dying together club
3517,762,2,1719208074,share memes at 3am regularly
3518,366,2,1711438627,survived same boring meeting
3519,822,15,1709963459,snack drawer raiding partners
3520,411,5,1718090090,witnessed the printer jam incident
3521,931,4,1721838783,bonded over terrible coffee
3522,607,2,1733079605,met debating Oxford comma use
3523,757,23,1710638712,zoom background critics society
3524,53,62,1728620971,deadline panic buddies forever
3525,921,6,1720843012,met debating Oxford comma use
3526,263,18,1708258906,accidentally wore same outfit once
3527,924,6,1714208831,coffee machine queue besties
3528,21,11,1735112103,met debating Oxford comma use
3529,245,36,1707651915,met debating Oxford comma use
3530,550,3,1724416302,accidentally wore same outfit once
3531,122,60,1713461920,gym buddies since forever
3532,641,3,1728600782,microwave drama survivors
3533,638,2,1718091872,reply-all incident support group
3534,527,3,1731873941,neighbors who share wifi password
3535,490,21,1731006667,neighbors who share wifi password
3536,362,8,1726209360,plants dying together club
3537,373,6,1729681789,microwave drama survivors
3538,592,6,1737756368,met at work event years ago
3539,813,9,1730180217,both hate Mondays equally
3540,907,21,1722219312,gym buddies since forever
3541,732,10,1708677665,old friends from college days
3542,774,19,1733962756,met debating Oxford comma use
3543,456,10,1727585618,parking spot nemesis turned friend
3544,169,2,1737742868,snack drawer raiding partners
3545,698,8,1730058927,parking spot nemesis turned friend
3546,870,6,1725496656,elevator small talk champions
3547,957,1,1735246667,microwave drama survivors
3548,340,5,1719887337,met at work event years ago
3549,217,7,1710409561,share memes at 3am regularly
3550,375,7,1724756512,gym buddies since forever
3551,49,6,1733612818,elevator small talk champions
3552,209,41,1732378763,met debating Oxford comma use
3553,181,2,1720264369,bonded over terrible coffee
3554,201,2,1717675784,parking spot nemesis turned friend
3555,355,4,1726686964,met at work event years ago
3556,766,3,1709792729,met at work event years ago
3557,526,35,1714402757,survived same boring meeting
3558,880,4,1728635030,zoom background critics society
3559,936,2,1730875005,parking spot nemesis turned friend
3560,722,10,1721407017,microwave drama survivors
3561,499,30,1715348003,met at work event years ago
3562,830,18,1713387651,both hate Mondays equally
3563,265,10,1735804579,coffee machine queue besties
3564,525,15,1727350024,gym buddies since forever
3565,582,1,1708261280,survived same boring meeting
3566,149,3,1717461262,elevator small talk champions
3567,98,4,1709748434,gym buddies since forever
3568,154,7,1733422037,plants dying together club
3569,629,5,1717901539,met debating Oxford comma use
3570,487,14,1733929501,share memes at 3am regularly
3571,16,1,1722008118,survived same boring meeting
3572,969,114,1709884204,bonded over terrible coffee
3573,505,6,1737060245,reply-all incident support group
3574,9,4,1713098685,zoom background critics society
3575,184,5,1738740600,old friends from college days
3576,466,6,1713526147,zoom background critics society
3577,186,19,1716025624,carpool gang for life
3578,543,15,1710042820,bonded over terrible coffee
3579,257,8,1732003738,bonded over terrible coffee
3580,47,2,1717660520,zoom background critics society
3581,322,21,1711342435,bonded over terrible coffee
3582,878,4,1728387375,met at work event years ago
3583,582,3,1711857740,snack drawer raiding partners
3584,704,578,1712271629,survived same boring meeting
3585,812,5,1729501188,microwave drama survivors
3586,604,7,1736043479,snack drawer raiding partners
3587,66,3,1718145363,elevator small talk champions
3588,484,2,1729993029,argued about pizza toppings
3589,930,12,1714876783,both hate Mondays equally
3590,401,7,1712679610,neighbors who share wifi password
3591,494,5,1734522782,deadline panic buddies forever
3592,194,2,1726783945,neighbors who share wifi password
3593,13,28,1709073636,zoom background critics society
3594,927,12,1717356884,gym buddies since forever
3595,992,2,1724174379,snack drawer raiding partners
3596,879,5,1728643206,plants dying together club
3597,796,6,1732822607,witnessed the printer jam incident
3598,24,6,1709825581,share memes at 3am regularly
3599,930,8,1711381925,carpool gang for life
3600,218,2,1713709308,elevator small talk champions
3601,810,15,1738122722,zoom background critics society
3602,239,3,1727632635,survived same boring meeting
3603,796,2,1714983413,microwave drama survivors
3604,911,1,1720120774,carpool gang for life
3605,675,7,1732627827,gym buddies since forever
3606,1,2,1738642728,bonded over terrible coffee
3607,129,7,1712188897,snack drawer raiding partners
3608,835,3,1722203292,microwave drama survivors
3609,543,5,1734583210,coffee machine queue besties
3610,678,5,1716875116,met debating Oxford comma use
3611,704,2,1717271432,both hate Mondays equally
3612,224,2,1728025234,deadline panic buddies forever
3613,731,19,1723916609,microwave drama survivors
3614,650,3,1714554091,elevator small talk champions
3615,120,6,1719785824,carpool gang for life
3616,228,8,1736518784,deadline panic buddies forever
3617,916,13,1713715901,microwave drama survivors
3618,505,9,1737071277,witnessed the printer jam incident
3619,847,3,1730203470,escape room teammates forever
3620,644,4,1731819914,gym buddies since forever
3621,148,2,1731293747,share memes at 3am regularly
3622,437,2,1724225332,met at work event years ago
3623,649,19,1707788840,survived same boring meeting
3624,588,2,1736368795,carpool gang for life
3625,325,2,1717425420,gym buddies since forever
3626,908,2,1711001515,snack drawer raiding partners
3627,502,2,1726237133,met debating Oxford comma use
3628,119,8,1710814517,met at work event years ago
3629,26,6,1721664279,microwave drama survivors
3630,926,8,1707653912,snack drawer raiding partners
3631,82,12,1711229031,gym buddies since forever
3632,997,3,1710022609,reply-all incident support group
3633,399,5,1709142753,parking spot nemesis turned friend
3634,269,1,1731168439,old friends from college days
3635,997,6,1732155236,gym buddies since forever
3636,721,54,1725444380,bonded over terrible coffee
3637,406,7,1738231058,deadline panic buddies forever
3638,939,25,1731091279,zoom background critics society
3639,14,5,1730000668,elevator small talk champions
3640,984,5,1729094182,deadline panic buddies forever
3641,929,2,1711757531,accidentally wore same outfit once
3642,336,3,1729717411,old friends from college days
3643,401,8,1718163628,carpool gang for life
3644,966,3,1730932341,zoom background critics society
3645,425,9,1732066866,both hate Mondays equally
3646,321,5,1735226342,witnessed the printer jam incident
3647,148,45,1726111437,microwave drama survivors
3648,995,16,1712335991,gym buddies since forever
3649,485,19,1735078009,snack drawer raiding partners
3650,791,9,1715922379,coffee machine queue besties
3651,36,16,1720097024,both hate Mondays equally
3652,199,9,1727208300,survived same boring meeting
3653,596,2,1736807810,carpool gang for life
3654,455,3,1732960633,share memes at 3am regularly
3655,190,3,1712651395,coffee machine queue besties
3656,966,6,1716778132,old friends from college days
3657,195,116,1715615115,bonded over terrible coffee
3658,360,11,1732774761,share memes at 3am regularly
3659,98,27,1727918824,met debating Oxford comma use
3660,615,6,1734130619,parking spot nemesis turned friend
3661,763,6,1717026107,parking spot nemesis turned friend
3662,431,2,1716888650,old friends from college days
3663,114,4,1707710556,met debating Oxford comma use
3664,260,3,1718843362,microwave drama survivors
3665,743,4,1722281873,escape room teammates forever
3666,640,3,1718598414,argued about pizza toppings
3667,115,2,1720897596,old friends from college days
3668,868,5,1732025083,neighbors who share wifi password
3669,774,3,1737202893,escape room teammates forever
3670,884,16,1708367165,carpool gang for life
3671,755,7,1729229493,snack drawer raiding partners
3672,257,5,1716522127,parking spot nemesis turned friend
3673,491,8,1716933164,witnessed the printer jam incident
3674,443,4,1733560474,zoom background critics society
3675,382,2,1726835258,old friends from college days
3676,308,3,1710918615,share memes at 3am regularly
3677,877,5,1712639090,met at work event years ago
3678,870,2,1721428824,neighbors who share wifi password
3679,855,3,1731670782,accidentally wore same outfit once
3680,565,10,1738575119,reply-all incident support group
3681,756,6,1731562305,zoom background critics society
3682,622,55,1735753167,escape room teammates forever
3683,770,12,1722650138,escape room teammates forever
3684,823,3,1712670694,both hate Mondays equally
3685,988,2,1717866337,gym buddies since forever
3686,188,2,1725722533,escape room teammates forever
3687,609,3,1718203167,met debating Oxford comma use
3688,471,8,1738530521,carpool gang for life
3689,237,4,1730128580,accidentally wore same outfit once
3690,573,6,1728629480,survived same boring meeting
3691,790,7,1716627165,microwave drama survivors
3692,937,9,1724648811,both hate Mondays equally
3693,722,7,1723882794,snack drawer raiding partners
3694,578,33,1730380625,parking spot nemesis turned friend
3695,820,3,1737848215,carpool gang for life
3696,958,6,1710451609,microwave drama survivors
3697,517,2,1708585383,both hate Mondays equally
3698,693,19,1708724754,plants dying together club
3699,645,36,1708045355,microwave drama survivors
3700,781,6,1720356375,neighbors who share wifi password
3701,382,18,1730221404,zoom background critics society
3702,54,26,1720238427,old friends from college days
3703,283,5,1714874597,coffee machine queue besties
3704,368,7,1721201690,snack drawer raiding partners
3705,718,3,1732581983,witnessed the printer jam incident
3706,60,53,1721830915,carpool gang for life
3707,645,3,1728408889,survived same boring meeting
3708,784,5,1734217370,share memes at 3am regularly
3709,528,5,1714547140,escape room teammates forever
3710,153,7,1716117106,zoom background critics society
3711,101,2,1738469015,bonded over terrible coffee
3712,108,231,1738412853,old friends from college days
3713,205,4,1729577858,carpool gang for life
3714,42,545,1739063146,argued about pizza toppings
3715,836,3,1730487727,argued about pizza toppings
3716,780,3,1731424411,microwave drama survivors
3717,231,6,1739100702,neighbors who share wifi password
3718,19,2,1723300909,survived same boring meeting
3719,427,3,1707663135,plants dying together club
3720,809,8,1729087238,reply-all incident support group
3721,768,3,1708671448,met at work event years ago
3722,25,2,1724459115,old friends from college days
3723,987,7,1736569211,met debating Oxford comma use
3724,85,2,1729604539,deadline panic buddies forever
3725,891,3,1711233262,parking spot nemesis turned friend
3726,889,4,1734085356,parking spot nemesis turned friend
3727,667,13,1718635361,neighbors who share wifi password
3728,882,6,1730103171,share memes at 3am regularly
3729,530,2,1716023889,met debating Oxford comma use
3730,297,2,1725011285,microwave drama survivors
3731,965,21,1720488270,snack drawer raiding partners
3732,401,4,1723309679,bonded over terrible coffee
3733,222,2,1731474773,met at work event years ago
3734,257,4,1721464632,witnessed the printer jam incident
3735,711,5,1725053860,share memes at 3am regularly
3736,669,4,1709210413,accidentally wore same outfit once
3737,389,2,1717706959,escape room teammates forever
3738,355,17,1724927749,reply-all incident support group
3739,312,5,1719008867,accidentally wore same outfit once
3740,603,6,1723724844,elevator small talk champions
3741,481,8,1711329920,snack drawer raiding partners
3742,897,5,1735488826,argued about pizza toppings
3743,259,5,1724147574,neighbors who share wifi password
3744,464,2,1710776902,coffee machine queue besties
3745,775,2,1733098024,old friends from college days
3746,946,6,1730490690,witnessed the printer jam incident
3747,804,28,1733874030,microwave drama survivors
3748,397,7,1721802459,parking spot nemesis turned friend
3749,874,3,1726998361,gym buddies since forever
3750,739,4,1726076275,microwave drama survivors
3751,17,4,1719079672,carpool gang for life
3752,180,2,1720667811,witnessed the printer jam incident
3753,101,6,1713484433,gym buddies since forever
3754,422,11,1708390319,parking spot nemesis turned friend
3755,969,11,1734727813,snack drawer raiding partners
3756,258,6,1708151726,survived same boring meeting
3757,527,4,1712716917,survived same boring meeting
3758,827,113,1711462068,survived same boring meeting
3759,217,2,1726753243,parking spot nemesis turned friend
3760,258,2,1722093911,reply-all incident support group
3761,50,2,1715047162,elevator small talk champions
3762,754,2,1732097945,both hate Mondays equally
3763,995,3,1722110581,elevator small talk champions
3764,481,2,1722683080,coffee machine queue besties
3765,809,4,1722003606,escape room teammates forever
3766,627,2,1738720085,bonded over terrible coffee
3767,34,2,1724909573,neighbors who share wifi password
3768,138,4,1730959208,deadline panic buddies forever
3769,242,637,1720127037,reply-all incident support group
3770,780,6,1721985204,gym buddies since forever
3771,766,2,1721277875,elevator small talk champions
3772,941,3,1721954385,accidentally wore same outfit once
3773,575,5,1714124993,carpool gang for life
3774,58,2,1715594680,microwave drama survivors
3775,489,4,1726618288,old friends from college days
3776,677,3,1735106835,gym buddies since forever
3777,489,33,1727372752,snack drawer raiding partners
3778,6,2,1718162979,met at work event years ago
3779,787,6,1713285634,both hate Mondays equally
3780,513,4,1714835296,deadline panic buddies forever
3781,578,2,1715847162,escape room teammates forever
3782,612,2,1716146676,bonded over terrible coffee
3783,169,3,1723161143,gym buddies since forever
3784,36,4,1738010792,share memes at 3am regularly
3785,649,37,1731667126,zoom background critics society
3786,786,9,1720395761,carpool gang for life
3787,677,5,1729455983,met debating Oxford comma use
3788,204,12,1720316310,witnessed the printer jam incident
3789,196,6,1723207551,accidentally wore same outfit once
3790,822,3,1713292082,snack drawer raiding partners
3791,456,395,1721380767,snack drawer raiding partners
3792,593,4,1725135166,old friends from college days
3793,431,30,1734348132,gym buddies since forever
3794,803,38,1715451993,survived same boring meeting
3795,439,11,1713640880,both hate Mondays equally
3796,658,2,1721147273,gym buddies since forever
3797,898,3,1730586015,coffee machine queue besties
3798,122,2,1716011756,old friends from college days
3799,445,2,1725567013,share memes at 3am regularly
3800,288,2,1729098635,neighbors who share wifi password
3801,457,88,1724026724,neighbors who share wifi password
3802,770,6,1733556965,coffee machine queue besties
3803,431,3,1724825908,old friends from college days
3804,697,13,1736596220,old friends from college days
3805,549,5,1723827843,snack drawer raiding partners
3806,316,4,1732268177,met at work event years ago
3807,317,11,1726504806,elevator small talk champions
3808,739,7,1710033925,witnessed the printer jam incident
3809,897,4,1716964835,survived same boring meeting
3810,709,63,1732559649,old friends from college days
3811,452,3,1729490831,argued about pizza toppings
3812,545,47,1727734375,accidentally wore same outfit once
3813,380,4,1735253212,coffee machine queue besties
3814,404,4,1733750968,old friends from college days
3815,80,4,1730472506,plants dying together club
3816,661,54,1718230367,old friends from college days
3817,800,2,1730308702,accidentally wore same outfit once
3818,295,12,1719633468,carpool gang for life
3819,583,23,1708566699,microwave drama survivors
3820,791,3,1718655608,microwave drama survivors
3821,347,2,1714169654,microwave drama survivors
3822,49,3,1709474078,bonded over terrible coffee
3823,685,11,1720500094,neighbors who share wifi password
3824,765,3,1707827567,old friends from college days
3825,186,95,1714470268,bonded over terrible coffee
3826,159,4,1730361135,coffee machine queue besties
3827,776,3,1727901218,argued about pizza toppings
3828,494,3,1725356018,snack drawer raiding partners
3829,825,9,1711904520,bonded over terrible coffee
3830,999,2,1709011132,zoom background critics society
3831,240,5,1714962162,witnessed the printer jam incident
3832,310,3,1721028250,parking spot nemesis turned friend
3833,95,12,1729767395,witnessed the printer jam incident
3834,577,2,1717892653,microwave drama survivors
3835,924,9,1720498722,old friends from college days
3836,829,8,1733195506,microwave drama survivors
3837,227,2,1728965118,old friends from college days
3838,940,12,1732777456,deadline panic buddies forever
3839,330,71,1707927130,coffee machine queue besties
3840,620,2,1733937478,microwave drama survivors
3841,630,3,1734047664,share memes at 3am regularly
3842,248,4,1723532263,old friends from college days
3843,492,3,1734746402,witnessed the printer jam incident
3844,184,2,1724708483,met debating Oxford comma use
3845,806,2,1728963534,reply-all incident support group
3846,677,2,1717215953,met debating Oxford comma use
3847,504,3,1712121207,microwave drama survivors
3848,312,11,1733958796,argued about pizza toppings
3849,560,12,1732770459,deadline panic buddies forever
3850,521,3,1721111298,witnessed the printer jam incident
3851,767,5,1731805781,zoom background critics society
3852,491,2,1724920988,both hate Mondays equally
3853,323,3,1726472771,bonded over terrible coffee
3854,710,3,1710044778,both hate Mondays equally
3855,610,2,1718730004,elevator small talk champions
3856,561,3,1716444855,escape room teammates forever
3857,131,42,1725652158,carpool gang for life
3858,605,2,1723994618,share memes at 3am regularly
3859,712,40,1733638532,witnessed the printer jam incident
3860,424,6,1735338643,met at work event years ago
3861,607,144,1711110193,escape room teammates forever
3862,295,8,1717956026,escape room teammates forever
3863,503,2,1715426348,accidentally wore same outfit once
3864,520,13,1708548836,survived same boring meeting
3865,499,4,1717632780,zoom background critics society
3866,697,3,1721575948,met at work event years ago
3867,559,251,1729690296,parking spot nemesis turned friend
3868,100,7,1735363443,old friends from college days
3869,28,6,1728447131,zoom background critics society
3870,399,2,1725477344,zoom background critics society
3871,816,34,1720145330,bonded over terrible coffee
3872,433,6,1711667758,microwave drama survivors
3873,899,116,1718078842,gym buddies since forever
3874,119,3,1734622621,met debating Oxford comma use
3875,222,3,1722881841,snack drawer raiding partners
3876,222,9,1723397229,coffee machine queue besties
3877,918,8,1709562705,accidentally wore same outfit once
3878,555,2,1732696697,bonded over terrible coffee
3879,603,4,1711783580,argued about pizza toppings
3880,175,3,1720535111,zoom background critics society
3881,688,2,1715504747,plants dying together club
3882,860,15,1732373878,met at work event years ago
3883,630,5,1718784422,argued about pizza toppings
3884,656,3,1717195339,escape room teammates forever
3885,207,11,1731293949,neighbors who share wifi password
3886,527,2,1722560735,gym buddies since forever
3887,300,6,1713611433,plants dying together club
3888,828,2,1723144977,snack drawer raiding partners
3889,370,2,1733525628,deadline panic buddies forever
3890,215,45,1733702530,argued about pizza toppings
3891,339,3,1710691449,zoom background critics society
3892,763,2,1719166768,old friends from college days
3893,904,2,1723105009,bonded over terrible coffee
3894,254,3,1722164422,bonded over terrible coffee
3895,477,2,1724054377,zoom background critics society
3896,371,8,1728451734,microwave drama survivors
3897,950,4,1711506469,met at work event years ago
3898,510,5,1726960424,bonded over terrible coffee
3899,892,2,1735729984,escape room teammates forever
3900,115,5,1715409669,argued about pizza toppings
3901,332,6,1708548893,met debating Oxford comma use
3902,155,2,1713114216,reply-all incident support group
3903,932,5,1738838559,reply-all incident support group
3904,187,3,1723407623,old friends from college days
3905,230,3,1722244586,zoom background critics society
3906,851,10,1711965280,snack drawer raiding partners
3907,738,2,1719056340,elevator small talk champions
3908,840,2,1738870112,microwave drama survivors
3909,965,10,1724088774,met at work event years ago
3910,602,2,1727628663,deadline panic buddies forever
3911,232,3,1734282836,zoom background critics society
3912,824,43,1708592105,accidentally wore same outfit once
3913,161,3,1737104535,survived same boring meeting
3914,762,4,1737432109,deadline panic buddies forever
3915,17,2,1730610914,survived same boring meeting
3916,202,5,1735765613,survived same boring meeting
3917,559,3,1725109968,accidentally wore same outfit once
3918,469,30,1724467457,deadline panic buddies forever
3919,817,3,1731878143,neighbors who share wifi password
3920,116,3,1733605713,deadline panic buddies forever
3921,517,8,1723351620,argued about pizza toppings
3922,427,28,1713796374,reply-all incident support group
3923,519,13,1720076960,plants dying together club
3924,458,9,1734536331,bonded over terrible coffee
3925,118,4,1736060491,carpool gang for life
3926,469,3,1708116239,coffee machine queue besties
3927,40,32,1734659191,survived same boring meeting
3928,553,3,1714989252,escape room teammates forever
3929,142,5,1718919062,argued about pizza toppings
3930,817,8,1732551921,both hate Mondays equally
3931,851,2,1732868705,met debating Oxford comma use
3932,824,4,1733341311,met debating Oxford comma use
3933,486,2,1708566683,carpool gang for life
3934,238,20,1731686506,elevator small talk champions
3935,669,60,1723399753,neighbors who share wifi password
3936,187,2,1723683238,reply-all incident support group
3937,651,5,1720030618,escape room teammates forever
3938,579,5,1733724694,plants dying together club
3939,54,5,1718752236,met debating Oxford comma use
3940,194,13,1713227979,carpool gang for life
3941,86,4,1718100867,parking spot nemesis turned friend
3942,308,14,1716046908,met at work event years ago
3943,85,5,1737462347,old friends from college days
3944,821,11,1716413237,elevator small talk champions
3945,651,3,1726993060,plants dying together club
3946,497,19,1727818808,survived same boring meeting
3947,557,2,1721289757,gym buddies since forever
3948,356,17,1735232363,escape room teammates forever
3949,725,3,1721714064,coffee machine queue besties
3950,56,22,1714724410,deadline panic buddies forever
3951,827,3,1712737936,deadline panic buddies forever
3952,6,4,1731839941,escape room teammates forever
3953,449,15,1726695521,survived same boring meeting
3954,774,2,1737174902,met debating Oxford comma use
3955,810,3,1734559513,coffee machine queue besties
3956,888,4,1711298557,survived same boring meeting
3957,842,3,1724932290,plants dying together club
3958,189,6,1709958236,met debating Oxford comma use
3959,135,8,1707903060,witnessed the printer jam incident
3960,588,29,1724086476,accidentally wore same outfit once
3961,171,3,1733986444,bonded over terrible coffee
3962,408,5,1718206401,reply-all incident support group
3963,650,26,1707985724,elevator small talk champions
3964,617,11,1736464839,share memes at 3am regularly
3965,799,5,1720333829,reply-all incident support group
3966,407,3,1720782606,coffee machine queue besties
3967,749,4,1707867933,zoom background critics society
3968,629,3,1738942160,old friends from college days
3969,368,6,1714299915,reply-all incident support group
3970,766,6,1731929805,deadline panic buddies forever
3971,899,6,1710121131,plants dying together club
3972,907,5,1733644999,zoom background critics society
3973,29,4,1717526741,argued about pizza toppings
3974,536,4,1737701335,gym buddies since forever
3975,977,3,1714160765,share memes at 3am regularly
3976,534,5,1708920304,both hate Mondays equally
3977,317,5,1731682320,bonded over terrible coffee
3978,66,10,1728835833,survived same boring meeting
3979,535,7,1718424306,bonded over terrible coffee
3980,662,12,1716277532,neighbors who share wifi password
3981,587,10,1736815209,both hate Mondays equally
3982,174,9,1709667890,snack drawer raiding partners
3983,507,13,1708174655,both hate Mondays equally
3984,533,307,1720649797,snack drawer raiding partners
3985,39,40,1720370732,plants dying together club
3986,289,7,1728935604,accidentally wore same outfit once
3987,528,2,1726532332,survived same boring meeting
3988,159,7,1736725317,accidentally wore same outfit once
3989,901,8,1712915079,snack drawer raiding partners
3990,974,3,1721336747,argued about pizza toppings
3991,225,5,1714119112,carpool gang for life
3992,965,8,1734917403,escape room teammates forever
3993,651,4,1717105263,coffee machine queue besties
3994,46,7,1717789022,microwave drama survivors
3995,646,3,1721339837,met at work event years ago
3996,544,4,1715518367,microwave drama survivors
3997,115,11,1735819137,argued about pizza toppings
3998,690,5,1711967470,snack drawer raiding partners
3999,596,3,1728598333,witnessed the printer jam incident
4000,470,4,1736378393,reply-all incident support group
4001,805,5,1712693127,both hate Mondays equally
4002,650,19,1709175085,zoom background critics society
4003,561,5,1722359772,plants dying together club
4004,305,4,1734969011,escape room teammates forever
4005,415,4,1712017235,met at work event years ago
4006,763,13,1728744266,snack drawer raiding partners
4007,683,6,1710339271,survived same boring meeting
4008,224,3,1737291326,deadline panic buddies forever
4009,710,5,1717573409,plants dying together club
4010,454,4,1718545045,survived same boring meeting
4011,655,2,1725348166,survived same boring meeting
4012,647,13,1710359560,neighbors who share wifi password
4013,389,8,1734046107,both hate Mondays equally
4014,739,2,1716927505,coffee machine queue besties
4015,385,4,1709620997,survived same boring meeting
4016,433,4,1738180505,accidentally wore same outfit once
4017,913,4,1720406226,snack drawer raiding partners
4018,645,15,1709026599,accidentally wore same outfit once
4019,771,3,1717047760,share memes at 3am regularly
4020,71,2,1709551821,carpool gang for life
4021,45,4,1712211473,met at work event years ago
4022,204,2,1709632571,coffee machine queue besties
4023,860,4,1730708680,share memes at 3am regularly
4024,133,18,1712354433,zoom background critics society
4025,991,4,1709507140,microwave drama survivors
4026,902,2,1731283351,deadline panic buddies forever
4027,82,6,1738432023,coffee machine queue besties
4028,656,4,1708002298,bonded over terrible coffee
4029,132,68,1707922463,neighbors who share wifi password
4030,139,6,1718075768,snack drawer raiding partners
4031,968,5,1729180093,share memes at 3am regularly
4032,103,3,1708905319,survived same boring meeting
4033,351,19,1726790903,deadline panic buddies forever
4034,718,5,1733929565,deadline panic buddies forever
4035,258,13,1738939498,survived same boring meeting
4036,823,8,1721819004,survived same boring meeting
4037,503,6,1708356773,accidentally wore same outfit once
4038,133,5,1713517041,both hate Mondays equally
4039,474,2,1732524709,snack drawer raiding partners
4040,642,2,1730871539,carpool gang for life
4041,659,7,1728005088,witnessed the printer jam incident
4042,303,5,1728071792,gym buddies since forever
4043,184,6,1714889660,witnessed the printer jam incident
4044,826,5,1710307470,zoom background critics society
4045,617,7,1715208451,coffee machine queue besties
4046,453,2,1715838009,zoom background critics society
4047,782,2,1729737601,escape room teammates forever
4048,614,4,1723254277,deadline panic buddies forever
4049,215,7,1735637367,survived same boring meeting
4050,757,13,1710809040,coffee machine queue besties
4051,477,41,1725967500,zoom background critics society
4052,495,3,1718714446,coffee machine queue besties
4053,303,9,1726851007,parking spot nemesis turned friend
4054,520,31,1719224184,bonded over terrible coffee
4055,681,3,1734383191,deadline panic buddies forever
4056,236,3,1732003700,elevator small talk champions
4057,884,2,1727287522,accidentally wore same outfit once
4058,310,6,1738426127,reply-all incident support group
4059,945,8,1723342404,neighbors who share wifi password
4060,612,5,1724525030,gym buddies since forever
4061,466,2,1734241642,survived same boring meeting
4062,647,2,1731352274,parking spot nemesis turned friend
4063,695,23,1730129460,bonded over terrible coffee
4064,834,8,1739129918,escape room teammates forever
4065,441,2,1712372252,parking spot nemesis turned friend
4066,472,19,1728960587,accidentally wore same outfit once
4067,28,3,1713581834,accidentally wore same outfit once
4068,755,23,1711844806,parking spot nemesis turned friend
4069,534,3,1736589790,deadline panic buddies forever
4070,99,3,1733807497,share memes at 3am regularly
4071,490,6,1714199796,gym buddies since forever
4072,324,5,1733556930,parking spot nemesis turned friend
4073,790,3,1710148774,deadline panic buddies forever
4074,546,7,1717541961,carpool gang for life
4075,508,3,1719570183,met debating Oxford comma use
4076,156,74,1708687439,parking spot nemesis turned friend
4077,806,3,1709144847,plants dying together club
4078,778,5,1738045817,met debating Oxford comma use
4079,724,6,1710785094,argued about pizza toppings
4080,677,4,1732311023,zoom background critics society
4081,67,57,1726788909,carpool gang for life
4082,715,29,1718272716,survived same boring meeting
4083,235,3,1727006229,share memes at 3am regularly
4084,917,5,1723866731,bonded over terrible coffee
4085,874,5,1734077462,elevator small talk champions
4086,588,3,1727595796,deadline panic buddies forever
4087,959,2,1736647773,met at work event years ago
4088,374,4,1724676843,neighbors who share wifi password
4089,759,5,1736239394,both hate Mondays equally
4090,593,3,1722463918,deadline panic buddies forever
4091,550,14,1732396438,gym buddies since forever
4092,414,3,1725488536,accidentally wore same outfit once
4093,134,11,1715684507,old friends from college days
4094,809,41,1711751837,share memes at 3am regularly
4095,219,10,1719054852,accidentally wore same outfit once
4096,289,4,1712860628,plants dying together club
4097,172,13,1735262897,bonded over terrible coffee
4098,487,3,1712494956,witnessed the printer jam incident
4099,663,5,1737761258,gym buddies since forever
4100,134,2,1710898047,met debating Oxford comma use
4101,68,29,1714881386,old friends from college days
4102,535,6,1731962054,neighbors who share wifi password
4103,773,1,1710072542,met debating Oxford comma use
4104,875,12,1709415151,microwave drama survivors
4105,968,10,1729678607,witnessed the printer jam incident
4106,616,2,1734035337,parking spot nemesis turned friend
4107,746,4,1714059612,snack drawer raiding partners
4108,853,6,1724927580,both hate Mondays equally
4109,691,3,1727756521,coffee machine queue besties
4110,360,50,1713374372,parking spot nemesis turned friend
4111,908,9,1725386740,argued about pizza toppings
4112,659,6,1721928710,met at work event years ago
4113,561,20,1734652732,met at work event years ago
4114,923,3,1732495767,microwave drama survivors
4115,999,526,1724950475,reply-all incident support group
4116,713,6,1728492969,survived same boring meeting
4117,527,5,1733004602,bonded over terrible coffee
4118,820,7,1721004716,coffee machine queue besties
4119,376,8,1734412058,parking spot nemesis turned friend
4120,746,28,1738429275,neighbors who share wifi password
4121,278,48,1713891828,gym buddies since forever
4122,574,64,1732063936,gym buddies since forever
4123,135,5,1724389520,met at work event years ago
4124,573,27,1721153086,accidentally wore same outfit once
4125,167,51,1713576075,both hate Mondays equally
4126,760,7,1724806748,bonded over terrible coffee
4127,484,3,1720957408,snack drawer raiding partners
4128,392,7,1729289137,reply-all incident support group
4129,921,3,1718198472,neighbors who share wifi password
4130,91,7,1720038051,zoom background critics society
4131,469,7,1734808717,reply-all incident support group
4132,299,5,1720882907,met debating Oxford comma use
4133,221,9,1734535806,share memes at 3am regularly
4134,57,10,1717039610,reply-all incident support group
4135,517,6,1721875220,coffee machine queue besties
4136,253,7,1726914849,coffee machine queue besties
4137,779,7,1729602597,old friends from college days
4138,308,6,1727204667,carpool gang for life
4139,773,3,1735091565,met at work event years ago
4140,300,9,1734294600,zoom background critics society
4141,636,4,1732970311,zoom background critics society
4142,487,2,1715062334,snack drawer raiding partners
4143,558,3,1715005583,accidentally wore same outfit once
4144,928,2,1711633138,snack drawer raiding partners
4145,753,2,1722079493,deadline panic buddies forever
4146,200,6,1717078649,survived same boring meeting
4147,871,5,1733934063,witnessed the printer jam incident
4148,612,3,1721369584,witnessed the printer jam incident
4149,670,8,1720501233,elevator small talk champions
4150,400,38,1717889878,deadline panic buddies forever
4151,738,3,1721807893,bonded over terrible coffee
4152,16,3,1728542356,deadline panic buddies forever
4153,619,6,1730147310,bonded over terrible coffee
4154,185,4,1721596158,elevator small talk champions
4155,136,9,1720454883,survived same boring meeting
4156,77,6,1713002415,share memes at 3am regularly
4157,788,9,1719370969,escape room teammates forever
4158,235,4,1724313030,accidentally wore same outfit once
4159,566,7,1725301054,met at work event years ago
4160,785,17,1709828781,neighbors who share wifi password
4161,526,4,1722255109,deadline panic buddies forever
4162,594,3,1733175463,escape room teammates forever
4163,820,27,1710363922,both hate Mondays equally
4164,727,7,1732600979,plants dying together club
4165,158,4,1718455008,both hate Mondays equally
4166,828,8,1726944402,reply-all incident support group
4167,22,3,1710232755,snack drawer raiding partners
4168,443,25,1726355676,gym buddies since forever
4169,909,4,1720419772,deadline panic buddies forever
4170,875,11,1707744538,survived same boring meeting
4171,883,5,1713229834,met debating Oxford comma use
4172,507,15,1735514959,witnessed the printer jam incident
4173,14,3,1731081248,accidentally wore same outfit once
4174,833,5,1720662626,escape room teammates forever
4175,532,22,1714486783,escape room teammates forever
4176,406,30,1727990802,witnessed the printer jam incident
4177,550,2,1719864784,snack drawer raiding partners
4178,894,27,1724208547,witnessed the printer jam incident
4179,154,792,1713587662,old friends from college days
4180,261,6,1715503736,carpool gang for life
4181,27,24,1715269885,parking spot nemesis turned friend
4182,717,30,1720549016,deadline panic buddies forever
4183,622,44,1718553879,coffee machine queue besties
4184,277,2,1729338230,witnessed the printer jam incident
4185,194,4,1708583033,parking spot nemesis turned friend
4186,217,5,1726423149,parking spot nemesis turned friend
4187,415,3,1719782043,met debating Oxford comma use
4188,264,14,1721624964,both hate Mondays equally
4189,991,16,1708854066,both hate Mondays equally
4190,516,6,1719148602,both hate Mondays equally
4191,726,3,1737782311,snack drawer raiding partners
4192,214,58,1724247948,share memes at 3am regularly
4193,680,8,1711664734,neighbors who share wifi password
4194,668,38,1730922418,gym buddies since forever
4195,226,6,1720103851,accidentally wore same outfit once
4196,102,4,1731715278,coffee machine queue besties
4197,205,7,1715923207,snack drawer raiding partners
4198,623,15,1734286284,both hate Mondays equally
4199,700,5,1710472908,plants dying together club
4200,237,12,1723930868,share memes at 3am regularly
4201,353,5,1726060845,zoom background critics society
4202,351,7,1724758941,deadline panic buddies forever
4203,377,4,1711719895,zoom background critics society
4204,60,3,1737919445,parking spot nemesis turned friend
4205,845,4,1726740771,carpool gang for life
4206,749,2,1721063649,zoom background critics society
4207,851,3,1721881734,met at work event years ago
4208,610,4,1722108791,plants dying together club
4209,598,3,1738559611,reply-all incident support group
4210,420,2,1724846933,met debating Oxford comma use
4211,218,4,1707730931,share memes at 3am regularly
4212,107,12,1735314710,coffee machine queue besties
4213,494,7,1715407165,elevator small talk champions
4214,12,4,1720333806,met at work event years ago
4215,900,14,1730516813,deadline panic buddies forever
4216,797,2,1708884332,coffee machine queue besties
4217,553,27,1737006222,neighbors who share wifi password
4218,861,2,1731199234,survived same boring meeting
4219,625,2,1728597029,deadline panic buddies forever
4220,602,3,1733391585,both hate Mondays equally
4221,183,2,1738690383,both hate Mondays equally
4222,233,7,1732408845,argued about pizza toppings
4223,54,6,1711525678,escape room teammates forever
4224,454,3,1726587836,carpool gang for life
4225,508,2,1728992681,escape room teammates forever
4226,623,112,1733541708,escape room teammates forever
4227,318,6,1713633222,gym buddies since forever
4228,468,2,1712908936,share memes at 3am regularly
4229,772,8,1726573649,met debating Oxford comma use
4230,434,4,1720392543,parking spot nemesis turned friend
4231,338,6,1725814722,met at work event years ago
4232,379,4,1707853961,witnessed the printer jam incident
4233,963,4,1718179421,parking spot nemesis turned friend
4234,188,6,1728204524,reply-all incident support group
4235,8,14,1710241177,met debating Oxford comma use
4236,569,2,1731243098,bonded over terrible coffee
4237,206,7,1735228516,elevator small talk champions
4238,740,5,1734839615,old friends from college days
4239,14,15,1713006866,escape room teammates forever
4240,421,20,1722970300,witnessed the printer jam incident
4241,149,27,1712571068,met at work event years ago
4242,583,16,1736987373,accidentally wore same outfit once
4243,30,6,1726938724,parking spot nemesis turned friend
4244,260,15,1708973057,escape room teammates forever
4245,572,7,1713157851,zoom background critics society
4246,634,2,1722883954,plants dying together club
4247,198,5,1729861996,elevator small talk champions
4248,306,15,1736835633,met at work event years ago
4249,192,5,1725134841,parking spot nemesis turned friend
4250,803,4,1714079920,old friends from college days
4251,954,14,1735058378,both hate Mondays equally
4252,810,4,1725488699,bonded over terrible coffee
4253,829,2,1720915996,bonded over terrible coffee
4254,616,12,1711966922,microwave drama survivors
4255,394,907,1730414243,bonded over terrible coffee
4256,11,2,1722295767,argued about pizza toppings
4257,279,8,1722064565,argued about pizza toppings
4258,497,7,1736597723,met at work event years ago
4259,861,39,1718732056,reply-all incident support group
4260,45,252,1729168301,both hate Mondays equally
4261,867,3,1721395682,accidentally wore same outfit once
4262,438,5,1739030186,gym buddies since forever
4263,794,5,1728083671,zoom background critics society
4264,500,7,1712789836,met at work event years ago
4265,466,44,1713357350,microwave drama survivors
4266,324,3,1716217813,gym buddies since forever
4267,426,33,1722228143,share memes at 3am regularly
4268,189,48,1708205625,witnessed the printer jam incident
4269,72,7,1714947158,zoom background critics society
4270,431,5,1734779830,zoom background critics society
4271,520,10,1707874176,gym buddies since forever
4272,372,26,1731960578,met debating Oxford comma use
4273,673,95,1722961100,gym buddies since forever
4274,51,57,1726932161,escape room teammates forever
4275,667,56,1724336899,reply-all incident support group
4276,384,18,1720751598,zoom background critics society
4277,469,4,1723469540,both hate Mondays equally
4278,950,183,1732816621,both hate Mondays equally
4279,42,2,1727161329,deadline panic buddies forever
4280,542,3,1728574310,gym buddies since forever
4281,2,30,1710451319,deadline panic buddies forever
4282,286,3,1724673192,both hate Mondays equally
4283,493,47,1731602974,microwave drama survivors
4284,213,14,1711451835,reply-all incident support group
4285,947,4,1735240431,escape room teammates forever
4286,405,10,1728492116,carpool gang for life
4287,384,3,1710887098,microwave drama survivors
4288,632,2,1731911668,accidentally wore same outfit once
4289,547,5,1732074820,plants dying together club
4290,80,2,1721144908,parking spot nemesis turned friend
4291,296,2,1728541119,both hate Mondays equally
4292,48,3,1722815322,snack drawer raiding partners
4293,436,5,1713851519,microwave drama survivors
4294,459,33,1724407991,argued about pizza toppings
4295,87,3,1721043114,plants dying together club
4296,596,4,1721040905,both hate Mondays equally
4297,912,9,1710294073,both hate Mondays equally
4298,660,14,1713340600,zoom background critics society
4299,547,56,1735108069,microwave drama survivors
4300,455,2,1715027569,argued about pizza toppings
4301,292,6,1708543374,met debating Oxford comma use
4302,830,2,1727546338,parking spot nemesis turned friend
4303,518,8,1732441350,witnessed the printer jam incident
4304,795,3,1728548873,both hate Mondays equally
4305,507,21,1708032942,survived same boring meeting
4306,393,27,1733791483,gym buddies since forever
4307,228,28,1713477035,parking spot nemesis turned friend
4308,813,51,1722368106,argued about pizza toppings
4309,195,5,1726429301,met at work event years ago
4310,905,23,1711684235,elevator small talk champions
4311,799,38,1728806250,deadline panic buddies forever
4312,549,17,1729402220,coffee machine queue besties
4313,736,4,1737188143,zoom background critics society
4314,876,9,1734762413,deadline panic buddies forever
4315,399,20,1719042070,met at work event years ago
4316,150,3,1725924008,snack drawer raiding partners
4317,629,21,1725447015,zoom background critics society
4318,973,3,1722360376,snack drawer raiding partners
4319,168,2,1725443797,argued about pizza toppings
4320,141,3,1719746886,snack drawer raiding partners
4321,581,5,1710778266,plants dying together club
4322,396,19,1731005372,met debating Oxford comma use
4323,765,6,1708091175,carpool gang for life
4324,407,173,1727753057,escape room teammates forever
4325,645,6,1717881353,reply-all incident support group
4326,760,5,1733671299,neighbors who share wifi password
4327,636,5,1733204249,zoom background critics society
4328,839,26,1712497553,carpool gang for life
4329,591,3,1719670821,deadline panic buddies forever
4330,272,4,1716109560,zoom background critics society
4331,669,6,1720412707,share memes at 3am regularly
4332,418,6,1711616445,coffee machine queue besties
4333,801,5,1727423301,accidentally wore same outfit once
4334,876,12,1728486718,share memes at 3am regularly
4335,145,4,1718254664,parking spot nemesis turned friend
4336,909,10,1722613624,plants dying together club
4337,758,11,1717879792,bonded over terrible coffee
4338,39,8,1717396663,bonded over terrible coffee
4339,554,15,1727928295,elevator small talk champions
4340,147,6,1714693185,microwave drama survivors
4341,679,4,1731930864,snack drawer raiding partners
4342,755,4,1729142137,parking spot nemesis turned friend
4343,331,3,1734781318,snack drawer raiding partners
4344,857,8,1738340911,deadline panic buddies forever
4345,346,2,1716843555,microwave drama survivors
4346,426,2,1715708212,share memes at 3am regularly
4347,301,4,1730401357,elevator small talk champions
4348,376,3,1725115605,snack drawer raiding partners
4349,147,4,1711932261,neighbors who share wifi password
4350,287,5,1730844782,old friends from college days
4351,250,10,1713493356,survived same boring meeting
4352,538,89,1727860458,share memes at 3am regularly
4353,264,9,1738833390,escape room teammates forever
4354,526,6,1736063694,old friends from college days
4355,109,2,1719248507,deadline panic buddies forever
4356,509,47,1711286099,carpool gang for life
4357,235,8,1722006233,survived same boring meeting
4358,921,17,1733045267,neighbors who share wifi password
4359,974,4,1732081801,survived same boring meeting
4360,590,21,1718837051,parking spot nemesis turned friend
4361,195,3,1733083557,escape room teammates forever
4362,560,4,1728342629,neighbors who share wifi password
4363,672,12,1725017657,carpool gang for life
4364,51,8,1716262965,survived same boring meeting
4365,365,6,1715094571,witnessed the printer jam incident
4366,581,3,1723321514,elevator small talk champions
4367,406,38,1721798348,deadline panic buddies forever
4368,219,5,1709742257,accidentally wore same outfit once
4369,144,2,1713363417,met debating Oxford comma use
4370,693,3,1730301040,deadline panic buddies forever
4371,675,16,1725946191,both hate Mondays equally
4372,198,3,1725870292,met at work event years ago
4373,778,22,1728438065,met at work event years ago
4374,188,3,1737617649,both hate Mondays equally
4375,306,3,1711342021,accidentally wore same outfit once
4376,383,3,1721424873,met at work event years ago
4377,166,6,1715786273,witnessed the printer jam incident
4378,84,10,1710767412,deadline panic buddies forever
4379,478,6,1724651977,microwave drama survivors
4380,671,39,1730272880,reply-all incident support group
4381,394,3,1708505607,old friends from college days
4382,348,2,1715062020,both hate Mondays equally
4383,22,2,1711072632,met at work event years ago
4384,702,5,1715710495,bonded over terrible coffee
4385,117,5,1725705926,plants dying together club
4386,101,5,1720342597,met debating Oxford comma use
4387,793,3,1737543826,witnessed the printer jam incident
4388,9,3,1735139072,old friends from college days
4389,960,4,1735800990,accidentally wore same outfit once
4390,459,10,1732709502,share memes at 3am regularly
4391,364,18,1710866873,met debating Oxford comma use
4392,503,10,1711771775,neighbors who share wifi password
4393,150,2,1731697980,escape room teammates forever
4394,491,7,1714983364,deadline panic buddies forever
4395,31,2,1721266768,zoom background critics society
4396,243,5,1733691934,share memes at 3am regularly
4397,157,4,1728683845,plants dying together club
4398,824,2,1715443272,met debating Oxford comma use
4399,571,7,1714211655,neighbors who share wifi password
4400,764,18,1732653702,met at work event years ago
4401,616,4,1718041292,accidentally wore same outfit once
4402,62,5,1731240036,reply-all incident support group
4403,391,3,1728488845,zoom background critics society
4404,482,5,1724661032,met at work event years ago
4405,95,3,1715327424,parking spot nemesis turned friend
4406,560,29,1730676422,met debating Oxford comma use
4407,391,2,1727113851,carpool gang for life
4408,912,72,1725261616,elevator small talk champions
4409,191,28,1739095919,microwave drama survivors
4410,867,5,1725772346,reply-all incident support group
4411,19,4,1724495347,witnessed the printer jam incident
4412,340,2,1729517695,survived same boring meeting
4413,40,2,1719634875,bonded over terrible coffee
4414,829,5,1714463394,deadline panic buddies forever
4415,998,2,1726136909,share memes at 3am regularly
4416,571,127,1715417242,carpool gang for life
4417,953,32,1719315736,deadline panic buddies forever
4418,319,4,1728994282,elevator small talk champions
4419,276,202,1731001425,argued about pizza toppings
4420,726,5,1716252989,both hate Mondays equally
4421,374,9,1707875919,parking spot nemesis turned friend
4422,868,7,1711930442,old friends from college days
4423,193,7,1732407922,microwave drama survivors
4424,472,24,1709374522,bonded over terrible coffee
4425,730,26,1730542792,survived same boring meeting
4426,740,12,1725666188,argued about pizza toppings
4427,88,10,1711879551,zoom background critics society
4428,916,6,1715382100,zoom background critics society
4429,15,3,1724107888,neighbors who share wifi password
4430,445,6,1725393916,zoom background critics society
4431,816,4,1738088891,parking spot nemesis turned friend
4432,262,21,1728437930,snack drawer raiding partners
4433,944,3,1710665054,escape room teammates forever
4434,63,4,1733628867,zoom background critics society
4435,560,3,1720386338,gym buddies since forever
4436,724,3,1730348746,microwave drama survivors
4437,913,7,1736568666,survived same boring meeting
4438,36,7,1719517758,both hate Mondays equally
4439,965,5,1733334448,argued about pizza toppings
4440,922,6,1724052788,witnessed the printer jam incident
4441,804,2,1713571141,reply-all incident support group
4442,807,3,1735781267,share memes at 3am regularly
4443,196,53,1737618749,both hate Mondays equally
4444,632,20,1708585852,microwave drama survivors
4445,104,16,1720873492,elevator small talk champions
4446,393,3,1729210135,parking spot nemesis turned friend
4447,852,6,1719600490,accidentally wore same outfit once
4448,889,3,1715218110,both hate Mondays equally
4449,397,56,1729449862,zoom background critics society
4450,222,365,1728095410,deadline panic buddies forever
4451,615,11,1720977793,accidentally wore same outfit once
4452,79,7,1722237862,witnessed the printer jam incident
4453,269,2,1726240987,coffee machine queue besties
4454,518,4,1730567931,carpool gang for life
4455,386,12,1718258493,witnessed the printer jam incident
4456,350,24,1735750091,survived same boring meeting
4457,944,2,1738361062,share memes at 3am regularly
4458,951,3,1719049585,carpool gang for life
4459,265,6,1736694873,escape room teammates forever
4460,987,4,1733671477,argued about pizza toppings
4461,388,14,1734539977,zoom background critics society
4462,648,6,1709956058,coffee machine queue besties
4463,373,3,1708443797,witnessed the printer jam incident
4464,320,3,1713102828,reply-all incident support group
4465,643,3,1726987849,snack drawer raiding partners
4466,790,4,1717891763,accidentally wore same outfit once
4467,415,11,1711686636,accidentally wore same outfit once
4468,920,4,1724779555,met at work event years ago
4469,143,3,1730572395,bonded over terrible coffee
4470,179,14,1729640441,zoom background critics society
4471,911,2,1713631479,deadline panic buddies forever
4472,674,7,1722003881,coffee machine queue besties
4473,504,2,1736007227,old friends from college days
4474,650,25,1717347937,old friends from college days
4475,844,5,1731066085,reply-all incident support group
4476,476,2,1717915971,met debating Oxford comma use
4477,561,61,1735254301,coffee machine queue besties
4478,624,3,1724348536,snack drawer raiding partners
4479,838,7,1731147428,snack drawer raiding partners
4480,798,23,1722883277,share memes at 3am regularly
4481,754,4,1717341032,neighbors who share wifi password
4482,788,5,1736424862,gym buddies since forever
4483,832,9,1729012783,both hate Mondays equally
4484,652,18,1712566892,reply-all incident support group
4485,583,4,1724612090,microwave drama survivors
4486,577,14,1710235366,carpool gang for life
4487,28,11,1736396855,plants dying together club
4488,95,8,1711054126,plants dying together club
4489,761,2,1736843687,carpool gang for life
4490,51,2,1731406516,coffee machine queue besties
4491,564,5,1717198623,met at work event years ago
4492,153,2,1718995870,share memes at 3am regularly
4493,578,3,1728074401,met debating Oxford comma use
4494,559,16,1730497393,met at work event years ago
4495,88,2,1728324186,met at work event years ago
4496,551,3,1719708418,share memes at 3am regularly
4497,810,5,1712318517,zoom background critics society
4498,385,2,1731695620,both hate Mondays equally
4499,609,46,1730584077,met debating Oxford comma use
4500,372,7,1724596070,microwave drama survivors
4501,777,2,1728080027,witnessed the printer jam incident
4502,929,16,1733278691,witnessed the printer jam incident
4503,643,2,1723542441,bonded over terrible coffee
4504,146,264,1720251334,old friends from college days
4505,696,2,1736769095,deadline panic buddies forever
4506,31,6,1724039252,gym buddies since forever
4507,700,38,1713782917,old friends from college days
4508,316,17,1723763081,deadline panic buddies forever
4509,845,6,1735474851,escape room teammates forever
4510,381,4,1725494716,survived same boring meeting
4511,348,4,1735240256,survived same boring meeting
4512,34,5,1737846248,deadline panic buddies forever
4513,963,3,1714931641,neighbors who share wifi password
4514,686,17,1713774766,bonded over terrible coffee
4515,109,11,1730033273,met at work event years ago
4516,59,4,1709752565,old friends from college days
4517,617,32,1726306971,deadline panic buddies forever
4518,369,4,1730380004,met at work event years ago
4519,923,2,1738387592,escape room teammates forever
4520,619,2,1726210344,neighbors who share wifi password
4521,503,4,1727306666,deadline panic buddies forever
4522,841,7,1723993129,elevator small talk champions
4523,768,8,1731561525,reply-all incident support group
4524,538,3,1720076027,snack drawer raiding partners
4525,389,7,1737332318,bonded over terrible coffee
4526,331,4,1717306973,witnessed the printer jam incident
4527,712,3,1736205344,reply-all incident support group
4528,345,3,1711240796,met at work event years ago
4529,408,37,1726389959,parking spot nemesis turned friend
4530,109,6,1718830943,zoom background critics society
4531,177,17,1725974346,argued about pizza toppings
4532,220,4,1722643316,met debating Oxford comma use
4533,786,3,1736734983,argued about pizza toppings
4534,556,24,1734314140,bonded over terrible coffee
4535,936,4,1727289480,met debating Oxford comma use
4536,481,4,1715572655,plants dying together club
4537,105,86,1722841634,carpool gang for life
4538,508,7,1713496955,reply-all incident support group
4539,777,48,1731047751,share memes at 3am regularly
4540,745,6,1710630354,parking spot nemesis turned friend
4541,918,3,1735534767,plants dying together club
4542,278,11,1711921367,survived same boring meeting
4543,361,4,1721729489,snack drawer raiding partners
4544,668,2,1727146325,reply-all incident support group
4545,169,6,1734633132,met at work event years ago
4546,328,31,1712741370,met at work event years ago
4547,48,17,1708196688,zoom background critics society
4548,542,2,1718706168,argued about pizza toppings
4549,652,6,1711085029,coffee machine queue besties
4550,237,55,1738616063,reply-all incident support group
4551,593,5,1721557684,microwave drama survivors
4552,244,12,1730514292,met debating Oxford comma use
4553,665,21,1714420490,snack drawer raiding partners
4554,892,15,1738364601,witnessed the printer jam incident
4555,604,2,1734046737,reply-all incident support group
4556,586,6,1719288826,survived same boring meeting
4557,675,4,1721131690,bonded over terrible coffee
4558,282,16,1724101887,met at work event years ago
4559,384,4,1714381994,met at work event years ago
4560,198,23,1717625313,met debating Oxford comma use
4561,560,2,1720568638,microwave drama survivors
4562,558,5,1726930619,reply-all incident support group
4563,9,28,1726716650,old friends from college days
4564,302,5,1711600046,share memes at 3am regularly
4565,148,5,1716904587,microwave drama survivors
4566,127,11,1710969100,gym buddies since forever
4567,312,3,1707900558,escape room teammates forever
4568,111,157,1721599152,carpool gang for life
4569,273,4,1723796096,escape room teammates forever
4570,164,3,1728868727,deadline panic buddies forever
4571,11,5,1711559553,snack drawer raiding partners
4572,235,2,1738493921,microwave drama survivors
4573,493,14,1710648333,accidentally wore same outfit once
4574,47,3,1727929394,coffee machine queue besties
4575,160,60,1723849335,coffee machine queue besties
4576,100,5,1711915179,survived same boring meeting
4577,462,2,1715102645,microwave drama survivors
4578,112,7,1708390274,microwave drama survivors
4579,505,5,1717708190,microwave drama survivors
4580,323,2,1730835109,carpool gang for life
4581,96,3,1734486108,met debating Oxford comma use
4582,185,9,1710353667,reply-all incident support group
4583,1,7,1723090176,deadline panic buddies forever
4584,71,5,1708627424,met at work event years ago
4585,37,4,1710891458,reply-all incident support group
4586,65,13,1710157304,parking spot nemesis turned friend
4587,611,6,1715809227,gym buddies since forever
4588,736,7,1713068100,parking spot nemesis turned friend
4589,821,6,1720629318,zoom background critics society
4590,307,2,1709130281,microwave drama survivors
4591,783,7,1735569304,survived same boring meeting
4592,197,20,1711167780,deadline panic buddies forever
4593,536,6,1730149265,old friends from college days
4594,678,7,1710539586,met at work event years ago
4595,711,6,1719067882,witnessed the printer jam incident
4596,47,5,1713284242,accidentally wore same outfit once
4597,782,19,1707627568,met debating Oxford comma use
4598,70,13,1734055466,old friends from college days
4599,655,4,1711632523,escape room teammates forever
4600,110,5,1730966142,microwave drama survivors
4601,512,3,1734359684,gym buddies since forever
4602,639,3,1709348420,met debating Oxford comma use
4603,927,4,1720648843,reply-all incident support group
4604,153,6,1714785019,reply-all incident support group
4605,559,8,1735477564,neighbors who share wifi password
4606,386,73,1738019665,survived same boring meeting
4607,21,3,1711793009,coffee machine queue besties
4608,618,6,1717138279,reply-all incident support group
4609,271,4,1726467164,met debating Oxford comma use
4610,463,4,1731722431,microwave drama survivors
4611,217,4,1739135920,met at work event years ago
4612,421,3,1726241263,plants dying together club
4613,74,2,1716435286,deadline panic buddies forever
4614,796,4,1727589128,met debating Oxford comma use
4615,57,4,1731861250,escape room teammates forever
4616,668,16,1717257598,neighbors who share wifi password
4617,93,9,1712576934,bonded over terrible coffee
4618,197,10,1722143912,elevator small talk champions
4619,14,8,1707701410,bonded over terrible coffee
4620,335,4,1719245390,parking spot nemesis turned friend
4621,69,3,1726406595,neighbors who share wifi password
4622,97,8,1719330095,elevator small talk champions
4623,500,17,1728954853,met debating Oxford comma use
4624,408,16,1735480413,zoom background critics society
4625,437,6,1711340626,escape room teammates forever
4626,842,8,1721587839,gym buddies since forever
4627,931,3,1716521819,zoom background critics society
4628,739,6,1737114127,elevator small talk champions
4629,696,3,1711905360,parking spot nemesis turned friend
4630,182,2,1719141781,elevator small talk champions
4631,586,8,1727486253,gym buddies since forever
4632,471,3,1728800758,escape room teammates forever
4633,107,4,1737204172,carpool gang for life
4634,586,5,1728300024,survived same boring meeting
4635,591,30,1734448439,zoom background critics society
4636,968,3,1721706688,parking spot nemesis turned friend
4637,857,2,1729506143,elevator small talk champions
4638,862,9,1738421060,snack drawer raiding partners
4639,97,48,1710407259,snack drawer raiding partners
4640,334,2,1722480418,parking spot nemesis turned friend
4641,357,2,1738370534,coffee machine queue besties
4642,961,10,1708254693,gym buddies since forever
4643,405,103,1717831872,accidentally wore same outfit once
4644,430,216,1720143543,both hate Mondays equally
4645,253,3,1726573003,share memes at 3am regularly
4646,960,3,1716931581,gym buddies since forever
4647,733,2,1717363302,zoom background critics society
4648,59,15,1733066897,elevator small talk champions
4649,313,74,1731278552,escape room teammates forever
4650,718,61,1710118519,microwave drama survivors
4651,354,7,1724199186,witnessed the printer jam incident
4652,845,3,1725414693,gym buddies since forever
4653,765,44,1730776842,elevator small talk champions
4654,781,2,1711446084,carpool gang for life
4655,584,34,1718380384,carpool gang for life
4656,518,3,1720003693,parking spot nemesis turned friend
4657,776,700,1723649769,microwave drama survivors
4658,65,14,1737797303,bonded over terrible coffee
4659,67,5,1725608984,met at work event years ago
4660,377,41,1715416804,met debating Oxford comma use
4661,389,71,1723101569,elevator small talk champions
4662,513,3,1735713887,argued about pizza toppings
4663,537,18,1728999189,parking spot nemesis turned friend
4664,420,3,1732862815,witnessed the printer jam incident
4665,786,4,1725762441,share memes at 3am regularly
4666,975,2,1736199449,deadline panic buddies forever
4667,476,6,1718083193,accidentally wore same outfit once
4668,769,3,1715243417,elevator small talk champions
4669,315,4,1714328648,accidentally wore same outfit once
4670,89,2,1708735437,reply-all incident support group
4671,137,5,1714490892,carpool gang for life
4672,719,2,1717668872,argued about pizza toppings
4673,238,5,1712059406,microwave drama survivors
4674,27,6,1714828375,met at work event years ago
4675,271,20,1715056260,met debating Oxford comma use
4676,633,3,1734848589,witnessed the printer jam incident
4677,973,6,1712703804,reply-all incident support group
4678,144,9,1725792126,escape room teammates forever
4679,69,5,1734659978,microwave drama survivors
4680,703,13,1727147693,parking spot nemesis turned friend
4681,213,4,1709733503,bonded over terrible coffee
4682,860,5,1725447441,met debating Oxford comma use
4683,201,6,1725044862,old friends from college days
4684,688,10,1713013684,reply-all incident support group
4685,234,65,1716861416,coffee machine queue besties
4686,813,57,1730387789,accidentally wore same outfit once
4687,956,3,1732038912,witnessed the printer jam incident
4688,592,20,1713246654,carpool gang for life
4689,229,3,1728467585,met at work event years ago
4690,430,4,1731891716,microwave drama survivors
4691,189,10,1715956511,survived same boring meeting
4692,322,36,1710652067,snack drawer raiding partners
4693,360,9,1738842834,share memes at 3am regularly
4694,23,7,1711102334,gym buddies since forever
4695,176,53,1716221839,neighbors who share wifi password
4696,424,9,1719193940,plants dying together club
4697,377,5,1729272367,zoom background critics society
4698,378,38,1733503511,old friends from college days
4699,695,9,1709580442,snack drawer raiding partners
4700,797,8,1715768927,elevator small talk champions
4701,206,15,1712342330,met at work event years ago
4702,591,5,1729255552,accidentally wore same outfit once
4703,519,4,1732538342,met debating Oxford comma use
4704,990,6,1718409022,snack drawer raiding partners
4705,654,3,1709937907,met debating Oxford comma use
4706,976,33,1721424250,parking spot nemesis turned friend
4707,697,5,1709108478,deadline panic buddies forever
4708,325,4,1735177653,elevator small talk champions
4709,46,8,1728696275,share memes at 3am regularly
4710,497,5,1720211028,witnessed the printer jam incident
4711,375,19,1715718374,coffee machine queue besties
4712,145,21,1720272855,witnessed the printer jam incident
4713,387,2,1718571943,bonded over terrible coffee
4714,582,21,1719614773,deadline panic buddies forever
4715,772,4,1730783556,old friends from college days
4716,173,3,1728876084,coffee machine queue besties
4717,913,10,1717384456,parking spot nemesis turned friend
4718,730,5,1731550052,plants dying together club
4719,972,4,1727966656,microwave drama survivors
4720,135,4,1718296923,share memes at 3am regularly
4721,863,10,1728931132,bonded over terrible coffee
4722,480,6,1725394783,both hate Mondays equally
4723,984,3,1714048884,zoom background critics society
4724,319,6,1728175971,met at work event years ago
4725,774,20,1722342086,zoom background critics society
4726,411,3,1728918094,reply-all incident support group
4727,340,8,1721912287,both hate Mondays equally
4728,34,6,1722413165,accidentally wore same outfit once
4729,300,8,1725175283,zoom background critics society
4730,350,6,1713405631,accidentally wore same outfit once
4731,199,5,1736747705,accidentally wore same outfit once
4732,712,5,1712240981,met debating Oxford comma use
4733,705,6,1711652532,both hate Mondays equally
4734,914,7,1712524814,share memes at 3am regularly
4735,743,9,1723789811,accidentally wore same outfit once
4736,927,25,1735815879,accidentally wore same outfit once
4737,388,37,1722445915,witnessed the printer jam incident
4738,599,7,1721455368,parking spot nemesis turned friend
4739,223,88,1726508527,bonded over terrible coffee
4740,970,2,1718782874,deadline panic buddies forever
4741,458,87,1728279143,escape room teammates forever
4742,829,11,1737782061,survived same boring meeting
4743,242,11,1729224966,met at work event years ago
4744,483,8,1719714975,reply-all incident support group
4745,784,51,1709617817,witnessed the printer jam incident
4746,472,4,1723755474,snack drawer raiding partners
4747,684,3,1722723522,coffee machine queue besties
4748,243,2,1716835212,survived same boring meeting
4749,423,4,1726857582,zoom background critics society
4750,806,20,1727154836,bonded over terrible coffee
4751,100,15,1709151303,parking spot nemesis turned friend
4752,154,15,1731515645,reply-all incident support group
4753,672,6,1738217295,deadline panic buddies forever
4754,755,3,1714129896,plants dying together club
4755,393,5,1738345053,snack drawer raiding partners
4756,640,101,1736128372,met at work event years ago
4757,698,5,1729491990,accidentally wore same outfit once
4758,711,9,1715352912,both hate Mondays equally
4759,826,4,1710154606,share memes at 3am regularly
4760,561,41,1717892163,parking spot nemesis turned friend
4761,196,4,1726999656,both hate Mondays equally
4762,865,10,1719756310,bonded over terrible coffee
4763,944,369,1736594621,met debating Oxford comma use
4764,43,6,1726613544,neighbors who share wifi password
4765,843,461,1722360660,reply-all incident support group
4766,319,5,1737326106,plants dying together club
4767,296,4,1711025766,microwave drama survivors
4768,748,4,1738299746,share memes at 3am regularly
4769,843,4,1721544366,bonded over terrible coffee
4770,19,10,1720959275,share memes at 3am regularly
4771,298,12,1724268962,bonded over terrible coffee
4772,762,42,1738903570,coffee machine queue besties
4773,969,4,1719973186,reply-all incident support group
4774,290,58,1732306575,carpool gang for life
4775,793,77,1714775589,witnessed the printer jam incident
4776,928,12,1718686137,escape room teammates forever
4777,591,21,1735512052,microwave drama survivors
4778,485,38,1720710406,carpool gang for life
4779,560,6,1707862049,coffee machine queue besties
4780,405,5,1731746155,bonded over terrible coffee
4781,397,22,1733154669,deadline panic buddies forever
4782,437,4,1723213204,carpool gang for life
4783,921,23,1717434498,escape room teammates forever
4784,235,14,1722068175,plants dying together club
4785,664,33,1720638414,plants dying together club
4786,981,3,1708535961,elevator small talk champions
4787,237,16,1737839105,neighbors who share wifi password
4788,809,299,1731940523,snack drawer raiding partners
4789,690,3,1716255993,plants dying together club
4790,296,5,1733478383,met debating Oxford comma use
4791,61,2,1716423178,snack drawer raiding partners
4792,548,4,1738688768,gym buddies since forever
4793,728,29,1729366679,microwave drama survivors
4794,213,13,1721172706,elevator small talk champions
4795,107,6,1720223662,bonded over terrible coffee
4796,946,20,1710650394,reply-all incident support group
4797,891,9,1738976437,deadline panic buddies forever
4798,900,46,1720287321,zoom background critics society
4799,209,28,1718778872,carpool gang for life
4800,171,11,1708846384,coffee machine queue besties
4801,175,12,1716511728,argued about pizza toppings
4802,894,100,1728163621,snack drawer raiding partners
4803,955,286,1722303564,old friends from college days
4804,904,65,1719813613,survived same boring meeting
4805,990,4,1721337835,reply-all incident support group
4806,748,3,1729046729,met debating Oxford comma use
4807,458,4,1736468312,snack drawer raiding partners
4808,671,7,1730087828,plants dying together club
4809,673,2,1725904558,reply-all incident support group
4810,120,3,1732926558,met debating Oxford comma use
4811,384,5,1737390461,microwave drama survivors
4812,94,4,1732961397,coffee machine queue besties
4813,353,12,1715101453,both hate Mondays equally
4814,149,7,1729967409,coffee machine queue besties
4815,942,10,1716983188,microwave drama survivors
4816,471,5,1709867146,zoom background critics society
4817,347,9,1734112276,witnessed the printer jam incident
4818,642,47,1712902995,survived same boring meeting
4819,795,5,1712171489,met at work event years ago
4820,633,4,1717798051,share memes at 3am regularly
4821,153,3,1734681469,accidentally wore same outfit once
4822,392,8,1734783872,gym buddies since forever
4823,625,11,1726228338,escape room teammates forever
4824,894,15,1714450260,carpool gang for life
4825,198,63,1725428682,snack drawer raiding partners
4826,626,11,1711690004,elevator small talk champions
4827,385,15,1723832934,gym buddies since forever
4828,822,4,1728215237,reply-all incident support group
4829,504,7,1720863577,plants dying together club
4830,31,3,1724842047,carpool gang for life
4831,395,3,1737342551,escape room teammates forever
4832,951,85,1735646470,argued about pizza toppings
4833,532,5,1713521606,deadline panic buddies forever
4834,920,5,1718709752,witnessed the printer jam incident
4835,426,3,1720329084,gym buddies since forever
4836,699,13,1710212305,met at work event years ago
4837,908,5,1709389824,carpool gang for life
4838,81,3,1708987900,microwave drama survivors
4839,995,10,1730301868,coffee machine queue besties
4840,223,17,1721776761,survived same boring meeting
4841,338,4,1738041363,snack drawer raiding partners
4842,10,45,1712422141,snack drawer raiding partners
4843,926,3,1711213106,neighbors who share wifi password
4844,586,157,1736579852,share memes at 3am regularly
4845,686,10,1720505921,snack drawer raiding partners
4846,837,4,1725093395,deadline panic buddies forever
4847,226,11,1713542787,old friends from college days
4848,545,18,1727101525,both hate Mondays equally
4849,285,9,1714597922,elevator small talk champions
4850,503,3,1723563953,met debating Oxford comma use
4851,802,28,1721784127,accidentally wore same outfit once
4852,859,8,1732334657,zoom background critics society
4853,127,5,1720631882,accidentally wore same outfit once
4854,288,3,1738221790,witnessed the printer jam incident
4855,803,90,1711165633,microwave drama survivors
4856,744,7,1724569793,old friends from college days
4857,509,15,1727671933,deadline panic buddies forever
4858,406,6,1725576782,carpool gang for life
4859,517,5,1733605801,argued about pizza toppings
4860,958,2,1731478109,met at work event years ago
4861,249,24,1716615476,witnessed the printer jam incident
4862,711,4,1712945660,deadline panic buddies forever
4863,199,23,1720974229,met debating Oxford comma use
4864,146,10,1719416093,witnessed the printer jam incident
4865,699,18,1734638158,old friends from college days
4866,578,7,1726530603,met at work event years ago
4867,49,31,1724842588,met debating Oxford comma use
4868,89,9,1729370849,witnessed the printer jam incident
4869,978,3,1713474001,microwave drama survivors
4870,959,10,1733597376,argued about pizza toppings
4871,375,5,1719521249,microwave drama survivors
4872,605,16,1708312416,gym buddies since forever
4873,501,2,1707954794,microwave drama survivors
4874,875,3,1734848761,escape room teammates forever
4875,244,3,1713646628,deadline panic buddies forever
4876,593,8,1715666382,gym buddies since forever
4877,493,4,1708529826,escape room teammates forever
4878,716,9,1735636624,plants dying together club
4879,329,46,1730892092,elevator small talk champions
4880,35,2,1726253457,microwave drama survivors
4881,300,3,1715160222,share memes at 3am regularly
4882,683,22,1731907957,witnessed the printer jam incident
4883,977,10,1734456767,neighbors who share wifi password
4884,190,5,1730459737,argued about pizza toppings
4885,98,109,1737274032,microwave drama survivors
4886,649,3,1710921886,zoom background critics society
4887,836,42,1719864433,bonded over terrible coffee
4888,675,6,1736791507,plants dying together club
4889,658,4,1711571593,gym buddies since forever
4890,683,15,1735699261,elevator small talk champions
4891,244,4,1721458474,elevator small talk champions
4892,583,5,1717838697,escape room teammates forever
4893,586,9,1735891873,neighbors who share wifi password
4894,319,39,1720030398,met debating Oxford comma use
4895,581,57,1733231556,snack drawer raiding partners
4896,331,6,1720976749,elevator small talk champions
4897,215,3,1721629332,escape room teammates forever
4898,142,15,1722703156,witnessed the printer jam incident
4899,917,10,1726202490,carpool gang for life
4900,862,3,1733221165,parking spot nemesis turned friend
4901,567,6,1730897526,elevator small talk champions
4902,811,8,1729594609,met debating Oxford comma use
4903,433,2,1710980015,neighbors who share wifi password
4904,837,7,1718850591,carpool gang for life
4905,704,25,1732452379,coffee machine queue besties
4906,259,11,1712357317,witnessed the printer jam incident
4907,369,5,1714496885,plants dying together club
4908,861,8,1737888395,both hate Mondays equally
4909,191,6,1709751628,carpool gang for life
4910,24,2,1731873361,reply-all incident support group
4911,188,42,1727596892,snack drawer raiding partners
4912,298,2,1725662047,share memes at 3am regularly
4913,189,11,1733774826,met debating Oxford comma use
4914,855,4,1717344308,plants dying together club
4915,466,3,1737754970,deadline panic buddies forever
4916,4,28,1736436844,microwave drama survivors
4917,681,4,1738029532,carpool gang for life
4918,79,8,1715814825,coffee machine queue besties
4919,106,5,1713882073,reply-all incident support group
4920,155,5,1715856832,snack drawer raiding partners
4921,4,300,1736294817,gym buddies since forever
4922,227,6,1718576646,gym buddies since forever
4923,474,8,1710071443,witnessed the printer jam incident
4924,408,34,1725973114,escape room teammates forever
4925,248,14,1730657528,deadline panic buddies forever
4926,567,3,1726196286,both hate Mondays equally
4927,335,24,1720035708,reply-all incident support group
4928,516,3,1710816334,witnessed the printer jam incident
4929,447,5,1738662588,escape room teammates forever
4930,815,406,1733542845,snack drawer raiding partners
4931,515,3,1732899636,elevator small talk champions
4932,562,4,1732400771,old friends from college days
4933,877,9,1709765606,plants dying together club
4934,79,6,1711732996,zoom background critics society
4935,889,11,1712336477,microwave drama survivors
4936,927,2,1731682242,microwave drama survivors
4937,60,6,1728586387,witnessed the printer jam incident
4938,582,2,1720450486,accidentally wore same outfit once
4939,145,3,1722060002,carpool gang for life
4940,362,17,1716586181,share memes at 3am regularly
4941,624,7,1724703529,microwave drama survivors
4942,821,9,1733156120,coffee machine queue besties
4943,910,5,1732031067,old friends from college days
4944,898,11,1732802011,escape room teammates forever
4945,92,4,1737381186,argued about pizza toppings
4946,594,5,1735618815,met at work event years ago
4947,545,39,1721497278,parking spot nemesis turned friend
4948,413,9,1730011871,carpool gang for life
4949,697,26,1710446854,witnessed the printer jam incident
4950,213,9,1712646843,met debating Oxford comma use
4951,53,4,1722779008,share memes at 3am regularly
4952,254,5,1708149803,both hate Mondays equally
4953,871,24,1710571381,microwave drama survivors
4954,162,9,1724995488,survived same boring meeting
4955,605,6,1716158758,plants dying together club
4956,734,2,1722435978,argued about pizza toppings
4957,418,5,1730995292,argued about pizza toppings
4958,806,7,1738408137,gym buddies since forever
4959,754,3,1708596745,share memes at 3am regularly
4960,793,4,1724769417,zoom background critics society
4961,839,19,1721455913,met at work event years ago
4962,902,12,1711522283,survived same boring meeting
4963,652,33,1730147658,bonded over terrible coffee
4964,745,10,1717601247,share memes at 3am regularly
4965,685,26,1738848246,parking spot nemesis turned friend
4966,687,6,1715749436,witnessed the printer jam incident
4967,277,22,1717477334,deadline panic buddies forever
4968,860,11,1729446670,carpool gang for life
4969,224,4,1719044252,met at work event years ago
4970,261,5,1736113732,microwave drama survivors
4971,649,26,1722876121,escape room teammates forever
4972,531,49,1712062277,microwave drama survivors
4973,371,11,1726337009,neighbors who share wifi password
4974,22,5,1716902365,accidentally wore same outfit once
4975,458,7,1738087562,deadline panic buddies forever
4976,477,11,1720617941,neighbors who share wifi password
4977,781,8,1708821626,coffee machine queue besties
4978,933,3,1723931805,met debating Oxford comma use
4979,553,4,1708887050,neighbors who share wifi password
4980,930,9,1726076059,survived same boring meeting
4981,695,27,1713063844,met at work event years ago
4982,718,37,1711713521,zoom background critics society
4983,514,5,1722636502,elevator small talk champions
4984,623,3,1709185580,elevator small talk champions
4985,225,3,1730798230,reply-all incident support group
4986,840,32,1711682769,parking spot nemesis turned friend
4987,663,4,1725101828,both hate Mondays equally
4988,359,4,1728911545,met debating Oxford comma use
4989,230,14,1731465929,bonded over terrible coffee
4990,648,4,1722691085,microwave drama survivors
4991,293,3,1725669616,plants dying together club
4992,54,16,1722422149,coffee machine queue besties
4993,718,12,1736668796,coffee machine queue besties
4994,382,3,1718736530,argued about pizza toppings
4995,576,17,1711236605,old friends from college days
4996,360,2,1719997801,accidentally wore same outfit once
4997,867,4,1711288599,plants dying together club
4998,57,6,1730877294,met debating Oxford comma use
4999,76,10,1710971721,escape room teammates forever
5000,825,17,1717756177,plants dying together club