7275.636800328681,689559.0023246486,-19128.054466734022,27707.849007413664
6655.489517945736,905304.8193787347,-13121.708658869436,27574.80694417024
4636.535758091533,787243.7432142351,41932.77828687169,43649.09744232865
7499.061812554475,398835.53687216167,-32262.152209062166,59434.99108896841
2097.6756886633207,829446.5544500645,-32778.20623121476,58742.73817862956
7512.804067674601,579619.5414465698,8002.488450206067,75250.9948590651
314.1823882658079,370761.52108758606,31779.693083563936,41768.75467529187
9740.356814958814,719138.1326667645,-1942.5483443565681,29165.649741180412
9498.601346594665,824081.9869186197,13664.4547856282,36912.14939418974
3602.548753661351,445967.8634377981,-4268.290555523061,47268.84208758554
4690.225206155686,830775.9755346952,-34896.84454712417,83386.62354441656
4603.063726611612,294960.55183935404,-30403.5792576844,17927.344087491736
8656.867963273522,496858.84858967015,-7902.829336897135,63286.9791353279
6998.586450671721,329021.8810565195,7162.030552997669,37101.22896837609
8718.145959648387,809616.323808758,11621.368503517871,37435.93560890043
6972.487292697295,910442.2886034196,-30385.292811814845,80912.48167277394
6279.332754134726,474131.2856077782,-19442.084433255113,53990.94342593693
6351.110144563881,143732.66683279,-267.310752407946,2731.4166285965835
364.8451669024966,494166.97785521904,15505.338110982106,39576.62801712422
9401.72465685381,396918.62703894556,14623.19787976428,77046.5637773941
8940.42795818409,606860.2964021174,47603.44716184084,7708.5112935252
7751.206959271756,293245.8564487924,39920.53297295577,37383.61436205424
4313.095551354611,345677.79281705356,-18485.25286326822,44273.59420862204
964.5091588082399,750250.2400910779,-32914.02621171025,80539.07199213824
1397.8959528686087,111087.88060262645,-47297.013311786664,54833.46917317515
2821.982861306481,968145.4155683408,40450.107900156174,34394.214644447275
140.55818452733183,813402.2423138613,2149.4303689755834,83515.5555007701
5834.61648591119,694481.1479605646,5638.220131905189,11575.01237196259
5885.086368942899,897239.4396497966,12647.516520397206,38258.09911816859
9036.250947502425,837025.6090744253,-23980.636883386618,96223.62202497228
3975.361560156031,582064.0243030296,-24183.499896083395,82174.5557953679
6591.834743191865,621824.6196965377,-1180.2625543074682,36147.06128921814
7379.816322918872,858254.261162,-16025.289140574205,75802.986463498
7260.782049409076,518390.9901755706,27540.991859246467,37608.72879341755
8628.241587977618,703151.4476833284,-33986.92457118191,80006.0876007507
7254.4955362074215,798977.2297371357,32324.09155751369,85028.34502384515
9849.792053465191,146544.1527744853,11409.48241989225,54287.46811813502
1527.1174308113877,543884.4896982703,4899.373282939712,32855.99644454902
7201.246754012255,400040.2348774383,-48475.33785445613,10289.83670344621
1038.5689724130098,189761.1351120889,39763.382353094756,41885.841914666555
8474.594867482883,349780.14513277693,-7679.831790914635,5240.674547397839
6028.944695965659,182843.81731099487,-1776.8278662003795,57275.17497728555
5173.00271039096,716944.2511882881,17639.12298487054,85111.05517513011
7843.319377302849,304094.3907680426,-13051.361964124611,50534.410797070836
2844.2275960610364,975507.4319765692,7190.317890355349,12253.22579512087
4346.035045905807,558185.729284067,7673.541937964212,72753.65034290848
5960.541733652932,821694.4164841189,38376.30591185496,37282.55898959046
6463.525525118457,843289.3979370148,-40314.16139308648,91331.44945237442
6134.225062085445,594588.306362335,-33893.86833063297,99969.53460696847
5894.745086569682,783618.6373873872,1747.9473521840846,7471.399925738265
4957.693996774556,192345.93794208366,-266.72386698149785,68907.34503429417
6528.261733339535,371679.4928495573,5087.560369206898,76712.16444241212
5257.325653773777,193473.2317544621,21259.50672504738,54720.75167262199
4605.078047844824,352183.2595616813,-45900.359306096325,79756.58660365816
7050.040729435885,317613.22861388075,13945.183842844854,56581.846143007264
5166.242130637467,544573.639284776,-23599.757798510556,15865.482876736247
6991.707356898534,405300.25973041623,-4533.2817377406245,26798.30902841408
4824.310895538776,426121.3196648402,8872.732301140284,16081.777232382256
2606.430086088475,521133.39530326915,-25238.24644651195,63239.79807243695
3397.7281727972954,662539.3490838816,31347.090737837774,98550.57258481155
5085.7838498552455,949822.1590634309,-23297.280460017068,64368.11749976528
9447.181152292042,598072.5080388505,24552.895700353867,13200.78629852559
6947.056690400056,159557.64591582576,3739.3927725166577,6636.740029578825
7252.99650088167,682013.5312629442,33986.59092547522,48054.0012405865
3339.565206430066,812162.154275706,28651.061620061024,29025.37124476473
5272.63841932272,433599.53496123105,46333.712797714164,94426.12909525735
8288.101950349583,824470.7404076165,37548.94014526169,34475.12714308593
8617.372133525841,432241.6567080072,10086.655488386095,93287.51283275704
9662.580300540341,630397.3317597217,-32730.544066689203,42989.98398581121
587.1560541486288,405041.182060577,-43001.37592396378,10047.126888846302
9162.937751675898,218138.84310966267,6299.024004503961,56170.094366736565
802.8217034514151,428544.9390882308,6014.397650520834,10026.434146710239
6108.360987453948,921970.5093386793,-46629.053864613044,17942.644263327322
9974.608145187527,746693.6510605416,-43681.48714535116,31888.61415720873
6319.893008139348,733085.1850011147,-47124.94855593162,81255.81146529807
3846.1105379950045,851915.6853200163,1141.520413069542,81288.69412181173
9885.489924132562,558930.0800609544,-48779.29212115091,15501.508337998448
1352.7063443116194,681319.9835036153,18964.910946208707,92010.28440830355
4096.582100020899,885494.0105331161,43293.8256811512,14432.493902837829
4533.521721006632,164940.73526485087,23765.348462836133,26854.489611650555
345.21076210013877,881997.998164645,3148.478736606856,89339.5046645043
236.00080418726742,467987.4857405827,-19061.16013343654,15546.65148157489
6270.795573387751,472442.7432892377,18073.78202162523,57254.01375412691
6152.138700739788,714053.0855812691,20545.458753287297,51926.54911846664
6945.599744261157,263465.84149809345,-29823.38842877935,58942.26111261401
6225.44320874315,881233.4731531233,4515.255560167228,97687.64495889371
1387.9539196893309,342962.01270560245,34620.8536041941,66456.15310744589
2967.687643937048,248111.55900112196,29455.962657398777,64931.051871232135
3192.301164360183,188919.19134816193,-11336.25684558088,65006.68101267688
6724.5125673191305,611559.0196420894,-28296.85642029387,74799.81807831442
6565.124808212711,212924.07486523545,-49370.038292011086,18925.476861992895
4428.946316139616,223308.67236310095,6253.3957338731925,14459.146368031894
1555.8243794028037,807789.840471135,-7035.894396018361,56480.11661650246
2881.901760839064,897250.8365081334,-43778.774768143216,39688.19869802736
4771.599375554869,893759.2257803457,-1497.8686313342332,33308.82417483578
4098.712112145953,24406.593879982913,-45539.75881623811,95349.10042023954
4365.403939659847,162736.40615020393,-45897.552889626844,59240.17499135916
2760.7704279429977,237531.3026293942,23989.27990458427,50998.7512730102
586.0358422562673,645000.2874797984,777.2241073649493,98263.435693744
8311.333930485323,132301.21154430287,8864.07433150331,73909.09536447647
5679.421718667782,527852.8882806818,-15535.411969836641,76415.16603284577
6734.555771922684,257036.6094283927,12135.117103592005,86761.46400048169
9430.161143370018,840655.3640441402,-23417.692110900178,57347.70092968069
9556.806476295898,27914.34918029867,22532.331855668483,82280.6085629989
9132.391862789185,785705.4426410063,-41496.409260453416,70345.15012832663
109.3489625584243,671623.0863422634,36517.15423949831,92074.0648594478
5279.038694099464,859408.626636401,-10904.355805992353,552.5250238970103
9591.42706711325,142414.16664997383,7342.7080045878465,31942.456463145176
6758.508485827457,813197.2014134403,-538.4291848893772,76183.62942935621
7972.833482072762,505501.52425709204,-22237.381207809136,70926.37175974685
1847.8953614642223,328649.2370522073,-15973.695132550623,12473.332045964204
7275.0151650866555,503763.5032615009,-21970.825928431135,96355.44382660465
3791.7548420970925,726261.3673031104,-17892.88249564218,97139.85218571215
7269.784595637126,169699.7524612773,-4178.610991537615,72165.24774332928
2255.5139749882214,392328.3440750857,-30890.592426912557,27122.680235827178
6134.693220012867,489596.55136312236,49743.63230557561,12747.642225308087
4442.576436641098,373382.1942722269,1488.3406223138081,31361.75323783711
1104.1335972159616,971853.2573724145,23035.450036127673,19600.19178515243
2164.1865335323096,572644.4227950095,-15383.015994955116,39383.518247144224
6655.231877925436,176423.54615508177,39133.17072975742,53040.28811818497
3651.1150178575067,547944.3148883309,-42298.437499324406,80459.50757088927
267.5922858941504,587323.9963706495,-14276.0263097395,36249.5704090968
1396.2292258585485,535556.4092725143,14884.463722810084,23103.047374183738
8295.956500501514,835163.6250525354,18932.973257065038,13914.323605587286
9817.006954307884,529410.1441285164,6675.606560724744,89669.72151731755
6994.841174460615,661647.2241992807,4284.030047189248,12727.432749433143
9027.062915710678,390125.2219754702,-9147.203294312552,5827.224780007101
6234.215516826781,163005.73247276954,-23925.169286283977,76017.53590295445
3505.7424939349366,283325.2647192312,26971.72497831541,69660.23404081342
5945.280461672624,574306.6166937961,21806.91969038018,69770.99920986575
6954.852907428858,991683.326814769,33626.18258929695,50175.88611925372
7835.413662256555,381597.7379828117,23311.28927835406,82312.34396249325
7131.587768334366,950152.151788535,-47400.83828435327,49975.55864901953
7411.342203578883,393837.34866560495,11210.133313731065,64908.73803847489
6946.712983987674,818832.3676836321,-10954.5569080321,91858.48979070247
3849.6048144608485,291563.7020933149,14355.42665114766,85564.19871526006
617.0708086796883,192931.80603824634,21846.31292185864,14122.939857963313
7753.366738639441,774257.3522891038,10884.927506404107,93269.09165837742
6161.471556789055,694268.9720240759,3277.007083646189,84330.48356466775
9334.649865577205,193349.0925563509,12536.237326376766,14970.611089748465
8029.027624492274,533773.7554348251,-7872.456437962435,66299.03985443468
2061.04001388116,282826.8217061948,38859.54279623034,32529.807305564053
6149.000150727515,179438.73872210085,-10582.4730762334,90.31668202973408
9305.934787593947,564394.3673565461,-37030.336523648155,11930.813022388731
191.21333714564815,789173.9216107269,-29154.398584954168,79757.2426903208
4041.3941217687134,449135.60607137857,35478.028933956724,82007.9114619902
326.1048950799461,833018.2549986582,35114.114892219455,38617.04899612524
4112.653882852809,862636.5082061279,18245.227488240416,84956.02240269478
8273.47278016856,494160.82557821827,12269.679849180218,76815.59612546558
8133.370675262103,405518.9510362662,-15405.2935243998,45890.29306619177
4928.979157574864,163225.25181992806,1200.2108892821416,90948.5996258083
9540.652631735527,906338.7016862422,-32371.683927309336,33720.355911484265
3357.477346375197,165269.7895819066,30429.089887582988,90505.36206178964
8848.945754461984,228801.23089663082,-36715.74949319445,10604.927538922504
8442.221419460388,283956.9635410283,-38652.929771355026,10900.62990427434
6641.834384365319,420248.2337486659,19778.070495710635,92252.35175421054
6979.021450805794,832345.3030260731,-21977.44279037548,57860.215056747686
2340.818585511164,733367.897750637,-29932.605725966976,66332.71107643221
4504.411313519404,404756.5530533475,32730.875248821467,42926.01815533827
6290.131566875504,178082.400435549,-11019.096949629362,41267.13134667105
7646.881962238921,389171.54517523997,41343.158244360544,94846.03601700133
5196.661493060699,205565.3921133341,-18347.7301410891,22659.926818069864
3290.253585292512,104607.60973706513,47715.48191881401,56615.01197884359
3464.0350692517673,331342.67576896487,34899.649454083614,39639.16791559538
8338.241273827682,972930.9551044361,1218.8648086837275,2931.3569516615457
5459.932392899262,329429.4311768441,-11808.644651627263,68371.34065303719
6369.279919224918,159556.88815495188,16550.77238077059,37835.94405131916
6255.689339834456,334456.80823966325,5838.33258454741,25015.695541725847
9970.671405156649,422491.06064466253,9968.723367201557,57298.41878714015
877.252283437403,233741.2001142621,-42945.92903111143,25383.915490422016
41.11496273080162,434165.06113880617,31086.658878174203,86516.63139623149
4606.549833719652,956249.2620844577,35522.56512149733,33570.738528822796
5850.682637492369,645519.2231498152,34374.66071820195,26694.853419480547
9372.340508983512,710411.7896010102,-24885.027224216028,46821.14622768539
2147.3061756461266,226785.7574265838,-40497.31531967341,71066.35009041367
3769.6012504370847,47739.616369093594,43395.56054688837,88899.75588318847
2098.8319883617037,64425.728877635374,14668.898969371156,74925.99372945876
6746.517406060456,474194.6678081445,19557.5967967693,9228.031063821896
7359.713556262162,578672.482263922,-17946.729568099785,89438.47704881239
7498.139615642945,196269.16282836997,-11570.208008415597,10054.932941205652
9051.39651734699,31134.91301722015,-10462.97921854278,93987.81230551221
6605.7662116300335,633726.3694068404,7193.915631717908,48926.66053074151
5945.464682863578,216913.85176263322,17828.578360410247,86833.71618610843
5961.116791217263,335955.6367493965,26454.247519548167,88721.07320623375
8638.6075142903,220684.29445838847,37136.64092145367,18840.479188741956
7514.358629067812,223895.27745738244,-27700.58280555162,92512.4383989763
1008.4694828356367,321196.9584769388,-7469.003423219343,80043.99314677132
3385.04689222523,224476.04439014074,20997.340709118667,85532.13435328742
2739.4483266216153,153652.07907978032,-17868.29724824537,73822.53789492977
2375.043679359313,929538.5346905055,22963.810811916817,31490.912851028075
9207.499721229507,964398.7002613597,-2732.7393946599914,38436.93292187134
422.475877341153,636177.6380442472,-42354.58381832663,95528.37338376924
7513.014261189027,477412.5423505685,18742.415301500805,705.7287708351234
5035.796782779488,910467.0184669635,25957.368876458204,91055.24995985361
9950.829408989573,497005.4155840054,-11643.81244366931,71580.99709362902
6247.01230107829,741516.95843487,11916.907447145553,32754.137438101217
8706.434933119934,576219.7220383538,-189.2070778447087,18390.414236229622
9123.133913932888,757818.5035420015,-29887.122025955458,43004.318925107145
8067.43948360403,325360.52593093103,-21847.961412848916,73511.21439753477
5374.923176632267,22827.097770468674,20652.104598087622,83996.2533275974
2939.3580931378083,840119.1070557748,41881.845956082965,64241.64390963064
4101.9867323352,511738.94692060817,-41776.77741464027,12801.416634288009
4954.782664359413,873740.353237652,-33116.4821520308,73635.56942208986
4213.289063379431,316413.01552647946,6918.541538035002,81663.06570446755
9964.999031153839,282687.6072070253,-3699.6289908724502,67065.83205058544
3562.1401041464496,970391.9313113946,-22545.400875483156,30773.59653106505
3203.1131760648623,980258.0320305557,-34491.62561590485,44281.99356681435
2334.7247120236157,630974.9726669826,8432.025840970491,45804.08587199087
907.7484780818878,777601.3730417079,36323.38329549544,1728.0778658865681
731.2334306661938,960296.084639874,-1724.6612912656929,77451.64872943517
9696.376647380328,236595.58199233146,-40416.353516810464,14885.979865205523
3478.659828467505,912360.1938299017,-40506.71632525898,45270.268371195256
7477.34578590509,764032.0572431117,10248.161997682328,75410.087701525
6214.323026875882,857990.8626043004,-48099.62632330047,73050.67251412955
2189.665473660939,841564.0898404355,-35848.46717891139,42818.838808982415
1279.1834581814733,544642.5019208202,-23559.77648628317,28014.922049564328
7159.614480267699,470871.04294892953,10555.940678938881,95508.74307880668
2960.0075616851395,113030.17586266511,36251.31730823981,61091.31051766692
4363.2328642892135,638492.022423299,19640.87028967857,90856.5705867003
4719.451171506025,897530.1806703282,-3384.159752622887,70535.22804462441
9383.758173935365,529781.7193216763,9071.192829385698,69175.28253713595
3453.1167833994045,42304.424071665664,432.1738816356228,36161.57826388686
4353.072950569876,366441.64912957087,-21215.746475452324,61289.35597190935
8312.65393230076,650101.9556313669,20851.726157209167,96454.40566060443
7666.221684001294,347080.1037331314,8136.569915247972,84495.11292968492
4133.960773694088,625690.447572525,-42279.335087526684,65819.33601662044
1758.0616642750701,135253.580911965,34550.777505964885,36671.68448730901
2009.5502145617704,60871.071711862496,9467.225269766124,14244.474729162748
2731.112360949225,644443.3213576901,-42196.55202721552,23308.240486194198
2044.144572972636,613029.6668817115,-22924.803839046792,56635.37089600204
8123.659653438675,314419.4624335572,39094.395037546245,77213.09525798218
5832.559653373958,954177.4599410801,-18215.79797138101,24089.673313767657
1607.1858764042236,858446.4897922917,-10961.892666173255,55670.33430889189
8698.941993126626,452434.40268499154,3157.436350388598,14377.125770267063
5902.179098044855,465782.7662255487,-36282.08780059119,24809.556630740983
4236.420092843389,952908.190612062,-30842.570499390775,43890.4808388415
7701.392967798364,708927.4756883917,12943.529836709196,65954.40516519554
6186.234503656538,689922.2668112828,-45129.476756884855,48333.02649426178
889.6119669192682,730067.8129831671,49852.597188896325,63715.45550232023
5195.40676441102,87545.76740443999,-28479.3782966821,4408.26825035211
6848.989747654547,546179.9541885483,35996.83065892571,60593.12714434516
492.01183839196136,250378.6314878721,-47587.09771078318,69777.46039378738
3139.021280444838,277236.631016553,1053.4226654440936,87856.22839391479
9017.114415111626,671544.86851785,-32551.93241455777,63550.57744302593
4340.209863854882,966974.4864064301,41302.30763517707,7461.755239309742
7052.434397317007,969847.3594162257,22847.77922161721,34576.35458677224
1350.4948575614694,170674.36310881862,-33990.069576287744,24781.59478398395
1882.8009701676417,933036.9871982717,27731.909128388535,89797.02920912443
7923.49918144592,229407.78288633676,-14139.880763319677,56901.70069378595
3532.459604169338,249149.52451034004,34188.20522398726,79933.4040601625
5737.661025509039,355202.4249102632,-37427.280859954546,66259.44410832867
9114.294741574678,532863.2564184882,-17524.963998066312,64765.85002302937
1785.3129114748979,736580.0727249662,-36149.41698389862,94384.70227447033
4831.028867051521,738830.3496462695,7997.7864758313735,5276.901073756734
4370.767707924001,78919.96248641619,-7204.439592334675,55510.327998668006
3167.463022010315,818935.4358079543,-8300.400990870803,54921.02138692704
6506.476751478952,579100.6148632815,-14065.894306018308,74817.64785784311
5312.818494815984,305434.1496773312,-39492.98863077135,47287.211339526715
7996.322879632831,278873.4410838239,-1006.8651350427317,81082.57638616615
1352.244522757794,306925.0097210926,-30528.8316025202,2420.0584431139814
9995.107790796339,26421.2274217988,24566.736691020356,88487.99939280614
3266.5530046016365,989107.5936824547,22245.21551379755,99064.85599823084
8333.299293868744,580554.3286057328,10814.39959272217,27368.04715566491
8279.243345964618,577280.3745393115,11538.493077971369,85102.42008809857
4396.100023577053,916998.1636499031,-24668.66159931078,8649.859237135637
2589.8802989815363,202530.94327393206,-13811.837076800351,23439.232920932838
4845.89908606913,221224.82268668714,33331.57560452244,31758.504135214982
8032.885906846368,538572.1809208638,-23511.10125009106,95618.52898181444
3977.171414754812,417281.8890934833,-15715.606681251578,70750.65030060193
6700.809681297056,921177.3326786904,34421.25157882167,10417.955728742167
4992.883842189175,447071.906127233,26144.765115876842,98442.61224503555
1071.1393902254217,127166.80909383915,-29580.68326407378,89699.4305092103
8991.474530637148,219535.1177577669,-8681.572086905086,33298.427131091325
9675.712485661148,194900.50678251896,-6681.652904074406,28776.82021653071
2953.464841619411,54189.27068987901,23502.18294608529,18843.550550959775
851.7946471310145,213227.95528758626,-14877.087020213687,53567.06908753237
516.768126410423,308478.88091671607,39540.067390047014,70369.8127283236
9613.884651078439,570850.2942819215,-32763.75774290683,21790.394455335725
1829.7568274684927,243387.61306457734,45436.03110994735,48697.267809282595
5185.309582652922,183046.30739785347,39791.37457644401,40485.19001493799
1271.1520002397192,326766.7965050707,663.7116713101932,45758.55139941072
9228.6728043041,817716.4511800942,724.740177790205,97103.23778885514
4325.7943356357055,658832.8868142915,49913.980091530146,91771.35889632674
7314.216089786806,547697.4048060486,-23767.20204498466,26450.873565963106
7405.364592423001,209287.4733789187,-33579.16518320159,18764.705223404544
8665.161541761485,741300.604468979,19252.357378760615,60741.73009758398
6903.110061132574,820512.678236737,-23993.708182286,40224.5494567402
1719.0898587189795,288027.64584476984,-42394.7922280813,35026.67674692744
6271.643404105324,576294.9847306722,-44015.08987151501,31624.447186176076
5544.424816244986,981416.1426644418,-1552.3316280661966,45266.558269249545
2412.8759322058136,580530.9032846573,28068.546333555074,21606.825278369946
9651.081049893815,205968.3333860762,20665.708749361555,81313.42517958704
5169.146223896345,435367.417960019,-10588.027888845987,28580.51431556119
7234.338373670052,240116.51319342144,11856.247801420053,82065.78760491358
6204.607413802286,93230.32173637742,-49059.986842342005,2500.180316679823
9391.009332636693,32177.795060338834,31535.25034260543,85063.60668425998
6065.936813175615,522193.71274634916,-22903.221217792525,56593.250036257166
346.9549535039163,231251.40822165404,7213.26899918032,67788.58447090877
711.4284326727161,769143.518456272,46157.648691107344,98799.9856038869
6235.0202345944335,560011.9358825561,-5020.975647423533,2935.407540618873
1297.5319953476317,30188.502561466357,-24755.374260466055,97692.30056452134
2462.4429234292766,221351.2259051252,-38768.3043745642,74919.56262946124
3511.9010219335432,842771.6434929572,-20814.309377306672,42636.98723845471
7206.805111673201,515822.50043080305,-32797.51420193298,29887.35491830492
5242.0115646569375,938935.0545429821,-42641.236441334804,82968.91989413001
1079.586187572561,271839.49309778714,-37093.86580589986,56493.7390918962
3868.4158852907603,744191.6192673997,27660.917130715272,55939.92972965337
5496.381534724226,415583.76743214176,22162.993322237817,19713.60645555704
6971.690791045861,831456.4756644781,-48256.540502586024,38208.90498028161
4792.847826988377,932573.6072924187,-24667.726277513026,94952.13600227132
2742.146190605752,144491.31104267947,20653.501590963395,80638.80246201214
9625.43908486634,177847.20215401283,21397.09521045287,74719.84898789486
8881.354552479426,170314.885838108,-4977.3374702004585,11166.152925805207
1695.9950137085445,856713.6130334391,26041.9817956919,45137.98310289635
1284.5637732392602,885032.6679769789,18943.499298723516,15508.710024722672
2339.244671486664,783024.3513622944,37363.4051400927,54539.8205829588
6293.056149475463,22538.813504554986,-48325.68433231342,30476.852835661593
12.287061000860744,666919.0201032433,-24145.995853473134,21433.573680861406
2805.517376644441,600543.411583746,-13687.031560020616,9654.373111515346
4225.112662831647,668997.7544973937,-19698.867517603114,54092.47897830715
3037.475511927705,523378.6603773948,49580.27757217652,46214.28328247247
5951.226386320186,822873.9336401126,16240.302768735652,79037.71662610288
3217.8744948309422,66036.34429976906,1853.7051952444235,62635.24583490568
7057.436476427223,93060.08281386805,-21395.772331740947,679.7635230476828
8011.842982203764,568890.3740716755,-18408.124938565208,2084.262321735497
3791.8708223299122,840140.1092045443,45208.01095680692,39383.8360100136
4958.72405998519,257557.19085729172,-36709.38988764123,81231.26361091385
1869.2825979035354,230181.2509286649,-37288.843225922894,20225.009482890764
7714.423384605769,207347.189886903,23111.075339083283,89261.19119713866
3192.709734685426,350338.2759677411,-28302.983551744608,9698.683166867993
9387.143178996517,396760.38103307266,31320.67457238036,42849.2208691993
6750.5476987764905,437603.8877611332,2510.28521109141,22651.970750198314
9755.56283988524,339479.4052365879,15687.299549841744,31864.750595560443
8728.10163689957,532657.5308798987,-1506.8250964542021,46701.68139463024
2658.525609209176,409312.88329793204,-35032.401475558814,15569.761452275077
9372.67713955261,55766.69226282485,48260.90851617175,56404.47852617685
2345.300187457383,217542.4714855434,-33370.16182565925,54077.20549333042
6651.274419877197,526692.8695324138,33657.13360709144,14444.884648693635
75.47294197569832,447126.40333424514,-2047.9731764184617,84835.007780834
9239.947614871999,335556.11933279294,25029.89522632434,82106.70989818251
4757.538321448997,93213.07462433151,14635.904770951565,78901.34020043396
3883.8896117291365,96610.81720616455,-19531.202573175622,86293.57481546722
3915.247823459346,904417.4290099903,6077.416837549419,36776.792277341665
4667.310438916537,121885.95052267931,30643.957483138103,15364.104310099136
3770.7790913645035,684313.4019232169,11434.318378877615,8559.01838725468
4232.165675976553,216643.1820105739,-44112.59351504337,41047.47446900997
9733.790628295974,477595.6256176068,15631.523166461848,48185.55288771532
9484.799717914257,483605.2971492653,-12842.460318584417,88704.88098713158
1085.4209478062326,930363.4558358217,-30555.196593362933,36530.36585868035
6829.568320266954,107909.0104307108,-12472.752853383965,3202.5907569316005
6146.2977234701575,598980.2674101997,2803.5136314311967,33119.81148976001
4468.499970816053,159734.41518112054,-4163.64727086357,82662.19680309153
6717.618215661864,406961.6122948412,25452.909241110596,41233.58427121103
1806.0595454573936,36564.621155760804,39148.986640602176,77353.67774957302
3084.362738015883,74344.72733979626,34116.714296982565,96156.3029886456
8498.078339045342,932028.8649138887,45656.50847021208,75996.9259637243
3369.7046024622455,28993.16784490655,-29699.42881616203,11345.377166617876
8183.910724977057,563281.6806810171,14666.624606739664,26737.32842833747
3529.6797209547317,994289.2075368799,-2123.036589305717,42280.72455204397
4440.880118721971,873871.7598792928,25319.295248224822,65061.059270902144
6777.1766950786405,552667.2041831987,-5407.717832816939,52762.023339881394
9000.07874589379,694053.4740163438,-9329.91533337126,45915.688117533435
3724.310348139913,929441.4987857008,-23363.390722209322,93419.0982794041
4762.583219517828,465494.0100674638,-11218.432955997137,2301.7356336717976
7032.242436648408,346381.2809026925,416.8953669350085,27201.04762251929
8655.143945085852,322329.43621523003,27463.41249018043,77600.80351583275
6857.511229198449,319486.03915341466,10674.115562841827,61609.77934286144
1864.4193732537706,505522.8442237856,24301.775244296135,3905.8961404005554
5883.930634921403,760414.5916745315,29085.051005822766,72443.53900019373
7488.809318978249,592477.5139318666,8618.621336129661,23619.5767799632
5229.125859425647,66020.7679647918,2489.313506647828,28816.077562285038
8146.9550141863065,148858.38487161312,-22998.39495640864,76585.55547661529
5014.762619614167,965448.9632361701,-45117.76594653419,54217.08253698543
8581.965551697816,714574.9338301938,-40954.8648523638,19.36563882911635
5889.537863870628,599242.4979778241,12314.254119649479,83379.4931595206
800.4354817685344,460878.3855844033,-25056.754463669084,13503.718255682074
293.9885074635362,389918.20099354343,-5162.563254271336,99719.31628220544
1785.314485572267,540526.8740366604,-8425.113427555953,86314.196010447
4756.187247246407,948460.0829049005,-5360.292709476569,63113.59723920974
6321.691875333068,257970.9917774438,8722.292754477501,9340.8918335528
7007.383083090644,426185.3650478323,-15492.524157630352,62782.1228454994
9974.55885708281,571513.4840324032,32063.01402824484,18871.602767915872
4206.6494261471535,266435.9278972264,25757.260871303806,55038.53240926954
9757.610635202773,404395.79517723626,14576.26404374068,44502.2514869332
1063.6067345991596,995548.3490268417,-30223.089766255107,70676.42956321224
2532.1515182420253,866764.8075891373,-26995.802698677486,78440.09492913146
9148.27518092743,337555.5436281567,-27682.91842115057,1756.125345393844
3675.164583630588,395472.83879478707,11008.745385149276,88465.41399644664
1177.127346088439,302073.37473783613,-35326.40757581909,2557.649293509767
1055.6092842975784,323663.9811287763,5664.621992724169,21817.247505418978
6564.395625062794,739825.1074675991,-49098.74051843978,64465.64184695661
1858.008033271672,457099.91557655233,38929.158995982245,72268.84124147771
7027.705307749959,225256.89184695506,25199.851656841172,49551.74470392185
2292.387309942473,739178.4811581444,-19270.448794726213,7658.413303561618
3537.0873491143207,870697.5063494707,28612.808341974756,92620.15085670467
2729.6321633917396,831597.8321624295,-44691.834633838356,80140.86710117267
8396.440674971549,201515.36417380915,-10820.708456248605,6481.89742485571
3301.318538885979,462619.5741117274,47466.54097927337,66426.07330767626
8746.501390081581,506726.0070486368,14680.276366707149,50223.53395208483
7503.086102735448,699883.8933057124,30348.679613539643,10269.35585723575
278.3835940365287,664503.1981561723,32119.216357086727,45235.83347808544
3840.613085884651,669729.7568569642,21404.27787020804,64479.79658367226
2446.7544615221273,367046.5103728696,-6922.012519709046,48768.09485966373
8057.257088038081,169973.4828283353,-1827.4836858170675,54711.976452301926
8971.705684737746,854258.9960239943,-10911.317743569423,19773.74910086319
982.4219470759632,248098.51643268103,30527.023022235633,12306.822372280158
9918.382518943306,230687.59339880652,46161.90492729156,36812.81146094977
9539.71573315084,921809.8068255271,11022.659082364247,48447.10377975696
4143.435881679404,305179.70289016364,-7387.822822704817,52776.87347349708
953.9615368417032,363905.94902182394,-10015.290323881229,66893.29193779855
3397.356585960569,977708.9165758585,19321.113477396415,96202.21017304945
2696.1220129371586,118421.71880261891,46981.16160578339,37565.34924017908
1871.7570834821918,582823.0347411775,-23421.078814734487,53936.6541942926
3205.2025529739926,579994.8441887144,-44681.36027763921,78236.0862141337
7480.661660786175,264167.5941117739,-23355.05368948436,94925.85897886805
926.1947186548891,613409.6340455698,21202.661509566475,16601.72130946025
3664.866962652975,899537.8879633886,-3832.207488827269,19884.56177656722
1703.1205624407198,735270.6137474645,4202.823257971366,29995.275953654276
3008.4377344727955,940912.7539884972,-2394.2829061845114,46618.49028272533
7066.243863283703,704759.6573518884,-49336.4683640409,85008.38855145876
6456.398540276507,838923.0735785735,13787.87852223924,65762.52732384141
8452.508084232992,255429.36462588116,-3299.0649301706508,24287.229827402967
4422.683442452653,366208.2803067517,-35242.91667228302,26700.754336444377
4898.263876129339,184985.84380468717,22426.645642913893,72768.0979743056
8577.407454569102,879113.9453962515,1034.6538643694948,38434.0066776834
4243.350627986166,285014.32747035724,-35961.09779925361,60618.329067658815
5602.522274866408,302183.5116107106,-7551.962764430798,95160.57864899756
385.5912374891879,637600.4100506484,15421.778038139746,85148.19136089366
6704.917206114978,224897.3528753226,6661.783540412427,61335.65837222086
1624.765123752573,310800.1809929065,-24106.901988685036,58959.29833860509
9176.030675129527,645112.267572771,46552.52196182334,75975.1773381354
7635.122604571503,469912.3414776064,25741.621512277678,16595.269492440257
8787.030351906518,278654.59012442315,40568.54719910503,60969.65253165464
5105.4993273155915,546505.5276152556,36194.1926564312,76960.17593190243
4308.629889381268,999519.8754678306,5214.664883068552,43173.667955688456
4586.098122533998,852153.8184677993,45453.42976684164,83770.46030669683
7944.599911241368,520132.523580221,23802.892830336044,25036.614436065065
3580.9961498527955,768833.644536665,-42553.40037321078,71305.90913106424
7968.039108124734,786118.305960598,10609.652618845852,63540.31590311036
3425.444332706413,512935.12616956624,44926.29701279542,27725.330478883603
2349.46537931895,25042.84725266933,-45419.89130914152,42209.17220813025
9987.017771047582,994841.1816548766,-36436.43768622701,53212.56356876347
4665.791762703083,333569.52772947506,-38279.791745837356,45958.41463290029
729.6815208744011,461027.29572588485,8674.045082501325,35218.40987796834
6079.248803682204,212489.42902937287,40317.13357701893,73546.14959894968
3179.8343785266393,570635.1057045141,-28782.138028706184,88064.16818375433
9675.314157048067,504076.95680033386,-1871.2867579825179,47394.76959840848
2333.3925998983295,503473.1852119409,-25286.252787695386,29172.340074160253
5948.7156173703415,491223.8283563265,45682.47787735531,5547.374815708817
7042.975074931669,81397.69347057467,-291.84920013602095,89190.18013118993
726.5662111834781,362804.9640823494,24824.941948438413,85524.83736103085
7924.255240300524,790026.5110766079,27439.87582976726,78271.66701418668
9317.696577998131,34728.90497776585,6661.774031514469,34849.11209670729
1820.5395370150657,692739.6543942721,-40659.09059215156,55783.576351858144
3177.245732093803,241126.55062941706,28029.431936834764,7998.45503474157
364.63598222225005,53919.144055302764,-5985.936830320483,75701.22645534627
7875.572824418448,295130.5406398385,-39361.04434956831,34560.12273927298
2677.0751206252985,433381.5505073149,-31671.970605047496,4959.566584929443
3660.5537532664957,883699.197928728,32032.468384978507,68346.22786824696
4739.746850291077,838956.3117773377,-5729.487283189119,37025.186978390215
2402.322784369434,905937.5394722159,42493.06604283019,52238.348875039796
484.0135256233569,649162.9660769483,48200.02478323603,47954.93601985532
7209.523997645922,149368.81289924035,47048.69828083487,58526.516105174
2132.3643968928272,642940.1826697527,-5862.994403954501,67206.69469987652
3506.132944762962,243609.61212724878,-3289.3343993400413,89508.22371787918
9832.672012619225,578380.2228327782,47734.85813955075,60468.00939177861
2857.913111237683,495901.6726796526,-41912.63081816485,48113.060610370805
3124.1124404467946,827421.3857619186,12571.554809024674,46768.15172149445
3337.5688338299815,157953.4509782359,-44486.08968589193,13318.609029543515
9273.815818767149,138451.96172946208,45402.40895654919,97139.25067655886
2717.6551691362315,298544.71237961884,4838.202223347122,80123.22863586717
6023.3045498765305,463778.7073426902,32014.670809451243,87092.12757130055
3280.311654046535,661347.0935191677,33004.2023234581,48841.34713703438
8783.78467834611,633912.890609594,-19675.458176044493,172.46038745173388
9532.877101214473,852413.8418267414,2572.868828962157,73486.88792213431
4819.3527572813055,105627.05939050384,-37642.74295649255,4862.877559834755
2618.4537858121125,746792.1139671011,-14678.489889595068,4010.4550688439435
9457.179648329407,935735.748877769,-38249.169730547015,52096.63678360964
7710.477347155383,148710.28400776943,-45937.889389323536,82155.90391923701
1863.735122733471,297553.2159681605,8424.133220212185,65648.50157872858
3180.3602399319307,924794.2637005247,-13180.710961575045,75701.92430222443
426.114187751061,401981.23363090947,7049.880389833474,22668.430209888204
2827.267368296561,374765.17615578405,2508.4823423986454,60854.256402588035
277.52863320682275,210180.12805645142,-9026.81592345683,46623.72173512229
4959.090023932819,129072.04212232155,-27744.971680765884,87554.16560956294
8006.027032177438,209776.27422801216,-41783.70921974609,59915.2345263837
4613.675345735515,227912.29475355434,-24505.29167897094,87468.79559987257
1085.502890781812,811558.9917493315,-28789.88051877861,68433.2870175293
7709.381222008853,221093.4242959653,-5003.562928679392,9429.058025668292
2068.057533836367,648620.2099036063,26893.234605496662,75318.9044518309
8414.011394143377,953188.7803263958,-30052.321807857184,92080.61026199405
76.77675079598045,324889.64663458924,28818.87940476992,46195.995307393256
3521.1988200212263,943440.7088471041,-48756.76107682824,8513.641424047059
4637.984435979211,745019.1989955273,17910.673498988443,73140.10105603529
123.29719701352882,134864.13218258068,28118.056163244386,42637.017363796695
9392.038133457023,102568.9903925483,43507.647248002686,9649.351362789004
5369.843859942067,512003.5956540692,20264.60272834357,82062.42662513671
5721.725175749452,708448.8086760247,-18660.821297338047,73883.24528477223
9600.656561572212,191797.21754638752,-45424.47031837393,37264.195041247964
8837.32499726173,826567.6213582997,30070.503566439467,42434.85406874541
6642.6262334221865,377000.2231692549,-29347.809234079024,21780.32229143779
1357.3993663423057,828644.6026469765,43059.401915969516,81902.12645581065
7559.269352042757,706621.5214324278,24219.65659863678,53220.42672758481
1924.3703799472455,305134.5119051031,-23035.30886661712,90523.87644634453
6642.099847884032,922826.4209262826,-17411.159927411412,59846.19574588056
8893.954595810197,254220.9093384383,-36152.84959449277,47146.09941589395
932.8870876298768,558758.3525000587,31306.374150296484,2489.966174178171
1637.508452236578,215829.86598190575,38403.50698787661,89784.22112204219
7065.858600517958,356733.1261219701,36132.859769976116,46577.06845848402
4496.354169985084,62617.792515231835,-23025.90307737018,71046.939649078
1718.9122168807692,551258.3626647636,29490.097483624297,44017.54943314801
927.1440430699762,724886.0804877202,29964.835623648018,62687.25216448775
4462.898450093999,216331.81094015247,15517.95854338188,9732.914163810936
7877.327768093082,331375.98333979613,-45675.88376658208,6546.301947187328
4298.0387587430905,161471.05189589463,12881.47105861541,2583.4994124903865
2929.784518735076,132896.7739750148,-22284.723619622637,34155.68450017178
3666.537763479548,345928.1907754108,-20531.198473183842,45462.09760717981
9255.683595451104,520740.11706504534,-48974.76440498972,2263.8116996543276
6230.456172964896,665542.4553431409,-11879.281463371524,44319.48484353565
5914.633792378403,36834.10903075748,-29150.067162422998,16551.985459359876
7203.903312937725,491683.8409766898,47532.17945802925,90887.43231294998
3541.1855350183796,717589.9165803521,-21402.777724898726,40805.78656756705
7528.6150442262715,426740.9762838765,-12533.349985229848,58864.88672207994
7956.749134450476,818394.0651613694,-32152.205079318785,13807.404098531895
5681.977081329025,185606.21131592398,-47576.18530956017,28332.868550751045
6745.989262832564,310699.6951906734,-43385.20306126762,21214.56544512569
3406.5565916593964,477611.2991772686,-27098.738213774366,98163.79830022191
6336.760411555495,688669.8593239503,6142.763638236393,94691.61861357183
4150.20648291949,348366.49056400155,8390.791395977125,71190.79734355294
9622.644107358814,467325.77704252774,-7113.542743841361,35558.48568670127
5505.802650995787,305956.41933298926,-18750.021454574806,21902.648943150416
6667.1519772230195,739153.6090241742,-34689.70464660808,85223.02196027595
9439.676882208283,240945.7811729107,45589.59729284927,81429.9951044934
3528.6553628395523,121122.23678311447,42148.936318705935,89662.47209165142
6597.810376171633,994647.8841149291,-39682.473137824294,99588.4436552437
6745.106544049384,809066.0116322155,33769.67825567874,30219.618115031033
3478.8458892340577,55109.38692170493,-39520.191064265055,68744.16792426867
3517.610111383015,661384.6152788355,-6722.7048824388985,17979.245842531844
3762.9869665254932,525264.048537549,46039.41086749306,19267.644352513034
131.91215479595675,379014.16404337826,29001.920916507865,73990.56101315915
7585.840697958775,812709.0601933406,32233.391511133697,21341.151388442704
3656.864691145416,213621.8231387181,35010.62151834663,42601.17351327144
5046.270305546972,355556.4985878189,30649.035599676805,52885.65935377748
4458.931581891963,80977.5883975511,21283.27304495666,10168.292206503615
2737.3191382812765,103813.6396749554,-44840.375686254185,18372.71451566812
9571.796120286694,541456.1955348958,-49806.63372113958,26412.72559993014
4589.267986090016,240744.6787805898,-28139.557007101466,28286.971637950497
9460.133931824475,394622.2229057081,10934.376208668553,50681.337589958806
813.8900458380194,813667.5454670513,37145.65413905616,74004.98644327094
3216.6141239386047,599851.6326060246,-11467.698046122598,70383.57512142029
1238.9622471372163,408638.4537893443,-6933.323845476982,57855.879790406354
9731.188826944586,959942.7209572025,9085.028873646916,63867.69390654443
1822.100027642566,988477.6062035689,14112.671376715269,63129.52895699846
4871.736967934797,749669.832745205,-32130.89456792886,5002.304252694834
5632.975383191264,798589.0495480358,24553.77416633643,73797.874735226
7215.122643149139,996232.7153341055,-28045.41412048912,31728.86687084304
2092.9801415586912,610027.8750091069,30487.70805965981,78715.01239662127
7367.72998171578,483554.78670849546,-46031.43664000257,25850.75698836342
761.3989790548692,794267.8700157552,35730.37282276548,20061.636607103304
8414.538964106361,337383.3615000618,38647.97819410976,76324.52440295607
8457.154650275495,289122.67524506646,35691.0720250756,70799.52995511792
7535.804758752045,933145.1747671369,-31177.59135122167,23318.990898078584
1005.1846603191161,920273.6496030715,8372.959734861695,50901.65399808581
1330.3994522293383,593509.8605993295,22467.358162902645,5307.770188384608
3396.5159476038375,207857.63509294245,46639.39111017085,17123.52876475878
9884.883877362683,887615.1122991982,-22531.22311238408,56460.880872814356
4651.097775170594,132567.5250706144,886.7279206959865,86081.4707945563
7127.367893112094,68906.15930836869,5739.362057464459,26601.047249589803
6172.456343868355,780719.0249422276,26264.299420256546,75403.37043607578
7505.224510912833,533542.915250036,3327.2908597744463,20990.32643326326
4883.232889930199,952736.4576924684,-46417.92815941082,72717.56581986185
1525.717785957369,566327.8776509628,-11841.97803938498,82212.6737644071
4930.667960771764,624511.0544091886,28046.72469094023,67245.51732442806
5198.608452476285,666107.936572553,22049.767945624262,61418.09463784851
4251.094004050055,396084.5602886716,-15033.309140550089,3763.837715441842
919.800723281221,107603.13620626477,38643.275579165,51193.98654439818
4782.500975470859,167111.4137477036,-43433.16886632789,43701.34079887301
9835.09058184208,801615.6415833408,-16113.451822426417,77329.29039471246
7614.233896633094,503552.71610997285,29053.34409464497,43136.73454853234
8223.07876364414,480571.80112116993,715.1090020076153,71737.12272052132
6862.887142904168,605054.8771129362,-5930.441094943737,82462.55374851698
2936.3131509398345,601350.7835048976,14568.458593107192,73801.4415116945
8563.458490433968,747466.2924324883,-36316.79475960361,7481.003559530819
3439.7181897054475,702352.5701030636,1383.333148614176,32413.432930597297
3364.823604482262,659945.0333919682,43045.80862870101,66697.27850221646
485.38059777159305,196758.62808293648,44704.398239712886,5963.214130517625
4318.5934766264745,241110.79552930503,-20135.15357403067,54576.054343498545
3962.746663257768,408938.3301855136,13552.984222178413,82552.48950072624
3550.4209319484416,443694.12269668194,34829.23893211213,95526.71514390115
4963.2988376579315,885954.3221991821,17694.534145940866,67693.76227047382
4102.812231762025,442136.0000335704,42128.86824398633,28382.967503297452
9598.772212619606,921119.6923465118,21945.326560726346,11761.758911054743
5738.512947718192,182591.13185184382,-45791.30735515237,76142.4705732214
4611.973443862842,811560.5160031903,26159.15072690547,74462.67795399582
5993.526591541068,999787.8444408738,-10101.878440370558,10732.103325819564
7319.26457392671,556736.4912337634,42534.521216126246,48586.86776537773
268.8289922496678,170197.79110150595,30056.250912876654,47564.479021120846
4923.774689718663,809872.9538019995,26883.093764642646,90310.59928358566
7249.84174799618,995968.6841780101,29873.587410897468,29651.35741996705
738.4007489673594,359257.5201550763,45499.874579322306,28312.516653813258
8442.728265916183,479072.9466357114,41970.911503851574,86039.56691945609
7357.662225187845,341354.230849978,-15724.139627671066,48970.419100629406
3116.5713212790947,190125.63208006995,-30564.143859668035,74335.03574923435
9317.47023470739,152688.43561973044,31693.74826312004,79903.99496989271
2440.498555060673,921324.7759229669,-7062.115402228628,42080.634557515674
281.87333666930823,652455.7379435728,-7652.69113466952,19129.117322898124
9104.81610782457,757966.8913554638,41062.24226605646,66753.34235337019
2295.8450654056073,112807.64889160212,12625.078833517786,82089.34660095617
1215.2142013315436,767991.4080692953,-1996.4723302804778,59146.47315188941
7143.172480369362,958767.6550911495,25198.981833558864,63830.2430377669
1749.1053873039841,214006.4096094803,-32240.471613393296,39902.50583615127
2348.511314558288,504730.3724901288,43958.51111487423,38582.14104331148
7363.160243339828,677249.5038081583,38965.89189752843,23962.18976254012
6862.666038044947,879497.1183845969,-33968.92107702085,44016.98898168156
2841.1005648512555,507936.466943225,19512.326943680848,72695.52897304857
3970.163472283098,76800.96036892745,-37470.8139528946,22444.883469769615
9970.815950609349,461450.963057338,35080.89574058961,98480.27507280644
1458.1759621256463,793274.4651522975,-35334.97506296838,16215.924716040176
2139.861372078501,464828.55590481876,10747.068038448328,31493.557713495924
1585.8611766017762,460813.14018577035,-23126.877254791678,39593.033202175946
8438.403337755295,42987.854963172285,-20215.863134319436,83482.27752549194
5893.179090242863,605287.6815201393,-26418.310862678394,74361.31920909006
3558.6741053407845,479162.2831348048,-11188.379993060094,68277.87777339944
2388.2485221390193,408558.49544079934,-38726.75531999882,61439.66411654998
2279.9962630486825,168985.32948036888,-6571.694088036653,63821.12777346582
5152.306988265492,355744.9136507567,12475.210295035977,85760.1191340073
9828.442869825443,352682.4314355721,-36529.48332251307,25462.541053062083
8901.335126673675,934703.0879594436,3321.0239030481607,76680.74388403396
1900.1925700583022,434822.82445486356,42036.25201404483,85304.05905553722
3543.4089295453473,219665.03535943,11322.462510814847,71197.53594450123
637.6436059485735,566084.145756954,27415.83228840283,97347.60772442014
6270.841414233873,295992.14040278224,-45006.24699847659,12221.032792708076
5347.349644899151,986483.254242257,-27930.3513259074,13216.174906608736
1226.1777868548995,387996.54226470017,-18031.870234417835,79183.26184451154
9248.839333436734,614526.1919870164,17793.669048178344,98213.01814369485
9281.104612963172,856782.9029320241,37247.43807749185,73240.61332614342
6043.381675453859,551730.3916073296,11213.30245131583,22484.629184380832
2967.3375704186233,340064.4146968136,-31774.578760168413,4338.309436591226
2591.7601148667723,776972.441880985,-31253.731485938908,87053.093844401
4098.5485224958165,890905.536091019,48125.320947245506,52402.0467734023
6490.118985096094,110114.33338110102,-14824.926078569224,69483.44299952286
4122.3944746831085,937345.0880938119,24492.399834219454,99922.48026438236
9832.942597763145,949361.4307953634,4969.747534077862,98951.66090519007
9741.714443137851,229852.30927112745,24382.025345288566,58198.1456946151
2952.2310055378985,931805.2178115199,501.43400291060243,95478.93247227857
8843.949273157574,28569.640408798055,-27116.05897219963,34502.45256342933
4421.934723188183,951604.0247350864,26287.477378950745,33097.78898700528
4277.856321592165,647294.7277752941,6623.3278780297405,12440.3808685849
6116.710728132581,415254.8212277657,43408.63851368432,11715.762961725506
5516.572774958286,676155.1308142613,-11120.681651385137,42760.49790608478
4614.061503005978,838409.1748090014,33239.0516746691,47442.170626464605
746.09705848941,489928.88784565125,-42038.45148822478,66887.91452678158
2728.9221982550725,913686.5378264233,44629.53213415554,16143.651374372015
4418.244715585966,153963.83414854232,-34514.59422912538,20443.825995449883
7469.7537284650325,723937.9416329035,43684.91540634891,9994.114708439594
7807.147691358326,704648.9647342595,-13813.4252488747,89017.24124727369
3205.210382207525,680413.31178696,-39724.02790921346,91784.66067273718
2608.3531762096877,386390.9625315316,5915.51864542874,13454.54196212993
1330.4386415242063,610285.4465063816,-49573.3964156265,56759.16976404928
119.58922951806672,212048.8265154109,19452.511312136194,66932.47897690757
222.07377917913718,742983.8210808319,18716.881246002158,36741.13501268787
1042.2577352069861,138780.15129426576,-5216.134403636926,51080.246711185464
1770.9941335438673,709791.2093623192,-30157.40074142963,6317.376349011172
3442.716917375105,716251.6349096892,-14520.055885623886,83416.26175295969
3281.8985116615527,756156.6136098946,-16528.07462099282,75844.27029412614
8912.416128442714,809167.3590620668,-2184.369989816114,73365.24679166643
6028.764906720343,791177.2236494157,31539.822056295103,81042.12391543326
9465.947149642125,861067.7616903884,44273.83572821085,9121.276592571814
4255.2570980694545,983702.6264666837,-17879.186087540744,3943.2865974147303
216.07061849055475,831352.6343735461,40072.690803340825,2622.3953954130243
909.140225734627,999514.6224312927,-40979.24455993914,84959.66507616929
5364.785920891829,802480.8089267901,24357.05153226097,64902.41549270463
8899.766468642534,119035.51149261973,-48771.77069959635,10835.243483733437
7549.499511721051,739300.296453151,12694.934039315223,9085.56224994901
9167.695867318556,720018.0668154825,-8633.829783595771,88249.22989226681
3083.361715172075,47461.53592193722,12519.500934811222,3289.5447757838924
9355.511855645567,214670.3731643609,47284.37390159897,37835.4765526831
8128.829576425155,762866.9533132993,-41842.76786374614,20702.716759248397
9368.89766003524,875668.5357582087,-4066.505785122674,68383.77073088834
3343.519035886248,809110.1966531631,47082.90781527544,59100.92083830343
2617.0311189427466,590510.4880157332,-26338.84703531465,15988.650041730423
7037.411820664967,264857.8317880912,-15957.986075831941,27069.65791998791
4221.366986802794,348664.0572461179,22070.806530482427,57911.33843876371
9380.475183642084,708126.8861290828,-35318.79204945737,19197.2113241919
9981.861965637894,810962.1589281884,-26416.029371604698,35920.45154452599
2699.7601083109544,489411.2077530937,-44672.52601952793,27504.33662404723
2389.710261818109,735698.6510130106,45846.445153678214,48877.07865530279
5405.0397605282815,790609.8883614774,-49443.43029908602,61376.14929009135
2475.651542239884,480877.62397252896,39119.157563258574,99329.88786990194
9582.050005562485,331710.8270076648,15191.414538338053,73261.83516730786
8782.909625165865,327069.4024743158,-44205.75040535848,3885.850500542598
4792.39593224345,932182.3837289513,42371.0357204567,12407.810676792864
7253.8302619984415,270326.3775787827,-13822.969000140649,2122.2364307879493
3119.1835948987277,319026.6745966979,-15669.307599280372,53889.95404586085
8319.276121711464,339611.70438715187,29674.427325913377,23805.481794032225
2997.4453107225154,758447.0849397924,37533.79984787766,75210.52477258393
9979.844130463254,738194.2249883085,45530.55659626494,99182.58734299403
1868.4136254431571,593083.6763823528,-11203.695612343508,77725.42466607486
8167.966183841764,373462.4252841994,-47749.96415220892,22110.63025727469
196.71399856901473,691769.1009583636,-45955.90242876669,75167.39010135965
8179.955180515362,424610.7490340512,19849.663553632563,790.0425440276359
1889.532140642335,243758.63223010369,-33655.892408430045,96530.75765427909
3467.0610455245865,242651.4062676778,24079.101983149667,55867.28720757111
8656.822701019693,674386.9339746294,-5150.277267537349,75583.43820380677
574.5981704476933,562204.7292500987,-43248.8354487801,50672.51754270681
8351.62082654408,444105.2128730143,1301.1275018915985,24271.700689029418
1518.2061819605497,829521.1036242025,11322.361265357642,63357.900646467024
9829.517552680141,977851.4706870054,-34278.81239192114,12283.407313699923
7386.305987564308,236187.8856905587,-12135.693422168246,35702.17783706555
9366.364049250551,116707.14458091813,37947.5441510502,35.331932989324244
9457.816511774305,532974.1217056087,-13433.37736530669,58347.11848785905
6173.26486278113,688793.2964691375,-3358.520572638394,97350.14902610949
6624.1917618636335,123266.45825263539,-16088.04212489078,77231.49435433264
7047.924358028821,301359.4136984111,22414.25271874678,45088.78086878747
404.84147578648043,540549.0960745859,10663.756208087529,30988.163101632737
2701.407767298879,241017.9600405897,16711.457286475823,42003.65231130224
1344.9983441359059,599381.2129309907,-24192.607005299727,54069.93951966728
799.3802305614772,74077.76120971347,23096.08725642659,64078.5579124
3085.0942391973126,794324.6567570728,5585.306357367015,5369.827487076884
3256.8853094799024,643929.48800577,32570.882752994046,48620.69754032147
2890.707027341991,586275.3565919949,-8233.2651711016,7101.284465574642
7825.726730889582,187436.1533629331,-20419.35877821879,40370.53676248332
9932.142260467092,860651.362077876,-31707.26915894363,3704.0968013645756
6513.51461932269,877281.952118734,-39664.9478766738,21895.13530684033
5102.710205139354,566890.6596321937,-39563.00077448883,75541.53836019438
5873.439005542106,222232.44009923,30092.73623228632,75530.52466560615
8664.761685585067,313712.01926894713,-24376.731775087013,67154.395988159
6703.834478382672,802259.1695911214,-38952.92272828586,49138.79526069483
4512.546104910023,459591.7792194228,30039.76677387439,14837.511228010759
3196.596457183528,520482.0771602111,-32545.501940417744,22945.500318593116
2340.9525129887375,102909.93185146835,30191.429865904356,83304.46276128596
4073.512579580474,278882.51453851996,29645.77709283025,99723.00781676102
1509.1967128776485,681218.5129585175,-46469.49961153635,46205.995047577984
749.5722896453206,569740.1528253295,-26438.9340582707,65585.43223618707
2888.5180309064185,494085.3147435269,-2693.896206358979,70267.84370829906
62.31491739151718,859746.9792950694,-12550.804815800817,93660.75438539562
7482.946730645266,28966.36996477518,-10226.547189251447,87813.5683416671
1606.2828364059224,208751.28848672024,-17628.074472417087,87905.76475582295
3112.205472385037,974559.8551886698,-17096.701943586733,67438.01425899538
2211.636637864719,750085.1132162836,28153.748983849146,89329.45730031113
2945.8067669034403,671095.1161714244,-29267.765190194616,17597.042886285897
2606.0009193501055,224427.82925090435,21417.8721588115,91890.49493853316
2177.4097506483126,652009.4122037689,2494.5168263089654,82879.13220463654
3798.5974032083436,184159.40119090633,-32650.99485221352,40334.372936040316
1628.4975605591258,156465.68085426197,-15324.017758130693,17724.51156037873
3225.731971209046,870156.1712344103,-18176.41413689487,7235.899225571096
9570.439604233055,617164.7888320774,-8869.27171478069,47357.40167107545
3196.6970241120453,67982.47583157173,45548.06105072565,71512.62601295124
5553.997992000056,332904.7745338139,25401.156986554808,50697.04129463156
6679.15061200112,755431.057617229,-33154.15735450865,45674.85993186291
2535.3459283861735,920340.701328149,4381.99954259659,25013.07809316885
7963.035755647683,258365.59413684226,34733.57934873272,24077.856032548374
6087.654274791462,344398.08714173234,-42531.01749519748,17090.979081885725
8242.102671362412,516818.20123098156,-31072.650588229157,49441.844475409634
1987.313708332713,491792.87956049986,-39667.27964613243,30673.08066286327
8652.095605964383,908295.2983073635,-1580.5743151080096,19905.50341020828
5963.852786496718,657111.3581992355,47458.4879415203,44940.8837151476
5804.667068831498,980244.8466986434,25266.20177901507,83878.49487433041
1902.6144996768546,495903.0576802357,-27407.521030562388,3804.2472686830697
7356.08377536497,508638.0635737742,-44772.056934391134,94958.71071843349
7289.254526965152,964239.5307530911,11235.186849950616,60763.08995871637
7649.781947931051,224618.65910898053,1900.9610478355462,24179.83272695308
7185.123404743618,829192.5194984232,24322.538705279527,89107.21031993683
5971.840833466941,916173.1009724572,-4017.155718903021,51854.8472362636
522.5935137669901,299684.25922719686,27235.379361893443,92219.8924864433
2458.4321583198366,816774.4792268531,-43688.62954700778,86281.11469268105
5009.397192099989,52163.3734949086,33277.96664411304,73750.87780942288
9194.309238605474,257953.468402082,4317.733545920943,81572.66351036588
9431.034718932919,830559.2673814973,-34233.92145115736,52424.35480252847
6541.40024668347,267749.47825392114,28534.684615309117,51885.28259428197
4640.315868935445,224968.17809194926,-42134.635451714865,31247.57400387235
7236.564509158407,661994.9715495377,30800.252144188038,4300.072202515248
7023.098327026566,138524.07478963447,-15679.436790789943,55885.739419565136
3297.5789447071847,480386.222934631,10797.624860884069,37631.06849130095
729.285694645142,476907.5448126382,-5783.7689583846295,21968.768981613885
3276.41076042677,924293.5045248993,-29428.149685436998,79422.55149817324
7458.143981556427,899945.6756459012,38909.55633657919,16095.574940050616
9898.847314798964,418263.9795780866,45663.96860323126,58401.70331559229
5087.005796284114,379756.06249786424,14275.95729538054,301.4692880921599
629.5363602398907,82170.3117940276,-5496.815369951946,34652.17480145627
8932.417627430426,234888.41085327332,-38591.98190688232,74754.336944564
6201.507796848236,905958.1328691329,2697.7482014405614,34774.25961635014
1932.7968212705737,874916.1409955154,-5091.563898129047,78445.19743860801
4649.233205057989,623945.5291856834,-16134.873283575187,64297.25107027392
2541.6614709937526,374932.0114878129,-47082.4161644711,12638.758332829924
884.287806804609,490627.6683576682,-16357.902707685134,94609.6157486511
1620.491403820884,304400.0736862504,-11983.692567681806,96849.6265784478
4352.679542066425,64939.69000568952,18515.425777667682,46672.62422041122
2120.2872811674156,959817.6603064951,43144.6091955818,92109.76092202983
9812.902087280563,494930.8719591351,6113.693187478995,18783.04821103122
7840.888456772976,735640.2385285832,-18323.1855978377,51292.82187162802
8773.78268647713,779803.4664161934,-31399.035421374334,30650.557837806948
57.110572995886514,892922.2684408211,-34206.148727516935,81261.01947823136
1631.1776728232142,151269.0347206881,15812.852704931196,81055.44542657501
3300.7691281298266,570127.4011154333,2293.297210806588,26600.113205171005
3042.587072961049,361175.5511596331,39775.66774455963,41352.27895977579
4087.647536248998,445560.8139432663,-22.235669591849728,9708.144024833098
5578.743332500334,927358.4330110911,-22750.768483853266,32085.15265327104
8878.475241886876,385877.1416468489,7762.306429408527,87003.5895231572
9191.242798334188,234668.54089759613,21934.007988296245,54980.116105123314
62.975826665184755,180116.8663132409,27641.42862764247,6018.4886236629545
6535.2784979116095,933130.299373155,-7016.837973537091,77580.43386753117
1256.0504466607792,943724.427723611,21656.34532246164,73142.23043677308
6686.537412212127,680183.0767194857,-8539.832365530317,92790.28892262423
5695.156016086415,122001.18747902296,-42996.8913479575,66781.58737378856
2291.3271155489724,478958.9811810759,1382.6111622935205,592.5617967441954
4027.9438486021145,707446.2672475976,-41577.76848258659,55702.64158274196
7688.990285080709,389550.05928176997,16992.793601031648,84206.30549943853
279.21750128090173,650438.4749497887,-37989.57786363453,7320.212412633109
8045.673368767965,655218.2067854181,2895.761790463461,77949.53982615429
7286.276352109412,227712.4925398878,-10404.919742506456,95700.43172809905
2038.509181253888,70500.90206996817,18705.401717384535,49072.997876845795
5391.704475611062,698082.2398361687,-12187.857049732884,44042.06211503525
3129.2785988178894,323165.5686692734,-35160.78148527878,40830.438643728805
682.6687397690723,159864.77059700864,1027.9338246684565,61402.21448497499
6966.610005294218,786966.1513539803,31102.39983175727,49051.16522591742
1565.7874024705409,609457.7686283496,-27754.368836554677,58432.06682426617
4955.783224726832,827154.8512355814,-45298.15246481572,29480.358798886307
4966.633652189529,265523.61313667893,-8863.017256516156,51888.221969401195
6535.197859250829,465701.910615945,19330.725982533142,58152.85821073926
5942.934253543255,348233.33666780445,33339.88208429089,92685.32478099069
5198.568521140963,298176.94068407617,-48035.772526082575,92066.02439049138
7000.528263979995,868023.5397660047,-39837.55492403779,77255.55797128494
5801.911422371651,819244.6608777181,-992.8797400182739,2417.2844226171387
5901.145609703773,403319.30093263614,-27165.794550083832,26980.661544650087
3194.3823519374328,578728.3604723233,-11566.2627563239,77672.00862917419
3251.07071061184,391676.3577642784,40445.04643808532,45462.06753875457
4712.0304297724615,675194.031532259,9561.025142988023,18727.331159975103
3659.751910925507,983795.5759447943,45712.520611458705,88394.81514244054
1573.5281890586207,799008.3596601079,-32904.7376666367,73437.5547661297
6757.419297587132,254862.72641646932,17718.140225938172,5810.832662629362
6716.943642359572,701823.8210432554,-8906.898355208126,82766.72269028149
6860.774121795406,972667.1058160065,45753.296771923924,41457.244710713225
9116.613616771616,634443.7874724313,9477.524725606469,35834.05720844821
2575.812629269175,946951.5458985578,-6584.561005749325,99075.29927642079
7119.181852860284,420021.01195807406,14749.37393372484,56117.796347783675
126.84490690872074,69447.48576537575,-42904.91164232293,10345.564863970214
5837.8653994045135,994542.3455082017,-18464.95237767476,66083.14694162217
6700.773861124718,559047.7621418042,37994.386044600964,64265.01694541334
6144.011085083754,731553.0649952235,16611.00913446695,2499.905662690405
2595.694413963174,691570.6819976581,21817.724383171066,82721.60951674628
5295.003736484726,673073.8014051906,48045.73188149017,79715.41180661011
3462.876914709447,178568.0838676888,-14724.854383403152,52032.01732185717
1737.5902332431804,693663.2074451417,-14900.304198021608,23148.452756975403
6431.197013768042,324630.8864500696,-26460.896619863637,45208.108022041604
9125.680548156695,229579.43411930196,5524.067261872377,20269.728534657726
6403.074282867741,957644.969570406,17795.210936977295,94717.81124970505
7091.689490554864,789993.8546141179,-48101.31709207484,61334.53287046736
1310.981753882957,291450.61593115283,-12972.38003173512,506.00119345319825
8810.480077245486,852209.5428820744,43649.96729991313,67133.23708725652
7623.589479884733,205358.67270141037,-6820.357207379158,83041.00526395142
7894.972621852132,447838.3176442982,36389.41153931513,26025.22752507088
9890.604216206468,69976.6540654113,-6169.774697437715,16152.378584553806
9662.481435437197,651889.0417411155,-14786.77739669304,87521.92675385956
615.3688466784469,713797.4253732739,-38473.056157132494,99425.55462090918
4310.841068557406,91720.3961234801,-6396.207791533023,84684.49193788024
9244.28164115948,190004.45667707553,13916.093830220336,54919.02435953122
2043.3849562213845,637811.3222227009,-45426.41328259848,82601.854123922
1562.09964007198,487945.7240750107,23810.539613889836,57969.62976262425
2681.8404075530334,383302.2570709897,15692.100207163458,75214.69107242426
3282.1900518649027,478730.42918591236,-46664.073095610314,36851.623164094
4806.199299857404,284260.1285616163,24636.484878659277,77750.98175739555
4120.787328094141,609400.7539067115,-18704.107747854927,1055.1193122276813
1960.6301325263776,117620.4469666946,36906.49273027967,87038.75229054561
1144.324495910566,25132.44839509508,17896.883569098587,82949.54627543148
5964.492514114372,818759.5112123691,-7655.653599760757,6961.647239431457
2678.896636162734,363916.9732381976,25973.241821502204,2597.7450133094826
9867.51519316722,125649.86888706332,-7899.841055243029,61322.945780785674
6570.921287108341,333178.50454446377,-7146.869680321455,90486.3081832529
5588.204443081501,61552.0849904041,32683.55845452445,41383.65144342129
9088.056567667885,702778.8222838477,22005.97439898562,27937.820650810674
3774.539813758134,933196.0971282925,-21257.915622528988,60340.28307751994
3249.4426197784755,393863.36870877654,38612.015054103525,89970.6079202293
5926.02324076366,866405.2048601701,-18792.946081417762,12007.975688130224
7874.324705089651,848001.4168637875,28194.60430314856,371.60950489190105
1316.1444107216892,546115.6861427568,-27552.548771322094,55974.54782694725
1138.1240770997947,826073.5556990056,-47544.125099002464,33748.02294212098
3754.3218916428114,332745.44635319145,-4927.477893313502,76491.12257351645
4925.016826620169,291359.61433459766,11456.395041992277,24323.3272764364
5726.3855346186765,691864.5833123174,46023.66045493509,87364.95358452639
8766.084511985131,916280.2246897982,46279.456317626624,66243.31904974623
9952.660326140776,459121.07664867863,42596.234194263045,80120.07676994629
4652.098187505903,797244.9770875579,1320.5929033986104,15157.773347851966
902.7165269173809,447374.76968516264,42031.96891597452,37691.408527292435
6509.998673010993,807060.4045562567,-9657.027955208461,25843.383058313517
1305.846797989828,547992.7280621799,-28677.49356994176,60917.90587737288
632.13639160412,79350.97678816633,35439.29181452784,85633.56281202356
1196.3328403416008,283258.98994636914,48864.77064279243,80100.43699994287
5847.331308802807,504446.09852433234,-26959.225197946813,28420.781939407323
9532.56500551623,271852.14981559897,4608.778039730809,48889.96633674933
4722.818162833628,181186.3152302647,46113.9302152396,38997.00918830691
929.0774779432653,354343.5059080623,30338.484228994726,42771.69307464222
9586.135805613727,114101.81575250479,26685.661879394247,82497.94471033775
2540.560474831586,170669.1476121157,16726.329897898933,9410.752391637523
9656.027557828153,670416.3691063365,37837.39237838863,18716.615357253162
8636.911691800256,386529.1144709534,-41197.92012698941,43125.12498413201
8071.4123662080665,816329.9092113834,-30691.203530786337,86051.98122695663
2908.3922399023145,70666.57228619722,36476.60448056567,80751.35606251613
107.48763144913353,657032.692979857,5851.764095885701,64858.19730098119
1039.9455024155923,669980.2767243044,1761.2140336777738,41168.740509255986
6368.031914031199,209904.31128832017,12475.264365105446,54960.10584244377
8593.745274643046,814423.4816553734,29323.171056347826,55747.5582503552
7242.962947454715,325350.73379264545,45721.677910471975,27100.63692390663
1739.0327326837662,728642.2194545091,12018.014167508947,61987.023239790564
7420.219985718911,154732.2071181857,-14884.748128681043,33085.70243990821
868.3064337488022,972306.3806533793,8039.308549360678,57608.55022439939
1741.0270321442579,509835.618177407,3923.315693490782,84392.24234714445
9638.927203662946,76086.36683917299,-28673.536371250775,37369.95724027124
6187.604709765496,163343.91579836264,23370.842687726094,34005.01072223686
4479.20129456272,785228.72228389,21871.21277928035,59866.265377592295
292.38992810100785,804756.1367021381,19449.02312011477,21247.758144894124
2098.0024018330514,567683.7737560836,37563.42622030183,16582.671296685712
9757.826412659026,351210.91377383465,-23541.5520736012,64374.430033900295
5036.996593845106,108738.3262211046,-25783.16968624136,465.3562673705203
575.7900948638317,617666.7279040325,6427.541257435099,10685.980074265777
7804.532904206139,59106.684833748805,45415.29325918676,96275.73329141422
8435.70967204764,715891.9346782499,-21453.14489630634,78938.4593411671
8630.261032380644,648433.0436277838,18820.309247435245,39993.77447351823
9710.44715475516,716717.7030646643,27759.87240174788,53807.995905231306
4379.5389768994355,401158.2995607579,10580.249431241864,19536.03584683038
2808.998487489127,175007.16753566734,36650.9102639467,17178.25623439141
8666.692717568225,236704.5732703445,-15517.905525304486,14053.992761159307
1185.078985638003,861793.5291872235,9770.77792986387,26016.072467267826
5706.192633537463,860930.5317084674,-12513.825428597891,94078.3395477299
1790.6540472431375,753040.721259071,-15459.188371905264,71600.81420731577
4940.805569895357,220810.37782002968,-21715.372031903236,29774.843471854918
5263.479509817573,869479.294302477,47875.88357752512,79873.14346415174
3985.7879101980866,979290.0770344766,30524.1538024084,79577.41786323252
6637.713675495729,746971.0268750489,-47332.95319528029,37668.78578053713
9928.180728267485,972273.6054197543,17333.684609843534,56463.99027914205
7866.6606808603465,701855.1871673679,-46735.58177803886,54602.93307463262
1520.2714080947721,614692.416886876,8797.634029907196,94140.84027600233
5946.71386574267,880729.520648377,4100.9310952067535,95370.90602059479
7306.279750442513,707611.3450872329,39015.32345974412,60401.00574136469
2931.555017546136,69119.2907205814,-9402.416066590027,42230.70118288337
7221.337648849201,603324.0278673187,24387.194756444485,89922.37201210247
6625.675388674745,418487.35255159804,-13509.200207861868,72433.04998229262
7701.818938018308,70390.87278064806,39768.48351691273,33771.101590455364
3246.2821867259895,976038.3169150607,-43277.45537038263,60364.61694424934
2846.0849955233202,605572.8194576242,-15869.070510936457,47876.00154735546
5842.64935697796,386770.2296031244,-49966.20140843138,39169.93376001054
6664.708287746062,224614.01225352922,-7626.821473324308,67739.4618377772
4761.978219475651,962226.4946729708,-49597.96592162786,81617.75696100622
3959.2353431604774,508826.4272298956,-25079.51681095163,41650.598125382974
8950.828791902837,675401.4743911284,-18536.68839274054,84977.40326865073
9868.552163443064,829429.6764129654,-8245.65924842842,19666.210734522927
9381.185795922636,66252.73508978501,-16940.396635354824,69670.7303033007
621.9155671788734,976598.9676703749,-7487.313095774152,20625.188111454318
8390.219954655702,327273.1016408547,4052.0173011160878,26465.383024850275
537.7113159758807,345174.5672764437,-20698.73025198009,24461.998450335464
1222.8083554617385,443575.70150747546,-19459.521234932065,71974.91621917089
2807.0021452276583,693985.6631899494,-26143.16645774759,62084.85539755018
8565.876795373273,526945.0661583052,-6369.43437569277,97231.42904910591
4100.929157040328,140741.88119436556,-4297.27436326458,84.22756695005695
1363.6255736673918,108307.2590587906,25888.054616666268,19096.343590910736
5541.027387883734,599445.6512887771,-17062.43129214713,42537.27703451223
1702.7000843024487,978072.616436174,-39378.13033645736,69274.92090653956
5071.519381011874,152278.26029001625,12297.619928230233,97173.88536912906
6056.372962617681,888803.7122555338,-6863.997446601868,80700.18755086255
8772.649140834423,892913.0435891481,133.4182106953449,78169.8680142468
9676.795041203406,939661.8634455691,48091.05277070294,56051.857868575964
1154.116946523156,303208.749165212,-9058.623825964329,42833.010990153605
3424.3820928571467,707085.5242698948,22116.02318752733,28175.891452276326
6967.681946889226,130235.94997539604,-34909.07383312989,84447.56276913056
6823.395584108864,511153.2652491902,-4189.024075042624,47170.30911442225
9577.990108088692,335590.05623595277,22387.855390457407,28542.78921623382
3632.7846407480224,72084.89727547133,-15718.809683056854,53902.90748971309
3430.692424535511,813943.6795863564,23114.43126112045,4851.223702863749
8721.347821364723,696333.4874348108,20343.429518930352,24726.460602879008
656.916999549626,502791.68890551117,-6813.032300672494,92222.26126408236
7536.278696587985,736721.6884499649,-10455.038580826062,97157.07757567633
4353.154616207181,410342.0821525298,25071.4565829099,58756.66408678355
1954.1585238991322,776075.2377827686,-38864.06333020552,11281.307043256638
3575.6229695424126,673505.4955894921,31097.860662218678,44427.671158103185
8803.456662942168,928807.1724344279,-15864.222308885568,26657.629886555344
7588.17000013209,622937.0515826545,30813.734643009157,58454.295007392706
9847.60373484259,339905.22850041493,42634.168800348125,99477.96139824881
9402.780978671442,297083.05237205233,-20982.235970666763,88692.4305708599
4517.696903857813,385776.27088242647,-10532.69495652712,29754.791822938543
1151.7491110201772,132186.08227615588,-33886.14360526786,45309.42095201929
9183.902657399727,586400.3317376416,2410.005527574176,13299.582663821175
6330.57513289139,700201.4273078161,47426.436513828114,86007.7028718819
9254.617431328,983247.6284657565,32024.31083453163,58258.04546132891
6450.655887179403,691577.9876850053,-16882.47287651441,95063.12815325288
2892.4510840256503,482411.7750505382,35305.2127816477,50967.94204268261
2140.82578847738,404856.8915769157,-4653.7339994176,13443.62948160811
7636.092001533527,507411.93692300376,14264.13089467959,80904.99942022949
1236.8139244956121,610040.7154108697,-25688.5193863615,42273.82008139605
3717.119954842363,31117.573955542925,3590.7399004508916,59482.60590465587
8897.677495181646,617686.8038417958,-10182.044610876263,66911.16649297165
360.82780129901846,641248.3976274166,-23466.194927187367,92470.88086588912
7288.276350909885,610677.3391548085,-9993.01471745615,73899.36506720162
3860.1140534062038,358903.0190348601,-36858.35610476643,90800.74819993395
4866.849554059305,800619.7481230419,-6108.121737725647,58064.5397562643
8711.508375547826,254569.22775369324,2.803073505827342,29518.66330392785
7816.757160724964,995830.1472022616,9338.999651183512,42019.88213192858
5602.395533692121,131069.21029157726,-44372.3524070579,89657.57667900345
8661.449413480625,492853.4797985221,33135.01869883995,55344.359405473864
2538.495462762139,947892.4217891834,611.3964643120562,42789.80556992581
9601.72602039757,408472.8201417568,14780.934683126667,45701.137457567675
7900.667584428979,546369.879706258,16719.31749911346,63027.39899626685
614.3476367311018,34161.46099372508,-9346.436969375201,19161.30963453376
6720.0960714418625,840142.4252157635,-35965.356674425966,76235.63852682071
4851.063640090119,599930.7927377352,20175.05502929847,31998.579064385656
3960.9232226749236,780376.2756463713,-49690.13936372366,81225.30709067978
6377.115707798058,679526.9850483449,-19368.88849372347,81220.50834585843
1099.3908487545311,610179.1949643679,-28337.99732091452,2689.3420996432105
7788.2827028708925,53929.705037097134,2278.497571875203,66101.98063852308
4788.5536286973165,47670.05801757529,18752.54855349801,60649.485058810074
7745.527345895988,675105.9341834738,-49617.50429414252,17986.464400532688
8897.625305998188,722155.2012464695,-32407.425029689206,66178.58640833822
966.3086146155464,476972.0522330043,-14175.086027171688,20620.732507607343
3715.0219081159707,892864.5181243215,-886.2232972843703,78164.1457357247
5711.621019050698,525517.2722764213,-39076.7424145031,68288.66748788401
8604.163081313343,124700.59711114755,16645.970839337664,80878.76472804007
6307.8238744061255,185041.73392160752,32101.74691287239,34009.735805955075
6901.096544362568,480453.76546289877,-44558.263914947835,67123.08629794994
742.324625317693,302461.922582797,-3945.282118507341,45067.81135949556
4343.00280426598,833936.5338230354,3388.78955411099,36706.87713638858
5872.174947840431,356637.1087819287,-18956.878605634753,88135.9318668606
4816.650129391742,753490.1516049707,-22949.279736083485,45033.875554491795
5284.645545384476,264669.5704070132,49964.68379275189,91262.62733086033
9715.855507563505,270316.6439658556,22176.745103909256,61556.01641911206
7348.8412707227635,142131.77341101348,-3161.6287752719218,54985.45715621555
9697.018380754815,711089.6172041382,32821.04613820456,22862.66622039421
3497.418690481975,379173.7631012219,43343.7937063969,29837.354127708328
121.78713075786662,259296.46592290374,8212.394504521537,90170.49721207022
9277.467500723096,719463.7443602708,-32943.82986699512,62511.42598263399
3975.9226487858455,694765.5389494793,-8485.394388063847,45979.622487079985
3209.6214117959967,213915.0664409147,18017.463948807097,57949.82545055548
8553.420826023581,845831.269733328,-40381.487726449115,89661.60528295772
994.4574523827687,166152.65638984396,5284.324889032076,29622.320867515373
4694.955094336131,553590.2659919069,-41893.95109461389,16744.987476390816
5105.248193327152,671672.2408693366,-39906.52443994154,35260.18941357717
9869.704355922888,972701.7659128037,527.0745679990505,91663.95726691301
2306.1300879957303,217645.0864645468,7285.146233657317,20311.04049393524
8889.625568481662,998185.1417143645,-23870.41911874197,48735.76152106182
4134.74818293728,215321.7661813193,1625.1824653086078,16380.245701703467
8545.23744225745,632668.0988249003,35183.87012046791,81132.51183422616
7888.44061910337,901987.9815866585,10666.486281916754,66924.53147361582
4951.972056848717,793538.3464030836,46041.38454200374,2613.012878314258
8153.026828181097,774425.2984571025,-49209.65225134982,77463.41460203912
4896.163759872354,84451.88365136285,43068.746169616206,91780.18982183588
1413.2600875862179,200830.34379852598,8068.3790692356415,12574.07918284067
4969.732080854339,80651.166850126,9597.688834623863,53629.81715127648
8784.007668115331,303145.30019791896,585.5923832134649,86935.3252436212
4782.624371662745,542546.2942628758,-34968.529241579694,58156.10854402271
4401.221100450504,206752.8437843688,-36134.68968231572,22686.215199003713
3042.079004669467,517012.11606326286,-49751.57958675326,40779.81275224563
9511.758825939518,899488.8509649133,-33963.51005486939,70365.03720161782
7787.7734243469995,950854.5743703302,30443.216615645186,74364.46828025879
4801.123981362554,666925.70624503,-15615.884322768601,15694.231652038094
4571.917808980836,765899.392288313,-40453.4689983731,47586.38507377745
5998.180104649131,635879.5874104092,-76.73366683155473,19476.87236916753
8873.357520616706,150156.24910126196,-24636.317733255055,9424.044001556886
295.90624465741786,983094.6699033099,-8362.505223992135,62870.34793926647
1534.7465155335694,564511.3341701959,19572.902752957438,64532.47564231384
3627.2546345087544,951057.5901623041,37022.133551293955,95302.88317389225
8511.856010948653,29401.81826934384,1723.8332378575942,29268.303942002294
1335.174125223052,377895.02944144944,-49426.83582361948,7298.479884782571
8724.077227484178,140924.9815762367,-48623.08718167539,83131.0199796383
7275.860229467915,693307.7067667096,16862.2538288824,75475.9519236765
6295.184961793664,350835.38371925766,27524.252177023052,75386.16470122224
8894.296536789081,637493.9273068553,-161.37833031191258,51987.646361093146
5973.421628441338,369882.95382722263,-20567.38981485291,71636.00597652083
8311.146636501477,825015.6900554766,34998.315452116425,95663.49371456544
3019.9638315667466,438945.4809049983,-21950.85516871782,50103.35531064486
1960.0628742304416,160560.61062486997,36061.549476787244,67125.99921691677
1354.8381834796476,237408.199940502,-37889.491489110005,82394.15352361015
3814.472046857846,678552.6849531403,-27201.25808674019,35141.80983943891
6249.342991793479,383243.9905749374,-31904.052509581314,58504.42081092793
9742.901009101433,383564.96718605765,1645.8258070283919,66475.47576608184
354.04245773665855,924247.0370745593,38165.019538969806,40837.235516140936
3031.9046061620716,953487.6621369898,-44250.46934748418,96511.043268688
4351.395297162229,284873.1816746291,25220.561974375538,56995.33777340931
3615.6595762194943,572404.0703499516,26083.179793390023,2907.0760726976564
6022.078540936439,338140.23622328916,39237.50847039852,66114.99776414677
6051.284825554489,225128.20013655754,-9726.295743865507,29550.77420085489
4014.070437883539,977040.9511814793,3998.2278501011097,58506.76486237883
3778.952390630319,90356.8277856598,-29219.552664537772,33076.764287540616
5103.554930600911,144922.35230233253,18374.960115296417,73368.73070730078
9705.851352556527,154389.11206426902,29066.400187801162,49216.23407655258
6236.709764676673,829284.0491257774,41300.00431067671,44337.91875241702
5653.0652184717665,792366.9896042448,27402.488199982196,1242.0007411781953
5141.441074152888,308448.98466000665,44564.28488153743,7645.44897595878
5704.428835064954,288989.4645949258,14945.56701580956,97775.1537018833
5798.126131237512,885559.5735592811,2584.8907739896313,32641.064224929596
996.4242311842675,235653.92445578723,19730.686147825414,92218.89659819174
7558.427773660446,249352.34039285005,13282.253424656396,59452.69891497222
5988.178549026844,585977.4999888994,-46781.6874154388,1085.2149339755645
9201.243762298767,206164.46531330183,-30792.43838596396,53546.64154067758
8750.628452747746,696651.828033914,-40962.895641915646,3479.985857092083
1714.8495905774873,252624.81570458974,23061.039842450744,11953.994815329172
313.9109702313536,385583.92115788406,-37437.14578849914,69012.15733764583
6094.302990159928,523483.25810120493,16741.732161188876,80929.0065013873
612.0441882882777,184276.88938580392,2974.258151273658,86392.63332237901
4943.168877951475,674030.7632446182,-31930.601998807873,69804.88608879756
1063.961854840294,206402.9921555319,-45573.90301347941,89988.47648324956
9168.62620890244,121563.87221982545,34319.14926590836,70812.81076758818
6329.96121053707,239522.61217003642,-32019.501693860784,6598.061412409639
3559.0240478015257,415346.350505584,-3290.531241725592,19629.627818422225
282.6299660122977,971902.0601231987,-9063.147160181143,69712.78764646994
7532.945269807519,949521.4591513658,34984.202700604656,56419.99784576246
3731.3122687636933,631383.3419732634,45201.051908729,73531.00548883011
9848.839465963683,58427.54578793907,-13770.799055037896,72138.5016235339
3939.177266184466,178259.09710450392,-28665.337619745824,63989.76475801855
8564.29411777273,58770.58182696894,7064.168575523763,49857.41697998123
8471.95435556164,59105.77333706746,-30075.354517138585,89079.99100204835
33.99689989752708,348106.2828424276,-16649.58930384447,35885.73990061198
8417.392692598598,193528.2252208626,-3085.7380274976895,55710.75667620272
3235.461825849926,154085.29975939388,-43444.93534791113,445.0840052907523
8514.514041166181,410768.70665305847,-5464.20838668006,65388.2331978058
8211.571574192209,433914.5778418772,-39087.55291032391,72668.10037865913
4231.716461333933,758133.62679428,-35514.33598447936,25974.98168963702
9919.008337584537,548487.5460279527,-9476.847428573928,59685.03626372705
8332.793224520046,368190.8869901221,14982.674241722692,61795.17205083516
1271.6281399060858,280637.0586811374,40531.50805349712,84564.03510973314
1969.9292956889724,676691.3356091524,38349.858617958336,69351.38593177639
1667.8440347432943,371963.467545102,-8477.958450467195,2870.8434227777357
7842.738355824962,408166.9321553885,760.6795737247303,90918.6193288043
9791.08199666384,877691.3881937698,31275.552151681957,82613.50977399047
5462.401885046607,371159.3401056418,-49209.84470303621,3281.096416870777
1972.3694796459101,804008.0863815709,33025.43451728222,57337.727257633196
1059.9732050848631,90031.48871873278,-21588.469870756355,43877.54088334618
9904.120826610433,777336.8222372638,34354.862128383786,87138.43381116437
7177.908821053483,885315.7137434349,-18920.859886526574,21620.517126115614
3994.180473001303,939997.9097700067,-14124.516822349207,87353.30157309808
9483.891525856265,859551.3166364783,18538.067384250127,84655.46299230399
1149.1892459483477,231711.04137659082,-36171.78374851841,9703.724475277453
846.0030623058856,810564.8090437318,-36998.749520844125,42325.04802743023
8276.332839312945,521391.74434205267,-34253.207041637324,85648.95387184694
5208.315202141268,159145.80628256293,-23665.36840488247,63604.48859708817
5292.537095598755,678695.0152143188,33324.68757242008,66718.98469602104
6305.9551743731045,443071.8292769297,-29109.00628795612,99273.41734310954
3930.1722297655406,219759.66348787505,-28373.98099963626,21591.832261178824
8758.713035545798,854435.2634443908,35633.09915523282,89.96292322260845
1128.3283162485536,66605.92127199519,-41218.919211991975,74680.81635348508
1582.2522042576381,922225.1717657774,34186.77134289259,28232.6546324972
8298.724397738868,944640.0037114667,-34692.88050770718,95997.47857646442
6655.982035348215,207117.61212300888,6464.517134166657,84275.75197623513
255.3139095561785,187718.31556516074,27194.97317656259,77055.76077059988
7186.662224262536,800427.1634373618,30500.34418999328,96963.67861264819
96.64915069846347,705224.630933504,41902.21196171186,52583.06674309222
3706.792329065415,44173.055138762495,26136.37746771163,48050.131677718025
8830.066526824568,50613.4015390445,-18606.60537387159,52803.84183637385
7646.858957330438,334212.8308470492,7201.912125410381,29467.51685331609
1026.75641384119,295872.148171152,41368.06605070748,96061.27692429438
5020.4933838363995,393396.93349420663,13825.51366245326,55092.334580216266
296.77810075160573,281356.3170476823,-29182.868891448044,56542.77210962988
5261.609985627174,266696.84340418957,-18479.183271719747,74372.13722969756
873.0849270363583,655449.373165423,-48951.782870355266,66874.79725921324
2752.583252256885,595260.6749707373,28686.61628958382,60079.68636066032
4093.6195516825637,423501.7095345109,18320.653834585755,40352.7451622604
1082.5272757712423,491348.4326572231,-30838.111568144242,67459.9261506627
1070.5433515449802,230500.93262313935,49230.70447436361,22571.437544989847
2574.7410661823465,541100.8976730648,-18523.615595706146,87035.40138274274
5335.662642870347,406927.3000501086,-47012.33857596494,7221.877491936079
8122.38009521495,67094.60160565333,-8562.611754593643,38335.768113929735
1751.1132649764882,672246.863549966,39721.43624199199,75819.8869003704
4871.420021784687,567636.5736011326,49693.29277417423,76816.97101807139
474.36599640030994,795495.7062651366,-41037.73138144009,46132.2649865394
1789.9705432946566,54751.426896527075,10914.601420444546,11235.770546609592
7266.616652186163,777408.477229427,27433.181990433615,39066.07294252168
5663.005549728302,497814.44939184096,46232.98907273152,53745.197625221575
3933.6216189951433,343544.15209846024,-9704.199441060853,98786.67405689068
2551.571175409455,844783.4027944348,45579.043573201285,49976.597423275314
5188.043049235861,722862.2594992672,-15009.82290468856,25830.17090582911
2255.5330825300966,277982.41026311496,-8440.687157621593,61373.851089887175
722.3645454030369,171202.6553875409,1809.218703828621,7975.844340966787
5818.926284950245,346390.9948611216,11513.287458989165,97045.43922870459
3781.441481318655,424121.960658109,-39651.624427788476,58644.22172448431
8616.971007038901,741391.2033497426,39390.938462072794,17399.941220608216
23.746269921388617,348539.97074576607,45971.182115303716,97586.42458629611
4063.8145332991803,387926.2938211708,44091.43200513712,56830.605109192256
2960.374139909351,347648.7508757297,-24568.69414431435,33630.3732349651
5480.064406191727,88023.91440076266,5903.656275709327,37714.62462652643
4760.868464283166,158537.98125577378,-14208.290906542432,34249.53202477524
6159.173747463386,258636.77691533248,47689.17709465153,72992.73199702644
3714.9317246350697,366989.47761480586,-34218.441407722814,91719.76014462739
171.74145269202913,290754.125137659,-47551.747606814286,79594.73490129784
2139.0807817020172,568893.9475716813,-26268.50645070681,20629.943435545785
8946.790046011289,421737.21324933774,23909.528687520025,49976.633804928
1017.3129085574928,92743.2368096244,11227.905702511962,46511.998179492875
1169.083423185423,397831.5757207582,-28215.95695650141,54034.93089775609
164.8411824542384,582651.0890322049,46626.82023655505,70355.89330901546
6031.547493515495,228809.66202722047,28324.14694564452,68663.76163318912
5203.965170151944,186355.73939036246,7568.038045867179,18775.303587103477
2381.855725229688,741696.4640670213,27828.012070862605,57220.47873954556
5141.137514398852,697657.1536109245,-13369.872728725859,14589.518600100748
8802.241636263441,905531.6877958156,5730.287442514134,46165.29659619468
6834.288258582023,247742.19600826627,29266.92988435713,27587.244699965042
2161.602395750607,904121.4839262442,-1080.4148985343782,71140.65192350523
5139.472658115812,244851.1446397843,-1833.8250391670808,90237.9120727297
4678.954460544243,578732.5663517973,-46076.61015314429,89755.86558257173
25.90051578719499,626737.9386938469,33170.83088979365,88116.11289359325
2037.3032514198242,747682.3391741365,-25398.978245591596,83342.76664913847
4448.412566110082,855378.2408136708,-49096.15447053346,59804.81031263749
7586.992636156914,454777.73686617054,-34014.71050665369,94947.8792039088
9266.466937796255,808377.4730971472,-46763.131441614,66042.91666445223
177.59227534436485,103556.08448263648,-44086.559947068075,75826.82331790467
3998.6947373899607,866532.770746259,38743.583425954756,12882.899272118853
5657.388523599252,99281.23006816431,1088.0496052135131,37706.506088148526
4702.091135935034,742001.4575018181,36278.30350098948,38624.00553330804
4579.540145794284,545647.7231600326,9208.460369945358,33080.79667064174
2764.9018212854735,756529.336997524,4820.429274846872,99286.75597318924
1153.961933280696,928146.4740748211,33813.41491378145,10805.248499924402
902.2685902251426,704191.966389888,-31274.612309886983,12394.320048707097
983.998001241988,921044.9672404978,23475.474123261098,19256.532094810587
5143.696103675853,498101.99465251993,-17477.290688961155,43826.401782238565
7626.947032601666,759934.959454883,31987.8978508335,54322.17665731253
4101.402461572456,185535.7099866172,44401.844290136854,47511.258204824626
517.5043043583894,846801.0502994974,21184.543926059414,74486.27715882534
9308.616589259658,100931.74000634147,2526.3348491606594,92721.48588262907
9293.17925999879,499563.12130385585,13033.484647804697,30276.756924947
2916.8827823091938,211215.47994349222,23316.99812800507,38739.17690013449
2060.754432436864,903045.687915471,-27355.08790421717,80339.83421736666
1541.4389033849652,892901.86395956,15844.722963645007,41656.09969029539
7642.846194763726,903327.460234959,28833.974007790835,91407.31784192467
7543.726566398016,765429.8138577901,31473.50390527038,3074.5113005652856
4343.631429623085,992424.134666803,-36120.83106953371,44422.336322852054
1540.0983859686357,190181.7031386701,-17105.64597430351,95474.2140167081
272.80066900205236,695257.5591122172,29116.92674369045,94089.15025920866
2425.7830861290554,669640.5354549706,-48309.28836043158,24011.52328301345
2766.8015717352177,295864.46179075603,-31987.00343905737,54112.65463870186
3703.173769801462,426138.299536424,-21424.049549057876,9515.726313213812
6946.436047226409,444797.55774650606,-46648.74456025585,5393.212529266589
7403.498280339622,404648.5866233284,-44556.340350232924,2448.67523392297
5949.870496843549,294672.8291557287,-29819.415508587364,49442.423198297925
9390.93569007015,889076.2972426587,-36628.72855764334,62593.15897494504
7880.124642159373,935815.2896835348,1160.4265693230482,54285.47576567221
2338.2438820920106,526498.0271742325,25717.688379267754,64235.62547764172
7006.101317219859,568956.9924986126,-4054.358422483907,65115.69218550565
5162.955778265152,978805.9083295295,-29544.45764508572,11608.958785409863
9256.21725508931,436940.0375892982,31251.30114599825,76966.89352645114
213.20970118749892,86208.06359814233,20878.675802517144,74360.84607961214
4543.698810475857,602377.9071974399,-6761.959050251557,91669.21346204991
1992.2789481776192,772039.0866209596,-41174.488023555896,77813.4414601869
962.6071935404701,183228.08215570802,38858.58783085953,6353.986235416076
3710.855559743649,443333.1725305211,29558.90559060013,7779.880160731834
8393.651270734614,243229.33365892348,17806.094156932857,5773.330774596563
456.1593955260612,366613.68299766805,-17556.87941164589,14703.3388214162
1558.8552644844278,919156.4315095552,-38295.08032804616,55700.0574778266
266.92817074713383,263351.4868637333,-33441.449100421494,26884.200724923034
5064.1390350375195,291845.80209777004,-27815.55515600703,19673.52009008103
6903.356213393419,454545.9546177947,25394.806373371743,7560.994051627678
5468.877903761276,792944.8406483413,-35523.42093724005,46357.042915432015
601.0397558324432,808881.1597437358,-40237.203121624574,15610.719428684672
7921.502010888724,764338.4913120584,48177.585689316606,99772.53908109102
5597.994956468038,693910.8804354465,-46933.565475918105,54634.168519062165
7400.1974731350665,972205.7193166835,-48185.18495965565,29677.96276363246
5723.809221850318,454724.97660961526,-21925.422690710504,20191.902824317833
7097.77313397706,262659.3938347016,22859.014247929605,4353.198427290006
1839.9889701066718,289550.9182536691,29333.843836855827,79956.4698602399
8989.755246524146,850922.3737189994,-40177.194177679,53060.02774964865
7420.5655236969,476742.9743241947,-49637.06940345498,46546.52066374043
4124.771572093511,860993.3804778348,-41914.010297481196,90441.78250003002
1062.024135003967,292612.684900444,49769.026437390436,27808.42292646012
2676.2874579354266,977755.1950853207,-23911.75204383683,20128.341182229426
7211.614032967445,64553.33755376253,25426.99968979438,64311.01806725249
6294.759475040352,378478.741094081,-46470.05955880571,39812.05461010226
8903.107250985895,268911.8734951783,40861.92946198664,88819.14112592243
7799.262697469044,475676.12366083276,38221.55345441609,95060.2500320195
8789.064943859152,648061.2146200432,22975.643905075864,67511.5137924263
5747.661599979702,948255.4786993641,3222.4785035651075,54129.929520070444
7258.675005189051,606126.1376476357,-24742.122050490667,7708.649570475923
3924.382071003715,222931.16177050842,-39090.305596112536,1050.3010641616738
8930.224386875314,427815.8544107039,25622.670838865713,41876.414917366434
8284.847290680847,72841.99219377097,5617.042501812444,69238.7424406709
1307.2664303522686,169816.35877873792,-46989.36540975241,22670.811598222386
6395.643390161509,525331.0162760905,41485.64960027413,62915.843001327186
1887.5481758250346,179195.79419034446,-38102.28703785958,88789.67997583654
6909.473544067633,915839.7022847536,-22833.821297485134,38585.15250924085
2513.7581826682886,578275.7781518426,-1148.9312354726353,86396.88772923774
9113.965592755914,629869.819314442,-5986.502833349376,43843.23373898038
2255.158113612672,240422.07640726404,30272.706426139557,55884.67168466579
5093.393261885261,179965.99299269242,19414.420781148627,35785.6770248841
2609.1615216084087,926207.3952007882,25471.46392834076,18739.721839005408
9542.376895496089,569672.1682690397,-38110.88484214167,26274.684650374747
1311.9198882415428,934399.7938603327,14204.008587674522,24278.66855383496
4770.623099551026,121415.1109619361,-10393.172891150469,26333.83930403923
3546.9822583187847,107229.50802803534,12825.438759076016,41018.55529461951
937.7660083950334,930267.9811663517,-41043.47632159189,86935.72186471242
1841.0851667351014,54387.561639674124,38190.1386077636,2447.9780097711455
4057.376202101227,110547.23432282319,24813.113731617646,58447.94729278534
8436.143300059392,365209.2135336793,-46556.497822084275,41964.45489765502
6809.194101201719,47195.773527323734,-10860.169484064732,16003.28910538329
6426.494385202699,643495.2298086243,14845.143358767535,76743.69499027693
9698.656176449778,568905.7330093883,-30432.56852926146,23059.49772047907
8450.469269144967,804424.3125710418,13764.234053264787,25306.374750272287
2602.771172641637,884933.838262579,-5409.175751367657,30414.44514962581
4225.343289787983,158009.69809715808,32987.58193450337,68548.05460208775
9241.413566557172,172562.49640608378,-42976.24489307539,32942.20653978095
714.7343139750606,948553.0287017542,-38518.92257089525,88997.84086868494
9613.0931716813,647159.7594038971,-17647.821681185018,31315.722219776897
1217.5110678315482,704548.8107020743,36745.1399392071,48071.44813145705
7934.26520403889,531791.364831358,-6373.083314326999,70981.66043766457
2167.2709514847743,138492.13197742018,8904.772825655127,86084.26226928187
6121.24337258956,848337.7996731306,-20463.716791043997,55653.08197617591
8931.452527939457,661043.455320613,45674.874300403346,54790.03907783407
5353.776508718999,217069.73057221528,-2700.7639948176366,57585.591652582916
4399.144038835573,119002.92013018324,22341.40853530963,17210.86629222862
759.3548000461014,116634.66569681586,-32980.28955452185,71902.51008991578
6646.650529161497,511547.72768769466,-34100.92555042097,74524.00379755044
6757.304429449008,181408.28656504687,39142.795225486276,87234.7902538948
4469.883690364221,524185.5609804603,47486.09659960204,4771.249966909919
3101.735566942243,598163.2200739104,41653.28682362175,69941.22629864176
2072.6327570985336,844877.2127277635,42256.74955641558,23156.412403734517
4162.405570046105,489008.7839929242,38657.343442700076,84174.62333617113
6699.784515864676,491781.4382849603,832.2707419111903,98696.57647647744
6482.558093449533,32554.395851569447,-43012.195069580695,95059.53304219729
5504.549941212501,847075.4334322178,1470.74405175406,86992.72235530565
2152.804806485026,600250.0981636827,-37526.19037830256,27247.193165877492
438.7641021513355,36303.65435793533,-22903.378097875095,63885.37872354182
8040.1075134903695,369857.2184885657,-7484.639719977626,76113.27809120133
2455.3176740074177,717708.4601608593,36330.48218435119,69760.89591091886
3410.926705023528,763002.2010825016,-23396.558976447846,93864.11416386536
8811.786325839119,690995.5799421333,22659.64529623017,99273.98862346057
987.5966446854189,98766.95721105966,1426.3083558580183,97816.94681477617
9764.31877734338,659987.4686218593,-19109.681485373654,96252.15560396337
8976.990560825334,100268.47151154841,2202.5932047770257,73119.91840942691
3440.8455485326494,28617.692281223415,25021.81315693297,38547.61075167303
4110.539996691446,176181.39845915066,-13118.156205210806,67177.36844120659
182.67105876091372,854719.6627196753,26683.545754405874,22602.351661582852
8234.666300365723,704155.9993429503,24853.106768308804,98046.07699992617
143.51400410451464,151062.43123564657,-31724.617158937384,82491.9904261928
3490.692852899835,528085.2925351919,-43197.790091082454,24068.074309491407
435.05442284541783,948087.1460814853,29951.995132613214,3213.9585040525276
3623.294600381063,586173.9938086213,7358.335686290353,47005.66334303888
608.0526015800458,257797.0515371809,4591.818697076713,12985.736574960072
1456.5516256996857,351762.7617083691,7170.534819738576,45944.24925220064
7758.102627543898,523254.0124201917,-40108.72377443714,64318.70106957151
5076.667572577738,473860.44885989785,-43945.20633296268,64228.62485398813
5045.081641855717,243134.97499048407,-8275.150700649494,38633.24946916418
7760.415559811315,749338.0421555608,-16147.713990989876,96698.32602852838
9915.357226742422,65801.44298849555,37911.65401668391,34180.7953182509
9188.373962908248,443736.82476520614,-9360.576218404269,49487.6876446918
815.8171851982254,132334.83214745353,46529.13844256697,22038.28088968438
7982.01403052107,382644.30418356566,-27069.64702791056,69656.20716132192
3688.783028552024,952991.1542977823,17914.52071736366,79940.82303186541
8103.705065618338,600590.8700524307,-32487.507905051392,66914.88302895112
2036.8680776352667,746527.96011915,-35505.407006992675,38718.12002112644
4158.69355085882,319420.3827966105,-30444.2412812036,74714.095551636
6846.847229971425,56856.692293559696,-42415.47730138576,1100.2356939619485
3138.125002849652,413087.59109755815,6636.109027161852,22958.70701955086
5161.59490283669,206473.76509819392,-44703.71997040599,17658.40432839685
2642.1678404793656,920835.9516236748,-24686.008073835364,19615.97186877281
8589.160067258226,31123.076795706875,30697.294104788438,29646.46286340923
8122.30142099022,135708.37666116084,-28091.62230058856,63481.8927007039
5538.0337652124745,485143.526415588,44359.99127264689,13508.550200408443
4181.832371858085,80344.65100050974,-25893.042492093897,35371.67028703414
3467.678993665311,491954.4238235181,30442.823226376553,86818.6749602786
7473.700254557234,887018.1386429116,-44946.84042086303,39999.81708252372
9943.379465303686,979131.948482908,-9556.58915807266,60417.816026904206
1234.6376568537721,163865.29433302357,36550.574657853576,95815.61440900459
3784.4740748624586,962529.786757316,13764.438965897687,46514.13713412065
3994.7423969437777,934260.7246090443,13025.471580424863,95059.52232095721
95.03484749476931,168897.15426892013,-30767.084598765392,57511.983552296275
7501.5296927947265,621291.3060749845,2887.9679781426676,81306.13812450165
5466.057358758044,391447.1068131005,36713.42857275577,55335.229465502
1397.5229485817297,434282.28812529263,8932.51387456312,16759.380360442243
2138.218943972371,957828.6165023611,-27043.98660492332,36010.6731527394
4690.448254862351,279328.31100277905,-5581.684977931589,36565.465165940856
2414.2734630059335,594955.177909836,30819.276961306226,59277.041858660705
6555.092669991836,420782.98927532684,6470.302333735512,12409.361511212624
7110.140098912591,580143.3113620734,-23990.61909089334,57985.271429755056
1505.8913049167245,985659.6338354521,3441.2928821458845,72660.29148076118
4333.753242842783,393013.95449998195,-29524.473132925265,87055.64867846666
6479.302906319639,447896.60917525477,-32124.053413951548,51331.94346909566
7380.731018158629,847609.9413215462,16602.551523794915,96757.49421720607
9865.039779817089,354440.2422145626,11717.167781800286,63123.00841887211
3035.930315738284,529182.7277612818,-18658.727492884853,40076.95658838477
5025.21137565406,280098.46546734474,5395.547604858555,26803.640661234374
4069.9456698830004,25101.32206825976,44417.205772098794,48938.57531586706
3340.4459629869034,563118.4832042161,-12557.496916229327,84213.53469762536
2219.6191762596795,264336.6885612088,39758.26960817154,39046.220211813976
4322.052322901511,238441.28561922672,36267.7140873428,87137.14870232825
441.61960085627004,144974.82397429677,-15717.88689974785,28109.062329139124
2829.283874601536,370586.29235719034,10741.489440517427,49321.792162040576
5728.156614784065,834211.3733858094,13183.680429095431,77218.15185605477
5930.767686454271,693119.3665991775,-8777.29418205018,85904.13301865672
6273.8913586423005,850281.0798637233,-34136.33401802818,90139.27249903104
4449.161754904427,246657.13788868548,-22327.09620784382,87510.78883243962
9283.105024448187,580775.3510098227,-8361.566339049168,30287.676707910894
6728.101587333119,212360.7653725746,26497.210722255186,1298.6236419242791
8206.188968527742,836800.6597124091,-30627.92452351948,40150.330311310645
4660.498652308434,522872.4520193038,32752.691996511683,16200.341276986273
694.5188629344212,867431.1572096469,-39828.78812920584,72921.29550296435
4517.256725193885,697647.6297430524,-10635.258544883007,74641.05417088831
1062.7754302154658,523908.89481951337,37283.15446959846,71115.86659103897
7615.461465497927,894635.9872664495,-20007.82118341803,57991.405761750895
3547.7731515058385,728044.0613297188,-37661.92829546479,51929.095646717105
8365.11409680827,395264.6622367952,-12818.359652738429,18022.90094234432
5152.860312333538,564269.0485929974,2075.759378419105,84104.32618936464
9733.465345258002,784676.309429646,22451.90005000634,51631.05319602867
9366.95453283102,339799.21231998195,4697.6782224278795,66077.35937859307
8666.014621408583,754175.7097283935,9948.747099536973,41091.97829082262
4547.271111766185,602353.2279189391,-20015.16704990135,40161.89245721737
6503.237530536688,77837.4637776187,-19688.94245440477,7118.058815647366
3254.8146640811883,89886.7772612862,-47677.828006357726,2541.8188976907286
1932.1028964138497,180228.45690356087,-43611.347516145324,46978.32209671341
1331.6878795796683,731791.7725731164,-19229.91533739594,93836.06054339708
6511.442458071704,717197.748723019,37452.60828279295,54949.11479990305
8009.287062886745,626015.2987273571,-34676.34222595322,80001.52343255731
5310.234946182401,656687.3184791051,13538.60138075408,47360.738363800294
836.4416350836912,261550.50204149695,-16499.708408915634,58339.81406851698
7697.869114157307,831516.6334926392,-33436.037072842766,39505.66656718192
1716.564798450011,460753.08844411094,26396.317002374853,48373.34433201674
5825.445865971658,281094.3330377922,39859.01162597755,46673.94008522194
2842.873215267073,160936.3381610297,28353.224955271522,52356.43721229715
837.1826402079441,504009.7978884048,-17246.666650067255,6581.394355951942
3820.7420825522076,439697.7959761266,9374.147840066675,95187.08464943871
9350.983545086974,628458.2848267426,1857.616861694325,45456.33423768108
3766.2562103921805,853430.843581895,-25568.795416914792,78484.94507787333
5247.236392322632,72452.18461561717,-24318.328257751997,35050.28570188605
4670.0183448443795,863474.0721230138,38804.33349984327,8601.24164922248
4304.900944133142,30771.914789547365,14229.24456824435,12838.425376287954
4815.281527056522,749351.9316061256,-26407.732865661903,83326.1524496885
1723.948105634544,270609.37814590556,-29789.726405432415,62675.36363116786
3539.4630787886995,573559.3781366626,-9463.775293089217,47059.361885793136
5073.2147494782075,702857.242736812,33511.2046894861,78171.84104544474
1128.1052923550517,907343.886132411,10296.983102270795,49209.34592723837
7702.736959696159,780996.9815442893,-34436.0262391163,56058.02363132243
130.34555606950104,451937.9480609417,-16674.04359063822,65587.0551652769
159.62243280831956,804539.0663692497,-44745.69103168421,91798.98124094513
6884.957789463172,634695.1294862715,-42529.13179632214,67559.60488321254
9646.525493707672,628968.1153870204,3009.972115492332,74727.99504579109
4546.025907701159,64582.80927344947,11456.690542135271,48729.604059921076
61.78658196456133,349146.4838203725,-35290.47379223526,4963.306079392082
1397.3164793785143,196484.57781603702,-1617.5609234851145,43905.73026783793
7660.300932664844,908129.0606749149,12052.314879385864,79373.94104835359
744.4077953502193,678765.9561497136,-31625.524841219278,130.21293368357112
9874.17629576632,868342.680670561,-8969.761560054256,18860.235597901887
1173.6410971647026,343555.7005647818,-35463.09789088414,84528.80286610834
7332.24240643141,527083.096853154,-14858.043634601789,34214.66963024935
8466.955727609839,444196.69875454844,11339.738557477307,38748.889773470095
1617.4765951746806,303282.6966713184,14990.150901970781,52828.669879732915
2961.6704501680956,129318.96306413198,39585.435912943605,14751.373243074217
3801.406983684468,167502.2939857811,30902.474902850357,53510.96975610091
8644.272923407201,847988.0916401701,17094.399774857142,51721.92878852183
1294.555494488825,272099.4715440393,-19783.200060514173,81683.15856310361
2767.282035794584,365382.3236793411,-20749.869231191653,78867.26624085725
3051.9824928541007,243527.6314649104,-44128.595056264654,42218.082374394304
7278.242181235512,433451.3770369511,-21455.391886380625,53862.043696843975
5672.997449754712,723717.7974732749,-42059.288263055336,92186.66236372902
5849.915298410312,466009.8804260303,-2735.4589118711665,71712.01865384135
5434.097816831472,212497.1292871821,24757.200996661762,80778.79659676182
2800.73072278603,772718.8878325219,-7540.889041122864,3799.10774024953
3794.1962553460985,107996.69670589129,15260.157485383505,8663.966960778691
2694.55636469795,931408.4991225066,-32670.148365705787,51873.935925936945
6411.201315775663,707002.072214723,49211.81178187224,4057.153909731415
1908.8547641492205,683194.585261923,-11816.759802517437,26761.533955631
8209.012827641744,572199.6182258974,36921.562357167,37755.708268062794
5960.284182962713,199842.82466395365,-8913.308968260666,86545.78202602144
9533.995978630917,158271.50935983704,-44881.11527609566,24412.79245643966
8876.80925350886,737833.2316237596,47368.52245573625,93998.26068473123
939.9933309446106,53793.00112261316,-49384.48014106815,82313.02324654929
3405.382164207452,78578.18621337254,-17897.448415460105,78017.08238498861
6640.941808672968,120884.62760713075,-21602.380591654422,48915.92319266942
3344.2585284981274,919247.2561199602,-35282.07119829947,8841.384790722706
9170.152339508864,179572.7884627497,5788.437639759817,74432.83594396734
1789.0089919833085,643651.7248798782,15874.844461792294,21807.061501090375
285.3185140444481,188811.54649074897,39322.2022023989,40702.905879715676
1581.2900538860963,727642.0950870186,-253.27259572850744,49409.400113286065
5658.315447739203,81119.17642758804,-44030.19642129038,77633.75268446445
6749.434784997836,778471.6927733659,-4150.429866789949,46438.205527816266
3388.850365924574,632782.0307184595,45356.90176047114,74472.47483296959
6229.930122007506,272579.37138222007,-30441.01689256462,17951.077670032555
8881.02781056764,136579.4599854488,-5384.904751492679,8172.592485349839
3658.8373225683513,921244.6970869122,-14544.36837791466,84850.44015855592
1121.8943419201687,508982.37589750235,-27493.224504105518,36122.57195791126
9522.223229569356,878568.3875268333,32639.66294151594,46829.95556677407
7901.021535956196,448778.9531947437,-5535.717163494803,25501.54152505273
4454.662579751475,671231.3784120315,-43845.24891246168,27455.946904844175
10.19148017222915,549080.4309543573,-24816.000315232144,16527.823581356395
4974.872821154351,794485.6624482183,13662.382589141853,11149.461713440445
6962.248709553805,429660.10826428357,415.9903429604601,41865.93091723785
5447.547113457241,563829.8442408701,1507.023263667099,6834.593181273163
9268.178389439976,541578.8083594143,-25410.16711232701,49457.61860964697
2560.44451700828,216822.63594752003,19312.763258553285,98018.67009070214
4811.475357641687,961049.7384504436,25917.2532168147,1042.6430064844005
1105.802374053596,664487.5220981205,-32747.900949924537,64069.99184329034
9358.864503097866,514496.0996173206,-24387.80891741833,43634.83495244428
2355.132793686786,436761.44597255334,-4872.568998255389,82458.65852980177
3746.4377639774893,801754.3228864812,2868.9223478641143,76219.13500965755
8816.463103129669,391441.00151008007,47405.97466686291,46726.192413056786
2780.2679989939606,329376.29316536785,-37761.13792389795,58935.17472404668
1663.089105904807,541078.8736162754,-26651.37952051795,59949.51792448448
3390.5622581252937,470983.4736612645,35046.67939759177,37013.09117884344
9622.895719598453,57284.00354066926,-3626.5637070335288,88464.9808965659
2078.4183572909187,136626.27055324678,21486.336096264407,76727.12982891602
617.3137592686329,976878.3755235861,-38205.58329919116,85617.96742648541
4194.246463614717,378101.5432427041,5037.688055577797,35632.71168148638
9938.972133062776,699363.572814804,7076.0923875712615,20303.817249286814
86.9178821915928,222181.53423711727,45844.26523283328,14352.574206122448
1257.1086281641753,750150.3132299909,23744.62952163165,70065.60170160656
5662.704017585874,548707.3357380433,-15307.140385196246,62177.601689883224
9239.803545520685,729004.1780616562,5096.064475105202,63514.40676504222
7393.068073507883,735499.8968299427,-35764.45796060882,33747.98198764949
5082.094071562693,508160.22609918076,-1157.7341153405796,81837.76801120862
4310.37089927505,477041.91468943807,-905.2544681616855,19080.31059892491
8729.038488241207,669560.2541923384,8835.279024347466,54161.86142969508
2030.5566012419386,808883.4165692767,-48507.98407635453,94206.26188480454
4082.7865449711176,235665.25738305793,15010.657170165156,6533.060453130956
6341.874782951408,574724.5585158101,-5958.928871992728,64688.47592354372
5982.722337095678,793296.5798817876,5690.407360308316,49284.53096085665
6398.708980999,498128.39646328083,-33654.18471153825,99279.23238965092
247.74070832306427,874958.711499507,41386.19471891294,12553.43806756215
59.5671917872842,805816.9439182302,-42956.13203676148,75987.61434417531
569.7198709665186,967096.9068442787,-5756.597800125717,64714.42679263559
6408.301150435816,154503.62965419475,-32063.68508829911,87820.7042638487
8547.252826060885,559742.7352263371,32266.692153701733,73494.97947384822
2997.616739028576,918215.2286782304,41844.24437065917,80464.51147146209
5648.70005366964,257000.74588217217,42467.6822202247,94538.28594408606
7853.934511366521,658056.5186192428,-39167.28496275285,19170.196391936388
8393.626278972613,652829.1739223825,12075.375244583855,97179.24796120635
8782.66725626128,801370.4792447488,46442.79340688679,7111.260249087381
541.6831138962664,701568.1855812231,11949.93858298762,62199.24869432249
5012.9742570898725,102247.60122351188,18572.252293794925,2477.2857441115016
8578.000901417361,517668.40563339484,-48659.49993718362,11325.293110376255
8721.055667873616,480337.0415234185,-5354.40127006259,6569.907016547782
9284.151189772865,64072.98460422714,-1872.4507419680667,53239.177631449464
6471.049569327517,159913.0090228164,35714.02381494251,20166.563881361955
683.7435362359367,133706.49625647248,-16309.414732557714,55862.27180987379
3112.5943055794683,236149.27105762623,-28874.107206011024,90417.73428912729
151.71933428954952,513523.5213935723,36541.64063497288,79681.58454769396
3174.1173984068196,80555.17178401804,-41591.54638214248,95543.22906021243
5976.402415049898,265570.27417673136,13865.284601533225,31882.69537236933
7290.915800358031,362526.089586811,-39998.685538122285,39593.16758908682
1163.372469532381,404512.17810664565,25105.761404661986,26055.19870835248
3707.0873679966744,368961.512667884,43482.37665359762,54539.30574144713
770.2221601994086,676080.7551687878,-33258.13392951841,57236.29455555239
7390.3788381761,68903.91559967233,36926.817444333676,31962.28919173333
6561.2603175983495,25892.698785249937,12390.185846997112,27058.135516359984
1799.0095180298204,955151.4334388131,-3960.2557456228897,31600.48628740264
5271.223357127559,793094.4867704825,27377.337290418785,78764.5360150949
839.5372381846045,919797.6111054099,-35296.82035293459,39026.011685491045
9267.059025372319,248285.5436637349,1921.8353491814196,26862.72592218346
1054.825109329085,225651.2611308262,35577.95023272131,69713.58963242416
896.8431954383437,380173.09689003817,22066.177518682554,91175.71791908165
6581.173321964886,600489.5687496664,42401.155894003256,41767.84056545888
4314.89300116082,440411.7434241061,22499.835290766772,70060.93728864037
1913.6799683969186,306097.4847404233,40619.80221942451,64574.66002328528
1072.1391902849853,701081.0831544923,-9586.297556634396,12560.740836397388
18.890134900845233,39046.85895791574,-41998.75205033102,15642.281739808794
8260.819421874297,64254.428320813604,14526.691649262291,74250.43860976445
5833.798956757893,465167.9387725663,21861.089811537866,2897.6767723068233
502.5553135364036,788111.4998256667,-1574.9449735771777,66549.46225692934
7690.269299705336,854666.7218674852,-5450.904434037715,34703.87532257334
9568.876081310043,519048.75503055163,-17644.910438517723,34261.281026454395
1703.9255136618947,689841.2330041167,-26166.18862979402,44863.896629858406
7923.250758239223,84239.90006055009,42609.82165527914,21107.707014216925
6666.590255269853,482349.79801798816,39826.49972923493,44876.841556719446
4973.691312937151,864100.0048784295,-37349.67498349567,8023.212265356982
9481.32038618934,241984.3335443285,-44915.01429239563,711.826541068783
7324.990665823067,109106.45319883939,-4897.7316124684585,33974.877731194094
3679.1115513897576,163901.9666868756,49538.072892246055,56365.361964308206
6819.655614654414,650429.5686793234,-41231.65043632996,34073.606374533105
6056.326326786733,506268.1272563132,46871.12838419025,51467.80219982875
2656.6000826478453,738826.1421572381,39797.20399426778,54742.213717798375
8971.915465963759,815263.9083802573,14013.494584315042,5204.486037985923
6376.657583224413,551249.2343838435,-8850.548867571692,30706.031852706594
8343.491531169435,859411.2689038027,40368.31885551858,63817.213378279994
1003.9800283059463,409626.9460101187,49501.47203717612,33571.65287190471
9881.314678068946,980168.9098903947,-21574.57023085747,33951.65378805162
8132.380209576075,301263.5803865495,13727.56127826612,26759.42315436699
8599.259788712821,790752.0116588824,2397.923288674596,49116.341014061174
9245.685601173522,735316.3655334276,-45898.931745844486,86555.3301111971
9141.821071417162,300128.96303084394,-33476.97126102909,41518.85426166858
61.161334771776545,314800.4817979886,46355.16873815966,74047.8980390357
6966.21996925709,924148.3057318862,-30332.07985079912,16544.824681762515
9185.068281879236,348576.0069506424,49743.869097323346,67715.70861068735
2918.6782328146687,170748.7554629584,-42118.919184283695,52145.396937420264
4869.416254982274,612769.6055538775,-26756.116746029234,91431.19617777961
6243.918646121797,491205.85115598445,21529.85314543436,70398.75076283439
6158.978038847944,996084.1435635232,-961.9905786183299,97646.3162787332
3566.9548889102607,114367.86758121513,-31335.213158656938,53511.32356235846
7217.621804917165,488449.35436028126,-42579.389824287915,90525.7308213333
3886.236078847538,565834.4917096238,-18748.574313642974,1524.3680194721553
6123.030674843113,897466.6714570894,-27734.1391064319,98793.12099916796
2117.2026339931062,159031.1973620728,-14089.848797461003,53991.43137427973
1918.8648254373463,382101.5366194525,21199.344040319105,33056.27513651393
6225.324140054483,810132.5337873852,-4195.29816476901,22892.435787883926
6213.435869653827,358075.8970580102,-20386.347896615433,87376.53346367143
5487.673851020994,893787.3430183083,5320.006055678103,9049.92931591363
8113.950470495289,574414.4997948044,42668.604222729235,69848.27650540588
9922.107154993211,21599.260377312377,44169.93983605037,99313.17871390902
3785.3882286063767,525597.6895609462,44416.70578518802,71954.0189679298
3423.104519744742,710315.2282200229,22575.649125619646,66775.70712445509
4423.07609035019,128774.17959733831,18194.48211188744,11460.783141096232
5643.3434931194915,971675.6328431426,24155.04852705513,21291.88900918041
8928.021262394619,680486.6404459584,-32579.695670485886,8623.350209081915
160.05841015591216,520878.7873430934,28164.125625723653,82558.25529440222
74.06540114578087,492363.37896099815,40939.32439859415,80460.01505745742
8965.253499628468,425613.05638476746,-32269.322182822503,73025.12928917339
5455.923180641993,430229.3104042478,32056.175387494804,62866.48394811596
5818.8327357636135,762609.8348717404,-44278.888169226186,52904.18003434478
7007.165846577227,526089.0942677208,45396.0234179316,95333.53394443548
3503.704900757305,113670.24568476614,34880.91714838942,44537.58591203058
5377.215318759101,437435.77541772317,734.6161948219233,28034.048871229745
2521.929066496518,978118.9948285416,33889.44724146518,18394.35866624517
7956.408332083241,113338.02755199859,-32062.045965654874,36045.06633808233
1270.9646980588464,923638.2564551352,35969.63696167919,37959.52587950535
1838.1941666723035,211759.05580296487,-47847.785853053174,50470.47072718677
239.08376428301347,502434.84356483805,-8306.730108084725,85781.72429134093
5507.530151127296,97560.24817710425,-26615.47943846483,41229.93016644198
5259.012261734052,404693.69018578186,32622.436658813007,17944.893807868622
5544.534093696902,315642.88821843325,9615.23440603204,11279.725054913104
7358.862188140448,746271.0103566195,-32572.208691956526,19229.65960610118
7132.459389934388,998680.8652531726,-2417.6616959245875,87031.0952186712
9249.414144563854,932579.8749524181,-32875.759961925876,56230.02587197933
9659.053377258118,653897.4974611758,10378.587367861888,14731.703345232072
986.8165942676477,745621.6519953219,-28935.306019516825,50691.03637608191
1200.3620772820345,998339.9225426349,-43997.97635627474,97575.87381210418
9849.762479085583,606116.3362513239,-29667.50724456155,20332.98742804085
8176.043609965672,237103.55059226096,-33999.53981972713,33309.20828295604
1970.2046764026659,187684.82677154976,-49826.85237326333,59427.85660925467
8965.252898909415,543960.4209326117,-31649.364861254013,37093.21856046174
5756.675393392033,685036.3315123379,-1893.9972106204877,56393.53953045012
2772.160175361994,868844.1108517123,-36287.452506947615,59395.583284741515
9649.270460079319,603114.0964223323,9356.459888791745,70671.5408773501
7530.166421806569,341644.4027601427,49199.71720744661,33671.671201629935
9245.359967093822,659152.4263853721,46249.38889157426,16153.735087797138
3133.8762510356332,546764.9929492365,-41194.09099354561,13602.951745791846
1335.0901584856722,314598.24651837465,33204.33836940034,23423.828767487776
8787.893075214615,87897.20751378858,14628.979923572282,84657.91107600273
4885.737503927618,58850.30994281002,-6026.8234884132835,78079.13199202818
5761.498327443131,587462.9429067975,8032.476915131527,59741.096542787775
1513.9778490239341,291769.1179897367,-37239.20246536822,57398.30263996307
9338.275641506036,390179.84780062083,-45114.400722684055,93695.94274346517
485.13223859731113,636910.7392742559,25869.49872721998,12620.628436178882
6249.7457011309425,505202.05864246696,-5977.84412198684,76426.95222589775
5778.454919379397,822437.6009009238,-24492.329005376345,69102.54586806192
6382.0699077295385,526289.4398644809,23059.143117359476,89406.91007303068
5257.521019156568,591659.4893469613,-17596.57472266325,41616.93755701274
44.890738607750166,734458.4585971219,-9284.436057096624,35334.72554608717
4484.781867488174,270157.65174557595,18863.759709910504,87060.91991368438
4591.365976046592,372567.94421042065,-10227.877971113521,75709.52413914491
219.34642362432032,921445.490671152,-11080.073597329421,41837.67085518449
6678.462965605222,946292.8260239682,19812.403249927986,36086.645062784664
1137.0526789211067,328118.5606093953,47199.59749687913,16177.971414647785
8956.574181867372,130938.80014589384,13886.173343205424,63781.12653134024
5811.892789292588,880447.2496906564,13166.457338524931,42667.05945019277
2477.515417105276,328551.3327491542,48235.43890714653,47784.33759673131
497.8514091548525,619365.3002652267,12367.856929149966,1242.4476769856697
8609.97196890161,304771.8412218536,-20776.147798049282,35659.37392113772
1750.2237391162944,665807.0626937083,1331.158243953454,67928.29156343814
6751.452279558389,319894.45319834875,-23389.87149336079,7180.820352141648
1425.471343259147,773346.9206924435,-42250.63640261146,59571.96900101662
6625.813583769505,453576.26522511843,47306.06916393919,89484.54612137051
4098.682620795403,66093.65848042975,42596.69862468605,71848.4788953738
6455.421029042588,487654.1871006833,-31240.155088402356,23493.118393931545
9437.696807506058,668793.2153692791,-34185.26115588605,32798.290040899315
797.0031117133369,156521.79745181664,-23894.869603743606,16382.481363219282
4572.956082066782,421092.78058186907,12209.72378149099,19164.24966157452
4330.265712601879,779519.0118241422,-27783.251806225806,39855.52163611592
4002.1474093838274,312919.35997377685,9201.673208679109,7793.210547376717
388.32839471817147,714787.8647226847,-45186.575592001864,58988.138045901316
7068.698323514211,582926.022998063,43065.944262166726,59367.96158220141
5519.042639362785,839047.4186259727,-20251.719355742236,1413.4522841119158
5553.184929532709,826958.808254544,-44692.17314286788,56735.10941667744
3866.259035791344,242741.03569513504,4627.71881882241,1609.77327325883
6416.720871773909,108497.67850334407,-24189.156269752875,45094.54302050114
7660.0998970393375,795009.1639314047,-18100.730788643294,80057.95837716701
7235.3826420853675,168024.23332581617,-25600.658649260346,46316.08341912263
2605.30632873231,277940.47191717604,-4450.911231004538,42033.76127404599
4364.741242118859,373269.811264396,37456.011955942886,44648.961525281564
9456.717341065234,94554.94389287247,-39450.325146333875,5800.843116666532
6373.555945824782,737296.5947040848,1234.9903203205758,66089.73903621222
5570.945187898706,879971.5283529991,29198.46877529328,94970.01817830234
7785.697270450268,176365.34202555407,-1488.899305855186,98674.31158172507
2723.3110051608755,750214.003024616,-26512.0521698739,54790.405393404886
669.3585529905699,944542.3675941364,205.94892982202873,25959.590467533068
9979.099344567292,388107.5690943501,37647.82579758442,77138.06816754109
4112.621973795551,46999.401416267516,-41368.59382522077,70960.53125629443
2908.1991766204806,790719.9908801288,-19999.977545316127,43967.81610073631
4124.437604717006,618958.9125197948,-16008.812655455338,72808.08690428842
2932.1885432910944,327799.7573059098,48266.97065242936,23993.73088218484
9000.081696027657,62238.63741325564,10781.080440689984,43393.74550055709
3092.930657859897,945664.8404238124,-42526.06284054361,82364.11458738598
7690.153599061417,176347.83196641822,35728.49639965537,76266.26534415882
9031.7385578166,275995.045753323,-35414.03171438058,88096.41891037792
1212.176421218668,486088.8347342391,33911.9603571757,5046.2264281728285
6468.176033788996,553980.8944454783,-40979.9417402901,29037.82599497936
9643.862076884887,892616.7302245841,-15298.868687115297,33624.03267278442
8967.553206997149,815282.4190248568,13173.207253358058,69117.08335613614
9737.103223203103,819910.5029895031,-35841.96708036579,85406.98919149663
2286.181423467991,826250.9806533661,-37893.04117033759,7653.219596857753
691.7574381143288,893608.7119921825,-14459.924323417159,43881.06881623026
4083.4494882896133,366866.9858603973,6529.066572265394,25486.7724691053
8128.280988705835,694162.6453367944,-5454.490707834368,81753.00781157732
289.78419450705115,270846.85163511283,-41787.10021001296,27699.16268963798
8798.280453007827,91260.41560593869,-49058.05564441418,938.3487292602077
1919.555456305314,112372.41079290246,-28004.782063832747,17685.808551335023
1072.0391707493948,151474.72954425702,-46781.461875485285,30661.051706610022
8617.992204831124,413895.50048154924,33492.945244512535,62348.63932791611
8742.086860720054,836087.872650173,-12097.497805907828,55930.30333598727
7731.168834758446,834471.4003411246,-3320.443405853999,33173.609218099635
8181.868113649096,791046.6205096327,10180.5350505526,73660.15409471335
188.12456015321666,743073.7536596187,-9538.29016905299,32958.85567101872
1398.579364847734,856000.5809259536,-12534.190292579391,98697.59483598419
6984.180459631309,986344.3678802731,38396.7497139824,42959.10756422476
19.23132212498291,424376.78820319026,-37448.854495366766,67024.70556550894
2554.5147067200014,25230.987801468906,-39308.29246175555,50211.992291504685
7749.002057379693,531443.7980822122,17988.990543242748,8400.516061609253
3827.0589027718725,399966.0800482551,-47375.58808325675,39811.82860539019
1340.9421332222316,352318.53547947085,48338.82371948924,85708.1661149805
6243.777870986489,567839.8608861829,-41472.645110264064,61896.580348617514
2616.096302476001,496868.77114763216,-28077.369601954728,23273.028042650258
539.3972444991491,323220.6278612368,-14525.088292194996,8113.554194125339
6573.100693220645,273464.50131276215,38729.04355188634,71417.40234913521
6566.638152354015,234275.3863847519,25814.578573136023,57329.4919409336
3126.32143283749,838531.3181527389,16106.800683299225,79517.4037407903
2957.0238578615094,275844.3209522307,-17317.20386167356,75350.65464159397
2511.595039329364,913859.0232668717,-41111.871529950506,74827.66699280261
3906.320707895371,142921.75894120475,17646.05508457216,78418.56773500609
6898.6348197417965,418618.30184335075,-4417.308704882882,69339.51297162389
6873.674298821532,54196.92112214238,-35392.15959730703,95247.00285360697
3249.163678463578,168038.92142000762,-12717.289611384753,41938.175255029506
7483.505080259349,120107.75666718636,-20877.919848536996,87365.85877320461
4959.837500727836,735702.4116748186,40919.8979359394,68124.7224371917
419.22571797767483,514860.7552044279,17253.72460710662,12537.546231727803
2329.021674760009,881402.2583490632,-16485.183393947365,94568.32200949633
7597.840935353418,36869.93878210576,-36872.95069220563,41011.50555755072
4386.480522051316,111524.99853214112,29059.30512866375,80754.42353502053
7414.495060421499,687068.181845349,49302.34143461207,59382.48940081211
7125.047638127932,383905.1408874215,-5327.427821434831,54994.534574548525
1346.02747640323,659544.0401851477,39121.57569882457,21818.226842400767
5673.3331134983755,254106.9986838021,47671.60888164256,57063.18868872687
6702.598893062034,523957.0398198057,-34836.28391989264,33422.10191908531
448.53541363187753,485086.8338143362,-9803.465133190279,64727.729055346426
6816.453479650901,584184.6870858195,42950.236919580784,75496.45017347281
9828.416644365083,207188.05649286127,13031.472299026245,26436.54800454531
2456.8746358999083,962654.3042313862,4041.5585719065784,7472.1487355836725
4381.506373886642,200422.91531783371,-24738.347030322893,47431.39781528188
760.4017514881833,524812.8714722232,17664.927790346366,5270.05213572117
194.59609045829663,715993.6925523537,-8592.719391160645,1549.391469188055
465.36669902409454,803187.7826605457,-4985.549284970955,20859.963511526403
1336.5847731562465,119006.49613584559,32674.85573088954,65980.33627230015
4739.8151012980925,745491.921875517,-4636.145913131884,72782.73140685796
3997.7396664481803,879330.7289904956,-26033.45447232005,1245.0019044423223
5391.873427511953,696226.0045938656,-21867.371831862325,2401.1148867290276
7343.4359396393875,282557.62650224194,43288.24577103421,23659.97400239841
4751.6247985804675,946231.3205909317,-29953.851401168162,55645.01089123206
8621.435373195642,318010.6141688164,-44803.07307545467,42554.69707182144
4013.5567168777243,29646.180007716826,41530.42843464209,75016.72753087671
2561.7672314356064,885760.8835961979,34927.94346392313,59506.34367791344
9328.641737878866,152718.84195731988,11482.110261664347,11621.854777961682
7608.274965373357,489601.1651846184,-35157.125981041616,51858.1233955795
9435.114820610106,923930.4242486933,24554.32802698655,91991.41849158064
4020.8901915702268,407930.94235253177,9838.549729666556,87786.67517461158
1117.0097899681953,39880.683124640054,-29900.935873512248,99460.91467942412
1387.6966222010712,739506.1367506704,3357.8972892655293,45184.14840496693
1279.5164871537768,226389.87683079456,36906.62319336092,54871.84809415913
5585.846509781286,486006.3997910637,643.2101081245273,31620.60963217441
6930.222307878497,419269.7990548697,22882.85632432907,6361.40559516053
7730.392505277064,358373.1640698152,30872.464385583648,27652.39287392052
6855.299332061282,374217.15954506764,43804.737070499265,63005.90848994367
150.09622644652555,378871.64111949893,4819.340462439468,742.0327230223122
1279.7008191794635,120282.31762968017,10294.962417901465,32083.60797590548
6929.277701732924,275829.678118192,-40322.47771742988,62055.381051504155
8300.428943542416,416366.75769227464,-32843.86089353688,44722.538677238466
9054.767359086578,133006.90094278083,47689.955453063114,63401.55469662375
8381.93568100823,815202.071372715,14205.236708105476,79698.97279094152
6707.022117333529,960546.9904794396,223.64045660971897,56581.326119435435
702.7211801026933,24263.79904057071,-47251.10014979098,20152.148858598717
3734.4701551940107,199466.3954522421,23930.621388961357,62409.590260632984
7642.189964439168,558073.3115005932,26840.261517056642,2980.885478133144
1850.1446489700058,936632.5258251713,10635.778812708515,21677.526289782512
6196.828032799937,321340.66828738106,-46542.13304816251,45687.69064227216
4589.671426534051,932184.5767055374,-32407.953878015716,25320.07927704908
7614.765450608567,67401.56779479368,-39252.65065323793,60436.02842693723
3569.6698600630493,326350.1217244646,-256.30697291812976,46054.39314951453
9037.783550346103,61401.902421183484,-21533.53092095435,90086.33061949455
2085.6330627363404,497610.56010833976,638.2813974851306,18754.820706248254
3439.8315581581005,682682.4133426426,49774.15097478799,25976.38744293186
3588.3470843708465,109168.54911531153,33627.94079759154,41830.114487080195
6651.1146699317305,385817.2282533873,-41495.85895573874,92211.76829583243
5077.912563509318,505670.630177405,10000.560757988264,96868.45183638606
2756.8159353983456,364758.7255744928,-8936.101455817283,6231.85972555389
7954.432479742201,527138.0416925331,-4318.456608729706,8815.91509316928
1659.5136010117517,29542.632596773616,-22900.626132251768,50417.167829192746
1364.4259620062937,252058.91950539855,3146.7484129901204,93954.02436939545
5094.358579837522,970005.6915354894,-21933.737959028764,14503.51178781919
5582.033361262627,106595.03135451605,-49812.76382123315,67941.9803557084
9886.072134581686,85969.63302658277,17848.392011857926,93568.71922071841
5464.073064837376,641856.136800815,-7833.559946913694,11189.228772587001
9736.827771441902,828344.2218346992,-25436.151783514204,51357.453790412954
6518.0141432411565,686195.0093915167,-40589.60914284464,13823.970378459182
9334.07944256615,200602.6397007145,-22300.535508051235,83709.81778269917
8621.925828291143,644476.511939075,-43628.35219185841,47523.23634847069
7067.398490180172,555082.3278758952,-20285.688592848015,41859.32209451132
4935.466944775903,321273.44770140835,4207.505798039725,36470.179012457345
5143.381802697741,403564.4301437489,-3747.188133986958,365.87901983293756
6040.978604167345,489942.79008871294,33413.15354106335,24704.159767857338
8387.69369038073,46584.74713118786,34108.08593748516,79449.4184621083
1853.7417179977688,34534.88955640994,-41849.62297528078,62129.30874302809
5523.304770426973,250929.7881057695,-48923.821606589445,56489.77327761834
6340.461372807716,336489.38443619234,-11087.543283569234,56447.1417519946
9213.987910361315,869770.4878868978,16841.766183329237,26458.447044261113
2585.041933962573,403070.20261922287,-34834.146294073944,63278.87856871347
3662.1381703922516,664887.2261787297,-30964.002907922717,96047.883883169
8240.714547714615,779493.6510014996,14609.354841940614,11743.083079608197
1049.9735898599904,815438.7972699305,-16392.926054364907,21263.885665099147
3907.5800892445645,231701.85547876943,-29308.759994046297,87754.25071600844
613.1841309673247,142728.93090017576,3644.194632866718,23246.783563042838
9474.628257483892,791735.3366555045,5025.163188192317,22307.970430771427
6636.089275703608,705422.9903338406,-4204.5041637769755,42086.99065653812
5965.298174131895,742657.4440541691,-43654.68725620444,57018.27991519581
4157.365852206241,524668.6163768556,28420.618934688697,13400.562665699377
2925.641113163,444984.01779985847,-37358.46868149717,84172.84653591219
3675.410982312445,423572.52718774247,-9381.493516031216,77430.41214689985
3894.1481105350904,91571.22691517645,28114.96603716488,83571.59641315127
8642.400310935442,270487.74642706447,-3728.9127747285092,55438.747348765784
4992.304794027861,82914.829073761,-18405.08024131362,3414.4054936222633
2036.1055894539559,340563.19943825615,42243.436420999744,53156.44141012141
4174.937300509097,259813.86666144364,8057.489636918399,57503.50707689894
798.5336363943007,235009.78206797995,14881.06723353386,76054.86361046636
1179.4088638430233,355352.13891385146,-40113.33546383267,36026.20357151405
9430.447692855922,782535.4040397818,-36055.03546766649,66205.88655026302
712.7341444883228,353150.23863079667,-20481.546615264335,52183.528744020725
6530.837740813808,872402.4762526986,-11875.021152419285,95495.62406841558
3915.6682762967243,663841.5881566593,-9891.298140942032,71930.49815611169
570.3970019525761,33560.6724891886,1272.2313436689365,74957.57130590871
5642.838074088813,316725.4310631977,35865.23281178258,99093.5337033519
3688.070961648189,179308.44220560865,-26508.88152650417,64990.73823083267
7597.974836209549,428550.0024784882,-21315.110394733972,13130.721557299308
4799.740382583046,181936.08298490196,-33768.423127380534,96228.44728870463
9863.311491774368,856378.8125937225,-17263.84274809206,81800.52891264654
5808.099660721454,706803.7105949101,5522.2068399902055,35823.344025003615
5862.2092637554215,726493.551052756,43627.966599825435,96004.56508041013
7202.795191880815,720307.0739617837,-37515.09770166877,58914.3487132995
8294.072648811109,56286.21818553176,43805.2782341986,99070.06820815479
1839.8836860152712,651184.5310971966,35271.58036547343,10041.06877862917
6080.617661491031,911094.1003138041,40812.139994695215,7737.694972640452
8189.675469976152,969618.1551935483,-48436.330394411496,64271.37099223572
4862.554304387902,902930.3484232393,20062.761880183738,47120.26993896381
6842.023237406597,873582.177402322,35774.97020819361,22807.709968304258
6085.748435385975,503063.5510816781,-31238.70446437944,46898.09651849802
6558.120317959254,56891.874239593955,10098.498225213669,2837.847118758896
2215.92138587428,805399.1558180321,-47389.08500855726,71016.47504383117
8657.869148011807,898406.0112134671,23537.954681122836,6395.555851696188
8120.953618661345,962616.3123808267,1952.8210303007218,78151.03808864625
1031.8852816679591,816835.8995064378,28064.426471044862,77996.99261806167
1159.8533871629124,842012.5174888754,38975.823220933235,35206.528434175234
5567.1950165154085,60614.520481215266,46038.98742898216,85818.30500522848
5017.451692710298,973010.079888808,2637.0720751286135,31114.661847666746
5275.695474701323,467278.1688127727,-1958.2464180692841,86180.13636551709
4823.888748381845,923276.8364429203,-47065.36961469645,63196.67548758402
9914.432308070422,371814.63123596524,-14751.90699045235,56104.637666392555
3597.952277629679,425414.53203184274,-38827.54752664648,93356.20335591435
1386.7628993506798,888430.1691722665,45492.548050418816,3710.6050721848474
2553.331142470645,961168.0022476844,17858.42986092504,96368.09823875842
2713.4671571717386,815189.066670044,27161.156118489525,91212.39343214569
306.8457471007169,855108.1992821345,14876.120520538061,47528.82292912928
6862.863569605605,775978.4281113618,-49947.25450284184,30288.207048352422
8527.719233242433,694742.2510961598,-16429.21927036837,21934.056250161048
4229.000735147583,219251.76077108597,47349.854376634175,34583.38884100778
4066.951583636885,859003.557767934,-4609.673627284385,2649.0822834192463
46.979279112190355,538004.0193797159,7839.900911066332,39114.36516400062
105.85789327498985,622075.3122480031,-43278.138659846634,20037.680591144413
5534.471915670408,380431.62587101036,-37472.791397382556,21338.84131124437
1362.8337443434325,704500.1500539897,-45435.632168738615,69515.03144788241
9048.501406380417,825730.3094019159,-15223.454663628312,83657.86249834893
897.4127442761348,608529.5998950349,34678.23122797972,79990.36653632035
6046.541120700104,124484.12649291969,-1871.2412334327528,82115.43296274854
8550.673872974401,939665.8572190547,18852.17274011555,30264.915630626245
9140.996980758033,88098.64510614378,10929.177553910908,11061.208874119322
3561.0667533246333,581349.5453714398,-7071.759118270224,35650.80745147979
2036.1386996208064,396731.29473242344,21909.366369874115,78542.00165663475
6394.711224478078,394746.2857226055,22225.50277995244,52076.53556579487
3636.536934665148,460172.41392236005,-34137.120419188956,32187.63945238914
7329.23985356214,860585.106216517,-23996.97099367345,69944.6408097989
1116.0740417752036,291129.62495257345,-6444.35749400872,20356.843606325147
1830.2416279328527,925002.3055686185,-32397.19973402112,95007.19205120529
3236.5873616533945,915369.0305542981,5011.555243497991,98308.74315285924
5259.370322737461,656343.2549476158,41913.192964652204,38524.733905479356
7705.20877515759,188166.19096615395,-19686.00510325824,14165.644696464107
1953.1815228437488,764875.7178616959,-33206.36898929534,63974.292907688854
8859.463407760642,711520.0914770453,-22936.21041114282,34432.69929285344
6211.758739167009,122367.74690758537,10101.043735775093,62572.08765813952
4469.19025146959,731583.0076100341,-11365.685979299626,93840.05168553145
5236.192672957115,503483.00064455945,8958.771680458398,54876.560520318984
2944.3451256089825,880759.7920806096,-17635.65373011806,79273.16044301035
6553.975334675301,575947.0138537912,-37091.49575066462,40737.35627278186
4737.750756462359,93929.26433156218,-38170.7337038463,82556.84380407758
4971.370910354703,611437.2279373072,7585.924509313758,44855.87348913779
4231.856110809895,333241.2194763121,22331.275338661173,81858.74201159045
6591.828881870385,434150.05916202284,-49439.36604024615,30223.01181260134
898.5658145485531,800941.8615795755,-6250.778114213586,36477.75466747011
9939.496153112334,808998.0670580391,-24018.959256025562,76699.7371739752
1021.2046971591316,784680.9955679934,-10111.339496029126,4783.146124546611
6726.898531364459,96390.47877196841,49664.771464625155,47006.10972620902
3767.677324631119,144754.03825452097,8472.80743733934,20069.893094146406
7305.8454101566995,785549.9491452447,-18724.713652769387,87384.3645069092
7903.887338092311,417731.95642056374,-49085.032144491706,84095.9130958356
8340.62792838747,583318.8780323066,25225.301872818236,35201.705248160906
7936.478025376015,935932.1559318115,-43986.91251447083,63066.81721860986
2742.5682517796204,800408.3617709732,26947.622392838646,30758.405070328023
973.9552919883209,287183.860624331,-33292.945085644504,95833.7848417511
4404.9825773691555,342042.9615900875,46174.0586080385,55566.875224250456
8095.259301585642,944340.4719223275,-25960.639640872894,49070.2075099319
2777.624820315615,694954.1979306636,13863.008347462637,44367.27699205283
6514.842599663743,438992.51363826066,7459.7692291566855,79192.70929654285
4819.667697774706,507676.194417387,4416.344001632591,43145.36696824849
1333.3207670510405,718834.2005343961,-34385.41278035241,85792.18265418502
4370.287051534988,746096.3439488595,29826.243885897304,10418.132204901254
8162.757067691867,933136.5852568399,6761.196867712046,66340.45975228961
1475.911563083041,491214.2819136289,-12607.433560538404,84052.88830619353
415.64259245834955,875780.6215854671,42948.44156566034,6938.233713891151
6713.200201026036,931062.2507458937,17651.417202075187,60885.45283551765
7546.635226121732,420303.0182935287,7103.521315911108,68869.8802988969
8046.80858596066,63739.899876146636,-45844.48284035754,61403.000810271704
3036.1206528553107,126408.33108388675,-12834.009621403588,55730.778799659194
261.00936943213804,73516.78782987315,-28253.002186180154,76757.26158613463
3404.6564177198557,602400.1303878154,46409.51588080524,70892.7655598583
9504.226545473599,586955.5648154472,-35036.73341540994,20373.649749898603
2047.3630790675334,412984.55376350717,-25908.00873617073,73.35539034739602
7985.547524770838,261009.08064963264,13216.538843615497,31421.9692060658
4177.323245797793,406899.20480689453,35574.65544171636,78774.34268628346
6362.275795669133,980044.5350916446,14387.683912650238,2414.322564364857
1667.051714837372,43820.72921663392,16050.824213481988,29355.419754369905
3857.585543375588,363747.60146671237,-6524.992598154669,28195.83297589757
9077.101451585582,945003.9788148791,-22975.138294515174,77508.41297866375
8647.34112607947,672859.9838238389,17938.580714381766,98593.82170094189
4660.862742738377,797106.0576578447,-30317.96510583884,82897.79445034097
3555.145238035591,704703.2289851672,-23619.24873186342,81991.05228141214
2634.6242130400765,183648.27056132464,-25710.145601291468,43733.08086574349
4594.675305571958,235442.11500183484,2203.479278545463,72088.67044489954
5501.95236482398,83569.23166731768,-40228.47552265405,60038.71845851494
2398.374851793146,751040.6053098137,48883.07281354835,95124.47967055792
7721.457810350124,361321.92702828906,-17407.843174253325,65387.135060548084
9071.557215272263,173863.5805770838,48503.01539355508,99812.14205568089
4507.004483272372,997968.3758183761,-30901.662416341325,61860.52900028663
5510.987985973939,116877.49086858446,10185.443691214736,77266.96900015115
2049.4308188069576,217724.5892276682,-49548.30008686574,18007.04985607252
6727.008982625021,342402.88456537866,40061.95395770628,83183.90699382752
7948.839859486933,569408.997046888,44297.0997500229,14556.984731506616
5208.262311665799,427372.2852350778,-10575.667271704828,59533.33608539264
3146.5246683714254,947247.8660758961,2306.061248251768,47664.59389464313
4868.080386736474,462046.0151130814,-37304.16395536469,78040.32431568773
9145.588912320589,800490.1136986059,-32263.93804860033,24441.186351185985
611.6040996162053,694139.7211528717,41863.66713579935,52712.95047865132
6809.327283571609,886285.4715502992,12146.33538696004,10545.091859494205
1062.690327703647,275316.13659079454,9013.246248136209,93685.33029724949
5526.426292778932,845278.4537309122,45410.77974425003,14594.143054364584
4489.672831601484,411994.60763492895,-26395.081159351586,99640.95018187574
4032.0495802133905,984371.5660788848,18168.616803748635,19166.28618943753
469.0360142603278,807431.392825461,36133.714462439995,11081.972715872556
6673.868799824062,216110.90460819635,-39146.58265403077,93153.95428176213
2326.0695440521886,87023.70245535216,44812.800293752865,71710.08450804008
1412.1038503285156,969147.1050211975,28441.121561430016,45237.8353244693
7891.560258490873,363790.9309944257,26921.229001155793,70184.56769311924
8342.634327599118,769224.9301296705,45057.67441511828,3245.6253926636646
8613.58763733595,665985.7943507477,1456.61520264898,59523.17987621808
32.24485492399731,415154.4790014363,-32413.082847001195,29161.443266908416
9563.484551709871,453788.9490390976,4733.385641789886,76411.4768635104
7455.06549485804,119217.23895081779,12419.331807162547,4551.491184007495
5375.024884099121,397039.79778883647,-14432.803611589705,7686.227795227219
7819.273401015456,306460.146729504,14482.292553152933,46171.601831614425
9655.902482583799,570956.934534297,-48313.83858002815,76258.50561426391
3073.112964711521,492330.5222592444,12692.433442052883,36522.289723984715
7910.560138440065,391801.0866529485,-25990.491002069648,43742.107701829525
379.30262646180825,683105.4574523489,-19029.25014697494,79116.95676115606
6513.436999267582,939433.9562834805,-19565.695022250897,52052.932081771105
8346.884340647845,188568.2825096464,48961.088637429944,13228.83062079605
2771.6900520483377,758725.8258906275,-4229.156179287216,51244.91559622531
5309.586322049049,741385.582718344,-18407.38922739822,47882.313352149744
3616.459205876058,976765.176575927,9467.357622052907,85848.16764986886
8439.752901881553,482637.8481382851,11626.895652509826,99854.31807626884
2961.730938210361,537823.5274749801,-22235.344900593,36974.94094314896
4986.910557421834,897956.5939625455,44330.26412786268,45451.2555157357
269.8707049470994,823028.4015666608,-8078.697141838107,42459.03032345582
9430.030275849245,33721.537749127936,-21588.003871594385,20827.278805443995
5362.880344757751,946697.750361516,-30849.98026271033,42294.255330721644
2832.546748217707,447770.5763892963,12369.022215142657,30609.396898643514
7018.447176216425,546288.8231120639,47905.834712407974,21637.643643439962
3189.2016322422155,814075.8350418429,30377.750739130424,49595.12387939745
5389.8437748821525,667914.7619012487,-5833.281352249942,48642.92406293236
8053.768027049131,125838.99089767701,-13126.38035966974,27288.24394827922
788.7452033608544,454381.8279344988,-49652.75143058472,29389.97678923664
3236.723026046908,566458.7862271481,33959.04126868796,30038.334805541268
3870.021712939166,327700.5622963555,-16514.050068466,27175.850371501587
3861.927949757825,262824.1161137152,-39219.6834050591,80549.69699886622
4757.572423215805,63023.998242619695,14346.968679975056,18432.983400507706
6571.380517064131,700385.5104059809,39014.19538896048,79525.26564976566
1150.2610530607226,975965.8267026872,34076.6507849466,82540.23958114084
4167.101164412409,904458.5194183717,-6395.350952625486,19211.17820276895
7947.01779371739,130252.10666500744,40055.69222298893,47792.393507380126
6479.213673610256,717211.7571983658,42890.54233403293,23607.58876757031
3430.167279791394,977659.0497403163,47587.466136974836,40793.692913962666
3749.287458659639,464792.8855419077,-22735.219599184275,75111.37215089641
9546.047121469708,407190.4632740079,-40936.84486311296,11541.107160137875
1317.9993625810914,234045.73797062092,-29494.414685150085,12356.341675875326
6321.9798594402455,625447.8559042817,-2755.67547274728,31462.915286822223
6906.178216853771,263271.64050382085,42920.50453666692,9016.596318520642
2958.658708036739,455146.16930406657,34303.53536674025,86678.22775634828
4278.299476662877,276487.91669343435,20443.807810540908,68338.6264745183
637.0113636888675,263728.45397082117,-26736.34673763422,13743.072119318656
9577.484020365348,735637.0207379898,-41172.14818526006,93167.80804203294
4578.603659812984,99032.57692888861,-36523.5370203141,50148.710478506706
9121.071481103354,410199.05979514087,27069.095109962378,16234.905938082655
5398.646674671104,253962.99444731386,-43218.794716653545,96837.73629287012
9945.826296795847,588661.1128010446,-30790.671422412797,468.2115187926605
2290.6669126651536,987120.8747801625,35983.67663674451,15003.648938999559
6891.83991739774,41296.30405842156,-11347.207289859718,44096.943216715226
3081.90681637862,331345.4214930249,-27703.482139071788,4439.490080913366
2514.1913044646512,368705.92937808053,24139.784943565508,50311.51921930721
8698.511728059713,927119.8649219722,-6618.711576933965,35701.17097512119
8611.431173569603,455577.439702789,11517.378474813464,46246.3635392493
2079.573910619458,802795.0526459034,-31367.002096848228,33351.13958191842
659.9457816160669,154111.8501563239,-49552.103267470324,61050.819282969125
4079.0863940775803,108583.71953539434,43347.67864328975,32547.97116129293
8943.271893575644,246573.26992304792,20195.75823883229,97813.8416439235
1394.8795672095405,196278.667623319,-21586.366869734407,56247.554321205615
2665.4156759567427,681413.982171038,13633.292071536242,59108.06603368571
4063.59335483342,101647.98747133312,-22832.983143272788,85281.45992191673
5837.247375049933,302428.06878843653,-16393.792044787304,10918.894820128644
2560.7551437752063,631460.368738268,6052.316450933373,18578.132766622835
6225.02698594798,555386.7097817246,20799.28021224802,94724.20926162055
7045.02099181691,42093.65352923212,40728.40989742655,45792.54340096636
1150.1258413462324,221608.26162912394,7242.915446187733,22490.34191088577
3785.644843742264,821679.8189612756,-5739.19336345137,79609.89301302494
6429.009682428427,812916.3831676358,14601.217577768075,14349.940664363003
6312.237833638597,292739.38919147186,9040.671663711473,19989.03185314217
7242.540913780411,367439.1015614231,41382.15677598554,63727.34259437817
1325.8808329476835,717258.4998511119,19071.31709801758,47611.19087072968
2223.664338038114,670702.1672473045,8210.499863032535,39677.06564316451
1910.6500137441983,351161.8414805054,14262.716912369346,68799.66389060227
4552.541150263863,251469.61230977153,-44695.9009503051,61201.09219540159
3084.6220885074636,640134.1426872738,-36625.27692074451,59176.058652427375
6348.189601798695,626784.9122922822,11294.176463471573,3310.4982190673813
7229.418921359287,313744.1278748184,-22750.41870733755,78318.75478090889
5145.698529195068,595665.4979611539,27530.23038327662,19597.126578191004
9437.353925202653,299823.16486814315,18974.383542106414,52689.16987395097
3748.0740206227747,665904.2141711721,-2989.815003235286,91080.87981398427
5315.244633599843,506052.4423633163,-7385.931634779576,49091.485932525204
7241.781764567976,743430.3336194295,2076.4088490820213,36098.26468777201
6283.951403133146,140711.39633601252,-32844.38574946896,85931.43508431263
3465.049451037485,918683.6861286617,-39981.776945974314,40997.83754294745
9912.708795755121,749540.6923208813,17304.02137063979,54539.796079785505
5717.9902054662725,729454.7668015147,-39278.4599173668,96408.15521222432
5327.305201028977,610672.8404740655,-12229.242335175724,47826.20870843959
9003.607774755867,364644.1135289533,15506.229613268551,48843.84848991532
6231.182388666711,734583.4509662873,12695.217512616386,18528.922596112563
3588.7518217163893,658393.8975115062,-38708.12464497335,2415.4713242827474
6578.508837631982,821016.549792567,46839.90254498512,14326.14043022169
2174.0781613812223,929045.0099749892,-10767.496317696547,30408.731573819747
6438.294732419267,29836.750800491413,-9800.1144993313,62074.541526476125
9462.083115030928,822372.7420723477,-8039.05275270468,81498.71997466317
8088.609550827862,27761.65291211367,12667.210794928877,98440.63460802574
5412.269572110226,803554.1002014873,48583.444524842635,90364.78414118983
4879.964396895183,177927.3678649389,10390.856038206963,69190.5547678664
5972.5110301482455,107319.93404798934,-8434.887620651047,27471.667972287385
7906.921418918288,464240.5547486443,-49527.128335890055,44403.93932936049
7575.673512545784,20745.07291553027,24646.91123464261,47782.51783681009
8026.994328873175,547469.8739645549,-14358.671880387505,21877.49087016979
4190.558579601802,38129.39209798754,-14065.269749243205,23169.410928439225
3265.9007985388853,255030.14196413153,45540.69448242555,15983.871810214678
8216.230834415748,152423.27501410272,-24698.782696098264,68287.02728002628
4148.229035002422,191412.07748878328,36280.271252895094,54251.53510366616
9008.791276392776,252650.1957163218,-9759.02851214975,94675.0545174713
1992.584004717276,421211.2054284491,4881.307890904151,28931.145121339476
5329.659382447837,581779.7779711484,39319.74155946156,52855.0042126852
7710.271808995487,321708.43664124515,-49736.56693945207,75814.17612716071
504.42728029243324,594504.5739340301,27358.233890461765,47187.02072004944
1146.587903623435,986956.0139782964,-12589.002394324954,77569.34616036508
1581.3461371852422,659373.3125858845,31491.166642683107,33252.33974923857
3503.768932079987,50321.627617235994,-3640.000802742361,13862.493843666258
6278.51043821034,514734.116509201,12242.201296028754,32526.988734689665
7884.673492518177,397443.87153709464,12646.164088767597,5525.523891558515
4008.8002029584436,392940.5320912229,28755.351738520345,24112.386999642244
5496.252427552915,586552.3042369112,40854.857155695834,25040.057896255676
9771.644355983311,192273.83522429975,-47676.47634562134,98288.44746078769
7551.8707532662165,698104.971563318,-2086.5961489695983,70601.39902909318
2200.6689506932,161034.26044855214,-2645.1954639377436,81654.82073511597
5411.546659349869,740696.8957012092,17766.490037424126,26028.452450303528
9556.290109288264,923254.7543367486,13917.105647208438,68625.88712028938
3999.166046012519,345192.24946293485,-25924.78188753916,53785.20931993358
9952.316943025702,920489.9959869361,11001.814260362342,19045.146995885763
6035.738700123352,884033.6250097352,2580.4995438544865,93379.43396763962
4605.625731033865,369134.1905023247,4647.050790915964,6684.605431085988
7127.754650725152,617681.4301083185,29771.346584770537,62404.1762702319
5397.966971172628,497720.35641926096,10061.179465388268,28394.81123190305
4249.708967057289,175136.52169197198,39498.75148174264,82487.71526709183
538.9696358993045,793654.5326455339,21887.193222500064,8671.138017889058
2659.851378553054,640499.1755432327,34175.724141012935,77417.59704052682
4619.403427073509,173837.88142476144,-48251.42396336664,59401.95936577851
8788.226521260283,282517.6844067261,-27795.85249149561,15704.35277461839
1843.7635861776846,398629.88654045993,17217.296889741498,79564.32870680423
9136.067523143201,129079.3693817372,-11730.935902437086,94850.55331410588
3731.2382343228423,493605.7327990845,1344.5467769383395,4632.800368924927
7725.604336871873,413597.5962674511,28141.01790194896,89590.7898621519
5074.122127963949,588560.9856883809,26894.8394442203,40467.00021552676
7139.348563981719,545247.4721868895,-45372.92965637716,11368.25874521521
4442.740306467419,508216.7375675943,14424.113320581448,41443.60238840534
687.9201278171987,800003.6024169817,6311.140569835319,51313.50635626496
8025.941419635799,254078.200556069,18342.445657220684,17598.278138281086
5745.474484404072,254433.0573527811,15724.25969180357,3991.026360664851
8096.226073977263,941900.2848567984,-39897.98291884053,80543.32316954467
791.7969952630443,429196.4695344182,18585.39300477435,94179.291352993
9888.571103412087,104212.59506378809,2650.9398111430273,62926.51383626584
1200.1226297685585,834210.549394613,10753.435427973593,53949.85218953987
3182.012793523732,992357.6825541201,35293.58401785331,71196.85465773713
1309.747993594581,292425.13679769926,34531.018558025185,22311.150514684865
7373.050486587378,877495.2128622158,-36901.977718170645,56442.84870191406
2822.4934783221065,524167.85067934584,960.7546909056764,64682.63374746823
1329.935459128636,35025.36772579309,19991.21396513596,13068.886994856044
2062.0830502908725,879009.5195720488,-20245.48030182728,34464.83518289458
1816.9046366001617,821884.4838747538,49682.56658651205,40075.40117051681
1135.4989522293645,787103.3896114575,13496.4455610757,23971.01517980711
6777.4244094579435,801166.3139666182,23556.490800632877,24708.41351694939
535.3781651933521,286951.4899509719,37760.18496020908,76985.99852272037
2265.504934788819,773521.6269785543,-10325.441495930456,33244.07275392005
3222.5117041431463,991551.0134498627,13781.141821116915,60217.84788787663
4314.147878091023,799789.6429831517,-27972.069412530163,18673.85067618954
2727.5068146614567,299873.95383254124,5324.227978334886,15907.964542487818
9529.991481132203,664314.3043791781,-35819.36818095277,80055.98278204957
310.67962614718226,325633.2149611124,-43612.16982747673,42865.28228446027
703.213898829953,893398.3162836557,-13555.667326620314,33298.790023411995
8719.234529190893,340288.06103881646,-48615.43979083548,78190.13904604179
6221.757573492191,688348.4181553464,725.2520984498769,78141.5296170896
2580.8001421473314,572242.3935445477,-35560.552093437145,76953.48695328172
4578.93775003082,157564.8558638215,2183.7851555740563,71098.35766432763
7972.375526907464,369188.57038310677,29446.189149696394,12097.03793073077
7763.497527956962,757127.9394502566,31847.52540450562,39131.0746150251
6203.758828565427,435550.27495607955,-12477.92037960462,41819.98552670332
9821.170095079604,54335.36404632459,-20681.737128439083,93816.22663794976
9354.511924477067,481977.2747646767,-6497.761675241985,16717.933576141953
9376.815530604965,693642.850626715,-30286.38519293395,30772.249579605526
7603.529904644151,528845.3509007829,-11886.209023645322,23939.62543774919
7406.187681657788,769461.5577130178,-46016.11875415669,24112.223357649444
890.2753019144782,630714.5666081569,-32529.416171480476,90627.14391050291
4046.399767520564,675265.3245127633,46744.79375290693,50687.89590436891
9946.738666868752,893698.6670649115,6529.094288989778,93905.16588046627
734.147866396423,983460.8826438825,-19233.254357203732,3890.5914447741275
4239.191291843152,962699.2531711926,18146.1409476883,49684.92615678883
6460.755500067815,455473.9874048505,-27738.867433360836,81774.62124662296
6858.787879162346,360457.45577907225,-45620.97268658678,77548.4961544938
9433.103612157358,586504.9489145178,16104.456575424716,59268.84813477838
8900.086522653794,325376.2931497251,-18331.25650308598,63979.01027626415
7929.503865450745,794406.2439238392,-44859.21544438284,79241.98341913817
8366.544766093579,200067.1025176808,-13453.145079288806,71202.4732179707
6639.583502795799,947135.7981470415,-7296.789579700293,22187.292115453416
1142.0567979746231,287572.75394523825,-6493.322293776793,63906.7490126587
7277.240218578219,728238.7148348335,42494.92461796716,39292.2992643784
4067.59225988108,797221.1906797844,1679.4137769832087,51103.39111476758
4755.731336480373,284810.6378509089,34970.54704767885,58659.12181906219
2662.0001632377944,467062.01149867114,-28044.180748522896,65397.90316342994
2713.958199215303,967396.0141794649,24358.29788542584,99441.08372667589
8526.041446456713,654839.6319528216,21194.063518166397,26934.074080404924
4683.010885506136,316274.349204592,-34536.292141033744,53661.18279483151
3968.7098674530043,354455.8203109844,5154.402485117149,64278.03302084676
9682.03319142761,193587.34730923842,-45604.604462675394,20478.104966247025
3894.9075202675886,179874.91876716207,-3198.7309924396686,89507.58364090258
3532.471575769588,165760.43272089912,-47646.36522110763,2665.3374562786494
7493.532510100494,283424.7574586365,-8386.574407511507,49772.53547097228
9679.770465230855,425671.4336281993,36622.257040661774,69.07116126835255
4765.047683194907,940446.5207461348,-3457.1915393539093,2591.5657815925974
5811.57679953923,569019.8295751226,47904.570714336296,59810.46539901111
5427.585934219612,77246.60981140104,-15737.337383522965,87151.30216362946
5061.514647684342,384349.48388686794,28143.892110739747,67997.93931225824
240.66106209545634,884303.5054688043,19345.615632837944,88873.2165792119
3087.5955320739213,241178.07859485937,-32030.685621086697,92715.08460324473
7285.541708570329,761683.0476262674,-11987.690082391586,19513.98012689809
4814.322535085159,865686.3707572535,7907.346979283291,13049.849774054057
8241.352805634115,708615.0111654733,-11908.778947560764,60064.87151268086
7127.555836478718,578420.407325213,-37499.93384660798,93930.59873644664
2195.969144129657,34184.22674054485,-39169.7366556816,38715.89368572993
6311.197383617927,73459.78094344502,-38529.637929083096,91534.68577032725
7030.758411599667,311089.19197928,-28799.15033172724,41150.21919762617
1514.760927350447,563505.100343116,27074.938742689483,99035.16534069652
918.2422605332874,599421.6917441869,-31664.998473520987,75434.56286463079
8040.886690116844,960337.7066046617,31785.68888828426,67451.2586356941
8971.732531534855,512420.01516052266,-17263.875006904284,38771.1507205187
6741.867420683996,985104.9038689988,5440.052908231475,61368.202041101635
2586.008733886972,501149.3683858376,41904.11925060554,58376.85925260275
8314.24219634136,687883.7868856394,-13998.99275377662,34292.11804036413
1508.0986018961817,740062.3263831452,11015.396879134685,3755.2110448137555
3780.52718564961,820976.5761993383,33067.28458584567,33405.50022788526
1177.221794523119,240392.56489533815,-9701.53453179681,92626.78219401128
4947.141297201586,915391.0325688897,48274.48085295847,68488.98198191989
372.96295252794323,23334.98604102174,25745.702611495362,37783.70687833206
1127.5904885612442,974958.5620553809,-28272.367158193058,4774.970799064171
6710.734404150357,709965.2523807496,14801.914994517349,7133.866481247941
919.9733547063294,207543.54686567356,48605.93857232135,64498.80070033116
23.589890677639946,809852.1422381591,13670.354613924377,94200.40767194633
327.87184464624585,177796.82735588233,-14919.7980384876,46913.02419888978
6169.4560849250975,275315.3979512496,-22123.2342979509,21342.207393085944
1013.6857767331453,410906.42488491855,37683.66721089934,1530.4463205647933
6302.838878139828,413282.66237752617,-7267.859389179641,22960.89562892807
4973.478950145428,201798.80330288396,5276.820767585996,14361.566125601134
9150.071878904442,311698.3578674753,-24665.242516454546,80960.11127436663
4422.394554486177,49243.64924084923,17746.841907141832,91912.00810622286
6327.165813185182,962437.6138249744,-45247.837677473944,9722.52821710946
8179.704620237711,299315.3448601273,40582.27458049668,52705.609653547916
3239.3244064559267,87678.54246481015,-37976.28329024523,12870.382832888372
8342.556650938575,707664.2957668023,39463.581456438376,61098.7417529827
601.1864056180071,121685.88856864594,-13375.705932549885,59075.0273399637
3537.478529039687,955051.0614009871,-25989.818140813237,63151.53580718008
4116.858353071841,104959.11189784064,-18970.17009276243,49181.21860611696
7538.7043147653085,435596.7645740324,14824.620376529681,9321.615352368539
2358.800378363509,312698.1106036809,20025.259035844458,71911.69889189389
4542.3847866503775,782202.4865113881,2974.4715632849184,73745.95713836241
5384.626117989425,664539.7684201024,46395.53846059405,70417.74310556277
4885.743331423117,138591.11677276902,-3947.385150413109,4876.510885441099
9130.880742415738,667518.3514402393,-40359.65813831155,66941.27152185969
7500.240510363805,772424.5615496879,-30043.494804670758,67235.21783462667
3122.858573424655,69202.78392892651,29353.05657428263,17854.15709144397
7887.811709604734,908949.567966508,-29472.936085492274,59054.017916470395
1539.523749303685,622964.28897134,39904.72184646106,96340.36131086426
2909.236060601631,709625.2066148891,34187.81148550403,15565.511731909908
172.59549549578867,792327.0510298852,-1926.4822905641486,24986.515113971396
6173.703347921545,625185.160424243,21724.866025996962,32709.87238571381
4318.861383720648,946355.3350985306,-39739.566459676964,5546.567578707873
318.63925124585023,977588.0008278856,34348.447874993144,71023.63834834659
5144.780360702435,583030.2525412355,-39068.25124938452,18146.136046545158
4968.851838937281,110308.47520082683,6176.493844095967,24476.023364964116
4562.437960938827,722568.856242064,48928.94201472246,87192.18119355678
1664.0616717263779,451422.9646241773,-7718.994065714338,64018.3634115016
1155.9170492685755,357639.3027713063,-36713.339273363934,36253.622023947195
9543.878359360482,718942.4207133085,-3562.2030600839134,90612.31063953206
2197.1467311897895,592424.6254653902,5199.361883687947,79178.53146135931
8079.2865993229,762845.4805658937,7720.201856846645,57502.42634735394
9290.28957293659,947488.7173950905,-12222.726778207674,19713.517823026228
5639.701634738946,703265.3971375733,40077.42571205326,46498.77621346335
7683.732227957882,972397.309071601,-29767.723884616305,56890.94551807712
5184.660811360971,769283.4037841136,-5961.868250634063,8035.156733069637
1788.7425175323401,953047.2405006428,8134.352360922603,18449.589079191475
869.2097551387745,647782.2451981979,-15320.10933021304,99768.59558188697
1943.8512821350173,645657.1410047787,-23620.793957067075,69554.35375234453
1852.0478386107575,336812.1941153915,5005.134349113934,83485.71983013184
9964.026745155443,114372.53166292263,46507.692915689,69080.72008377305
2095.4954064299104,822923.5999848858,18864.226535683396,65081.6459068301
3513.6996310767977,134438.690135846,25017.690106199967,70729.48388908498
7446.344075498743,206918.22326544064,2566.2738343916717,87376.99492311814
1842.7049170709197,847894.0809811697,-15690.99346588699,91237.45127881682
3786.653548602715,747473.2043997721,-20681.691893739982,10538.680549119284
7924.199726717404,543737.8007501841,42901.989950982665,92949.71898494878
2543.557523614981,397090.2204921267,15633.462844642621,39870.06634755762
4533.621829191219,599524.0381123425,-23429.55931971721,53019.125901933214
2347.1405725400873,469823.408584241,-26151.2320481779,85736.1464642127
4307.7511583535925,326336.5090946499,-32970.56940886239,16498.557495753364
8125.448795986848,565238.8349030669,39893.190692497534,65389.347323435366
6322.935313317649,984096.3860931935,19818.727539173808,55591.668877999655
1425.6970959135128,138058.8334205429,-29553.453497148686,81461.61093435093
4231.543615591962,259156.3083640134,8022.348556605975,82327.70149295799
8250.734903659973,867944.2778599872,28629.899236061625,36888.33137893763
3495.7107588793015,881134.1751897888,23464.957671176584,86925.98827196221
3199.832982592721,308868.0301721297,2368.0812284689964,71029.8326547549
7757.432465965335,460939.36054052,42025.678574720674,99115.77973469521
1202.8548560108231,862532.2280290656,24564.963943134804,26755.957208335058
6884.0778395591215,436944.79486976506,34709.96724046061,94677.01345883924
636.8740640283132,545283.4210238954,39232.09094854872,83259.43321544565
1728.3768727123893,721257.8960383561,-18879.8338811925,94467.67653409534
4114.299384470968,862977.6266972389,-17288.690795370763,14363.610060803334
3141.9498173361826,783043.4810396873,-33034.63510579347,28203.334993198503
5731.572723275733,713249.2795705481,-25867.981390586938,57090.2144272274
5281.4393351335275,710851.7792483086,-27748.803861674198,60254.51187344501
6067.500542832064,359636.80875018454,34243.655662009915,252.74252384612782
5746.30549844993,940904.8468020062,-18209.824804093387,99727.49311676515
8720.280031980587,567017.846173507,-23235.929316704416,27841.095414801952
7587.350451319017,563294.1158559466,-25326.75234369681,42094.222845289994
4672.286623055382,852807.6845507865,41384.37198161034,76963.12289695907
725.0325746877484,243042.69228653025,-25656.88872127915,14636.876906200057
3271.680259889196,73373.49786906948,-37429.09688954169,95108.66128137567
2816.63271926755,357985.0552662751,-34090.01011971636,22972.778457979126
1119.8973946969193,850118.009225929,-6695.029436099809,6501.708920360316
2111.335702757069,880417.7357795306,12350.464052901254,20925.2497072672
2654.0885764482346,964685.2575890347,27900.91876623554,22306.35985260402
7332.289560377098,954473.6494050476,26229.972888131364,51006.03004082307
8713.563765767378,177741.89269456663,-6956.774418978639,54452.13568291692
2124.7046278762728,286173.62392736203,-21410.368935915514,27774.91054114527
1879.3109759179738,210787.1388855265,1183.1935893395785,17844.304031564352
4109.055169465518,788107.9358328271,-48362.028251723124,61342.16670148775
9875.647171161254,375444.2510727447,-14564.096343162382,30724.851236879946
1078.4463003920919,305701.0676816482,-33111.74405481153,43279.46391573514
823.0663514933357,399686.90298396524,-39881.97235386187,47949.70584178878
9379.207948035728,877013.0334262917,45381.94458632835,42204.81085335127
6631.345021648571,685453.5572324473,-23932.86375323784,86947.85149065401
2013.7794208015946,323029.9506530839,-18360.998441287345,81307.2300794597
3321.971537996613,277102.7097527884,-35116.8721635744,31127.94290341544
6504.945807151918,890397.4477691505,37975.60683322232,95076.73667648874
9568.956029447289,905162.6057530846,-8767.595339901236,20498.061318259264
5060.490593614874,313549.75304759725,-9170.055836544867,87505.26815040798
7247.088950612837,234827.97655738928,-42644.594895646616,64264.234245658205
2077.32415949065,488187.5059354096,-14263.347797705785,39024.2003364143
276.7080180796955,813657.4894079816,28918.15039088356,35173.325377640984
6524.154101715214,593057.9188048524,-17409.403198714866,34444.0337275073
554.0357020806863,697924.4669029785,-23651.604159726547,30365.956002975257
9241.756377049445,541989.738125762,-2159.428033505159,9161.921448657573
2256.150824215901,582074.6192497801,-49202.9735965534,8505.036204974658
7699.9132895599605,713136.6113348008,-24746.450762016048,35902.64788692337
8309.656657030551,760743.2948989028,38865.327590063185,37945.57687836895
3250.0770870418805,807381.7391716408,41890.1239447588,99258.6613999358
5312.107958510987,697785.8978182913,-34761.25160549993,15711.373507934844
8412.825119844045,932857.2226157811,30931.747554954083,30294.81854188191
5695.259113789757,501774.2325275784,37367.78064315744,42044.20815841059
4239.1668903688815,417530.7432421897,-21999.588290551932,98483.44546457997
8419.194848545403,912412.0819786426,-48663.41149993758,60291.18222507568
284.7663390041988,876813.3293032186,22611.378374067805,83235.34934586045
1986.4099332188189,607323.0933693978,3059.9998885261666,96895.80329771878
2236.141259381033,708140.6492126178,-28600.41033891061,72292.39816883397
6064.895095700941,663664.1236442168,-26050.502708884615,61258.46774463963
4727.903412232264,769481.6504532186,4760.395713616337,59247.30393943375
509.2957851309765,774017.1562757673,-14811.178079131147,90231.94970342099
9390.10041118224,83727.00748881968,33545.199185812526,37456.21648994316
3069.203612163196,481012.8315581283,39759.82947107784,47017.51796854891
664.7239183176046,835911.1017814489,37452.668868675624,12609.781582347323
9573.64524569631,320138.8845451893,-3640.7848381483927,9227.322009997597
4430.442913189591,35220.15082748225,41756.127699850214,81228.25332288384
2880.8289639524965,945186.4525469412,44346.71723352211,5878.652966637987
6974.630521905701,338740.0267745705,14007.747590598708,47346.32130715446
9382.21326737108,515787.55361923244,-26134.530495768227,88085.72606399296
4351.740264234567,258896.520262663,-12639.811654074008,74653.24176211427
4349.95976286068,671496.5446266469,-39724.939267247915,43214.58955513983
4667.098640760028,661541.5243369594,42146.26170196982,96353.93086912643
9916.829883997438,301869.1742815465,7037.995990792864,87266.79247818021
8325.175505943651,26637.988996476608,2357.327047052204,30016.62518061823
1977.593989706653,666991.8571997107,16200.133432069284,95257.44836657439
3781.3943062543244,188496.9094805605,28660.938010685073,69672.73527702951
4801.00845720773,587914.5580269729,-19394.253786155223,54353.287717683066
8836.543852741599,417519.4398088045,14598.463623260803,52434.531104202506
4641.42908824233,851440.4446918282,16987.82989687477,49536.36690319415
12.856910961046575,90397.29975631,17603.245699030304,21896.262041104008
6139.119052068853,958725.2690458371,-15925.72844814336,16559.033032299976
5050.8151169599305,60724.428049939954,-18520.05761564891,35584.36131389966
7798.316331481863,992139.8018828883,-45149.47451477335,21955.755081831896
6065.74363958633,926973.3347286899,31985.67391304682,88722.33855132962
5332.122844147315,59848.05425050877,37119.394676074284,54877.487114385156
3403.2597916957784,559788.9083114638,-47846.38470454598,51576.0033918828
4163.27640571608,662555.1450588157,-38501.43194757932,40514.158252421665
2732.6350617108287,355553.0357949872,-31000.38154461523,42644.62319266063
4869.869867675,151877.04309204148,-19003.48357607783,9870.914251190077
417.1363327295474,528173.1489020202,8252.551009890733,84963.67339664711
7865.078521892163,674785.9777141059,-48692.606526044634,85663.7597276896
4700.40553712093,276047.6968257228,-1251.0933610912907,17784.76200159229
6099.958838216936,643584.3670065281,-14034.459097145766,69100.19832136833
2747.9425452277574,286161.7684138752,33132.37200449934,60898.38743228379
7078.380893690146,595860.4515999284,5500.256791242908,37310.50866791168
6082.754037887771,382266.01737174747,16498.940184487627,53865.15670795543
7973.158528300413,693878.7238891897,24731.421059828033,86195.28102896022
9454.227722469845,69091.90168182453,-40371.79284855686,17421.04497551118
132.43518999948355,677858.2167668529,47346.6095274464,78454.8487338219
679.2991869901932,169556.39812075006,-1558.5267006949434,9322.382159900155
1765.3944958015688,592592.0701354236,-38099.65665714636,81566.21319898598
1494.9687403485545,76909.444023469,46327.27686283538,71896.14407703068
96.35190705760577,851861.0815562821,-41623.926745446646,5473.1123277227625
1961.2354587435532,88777.08463571011,10974.995388308329,93561.20023294644
6776.294534072693,450094.63739116915,9451.529847933314,74754.84819191217
3453.507648952344,895053.4394749772,32357.102612542134,31586.12769214928
2840.928969930482,215732.08857081717,-14391.928748495695,95039.50219170116
7783.552850714414,376594.79461179447,23500.762357223066,68349.2261024562
2004.2999218618495,605737.7409980615,-1775.341303549525,98427.14688961064
2488.052176840092,856668.6495301825,20689.332639524553,98366.34847468181
3577.043786852582,445722.459005883,-10202.945076558215,77688.71922253685
4823.817866452705,992111.2226214763,-25265.561490828502,68352.19696063666
8798.33733212416,325125.0737824202,15422.918289226785,44006.11436937775
9508.739371525553,636146.163653201,39959.214380100864,17580.660229771638
6870.605850699819,881906.821532043,-15306.629569379074,68019.20893615505
7747.518714767818,209817.8093310289,42533.3676613461,90809.88117603627
9486.05311335833,176211.80614216262,-41868.309778158866,88945.35410991071
7581.2597684683205,863992.175691245,34800.66073000603,21037.623359642388
5134.073091345126,477446.52858564444,17319.751370878817,1537.0332871457392
8099.971372787346,198878.5342366194,-32760.536204015934,4352.6003283847485
6978.611210067081,734232.0254461747,-47147.16372570541,55643.25984580859
2557.047229471948,113024.96269547718,34696.971976067915,14147.362300242405
594.5310103211842,241681.0381630823,39263.43081013991,28140.370078523978
7924.7888224784565,478740.8706498141,-21462.26012790625,26958.393176041718
352.05390277766145,65454.21538181185,-8945.356135740454,51997.821973798265
930.0273724376207,605899.7375792989,-48652.84397197064,57199.02055954292
5738.332884156771,787047.5436579125,18983.88085659631,12244.630275976198
3108.9135351377217,321074.92483719985,-24169.54978898266,23050.782067976827
1405.2220148611316,279764.89937720314,30737.365143861913,43602.061176672156
9919.932415583033,573961.9816443011,-45452.09717012929,90778.85284556758
7232.304240136385,369828.5377733423,45136.17605327243,89548.20887281204
1454.2107451577747,788040.5621717613,12126.854651468348,69737.1812883583
7194.241664202008,122080.36778109842,14014.395188538132,7580.088519879891
4782.175209063282,217428.6363405123,-23408.851869418424,55328.941618166005
8321.508549745096,774727.7559058099,-29090.01121538709,30438.855149518353
475.6257168204836,36882.83426347922,31448.623100495388,42187.931687530865
3543.571077713149,552586.4668955537,-49290.92189790414,18063.789785599536
8344.287892917619,196897.46822841055,-4822.702605102568,54846.54327993801
4703.575853432174,953274.0243976675,49384.18912994533,60040.67052355413
9925.902992459862,20855.451514234974,9750.85291322411,68155.93999269923
4533.609778375867,285806.73462264286,17967.12986210767,13310.139259694875
7768.922871662049,986184.643650545,44844.04950429834,14724.043889740757
8879.593944164431,466053.32762643404,9897.102062940256,84901.73026409606
4046.867994523745,576472.2207797639,49358.71027724804,1636.9727172071414
2964.8723054736224,398498.4373294891,25884.69355185688,94459.12732533959
3543.4145409059115,636490.4181923682,6910.861226462926,83729.55643627541
7981.5618862519195,478768.99901022244,25432.357177017082,76322.33130690883
8547.270907028442,987086.9227406397,-23080.291732344427,65670.54580882534
6798.721774153552,856376.7926928059,-847.9886673836736,5932.323469991851
5695.906161834908,261892.77299619574,27939.021905797432,30128.139555185786
76.40668900977698,842130.0286277699,21020.38681605048,60323.86393416615
7307.1944010282705,692801.06676148,-5128.4030142232,14281.46442628666
6574.667670158362,229667.40042765555,24712.73327282758,47472.06054961642
2238.036593648445,96169.4725302734,16707.37190265204,81943.62800391403
3946.560527553077,605567.4509452283,-26844.465387583827,64258.30806428028
3809.022000350322,616699.8664121128,36425.882917986004,63561.96441529453
8804.226017083442,67486.66915492233,15438.833976916496,67821.24701567664
4834.191875840213,330947.9815921437,-30296.376196968144,61361.10693181011
7347.103651625252,494779.0097920773,-49771.19949059179,70058.3548967985
2294.9698443092957,697416.3553334486,-25933.018760150306,41894.50242266252
341.3415436301792,701050.5095655551,39821.17501170593,90043.79741914154
6697.317413491123,365183.67233887914,-24868.666662540352,63270.00386846289
8739.466500454992,983101.6989998634,43976.20066134409,24128.15763765633
3651.181474873342,978023.5485276567,31566.9779688205,9315.15367039173
8729.37252140771,725711.0237235269,-32324.321887303166,18485.692367379204
7711.293820312606,875966.0511861307,45432.47158021692,27947.796195078623
7501.696760588664,366712.6387026151,41942.75785757674,53874.700128917255
1018.384530693851,861254.8170087371,49516.034002973625,96017.63750625361
3524.638049765706,651821.3584435947,-18134.882634143356,77376.66718887781
1779.874854818355,380653.20271835534,28325.636426924233,57884.36166605512
7615.287566902173,193658.07555343004,-9037.887215341048,40879.79306875296
129.1088264585294,941052.3224805368,-45631.60397194316,9997.974456168524
3596.5281601872166,434428.77385484765,6036.5638925272,31072.518129924098
1402.1878221535678,500334.2972772712,46359.89068447359,28746.93696302274
9828.568709437373,896710.2805085971,1651.7732629952516,712.6985667228247
9371.469915387102,60443.65077201963,-18995.950689417128,63839.76658274128
5404.175622654482,191795.67159512526,-1625.5773122502287,35938.03278876127
4474.796963122291,814620.2279426644,14984.211127093891,44485.70886826826
7296.660473534036,860052.8333843763,43923.96495013655,19383.37781894589
4579.5119508877415,825746.46149057,-1194.01071983554,70640.0959345474
7249.691763667699,682748.9112069105,-38630.8825086385,73870.56341367813
8320.32841480259,457762.3842071137,-10867.422424186356,86580.03731248334
9697.988846658662,389793.9656158292,-16487.87253085697,96436.35817787502
3550.114988274825,547101.3510356874,-8746.893314314475,59076.053752157124
4507.962794143859,112857.11537037132,17601.3871840183,17464.190165907046
5942.658158359823,86099.61345561783,-11675.318115246635,7425.287200038156
827.365444691398,298307.88090044574,9513.03584544755,44685.23973324099
5286.463969833228,435332.8632589546,39028.72432326956,57611.898195722664
833.010446991762,499436.2341316011,1542.2153148279467,76814.55555865938
9508.663177575469,786833.1146952102,-49717.74391081051,17860.29955916004
4665.627761828514,492404.3530908901,2944.525645535992,96587.80489632148
8968.080808839428,225138.49443733002,-43355.27352354152,97846.8264380261
340.9140186367854,565383.0979680057,17368.384564954846,77964.27843015698
6056.533816434729,418129.7391365449,-36938.96761862293,18835.483390566333
4925.84279883848,35326.477210198565,-3681.1372043622614,67261.77792619284
7647.418305940756,274605.96271781565,32581.336947956486,87003.38272967108
5769.2950810940865,151837.20064261524,12793.64795155765,22989.02419163976
430.64964545289075,610553.1646129183,25698.326718492288,27221.5229991444
3076.0736971426263,152576.36184392404,-25768.262036141266,24141.185969190537
1673.0170154798518,851058.5010817251,22942.51811579069,99556.4853000835
7613.365088107678,959670.5293080943,18915.533908395184,81724.18441169195
443.0169740953127,419823.33081988315,-12623.748721898555,45758.73135605969
9838.708112121665,871569.1498923865,-35033.12268988168,13273.365570004147
6839.2245402237,73228.37097091445,48626.98430836589,38003.07730972705
9238.535353814723,189805.62439967535,6077.7695968813205,65132.19181391864
9261.269722924546,640903.9382330913,15100.53415447261,27147.005532866107
5166.348698177112,605115.0245092862,-26883.72071035513,92256.57516632932
2262.4770309798414,799758.4140367502,46014.851105097405,12772.410049172733
2969.589180417632,112361.6283652406,5748.344054272857,30310.45057140541
23.232984922368914,653418.1348310377,39894.993234387584,82276.42369569595
1694.2677172043918,148729.3973690417,3216.0782550880394,19818.254545270298
2984.143859675189,494031.7661384883,21169.90193617028,91276.94124868674
2156.4163583813934,734628.5495811877,48413.168710680446,67139.89754418012
7678.046668283508,48392.26649603565,31511.60837309998,82598.45907261327
6669.42271573953,801771.2427550084,24398.041562770377,52033.88432283524
2299.9337522639785,815329.6824800802,-42442.50790200739,66103.86712478816
4216.311603778033,557869.6611368243,-32514.614806206886,16574.183283805887
3053.855702686162,626327.7860138159,-48343.76566125159,6637.816109537498
7356.034984413024,42409.482548179985,26056.675596162095,95186.48940494956
8815.864691144776,186317.58340894183,27278.062617194737,92347.27251755747
9652.833431005361,32951.954170028315,19230.300304748496,70569.48845132474
4152.05913494132,436601.25495763234,35729.93440865766,80644.90446095595
4917.730874216671,926417.5900524615,14531.966783611373,65266.761843071676
3230.794979383377,206859.006909219,-44183.71741037428,44080.911784682576
2051.2266646296307,364804.75527771347,-31294.070461302792,3654.951061635747
9668.123552944713,928192.5187741312,-46914.0676176468,63388.92622850986
1776.2452990310906,419796.2009110104,807.7523949234528,4113.805319585118
9845.518521479622,924157.8985821175,-9694.168829781782,39971.61374672
4050.4079197998713,115706.54450894066,-8280.82924325463,86143.73361157204
9738.958081216573,261741.00396000096,-4197.796872143001,25091.590603556724
7446.68794595462,275224.0450811142,29225.699510105143,2196.507968489658
7798.419924835577,149228.95435211086,21309.778235528196,88033.30099781649
4291.512337600352,877399.7037826251,42797.61322468145,28984.701034412454
8916.85370474402,712930.0570121456,45969.67707434842,70501.4536785348
7849.371820904507,762336.7252656207,-2785.075802229054,78035.53831598496
7027.695307883752,249696.08161314286,8116.6210884202155,99521.65710950358
343.0031399631073,942033.5973161331,39176.96488215214,10254.732577627557
6369.981929237075,277199.4784843278,-28503.930172938686,56108.88864253632
3098.2043530078495,281833.86021231674,16037.235256991888,64265.971046469305
3960.133226939926,368918.9423069833,-42448.08612503672,21969.391808675264
2602.345568762445,981935.6554941639,10804.100077461473,33291.656427989205
8309.45925980343,325786.25945185235,425.3465901718955,51501.67071487007
8765.641132288083,373414.27891379123,-37452.00865328414,50340.53141808258
1926.4592235534228,41447.7166635452,6305.550063240007,41362.15553875472
4174.239919179216,668210.6593202793,-33644.2685067165,66467.81229945003
7642.972059118125,403093.2064168235,23772.804261342157,94861.20438376153
5624.201759106359,927539.2584062133,-28027.409870788833,31873.463543199778
1303.2424277329524,974805.9050639401,-43225.34597435651,3455.0549752764728
1725.4197023051154,438168.0137055795,25272.72339962369,14604.229317805895
5854.964243779731,255385.98766851125,-23124.22954713935,92599.34452141676
2864.5490719565405,791024.0023093864,21698.590172591328,16625.03818009442
4381.364291553796,627601.277549806,16422.100351113622,4229.822395005878
2316.0115842257833,81577.38197454628,-34189.98878369937,72025.44080882492
2113.388340393698,760818.053481154,49259.9529669935,13135.885136197845
9790.129294922188,336457.2213782688,-43916.555994262795,37126.66203781084
9961.051911837943,613965.0512961667,-9349.344328093859,99492.57705877734
1207.4577721349067,515752.13397037535,39102.156442211955,7254.92183374008
4603.01863478414,330783.875544904,-26978.62211427353,24816.633060465432
988.3763085452235,605448.7503518413,2277.8639323004536,19946.635532902957
2673.4702049601224,44318.98208035546,-20807.236878537704,83612.24193798608
5647.0006239619515,419461.2722025792,-755.483165182799,29351.135316002306
9085.325743781821,992600.118646761,39723.99301587835,27972.126923790995
9978.477883437867,495705.3544322671,27064.806447685012,61596.515039614205
2028.8798628196703,752470.7421270233,26015.91950448892,87399.56586584347
9628.729854042527,955669.1423878057,-609.9420831305688,85884.23667818372
9684.915217291553,143515.1169815113,-4187.140051394381,31116.98725543586
6335.703653120465,321934.7619021917,-15285.901644193553,61078.12210180781
6191.356843147318,399037.46020255674,-27256.290000699777,45126.775700312195
4631.193452418478,453103.5052078209,3861.772282783175,42553.36173816744
6902.52815898222,806046.3557283442,-33457.007897231284,21289.871639064782
1292.2969867535505,480577.5797064401,5852.665097552133,59071.14968775767
5480.07317062945,401197.2122134057,-34407.55250670099,80687.85924377879
1331.5682199483892,116651.68452346817,-33719.264238097225,94444.57907595219
7854.6040891168905,694646.1842417845,-41576.17987429133,78534.07291765526
6814.928154060942,608367.5812032323,-22649.599220980675,33761.42732761854
597.141805564686,758768.732466374,-34176.55737137053,62899.46327324481
7296.3965502452065,676584.6971242039,23709.77883198764,58929.44205102057
3739.4059750171614,763695.5053020262,-9820.73844536586,84518.72841110583
3158.7100490425755,704719.9352923469,-36778.34766761713,3309.777333292241
582.0229723495529,886619.3090830272,13710.902322827293,79942.42977783617
5648.882529401056,266609.73639323143,-43187.20213016977,204.1710176514111
9529.708993783703,406825.71058272006,2223.437206928211,75300.66473345942
9897.777739075791,787947.6908877016,16542.336435844234,84961.52096027658
5492.494257473243,83400.73944154561,-3974.554411403755,82943.9383661342
9712.752047364995,880750.6229050739,-33970.33026883817,35469.4664832344
892.0502705581457,377568.7382095424,-5347.99475788921,88226.86256352262
5432.429380713443,555306.3634013982,32382.685467371324,60796.59949376819
8812.18112426019,86613.38215386616,-32966.74621095341,48700.29433140552
8632.675654375036,379056.40449481126,13766.813618271764,72750.94501394815
3332.542498052775,201335.18669542423,43749.115130630584,52977.55105463544
9972.82887470789,516866.4699062864,-8244.402094686688,120.31696454172236
4584.651793168182,403998.3858953733,-26989.157337591652,11540.325866885947
8971.252746834096,912138.1131005537,-17396.637762621103,30360.1941625115
8569.249127668036,368720.5655696988,47009.992705357654,76749.91772748843
6999.272867964066,193214.51678530494,46580.640114548136,88494.71716059254
4274.074475985227,631258.0001667417,30275.452390929015,14329.415018034131
7282.559690333096,934533.6418713009,-487.03465744473215,87996.46057411125
3131.122249784918,980139.7630184282,46679.146610021766,73582.45098232279
8199.01949471843,726981.8046310986,-4336.344440262888,13410.577798207545
8352.43539930329,446104.07751146465,6731.066889826776,28614.151195884406
8662.25867607156,696900.7498417606,-23898.782529436692,19488.960094635255
4183.503088726454,271789.53339354414,-18195.797149880877,87819.91001510675
6879.678931449571,638201.5249978962,1691.9985820222137,56600.033028334816
7613.321715088186,708634.6722686735,-43069.93395841061,93907.60948667268
6274.271259483413,147038.1138568671,14858.707631432364,57179.807646036876
7580.185484917321,372939.084908064,18805.362230880943,61718.90947170134
4859.167181130837,893493.9664664214,-754.5871442666175,42989.8205529621
9212.265051514712,278038.7139565383,-39349.50775083274,26115.25003244528
6854.0118872022085,509734.6540946349,31429.693189948695,37947.58400516601
3142.040799619661,204549.00846915596,10560.479937245858,97194.1434269316
7832.222118249448,179079.7497045839,43822.503116099906,96295.15856691025
2433.6486097934494,795628.8063972347,14988.948444396221,45101.452638753755
7188.187000301245,235446.87763243762,42896.41805462664,80871.51191891871
2162.2059558786045,509218.0000313827,34005.785882287775,61705.215160950334
4213.4823161327795,467621.3470788583,-48117.13204175064,51254.230918358146
9184.175795332461,324202.27671014995,29969.11488566274,71396.66947310045
6571.152933780216,507804.3203739678,-27920.989645890248,46536.27210308554
2137.8343921601404,922458.0117066226,-43747.80111455884,88284.11073085564
2457.128731087608,828892.587452027,-18095.18005325408,72503.32295640823
4212.9031399487285,833730.277030963,-22334.10407931726,42045.193618960395
237.8395413383394,219943.24066982724,17851.063164072024,27977.439008331305
3728.408662082582,355297.35702868534,-20782.699009308613,19703.29026053006
1853.0866356491006,554276.3141033725,6458.763816184131,30092.559636919035
57.83297027514011,623374.814829929,44845.19298910354,95593.57403276027
8773.235149591448,509668.32367997174,41470.79174131701,23267.531137899623
4940.615797828741,198211.9675149846,12772.911575026948,46784.40067399168
1799.793239863402,325090.26148543984,25296.185824179935,81642.27643398505
1719.0718573333363,589834.3324627301,39119.29566929024,76219.64337620142
8498.43321426202,723442.5498109589,18927.846986286764,39742.70646442283
7539.785660756227,56384.822429975655,26408.297754998872,90847.6135975473
4553.525710691577,934740.8952624539,-30545.74797841486,11140.02827247027
6058.548067244042,332017.01087659743,-1382.0920943677847,7002.1609591015
7833.2422429641365,999205.190720153,9305.735215091212,79870.06345776001
687.8916086536102,226293.47143309645,29409.006935283775,80301.60109673506
6454.292644272973,54705.558804136075,46376.06982916343,74378.19699351832
926.2949421148692,262042.4035019302,-44825.21368043061,82331.10134013479
4635.358612054278,198017.91098218106,-10840.126701678455,58755.58423170808
6808.112362055364,623625.6428096467,29551.329694889588,71374.11870067561
2628.2869793912155,274342.6121674507,-23953.4623301359,1032.2487620452848
9013.294027123682,412571.14477449853,1030.0211517191929,29458.55356774262
9516.101905018962,454539.0703380369,2911.2620303129224,3292.686281973367
4675.959018423308,572523.0760144119,20312.372894436077,62983.21881063218
166.9031088576911,484529.7022960961,-31856.162954068368,3379.6004380221343
1430.8824886516736,350462.7843992102,9047.91885691064,89190.24819754931
132.71016469601383,216326.01478133234,-20744.20811504074,82951.40740231937
4736.961626259089,926153.3959888121,46595.77653212294,55749.09821806926
4782.3143890163765,495130.2593581328,-9793.453055716229,41659.11800834609
6016.72147070492,686761.7546570137,-43549.46819933273,65717.71581157371
1457.2024354042478,761965.6120366096,-36410.831507906856,22208.223033832997
1650.921354117998,188610.12417196712,-1026.9576891109973,5146.562595875182
5939.614996177764,756288.0220793892,-23183.61272431958,96071.23739354676
5367.329040408871,793011.4634533651,2066.803019642386,95591.05841278499
7021.799579779041,228032.89269990416,16447.466030069583,44616.47295050913
9062.721176472554,808140.8481103898,-13559.505966670004,18798.114668270537
5465.523671290257,613549.701596179,29796.57719158035,95418.72029531364
9597.17362475647,73896.4912035559,-32902.66873858702,85832.3567918026
6140.9091072608635,134877.71672430175,27963.29437845046,98517.42633841805
1599.7039426167526,651703.4547459071,37691.85566827176,47907.672764925344
4633.649129331642,486815.82033517346,-40574.173094862956,52388.01304734865
8824.330695324703,346212.92806274176,-30605.22805014836,71189.7011997532
2109.6730456612877,401239.72080539895,-1662.3804811332084,14391.956211191193
9095.60806835042,530850.6099210365,-19093.529814201116,22834.90560318174
4726.31899606577,623119.5871906205,16667.95482069542,55471.24944773676
382.70232843059193,994166.8734053837,-38740.14306025905,40531.83564152998
6379.07773821938,977691.2765086202,34327.170873891504,43852.86861036714
8041.069567622941,828942.2139437621,-47946.88181745463,82810.21086553027
6072.971303588981,833234.0791569613,-33582.87971396599,67528.87894638351
5760.799119185915,131000.92961801245,20753.036785920893,82383.45080718295
3707.626236700734,788908.5978681986,11747.501894090128,30277.809849617508
5260.684389166107,459686.0595603521,-18290.510803630455,49790.28914356616
565.1075760907787,722107.240211723,-48241.307916079066,80992.90007095155
2267.083927910093,296949.01877592143,46521.75372260771,99601.06976208594
3289.5724709752803,354771.0057593906,-46008.32516401511,61082.856856039034
8816.634112854113,607006.6558283705,10397.25132117502,96454.37508824415
2647.8092194623105,903125.3326851891,-754.2600030039903,79710.74901018628
4421.878576488281,563519.1936331826,6143.337157245653,43189.59270604755
859.7201008003019,740288.2979329412,-23435.459326331908,51636.673634396924
1138.8735901803882,996242.0353506594,-17567.22499876806,58341.06839696185
3787.815948153942,786204.2934991728,15191.141250340843,57429.783004927835
75.83386720370288,34104.537846383944,-12016.476085934235,15259.438961546979
6774.780163849986,304356.2174102325,47632.690885044765,10815.340397621498
9381.88194446158,946668.8734408963,-31706.54785458794,40125.805615664176
5418.1670688457925,289709.3530517761,22975.330889000863,42922.406975583246
6254.96061436426,490922.3233681744,6570.605462526022,91124.33312975269
5071.296088159201,517340.0995563713,14589.990960679497,38197.77862257833
8007.975366146775,795355.634459535,-34500.339519772606,66038.94369870525
5359.405248402201,86202.63198694123,-8630.344887733685,81751.82326949107
9732.22399840338,838281.1986619766,11485.190954761616,10539.695926246606
8500.126010697686,757486.588307683,46638.766415762904,2901.8130093049986
8597.18207576095,262343.694209149,28012.348554756696,24424.48438373157
2717.3419465462557,872019.0152131243,3875.367052789028,24678.400802888344
7325.700273879646,492176.51726140385,49765.61661942623,88081.69110546002
4537.492460358469,216163.53107714764,43386.601817120914,54060.85618761134
1883.681466139474,127156.98600684905,-25853.762327830686,56439.40883420632
6257.386971945991,190670.0476161774,19078.235943271036,72706.67477335069
923.2965019274409,446213.7993728121,31828.950102917835,92666.86365376998
7372.5900921347475,541927.94281424,-40541.23450874647,12941.21840621747
7018.803475145886,846639.3161502049,22998.65639406575,38893.65011672281
1255.4389579625924,40076.00479938517,-27981.202762127043,28772.964276718503
2234.0312955018617,543860.3192194162,-49092.35138242405,46212.425130610645
871.759444606508,893422.1633458495,-4873.730400841938,96700.03996925527
3060.591690645863,564120.0862351401,9394.006872576843,11230.669985494591
9825.33891872897,273626.1023428148,-33421.8002700833,6073.6234747285625
2265.880377213999,307024.8546348182,6001.823958192501,91437.15262998699
7519.221579836224,591098.0400621922,2949.5290700918413,23783.85908612045
7689.930113231566,839908.1229614672,27343.83693318951,96648.69585337644
9722.886960064536,825066.6756458894,8879.712995817565,43033.91066713176
530.181957867587,870965.4893824105,-21652.861026247738,78802.92147895835
8334.375021283986,57769.37689949075,-39562.31280544217,50967.780116946284
8153.229329865415,993113.5059025342,-47977.44856408839,67362.54120843636
6626.419984557764,507217.81955830805,31705.828855078566,74917.48942440018
8972.606927586019,675525.5193116375,11398.325808648202,22596.857516988766
8765.655660294293,537992.335651957,-41276.47482493144,92035.30107328584
9431.678133413589,164797.59038133972,-9741.24975121078,4006.0847269423607
4893.954041601096,714517.7649439835,-40068.9962149956,12076.54762492012
5630.690357756854,102697.67409661715,44328.335599126265,76154.11417157053
5560.960152695173,146274.1619930946,-42745.98401560884,68098.73853418375
4637.056192226691,732451.2181515513,9542.177187556612,99175.3536935259
1796.88647950072,799395.6128113607,-33029.9748461999,74842.54110219404
3017.925580392503,850516.2091614133,49043.108449089006,76221.27358506281
9614.628856701866,454109.8054137535,-45503.49162482963,39560.28499536616
2634.1097814243362,825800.9187410631,-4453.689531200187,55112.246746250574
230.26363660835992,312472.17045520106,-27757.99798288787,35057.57456803798
6234.420919412929,533277.2985845291,20711.959959967586,6460.37849826796
9790.995241165097,585846.9222820537,24660.52241447811,69713.70088672324
7889.489160273363,933943.3570130065,-11833.429910282459,25528.8668893219
4899.608036504738,756588.8677051271,29649.97377248945,14246.395224858778
5804.119148356125,638087.4588245695,-28186.379177493036,30093.58818522301
2724.493941054251,873378.7144075108,-29564.820359910726,69986.62114151657
7547.250054351244,593807.8444049913,46074.14734988597,51572.49383070241
6984.310079123736,484664.81899504684,-42923.84619189992,88429.00279230135
238.57915297576858,887740.2296157104,-20302.139819934884,41688.45024356753
3596.3348362502556,879665.1653301694,41742.249212032606,76823.48898329836
730.9152936870089,349946.99416383385,-10214.536779450078,41931.16807748394
2277.581918137268,871381.9509361994,-43107.20899063242,49573.91990669149
3327.3198732318356,99920.75425609673,37662.77248463819,88083.80686693956
2887.7363736198604,121082.30195473011,-29495.165353667897,10209.11171513611
5072.101896791865,655655.4986710666,-26752.742203385427,47079.91733639739
7802.973301083436,728698.3487267718,-22511.336720369334,73692.04466217777
1154.7273442380379,112738.67547859663,-40452.336974439306,8456.322933412364
4109.723869318327,998599.4304186846,-28568.33537690542,63832.85266724598
5465.70756560927,165416.99235138446,33937.28624442179,77667.58275115085
1907.450042790232,35189.755683963755,-34188.812571393246,45571.15607408868
3843.524314625467,526589.1789678317,-12158.422420577583,43527.641125378716
7509.489438559292,707784.7477807546,-41182.96966274761,76893.43918646702
51.66203030827155,768679.1096875609,-28519.334796263396,17044.3008559502
2831.0356536354266,729218.9703435886,-39075.84041523747,90151.0329764273
7024.801026712095,432341.9143654238,-44692.56181675932,63912.1558852437
4753.313478345982,57638.913340202445,29356.3224533038,37544.39039286678
8423.240189182065,254956.65802457771,4781.819725053763,77929.5794053836
753.0139619742704,155933.67414174325,-21418.87908381491,60539.20647007146
8034.610064204595,755858.3559842778,-49878.17846126667,67605.42185314566
9586.050310866998,288256.7913325121,-39022.771986246444,67980.08631016185
7061.936820134372,540262.8102425681,-42327.92827958234,53221.025940256215
8314.69682855433,198092.1566640152,36814.34493466336,32667.32282487945
1837.1231067640904,848837.0410110805,34530.3509904277,96613.18114048573
9467.175528865067,137317.32849359827,-22313.484969377718,41162.44633245692
6998.905024421994,584868.616662906,23072.851301304283,10943.676190253349
4618.750768935575,240717.2670328265,-27460.54840161366,56588.15185343003
1674.3501129764936,595987.1013864542,-32981.28525640714,22721.011674440273
3183.395415507797,505401.57379411097,30432.466599843232,79188.24012410213
8702.956987043231,952390.4346011422,-44325.478682189845,83339.9707422054
7705.089859990505,919578.4965125214,-824.3495515678733,14413.196797971228
9442.421006233208,688529.7753952957,-22000.68446259861,52404.612259675545
9437.81940733589,550138.7308203008,43982.92952081787,83297.02126691386
9195.126532231534,900205.5895342587,43130.839686064486,100.34346611019762
503.32800144433867,523502.11201493733,-44718.39839682296,34890.95117911978
794.429640004809,574028.242141043,49013.54059744996,880.6997703484143
1415.6955257830562,399180.43994380825,-20181.000972186102,45519.68887016554
6389.794442629855,251196.24597753046,5769.045347761225,15734.429894550927
5261.796269402368,220509.4938384073,-5793.098683852768,14625.767588581939
9969.841458118008,452545.30430188717,45449.65708304485,85298.54454942545
2326.7069146224217,192003.19535997938,-34955.69091417473,91967.67490817429
5662.377063686349,656821.1595003925,-25184.438843711378,81082.920142426
1453.1203699754358,957783.5389103849,-35240.79225646791,95937.35556223162
9350.461348262996,949129.4667866006,-47223.673676269726,87072.11644817196
6923.832538077517,840538.7144554844,37309.96624885536,7762.741639263871
3643.5767776610983,861515.8136895712,-862.6691742085168,8970.01091844888
2156.3624398345037,365463.23905722494,32886.96445305011,51360.89884779055
8742.966233585365,952628.9658942772,-33708.24005814105,33352.86907295936
3998.768537824945,138632.67569467012,-44244.89899640901,93607.43455464592
4240.1939747148535,178420.4966637722,30498.77578706316,83996.50803742438
3915.72443697947,934266.3977932748,-5622.219466246192,24787.80622321395
9387.99979465938,970833.9899297574,-15611.515666407504,47643.137652474834
4853.914346708065,390331.40883521445,27963.041813873962,3996.124547052071
1882.5038738410294,866436.6749168054,37334.3697150931,66473.53845510764
5075.814388320957,556940.33229633,28572.408447186986,79247.08916025903
7695.828055243898,731947.0547668961,-44666.26488498471,19550.172132016985
2750.9185672726867,606996.7492185842,2933.120061608526,17066.702629051822
6998.193499775211,98611.24829971358,-2963.132763885369,40496.885981749474
7593.474823522808,223540.91834633105,43094.360598087835,1327.34919690094
3708.5591845822087,342381.4102329972,27565.480788303757,43680.788358542144
8335.790352071846,223249.09264313994,-19931.905291765826,86092.8906932115
8712.862764689864,431849.20455330523,16761.116033637707,56161.96781066298
7326.173916645925,940539.562037872,-40404.84506111727,12239.401095628322
9288.925802612262,590887.6598536454,-46495.93256768758,77676.64555209999
6040.570846815809,121738.4390743888,-15822.796617714099,22617.163098687866
9777.087344994266,67954.2279953798,32743.523133981857,15919.412373734598
7796.959410099267,163758.42683712434,-9484.827528364214,35519.53253267646
1035.6276274189013,929008.484434392,-3120.513347249209,69390.15229883265
6461.56775110536,476743.6661441603,-43505.15936189959,61224.32602291379
8720.043874780316,635997.4156955977,38137.14035358094,55071.28695265325
2435.9742033109133,975133.7042376737,-43139.85472609484,71373.35337954033
2925.2403508867774,517861.41836832004,-6425.726502526064,3200.989889666439
9714.154114335468,806599.9229151709,11714.861150493773,55955.683797860875
4229.698126466458,646014.254470941,-10637.631836998706,66407.93257754836
298.535468764346,193307.12515763624,-3006.7197360869177,27660.317278212144
3680.682919444327,871249.8758118461,15982.026141247668,15473.273121263686
4764.1265238919295,764954.063593719,11040.504120120473,58363.85854104589
6759.555806110704,584029.6031468529,40973.29212377667,18985.42930983641
259.77543275478854,988045.3689043075,16442.986667532517,57518.82535811804
3866.250297950358,785102.2441895363,-9118.444464372653,29153.32248220278
9735.628422588055,200848.36214228673,1249.942614803891,27208.222103087886
2361.9751438288795,538410.8772264156,-40960.36523827554,21043.68520375368
8685.844938452712,508487.9027208835,28726.249655400272,53631.985855502164
7709.207916927162,703238.9939169529,20826.650867846867,57508.06784095395
8195.63505356853,937632.1354120291,-30222.530977290662,19790.957468151482
3748.042247893567,647549.2826346196,-36955.65104622478,77065.1645927943
5581.680014791905,55222.660488163914,37187.612152195186,49133.97524601942
4647.947579622726,349468.16211841215,-40948.52948552699,27004.08438070865
6415.000107186227,960701.7201908603,-34189.7169102531,14933.738431405174
3574.009446031181,938869.2226643991,46296.813340238645,88974.210252512
4215.329886560192,66190.07899263693,7853.798345694406,75157.0448489626
5606.707287593638,896008.6919282551,-12108.419903491631,69327.23321391482
6606.066230520369,124068.35877142826,37400.93693044233,17595.047670062526
4954.29609237652,69165.88542599665,24861.67819127947,51477.02276962064
9218.848735372796,986415.0755715119,-16696.060592469767,25019.136395278972
8996.852824140313,398242.08737447846,-49279.428674224,32542.947654710697
1136.8373878792804,225754.45303782303,34595.366231760505,95128.09819027729
4201.0504244744825,316270.7562447501,-34996.69117151872,91542.24868861971
8165.748603825108,711567.2664990295,-12444.547165346012,75052.13412652437
1444.7219151584168,625792.1136866708,-12597.637774576397,61397.137582109484
2721.7131467935087,922017.6540564841,28576.584390861404,95179.4095588986
790.2764191366684,692045.5442124179,39145.88844131725,2022.1930821638923
1625.0161995397184,855349.243574825,-28034.480467847832,12070.73032795527
8246.031190923886,299932.6087423771,23259.0677108964,96757.7156192249
5588.786305109661,790403.3785983939,-3176.025233262393,95227.97559015124
9554.52065526386,226704.00448064698,-39650.89644245247,19414.660270467142
6691.690842392859,770713.033041016,-47851.79293381103,17481.927392558304
8546.845129247704,707323.4713660124,-38445.46484624771,44196.747363711795
2623.703635667515,111625.14656233153,24288.22053381031,33765.088307292055
102.12328145372096,154461.94105777453,45299.4918887556,95765.42343479928
8994.006311635096,394904.65651075606,-14092.79742076993,58035.15927968211
251.10809758748576,660074.7461630644,29493.48457861648,61713.23535517682
3490.0865448107575,960273.3745356889,-29418.147979083653,73114.76229988813
8463.031225748555,590515.3974105315,-44182.60034809841,14711.313439320262
8177.093836191453,648336.7866066876,42184.179954463776,33213.04354414233
9654.738078505601,892138.8121911542,27736.27808019152,16596.51964322345
8726.51738167841,194351.96105007126,-46814.56387739784,43894.80194502606
5961.173573017312,29346.96915652659,-31120.444927585046,1663.9380371231916
1863.2480907860927,897289.5630234111,11022.787073316387,29262.73934888376
806.2843881537907,742030.7265789402,33429.31920538079,61430.304641886454
4820.086108364707,333643.25495877,-3330.6406460492,21118.47647472368
313.3987374428382,114360.08551456327,25157.28861620689,78134.01134391826
3088.7570174554457,830439.5179029912,4548.265832048659,29867.953929509105
9594.145587988181,351876.7303944306,6751.066654306225,79237.31301551365
5256.50053469711,596900.9907466761,-2068.7291408906094,81936.83939738885
3954.9764848523773,488841.6318928073,6070.355992177123,10196.337537783262
6217.291374630461,379216.61782506556,-1037.3181793662443,33461.57143364223
7560.352432592088,52790.792636035156,-49026.308642515396,47764.56883126923
2546.758105975664,927871.4609306855,-42550.876466302114,95021.66172594519
4591.659365967523,878252.5850442006,-10643.598076824033,1095.383964929475
6329.859303700169,131989.51733195697,-32444.20429858701,27178.885508674433
440.911606775658,366579.331076165,-23959.665539147,72909.29284192326
6230.381553353691,880142.699201959,26549.85870964105,91588.98273791488
2978.309595543881,113846.75570951859,33156.043078738076,77991.50549130184
7091.321815237266,772078.7684338698,-45268.44531915418,67451.48108643523
6432.711965585903,173774.01503698362,15658.010177068805,41285.4374660756
1855.2155011334148,710821.8860555363,20693.702364926765,68063.30136425838
2924.0856404533943,427617.70446218987,38613.569424529735,22847.79253286522
2093.4725476469694,69598.30006164208,41050.192898483074,17241.727366826963
9186.99499086065,397992.81803439686,47906.12146558803,41930.83985913034
5933.786936702907,273040.85278063343,48774.09446497471,70382.3910706359
8524.193955633165,848573.7942470381,40993.28708530945,97457.51966777694
4674.677551408208,657124.9703246852,49285.99363228584,89917.9021169904
529.384770460638,956628.9771165389,-30639.385381446416,7154.990839846864
1876.2273824460096,117289.66190691284,8433.237279512075,9942.721094754714
3618.2013230466014,770341.2554862668,-20688.529316094508,12612.249219683914
1216.0794947496977,659196.2572882376,41500.62912872895,49769.93611013075
7906.48472724293,287868.3481018754,-27266.262265234844,22527.45170996391
1899.7569931426451,391578.3882334029,-2606.723168940487,61185.52948834477
8474.910401360106,460095.5923232974,-5516.056217338271,91410.54734383493
2914.3639810809186,985636.0225558071,-42867.83477051761,19165.790369991064
1559.0313375150765,884034.6383055284,-21970.552959844168,56006.87351835489
9914.733782609172,970426.9471071162,-9196.895190959709,90823.49506463959
8703.797517759831,958820.8554024727,5989.297113106528,76707.3148511824
1031.0874566373561,378708.5155928913,42099.674915315874,42348.44610440519
6421.616089346721,741262.8745307002,-32785.58141353371,56210.65378744369
387.2613485620435,362683.1086811769,34600.7816945707,68708.05668013677
1393.0139685071963,922897.2119771967,17047.70659588375,32703.761827737777
618.5694650548179,264100.30482450826,18923.46747274937,55873.533404962705
3748.9656224548307,615501.0698173527,-27595.30114427077,69825.21654577719
8178.362471779581,748168.647041475,4891.584821222161,10337.347813141472
3473.948071518339,697016.6454104262,-1684.594459815824,90677.99997214857
7722.345002041892,295730.610108522,47860.96532094586,15687.574125869574
7468.786382656087,134839.84799636703,-32432.025846003675,28156.90598100039
4359.714044707676,33153.514678314095,-16658.298511677705,1004.7456940346589
7312.350876693956,388426.64533769974,94.75812355502421,88856.24743609059
5060.181515004717,764389.5473796411,29058.18454042122,30846.851607991666
261.17118318319865,898170.296207233,13741.46698994637,52823.53022107856
3005.9435530268606,814658.283254825,-1412.4917327912772,51588.071495111195
8526.024863447257,272502.17325389746,43059.97364016497,56424.68267532029
1177.6571948627711,600204.4826064522,-4283.147368816673,53876.91842395211
4364.569237487085,390169.9650620121,7765.4542229683575,30586.50085452831
3963.490015907155,483584.56591096043,-16339.486758584768,35979.381230284904
1029.0734647616684,99645.66257195479,37498.435440492234,91681.9018628457
8080.302124677645,278934.69220385246,48277.14785408176,77772.70414632125
2108.3169068100915,722616.9799477274,-15467.583333525894,7323.622578895895
6596.025436142996,196673.70586425613,-572.0917183315032,60155.42112540844
4302.71447251633,733515.1334707866,-18932.339791344733,84332.00743136383
2342.301465530896,322094.00133027404,-20383.940589690385,89639.27752813767
1171.7325152915182,352032.1247373714,22751.801519988934,51142.48305859268
9506.440261941121,867293.4465461712,-25951.26789924681,12888.669228111805
7892.655759457464,770580.5466590975,-14932.120618252651,31918.340410952085
4691.762691307758,780901.5826089286,41261.38559539293,30973.202746057494
9569.772475890637,623649.3140989617,4230.428177400936,34634.494401094016
1235.390550681411,385052.89724147227,8445.686556554887,48099.02807721068
8133.032796274967,391008.1258970249,-20769.747603070333,397.7947221941558
3072.5430725906112,234060.90797149978,621.3393802873252,14584.550055834767
5365.251334830396,191713.97980066255,-23331.496116243834,86269.54080295973
6936.407654214588,394245.42185064504,-2207.440735376884,48846.139374420105
2096.9095284061523,190872.89022738906,45020.69462994776,78855.81102734663
4182.641060446695,669366.7879101647,39229.78898673,48159.5064708944
6107.623573893465,346109.69958257565,-30028.73362306506,60931.25397236014
6027.570798225745,581119.779345935,19017.271146705927,22962.303522038408
3773.3407499214986,385699.4032181234,27459.335671290406,78361.94210612752
8489.150601534584,119140.54924892711,42007.12675132457,14463.63489277187
2998.326201995103,175312.87145283757,16076.257239499813,79592.92303362986
5819.742034123135,559979.4648100366,34320.554130662524,80326.05841583943
7470.999029230442,875330.3960421387,-24544.3957852992,24966.091829080862
3719.7762238610653,979493.3733389679,27536.756592603968,58185.73773499385
4782.687723968342,675675.6159472483,22296.219255192424,88134.01879728226
6121.36348894635,48109.96629624,-39289.74174330427,41776.345222541546
3448.3605986717694,700123.768202884,-39341.064167250515,96835.33757649212
1830.911947926448,203417.68515447978,-30642.796193638278,29422.352607548164
6368.396408509882,657036.6069881031,48177.61404478912,85297.34357135474
9819.816838788116,759534.2514775008,-44448.724476082534,29667.330432252747
770.4578820866303,318477.6081287221,24825.105874643545,55531.405393254165
4452.28335270606,77706.73201879645,-41730.140144761375,33802.882297117234
7170.531059036379,614660.3205473501,35874.7696670701,69786.82216030496
4439.34657035164,707596.5059891404,-31868.91430734651,90063.83724723432
2392.190986276139,335683.2701439653,5698.18525109761,21428.759881722526
1808.1495927182766,873702.24243728,-44337.65498377063,39255.33445615885
4183.157193177536,357504.13889325905,44039.64998926317,56505.88711279949
9675.543677882199,26373.751085159434,7240.944159055129,96577.40642355046
7468.20374427903,114106.74876834883,-8591.871207978438,43273.31702819867
115.07095411452228,361870.25995736604,-12152.504408368273,89412.70005809898
4777.481999889294,682813.6974037614,35227.2480621368,11936.520058214273
5906.394340327181,180915.77140073327,-25227.324605826994,85842.97240950093
5889.322298812597,674697.9925680592,-46616.0239395427,11881.78815868005
2456.2363618557993,680205.0717385053,31417.980898844748,73659.94305148794
4226.5748542154415,767046.4228354763,-33183.39277496775,58658.90666353736
8679.888735847164,976313.0972659747,15331.103984989357,74636.18532821695
45.55421422016703,619828.4715257869,7782.687719564485,67981.64533812205
8132.355531841527,506461.22453043354,39616.5418433772,3821.630270384624
2956.6480997854273,583123.036699784,35447.47813647367,99011.70148538369
4178.193793474131,755593.1364913629,31862.100180609108,8631.340806459564
8815.653108814078,267456.84459685255,-44566.38776275129,54191.708958269846
5489.11137214813,464213.795995858,-40278.146689759466,47490.169563472125
8524.902047856101,994007.2500945857,24972.56628181468,7892.946675547263
658.3877212484812,276444.3899107153,17296.266020641764,92799.93031560724
8783.242772643918,766622.661737286,-49701.45208929656,61143.36719981507
3221.177178231539,692746.5489975382,-8549.98292075118,67994.69413986563
7323.931585194154,52613.701102734034,7925.44818901729,44701.58568050427
869.7586205147811,956768.8163958243,-47791.771481838616,53449.84555244554
7679.505613567382,644268.341355636,46447.47397161354,17742.419173238588
5152.794822297511,870768.5310705779,36371.669618006534,21010.54321272281
1012.6944653050896,698043.8645990787,-49495.91591806818,34419.632284569714
447.66234349890357,919062.3838506044,18491.576405089756,81905.16607924318
5052.433568978619,73389.16763359471,-26450.13192942425,75571.52758223622
3494.9156504732946,243958.52765283667,-11655.269170383908,57809.40227059167
2674.044486758357,938150.1170053552,-28930.039501309835,67834.93613712104
7283.946672218091,103623.623645524,-20950.602028306876,9826.608454210638
5162.640514618565,612511.4026358343,-9118.330999677091,37433.329338501295
5578.904311298066,106337.72685034244,14962.758737376535,85150.03517621243
7698.824715731282,328427.93408820644,2162.8666005028645,70904.5917025464
6873.9348896840165,240590.3856346844,-26499.531571033574,66172.58246310313
7105.738182124061,906498.6373357289,-30152.136948931864,80034.13781769676
9066.805441026323,405470.6468486891,-19981.054875797967,31809.666952360203
4396.52499960271,697236.3167207381,6031.285544408514,93258.96604600163
8639.974331334266,170804.72804142657,-20098.951204055837,65800.87307841924
7161.273722670562,598686.1260020458,-44979.31419766969,20808.285185390618
638.1707470526377,761493.8951778475,-43014.27097003966,71755.97180618673
9332.499822788674,627346.1598464124,-6321.5834338053755,65846.34918026633
8231.545073814867,725505.9203077571,-7517.68506161082,79710.95336160186
8368.2303323188,204343.28648583367,-46306.53606184319,78883.09063685182
3153.4519283816308,509973.36586061557,-16489.96667786222,53959.702899906224
2391.75224176712,843816.9224221646,-2576.178932032468,77718.23665945353
801.9327099215811,54851.522399749476,-34596.59739724372,36926.91713237026
2327.0907155479313,375464.4905341761,3950.0605778987156,80184.45380564815
6293.952951138,218589.37063644952,6924.126575004717,88847.93183032866
6569.275629147249,418201.24056386127,46980.69196531322,21955.233243702398
261.4640921128619,475266.6354893168,-27479.90845776942,8021.035130473852
8228.461822353285,66887.66952883103,-28750.03191903629,56683.062165175645
5678.346820017258,267649.9160061743,-29227.877076731213,41397.92985473709
7486.962540009204,939077.8124647008,-951.2529608927871,60733.57539967965
9507.303138868054,865621.2875045119,33169.1026578085,20277.94733585455
4108.263317600287,953741.3124737022,23529.0177781666,89781.2429704996
5455.754237973949,904432.1918116953,-7647.916617629322,80871.6573354964
7637.072728392872,518912.44556302804,-29577.24402227192,59532.28977322501
6629.811844791436,582235.9462467844,-46031.97321912714,54499.46835041778
5329.478218012643,950219.454644851,34815.70141427069,47840.41727219804
9375.383781618319,341352.0596052115,-18726.232935803466,37190.88748042539
352.26515681320404,667246.9665952289,24616.682483223427,40480.97347803755
2095.472545654402,682715.0943610759,36630.87541150721,73450.0199975155
5290.465026242521,839684.8394422715,-32636.859190434763,67849.20294086536
5332.737094094326,207961.7817597045,49031.98534954924,13952.959163525957
8502.192285168472,60216.571357657434,-37996.55185304943,4848.188004764486
1906.3721089280327,988608.9610791474,1799.2601180722195,31942.69486443131
3359.834267749168,986100.2169355855,-17703.335237714524,31232.118273502063
8392.373507503524,226775.83798775723,-40404.404474776646,8087.140199617893
2916.657011570546,196395.13957561078,-36529.657318392,74670.49729787254
1736.2496144279671,336903.46184712555,-21110.807597594892,18565.935141648482
5037.886077724697,376787.6695801208,28777.02075902348,83798.93163033255
7287.239980833519,242924.7927608549,-28987.88176053547,86151.6271499111
5535.33144553329,888968.6390060249,37590.02612041938,3522.1149825733323
7043.106854519343,510338.13409176277,11953.504775700465,79050.85283593308
9344.61040268897,446516.20605515136,-38320.798623437644,49834.6280447863
9394.560616443925,297637.42537467135,18027.969090058716,67271.173462877
2284.0390781410115,784236.7867099781,21307.192273869412,6425.189799067055
4158.379940248257,616552.2516646393,31559.914651755986,71279.15186915488
8434.250040270976,452917.42608193436,37786.912942281866,90329.98908135254
9188.291939091692,215550.85250228576,-14275.671068033036,62715.32881408341
677.5989335866528,456442.6973369483,-15859.172866175584,58900.697206607736
7352.674025056501,46059.096059599666,42684.69156950612,1931.6945311555255
4436.426442670928,573229.1905074266,40502.64845517445,55352.81946892062
5168.138051537185,175848.8549808327,24168.634278054436,22117.31274179287
7149.232074608758,728930.7447694646,-14097.890836304628,15159.979625699692
6878.061667620226,699048.362498714,-21378.038727543768,94777.68620963191
8523.82791127403,472367.62522428,-16926.600214799495,80559.78847210993
265.1291685038515,797228.3431174622,-45918.31742249277,36333.51736291808
9106.531132379463,631632.5714140314,37927.92688772743,95436.89583034793
2986.941630062886,151016.51834754358,-29091.364530853636,40604.48063220882
7206.459362852043,692327.101150241,40331.99052453133,77848.88376541492
723.7631564624603,286693.8363879401,13520.38291931733,46943.62203299889
6713.991743256415,384881.04799596226,17830.027935518883,92460.59066623324
927.4616133152991,747225.5446522776,-14735.042411110124,78788.02126692026
852.4558280210537,492908.40201244986,-41045.963803797604,70152.5158081265
8460.709259676056,902180.2130827996,-4423.887327241326,12391.346027233163
9402.106860974114,99552.67306324514,-12240.210143984856,47068.915642192755
1915.5035140125788,815989.6884187246,-26449.31237041319,60503.8957842995
9435.457819310248,473774.98501624673,-3769.480845810089,20371.227271487835
1900.073490964974,719003.4889492706,27088.712102350837,80765.81465564526
2103.0243168036877,563537.7331535252,-33811.38804408062,42962.44004530278
5083.230383364004,830790.2329347257,-8263.10743000076,43579.02220752926
508.54894137077224,667837.3563031892,37356.011702523145,4448.033595117085
285.2282948951312,590139.7343525204,38376.08790004597,19223.5619091923
6212.7641259082375,724538.8442575668,3203.933377926318,70599.11590949922
5404.196056571362,511218.5562940456,33893.38928514643,68983.95259454919
4404.757605969786,475965.6269124024,41232.49155407847,78583.3894572902
6467.202385570266,330332.18106718734,-26020.53189705157,50051.15399058866
280.00261794530746,199197.5314054538,9320.891574882371,10229.551389193959
2595.0179743363556,92747.22256682221,32191.778125000827,68965.82181926852
1664.1180088923536,933030.2127374174,-35211.18853112643,90590.7804140261
3169.635452893895,294026.30695371,-5575.744502555048,43368.42553421033
5421.414525725575,438548.9851053375,-12190.422778553359,84072.91116433837
5993.6120788700255,375329.258949528,-27075.86504323175,56821.89153299401
7687.297744825938,975270.4667329985,15815.777623320624,85392.93747179968
7730.293937504896,997133.2708994665,18996.51899782229,16472.36502292381
463.58145108383655,139804.78288923367,20537.936972258685,27633.456542921507
413.9897098983569,80825.50937090474,-21462.69569871817,48313.746675543975
9615.78408810628,938991.7325770771,-15683.137212529808,54658.68278952188
319.1494390086258,292621.19421646703,-40464.89115673054,89821.603953298
1811.459927933935,94463.97755216046,-42669.7005203027,30157.681302476867
7977.618065286013,809260.1156648571,5682.824110890018,64722.097597390246
438.63601737621383,60590.27217012424,2374.5282332140123,80580.38788333448
633.0198320093949,349934.89452582295,-4760.602151561419,49661.540296579624
3043.4133293385903,322752.09208577394,-41158.4939552212,94232.10660053333
921.3419165981884,483904.11900873494,9282.49038447735,67542.21685009278
5325.795502152302,227906.439351975,-17467.80315824412,23792.064450788108
8066.773313461706,428243.36387680337,38492.637531693574,67290.08656967724
9232.806948041858,764388.3790833781,42946.69880031688,64521.67311419087
381.86903829220296,275187.2619442626,22609.51617107632,74819.99797903963
5187.964682316042,792905.9903125728,-15308.178469003738,5428.093029809266
361.09411474155473,433515.7723683577,41700.961158543054,24964.040280979825
996.163791772633,135681.176680226,-15353.298393707017,75648.77436724694
6156.817189870451,993437.7792356163,3385.3497821216733,9128.646004247175
2463.042309512877,615689.4065699597,-38472.8951178149,33322.547024147265
5726.810698001671,69425.21600522555,-4852.016218632358,98446.08494664842
3267.8841480572264,302951.28071185085,19489.048046675627,69212.91112830566
2442.3240666050206,220450.49153211465,-4107.9111175882135,27185.975002304698
4129.125634440937,969829.4714672901,32412.326007417243,22349.166484539273
3445.788448467446,932080.9316439622,-34134.94782543612,46192.407521277826
3801.52735391912,982283.6616610327,504.62598030801746,29950.963154579513
4547.220144328168,469882.8002492281,-40899.45962133254,81112.35376765636
6944.072450117268,979036.9760621934,35866.797754770436,58901.951098213256
7948.381274738108,278588.3876017905,27517.103686911418,55180.94639903149
6397.656142994893,935607.0225851402,-41340.05315849727,91038.10137818372
1583.7624066319122,446479.04366675403,10813.895558307326,61329.26453549211
9911.626792894443,775154.3426629875,10514.952015911484,59516.374621902614
1367.4488971214782,479437.57849888736,31304.15263761481,93380.26775007533
3858.243048525707,273101.7894509353,16825.041925517682,58529.30849742622
134.93305229605124,274122.7980547254,37827.02569384668,71098.47700142133
8974.107332652069,127477.65521686332,-45437.95058911927,73631.21703308265
9568.935726183001,344719.5316356692,-32121.586058224784,18859.053055975117
5667.63997981142,431935.97165602935,7256.981933623028,4941.540010590251
3898.2984890788284,602717.3647788287,22101.418229486968,82701.86967542613
8931.657036552877,873406.6657574702,13785.511114880079,80491.05090727344
6659.010809968381,174170.7985564412,-29722.965091972976,95536.23584201856
5400.110003551866,361329.2797201453,42599.02499316537,81976.49216459665
4306.431966631537,983894.4652900387,32955.721512399556,25261.862062249107
7588.0570120898265,900422.8426260238,48041.87059189085,30189.30379031306
2967.7726496959453,441046.14354490937,7870.459795255767,65571.73172710756
2853.9209575462587,183945.36141637867,-9604.61504300929,2384.016306623071
7123.898134903495,945550.8884435553,35271.92712596824,54202.4658638544
7123.101772709415,749395.8036396798,26289.36833192117,78852.00012867132
1509.5144880761768,479819.3633374357,21326.423403107037,28397.826611271714
5912.003206430713,83612.07602519443,1121.6237075163808,40966.13866048681
20.801241670962423,335213.433320785,-36282.834761925864,52350.982771110124
7691.536745575043,789217.5865894962,126.15159392172791,67962.0881354306
7919.553274008074,607712.230752465,48589.562520415246,76391.15967086829
7129.167590646166,789370.0330598012,39730.67864132291,4721.720545520114
6122.893914451924,402231.8335869006,12981.134571107119,12680.300415918344
8248.559437080754,232765.2170668342,5844.106721518328,97824.407471288
8867.62088804203,330051.52572828205,-8123.348062924917,37185.3570408228
45.88856052568424,265849.1107017107,-29285.491802069653,22131.729980673554
8538.250326602854,228799.9481451695,-5970.8426920512575,52691.84087303107
9601.881946435373,444191.3618726938,44998.323286503,45171.28209435982
3947.8174050917937,959454.204880079,-24312.522314657603,72624.26924525258
228.6473546005785,819973.2241045359,46681.35170746883,1585.1507508796715
860.5005438478264,759804.9625331354,6370.852228404176,10439.10732231369
4690.356391938948,287543.13372410793,-6507.827076251568,74908.73753373024
6045.12736297102,398840.77529045515,45831.315473068185,84355.85335466683
6036.839617967833,653993.1318205275,-49551.36440526008,8945.507328992997
8648.628360919913,261504.7543936044,-23655.56423816194,72191.87879034595
1089.1633244573263,666708.9377340572,-10821.982986351373,96003.33439110531
5178.498664225353,178276.63158157235,-40530.94620305741,76066.6588915494
4116.243362899565,734847.3606671054,40651.49241205619,14258.018319293664
6883.331063692986,319033.4011157243,11416.64872083984,81741.00901293506
741.5623085309786,126693.48379158152,47973.540976912,11509.645637720878
820.4829936729685,735641.6702364328,16170.928208136582,22356.958462518105
4619.051965560257,29851.38776319965,-49133.099103502675,57597.37916761244
8399.940893286488,322734.7785351799,20498.312441209157,81343.87486708241
1917.2040005658298,626221.0305562058,-41506.28705346765,12738.336728310762
7693.440508368387,131127.9402175019,-20010.11166297538,94256.4895894474
1150.4682500240604,178714.7949742064,-7746.535812081471,84056.15551162597
8297.911862927645,533324.3602170334,-49724.49982784198,34310.421473281735
8397.00662983252,451666.561702354,5198.366071879791,67564.88802021262
42.3048511818469,605565.5270250397,42550.58203076935,91380.83530670308
441.8601811328171,491886.5637016488,9706.795660330572,97873.82516928292
9326.864551496383,495878.99097257544,-12443.653186470496,79229.86133761925
884.5936785244523,242315.19377808,-29944.594800030212,52878.928950230875
9383.912138778735,932576.3416245355,-22846.02029943178,30728.407016643723
6750.481220932836,425228.64874735085,41530.548874496424,85706.41884647147
3249.1986340134536,152654.9777839272,-22366.540997927743,65837.96867408924
5644.293729450087,76949.82297968122,-37280.35983091561,81174.21600675352
732.8925083887406,534556.3034483695,33897.60088060057,42118.07803216293
5985.751846917532,221017.4442689711,32623.059614248035,59036.80799270149
3179.2630907880593,224734.11115323767,8661.987386589368,22525.021806247016
5365.7049400511,851766.5800496286,29227.24794991978,71279.20904858068
2304.123105777672,172485.47207599026,25811.38844721738,20267.4298083113
4562.103051639827,205273.57261946285,-48820.387327490076,65725.60031672477
1899.0922163577195,392498.04766904615,12053.291801562358,5484.372041515861
7254.818703822545,639618.7431374505,-10794.15052184285,13228.295889355657
3691.7446750902873,679566.3393381123,-43990.80600947159,83511.61458828839
7978.384431397487,211419.69670613494,-41089.658417331164,20702.670529241175
1150.702883366318,664930.491568999,28884.243297675668,79501.60549053502
3351.70898114017,240588.6194184494,-48399.77721485949,77273.63311010107
7524.740036930604,228690.28914649965,35855.891474722026,89162.86650130128
4123.831872102411,600266.4799959852,-15226.246900349848,5799.322587400502
6904.953880944115,547747.8689479721,-7677.848146629221,80384.37755276122
8074.78230760585,773887.5195969228,-41086.36918002216,17037.60831526716
9599.074827208733,423732.11552580295,44150.11844206008,55510.61268351586
6310.600718292545,466326.71607201267,-47774.14070563385,88721.05140360356
5606.968892211702,420357.80096254835,-23934.67501716363,9032.825445950155
7991.59078959116,661083.9348174251,9964.78556974906,16805.929047698388
2486.401614341309,144672.73757725873,-22677.364925207432,40462.2239101779
1032.858688339362,380457.4305981486,9984.961219961398,11160.961388072943
6398.120950239503,711645.952855798,-41200.77181682979,7150.645951310886
8816.207416426802,330659.8648730861,11160.42538102129,32961.35102850531
7619.32568117199,176550.01645385582,40650.32868214062,26824.38760256872
5452.443825763113,358830.34267595754,16312.043171662124,96053.7859458391
4314.579788073134,344590.8134066532,-45331.69093946825,64596.76908393361
4633.164806825003,433895.10056862375,6283.528579471022,79557.99878318414
853.234185245555,492237.6378391231,30485.803262644826,64225.102464737225
9611.082941801718,408230.26940368215,26806.781265519792,23970.539965638327
9462.422008318834,819706.8209933115,-40236.59607604316,8377.667176567938
4347.954781831651,922079.8180149322,34797.14029081345,8036.353904847871
6504.686387755623,479052.1986593487,-42497.360176444185,17676.305925879253
8369.173603971314,217681.7145894047,35719.204334009875,28653.810516128786
7169.303699759908,747315.2886529922,-35375.200882533594,23280.301611925992
364.09152102300226,495055.3023160193,-31336.16742039351,31078.823782775988
4866.3680059040435,639188.4031088362,-39043.74630348081,72777.11576191285
8071.128553031383,446403.56130106567,20776.95572947993,61693.64179099961
4112.694234405514,918643.8509933756,-17239.09239760798,54145.66324508457
4486.737482383099,831082.5450933799,-22319.204329244545,40605.97647795984
8198.606931957107,373982.3314803494,-36039.6206030648,47557.70005235241
2937.281728790578,218091.9485706028,41528.18658282708,76344.0776329075
5424.674597733031,805753.6516878436,45182.56898555679,39782.97580638611
6052.891415309627,408039.29267175513,-26669.468803546104,69913.37096512766
197.45203263215717,182002.86211800782,19779.194202864135,60963.78366812052
6182.358810479728,131531.23733180767,41200.08871304394,80480.30873711912
7773.296601339541,700294.9798067143,10952.97522848595,28524.495974671117
7288.138094219209,945945.0119117402,-18852.80559278155,49949.02371944281
3939.3143582623193,920971.2976036136,-864.9545642514277,7981.7622330330405
860.5075778261628,497533.0582903364,2073.024719323177,8696.452102007135
3420.5061817520645,181090.76355738213,43753.228743169646,25420.943648454675
889.96193342047,500814.0438472953,-8401.446690478842,9731.503452236422
3302.1703892103237,623508.9834309104,-31468.174598622,91404.44963598964
5436.892935706842,192203.50743999172,4370.3066647272935,63543.95453076142
256.627283623676,260548.48365417332,4463.506797345726,21077.570610685725
4837.62276962138,159836.8940171744,39483.56398496113,70908.64431001978
2863.328437118514,136713.1163101361,9593.955993134827,60237.45536857935
9085.853398630545,536538.5841456744,38663.594294158815,75910.62241948965
2811.409829088387,879899.8272720057,9759.876187728223,52130.84449028933
9428.592843495364,327889.60837929155,-38154.40885176011,86456.8827521827
1273.756934396344,435560.7201981639,29421.004564205447,4746.182002346522
1715.6208976943321,972347.514016124,21793.9075712248,34540.27112618452
9241.638867548341,123268.8638517299,6726.717202988053,43365.748765549804
1541.5583330674576,815371.2859190048,-15598.775974949567,73521.23524371354
3108.9766236021132,920140.6367212798,11957.918402769363,58143.431629846076
3719.601153299431,744504.489580985,-33691.7248593206,34693.00807666099
9295.30810964301,540568.0199018236,13484.763582008709,81473.72935671546
1125.9814901127995,317369.80826857936,-13515.247630068763,90395.87578474723
4196.5122508764,166713.727132964,-39619.10356338211,54917.67565872669
454.21930749231285,219528.2081388336,-46587.98798907841,95946.13098101188
8252.353449557806,529222.4734298049,-24165.203534622317,70451.24533951515
4918.226732328725,674155.5015766373,-5491.765176198394,7645.358725483154
5419.91054345553,602601.2785051019,-19501.124929597412,95801.91270797754
6443.326271076828,370489.8566158056,-40563.39515013512,99135.6612771495
1841.9513185495273,664722.3765762736,-10083.065029356629,18638.958797315918
2384.2482325888504,723003.1176107517,-46062.78450946688,23366.459299324837
9999.317691236738,934901.2271694734,-44829.363648848055,69383.17048569345
4309.1674991309055,918249.0396265655,-14176.761578208832,92438.49417498178
7136.3786659389525,970003.4248629801,40885.56734976264,7401.542205237466
8888.841165947546,811341.8347288554,29782.05669506025,72590.64006987964
9248.621026260787,343032.9368679836,-40262.43844114355,80352.62259109385
3429.914865480087,559017.789467427,42621.93559804084,16595.177967210017
4421.434046029972,393655.50289687014,7599.898141823389,91448.11303197873
1091.453410645119,821233.3882430004,-14395.111331911357,80827.13360606415
1809.1525904320981,225109.70653434316,-31528.02118688439,34396.344827711575
3323.762008656922,748252.8405808501,35506.33701857114,99273.31739134171
5043.42375976294,946959.3408159823,-16669.865582158272,80793.29034394986
9568.561949944666,35178.38128644985,-8957.791805102825,11746.673422811571
1359.954516970523,68139.68675311169,2041.1680257822009,29726.67750013889
6759.579051526896,790876.0297615036,6304.088366886215,68571.60029786041
232.70850624811158,329751.4370321153,-37520.7239000949,54358.88905792879
3662.6110690741366,313250.6374542928,7843.065878531328,59005.8202882589
7804.608684286423,672054.744897259,-34013.04013033134,5254.23020217558
7594.133623620843,407822.58115211653,-22957.137174512987,35664.454330075256
5903.8138969404245,975117.0501279002,43320.55133285458,55216.21831463003
3557.511676721381,331559.7777568053,4422.918758367843,32211.933816304037
6934.627438529348,517567.54910229705,30220.989113018266,95400.49854899879
8335.871704168729,468917.8820593452,47512.01200631859,96587.3269101276
8432.102224752396,722911.3402255386,-3249.5381092224925,17469.02197114638
4580.705848901497,972041.8539494721,48933.07750353492,87028.76773784887
3569.4065023974276,467856.74695030786,-464.45355961302994,41551.11446003813
2435.262234642518,422082.07054373814,-3660.174760352871,3162.5743750513525
6407.00764877355,892108.5210973934,-48942.533814541166,74777.038115464
8731.79100726103,793578.0455412372,30845.789159381486,49422.67767485766
3172.7425288990653,634080.2899748535,25130.081659057716,10149.715836453066
6301.7031911281465,748862.9239889238,35586.43670944389,53066.01167189376
3361.8330809627882,881979.3515890398,42706.27379975878,520.1798382247435
8437.708574696406,694441.7198453131,-38945.04678817888,84049.46898437882
6945.910308177944,674716.8236695065,7153.302411633136,67432.44382885133
6046.992022253009,156296.80769824184,-31147.660542917198,49034.050341264025
6480.110637458905,372096.5063559265,-16862.217906702346,29603.349927723022
7534.494202560187,616073.2928517337,492.44191228635464,56781.85412514959
5397.3047683019395,98735.25252353687,38260.92576427698,60803.07142053838
3955.35605682645,735097.7638360787,2902.533820499775,77211.48364889724
6278.524089887276,791168.3005156356,-8415.380137281427,11901.870861685504
4475.591134077052,538183.4677456054,-32739.925217816446,41377.55456451252
5388.644417254686,42592.44357690989,38189.03424183049,56848.74022949832
9680.047873082214,994174.7772217513,-37193.70533740523,54639.88235738812
2266.3929441337127,664700.3812325808,43902.32264344455,47347.54872228537
2766.7251393475835,375184.50789730914,-27722.81603308706,20288.00624745053
5657.736896682048,151059.04658988916,29343.07281764866,85996.33756660271
1166.5013826919478,781476.9624210242,-39407.432925368914,95886.63615582384
9581.72030725386,31485.58337750932,-12583.85960201249,52655.356878287654
3627.342884585023,243949.61003877828,33443.836749621405,29607.706625701314
5817.808212015405,851873.3651131225,3402.4563107757567,43809.49661371196
302.05108824133964,941167.1759435227,-32579.004229961505,48814.59380865774
1603.8031269078124,698921.9419602373,-28216.533585061254,9690.737199151867
5878.612468986266,612900.4287368326,18319.65636510124,98164.17866003547
3833.3940743498583,734223.4317911604,28940.810287260407,98926.21152603056
8292.213992628242,157123.56434091553,39268.55762123964,49492.34598224976
3542.4036857328647,867158.8394309124,45871.87773288584,45477.54785835598
8057.9859057197145,862422.7448620007,-34681.70747715919,30748.561481452874
6972.7925345134545,301057.2367884233,-49938.159749796774,57637.08906540002
5763.534234888612,252769.24534823355,46131.836827577004,46245.13808308651
2003.4852563808204,292071.1637231299,-29347.174912782946,93846.61525763241
7760.325558686711,666610.2269418474,33417.496190685895,85486.82845635549
1237.0809640655011,825220.9852109462,26050.81347231813,35104.21962819395
2592.9885898050884,837230.1585761677,-45255.0729318789,42846.378089952086
5531.508862481836,797061.7910063695,-1889.0760489605236,88724.92061949652
3205.590884272093,766336.3073035135,30384.827696375476,95351.62296994179
4265.694030462693,759425.5514599852,-37958.32343219283,83220.67884368642
2463.9570781291686,447821.0200402253,14812.94052279213,10849.808670449223
1128.2936042263736,663691.9769583208,-33831.11086147985,39065.40858208063
2033.0898739263969,683654.2825290023,-30481.010048686207,83814.72608392591
6718.566019154317,970040.9771845401,-19300.200882206063,25110.63813620965
7148.754291574424,758859.4462408663,-1238.8352600111393,21062.278761819663
1748.4386859201172,51140.02893711474,-40371.920556962315,35417.41854133139
2322.2918448184637,727525.3826682983,4906.793502101027,24640.152343291287
7134.832659729144,664719.2829908433,-15079.672296903598,46270.123739178336
5517.7228481910715,626808.1090648083,44999.8248824147,44157.146653560165
9771.3087101338,294488.03270482324,-12875.317142475425,38137.754386790155
840.2026961455089,940875.0793683713,-4804.269686977292,95817.86106609173
5268.098342072705,183845.13390996854,-38457.81463793204,92348.38318278716
2274.8914368134833,61745.14785613805,-45295.518101518086,70428.30488607958
1449.5802267911483,511836.7578288998,24101.51033950386,97242.35761322714
3515.30315264133,418977.49418825406,45882.186826878286,77638.09578228694
8898.265071750415,365814.80401927064,-23922.31705410597,23569.88235218167
1420.1929057265029,895162.510086627,-7887.946046693294,98684.84261161603
7334.352591933014,830248.5738254737,-28204.57282191564,53898.62180609066
3138.048877695537,429167.8705923503,-19884.725302534665,44906.354056786644
9119.922494064327,936143.3306941179,8457.752057098958,75796.9279006956
9438.24679139308,714092.7098303715,38332.46335446941,44286.31039968548
3676.819932408022,960518.6325994132,-17759.595173420894,73558.33136443608
9287.934020705743,61883.32136747033,-11983.711120526066,3298.9765208325416
9107.302190533164,370399.5591255913,-20207.18031216925,78232.91576321331
3213.702934481981,151563.35420311836,48675.900776901224,16318.638896067916
9806.505334076826,490774.090832519,-713.8075443110865,60731.21179534722
5487.116485029174,583031.5082898566,4513.795310965506,19859.3588370082
1355.7939381156314,660969.5224998565,20149.28805007899,77766.20502459862
7673.148939910402,503380.146018467,-36504.27160641897,13910.659926324808
6486.059414198366,408901.46724024357,-34367.37463641345,5399.123617347179
8580.605140051122,357687.58261279954,-34305.671928131545,97634.80075398015
8400.024005682835,817647.8876811587,27341.654615554275,19954.60298708752
8153.578426163409,981237.6982181709,22546.995835010384,91691.2516505318
242.61918017874805,463802.15660164494,45879.55012633372,11070.86336495322
5343.011883096663,435119.21843875945,-6331.2600230837415,44453.96766405423
2008.4957112572022,172057.42989059316,-33259.749241453974,36650.50986541824
2497.4240126979485,992158.7369004888,32860.58462368582,44387.13384625854
8675.730974478922,695476.0494515917,15592.37170403749,54477.60820222098
1311.8629632501977,705139.7462775615,-40045.85970713946,85844.97434930185
5854.794549697913,215896.8065387044,-37905.395782835476,90266.64040825407
7874.150202554038,94261.2913602901,40132.98480885889,60561.257440441295
1741.8353450127145,763933.279339925,-33616.76334115092,26908.96316708453
6847.4760490879435,835789.379489097,-22628.509639525208,72094.11848340448
6665.352898943819,563016.3016413114,27372.427608141777,24682.41408804065
7328.411450085344,38853.9368550356,-46368.31333475166,95491.83969915439
4015.3139155410768,506933.9881340447,-22992.167631762393,7189.657985150144
5419.396707329854,602344.7453560298,-29541.186837076548,29445.199069165108
8843.779147691259,305321.7963734704,-10385.76327951879,72790.94456889757
1054.770123896942,568859.4040641019,-25383.80583877272,13192.013037783945
2926.0996716728228,256556.5255543488,477.80744894503005,16296.848004402076
9119.399880346422,97656.28999393841,-25599.98241444592,5439.502513131267
7571.748934826766,352506.78322235344,-47196.41407803053,70686.66496038981
7398.979654902469,243566.02222690996,-21725.312236366735,47570.11054840384
7973.8490978499585,424593.37469033943,17188.839468654507,3618.051288316915
6401.052860747489,313813.9732883257,12469.358973796596,58396.38257658195
5386.458426108883,385612.56246885145,-47247.068145579105,28493.568740610943
8585.827132553619,819707.5581806737,-823.7252606175462,32730.559187089337
5918.677431916292,846775.4825433055,4064.291085785342,14849.712181631814
7045.840135582087,665141.0129067204,1991.5292836469525,41034.47369095515
7234.640894697762,714416.5990931955,-46994.87234717086,7834.093915726669
6173.541533223867,978870.9620926434,-29761.09928536419,52415.41712901356
6948.455323635781,375824.6378187056,-30285.470131721315,91536.38017289563
9355.851813782838,802515.8307188181,38817.35521805148,28233.544343239035
9003.144891899032,708648.8429622347,31750.53502243875,55938.604967436724
1234.7618437993747,471232.363060587,-34787.13785818559,58586.51878348172
6822.669504863842,153333.90326981875,5611.8454812065465,52250.516719789906
4573.034072233023,349022.04829171364,10315.139366920848,38936.946572900866
4526.075572743848,173036.4138846626,9759.75938914311,46395.52697759376
4264.069923354447,465621.13204228715,-5320.046797923409,9148.266956980422
9992.844565645182,270476.3143381637,3280.9992609329784,5412.945683439263
3525.0025890317406,966926.6409837591,-13122.389176839264,2194.723420172795
6068.498207829658,236176.16232907257,-30667.98368115239,76542.08797155356
9812.083260034176,595912.1800501365,5568.2389476182725,74811.01777500343
8699.527996906516,107541.54472635851,-12494.58562853386,43753.892982472375
497.41680328884485,465986.2287323421,41944.512841867676,17347.308015527262
3286.704700985518,323235.5658036867,14259.12548050745,71495.68512647583
846.1135091029226,53746.19224650615,34182.44201780947,65095.124672821534
3045.83768018032,882300.8236646098,15548.958114227178,70414.68177700127
9332.919099268936,23081.408615184497,-49459.18363318108,58349.88062050911
5665.041101105253,522481.6177240158,20805.120976969396,44825.89794137552
7837.384032130297,277578.097304214,-37250.020562988175,23475.57812526112
7047.571749853806,117199.92233160969,-7606.6128282480495,6690.04518455768
6756.634966076729,503179.41394635587,16330.534837340587,72237.32178010569
3429.3003549793434,35637.87670453898,29701.48772937224,65867.090999454
7574.812472284934,908053.7647305249,29482.59212460676,41667.29848496233
5659.880455414086,75380.24593768208,-48008.61350507449,31411.049822463967
7928.235399482475,131624.58149559976,-22813.7949043949,21729.81150554484
1936.6745641785176,42069.68357596875,29158.032110744476,83671.67710322564
6705.355460009621,279714.5285683875,42153.62150647228,43051.02753987825
7780.501886334679,275528.1263905774,-45464.74675724391,1968.6637042512389
9220.563706555818,867757.3058768922,39273.95318302956,21979.037979675762
4542.271290843199,686797.4220014325,-21110.631797652102,57603.9774525051
5000.914033467457,939030.2457271004,45190.90864099287,85239.86423855682
229.55850486532037,55552.133004690244,49741.19224707535,6977.942413092764
3224.8215722074847,449860.8166634507,-10345.791644289973,21455.04484219729
8942.193241826548,522337.9614213777,25157.026378289505,44574.72729402877
3351.803871578385,98760.06386511105,-9714.693826152645,31786.41105559288
7705.917690474721,895088.5983960627,-43850.7479405704,582.8283368459975
982.3219127251825,981436.2528311826,37398.03924185959,76973.69395793346
1993.1781274414707,854374.275025634,-43172.79715514673,92916.195005214
1486.7874339196685,798641.6508865547,-39485.1633508124,43030.56005451444
3720.113539231453,166835.23543650028,6438.869542665147,68401.59947254836
6442.799203077998,248805.7935787913,33219.108415960116,72864.75335391151
8008.802643619265,781253.0210071311,-47555.877432596375,92897.92280769485
419.66674089157993,162408.28002130523,-2015.5527416820332,36087.892571071476
7503.832078791359,326712.86717150843,8760.044613891769,75112.91639136054
8149.287634296292,560043.9842543554,17621.25209514999,34280.62299122886
5532.248714834801,77310.38646160078,-31680.985160197593,33883.11369755022
4622.441040979287,321134.28889993764,-15018.581604653802,63978.70220268154
1895.958334369523,712855.3208130314,-25919.852626001728,43682.50983226676
3149.5568936316886,315237.0310397382,47561.69911395105,84645.66186386455
7585.632370327231,610026.0552034513,17634.745454765012,18125.610202985965
8925.026310372854,352908.4672278939,28646.377591031793,63897.66122060023
7205.186959330372,863427.4054897346,-40453.65206203451,16230.499238777207
8134.114135664849,158070.43677284996,-48370.11478109063,97246.16485320893
395.89458306400036,901005.2337836962,-9433.953384431057,81207.53574998677
5141.536361427959,108835.67242317951,-840.0521179038114,24624.081976042413
6049.193375657843,163270.9664532628,-22136.3437000104,46539.31467148443
2800.7659603791167,678744.5617183272,-36258.065046218624,90960.948360118
5597.254294965557,980788.8160271917,-34584.61741292428,69117.5204048415
3423.127422612465,735366.4760752296,-28554.98652034053,23072.836630189242
4170.3695221249645,189379.2858985251,22688.611721493042,74202.26605489933
445.74494305422706,978218.4962697877,-14649.276036527459,20132.56632117668
910.2254910359231,387491.7225970335,-39235.56008980459,21969.593694986557
3337.4047743285582,422955.140589271,20384.622853371053,79985.87485837835
2228.1211554247748,445199.2973834716,-39961.42380651866,30412.717290257
781.3966181607191,543781.8439973647,26171.598457708722,8579.151393764096
4297.1955656843,579269.3060625723,-21358.761545496607,14362.66627707108
9674.392111162659,571045.4368110612,19555.501664086347,84764.38050667022
3567.727076791647,713762.1468628973,35716.664010742315,25393.913663066858
9980.430121004729,25954.816626817625,-26576.295104217585,77746.88652532757
6594.566098824801,490611.9163914497,-11297.127005235918,2380.6622920629516
7979.062810999289,319384.7918371233,-6522.792417414268,39441.55006445563
2965.762891816195,719641.8155750836,48752.29479190089,67469.39027477468
2946.732263605744,426716.3853953015,39586.94702870924,19003.082319949284
7621.4565632949525,422467.5611515296,3433.88456630367,27233.259939086074
4810.43512265563,515666.5406618394,-26623.109513508858,71795.99816851037
1352.0835665067266,529741.8120828447,40857.367710154984,63774.06059125889
2812.7415430344317,209060.53989478038,38674.57104385273,60069.908630979466
764.9707400755357,56192.75534312543,-5639.768948148601,25537.26634502116
7727.227621252279,949500.1721378688,6469.690072876656,67605.77598239423
1508.3734967765238,222910.13061134345,-48101.93337955234,52605.877074742326
2663.386776076323,617880.6909109284,41021.37359661117,75598.7215201494
1042.0250217479288,881331.4513379862,-721.0751998672858,96238.6140638829
0.07977419760885063,162709.868614218,-31245.235818949324,72043.04193927142
9743.254331096376,298382.13250893314,-8617.718073028002,17418.154051144596
4486.588050541361,102182.16614653663,-43412.46801589196,91885.04295263487
1637.7395727643907,787222.0124171966,-29496.748405462447,74174.98144114781
5050.332625896706,285961.06909391034,31326.929199058068,10209.324498449458
8543.95792238716,373051.78162359586,-24037.333672655583,32452.499913752974
350.318875632224,868622.9229560966,-3221.938323706978,35724.135858599526
3920.392272025518,908432.4562566314,14123.64920295994,60279.0420584391
5615.373699004243,731715.1654347903,30203.925219889483,76811.43130487505
5204.561801449257,577570.7735961304,-17044.68823254083,90012.37430943096
806.2322880862649,616382.2663460624,-35222.09358014059,77407.23342080455
5932.934320177757,714023.8150270125,-29715.81186066161,58422.339533278166
2640.543355506432,833512.35349817,-10330.679896499285,44977.974204206424
1430.7859053300942,261276.01906893833,-30125.9531380339,59377.27254253872
5519.848455399434,323357.7693831525,24402.639308294645,17858.37266939516
4361.068927241297,450641.4587756231,-15525.310345374208,68899.7779881482
8897.60418225403,161582.58813433288,49131.026367610306,44216.53470037813
8921.352274263361,375944.9916052817,9980.370426590824,27357.539431739588
1127.305191742528,153690.27188401797,-2535.2020851363486,69911.86442136002
4977.893155074153,649434.7252634193,19838.463820853576,88554.7468153211
2329.7728794056984,924784.6639096047,43495.44655349446,57511.42589723265
5925.907940697316,228379.54634924428,-6151.0049547346425,70489.79697347338
1318.6714610755578,636617.1253223659,39655.84231265397,83730.37944809621
6565.100157957605,166804.54229007362,-39504.32707630365,67544.86856157705
4123.314279252737,208873.4726859717,-12942.758148627152,87562.10531345743
9779.50989282509,851817.4281585079,46949.03121944949,8873.011889128602
4147.8221538267,786653.3115735167,44943.736726740986,66363.66651729902
3310.7468131920114,108979.26885558786,-44117.674621056234,72748.37216799082
6505.697718942577,961095.2555140234,10904.736651372368,42162.20057286606
413.6712930531228,786172.3526997982,13240.78453249488,91645.1739986492
1568.8764468158233,515100.9831140726,28486.16152399557,45447.89560365385
683.581302779146,410418.66023808013,-43895.11845357238,7811.087839494335
5270.317629746199,71111.19201296114,3840.9225122240896,88719.16212612683
9843.973198238673,437101.8500328361,-45211.814054380775,64100.608517375826
6199.1984798238755,962886.8916621588,38059.34138443116,27045.621052923983
9783.934744010385,336045.8474642104,-11689.498011214782,39834.06875962233
2027.7732019688588,98248.80882627513,6820.120407279675,27914.54523911282
2634.235150679666,803903.4475067498,17386.83957927162,66447.90961013432
308.95952924427706,304728.12144767016,44002.50530030938,97626.37289507277
5171.173963234334,457307.5721240208,24072.90613756198,82701.84188561491
1183.714799602138,55081.85699272937,10900.242388261075,36504.91007200269
2337.251121862014,986238.9364140291,12207.700645875688,14208.503398210438
2037.2648825659767,214625.78393878255,-42322.0283025181,20187.872581129985
1167.7195106231952,712062.5085941043,-12206.137026662764,87051.27366777396
6643.248854572854,37338.0960118423,8710.686194355818,29263.349534886864
8912.086264110225,839686.6712910424,-36543.617211107216,10255.82477299133
3834.8402727875455,942686.9733890543,28446.853463561754,74517.8709086282
1639.6215398630952,918297.5641455677,-43879.692985649424,86881.07378987347
3241.908616663619,590135.1671430883,49435.86355171606,90061.6426847049
2117.93752487935,450122.11361061316,-27951.926778478653,38495.13409330585
8133.283758721001,193274.7276502064,-30839.60594120455,91596.62378182834
8253.703462040578,311672.6607450472,-1622.9270918935872,52801.9123437074
7903.1848731463815,240544.84070001103,47314.33757644553,22093.037388804536
5884.555068950238,836926.4665337116,45298.09664322577,89183.95066966396
5240.877314238278,214486.2936149076,-39833.08242669996,32139.969298889548
2211.264060499496,516893.1880746215,8015.2672524078735,1927.1705543431938
5522.620139901833,506485.1189278481,-6346.404641893743,67235.64809901903
8659.227712277738,495023.33500613744,42628.086955901395,65893.11123103385
8464.964012419045,68959.26649699584,-18165.576721953923,59283.056084873344
4458.343952626998,682910.9528479148,-24923.754391676102,14404.310899977312
4578.4665475420825,251940.58144782725,22360.444547874373,44556.48587259835
4730.3305048467055,25743.66675510772,-12712.219064221055,24108.4511389826
1460.8840245714916,36006.062947980725,25588.783691392717,55404.67295169219
9372.554684935036,951953.0622015818,49671.24164374695,6586.871841799613
7468.903473728906,458510.8491414575,-21012.96232336478,57956.11393447158
1527.4337919835689,646518.7624402537,-5907.534101435216,91473.118034935
2807.4769592125226,995076.4578517753,33467.59011960079,33092.22235331162
6926.469045827122,52378.99671708472,46476.598488651536,10847.095359504943
575.8208076462201,303287.2467920769,43292.50855679842,22953.922075318013
7897.976212815028,989401.274641762,-36823.996873279204,19670.508234796147
2809.143611967373,260548.19209922635,16189.592772201562,90247.3130492902
8327.575203753524,245365.71973981732,40244.63284943394,12029.168666000634
9055.16225869134,713057.3651193259,-44679.74868478646,62614.03702178245
8360.499922240375,518414.62647823483,-10240.464907697366,17947.82363576308
7524.47226728928,37845.7754691156,-260.2012178439036,59331.9667612508
134.79295712134797,515421.1223599022,2330.120706462192,90543.10319810966
1353.8320621463074,204838.09903050007,-5009.189980310417,22611.83823145393
8334.446471795502,255730.21461776475,39935.76248147308,18280.251370500213
5021.425752203099,570887.345885821,-49529.8307287813,755.4634091991086
1851.551574418896,54725.285643263924,28232.421731171824,22099.220335889015
8453.164709300223,162736.39542403287,-34789.595023849426,55441.12605126601
5346.518490309192,326673.03191872704,42468.879682599625,22175.784835129587
8859.09289285734,30859.75298972491,28715.96835962661,90401.8122617025
1995.4318322574804,771300.2099526187,6153.21187532675,84083.28631887282
2838.9565844355325,441138.50641613465,28495.07110951112,23761.88785008009
1213.6008313582213,693555.1766857535,46610.13372020755,79120.6466029591
3796.0013191466114,656321.6688780065,20927.699300064618,51297.836333942105
7644.3690475810645,491007.3323124629,-23430.154260870862,18572.250910698294
2198.059732195646,484227.0689446664,47110.43599542027,72888.71055422552
202.24573237539568,668337.6647303194,-4071.01050154688,46665.35569225792
8724.99184092187,74634.86474562986,318.7089472333828,79421.89015020574
2459.419562735294,863373.4524514262,32824.35244346857,1990.6218496113847
2841.5393199558625,571826.6167804777,-23272.891514390714,22419.801588035705
8164.720420788622,634120.3178873063,-31840.060647922208,82151.41013081487
1834.6583445961828,634723.6169186807,-33971.623628539535,13653.198204834804
8184.088820750812,81244.62212628026,12728.043399626746,71407.46241886495
7854.392187494334,741576.816694016,-36408.29599612455,27006.647276644402
7651.616645650373,585459.6486702793,31064.92635746322,16078.593012918274
2997.3462811060735,981162.2203753482,10800.960867218222,99861.82678761188
4620.223042497567,304268.1802668271,31181.7565633536,57474.01139195135
4971.8289426547235,817434.2684576398,-4786.512113749719,56264.28859447452
4001.023550367845,877515.1134455004,-35688.60294999389,57112.91173451242
8383.717568338056,739590.7046749452,-32819.9435425737,99139.26756690562
3080.4623450417935,876202.9412432382,3811.7125863990077,74001.93652854061
9182.118187390193,74502.04360634234,-45433.35056866051,43822.222455058254
7404.261725865443,774023.2595226909,-2634.0231577094673,78735.15774054304
2303.87453194558,183458.4821369162,-17781.33444047432,90169.66049772094
8317.257759897224,366057.5289542715,11621.019373344985,14182.194053975527
5055.993544741019,950187.6712090754,27808.18803438278,55515.93822794323
5948.181200894417,184100.12393942557,13403.771868347867,37530.084549318235
1275.0487705150426,272096.3590624039,-29295.079129411195,15741.625507274093
3928.4483513744462,83056.79102225104,-43343.23083561623,3444.5425510980176
3802.622220147095,631688.9792235866,15511.446422762565,26719.06191553638
4634.021357832885,177871.7452093454,-30766.697530589103,73116.22715068424
5315.850847261569,610116.4792058017,-3096.5914671923238,23400.7409560537
6239.403873952237,735436.344205786,-41307.21001613915,58957.649424587435
52.13681072889109,409808.2514336161,-2584.7514753477662,18816.140027382356
5372.832699470432,810932.7369232083,-18762.957755870135,39716.32776028746
1467.0846080506205,718140.5718763137,34812.12908720528,50242.62193570996
1661.727380735415,563065.2729349404,42928.00153569307,5769.8473072817615
3364.7304370426555,949094.4298103993,688.6650676035424,44816.03707484405
2957.4624784340563,667633.0765357252,27327.608111792317,19368.399967419326
4539.1214318797,204856.11768636233,-43064.91794053324,1846.6438523137674
2528.5217318069617,333896.90065159375,-31299.58943660981,99590.50092040416
9466.312589606656,624313.4280125984,21711.425533524918,14105.972763217656
2011.1011345174124,573192.9852115085,14919.549979540403,66777.41414010842
85.83866065106972,290400.8189300037,1570.4734328327104,75350.27925748892
6406.217990817599,994247.7726848016,49216.72555811293,6212.010464727202
6210.728446913283,353246.57792936685,-48630.077919187876,46346.16833390155
9912.39348872106,204645.81841287576,-35083.211557640505,35807.60334240211
4605.119898555491,311075.089830156,-31385.45622711997,76664.06804398542
3882.967125423178,342904.66812193324,12297.587089476481,87572.42844587502
9268.541292397982,715817.3041869475,-46131.13719689799,4505.128133651248
697.1094040915227,830609.3104032492,-38284.34195247092,37615.39646935996
7965.918745688936,475382.7345907327,-6118.9643693579055,81827.20535947419
9833.592403866658,979059.8232148113,-47861.55718363558,44458.70707009834
2542.3757206850405,669545.7418576091,49058.53781680431,97035.53778446894
4936.380395364223,949884.7710798564,19223.58965114817,80422.98977562995
3061.8830601758164,581399.689127002,-48063.731813428465,92503.75245396998
3161.1070325588344,614074.1691784883,22086.030669907763,65850.57099511648
8308.825283894694,311331.6113383922,48277.722764327584,99190.80056081111
591.4957054052405,998884.3884686838,12893.405789703349,40932.51432929802
7691.543995629681,85470.95060085034,37449.848192610036,35619.4890873337
14.791595733979479,517068.8107313021,18430.49628566137,34905.01916131626
2086.921374261931,335565.16786043707,-6287.806344032979,43482.18738719871
9845.262542317621,957886.8340240425,27773.2581239438,17380.859740713917
3665.06616316688,992235.5852374122,-24938.995453621927,57139.3694988933
5484.835544011345,244344.63585267213,5213.129038758321,41581.43558674042
7233.164758677293,638566.3351524284,-48731.131303326336,29276.605671635793
6909.928614567096,166120.8129558667,-27427.8310428977,14235.098286938697
8137.560333583522,335979.88013718853,7760.5442623104755,59985.61546679582
8773.541167240599,702629.8742194144,30049.72785791343,51907.35010405856
4263.1202866902995,519351.82611579576,6965.5897636916925,1535.024972798038
1811.6670386330347,815676.8005365242,9741.210355074647,8528.553390239524
2168.9590522247427,183318.6025758075,13788.435055144153,36096.439751567974
6843.089232067316,356155.9474943163,-19030.408397130926,83884.79763051489
9899.573058341977,966730.5790822736,16836.505537103047,48691.481269894764
5151.623395667199,914246.9716887024,-48429.69030731309,47837.480413135105
1510.455092040487,367204.43250555,2047.0167709322195,42625.37235673738
1539.867699828864,747561.4873402982,34270.13326022576,40037.324399626305
847.2482124948666,702727.1518769388,-39646.89975829531,69672.74253664896
8843.52590573578,726693.1267120133,-27699.326569588313,29898.369455746677
4617.501627240705,902265.4879413799,36029.82899959751,72281.23952540393
5195.363003240015,262624.2802083863,43387.11423236664,46597.609117134365
7294.092324003737,192333.3438447804,47360.835962722165,60058.590170853946
7827.857453046011,645442.8102906755,-13747.16268282802,13865.893252254158
2889.3743510673953,851470.9067236349,36266.074985593106,67808.74704398795
9703.613360327661,148821.4674701002,18780.517345927874,49335.70574673375
1139.1175273140996,389587.87790471513,28531.424181578375,67382.71255421595
7762.591026779296,779713.6310838443,41970.35121487152,13211.45620803229
8135.298890444748,994124.7110060159,11280.698739869891,30609.699890651365
4075.2250941900893,737717.9351801351,48836.02654231801,16027.913140983552
3946.8090370407795,629984.266757718,-40669.27719357234,65574.23681951528
3690.485969827626,793565.5555499517,-17620.933492845146,20262.38555565968
2267.1368864906694,985187.6551045463,-32929.90304016495,73504.84109205657
5467.951586051821,121182.60870814764,11782.151248247552,95566.28716362064
9628.09330881172,79206.76832867636,-32497.74651795151,98539.88913933065
4682.949431275848,482781.4023536925,20962.076011287107,12381.731102188309
4218.637669929626,315927.2538498656,45093.454581430575,67636.31798410174
8693.833595015276,671433.1414447672,28622.954448075383,83708.7409140368
6847.870342149897,288194.4523466684,-25933.652625266503,42886.76341975968
9460.457136671117,600575.5592603666,-16049.736075155699,89788.71752609898
9091.250837541058,625895.9403318717,38779.694277576855,33510.775131574555
9202.903552212494,374908.50837671163,7086.426926281529,45469.81128501594
6159.107964724987,524533.4291746558,17834.91719700274,39785.73043663155
7989.539511049799,502130.55013755715,-31471.525997147408,95019.78440389135
4526.501443276879,56237.36033828337,38550.06747012974,26183.06571108542
4543.451519676925,829969.8184984723,26588.474152453375,44152.01809298327
6863.498470503789,90177.21898387675,33441.85621719819,45975.461337180255
4056.3284608560703,937962.0726975085,-32942.68093782365,64030.28027647624
9304.928623611926,714320.7231698615,-44643.6407117972,64580.59402326755
9298.85333547592,58429.30955272572,14212.52102419205,27017.868679888958
8598.677686305236,275495.09333685803,32889.04711762404,53907.088603977885
3816.6666773973448,726111.886346841,7310.607226239306,58936.77573764083
9171.585645470615,339703.3475621035,-27265.281351274385,54968.286899069484
8500.962509725858,20907.327957105663,-38295.23051433254,17602.47594922947
2652.007286323853,559648.8637810268,40608.02018931006,31029.475423863885
5322.781622504907,533168.9955393107,-41271.611364631186,32399.988839064907
4888.103239374941,21421.36620556147,-22624.87536489087,58554.173883572534
4520.06311477509,906017.5640753934,33485.04271165497,64666.8069725421
8000.918193953259,327297.37999445613,32037.222865437012,28215.125499366688
4026.5183104410917,534118.8292672837,-45314.36173101745,73648.35335926793
7511.314504180286,36608.377119287645,18206.45862663744,53235.61270517803
2431.386426269514,323380.33108761866,15673.288127685286,97791.55695096629
7079.817827624598,711629.5187516265,25714.90282859809,7326.711695934118
9259.138560151,281020.65764370456,-19223.44672706593,86142.19640887472
5898.443544067402,960442.4726699741,43997.221666663405,39486.12650255172
8858.189303444007,830463.9677763381,-43868.313632814614,39611.63735600062
6273.5597750495135,193725.07228211174,-21112.35582002614,37924.21830956601
6687.679937830432,290513.1068447465,-20885.51509141542,46878.55442946394
1438.8556771222138,737421.2008410806,-30528.137948120915,40382.86398519627
9291.395277215237,803254.4747526185,45522.396712991016,24691.31475730073
6137.473735199344,128243.86459279967,36634.49781083356,13112.739423158604
1747.8777425712988,940147.6774927457,18647.485007033552,97336.60001885101
5012.370035067285,943964.6997037268,19942.73474934473,45774.70562445155
8885.798271569987,500753.09936053894,-10619.09450438209,75039.93700758286
6343.962657060479,105442.95702383081,-15493.23218381773,34530.862571044905
9053.650705636754,143550.5804468876,-18510.51742527279,16063.71013018616
1174.1358207436692,192347.01239091615,4457.684445637875,50590.95850545227
1732.828436708398,293302.2270370917,21205.037797994737,82268.3279959616
355.65671885882887,299521.9211335518,-45316.60490903331,16479.70700213064
2783.148093686083,94412.60524045526,15267.089805387157,22902.143607370883
4566.070062674754,645955.4730515595,-32536.74404658733,37290.71658102304
3609.8813605408163,364739.27976315166,6559.549765213,46385.76230781262
4825.133908014027,513296.4928799494,35641.98355738151,59192.57854366476
3041.359184524799,49307.02846620591,1482.0248322716652,64856.35562394102
3554.8572392411484,695878.2002921411,-31016.479200501533,52452.814056879106
3206.2083488582493,418378.70192277466,-11803.615779261367,21237.60696295369
8721.202060922711,329199.87064009573,35345.44145612803,41245.23883047021
3199.285934943843,139335.846871069,-10110.828662662367,33600.92741873286
6096.513976216248,748819.7784232859,43314.54458145391,27506.420336906558
6825.370977926102,856822.2891257382,22190.527749266286,16583.549020815102
7181.742139053507,856612.7157951103,47944.25632807668,81106.81944701566
3209.678468118835,40603.88976445679,48890.23999957432,64629.131444899635
2827.512484668989,76345.06079711043,-13765.541415268664,93602.26088230291
1564.2564177283068,45597.34158192837,-44908.49871628715,6816.488773812069
5093.115349056882,725520.7679468582,-26005.61494011845,17831.342984366795
3899.330921877785,833521.3291515844,-18056.91531836916,68042.10883547884
2382.4704133317955,895451.0003149543,20729.181108993245,40624.44237789411
1968.6565805998957,890623.1896452437,-7909.5284696368035,96322.02029782288
5396.132691279591,536500.9436530934,44190.785070579586,60889.880069281884
7237.942649726269,740934.0545772656,-40013.37507403598,40978.69122300675
3938.400037382158,570466.6896447239,-8766.264395541344,70342.93808498264
5165.408636556404,759505.7483532777,6202.994408039151,91478.55970947548
7118.586564154661,577035.3710633757,-3383.4573192515672,59143.320758767506
7583.540080764286,915082.3872821647,19881.396367189736,11685.818484406274
1985.5220735500668,846281.6038462741,36389.222987749774,93706.66856067549
9471.09935401173,516660.1082643452,38467.37932542064,29298.093563094484
8134.3444989727295,134153.60140753398,-42492.33651572558,38955.792337591345
8904.461548174793,203387.70287893974,-21134.274664651875,65229.614250967206
8324.640768790021,302901.7168342264,-9684.603271766922,22277.215741652835
1477.3305091695943,822261.4765593214,39158.67504157711,12707.546642250312
7649.006589656674,853402.9316225593,-24466.549038017325,61448.67210974572
2977.904713754872,943067.4371502554,15027.535845720617,847.0588337159302
6291.081529116334,901334.0392958967,-37601.13172799724,3803.16815720364
6612.54841882667,885023.964600033,18.280834999648505,2470.7862822460515
3412.1246058827346,914146.9330383212,-40407.464823051734,48895.24808298412
3565.036812006961,794577.9857635477,-36208.2296512521,70938.30352260014
2205.1923552004273,690799.0450497955,45596.948018913274,51935.081625308536
8180.433945802896,158807.7987681502,27499.203097701276,15751.232676161486
8655.983013065597,111191.94517033162,-29875.480486008088,30255.99848916658
1562.6661491682148,503885.8556794189,-19576.546702687203,51699.607633037114
9049.406328015273,607271.3874309979,3257.097265744669,20081.082998918355
9874.856478771815,533054.333951218,7026.894024450296,81315.12210311196
3760.944357898992,652741.8631901621,13937.247698534375,55854.4893953555
6131.477911916045,643566.900317576,18546.34612238199,95396.89457453514
7371.866262114122,373348.6793547404,-15547.987277815293,69403.06555342233
6771.391066927119,687049.5049123258,8275.759568929927,1375.3612389034497
7647.355070644115,244680.9343123223,-7450.303689783999,31193.913502462157
6800.830485953734,562733.6749881587,-25322.723681548676,14279.9351370269
8416.614730293113,649448.3005504041,17830.339874337325,80953.5467958213
9795.39550573571,738015.1387194679,-18538.729643343377,70076.04034936674
3894.015334950357,491184.7602399629,-45949.49603284776,19914.22915325035
1550.116680318675,35790.99290571498,48776.03856584044,46137.16172020503
4480.342381586252,166332.5313302091,33982.9950791899,61953.12983601956
8666.652216654695,33028.63204285386,-5352.305818891276,98617.54054632018
6583.209970470293,721659.2793207644,-1527.8874060907765,65889.9479784711
5866.684567501012,180019.45543718466,-29189.03301744138,51491.10232998889
1495.7020776791342,88961.61130632847,-33674.86859223191,96208.58843680276
8320.571866074219,334770.50411504565,-37928.53278059917,97022.29396574701
872.3038300418228,274008.1446024439,-13319.465070697523,84468.5406337481
7780.32382533135,211987.2267419466,43340.09729441347,92434.42912671626
8841.18460091046,421675.12464271433,-19506.2778400539,88671.589898605
3805.9592450268556,191100.31455904635,13480.179380587862,62541.14992953025
3291.897613618121,904227.906360793,2780.7505091930943,72849.45690192345
3874.311843690489,332789.9578835294,-49892.02221705094,43106.66399336935
1377.5557103439628,704701.2518427906,-17739.23422379714,54138.031192149225
8659.342527250563,578460.5152917668,-45512.80758694977,24700.368697428177
6770.547600718286,992331.5759241942,20037.733849571465,89603.78176754744
1273.0244389185475,452118.6924769,-19341.91047686362,81811.46736308701
8710.857302625536,591994.4356906867,-46037.882638269686,88.0069654123239
1755.862850867219,749108.5358672016,-32058.127855491093,96989.2480246973
5386.047140730311,654600.1692083243,20313.090243012703,53334.517777757785
606.1079721738416,141156.0386325217,20960.904968080402,14774.58704694361
6681.970218933978,800400.9429346127,-30558.049451815772,53666.404209508655
7636.729960623774,452176.9489263645,6315.460931702088,85188.3713494917
3843.2710186534714,612162.3832939925,17017.33120600038,10477.48698402542
4949.2136913053655,304300.4100548179,-39942.44119628817,81542.40969252378
6082.740113635658,20152.664886120976,37512.8414974389,82804.10793727261
5313.236981656051,198561.86908693105,25102.56424269169,2338.4783550969514
6678.582323751091,205902.53017478532,31577.76946055086,22242.85320982531
9741.296009872427,199718.358199748,-37280.84880996914,92021.14542067349
3598.664372986361,36689.03280857876,23931.469831939234,61479.85438238509
547.3391676526173,59639.183686296186,7238.261057554308,40349.95716194033
2190.801001549827,927696.4137070522,-26577.959844339195,20697.283270683496
8678.471668573387,98725.10501503247,-41878.32331661934,45156.6463854855
9978.143883676395,933807.011587008,1889.958098334013,29122.683290270325
6608.79535681999,429809.3090270987,28530.846283095263,48252.975285713015
6098.736547877071,277975.4491265616,-26522.756886828545,83986.72106956833
584.4425357983107,273993.1667394895,-5463.427865772042,79254.83020025503
428.2955533996391,588139.2665996902,-18977.171842293385,94155.03921965255
8508.871465096943,342869.8076824358,14110.196985947208,67088.21881422345
9925.281939210032,939618.8864020146,21184.71727392057,80699.79021384535
2257.4800356487976,726589.017650502,10036.899206669921,3942.7477174826086
2237.3268500452505,904960.4380774128,-35070.414321726,31676.48832716037
5710.606538158556,692216.0932094067,35891.75722864675,71438.26886024655
9108.06961890036,478174.1009175728,-44969.56681192111,33371.82440873734
2293.973066070116,181838.10772708192,-30780.85710678402,63770.26014519528
4623.475414250036,705321.5302519291,-12787.076955200646,25288.04690968811
8315.641287704186,104870.53623844923,1056.155664792248,67599.59964414922
5836.691997965921,278405.1048173484,-43408.98378434192,51129.52637234812
888.5372464272756,724017.6574045792,15940.63571059912,83452.35455685078
5810.508753422537,254512.4518014746,-23967.443669062628,3057.1626827076702
1727.6099315932404,619339.3659082479,-18455.55677270412,98395.19597111829
1616.4822236187792,887169.1402820465,-1904.6092485644695,81476.23068533372
610.6876551934138,919877.981482645,-7927.390188208803,44752.077678256755
2329.78692296522,281852.6856886335,-2825.314841358362,17623.292915176247
4792.0921340790965,137297.92886702105,34568.96059548462,4627.802768977507
4558.858717302251,912621.3182299132,-6497.953780646101,31217.821984227223
3158.0736421401843,460991.5755217021,-27731.11926048777,45004.09316691151
5548.888418212219,881809.9788670203,25637.07171934347,20444.12933993013
6413.130932099819,559104.021078999,-35860.18318540134,93173.79849095529
6398.231917615127,949747.5141874914,3091.9464430792286,6529.255599294926
7086.276534594001,154930.55615501147,-35249.85878544992,87278.8661090568
426.7980104839009,786447.336617968,-4270.2513573428005,80182.43035148713
5646.310612655421,733139.2267219718,-26392.978464003292,61717.690148228896
4235.473898675307,282225.36799723655,41577.030983711506,22161.717144768954
1515.1683751130063,695272.1705551463,28103.892526038748,52187.47696961659
1495.6573468221502,439197.9929466161,-20308.645032446137,95233.49848921894
268.3975960096896,188978.53433395893,-40781.795432099054,30127.23667776751
2007.949448312535,570613.2632353159,39724.37475481497,29790.392004191814
811.8356393924676,700432.3239438873,-45900.00361264012,1327.0493488025004
1069.0782389005437,539968.5687829022,44821.0950005966,50393.256267235585
8823.543952187558,424388.0476697772,-5308.0020124545845,28469.195430067917
6686.110617746985,356867.6441164756,9495.953015645864,15502.873768137215
5250.063389544439,391327.4537161469,-33478.1564676228,62366.817622418435
4677.01737451072,471570.3814796104,39126.31633594789,67666.97623033631
1146.0545193434934,316150.68174396973,-43192.98698555531,91665.6940119569
4196.65347615502,475188.2682996798,-37295.95920015789,16428.197468204144
2646.3826194665153,617864.2901790738,-13986.831890731824,45774.80093825114
8727.214910316554,37478.78148080257,-44514.28029686475,1218.6153171370618
2359.7141222280384,844720.2164401169,42006.458583440355,10791.226739402371
72.23714462791241,279191.7241651249,33182.22666300714,6506.480470948694
5972.680568782251,664257.8908894954,10940.465403643495,43185.12454674043
5393.194785207734,100920.74250927418,24328.196917285342,26460.776627174444
5353.680031653089,22703.291497096016,24018.381500957927,91010.27942562329
9827.76637612222,855413.0300234067,-47527.93466389599,1399.2135000632234
1945.372291719718,223177.73684419726,-35728.95060120066,57405.94748773552
9728.827573816636,655290.4497181176,-15172.71871439286,73285.30976785682
6734.934375043711,77169.58382406604,2491.5259492997575,66155.572818744
4063.2341796289606,33135.23493958009,29025.340227395194,32540.154848144786
5591.136237643015,148722.02925285057,-43533.27739404572,14068.021220253624
4009.456401739133,735893.1267581702,-15388.763452843836,53434.51774376625
1257.3011919422606,915790.1160331944,-7353.167544458236,19946.938845095785
3293.1302255086316,260547.43736154295,-19078.027719226597,40326.86577601429
5789.211682568357,518220.00435436174,14393.08573161879,4913.878450182585
4299.584357837385,663016.904618986,-42011.23875091972,32013.000935691583
9727.02448368031,946803.7326979712,5944.539817188917,63850.81252183036
7502.408997021781,437230.5863162444,-27896.476218523116,36452.85804232157
6790.257639135716,412862.4634190085,26244.456634717222,12727.640980056798
4247.125415281415,246332.84176686188,32690.322715449583,93140.12997375402
5384.909417886773,842811.5471947484,-28233.064566868736,21580.356675180712
5429.022083897707,612971.6419976657,2122.35596877621,85380.37218988838
711.7762997740562,887160.3353971371,-47515.57385938977,67905.45179631274
1104.217445719121,300623.11748463026,15125.11688338076,49743.125897941485
3765.026464314775,938399.7899200736,-49883.28544817687,70236.21424896292
8573.012308261277,442905.76717597,-593.6079731414502,54953.78733384693
6010.097511287289,837231.4839599205,-47197.958973737055,86666.53809954671
8974.596954045714,122837.23047712809,4153.650281165108,47490.776663316115
1029.9764503305541,591590.4372504547,-14669.034426978935,88087.86808675116
4932.170204458518,708986.7173639075,-31960.47803824569,86153.64680535496
6928.925845482863,957915.5471866777,-20916.40743012474,40904.89708213606
4287.538290487397,240476.47290039517,-16624.05510654147,12867.784774488444
5782.720037837233,979120.2710841951,-49189.20742104865,58995.65214615156
7464.25337432163,557785.1741855617,38057.61583669369,31991.30188606144
8924.451085406863,598716.9340254277,-15599.948356832712,9681.596257585257
8498.353242179957,141306.4242596887,41935.37559928818,95389.73338337126
9354.969013930271,55547.8359507648,34766.54752775874,83473.35826582053
2275.7684943559775,744615.4965494203,-30739.83600765581,15544.208651051806
5067.019668494018,748575.9410188312,-1989.8816911763643,62357.72186920963
3015.4543570035353,294397.5600967096,-26161.872483111183,53958.66861503901
9572.138873743961,746188.7244802751,16978.70116650108,46391.501815162286
1537.3153042968402,633990.2835955459,-41462.43563150267,57131.81161010521
8419.370439393888,899467.9819939529,16378.906039664042,23367.92694938261
1353.9801370284333,132494.14340212726,5788.276980659124,37359.32121849237
2994.8658992386045,523878.78964676475,-13425.674903458814,91321.17246595808
6125.493396599757,226403.3554470715,714.0010478493787,20632.086417895778
5391.431657735179,78830.9526205502,-39787.774458188476,68634.62447788847
3515.983517182265,325710.96796083334,3538.4968952960407,8895.948915876994
637.085232155512,99565.64156217701,-49180.78893163157,51518.55278737143
2991.371434335456,841440.5749420708,-47094.02860865266,28938.687263899476
5071.681123473346,580820.7955520098,47506.53002167697,3622.7876414191783
7597.181766493304,36558.50124759805,6756.400623210204,65169.79721498163
2160.672250819794,356728.1440598376,-15074.392610717783,87550.02345300108
2255.518871995158,47219.01415406383,-47603.56133170014,98558.72799927076
9535.067408164718,186395.0251971559,32614.4585668253,73035.39221194437
3620.269972578395,426295.99608055904,42406.48640726162,98997.19433123535
3546.646133203861,759624.1666223468,-27124.41190984337,81557.91838991657
9029.60010470047,926154.1663368302,38024.58857456966,43351.17837423779
127.49658800968567,802224.5260903949,-38673.9873415483,52149.47496692238
4594.796544753524,202612.7681749047,-33352.26775229456,56468.26457298445
3242.936127792271,705366.3214958358,-10739.966755397392,38166.89485194778
4964.531716370099,887055.2690076486,25091.235087388835,97405.90295316413
4726.8782946830825,688433.3839084223,-8034.639399938191,69792.81336675861
9803.600661261213,358637.57388263225,-14753.208685542355,38146.26838568753
1788.709414660844,389825.92694235995,-27866.7475219759,42030.92959309919
4525.201113209861,693548.7162642574,-16220.162341163581,7063.30321919999
980.7356288058944,165166.9024664387,32503.260176600772,12961.2421357305
5315.8133742482905,953276.1538325005,2506.8393036873385,94407.57725066782
9915.263462496458,697365.0579006232,36883.21962907177,22020.94784661155
991.7482561595236,878829.7720810378,-28906.853115687103,42074.606826948424
520.3779674828435,707987.7263766164,43685.11519025077,63076.582159463345
6726.420062814066,222876.89135919468,48712.02083961268,64922.24693057732
123.47833670338315,644396.7351660109,-18882.56430017059,72053.05605240648
7187.4105668022885,736742.1245855695,-33694.52656939392,75902.76302495315
9151.635846341962,862100.1058766628,-41825.34977332253,13885.198835292013
9122.386245785641,434224.5638169971,36087.535899694296,12275.250901392175
6737.834099496756,706773.23118523,30564.42382002363,78557.42974192022
5932.928846068525,379185.87274265266,-40069.41307092989,85163.97479538867
8022.157990581977,245402.17970180564,-34286.789642751944,20997.19509091521
9275.34563663329,388862.2670952206,-6724.646402761027,99728.31064100385
9436.988310094182,761002.4851639814,-24009.16389131097,4587.799210855958
5227.517260471828,469853.36862183985,46205.233658047306,18209.852064733077
765.2710165681431,370366.53155511734,14294.693972859532,33066.21746465851
5060.850515031706,548741.4038118726,28325.53618507809,63122.365242715685
5260.917424801603,969292.6347892401,-48865.80297979521,80571.57842839614
3156.3941921277174,124293.37524732936,-30911.714319480576,82850.1837502498
1620.4027725519886,814748.852240088,-22643.9073276549,54609.8804627525
7104.184340561317,693199.8739153579,-29796.797662414563,26920.663217309517
4094.6212774295277,218424.80329594715,1651.271998831995,51700.60812561088
7524.877603339482,326303.2406658884,-28224.497189462894,3216.351739077672
9530.06581674212,51124.56872564151,36983.6881243488,90470.84272123885
7652.738173171574,397268.35817068734,38811.10959446653,14392.47424850798
2628.387883324823,442453.74029182503,-4917.9556945838995,31962.528709281225
5219.0405199086235,610649.2707720321,-270.0605540759934,95765.35476243317
3213.4061736266717,445253.82712674484,33134.82618145575,21918.477603033494
1674.9478456681943,861304.6288160707,-6472.140308390073,1937.4320777035825
1794.622813849014,659236.9515768143,21829.342484564113,14812.779275847342
6292.931625058878,282115.14755750867,7227.958269294511,14424.453340795495
2216.3117806119603,273274.3842049083,28875.371809648495,64391.195599617866
5185.794346915946,741956.1867542218,10261.736464755159,67550.50181243189
2681.2402355766394,810791.5366892518,37154.07153363843,90487.21751007508
7782.355823073236,740878.5899274551,17420.875404300998,14876.463367222637
8938.08621291281,687722.8089748665,41632.741270019236,56879.36265800333
5798.867788285989,194450.8528983594,37020.15918964197,83427.57091353089
5921.6162847659325,217479.53004980955,-5813.918698819376,19955.3671739633
2245.2188704632536,584215.9285126165,-14087.765208063305,87985.64840990874
6634.682694805521,682383.680449977,-9535.413196398425,32948.87925302028
504.99160058653183,876215.4962121247,-22005.231505023647,2711.664606044328
9561.10574567729,936021.1542761063,17950.654978428953,15514.29244083432
6028.434361037148,634535.0982858917,17850.700611022825,12364.251712175734
8398.501451981532,145966.97866869578,9343.097311477388,23405.346444183815
5677.411655342555,441823.0663795075,-43837.86483754174,90379.78049846305
400.1195740479624,831336.2558260444,-29589.383061127584,78023.09236908436
2261.3931393724583,763736.5451749429,-11461.421081248656,76079.64479309939
2114.750479507608,714613.54487546,-23545.07528408686,40598.88820753575
4303.5463616169,639267.5003122056,4400.0836182329,48270.36252687144
3813.7676615654636,372213.88646202633,-43475.91548724343,40778.020731000965
3575.9940251062085,763902.2146069576,17555.96180576051,17502.11723568612
6394.366372631252,993228.7349826498,9516.739727816239,94369.58012357268
5443.299004971423,97566.88947757741,35119.66811372597,84251.39112719953
7048.0603593346505,120809.84799682871,21317.821228232235,70028.23790216958
9553.239051792196,854312.9359530282,46400.503751498036,35293.26966463906
2483.500659355189,355644.14218695404,-22893.604586172478,89633.51198840862
913.9343402249589,715694.8131267893,38412.736775812344,75529.09485098698
992.6767324596419,185972.73333566557,-12023.770482892069,72132.18214548244
3896.3900165757846,354793.64065133786,-30357.195897160094,17535.043441326292
7149.566195857099,53607.46905740398,-23990.25002794386,55609.46721183652
4201.515787223638,702839.6694870705,-41284.84569316684,76097.2946005298
5430.291424607787,170397.65334028724,-13054.028290664974,57354.56550515602
6330.687160250045,895386.8155954477,-30402.557385377528,39999.378880312666
1543.8478715855153,164600.52719036152,24583.070485360397,56686.23762874048
6598.906433373166,239992.24586985432,-14.375525124640262,18327.36483719074
2762.4669125839705,101608.3723704434,26056.19174907767,10303.995055815363
4229.63184033839,932354.2136923894,4509.618133197888,83558.4848511196
1040.6739732474134,708485.3717330364,22131.107804199914,34930.56254798752
5570.331533253129,652861.3451555783,9400.153372506225,58698.83038932466
5212.106457049531,876767.509328966,-48345.59754758159,17011.22025170313
8967.829695430846,680506.3907979969,257.4165000449284,20735.75329282583
1053.1518584719813,562978.505061409,24300.75240703387,34235.668941999145
342.50421894681637,526117.57817868,-10437.866672604105,17670.580233367516
502.4706551121816,791314.8115120445,-49242.0429046287,98648.00712107145
2000.3985476048701,311860.70426597574,-4430.290089390546,21397.28213366382
3825.465033424126,547953.2299298171,-15509.65202075457,56110.482067402234
9722.313452511125,28965.227092391193,-10771.953280230628,63692.7064437275
1012.7560301650374,401433.5815819489,44221.17164236943,1886.6311101180534
5668.936498076583,730627.1670804864,-9240.324937612553,27584.022261831542
1201.732900966439,388570.2470126057,11274.615771934506,97109.41487461804
7141.074891138772,222042.31844314007,22548.802372675374,91358.96756642035
1410.2355844689307,530345.2503606338,20918.059617266248,95900.00571280193
3734.0541648901026,554522.5737616721,49973.941268121474,47484.56717397072
8371.433253875397,827236.1536640943,-8154.791632969369,17902.814437485325
7925.343100390889,775648.7526216148,-33173.30517068309,43699.89057255206
9758.962730088326,768432.029730102,-37059.29728634982,26002.422299622584
6634.46949802307,572412.7593143223,6957.361828588117,18548.550283582867
3591.3869915711916,594390.2600862974,31466.8786926225,93988.01250379556
3794.2880212264563,509302.54080146976,-11212.021678194658,28616.474883803723
7105.03822565181,917187.7697662002,11813.234047672908,73930.92871251113
6472.663458274832,488282.7794741687,24333.40195945387,89740.67149606707
8884.306177948249,488119.40893692884,-41050.706654231326,98041.01667458515
9583.631891032443,262624.2880954854,49371.088958950146,79454.53646788008
538.4373622223326,966996.8521697592,25721.4541699588,74767.32054880098
6727.100210721759,201535.58907576697,-43599.82916065247,72935.3582657854
6713.902683591625,352601.0247263309,48134.44924459612,63908.81762526855
7196.150567462386,747549.6089617158,37030.46670431088,9719.673377469717
4731.401794119763,98741.24412175467,-22241.92984915917,40500.76674096224
1691.0078839320054,233618.46648035522,-34557.94468916014,13452.03356800847
7636.561361187009,225374.15205154894,5399.733097763805,82242.32503459949
1778.736051333757,771869.876445918,-20443.984857527787,11932.865398704362
6953.39340699252,99235.6906577768,45183.564444445394,40231.05527599606
637.7235457241682,810977.7900939173,41556.9977026399,29731.025803469212
3929.574997409494,263438.8258412973,-26823.41132643765,77769.92700605364
5126.022369252462,244100.94748338236,-15591.806181864333,50626.67428150438
562.6102976441283,940490.9944508299,39702.67192494236,87012.46725012833
1712.600234801518,94341.88221425957,-24000.60681390821,72150.09604860947
4195.941115796922,918183.2844066917,-515.1716235049607,18211.667766226525
1310.572953319359,609680.0614025278,-42431.29335981695,99482.09596081663
1974.0646420972419,772805.5071291327,28756.515013850454,81338.27255327949
551.4749306746658,864331.8983023952,38038.601450565984,50981.59084715766
3945.7224932529734,909139.5729154221,23482.55709384312,4834.071207394896
9539.632125621984,268490.90432869096,-49093.13988854038,72606.02379055138
6104.22476157514,821684.6495896949,-2169.68431293084,61265.84792836905
8625.701410680418,673401.0610425626,5333.10324512497,83490.21979797984
7153.968931488382,346567.13570307504,27031.71948808682,94645.56035535129
9238.436738703766,163716.67155202414,-11938.503238096688,99949.33545620539
5292.218182651043,978588.556228068,3776.786434591726,9182.431561557614
6313.744343312312,254101.67697006743,-2179.739191729459,10171.464644726248
3795.2022950570376,672864.5215482729,2279.2804209363458,4232.530131982659
2360.0929638997427,432021.4710332443,18838.59989750979,96865.61474204187
6697.59859729166,295507.92340152693,-30844.90040993907,65211.49408685901
5699.335735449908,293680.6439191399,-34878.282796498905,30130.59379024172
8354.46429444636,932809.3114351706,-14745.969686665361,45236.01902335467
7922.0133846613835,365059.56423897226,-47875.51899677588,77810.48952637616
3174.672922998889,913367.9233958748,-32414.486738736083,97259.72526006428
8096.19395700429,785002.8432605813,-22535.579595423915,5602.333644745639
4314.925747623194,662626.0570578042,5479.004265560761,41469.031062307615
3768.9177476317846,212313.05033688876,17314.631011087695,64181.59718083748
2623.393901973486,234260.3080225401,-49880.394567207666,77704.66982959044
1299.305715508776,503802.6724841122,-29882.737555267202,85611.13049761449
9622.059182680445,87882.45641493374,1599.5395243498351,77674.46267702247
562.3964028957629,415257.3877204806,4258.167633356847,36299.17364831705
816.8128003768816,247503.50470360724,-37373.860662332474,16722.968645828107
1562.771204172264,42263.88606151459,-8656.640293112672,98772.06624270188
8124.374111032119,80213.55474987684,-46973.054780002276,29923.663462821438
2997.035017794534,722855.2858779138,31717.919738786615,79527.27439524088
2705.095709464005,199531.00440910587,4192.5519022921,2259.2295959046214
5304.209219645558,68927.3284011276,3867.933376626883,65232.37803830603
1990.713257523301,402874.0803588701,-22402.183589053402,27655.624171680203
3243.1033210198,658378.4637967738,-5653.862403791412,74535.61159194799
7196.103225069729,537607.7128759562,-23457.926539633343,96635.52463857156
5535.72724138968,204926.90206744763,-10138.154062652575,77753.61840962974
104.11399428597146,655119.0247914915,45248.94996754249,97356.78074358134
1615.8048222491939,847557.807919207,38175.82675022866,81702.02018716128
412.5295566411913,977374.5498697608,-25533.544361028293,39801.512194159186
8021.4534179081065,966553.7201548431,9440.733357834186,1934.429716700725
7432.229241393614,485412.2118882303,-42292.099707074594,37881.45300616014
9471.090413049515,798061.4404423444,14627.703293870698,69655.54766114436
2425.6075478211205,44221.20156904501,-32725.651604991923,9225.188614887937
2161.630236325538,444148.2602761635,-37320.217108825134,45573.94416362317
374.313422250061,543463.0235912909,44199.15625460078,77412.90388653973
9328.033390356171,480301.0411377464,-36967.22424642766,37960.17416306707
2465.374914716397,498486.74131075747,21255.28075345425,86424.25606954985
1603.2715889467074,907320.7465148796,5144.131898089567,47175.822015147576
3084.769077870022,741091.333639612,23165.94007175033,62065.02286064591
7217.768361220397,319566.1817380954,-28329.442688176652,83939.14738636046
7607.50162734604,554488.7539335294,13159.277284937096,80138.11801843092
9577.38211920816,346499.4891827025,-33065.12050096107,33592.89598306223
9773.257045777738,231920.3935931905,-19992.360665846987,26124.632894943534
2258.9902290281816,89486.92844604842,-32677.10578865679,63639.95527886084
9936.682532087938,783380.2846727802,-15307.90085325484,56140.503023532474
3962.7384744939754,800807.7153972172,25250.73564202615,96812.45232978693
7981.368936925044,579898.0727729991,10832.855016380985,93934.43354658148
8460.018402091482,136824.4570103364,-16656.566562401822,96939.91051071114
7186.589776200506,729835.0287971002,-11973.892547889707,23692.716149033367
7076.234179448948,642268.0069896843,-19534.708060125915,39882.13304294946
7835.861836123041,846646.0067207939,-17771.923336858843,63416.5496745658
3747.4221267924145,527589.8190989199,-43757.311298535984,66792.36979681911
1856.3895792734143,432560.68166865065,-27673.251777300367,28637.50379589006
5189.785671097654,706335.3022485463,-14280.077527384485,41976.46876669988
2278.455598516421,767637.0119556903,-42958.0085487148,21236.72525003819
1221.2077648442864,564490.8234613577,788.7650717377037,62613.57242765343
3803.8204458809732,478640.2958946342,-38705.32393934677,3133.555067374272
2773.8024014958273,258757.85546841292,-19967.704071454275,92604.02833365921
3272.192816606223,747200.5698851442,36185.40254157172,39609.12724793089
7636.570175337837,145707.1268007846,13623.68190779497,17810.110674364332
1314.8346820833135,101701.9157278876,-28276.51698744532,22030.62550944508
6467.217506141153,928766.220018646,-25079.479309379494,44955.19607337365
8984.361383315241,142356.4455844607,-33553.21571267092,4741.782716798038
4112.204997823028,514993.32260999555,-44604.66343929681,91447.01195166164
5649.80165115343,673916.2331616805,23073.070623295745,15885.276520433055
3774.083284974439,478590.59810528613,44542.92361325813,38390.57615221605
6945.978831532201,205476.41954012247,-35676.539856084506,26922.63338060408
4065.1845931412213,973110.2251140038,-38594.91574412631,44056.46477594635
4066.2741841404227,381822.3460359828,-11941.365367545332,90617.2565070684
1486.726653093763,419306.053418063,-30646.55613690649,40070.02468979295
8187.840014756638,415774.1834679206,5868.402533918641,82246.23086926914
3372.3957793625736,860584.2826049463,30770.945333124284,57587.154991083225
6318.31717669344,175981.7714881452,34255.28093963943,3806.4932394727302
8835.469255047377,523006.0320581936,-16727.35743125726,55722.29698586989
7353.127458292224,449623.30528549216,32552.662863733072,35981.03607012645
7758.540480415751,441795.1128677725,44106.439099094045,49494.22939814988
9632.398148628909,904460.4153836675,6718.263153041429,47630.71603156583
364.90903895571745,321303.9653983343,-25625.63670269323,59555.32848426671
3786.5826673550027,439703.32895338367,23143.416045296442,97577.35612790442
2410.6986168576996,200391.12418886737,-40284.9534728156,30969.887534220274
7159.841479874597,940138.8116945192,1618.8558773025288,88443.70402159734
3536.764408049582,240162.96217625245,-10912.008051391917,93307.13978796796
8600.241744857798,992974.1187081768,-18402.3543999834,57315.912387710996
8819.453611312521,996033.3022648708,38300.28615880749,59314.60234524069
4905.84431113374,671850.3908732384,-19104.174257265462,12994.155337396729
6059.280875118722,901053.5971237874,-10083.642954646231,84437.36349027422
2715.732860179212,517478.08991079533,-9028.558222258762,54597.00724352351
3846.580583085234,672467.0972975709,46191.42332250906,34448.954106779
2135.0552268563215,629347.9743651669,-22077.436494173853,31285.191302444815
7943.200443388213,98439.97867032715,16669.24881254103,33459.398037400846
883.1351963881606,147970.77190570108,-16655.07315312668,27870.35322211935
6019.296114363344,346922.52079840517,-12915.188074091697,89566.10068944708
253.71579502331488,592098.2543070505,44189.81389110221,86074.46811561857
3284.2930432703756,683593.7233407795,1212.5652417441452,20413.18042688538
6676.402281650413,100379.44733606576,-24237.190209193526,96205.49501204763
4051.072493732666,290842.1527382442,12300.839763189833,25924.868522777033
5168.362505052291,171904.49936377752,-12995.957337587293,19014.932512454117
6772.451291590953,444736.2822437483,-14266.918585007916,80478.60381883578
3465.3469481022726,685089.8606133475,22190.55923480929,22502.87137629985
2589.0118921532144,591937.5628507141,-40443.48466389085,41783.46351249319
8121.095138794678,379357.40638599725,48201.426767547964,43436.19086054758
9927.347157679218,733509.1596510672,-5481.149716123982,98729.52567078109
6364.187247639183,629061.1050648094,31486.21173969422,8345.50577280856
187.78501624933108,227573.59847138615,-29746.314987359357,5473.817557399274
1.403900526643076,784113.9299525331,-26122.53616910981,73766.50584519676
2060.650461816208,27772.42525498673,9255.21031697021,74028.44313710468
156.65816749661832,56768.56463230492,1387.7923654709157,70491.30705632242
4510.131780222473,919480.9843085414,35282.85146600372,22616.55203942898
4134.561191892289,599004.4621776061,25132.21515020405,61595.421490341876
964.811515721079,360731.39597633894,-2163.5515556594255,2061.7500513832265
8197.682961641389,779975.1072646949,18516.36464131945,49006.0078288061
9753.924070892432,579796.9639874576,19342.644803073228,47476.57095284723
2546.574381014657,257967.90278402585,-20168.823017839666,88376.99937846977
8328.404850337525,646391.1441499415,46693.05943955392,27515.659683192174
7291.607897769444,466330.3182583936,-25605.281862477703,97036.72926249397
1305.7906803728192,358433.9906697865,13774.89795340036,88459.27100661496
705.7033655706557,57815.06483805438,-24618.24894067213,64773.71002790737
4878.036042577035,911339.5111331529,46634.63675691691,15392.716528397477
3547.0001963927634,776797.7808476151,47481.65862162589,2226.155259262197
2621.3062690259612,301776.7515092144,-32084.64462389182,57747.385836252826
5740.537788929277,273819.98535337416,42525.37766856929,86640.90864698855
246.8112684899404,282858.0203073556,-17791.592510068556,91468.96046286881
4208.007597393411,561910.6742023694,1221.940286909332,89767.35096404812
9331.741452970758,772707.1097539704,48960.00688902338,15078.456129565231
3134.638603218908,299139.6007630057,-19854.732039094946,97651.97498630674
2569.368614288792,983360.9158210047,-25426.62952722643,1891.702281420804
462.2802245970148,86855.34566046891,48111.819936592234,57099.19210470421
5577.375282742219,321957.2784636522,-19652.952634897847,55662.91002000527
6897.7424147018,238061.37106974333,21089.7600797622,8564.04948877011
2803.472411822765,201162.43659777642,27890.060621595432,41917.921797853356
6225.457058045637,115383.05433590694,29780.2234380273,90242.42974520256
7567.3715287129835,300791.0725074175,8654.460060975842,92242.79174564192
8213.52615276408,543079.0498174708,39011.326674755604,23124.40969588453
8778.170076962442,707572.0992611791,29225.955161869715,3793.3071325424007
7902.211277022988,262549.83499262383,-36914.43755516164,11776.36437515779
9366.216165573633,45013.34836707922,49013.216872094374,81291.0916350713
7563.93705441033,185796.73861316833,46221.171961183005,20617.463813464678
3968.511376389171,530318.2017211264,-48023.51029572005,93771.89718962017
123.8615518835584,46284.51869150782,2228.146997765769,10456.170313861701
5906.718216540134,760307.4930152901,-40963.872448036665,43351.71839846577
5330.083121385352,711660.7369944883,32559.475694704524,45052.38006322467
5996.8301972948175,393299.4086926618,12801.69981537592,68276.36383158978
2462.5432497153643,187784.80068709454,-33121.75011642657,2470.819019823611
8229.572392666525,958901.1005986306,-8737.723944343634,27520.084666496103
5869.686806637888,988519.9835139199,-4718.733075129065,50991.32574321628
9860.588745486077,992664.4410515425,32078.50074898117,39198.918105155026
2121.944843748549,730741.5673194663,-13680.23163722075,74341.64228400945
5949.484644849914,597559.7274020634,-25882.876271185207,70064.33185415911
71.10096155089174,779014.1169308657,9957.89698012051,56018.34356426262
886.7835013411229,399219.90553452616,47868.57181074006,98342.83679297492
7604.603789562776,389391.1387276088,9609.54212579567,57461.51668032837
1947.8605540219785,686908.7908088763,-28611.79590872921,97187.15784166564
1383.8878635021513,886790.0702077575,-7605.830946284928,49848.846635936316
2412.91628637985,897166.2866890685,33401.883353765166,11004.611526517305
8355.767158005632,555395.9019862082,31752.271598125735,84274.6759788893
4292.054994905063,822083.6195576814,-29783.53788558391,21928.29292093067
325.9603551798318,366546.53286742803,1561.0670211444594,10079.740297720275
3194.524405477411,269162.03535831044,-31924.15520129842,28696.731635882323
5383.813970083998,733552.8162544931,-14108.93434812082,76097.13736592412
381.1862770825014,24707.589582351673,47603.21340540046,85207.59048005276
2467.284276089048,107906.6979011757,33544.12595730896,74580.17899099008
9539.275154633297,357715.74639978656,11970.07144303374,71011.09105084103
7857.2394573458105,596330.2207296882,-48486.370100520704,12577.772017758449
8318.51021852904,406198.3527364619,-34567.283407362826,91008.73764118938
4890.1464330804065,543119.0230694667,-43492.58470378476,20522.917193624602
7167.6229806624115,72906.52055824953,33876.77229480895,26623.005096986053
678.203557432191,327232.70445330715,28674.056081483417,32799.97905063601
510.35973953676097,422402.2971320454,44010.39542046073,85703.59553758262
6125.982223941863,828586.1745313635,36673.159220101996,56.32817799272605
7800.0284732442715,776432.400969079,42846.79245839044,23435.878165187383
8032.639695992239,722994.045271849,28230.259487174975,18024.006804822733
4491.643942066259,749557.0711565802,-35883.33340548907,31517.17295502605
4568.766117803534,970222.0870885566,5316.9756515435,82617.01683156833
5470.740753952265,31987.052228358632,-26748.769648972524,17866.467865115264
7916.927356733347,604598.342078575,28097.021939617407,6069.8760144486605
5977.91181542367,731582.1784697743,47576.38902406281,24133.21024097237
364.96670598901494,522637.16294870875,16778.731613357173,53883.0600677861
7568.1399095016895,671964.295046467,-26641.26668668726,53270.798561952106
2641.1277690548086,847129.3622410705,45514.67536289894,87340.94435116483
9143.977811548735,588697.8265193717,-33656.036481433286,4440.396578082017
5780.06177845902,232151.52869085016,47489.046993811484,21367.891963473772
5601.646249244932,390491.11711854447,47428.37550103747,37510.68629833258
308.78010556150247,818447.7172314364,-24666.60014546376,32488.09371516368
9129.109066396475,77371.74381479276,30104.025568927915,14419.210936457948
9041.616927620253,253636.5037657763,-13988.606181987816,76654.79413478331
695.1872226996247,572788.5833878889,1318.1918191921577,89660.89223784715
2273.2621382653506,456696.5747113015,44313.148929023606,1714.5335680405217
1768.7768751156807,951594.2799260727,2387.785602764001,47169.39042985662
6658.9277540052835,331184.1271984977,-35900.153095178866,64272.015938537355
8807.23086330073,550860.8282415001,41609.30903852596,5856.899414702721
1570.712298736542,636635.0527880845,31439.20714793449,85721.2419141796
5552.969068262977,975481.5034469082,-4795.010853507956,41078.01788023695
9219.222023038965,472604.9104288282,-21227.555068885384,7208.525244048636
677.3786803249426,315512.39979583205,-21754.270025980437,94283.31800494675
7329.514557814797,354800.1507260775,4253.361510123599,28293.020833865114
811.065747744023,557206.4950641755,-7808.508321161069,68128.2382764016
5660.426466757151,647753.5169257856,-44599.826920748106,39070.38008965798
1499.5237359344972,414693.52548017644,-19310.27770350242,29302.915393964522
156.34590136328285,43496.53706643474,21200.703738365162,80525.1792341041
1123.2772648947753,934258.7554166596,-49727.52574719285,66348.59891132443
1020.4956227744999,980682.799368371,1811.585894205593,92877.72345916463
5321.56876643977,508173.6420914229,37592.83507417998,74726.26135449488
3498.786029536136,723614.5237266701,49992.06271736903,36690.852502915935
1958.6445152086308,280031.72044142813,29841.27529917982,66403.01990368665
2663.3027850072044,965625.865822127,3413.045763437942,96502.40639355574
9171.708296588371,988542.8033370407,-30017.442799723838,26222.021862777
5984.489950111851,466276.21877809725,-48017.95452350881,1748.9210691275402
1539.6017732268397,961738.3915094162,3453.842336855516,62321.38094751836
9981.093140656401,156806.1530067632,9324.582234929156,24746.2372028605
1911.2733312704322,318541.68772160873,47964.57523831204,22867.841203125517
9736.922646328661,413309.7337745357,-17437.272304668317,40492.586727260794
8933.102738144473,999655.1898737579,-6961.173313187544,76370.73248558426
2573.500956097453,822075.7914160439,-40468.61516065475,58059.8500726067
2814.1373580413765,334719.11884311686,-39059.32684650058,77841.89059203003
9667.656489774188,266551.62817151117,-42427.05916690203,58338.54190746113
4368.3085235332155,597693.6776539863,-14376.722768723128,68067.14695273289
1903.1265648441497,310382.1089569855,3050.9137701256186,97902.20275063408
4872.685970142172,407418.24444536876,-8657.74618641966,78255.0110511475
8745.231025800287,395977.33528103307,35723.211761087965,63756.790750054046
6780.837218651981,715300.8244020126,-22426.015372898633,37328.17805171256
1427.6793415697086,83062.04675972725,-42884.35295205759,88740.704059323
7830.348843418344,547090.578355467,41879.481514088184,4123.49001726453
4240.575354980562,276659.7669043133,-32963.693530480996,62341.07951642
3583.5780760833622,50686.95036318204,-2645.565004839853,71765.95413848633
208.6797331446444,538964.947156921,-42628.56786796548,96691.95558701882
5940.693247573895,226938.14625815605,-33693.937335639275,16482.472434287443
9948.993334127923,604556.1185471321,-42696.59309403291,32519.95645275535
7664.066227876631,725382.1569065565,-43202.60530755519,88120.89007082657
4996.726232650157,743403.3122463458,49091.48891707453,94803.11724440688
5453.081401440127,271883.8448305604,-46300.376343887736,64639.983230460704
9388.710628296722,761122.67807549,-1444.0797996417969,32908.45440119682
6608.4205379004425,620120.5650785144,-19106.885009010133,17836.031676292485
5793.32439064063,610931.7301791088,-30593.98282308954,4973.922762870331
6824.889511590962,463869.9777294686,16257.74775438341,62571.579807264796
4975.98443333334,936757.8787633203,15552.89717971209,91300.3998835999
9151.84526095755,292052.9829130286,-33906.83365061744,86772.02017360319
9889.27629903328,151953.97647500355,-29452.56695790158,46519.28478512759
6660.289909915112,213484.77128880622,30609.61066116595,84455.6352850518
8176.776241504261,583073.3703836249,-21715.91226021362,25301.35685360951
3855.691112818951,463287.4684840855,17129.90004168314,39062.68921339389
9379.635837537217,193158.13703207506,34111.23674640035,41372.546917620486
4375.594129476692,827917.0816727924,-17356.74576022028,29349.23983943163
5634.985936568062,543993.2470728452,30488.61742740216,44602.17456964296
5011.083127252243,370758.17568340455,12351.52596788435,55111.26399097418
7155.224392709663,161779.94997275568,26332.504936724363,25929.36113796902
8591.161314506853,65239.286183216085,-34151.51128575311,5004.725343815353
6277.250571052629,535681.4976825853,-15810.714021491222,84893.17460651345
769.1062848417085,407422.18335912784,47572.82378224576,13727.221290675607
6370.7089122845055,283694.24219989765,44377.99786075276,19532.176401389723
8249.865780544524,45018.19078474167,-16824.60273336839,80826.82598410253
4394.302684836967,305297.4084606394,30242.504948323374,23418.967319939933
8497.557481767772,724784.5341641173,8441.474673515768,48403.74713185312
8389.243263348624,845334.4533611345,3653.90750928998,99595.37048357425
3462.1303557429983,585254.1217843329,2408.494441350871,59970.44727836455
3698.893603961428,58579.246631925154,14903.831965235724,26173.87913749125
2364.258250610408,206751.44660601806,21320.02050256393,47735.82107380492
4203.672372825399,969440.312935692,16129.2087153693,33370.982591718624
1077.5191703488663,995648.208966363,15056.497378263586,20579.080009368554
7360.278068881898,646255.940118132,32409.16195818127,76738.01228264884
8146.929946810021,224811.48855358327,32683.446572133165,49978.94729617821
4334.29758564343,334633.6923483548,9674.663129008411,16355.105603290076
9982.89503525389,37197.6192316347,48757.71061959583,76163.81660163302
9015.261309754995,79287.03815727857,-16428.474561407827,36753.9391671617
269.6320713380751,924545.0553730059,-32967.612716346004,81748.47806562262
2203.205848293707,408822.55179333076,38417.42465860762,67334.86119155111
1127.1390999398457,418119.09851719055,-16798.941981685144,5123.019861904543
9755.80953732978,582930.5950462933,-49606.48902673801,88044.00090431352
6065.762761001961,333461.8679330651,13321.961386643081,90859.59291862616
5985.1605571068385,786432.8284350642,34111.27990660354,30076.039049169533
7272.431970252465,676100.4934263089,19562.71778952649,99402.58373335321
6093.221837789221,219639.34938664196,36695.31706353024,6368.240490482269
2267.6207758318756,700166.6292088996,-10093.768394720057,23307.883641644
3935.0548908142136,919468.8720162233,48522.51838397149,31651.33837009517
7472.098148649633,416880.52272673894,-46541.59533667859,82296.84790330559
3898.8648871517016,930784.9870874981,24758.440136309408,16822.972890166333
8722.532783345814,994852.7591671466,37998.28342675518,94390.57112555184
8191.928744980187,872401.5589861525,36831.40642654516,47409.23170627126
1275.0123813135017,779156.6161779485,1411.2566707607984,45390.12528632186
3321.4710067732344,167210.46622175,-2015.0393510065187,80879.96445732928
4335.539904722366,561124.3904716746,-6354.061302390401,3968.348879017769
2059.5466606020786,610884.7787988451,32049.32218262338,22583.475786096253
7656.570221806552,615820.7841795415,30835.358600498002,54638.852068371925
9680.997250270399,898610.513258381,-20427.52277286226,65066.240319514414
238.64881279358374,689146.267233026,-11776.920558851809,45867.839044689215
5763.538907546346,274300.0222223804,-39548.52059876724,543.2283164427342
3676.2176703709315,641523.8176051718,43534.88349958483,75594.36701763321
5339.048129567183,311740.25416337507,37204.66126776193,41284.520469787414
5186.64492316628,680121.9629910043,27436.61840377403,61424.69593592393
5685.105350291931,942128.9913425696,48025.300370748795,7683.7879045689615
7861.547711980761,356567.41623566084,-37281.12766497015,67766.31484650337
7545.860564455466,807452.016876994,3757.431263218459,68774.28233133274
8179.46670989631,652100.2061849043,-1150.930608415867,87167.31611587176
2071.28187246333,504154.5306251376,-32065.60595055008,44957.975726374425
3318.954886956441,977124.6327744738,-26468.378731271558,98126.68033035094
7263.851279186494,666560.035009376,-35979.25091919998,7713.438618832991
3311.1452435351475,797109.1451752989,-42083.23566411488,46641.17662559074
221.76839157792338,804489.389831318,-21001.815163453684,36048.12690350289
5570.856611320291,161788.17244670892,-32901.2973772034,23754.425615855114
3967.7261245527693,154533.6295784011,-42563.94466557809,14460.655083547203
1845.3038106481579,519619.01281622774,42543.68505013226,36373.80508648812
152.32002862950455,89433.39561081307,5187.143554909337,82178.72064655724
119.47267872582601,584447.1104024135,38088.620280366566,93620.78808840591
1421.1531881054684,35018.21895018717,46849.31777134686,68438.27908482363
6517.221116577431,886332.6575632535,-33849.086596418056,55980.37050121508
9734.70120899056,649158.6447889598,6133.654173114424,73569.61265658119
4737.171661139965,503491.59613165166,-14209.93549588447,19515.172488396816
9429.997084804178,822184.5731716473,3279.705339939668,80655.89910461474
3062.45650682727,97304.41571936833,39261.727478805944,32409.892517841232
6313.201279023011,783222.6828402597,-11341.50533988623,7529.922683930179
1483.3762361569425,137345.61060545046,-31295.180928350463,66111.67974471969
6572.116886790571,321906.2177747119,-43296.10833625837,33874.535950052465
3972.0383246594006,108386.96704187045,-30397.70024535806,88332.09374422471
1797.7135010425604,979910.0983408419,9312.966990267458,63192.5198750607
3448.0330288793525,816327.9878881215,-37343.723230682794,10176.26283970703
8903.724935571168,731764.8629255431,-37144.014313309206,4411.444037399948
9474.214138299223,395006.3270431601,-9281.970647923168,4664.854134384699
6233.376011026323,299401.9565759065,17936.62488972694,82889.15582612819
1221.6437646166978,340841.5186817341,-27586.413658747,18914.50449011516
9642.31063442855,309884.1426799316,36043.07682350089,15585.548834411922
742.7642533634071,907265.0709058517,-30894.49538222745,27242.309915185637
4846.77511159278,110773.54690413822,-7769.359697635715,10166.196914619586
4091.8606381278364,715890.099294895,46831.42716835975,97460.0203694387
4826.124527195204,482591.1751397535,-2023.5807978849843,72803.51077534878
331.8760518172314,986373.5334572865,39860.0923199441,67623.56203560447
3568.712017841147,972820.1299116188,13346.791438911729,34441.016258723335
966.6416525764332,331924.1085750599,47505.39454089524,55503.488616614304
9950.225271093253,460906.6079532659,-7381.777039262495,30286.404472773786
4837.583553304231,612409.2407583623,20839.12886967382,48042.024685961216
8033.53074637015,988710.9545132921,32492.085075298455,92298.9670733406
6023.970920088368,482013.88867770444,20943.032032507486,43062.298925591145
2579.090174192299,435862.5139227384,17044.093577637075,39437.027382236134
4785.766163877856,553404.4783862813,-44659.23353321591,40495.38930019713
1055.0100532026763,44471.18722510377,-21451.014466963414,75431.0275747629
4088.1401241150406,245351.2639582303,24250.464037061232,5390.835371871383
5935.787434840222,122648.55290885361,18321.072295063816,28847.84462536274
6746.713541175106,925761.8430782685,33298.428721726945,49976.20776649041
3578.816067855006,621292.242811934,-43288.71911096337,95212.0317523394
732.5919631663969,807079.3389383887,-45665.321612854605,7031.380310033486
8467.711200654054,983586.1736832374,6401.320105589068,65949.5304832814
2676.2493489689577,615998.1063068653,40990.89139970974,91843.11943312577
4111.51972136996,771669.9978999274,-11864.418800553824,53919.54784695262
2109.328630651761,104450.29058602592,30621.419566184617,75005.63710706422
4388.877733437368,859930.979855792,33031.417733720315,50300.17287054272
1483.4202340930935,993816.0904224693,-10732.010967885079,13332.685401772715
1626.173827413352,329371.2015206876,40608.41968024733,72593.38143950277
9504.878997834929,829311.2936379638,-18711.300780322927,11146.885867602507
198.78677784351262,122503.29638467658,-13322.707211338282,88515.06702879294
7824.7459279196,686504.6376803783,-29708.044409147325,9211.851714856379
6944.455255357579,263228.07528576325,229.0022931546264,25535.681542717237
3622.8321740015635,916918.659283274,-16984.045487060626,23572.769915920988
2177.843737942148,231146.7249234352,-46535.23261730207,837.1587899002608
3125.0330800928537,524666.8108821518,-7205.629831618011,81571.0526128917
7595.368395556259,564761.0374773106,34107.56624873623,31451.702595407038
3592.930365787318,331080.0776834102,4248.811867048804,27298.68546749701
9859.343183229723,93014.87054449703,-5864.256648463554,9348.102390806223
3824.7488757118676,529276.2307108904,45848.753111941915,93757.90692312333
1150.5108853853696,99629.42692825389,-5920.62798632562,51231.17244028059
5706.726325578905,135624.88401194126,1979.48513024758,63991.81844859855
478.01793091482693,509686.26174375386,-12980.009941120188,57819.946996205
1853.9615140126675,210061.32341179604,41158.76567333503,68451.57835998684
2035.9024156147698,872910.4238343112,11434.314666061997,42370.28193153381
6879.802781284909,222202.48674369324,22042.78806824115,90865.79493627249
9395.147967531359,543107.3249964071,-12977.412315650283,13207.437772947538
2332.838384336573,705217.9534199971,-16137.953298123844,79877.73044699166
6820.376095569461,538206.2040057264,32662.167264722375,20034.31777890046
7840.5530279124705,104409.14073252834,-47072.203808880375,88715.96235507054
1500.2324136291845,990363.4941813411,-49373.026904358965,98780.96057343493
3498.7105075520617,432450.0539524812,21849.666263938358,90164.11703821908
2980.531855539944,100579.04179752043,46213.44356656507,74760.90808078212
1045.5269277807965,328242.4152381183,-16894.900942684464,39095.28876452582
8589.225798140958,757278.4475724534,-23086.39455875907,8900.099680620555
3859.697356971541,421338.39429394813,23601.210345199506,79836.80322402895
6142.2522589707,843314.617273174,-49724.11618273185,96803.88427174833
8321.33613538958,88884.22578842248,11869.710854881247,20630.89737371543
7719.33379954774,340841.52350792714,14594.286481441879,55427.812339911165
1574.895411524303,217037.49107814956,34535.498870763666,22457.002464871766
798.7818420138881,768513.5056970357,11566.574791157756,57117.78854167093
3233.1239858661766,363811.6632131276,-36300.419599500536,74481.2072256447
5540.374786836915,170463.11759508098,-14937.930652518538,95785.25509569596
1061.1279824940723,525300.5832474589,-38123.10095480383,53398.54559942565
9505.367521756656,841510.6376099543,-34860.31603628252,94982.99319888007
3179.597141265114,312236.19667199824,-43870.25846557993,88933.73146045937
3602.70023121244,178058.41922767754,-28543.17200055949,92647.20307291669
1826.2586235011124,348832.8240236192,38037.30181275573,82765.96906107094
5550.462382802067,949123.1018681554,5209.824953062656,62271.446133445075
6214.620112307007,170870.77607615537,-28857.917695360513,53143.45939673755
9641.681215620634,106959.04201998166,23746.419582616232,55278.118083033376
4529.066410095368,864972.6095724087,12513.695127656487,2453.2275181089803
4103.492171651354,761725.8024402367,16991.05348532184,74353.04461575428
7595.371090934957,356025.2500917119,-19929.255883806494,30011.89917184174
9838.755454156017,69652.9935532778,29823.49258149267,12508.833516889195
9265.684206547734,854700.8472198654,22301.372032320884,37343.04509382825
6839.183381300458,109155.54578623638,-448.53070299081446,17642.627744638994
1057.0624464497168,202029.77115516577,-27976.866290771675,98206.72655209263
7059.036385969163,864352.6120548273,2617.9146942763036,67353.85527941617
1082.5989512639621,832978.5940126351,-9177.231671783062,90646.86865857283
5038.454937707574,340442.9965979585,29683.4649525813,63787.612131957685
9814.22134036944,745986.4430554606,35816.57553299777,13322.063009564388
65.48620632170542,620390.6671516281,33224.81670270636,83269.31080367853
7716.214482361854,690412.6348298786,5371.918663409146,33385.46715223869
6165.871029440119,297372.8742805768,16789.58804956563,40496.21792451805
2288.534706844969,288848.9409246636,45430.58290910315,38179.37934021117
8709.650823131706,22444.64660368506,-39951.71562536319,52051.4917550153
4558.977275940779,156249.3286173383,23074.536252229256,88010.14489970142
8923.658284250792,131872.25144570405,-1215.9720128685585,9006.357433968858
7563.256139939045,862830.5052235557,-1025.2468006178533,92269.02109803463
98.95651549202356,923589.1048901166,3960.6395398028035,93376.05226510088
1852.0645755028531,612696.394172962,-44636.2740871781,56164.584565394434
1782.2833437749864,717227.034733187,29009.731023393673,98195.13049530698
5564.1737191939965,615139.6598824908,-38827.72121719201,70332.36851127939
740.5706038416093,797176.1685684944,19477.38856986827,35977.81128691783
9104.63439098516,910573.0954829282,-19028.688203886602,40587.30410081853
9987.594487134065,123126.46002554025,4171.142876391474,45328.93474963828
6967.143616365257,38044.58189679006,-40640.89412110443,80084.61076408876
9661.823524086565,177544.10348702208,11947.75854154201,30471.19110813812
1739.639081036537,416288.22057784925,37434.80290300367,11154.761212595498
6044.525291787739,384535.8138005179,-16717.43230712923,93454.22735903748
7832.183299338837,975265.0782523021,-17001.301250694953,49078.14581949191
7507.19342325803,59554.18480132536,-29239.118567534715,43811.27488657769
4966.200357870559,960146.4745425148,41119.96733251697,65065.0584124079
8677.360406141323,554397.2418920157,47632.16499155428,95428.89121484895
3964.1281330288534,854693.0828772548,36712.433864558916,50706.619939825214
6611.8537982475345,526955.3805907352,-31432.411648090354,85395.4869330145
9878.547428328257,335982.85588660504,-14240.954191708202,31162.289627018425
5266.564402483405,50158.60915145513,-48238.44596648112,74594.22426587998
9999.851153737696,277441.0237807583,-3174.3737289531928,99349.56443627864
7051.783060032766,119577.49891370095,-23482.151175985822,14805.915857937734
6781.517302575087,382125.1111967718,-30495.414143041457,68401.50080122057
2762.1733377248315,44130.665564565825,15461.056167060386,92087.57655340283
8222.04475038012,933218.4181548385,21429.165061517968,64657.689997270085
3670.4378860388388,349352.26528779906,45513.81116513614,81192.22917322195
742.6186860424843,733684.5090218629,498.8914229984948,8454.29057075271
2073.7473083055347,447672.14644354803,6780.568441523625,70795.58801430734
2099.5644760887144,212036.64432901997,-36043.20256286119,54978.77973606053
9081.986411827409,175162.48392728696,3478.484933508764,44295.2516193581
4370.655803829467,296174.4729924448,30959.11846746449,92455.01151709844
936.8875010420263,819203.0914558049,-33943.959077050735,25948.056109668603
9554.336107787776,642241.7518476467,40278.0114422254,19924.22193580389
7651.107148072269,526519.538293113,18640.040864289927,27111.14090807408
2820.918341546248,70457.63639543371,-30222.027407862028,51887.62341317923
256.314238142723,786046.3021719867,20951.594219382387,52352.44743483304
954.8246871369681,344875.34617778467,-693.4401600396814,22076.16535569563
5449.34773686276,746068.8147659547,-21168.265004475674,50196.19440795737
6026.92997751338,959020.6829673356,23640.04519696707,83613.15152128175
8925.50862409428,470096.8870223622,42517.26156962373,18269.004882248675
6836.067107466609,274363.8328088983,47124.61395322293,27835.285922349605
1188.0483902123995,180923.2757909215,36807.46965100629,97612.28900825408
3158.7631804145167,963577.6821582845,16653.774014682727,69037.78645106469
2122.915633750586,427319.88635995105,-7737.64673975078,15926.504746278159
346.2642978969333,315535.4731266258,-25377.472646034315,67409.20876482854
3127.8253169069358,512825.29201745515,-28427.042247569734,64512.941494857325
4307.9131943511675,104001.21061468952,38499.02280718651,87421.5875796841
8084.710355257925,611076.2039790531,10244.439645607592,18678.624281917335
9419.94082775092,406965.78507518995,38654.22504735533,13941.522263393003
6964.619725627284,497136.4632763803,15732.532929138702,36369.98869342688
4398.7372462697695,808581.8805138532,-28909.707110302996,73327.83399246263
8354.126717264087,809276.3996934679,-5826.025622520225,94800.93834387079
3677.6612769304484,320651.0476566674,46708.23826724703,31781.432540742895
9692.306518388665,260655.6401396005,-1148.422141681127,49840.9015357433
4326.453834860436,345615.77094230044,43755.54934631943,68212.9849461419
6507.348923928822,105362.84678266385,19534.527297019697,27928.541380694227
1052.3144736208656,548009.8289498573,-4905.662055666689,43894.05020011263
4441.866921126899,948264.9781263559,-43165.43586987373,85276.71144261265
4321.707092816405,286320.090888425,-33069.31198592938,16157.271461401446
355.96418212532456,753119.823513328,-49281.351404339934,94134.2999994099
9141.955690051771,862212.7055848372,10645.810805393608,68411.28323318817
1297.1236358215276,208404.26550781878,-42681.25389395619,40870.58404105082
4541.6912305651695,169077.00813532935,-5630.387312021092,53735.91680947015
2625.979924582419,295311.9257194501,-6820.637990190844,45647.71896425985
6289.21476843526,966840.1225622225,45937.3535167283,74323.37409580658
9087.037992615134,667373.196139422,-8916.554559458047,38446.98880674109
7887.838414232568,355005.4907209123,-36130.052865825084,44030.96875649501
5113.40098411327,836150.4134577888,36597.27736358365,51214.43776593234
7387.26458914618,780868.3277030074,-21981.403952351895,6311.050404058061
3154.569474457883,522461.9889072148,-20525.005933676966,10891.51753088744
50.070152345637055,844861.3435044263,-33485.64267594287,4783.772622931082
1316.3727539009028,677587.8057061806,39063.33065521631,43096.35999643555
9412.353382917272,849983.4902525246,-39336.758411968076,28718.295956312733
4102.099178899208,63909.87918626233,47847.270823098675,21221.318083850692
1777.6098815942464,467265.37412538583,-5572.473642158184,80688.06057103723
2543.882808754141,169440.5259623364,2277.14349149973,20712.38945258652
1682.898279345998,434223.87951184966,-19866.156863479235,38665.76517797207
2513.413268218928,115691.92770679643,15017.887609254743,63296.15018109017
8376.35801825021,848259.6956563941,17048.72470802677,9823.663825999685
2501.0277673622827,703339.7082666525,-12238.980993398385,60919.81394630866
5845.142699416256,621950.256829598,-35537.80782756847,98304.80597121631
4652.251101763583,725133.9058763408,48739.99301890726,94170.07283716556
1432.8305928309649,952192.0272200791,35920.02421154236,34230.859006554616
5350.8423408105,280510.22936316347,24089.551168451682,84936.29435342837
585.3752823550041,220144.25460547727,-3754.6560016929798,36212.1125764313
4137.4151447615295,591355.2064468294,37189.689739059,48083.755312160334
7764.659307339455,323928.30653760297,-32009.873246673815,4625.328448542076
2252.6900458152923,843377.6238248902,-44865.13241073212,31902.487958235037
6068.711613422486,591034.9978605093,-21042.73440300132,67925.006210141
4594.443473180681,662540.0788910444,26469.093274005034,82097.4078252366
597.6547287137413,742393.3588538329,7433.826267772107,29253.754637958795
1377.216551255489,421003.32753929397,-20672.506825765213,89085.29789816595
3104.4386781302624,325053.873453524,6776.097807643608,85617.33379369038
8283.843757041814,632036.7732989425,-25874.992589928937,3364.3402309596504
7969.431500899257,895439.5419219132,15987.089901951185,16890.03757763904
6397.866328551049,958348.0232051958,29932.835353392322,28721.74498332558
2037.9212233231735,820117.3082141159,-12072.937632083733,66916.00637936295
5705.891627913828,583284.9213644742,-31316.772403444294,28045.15685403135
3359.5969911540224,246043.81244294564,-8202.234953873434,63972.128382041024
8458.961190279344,959362.9491113533,46343.302072605715,1503.458165549132
6369.071142712336,717237.7239281479,-28459.03311610297,52858.1362957391
1181.9900778297565,433571.13255818904,-34801.54042311051,21862.552464703123
3546.5010609068327,819832.5933274175,-33208.084043146984,35879.503687054705
6620.340642523116,873909.6311955367,-13613.957142138199,36701.809734042334
6097.379365318504,262462.6180648226,28028.366587144454,44988.83038176648
9412.591752268607,606612.4185024688,-13180.117672725042,72296.75633352666
8690.549270848403,543935.0624117374,-17444.222693326374,92351.25330768288
1778.5666586533255,158507.41775074552,29646.3107177177,98933.65127917206
5793.510470343252,405141.8797688519,32969.32550950044,71599.5879005356
8011.683764674066,503968.15380158357,42372.31879496305,42421.58487736486
9644.078551679992,187164.329615346,-5266.6582032504375,7044.786359002031
9064.688925739169,220909.3205868211,21806.447119075732,51567.689912484806
2397.458314834412,62522.96873771009,4518.812093357439,73107.32771967731
1017.8357030622709,165279.79205868664,9953.03902308162,56381.13195392759
7487.795117002085,871526.8749184177,-44060.439774261285,31235.195328479826
3718.5737673349263,998505.9947113718,10000.502702271988,76771.48015603713
7743.2663249302595,860674.5046016425,44327.7240219808,56574.04401332343
8381.80881706192,707338.9139036981,36544.18299602908,66507.07817838065
293.77484186056904,485060.0500177916,27189.186052420147,51655.196888321196
5439.795476044924,480557.7324033365,19184.476599142727,2199.059068186304
810.3085018747547,241737.76299817016,31979.53109401588,69367.08079987642
6430.7283970434655,111983.33687402689,3640.820341768602,52076.620007085985
2115.026181456177,265997.7823909432,-32158.778016245393,92475.73661963554
6215.089683337608,604254.6980278243,19522.176589243274,84319.17915729943
4701.134197541858,867506.4507211092,22942.547318050463,41960.03649145836
4308.8191218199845,532821.3674653873,8894.622304106859,99711.0372149247
9201.615853534648,488264.27002249437,-45940.98596307693,11427.203259187014
6622.368841114507,414605.1626404566,34786.70679974147,98384.18602203888
3345.87479682378,549334.533595465,37.81658101333596,49874.29770998173
1394.7019593093935,170784.15884486746,13773.157160828261,15414.86821882243
8443.357060940174,438295.966157592,-24214.050883082462,40061.2666248308
5611.3022737257,498152.03774553625,41777.589654508614,85039.51911154028
2933.2125304005917,434372.1973954625,28422.654358718442,44761.18672362224
695.2541847799598,588506.1961309547,7234.832184484454,18255.728265205773
3039.0592857566457,233191.5255115494,-37763.20589235468,18153.341454809844
8760.45625557762,560517.3358280286,10753.498975607756,3573.8259197282687
3067.912535478271,578129.8468853123,-35910.22680207715,4624.736659797301
3216.03184612683,553533.9457483642,35419.432226949095,65684.73695377725
392.34181570508287,70189.9820938042,-14095.349600485497,72245.68833678249
10.99776511767181,437774.85702368204,36880.62882409546,41809.71420068599
2654.9173449313325,53370.48615645846,-34117.93873970205,53185.10716063683
8308.254601673789,420362.5885404119,47354.30186639581,60497.58564498911
7234.0092891637205,337477.09293207066,-4916.454539815364,88331.11819896885
1876.9606485970003,131651.10922885506,12696.674983337252,32635.12804897518
5510.002687262934,125329.91804049425,-38977.02406964693,98382.60099286928
4992.35255797121,881300.8293373619,6676.1480198992285,89436.2142038356
6970.989035293305,136319.57753863517,24906.624940637354,28677.33687126052
9132.074268117163,338554.0600637591,-8409.540367783084,27175.33368880386
696.9980991553671,203265.23719972905,14162.568133530542,40022.31811996798
9258.077417270177,496163.98012311076,19368.462276601233,43431.12464711189
4261.832667959224,584527.8299427436,36900.0026860379,42791.91407007428
973.1550064897854,42430.37052875373,-7702.843260069414,74605.54998977006
2591.567358721901,778331.4635624605,49939.12618860135,96559.4464914996
2341.173091795401,330795.04664215876,27514.577107545556,69484.31604792041
1818.7775376078985,651246.4096400278,37052.205321452086,22527.873081659956
6660.059064287233,481450.41670464276,-5590.824448163978,58604.19465191782
5671.553880360615,117786.22118255193,-20943.558570464236,1025.1455912491992
4976.612415833662,514413.913367261,19066.34030596129,4192.842932598717
4436.373927056132,713072.9174891962,22399.267291773547,51329.90039880379
9632.199156787548,298521.7347334712,-25097.36861415861,40446.7557458596
9033.886228332816,885522.5574437144,-22123.290247048266,16093.09203452135
2628.392728574586,965794.7947638485,3628.4173437503123,38912.99791512713
5246.671956223104,601504.8841759718,6125.426436971007,97621.19691761154
5101.623099156858,985630.326859013,35679.471539617094,58740.2878629076
5638.048293920227,718929.9391163362,-28470.948045193923,18286.623884682616
6695.897405755331,898271.711899441,4258.21940900429,66565.12378442229
9200.972144612748,471714.7223552582,-28820.52997845429,2330.9341865260903
6122.6546523983,572010.3323352076,-27874.7921201433,35798.529149923386
1276.110783399641,572083.2719339137,-29466.346398613918,1326.521686905946
6696.816560080845,533572.0455090337,15281.453399261067,60079.05280934259
8778.138662971023,82652.93961389779,2406.6768289606043,10562.35072530849
3138.09730061971,546141.632409978,32682.283680735185,40657.66083556953
8269.325432445392,935260.2722596847,10941.540080821178,48619.40908278187
8426.633541436417,614478.3480556855,-23876.703894325547,32480.15165472199
6919.4749015890575,898479.4443179356,47196.417160860234,97401.46829741479
2002.0002890678345,41575.65954247854,19439.065025809672,58732.671250002444
8891.281425418985,140786.57021010344,47989.972679011276,24886.790142132
3094.6710529106235,206318.2176439426,11155.206744200848,28616.02331743773
2190.161131734737,721322.8202177151,-45354.649608621534,37866.427390710654
5478.987593481301,316589.37434593233,-20265.54695192745,18114.348924922164
3517.625286144577,145209.39851872565,-46726.532084853934,36934.68988441171
2436.7015764944767,137282.19727825458,-14442.66314439098,98523.80722292596
1167.2550797766123,945367.9860002386,43236.25807449527,70997.459042859
3220.148554163653,417667.2569231057,38778.11924333083,22506.91296961783
8502.342079501954,677799.0274600745,-34569.55762801053,13563.93747777972
4804.119649765117,807570.0426401255,27196.59643390015,2438.112499873446
3054.255339494323,462271.7797899465,47032.50738903583,8087.472894813263
5215.491590386777,196811.55354619812,23286.380993247498,40806.25762620903
8780.599786482137,865378.5372605704,44345.480785754975,54621.07795973098
7229.676962129594,737364.8253694625,-35479.67512586835,97439.58219791163
1522.2260579535907,227906.73875596697,-9611.869234790815,35053.27264828689
3722.9603245724397,392680.5669356472,26133.674829735013,3318.8206898377202
198.15618215338282,983481.6432353376,-21132.761428557144,99189.88491214486
8469.779004029993,263635.3610552453,30465.594306793384,55744.07578232579
8777.485949683854,360433.00811171625,41173.53286855703,58947.39818214136
8674.012637792599,265555.01204255456,-37980.31220959565,54621.08696968169
6567.327993020139,903838.653968145,-1958.0443131607026,62923.52698987096
8023.345578789901,95766.70638060181,-17615.865857135082,64632.48406188249
6855.8576903508165,59698.32839586574,-7483.172823512985,48610.589112286
1555.7610919665653,136132.6928896475,-35847.92093521444,13059.703693989666
6449.522557292385,628190.5990423274,35862.604931977476,94517.34136419451
6127.23316544546,120018.79113641013,-12017.11795503935,58021.14749251103
1143.4816387316093,837966.254367625,23060.789481403466,19464.88097096054
2769.6770284349714,498151.05507506937,-28055.138778280187,86892.22797570565
4664.332211582777,458431.32918032183,-466.3364918105581,1322.2386680975974
9728.21965410164,902813.1339924451,27280.166539968937,29672.935226309437
1124.1912792894004,811972.4083739785,-14264.55603334523,12447.312398717047
7466.856182242214,154838.14695353282,-40267.62082189618,97068.51155408903
3525.190584467726,313078.034187531,-8748.494398425079,94098.72379709693
9431.55123029631,542847.678533913,-39422.49735326608,78048.92157593998
3353.450608864811,146308.8046967202,-24953.727830457294,17084.270916248777
4859.848270818939,729191.3688614734,-43501.0750930523,56652.677363788636
8801.59280856917,640069.4996545945,33500.42418652533,911.5616229221746
2426.052972994058,102039.87369004819,12447.020635347471,32800.69193191069
1658.855777164181,498136.44202164887,22878.041106103337,88706.46759031182
6011.047055291691,398084.7040352573,6623.98117922368,56885.75573165436
5407.8760003725565,515892.8836859514,47864.279814129244,165.04515172595103
6385.800707518118,465297.71379358147,21734.521212528984,12903.28334814943
9567.196436190481,913225.9960938373,-27185.733796121138,9804.505576010302
5097.643929157793,860203.7229702501,21643.0816735188,9888.930282396192
7818.564552635187,281038.26159308886,37353.76371947193,22778.902634669972
9348.35687013527,919119.023032269,7578.145957221837,66428.73818918665
9958.083131610392,463326.4884323044,-17027.705113422984,45525.11927642554
9153.145555866064,587809.0986792163,-26975.69690028935,98007.40323884554
210.2764395888279,381781.60299525247,22249.301324861182,73504.8279846683
569.565690427919,919018.8017532586,1442.6831229742966,41960.29691597904
6944.133658005988,274862.27427782875,7354.007085328129,43308.00141814437
1285.4505634144143,332327.8223758899,-24039.620349088455,79794.89725315415
1330.19224857012,828295.6191068082,-20540.432918284623,21383.632264113516
7354.9155145629575,635784.7441438291,-4830.505348998267,41647.199462993456
4977.724263969684,538958.0066001653,5712.158753571537,26663.272431925056
2371.4917779694,793772.9008515995,14176.434568274584,2638.781102943721
9091.087310607823,779088.969416378,35395.6322577969,9343.018478759946
2867.459552278164,770560.8469712397,-44957.93486101189,5900.124263815754
184.30295032764388,832791.7879101632,31932.330387610535,33089.57202193324
6228.439153630373,783990.9879272727,-44246.64063395785,72025.81254688346
9892.925812379797,701773.3239494879,-37639.26550607938,32935.99085363482
9912.301827614423,168759.11668326432,-48132.81754861835,79727.24778894873
8922.264339950987,322276.53178149334,-49069.48144920319,46132.77366860588
3261.4670491227125,293738.20553573465,9966.789307830652,27448.503555102245
7671.017411080376,740158.8433355414,28455.678815891966,38219.87996452593
5697.643490516428,542799.4989960792,-42928.26716515081,10710.923850741616
8569.387832788345,296069.249320793,34066.33389349957,71585.33026078188
7588.08130656597,133584.04491076665,-24858.27792719063,74952.12952111896
7670.736426703908,677677.5436645818,-49000.15448524155,88775.99639103276
2572.3931400863244,173677.81922400344,-45184.861893962494,28625.002792018127
5535.838226555894,700908.6329662491,-16928.15484306369,7826.229250415717
2639.0115712407714,598643.457406458,27522.76247543785,26322.344457330004
9948.803984273547,27134.96232327573,3467.8488538005113,51869.90916589086
9740.339743879998,601361.9450965973,20117.399893912734,56692.758520907235
5503.728877590686,968280.6820597019,32496.02818267209,60301.593837718916
235.66430750030065,627137.040026456,1159.9775925427966,94913.4342115506
7601.131690404917,696789.8108426523,25941.801153719818,53752.346785395064
950.8865886240836,334015.989523887,13002.775523593977,4485.447978791924
893.2465823033864,722412.508922083,-19335.145054483837,50145.89516900064
8144.139118529589,882779.2645521307,8810.38986488257,98117.18013746158
4717.2291538846985,962761.7826936825,-10920.788686710628,54100.73195679287
3166.3488700568855,566052.6920395325,38659.081816390695,92461.5022963183
555.3404889104163,859594.2305117886,-843.0034672162728,66943.79268354275
1105.8075503887244,470995.0058245676,-46144.90300267164,16472.354825645387
9061.171997502805,837767.6401573736,-38403.50235110216,89601.32847596373
1205.814400352594,855013.9424140911,23612.626060985756,58146.32654066516
6690.971388661022,588828.9237612837,-29204.83832339341,15632.600374335027
344.4532627529184,518964.0698160614,-16767.999968789358,59414.8610710825
4479.1349059923705,706185.1494768084,31268.144110252484,36672.02184206841
3365.5645274023395,927279.3661211161,-42081.24851022261,93952.74605203485
3996.9259314134088,723810.9147499849,6153.050722725187,7545.3767274966885
6549.97691911067,409493.8164115082,31384.17758679189,87668.4596878693
8033.485016211735,575445.3973056629,29441.466344627872,43325.72392341342
3016.0604068527173,282603.05197335366,-46631.98262305262,66642.05392082404
6038.191220705795,976231.8979051679,-11422.060808134935,45594.64057555799
1338.6619966239355,878720.0740420562,5223.87274825287,42276.149501093074
6863.43900232971,433753.13067632564,9067.003255879848,80174.39794924027
1175.4893369895447,987478.4584368793,-32292.000397847543,68425.70505401584
3846.8932900952514,560415.4474517072,-2271.1142817086948,53596.71658989254
2190.0023352141907,747635.929981585,-39887.89921316883,30272.167478367275
9772.282440403813,244135.09858290796,26244.539273630813,60573.71500331049
5059.875105274573,427331.40370277764,44880.71689524541,49707.62181306461
1747.797151084357,639279.4903180792,-38369.42892893639,99736.6932759647
5860.094331600765,517448.9147174106,16853.894858447384,16994.6022955045
8541.151079822434,64816.81136858125,-24715.238942082917,79908.33233353152
7609.750483890002,967541.1614210744,21275.686487316067,83467.12835960872
5410.370573304035,281626.9668472678,-12757.257819040191,64174.01656819216
5271.590723553464,578766.1203963702,-30290.827460516524,75038.65188370776
3969.375288209637,785927.097283874,27286.506170988563,24017.795712797808
2993.3915017617774,753289.6986047633,47998.592031716835,11282.50700348885
7127.40854221452,140764.62820158835,19545.311091957847,788.7123189009083
4880.215591830411,404607.50890120125,35419.216495190965,39850.486960318885
1641.3868502287355,92531.07684929464,22229.67896712481,96763.06212575668
3086.615355706804,438239.06300549797,-20844.40416743062,20995.193689407
3320.222343132183,624449.8609378965,-20860.948532194347,43068.217564805214
9517.8442305856,197247.34384309358,-6751.203152123155,21961.754070736828
2420.1886418252807,803990.9928014666,-35416.23708004798,16733.664388182835
9929.140098058935,852036.9126593804,-23846.738146860214,6014.5716440331735
9270.388577716438,926165.8381175098,28361.938102220578,4134.849628276726
1712.1430433688122,578883.768375122,-33956.09381239666,25864.689084241465
2667.385466275929,719655.3702247617,-27568.04006535879,33095.48268123249
9157.507218360828,916650.0342698947,-21985.897829930946,56263.42353326236
6078.063849863772,387724.55155513325,15921.101865570046,20913.901877532036
2482.7741585836093,816136.4631124387,-7694.872658031425,25527.87914168403
9189.778957769606,720876.2659166543,30110.973781322944,10579.147587493377
9414.565852522963,221526.19360173232,-12292.238970437684,30763.977309570822
4846.859235050254,723198.0975868083,-49959.58873609547,92442.35049951925
614.1612626305825,968372.4644764832,39276.61229828496,46552.6171756896
3912.523944817784,259354.51206639738,-5633.603328474514,33609.07090354003
2735.5206311065895,867583.9016960738,24497.813408736707,61864.59566836142
3095.2781839069944,774178.1798490395,-49876.314174251005,62318.204323000136
5404.817470299682,609860.0631459524,7050.714746464328,4969.912333306836
3278.847987127388,321813.2244050774,4023.7295250166426,79573.09454323986
910.5420491434924,250030.55690617318,-7695.806271652727,41107.08452638232
8394.717636511145,946363.5151016333,26933.52567043394,95290.46118398319
7893.2381381380865,495750.90674120234,-26311.788577441264,52678.10340198253
7376.333117360861,640999.3922878192,43175.03518199138,11232.776158261237
2823.937643859077,750008.3275167446,14081.240560787686,36734.63318820584
4234.0307827705155,177475.55828367852,41285.76843383646,97989.71032158444
5560.352138788469,801890.1826154101,31354.175582892087,79521.11472693845
3789.75956426598,463013.60181912617,7881.198483573004,38274.285398751774
7769.887482071614,565068.7022464122,-17788.616589602047,92840.3645940838
3110.6519904424445,626502.2036289315,-8740.424213294027,33799.33982612285
5508.540313476985,348454.8588477868,-36530.53091883026,22007.318112105157
1180.5134688321539,420967.870116648,26389.831218589126,97999.93838133468
9744.742094622521,468474.5330806151,-25085.561961533644,60156.52619655992
1848.2859124436857,974269.7904112044,-22076.864610528955,81867.37372636636
1117.2123854716554,237420.15137493177,12877.843362811516,28669.038702574213
7592.5547936771445,124971.53960239286,-17131.216061338884,5160.342797275386
7715.881591238971,527330.8190032659,-11327.462099926124,8484.299859155364
4141.156228597151,385343.0117334656,-425.00010978855425,90258.95436214781
7174.948965527902,633854.1515462031,-8971.306665066615,32062.672811071923
8484.950417553167,778445.4586700235,-5344.698850547844,20927.185698314588
6867.137520450753,989543.0988839683,36670.678595981226,70764.23301230166
5324.82124887869,881253.1279469465,24501.044339343687,73249.41267287987
8488.204849525111,981040.373151331,-21824.582826679707,77409.4333346741
9490.96757209501,570764.1639670448,-6979.21811988714,91006.63043255536
5820.7791881949215,969604.3224075044,-36747.10007352554,68787.29628192754
4373.546319880083,775054.2875578908,-7752.954253689662,2758.000162717478
6966.575321927774,219428.6351097046,-35410.60079727459,57876.724996935845
8903.730526536596,976226.1884185593,-42548.81488099852,2893.3458272040525
4836.060039265678,323209.69523733115,24394.089900949955,70546.57876657043
8124.244582888193,237207.80228899868,-6593.105535971896,43922.219212431904
2184.6243474841067,439414.0096632812,-17210.367013168878,6500.141219797728
4888.440445890166,929352.5315004303,-46556.960862514454,12265.162402758357
9984.327603382388,300699.63714289595,-15812.594512167721,29229.584455167744
2726.9755782616357,862794.7486755837,-22073.576755008762,84812.7971865389
420.2760667724781,737943.8433746843,-19212.04591950858,94746.08337032658
2421.156410931371,926513.2990634274,23815.098660250398,88518.34891312051
8300.69603730021,529330.9626143083,-22652.669778607426,53851.1767241857
7322.008923168123,710056.6406415273,41922.87110536601,10289.267827835425
7169.768328996922,388952.9312477523,-13650.091478712304,87715.01355816158
4954.140058681801,883882.3447722627,-16464.395566427003,29443.51442704153
8912.281188457591,654376.043012588,-12271.65890168069,61527.12993589249
4943.4503059676845,980264.1511503246,43019.9618805082,69996.19793730631
8139.169081595611,57626.822065829,12271.239924062662,5985.32086709812
5807.762576790307,81720.09569874509,-31934.810850013506,95042.13818607091
5142.997211585102,269050.235016683,-7140.7727676493305,61388.31868515606
5649.428232619833,328914.05086730956,-5801.389862108932,90500.01985132345
3712.454350063601,568493.3060587797,-47329.99662592912,44097.81964726101
4288.973083237609,664984.6569894499,-14784.609758741542,10483.723513721467
2594.917345978829,563267.349018617,24492.998427149854,20135.53351889581
6878.845771945605,818254.1812938312,-13836.737356917896,81566.50026351828
1896.1496706349756,697341.8877563693,20294.305373688112,95680.87167222818
1536.3314461022426,490270.7210059171,20522.797106830985,88203.57205055906
8206.19579870031,341223.2961965777,-4827.5515125258535,59234.897051155946
6034.69275489032,521136.6741188854,-11776.153678495546,86578.82825499184
4740.534007248924,356971.51418605587,-25154.329412262778,35216.140356743796
1091.6014455685186,309076.843158193,46138.82011173542,19141.19545155244
5285.552298324898,617807.7755361348,40811.329310212604,33753.945293851786
293.9216315367388,706199.1174238715,-22306.637795939943,27096.341159314175
3237.4054822474964,846766.4196853889,-7681.97131809163,6444.947977756188
9197.908375995814,297400.85808307445,-16764.90150968237,83119.33101807059
9523.320436825674,643844.2125450895,29291.148421279082,42838.29746220889
8643.88497421179,654374.1287393203,47801.079908072934,91553.84877423574
5694.409740368903,696099.9339960625,25352.32646967983,67415.28581767078
9824.458033311168,141663.19521528116,-32075.499782884708,28363.609693301572
979.0562978200046,550157.679503901,-14926.397375652232,21828.97013424936
1145.336936366952,196726.71432023047,44121.382572442555,18101.61328958152
4585.9317656002295,331566.6552259192,4606.770583145728,42169.43327139241
9417.818056300634,230958.59755981382,-29302.216864712493,70162.82501208663
7045.711916032923,320471.06740974454,-20171.373845252518,66020.31117740946
421.9953144709099,663619.9768608232,-20481.78022130197,21585.93799266998
6880.549437256007,378042.6006957467,31142.69098199607,29072.19709302804
6379.762590374892,525635.7982697927,19375.85997312561,58669.83504266594
1390.369619169618,483129.32707497466,39078.066004501656,36058.561637927254
376.66726765263724,815208.9306969426,-22394.8114254796,14670.37294689566
2845.0486017652574,943573.4890038178,9826.027535823276,15779.798349397855
271.67930523363634,532205.2499501703,-24422.30816443858,65843.0980653946
3871.5389658305553,111651.80128470191,14854.988143804425,94981.03888747745
7133.93757750773,983262.3149725609,-5278.750694743918,73097.5667007396
8325.003012928242,418091.14600660274,-26255.550634490242,50849.35418123277
5745.537201806787,874575.2644642014,14703.8153860792,41528.82336197673
6433.017844091174,464112.74293387914,-25621.40398751874,26895.947732576442
7209.418628504174,234312.70413472378,-29577.95131372727,95091.73049959501
5501.914595788786,155958.1442391904,49640.0912974776,21989.007271180384
6201.420796408018,91615.9864187187,-40564.51937776842,88683.74084050844
9974.313334903587,51349.92422350071,-45255.20817118539,87302.80533065391
7905.564120644296,764134.63099574,-43513.11635622944,4901.727666395072
7126.917386883409,832340.420220503,14357.914136322557,90948.67694158743
2171.621815909658,871051.6019145085,16749.42532179154,7738.521533826037
7197.627779244134,244001.41723317315,33632.35016835408,35053.51791075246
4934.043906679683,413550.802679877,-25558.718662867,50484.781445520544
9231.043586245383,763408.0959919421,-7690.295597948003,35051.419216071554
9431.297568153108,729680.7314508051,-31551.725016330613,60101.788621456675
6431.405802175854,348370.3779339715,-33975.283521301804,95954.05043926834
2264.6825615822795,255566.60659692355,-48404.783030499486,45330.8303672513
7312.052391715924,600364.4245722103,43953.6740438492,45365.43682307589
1835.689803612889,949924.86825409,-34793.448872740395,804.7793248742607
1430.443262401321,281118.10379963304,36947.437235770325,8006.745110087643
9200.959076568468,303832.5194594651,-14403.073081742026,4427.485684220189
997.820348963846,187302.793614182,-4710.283990281117,31516.695182980748
3883.9057819478307,942704.927745321,-25867.67107158934,30286.62712868021
2152.5616290787784,552785.182476863,-19778.789434282327,98293.25066115732
9682.070732414159,492434.8501364396,-12497.612034048376,24365.62291736597
2186.2962719517186,812891.9844061926,-41629.74616780531,83142.16747557237
8009.263853119431,86646.0468753975,29844.500233592335,15320.254641954256
1511.8404098267224,50140.66580063405,13230.562547840149,41498.084124174275
8811.557650288016,557014.4731692335,-46639.614109345,57585.59633551412
1662.0160399827366,605889.4160596876,-7173.2603806527695,37983.71102304287
1596.1984121767182,673610.3047582618,39065.67696998932,29078.90764715576
3108.416496107884,927359.422487425,37708.14845349053,50072.81383152198
1612.4919689105432,287213.7354895419,14313.229295138852,30764.08456422447
9189.181667170873,224482.57202559977,-41588.23307652016,6622.55934230217
8723.731305759242,690557.8099973405,-11269.298576091438,60343.313200240125
4934.8429009061965,516027.7352205221,-43465.3173537633,46040.87485632534
9009.227103184852,640451.4414185944,15213.085578044615,57341.551677686155
2081.303079712379,709458.660050431,8556.809663382977,3854.451473285558
1635.5014201736783,447735.6655002082,7610.795424996693,41849.44762588722
4059.0117315741313,143976.82815991482,-43445.5125424691,64442.993788824046
6035.711331130058,327026.09848697507,-28246.069148576702,94190.34090999555
7247.400589301869,851202.1039857514,-25054.419605375166,36705.371016108766
6936.360423165317,23195.241574039,31453.340240628997,47776.94644533838
7283.6386411355825,972944.6096379779,7406.672213756981,38423.25935690924
7270.363846472174,116547.0955044277,-43880.8616084446,92423.3883198298
1714.7720115007148,440520.5757033017,-6896.967485206049,99087.9269145671
1515.5286244141498,753637.6039689018,21637.255142973343,10378.134630158176
2782.310322666236,85065.63734250775,26371.929748668656,15955.791952165888
4497.511265235693,655694.1268471169,-38855.31300339937,92343.56311403887
6628.32077827325,93298.68362585489,18999.960955152288,23098.3409682498
3196.3147545516404,481586.75369515346,-12655.966491684048,5747.671966514734
7712.09437619915,48188.99201964743,-40765.02948221372,58212.07390123959
1595.389578224916,167304.76804194436,-7002.0100038648525,12533.641335678325
9726.446609312714,98980.25977623551,-13326.751702643327,36954.07709099841
1112.3978000530553,688891.4306765369,-38755.623901054205,58732.838116894214
6802.712069696209,110024.43207671754,27162.568237720203,69568.8622514318
1650.7065575059876,360790.04931497504,42372.36055879602,83086.88683945099
1293.500306778853,742878.3764577857,-43138.268271667825,79572.08474856109
810.6705214763033,526554.6999711031,-21299.52557327982,16984.435772566154
6922.2721314402925,871116.7195614198,-10402.759852779585,9256.76826208407
1299.766926569632,463878.2972620231,-15802.915759231808,72978.26414147332
8588.798873651085,672313.7570090593,6657.687108007769,21787.675201894042
9080.646517692443,770891.8097650774,10483.891299189243,44148.31115174124
2619.5693736442527,386647.84735935874,-26833.452266150558,34649.42537065501
7296.160815715246,445686.97448334686,-44136.86471704096,61576.29729946968
3752.2046064817137,656581.0768244792,10173.942815900737,44214.01043954296
3510.4300165439927,556016.2262192756,-990.9070624824963,82197.52239080227
7642.943900445786,807067.6276087301,16608.026121917108,26193.307473309047
305.01408704601164,201122.758134228,-36035.4909102876,4295.515963807772
186.26585286921517,490743.7022586365,-39773.377368507936,21742.23385636822
1769.2471253323426,112653.63342256621,48082.59019789343,32905.101439369675
7435.703507991387,567552.3127615693,-18290.272034426023,43978.1625022881
923.8013486389174,86609.61643966005,-30444.823895531757,42389.557889774784
2414.9208492618855,313256.17376517464,-18966.49203736208,64682.215111466125
5616.53965872135,203284.1686104351,16167.711993226403,8457.46533855618
7608.108457045515,56291.300402544286,-19733.58909567202,65948.0709858209
2929.7214343722535,357145.2263468864,1921.665278006898,6884.879482320427
4418.764117551247,947415.1853318661,-18071.97089222796,66543.9158708084
4637.622810655829,703612.7539188381,-36835.00920143604,1208.4478251464413
3385.919288677258,671602.0021425507,-32948.67239720931,57753.13331586035
8753.63527490478,974685.1554918402,-49128.72361578034,66655.10045029888
1446.8743028680897,816638.4103722395,2088.874376028194,8459.398041283872
4705.903615556884,780367.6049906035,708.1997283061137,22573.944556178827
5035.505820379302,697872.8546824035,48803.666803427375,24241.771567545835
2180.5665323356084,317855.61895364156,-12464.088502349121,70635.96841410648
305.2062092959884,703571.5610569164,-3714.7643082659706,70245.435008065
6171.663253532132,175426.7631014329,-4024.0191644859224,61067.19952107776
4265.520973403739,250334.407332503,-40768.41048704386,92593.67492765453
3276.764924038964,142993.9273073065,-36308.473622130026,34180.94272165726
3121.5435317293995,183023.64457680998,11637.669076592741,98106.7653633766
6777.400591897621,126272.83334472771,-20980.86905651937,9474.702093956133
6605.133694367614,98658.65392456329,-49969.08230813308,77093.35073408103
543.3306710519425,626517.4218456856,39593.22485747271,19557.425039844344
9587.016083672459,918730.146180136,5394.587145887919,78979.96453975068
4299.739868737833,492775.81935170497,3603.4876400916983,11172.71335253921
4758.828198191433,739386.2951479342,47919.429998518564,75544.31167372555
5296.403721799712,678620.2763372698,-9674.041764248985,60583.585312481206
2674.1766781010856,653944.5989820793,-46275.63202750776,71517.93807305761
3917.8988677193393,440304.0764515092,11568.445982359299,75584.43581981325
7937.7624543190295,247182.23067484956,27686.793645078462,47323.89094315195
3273.91320630403,98298.53769988075,40670.86171552802,81405.8374739611
2831.6439943818837,925858.0367388572,1523.1004352476011,43715.044690952585
5308.721830989003,229163.37596975322,-49298.88142288682,12777.76776881211
2167.6916531658617,214919.31758244085,-48739.8952018437,23078.66227521599
8468.891367705992,139703.3106698495,-21512.78925317752,59416.92394044145
5655.305396277595,573846.7019661986,3237.94295491706,67172.84997179502
4468.272565302576,680364.2193952953,-3873.9064106906953,37203.72181175411
6573.45166090675,672589.9496758145,22785.084462790008,96060.51773078587
4189.34802229531,39821.99154628582,-3389.9945270182143,82314.6349555851
8036.08350083516,31547.8998787039,4706.114244159733,18006.48747724142
5259.991988214653,807717.0300352384,25210.83612649681,90575.45487440715
640.0080505384864,155045.9907267229,9722.857579151765,45103.339925619955
6344.70964586545,777487.6751371127,13263.179553992813,49301.151614987895
7784.263443418389,232763.8448171341,16009.51234623867,34391.666846588545
5689.416612557054,966255.6821569946,-4013.2960578205602,33887.91030073985
7450.0646742470435,428566.7914697813,-20037.60047646489,39240.31414094351
3958.8189885752713,873716.7276052946,20988.431131796722,66423.00288353724
1730.3858307742082,541193.7693216872,25344.949296474457,80752.28340432559
3905.461172955346,246989.17047505334,-20914.402425361535,58578.10263523944
7898.236619956763,686255.2830546586,4948.573272642832,73961.86467150498
1909.4985710784952,403374.34267603664,14089.681153014011,86051.66864319894
7302.69904913899,113994.11331203168,3910.012582315634,68588.6806899011
8928.26233964543,367981.1644275381,-6807.7692348854325,66826.02645644468
881.7847953467161,322262.2272715018,-21174.180929005393,89114.21615617002
894.6757522409476,968168.4243786965,44593.153833673394,40504.78481280605
2581.1762172971885,249166.78607253154,-48195.433931987165,83946.50705011829
1103.5853822353315,871757.9364476755,-5987.976609477475,70996.17510559082
4467.913703956139,974838.5578354743,3597.4451924483437,18438.570205298456
9625.07108207917,160971.39473711545,-43276.90657795234,19807.987047695307
9828.092835784566,366775.63977247215,34947.84642547101,71526.2251537452
7283.793857918037,819044.3502627077,-33245.38085412709,62219.69538739864
3037.6309977686556,488215.90765080316,-9699.440716087636,20750.926382168454
4243.448822333279,611470.2695821086,49893.08969244834,43597.38631366811
7495.169081043718,853991.0011883386,-36988.78010866876,25433.22450944978
5735.380759513418,608827.887315544,-27866.960847728216,98117.17004736891
5406.169625839131,843315.2125308018,26196.621664796898,42762.5035800225
9970.429262145042,783144.8053437546,20213.033776662865,77162.63982743138
5707.272497700967,523962.34194540535,-41633.46546976935,36568.57498502107
5773.063134996009,494750.8354358212,-4121.548626069241,59662.02579040806
8919.973249515428,167283.48629426342,-42022.38016285319,63540.81469385726
9976.865585556025,351573.73872819083,30511.71103855672,41630.688144034066
222.68444172588886,938519.1529927586,-33949.8835669855,46660.39823107638
7120.43861388674,207830.76388704943,-48229.44639098684,27184.545234101464
4530.2432106215165,671858.6139052793,40987.870911978214,70611.33572737072
6482.780149925152,74069.19959617118,-41125.001045655816,68290.0786700865
9869.928560839935,444699.753153697,-45257.61920736408,58935.85924442888
3997.2051071072924,175508.81018785504,-11816.388967490355,25516.53569575637
7843.048468212246,670562.4036082549,4461.443756180226,17699.83117488565
9082.866359247602,560639.3043449579,-24300.296473859908,47055.94638327874
2461.162131738012,955108.4625440845,-41236.93245650165,55433.7952074508
8932.942115675165,907026.3701344121,48148.09092167273,88276.60191409239
1145.9979823591616,564721.700915764,-17224.77604321835,14115.273838430076
5298.550842462823,436278.6888417698,-736.976947077972,19075.59140849482
4182.129881594,522100.71006608056,11082.120190691843,70957.95850663258
1307.4549148381575,55129.818644041865,32927.93703231955,91296.04729249548
1411.4757684847568,748317.6447664982,-37282.42533607497,95773.41048898139
8356.618991489684,264587.3824950807,-20192.377877432787,63474.7033694129
7458.679176263107,615796.3889447179,17346.15045965297,73670.88957655696
5617.681390130858,384103.2687215503,19113.46350943511,5185.407389125729
9276.437653669691,741662.9417266401,-3227.353788329965,27860.950275073847
7194.403933494592,962717.607274337,-37857.6551177712,28244.197497862577
2299.839629919116,175921.2485618253,20920.58189850551,2328.41733411413
4471.161599858906,714129.6387063559,-20770.123472284828,17041.59404719513
3998.772193624588,43907.516011538115,32420.306949478312,89140.37066336312
3691.5354356196804,137648.91786752493,-23241.455509748565,55267.68857797145
6117.463783365238,447476.43211083097,8947.361419431174,10154.774536970623
1306.0689464239972,711979.6116109757,-44138.578573126164,71295.69114360872
9390.22195053028,214371.97310687567,7451.685598624637,87895.35059690286
2128.25403208331,553791.2521840198,9462.04886619385,49489.56621725599
7022.430564652137,510236.26959598076,9418.342342140699,65358.35116309212
7837.805117157949,418028.9757559903,39291.14714607794,79701.33564580182
5725.8687825310135,832709.4684164167,-38699.647299317105,59516.83161619114
5870.286573856753,841916.3083921465,-479.26631830593396,42223.72732401114
5597.411904532128,652073.924589677,29264.269649045556,58288.06271452003
1232.1558889394312,879603.872099507,-1343.6889456924473,50463.76220786939
2630.1815802586857,607895.4917312104,12389.125511867518,95729.70172758038
6280.283126411276,299416.8030957454,16327.734629673854,98602.90991164428
146.20109113925417,356115.4423656136,-16540.615411534032,65230.34909162122
6005.011298366222,500654.2768317211,16619.38766879798,86509.44946616891
7939.625481812624,206045.85228144293,-48507.51036229227,55460.11021468952
8855.81871730849,631894.1290611406,-35419.715184220724,19168.65132675335
419.60323642425857,211721.73940885707,-34858.32082674469,18846.79733228848
5648.646824721736,337755.6389173201,-22445.2717997792,2896.4015620091877
7541.834577851682,427062.91548191954,1114.6515641579972,7343.39029601846
1593.9553887798097,226073.92328938848,-32025.835393929712,85601.89846809731
4817.890015012837,399298.8774766217,6748.746185602875,35252.38300068498
8984.567746404175,212438.5338559186,-40749.180484401935,13365.050735322026
1191.347138223181,140109.68978488378,-9116.781640145913,53872.63209707433
582.3685041027338,64049.9178138259,-18586.209992008462,594.1992159432585
6069.815173714282,158936.2060203017,-17830.719432630747,47734.35183221689
6242.916000266079,829846.4869934722,-21871.81948308957,36029.78173437492
9301.90209352996,347912.31125784613,-1041.5021560075547,87187.8604884677
7817.033806001073,208855.71544603567,-18262.08053194335,71859.56671393171
388.1934193837311,692872.9789989882,-89.81474270336184,97111.71108735328
9868.439320346828,633722.0320987921,37972.89221010922,68211.09070751166
5715.299677362007,169890.48049071565,9458.422945123035,26505.842376894994
6246.478579830381,91364.96507221516,-13039.00824776684,90286.92486131843
5102.040524469647,231792.73783227953,37279.31351259067,28735.34924074508
5053.022879515534,627720.6328251418,32185.735387499968,80408.36293070162
1446.8231744546233,914116.0781808719,35899.10844649433,87190.52568418105
7042.594909891844,148519.37427913595,-45969.93265812027,52233.21324668934
9765.27889707746,374946.1541414391,-34416.16942146157,46128.78624081718
4994.783806553343,993053.0876902797,49546.95902029777,79413.26862583988
4407.224233464678,108099.93749147083,-39348.97850850092,31464.09883851107
4098.01406029914,402885.0923242299,5097.436675170822,75957.10011414214
5742.0016865094385,674101.7262486722,16344.211842497796,71269.54912442726
5883.72761009968,772455.7541321696,33496.681596528026,90563.80294682969
101.27047776629982,478406.70746886317,40410.78894602046,50758.67301302607
750.0453331595336,393537.0326572308,32308.803591867487,62193.31751803809
9268.302800355552,571324.7310208196,38523.84096441358,61511.16181072046
6613.967627049499,130488.97862351684,44930.91124817007,9138.932135487154
8302.8544456905,69097.81482069576,27688.62448134349,29708.5923271883
3731.1767963660145,948271.4343577023,31107.13562357558,48867.62984219452
2990.666798165071,360584.29232765513,-3225.73017632102,33145.77217097971
8222.506526826111,780163.8131623855,-21486.81160716651,70893.8674539509
706.66676593517,249002.6481813663,-41688.6268575426,41783.368285626246
9346.137210448205,447146.49455236306,12052.114819323986,9952.430468111783
980.923951611099,683188.5442100794,-39303.93645863742,41607.397748020325
8054.581138128232,165896.57274319272,-17498.146874858467,91735.9840299327
4556.430960442241,737817.7093099188,-45058.80350145121,26561.24217974963
6875.5223582317085,767351.1813357453,41155.219653843626,48462.94945589944
2227.765181235836,67048.01288488595,35115.29837808403,68315.79385041895
3655.5684374829157,472791.7960288898,32092.951513924752,26541.328735454583
7249.700098259422,761034.0451878462,-3390.1321716948005,98643.36427626348
4205.98272256784,859402.0884643754,-41269.56421662739,33594.09831493345
7604.821265619116,799766.9182217675,-18624.322510190126,64160.96264802866
1389.4550092843606,612253.1346223451,6278.745787496031,97111.79384005211
6919.217461054898,943692.7492712976,4268.701926945039,38208.60841903263
686.9745237905233,984668.4705542879,26760.590433581572,31997.934727909273
5315.303417243786,105562.79627885853,-20353.730243024336,99628.25931035446
4783.86915775469,93922.51411067373,18221.8604445035,39272.87820734804
3990.838910604989,552968.5099929858,-7645.890150780942,13209.006398077561
2214.071509197114,464225.39306775125,-45220.69330567154,83201.75542392938
9813.207683749517,436014.26035758894,-17755.130548239627,71564.15255725973
7601.674702251266,573947.2237087692,49145.06503541958,19112.102345163505
8718.016734737364,379581.4474655692,36368.77039274473,83205.80134064355
3538.84174138412,209035.01899391235,-45731.41408311813,69166.80900498653
9201.080119837025,164636.61581565972,7976.990899616234,16582.58523276559
6639.128169554052,669575.3798977466,35736.64965624038,68358.02739027665
9692.848175479468,968036.9098159065,6478.432477776754,34846.14024091049
2805.2846915720174,721456.0103186542,-28427.976570981005,27987.638411597716
6104.346380607159,455285.9930809159,27490.475038254037,81111.9803504844
9250.597222464652,210079.31866258875,-38928.53606508865,88899.92049613823
8333.684839616039,605693.499308233,17124.346188239317,98980.37657107941
3312.8321396920624,958081.0223789575,49323.62851073398,61732.04632206607
7022.202234562015,374391.24680451304,-10354.257108187223,98082.86206330732
599.84367747831,694007.1864870478,-952.4482898043279,76448.0196848863
4349.305301335724,420659.1749233135,42651.31278826555,99420.0120310996
7505.911167601548,503902.40062530345,-33607.702940669325,88421.68721066111
5155.067305948026,337014.2563898786,38901.643061091425,20256.09528263592
5637.8661196398525,482762.67899481906,-37661.57612870532,13334.448082550143
7179.6488853100245,418515.5117108279,48951.35445930211,83336.24837977246
8190.069766968156,647805.8826497524,6341.884044777311,88153.28084931096
1708.6010778655714,656738.138692346,-26283.04940068661,60191.768534074086
807.3082985654822,900512.8761260053,3860.959672465804,80454.73357901777
8413.114877035498,667870.0365977328,-8876.973145421289,83299.1813847283
1974.6640932479231,929392.5902408921,4406.915243400508,93360.45544844502
674.2813796625192,589383.7160632043,-4032.517744305187,86858.68354173507
473.42712164851196,210424.15194416288,21758.916406070057,38349.96744037982
180.42067843411448,284736.7793824077,27146.342433446218,60957.60038343135
9942.109675436803,467128.9974981856,22983.919623467023,73216.21224134881
2086.5463271871763,320554.10100835084,1378.8333022232036,28884.477618195913
3081.6250873264507,457226.35621629347,17902.082451778246,27429.586227430358
4525.025241705267,585744.8125659493,-2426.682758429968,82359.42847294168
543.6944209274575,637825.0575449462,5638.389088175587,62176.01672743678
8756.496959185826,507007.317144291,-39025.266291527725,34446.372154576646
2041.54410367137,226104.89538576305,-40098.95088498028,37334.761374105765
8750.113534598502,160175.12319435386,21234.150822733864,74912.78172175032
9721.953788000308,777440.5389509212,-40372.64261957936,82661.51135903738
1482.1636245829018,841857.1681969832,43541.05719206542,37802.550936034575
6337.722405937114,267921.2313495458,-3362.4024706167183,95442.44485463502
1742.1436017288784,970825.2836970553,-43040.96744326892,15987.651128978054
3259.6087965010856,133219.3893252595,16937.61677577888,11884.862337676872
7735.335152068306,93602.11409175357,29105.41236427246,82464.14369575772
5866.814200534297,920761.192009567,-22689.27031976513,24510.01058969905
6270.957041498849,493702.6445771436,-18684.439732759307,3158.21850680843
6355.066504175874,677152.2502065371,23839.53754599033,42813.72338352673
8824.948939346756,68982.35127664314,-36567.60281793193,51007.86184611511
6501.370470811185,637811.6412158197,23998.305551590733,19460.532569792143
2266.4513340047056,766545.3114948013,32361.79717671995,56085.78318935544
5424.483470204265,490767.1451545457,8956.53564147518,89276.82318353726
537.0454638219912,269664.98775565194,3534.4638075294424,51529.23348784167
9880.1839993785,31565.17953064903,7734.321413975013,93308.70044084355
6071.813945421815,536171.4543616273,-30585.051418137977,42.32415488181207
7130.390343285493,751248.216917173,-20149.840464377623,85210.18322377959
2251.284308989455,392757.39314913977,4198.396109747737,10736.48761614785
2925.19585026331,164352.98533774112,-21898.20278423502,42227.331573906056
673.3206675602144,394656.7074940758,-1164.3365349745436,81074.68936572896
9636.880778027193,348882.6377990467,-1879.2179252534042,28043.959300474064
9534.022079066448,385148.5266390206,-4472.56666313437,23685.040585096085
2084.964875513967,475205.7597879706,-3658.6993548274404,79754.53549826589
1906.694541806092,814339.5805087467,15827.954336112467,62809.39816985599
1091.3616248987457,185835.64212096037,-16976.04529681571,16229.910434994821
5207.954064504919,501678.57136935455,1499.0079207447561,10152.624318321246
7304.6985326225085,753042.782883675,21975.095196874594,90141.4882296647
5640.029018233638,431655.0917050327,12254.762872044492,54898.07986078695
332.8650643014652,986253.6588653727,-6397.655657683477,30909.479546631614
3898.3182427765796,877136.6343505619,49538.11008024965,27655.030189063167
722.8483655258267,786189.2048280303,2946.907027885856,50840.836610201004
933.2725931724517,949796.6020304138,469.12441517739353,23103.534239863886
4826.925441470439,987695.6248252399,39333.33264473072,11722.522390953638
5055.660049808402,122086.48996255118,21106.271027509996,91102.48719596252
5094.2662003778805,138221.31708461186,19277.321778545433,74135.72446427277
4174.275893805963,530205.5210577943,3160.9737989653586,31026.413435747036
827.0167043887,863892.3395263703,-30707.78272618122,76756.63931523384
9455.162615934294,292520.5203897105,-6693.813616155552,49096.64984770419
6939.922620714865,500140.07330519403,30234.804653094077,17909.450256315617
9191.401582329932,662889.5056082476,-40780.427615693785,63472.53168668514
762.5527543937194,688833.9714468368,-10168.957224040387,36637.14186843015
4172.53702743912,103341.8456861936,21501.947767849866,66868.22332365636
9423.190329716559,328872.5899677352,-24977.65251486712,15555.742094233483
8342.697303188406,545568.3697512861,-4388.435497793464,81460.8008503814
2853.450187935568,212185.81045384193,-39226.93522942365,52757.64905031742
1036.4753704098462,395674.3441071712,12954.913103036102,65855.21920498276
9952.686811628402,882101.9260888782,-23020.260937327275,75029.65678404472
9581.629512718795,41648.48745053919,15274.641696083068,58871.79387662941
7951.254398062233,976031.937887433,20122.828831616862,89651.29606343436
3557.6682705274134,788001.1833394115,41475.19552843891,69921.81420907975
7511.682327314575,619424.9448686007,1301.4579677167712,97039.12305231065
4499.3819910021475,927025.0818246118,-48973.14276799026,50736.919106383706
8606.82747101016,962947.1574648098,-12708.124763671512,11502.58462511018
7334.382681968344,741131.0229507587,-46911.23430319552,8217.855885764058
4714.067954029864,999838.1623466221,16270.19314578212,62377.07603722475
2343.71508711091,55712.70038745263,35491.54989871691,43168.24190510978
5364.597952405819,885397.0336722737,-5159.920732918479,72799.83237126133
8934.602533119305,626992.7569452148,12720.211418771185,24678.978767365854
9586.888363276104,645551.9554505827,8005.992950418928,38394.247868413564
5014.387560399348,414303.92737921554,37037.88529298171,34928.909671987974
5283.374643746703,66466.04494639116,-1267.3930503258016,53128.28468189337
8254.733197680129,351258.0443620229,41891.08387253275,44167.361520107916
2079.4355369470586,902132.7278497019,-1268.9640427957202,54612.56888690752
8035.142880481736,375256.0338232849,11737.052588370287,644.2152427003078
7683.722119481707,41913.81513652196,17112.494423757453,86103.813677444
9354.867481475276,919792.2193458381,-2566.104800965826,45253.08709880977
298.90543341852816,744973.1869468644,18550.019821920607,97479.19068115285
2502.2551430209583,839005.879276931,21334.046006816527,85653.28452969684
2121.8980391967602,693559.5473753894,47588.86063113465,32447.26920601865
4770.6134975027735,618933.1791016913,41221.73693531993,89636.14688310992
1472.6179761127123,142090.9437546338,-19253.81021039768,74261.1495655159
3009.639742228125,374912.8973395107,-32764.89822644737,82501.38020430304
3590.353968539226,183994.5946435686,13040.7361856005,47199.43488286038
8301.486887912257,999598.4614802487,-49086.491889836616,58209.05824782598
2636.7971607871555,603254.9318469357,10592.977797186446,96080.63250331877
6550.525447311926,411030.24523546913,-9489.244462336886,39072.841537235756
9944.798591293951,162622.98448866952,-14063.477419577495,91076.63165036406
1275.8637421275732,615220.388066691,21714.78503947427,43760.120154368575
6051.917614541795,465440.26601977117,-22318.72026308468,30090.88794271587
7395.689447499666,382704.02255174925,-12085.501348421945,48364.64028096022
6557.822940081985,73030.343294922,41169.08098840699,35966.92191997655
7292.496222770765,523509.3968998879,9154.3141950325,50317.2747257122
4344.608889364808,104611.00764642785,-18237.655196540647,70792.7584686113
2948.2543970544807,970000.5956374507,-6082.89292974602,69900.56227964269
3199.0884652457876,651680.6286760767,-12593.569462018204,14566.958254408946
438.59261302090613,482045.4552983321,-37123.87557874187,49132.6098226524
376.12665443140236,903831.1360915145,42106.295551211355,80491.8240947464
5575.048875899066,233962.19560182665,-21243.45473256387,32786.028962802164
8142.077420380326,447941.363640673,26958.086612676343,64159.44306254758
1984.4570915420788,47697.66231636728,1447.25924507554,41307.482504780965
6837.383560092349,427703.60205714713,40376.28089692647,48896.18078287319
5414.528956165927,781690.4467368771,12503.530850679213,70403.5192345836
4497.406235062275,555436.5328492431,-5842.979452452499,14531.225384096446
554.694375881054,169871.88749776105,-21818.84911444454,77058.26263112179
570.5431263135574,953137.6161942362,-32981.75953897569,21854.85642418822
9161.263631388972,30258.124728863473,45142.70846612059,36748.63571707865
3772.7001611438127,404728.1120721253,22257.238487376977,70032.0116671508
775.9743914573114,867586.5262438835,-12023.396074161596,81622.70330594927
6617.177475130519,486443.93202709744,21166.297383888173,49236.824794949185
9826.98224569129,319449.0789446282,-47330.5543410074,54406.78331019688
1659.0326943838752,787325.2743423509,-11153.010907604788,35773.71065526975
5401.362703092458,380376.58354198956,-34827.58676574458,37806.943385196224
6992.985554356398,76758.33493688659,14063.787812800474,1950.6688952809047
2478.1836994517125,163326.13625349148,-797.7291935579706,44170.492105584315
1043.924183481435,881022.0248652095,-10222.393202945888,37970.39524771246
5911.210525097144,203025.5530390706,22417.598998310757,75173.12937746385
9189.075801351439,475793.16926777316,25999.902472598173,8104.849712744877
950.3095921185212,450627.32955846813,-34889.08338518855,86297.33473569923
7250.906257527523,546562.7754793701,-8392.045885996224,88418.89399882479
6590.608258723186,814125.7413009156,-19442.725482254307,15867.657484692189
9399.809447057618,393917.12990448845,-33238.0485040809,58308.62138886574
538.4785454554785,603990.0056410974,-8840.00474158526,63408.49701763195
505.64722899861357,545636.2018433025,12564.514392279445,43120.0159818669
7083.402184451887,348466.47503556806,39534.13111046447,27090.046958361636
5477.207962071409,762563.0773694759,-10396.733330857656,30113.550320305203
1664.783867888563,868003.3307312833,-11331.69111490302,35027.960913475275
628.6392918552342,190197.06937952907,-17982.902968262628,5040.372509436864
8422.772446473382,623250.5636611984,40305.55875777351,30202.441045935502
4611.922484086292,792963.9421537598,8726.719487339098,81595.66874206407
9522.153442366312,436088.67539074615,-34316.23207856937,93762.3094930004
8954.44922837934,753116.2689284871,28470.173780191384,21014.863510773495
7538.375235083464,428138.8930917187,-32223.62209798193,16479.727331904713
740.7641091179007,41216.90082076109,-29716.13082566319,64078.26055753789
4694.771763227974,726208.3241057959,19173.94772492822,53121.16805474145
2477.5322522214215,430159.0256041548,46069.8319571468,22789.75629530693
5240.044473132091,89123.02661346788,44747.21294399703,19500.279708609003
6680.800187412455,109675.53912186685,26889.730982142195,3995.254828510586
9755.064941643324,575402.1372094068,43232.266446936424,16978.25681857259
5224.606528965753,943291.1275184917,-10373.6397496489,62206.40215099832
2678.060531609995,156226.11221729268,-33121.52757757345,94177.33911316993
5990.009396975258,594670.1554567039,-34346.83299510298,3895.26343293064
6837.2481580835165,503152.4644969231,3299.775910572731,80673.08275692601
1853.591130928588,795313.2838982304,48152.455909290264,90525.58109171406
1279.9762141128012,585031.7240060109,28669.969403065683,52431.00546338744
9554.501927712796,550556.2849953749,39722.91664370215,12586.226382625231
1187.4357853403706,853577.1279961702,26402.60648189795,13753.244487618687
8479.107649706746,165823.7367206907,46917.0600411536,31892.4680481119
1164.009621431642,902040.9370415811,-9543.845489644518,5500.857928935377
1902.300976392326,80091.24732029367,-46650.763825070484,14420.698328564851
5690.313213518645,186450.5396060932,-42594.997395610364,74357.36885473928
5724.541815692067,298508.85571056337,28014.81132351204,942.2182668647805
3028.9975632767264,863857.5699178602,36416.987678603866,62899.20875326252
2243.68637198281,581138.9147299837,-49538.83246141072,87721.73825571733
1372.3717926115764,287052.946302353,31278.010836535235,5238.665041492241
9000.669669405921,809761.8846337522,-40548.87069041924,14546.186074325607
8520.91078373261,140201.38331344764,-26395.575964199903,38004.9660392829
5238.102492045584,219702.47485619978,-43240.5614180732,82349.46122707805
8881.706818153902,644847.8102114496,11383.768983538932,61429.11782168273
1010.8458259621711,308629.9776180829,22742.928071124625,47698.77029911025
4075.9333101251127,450749.63611091045,21984.52211569772,10298.139026468234
6487.626372355413,799285.4285461509,25324.9820922621,66408.15904461886
5944.376548295597,530987.2578392503,43775.449222264375,19544.293872810216
1482.7531621063217,818089.0216926205,29034.94453278651,83544.8677271475
3240.1034666083037,845806.524480405,45495.2004751979,94234.95978231044
7757.000405594513,56580.66967687361,35743.07585424608,92094.1157419679
5797.3250090111505,344645.7517868743,-22487.205130289567,18728.7708365257
9126.71683155731,807646.9684009233,13731.697144058395,7547.981527853575
2465.5175210470425,340800.92011712876,-25880.42061290189,64763.622053212224
6920.225829323402,253487.69801274117,-3256.873171666666,30683.975602730563
1597.8668738108327,758181.8024147054,993.3096546068191,83242.20626278776
820.5782128093608,847274.9516329052,-40354.93032651153,95798.92281161227
5383.095294642791,554612.225093374,-33025.015650813526,89480.66335183772
7633.7196109318165,235457.9724076756,2354.0480414655176,26663.800050077112
1809.7349394946104,151127.843581209,44299.04659300721,76686.0129101048
3021.1349733758266,812666.8707212211,-1342.483600166037,47465.15374733466
551.909745959488,21724.175389102274,-33582.4399993247,17427.95377307854
3736.034208029035,846168.3824473567,-8424.7069899837,20998.700903829336
1565.6895273964467,623008.2359487063,-2440.955103346263,37870.676909708534
402.1395763769753,891826.7159468465,41900.90136614686,11380.761064227418
7685.077027576601,268206.9800841904,-6837.495868270926,74530.32357613149
3374.138639651698,668522.7290078918,-38436.50222389185,93543.1312163751
5006.691076717683,534985.3613482611,-4672.623083848041,48323.68526604578
6718.863754558142,22984.359309180596,-11549.049909891342,56777.03833108606
7352.210368130594,621527.5260542992,32419.9344520734,15673.80941612051
7856.263177969085,221981.62992038223,-15665.252306363975,74591.78078828855
3597.635557420492,530333.9031240775,16976.831195988256,81438.09026073701
2899.222916767964,93839.27754613567,-37462.66615281817,38153.70458026125
9158.437258204218,864187.6262656566,-38953.623057185614,83424.52444066931
231.30564882911764,406220.14248918835,-23017.51687989867,75571.10989126848
5419.650542013003,983743.1591244566,-46891.7989059908,83261.69213355
7361.464882739234,712132.4337528546,29269.381311171514,4290.748100427421
3399.9765873023102,461190.4796048411,-34288.11601289301,23388.15597671482
8594.801203790217,581113.9133380577,-24588.998454053322,88871.5010818274
438.95677910351094,189447.61368795522,-12024.772605863109,34926.84525579514
3558.4198914343447,717546.3541068973,38877.40786644272,1400.8886926309526
1196.280425779913,731335.188910619,2082.765143336852,6210.090062503493
9121.453700993874,693053.14733192,-38415.376038325165,6820.031340905386
6752.288935730242,638185.4546572759,47925.13754284958,46720.90195224539
9748.313745600468,64933.24636695071,49469.67525778005,20422.66807537291
8098.737695007868,652339.5051439195,45019.96259831244,6216.154629131909
3824.229961476626,97584.811763782,-5707.55127822826,9793.887636208665
2808.8812454137515,352985.42240404774,-34145.17155191463,33797.260443968255
5992.143869017046,608871.2404623197,-21695.02661774878,38454.169183784215
6175.940098304923,509790.6151567256,-20206.969677726083,86693.9925075023
8040.016826415656,428383.097711431,-6571.237804166805,73474.38343896344
609.0151562055146,153781.574675063,11682.669743769045,23527.057890263182
3377.6159667556162,399548.86069673294,31580.830928597105,4327.354677138628
9575.510685165389,159923.99496458482,-15690.243586203913,41815.062025519204
2641.8397487092825,262547.7369776502,27789.0398967278,45241.62164362667
4879.128606203676,880856.3980525422,38835.92379467195,44491.47947243983
469.6459823177401,599977.4886146896,-37262.657801839094,18323.03136022596
8562.495570322973,236230.56947452007,-47638.60638314334,45197.25699988808
5977.645228572339,692230.6638190701,-43618.38815345579,39709.765892592666
3223.488491157889,867111.7768233053,-3246.195951711554,47114.685754611506
1987.4220617388194,34532.04287898285,9276.634694272921,56026.44573399197
7034.316646982442,909891.8500977322,7883.533027798418,55108.14835769069
535.6447834664768,732590.7367024646,-26745.07860019324,3402.9434026954464
2252.4259516342127,29168.3960807958,-40593.851363070855,5937.381418303733
4708.030473465507,398819.7666358671,-41902.05753763826,86323.49502922576
8512.287752910663,654043.2327863213,-39767.41253542715,26308.867504304268
9336.22156995244,696076.52739006,5840.424462617644,98571.78003856489
4687.133064129759,287293.0168391503,19827.723386134094,53530.994823497254
5596.643472349965,80877.04205060886,-10651.676821247092,33537.56638928158
5609.694661916122,401865.43458932097,-49522.093895051265,78538.59343970379
7050.399582958546,303037.3160836694,16811.1089911576,56150.54900638514
2441.0232458170644,844153.9371267769,668.1445436511494,96052.48702255714
7163.269927324805,603694.5897903031,48788.9824803105,33707.01388758984
7976.434504874292,848504.061426472,38709.51666839566,71639.67566064381
844.8755069711533,838662.1685009778,-40544.36001504821,47854.95030439072
677.6536592846505,572404.7047735646,30757.442835663198,60439.7850116416
5046.068191218127,699070.3890111761,-1322.7654078145715,35003.2353819964
3720.219761199531,246817.25596875814,-17638.51752434481,37323.39061354574
5953.613293652934,86247.17520123962,36568.13071995889,27420.512734461623
7845.209393756376,161095.8117336701,37687.22042149036,23247.85337569345
2821.2217342492218,62791.15753080751,-2835.9059617355524,92289.39614458769
9304.345405153146,46951.57895864866,-44449.09506661972,17576.30264082598
976.0001992902434,126790.71443057315,12853.539476425205,90981.62070999158
6687.551881481138,590914.5670862464,6407.470037166866,71125.36036858897
9039.37672164114,541141.6255205317,-43792.532113060704,5819.768719621466
2922.0165992844372,249745.8246057207,-40567.4754948148,59707.26741862646
7901.5668897727965,74916.99404177172,30848.689526329792,6591.177035900442
1231.827451473635,388253.0537937145,-46161.00700204279,42932.00175837896
1488.642950960405,338742.106526273,28001.00441155034,54079.69720520155
6347.239542707932,643963.1424376803,-26431.03289223646,18035.050318798818
1861.2679623211625,701127.6169337139,-19641.08687452143,62880.868133177966
4752.641161506776,968104.3225505276,-30498.544452110764,3496.4250681516205
3684.156584561946,357714.15407231933,-30081.463674314124,70766.19117410335
262.27599575744165,577351.2830675557,-1683.3916350735817,12216.576831477987
5605.327428816244,850381.2649307698,-28589.679744694484,86862.07566638448
3712.7900223970787,955786.537961239,-27842.936560264065,99014.8011511749
8584.20624176119,618174.2673401854,37974.177452923905,15909.13507764663
8061.658873313741,691530.7707347028,38227.051994270194,92215.80238225797
3707.6450629113965,847001.5522131874,-39282.29968998053,80867.40104649574
2680.562543623,557495.5078404397,32469.856980620752,44089.997651776655
4532.919545006869,970055.9306837588,-41201.975597757766,91133.13622941569
3132.770471427787,250711.4042059139,-23535.732224984353,59913.21271984083
1496.7648775259156,635912.9971874758,-18331.961897354697,28632.822925659784
5223.595883096908,789684.9457949317,11680.655600510217,90411.39085980767
8429.515409966776,706259.4977756056,30127.487836013097,49059.98827202697
4612.984593838179,354236.8304817186,-9762.698074774467,97355.93773782333
3713.408191411458,990205.090892077,27819.659836178427,20520.470547530123
5779.300510362906,997275.2921654268,-33702.41287645693,27075.309253164804
1124.11574653294,507130.3949864188,-185.75188482416706,46851.7598126988
6623.3693746332165,782957.1986094426,-42751.33207818092,51648.51076811817
7894.566739937265,435024.5276524499,39917.006804678764,47882.03008951075
7501.844113075994,50690.355869306695,-31197.71555635973,62546.07967111016
40.12141362365051,346265.38844269695,-26653.1490321933,93894.51046279765
5978.953702783976,769429.9593171481,3158.312710197133,26484.22789746754
7484.159927913486,137795.54687457997,46421.022668200676,16562.77580127452
1085.698844581967,731722.2225401528,-5628.327136584085,38257.720076811594
4023.1502671139074,707647.0534924624,-111.09630699094123,43622.636516534876
3375.5556839264746,261948.77396060867,40063.248455503126,30317.157225939784
9670.254212795868,594768.3494690735,7555.183358823539,29546.211783451326
9565.751391057345,158224.21721854212,23615.406955975588,23856.24836172431
5416.53737540014,744106.1472146909,-13167.090101915543,79483.8306225948
3053.1735119219693,212400.6715131305,45992.78203523645,31174.74963863457
2948.844096731145,403895.7276356438,12867.139070402322,88739.36836491208
4093.9751876571186,57632.016514508694,11328.914481292952,44082.61836768421
4363.398520186269,727112.4169869891,-7130.268406885829,45044.67705537791
5935.939718770858,417951.09582134004,35419.38623164377,68111.0950490226
9414.197484157965,554037.7984844567,-17694.017511858663,65898.68825859697
5692.665901257395,139312.96135265369,-28737.92060533896,87296.26897061011
335.25467281113055,457893.2974938446,49573.665976963865,68236.8639594075
1248.637387269863,306557.31772892026,-29214.82090372458,69300.78909619074
6775.76130714403,20494.761177076307,20815.148473397538,92696.56582582311
7984.2380191245475,535743.3293481253,26903.53787018606,45639.32571389176
5887.2216929481965,989880.7517303659,-38496.835518140186,29744.026723003124
1609.7773578370345,216309.76667259,-34955.95200544781,26773.430412560396
5101.631665290358,796867.9185387858,-23559.070442505737,19928.49400053015
5897.585002202504,82513.88078093657,-21719.38807376007,36841.39613187721
7639.758469649259,352486.45314387145,34817.15309834326,25529.21279546587
6601.240825347116,718601.7271460324,25219.384802729357,77788.75069725311
3288.584978429827,313248.79520619934,-48043.37263888718,95860.8449504957
5351.001289384597,727163.524835673,34774.85457583923,57665.01166258141
9486.982370922977,426204.7758987939,-15593.005041203774,73502.97316318205
9814.482632111496,475126.85241409927,-13022.55209652234,42852.34108725864
258.67246179996914,150736.24278662784,20002.316842462256,13719.279260114214
8911.66831343838,916840.9235673631,-36046.76891113341,18991.684112119812
3031.5428376341615,959044.1992951245,-30455.92195679663,14332.078249471015
4373.2971196479,958705.0723012423,-9783.640824280628,70372.05454761782
5882.376806102908,182281.86059980423,-8259.753528972971,78317.76202805572
2431.70043076407,994794.5081954977,6414.914759450949,12548.590826969974
246.06049779858253,814286.5641195877,8043.0183213953205,56388.85451288678
1933.1463157224039,887936.551880426,45670.708411571846,37954.97475708544
6628.3314349814955,189863.47644705372,-10974.139829210413,41828.226857997484
7660.755905887216,515690.4039179378,6653.723255538454,59275.884848770766
3361.1272564191395,79574.7285472159,18940.493977992344,14841.160370425088
157.05231930890795,465683.63534840464,42531.79719789457,60345.05654245945
939.602116394227,627986.6362969256,-29905.56716271108,58690.84825435166
5835.208107808227,709758.4895933493,9936.1635131578,89334.63079671748
6979.8690744969235,587328.2074038966,43689.699544177885,94882.96642790695
3668.0493386119238,231381.10365796616,47083.5036359886,54001.36410082893
9336.531896464387,83514.40225161533,-41236.64555375567,9664.947009904656
7243.881910097754,825766.7894345266,-24804.89172782043,3755.3612621461175
7419.071660734604,436486.80209145794,-4129.55994713078,69105.57354515149
3478.201417122947,897174.5049553654,42353.77609508681,8316.942027469087
4246.146301065412,701825.1448267105,27150.014324970107,45020.52038972979
1770.3495577908423,602823.6929043459,-46060.899471720615,67727.26340106195
4276.868703403096,645582.695777278,-10585.172780675464,99009.46054029923
9894.17951471691,737886.5067119665,-41218.26560704864,13478.32436479024
4558.124542089517,509298.57049603754,-18094.670454993167,96870.39040585056
5411.791440003729,541008.5650351604,-14822.720804417608,85527.99050920572
9226.992120830873,907140.3348025015,-4651.385844969038,50656.74439695077
3899.4036807357747,824811.5105018676,45900.42087188772,94965.64218426328
9907.329203313173,562129.6851372792,3962.8868885889824,10642.988809106035
7774.41826650038,460830.25796651357,-43640.06731448845,7094.090384018803
7039.584703044952,613404.6585296765,-22951.83958076471,54464.26713022361
2012.7465192631632,953338.2884737347,35035.16486233039,4693.375149863355
9682.90267600392,951471.1533772124,-8196.287454948368,45695.75123107022
5545.455765795855,761513.9398906053,-19665.327793799002,16232.069099959079
3828.576560173871,743397.3052497928,-45986.98972821831,59137.318997482216
9623.79876615389,474400.86786548083,43017.56127905821,18791.728436580303
1763.9217761008063,854903.4770126111,-41763.33120788146,95069.15847398636
6941.691830290706,988115.9128349042,38318.23297811333,50470.08051141241
7525.622024851381,241301.10811618713,44154.099773475915,29743.977937173528
7804.698542440317,599757.3495943248,-33084.90461246396,92028.62382812492
5981.618515089712,184233.64234646052,30694.472446665037,74381.37801005847
2134.5873750351097,117466.63102740754,38883.90858126704,2550.2228567484963
5580.600510393734,116172.52332843683,34597.59347903392,39930.07194129054
8598.521825423948,831097.0479053862,19776.37574242172,18872.33107086319
7308.161138614868,379621.51358414657,5045.347750942616,29863.545178177297
4651.947408349842,32941.839527291006,42964.59533727437,53561.48642194644
4888.680356175107,72982.30453370689,31004.33358627945,8274.774047218647
3784.2368941670625,782975.6371113503,-42607.99415438148,51194.69701566894
3771.998487564632,920034.6951449558,2920.287617233531,15535.669921977424
8756.15685915827,918061.7089942739,4871.466842757145,87713.30830536464
8943.942605463086,904984.35773143,35404.94102966806,28786.81430274561
2118.219247611527,49578.48796242653,46071.062486376904,22615.03736774633
4099.76671305603,860031.3152712076,-17444.046221684763,89523.16534393546
7798.977212221643,818918.382786132,-20671.71315022075,38749.74992987413
7219.570601672911,397412.4919201294,2550.5007178538217,45541.322860338165
52.33154017894259,525312.0549167907,21433.22174163857,29484.6217540224
84.75856883548904,982870.9280773838,-46846.80576294836,79513.99733045092
8552.90715502733,845431.2865447206,44521.32696568307,18004.318909039328
1774.5998151050112,872505.5546915057,24778.91063651118,21457.296005046657
928.5641390095678,889223.4530413217,-11783.51281191875,18511.80053688376
8681.95520658995,199953.73118161727,42751.196641562055,67356.4619534328
6519.104479615201,821430.87931642,-8835.08326052189,74095.3972693848
6087.230507869062,445860.59499490925,-4603.162553058479,51215.68437097974
7650.238165485178,403248.1296222355,11100.562794173718,31027.753257689626
8829.62025065095,406587.6389206938,-30382.75147129612,42797.594373681604
7211.870654952447,573570.3423987465,27582.629860072047,34262.29912554819
1114.7039075468,824114.0457706263,577.2897563351289,68318.11005187154
3829.7725856577827,754285.725406013,46545.83994486046,53892.850514422695
7997.456822643928,684083.714956827,-32847.86054640224,76362.19359984808
8419.69859139749,489065.4468649041,-49195.9240810361,77341.96004349343
3579.73957991361,773951.1820068959,-10227.158902814706,96286.21335079931
8413.012145834535,550103.8991219839,-34351.99320548524,27043.66578132269
3461.326249484027,938179.5918961881,12311.177438046805,61372.47576895519
8442.882926700724,852262.5486552925,33677.3357353601,88386.24095544865
1483.5363103988907,252443.6716814317,-25355.54879315175,94001.60756236808
8780.118612010454,599070.4730634468,18008.295594379248,57680.58725161263
3304.530466375201,763791.075061553,7540.841344533976,75108.35222319353
5307.691268920179,450034.71853754413,-22002.994774014995,44919.87121348522
1845.3349296632427,988715.1246670523,6505.928075558564,45186.47531497476
7323.02464259667,863713.5857598581,-13380.66255288609,91096.06770127881
2145.6556561209895,886091.8647049469,-33768.9598814671,9108.33610828007
1957.1003450597934,816005.9558241039,-16352.118652801786,84838.99725412452
5668.544200879595,86934.98277516212,-17715.98637343558,42024.79082693249
6499.449921915201,358109.96126362606,-16233.3360234719,88143.49970791752
6592.979583438569,807921.3455493008,-48316.97863255814,18611.06184716107
2418.0920635413204,923603.6537834391,-16235.750868774376,5950.377852166566
5133.427757061498,660640.3493507885,28994.084832744265,12924.149450003797
7363.479181931209,479101.4337813193,37945.808973839376,59346.70802900993
5425.440165584494,993520.5677857966,19592.880847366832,41137.453996904405
3945.5144823988576,457938.90055544884,-4095.1728140252817,47151.18349543039
8016.355888234673,788386.0723866421,16731.49187638839,44418.2380279553
6572.703974867875,501339.38447554887,21795.05397888433,5650.0718056119
9500.167886995325,278596.39762219007,14050.713835947026,34213.49109954243
142.5034363650679,396515.3092201254,39243.30683838294,1249.442348715968
4335.617633597697,480722.7525855954,-49821.477823725116,47209.92595356615
6871.925887023946,426157.52123009233,-28956.206790634507,15809.274356284808
6386.579152216706,756713.6402397518,-32944.61619569319,82233.61444575575
57.4678775871218,408765.62495786056,-32225.46963015924,9425.085868329785
223.79653143303037,688503.223989254,-11373.032814760423,16354.986609845168
6053.422758415837,894272.614395105,44476.52156342477,70422.67683597702
4727.034525928634,52015.434523152726,-48455.078945878784,22464.755674365766
8257.636918315613,424416.6569190749,-30463.704322297614,87331.64994652856
4026.708909181357,722516.8135235665,44516.34187713059,35586.426098656775
9393.777684726892,652313.4732736087,-25087.553559398646,2603.3075642172166
3324.0558250966014,868271.6494052428,37942.53716369168,40190.99289339053
879.1701401883678,980682.2208356992,-18153.216362405987,32838.568255946055
9628.903745103713,454451.8832697328,10487.718925185865,75779.46172506508
567.2693859534971,883177.9954131698,-38799.268423187386,65291.496079884084
9954.110333393102,84255.58119105079,4218.273869483681,82998.82265667725
2653.828860429166,878284.3041200112,-27442.398539003287,65414.11814370577
2005.726411211427,929186.5459368775,-35046.81870287553,37557.10031850618
6035.826549451228,230218.31060747622,-48768.64275286087,55208.10498389446
4907.952526640518,25448.564877849927,49466.27669737143,44203.075363259384
9912.212899815528,476302.2855147403,37322.47855594935,47148.97511679405
1.9435407490209222,938407.2979815709,6180.90891317057,88036.3648195625
7915.54324165463,605254.1291313451,-34038.389007483514,43448.4184293968
4257.532920524352,262072.84264502922,-39002.31485204908,65413.4256506645
4563.555774364018,335850.31881797506,-37118.45737976074,35420.40050560952
1336.931031886841,825556.1179918764,-35104.12074955739,41715.13262449431
319.75814518543035,750414.170082491,14458.202164811773,62716.626909766936
7849.465919443982,803452.5215776868,-15050.844917859293,8241.561112108153
4052.086133842673,602582.7857624771,6361.266119106309,17197.045169353554
4836.424964106024,292105.322083726,45396.212441088195,35499.59388316699
4178.695311669205,583805.6479253465,49955.00550569083,1200.952302831948
7025.06255245956,518702.67173492676,-49592.9948885684,45148.957928567324
2289.9495611518905,638027.9859854863,40590.012366944444,74984.39084994543
4890.834607711891,495160.7823398569,45185.12137608738,47872.352847174036
5535.667845870813,159012.10199812436,16926.415132824986,53089.399015218565
7066.923700492564,93746.58646756565,-2953.012262156517,19435.273101488536
6566.693191265389,369749.8085341058,15429.208780148896,34410.80458754618
3140.117004935162,146393.2235301127,3118.494381872719,12201.137250426775
2319.844297631183,588419.0067623132,39176.34097093374,75726.12303118792
9372.09791259928,214661.00784288783,-43710.31699158503,24367.38830385926
5435.313969295075,910337.6112549026,-14879.848973600361,43454.230784607316
2385.216475382248,802297.5470021309,26068.10823459171,74188.14179924311
4595.576793029964,560367.8856499313,-1057.1769592525598,3408.4270615950095
8351.799415474685,367349.6311439145,35971.51840951627,51449.05245052038
2574.8670459069667,35224.30076615587,-48353.56565490957,33309.49037106361
7726.063308887553,275780.4372973272,44100.455865792595,43459.991615832114
3288.292171372762,700138.2348594887,-42981.72968858745,67824.38700837939
8057.691308075738,703544.7935227905,-41468.58276384063,57831.16545602922
1629.6397490119862,649332.3136484255,-25888.00509743173,10896.223578515252
9926.138723819373,139075.99593726636,44171.20440575265,89298.33234069677
2386.9463515203547,584757.7901151924,-36114.67960895093,75131.09558848383
3534.728353428601,603137.0036345465,2713.067240666969,2862.6800832731724
7024.885245772969,392547.944249147,-5865.203800087926,33007.4427957864
6003.598565752958,367989.42428512225,32335.285799623103,30511.055089593876
9623.03946886831,661640.764009375,11868.337191795756,89673.5342930722
1900.5648065436776,302832.9766940135,-1217.1852238935244,3782.12709824044
5759.120290770432,114023.7343400639,27256.12700563787,12098.724563124619
2048.962079504284,237469.0694496964,-25527.404590525195,69444.12422755436
626.1951357382623,741054.33868934,-21699.48397803777,74344.07591722018
8151.522882595848,201141.3790848705,27263.189649895576,60549.77043647033
5172.985644716777,345308.87351651356,-29634.472050334258,3718.01462800907
3269.3626997864512,78506.34402687264,-34470.67085037494,20134.04893815721
1556.3013664892544,452413.14373056835,9706.629632901233,37582.597543511765
695.1253671428515,289687.1368043985,-28817.95495863991,99820.39312624125
1694.6675990970296,962307.8950997592,-24858.653966509213,25576.063198902797
6259.3606369713225,466363.89205852477,-22725.055000857497,80600.97698137345
5212.213986913018,194402.09157630676,-2998.6108564315364,37017.23750715388
1609.1887175972652,200853.46806350406,-28162.665910072228,88056.68640134815
5561.88291641608,606067.4119874499,37506.90290045453,58257.48369142659
8498.318524555081,310131.87708220555,34574.73771565908,99282.409894922
5617.022900442203,128926.9353070348,-8296.563020894377,89745.75685453205
6627.480753771452,361752.3628973448,38077.500057158424,63783.29043224329
6520.426962535005,272390.9581663324,-46897.691096386276,77572.43869224474
74.33901074062388,213612.4433826002,-29821.947172478747,85607.53591384726
6079.8809876541645,648893.4468327964,13164.95170687895,39257.54627340047
9851.939584734178,824522.9183594675,-40902.50131093852,38981.43824676648
5499.282870428115,780281.9869981973,-11228.11949710302,68548.95090548853
2634.7657097471233,817532.0802866905,8022.119787712843,14712.205195234084
5734.394819506418,889814.3320185489,-3183.0972320656,28996.241986861405
8191.455187589235,222958.00390144455,-29249.552436705086,19624.242328541943
7262.293896029082,489214.989771213,20067.19749939411,71065.83386631092
563.2462462480148,533082.4225171676,25051.508014839725,76294.5168006801
9553.578599914086,675244.4595664778,33429.89922451484,32562.975198050124
527.2137126818466,245458.95757367712,25374.886775026214,95352.59483577743
9036.398891660354,615234.7710244937,-15234.222990021597,7126.253597443555
9383.357318431654,996789.0120021068,41553.20954646684,17611.034572860386
6841.369475024194,506044.1188940899,49390.68840299388,90560.24539977028
6604.604738750317,434318.42257090413,15137.687469300101,48291.69261633658
116.42873637747408,995883.7565192297,2405.3723779005595,39771.91301311711
6388.79289727168,156708.07225189015,-9992.652440250815,30613.628180894524
3200.7075619480684,83470.5187535822,-22005.73356573483,4076.410843557421
651.6894663661199,461331.3022177064,-1107.4387187444809,31008.192234490794
7446.467374012814,513957.5748081529,9833.908195224903,13637.865775867864
8500.11489145489,919951.6676833926,12453.51001429907,33226.938589457655
978.1754070396287,756097.2856407119,-28248.379191845117,34810.8222452028
4724.233202423717,569733.8260924389,-17445.788337615,63607.99128406058
2177.773063076136,710088.540023324,-37224.97463992381,27147.939489662633
2348.0659054375387,571540.8024957249,36372.71065246353,94766.47018680992
3185.2036537479034,620562.188341805,5713.089295638085,61839.55874854381
6777.299676988512,672470.8076068492,2988.101015804401,99974.6307725396
2203.263638308125,334157.53969049687,-46590.742224619586,86350.80622730318
1583.4446121707379,654586.6708430336,-20915.039779323342,55497.30435633792
5895.834649899314,406142.9352859568,21807.355355426567,45021.80563559872
8463.407565031956,556790.9689147106,-34584.149223131695,13148.316341027488
5668.564219264947,925533.8091586664,-6029.163036190643,90396.66537438145
6413.544113023984,561800.1240184791,30662.494850544594,90333.44268724657
4121.053307635484,53161.037400851805,-35803.94456198771,45046.849196129304
7657.249287559624,705170.3842604501,-15663.741207088031,49845.58588711969
459.616695381575,392142.9650248141,16360.120873638836,98654.54996565613
365.1521673197111,808329.099094477,-34641.41514131697,66677.7701386469
6159.67649882724,195213.99202712145,-44355.97275556947,50121.701422618615
706.9738057657904,302564.0636724821,-22038.05333189335,4119.575161980227
4666.85210510099,558363.1150146297,37771.63718976555,29470.258749025248
9274.114260054354,795924.3667960827,31552.014117332466,46402.65082302661
1425.8085110512575,215235.3278923905,-35094.83607798578,59299.34484490915
9412.029459406793,759985.6989059503,-33828.37857279077,60160.92380990688
3025.9259835750418,751749.0808270517,42337.77020714697,40564.92366284917
7501.459135276891,378433.2408306405,-29792.848235345205,81971.13480241974
6752.854741019678,225383.0295564119,15123.912195100362,72447.60271990765
7727.572139305403,544415.4329050715,21977.98800605099,54239.30769428577
4335.014518268612,458584.8434661642,28788.05475881952,41074.18962982423
6376.086869630686,818621.4896254716,11849.657232904901,56698.810915004105
6174.102938688473,600755.8521221671,-16747.62058704032,36858.642771995255
3195.4335040739843,425035.9229431306,26511.25668941089,5785.59080441271
4848.675908309628,758263.8824898421,-25875.890764008713,85228.02380374256
9864.018517483113,726323.3555532063,2057.8267901153376,19156.26018358523
9179.862092772346,536937.9862117788,40483.07857221385,499.09287745949496
8101.653189864158,25796.339663247614,-22481.710545300637,67614.60046847147
2648.2719356959237,126497.95679282185,-36689.819866938604,97671.1520339637
2464.2108294158925,207919.776565154,5469.539126985248,61712.1582347401
2451.167674845484,41371.7008272165,-16302.710292943171,21900.788809515347
5360.5728524745855,874304.6305905209,1377.374045581084,45288.53257819187
7988.952803097,777353.7647033839,34979.32568471394,80424.11584207561
4330.929711082602,977144.5254715263,38304.83947705032,93216.98128007968
70.04661101141619,948558.0736193315,7929.048823150653,86692.1503186254
4125.493308415597,757047.8217669092,18628.625030479132,35620.98011966478
4623.204418686798,554117.8265673905,-6844.7830115970355,51484.95959649969
8622.689947519764,957218.7414704899,-20595.842945272434,55827.35365759074
7206.346525996142,589086.0495169954,-30155.2378599779,80770.17586236408
125.8926142622685,450940.4816355225,13019.987259044443,34321.59171583675
7100.958798559781,258989.46569300425,34989.555867170406,65071.53968940149
6077.754710906414,524313.3647209336,9782.123773738196,35971.01085602526
2281.1268009729433,162489.38232063781,-7761.553612982098,70113.06269034884
5731.209778161728,781201.3398727558,-45931.09793370671,62781.33708388447
9046.266022108344,451601.96797334874,44515.14151029344,63504.45795108078
1816.1988005798357,302339.81713268795,30697.050125263224,19452.387708092047
2606.611817647905,863931.904655886,-40457.40410212333,37233.45451941199
4741.186876431531,295558.01005728124,23139.559483432735,63998.42336589441
7410.529155971915,946371.7814572981,2414.5300124068453,10730.621537015671
9368.533752662333,799068.8344538027,10235.987435315983,40698.8414382052
8502.707506193228,994720.8123198458,-45645.334671953286,24272.320524303857
6902.7775473703205,904779.7358586395,-6964.192764110274,17644.81390407393
7702.3014760054675,558675.87999507,-38195.64687873227,57487.42705238623
6930.896830955805,453577.22330624156,8415.454732428,76147.48646798998
890.0799304296414,426647.9995278641,-15020.813378798928,32733.43807677903
7153.614486205981,419538.46010976,11109.66511953769,24273.390438687027
5193.646955842921,529857.2982601901,40035.234354343585,88107.57412948423
846.8006953544404,425023.0177719814,30797.759445132295,31772.662586229206
7359.795984763714,170159.75902824217,-46014.486480572545,29858.532132187676
4592.04346626772,893597.8443833906,35885.47083215277,8665.72371098594
7103.0612653406215,361058.7286242937,-23492.65951781524,98964.49281178975
1315.446206467158,932748.6047369416,-39377.03815186556,74754.02232714777
1719.5271714555504,476354.3724829151,17781.174990641375,11643.007933637173
6173.715020191124,923330.5238336284,-22800.35093553916,92320.48003828694
754.9584198015013,265884.26020202274,6501.567633523286,58558.407841514236
5326.5985899672005,417711.9129131448,19456.454199906715,59285.254693369934
2016.316085687826,902807.9780972523,-12799.122938700224,72492.33142296212
134.74339240518552,813563.4001601874,-10143.88795358564,85082.45119520303
2715.7170450096537,931889.2527644503,1026.3299846014925,99243.02420439123
1822.0253960469424,955245.9649034335,6352.1702179248605,96523.41467616953
2035.9047888723214,873228.3869283762,19111.104625641223,31519.022340774238
4141.423896710396,519751.1406314907,-29202.722607404517,45912.20536585961
3906.290057871391,100898.29441004856,22679.999461504252,90592.83467677236
4083.4960304605183,809146.2154847956,-34468.58032385911,18678.90104132204
1278.6255917345634,240937.26406143108,49030.37166022656,65480.275661811036
3166.516353045884,656477.7298336397,9790.708462152099,62796.36289238347
5691.377539145418,178151.4255324255,47528.94355637269,44411.05161020303
4347.345762880688,97086.3551562129,32577.34588951782,87246.0399122495
8411.8553647637,346180.28767064493,14765.080355702841,98356.21807110618
2092.088270452148,202286.2420813438,43631.39436960223,1798.5065054194283
1945.1619786982044,900278.242101674,3001.2186269698577,1378.1711491165472
5645.601157831897,457362.03133335937,9145.000870219854,95374.298737374
3199.0307683243677,177265.35167930688,21061.007792242046,97568.76297313633
8038.921427013812,210836.60814217586,-36140.35941075776,75250.70592010762
2093.604775697504,92100.35286131679,-28204.144650336504,49341.16019589144
5873.6674497401755,186962.72814192454,16187.071683070826,14380.134366969944
1905.2277551918385,865529.1405892619,-4729.574625939007,26841.122893531243
7422.482368323099,298391.6172259263,27994.585799378197,79085.66797339187
133.30615441237592,62261.84726710667,11807.796675528312,23243.254947401794
9084.579426721804,40971.78290485771,-24304.808309886583,34399.45363283181
1179.3024397840136,384131.5872748038,-15965.166113312887,5697.923393992876
2735.4525776330497,157630.97169983425,24283.35465213527,49309.52198841414
4626.928123090684,527687.9567069041,42068.44582125895,36694.40751090486
9009.814407500426,583294.6050376503,-29043.08508463448,49180.70505720835
5412.593855630889,500678.5715178447,40983.33131330533,25605.95500826801
4056.8237566243415,707793.5770689185,39965.821881929165,87615.21726919517
4675.179507338587,116871.68265299605,44701.84441146071,95182.33813095692
9806.667385958415,398714.8710030208,35328.29019983877,35018.59498548111
2574.1913577963437,993672.7789671028,-44553.3977656846,72755.54159249105
287.5541189663633,471147.7532539422,-16944.98468025244,6136.552842168819
6865.361940414956,81988.77873001,32896.46810633136,40924.22208462167
9032.189758932822,556278.9800861909,19522.07463489614,73828.43186787727
3522.762274409659,242792.5233789456,-27813.474915190905,7482.537755883778
5112.788304375768,405789.8563721349,7633.1287559775665,41342.83124893163
8196.481504306454,909840.7435246835,34892.66281153378,79359.00155921617
7843.689178564278,134008.54464211533,-12588.439803083253,70361.0815538817
9794.943756114522,722998.9191230461,-47858.579633232664,50330.95462675411
2690.6375604112263,44770.646577890526,-7336.830761305013,87074.13862538165
9980.919390566587,161625.83143905608,43985.68794264666,37280.312826839865
3425.7928388788705,934941.0389413374,-9649.960339700083,13558.574577541305
4870.295917709063,292471.0169696931,24186.909268596733,24756.198307574574
8067.526077963055,131550.28545329405,24316.230611776686,96717.24734195623
7722.668509958657,851538.410157688,-15455.598238077808,2610.0577729507913
8644.07248296943,324498.62851917784,-29994.11577833978,32050.305083958887
3912.817538575626,144369.0564917067,-22087.589740846313,6468.954546753125
7320.095955351327,481780.8750146921,31814.389567545935,4522.135989562548
1972.1292708742799,474196.26314261317,44045.55227950591,95812.57582056348
3925.233291444615,119184.95367961771,39713.24848143269,93789.88174667941
6989.026333557038,512426.01762018324,47413.24012864349,29419.672688438703
2423.6772730375556,421417.6554753666,26789.21899854418,16059.158748697055
5157.470263474535,370896.13652035344,21123.71767754377,22949.463188726437
6363.86315037291,656610.2979464463,-5661.584551124484,99832.59565823985
762.5977593090971,300367.0113552225,36098.36343481984,98423.70179948362
5847.319777177111,331157.9490681869,-3844.0582547709346,17816.814222864352
9392.55079481569,644697.2602029414,39636.84186793874,60374.99999720191
1055.7471415989194,136844.63765341323,-1338.2608978395292,22253.49699824388
3665.570030227292,145157.13026500132,32513.758316988242,58427.02458432442
9875.386842564585,867208.441355327,-1496.8013374331858,55940.14130344319
261.4052004536971,714333.2156229713,-21252.571486308534,21072.215764728386
9657.74166749652,705098.9450534038,4275.24187302182,36206.13039785146
9546.110799093578,584077.1381398313,-32818.60206724475,70412.6330462069
5655.712832559222,348380.5152638599,13998.439201157307,34109.765162799864
1579.29005011457,116951.71929010743,-30980.67279634211,52629.56871394999
1174.2132020478668,205734.56240741207,44995.811176609306,96121.85822016778
4792.844086832917,715627.429593768,-39546.13087579274,43947.53322876804
6974.321397298797,599513.6451487951,-2191.052831120789,80561.53600617811
6130.2953650176905,49682.62153337695,4530.169150194473,16858.26346992858
9970.03831548698,477600.8003862613,-39205.959564913304,6049.841046930804
3935.742751291785,784260.1354871022,11384.611177183499,76370.35743129136
3756.7080629632333,181227.091835339,-12961.51099293209,34246.81348148792
7381.515003974706,260034.08392140508,20999.421862310526,1050.1751147420912
6010.16743119951,340700.53443643276,238.67957724720327,34137.61502179492
8723.581205126442,358939.25004305725,-22386.217130718167,48619.6174252481
295.68405734988426,975999.5116572188,11179.576385587687,133.36917984503316
7173.783296315536,595116.7528213649,-10067.946891427251,10876.417596130106
2325.749111129044,224183.9086335367,-48543.27145824154,21252.315969100433
5677.952331608653,435528.8891822292,-3730.2563495057257,27702.572595092457
3205.782936382442,200576.8664742294,-43918.63527651817,23646.913932383497
4388.971290624802,839696.1700484211,-21222.151871812268,94926.52147245793
4706.819414544076,305670.4317846187,-48390.86719415638,33742.52123086473
7123.845543610858,153009.87721713254,-4113.821986263378,25804.72864952986
4104.230235070855,674708.3499078087,31433.176459329814,34253.25660886408
9593.846866119588,313073.2234633026,27106.319740559396,50888.25005126335
8621.551338276688,491898.77213024395,24882.124897824324,10340.709967053119
696.7882954507265,373524.11428917595,49334.825057310925,66039.96168785206
2018.4747273119663,636210.4539213193,-8236.351673746467,8181.069831162368
660.497738093061,654792.8200572308,-11202.722336511251,63368.027844354205
8362.067989217405,770705.0903267968,-1005.8171637389169,53206.354585116365
2326.549184949991,896247.4474033994,17773.854217494358,4841.263896048531
520.2830081643916,832359.2852685661,-39044.51003441465,285.30954029443166
4363.315345767208,529180.6135881149,-9753.004799802875,23352.005926372443
3416.818669502362,464329.1732505237,-49781.3937592509,13109.644043852919
7697.404210329451,615090.2783962277,35611.84023259656,60992.11161775258
4586.3964300221805,957610.7302242594,10275.89336727556,95051.22657716097
8952.542677292711,378707.8232758608,-45409.99168709866,79307.73811979295
7069.516309770863,794048.9454472746,26921.730230937246,18755.81593479616
7184.966107434372,130226.67550098596,-13512.609762392261,1298.4714462408785
2185.7495731233735,627649.0736266477,39922.54619838094,26739.03658717737
2704.384169250824,76184.31149287979,41936.55080823161,69926.50302408557
2224.637815115261,466142.92743536714,1616.758487318606,250.12788850691248
9269.574457610259,443451.28025898203,20264.377540895846,32901.41080987444
5593.2528580966755,479763.51001150854,14085.281057131491,18669.184918854608
3447.6782021978856,745779.6356886055,-44374.39895242424,88506.22346026673
9459.487845263795,449180.92562276847,1533.2177089668621,56703.4407386231
7426.2497699787,187364.60120324756,-38957.19780047946,52230.354029173584
7430.135947784978,949552.8900112392,-476.6594639925679,91648.25792533703
4067.131521700231,462872.25708724506,-35506.44417143074,28975.045170659454
2302.8232722815524,792642.7566962295,-32297.96131637518,17978.442500930913
5491.209526456492,698386.278125503,-43814.7089408492,596.9532981470627
6430.855291106992,193958.47567041067,-42341.72178960592,91535.50714128435
8983.117149481403,982727.0740948513,-8841.457386398055,63555.49803288174
4740.04211558569,756865.1744184594,-7443.723363867772,50576.491560773684
6504.946860070299,803596.4702592957,16359.197770509243,76429.57980528132
7936.562903230567,470625.0332483856,40182.4739461311,85950.00496154935
6608.033773024915,508000.73279804055,16320.336577728594,2069.325469740013
5944.933303490392,784316.9477223572,-13952.571613116626,57665.069383043745
31.871941072687537,431405.4925059848,-3405.6472987671586,54148.45213052555
4115.138095691222,923589.8035101586,38183.28513263955,80118.4221358966
2779.228178254506,425075.32058458356,49075.913023364046,82882.9082942799
7237.990316019621,922201.8637536619,20277.40070955285,23245.882232834403
2956.5145062375495,796051.4149423812,-31643.57376469453,59681.38180170478
8907.781932938487,785299.7949011228,34782.81074482716,1863.4278248201963
168.4805017744295,39220.114315263534,13250.628456240018,45493.331418768124
6271.285803261239,106390.20347969433,2646.09040001237,50463.57688902323
8756.2914801427,665925.9249743718,32635.913655700584,52620.1427158836
2702.173446734555,744957.0710351621,11293.297291036019,5732.72935279574
8668.051334094342,378581.4633642621,-254.97787301461358,34755.059899992855
3439.910383012139,716677.9378025873,27514.59021254169,44055.07556619311
250.83454753897948,965728.2403910274,24052.74831575685,65017.47262131908
1732.1900670968694,33192.21503529073,-43111.85433116075,46268.70770054132
1753.2908973561866,897000.7126076744,34897.23878338742,86747.25337814678
5519.972860999567,273374.44004802057,-43615.97561137596,86939.54420099412
827.8817746252287,562447.1828427286,-44023.44870507464,46824.689523667716
7204.187724930453,493065.9634252719,31788.568847577117,70418.7120662224
3821.813352301112,345660.40631193115,14861.082319089437,46281.70326307377
1533.1631402773594,165217.9481647197,-23409.992927196643,60948.98590730769
9145.730522514286,385171.2876166374,-43337.51896895691,67969.94462312986
9149.846512308679,487398.84163613117,33965.850458742,79085.95165578162
3509.229007413264,343558.47355779866,-44000.3063867984,66051.39043270487
5837.8777452912545,538619.5140931848,-11487.27563933839,61699.45587492263
2312.254409604857,688727.2490738429,46402.737318371685,27077.088685732055
5.576759501841888,692429.1004918887,19359.254213102744,7821.03313116751
7981.444190501022,376810.6361517336,11294.854795999665,37419.66120850938
3446.9080351191137,458234.77586087195,-28697.360766142065,57602.89547654891
2540.4817151560133,771146.1687336442,5693.65932169812,16825.17643566297
2918.4876894219337,707798.5374850831,25609.531245445716,76654.10720861709
3203.519171466709,396780.8710885061,2771.9057846082433,2850.052155341731
2571.6901373105584,888864.0416089499,-22878.166461667126,43019.608679969046
2280.7360436282233,654958.2558446127,-15581.516083335264,95948.57842128284
9778.920959163584,692866.7358566176,49308.075305822946,59067.651974140754
5185.09195937441,727040.0078823484,19940.309596513398,99976.7137867937
9393.11846497117,208680.42999571632,3900.9549681810895,35551.34574759825
2829.340516389589,322315.49123730755,2045.6905955809416,17877.741332999285
3979.5429046592812,679353.2176716736,26761.689289462156,20109.8698194092
7202.362087857216,749152.5410838914,34249.81950224718,87315.4726641297
58.920954446132214,383786.1472939336,-3388.1959270787047,67475.02477083383
1413.8830320956997,913942.3347759083,-11156.99330053581,66020.54536400366
2901.002566500437,990307.6934309126,-31727.02422867423,73648.72258495884
7996.63863569484,777291.4754436596,-20437.715474911343,1615.517732701477
4907.597290201964,774096.8938805143,27055.548622176502,21317.061981929408
1755.046395539208,541914.7611699505,18107.00964637533,45684.314493222424
5124.150058000466,335408.6929781582,-4063.629828229474,8766.583304031661
5949.449874858401,751681.2402299744,48639.07466133013,96851.71015078448
9918.91899931931,640554.3198012983,2166.5481914292395,59568.35182158754
3104.9975780220816,886267.2517661487,-20591.625415177827,82638.42977159334
7368.819075295979,892589.9862774714,34949.77259488187,35295.50678222374
4234.215812621073,160868.92825617618,-44355.86449313669,14857.514375661685
390.99283120706986,63666.81417211156,-49168.18495411647,98539.84684338025
2762.3428892788393,565428.0124783593,42852.73692485086,78317.57764916326
6159.170941782875,285995.40008984244,8441.828258373564,98493.14658009079
1944.4825101475028,662823.4580308737,14662.65962409845,37598.560192709505
1843.8860069275477,743378.0807984325,39226.097166331005,76358.77545295899
7063.643025980528,270482.30833214626,-35642.82503776866,71665.62812760094
9215.600708427988,350261.6581694841,-14185.181482909036,12859.2729501689
6198.720189218761,134862.9583955471,-15764.602253983896,71086.82600173118
3149.814306708131,310264.28128154716,-35337.41136757297,65105.486306182844
5851.492392661964,553263.7758941419,-18057.664307463117,57620.12262155738
1573.2074706246524,831129.2522812921,34603.179616453795,65092.926746139325
221.68266840124963,202410.28072911015,27908.570329274633,10935.450066060015
6889.892474098827,238058.84751820978,-22040.74381249359,77090.91415075873
5419.1596403342155,598274.100569356,-46959.837163075455,12237.403566370176
1426.8251017960788,72381.61419752806,25847.651411012295,36190.20557884722
2402.3296932814487,296576.6168147218,40799.43831595994,39554.16748925849
1937.4473093046918,407505.7448616872,-15679.190447913526,15274.664876219213
4931.791881473895,428430.67178328126,-17182.731942190687,74458.35969507985
702.6169055194354,239112.28930939507,42985.05083271042,92682.65763225801
1328.3117882375218,290573.2296704189,-7822.537676538086,4985.361743542183
3267.8929301525304,411540.7113422057,-27263.732942715935,17823.738398689693
1324.1802717093099,174642.31096918552,-6486.0836928317,34514.79667051294
5356.232919571918,907320.3235990057,44253.66042310142,97016.31368673207
1797.018002276768,444951.2608357234,34061.11508252869,31380.756826960587
3995.169616302152,251800.6408828853,23892.178437965005,46811.86330341264
7675.088969860208,819213.298709236,-15201.35606607407,78976.43083725749
397.5278602420529,129833.62301996836,28614.25055596704,87071.34766386302
6803.1854313518625,131669.86966913866,25830.306145305454,11118.720992070685
4634.742883940933,916461.1616221454,46601.4518865041,71059.46932206105
58.14606072081507,43075.40166512312,35138.49539431726,42438.51875951838
4641.843953737181,528560.6722697462,-44813.2698650658,74822.34110596334
503.0714857313323,726992.2154514135,24854.433019460907,28562.211103367375
4593.167037792626,429402.22680335713,-7252.19004592851,93114.27007769309
7869.297260150029,326848.0380279949,-5815.108768783619,15850.10093816821
187.85500390261723,323070.0945423901,-33797.589880130196,14139.194058506966
7155.189125941724,423209.77149969613,-6863.946487004847,65457.31813539374
884.2119338416954,560701.9299772413,745.8795148517456,70372.48515461179
2630.8218809281225,395726.544979859,16175.107205862296,61482.87088286513
1621.9723668047448,165498.6436887368,-36528.09553103056,87728.65776861299
1037.6038006827248,69194.68653138579,-30029.802083819868,37972.46075018883
9071.548705942263,188458.36197778993,17516.89269639604,80340.68137656277
271.91158092060965,878198.7014993993,-15650.600400288982,84540.67773487586
9949.31573790448,791787.0957695324,-11631.35012991113,63216.47504346688
2341.7939493604,929780.22978553,-39380.718467444145,15378.200877040948
1438.0019813980593,301939.72141721,48980.020382790884,80038.23254821156
1885.8118190434525,168589.20714787836,-23616.259821430896,11409.64381415286
6251.242716850827,799244.2517469837,-44671.95201339175,68370.17818756984
4043.0724615353574,733969.4732347133,-8996.326561663394,70367.65819774652
7381.362252519853,556062.3501292861,-10940.660964298288,9540.417776468003
7963.524454407699,583432.4600088713,20838.180935576107,24548.914227000496
69.44512201573883,920439.3506790665,-11137.76456676425,35462.467777835525
4747.571999012233,261971.9845387998,-21592.141859707815,11017.592827774148
1036.7613098868255,607197.0659411788,-22793.59971408934,89662.12782427788
1104.0749904164215,801673.1883861171,-5379.156602370516,4022.025868343648
7516.604678695537,583422.1851643973,14090.485207040685,64775.26689890828
2515.7930629834423,381068.7424860319,-31797.75696877363,44390.072001773064
1125.6106628060613,840303.5956312991,34438.45172412263,63782.217494842094
2201.34066401786,558695.5568928578,11467.530260078049,25668.908484585518
4113.612327809774,968271.7295118273,-49214.77607250295,57244.35025586431
4662.712496547192,800305.0777791195,-13419.412943863274,21774.793034057806
8031.101084325009,37393.013152857944,27892.25748203328,33808.46455818676
5107.441838806356,444180.1262992964,-48563.030964561534,65918.50513106772
7353.350186522116,349972.6307951188,-39066.32393859174,66244.63980643761
8534.456669430707,54011.821705546456,-40686.94568565412,15572.006674714588
3100.2667825697918,277318.48248742335,13893.568522549234,40283.158316883746
4772.694541302714,233789.09793074706,-18578.32643996836,63242.01723953895
3991.0351922077293,837619.9643789971,-184.86710246101575,18516.105072951304
8261.53643919222,144154.56777169745,46514.879931617455,77816.08332963893
5172.610100590059,936893.9765578776,9542.198680734691,36629.32004609616
3862.128089221709,164679.5140458712,16674.434534410248,86246.78249127117
7061.127037470393,539952.0713773549,20593.855956708692,54230.279309825535
2488.6441124191692,651511.0243960966,43430.684710101414,30339.696067472112
9335.289650436776,903341.1693431397,42812.72955228448,7537.544132077423
2848.562968849332,744844.8157812952,-26649.569098061642,58410.76239902304
7620.79644740163,67211.48534517687,-17572.412729800923,36197.42952462286
8081.013374498056,445676.45136019157,-2765.6024220843683,36578.633079423926
2904.8710619091166,668064.4792899436,31170.855405394366,81493.46363441476
8582.252165279462,606284.3132669,-37935.026758605876,89457.67461557985
6219.956853819884,339334.0723308582,12091.704524435845,78214.32447327666
4807.341815426941,623897.3625559044,-10155.198515417054,5017.2269259943005
3635.6395264065777,871754.2421169674,38705.324157603216,87445.83356649414
6337.084082864783,732000.8818792509,-27533.13200227504,63372.73346102465
9097.85939198395,30466.17254341532,-30881.01692601567,42552.641607695885
5999.275977164785,348733.2248719003,36756.71540831063,74274.41323658107
5154.475998531476,730817.9619003293,-38224.462252458165,5615.257971219012
333.3496635851851,846826.8043159064,-1172.6011743356066,33059.02325565677
4106.248761089058,979810.02839578,-35545.00462976085,56587.99434929461
187.45810295375142,774546.3503609335,-48112.200190874675,29830.42258726407
4622.294149715378,755139.6623451582,-6825.249938230212,62443.524284137784
7737.070350572345,222077.66357021197,-43355.04738664069,71634.49328268682
1359.0831522952562,498797.1703535733,-17370.864860179092,98569.58788408517
8714.136898294462,892819.8721647386,28440.977332224866,2394.0854401980127
7622.041724653973,447167.5207824621,14808.901904777274,19683.569570896074
1135.8895044937378,444034.41093324905,40265.253678162204,30369.59002692726
3608.8157855965187,464590.0015411333,-42558.74486319104,2530.4878331153022
4322.338503778109,486303.8261011709,-14217.517082350183,97910.76877106557
5273.263394823944,292329.4125112786,-31108.924124183355,7630.073423607264
4491.525857185731,836253.5287056818,-28482.778219191863,53265.487201401666
1349.2388750944162,369911.5884063692,-48836.05694427348,32338.5397962109
5721.60296968763,881989.505849687,32335.548531681663,9210.931718603631
8573.225928645708,690776.7670723983,-42348.4117111011,52490.67528096729
7568.789524076419,745705.3679367595,-10635.53039580478,98272.97689180735
7644.890693228633,299203.43109579996,-12739.586001406045,74887.8838896692
3130.2804954209096,72911.69014886583,-5510.300576832815,59299.31292218997
4964.606497855899,280456.3640736464,21563.686098458784,47897.80499624258
3841.1607989156137,362740.59547635616,30572.41809008528,15151.94954820006
7687.024616377209,601111.4106821414,-13381.964857730134,2431.114196793094
9794.391829578532,338779.21660795866,-38474.32244901117,26284.73986173516
2129.742555467632,21510.513962426998,46084.89129899768,20561.163160976303
6872.931358282962,564884.6408165083,-48608.97409156586,29971.529134067576
8076.141120402015,707299.949752288,-42702.53005990722,54052.05556411777
4483.050372024514,435433.66118069016,-3443.993661216162,99950.56541528653
4011.4460420334353,792005.0323184467,46913.94735016275,40060.802755638804
177.90780136837992,314460.5297056113,40253.16360673201,86250.80755343806
831.0817575639562,527594.1600070482,-12202.557397118464,86279.16891920101
9960.447393530321,283135.88234953344,-36518.850181745474,19965.721948589122
4060.3772263450046,864985.6282999758,-16236.58543407992,22780.848635067352
5554.677450519003,920039.5715207359,-28511.40406849073,92740.23274526143
7124.685934371797,991450.1740149972,-6164.860004370297,42839.57691433823
2434.398510357002,23681.10906637452,19961.329491004784,45736.41305317146
708.984215540106,616862.3056573581,-47352.138431300395,79983.83324201142
4898.437530139738,991720.3457937737,-49946.39713061224,27843.58860524464
5746.009968823937,305753.7122314321,-31357.766186441204,93553.71660172494
6981.454915548356,796341.8203879624,26403.940049316065,7898.418346040004
72.00284470439632,257121.79821847306,6687.717628562961,60025.667175234754
489.3855632790445,220235.74693963595,-2723.7836891220286,50680.63006507627
1289.1096936418612,138946.49829926842,-13223.480687760224,92370.62137524073
3948.574524057713,862638.8768049894,20966.612384636668,91450.02399696934
873.518957624908,869368.3392104798,-44571.28340300527,34711.234926419995
8757.673742614772,709888.1675037623,27617.076062212393,68790.32639038231
7068.383252733987,661481.1286621087,11449.190708350667,4543.822493099959
1331.3575765625042,309940.7353287144,10575.87843524287,525.594629607462
6600.595537386808,433692.28981585783,-7323.0146655606,79790.59566930756
2524.924519125221,475312.78342109703,-33554.06573752075,12474.72685351656
7760.479529813748,612603.8196655295,-44632.265375381394,52947.87539677572
8128.843498216976,123890.9162712185,27961.480341381,54809.74859843497
9883.458800854763,20367.20378669775,2849.7505545517342,99595.8405100755
6722.309569113808,172068.99239751432,-41166.24469306553,65783.46889775299
6772.765429143558,923465.3899234709,45094.44977458517,33535.51604160343
3674.8711730113937,39663.37854554737,4706.293360510441,67592.16569884258
4102.250484102075,64874.722087010356,-4158.326229084378,45818.545849257105
2585.190425953802,31060.012715261524,19360.465665730313,4138.889304803206
3338.359682502694,626560.3538230516,38920.59810260117,49935.44053354136
7946.001069115843,562046.219675175,10311.885639446875,55463.02954550115
7220.338942712801,934257.7867681822,20406.8061505925,80427.87426420258
5324.322937221494,226780.5183357483,-27061.687380132928,88601.78083396818
4337.725508281062,241494.14807251908,48256.16875259967,17190.69987644968
7846.000332795692,824353.3719421831,7279.681315793605,29649.085992572578
2844.1964430316702,434801.9039195206,6056.171470138128,32729.27746354306
273.6220454449256,269392.3906169395,36650.85650128432,66777.75633496324
5846.8283066807435,387078.44018135284,12535.274982214687,84637.74186738448
4466.889584300019,616164.5210227954,-27792.224622565485,18990.316850703748
3509.836311368247,511044.506804874,-16529.022080854258,563.8542127792467
2514.491884357184,850628.8422002685,-7392.422189360317,30364.252371912982
9411.853995182793,29754.613792913984,-22362.82268327705,27926.050221016674
6326.553576391395,209893.02076162762,32903.35185131476,74557.26242841608
1195.8131449050436,106112.57251827451,33431.453535909226,45648.30288129181
4976.715751730403,793526.2194180131,1814.1297601559927,79338.14628148396
8050.491635063746,738345.3067429727,27822.927727402654,60178.4353124144
3582.9132568253954,436182.07424270693,-28489.25817064557,5908.951919697302
62.78630782696193,153388.10517544713,14261.28813887079,33055.51405931518
15.910652656281332,375984.38131412497,9058.186322646536,42784.008271838866
6979.777443235417,775134.198986472,21187.63557936682,12291.92661929861
8224.66005434374,558128.9986180344,43655.093764346646,98991.46175436328
6419.644999038557,609502.1354808256,17787.739123323918,64835.792069003895
9467.54231545376,738154.9032169012,-11189.052373462495,6362.963975496205
4070.5010089718853,93273.80944075473,-21371.626024676993,32379.31082219755
5238.554101814562,314337.50797957095,-36398.32086735992,65677.09818589939
916.1970521374718,798656.4261959166,3817.319912042971,57778.69121348829
8177.504778023202,843657.5210529353,-17855.75765281512,96422.20545405665
5028.175131133912,70521.41126878728,-23672.311502701537,54351.27607442302
9753.283639805019,740798.2698295605,5430.819307502687,74944.21231242032
7962.418263894404,618273.5771580674,-36872.850709064274,15315.480920022695
6009.261191885796,324624.7360850848,-25336.73043720509,70745.1007359059
8300.567562257329,429303.2627447413,-8247.249185360342,85639.19745959702
5159.887463231374,341597.4941974151,-29771.56114142666,15697.630394412665
7374.26634905892,155975.186675893,-41028.107660680624,43562.24499263265
3327.5474085301294,860574.4413446474,-34545.02961080639,65941.95031566801
4711.79443598792,693106.6060842618,-46829.876369325895,64058.539049813015
7208.739740534299,818453.723339246,-30707.764408353865,41229.716605595844
3246.055572683412,167888.1058092086,-2893.64073501285,61503.579956532114
4958.63782652526,701110.752296969,-22947.993703354598,51481.35112733212
6822.978283589272,789200.2009041635,42676.16155494984,33812.876289721964
9083.097577908433,309082.62487768254,-26646.5095744124,45322.05257068216
5049.395859761289,968278.8074381743,-25676.296715520974,55316.955824246004
7627.1743189641775,462452.91761381074,-43587.62087355038,40362.19853843269
3019.4660946693907,307682.6840593652,2743.027784485472,90638.5588231108
2449.2106580339346,104390.07314316333,-22185.510460761583,19987.750826371197
5958.69228436009,220515.99424832483,-44490.74296336645,26837.669993038282
5869.557421673769,107792.4049728733,16914.67120063123,6426.304758600066
1324.611668957063,826859.1866496295,-3719.6592498663376,46089.98172447688
9482.993474850682,834493.146336687,34001.57294440287,44854.39102970769
3403.2084400223825,899361.1462671552,29209.993373317717,86164.44121230354
1423.8998566971172,341478.08156721736,-28631.093730216195,58311.65675928066
7940.119800436337,34946.01105375019,-29787.55895769685,60965.48972251411
873.260536904139,373569.5433222801,-3566.177849087013,58187.575188512754
6845.691828789309,514587.39493541984,-8280.40064853608,38405.62350435429
1096.542316542296,87029.46741987602,6043.042474935588,20046.27123631769
5512.952815379776,678103.5359272684,-27428.701267392673,97873.90621987237
4801.523868710636,813534.7702095405,36107.351906038544,59555.114579875255
7787.562237422249,305926.3075237115,9679.198444142945,14566.048234242811
8105.132328761564,338978.2148366044,45705.083167335615,68282.70249474692
6128.80028384435,524797.108211945,-26894.98286698664,42941.69083448045
1898.352139589814,496547.76116903895,-30204.761954260408,94131.83867094868
7000.661238177472,599343.0272900295,11193.671051782796,96574.49507367541
1898.2658283318865,178537.6606638222,-40319.178767620935,76173.16525784614
4032.11004198481,96486.16310876433,37401.99185207908,46660.7098162131
1176.2938786558375,996344.4150691758,-44636.92375764499,68645.03125745979
3985.5669119530667,454639.36779204116,-44536.38570827316,86451.77472268393
1451.6901712381268,143100.50246272678,-41072.80617912793,13885.2746356129
3072.682834864547,234641.44788779548,4530.6737392709765,33876.64690605059
1939.3614232060875,138399.40571137576,3100.148551927261,48960.48860452302
3656.4671627914545,134385.0730995405,30932.932870492397,69619.44499573803
7041.069855857568,699564.5912980131,34121.27952513241,55758.429329702245
3878.8293131652063,774090.3276302073,18194.96775486041,32918.02558046647
6669.079549315063,948916.0101087067,-46933.76275075949,89309.20033481796
5252.599446847102,24177.236605530703,31952.037941930204,22349.158037124238
5491.316218744503,231486.87764904153,-15235.083606757464,44100.79560651534
5757.088415219608,812690.2386165536,-38594.74639070558,73865.86875807532
9887.094090767721,762644.1081408685,-31545.96396831789,43154.66871035005
8476.250582825909,414227.84192808875,-36043.314011219016,13352.625999604628
3902.478348100037,870065.4301261966,-10695.071884532212,59626.93599686432
8318.510636140834,87330.38428172983,44665.02742698348,5963.968401392683
7994.34464415158,179526.287871434,-5032.781058369728,5700.832780181065
1857.3196986343476,672279.3893951661,27162.434630829608,49512.20295118102
6852.195587456167,118949.68032538446,-33731.00212908301,48536.059625413516
7831.500298088819,966261.2721503034,-2326.8214093910137,84169.79705120351
5086.800093508858,20172.136844599914,36214.10218731678,38040.63539209087
8344.443792697677,257848.65922330864,28774.726535527458,15752.10759688067
2074.714982335374,122878.72588458374,-23582.84369316719,56230.89044460701
3301.223750714406,767752.6539730314,14541.880159267028,74846.03372639086
9747.754942891937,490160.5514253593,-4883.0392980163815,22945.204010905996
3122.6858354414535,107798.66250127804,-26285.405274439334,59050.26371876358
9616.469125031597,770147.6406314651,15908.89482638266,17677.157098372343
7275.578211868622,375079.52589082444,2530.1085066675078,30592.713874979872
7816.690256618216,103170.2613254617,31336.936111398536,2293.6594995980217
8657.784889395685,963238.5974393515,-16140.001030881125,66590.77100013832
9468.217452250596,638902.1788052368,-49514.093579875596,54403.73347286522
6377.723260233964,237836.1083088937,-15707.204095321002,84220.01008191929
6134.695109405033,732938.4451884844,-15285.39161963878,46143.55509832624
1966.9698125435486,107752.03723293553,-4197.217923006327,88056.97568660631
2673.7500270342653,397261.3987507323,40670.44435539207,28143.36809443595
6565.175501418306,909578.1632579669,3645.5914653033688,11861.641298426563
2266.451601122711,664047.4883450005,14726.15886756844,3441.9284650889726
9116.33393721148,726953.1962075494,-12878.747187970737,52065.21633479796
915.1535814514466,327268.46163965407,7979.317350053119,1114.0642146365342
8115.464693877924,771793.2330531359,-15154.73156095887,15228.888986212563
5198.783063636696,631539.7732143084,5955.174707727987,84376.99732536411
1944.7736302270434,79371.3691655705,-18831.602353900566,26739.139595614957
9574.639596537847,302669.5249017145,-7846.494415582238,52941.072584307694
5338.353793361198,254199.17263035933,-4614.269069010101,73005.2581745473
2015.7628520355663,799360.8163201872,-10419.916654949302,24370.459242661625
2014.4885736762274,88663.37599865785,-19624.295771724297,74424.67767411945
9272.936580153424,750520.9129048992,49403.38935566219,4219.522993777491
6014.619861134979,301370.7346088375,-37690.331536550315,11381.757353134137
5550.387073006191,927630.2335092825,30877.192631204452,79710.43052771706
6788.044287800811,667154.2963270438,-21927.3684180849,50545.637547180435
884.2424449378993,186624.17790169592,41669.625392493836,96717.65956144304
5561.398890731649,475694.1997776973,-7964.175142577544,43732.797945850965
8012.809983757342,298741.09559293435,32739.3759758073,4825.002679641999
3031.9990567041486,760706.1217856744,-1178.3154376414896,96599.91758509666
9027.74138220699,594789.4528275833,-33100.37014813394,80220.71776869634
924.0923925485044,126650.36697444803,43701.89558910906,29432.718580764384
5595.140347858206,832287.214413599,5210.372002079457,61196.432005250856
2447.089966953181,744914.8443685976,17269.1231226198,77296.34487167322
9035.682177051263,559926.8842062799,-19660.307415342293,56015.42610485859
9194.836555863323,176425.310928124,6023.040955416429,1812.9542729848347
9052.802100753082,158818.73171588438,-48965.29309670744,7915.94677034495
4524.984988116606,782635.3017856841,5511.299681543249,11832.14290850687
2398.0195292595754,164966.19627273444,-43157.27956485636,27015.122636368604
5957.533913760323,131849.68933499287,27666.04261562343,15259.794641007962
5262.4565682374305,622425.6238390438,17223.256636351798,23879.177098359905
1631.594911257318,532834.41506818,-41023.388071557594,49311.02150784129
5683.6174114916075,501604.3352028764,44191.59392803692,4525.4961859797495
8359.447883495532,612665.7740895358,-48860.938959104205,61452.79746670965
4756.486908447536,402149.5238172198,-37365.59053556644,11622.22326259601
1316.9499882565183,700772.4022336623,-49176.911799444475,38301.89855974714
7938.015284263359,244881.36138621185,-42561.83359963297,21650.976708881597
7909.359064714472,126122.90031975288,197.04528065628256,4743.821091149736
234.04619297409002,562223.5761262504,-8429.12123243128,32798.33629499906
851.6361310688536,59512.3257872762,-35148.401272204836,40538.23355705925
1557.756795216577,561584.2611706621,-35742.13092965104,3341.713025927262
8002.285009155718,297900.85862480855,-29237.26083354423,86676.66894066194
1048.6665193964984,101140.41899743263,3392.1296133266587,25295.222087363
8989.797450936965,192757.41183844046,-43065.31992119501,38757.99448475461
1641.2808881663043,222479.05045966164,11319.95557085624,43081.20422413368
1170.7613011719354,449361.544482486,-24636.66016730057,49647.37077014589
8672.431762941098,69548.25779039762,8142.4213227739965,51992.986121289345
9958.697761490623,809016.8344820783,-5038.999624528173,88684.24987813269
8816.375396432368,28371.016828567015,41673.36583092998,36214.549706726204
1062.6867057832224,631128.6092715326,-8917.238384429424,29705.090937806577
8136.712551653001,586975.2557737399,-41805.506401143444,31162.685299290948
4674.846782677528,817099.461636111,27295.44217909324,65146.38679485593
544.192747925758,379992.9614305679,-46851.78696938569,19917.31118720467
4145.7288824898915,862995.3538606764,-38970.47306316437,68493.64955523792
449.4633905757284,67381.69469572193,45908.862689591595,98505.5174244205
4186.687841776106,752935.7302713003,29754.805283374822,52341.95246567643
5899.829346611847,321721.5794219074,47772.9033148732,69805.02164516013
6138.294166617554,990160.6238125337,-679.700181250344,94333.6810997667
989.0824564792988,83540.64260352476,17308.755153218663,50832.62374150774
343.8483380890245,187727.73135070154,-18900.85493952367,28239.10844797778
8829.466171658829,509122.14684250223,22206.865169788332,3183.297285416387
8167.0597045609675,665792.9763604635,49579.015091404566,22445.405902140603
8874.834584677406,680246.464468266,-48229.35430230362,21385.533597269758
8692.953045823195,407427.263526949,17038.727733655338,93119.73826032532
4884.072456916543,790321.1123656655,49188.920498535226,38938.5875182253
7651.066378304745,929922.8197940383,46951.663642222935,24312.043566824814
2313.834989242084,346351.65021776897,-42269.54502610049,36797.21471144942
8599.999286580825,113542.15496170046,12756.613752379119,92263.15261867056
6429.671929185027,731206.9224875375,1.2757904532481916,64069.55178464501
8912.377511109898,34662.79541118361,33636.680808475125,16183.833307178507
4924.597665423579,155631.58779706556,34405.327601304176,5693.762586594675
5599.295089048596,315270.7583468476,43946.86852484691,82770.43176228662
1334.1710837321807,634458.9560295534,-42050.86736184809,56859.053541346126
8513.29612730305,665756.2341009012,-22069.03153979981,16722.690252775206
8037.145121514163,806477.6244303737,49531.07759795386,88936.71192014331
968.9595163210685,282964.2613506092,-23631.610667948567,94529.39667379629
130.75106168244034,602404.5752555137,-27144.072711591893,16686.77811036866
320.14799323149214,630453.7094612817,46791.53661742738,23787.4835727643
3969.679812684922,890418.1897359133,-16884.76807569299,1505.9662935228203
3532.9856823990267,732917.5645501136,33914.3700300636,35320.19056684104
6657.8203725616495,93704.27169855202,6574.1969916799135,50482.48556970033
5293.62514947187,821717.7969763408,-18087.221242198513,60359.9356702153
5281.820480545151,799467.9879951265,-12794.292841305236,96023.3573141364
8689.866532368489,33487.87256689969,-4802.621046375702,90061.50118877157
7175.531516736184,423865.0746340891,19512.063464482475,65819.88005822498
1005.6931380421363,568755.9005218705,29319.36814862494,39611.162564012695
5004.398108512178,22305.3983061156,11675.114088982533,77916.83693552531
9667.782566696584,582541.7358638021,-31349.931352505144,64197.40382179214
2958.8593470779488,899581.8790250259,48175.35656142562,20651.108161027987
5883.060061971648,463881.1535018723,-27525.22703185758,99108.81298999178
2845.816931915397,79277.98770090088,46020.68202479667,2225.276878675375
6006.352180196503,366229.9809824117,-3858.486299724216,21224.816786920164
1367.2422874423285,836907.0215097839,23725.34313918448,79681.88115965229
3177.207998770013,415701.60636107356,18905.405862287327,54164.85166985743
2374.9758089687866,846236.056909239,27179.811025955074,2043.9146425451415
4264.944988190578,569090.8723948501,35109.15805424236,64361.60595860593
390.78648246490764,113247.99490965814,-18447.897909403553,27387.22040224696
9660.987736370214,278637.3572997853,-9659.604729096849,20323.966631317726
4180.753603396365,557194.4889270552,-36638.74720784048,98610.39767504139
5957.557171296013,325481.42565260304,-30793.591700957957,12355.288371122364
1673.0307180085913,703193.2355413577,11863.50457069093,87667.82951889864
4051.7755649472533,608765.9401585668,-33633.02520185073,54992.59536402654
8.057014088688197,955822.4988031943,23891.903077614654,43031.483073912816
7714.2492113622675,662336.820721426,-2534.163558591419,19432.381855382806
7010.276359092055,868166.0490488602,1289.8329422650786,147.09124697163122
161.19160307171532,115995.72852092159,31601.512233775036,68208.57800697337
2870.4292871684324,445761.7446433383,45079.236177953775,39650.34140855591
8669.147285158844,483257.8059787914,-48021.9862424232,89388.36568845778
3327.4770153873023,129906.68205614542,15504.018324437311,3108.6955719792363
9771.382861947892,102567.6115889384,-23623.85232211839,52551.42639144964
8139.223461249598,229772.33983224194,2089.3598827878886,1054.4862694164215
75.00466502893599,763926.5236664431,-5914.027996892335,33818.27088224239
1130.6939692566286,817782.4885298264,-27142.493570066206,73074.87459707029
237.86620485908293,697884.613261273,941.0713165521884,82193.24842766864
609.3372401638463,407707.2118699959,-3159.3217721089604,84724.34221097363
2144.3288634560286,788850.1215615604,39095.27782402035,24487.902346448387
1436.1101392657827,799926.2127563851,-40968.25948476307,71025.28958967257
1818.9363427206706,159669.7829840759,-26817.58820891399,31090.257054523496
2541.5095676598366,243314.3332203346,11913.21047579559,61322.42352115926
3117.068635584771,639432.7861030301,-40500.24908338794,89845.67578958576
6175.610998329434,428202.4838544089,32705.290500859992,45256.51134570644
9731.633873851999,671452.1320262256,-10144.240252247713,60314.93006265031
7681.181362767101,149867.29877296928,-19526.4970051374,64623.14840412687
5554.864639492215,623375.6785614319,16722.789428120377,5675.076063456086
7078.923431286397,667002.3100763282,-27763.426127490264,40882.15869141975
5934.277912821182,546380.753908681,-8664.686097922902,24528.791733532318
6253.917510098073,984623.9943650363,22215.188426065564,73083.26696968808
4861.862785633968,95405.07361706185,-28625.660893926786,29887.764518306136
8032.321249083927,735865.7992482933,13362.234673304287,65973.63477314134
5635.559508566785,767367.0048612773,-20121.349637278883,47595.81107923859
5937.3916697101595,162113.1884255698,-4684.833939544689,73052.92761633151
5032.089008866527,79328.73685384149,22023.45776755255,31457.280979403145
5913.8902815195115,655932.9228089645,27911.12172745944,64341.50062303023
3530.1993535691954,873554.8684336395,-8592.879569645236,17336.43381913256
3809.9339810336874,756249.5505512618,14405.39374155162,53627.357220908634
6623.388368772249,381420.2272016462,22486.539908422914,63493.38579357361
4905.356997347881,370222.4913833047,-6466.088456014826,44957.4792952979
4761.166431310494,363119.36553040345,-29198.131324107977,49422.23393744739
4275.640543278625,761276.5347926959,-15439.676669842316,83139.17525155396
1957.923933432787,505131.4382945172,27631.142592938166,30457.033750066697
9280.47983218936,827739.1885584249,4448.342372779691,18017.065985987756
5608.45991170273,222393.1924099671,715.4765134893678,70411.19301736676
7966.045342872321,241537.6022530404,1299.9476941011671,17291.321687272033
2549.2417796444934,937133.3130306385,17695.44317110689,99515.95826905883
9670.003149733773,661408.7431787389,-26799.917490079373,87642.78660462127
8904.45287887435,171321.40410754975,33899.24244418078,69923.59766585624
6618.356639585045,400075.3376034901,-33391.52215064672,88930.62035087506
3755.89443547779,394684.4903823003,-48876.67341135785,6040.893424947358
7803.17256964119,709841.2474620003,-26560.787264413866,51228.06232940118
9175.800051983122,935244.2966155059,-20953.937537696256,71958.58259639362
8930.25252143109,936058.9487205825,-29031.35347276452,29461.964989283897
1661.6304392785019,304328.35905783536,-4084.9133567234385,3242.4002768208784
4725.814120831096,212922.6136346502,-26287.652528478513,55421.71069335241
2511.9062953059,273008.2906785325,-9851.037966277501,75351.26796059191
2391.2422593621686,101039.68944653854,-8588.364067460221,71903.12884625078
7182.144129152495,341917.9703978514,-10506.232735525504,5948.351895344439
7494.975506526488,851234.0887692168,12270.373051367766,58753.06457494906
6159.958227285233,891405.1165680964,9375.24164788751,13370.542337721148
6090.587724806057,884034.4172181307,-44417.37552284399,85580.1925120971
2398.3884196484405,223969.22669519507,-22912.886730838687,78522.01226600839
9350.129257535435,499299.8935378899,-37108.19317085728,50897.724739446785
2846.5194500734283,355938.9128529287,13456.236688789038,82457.47275567775
9501.788669846565,295437.48270644125,21821.968135425544,92463.61463738242
4116.451087179333,400342.1039868674,-21374.843329498726,16920.754517282687
8360.938891357218,702663.1674214912,41721.792772093104,78583.9213440047
4825.686046812835,727921.6845612901,13592.72664253386,90104.32758729793
2243.629560364876,459760.5060718008,25262.000775002118,15144.903042195112
9653.991807467963,178250.20868222203,34153.421403389235,74895.40133734106
9551.587853595633,928789.7603749984,5126.711931234873,28139.523894673723
2653.8065934832634,197896.64613302698,-41124.05478722894,71874.22498800239
9817.790569845449,847200.3830076511,39939.4601687422,6453.940610303177
9853.243446789198,627598.0912034953,-22238.2334167766,84330.19279476168
5501.670571127177,661800.3601547421,-11435.57656419972,14679.65420670989
3690.763630578503,525389.894557124,-6775.769167955812,27561.422520991586
323.01878503877003,554035.3526372443,6923.543412915387,10716.904128346105
4320.574403259454,997647.0394939972,-9971.168209885742,19723.377837913835
423.64554251835494,31030.641339811395,36470.12632583731,27934.940366173778
5327.818308245484,394990.0841241494,15835.29745250201,26492.211462146497
7145.863423277056,341849.3536118185,-21540.423894484607,6654.830459306382
3892.614754888123,895008.7901731519,-21017.877623509085,56808.42276750828
2716.852328337207,443419.6477931658,-26842.14660116776,84720.37816520303
7942.016342240921,658756.2999359559,-4845.872148857699,31966.452292479942
2627.973496820989,25584.33983964418,28128.322851820005,81922.80844357655
5328.943457676191,872967.471305855,39573.72809258208,75315.86275934309
998.0893866210516,809726.0361824388,-35262.420065980084,38044.840989151664
2577.158037420263,394953.9476334126,-13643.506825121309,94839.7148702934
7709.957253685222,520420.6945757518,-22979.091450180622,89289.77343082234
3231.3397975116777,942129.5796437828,41671.64150215921,55875.759929400345
8608.755361203634,634572.8742094846,22047.967410949466,92861.19270705414
8351.329175009303,933118.9148970823,2348.10096060489,66246.0776722779
2551.805257587819,257485.98382411883,-14070.632408151716,34458.95287141562
4189.595296065778,432402.1894810183,-3433.2709123362365,21060.79848867396
1598.553450372654,660320.1684713713,-5395.276404146163,78457.0370930272
4590.996265431313,695449.7491659288,-11720.633585150084,79461.50936257848
3129.87420129717,178391.60365660672,-36447.16635159097,45528.923479359706
8153.8903175206815,676299.1521722163,-48004.697854403224,70569.99389092883
5185.756099142849,574765.6695704991,5564.597622274814,27486.094092854473
2691.6626649168306,944527.990303867,49575.804717849955,50907.91241103508
8810.434955149292,158597.69382866632,40719.321605411445,74095.29412281081
2033.730831274878,223575.54186822296,-34322.66558917197,60553.048010887826
3694.035007033636,152673.88875971676,-22295.01005062432,11640.188779650818
2705.0878655760926,387366.62170630833,-16515.944472091956,50297.76841089654
5899.782392043898,89606.09134317363,-39376.82458442238,77993.01667736912
523.45032251496,717190.2233424748,7370.291392096318,77075.29298337619
8965.851459462321,401133.0559643889,419.1898639287465,83961.88354598684
9653.069437393448,685786.7201639628,-35866.47596017801,89919.41862362075
2170.907659471494,229981.52110475747,35078.10065268315,35679.31962673359
9154.271411730082,400596.3447658184,39438.587064920066,53723.30640486772
2252.409888479285,298740.3769582908,-12272.757238848164,77797.7155345125
4567.786653568295,823122.0927383952,31113.654243600045,83062.97304523824
7366.732824065708,335200.7535065684,16785.855529382403,42257.269626126596
4572.932026046471,246360.3468568346,25938.668666976067,83351.10774540773
4580.174439327758,398615.3341384189,-22697.555030780513,12392.074324808755
5258.708257894145,417252.1562042505,31566.823207593363,21586.82787771169
4679.90870824469,996329.9991075393,37620.54300914775,37139.95283284984
7046.873812701995,656108.6195209612,20219.724380540356,73967.00973166061
593.9475742526745,65241.00899400792,20513.443020649167,55121.69677966705
1806.0608724028982,709962.8911220629,-34203.13690843237,22624.823442787823
8209.174205308082,817530.4746860183,-37071.45053913626,13355.290160074774
195.9916770737069,981802.7186745342,-18959.983862835004,98761.07776242415
876.5103410296082,595133.8132529126,13481.988779568477,90370.79171678415
1780.8611000124074,782635.9070494915,-13606.792835576176,94434.02689212248
1392.2792336578916,702391.8851148586,11844.078447070846,58491.46186695136
2950.946903949959,398342.4057952841,-32801.16022023473,90273.2293941074
7744.827509963419,991341.0372782646,19156.293055392845,45046.781739884915
191.509459532182,268265.6992082429,870.6531210453395,71383.13002792417
1415.4690204633325,59094.281056812084,-6379.654043974595,77282.9779928803
8738.043936552891,617496.9409918523,-39315.90008386998,28701.940368559175
9522.811991421182,601766.6757142523,30400.021661339182,20736.68383595685
9156.948015672353,229804.8994643178,27824.774245652094,68081.4823506836
4599.532024449556,114397.90549706947,9976.36927729276,45837.35812810365
6890.666566480348,153164.53467193566,-31664.46849864817,74353.5922009761
8290.65471788128,291325.4208574865,24096.9033703951,82504.09521098388
2306.37775524821,734837.8793984614,-43397.081928041334,2648.739217421603
7762.409039118741,126461.10943020675,-26540.597580004276,47502.43914706544
1287.2797185491459,227959.80447610765,-47976.4802795968,94232.43823109033
6110.714849598063,677924.6412147308,-43729.0241542244,54326.82832260473
8905.542787631866,516582.20165855816,-39509.126248535,39125.14075667477
558.3665311415232,706486.6068595906,-8177.019924242821,40374.314629832355
1215.9912426041974,271129.43461967935,37343.56659963245,32771.18143211444
4729.974848736221,862274.6154050453,48222.44346883561,71175.14519080584
2709.5723542485293,191218.39419595466,13415.129898783503,99022.42079516065
3793.730861157566,39195.55069784285,-31579.39932628243,6445.885855007372
9465.679151217375,157796.0303410311,-49173.62918043312,76702.21389633341
3759.054088981383,101526.8242639834,13679.171651353572,37730.639415422986
542.3889172618401,701547.8064339345,-39839.23014733991,92015.33014990333
8719.18554765357,152130.0940111445,-31384.977549405157,32396.057891748387
2643.6779702825806,859529.8972983639,35663.53637524217,64069.43678601533
2327.7901648410502,956740.3668639619,-23036.20099426451,43745.724922258
5602.677037536064,416978.4962573611,-9895.002352833115,15773.789932038595
2298.63149941298,203783.69914890963,2203.1986128191784,72019.54130281511
8720.029790442462,76249.1475011619,-4051.0981115803734,87380.73600050465
9217.378438398537,684176.5223555117,32176.474078661166,86043.7664555396
496.4149045202659,199839.3887752671,-35533.717972920655,74935.67411724065
3454.6093969734816,800559.8592016078,-28143.180446754155,40297.290006024676
6798.297560655217,979447.8178089026,19435.506217910355,40901.07109118879
6469.07556046695,760421.4357247016,-6606.772175955899,47159.8212693478
4995.969039595135,268022.4805077496,47069.12372284442,69220.204246435
5290.284446609729,232558.8448035782,37578.49565005892,89107.55666766412
4112.9404003840145,256752.139726823,28808.16280085825,62086.19009032498
1469.4668916374187,731336.9347683045,-14120.048732075738,80622.01064445337
3525.7503102372857,123953.11090187881,-11375.544329105694,681.9882942940781
8287.992985300647,758192.4981855432,47173.55904118199,14577.581274079464
5253.25100491488,47805.01160972631,11471.674762478215,17156.96801855322
2512.2935763906316,394839.42717572255,28322.019343487176,52873.521975630574
7374.43371369265,79888.52752526023,14525.657552854587,50105.668687786834
9484.354289442585,927627.3446348732,-17262.51488074585,46075.90170557003
8613.857155459797,161478.37390950037,-22145.333792666046,80814.38471731456
2836.8445601838966,27507.001844345796,-43930.47561163562,91835.2257832236
6633.740216525415,949544.3871603679,-33839.79075943764,72541.19959134981
2621.9408072799833,895055.5467616189,-26841.05060660965,66845.28556753039
5071.783832272127,464414.03508402087,-1770.9636023225394,60095.09655763312
8142.909898729238,125014.56649225455,35398.14389113113,92108.92180507023
6863.780724548316,436049.4921639779,45736.95259951432,61979.7527136217
4277.5138931051,629794.3222036749,22638.50407150683,16276.285514013678
3890.07943254725,210892.2691215249,-31954.952005278537,12367.668335429127
2582.2970730960724,166397.1602980796,18785.62833089837,26821.22236442104
5484.9627046749165,426228.65256816807,14628.995178357065,35170.24045987064
966.8216904655535,336213.2041377098,5222.875108269895,23821.436690168142
848.0030383703629,684028.9075357837,-48217.970753723035,7469.406493776231
8226.909640086194,812141.448869587,-8796.082694362442,16108.03054554497
2896.459682211311,201213.62281190002,-4767.774762960376,84576.4810170298
2225.958344815799,632489.531579022,-24645.10165488071,24550.052335121152
3597.7756404378893,858300.1445641933,-44685.28529232799,83983.82570959974
3013.3879943636775,226105.14598607327,-42573.12722663274,2239.6809773046257
3321.242645011758,553382.1788173048,26339.456740079215,50474.96141291629
4669.286408257699,38192.176771885584,44439.059724637555,6343.667464200819
9247.89211380282,293395.88064607844,-23204.804561312743,49658.745119525396
2164.312763880303,691264.8659228319,20353.649522769556,81386.67244418547
377.6752171434006,679625.3719185169,22030.206550114817,62193.254428987355
2023.9217658179132,60693.093480958676,-26577.32093265762,38732.094122650204
9172.998043463336,929400.9105321565,-13949.4937563434,75964.99257819497
8085.972254206855,529291.7419149132,347.68573690045014,42026.051184366064
2377.6689512755734,100942.83551638486,-15923.917784935351,98489.03646751204
6140.781604802786,730407.4090390806,31392.709843753895,33370.10832740178
6050.326407905691,433304.3138020405,-17504.16569148644,36795.756437126
3742.6893969161124,233955.5482186431,45591.30694447202,59988.399426287055
2351.4037316827053,218366.2247763149,17861.804935803448,17069.747351351216
3982.192670515875,794861.2350741648,-29811.832392276283,86154.754540809
8122.69896347876,126836.99667879994,-18436.650020158417,41306.551316502606
4507.713789952972,768356.5737092993,-16544.020133448976,145.46120121622374
7798.608743006652,115210.85508337147,1821.8580286050055,3252.86597931429
5586.065843308421,121587.9051673761,-34971.81961449655,50983.28928301864
5688.089274862203,545637.3486327342,-20353.33509866547,10895.797124839812
3490.6754772304416,395985.9698702708,-37111.832270099585,74738.39276582192
5166.407655562948,815655.4005248216,-39607.24433305673,87766.8159931953
8006.628915829908,879852.1502374752,-28844.335254157228,95151.73333560376
4815.7468700876,799745.0064727869,47560.9167626094,50326.04783436592
5341.600243934103,335613.9087309242,37810.81312399538,8346.626458884431
4053.724078383255,849649.6743048314,-9519.06735228969,83692.49028061792
231.7258406231759,151202.49641251407,46496.62978629126,86394.05861348871
3288.887213978329,265422.73322717554,2518.473954848778,62985.824563581475
3531.4890352382213,130006.12757712723,41540.470008398086,59497.37704940944
6142.25182484819,274150.6736305394,-8553.721721349182,92545.40697967602
4076.6746249544526,918851.7466590792,-9664.89766981834,61561.99852929624
3773.9405709682505,158306.52133676547,8620.275779492134,60292.08947483966
6109.458294683865,858468.4150387215,2220.0275010202386,48915.75257818244
3853.9866381492484,900686.6189114517,48601.26744835552,29498.488789731415
6054.691248953105,765885.5972800587,48003.675569468425,26945.47812482545
9216.366090292677,577883.6354000012,-44137.219357172144,15233.325469219395
4936.44472399192,23219.30871199561,49267.082816744194,44415.513651189845
3735.3194510856247,279249.18441452645,20225.73879770338,17745.46037296226
5223.874168137267,912299.3965825058,31589.69530952492,40233.68259611278
5463.026419685879,373298.95224627486,-32339.444235901272,10053.258186536019
3395.469919456816,159590.93860303872,-39162.07762179068,52430.43722648112
9567.694234933997,508513.76704199385,-21902.707574395496,2004.8869434617923
2010.7509649472754,800863.0238108931,6657.050288286628,24116.733664695268
6111.126200346384,320489.35738595476,-13115.51618979525,28075.201684038064
7578.470323844818,300057.8922653023,2307.147606608465,66186.31693196854
204.8267866067621,22388.136405657442,-48462.69957647893,31164.816045926756
3010.389458966891,281813.7934253564,-5016.395432298894,61528.00136222422
4583.712580524908,300646.2343449182,-9584.40385724172,39667.010657454724
5949.687799931098,182094.32798000702,5762.901434069034,20513.585758061447
7136.486316743873,202888.74334234511,24972.563766379113,60068.06648236061
6763.068432954926,86377.7425018124,43314.25188091741,22527.040052558754
8431.738269275591,770006.1710102637,-17785.47104779904,32346.689123284123
2485.6225393091268,49859.09502762009,40517.74396639275,3300.5603800768667
6778.839615220876,849345.6725823247,39012.577561910046,20438.123408598563
5507.514307680776,99118.65141430823,8129.588209924557,72823.14794628075
862.6861617950266,190969.6566385612,14906.606004272973,35028.590742271015
8291.550467140754,459709.14581159217,24635.131847612007,73587.31530606539
2491.3584646253794,673935.3560808345,45042.42477498953,10945.671638150767
7910.696985535523,819115.6666863133,6430.215259625904,13939.55085268942
4495.7585910871485,674548.0834941088,-10117.449765991405,86410.26517331247
6694.601343050887,619540.8236449221,27471.542304556686,36300.17865441331
1320.288141033603,373541.6092335439,-36668.70082796831,56415.74554668016
7774.190748877267,659968.5549022784,-17463.336347521075,5018.210914333809
2343.6271081346495,764138.6515309012,-14085.185498496612,97499.92885110762
6813.3992718002855,651959.5154046718,13234.20387346977,23626.85477662765
468.67960979019574,927944.602992784,-5343.347729967507,86175.50824310172
3717.095817268161,358631.4711693072,40904.95148991911,16265.262559256866
1020.7455472917281,350627.60691087914,-33710.458804792186,58284.544541332405
604.2671883584084,431277.3404838266,-24445.538624179408,33032.17149012998
8492.983553646192,554338.2026771213,35443.96205508777,81542.65926224527
4835.524214387599,283074.6507018567,-5042.24481623133,64037.0689654291
1178.2254083227294,568821.5003909945,14454.142487108467,38538.55214164859
8383.992262638274,384338.8833420694,13076.77588837318,71914.45564634906
6226.206754795727,608175.2280785663,46422.124215444215,42454.45811309484
7338.6461448255,928774.2936875138,-18068.787325802783,77566.9131934746
165.2740766272709,145206.5458963497,48180.50645520365,32773.19484919252
7829.1552786313605,825175.1667978336,-3936.6768003347242,58902.52138789325
2427.6323954334657,340340.94883487996,24794.484515534743,23237.377838707405
7161.299935493694,234030.54851345476,-6262.64469105551,47332.30238100581
1917.1953601112502,447036.23261235957,-37756.162731088494,99326.49210354999
1452.0209332045208,313485.74193495844,-25985.75485786402,31793.300152066982
9159.100775059831,600654.6763371727,29925.468352572687,87517.38486252121
3553.165467149626,944113.6152582946,-26157.847262414456,5062.905115134719
9069.952268197912,122746.80361278041,49617.10932084359,43593.83471830092
7552.992109296949,386948.7997035532,-25696.490158523124,12130.08485358309
1887.8536482837128,317699.41566494684,12542.863375059307,32270.838415530645
8644.4975942595,94238.0059571684,30159.186467057938,85389.1063369411
2301.2925545196194,403701.28006952064,-48818.85202906956,95399.18953514716
9649.625813837203,497359.50135743123,41830.39801954164,76421.40091245787
9315.941661582008,944979.7600878068,-2544.2858149886015,31016.028170779453
7988.42469410145,301364.9251322025,13958.969214786055,19131.196914233227
1898.4366507612938,977261.118348111,-16049.659371810187,30506.95159858422
9382.211003897724,300596.47661713103,-30313.38092389526,84000.51083261173
7936.193175382451,743407.8894040314,-30212.164170568623,46145.319537791795
7079.8075022313815,234832.7486836679,14793.846729467674,8229.18223638186
6552.32821517296,641186.3980818192,-2186.033005733603,86274.39840257527
7895.911355824871,970416.2340036104,-29160.942305472916,11525.51880356234
6314.745291033608,950117.5479893296,14726.963217355435,60397.93120385708
8850.662332130783,35815.62304652126,21438.57223154792,32313.213556517672
4378.447370257172,289363.8767816298,10793.165605078655,21444.793147885444
699.4670913858225,146076.03096028708,40828.12489429662,44120.1401452618
4100.139690365231,803606.3019201101,-39210.47471339133,77473.34417711044
7142.145922321714,615610.2503264577,-1153.5292280640788,36914.65474707937
1164.1856610558755,878863.3125683877,-27186.49834715633,70081.09454176678
1000.4624919490678,603784.4370986826,-38518.24400124673,73155.05438474915
758.9775508919305,535205.9656477331,-23398.965765487457,41785.32668518977
1153.1016874315303,262750.7352887978,31121.24193773826,53317.75839168003
842.7845966818237,788321.8724878746,7993.187497486462,39640.2917664454
6517.153661774639,801980.5616763448,-4354.975029382214,50669.91423525009
9038.140614711718,76880.9572719622,-28807.89156100392,27356.587595456273
5865.171023991847,808951.5307080596,-19495.611760978172,51.97878044032045
3193.8357634378212,897656.5899009788,-14553.088090992038,3188.3817527461833
4766.8595951521465,130440.84277013088,22925.378840614692,50435.96204894998
8153.571184036239,835354.8525716733,47810.12236458839,45854.05463148803
3444.4646790827373,323878.6636174342,12378.2699216646,16024.909142801247
3770.343627110845,239105.11190073253,-31394.70333273674,35755.94927077803
1830.9169199156527,733214.3546503903,-33546.4936147073,85659.28131058828
1705.617674369454,242565.23271321604,-38753.53368304318,23764.781111137247
619.7984286531189,268748.87007815205,36284.77652053919,75295.8379024101
1052.351993016556,349594.3789793355,-6950.01724567559,44834.39528622111
9596.194368527633,515386.1441509232,-39340.17459217701,33324.661565190974
5320.940584434111,152446.4386532696,28679.45553406852,98712.46555993163
7037.489265721204,158757.04005502982,12959.632289364767,33489.93214971835
5827.130771032915,194437.5801189103,22864.334963556626,45012.76217320997
6473.173011702355,363668.544923733,10066.596817414444,15180.102856972555
9020.982235607315,174040.5316005248,44032.83869508465,84914.61772743272
9592.716792320798,804331.658430735,-22617.67864887597,55853.05652793008
7795.927292453834,772359.1861636231,35499.77461116291,26755.214643399504
6590.585623551902,590820.8565617285,-10904.336727828799,85361.93360237606
9316.9979711852,930936.379218931,45849.94980541339,57780.32555800941
7737.443929234784,941218.4831105422,27841.6377844519,76947.18953433984
4407.278825901627,291848.0395684654,-14842.257414628824,69319.11753162669
2466.622107294827,813896.9431936678,32891.81760079933,74660.55605335388
6031.650976145063,97036.8894772148,-11316.518148762421,7648.664094220226
4764.903276509286,479392.17545639124,31016.864371285934,41986.503547227374
6916.888452966593,988838.697667059,-5312.725893187664,47813.76333729059
6156.694350510684,816321.0655188113,-30838.213152940698,41426.83052676043
8847.168705748227,318654.34103369043,-31999.12895235343,12667.723216004046
70.64338780146117,80796.32844595695,-6925.42073927934,79814.03481756123
8674.062589940224,635720.7739035686,25998.220217818278,84399.7025827928
3877.765352817845,923791.8221546084,41028.85056341566,79119.05146119873
8580.062040570676,112933.86126734033,48605.32967833268,80814.25943108616
7390.13935440347,495911.330335916,46781.073412730315,57519.00079498187
634.7120182871757,591676.5325836377,-21009.93838859876,93628.71647711545
9109.240018271374,424014.17839271383,-29096.923782451166,30490.589062069197
8182.407093455717,572604.971637911,46572.48207831127,11053.97693200585
4012.964644204573,189150.5238282591,4630.403408675935,66694.73275056764
9100.91485923407,504346.43778001843,-31003.61292945355,71924.40878773692
9170.419177102889,400259.6772837286,15367.184377715712,58418.121283956105
8469.689891906037,927061.3098985569,14702.6432477411,23642.42674389444
5973.526207248133,563084.4635972849,27988.081863771164,91337.23189202238
687.0409709345038,732822.9995666391,32744.958286721812,81203.41170547897
274.51557020373383,688754.7235271328,-38921.958558214785,23370.52097040332
3575.2120732700187,109768.47805005,-18511.294920883425,9566.54109933963
4218.362177331249,651493.2648757063,-37749.64298726736,7384.357166923328
9512.44156800635,241972.705835607,12833.430348004025,76637.23922989776
6059.232168880443,269897.0496899406,11683.770224193613,17518.34078160851
1131.0613925184466,902000.0525443997,-6400.333294323558,49126.781433651915
6750.000903048329,391247.1234171294,-11980.840300288597,63895.63655839049
1620.6984755059184,258085.94477675066,-29279.31755172032,28554.74560690956
4593.903798458019,603300.18221486,15756.494047039392,5483.938378345266
2175.642348745781,482901.58880179655,11879.775443416438,49659.912666520424
1747.3842140050444,223014.91191450699,38292.642521641275,95872.69665777123
1625.4380092279641,455855.2319871687,-21766.23149672402,88485.2193660315
8863.200054074248,636666.2503916913,-14259.307271366626,21732.2262158939
5787.771326238587,215882.84638951908,10863.293972925188,52402.42239650949
6662.851420429762,450800.8893824111,31671.362534010317,18720.329140791535
6582.705384512226,906681.472052731,37590.51375045323,49342.092840669706
5727.392116368251,638486.692896264,-42082.80494357947,74602.04371280682
3447.332599326618,861338.198354957,31804.900466565727,58494.53210927385
8295.687547955358,850309.6476298001,-28419.920048092972,54348.16807014183
2089.9039003874254,478308.305712516,-20062.295566363096,49747.29324848705
8359.181008371686,644571.1904675099,43382.802528866814,6978.151049450132
8122.498106742982,365695.02757039043,39225.710485131945,24124.863729427427
8842.232454810133,36139.05387150024,-38494.81299755532,38913.002611413285
5611.2945032101825,995784.7397485483,-7595.06013721136,72496.20031412151
7157.088858224532,868404.8320242465,20045.512328814468,63603.84683149613
3083.5088348250083,596790.2780256093,30974.913938457175,74815.69967624673
2922.553588132647,957801.3866207657,-13752.23977695893,62201.71547662998
2030.0592315717204,993755.6580145386,23674.079048633037,87163.23949151977
4135.412348151566,645333.1564447868,15635.393917544221,15034.234205282126
5443.019374177775,975575.2851950487,-48192.942342644375,88848.91316418932
583.6811128117791,474572.5407362468,9192.232480263316,88654.8314491575
6426.926679827221,130080.76122130391,18064.324380449427,86848.09961001472
5790.738871240201,320575.5008019483,31731.0738010028,88230.06613463645
9423.004234189928,74148.51309941898,-39525.06889141284,99832.47263573708
1279.4044442765373,739169.4403531721,35590.7003554572,10030.718458297482
9085.360001788456,50781.27103608795,28132.93117115779,69062.5741990893
9445.025023490638,691066.5163236482,-41198.14843500462,53792.26744177725
4348.227331012168,770116.5412355748,338.09027057403,68407.60451812558
3826.6327929388144,740255.5355720768,-8137.151729290606,79710.37936374905
7723.306933039084,236315.1651605254,-44208.45469512705,10758.018296187622
8065.238101690599,491125.5819210339,32265.433023240068,19837.036009678344
2366.27412745771,827283.1918510874,23487.005513766853,73096.57332576599
7338.317261597506,833774.3902066421,-29088.499468986574,78642.90076010465
1951.5135455060895,99180.13291309391,-28061.846659292034,87493.45277507018
8559.559489527528,251954.6336955464,-20438.696424915826,82511.60435723058
894.144860202829,752666.65883371,18382.82827025297,70291.08134353375
8132.935911414298,173111.4117016318,-6546.200952534629,62931.50590225777
4958.399126584242,962844.9741713824,-35395.32885014143,86744.2722362875
8550.150900513767,284963.7897915524,8239.714205734097,83150.6086880765
4791.412356060336,999844.9521832023,-8987.209351289406,73381.30055691094
7620.541125908865,268083.7597287693,35368.003016198825,43060.23633863872
7421.494641505091,572009.0108816045,-34379.85201083101,65351.584026920515
6622.482360137606,138925.50805301307,-14933.71018524652,22073.079569221532
3259.9407865415333,768629.2418760824,49561.217878141135,1025.5211827633448
6165.368751432856,462758.36774643394,-28944.079761186003,44761.26895780105
8645.44261828217,224189.44542123954,5789.603147514368,1112.1821148779354
1051.2242369201763,20956.43680375612,-43857.72448095092,79020.06988564065
6470.16692532854,851065.5465190127,42596.18561787599,44560.430956855045
7925.011919849073,522097.9679996431,-17179.053012498924,1522.84684167453
9926.560764912376,512637.25724188494,48588.482499013,88509.12974071848
2002.7005656633935,751327.7108129564,-41959.59918622341,90232.90442466173
6913.945622290537,233764.40901394258,771.7811556650413,4552.027413274906
1666.1542635036474,37435.37551523333,-13738.236646484438,28737.84106182059
5143.966860141951,870580.7689056135,-47627.261311641625,28582.979904262353
2213.90448245279,782103.2178438415,-30043.637663775415,32172.041404370357
483.9550982013907,666558.683361677,32046.00351157495,46487.12813804611
2556.8685574614715,40775.90696556869,21681.619258954568,29492.926282354358
3577.267525500224,466797.61897330213,11104.544634026104,62943.61505954057
1148.0777830720224,569606.0183248458,-43124.05018040763,61876.58096376521
2279.6673500708566,87489.57133368395,20414.27935089814,25605.543816969912
9935.475797115905,457927.79567096516,-38486.73000857957,81998.40220703017
9950.807674851527,942514.8277774658,23593.62321302008,1922.7127236043473
7626.851550090987,90712.94004792234,-46242.231701995675,63964.37963647059
2139.8791222352197,874120.7118697783,-21841.38666747655,30872.841807071836
6055.968063934017,750460.8875020215,-16240.478226505053,58658.624362645525
6704.48473928455,699636.9049686138,41254.20430302902,96866.83476402078
5938.950009295937,772977.2383704742,40731.619892695366,54272.80284550269
4901.806497945399,91180.28669383591,1612.361716897678,98093.75909123699
809.9928696573733,316493.27450811444,-38550.58804606018,26783.05986498267
3491.1228244617864,830302.1375649379,44377.60992705129,6571.145580460935
425.4560508396499,568579.4168413057,-40687.516660451096,90140.09381240586
386.741844853834,444531.48532128043,-19559.384922524892,42166.22661807359
7425.40143764998,120306.29706462765,18110.014134868674,80937.97338269441
8900.411941329656,637766.9489818012,-3079.5392050344526,7853.752474857944
3541.641022814889,302106.08412391855,19630.127765832236,37327.36558628147
8112.272592859488,291470.8840626361,10436.229603731786,58476.01620287537
4141.356972585653,160787.4399369324,-746.1429409802076,56938.741063959795
9409.407467311941,878618.4677708328,29808.512437685727,270.67491565764266
2395.3542523969586,222157.1465814819,48674.355500722595,43581.24077962533
1731.0631109096953,437355.09680002526,-40168.52653186772,43432.03457659906
6860.009251468327,128701.50924427302,9881.981844045506,77482.78125003884
559.5939358058466,516315.1819419614,2756.109758029743,54971.42108947793
8761.978180514054,966780.8327152163,29555.868704217864,68837.07270080615
8196.199012206574,768555.4127754209,39125.291982338924,84142.21168373458
7774.72696781762,802789.8055623699,-31997.38106263329,79423.1131515972
5360.509950231031,216055.67156681436,-5398.733296175873,57695.226129415336
7575.943373098322,612737.1262801419,-18217.25136143918,22062.842505558998
6653.09411133544,931740.6915487064,24426.198248186076,67230.0361281902
4974.897291257,794697.5341165141,24165.488516882848,72682.54274274278
4919.936234288374,330975.5729964332,-27843.613290535897,95907.8722987863
8898.807804760214,58589.13347620524,32552.5825999058,54743.63625500372
2057.959213751349,649488.3033800417,-15689.190580012604,56791.70572969611
8027.2842233485035,892729.3571447589,-2988.27789763685,80808.47661783222
6300.647041945892,729672.5045352528,-12425.418562380451,40079.167871283375
8363.89765817127,571622.6543728401,29060.194551802182,61006.78309151701
8522.834153234082,162223.22456007285,-39802.02134071448,91493.91181717787
4533.952082667482,814432.8912888431,-25160.57450591318,13168.346674711927
2603.72142537893,995059.3259513618,-45768.36375013917,69101.03478865631
1097.5110547656918,848593.8490434237,41821.010007875244,34387.59120252296
7387.181959724482,306485.25118013506,-49761.43027929756,50812.22969195168
2666.7492762400116,618010.5662022809,33184.848021003185,18785.67915200646
278.4200978116824,504545.3594430268,-48876.40367082774,89846.2177619051
4116.684344231637,940305.0787268905,9010.048458181765,31235.72255039545
5016.045381059564,759524.2656283344,46720.85256220659,40410.16517963112
4678.356753185506,402559.36977363296,18419.18268532805,71816.7744928414
8658.623197394263,841545.7546007044,5779.962278482577,867.6379127847244
2203.519537181948,790008.7978898296,-28183.460386049854,90762.19370248535
5324.76672718187,860223.8551758317,-23008.47182456467,46658.78947046238
6389.896893733608,747138.9837732177,47360.997948634016,38668.02113180065
6725.83051673727,248319.06307866218,5692.539153637554,50238.34252684787
2256.0777238816886,735639.6067125988,-49185.84770516591,61726.99605574991
2030.2691741779322,556352.7350356583,-2107.6389706108894,10297.031538487134
7655.106484399818,458667.77690872946,-27095.711506552034,76753.82308855052
2098.724123597998,210132.9134526739,-11740.118438655452,37532.11275784439
1115.8306559228647,545874.4859041666,13346.872466524786,85767.3362010425
5628.900496721299,988144.5819242862,-6287.530953612644,69232.573750295
8801.07146963993,938647.1152886075,-34337.85280447012,14895.162974814491
7249.294937340286,160757.67674025428,-40752.61823925355,9944.665953542686
1871.6772708746776,420021.0459095896,-18069.516509936133,87366.52250409478
100.84079354207742,298205.74511141906,27656.201819886468,20483.38121074579
8045.524001523845,998713.7347382419,-38373.92306671573,65358.7907289435
7945.529610383436,399288.5095665889,-10237.019347942325,2555.505502094868
3640.5231482525423,521734.0022556318,33669.67764012146,20463.445004069035
4341.071598219764,837751.3825756779,-3173.331086021113,51259.85963025532
4890.702905015931,255020.1822705849,25840.904236343486,17537.02541209523
8920.661514436371,968295.2419616241,41748.494946739345,72730.38169110127
9824.420885149111,516559.665289021,40690.81155822634,21702.713449731724
3316.906598816782,819169.3432202643,40724.88471696059,89187.62755754156
4493.775398193487,811443.480044118,-17904.659778135712,63268.19763317011
1768.983968871839,903300.6281997146,-28013.42085433449,78664.38071570917
9844.273701207288,583308.6998622583,1590.2482714774596,20325.393123545822
3952.0870210907833,304912.56181334495,-46735.460465278265,21670.9216042826
8013.822526094946,861621.8876815004,-41371.84023872651,3797.702055123997
68.22518970004077,303586.57369867206,-35376.69332093912,52065.648541268696
9350.102049417825,469256.8702057911,13898.362517717345,54700.37943187469
737.4380245012046,462719.28760724375,48302.39319867025,34396.627956163895
3935.3859985178265,299819.6680285027,-150.01229840821907,88379.68605968943
6728.486672775221,814328.5497237161,42206.37840384882,14979.72503362962
3907.871370096323,999174.0109383242,37559.150517580245,45496.401575543176
6068.087079585575,497161.5774290092,28684.29640359465,18978.930484560176
5368.5781453999625,210620.2141301053,-5919.253469426076,34519.36190451835
8567.743446613285,110058.08637279236,5238.956223235524,90754.50996376296
1162.8843408009516,688181.0416760461,-574.5327097849149,75494.6322039558
307.247530455218,587521.8560999963,8806.83605017585,99744.59557541934
8325.755213301436,647447.0774249173,-32697.303804733936,79855.93268699183
3113.907014384315,469453.46796993027,-49750.8774264118,59145.858651533235
6479.733673383122,688435.2223831324,-11230.107742258624,26041.94850131377
6576.561307440057,541997.6975174093,40694.60533720607,29658.867598316487
5974.750352202714,129913.22572851751,-7070.895928059072,15686.15968184459
2633.45150662063,571458.4921368303,16374.956092852779,5563.788622169585
7058.818214885968,919643.3500991972,-6188.782076968579,20144.793295924723
5273.005781771559,538234.614652309,-6406.897671194856,5392.005563058422
3868.672923635728,289998.43608532444,-32411.431815789172,52128.54199534036
386.60043693717006,402729.34365366364,10465.25103765905,14459.333783281181
9529.422277784824,613403.2986299886,29256.56683622538,22203.67568068229
3312.363644716676,520186.98259075155,37077.24582076314,51526.427436225975
1152.2670520963197,477054.77137800795,2924.9228888029756,64928.13461302997
4109.0786056183815,166409.6342200658,-39304.16052907979,56851.99918375863
6019.355889889692,821373.4704087557,4859.127164224497,44388.29698861246
3099.254544564127,701307.1895384607,-22324.474357655,23904.497135382975
2744.8350076735182,451640.22101170477,-16587.202190487515,73901.96982336344
1720.4237121477572,542233.6008147576,48701.55570800383,21997.85286240672
3701.158869636163,557270.5767177216,-15008.48047085067,9653.292437731852
6223.729003003646,724062.8332498065,-990.2357032430155,82116.92216345522
7499.7207260298455,878180.3815463644,40188.80245218509,3025.1274656975525
4258.863264615487,867957.2947177048,-29776.180075325574,43198.249570901826
2814.866864119624,782695.4030959188,-10765.214569991767,21394.605581553293
6884.4252814504325,905782.0724046249,-44549.47206176369,81131.7849800794
7340.358308610064,146458.40362586273,-9101.686596070314,72157.41302450596
1042.7511980687655,632118.0313528694,-25726.161308366525,67749.16327427431
8167.340020425005,66786.66945692108,-16017.000517249515,89746.48289925179
38.288228739368215,180826.99420306852,-30711.869193590825,32064.192463702646
2372.8820013054706,751932.9350458324,-4442.0859645495,70410.67560728808
2058.5690446821445,848121.8892060526,30811.450002805053,21031.155996063844
9108.15391772304,49703.21126511248,15063.51218422626,64519.10566182609
9276.852121845708,49095.34135223049,-18580.708022495728,82086.56060076806
6975.297279044715,244884.25710257154,-21566.56172227466,61156.72929833183
2575.489197056342,899659.4403570539,-23060.43116105837,14739.968852045016
2982.053728708529,619934.0947873361,31372.81351429892,24776.818096062736
9429.083699836197,320850.1530488339,5549.394513531246,63479.51130518649
1863.2172831420758,558388.5339057725,-34066.347999357684,68675.92780722065
4986.499892116466,167449.3694524025,-8385.721284908446,49257.736017580675
7057.969002677364,975436.8927685597,49528.01663105159,75057.01964658588
8890.789339858276,867877.5609097617,35910.39692831479,61823.40148466212
7132.15887445614,925120.1235440873,-9480.449613088538,96446.33504261359
2876.093331219973,27310.51413319996,48870.53419419957,60164.83429459047
3934.5942111429677,198604.18624568224,9533.984755887548,98229.6490653612
6680.585108568718,70972.84937396387,-41505.66039908692,53330.48658904585
1276.4029962246648,352982.19205530745,10629.2914178188,27073.544510421143
2314.5161169105,829561.837712949,-436.4995561276446,58892.330280173446
5422.527977940547,775058.0661508399,-28533.94569013289,14997.311737659957
9222.426485252017,253754.42279886006,15802.496055311145,61317.680642755804
1184.4177819536783,349565.1848054479,-3381.263586441397,53861.111028531814
5378.582527858198,229750.575057147,31625.50524939304,17515.09293716792
9902.978220882362,846272.8318465755,3168.411670751222,36.0241674511208
1854.7049836917051,992806.1684563605,-24889.855480527312,81819.97460108354
8110.842247692478,545433.7174975493,32717.64307668536,94021.60891419242
899.0498124227131,220708.51515679844,-41161.37789056351,47685.494825668815
8163.026871970483,186025.8062756127,8968.07959232654,4776.589778324725
65.90325363853844,394147.63860455534,-49753.042471423294,28344.460131263993
4625.0339214557625,446241.2953831088,-14998.550801133395,33528.31738910025
7434.55602237946,815936.3838880007,-11877.119310805392,23707.75638474054
2707.460062125726,790676.2166142516,49404.52297176649,36826.59336395937
5456.814994869046,906032.6138558835,26893.034159354327,45764.981915108925
7536.179143194216,943673.4228969531,-14621.28665889606,53607.52947691696
3472.1206103265868,474316.39267172694,15340.103885854085,99752.91463787407
5547.157586450861,613272.3667780231,1974.9030222929505,46033.02089365654
1429.3263310731818,558075.6462554882,41390.527956868566,43357.414747913455
1794.9655137728982,195218.6729229823,-18405.84190181629,88871.48960861028
9854.207716266848,816152.8873196803,-386.64264967698546,71214.4096166656
9464.047983021605,531486.6709870354,12894.92695201595,67185.51137846411
3601.760357204611,496706.76460898196,-36929.061645979804,96975.57213915838
371.81597141679566,42767.94203942297,3247.353945318646,67091.95024986913
9432.351025777287,440541.0751615178,-33837.96543799338,30204.308619284515
7752.623190235101,539379.0668024065,-10124.650971693758,69360.22664178601
9950.783742706542,886954.4077737445,30097.987352683413,70367.72629844061
5111.686805303516,920041.7822200569,-6172.985390284091,80614.35425611422
8947.34265845831,874063.9983895267,-12347.429248890818,65190.13477611783
7438.018668674592,352988.3914443534,-14085.92391095731,61904.34570000059
5679.876061165369,370556.2135337319,-11173.847753012735,5633.770054012221
3565.427296623157,438845.96232437313,-41239.07293612846,39412.64966062737
8135.982733900916,640817.4834627028,-5935.228487640619,54772.339410668355
970.6535485664036,999751.9915499882,24103.91400857958,7061.196419074645
7814.361622874677,550398.2544848884,-13325.19702026371,32822.993136779645
6797.7022537040275,64155.033028005244,-20518.499505628053,55784.72422981169
1064.3925208984806,483763.40974397206,-38926.232713970334,5602.395098906732
1397.4343046021565,41753.281609633676,13455.921590821097,89235.98495909596
4523.003288769017,311282.1879166227,-31482.019360184233,48672.47506493767
3171.4767706519888,768024.0777326783,43506.95138253794,10688.457550409092
4687.891095397311,627410.7789591583,26947.606372236914,84441.50868201925
6009.521138562326,522797.7402867773,5738.4173379444765,90902.18931689173
4166.159383314484,67020.58984740062,26589.788043316803,14486.134117314976
3109.0634330208154,892328.6129478206,40538.09116929848,51718.41523559089
9637.431260355024,371825.36674557824,-12039.550029320853,94359.96242819019
3466.6565482005053,809316.6509726116,43331.56980437269,25148.538735636463
9070.503333827115,743860.4367066122,-46094.591955399155,23154.3586346834
9829.732194031012,630332.5286203049,-25429.23357681578,72723.15023219255
8232.601954569927,507967.0143878638,22321.41618446642,45077.07663789596
9398.056603929024,115099.32403362835,48097.66019790521,74866.64678173295
9030.304918631988,930234.6835517274,-48802.24371717403,85314.3033504758
1063.8832938661003,877084.2363484079,42023.904572783096,25063.144756705457
4721.190072429832,224355.42962772274,-7380.96799014767,67441.80933893048
5479.863964730437,599853.1071032129,1266.933036446586,88579.25115030853
9535.274688684965,522841.975328586,37369.74526713521,84650.77848028038
6743.7812103896185,858640.9451627255,25883.188300457798,10509.36529287748
2745.3065374576868,755063.9197236865,-23218.679120985496,22053.961033665237
6989.164644951638,651591.8332568776,-35660.913730661356,82909.0937269391
9724.970892104811,579054.4984763922,13462.182897306615,52337.785959350025
7670.852845032507,910120.9699536507,-44139.639167500776,5782.4448070253
5034.074021950837,579041.2831094834,-22448.49287056756,52026.023986620916
3834.566073289024,422852.2032628759,-8999.607332342144,1688.4043977563267
5069.768082051836,845653.8925601532,30137.292753878253,10620.672280746212
159.54703812440795,112584.22587836071,-15431.843089690381,68732.50335692964
322.8774303009807,300761.8085400558,-39520.65142426625,29885.64252473832
63.338902656279174,510738.2990505581,-19943.572103438266,81709.0429971761
9778.389866644651,353895.4190729246,8677.853922573762,35538.906129756084
1657.7568292792466,58740.916048882245,29710.84230628,76159.56611611988
2499.176922477404,62203.47664561665,-29571.906541281624,48618.70893726423
6845.119963231593,150794.3379200044,19380.450718226057,75113.22414238432
3932.00229914215,590900.0588372607,-34498.013569939336,88789.48304975689
2343.804239317625,537488.2299620118,32290.40435267119,43274.63767313497
6974.8837011909345,756154.1959576601,-23402.928542684298,6853.076348800835
3932.178519352665,314705.44114429626,-29122.626514446172,78424.90765602466
344.87066510555775,957375.0272109875,-9806.47060808081,68730.94447354072
7699.987946255089,367275.16219462414,-19171.656435391516,74801.37672640597
9285.297594163114,710846.226739873,-3940.107313557761,38182.896761157426
4596.245159707268,441826.51188482397,46463.3922170556,18221.782306456556
6151.579443023109,721662.0426545247,27048.067752176037,30528.047627944656
7062.693482827229,928295.6046973189,-48396.89564484886,97718.4136430699
914.6075490876804,95918.69770355229,45818.28224790834,34633.592459642896
9041.902948290308,74539.40495885344,25061.215903198346,43447.90172516993
4120.812979705767,120113.99849939356,10134.587497835477,25437.027452199312
3149.064390929691,143509.36951266127,14903.130686333367,25642.278844217915
7347.95466875535,799708.2229090966,-26628.453390916475,14267.443647463762
1296.5403145867672,987438.0160793345,-39389.06546770001,74366.91662200248
8695.700680250085,113799.69474417114,1872.7288010274424,9231.512369815042
7560.238281780809,918491.5435043143,-42704.4674999263,4850.966603494245
3350.0584568941263,307867.7721865201,15801.642752056083,82929.80497421479
4576.867992660503,500341.64834383305,31096.510189750305,58155.95321704922
1760.7233598069483,311536.710195146,-14874.301071408605,69769.04548523165
7261.144002010761,230109.71509821166,-30089.603543434383,91948.1126523618
470.40321998711335,653313.4080918338,37373.89703194474,40135.94574305555
131.99755045729898,965136.3566082539,-21412.113984848056,81140.11628258084
3135.1824707897267,449252.17399990244,-41191.22437130345,23698.238772380064
7036.860576229506,514029.5914471746,-47259.2880771151,13167.813159182851
1774.9902130032658,587499.4954295182,-4346.665743714802,79098.52050209574
4563.081732839607,636444.6275222403,-9701.268356167195,87667.60114875139
793.2316839811937,35672.13022288533,-12986.531205218198,32306.55354963322
2925.5405337766892,721048.5460201218,-15042.082572779858,55320.054534734256
8804.64934505919,863021.6750888978,-13863.364388056922,30895.64692318929
619.5189280329372,716122.9206242617,-29340.19498383754,55625.44671059191
5810.471345079866,574338.5097511316,-48352.71994288734,86508.70500597214
1627.8950119503422,852257.3959802042,11243.086205178086,38376.77120049261
5759.915436900983,577548.3250497455,15399.723204379145,2779.637906794896
6471.719149780716,641587.6181140668,-45592.06422992129,78595.90782960647
7037.105434156723,71954.59302001755,-41410.901700084,10975.685562960658
893.239667138862,863030.2706220532,-5866.285669681325,19698.535044979726
5912.466422502932,749079.7564955119,-47239.03400613986,60626.333523664856
8460.43235477145,727968.8064785481,10690.651823508335,4653.447875028382
497.6600594468261,903058.4743538987,47360.23333926707,37404.418248399816
5882.1060877220725,305842.54896343267,-17613.83716207403,79901.85943183281
5243.122526207547,912535.9409051983,10460.013834138146,5525.0633407424975
2322.6391698440307,894092.4813981107,-11813.596301859885,81802.36556083988
8517.266093179065,161024.57903262542,-45688.959176929224,96928.04380695212
6505.413418829138,181917.0490305239,45353.696472544485,40367.139366283445
8306.410811249521,987671.9868559947,2352.255888307831,94509.24881702304
7894.005891616297,862290.6137127298,-48759.55455586296,60055.03894221999
3574.5030437175697,225393.41562315868,-20676.78788611469,81666.81547070363
740.2032536913639,631698.2570913392,23380.171958402963,62387.204723245115
1321.6895117281636,88321.9871700411,31118.90267678372,55427.60926153288
2287.898915659502,362039.5072402678,-42983.69265426357,150.79923740726198
1880.805132590301,835529.4248464761,6027.655393840127,25419.627466695903
8921.936972026033,834154.6333451113,44209.330344184025,77956.50963380952
7490.836990905662,602970.9516441278,-46007.304517312245,45956.00339092403
6550.964481177322,807426.2074952766,23662.923737672958,38915.42776945534
1686.4315880615388,600606.9322813355,25538.026851235,53496.173536137656
4013.3558979802874,624909.2204162952,-44590.27007001518,2200.9438740481223
9542.501377023507,396654.8034576239,-23000.7606106432,6749.899781160917
795.2697823817234,118443.07083181573,39497.364523418684,61261.27826305502
1312.9981005102663,595924.2122064676,13699.869480510773,51689.71981907664
2849.9036070828365,403198.15306689026,22815.29220932012,77448.25955059694
4502.913931375086,84188.4903696171,27713.953244447504,58737.469507777365
2807.0058190946843,776110.4575024464,-36796.80054749583,28828.016300784533
1912.570706213118,735545.7428984538,11855.381102275562,4390.513711215694
3361.710456709256,797657.4123008236,44981.48541308404,98939.14065017209
5693.264435000913,384722.33483194024,-43465.32694151634,94553.2897988325
5131.753998232563,241427.54133182784,-34955.50856836945,15264.010956516628
9953.322472060941,191272.47084606657,-38876.177220742815,51839.80410595686
2772.140861601544,620937.8019556879,33657.11808832221,72178.87596493968
6953.63941357039,827626.3382568905,16469.832096865735,14112.698188642924
5636.3147725395565,488151.1556876601,-40904.59081618225,98148.309315583
4431.753204726378,387940.3832454002,40197.52664998869,16524.506549286332
1772.9039849941942,463147.7900049541,10271.77772954305,51929.6823323971
4093.5226789094204,299702.7680102483,-28557.67877158725,54326.75172374958
6547.098838110898,879402.975113301,-23514.535529004832,57553.26913256015
3811.471215707,285046.9871894967,-43346.455841579824,48712.46934907468
9675.725535666776,654124.7621883318,-31561.129495857254,12843.622310411807
8568.857516621634,903726.8591935082,-16891.074032633405,62957.81878826733
6965.080071141926,358104.6018294864,29660.379095441414,31247.811628715404
7688.536769714958,114706.09713876284,41780.91754312157,41128.383107101705
5540.582235544968,944534.1403526044,-47525.69694986283,1736.1870679329484
8385.673425529674,918315.463279235,26195.421420186933,66615.79535297875
3857.312811606227,621240.9440883109,17658.570504202027,76541.2802730103
8183.369675104738,345930.61670471076,-1076.4187084012083,62770.310577006196
280.4996284022931,435796.8693111984,1930.784739517003,21500.45433935065
1230.2725660591364,869124.001376426,-17652.726271869302,82894.94788334623
6525.009396043547,967951.5724120012,22403.271642704596,88767.94652485425
6059.218259624229,285243.52649252303,-44661.12804696014,61866.83610310233
4742.912559110293,208844.82682677946,12147.755622632503,96661.91755499276
4825.9821015470525,661371.5541897921,-37504.02144700335,26651.3747108038
9548.181888265159,991450.3238745371,46010.26643111961,26412.133481344546
6567.190998087766,723616.9830820446,-32428.317182664614,87974.84581593398
8767.586311780396,321704.45608120214,-39183.06665191465,70573.91238701108
9516.46550343499,23693.906133733144,7741.016489467402,60421.09853331554
9206.845251261875,824772.957283755,39111.255019570366,92873.95370370193
17.850419442152486,339739.5072424973,30344.22546241297,83217.92889881157
6221.102057581963,485908.5695218323,-49436.50380553698,84253.677218502
8075.599004328638,793324.8867747503,18747.43807003586,38978.783339678346
8378.783971971487,410353.0125968833,-29807.162353679105,24875.69326039888
2079.371006859174,69611.3563013098,38961.43318761386,92665.40961108693
1007.9047495913507,991736.1415450163,17542.877626999514,86859.04083033896
7743.909399127786,752605.7686505186,-36340.937283703155,98037.07650262666
4913.880276260441,243425.63361773454,-14048.858314142111,37508.799518670596
8802.256993035298,252467.89812784124,-44768.01825380393,43851.99740217855
9057.911900050087,452280.28715905984,-43946.798563572855,27805.726129846098
9491.57446082539,86822.7579734651,14527.325164216578,37086.57082533322
8485.005349730107,159259.78476812266,12662.046438325124,75921.50621202197
1370.6250425875378,843031.3299057407,26904.92663190607,45438.06778233468
1290.6864437818133,656344.5069439757,9163.323932406172,80525.28705764796
9507.985449435093,373372.6439329717,-37744.27459504539,46376.399207292496
915.4733408301918,574218.2266970043,48567.0600495485,23647.081627626754
5580.047872737779,280090.29629823205,10621.981506534576,55010.565754495256
2556.172421169266,400166.78211856727,-24643.47881050607,47863.67643752164
7917.873725703962,512256.6285009125,-39940.08582126545,28035.447773483847
4983.056581657389,790646.017392088,-2725.2013572380165,17572.697678445526
1041.9621650468303,361407.73557693226,48385.408711192664,66024.52808196274
1551.990723976513,347972.03812624695,-18810.218142424284,99120.41422187048
9723.997818825932,867902.1688044373,45443.39837554458,61334.19566245301
6700.564932165684,735586.8451448566,-7821.892849888682,19548.932526048633
5114.636223344038,954956.8733969405,47541.546448223686,63885.24301833295
6717.300193928642,791352.5897564326,-30031.260935629467,88728.40903194189
2976.3938538824077,432313.01460522425,-9311.122481461563,62087.18519860222
6072.9867890967325,743327.5511458856,-38113.20721332857,94639.8866375772
6560.702518753074,716485.2839009418,14279.945066603083,1171.0273831186946
3103.219827217978,637476.7795470229,-43561.781686788316,6574.393504711873
9168.189711539053,239547.37517108562,31865.19866415004,86196.10680246975
1331.192579194166,851770.8928214362,-13324.004246106655,46013.93090329329
3931.252067075853,383407.1276758597,-9351.857001793527,41996.63066882059
5219.812904500673,76125.74375382953,-2511.5785073302613,9959.974191494413
857.9788221794238,781524.1790320757,26349.9423849086,27333.527696263005
1642.200811207638,102636.35076896466,-4049.8244342030666,56475.08755977735
3676.4911600752203,315023.4570385207,45082.06520861051,25517.260964038902
859.6352070520741,555558.1963634343,28876.71943086988,87203.32655565624
1518.7594804341265,775157.477732089,-11132.372831032691,58767.20852529116
3296.0069102040225,255488.92818056286,-43277.27582621957,86635.00890104429
2982.959929115766,609070.6835707318,-33547.964033211865,98573.23641791666
897.8445623660202,597203.530513796,17965.083541883854,2881.498561591911
2613.4345392048995,710818.9424649625,-43956.44913720286,69325.09655720576
4368.973865610289,685596.3735469003,3111.2036548723554,79725.62008774538
2337.3150508427666,364597.20060219755,11624.429030497704,67475.2719316688
68.87298579677514,679182.8649425908,-17526.86206225479,74713.34595175923
2896.8752829796986,892128.5923248938,29473.232649200596,43500.89785644411
2863.7865556332163,635614.2644208559,-43151.78036070293,23052.35080359179
2816.6729441147263,501168.06572088314,-43461.058908736784,18930.373510048994
3719.6617907726427,38658.32022447733,25246.83275114579,32083.092506252244
4944.545382619481,337073.48401312367,47307.511440000264,35700.29921439074
3325.9672893643155,491099.33922399685,-11192.10156014291,16088.014618586933
3105.517705020505,824397.779818666,801.4802833067515,60108.369330018766
5539.458997028989,583010.3714643355,35042.752824916606,6204.514539853978
3907.690966586956,950454.6477620706,34353.24927439568,88627.81226810886
6936.954727238377,609850.9237629534,-28451.991138674493,95207.30104133827
1239.1693841384345,647811.4182271927,-24207.310126999226,27849.06337051558
1266.179260378103,759843.3139543259,3328.037181377178,1925.7533618590949
3495.0892835309146,797662.1015408348,-19310.3386703275,45814.23161200312
83.7449132469048,155080.4889635374,-27132.303347647878,65061.910807829394
6073.8158097871155,521033.5079137133,6292.097443085644,17010.021289074684
3369.3258024752527,455818.96592144144,7095.932368353162,1174.7430326794151
4181.362736254457,489778.0092561886,-1199.7252205620098,8284.732979445864
6405.094344400658,342409.361727309,40380.857676915155,86596.28299764621
3483.1072867156254,654305.4320047759,-24382.120114102625,77954.95799792428
1709.4756071796257,754318.3236043615,7696.971486223614,48045.27800414839
8641.853891224595,630007.9610443487,9220.515754324886,85367.58690745068
7314.28738712126,830694.4063713691,27105.11478758989,71703.98028782434
2281.313648692489,449330.5657667617,44282.261341941165,33182.778348560205
5174.326467899865,21931.453420798334,15685.778150939805,65523.68860602795
9414.063326268353,611440.3683519596,4700.911739176561,89643.49309979996
5998.463346696123,526682.1804596354,8066.440868943595,34524.68391554406
4873.041951359892,606447.9691205557,-27837.468582176385,63097.22398614225
9291.307897580933,533775.5409080778,-28316.512802623052,53856.16237667859
3785.6509870076447,236133.9811078606,42885.92803316499,26035.55709530996
9894.508926743738,353490.7399483082,37919.397503676155,49381.81399589211
7629.5197972421265,458133.76680364326,-5812.305140585449,10917.161391440999
4816.751654501384,647640.9285008668,-6744.205210994056,20556.664299235228
908.9981463064722,725533.5342871994,17508.427096970612,25039.872733388514
6641.510937788702,632920.0063416493,-417.0070132029723,65360.778919980265
5991.439002996043,818830.9682412399,-459.2570055164033,56727.46864202579
2301.6286639093864,456965.39770096185,37806.64910975576,92055.50884241074
6142.333617514944,712213.5019631912,-41900.2529382662,70096.74692473041
8509.772756719396,431590.0022090183,-6107.820195594257,27527.844147666357
9298.362365618334,101107.29633388176,-35623.45976071083,10670.581242396582
7633.844512387848,832636.5569093303,31487.534699409152,56988.54133761814
7617.421464795312,442950.09757633164,8215.413555881125,69102.5242588409
306.3929725063641,340907.26903063565,20264.964009928066,54789.63008063232
344.69241002256234,848141.1346850133,-11944.648253848303,75278.63220300854
3557.101040035081,263622.2546031412,14122.410782234037,91126.9398682819
33.81132811708043,963121.1188347682,32176.469203607034,20062.07477832248
5757.406143675593,360859.41626108746,-1614.8563658570347,24393.238270761074
4662.204278654302,712535.5713638647,-17108.00941467245,26946.237777195547
2166.316803397794,766429.317222119,-49851.7418596908,13947.66076813866
679.6512884154171,732434.3162917475,326.43644123038393,20881.863708596404
7366.487232158615,237637.8673246929,-19099.323125941326,13066.994787941632
4529.138516313451,711460.7363459804,-32579.4147937583,66543.90128884428
3379.613785231226,813390.1955747831,-44428.74088153966,26844.491220682034
2679.0643904999324,941983.4751259813,2803.8965150901568,73303.68286427142
4750.216360758178,785088.605400373,7137.667394650496,44801.81745282473
2705.8594871307796,868123.9872356938,13174.9709033693,89172.03430576096
4386.863720069675,269777.87754145847,-9061.406375529194,82979.73950713227
466.0853219409522,422632.9183771201,41830.70179731614,30978.980402224464
6449.909333153305,799991.0869321069,47829.98387979611,95273.2240708645
897.0726436703713,389568.4762850807,-5015.2805571305435,23055.616765414332
5074.798133426768,189748.8699316901,-29674.125778632788,38776.53235555005
2485.161643775843,234730.00084376856,-47484.20167732562,41683.835860051244
220.00683839218271,841165.4177853708,-9135.509264391709,2903.94814003333
7940.608173244353,910799.6825199603,-5213.222207293191,87579.47295625524
4428.680679015132,901114.3006070479,36340.189764399096,37051.76781986859
6118.216518297335,789145.7615801245,2174.6995246808,33674.54546215787
6793.028970889601,642407.3320507172,18041.92198366164,36567.18363889394
2722.763794376742,555240.1499247219,8952.739053060686,20464.171550251187
2910.541997502916,828939.2211865778,-48861.211869906496,71789.66035890866
9838.274498545778,809643.7276896774,18164.55976197694,96183.83631994492
2121.0914151444695,449251.69634981884,22853.361836268406,69930.4626203186
6820.212589375082,861512.3367655786,9131.740371615619,24082.565332855367
5813.9774693361605,467969.85477998806,-46536.62952976403,84555.93101449903
7589.64881488339,586576.7306861505,-5765.124797884084,4057.714741490548
3093.9842637528727,889563.8313917913,19272.36846164841,12440.146984404299
1868.4711791440789,606549.4957349892,6608.9826283265575,80916.92816210064
2595.506744039958,233889.23414427476,31690.03200850675,42552.61512155401
394.6930643769586,211912.0493891582,25393.836649674646,36532.925553932524
1733.8119040947386,887959.0961754981,-8437.297058968063,46946.55752738358
6656.932338060589,535034.9134878544,-29820.124385050705,88156.74354605691
7182.495716550629,523400.7556618056,-37105.20351934974,48313.49723586276
187.112758134792,145584.44856200443,21290.269498641064,40155.04404523329
2866.198369536689,974050.566901753,35101.699925540495,23969.709719150545
8950.45899417189,865168.9765549491,47539.81094451016,61437.111311039014
4257.642068166031,553139.846282224,-32065.19543211974,31040.17700488092
871.8420165101803,683177.5440841941,48111.227119243835,85837.19232968893
268.0518221575368,714524.8325001281,38219.25838616183,62605.69867771163
7037.540732304338,880764.538235577,40189.55151484403,57717.764164926746
6520.022509468812,387413.9989830869,32545.11385521166,69578.74288472452
1611.4807183055734,814933.0930723633,48995.189250450305,70059.3808822406
6291.894649001582,559045.9286750725,-44947.54977835509,8073.687892019255
6005.013023599827,119670.47694591094,-18143.74086711533,67302.72917332558
7922.702395774915,764770.5999252867,44451.12149058966,97037.08723097885
7339.295605750349,886088.6835516115,-7039.096603905768,10208.474496529918
9966.75343491262,749987.4323760484,19415.759390301915,95903.53522080122
3739.3397030206897,668523.190468105,-29569.867267441252,25000.60360118783
7886.907789613096,233393.1533334848,-3503.379279312823,37042.841156638715
1498.7831845838218,728543.1884407358,2351.8461278329705,84058.78341175673
8575.612909768004,725992.5633587381,49686.95380089145,72764.03605081819
1654.4556400849985,273826.2816550941,3416.6862435483054,90425.46374634557
1492.7613858457755,865325.4587058462,5787.471186803006,21641.934372586293
6009.794195726047,613850.7067066934,8796.293119063594,63393.2743929325
7709.432305490827,489362.57759851025,-5291.4316441007395,23931.797770652385
5146.17533977932,279358.4867020617,-33095.35847599457,47438.383668155606
646.578797658376,499524.0543205431,-1149.0894519912472,40837.779265548656
3461.2236073441595,617542.3272455193,-12316.962602125146,91765.41890086507
4797.723899322832,507273.1385886801,-29294.97924609996,57400.73885450485
8773.161140655418,459909.59042966383,28049.443062741702,72729.59584875297
1224.7288542015888,423738.6130715607,12810.4739039321,73771.0799585931
6530.259198274274,844776.2923136445,21152.717821074082,56401.65376495846
1115.6938178638031,636818.863665926,39215.34887512967,94632.20734059514
1164.4548099070307,841344.5111182309,-18927.585432539796,23541.26323953255
1194.0560472414618,565220.6630138233,-37423.45588602395,51540.26411898585
9628.195065792472,67316.02749508218,39604.77788585659,4244.4744753955765
7267.945921441367,523886.0818707068,-23958.42056397751,17945.72988003402
4653.572013886022,216995.51838510565,-3224.4790688151334,94530.89175012319
4708.8653503346995,320260.245634485,24052.535248148415,1662.5501794013453
7772.8083441013105,121836.46899704967,-8279.945865940565,52136.14991883275
7148.748098258901,985853.5477877659,-18787.286243389557,24550.38316053072
4639.159887575411,670382.576803546,25571.764634151783,93775.3496522414
7184.469187011776,612550.8696272641,-16643.31094706615,24175.623895450084
7687.295035712574,879558.4327191132,-7001.027457683907,41143.06228289664
5378.860297769319,988121.4545404648,-20035.65967346096,37216.79292034109
3672.2144992695294,954261.7933584864,4031.206895407515,87915.52593592167
6347.298112589769,810382.3439803909,2059.5045487763127,49379.95180667291
6125.772480812601,977211.2368413558,2815.3968565371542,85020.67436465732
3218.9261659198787,504468.4027652031,-35266.12061489352,21589.749376585754
5269.864245431678,776002.0052470028,14942.621769753176,66441.60303120677
4261.572452900116,792662.1256146693,48436.7880931845,27221.715954782932
425.34108853546917,879323.205551549,-20013.932969101577,62819.12055778771
7959.426419622861,931236.6395333912,28171.445359222605,60141.4636548543
2455.71358779376,799289.515325051,-49109.250337578604,75118.97444267916
5332.53720961125,813764.3857006317,44738.332105099325,98316.373584445
6284.710173021368,921840.5285133135,-33144.29697779967,5629.423753583041
787.1952270508232,605345.3846817518,37166.3293944623,32765.43616283103
6026.748995343095,812160.8802800797,31349.206140841052,68554.74992736243
5286.26000862872,637207.4590975684,-19527.788725347706,96612.83661118646
7769.386627661495,707074.1767109408,-48102.30280138157,27470.331450318274
8128.498178146107,616132.1934399671,-2110.8719437550753,54010.94659369726
7546.809251864755,471363.94867188175,23288.99910483141,31904.929427321527
6125.990377939253,388159.2607249958,41704.71935511472,33698.29246312305
4543.424127849469,339974.83816302835,-39169.53981710365,50315.7867171623
1468.6741550246009,821022.5671011714,-38150.53320786592,16958.190146225927
2066.616925289777,173046.87868363276,15302.674431793937,21722.173486329855
2065.0822175438934,674771.0266434454,6375.911519308982,14743.623828190255
1327.737109070213,75736.20207553676,26249.362760510427,73263.01538619788
648.338941605362,275027.5707835142,22969.374034611872,93734.01153279479
5570.372265447956,579775.3619317528,-4755.919588853496,75944.20367821601
1436.4790889512115,508338.9344488649,-44369.215682021655,36089.48169611876
4584.975869541808,828726.1022291426,-14225.665797491049,35841.245118766084
5636.150050925481,604069.7576471209,-44327.733543749295,42668.28371397584
2148.9099027542434,313878.01682674786,-18616.22444508384,43022.83677218041
9578.760610597032,372294.0337732023,-48833.920915987735,14472.961776263783
1430.9646600554704,152745.97959973573,-41286.93738621231,25461.042190032567
1778.1373149943347,72136.95417074247,43987.56698396636,72090.90528266902
5899.418869369395,147119.73973953066,-42919.961193702715,80193.63549874639
7698.753758986781,150020.26054253348,28592.70952758513,97894.91632878497
5772.702239473005,842618.4086571462,-48760.17065570178,79004.28461822684
3523.592457158885,392264.41029635724,-48329.06007386717,10769.415752721889
2551.7231861200407,456703.4155595141,-41034.48283609635,70886.1826218685
2710.7037856482375,241500.48388175105,-43186.193183313895,8127.891723422076
6672.924225329489,307102.72384994436,40089.969267550245,28554.742581290328
1627.5233839270986,311344.98587111523,-16659.84412145376,34987.25184883552
5821.127262009134,277599.57145504653,-31350.501944272324,11274.992473300905
3052.010337830141,478790.81201445253,13418.40374972357,64864.67905987942
3941.2302942792253,403138.8265935753,-15230.054249462512,41269.301138662064
8829.670141511426,958767.366085062,-13373.417316052539,2262.617230607955
3487.821561462594,401204.170978549,-42064.19279213527,15971.033872193908
5475.523344022806,270322.93080939003,26090.733433288333,41507.51435766388
5951.769601368235,981419.0486351519,18283.069372350787,3389.802161402089
9010.083505667824,908882.590665827,45342.30170004524,41707.97086612198
8202.852786143098,230324.68724616876,37556.32232224783,92853.88454648624
7818.404848282645,464034.59910015314,30035.155131062653,2597.869455790014
4687.493731359038,173288.19592158234,-33629.17313613364,98395.50323547843
4821.26598131291,67298.56825967686,13662.841180401287,51030.16162222525
8020.6550695581345,640494.0390025133,-40579.87582992371,37044.51035057047
2747.548970250978,559328.2934765168,-8583.290480950964,72886.8999325193
3010.967868881971,928971.6926537708,45269.835914728144,29296.17812513362
8796.876180494708,131002.74393501504,41325.54241439664,50171.168093309534
1658.144345130701,597612.9663944171,22378.26349425492,94018.66555394135
7481.569304092869,577857.8930239202,46817.29068113219,88046.50161635992
9161.747712499446,777131.8474315996,-12015.570427085477,35065.82377860184
2936.993374967355,152312.94171304116,39843.554900988805,41589.471235737365
3480.3747701455313,761920.225820377,31504.160857178707,41860.92686681409
4489.344294118629,243143.630359712,8707.44900107674,77020.9928246621
3480.3163957361025,575752.3072038137,49074.86949183147,51217.00442355743
1769.9478113051869,436656.25799889106,39735.44341992462,27182.051612277224
3212.7584721695957,848291.1660764657,-39110.374722239736,42659.3395960287
8165.127963162791,859015.0096018382,-13066.172813864505,26019.423074867533
2358.585363882546,404350.4580710298,37961.17088859675,64515.818596191246
3890.710753585951,564176.1300399344,-11229.572883024077,31847.019442186185
5379.847351348124,52864.22579988289,-30043.50759724219,13040.703498388884
2480.2223429360415,576881.9322217448,-23777.808575693427,74148.51199370262
4416.957641950764,727518.2329407177,30742.56529054718,11837.489848973193
6975.848500474054,845167.5283002459,41229.25134825692,83686.84243921099
3470.6767150587757,55995.70998701619,23283.911269668155,63846.46629393853
4611.212127890764,201833.99427365334,-40303.868564012126,90686.21022867748
3907.952376194137,499790.76381334115,10532.585423749726,73162.58188215895
1275.0382160355011,839340.2800528173,-11819.329323061553,852.237747675022
3830.6723095458615,311542.5608248298,-36048.776218169834,58949.26730748562
9544.76192512924,427567.81627039734,-21588.654771532212,83995.87267613539
6346.394597999736,541843.3386985043,-13690.234462006025,8713.835863866603
6579.147138906427,328910.4000628411,-21226.438351188324,35026.664646716024
4280.119779959132,812473.4221999034,-9603.50871502288,43210.07237878649
658.9761748602674,790142.5590387678,16905.576353535682,92081.07904358189
1366.163579136197,918016.3930030509,40283.98324529792,90233.64409482644
7664.872860135253,295519.7861389423,-17455.332418125323,21551.432178777643
2459.196037256509,82807.58169569145,-13209.354851562006,89575.96635155803
1281.3219649216735,830563.4868245583,-45235.840290213324,4781.069708796736
7803.507303443567,645168.7179303437,-46221.587675453215,76402.13394077175
3215.9477244365044,470983.8195535155,42741.961213839124,86191.46566078054
8899.564096592685,645882.3230925386,-43072.748334766984,15318.551732311458
2223.113323758352,36193.76018653376,34201.19898642054,67606.79613067067
6006.917765052903,222858.63033580355,-38372.89339116764,82395.8866193866
3220.9041511066316,811867.1696964925,-29336.37106715283,58541.66874803768
9822.528779490358,898948.20016533,11627.902446934298,17412.97363557548
290.55840746619157,970994.3053463738,-6343.627976755604,17217.607418450996
2373.5679126994714,614853.5202281475,-14911.788769797393,93587.2766857075
9847.404078351497,527887.7372484228,31012.692237618074,42073.91904887514
4663.757079590234,344092.4873336877,-40336.752550372934,77057.57474079901
2772.3704004657056,404591.7965024362,17407.35291100826,98538.57082422126
1112.313592890849,151967.19909237078,-6727.212934281568,73384.4404116176
6793.129625299098,54148.74317443306,-31732.75666977564,90824.69803501629
3324.5592431720693,45490.770656874185,-47810.36736698983,83334.18249610778
2903.938777044148,290174.7584089094,-48802.13501182324,13518.389650770701
8233.255947075733,626225.7134772527,43089.27893219802,15211.861883562395
2113.236685331037,577198.824809258,24066.308997600878,42723.33066081347
8149.73302313834,762986.7010781026,30701.36981978439,26008.996531417928
1308.064872573792,861217.796521922,33881.361008846536,51527.97594432367
2763.866125458615,526361.0178171608,47703.59251191991,88631.59395482256
9524.370929192144,624920.4530008048,-4388.657963271289,59560.8562980109
5631.970882943145,231999.75658531225,28498.635030038,7474.129180029343
8412.258858679957,837034.0642361466,-4919.677713829282,51399.63252358743
191.67462714031691,404632.8934713073,23514.807576433115,29605.096916008388
3185.2470374420695,990246.283329099,-14916.66797214494,23599.539181677377
2842.8284368327727,859761.3126527314,-24329.008434660493,23829.756640388823
2842.599537969104,327155.6240381516,-31138.814993070773,45106.85254075727
3133.520721730214,284979.01906006434,-34353.498568557916,24895.703079414376
953.7890015805061,838703.7115586624,-9924.453368379647,40822.96993853513
3590.25688311279,887878.5901706629,-42403.47482344974,65106.89046377821
794.1571818343862,64542.13336907593,-26575.111498161696,33084.768611975036
4231.3661992610805,382493.02416224824,1953.7176004954163,40611.71100252452
1120.834101549234,189787.58221333975,-14958.09733496591,826.8319584323281
9302.697418784854,871227.0138780228,-23043.372176797762,84630.79097461098
1377.9779957283865,397617.6142448454,6813.065588167119,41191.20308846768
6274.669946633693,724230.8987533936,-24454.458250482847,44890.096684681135
7620.399442023904,442161.01376572973,43760.936408919355,43350.2588482118
9639.736965001028,483170.4190768265,-30733.61542410101,87524.98909572478
2944.631627513313,531135.2263166762,8629.823575655086,9308.355976210314
4549.327299398894,161345.26917989293,5823.312419329042,74720.85589302034
8716.509780896855,492684.2893302383,-47184.5590528907,81447.84480779455
7829.328109062,837109.6250400143,21920.595699236495,88355.93818535356
5384.321048336426,465870.3719424662,37779.19118659409,61585.11336777883
6413.169027976511,162547.9568584357,-21965.546099823496,96911.97389238399
4166.588959630958,699271.936986425,-33912.31067393311,31302.25204912377
5731.571251302477,74358.91511377427,46755.422739373185,87918.29961106955
3403.554433501659,247141.76088905858,16218.156139211555,8319.98160179811
3098.025248223344,158900.69557407327,11341.933483432796,13195.012893453117
5861.414115920609,477577.8756059718,-49729.6931351367,98677.47113732388
3629.0576902650287,348350.8543069308,-43874.33616834485,19160.840454011486
5778.381353017405,932160.6026014625,-11274.649236175093,29484.64938516022
8738.35075457737,609933.7956314093,-44590.6516941125,59471.326904857946
6941.630667003122,801508.7357068078,-28607.248362678427,72012.6813549521
9743.77744595849,235169.0135748299,-7502.364868502955,12252.964950082689
5584.188279931501,906208.079371981,48685.34467357416,89888.16968237393
1626.4130423768174,561093.1272389336,-34498.375349715905,49198.90324420607
4390.831714404999,337565.362635959,-27636.555895481328,72156.76249834901
4480.587872393223,500409.0461934275,-38442.2887323592,28791.859551551446
6402.060047470105,777640.7864417784,-20111.417512306263,35981.76956768416
2694.0421997902995,962515.1383653099,6101.361739603286,10919.832943203255
105.1989643966722,403012.24652620894,-8472.511471824495,8743.402226733333
4397.245816108023,192367.72924042694,18836.452547160297,15150.285136666409
9501.701369021814,681724.3215741131,-35653.07139063757,24304.284314671022
6220.945128049559,519129.92897232337,33040.78053701458,69928.3899302991
5439.706579765992,617875.2806128644,-27759.949015013895,93206.84739281505
901.0013090319579,211560.07970699834,-40151.61328750451,24964.969428629112
7000.921922739909,283295.0752102175,6124.843645047382,31568.222428851077
7769.579694142297,242092.6371794026,4149.312569225425,24079.762949283144
4230.886696311795,440767.5777525736,13455.339592647477,58438.283708707386
8671.754807337851,146564.90301696092,-36252.59721779334,60765.64060211712
6001.68358515239,988250.0824780157,21186.18874005202,96386.44150671322
4346.593360819243,531542.7357734229,-31583.1973038047,63739.38433447687
9296.15816867946,218543.33784262754,11331.224945551308,35082.82363057017
8811.776113642287,626198.0364949615,40497.76219085496,84744.67600032546
8702.710484332083,73865.01737093575,43256.65261486122,42639.463978453285
1790.8238352238682,100691.59684066969,-16327.646605636655,85872.89811083114
7409.718769055872,279779.963283108,41849.476173221454,34477.130029132866
1721.9865471740725,898014.0544483908,31560.760755622323,48667.38756921031
3488.661500097767,747940.2779858365,-4298.197952657887,34483.40963760791
4387.861959662159,171238.22960056656,12778.762124615481,52276.754752941924
7754.9970389276905,522088.21073638066,34451.62826771659,88227.6704306906
4704.8026482775895,943136.0040704701,14096.988570548085,92922.91495167039
1995.8646897056942,406775.2869467185,-20579.241964025652,12998.554643342075
1711.1769190182658,710112.8482674242,48342.63150620341,41949.42291722955
8853.669828873204,983250.5033106065,-13309.536456337555,94429.5787317736
9293.543130884591,777413.1064503841,-41315.780134120796,64715.76572974343
7154.615054641799,701970.8536812731,26755.498389168162,64478.51923056469
7689.803988333425,957548.9927955413,15940.051713777502,47603.2308132686
8971.240087463952,946187.3520562887,-30102.865201937966,20526.159405218714
3308.3982633905807,368906.86808617105,-9449.050031130733,5397.960346508146
7208.03393488109,706059.6058518365,-28584.214004387977,70360.06997176904
6902.596236158496,816483.4066366372,5857.948229790934,66316.83646921034
4999.178550060559,987751.9524899762,-24136.097397264388,12809.006630494769
2638.961305406741,661705.1136952459,4325.526466904128,56941.8122550723
707.4918932593299,126964.64327369927,-15580.28392987261,88793.56564786247
3099.0362348723675,653284.2483335654,-16648.963907311474,34328.31124507823
4813.6267197996485,621352.7882090359,-45457.50507497105,62558.74952415278
7753.323117974486,316064.1520680598,-17699.072527923567,37553.332118775776
7484.593525335122,321286.36320978764,26049.899511365962,17854.007239907976
4946.6121738088095,979807.337585982,27414.406717912163,55968.862670969036
8110.6637484749635,843404.5117555475,-7241.899747339121,78826.43464627187
9933.728680643966,414879.18448842625,-33784.84654040377,36426.25531755085
599.7239712249502,656417.1430742489,-36174.74370568275,90392.72556939069
4004.7554694653186,546780.6037240521,48071.722704807005,76737.1675528948
718.1341625747051,313606.8471744065,-16061.013972928595,17855.50778493974
2238.7963349803563,966482.714768743,32547.248326257046,77636.69797584592
4267.160333160863,511484.5157814462,6488.453915355429,50529.68945067354
9925.341735439124,198516.5540509726,32179.073528550565,50514.34887387859
7384.039638224731,359051.6091860299,38861.72226870294,19144.444937657834
192.29938196893337,473771.1434393287,21328.947433783207,3178.4318263578084
2756.7425598469285,547122.187900718,4008.9454412835985,61786.44702162942
7879.75324944519,238952.9007841221,-32255.593564572027,50919.55402199446
8041.49281338084,672157.948497203,-12587.932236315093,98149.99896205851
7198.510852882771,39659.524187172676,-31528.055558580294,25138.789085443925
5272.109236538324,794069.3168063395,-36398.34440885045,96859.67268530134
3212.505078084593,619021.4707215066,-3237.3653855925586,76806.18128400965
2550.232168694676,892435.640710839,21361.442070942037,45631.07158168884
9684.10944195633,738864.3438142824,-8389.210406248312,97015.18914457511
1805.4943320353323,950597.8642834582,31761.279833104243,59035.36660124865
8321.432400671685,515344.95223779953,46566.32653252632,1898.7091560870306
8914.702372895814,722076.4845487756,28159.049659893193,83633.2070215709
6966.649655602953,626014.5228579948,-20538.59022200124,54172.29527346824
4969.087808318688,438768.12151040015,-7687.784877245838,85243.65233734071
6764.4413418000095,730261.9834182289,-10307.948315048285,18570.179880554184
9978.693759696489,45373.845895449966,-34260.39075991665,28113.718449409407
849.5926764034067,690090.4835402999,34695.25109584215,73439.78717879532
2802.956740064985,669512.2374812631,30474.099186208114,80754.21664042372
9592.822046048293,583180.3111722656,-17737.673119638686,25760.269408455628
3596.547269212522,521970.42797971517,28346.730751057825,8207.433066343518
9943.900996603508,645191.3653634392,20329.05363553956,1850.7740053848477
7559.531935931159,206546.12324881184,12943.003796359917,35512.36971917675
8911.123920320677,563258.0724380912,30883.21447065033,11034.019038752096
1280.9197129997697,323933.98293360317,-46628.108416294825,92133.06404288148
3716.1955545221313,727630.3518439285,-40369.7557117755,4520.812762187054
5464.653728614549,959109.1259574508,33988.22467293628,72115.72380398313
3663.593714373472,453413.146366864,38057.515155494184,76781.16540423194
327.11256645582165,146661.27869550418,19209.06642230683,69740.2055747278
1263.4742562825086,189358.15949599468,39537.9602743772,81667.56719073138
2455.18252162396,413532.2101247438,-22435.286545148236,75431.5145707328
2647.1762160110034,275660.68701031903,-23886.391739111044,60556.11574279237
4413.96332001142,403610.15332167444,-15875.052622641408,41696.95776402567
9814.394192546813,817714.5941440238,-32400.31226575223,4771.0809990444195
893.1710380236913,773633.8941098702,45441.130138186854,53854.52445036266
9751.07659237506,627778.8438132689,39649.9074541733,99558.53492647778
7681.298718559364,874859.7224201923,16144.825189679628,65318.1776007239
7957.115538597256,291508.32789697265,32423.54145926374,21874.69004794409
2256.599388737638,219944.63541807697,1343.5122544989717,82205.64135174725
6422.887134042795,941302.4581655071,26494.95052198306,89254.55542414612
7283.951602754431,359498.60097755416,-36045.933314242364,7034.3389077335505
8593.708702385626,363424.5828172755,17646.15521704151,82026.53996209755
806.6722898611866,97759.17563600089,-18885.413133501428,76271.05950346283
6361.273261032431,70845.00617116343,-2816.9028658934476,86138.62882421496
9422.338446457901,741841.4827516504,18815.23691310428,51501.045208299314
6621.123155929345,958761.2835050604,19416.1998063372,28861.75163415211
3231.678801509944,104016.9399182586,18888.690363361355,48982.066535069665
7435.22646481482,684748.5612868775,-37054.13336926271,4635.982409641848
3849.6012411111437,281473.51501031057,17500.83540824025,17349.13665599921
6338.719514675973,280493.0433611695,17393.534057342986,13325.183212932989
9267.414662711115,583010.790389633,39282.32511294099,98235.4935388934
5829.875469151538,307062.04698683746,-47781.09683286318,58145.71580286838
1855.3109703234804,137123.10385191927,36241.657773180996,29575.44988695919
3582.363449225837,430663.3569090058,49263.9761113424,75534.85339575927
8294.167594866538,660923.629654597,-34399.66714568516,76354.77074283433
7418.861793741407,860847.4070746694,5664.540648559712,94224.51458392764
2725.7337922613833,114362.6755061191,25690.792246177763,98574.17938527663
7585.082696011488,418105.00547677197,38769.68678408553,45785.95077401393
6910.264009165487,549193.3874287081,-5942.303993466601,91191.61189100488
1363.2790501232107,942814.0952284702,49710.02929525952,73910.99056747007
3680.659110275167,787137.6637726523,36903.22220944971,55808.87984972965
7564.286347370132,562488.4498914647,27255.20748119359,14695.498522367467
2482.179427627175,666705.9448961684,-15983.03385148436,88868.31913655627
937.1720210268686,719281.511398966,-1398.6409824754155,45190.64799364957
8286.791543419926,723123.4388371513,-11668.918427435085,96125.09093532112
9035.545899468372,164698.45113639964,-41270.90321376128,22487.63345346192
7671.2107551278605,30816.29615787708,14241.31296456734,68160.73005337834
6579.600664073685,333469.71363140043,34972.719088820755,60601.474887811826
8347.703593121045,82910.65206586171,23834.501191651085,76703.58064436668
4852.9406657825,693538.8240518731,-31558.806711353336,17419.500183113225
936.7106259299462,287197.7496276118,-44836.790698257886,76521.75833789851
6173.264942006353,154118.17896251436,18931.582941170345,88980.16033404296
4270.35280578043,303018.3761459352,11708.111144487411,22654.217052881962
5975.963607326586,278765.18534914404,24975.53072845492,33347.78797318029
8015.885389334999,188519.30810615278,7168.72477189653,37745.59898149566
7549.6929381403,415432.67910673673,-24340.584152407184,71348.92946693969
8908.159482515684,352735.6466015161,34723.153412935906,89250.46315686204
6962.990485354822,580445.9953020723,-24141.16383247351,36435.87970472019
9380.155169838768,611951.2202317766,-45102.55049487667,61272.521172548724
8220.991735495742,738360.3804551233,11528.003256433316,70943.0192784011
9880.648288793553,834791.0323056052,21185.211678234497,30804.50601432463
1191.312560055544,64651.56454580105,46684.69686889631,91001.63160788102
8668.074884201122,25498.447752208922,-12441.943749798767,83134.3137481711
7338.159793011728,23192.839816438085,8731.415423798164,67378.76022171295
5369.651752300841,739850.2130829933,-32992.412713583464,26183.003046781218
803.7299295104739,635471.3691562327,43753.31169268943,94505.7800232421
7094.820760285039,493162.62544198317,35259.4732549132,88540.33774708952
4875.9629795105775,143497.45812118833,48433.58375718132,44962.294160305195
8392.076021581845,84841.84916545343,-1199.7181042205848,10963.440284729864
6381.70856365724,673359.301630274,10226.900769358937,31680.961038498488
8838.236769729254,208931.71779418754,-28642.320897895956,66104.21661104745
3044.3721047443073,211376.77145525083,12431.517927546265,25138.91897542775
4549.230301052616,105111.55995997098,27974.615863666564,66231.15247605965
1345.0994686332617,449807.14252804645,-14199.285409342963,97801.37354787008
2401.4446252389844,489598.1537544812,30818.139618044966,43711.14093793339
4926.564108191439,524055.98100938293,13334.130222250475,93083.04865687378
8252.716907654003,510403.8587970578,45863.459275763016,14016.923846038331
6078.4206520532325,808346.2162692107,19889.69243722892,41093.04922639054
2952.0162249077266,276404.891879705,-5406.143694275437,56025.80641308568
5343.48399987775,21798.65623049746,3256.6976861930016,68428.81197355026
2426.8861959744127,174672.43064231105,9857.1106356335,69375.24773997937
6783.700920644733,501877.0047347733,-11669.27828594391,74284.75996645633
637.7084690642376,195519.6860791411,-9980.96401117876,93640.97076267032
8944.971502028675,487150.4578417533,11030.941934617578,70141.26066663138
6687.851210941693,769718.4095974717,-29445.231174735585,99103.19522969837
4059.8875218987373,516327.0764512506,-36399.46380829044,5299.551600765196
9878.760971185406,987337.4132086083,-42781.59523684348,83866.64239511917
527.4478466992239,335511.0486675473,-42069.25771620954,25528.2162225595
8999.06735799634,112656.79492079502,-10068.339823571136,37099.90982009429
6208.813829938905,190636.97358031227,-11450.7565323413,37086.882304960076
4636.755098253047,714610.5720409298,31532.125277436426,53159.88210417687
2578.1672742355277,47034.15575556393,1913.4665533337175,73392.72467851265
5803.472992926711,217211.0420745766,521.7752043330765,6366.734961378106
2267.732961568326,323074.34147509374,3649.458550835596,86595.41708898483
4660.037097269474,59407.975517480016,-8043.647638990595,21195.246890820774
5046.0295817835795,129855.63046293306,-39623.07524437951,11326.164908880732
5632.193390057856,158835.7192763006,-44383.77084035278,97647.95574049716
9768.410393453776,33876.11826395409,-22238.91396223574,72886.42249779707
7705.7027002285995,518901.3953290327,25599.40837218934,76575.84833690585
2338.9557335018894,924649.8496802378,-38568.04017166474,37141.95004304729
1189.806822195224,703667.2806643919,20477.253104443313,54712.171888090765
2222.781764429366,614218.8939852129,-7588.293078170529,24387.79504905101
2738.144474141305,889980.4581902401,-41846.412047101345,84185.0262755924
2547.8255639025883,820513.9981945282,-26309.35215694905,34449.874913599146
4916.172677817494,611303.0363958314,-45432.19417371463,16274.301355919008
1335.171169053806,191517.37355874607,29592.60207318148,55288.71968245981
9104.161841609257,372695.7280936222,382.5795236441918,74178.67128616951
3896.9783938848523,232180.64838077032,-35429.86176279667,52371.0774974674
3024.8230311287925,781408.2831677899,34796.82223669096,64558.189877848694
8941.074487275471,281050.93629287067,13070.402703522042,61074.93810426997
6684.632803371674,942529.660575599,-39375.47785472243,62618.155035080694
3421.2766339664536,68558.42547623283,37112.10650231448,29393.638936915744
3017.915951336799,74151.28119581364,-30219.93229341604,30499.86749258974
3672.5017152349537,213918.35764064133,-46785.650810679894,83204.66651492495
2022.7498215166884,661496.0058185156,-26689.31789867929,53743.88559948731
2869.7300650334346,82600.73653310115,-4682.160554967093,11368.78563253102
9677.75241380186,934466.7566944779,-44883.37260399743,5591.422970917736
7349.88463019864,511320.6859039873,45339.200721766785,92925.10684056325
5428.816808619201,958067.0691615733,-6500.253034317735,73889.50043935677
6835.685192450483,532502.7309854095,-12001.05815488047,13647.738856757962
4534.853907330696,810147.265417729,19681.02834288859,10365.492422092304
6100.5461388387885,995172.1059496049,-28436.25413542069,44229.61777851881
4061.6078933575295,925929.245210098,7427.7647229132635,87036.66796081097
8113.5743836197635,784226.2080690968,-18856.32431374974,77359.18432082958
3812.60379235275,233762.73122638548,12930.97568450636,69520.38368615508
1203.7322774356185,985039.1477134847,-43815.05096261691,45955.47934665576
5986.291911416539,691566.6137976457,9073.683982576527,42010.52374776733
5282.229929888842,245352.93109403475,8798.901412254912,69827.35051922254
9848.451441403678,618408.0939686709,-16769.293263218256,43685.82831646852
4662.205150367847,111407.83790778014,24567.727709265222,3022.3053257764086
208.91524560247566,620672.780340169,-7259.462243961054,1315.7347563497513
7514.758785976722,160265.74253780156,-47532.315461272665,79130.73533971459
991.6777463056869,97279.22000673343,-2810.000560593973,67829.34848650874
4500.401351745846,235279.0066755173,15550.33720569966,76811.0596366767
7687.450242232681,773390.5589959525,11652.244718654889,1613.1802961985354
1614.9813396793056,876658.1151977034,-977.5135913216218,52801.44443119912
4977.72415271309,637076.732215407,-49981.22965334645,46303.255957247435
4789.149984228763,144091.7857009913,-2634.5958929625413,14683.725080623033
8319.405254992467,118380.14847095328,-47433.968317369145,95837.25799431813
6280.431157116213,953371.5479739553,27134.0024221668,30665.152505127713
779.0833593779245,455238.1172300927,16897.318043267587,54532.274909484615
5396.954819879739,173975.2028554527,37076.556829555746,98643.57452436056
8905.99609274173,895715.1506299104,-23599.51005344162,26953.830387681744
8591.918311222164,559561.2516797292,-27784.382807472495,21821.701726684005
3932.7533957691785,650997.9274045399,-4637.803660804893,97341.78640595758
6467.838442390877,588327.9244890654,-26469.2877513476,63136.06911656872
7092.881776997766,978606.8042932397,-25120.753104836247,83358.76818616739
7729.654877872619,835189.9569419846,19883.498235881023,75766.30962854036
344.2532154004607,80275.9971612638,-11292.311814093744,73926.70565909741
2625.7494882650435,82725.962829914,43825.95801448326,31990.391731402913
6287.461107321344,203956.4561244203,-6809.7240539255945,85917.14906541217
915.9428231610989,682849.8076852342,-22067.712784269166,97651.41560446187
3568.2021145461217,524393.9584957941,-19597.068276695427,99460.96900763275
1905.5309752977312,786158.8084889037,13295.080478932272,24501.605953367354
6552.733387367384,581735.9108309952,-31339.182723546288,56643.05760034627
6584.424505345589,300912.3474998149,-23173.552397764754,57689.141395841805
565.4599216077605,102619.75627042237,49524.6559889185,33347.67158023455
4410.452773097043,648593.3966434674,-40995.29529369843,80653.42048695163
6477.720405873748,873196.1790905801,35447.92795595572,19020.027317599976
9775.895865969847,188006.70841819874,48707.215847031766,44694.39164820024
936.8310118691736,898540.3604398137,-22794.455084174235,64109.795296498516
5696.305756950195,164866.35229578603,-43229.92735524632,55481.60443957241
1024.450790175252,727904.1339967623,45244.663721174,79962.09133917125
4760.681490595741,28825.877972671467,34915.18215064572,13768.559519917511
4633.330434006207,910262.5072723946,-5901.774105979639,921.6024561296887
9882.057868553942,404904.33206630073,21685.431891357686,32578.012499627297
351.50799884161034,169607.40459549203,-45998.123254634585,43415.478125198504
9887.572954756932,891261.0664390852,-27971.49396211005,78123.8678905826
3143.01281890376,214441.7543287083,18854.88364028005,21780.60923465208
7487.074393288942,680272.5282366321,-47829.94483269307,6735.235655879823
4614.140388817379,800927.3823852915,24665.648029900083,5600.9113376453315
9659.32948655843,444864.25458394294,6416.745134571458,95048.34691401465
9154.362804181246,274139.37459475175,37622.50161170866,28320.230727784634
2994.898952265145,257051.1378995511,27529.897208830793,85731.88118346602
9740.932686511636,396880.36268599366,-4069.6686793620247,81896.54586239404
9034.740126358141,310638.8854069731,-12689.694658856075,96011.40693776436
9696.249135094884,800507.6811973852,-25446.27276233704,57263.010372690784
7143.5979658530505,685040.2280085648,9034.851075839404,61258.476681116124
9187.041768563844,977226.6967493339,-32992.763883619824,15361.536264457298
4957.250438268479,552158.5465462415,-11614.455559197355,10910.073099262396
7754.441026206486,538303.2058778609,3333.3557546574084,98514.50154638478
8942.667620125343,413292.4341063104,-5488.352163272888,98983.99443430109
6663.993250513013,467648.2539757234,48408.92369236279,16900.21010915996
110.14937763545008,418013.9573132705,7865.455381273758,36455.81081809949
7364.68581524331,505228.24963487167,49720.451270698686,69897.7603631017
2416.502367633444,801974.0403494292,-23547.614526768877,97763.01473075547
4846.042087119813,779753.8656666016,28749.14072570938,87066.88563736813
3898.3201142913613,925587.9171844207,-2863.982107792828,98702.00104402445
7182.351261910188,375100.36014141026,35106.08047213366,98528.4712773147
3074.42771923377,500553.93702165916,-46361.33460133799,67983.49162053163
5053.09427861521,459912.96205786744,7558.367426042154,69511.29728692058
5656.5536939940175,956158.558922279,-32121.8508522266,59712.02428246735
7528.628393834653,254850.03529976713,11086.677599462477,58830.689846180394
9107.293527167634,242320.98854968473,46281.36415665403,79055.16060866254
2910.192439590441,816917.3369202679,44114.992837238955,86064.66556810729
5084.423675407293,91330.44632820587,27715.284021844884,18367.985435083956
5913.297507348235,505346.5434111332,35053.03994705867,17193.219787747694
2310.6317082024707,905229.1913883793,-35323.97236555161,26038.57710456231
4983.562026778676,538470.9594094856,-27707.878964373722,3466.3747853505456
4907.724052303039,840794.2248782336,-5623.408358715707,55320.04294747685
6034.05739760976,96051.80884882416,36794.93078999648,33266.60570847857
3734.3740109918567,229071.33002763023,-18626.098053187656,65414.75061043543
1393.222770582535,846507.9864988748,31419.991088272902,81731.28617223639
766.4708335133796,951413.9271493318,38375.799180075424,72076.38473240245
5252.416104437094,843502.5311712123,26121.332206294668,67900.75863641615
9059.135415589759,438980.39366228133,-43131.43402713422,69995.44244897847
9402.159573400382,121338.92488386121,-36835.96166146747,54157.66930356125
3329.4634808372625,787642.685097643,4205.654931793455,74233.81585073518
5546.144738469274,383620.3113257285,-8503.703614429178,47723.19573354864
8699.057428171953,805259.3741585544,-31201.793475991934,52974.0547597421
2982.0583136752575,44624.83283447239,24418.55902087415,88975.76743061312
7635.411941848357,793266.5498243626,-39951.989456153344,48848.96763594346
2938.292972048698,827850.0112925722,39690.44534299616,36357.92771498185
7631.214772737515,129539.11674634802,-5336.483973622111,11117.162173159955
3355.602904881936,231179.68612267112,-33783.97783657417,82636.96917253884
4660.623689668817,304476.3823214157,25999.529119012368,85950.15284899385
402.7688025265974,273126.0916132148,26448.07657024135,62284.936605449504
9951.585107261311,827264.2307389792,-1938.7880272121547,37096.67498637298
5515.3348760508225,459600.87151664606,28651.995250619162,34743.63946291975
113.25427148182743,164267.82249850256,30813.018439208943,94189.81694479274
9246.478341160835,975667.3137868531,28169.908151025957,53340.31312356116
3157.5803486872246,396507.19901018223,-31566.8196206919,50962.601803353115
5719.075995369321,211727.82974676753,1825.6873712247616,54619.530030343645
5454.120546219035,808169.4898244591,47154.3855862137,60637.636859172315
3968.0301724602064,378599.21610772505,4611.443224704279,27856.997814433005
7157.141320395608,163110.57670482673,-35668.75153809458,756.4660285644176
4961.913713343268,910928.8260385011,2796.140399158983,49520.8580748816
6144.076089882235,231299.24764684658,-44624.77288457054,4714.236769039948
5593.001825283649,763405.1588143066,2596.9560330612076,92446.14753738556
3004.3940085114705,432157.3595006164,10197.581317731187,82265.32480515557
3424.7474138616553,569215.7094824683,18554.015307940106,44487.98086983847
2117.9491410283545,166748.5969038919,-14198.971294331728,76265.52157074923
8485.767387118864,775205.0842668185,-49250.89523427505,96419.1459351594
6361.868693652056,175769.4265003696,-3339.304094464067,27916.42839564489
899.3986769143114,933186.9898122591,-34990.97348208431,83837.70428673753
5485.043458946743,385295.16272093245,-10464.995167667847,47777.657133956985
5637.889465290023,671862.5835801316,-4765.823580397067,92850.2139262237
689.2830757009405,767234.1380721421,34347.115422010145,14812.496908297846
8190.284435375449,178798.96143194212,11992.999689345575,64296.22747871387
456.200529906855,226443.4272243154,-12222.447613040786,50732.64294172787
7433.072291344904,226920.20399794966,26522.94504588921,56279.66119837081
5158.884250708008,531459.0083199325,11208.63501678704,41907.62256483591
4492.650716173084,64964.91120112099,24278.53433488868,49772.69019470372
497.42558016791725,990793.453017836,49661.33686958632,6104.544917169929
8888.678129289821,556362.5808188355,47167.169461675774,7057.75709691292
2297.357661048176,201754.59091477978,3365.2159824427144,26323.798254534624
5747.3703186056155,595982.4902947916,-31386.680319732208,17773.365192738944
7710.075682117057,863737.7944640777,48601.9999780576,98996.32212643397
373.80587008525646,559207.9853011721,30591.696898554743,92329.23059323592
354.29474869439593,172945.43955644607,-10536.48934533212,68808.07013953688
8972.30331221845,322789.2428364337,36770.05236410597,87456.46520496662
9437.610326064896,500486.44343770633,47164.487849220735,47417.3047275471
6803.932035919627,221927.87235762193,20902.210586172805,73658.38666772314
5397.2253465752165,820809.1065578348,18551.003866507905,38330.3210169038
7570.218640607155,813046.1817808015,34611.98950454738,79327.58159072856
7098.903340111549,162420.1673275967,-39554.98291165369,15201.27473630688
312.1139707437548,496694.5083563481,23708.58923324113,71294.860713733
8133.2120513020855,497843.5227258897,-18534.216377341694,25821.66730106795
2613.2792898387293,100049.53617308685,-12825.874043208285,56575.73307101768
2248.1198088674914,654771.5602418783,47968.65101962196,19065.189097312883
1396.7572287228024,243456.83236194143,37963.895542336075,15079.986375714238
457.00680078381686,515362.1525087495,35741.94173887382,17053.48676302417
5104.08975489229,100470.66248288358,9760.003957180685,98050.06105215552
4861.153297163545,715634.6178900551,-15897.490745478528,79808.5160028716
3545.9427647631314,525844.3244674194,-21180.999535986466,51993.7894874461
6725.769582222405,941917.5888519317,34030.588800271464,34657.07926143232
4213.305282578534,70923.96668000697,-4945.87539354372,52877.13950119478
8848.626433488009,166302.15709628645,-43015.39761759022,67653.20159611003
6338.318919003075,90899.12216906872,41492.805192275526,60342.614815925765
4760.351431158569,448053.08395529166,6036.502064979599,99283.93885894807
6493.805647652794,113363.0926070822,-33749.987398803125,26718.89713787251
9795.453586552245,492931.53994267236,45968.294018558314,91724.26482312355
2020.5543954715222,162636.1876417738,-43841.87725879181,20587.37592514833
1573.137325724464,687382.2568825271,43970.392157029346,59906.65744034941
1071.4281722094688,519305.1210939856,46193.88876488952,49671.192921307236
9926.967497629857,409538.35936880275,27582.370093003046,83671.00776817152
561.3552896523566,419431.56242267136,-16156.84422714397,92812.41996414076
8822.45352095775,23996.92691225074,41516.80568482404,43260.46057751707
5812.26647036294,382882.97695650364,-7456.035465258414,75802.99044220179
5301.605770850155,612318.4294013128,-39993.23470086492,25428.855628023084
8182.042514170267,365238.8920423604,3348.616124874112,50835.026005701104
2993.537162508598,616203.1383447475,36317.63919827067,72425.34360377195
9466.530075337603,872725.8467368454,48945.38597137992,64336.16623828039
230.1625113580852,575297.7514428393,-3936.121098259471,71121.83154086032
4363.694167452077,704633.8920330587,39180.46294115829,22955.53470066902
5306.067211164205,926585.150415781,5971.293541837687,4548.8742077372635
4788.9656195192365,912667.9065503383,-37779.23305826525,92465.95724836679
3921.6004174749173,617310.6683658788,-25274.456765575294,13105.637212473843
2330.84785347461,311687.04007490026,-19501.736869256205,89348.08466081155
6348.259434905611,608397.7354911892,-32452.5708845382,37709.57139469988
7635.8439633103035,461284.9584520105,15576.37778527556,49822.00344667749
4355.4268286325005,910306.1845068411,41135.60688845956,42151.37584759605
8011.768391522919,62664.45777252606,41079.186820959294,86091.99356828509
437.5224137587752,618286.4423685292,30617.374942426337,36920.95096749623
7038.505300667904,120259.37690935825,27823.942524941274,64570.04302680108
4380.632164459208,858982.3274336251,45148.133338112355,51769.88832910764
2475.274582965363,302556.7995227442,10297.619178384644,65843.74899394489
4707.6777611895795,25336.12405009681,-46199.852414214656,29276.174196987715
1253.4702134456422,501573.0514138269,-31381.93526066769,11154.222137402303
5041.189041384017,321748.6318039756,-31618.75296004766,36676.71829133663
2844.1316660622906,275436.214187381,45120.399773483645,65149.63351141798
7922.740613235032,786447.4890355471,-45175.91189102773,18233.31979869306
4789.111980673637,863528.5077702339,39709.2843313386,49680.0214048252
1128.1166116128827,223016.88404443182,29786.580067477422,35397.70981274023
6685.004615930903,988641.6789356512,-46882.3172166111,28398.969950836494
4017.2650792364516,398041.81486392545,24104.14166750913,67041.29486179713
1408.8912603637416,445598.2445719777,-27787.253433247715,46937.82233939522
3958.105281600035,106819.84308867704,19734.363239486556,67015.21612128573
4874.97400329987,240792.23065406203,16489.43516917432,38417.9979681021
5363.249960308855,354093.7727941254,-8165.249325448167,1306.36312385225
8111.153218345792,52101.94168828923,-10107.487559870744,29067.09648908472
6378.705013763839,961758.1051113775,12614.126724469003,12054.946879678719
7944.614486559481,883628.3796850435,7107.540790118706,3704.366283462379
763.6088333658819,520492.4439410339,-1401.6317542058532,80699.29133623018
5085.487625675542,454712.0591749252,-11538.52166959706,15861.201694322868
5000.075646825299,87275.20717790477,7951.04066839072,87513.42499317427
897.6369056828192,467681.68398959603,42573.54547268916,52302.25325538627
3172.2014459621937,495730.34432813764,19489.618000762566,89803.13532700851
6645.651403073603,63787.45422828401,-19103.067486601245,86712.8249320269
4653.300054333078,51260.71425502897,-49962.13023115391,66026.08646758377
1507.090476245082,981772.4764323886,33292.02291767676,82318.12249526098
2140.42753954047,607920.6706020922,-8244.948208271999,98101.63819414318
8139.053239866406,198535.09650020432,-41228.271585318675,28200.042691590475
75.2596198343758,868981.5305343596,-23917.451498902665,89175.98978986469
7088.129926418419,956335.577253218,-29440.439299573594,19077.08148541375
5990.384367681667,98142.62767944287,-4051.4521714561633,39108.260745494816
3832.800957981396,805999.91828129,19601.090248953988,13313.004098235637
9820.071805174268,393341.28173558356,42871.40903349822,24943.16090832549
4747.343777146202,800574.2910891605,5669.373069683403,28919.896099580976
8714.585152643736,820114.8602302043,40602.33802353933,58635.83599007018
776.3115464906878,838882.8506637443,10205.030929442852,62321.236038670126
7397.091525557027,466467.81950048474,-18052.00596798141,19294.55965634227
108.64533011864408,303442.4621987753,-29968.455729652942,39640.59471565704
6602.241534926851,286197.097521833,413.64443990092695,82206.84544530463
3640.483196150903,842186.9507633179,36086.42173534243,35281.58742538562
4635.472978608161,702628.9135918658,33307.52066403713,91914.66389429722
9515.726736078794,548454.6097930674,-13691.113256087985,17564.729721006457
9592.10725915032,29719.887496920695,-42053.044609078315,51604.322475791756
5533.430749549529,398691.5396831108,-13175.352572844087,6186.77907198405
2275.296174268113,972476.0077706984,7606.972704602478,26076.692976422368
711.0747278485997,932324.2968061588,20568.44028362949,51268.239040868844
2351.885554932753,373642.26675166027,-1148.080416564655,80563.37893817034
9792.782257177772,723254.7235992457,27484.925041025912,68754.59270714485
2785.2546637447417,338616.1050656248,26890.794668130446,2654.4459556326337
6991.548688627291,597430.4765507535,25448.578616775703,91936.95164828197
84.19745606072394,715537.943239033,10596.866501073557,79603.3663080391
7754.539843179626,155943.79416015462,6043.217071656458,23857.683481013624
406.9051380768307,772511.8189426532,-6167.763605688451,28274.765702219272
9840.52351425368,848112.1750352759,24341.748000943335,366.70352791043916
4059.1142616955067,918909.2250319734,34717.95079217202,0.6437217512589299
7498.500633946136,683993.8221669445,26826.797903412793,98594.00478814174
3425.4818020350617,462709.46624837606,39490.30263968685,7610.631171577665
5036.590936438867,220791.0197375617,-13407.164400817986,50604.085700463576
1873.2515319147547,380829.33038301655,22583.925877732094,46901.984970585385
8570.243188478775,502594.5102489613,39970.416120128386,46997.880424705174
3667.271127517908,724395.4574816247,-417.6587974949798,9814.872605563252
7238.827577113817,337922.1624527743,43713.16092846534,40227.82207252846
7435.425884187756,165912.60447843833,44676.53560356704,11578.616251653984
7679.674289621252,544504.9321545358,-3111.8914270262685,82391.67863146133
8223.549445134027,540280.5536009914,-30727.752025823153,79094.51339276569
8048.622357817029,495773.16542297683,-3389.9222845029362,57270.75550513427
5678.874218255288,856613.1320920163,3386.536602619548,72820.85114793696
376.1379588049474,968496.6040526198,21760.616287496814,91378.1275105209
8401.084640569878,782812.4931764771,-13525.696926569653,39425.73486241118
2548.06825601127,96031.03328758468,-36167.77137183367,53782.48307924132
7000.035443919836,529851.271536423,-674.6523578392444,17473.383187142976
3700.0894510227754,836624.6322903959,49038.44467814472,79473.25020925095
899.1977089115921,967716.573695834,-6327.3716225884855,43409.469227299094
9314.91565161458,591237.4419656809,20830.40147364544,76032.59212938078
6423.894339217189,209968.21943578878,1152.3103096510822,30111.18457039247
4811.328195061192,490326.81348019,-23039.46545734631,98379.91763613508
6213.389158810136,788864.5301993452,28256.262724440778,15267.609499902313
8914.088232321012,574052.0257403852,-19765.98109937303,1354.5350434062798
2495.8892526028976,628009.1101276935,-31082.405435124194,1856.0356576383442
593.7969060535353,255351.2199302228,-12911.430086660279,4902.044785622872
9265.527211751683,64471.29505360803,-8630.117644427068,37979.85947843088
5865.762426286581,180343.8174656698,-36856.74808005469,31630.133142602546
900.3805944156029,577333.7516016011,-19079.288839605724,8333.678504301777
3236.940537361178,865511.4745481781,-20143.103311742492,1499.3837333106997
7260.597125880969,524620.1134663072,45280.13008711605,34561.193255478625
9090.007307442394,596110.7469752308,11436.765439221417,93414.69250581562
7805.682278285566,295555.8668604477,14084.670418379843,6771.587743600627
6793.628871578612,215270.5110886116,-23861.917410391565,8482.975141272964
9770.01559318532,130115.67156823332,-10742.438590252299,93479.94585593657
5827.989369277497,138227.39483577257,-8904.928775385342,94702.74738382403
7935.656932052297,562810.1616594667,27845.72999438006,2237.38936195087
9714.641037028914,651152.2429202454,34824.08939213301,17851.199413956987
6041.5050691387905,992665.375792359,-36025.752997694246,88216.52829865032
4039.7374732256576,139020.77509606944,36539.52777775904,88334.43939958951
2367.871823453204,946347.8392556146,1558.817309673912,33017.871488086625
8359.71351437153,831981.5126931714,36423.07306770708,78766.45954213812
4535.532579660503,26388.747042126797,34416.966840202644,40962.7782576927
8278.472963545124,544674.2565553383,-14013.046399728933,92042.51390793594
1058.3185553213548,621459.8831216824,-24581.473930611974,25138.65201594988
6485.149323642372,87951.97973221772,-17328.184428567696,64672.49488987709
9688.309652625987,60654.936950518444,1316.0473074692127,80461.91279563861
4041.499062732625,417459.5860430779,-42180.14689922882,15139.940220178583
5092.694369623922,298728.77206787025,44895.779998629354,66024.44867211166
5707.991148441083,88522.33213963552,-37836.22588688254,72052.31474860855
901.3555345998559,744248.3735314743,-8910.180294255864,43989.12414703564
5597.656178488395,891797.1816464618,17972.30059296047,41848.15494864621
3664.247071998118,847608.0947562881,-41309.911454229674,47299.985055337245
1946.7556405506136,389140.4366239504,31992.756109789436,826.7538935351704
8757.622873225962,110862.5873346451,-25695.294624384223,73472.7969453865
2291.336491215472,294144.2796958509,-11668.582435298646,21265.94411731484
778.1809690813845,86330.49440095486,-29802.545097410803,26731.518492192397
2838.7304696110614,106795.82764127187,-34587.77794559198,66393.66876877866
3464.1853437343916,435922.0355642529,-37349.085235670864,55756.352109049854
8323.063260977102,536711.5123323776,46154.48568641173,13978.927530708374
6682.626873373899,968143.542067,-7506.109107275952,59308.99343398073
1133.8349374116162,334400.0904533542,15510.218535958767,93307.73034286218
521.4883371523882,254732.17971697444,34433.7939674706,57000.70173984025
1006.6326932438841,775007.3534367885,-35498.30220605321,45309.69084960784
9026.172971883727,293873.8379333958,6834.561825240351,47468.819649954356
9065.042145143874,923995.554291838,44899.9138437755,40600.87249411096
8619.161741643726,471957.57578707126,38580.77031585692,1227.3545224042116
2502.815904739053,379210.8783152546,43684.50437765896,15208.528865724147
8741.959911315893,580819.2894082397,-25331.445392210728,60457.27596185574
8695.363831203596,948791.937851795,-28574.202004088365,8743.343026848805
4758.3959345636185,552428.2617999553,27163.943946285668,43002.11872525044
29.626726328968456,929372.4939684053,-16270.379602312678,14784.817111669845
5658.336896055721,497969.3251448069,3169.2802952280617,72834.5402648489
3241.397208988648,394031.36330400803,-20114.538490116596,78245.39680646764
1600.8792715956454,963274.0264847613,-33561.7066813489,84259.44974209167
9549.148711942064,864442.9685141925,47858.627605425194,99479.00808093954
8836.081555661258,617553.5195603605,14280.492447250523,72119.33614908501
4373.435667338299,626681.2204145854,49767.03412711338,29899.59152529311
2044.2987866041917,597387.0044816294,-23604.498615052395,85267.41460635028
7930.927686509776,915130.372781426,-33016.78069017622,68875.2602535377
6632.1811231731745,472918.00722435286,-32722.073489565497,85574.22070881876
492.14042788742086,213955.3407707596,49002.24102276504,96663.73899836806
6024.402686592141,448212.32792565005,48833.42699707701,19733.281674465798
8591.924394005624,230585.33566027708,35216.06449173177,3154.6753403377093
1490.176935898937,152730.33695565932,-15153.421148842608,76131.48150157831
981.7759160504136,300663.25576422847,43735.06681521349,97184.45610979998
4543.627100455377,305866.90012158867,-6058.82389508222,24049.742183527556
5613.031045378511,348914.3722579727,46397.29201132935,6189.174293552835
4457.070992072504,61512.218011169985,32673.59340188351,57459.66575418934
1440.006833978107,435387.47261792124,-25893.934626886537,961.3429768201787
5926.282834703166,724586.2548015473,-34600.18329691811,90681.7390963158
1332.1500527467622,841521.2191455578,21636.612044991605,5275.996437099684
4426.7955319650555,316500.5015394821,2556.792428667941,78170.733620014
4884.258202086329,35489.15543934151,46052.28636280021,75151.80695800626
9300.30593594054,951499.5958859586,13998.706978978822,55693.94272182886
2413.834428312199,841276.4760600574,-22128.948345218312,57512.82246191227
7110.244078824828,270836.3169824332,49028.814912032176,25167.84219292768
3934.6375495922803,100941.51765143817,-10877.174758454144,63016.484076894296
305.57153857201257,166732.9812400689,19767.45826887038,30418.84256391596
9395.492306685905,84515.24009456892,-12561.681353323227,12813.511600451999
8731.867143395699,613082.2246946663,29496.887128127346,96133.73569111738
8973.419924610967,766991.7216720198,30310.000421961508,44005.30777987033
4028.768688046663,564840.5701086489,-47376.48729465114,27265.454652957233
4710.152535887584,936862.9149155114,-21334.207027531073,83564.49097837438
9452.82685506747,693067.5819235876,-2101.7812753374237,91159.79023947571
7281.095053259436,85650.69441462723,33896.1538822548,25484.191500728724
164.83830031295165,27564.04375247005,11535.354182689814,29668.6719277395
4185.793497686932,132889.2169117382,27475.13747970198,70921.73530353385
1520.7180447442393,384061.9834199063,1871.0309971210227,73515.65290088758
8148.977318321071,406011.0995626396,-42683.91956225061,16102.331737419894
5404.974331989072,357920.060556733,-7798.652575326734,56179.21966956673
7021.233741676665,119590.07891118349,-9997.46081448457,97748.39873214529
7145.848999402559,111276.88620229435,33441.18681788311,49559.5308357641
8968.378631975751,303393.53233073495,-26964.919541740263,30800.148777322713
8051.185553545641,205616.0157695026,33244.18056795724,68694.25696679819
9238.58659374562,313697.98447958083,26234.577349105122,98193.05942402543
1104.0859861586393,516695.265143212,-16775.521902388624,17789.08961163057
7296.342339950727,967320.6519525154,6442.62634556675,77457.84793470625
9857.422172331653,613793.7188869918,-9079.038820106354,74828.58621185368
5612.2750881673965,122820.17058043911,-35340.295813302495,13908.592433133137
3066.259981222741,290229.51112140436,48144.505958845984,37032.97481887125
3897.940913807034,98319.65348059009,39761.68225907114,75184.59906520674
97.2633566359915,157101.3756688517,-7651.076757522889,74426.49521760136
5074.6114701355045,500405.129388849,-42064.63420381436,46911.66720811831
4654.136125281353,497207.345392429,42666.21546162949,63782.97859931521
1765.1363137743458,263552.69191596133,31973.615249805764,54248.350003538944
6858.167821452873,741093.5170065869,17246.75627829769,214.22077725766763
4597.937766972135,604537.1098947892,-20429.258315256706,19082.865977589314
6222.944638708479,212185.94731957588,-36454.96950807719,8666.813089701764
6112.202053558802,841275.5288247644,4758.752192045111,87646.25678810643
562.286656387343,52959.20321570051,-41808.44114632847,2593.0463337860087
6553.329886702131,830558.8018351571,11625.105134591344,88307.43717620177
8370.476102332446,609094.1129259572,-41908.37318922673,62061.5094064772
347.70778668766656,504124.248109414,44452.56090582839,4315.747808846549
4713.838768229874,553578.3358154828,9391.436575517298,28573.009171878595
4545.863232335433,947522.1946529583,-26578.18888756115,71256.65932465295
3172.7379000086053,357702.6414101275,45952.330598247834,38847.44589721308
3023.06678691986,931230.2088702427,-29982.555705474868,33986.20772220635
8873.049310729079,220906.01108232126,33973.69168285586,44847.24618978537
2726.4416945031066,688467.4727538384,41277.91991823765,22809.844420846082
146.17294058496987,456422.78168914974,44405.13876684109,92303.00938393634
757.6462482165335,479162.92139016633,17030.17059424342,33671.28038819206
8856.649834963848,814685.0102969309,-40211.32796678303,55006.96260477119
3580.1884578250633,344530.02737722127,9249.429006102138,22116.959235540657
1936.4417768479448,371432.81928636355,47171.35880918389,47139.87077191978
2140.438988661407,841701.2478286695,-12315.068460558228,45801.81243617523
9164.94097987877,832486.5070027614,-46270.78384598248,60897.01390644606
9191.40018563138,872875.7092087243,40892.13309396195,15301.872708127685
4733.767152872598,672132.7670560137,6742.886806504102,1678.8772591070256
7608.298868010817,728432.5990545071,16812.005347945014,37999.41287254005
2635.41882056993,107078.83794263341,24565.748748150087,18112.131605349212
985.0619753340073,88464.10998834937,-37961.88073253009,64806.222737007054
8414.839862190445,892927.2254588568,-29774.905459424717,49166.59616390092
300.7380562283701,572180.3393626229,3912.06997390592,74490.62798511356
2322.9621176062633,855124.374181451,4296.976734891468,35633.75328870968
2944.9276293030457,129639.98263798546,44587.891862759105,55373.91801078655
1411.2891205243627,951336.3466746272,18695.362216997906,68232.46194254128
2891.286227509955,135259.26034547313,-38793.87583959724,69161.76060164304
606.5826280548337,767204.572732244,-41983.76872532691,69607.50094180895
3308.159206277287,227552.80720979202,31318.086149855444,6676.262214315198
5304.713504282938,732434.924456068,-39922.7901388443,32486.552473104213
5395.413840467534,284559.1896328786,27701.042368705457,70254.29719447573
522.7392977739065,189173.099162011,-27706.582220248012,61261.26208640408
9736.531292232876,749404.451544479,-48295.14499169322,42577.69539414487
4148.275062517447,289619.57321668393,25530.081776085208,89257.99386106503
8955.016747756876,605456.7271988328,-729.2505718934117,26700.97486893762
4325.212535177712,364837.1014946181,-27927.39107148854,68963.90875393989
2964.1975320184765,385525.0215598824,-21237.15410641617,67042.16961975516
3514.857123882127,171704.09127261062,19354.723712555948,57473.98855101801
599.4632527362965,204555.2041556659,24753.02757230484,86102.4591781466
4271.542068245782,89966.6573154628,16085.24715577846,44424.635667099166
3922.0184531814807,690276.7186306069,-23100.1730461605,96680.14627455483
4271.781998801602,406342.9279213423,-27585.77348789116,94679.46897972764
3983.2038366738675,231252.52086182084,18061.92978530834,74344.66331164067
636.0289063174829,87632.25534808967,20778.96928514485,3032.9347660256967
9338.453189688456,826785.9742167939,-9213.090602095406,99936.2112513693
6082.09401576933,589782.7762620264,49070.65054137631,83197.38049580125
1099.9445250785377,768137.3973577773,36315.84639551594,6856.666189511873
1949.2968618176187,894870.4064231573,-37237.91763944316,38339.177021956275
817.0124978366445,645503.6207902324,25244.427954338666,92917.33859979476
5632.403346922904,592942.226043201,-42362.687870987626,85429.57342941563
9973.380540393915,420213.56152814004,-26018.825000913737,81509.28981174856
2464.4187728136712,630677.5371727038,9763.633307702046,30675.83059552572
2390.2759700829,826593.0917562473,-33856.582418282735,41861.74227571602
4587.292634552939,413819.6736803425,14346.668675297602,18298.34380017473
3324.494189862414,72952.10133853086,23031.624259975142,3154.2740229671963
1849.6040736434472,975331.7648634163,30109.12085396795,99919.30267375807
1550.4689019359673,576147.008148245,-7677.260670722462,22248.385283387684
2270.2857479933305,646229.277697716,10833.84192249641,96828.5772145569
3215.4149769030214,529171.9738457125,49123.135940421955,89804.08520037855
2107.4497252698666,291042.99876461446,30711.828100288127,52392.40424068573
8756.604995893931,226231.61908037937,28521.80989938081,84547.10225165306
8071.380533538007,134864.9814992436,35135.7682100954,96870.53395091245
6669.841563473641,394748.67828251765,33784.44378833666,10452.359610046424
6720.752940740984,833931.054083478,-26420.22052983353,71907.44150688704
418.18946350305254,408759.54135404655,-10671.028580363018,76609.33916959116
8581.14250264614,126692.77140446997,-3794.0414214123302,86963.24766486365
7270.026999028324,583150.9106783539,32623.24618478732,4534.949393942245
7024.886525319095,167331.94640361043,20838.333211750374,4949.936233116281
355.48453719470683,253190.5572664331,-35854.52316222535,72699.53337839163
4451.361470092584,708671.0312198193,1944.9082098801373,79338.55485144242
7730.325651447481,248805.47017334064,-451.9947824244955,33031.622596801666
806.7373528195865,586432.2717065357,-41731.631525240475,90002.95483145861
4736.339403557234,978060.4779226844,-6834.893414523634,59167.103272077184
1982.2715145925397,801798.9714404341,40746.10230520161,50065.75133867525
8447.303106539757,319290.2636931279,27005.381866654003,11208.3598633127
8130.206264525971,784231.76689653,47360.1422131344,81012.08573208714
5489.579715165267,666338.313003472,-15630.58870422739,26759.07676433774
4436.3310581508385,241493.22800299403,16557.6742798662,78336.86314662852
7026.409259632997,416355.43088910304,-47766.72324599337,73000.29325417681
9388.271551349506,628833.8828926996,-44117.26976827247,14991.028507777026
7194.962268902019,314611.3746079408,21538.567908007317,19573.33542467671
8078.569248117701,514292.57947853085,-12540.329173649756,54892.562259294675
3785.2121405627004,435772.5236298663,-20470.482563816615,17035.27153482387
581.6140075765974,922064.6696526317,16969.120177321034,73767.79848146706
2449.6913490016336,86098.59993322499,13277.8752374072,90652.486949856
7943.490967852959,720890.7754036717,-42243.05752786548,9588.67888054532
8233.195824819237,416011.9517894745,-31463.845758470234,84298.03629056172
823.8054188491972,589419.5569381913,-33283.090464687426,89871.5848148298
711.4960642593393,957491.9978701394,33059.865912454916,14218.362245349936
8328.547256027116,35497.45384560225,-26412.327701701623,8103.369033737862
1528.120568208673,165748.46898381555,38539.386258794155,17435.03792542459
7073.058770744581,611338.4762191641,10304.651100379306,46560.20321826336
5618.272777228761,489626.1684040595,282.0473460531939,4547.134881633497
3014.16629168181,291527.3599462516,-27952.484748282026,67784.88311573747
9908.944494474958,120194.7055566804,38785.116732055074,51699.86248745607
1090.5408485068301,485808.9951441505,-33376.19803730598,21988.194691311226
5784.287931540577,851976.0189476658,-47659.73794527495,91485.07410117604
210.3477017645483,363617.40544685203,33829.37710813267,42639.979363779836
4105.308996551836,976263.0335767259,34810.131156445874,87539.29986780715
3625.2486435402852,452297.4718802712,41426.30804719035,27515.53229554874
4072.944630103823,190982.5388757396,-42282.31702793065,2604.9097694566203
7229.819818608643,475972.11681054864,-10621.200441532943,27462.938276749293
9723.585988799337,636555.3330527565,-39211.11161107792,94820.0243163849
825.4465119269516,167008.66011426036,-21012.18696999404,90156.97395789764
346.11065450983915,172206.77099182378,20089.420659672003,2002.8353470331162
9887.75832273645,267036.99734107254,28564.989416369455,31105.22641964596
3609.4872337422803,712181.0317473435,-12104.03722796771,98695.90590050329
7876.666990694273,199473.04185961382,42286.495357394,29172.01734594287
2690.010533342072,786311.8704032099,23442.768492504605,35736.12876609744
1628.0684316542738,900500.2486931888,-36132.546050993806,68885.7775737455
1187.2377549675107,534403.2652558322,-41315.917118545534,97115.93875043324
4866.273707211358,960462.625528261,-28302.48376923239,76795.49779344503
2117.678306630467,548873.1704869962,-31786.935787872793,33901.397917039445
7376.228921005398,932622.3187603801,-2921.718180811593,24141.880056580645
9775.309685395436,725113.0040177916,37477.81681618754,59972.81067876744
9874.58749930075,531234.603236534,-27796.88642439383,93108.79872866816
5747.973594153664,624016.642930371,48435.179023565564,19353.451490077554
7118.698797645112,145893.88196999504,39520.036111219,28920.723110866653
2878.7202017102964,156131.51964091952,26782.86901366939,59892.0761756393
4292.572840339295,704103.3419474196,-20881.697493853968,25051.699192438482
3461.160893083165,621885.2772431378,19910.63498092153,73064.7974071303
4208.886401120317,79021.73357445934,35779.27061633057,13811.540522551602
457.8913842808374,507340.87656994275,-288.9898034947546,84661.97971845356
5366.090008271969,164340.32146593477,-47667.78716676354,59574.8323689024
3031.050391335982,279933.5768848457,9390.33501549685,6125.766608754601
3399.6817531175693,763242.8680966067,40955.67906346888,76918.3894659529
174.0723751003881,293642.4856083512,-1579.3751954131149,81303.87649700648
966.7074106031781,783402.3332550959,49065.04349879286,20932.782696131737
8733.701116199587,658050.2961331949,14772.9436043916,88385.26145109274
3602.5507392692666,34966.72002441861,1426.861649203056,21973.55787045715
4611.323908252171,410743.90183219657,48572.89453905441,81783.30345311761
1589.076673068779,73487.81594580601,25140.64958306683,62117.79547954415
8432.687982851108,437509.2497576344,46318.85623975836,83732.12051718928
373.1904527656871,814745.5010410547,-10871.272506786569,15591.58913291262
9475.066479498537,129773.65515044953,39803.59194106836,60361.6536961157
4574.871311552664,673421.1157951608,14774.744748397381,434.1235950547362
4140.929688032729,553748.2320059952,-41120.16705042387,42017.1229394779
3123.7500956154795,382572.6118854657,39351.50843244167,13663.933861469135
7767.189845314123,690724.2814480066,22210.514552772685,72588.49676248789
5563.286826579542,115865.11748888108,38878.742216243394,47212.99116539119
1059.07946054006,992976.0229994502,25144.223599312012,97615.60615640602
2061.61274368879,359509.3405890887,42051.40874081856,6894.235356387857
4937.7249689500595,324723.43018467055,-31143.466416583633,25934.50374149896
2168.1033379710057,565861.8437015782,-8120.794779767035,81668.1824052112
90.4800841337583,42607.694281304925,-102.16659675514529,24630.717219764796
9854.737752025627,645639.416296057,36677.87214811862,35474.22573102103
13.07968012789651,795133.0849579514,-45711.73323361129,32065.010794393456
4881.312324286811,800701.2789697658,-42947.06996797071,18892.25936031238
8832.678499008674,405527.738917632,25300.423430044146,98737.27902627297
3023.569537356524,344351.96628459654,-39483.52117607227,22900.255769761778
7700.835291648438,467476.93353753234,-929.6089466127887,90754.2039308451
203.30336923204072,321118.1915289797,377.66528530367214,21993.40332552815
6045.505569755926,128181.67598939131,27177.811084875633,15666.293080098425
8059.505808795532,282952.4892064517,547.4700915505091,78930.45330755725
6471.106929630312,858195.9238792446,30335.552677408967,55439.93025806021
999.61486383786,403817.25247933564,-7101.5733803777985,8372.877706135761
4595.7163259521585,192495.49423953207,-47670.381003192815,16330.060159865823
7269.929046501663,759601.8226396379,-1180.1147743625916,21682.49299464996
7614.465565721509,692231.7797699141,8349.936424384265,30419.13048712821
9084.247546828794,625326.0798995047,11609.471464297203,143.1249887631103
7878.194028137221,841623.3802707864,-3147.3671765618637,68587.92261544068
9349.801898861026,886583.4773345332,-38658.65911908755,68872.00799392765
276.42346491741574,499438.83387996,-30905.569216482476,49683.89195156184
5029.5394675661955,167176.63870167662,-31148.126387499065,68686.47472499464
4713.716345546773,849523.4903423776,-24520.20446009999,55652.64096047691
9679.822698393551,999898.9073607442,20483.419624388785,48191.611573385184
7468.480590293776,599823.8204468634,32861.43591499317,87398.14970517467
202.60453223627573,472414.50702239206,20226.731113253933,23354.48711459235
7723.283422082348,224361.93370172926,-18065.18190433879,21137.395074973
5351.1453432152575,785190.9863127951,902.6951382201441,76830.55616084657
8055.735615439037,807613.9269538362,28867.28388766611,50014.979819941786
6028.3318765679005,923436.4983543607,1024.0037559977063,94307.922502577
179.00999118729555,955744.7557056752,-9697.577914645197,20743.394371617673
9916.66078734122,469995.59465424455,38977.376956853055,60135.00825426354
9721.056999731947,384152.9222644646,-14119.699755998983,34.5422533141293
5478.950311911056,771156.267039252,41166.96599164899,59497.32859453109
6331.578037855689,415778.20549236017,47414.198787410176,30588.139394234306
2868.8417044511784,672321.3985174898,5759.573993421531,59408.94887334535
7905.8192673649855,689625.3393086217,38864.467404183495,61402.6367771416
1790.152852787018,945498.0796606796,8672.29391658654,65784.25954622639
214.2530625122485,443956.9450300897,6250.10617717234,62174.27598873746
8844.148313461023,415557.49138865183,-16556.79557746731,78855.71072839062
5727.199349213052,243608.85104945663,1638.7398282927898,56549.89208477246
9403.784976694698,357218.745035812,31625.76769311943,94203.10979124095
7923.463276211046,265880.58652628446,-49644.4281229877,33999.11431723337
1553.9988676730388,659709.6215328729,45347.50349066913,21660.121558941104
9872.036638331869,324454.81782675796,-44448.03600212144,25071.570939993813
2137.0947535280193,901057.6078852137,48673.61548346863,19363.58719348157
8375.94001351943,195798.14200710756,-40725.752508029946,49804.73150393572
7442.3001136391185,118964.07786076468,-10583.828277482302,65211.290150101784
7467.255492487414,37496.88195001446,4173.427803857579,74048.00552391614
3578.5467072494757,90214.75951386185,38029.459409184914,12993.80093769541
7542.421970790391,932980.772050921,-35003.64154842409,33468.73018352871
4069.5427116259684,515579.9570913355,-24767.847652646324,5466.007459379607
8926.850258222195,942087.6898584334,43999.04604625286,10005.660744627787
4710.196504093442,232157.1661390149,-25003.095485803828,41623.97980419046
1157.9209601433881,901922.5927237943,49422.69927673986,70535.60601331941
8223.456774804903,200109.54205334664,14548.013358564385,20452.769559563054
1775.4319968944922,167463.74914948814,1173.150008278688,2518.8128436323564
3756.6292240140533,335753.2624826027,-31992.253855431572,8410.803691429124
908.5505947639283,946369.533415497,32844.25266502568,6388.744265747326
8756.232519055222,147946.75461725058,-34668.014384681635,2916.4395339781104
448.3395203937723,927438.5007932477,-15774.073446686707,29451.861925520596
3260.4595017441097,639735.3169790881,23175.80394061892,89102.38340422398
9094.916638923227,207176.50113088905,3437.4197283221583,51063.0432660766
9148.300733468972,282203.6759561425,-20670.407833671045,12103.520756972208
7068.310340689729,743923.3363744433,2826.461296217254,53842.267235005726
9384.3956981334,652490.1892321607,-12633.62575425717,12143.843258993815
6772.072673502414,333992.4934598285,37774.89193029262,40698.1669104454
4798.677169376389,332915.3166749511,-46859.07234470109,94688.06018607797
8198.716376092347,989276.8889328693,2551.4208667267303,82424.1089066126
8439.863705923857,993178.005118281,19781.325518869446,32923.53556334465
366.033849958135,880773.886574236,-37647.865823778404,5632.404657588574
41.870326351409744,822572.4688717807,32813.55279031732,24838.176450449966
2573.361806519755,997482.444069175,-34330.65032199455,55792.266501266
5642.1959778970495,704179.1657265058,42059.78981189021,52159.88622491719
1766.857002873974,95125.9201570217,6129.500661942911,95137.1769921946
9891.3498784824,747982.5890204215,21951.012072847516,13423.219441097268
4802.841215128752,754153.3179830965,27940.599826806807,20207.232956229273
1092.382126609437,324869.27394516335,16894.50768152898,28428.858823514158
6898.281086127452,611472.2405330662,-5910.020243441439,8792.158792748705
1509.5780505881196,288458.9964352205,43336.98000171222,36361.539796228026
57.463753255031506,895366.6040304212,-38567.1170506246,31040.5468120584
7985.381170221275,436722.365678534,5163.787047577585,34832.04385202974
7763.931434445458,938052.5239069592,31812.55078261315,84501.01836868798
404.6046149311466,210337.98573201604,4075.035007018094,32108.89435873808
4726.737144681236,505324.8570061188,-26647.558202086297,37860.85687267413
8044.997436075883,89742.11712293274,-48420.92772779381,9805.373871239342
2970.0849446216826,667748.3768498613,31061.177280639808,93147.79973401655
6353.22334776041,417824.2110620181,14244.051428264851,18287.48239043724
8055.415031005708,62845.92689913557,-29109.133875470183,1160.5947116365423
9185.319004442195,500221.2690539688,48848.17039900647,52068.471283972176
1724.9996781689435,302737.20006802044,26389.421111858406,89893.9130996522
4050.691212281515,100164.1595794098,9069.223692741813,77455.584975865
9756.107434594527,226681.00783297484,42087.49848342806,90723.30047316362
398.7172768102887,789829.1586014495,30354.074202064396,9714.604141750639
6314.804787587071,102974.2418015842,32760.678144084013,72115.75370107197
3487.010193549074,945147.692237962,24608.70257764474,62017.85753458582
8598.451731413614,869660.7196528383,2707.505202206281,15631.547578655303
8870.41087248954,956027.3950197707,41349.41557267566,13441.28500162538
8055.955907146955,408502.8335521356,-5815.95330328343,93982.96162724364
5049.771263740375,188937.7906464723,-23044.121426358623,68276.22105272536
6974.849274641527,851669.4046985533,-40864.45974837178,35915.50284656826
4319.589904701692,803813.540723987,38666.563399806735,3921.4807957094754
1724.249079150818,985592.6402028688,-26634.18392117518,87677.27720230172
4353.561744409125,452228.40045949427,-5042.731608539609,29621.401952637894
6442.761932115873,981447.4426209234,37285.05789322534,5842.109359654002
5567.105777069452,228793.1261621604,-31056.68546470459,3315.4597904436646
3460.4010387783223,866706.092467489,32376.580435730677,41252.05375978649
1795.933756039243,592730.3640017868,-43553.9588806515,78865.07515216313
9243.571592351405,857221.7073681735,27523.224185838204,98844.90623566377
4329.719720472262,361579.5969376987,-24635.760316390166,80923.25104867698
7152.190120571463,154293.0235725451,-45666.02135084757,83132.36745974384
1839.9365116135602,403985.52244374325,-22008.845025868417,29712.64831143363
798.0027136355827,856164.319675441,-4388.513789316094,64094.44879367514
1240.9172973324423,183522.52175228595,-17082.361232375617,62977.73949136214
4293.158904145333,358413.1816025906,-43898.94790473212,23255.77406757523
7023.210293529024,50508.92181367912,8162.139663608505,27376.661190200513
8178.108139719033,942679.2788678787,9661.738665247009,64709.379034930294
9098.282987373006,863763.7618050742,12168.11396605095,36578.382402763265
2317.881057816351,818187.267347811,42000.244847613445,853.6702263289842
1693.6435294687424,609259.1885610995,-25690.51661791566,18330.820232245238
9555.814978351244,705517.3025479739,33108.12433383873,47608.10844022505
8337.438505631675,667622.0032344355,-28455.206049861383,97765.54365388479
6413.790070467986,517075.64337054826,48543.012797206524,88873.30318085798
471.5914026089285,327436.9213379966,32860.65796665584,89204.64677019374
9628.035534550505,133718.98369061953,33694.4676897663,95001.11829925499
9732.543437120748,526305.1926034233,-21854.84655971325,93735.47023103821
9809.57009517137,881985.5247648786,30175.058826226625,5040.384995418468
6438.6584548523515,806611.3253468178,-26868.242372667108,24818.753006835803
6018.339051777129,641385.7175282635,-41522.67997757112,7523.908119299028
9323.357666592212,177951.24780896437,-42945.52348865409,9195.873071585393
7540.109426101462,256206.10399157018,36037.203721009864,79562.33734174211
4053.0418303270176,83174.92131901515,24654.77881814455,35360.75396858883
1655.1868687132032,951279.0626689107,24844.643656488217,69010.54815481526
568.867764076425,69996.7304473155,-30819.056469961415,46862.14424435482
8688.01683226617,136171.89454961102,27741.874197905374,29472.170582871327
1791.4388099345779,535126.3656320238,18020.506231500447,2701.787863957128
8126.730470108178,87248.09105127637,-22449.895284266564,42907.8606448645
8727.473824421555,692873.8666189373,17606.332038745182,52094.208239556974
2101.7005245310206,142054.11094508192,-11834.791212948236,89612.97554607446
9517.515731222034,745181.4326756493,49237.044403885084,95853.67241413555
5012.169227940689,125484.80705434082,-38236.993530863205,50330.23646388459
2463.741305687871,815035.5145864956,-17547.646807661087,31673.9753307019
590.0081913174382,832180.296702876,-28745.187878545898,50263.04810140824
5576.93956017543,230212.07915060894,-2396.0460453085616,5566.6829996539045
189.6755069945777,374607.891316228,-37866.1613278158,79755.0640890153
7681.713023519542,989308.2910314876,34262.606611734285,16723.435006480337
8593.431753759149,151281.90105693587,42853.10473223895,51401.6383502889
8618.972785487807,867013.6560133428,47102.02300557459,48067.95634835278
6120.87737458857,134574.3530729708,-42124.54443053232,78358.79398077377
8584.784505243586,80573.87781420175,-24099.82771939947,19763.378296737254
8331.873040520572,662570.176699027,-37463.677260673845,83615.31771854949
9144.629325621403,604400.3045749445,-38701.3344153135,87940.51901963238
7111.907184604056,724419.419587769,43859.87287278482,74993.6182605129
962.1429272133942,984778.4435228896,-37039.192552256354,35912.73036608646
9428.972095910778,613640.0992217176,-43530.87503079239,45644.976619970235
5781.394056367342,531628.3250087086,-38231.05372926603,30142.939939916625
2551.0108949103505,408824.538544068,-32269.293188454685,84804.78580123025
2701.7665806587675,549270.0848917529,-47298.214956998294,38228.52094231445
7012.998791845217,686202.3739696884,31274.839537329928,8573.451945224098
1284.504990327312,313147.7874243458,-39967.78456935943,31169.60773439037
1122.720427867442,353513.47149774944,33031.20831682657,45488.531125043766
6529.988963861818,444464.5874520737,31486.35349008604,17186.476933354188
3294.306179033345,459643.6544260424,-21078.683632531858,36653.76723990197
3264.797139741752,119682.363604162,-6995.617382039345,79351.63807041621
998.5889994004027,539476.5879119702,18347.95417889749,35190.63573378583
9977.623253827773,276839.1038301955,-29256.18431880597,14302.232017422479
7619.34654596758,758414.8188006679,22622.428116399693,14778.010158533594
4643.1087332168245,725636.963211768,11965.824406755251,94298.39536641174
1004.4880010351609,826023.1772354239,-37529.85623079565,22045.613677076894
7572.650659223588,873254.136675509,-38554.75873050341,99893.17332288854
1.250260219424204,613247.458153602,-46244.81700396581,32586.827078036564
8831.251648995303,302833.85351923265,-24955.117297495755,95479.653453103
7764.466701494333,792661.946960113,-34435.478556613896,95356.52508316908
259.47108996240974,586603.4392352874,-22905.207837067188,44980.903591189934
3126.966870502097,106198.37891103353,9792.456198521017,75219.54455634816
4639.542115963655,160576.64201932182,-6782.965258616634,89948.36911012226
3821.175438405362,809809.7431664739,-43634.064198809465,28415.40200634046
7044.715919916498,792792.3081783558,15236.691766692224,37334.332978899176
7840.968245982263,769522.2585037546,43251.361531018905,70704.91540106582
5910.895631203058,322042.61112793797,-20180.35686423534,29204.084124169218
1732.8498414293747,908328.1065727032,-24616.48431327701,22964.31415798831
3869.6236623224668,489043.8086687475,-32522.20449392481,91653.39677365051
7105.515168451169,108372.56365159631,31657.237183095116,43992.497543735066
881.4830393462869,127002.91577164373,-46417.638783195514,85196.96406437438
9146.858098467514,877888.3139279191,24122.463674086364,85297.05142462124
4708.977440291749,83533.08502229725,-31974.190431610772,3893.3952986367926
3437.4864087797173,337330.3443106926,-21476.735746794184,27624.644113100814
6267.950381443676,430871.1330653897,45173.15269592572,95472.43130655515
9849.811190438943,124164.2695126611,30321.49311544391,84001.43583873755
9896.606562106266,166350.0417073603,-29256.880134079744,99729.95526061812
4821.767977977473,460761.39248869364,-44654.3050625421,79049.12482389016
1081.200203658198,50079.85011297907,-42740.063178934906,27456.469047344945
5794.235126055043,714853.6629361577,-20794.130736571835,39342.25033660259
6677.448252491602,651789.8470719844,4716.246866198002,27164.631167894084
4101.20948189559,607001.3789447735,34614.73433907759,54572.38091630028
5166.736188434782,663785.2972318396,28087.859772743643,11881.50168582126
5101.8056981304435,384527.1960880004,-39243.89859344658,94284.80590960875
6986.1740847218325,781971.7928120709,-41659.06998515419,43271.10584004592
6843.137670301432,486369.15031365474,-36158.987431349175,89953.38458892763
7471.569543521947,81900.31136329319,48572.187084554025,95352.9372543104
1043.1462829715254,488306.0033708951,-17007.77284195486,17159.121072186434
7452.377313759908,481786.20981619577,41922.841005956885,45082.04588880348
2682.43679157388,303008.1793520843,30597.711955186707,37638.15284402803
9037.688564456092,829455.1550663372,-17093.17620641295,62056.31452889734
6994.18682019726,974367.0534689941,1273.7507379053131,85964.73078260075
6632.3237181368,615169.374672969,-21206.086765990152,94616.55927091443
5141.188525956124,690556.1171967738,-31421.703531118295,10634.852415172858
5722.089954898089,237286.73871261455,42688.46604608781,74605.08238678967
2369.087176742024,505276.8320161319,13615.189799672044,4316.128541924857
4467.264981993939,672706.779220954,-25055.705867153767,88048.28844062846
4924.87693628981,201642.46953851424,-45330.118646454444,83029.56059735232
5643.373171420919,749055.7274711715,-35443.631487877734,84029.00768524487
4529.721095244296,258153.0496090553,-27982.741630978348,99028.81261392513
8968.31275464378,260564.40536426188,17169.939028161447,19014.129416042037
1695.1528482950596,641214.4040140336,47042.224342237576,97142.6275902876
6354.8980162657335,754591.9200661621,41347.73431477646,58903.196015841866
1671.7243776057278,133654.57230800635,-40186.34316305114,49345.98628474847
5127.87882657235,960748.0270585316,49735.80999566408,86063.56260319991
9319.164142401494,153690.6669108878,14252.33473082295,27325.676862796754
6744.502125305101,739567.7313714094,-43231.25687989181,83617.74992101277
1687.1045470057654,603799.3190697473,-14966.48852416547,97805.85330282488
1057.6733007509076,232690.80962534607,-20445.283767251287,94248.62890556677
9595.445475125158,33943.689502648245,5364.714465552053,50399.232362343486
8660.78438618371,741499.7569371202,-26418.805708949312,75788.04594638338
2003.4123609008448,888610.498493042,39779.41802985936,92749.5628882238
6353.269327424422,386168.95084017055,-40118.236093814485,854.5175912558767
9456.373166938378,272109.7306814336,11087.220068792245,72730.95990378161
3265.9485496894736,382078.45595659537,25304.777771255744,72805.63723444486
5399.477931722999,811590.7102746132,-24378.87858274005,12469.763333270601
7685.22762234851,775545.4149047973,2524.443042974912,55270.78305435029
6647.180562766791,982227.1216019078,-34077.437460752924,63954.5339131665
7115.209642058221,985826.07679961,-38565.03549676259,37529.78687496309
6797.707655481755,944024.4443901095,45004.81887844045,20999.790271455888
6616.785164317386,165341.88343096644,-31431.655241155255,83003.17631421343
8881.536323805158,404702.8240822456,41335.40424846987,47329.14964320062
2962.7635507410564,475082.4819387204,-3823.4664828482128,33119.608915325894
6032.943065856424,548108.4887949611,-41321.91864546691,5543.470988185484
4648.1048682331875,937138.7847053551,-12381.52470322277,63826.12627051777
1473.6863212041685,752606.886572633,-20064.883836393165,96739.63094142354
294.3186660472397,151319.39067989573,10692.720043993453,17006.862479369676
1597.8851155516516,668910.5888188648,9130.41172285939,45545.56339982313
487.0891394430776,927803.3793312268,-44443.77128461524,54075.819304985795
8447.157119971534,831795.1992775967,20674.12610596983,90337.18498015248
586.1905472381068,332782.477476664,-41130.02801277823,4009.343115330999
365.0774029111181,125156.1903178148,10049.416792491917,63402.818525154544
4546.755446699006,829046.0701828277,-39188.034671987894,3083.9196981521823
2120.021276604742,424860.1906552807,-34938.07862462572,70820.7719106765
2290.9577504268586,38461.72741406372,26598.36020135846,48584.918311581
8285.453782713232,568843.2738852453,1792.6146666005807,6815.6567635184965
5669.173839234293,198304.8125458557,-10846.77952051867,13751.907764347803
6166.727207170313,268909.9106893825,34394.655821351844,62359.102107691935
549.6821710454968,228389.9539420075,-5432.405851217227,96226.17365252977
7063.449839608144,523685.3750426824,-27125.14711533276,12780.481076404416
5075.96752554416,210957.66095185134,-43011.46453515966,97266.04986100835
7156.489378998621,77174.93871293208,-31999.615541962045,94153.25876880421
6630.689356024737,310269.31092196866,-45421.33545859215,53995.7016521974
1808.6724872490768,452382.7100926485,47471.36789194925,3222.6173867618945
2545.376588375973,903863.34318297,23186.918785754067,71952.98313597235
9568.242178755529,974443.6487984525,12499.941268953422,80639.94512403868
2094.9145226339683,162426.0837481828,29371.11371229637,30201.992287258283
4664.137453378478,722721.4003322469,-11063.541730956225,62269.863569570596
9815.882526249254,260230.10239891696,29412.925078551096,56275.93810956857
9282.15619029217,96325.51874703518,-47916.58077651333,8335.357000417887
2687.807950987733,323093.4163696204,45965.93595238973,93215.97067810057
9411.064741596882,802500.8457384126,-30662.21412234431,45166.68354151549
6216.396676243473,525812.5518311282,18977.36587002898,5971.571524344221
547.7162117205747,382342.50458103616,29802.28156234116,79319.67254596711
6957.804295072919,836022.4488147167,12524.096636479757,99428.14839028772
2050.2397439124234,173289.22622011916,-44993.69135214013,68829.01292215472
1523.010208373653,686436.7537896979,-15796.354544504444,45327.44149993088
1428.363768430011,772848.6338733432,9877.111057470422,61362.18966052833
4601.355290755993,222421.18617294056,48720.67535382943,40346.39804217724
2359.9351611936836,473007.09392970096,-41898.17958005859,34039.687442450915
1042.3085972802182,96853.32584068987,-7690.290766940663,42600.09295555141
2722.698534108565,619777.6937865396,31020.968189236315,94687.0582342605
9534.52295504386,949221.8949042249,19634.63527861674,58834.36537479957
1430.395296147724,537339.1515536828,4194.143289355678,29284.517197465975
7921.244834286018,30918.698280507408,39805.641002014,79573.77043650331
5362.246929914421,181219.02112353503,778.3768672421356,5379.6600929483575
2691.1369273828413,323676.3036209252,23154.223995608263,84490.48525638452
174.88458146851738,509974.10705958575,-34140.0878948946,66228.95533421307
7683.579798976613,703104.5740183016,-14593.143673805418,65259.76952048927
1285.788439559502,629821.4308975069,-19120.0541095209,75433.60163239094
9547.513494304167,624279.1851662596,-19102.01135527314,38167.6440898446
3817.2965433596296,811672.6560096912,12295.015941585749,96835.41854413648
9992.880924112907,131335.39372405785,11462.946351543702,43736.38433548571
2790.2486555079754,145025.29072272292,13612.606030218732,19438.345218901908
7373.73696796823,738019.8599903835,-17348.573008802738,55633.4550956026
7356.326404180841,378163.6133464681,24942.643644775482,62121.219872142094
2642.085635881233,231154.03259099793,-36097.86890030524,46129.52196966478
5358.151382191615,299122.66070898494,39205.47093128966,17907.43837772839
7211.505132241174,173961.93479156223,34319.24983435385,80371.16509621484
7006.206057619975,536868.1435386837,29136.958039689795,22557.11905758513
2769.6278558473864,51215.54617307333,20691.339373907293,36733.9010719254
8961.635831212308,687145.6521926419,-45768.666992390165,57247.40558943953
5578.534211449595,263151.10848635994,-40606.71618762547,75521.17119610654
2614.0010438609297,312452.1401991782,-8237.594495382284,20106.525424943622
302.1243608649116,160109.06021794686,38811.92496310924,3274.893502619891
2843.034512689152,910582.8373680883,-38976.230254941845,26367.234894001336
899.5296948069121,94851.21344492745,3935.9929962573297,4963.19578519292
6053.471685416272,311206.7186664598,34928.631854879495,21905.28403377834
8623.626737884728,54507.84100330711,29750.99306701425,41311.000838837586
8772.01472847656,604923.7609307267,-41890.115001398546,19928.498790615013
9663.71713055272,419108.2218333383,-4920.382962134674,33539.040145173814
595.4930937121738,974256.8434548263,15661.04402418129,95582.13225977204
7471.4334947422485,838647.392843567,13508.361529229682,82776.93667698113
7779.2819536198695,941031.7070643472,21658.68155838657,98236.10719814448
7308.936987624443,325642.5018241635,3040.9415182592566,96416.00383029488
6255.042614593377,589598.0102557543,21606.982525838277,66219.74708563571
3058.4658286948775,925131.7653061718,1119.1412321363678,18667.34229978364
5366.846372647113,250344.4224085934,27945.03890776538,53769.67384968171
8832.300530123246,909069.1265329218,-43348.29428827579,87590.90798275615
6114.745250510826,412961.2234423345,32757.523320317676,4956.431530655592
422.20519006472614,927067.9314077047,-44308.05317058926,65861.13198247647
194.85100607507079,923903.1089739795,-33170.66284855374,34355.517727933606
4127.40990832389,730446.3744102156,-37595.38725223846,17534.75164003254
8624.984733489995,727505.8820935922,-815.0991065369744,99228.42159242951
3000.1949506665537,591528.346313326,-18037.27186956511,28086.455272120504
1244.9626937282765,635209.4460526867,-3747.3183347700906,72979.28389521108
3048.1400075368824,225152.2677566068,-22985.030261805718,89977.98538788692
880.5752569908842,92340.97612499435,-15204.427338032554,54652.83232724421
4432.102079201574,24341.5478097339,-5635.771157883384,1026.291886320263
8460.326903446452,716910.7652518067,-12252.209692851015,74239.1874433107
5198.98153328233,847089.3026931765,-16502.024994278516,47836.41353494663
7873.996474362931,229874.27855766888,27098.87776743791,78551.2006007839
7588.34292143649,796210.966487735,13611.068942829705,71564.65911475323
1862.0819693378455,821313.3713474674,12965.460488566663,7439.893229275962
9451.948834548339,419217.33407992846,20761.601004915137,38277.73449459833
2725.1909443309287,381989.7456718434,-37008.64343078194,95113.68634898939
5825.272116592246,560161.8215077502,41800.44994341595,61173.46078077872
4142.439539606787,934723.9870551296,21216.695826446405,56327.002339773644
8190.048516326271,860414.4474459452,16715.116894085455,46928.67690589163
2887.9239490061827,245053.00091782646,-29443.341434662485,42203.87050924851
1466.9317442161023,290316.12385296426,-33971.499828415464,63439.95466632636
1734.3243049155299,455619.2706050768,-41969.5575420967,75462.18328204665
1277.3120451725051,358666.1172956304,-25106.76339808875,51222.790353038385
7332.7059079403025,213744.90988610216,-23118.886007547935,99804.19209022744
6513.3652463911485,131995.8673873776,40522.2131410509,25734.833184657913
9357.5785952158,706643.5448529039,-25273.047846628106,3238.9113935981095
4755.388995035412,860582.3816329788,-35404.11431668714,42888.84374484969
9706.277164704214,403723.41427262436,-18115.103165857417,102.01022423975692
575.4929215336468,33154.23978267199,-2712.954684417542,25020.94784838277
3041.727300195921,590434.540782646,-20993.228516667128,81538.85148833554
9266.703988085637,987243.2298462417,-35456.39440898083,69579.85743114291
2467.6553695098123,903113.3108718437,48168.833626811276,69216.28747686278
1036.5487662607586,747135.0796625322,35270.11738859666,87802.6484754628
6625.308254244093,579277.3963543219,-23444.639236111387,32028.842760982112
3204.176361974158,346371.977604347,10048.558854983836,45642.74893955087
7000.74538336846,802824.3187712111,6876.82304544629,50564.90111932402
440.082763147982,796760.3828220569,38039.0570762725,4215.743838729258
6731.761752934348,828586.6843472527,-46336.67733537993,39098.52990818013
5587.501743954292,50836.942732540076,-6298.808950995008,82028.62138999776
4703.511331257272,415697.1499859651,29573.892346286928,59872.57118778652
6104.522132371205,669745.9378395214,-30023.557554017967,86258.10089524668
1221.8847889706076,764216.5349132811,-49137.71705296551,89438.6054485582
3665.996053408278,913481.093496641,-30427.512295270208,85343.65509876446
4053.7122199035293,314477.7368671541,16139.880980634625,21819.432896681512
6964.298476273298,35445.112985195796,989.8927186999281,20160.855028376234
6122.847399885644,633599.0353791092,-22423.637016099063,18259.683358329603
248.00260333068815,788279.9102476969,10931.882052397981,76040.65080091718
8651.198810507229,618619.6527907366,48678.72530277744,38330.2034871984
2637.5337388037015,232920.7725225146,9737.778978242539,62900.249928989375
6033.770456942695,610710.6371397077,17789.299938828335,12151.797316899305
5756.860885158356,367827.40931604354,-28519.236330565323,75751.16712162893
1236.7728639888453,39914.572794811436,-38556.59825850098,38504.00982109917
9720.293100963854,760345.2566874747,15370.549571930336,32850.109351006366
3007.867949977758,884866.664563192,-23272.8040203657,18584.518347073208
13.438899591970976,287150.04439358664,101.63199531777354,13758.308175748025
8687.610919430701,76950.8982916518,-23223.53042441505,60184.80891957402
307.3956480443174,55728.56407607357,-12212.300740062157,44574.92211480803
8911.149819374876,283344.02082756,18556.86597812448,12047.70898620513
8745.226574717744,803849.1498470826,-40877.13285442814,2610.129258117466
2989.247762834529,148400.52394983362,-42933.74719859614,13172.455836376474
7739.7918238561315,78974.62691625298,-13589.661845094306,37763.55898497229
6257.687942877599,777831.9957688968,45099.83510528848,66832.8879112492
9821.993475178806,624571.1300913959,-3900.88123005339,32873.65540923839
3184.124727095876,815133.6372229259,22718.63501553118,74074.38682774141
4578.499848846771,485265.715732192,-22530.589629295293,50303.61769704511
2521.445202730829,724711.2414551679,-34438.04273535198,86455.22960463383
4218.0074496350435,267805.9718466856,19107.32860099901,37029.54191354212
3296.6994704340304,881161.8060796566,-13855.50661055249,62797.92452460859
7805.1071370709815,519774.89308369224,-20190.474127492897,85496.3819772428
2924.666664577562,849160.7329463729,7278.646168118605,39716.19235543462
6700.815930144955,653013.7945183297,25558.387438137317,72507.35214335483
1235.117307783329,623408.997158673,-48237.254340720225,50683.216283022455
6248.83335925523,303706.78653870535,-10791.587766312594,23412.417651885477
6702.832644593124,923093.0428116684,17475.742151184822,53406.75745951093
1246.591448091413,346079.62123881123,34524.38856916594,73861.45945407733
3669.4475969186933,860310.9259341928,32019.030247152405,50276.797517069725
5240.154928438358,41666.27929271244,31212.004926004476,26387.787220110215
1846.1752294788014,366917.5716265753,6046.006531750172,11651.304205521928
6182.037268832015,771096.1734292046,-27418.472451779075,24087.57536575413
1886.4800384147907,309242.3373062489,29420.00535804576,36745.76436813538
3490.99426094969,580355.3885930027,-7514.852914199575,88660.89108550253
3317.757131727801,325132.0338146037,-20658.77213355736,11892.10351048684
4052.8570938817534,278474.81300693477,-36831.3643358905,95079.90328597379
3621.0852852813678,542772.515979859,34583.278228032505,50932.596688670405
7201.469118858835,908598.3830788387,-19322.06473593878,80149.9287411236
9748.111911588052,845741.9578815139,14979.966181407777,27514.447341224914
1218.7866699596173,99384.69795392914,-30538.69089890797,7228.9140488101975
5864.136062478676,413748.9609189977,-9697.04516186285,34050.58738204575
6393.206876774574,928694.8542763157,-37192.33577831865,34370.998534384926
3606.4484714482824,513508.47120027005,27670.91953137018,27112.393805107105
2175.187975451378,136519.93949966296,40761.688181345264,58159.75891602401
3646.9936391903325,39209.04133614631,-28369.183200658565,44019.89821506005
8469.218870115421,189100.99780282978,32156.414728358024,30496.803974273567
9848.416767909317,987023.9677603905,-23948.096798791517,395.13163541020634
3601.206356817599,761194.928855184,12403.850181261725,70611.28353267943
9802.55436394144,133119.94818488773,31973.12168344509,3444.2443382754486
4000.3383266247606,908439.0677733101,-46315.731281104476,19556.00010854084
8040.4366041857675,269616.11888054037,-39455.5249223432,40733.98567795687
3134.488901313326,326767.884609099,9174.829877688273,9455.694246182422
702.8590192767625,117946.62718807916,-34796.966494695414,29228.215709819982
9738.222402671205,100834.82186898994,37958.127220004026,44773.162834519106
2960.588683274228,684079.9421231766,-37775.82931671266,34350.03730200959
7872.467100757501,648392.3068180578,2251.2700592783294,17858.825379734022
2973.266262597638,405047.91975024133,33788.676650927446,93835.1944444634
3854.913034421923,692583.2272267711,-6403.81605328522,6049.365497347237
8676.067847382179,681237.9357128158,-27293.633500774085,6142.3649508248745
7600.201049637288,359096.8123937155,-30348.318113610207,22581.052908740774
6183.186651384804,513900.846040044,12936.802075550935,68185.93141790137
8408.964128975374,960142.2446099533,8227.997198941383,18583.41269449496
1097.1999192279159,372328.4025845946,-34952.23363880607,72156.92792866775
7744.784805018266,152192.920993606,10204.348627141626,58418.81654222092
6513.380754579959,380152.8477036627,752.0992993182008,96197.71283584868
4038.128613448306,999454.6835587637,7970.204016612392,15633.670936883114
4008.01983553151,695221.8983490043,-44336.47342490404,48696.052446092996
7056.318049161115,800010.9885582881,-38969.15628763541,61786.77479612246
6399.817997364832,442502.4502078517,44412.11769270654,50964.18754845687
1878.609588847957,256598.22344108077,45417.85200645949,45420.53267444478
3573.412488307125,624465.7666649544,7259.980264075937,68068.5623918028
5015.435337665489,318964.31039947,-31454.824224566724,83440.58039256603
5154.100039133824,998407.73878251,32357.823128740187,22575.788799889284
7710.872235968221,329763.60770492186,-33848.64743424854,12169.512941069193
6322.817242532148,755156.8131321451,22783.01533628012,50980.518323235636
3967.4017993319953,570941.4011406831,-37031.44006807874,70340.28865099969
5560.445033875784,338623.19558041124,2499.766905187673,87580.79884182708
3332.0208691522835,792560.9164122979,3759.075619541516,11294.9629727093
5610.493373478343,30642.139607461977,-19617.948315911348,85566.59373315092
982.769550795195,271026.2251618663,-13640.186936094702,66654.38024481393
1449.235231656455,970564.5548803577,16439.89599400798,10087.034804222762
154.73540097471704,288653.9097528672,-46624.46106722975,8724.413464639802
1552.3482863501415,804048.0440249888,-40610.33246629447,63062.07741633845
4444.597135607654,371546.7499278769,24161.375344092652,83904.42291033316
1247.1269526261685,900501.6690321882,49708.977050897476,24504.15507824306
32.77280577843711,447722.61047347327,-26264.740202492252,14363.531821646548
9439.329933840425,183637.1244494534,7316.829496565602,20115.48181988496
362.23057216468123,752451.4644240513,-9739.050195867014,90250.34156080292
2503.7224120120995,844579.8597456234,48019.64238057606,49926.595897155836
8313.02978227045,372753.8988749291,-32257.79423460039,99701.72394852774
1627.3788867495875,491993.3318081923,-2136.240149829049,37741.80431565571
3411.6486181730043,468014.1036505884,15568.786024146859,68916.31990217292
2394.8051097286484,418668.95885193074,-464.9235157357034,86157.12991952253
4114.16817979831,808660.3759309629,-8445.126517418641,9558.342582945766
7903.945943626593,129035.48971303002,29946.425402137713,46916.392966217056
7702.368451867256,79866.54266791389,-9889.440485303057,95757.34174631447
9202.137368995633,457040.7321874614,-26846.691828377578,41371.052030102495
2831.8031138014444,842227.1659587189,42187.00084246753,17969.53271801035
9331.069542484942,608858.5293104684,17738.653152859537,90809.43988099997
2270.9154207587644,686359.7068600743,8635.902670556396,85966.33104347884
9769.819353412018,189874.47485355864,-27192.850784655253,41420.98863317882
5870.2536959316185,363386.972808283,-26376.095739223027,78215.69548814122
565.0173704361027,860403.1620155167,21729.867541381434,93661.108868227
6300.855144283116,138252.62254283574,-30257.450701686495,59921.93459242249
7937.211872165195,549590.4492822343,-42220.27335071292,70782.32522289945
2600.8551122437475,937823.2508414185,-8545.576063541339,16989.574243500872
5652.49015958366,841953.4571146239,-29201.541039761436,86297.28471661569
9069.387150782633,650729.7466462958,-21483.899086548918,78176.92731163111
8948.422153811922,376011.7721378378,-20964.31305877653,95139.28426812995
9546.835253206778,680901.4980010845,-23981.478943056034,22704.97994933259
2303.3875946723583,259462.76963342508,25300.76491280878,38285.93740133578
9620.501613445667,861746.173885716,2685.42747288767,95587.23783646856
4838.349384881278,710354.2754527346,-18432.031522837933,15611.5885917668
1794.751648703672,282928.56144819985,-15929.52297116501,77946.12685293965
9640.136406997855,718707.6022798652,31175.692870442974,46734.12282090423
1164.699110696934,266701.166816283,32293.679446180788,84581.60710823767
5795.296197281536,28044.34929856255,22760.254860986955,4621.7810250269495
1632.4934018862714,95740.26973311951,-21042.267268009706,86057.59704475678
4423.582815245555,41269.62781134265,15064.955772109046,31725.608889146828
5205.272144440151,839439.7824231588,-7115.052266762934,77571.85536823692
2500.1402185522616,500365.2844044656,-43234.996023760374,73403.16233875253
9413.842384937989,530617.0045186686,39315.33873974356,41874.93018822415
755.4446193927489,794345.9375399917,-29551.06716746353,88399.11431623953
391.1490867052747,449582.45651700953,-37793.47998047684,78503.79853500624
4442.068888711313,294931.31885128166,34897.13849171698,21148.345216556474
1649.599880726218,377527.5550284737,-3723.957417712809,96595.8451239858
8257.328535609504,204387.36264315486,-15201.834655383718,45667.192116326085
1096.3012252525516,126182.97672758425,40426.78050743521,93548.77149645248
9210.877171167702,824990.1116970193,-27956.650617888045,15798.439916028528
1325.2744235135183,395700.9120468522,49196.00038723412,66792.08068242608
3726.307780269308,164564.7587555118,-42259.53115039516,81575.71239317043
725.7114925230945,177714.3548902206,23868.735887491493,30935.77396307414
7765.827487148071,37553.256550462946,29087.007248290276,56472.86044213045
5445.332254337893,905526.3884534127,9896.101721486593,37561.850489137214
1267.0642989120163,586063.772254261,-39756.33310946193,45303.997302965756
4747.9074856391835,358382.9566021571,32259.15190312905,19924.263469200832
681.0717991309623,650354.798585064,-38651.26417355813,67539.77134934822
4804.009869521522,731781.7377217651,25418.935201560394,9822.948271163257
5900.591393328165,103207.35077888775,-15186.035024692712,35805.55827541061
8454.054083588519,650770.7054094289,39493.335526832874,98917.54411324169
367.6363648295533,507638.0543574445,-16957.433525221742,74327.13121417571
982.6899289066404,928189.3506995974,29301.367305216103,41746.45076489789
5649.460099525918,702406.6186188831,36709.932711900445,87089.4779613612
4443.611100516255,214805.42733846695,-42084.48568117584,22716.806916297137
4271.969385240236,824770.4496693248,-2252.2436607793425,10474.387167168197
5573.839555243097,53300.81543130974,-28637.248479266964,34331.07112475868
7099.64804998194,104939.83220822041,16172.117212608384,10142.398909099004
4836.552622363554,873059.2700582789,26114.87331801011,38915.774860476224
4051.0507271932092,471686.5580120986,44896.208358259784,6924.783976720561
6631.5100561521,107709.29240553279,-23991.241851929346,11118.1144038635
9438.930894682017,813559.3792187477,41668.29000237024,41491.146536361746
3212.1481013584716,922375.3207998878,-49762.809394391275,83435.98315429993
5724.064837992153,305159.1424516927,12275.525144483967,12558.294390093039
7348.400378346155,102590.22363892787,-20949.155131514417,42047.07310467048
1971.8348653410899,52926.97458544279,-35845.69566554147,48405.98267284763
1274.3076670507446,341822.3573189023,48812.10953940965,45202.686529551895
5800.634095428171,399898.47111176536,-35452.31592321147,96465.18339767138
1959.4824314600312,289570.1492476292,-6958.680346170091,61451.845663245986
111.15368655237768,293877.01695568726,22350.58303007092,40744.47104674113
5243.487258047964,246977.62237768923,-48903.95904685161,49961.38090358949
8385.617883080224,468479.60689091193,37783.33732855669,81860.1877940099
3872.189548091455,881923.5365859338,-48875.93618418555,30197.566691289656
4846.027077150753,671507.9084201945,-10965.75645264818,39435.976321944174
6975.159311400169,20537.789683231356,-1069.3292659217404,13234.965484147298
8260.472100989833,40098.01458762436,-49988.25646266529,61637.33115222497
1023.1660683947874,657097.7898883232,-20599.13919400148,91958.08548376164
686.5819593774758,167101.7683181663,-41653.176228001525,51606.785510141926
4804.843868732251,449258.1139791031,2117.1152470489396,12421.507318672042
4941.169931273916,848153.0692435679,-22213.68453021826,45565.35409517177
3461.581252977324,830566.5207320781,47813.35386330614,73634.05032380237
7085.135556282404,303871.94968958414,24117.65695822562,2345.8599533416004
9119.703153862236,617219.5681492006,-2694.308922520526,28032.66416754331
2712.689446611197,156659.85268833465,48765.800818230025,89123.77401950661
8159.004022325344,971010.67773419,49540.62878377827,79911.62466197717
8333.962090997222,986538.979008005,-797.1496284530076,73111.19627020074
7656.697461237029,805424.2082850037,-39598.69569136815,4072.691940432327
1640.058301341628,995489.0265401712,311.07601228757994,53979.57650780989
6045.84142848634,186828.0538939679,-41087.57744238076,31961.828464323095
6939.620778199724,754734.3715761839,25839.911591799217,96776.83873445436
5527.305558935326,127718.65719283435,22484.48392010118,77558.11641701103
4555.965116427765,594434.7743611137,-45902.41342690362,50104.51384185317
6274.3391453739,153970.74078877203,17837.957128479233,280.50249402366
5473.847864483924,960232.7971865077,27017.98149821484,59320.49018631852
4968.805657429943,173045.669833267,39248.00640840021,27177.994001147432
5024.931970342676,626111.0101088881,-43256.617398760485,9533.04861497155
2708.1440522010225,675110.8289871997,750.3945496825545,81668.90670258272
1901.00966289801,638012.17985681,48863.6955432282,58151.75798471564
9822.120147859223,444023.8318036729,-36050.80864914936,91094.83228910313
1284.0480703901735,547675.5097118422,36452.80825788439,41760.90593569648
7638.430176640606,20134.142934225718,8066.923223156533,70354.92069300059
3382.1179972603954,201142.0164027552,44042.67704030441,67081.03574537917
9736.221353092731,781855.4419748825,-26122.2267095923,3886.1071217974772
1160.2682552418587,991382.3527500539,25675.79681038791,20784.26924037772
7726.586582102759,537962.1198318301,38164.464045190005,73254.90511453919
3555.4102169222947,729499.8773389482,46176.65278003672,57928.99180757365
9099.102240398894,487562.4259490161,339.4415835590553,2626.417099332223
2964.272379883285,53962.44789398847,-217.19821025591227,53779.572776136774
7173.467273634758,429701.97124492517,-12128.996835455939,19376.14575798018
8293.489535145833,322315.8491569926,-14723.811260661969,28776.693486694207
5695.3069548140365,509550.433671433,12154.97147031821,52110.26587202138
7360.88774363758,614832.0325771623,-18244.655856693425,81423.9555742029
3115.204985088805,593124.6382274586,31472.55209797302,13359.961562704215
4937.028447812556,744545.3049636544,-5810.944430518495,88856.35891710706
4090.025569055332,367501.0700858139,2675.005225899018,39215.46401228796
5216.073741702691,753129.5484891101,-37107.80897099472,59856.306133116224
8245.586537877589,568471.1752051961,28235.731477865396,83165.41171554051
5.035306968114162,357069.6603053872,-43935.779862300384,50082.72232912777
8739.750591286063,102592.22232453362,30310.43943564569,86407.15568283391
6420.469708777717,93580.38908039696,-10468.841944581618,74278.95369115197
5664.990441869908,735587.1756320249,8445.971726482385,71893.63983934748
381.6827826044289,280725.3697341358,42831.45641681951,75225.03436682101
1829.49679535515,884046.519942169,-37421.551059401136,34382.4738263734
4689.504241144775,31189.993681656328,-34213.459816893635,34199.975540586056
955.8877070018357,472385.2321182123,-12038.647736522755,23752.835154756867
2979.6984361967693,764160.85014695,-5303.416081426905,32719.683290518653
836.5823618541501,842007.9354937088,-26335.86223205716,43855.81419117508
3340.068157874826,284764.91585663776,22302.15266075624,316.1345399045779
6484.904300981499,604635.5843635643,-38717.93490940695,14163.830731649252
7880.319715675709,985521.8201045307,-9347.662604127858,8123.443769578842
820.9728946136796,336746.45974334836,45497.799909998765,66484.74681886418
7043.748642465787,109262.04852848833,1020.0170138650574,93036.43266785429
2931.447711779065,837084.9475939188,23135.482636970613,74006.31275332841
9949.808528956579,817964.4929078977,-39995.14783217067,22207.34506974731
6442.18883417989,494190.9756305375,22347.81900902801,34936.53891745307
4556.627172616211,736966.0715933888,5964.660048466096,32646.306696366257
3042.893666094231,495903.38277116016,-31423.120216043066,58005.66389019484
3932.5306859386565,148997.054225748,-15084.22226648796,5691.177261572367
8702.774405625849,397790.20686661324,-31070.81018848973,22095.304765818957
7425.639226477721,717494.8080540778,-29956.9584838832,61112.42053381085
2616.337548655363,132459.28889401516,21605.758660407868,7260.432587279275
8020.596856212791,163649.24173328097,43960.01743925488,80618.59745191266
1418.3292182849038,286701.8214792722,-17972.336372929276,19409.792335383834
9671.49673396171,326633.021687801,-12139.897755490034,95528.11905863542
3706.907169589035,558422.5977068888,42297.81420644627,55910.41410953364
900.0663090761951,221469.93184209234,46699.099414937155,98372.89340800828
2414.102889935099,470309.56617821346,5639.5200272304355,84381.78353219667
3448.1726025480352,833994.0064090437,-35450.05460030479,63199.47415298502
5062.637699423815,782196.0612932057,-37547.494512053505,31945.378362607746
7273.712467278917,617353.0620917431,9270.152702193569,84333.34571452824
4448.151428835881,369068.7601125529,-373.0434116588367,7195.117745172674
5678.9484351827905,99509.50034158453,30622.636723807504,68371.97285519623
4785.910485361853,236674.59604541067,-243.72626006112841,2154.402020802659
6860.352584181961,936191.458410431,20990.53402309933,39172.22795167204
861.0560441694126,131679.60040233814,11889.116795272355,46485.34838624446
669.024024654874,668747.712854369,-27173.369546174676,40597.83198494478
221.4532901266575,888332.8363445798,461.3780816695944,11215.839979929287
1870.7375955193718,371359.0126404756,-48021.943239443885,46792.42924810533
952.2065455548124,418588.7686492843,4048.7300288181723,84250.02571690241
3694.690487096466,477059.4426564961,31026.821666416494,14743.923594827691
70.90247492771873,897640.788426104,-39419.66376267091,64927.90707780814
7960.006839630029,497020.69191721536,-48213.133891195714,38905.696973556245
82.64314765346504,841819.3165220234,-19345.616246607788,49899.59329513745
569.0641288809961,952552.2650466097,11098.221323581449,92640.34328587672
3733.9300322683966,900807.6063361552,-24403.9708779644,7579.908080371
3656.70310130501,204271.0151378216,-10941.080584131887,66251.51819752331
9504.46554605629,491128.2243856435,-28101.577310396588,63448.92262970196
8184.38439967988,667892.9416496471,-36164.736295151335,36369.58487915778
2875.930178684857,862853.4534710872,-31312.605957790085,43464.06899470711
3268.352524104662,931100.3904898028,-17808.89624456948,26456.604896366465
916.8005472736774,56492.604084189996,19850.462305726207,47849.45549430863
1030.8736219980196,510937.9139111286,-20123.2753806615,43196.36391176618
222.27020128183227,732009.6030327231,47470.76238969577,52528.000256433836
8263.604399256408,136189.686419215,-28982.024918081806,98535.02537709038
748.3347348332126,156923.66238628453,18206.54121498084,60462.0008404248
8692.159316751964,284191.88765056164,-49353.72054504018,52138.04003832734
579.1042914665056,485446.50724147353,39256.81873282592,50167.795516682636
2130.935524999056,946532.9119119099,-20489.875815796655,34028.94839020764
9166.407924654242,285608.9289021196,-44446.11657864038,93670.11403803057
9317.259348408097,943094.6474037692,45308.679458055674,32175.680806312568
9080.747907188917,56330.12006847868,-45176.813480159326,41161.74293190008
3713.9166776819875,248888.027992524,19488.161242283604,54790.009617436284
8812.670762460555,821382.6097420183,12151.308411959973,94634.14859636602
4069.1292191286598,223135.83039608697,-46258.44854109564,2105.7466886022835
1663.6158674385515,612206.2763444104,30702.623258322943,17744.67056314789
4023.040077032185,795055.897742779,-14647.666856956967,7401.323631031798
8265.303259481532,756524.0742181299,-39774.766783529936,54185.89766322273
7549.770692361698,765798.003320177,45522.82327825026,32032.39960847075
2766.723955479693,814713.236768469,-13.130870924127521,51822.89980786972
1524.1111983503197,770987.3237281116,-10172.233150428081,24240.086935515003
5227.796874144938,450884.3796688622,17781.329763741785,14863.869261205176
9201.906588752334,853327.7279509859,-5066.21847961333,76500.44017239883
5258.750678064269,310622.30389717896,41646.09911555279,31329.8552928988
903.2027709675616,519718.16553106165,-9274.67682217418,41180.83840196327
4444.298724151095,102341.01694527626,5931.792086909656,48089.19451590408
687.2134842309097,582334.8273433523,21977.74163622335,89268.86243484388
7591.663427453136,164206.6186365166,-41635.99527412852,90722.26193830662
308.1702924108343,448132.79294633487,-41281.90251153089,21939.324195742814
5341.518152445805,303580.76703590946,-40261.76203602835,50482.162170458956
4241.1199843760105,446219.75769186474,-585.6496270939315,69725.04333130209
3180.905693484528,720938.1007295268,32888.49860189056,85616.99997260854
2066.730473886839,407555.35642614134,36133.526315709445,39057.005195643134
4397.196317644313,275210.6323221809,42570.21146621904,9319.356289710167
7004.166924267866,656429.0493451256,-24190.480135069512,90939.54964332793
7012.148827462554,332512.36530334066,12898.056171450742,61568.563510087835
1881.1031386254872,58169.48080603558,36761.13048050384,61526.164436104
7235.1373932959705,145196.92278163793,13979.35421479887,87131.45154317882
6329.92852525667,712539.0141167833,-35399.02823993384,59361.57218126551
4474.604260046409,333201.9440461985,-25616.334713483124,66987.15174750262
1499.2141143911554,707265.8346935852,36675.87606168458,99055.66449142534
5446.803685669598,904632.5190437519,1089.1537032676788,75441.6042270554
1069.4987554767442,691167.4341321429,49179.41447689102,56154.98643963365
7420.898333808687,97537.62847525517,13546.417374833378,60197.386074652946
9862.461578853328,291318.02091557434,6077.165890992379,52977.316803998656
3139.4708702634457,569832.1151558993,23500.35138758109,67644.48447373908
3832.537604194329,823713.4293527174,-46014.651621470526,10175.038980106921
2453.511762119539,309317.69434338843,17210.708067596483,60637.65086363414
7730.044889241197,611886.4010405879,32143.453376377714,23792.877112663213
8210.949083986796,760755.7696301336,21711.95615428088,1025.934002708162
9224.881367808332,832925.4526677369,31621.490666955768,52585.65283656969
6437.779020490909,231945.58400896314,-38246.92661982453,94200.05868183413
779.8556727647521,855350.313975821,-17097.516131022938,25361.669216361348
3350.863092984885,665760.4508032802,39057.89669449226,17923.236746734696
3062.7147868356465,498297.4198541848,15980.831173733328,3117.364608230511
4241.451768200181,250095.46994459906,-9453.349729988106,82711.04663419757
6185.9306562617585,426468.08260788873,-37882.8431317587,55728.834837918395
1768.4977200890173,442679.7298433047,7159.286706699262,96026.02545024338
7563.306449491378,960292.9671037912,-8609.702559493468,37965.88206492591
3700.82399051324,372706.08636810014,19921.2533760581,27552.577757724663
7672.468991785425,805765.4583272754,5187.011300390528,74594.19543184437
2647.2038380261174,826231.6871160741,-15107.678445250298,97817.81455405957
7512.305450207198,393397.7557997264,27770.07155755408,89331.27642071649
2813.4207241521026,87302.54423435323,23639.0880563229,37423.9973870943
4044.410129325038,60751.955818749746,-33934.65346381752,37421.76542423446
1325.3675360909144,411754.8055638733,871.799675567243,89158.14670055965
2407.601612767809,218000.06549476815,31808.505861281898,26597.77723827912
4157.247609292306,55646.47276194127,45886.08407730477,50244.493082405985
6194.574695351181,100965.45049776444,45191.95903142649,36189.85951529769
9203.942385774953,905272.1066505903,49450.26501128012,77005.37148567525
9579.748011466836,781099.3027109286,-35847.32004103504,69154.22286321716
1536.6044718396888,260714.07130503462,-7221.153769977325,99196.18419607218
7587.3694947726135,706844.8560536145,8441.505766114497,96781.84694363616
8380.543538753745,249883.27331865756,-9767.21239789787,16280.058692925326
3288.945417753102,715842.8417499681,-27385.425506178017,80855.10752870215
3854.460924329821,975002.4147443075,-47612.752050323725,72907.83735357095
3219.051495404197,422430.9478134764,47087.49373711042,83017.52216489414
6010.104029761071,578485.1177346265,1107.3428518884903,35869.01099174743
4798.590236989213,469890.81053164456,-8607.11823300935,96122.27504933695
1211.393761932672,180163.85906392697,-6727.371549141433,19779.21008323308
2054.5580220090565,881895.2516100687,28781.897739572552,57325.10461076434
3392.0946999607504,122819.96303080903,34790.84683583735,33769.926019018174
8425.38347663086,692609.1500302987,-43689.58627167376,27687.22110627928
8231.087718184408,667968.5836224621,-8458.359683021401,46446.01588954108
7940.897720991129,359897.0930733308,-10449.606228878227,48053.8503920158
4784.305431135916,928852.2238041736,28890.79326109837,91376.68027661461
8566.003949576492,871090.691754863,-13932.826353809112,5974.033180889848
9612.398611870882,852595.2044035903,36415.68868430759,60385.5100248821
3997.1034133252083,555768.8876633786,16803.222214858644,73427.31543362046
943.1895533409051,528473.1342615137,19482.528588133573,56905.21919879732
2700.3432539957707,665004.4066052424,-20490.977834166002,122.94653022172363
2907.9792575918204,164249.5531669997,-35683.97166918419,6662.713096090067
5480.748847381217,641529.2844615815,-26638.311003131832,72137.21714285662
2390.77045744033,397533.61670931993,8202.140725914345,47960.09734784068
5371.301859084529,510272.78859722184,-21088.01977532685,70654.53483080189
3529.4661283489536,894111.5859916407,-28535.532739206017,48817.25238920932
6131.027190974369,623724.7405437101,12500.268210367249,90577.92813800131
7408.110785064316,330205.2246742355,32854.98886810265,23241.62328936874
8141.1506925888225,21577.35155119356,49282.15913872083,3774.5079235572907
6979.231166000641,120610.44311603557,-45000.29862782467,43890.81420695758
2988.391933193444,789098.9491112041,34004.34122422362,76721.60874313471
9755.34471752059,779669.1825588006,-8460.159057395802,73393.6426750094
524.4518971045376,563692.2314431354,23671.308174402046,77319.15912819444
3308.694194728824,627027.5359489713,32609.266050454986,61595.25117731321
4690.760568536223,664090.654395098,31243.573020904354,30633.95068190814
1118.271799041456,915133.6167528834,-29711.346307778163,80991.9394157991
6897.54508814607,721645.8871162708,-35492.00325790165,8341.418168607184
8803.198247198305,140427.85839293996,-9322.86923376102,97621.29163410513
8246.281435881108,918159.3349212053,-20739.118194571605,61630.543146146396
3281.513560964403,725179.0147086427,24221.95589833241,99673.26761232539
4384.593675060248,839711.0672894979,-9055.59337549773,32337.534296228678
9893.448026925744,541919.3545442394,10946.892717997158,31087.872676288676
9282.6608065685,860939.2151354069,13877.075646071069,2073.8739052717724
5028.232425305647,797431.4811864517,-37780.12129398749,2405.0000855037947
6720.195193593205,459222.7591013959,22218.772237743062,64114.39184650149
4293.510091248093,298240.51070582034,25700.62539937465,76132.1214928235
773.0553624925208,843221.2768184417,-48188.92655462416,27810.95726091083
8766.414601360195,264564.4707176987,-14891.207927580355,48895.40915420861
9088.553787465056,905224.2423164833,-12966.580993606047,90297.4425822469
4365.375723465915,984675.9453642423,-48546.678258641085,77639.93354414753
5238.525221325748,251763.4674325585,1815.7795318730496,35251.56724000032
1881.7134735555296,266628.4340636522,27363.588316622394,22144.566993770488
8939.214764446579,771941.4463360888,48948.44977125083,43479.25854922353
7710.086717679025,949300.1650668245,-48837.01229134301,1117.1930487884229
5427.050265591707,407928.99587649823,16829.570894312114,25087.125945282198
7816.856088262123,679708.721844135,-47674.434167778476,84135.87973144377
7779.361897490139,477085.1938244041,-2208.95876807873,8008.728540675059
9985.423554773806,128549.53730997394,-25043.65462791056,66701.61565854508
8469.108359974874,120152.73755351009,37143.40376392998,42650.189693717235
1877.6134101130283,400911.46057481284,-49064.04903927659,668.2381425085259
8942.677396409068,694981.8201548395,-42919.629459208445,7420.855702557827
4950.15514999833,824122.2686931922,29370.168553801108,77315.20810683261
8509.81717050169,60235.84367280023,-25416.431397980145,24914.56796054583
6765.331144082906,699677.6858742931,-6014.945699624877,85328.79463276178
6334.765220657744,58531.737884113645,-42531.82422633798,23507.201727989857
6734.852332793659,31206.54167170683,25108.239869417623,90957.36792699085
2817.6368288777744,773468.3868483268,-12289.960896437704,4136.087794983323
2836.0237310296875,365425.5649049414,-12122.973567267378,12606.364272223958
9155.133933416253,459996.114190162,26194.916749437907,97026.94411330861
9339.263196236187,268036.81720929896,-46686.06859767813,87138.58971294346
6369.6370927658345,692580.1817247501,-1969.533374075727,18133.944847962768
8086.032932309188,781520.7299521279,-16089.737014148042,50145.45807569899
7595.745727996399,840611.8438130902,42561.59356834661,60058.551691143904
8356.251582689707,196778.23761720414,40358.41273534068,77454.81293993664
9913.32490418494,525519.6565038667,-2770.2000739411014,77212.7162627895
2864.244670469156,835574.7012371934,-8926.578963857493,60140.93735431742
4516.125740610351,539034.4597222931,9417.16102886189,49992.10898788639
9922.296992033676,805739.1222775187,31144.493045364434,10302.388248557549
6505.036741873708,787060.9871170284,-4584.479479548907,37724.97209877226
4310.872098144012,776071.5084876708,42357.065475333584,19873.28392265598
8095.034406216779,928609.3392866148,-9338.414138006636,55162.23948666183
1894.5571790663828,202911.6365683708,-49073.936266713325,19733.658466741967
1524.8907757284135,804239.311504319,-39621.5026069008,32274.532226488518
5522.79990326127,805322.38713809,-35419.05689261955,11384.512238465628
458.70233590381446,933470.8773769535,-35235.47631385901,42121.67026412011
2254.495153716548,50840.58287987078,-4356.805511613849,68453.18789738418
1168.3041132282335,665613.856064405,-2130.5054208544097,6560.326226375002
4445.49037210027,778748.6732880371,1736.8747895547858,30294.692927627777
7285.627939326272,633469.838146803,44299.61940780502,14555.41788447191
9738.065443162743,612820.2480067242,772.8358484934142,34954.59293289114
4414.071189039918,724359.565702147,22891.274254685326,12860.904719416789
7491.453519883236,520492.6272594179,41847.269343010004,63759.1063207901
3387.936376586805,707928.9219985821,11494.434793441797,53835.5903353662
1692.4653528076994,580419.4748535892,38695.15284285798,94798.01497487408
3469.004266377359,125186.57303119318,-27993.666669285776,10159.549230813147
2885.2776381141375,265356.7041643209,-2660.7146901465385,87566.02376650783
9269.303341333882,168226.35059338668,19795.996506942654,91216.82959252475
4159.44861840429,212334.80512023473,-5424.518477922567,46028.20213136524
7689.137912761223,725087.8353021613,6660.274296274081,20910.02752527764
8735.224803519532,737070.6070407054,-11065.413832512757,32375.107035135563
3659.4385341759694,709207.5940308371,11451.983239187583,61672.37022621763
9185.199735699643,434571.7294743393,-29238.08640950516,28733.236199404244
5977.494544452179,237915.0339768029,-42479.20384530775,94442.95492589545
831.3868037372318,412886.7139829985,-16945.25512042812,69096.43847945688
7025.134265335761,529425.2182943152,1107.5094613641777,89370.71926498612
4356.772171347056,351954.1109260554,-30301.49458422583,88743.86991526562
2658.413349237755,572782.4229806872,-40167.70274272337,27012.811535427816
5170.404534490823,264503.5068875875,32742.258295536143,63410.17524652897
1057.8741946554471,650206.9478819859,-24582.424907548517,54792.96849248387
9565.089784533442,520961.70108707924,5354.11216071184,35473.4811778498
1828.4407249276292,496298.9542050059,29786.128032427267,88485.53712896752
206.7496016513426,785317.155146151,-27902.80252433548,49426.82828580055
9138.006455783972,703551.7464812433,-41324.90460080822,93490.73098179774
5994.508702607505,713895.800425207,-6833.165628702685,43898.68373331488
5183.7849902722055,548628.3954963096,31906.448161622888,5666.802810667071
3830.569394784831,614001.2761915413,14229.478295543631,72488.15795786427
2775.478407831452,358854.05441638915,-5545.406170004993,76484.698141958
2338.943301493113,504372.98219712207,-31495.877530435613,50680.52801078183
8324.332015543194,123377.69668909129,-12548.285720685562,52270.869282514555
72.09257744767771,184414.67575385043,2726.7486045768674,51108.716791224004
9027.133685043005,998456.1317585633,-6728.507037275376,22303.82547227646
3244.55413021952,224147.09180491074,-16361.536099630772,94426.34798846747
534.2231883865068,921313.3627294378,-26168.196587867908,95530.08760451169
532.599092049132,111837.42560354383,-33362.07602393588,8057.987978071191
3890.572066032649,292028.63122459746,-3742.9509850934846,90665.14031899018
4978.998748143906,821259.1491962905,33238.726692842974,50092.22503298117
3038.9974285810194,607906.0456352526,-34959.26286032315,49445.02232968625
5541.9520715777335,685534.8333859512,28972.316169491925,20583.17548842433
6674.572237083055,739779.130706739,4848.90234921276,7794.176849616918
3327.243910244294,169515.59970425707,-41622.88601202278,7526.081377771987
739.2944949883573,684703.2165632386,-36894.94062398091,84675.19328864875
42.69113665104629,997649.7937522384,18714.417634969213,39772.595883741946
346.076778958917,334488.93940071476,26497.24471927833,73386.04048019678
8713.941857197691,39294.55554927141,-20948.245880741433,44151.392064855536
2421.1208512924277,644529.9398873457,-29452.180656870052,45070.45763037702
9200.690132626729,158422.94396290797,36354.28767057028,29059.7172785504
2853.738259646843,132377.90737407765,-13613.364706652785,99207.08610920055
3552.3678045170036,699680.1375275207,5224.897189087642,41791.52801580757
4442.67861206933,460517.90262163384,-46131.80822625753,20842.99710149994
8742.37610302528,107741.33221602366,22933.578230545943,71867.8074521258
4428.030977875924,802797.4795266158,-44826.5814829096,29337.228784556402
6819.920493391879,301925.1140276159,-23623.243861056177,97634.72352650171
2897.7567496237743,138962.3268075346,48036.70230614557,28379.94558180905
5018.510318828342,713014.8174322732,-17392.822222280756,98395.2142070295
5857.921726402267,406751.78219732305,42738.778833324206,92052.88009827236
860.1855797160584,514241.43578943243,-20425.03823408486,79339.66297018487
9255.684040051381,746007.2686737675,-47993.88902996668,46696.635269314436
9794.53397135575,383380.8941459267,8720.47988558832,81541.26381839442
2744.1056100277583,754246.8373383265,7957.413632177799,33350.51105371253
5411.560743714153,277919.0825945247,-3940.3541583035185,74281.70086499366
4477.846058206826,538158.8591732054,-34762.1155269901,60530.46524013496
4767.473238809119,730237.526312256,-36597.718194457455,51972.79322018122
728.803267568574,290468.01377930754,34481.84007792888,82110.8272494241
3862.443637754924,714772.9663332017,26344.153079114272,82939.69816957609
6610.763017828199,406626.77065788105,15244.32210780141,60075.40355909408
809.410059475475,84104.01193612297,-39326.692216214076,82331.30922288174
6702.119870302468,460785.4308212244,22542.326126753003,96903.58692689538
6732.982448833659,115917.86854355536,43831.364809841994,6423.493433270566
6855.731511555593,505493.7709623187,26146.285361284507,47357.10729480162
6937.512278597403,857810.2362986174,3070.341481748139,90580.75464610234
984.9691006444872,564587.6135236653,46762.42114847037,44433.03431509688
7383.389299241056,81871.71178677092,26945.669391035743,78141.99017439004
9115.027543140743,313713.3283873522,-21753.42779647468,99248.66863486047
4010.6293528916426,866013.6931483792,21786.0144386413,12495.919363987929
5488.556225092446,207943.27555916028,29990.162893270244,59623.95199709547
4948.814771785084,763986.7486692864,19780.53389234777,89611.86719213454
8014.673310539285,660935.5523456153,8618.899548983463,37126.98933637213
8152.4484718154845,451044.96750666026,-29675.815734005184,93291.46720622256
2850.4268924589014,45091.10550777712,-16855.14723000541,37348.355395541796
9500.787061338691,397208.9824792687,-28738.2819584884,60406.939379279655
403.7652811940673,367161.03887613694,2712.518476797297,53169.77233587041
8901.213554272588,425081.11786531354,21670.973354684276,48391.58691024502
1547.0765164889945,318757.81214691733,-38920.49849106521,5792.798829650114
4435.211654894045,594165.695310732,2826.110311930999,2248.0937847774276
5330.365124131402,726222.8765829533,26972.454014511808,43293.15361548313
7086.007195264011,138647.34476086474,18981.397313938593,43340.27681043451
1983.1218074861047,629304.2608002251,-15541.131531838633,31466.30580965796
1086.9345948613284,250581.10558000635,-45383.823533482115,27233.908959688015
7493.954169422551,683096.9809338263,-47524.626789460846,96729.9393075927
7429.595338967052,85446.60255092531,29781.644982144237,42852.2416575823
8557.037358671738,442699.64963462605,-22346.856987839124,5848.933254520094
570.868059013424,112020.13302985056,-39809.94889484002,50211.849553023654
9174.449085330432,835040.2093013922,19581.065849133025,92248.48007549264
877.8332626315611,713517.453757275,-46313.030968746425,79004.4216852173
2703.451252309378,827323.9668572725,-27352.74768343974,63680.956966849946
7849.677735535809,851960.3223321893,-252.7598216788174,35290.12034906549
5637.779741717031,86556.99420520946,-6400.433134859275,51012.17755463323
1655.6354789969696,872720.1440709069,33635.21622206125,88568.14870737893
1912.0060185857767,69598.37103551583,28965.771012023048,82892.67314970195
3028.034451873276,51191.786559666696,-18130.043926541195,36490.1253569151
9018.031867414744,148193.72808996082,-38526.107108614975,96079.58932684382
4049.506651503566,308550.52563901525,20635.957822271885,69481.92403243104
9722.78084943041,318443.9253324733,19613.493017020082,16174.846512575492
4873.42625757738,328545.469890344,3780.0800588509665,82539.56398977715
5676.149062637779,729161.520273175,19478.405604662825,68545.19128711833
3916.6370240709225,812282.40545788,42035.27159636475,6464.8204280907
1698.2760358485104,268568.2840718996,33031.5977591914,4189.755047749977
1563.5338668810284,692949.342562383,40111.73643861506,55806.13825694106
2035.2002014039394,613787.0120950006,1932.7981450700609,50320.74599395801
9920.557969600919,637437.7858571063,23296.13587917869,15770.508882730615
2371.960597343218,832580.5287747211,41069.45325360856,20422.890336538403
3660.1696845176466,26812.84204618574,10199.505986065407,15371.90449607464
3892.207232077769,211791.2721747395,931.7187647563842,43557.28817914229
9493.362053047897,312585.3840583807,13294.445418971722,59081.91835859289
8173.3822838629285,771934.2485876323,-17027.959608281664,97675.24856540763
4309.7766149888075,450739.3486884847,-26117.73848092521,14248.228667635976
4206.536430773097,192396.8812976743,27089.998178496506,56707.76839512099
4524.484256294705,740467.2190632401,-36869.33983417361,76546.50394999904
1329.8398757680795,416698.55113628885,15383.008126722445,86196.28154236531
1670.4928392622132,279566.9075738897,5822.618911917278,60731.38618959722
4364.852735085972,612263.1120117933,-38696.47393537977,47230.278059047596
1776.0463764913713,933453.2439651468,8457.07284929775,88952.16293463286
9744.617558299917,244157.4199925258,-21636.644169897056,93457.44736391035
8565.775778871714,579736.9118426963,-1657.974849723898,73898.77278486748
3922.634550454761,47249.166426568496,47525.725307294706,70931.93859489857
3024.764225327389,775324.3084470625,5320.712481639232,19043.748799006342
7851.783084184812,686236.9587567586,27425.71674226143,55566.40022062438
4364.591282389605,337991.11984497594,42771.46331284894,83245.74347775006
3822.2532759783644,118005.75697497492,-23440.31567013787,87953.386873395
9930.416064615669,479383.03527508565,-30478.14676077393,81980.23762734712
3447.547116670895,715761.0109606871,-18415.69266267704,90321.79177425569
4088.163489417076,331396.54613210325,39317.79012576991,22463.084954840662
8087.6144949544905,219394.48252108114,10865.879718949014,75393.90239826817
8630.87488589141,172892.93935875854,-30511.831789746622,94932.49693501709
5498.185615642178,601534.6957914566,37420.46437100864,81908.71763390854
9743.287532761164,508698.7154908392,-14554.311046487077,67355.1011737988
8995.36135167864,583735.6350497089,385.5524692824474,96577.15463218564
9063.702373357457,97845.57763254424,22664.49895144452,55821.69494442366
7924.525192304327,502256.1736047437,-836.1730189526352,47234.76497291238
8882.20574935047,193002.8930368165,-7224.744637388423,67898.3293563279
722.6400399979971,447883.94773304154,39379.686440207166,76957.57567774395
4014.305816774897,938056.0145196614,45418.24904940858,41198.32571650739
4362.989718808592,289256.4878938147,-25210.866707253666,33906.705244796096
5389.045537244496,615783.4583035132,-17504.795917674997,24440.8826400737
6471.429713300196,634132.6129447871,14283.638942793186,36667.35160800547
2890.657452758226,842586.1283762947,6460.400941588676,73261.86429390924
8903.210353482224,108067.63704750981,-11871.34239324765,99847.79996087136
7492.819231265613,472221.5182471104,9291.702577655837,58042.41864438291
4069.4324200944375,254945.1540324601,-7422.641362516748,29704.054053263306
5224.575861946064,415496.33574013115,33782.17164302054,6021.042170062663
7802.198758147985,208818.57653282242,-42999.75280918934,24555.73964599199
8006.987859898839,667870.4451997696,-36207.16653010544,24954.721283935145
5047.527013992641,771515.7714811491,2671.265993143592,39758.878516421326
8899.570539634506,481925.2441780974,25107.27534140466,80594.75575019754
7175.080899829553,535459.59689778,-12648.98246489188,2001.1928756901386
1795.5858777329659,126649.74135762166,3528.6641980065615,25242.92488751251
2193.786218526793,256157.65966050976,-45192.26106195211,82685.51847425385
8105.248224262792,960497.4308756652,11859.82042764029,99653.5891778044
1662.3946405924316,563814.5591832327,33416.63529068485,65167.00488276591
5465.909630157871,790166.8720265888,-37593.02765036436,55547.35752510683
584.0537920644296,888519.2868534112,-47021.77916087048,65609.67004913844
6018.282846396465,352059.5003006687,26647.82829583426,71001.97015301067
9073.950444968174,858461.4769486674,-26103.74032856977,92227.99730455686
4287.768432730926,738367.3523872292,-11295.435178094805,55985.990877377655
7089.08648668804,775629.0693588109,47855.96943595365,52679.141174229684
7209.9463414931615,254744.16538672347,24262.383598539454,70300.9490571137
6009.252299235434,958441.0871351704,-45856.91504980746,44371.40706884837
1339.2958065208882,421512.8468268282,-38425.754798744674,1197.5525268154486
3358.2574482771156,965768.0526856972,-19255.586798203494,87454.61070061583
4780.203828223944,695362.3887440892,6192.4047813518555,72931.60212832925
9454.484132470106,941793.6507173124,44370.52055684713,85257.94430185718
3879.326904399584,933487.4487748219,36067.39136435473,85525.22243951376
7279.822622414769,706170.6071396715,-31458.855810903853,21940.98901768412
7218.369203542449,487123.72262778797,-1344.9688284238946,4999.0549634644885
9356.055555382629,298923.7421921817,-36126.00537777986,32123.474473694558
1946.335348253021,696432.10453371,-33327.8380734609,52340.99037853037
7917.7484524854,54553.53938846227,-20282.466796828336,2259.4286154689057
9990.325997379243,163684.89877396123,34141.649717759254,63477.144971967544
7170.713249935987,484793.31266675453,21268.37873269341,88521.33595718016
4183.934021966102,846707.1445976098,-40632.66324681769,17510.60942878646
8925.104669759492,534472.9847698711,-48686.037911195854,60959.933179976266
6852.307451991084,139526.25191503286,-13520.452776010286,55493.690744856714
5392.212719832161,859942.7563855501,20741.039110897167,8705.265432857945
5892.937957535779,212182.88595061068,2191.771417432741,36999.19108204518
5434.015693460425,404509.65716609923,-3049.2978130558404,65974.61514037527
5891.2415629121815,466656.5245913518,9409.16498216131,6756.4033562582335
3054.5525625354276,270340.17784093437,-15679.486522567808,43652.961687595096
4309.989984864935,950858.4440747359,24329.47230983738,68617.42176540225
9422.179208981017,711282.157080126,-44145.6139375769,76211.55621951417
5291.658175780992,717645.6808792973,28677.00721120891,89119.4045798238
2211.772678442796,836058.7937519492,40160.81582879601,18730.27216054438
6112.748772707909,840808.615937703,33710.3184768857,77908.4030484626
8555.94246201239,76288.38902512378,32900.13583260366,53789.31792641924
3829.157468490313,484985.85316251835,37644.1578547737,17290.39150810503
394.3136604867714,718782.360388135,26841.35944575799,92995.9955309475
2151.6390372503038,151458.94348401827,-16873.61526006821,38175.12074460948
3509.944687741282,266575.1247347521,-20330.703312036625,82912.05505211865
1090.4416813058137,986780.5022635665,46410.422873633535,64678.409576923834
4041.939822862054,858138.7941744309,-36317.48920182956,50147.32940504377
4408.165035910123,66188.77509017743,14863.902602339505,74648.52577003084
8763.321130261598,499235.69028962636,-33477.20129858905,45385.26122605558
2419.9106164936625,428761.5061747315,34454.1062285372,48382.24815084169
7913.222665126487,686861.9928787238,37076.76466046111,71105.91467331015
179.7850366802789,986262.6243483048,33850.846278863726,2796.2617782315456
1872.4673856015406,569735.7114458374,-4309.84785825813,2772.148768264693
3592.8165116146683,272634.593577513,-43212.59758289309,33319.487726992316
5471.589912576903,954781.6456365435,-47164.45285667055,38244.527947038994
8491.350413796943,226089.59982959053,-40679.86583848702,10772.001572070489
6220.369805313336,554067.1435141638,5374.057664781707,35190.63676028007
214.98461947848324,360752.77897698374,-46372.58623955196,5496.133937226522
5247.934395952777,431641.1997489919,4551.641426240218,21254.39003675662
3733.1060169724915,369810.73789143836,4988.470308809308,36005.407939541976
2242.49592565532,514730.2864256456,14870.645538320474,86750.98384261939
6849.094353857215,47117.95278399561,13582.803615336634,64416.90912908481
8179.786272240585,698744.0499680274,7977.241406120986,94653.10313846993
1525.2521867220603,359214.9175742417,37750.78945060045,85932.73455952042
2129.247828092766,700543.9091101942,-39294.65982445258,67634.02327053502
867.524204708131,924710.5460279669,40356.05943495291,84636.14415612722
927.0485120730576,899427.7239204646,-48582.37195314305,36933.20555187024
1809.0713215101428,182982.40108224883,-35109.644572685545,52868.02748939132
3004.978505623309,770283.6657274615,-26215.64778783928,62810.04269634134
6031.757368167405,859147.4522394792,-27038.605264575122,96449.31731627815
164.2943871246183,578366.3046224676,12140.46917464128,61351.35659648103
4164.615345932757,57256.92714778053,-195.53983546564268,73014.98460403904
3583.5708623978935,490148.3875605375,47561.78993151324,97398.28111117013
798.3520401226197,398667.9509477639,9458.262401034044,35725.20840068958
2849.625839915938,319700.8491327578,-11199.255045644997,28358.155451040322
354.95624060352117,467545.5468046401,-43754.24328949429,79619.4022056758
9300.577633003742,435054.76898387383,47222.39674331699,8667.049651676716
6351.472275544684,490447.7131103441,-15799.493104768844,12878.66114760019
7470.098025939807,673998.0442963166,-118.6912672685794,89668.55889838848
9096.99926121464,621946.9390291861,21079.224101402695,262.2855454920137
921.9264682402661,243759.97290344813,9879.921421428742,74674.4725464062
9361.98291535208,813241.1878391532,48601.12930043014,50984.00700031257
1263.7026520335448,844037.0046581816,-1850.9517694239912,13972.958325564632
8058.858027208922,705707.6002188402,-44445.26351279534,48293.540555683314
1629.1853445105253,797812.4988429135,-14208.897525734632,49549.87278873614
4473.10627112742,196351.7935991863,5412.688283380026,43029.07640854065
8417.915698933399,559424.0300081158,-48873.2955464874,44288.85115906019
8083.792746661527,587106.2214754964,-24904.71207281081,58406.339924111606
7581.390606508248,34330.98510512743,-29414.71770593179,55415.754107621615
1512.6409402153517,594930.4176879398,46523.316869547154,78309.86547341071
4244.8072183309305,730035.7095393032,37580.286481436735,36953.158144235866
4640.711055830809,364666.3048048161,-42399.186004544965,16352.073359575248
6953.439654857145,522611.43421418185,-21490.349660041808,80950.43660561324
2431.743719777316,411601.9976470048,44268.37067272702,87965.80652711002
332.7143220185036,428289.9564316397,10022.126095101914,32255.15443140544
1501.2302067795424,305696.7188670792,30267.652664784226,32795.93941715865
2451.042690767082,874562.2702108481,6690.1026887950065,36591.29316502594
2970.2738002392402,194420.32333562055,46257.69044355021,59655.673194563286
5674.475351467088,490245.2722239483,-26770.44489649696,6710.0316049216735
1643.30306175815,666160.522850196,-15076.37117737587,11313.166217674387
2302.2401487238376,878967.702403419,40407.73360005929,16378.626110335714
4048.7000576960886,621150.7310955884,23718.510974379373,71374.1072711502
8772.227239493164,505528.18986413407,28779.212077579985,56973.07649916135
381.40647873958767,901871.8613225173,-28121.236835752406,60525.85286555922
4725.4809743350725,269579.09620962146,49390.95089911937,16440.164010236625
7886.569582628079,119881.13540324973,23353.97240217123,94408.7771022186
5718.765840497279,466088.62527922844,35596.96135390563,65394.49287844137
5723.290821507217,721020.9519701496,22291.601737800796,380.42933004975856
874.2633119544074,437034.65045392595,25123.217414056635,60116.18532488077
3847.539307573735,455961.14245361736,-27282.737033431702,15438.148837941957
9255.467515640754,703783.597464167,36523.445915042146,97214.82202244052
953.2933510104602,528027.3341548628,49051.17284676137,12565.748945740917
1258.3384216475113,754606.9503276848,9166.40281983032,79725.26517301062
9010.97125530041,195269.1945656741,-10898.600071257293,27769.896640553026
3806.7756237450103,606788.9885186978,895.2689311592985,79401.0061755524
4442.214529412778,768720.991309432,-23825.423474786854,85071.81129735312
641.4773039595201,787778.7829952537,-37500.210151792744,4970.638513461545
8470.088054711017,53808.000963756414,41944.61959372784,41719.92427680584
1491.2455849200112,524839.3217277122,33141.79129692739,11123.083684298352
1683.7546291287508,666851.8801849525,46720.18497925397,889.0938820242167
6415.798616873506,57647.193941391575,25874.676003869754,7987.216248879192
356.6929713179001,43627.89715813913,18751.39059234086,64132.027152929935
4109.156489043065,493295.81323991466,-2602.4406802115627,55871.485275420615
4557.515489727656,761927.4069512795,-40783.51396796703,20848.520116274703
5452.659598593515,748155.353267366,21184.62219570794,55029.186451368405
592.4518445806438,665078.5053048432,44529.07649972841,97038.1582842322
6106.6830651060845,186042.4855993274,8130.360324430927,65214.97245284816
2818.561983779705,918378.0764992315,-17393.469915659898,10602.05698212341
4430.11081571604,127152.95479109594,43851.30730510302,14798.274470821492
2366.736112543948,795388.3815771968,4740.18893094841,5459.34364788786
3516.6301720996853,587210.4380500305,36784.89201736546,84199.20087720039
2813.5493756268315,176051.2492304376,-291.9858816390333,61743.92219578615
8636.91078798222,611284.3228740359,-3773.9733108372675,73412.60902680381
5341.030872583294,603572.9499134809,21770.289973175022,4347.2059407273055
3875.7301839631464,31730.10567804827,-15557.928311367032,88385.9005321899
8423.410091072921,892033.0856520857,29189.000509422214,57072.425485873355
4253.106077546214,724704.935226992,12006.798111063923,6016.224831376815
9579.903582415838,181670.33515750116,34911.5193676107,14666.115368470357
2118.5031940944345,784711.9235798157,-29506.043806618465,2532.688324143473
9232.604293836028,23798.510840487757,-23940.762881884657,29992.443236028565
9107.171105812675,761625.9893148536,21671.107134998834,55029.18311640739
9208.535562044925,262305.5994003473,33861.72930476982,38615.969701581984
7447.679517879633,189654.7462175836,-12665.699719540222,50913.50044865445
924.9331511754766,383689.4543283724,-39322.877378775935,68058.49743474342
6909.7126897323415,122687.06347122084,8924.267398809272,65038.30932030515
796.8165201556043,612582.8193025272,-4260.7426194855,3995.5998724593546
6181.183971701156,195482.81783278313,-28935.27578923748,89279.65421012102
2905.9142671532377,214721.0222421677,-23727.711975808874,10658.484380890864
9963.73564677125,535156.9092307771,8163.415880876004,24328.579971684383
1470.0017324321645,514305.4643953225,-24386.668992679995,27706.797388659765
5575.683642058277,472410.41042750253,38216.530153406056,68461.52960841596
8151.719656058584,777715.9448630115,24983.805530995334,90838.0002458544
5351.4716292219355,946962.3675778314,-7042.881425652333,63055.108851060795
1745.9301581641073,840524.9376315551,550.0742235054713,48398.959836879265
3626.697431166415,106634.98359764623,38488.11595072667,79610.88037844228
284.67618149021877,99767.11707226804,-17585.98342419976,71265.3238419559
9597.770368292746,264545.5332377101,5540.61711608951,58055.77489889204
8098.806847901865,378417.0518371248,17174.162348971397,78254.38800529459
9845.268794645533,523858.2163781373,-26501.97276970413,31083.772247400866
2875.3285356016954,814028.2243799813,40697.999132942015,24336.993267247388
6810.0528064346645,584548.7654246982,-22673.311196796243,94304.46728304656
249.54763050546225,608486.7706339242,42746.090959831534,23914.165333868885
2011.2005537105215,331635.2980833204,31553.64562877803,6964.135743782917
5971.064982027548,240832.52025038312,-19911.362202588378,6424.026345556277
5294.8273845042995,629328.1510767597,-9567.86137642686,33004.954331222856
8182.685111010688,810101.1043105939,-30244.92815207408,26544.703884182018
3902.851856369377,210552.25179392452,-11564.521890098178,57227.953674654906
4851.304595891413,440139.71821661683,19057.349534953566,76258.76772544917
7650.7694092572565,456294.7853405333,30219.907654208306,36325.386014074335
3889.8382889927198,643350.0073081724,-25972.452230423583,71044.89498896633
9003.498852251136,704231.4730298126,24197.086864622266,69548.07358548121
6009.249204645814,505311.03529251454,-7089.605678734566,7462.34401166237
9338.360893468684,291084.504543106,-21143.177585684913,98773.41433282007
2839.7439347820864,897235.5036692754,-23648.655389963456,14393.877247335118
5184.255579290634,258165.3302755669,5980.651597835153,72739.63700684579
5360.194441808164,988212.350173589,10920.856351975242,45212.76194672804
726.0952645235408,834555.392604649,-113.05133476331685,35211.94129709672
174.8509901316453,934188.857911583,7615.44531741587,83139.45241308406
5363.560948228805,857377.8784698956,-13151.872306201396,21846.145604640555
3676.406842632923,365645.4251162531,41976.20716148737,57053.62207564787
7613.242694645644,633613.6961284162,-36179.41085465201,75515.48331718017
6634.4780678404,180915.95926172065,27465.368469744077,90027.10819787247
9143.22415083047,192914.76577611655,-29371.93939003525,14866.136666572138
4248.5612447728745,697107.3448282187,-21258.472608322754,27843.460559601175
5229.178958491934,805867.7465818145,-35261.105307478516,15867.179577725732
9204.531144607705,235570.73671030725,46474.208844644876,19769.668105851822
421.0354208596023,247161.25331646262,-7221.98745920408,91120.50443283207
7773.740952621097,423878.06284653756,30338.335801428722,48845.71392328098
709.2769985480907,948109.9260763862,-22085.90454031262,76696.40788518135
1493.7867370301005,241256.78742739902,1829.272191336684,33957.576495380425
5979.938497027544,447988.2237435327,-32737.388962679768,61260.421822388686
9470.001186874279,279436.01889544015,-6460.957346650488,50959.30748091627
9047.360229750011,438627.00531731214,8445.381280752285,17257.03257579022
8836.735568851767,715857.0652053759,36534.34667326923,45109.79875125637
53.76501143163126,381726.5218226329,49447.22628794897,18915.9109836746
3417.494850741919,261201.86373181923,-47522.965816812924,32089.87861685122
7524.717955860205,723338.2768984825,-19089.62022212981,56846.274798427934
3122.9888901369727,648191.7530559467,32127.60129564145,9865.34923345601
9869.532517117726,794969.3422638165,-34992.734115314895,83985.02020136046
9126.159346202674,893610.4886207177,-43127.60812276448,28661.60586341703
3615.6853562906776,255762.08997336315,20032.270208026966,52664.216348144866
2353.248416939995,110504.12281890879,44915.10163204576,91315.44476720363
7166.303249040246,435202.58448636445,-45146.88088778093,27563.639196711443
5329.968389115595,452510.9432513901,28773.208559772174,81269.68922463815
1369.7833495065404,220810.4285247766,-27637.472166468124,84313.91395361428
9921.837879815757,57274.76876581919,-4280.038523309639,40476.284419430456
690.6083122854601,980263.6635208275,-13929.309589790428,28515.92972472663
6007.743980308866,400894.5852676813,47812.555679762474,44473.430336766636
1270.423026876113,952411.4967257518,18979.286150429005,94942.1441350534
8625.79685172342,780363.7113903158,-36852.892674600334,46902.44885610037
4668.4303685180985,946628.0833995775,-21122.41168108382,11685.385624164535
3630.53292848858,905951.4687142882,-35018.933220895895,90729.94599325742
8570.171155194654,314960.58154949703,29201.32666058361,39020.79278872094
4400.538121921652,490480.7729713855,30363.678782192583,8440.936416737877
8253.752196726065,626524.39366923,-405.0815008220816,17746.52008528047
4635.543827148241,647454.5406063377,-5084.859132299112,58468.52471993915
5102.579653608133,418598.9954861312,5317.690972036718,86768.82914828796
4782.066604198801,394984.02776721324,35395.04626498731,70125.80535877767
953.6670304439199,903877.1712480603,-30365.279685185054,54697.17342975319
2126.6478382402465,427472.3830807464,36700.77986146946,94305.57052102631
9570.575394152575,618321.0920646064,-31667.078066849295,35214.94235417845
7095.7607480134375,102006.4217600122,-25063.544303812592,82213.46474004531
9030.049851891283,359078.1079456696,40503.00450914378,80991.4451280913
801.4421650222814,291409.73446461855,-26806.95258270831,39400.216497417096
1311.4150197747142,806909.5075127686,34727.92560490704,75900.78624164136
1371.7174211207805,500910.42322202143,11680.305393555514,27358.567000711297
7877.79269776417,952585.3131684365,-15181.550654923034,70313.2567600418
9104.875096491498,450376.29306894366,-1148.8575406095697,9950.522655600147
2538.2006820146817,791698.3730006448,34236.46822745951,69224.84799377315
2986.658401039817,889070.9304513119,35159.03206457473,66930.54173279555
5379.601965022553,237350.62006525468,-46653.317061824986,7990.537722362013
3609.4337409936174,614883.6065652297,26089.12241485725,21830.32272722154
4057.9584119842216,165164.84064069507,18637.276143446143,75426.94885512962
32.39929492500182,634986.1665193466,26103.636451678467,56470.74903053877
1237.3588342611686,970075.0776527792,48050.21809281828,69050.03144878111
621.895417582392,189870.09805605598,20142.218788861705,9366.695412395842
9466.279199146256,139348.58007129063,11561.793067298422,92213.36274982394
410.88155839479776,967716.8165852105,-25682.171488219174,80290.2546568146
7280.040500983652,391292.6654280275,-38845.98643553356,27912.72884767333
16.639501379793753,801054.2945536649,12448.815860057628,88258.04887089049
2818.5232994364505,974099.4719720546,49317.52541014795,49022.56696021389
3655.7669427647797,522653.2252372852,67.80032574623328,55208.23522122159
3748.206163587664,824281.8872945944,30226.63120062524,49729.93566296566
6295.523969767854,862615.9146928529,42548.00830462594,12632.835597518666
4777.585314035163,389153.44740008336,-37272.95206903724,7931.61071007521
2480.593998156295,813610.7195764887,28987.618542159806,53431.009644564256
6555.043372218494,922805.7778170129,-40722.94621942827,13359.946191131767
1874.322700604455,316205.5093272108,-21507.1646484404,76248.90140703137
2238.223987597512,310036.348820375,49982.60787409384,21203.11431824823
9053.497005009698,561253.0945489266,-29499.758429195288,94571.68722396881
523.9791343336664,397679.8169950048,-44132.893815632764,15985.362842349226
7595.725981154656,351281.77151886985,-34220.90464329898,7833.440961359939
6427.95188306416,877796.0537822424,-9483.631428574445,95472.89370735102
998.4881535660262,927844.151004418,49754.172701717514,56810.44794485265
3602.85108311279,92168.05292194826,34239.50596819034,9371.022057743061
5468.904153231752,556777.3117927702,-45210.19140418449,10563.594856938229
4484.4902229650515,832562.6348930714,49886.272392562096,12578.2005818047
2123.301853730031,588327.4690201231,43075.7260530216,57195.44833422506
7054.642806531975,836207.381216578,34461.54111081564,17762.563090560303
8635.632233879704,854092.3802440551,-43244.691839867024,95687.66368518838
9509.784799396763,840936.6218035455,25677.528258456572,57026.59988185436
2873.801100808756,727734.2485531823,-33063.07751612588,51084.343169564374
6624.781474457661,589459.8717043849,7584.372696063991,87425.60165331475
3562.9782683117273,861416.805656643,-21771.067122674103,60286.95322227322
4100.584070260559,457205.5185372862,-15580.27106611104,105.46886736632067
5514.947014712753,854919.1955176652,-29560.98974288005,726.4491203037849
9684.997093207608,163193.2956816645,16817.961786166314,17825.550899211128
9462.554446529612,119379.99830002918,-15921.624842954261,59178.22765131551
2355.580410336644,968388.2621974408,39519.592883386664,90632.10814564725
9038.330137009616,622624.6504281856,-18688.390293405344,62985.512323964555
3353.745697259043,370989.7150324002,4721.618250866741,24448.04577942329
9936.328822955356,648029.0675152988,38992.63235201179,20956.817755741853
5359.114144665559,893107.9808271003,20209.31802460058,2344.505621477977
8796.265199463383,303872.8646897921,-44572.50989528489,46203.11789489786
8593.193423365901,898282.2719277963,-23589.82025209625,83260.00877418737
1849.001587882848,565135.1490107494,-22495.416758663978,58180.32224393216
5141.439395661256,304292.76566235576,-18489.419093250635,87932.69301965968
5862.44794844948,414686.1835823523,-20167.048836790436,86202.71826883535
5282.764074788388,400719.99656923296,48775.817129578965,6811.336881142404
6426.943134034784,815827.7739310358,-47470.78577699997,21692.958084529357
2115.552414508114,745704.5965078033,5214.147786519294,89710.75383965865
1119.1735037045726,973135.7127633847,-20706.140914122763,91434.28112830638
3269.249505082584,281360.80091073096,15725.450629194442,1977.2016652796708
7583.694737788665,23557.403826509522,12417.430395432835,49090.51887421581
990.5832164057415,252296.427536068,41875.11771798716,56929.434313576145
9071.119008126145,884717.7162277298,-23642.715725745067,7259.5770254897825
4393.481405839818,876692.7094719099,-20566.18219444841,59340.992917881165
2472.0302904499736,492386.0950149088,-43474.46875059805,57325.971785337184
161.7489550396567,624397.3093846733,43823.7730696504,19729.404306100863
6385.687662895369,884058.4101668393,-45071.227276312384,49378.073174887206
493.5662120092998,341482.96946455736,-2387.868594306994,24217.872396834693
9262.583326403445,370606.21201813954,19300.283169934235,29455.668506457434
9576.870004853316,985725.7592957561,39192.09036768666,69735.11823755423
159.91466946390864,722946.8387602182,-22634.761556184367,56393.468433546936
2384.682454251795,642455.4126128299,-3207.6020735974234,99318.96372535748
7149.034058230231,885687.4018196479,32879.63121657605,45526.19029241297
2079.448229580847,655231.1675531275,-3044.1652755374234,97289.31700822152
913.9381331427121,894695.7515817587,5083.488079349649,11520.841901690183
4815.441377888192,570796.1197780669,1627.3290741807286,29056.156842444692
3579.8603675986574,720551.5879906086,18209.030065424886,7601.8144578785195
3228.3091506740357,62763.320533938706,32992.30863280744,35328.15080740146
5311.028744310878,564830.7527790187,-27315.628974389318,83434.43824053928
2400.8083697513625,763486.7969611307,30205.91392397805,15487.544141378141
3716.6504422486,561176.108811602,-45326.590240847996,8932.597099038587
4593.80421582744,198570.17910476046,7153.718618207007,59896.92057200001
3604.1859113426276,38107.52488308518,-34407.46507773237,36256.05766985166
1531.5878006445305,643466.7461721182,5384.569075242674,15903.48159077276
7118.978176656562,665524.992088208,-21755.25130213236,97263.09812039655
5530.5781594906575,106623.51077578469,-38643.842486256995,97306.45672111979
6809.2934162124175,411857.0469317595,-48788.15759537322,58684.102054165356
3260.4712089003406,508622.5914870144,32133.96589800356,72053.27260298654
6655.842006933706,763808.388565228,-41854.71856202291,82281.71652922466
8426.896463478724,751773.0400559247,48684.22098422999,87930.11206984535
8604.838541585917,905659.2376986373,13596.36641102875,62263.21225770513
2164.646366349032,439606.2933058192,-9098.558263268074,21012.478375184364
4643.664125218808,820070.0544159978,2026.3435342018493,37210.66058457115
2430.537462534824,70728.30653465509,3511.248613794829,56641.3905289081
6958.194594891037,237344.37418844335,41637.061648958435,98794.558607768
6184.970132422146,436481.3266854781,-3010.949048664479,37690.8494876491
1210.8547674318925,205103.03613974026,39662.81989715311,44536.53119414055
651.2452950491931,276868.9389427868,2635.1917920727574,39892.181042850214
478.4643706774183,575322.9352382591,20764.014617262554,46886.733057582154
2441.7032337466217,314196.84120839095,-24052.744949772452,58980.88695497895
9888.93613546472,670693.4045340081,35163.22423360581,35881.5520866599
5839.7463066374385,468883.0166215682,-32569.9087373151,19431.642215229418
4495.887904025645,837243.3372101099,-21835.65107454558,17647.28849718068
4026.807341758306,826890.1017508273,4984.213917509318,39547.03198511265
5430.23243581326,875192.1910751688,-22304.579254655833,76015.38790014434
9543.327639979565,513233.35046402965,-42986.79617792569,12665.693662438893
1867.809970152019,404977.9487580645,31515.743441797124,29514.882743981118
2772.805267898747,631016.9399931951,-29609.286848004645,89255.46283949898
8852.11850956571,590415.373373979,727.9426380369841,41007.63735785472
9737.978383448726,30452.1725336908,2427.7327201587686,69657.14166329078
3511.213663202408,25937.202130626487,-8764.416613267887,2232.065211031431
2998.203307819797,357310.37000511336,-9019.28663802224,42244.54573306835
4707.833535751225,379872.0776423373,-20213.03817061878,40520.899458993474
1937.0929060007093,815263.7597586485,31841.195290413278,26766.420477911535
3661.81401926488,390711.7206911546,-33754.28170537833,19958.672725310033
1229.4755110785927,561567.3606037179,-42452.459957818486,7635.879424303494
5583.8569023229,178320.83023512902,-41271.13857226026,34244.50730651187
8776.737346899576,440535.21804968204,36759.41961374336,66932.9664722846
4859.713844269484,837042.7474175058,23252.866331882033,13525.862063227867
6899.612036991304,904263.6987710794,38335.670074484995,51885.98788464781
8823.845723234355,202653.92398128193,-45471.549530649354,92468.85432116507
3077.4779936808063,75055.49255649824,29256.14115888496,36597.22132315021
7661.624354478421,630120.5312071558,49544.64038459129,11830.762066997302
9023.228243884369,68996.95143230484,528.1632811797826,62778.634970219064
479.1351191970361,764109.9796212938,-9417.200692575803,50800.37319151748
9382.772665939012,545142.3339040634,40218.259749033765,69263.24567681058
79.64578668917643,369210.9703521283,-30698.819730646952,12371.755027622567
3848.2374174696533,829757.620514717,-2250.276615449766,45057.74097926105
1485.801932670464,491814.6074308338,8530.687457489003,9017.119131124662
8973.923689329906,850077.519773349,8606.69501488498,65701.970828989
1746.6125230048035,90610.30143823037,-36577.57093462352,20924.371688292507
8484.085722733225,177028.33795516263,-26414.642174607296,97700.96442526812
1068.289418393854,317649.1179194351,8587.69891671589,24064.98650015618
3361.594918478129,601370.1638904082,11732.875351812341,80795.07128940722
7807.999377410084,436927.928588991,42871.03345120547,10357.828925439893
5506.548857797095,272711.297797816,31114.695300060892,22833.869304570166
2369.5959641971353,972447.4933497792,-31603.07751108966,47194.550595820605
1253.889605041284,995848.1635347606,-13449.14483421998,67019.455995907
7540.390459763876,522697.4149590109,25530.855380109802,48592.17956008694
3539.0928684455157,543883.7282401099,18461.902156450655,16284.742678429588
5308.025085376555,363521.39372893394,-9604.7182979106,55238.533866534686
4000.9918676449797,892577.6906466945,-8034.946297535287,24572.39680456744
2696.5118838063518,826315.5269531878,-33418.87435848129,45696.08845558011
8810.795919566206,805381.4401346428,-19638.762862998505,89780.02904203699
1660.4984062684014,143513.2337793895,27695.502514281645,26029.89729489479
4516.369901043755,243610.93827898212,-37846.38230523761,8137.275629366402
576.8249664198588,818309.4552984899,-7613.788258651424,70125.23564677239
2690.8333331864533,221210.6928988377,25738.23627307608,74780.38669581254
7372.431703526668,400577.60104794503,38483.68975028595,7960.55322416016
4674.54323418786,588561.9106475108,907.4115539696722,40289.95097644428
6827.683866951114,635932.1910635717,-12098.99319325242,84101.35618640752
199.52492452864456,434787.9616429197,-38693.504106778906,57957.37729488369
7094.17199944786,599890.4967410477,18932.53834642106,33680.70633377071
6185.409641353333,163010.32249494793,-33015.37011076635,81545.76249942141
2966.0541648218687,434085.9617058337,-12408.038878059357,48131.87126016486
4495.945008614236,618007.9778962309,41180.11856536074,98310.76995028765
5943.998909092656,406486.990713673,-35369.83624295313,27938.82648918956
9945.13774130568,770733.6880847025,481.0450212570868,7047.141538272816
3630.794983131221,842573.8074631855,19873.72127744621,44670.188801460994
2342.0944068639205,609139.8613926591,-17498.244337244352,75926.47552811803
3497.687037454702,879426.786803485,10524.556738263658,59562.23185938659
8863.619547550066,449767.504904781,40215.85447253015,39891.874580417694
8560.502944616079,119679.29078894491,-44938.60146065166,70916.59388479574
5543.635720292684,869551.277201058,-2913.713958195942,22375.11636202212
5004.631736356586,647288.0562871577,-616.321844991362,87578.30688887894
9168.487216498996,842293.5393831128,-17866.809726092335,91101.9592943212
4297.919077556821,252074.375337715,6838.474634262937,50759.77732641633
3367.190453689448,729260.932168126,-10919.887794765811,82751.19636131971
4830.537252497469,294989.2254913901,28771.154323472598,51476.340968225464
5185.691832889064,358356.23651904654,28719.214836667976,56233.11050507877
620.898150087551,931055.321169293,37240.308442153095,15858.998767009647
934.1986613335484,311318.9360717584,-31363.90295251279,59352.92143363382
7126.666745111757,751939.2067637392,26537.615357146104,55610.00046896195
2596.6435618945748,83407.33374828013,-20565.124339315087,18624.88109425445
6699.940209393503,515106.8371223855,15153.286065302993,5866.8521989258425
8591.342380846738,745015.5458962745,31604.113615143084,87002.62775372365
8725.655439837501,91515.32074166283,4827.656399927524,97740.41402640968
5171.915924652803,379678.5111051354,12164.260019126516,9291.41198007628
1982.2848473362508,548794.2786126321,-21670.39392218829,37792.680876591054
7257.528608349797,217917.83323066743,-44762.79137255313,90007.84842590033
9263.88669527712,991869.7349970685,42602.41206053835,91719.89118692481
9981.512632579008,431382.1726025756,5678.586127525166,73452.79404165315
6802.568416024132,607983.9127596406,48917.64705648465,94506.59318133548
4747.438594952084,76734.55955107379,-40086.577774754805,70762.98650252892
3530.429119605282,928063.7546135925,46677.77161539366,34316.26175360173
6081.694521779574,243740.42454408627,-46884.183358883965,93707.07402471009
7720.041883647911,621391.4917948145,-47491.983514155334,82384.1323397589
8071.636535534056,887009.1498639233,-13126.79193102161,79991.636826926
1042.5376429503897,865530.4100923137,41278.21188312823,66177.84253595259
1678.3721754987512,685842.1120376077,16475.90565631489,19842.87239134511
2582.3546204939007,378458.76236995077,-9304.826996156102,8091.535175582554
6713.242194676954,701640.8742333059,41972.479862760156,18629.51274222728
7847.71593784646,604865.116237267,36106.25298618445,76939.02479804087
4767.05849765192,107327.96482250396,-27868.349840929164,55292.63919083983
315.89673905974115,633558.2101309393,17154.71512053434,24511.653655735245
1881.1660541293095,928234.0400501927,-44548.7060097001,21348.0111938381
5552.343093481816,867944.3947191862,22927.536254404185,4466.495071055865
2249.385633287936,758903.9619331008,-2644.8101214806593,50226.514423911096
442.7072153360345,416525.87162047555,-32763.737351051415,95810.47292050635
6739.906162246427,685275.392185874,7718.146655983619,71718.39014843457
2576.8598498788397,855372.7990472853,-49328.45412269186,78246.07517422464
2526.1828832192823,26682.71805643288,47860.11307762658,51286.82642801643
7323.942054306763,839522.3376364592,-8928.01029222201,31644.262305610726
2615.908548047987,717139.5969029404,-28850.091372086517,99016.58291643132
2637.520575986655,585257.9324255462,29047.925876288922,56910.18516935238
6567.118220523257,290353.08872655884,-23640.793721214402,57963.22306830679
4129.906895511037,210221.79471313133,40200.75639672569,40507.36308145563
6180.489486260218,697922.7876191016,17907.370015757828,6668.633731696727
5454.705552762927,663313.6534139081,10678.451256304565,9905.932974280751
2456.9021423154645,655177.7241973963,42137.806946171535,35608.411147310646
1536.6507059049338,541329.2580578978,-42292.10795634314,52220.588322693984
2609.319538836857,214104.44268189484,43766.41669009511,82336.75831380581
4687.796764994419,954291.2430457204,1744.603418182509,93303.84181113573
8418.053186243384,447819.1196117467,-38357.196916719025,35094.53011038151
6149.122869703359,466425.91562658036,21880.584575004585,59560.244593818454
9718.472576708535,976037.1643617118,-42035.16389192204,39646.02121719216
8096.615786246005,604738.8619720632,-48849.219621085715,69747.17004082291
9310.22667632192,265993.2341672523,-49912.76272265363,69110.1503611542
3650.891961568461,532142.5614323877,-6621.100893768962,29027.794077248014
8077.033597778699,948264.6876337496,-10935.25565022164,41551.65008376654
4929.423682432319,887089.1150937105,-31796.86937592966,22541.897144518276
1606.106176570309,91951.81102247484,4070.5561688186426,95097.89395183555
1680.4280657896809,776661.2422152812,15922.432457866758,30760.126596526537
2096.272866252468,488667.9800190751,-43169.36936007602,55346.9741330151
5537.485243692041,575074.643363479,18804.008357160565,13887.308051871183
1843.8572799213505,839792.4414375611,-24785.529671810902,54832.68137361986
7433.9463317755035,884544.8911230947,20492.57155963115,37580.47059189763
7095.379891293321,406439.52740519814,-39876.95605805878,89311.97571370646
8216.193446745481,20471.9252981845,-49837.940168304616,37247.19742260297
3556.142614815848,26596.833148340123,-15185.562793862075,20640.60668240346
4994.814820594933,467895.2331655995,-16949.603279172166,43189.909520643174
7343.760597768865,268885.71092575835,30807.886606576663,61002.47950412329
8272.757798519955,701173.1202641212,-5982.068919807316,13861.73187946258
7675.701869278413,677397.3194816991,29506.788763692777,98258.42829381107
7389.5220977145145,943838.7068866007,-14229.800780365986,49499.54764061103
79.89835963794434,387057.20918520365,3681.347112592972,47179.965204715656
4320.45469839781,730586.2236941156,-1614.4022148114382,83399.89494167482
1417.491691573962,633971.441276147,27951.455353623533,36333.70003445019
8370.210606901228,678340.5263807366,31788.630347619634,73103.28270862237
506.77435112492566,130207.72519278924,-47589.55119726016,65381.99403742113
6799.440787662561,538363.0304278953,37809.32697800666,38752.59736032621
637.3903103223511,977464.4628777609,-41469.65379722365,92565.51041189679
8923.769939332526,546346.9785753791,-36530.53075649101,20891.205710326554
2763.854889779188,899080.6656258793,41489.22579087062,37133.27214845152
3724.1277215212367,592455.5998248255,-47863.745080933026,54966.3716443597
667.4627762517738,734840.3698291836,38061.324655527744,6485.857670560624
3507.493797709682,798255.7148258575,34184.01473159142,84803.63283690969
1875.6366072056574,528024.042580602,44210.52678526273,82797.34122879147
8657.12126942935,472500.5143968237,-36195.39872369851,62317.73198850682
627.7901783522166,899160.698412036,-8472.170412635038,28881.64647732693
1011.2995377872979,502714.1463475408,-16392.88765934822,5725.764493250529
1676.7575685992574,185933.40066749862,-23346.558387264482,98068.8777259575
5909.72064589916,764531.494182261,23647.502465341604,13528.130312757747
6214.860673760596,613691.5840259013,-37175.88755878778,57857.31145238101
5446.50916973193,55746.169833417545,-33471.20063291442,56522.952711072336
3713.669200182653,746023.0542133531,-2313.650301492562,62106.63268451404
7968.98187158736,427019.95067142183,35212.46042618679,95119.54790144639
5966.522703906597,709839.0064991683,16516.10553272201,31538.062329809192
1361.1945760246313,386206.7194489127,-14818.4312727434,94216.61049470323
2122.8713342272877,874425.1891734973,24985.60316777954,27306.992098778628
151.3440470750549,898243.896472951,7596.43738373489,32910.712956195806
6003.501961541146,388912.0351893805,-19382.097001920072,27413.755963382737
8982.083295122917,327564.76583730575,-24916.72530410306,31300.742982877484
9485.709552093816,267617.3481659879,17069.82445247777,40718.16001289086
7482.815931636875,774984.692309892,-13203.450346483361,41653.938847317404
8247.478457863026,277714.27101544384,-19616.116558412443,18323.395922582542
4083.0285216666553,486014.1561055237,-5604.360447643674,76199.09372105535
8659.734601774562,688677.8678350862,-28650.168930859087,47094.96660341884
8805.727669876555,172552.1789629902,15576.420842336884,68812.5972197672
7115.7298737255305,587963.4489138557,13116.446715874918,35080.24999311009
7580.040417501443,374912.7547891551,-33201.58447606127,92862.9261608287
5586.625603571486,392369.5240989537,-11805.80572652303,23594.30795002606
3112.0432703864785,556137.8071781029,-28151.87931692531,82479.19540627857
9692.332477743848,749539.032782864,13989.374520497477,85737.60271821982
9852.880447153004,85549.6302417715,27879.140186507764,29509.427720425883
8076.673989171664,69051.23194861622,-48989.594485444395,96111.20184797907
3103.23569907631,533495.8896643927,35569.754323693705,53434.11104679384
4375.930116621831,27558.131485162838,-37113.17549532761,81495.12435442155
4793.2182162119825,124240.43978150375,25038.542691830997,66500.73864148959
5569.831675893133,217417.93852800675,-27658.31131340212,87255.4648779027
976.7258537694057,838952.9824848695,34158.68046377877,81344.90866333061
3004.060176333052,593279.290513416,-17742.059262181352,19245.86890753994
8579.350142076846,885750.8018493734,20911.558353354238,33363.606387186126
4873.320570374663,236068.64378096623,-44020.579819597726,45969.0412801631
1438.8819182941559,378745.4761565413,16420.32630110247,15106.329832424148
1454.0467214515672,798834.7069362821,-24012.905295995766,70763.89156337618
8177.482713769758,293047.9983531212,-49696.0193523303,44949.655895891025
6875.804519296579,703902.4829510808,25091.18430155491,8783.91881382733
6944.583640924396,487685.1847146745,4992.656657691943,17320.871273468998
3720.452840511156,705790.2908009912,-40720.24690498999,28532.504139423432
4569.574454866711,873380.5910071012,-19355.281405818216,6736.304747715561
9238.12527175452,519342.95125161513,-33635.55308091095,42720.696420250984
163.34594923344216,247153.12988352365,-22693.73773233251,22919.994811385426
4469.097338293627,757534.0037850444,29563.956755791078,58213.14397072011
5707.745008698032,300686.3094451188,25953.707941744215,39268.282265680675
60.59850447843851,168390.35102280084,40165.860010580494,19827.771653796943
8672.009426448174,994421.498448827,25060.05009051731,41925.98634994597
5067.633465366236,945492.2925578101,28407.44878029656,7754.862935363338
4195.242479628316,194327.99936071548,-35674.57822696975,71739.78756926731
7526.87475277424,831502.1766152887,6716.187417924288,73361.13968404685
6873.9887831122205,913303.5464834258,42212.59301927907,56354.40648629141
8092.689312339157,959174.653359863,44450.404818990355,23144.46716706332
4693.976257478985,344157.696389017,8928.020014712922,54717.26646377543
524.361000357082,799301.8385860589,18280.857029199135,85604.84037735006
145.08610408662915,776131.8812185805,-8510.918385842313,61257.18566575868
5313.572327534627,830046.335101634,7353.793165220581,20797.239654454923
6058.610929250919,411908.84763485607,-17481.882263111882,42002.81238089813
5241.206578860873,467115.35482677235,27376.132681096948,57332.00800916861
6205.867455277667,747064.6605621353,-596.0945712723114,99906.33929010446
4152.5346053064695,599229.0714578372,22763.380266657434,66588.34183965635
3197.222991780697,778916.6443393212,45471.18341761091,91638.20105626572
2739.848683158166,718336.1911637865,-39009.07559163096,8906.566075527357
8720.600093376977,496719.99502472364,29798.86467377795,43118.31395499542
7621.602446782911,479030.06830631144,-1710.6742175552645,11524.780222191745
3658.5202908246283,90166.53139885482,27327.55450655849,36049.53882739198
2507.1248785652365,86618.30254081792,10824.209473140858,63025.52473526012
8122.752588294022,178138.5301493062,-14103.001937304201,62718.94470019779
2735.9665422481726,38299.04936891483,10501.434986348526,34058.05643250903
3945.6235160183396,764670.7258008133,11854.088914270877,71332.54019824212
6980.9426906601775,986897.2214513057,-10461.912729105214,59101.92186124506
4667.058528833128,794073.9538891276,-9127.951554925661,49149.05381984609
2403.9356808892653,821613.469578006,-37059.98140298693,39037.388271326345
556.410422264163,422172.9411178507,25621.430820286143,15678.433925364121
2053.5167830326163,25239.346953420372,3026.453957018326,49288.38758406153
8708.14194896992,525611.9765517652,-3066.4613386054334,23210.657705179074
5793.453615378993,152291.71362928857,-14857.618357992476,63303.603787760796
750.4228520521283,96181.25234700703,-19903.090573378933,86940.490920061
8551.164409739333,117519.2663316364,-11300.699480792362,26141.316681849312
3205.704549233006,252117.06045394109,-27072.517794301642,91953.81971770326
2175.1773676615826,129234.69591045004,22684.942100721702,37923.62569479537
8042.335590139081,323329.0499825162,17253.059480726733,49341.17769189443
9690.66651854057,806925.2481346737,-30217.3530382865,31925.689794563474
3456.277618917306,132507.51992046053,20452.717520381455,98704.10364424295
3242.117497481616,947595.1973628178,-31759.04079045684,57065.59753108968
7421.988615207866,299064.10522704263,8691.761332744798,79319.9316082292
9512.190407097693,590292.8846851063,-24365.907515137762,99560.4995041993
9051.532922181987,477858.66305667255,-31507.13333183547,17230.671692301803
8905.842941359459,593275.7935596037,-16346.09057272334,3514.6284723350573
5300.980885861402,589665.8266586034,-41715.97935636807,521.5691456895933
7288.773112568334,963266.7891402374,-21926.010144509943,75204.81778883222
3063.1606691658485,545334.0410085743,-3436.0898143965387,40055.00094870427
1569.2466222170776,421254.4320983384,-36973.52793715499,80829.16945814076
9185.82692755038,90590.52581395264,-41674.64578346012,37925.31297742442
2912.3699304415986,914290.5880560197,-6267.755286650958,72484.47132286012
3454.305258894409,643444.8996309539,36377.41164575184,10900.220536690797
3875.8733942761846,447738.54279734025,-13174.859788509588,2138.004988232178
2077.677039998418,461144.9764496186,49206.8169691799,41114.437151122765
8256.463964793971,977424.7056457605,2410.748009123323,8359.359641176745
1717.5673621463839,198637.6218180748,2019.3286000403896,51281.07915722161
4935.8126329086845,526146.9578408946,17000.463704999187,85577.88070452862
6598.597623351814,885487.895100574,32601.645460255502,26686.560905160717
9515.23827458787,673992.7210014918,31461.42443772008,70631.38412977965
3739.5660112860473,113209.47446436371,-1355.5088892981657,31234.533328734527
28.15032853880739,56920.18949081042,-16877.087099921628,6371.7466425330385
3844.4167639545103,309959.7299196966,-11832.472344281443,89804.53673364101
5519.311435576697,613055.4001850217,-43820.09046717744,67093.0109396126
7892.0643478459715,104552.30227822572,-40313.32439689045,34190.96899134343
8779.986272532395,641158.6783812043,9534.365540059152,55547.628818020676
1964.1300878592494,786740.4876399685,43764.50415025478,34887.991559911956
7028.033910113204,920713.2136628247,-33785.145322353346,6316.453667539346
5349.657910273042,335724.46781331196,-37415.692434357494,65986.03337867797
6822.01193923076,408089.2679514216,33515.223395448935,55298.13138420097
9465.870234836213,653835.6351672573,49188.47625708302,75445.46811944367
1998.348875645628,408236.76226081845,47992.84736591455,60083.48400008708
7634.024642273914,967350.8697811555,-26978.194236936248,58013.11515532515
5920.652416890419,106359.69327159807,-35532.85100242223,80980.55073290097
8249.438686280419,581390.2729460426,3420.363434377461,53047.21051048705
1830.2135630939154,889025.337987669,33158.96980984486,57455.86361443761
6384.738186381786,120851.09075615641,-32313.46705431669,14516.41843063477
7586.769034767399,869161.3398157725,34111.438111558164,39757.629106918816
1365.3998725121053,434331.29533689737,-14609.130929880368,25438.56932559946
3588.585202925336,474393.84607526107,-36967.03167198885,60486.4085125366
356.6431961458472,542995.6669713489,-14458.616398313708,54024.69099859133
5160.9261881190205,23179.987421363443,-12297.007069170482,55878.92909709535
500.7385280455312,181337.7205449499,38260.87772218,73794.02114863085
3201.9676301217946,838187.4822061069,19081.064060449615,71570.66865198583
4643.793337495597,961790.4729033802,-42387.01881452228,94925.5583749786
9375.219902431552,131374.79498992302,-33740.04514712605,12602.817848233439
8191.077687123027,440139.1974008923,-42782.530342474034,79111.83296455062
4637.521602776862,520224.8439736116,-30596.628516597433,22439.241500169926
7129.9520537858925,63689.30096395917,-34704.47121953023,35180.49268910124
2391.6683603911492,399585.3141836664,29808.92754570386,759.1019520578834
9759.461417333612,209142.52105845258,30785.574297240164,17749.331994038075
52.73667365416457,238568.97276693358,-18763.043238804967,94790.7053555142
7165.655125947198,842134.4391554155,-22829.750133623715,76180.40227396022
5317.166403254856,336966.68545072735,-28354.14636494352,23952.270558906795
9981.698789543269,115386.45697265606,-14344.763509683246,26098.8115002171
5923.666328340678,120626.66925418146,49474.50836809575,22565.176161164312
1471.836592363005,127425.50224528044,14340.486991297985,40741.85015052077
4195.000951883596,480252.9214587412,-26387.50192636271,10405.366824721852
9478.27079777047,888824.442366307,-14975.48426719648,84404.06139166387
149.72557043103407,123075.81230589711,-8801.356923037449,25858.497496842025
2270.01646385247,47916.31931752765,-5717.609451684999,35243.88874008584
9472.929657117173,671848.3874602928,-47611.43871078727,81444.48247793122
5832.798813396584,492935.63978667476,30457.999705838098,69717.5169161653
5135.050581213842,210620.87850118623,-43768.16684143091,26477.04214219384
2639.051202333761,752539.8850020436,3211.272907450635,5905.533901574922
3947.822555973822,301747.29605100077,46799.41987637746,26623.886682095832
4437.077926472462,201664.0287849174,17260.95522937835,27998.04258156353
1846.420826389019,783576.5088835477,3701.9525564386786,95133.15575901254
4098.446590639069,364661.659143518,46963.55116202643,39203.84774632776
4186.865318064056,23281.45727201901,-3860.502932829433,35491.763117287024
4062.668841127703,512685.5284166737,-6630.901994824686,15349.331187118698
9847.744429380044,904279.3493150406,-5376.537846247265,80281.21363506753
1418.233664033558,697260.696498355,30394.337348994915,56432.66077781337
425.3249017825922,532696.0431051751,-40488.763096491166,35996.594768272764
2159.057042261866,127003.43532501529,-28246.015125721024,58398.93510172569
8311.105097607533,692327.8066519084,-49505.796415046425,68594.3001752987
9655.406883874375,599439.0956647294,15290.64410575389,52401.90876932858
9940.879482923594,862553.4758842831,26179.736500675062,89534.14948085458
4878.370367326748,444871.8488351533,46344.04572541236,83817.91414276522
3004.3723153577384,538650.1369310928,27907.83064930576,27081.520826128602
8416.922988787785,944259.6139128357,6800.216939312733,28277.601516021066
8904.50766383016,598965.5793524397,-33057.0299083056,92635.10577443246
6826.661763228063,388047.2363938478,-38538.79039432781,66981.12464250556
4255.373238624,568400.5077907564,-40818.1388099193,76845.94121748648
8349.266558334744,187911.10474159312,18375.99534298516,68562.40781501823
7707.944190141289,632653.6930009767,-23482.334797698666,35293.30773492672
5541.752385469117,658368.1466550912,-15226.808656276502,49768.10872386141
892.6280055547087,842683.2322671778,9001.348694306289,48483.14532690554
4854.57297593914,590202.5302234056,-34763.808415262465,12216.882750693381
4767.694054003427,973836.9760387075,-43059.220452508525,65934.61993079261
5697.639733402284,282663.106719908,33761.379825901386,77504.63370440004
5162.6474939323,829105.2250789999,-2921.8092505827444,69120.41490086762
4033.318253316053,106384.70845654848,36340.002813411804,67921.29481676019
3805.6131048794805,40948.89368989865,-8013.368451219991,13026.442701830532
8035.465531676032,633986.5063879099,5704.362942948879,5044.840650401261
3623.7915140265086,591156.3528282308,36826.054240238285,31096.542799382278
5853.568489336889,820300.3729491297,-5121.059163395934,23478.10130396929
9606.04719583405,813181.7032817416,-37400.37587753564,13327.823000740402
8021.048647789747,759182.7103723823,-38822.930909176845,21994.026667887447
9016.69347179218,266418.18192625255,40050.92101159037,92282.26461758104
9546.793657197131,108862.36139540051,-42716.20776381453,99355.03395544585
7249.537241369648,816859.1810731029,-46657.38536198695,96780.20474584613
9228.978649913779,182778.31816164326,11065.537891557142,47072.03932393956
8111.2433812787785,283600.6350397199,37657.274113088075,58041.32721077831
6230.241920090615,307859.83892402,747.202115943277,96368.81798646794
9823.084598878506,735637.4072853256,-139.09056010293716,78038.80005853825
6453.272612677943,857202.4181937262,-42902.68359111371,41617.31523579613
530.1361552915585,848406.9576426413,-33630.10741136898,94832.16208550241
3755.8788712328897,129092.69454808343,49261.876265935294,87509.5147829311
9606.980126471182,774533.7042554803,27361.865796528466,4644.591071189874
3544.5943513645793,909335.1211055771,35887.483093814604,92231.5263198898
3548.9812254966578,208226.59308834662,-28528.72209261067,25450.20016434152
8785.887451402705,658834.1181184837,-11825.578139874378,3905.4785927442495
7738.195054536858,947783.6912042211,30110.146724847815,11836.943679094147
974.0363080236314,273384.1165018516,16500.288284249124,12564.864248202312
7872.974609557239,25656.367787640032,-24445.285728542298,55910.807808037134
1094.7308536816302,947621.2336539327,-42745.197899614526,64928.959247653336
7350.334341587569,880526.4921260898,41938.57430132192,34006.86080357171
8123.464015003896,80089.3627668466,1526.4283950381287,14241.935544789498
9390.134691899351,710849.7455413565,-36707.06625708696,83972.83887941849
5097.777893851141,341373.85476176447,-27718.579546921497,2442.306957067497
5190.153184938612,594317.9726755978,47774.61647708104,22790.85057933199
5302.422167324989,212255.97563368687,-18324.06333792225,96928.300850089
1901.0985143578607,922694.1145194807,32222.42865858579,39302.83488667448
3606.4916660110703,203841.3402448112,25141.82181224361,29184.823132313053
6710.636015672895,806472.2470008603,-13817.482917049972,21805.428092539812
491.60416653517115,416615.132971543,-6113.289442945359,7537.614394585157
5825.48222748696,748816.4062511541,-40456.63411599721,5279.815836492585
8810.17932275101,620377.7032273039,12449.038156523231,1300.2192433543614
9640.63611524406,293231.14055731724,-7078.985364864973,48022.23502336831
5812.88431649118,562013.2221395187,32948.6497957925,18579.416580953468
7884.803243843632,234416.6450392792,34935.15580562415,72440.72810723203
5484.305587577914,413044.76205429365,42673.53623152802,25004.711275129677
1031.0809946190036,606762.0250909736,35516.72519243011,29783.783898560378
8725.911404461332,533928.9889554307,-33356.56749264918,75647.52826567828
6761.964912807961,609929.6103389417,9387.611241322913,73566.49495289294
1425.3675409082666,957043.3110598894,-28209.196234517352,57395.7296669345
2777.737650001121,995983.4343640703,-11146.885985920519,51459.83514963747
2951.2659772319284,255318.92923125814,4399.909447308062,64049.07877764045
9737.304983538972,867514.9114639818,10047.761089158637,50408.71061607454
112.33343633968107,568472.6397749144,17444.555591701224,51401.27230200058
620.5410478955408,681219.1396691015,1775.126798810954,54744.389840420394
4120.178704513714,323790.74033603695,-30534.87405901585,44574.16692861675
5301.203907258288,956374.7371632468,-28917.72822421277,2056.941542077739
594.6427904870521,533417.9843845508,1625.572343879503,94869.85211849662
1619.4856159989324,152680.16671978167,4709.4186652219505,46593.315200197416
5150.813629444514,815104.8400877672,24590.955910383112,8406.133409007576
6743.258119762231,326900.14895323256,30555.50258153904,64946.66673164857
9606.76946001686,728366.1669908866,-28133.843922015665,93801.11012246656
5107.078473315184,22774.892648770958,8300.217381362774,63802.588806436535
6351.110867264215,703004.2085292493,1236.3949235133623,1172.458724895664
1718.0146533778461,153645.31217688977,43323.1762157137,74507.83264544638
909.3467373040953,21949.444585069697,-49049.794944085,49717.01110126045
2117.355964118882,862247.522476489,43060.820098459095,44227.17408302903
5248.193893062687,345372.07798586466,-17714.56894524265,66136.30679300387
2787.26879199641,907129.7305027157,-40058.30928087605,58454.03979657233
6856.855880322157,968017.355983573,-34861.066232032026,81173.69728832241
8291.46208015627,590144.3390207905,-9959.29801790999,54640.51444807713
1144.339406943904,666718.019022973,-11719.414801568048,56528.664274661656
3938.9235025857183,664468.8708472864,21593.034695927272,11712.355815751775
7191.8763631321635,660036.734664652,912.2016862606688,39413.945590096955
5259.789590647562,687608.3760871433,-47491.7416524946,25234.654306864533
9399.508062972705,506991.9477009459,17172.04260444302,67021.1225874383
8082.412058791454,528832.762531799,21025.345362822467,2993.7423231832904
65.89896455877708,576819.9094097064,40225.4693755653,68160.26786313092
5500.6835075615645,165502.06954359892,18649.164652863197,40760.990615300194
440.43941466548773,466726.3826984359,-12417.566994494897,34339.28992845566
520.6830370637794,987732.709402433,-20490.910700956312,63004.12019397066
286.7010245002777,629580.9102103172,24282.37972637893,57548.61624341009
5675.707258691664,315858.03961350606,-34719.630003394035,38311.642347848094
8496.30817129838,998506.7697646621,35587.219847848886,57016.80425211627
3398.746716733677,480136.122216101,-10191.146768835133,4296.056080802113
9792.28468743677,440319.9203927391,-4177.028984247896,42202.73301600755
3441.4714940273448,157158.0262906738,-47420.29003712633,61741.44457546574
5060.943925701276,134769.8954054146,15010.723212332334,84289.99563102044
6128.786832846748,582409.5954182608,-24829.22012955676,22761.063488354528
5351.377462584247,501535.79242062167,-30072.492360227032,93449.10851719891
2738.0251528922295,703439.9997816903,-40168.850009176735,22730.57981953841
2081.6126399042,161930.5723420048,-48762.236240031234,24133.168942808414
6791.8310507377455,663089.9873610128,14325.618255321751,30762.547456686774
8490.494579153888,767266.6930900805,-16664.058816306067,55672.583576889236
2553.808568331205,907233.2488330357,12185.63766117188,18487.80868384794
9874.360708199847,210836.26817255685,-1459.0581420253511,20434.498687288506
9515.986793362563,136483.64269129286,-17492.604695387447,71909.35634577737
2647.565446396568,105458.85621241089,-27717.015306634596,76812.54807257793
4167.170769415028,466321.7755135924,48437.607858388496,56094.36458462742
4765.921970151353,733549.9619968301,-49076.48164127527,49312.55605041913
2831.2386215915776,965093.8080201446,-41512.27726253492,67469.96828835455
2552.120418636462,41663.50849856716,28848.82771512492,82999.79743468047
1864.4467346314552,184335.6824850878,-20182.915070819807,33488.429877257084
1462.1870029930328,756461.1486873145,-43522.057519844115,84573.47343055098
4000.8073909817876,120876.04373070646,47625.72520401531,44427.30411538022
832.0431552059981,544061.9029312837,-14174.528012426046,47333.99420408461
2134.5991412170606,375170.69149027864,-10202.577184534122,27090.26714034929
5143.23432089504,159724.86667992568,-14739.99481906373,82308.71438943286
4329.073643719295,915321.9604955208,-29066.412608457904,95174.1615387813
6846.881497230562,99818.42311699424,-19901.317430163846,2801.750288160654
6340.4221517381575,741235.9317886886,24918.67943654742,36067.96761926159
8284.92549274873,613028.9172203864,678.5919533673004,34633.47510501323
446.0617339592976,568370.8497105924,-29842.27169823066,18849.26537602204
2747.7237903029227,572761.8973473612,44545.57303274819,49335.35450214144
1866.3070144033943,255529.62615988147,26626.596263213723,33243.822044444314
7207.06112373469,757689.2531615875,-15598.903126162237,42565.71807109557
6568.487145255159,566149.6240356296,-21124.386124815243,94313.96585401383
1763.6378963325617,672395.027450016,-21552.183482655095,5012.107397911036
6742.5714887647855,477543.0760605614,-45872.7863688418,72641.31456968072
3348.1003083765913,825073.3985821174,-35225.56988945359,58045.823887744344
2737.3670745823806,117540.78327927687,9608.174434762594,34769.541033937225
3714.6699888434555,84231.77909556316,46420.472974883814,51394.29094735059
2746.3498930575347,52992.748793141895,48257.1150881873,3672.7495159743494
4266.44243749386,521352.03795577225,-1238.3311926169335,45096.869338080294
4032.1919732774836,639578.515152876,6947.858986586907,74015.13241424004
2751.4088686673986,51463.208162832205,-44143.542824675096,23009.74998344124
1979.0475729747325,487380.4009716588,-13630.714870999473,41967.49378474856
9368.271582570498,468578.73836419906,-42605.67175283142,10125.529516290888
5761.6608016066075,201672.95279745932,16702.31222127218,34346.299555709
2321.110361109002,897951.1463384266,-37113.39647415977,90973.12190696904
1920.3567371389063,163381.435427392,-21765.395095541906,46840.850586577035
5361.96308501109,832097.7536416916,-35259.74745080477,51363.60773214612
9630.978581353544,958662.6255918219,21053.674961239492,26094.215335298075
2360.386041413326,902550.0453148996,-43144.60152013091,90747.66473994205
3958.834776857497,612061.2506024181,-47041.04166181191,55403.55927003924
6439.052424789752,564280.0929913622,40387.142037403304,77450.1864864973
5885.715873898142,662694.774671069,-10266.482260397177,28805.466810985068
3714.4539788561615,934757.1329205037,-26687.705144958218,44047.73195449332
399.0460387377448,47919.9110017005,-13084.017821854344,23311.914545178046
4181.7679331139925,694587.4232801202,-4558.305817606291,45154.41069362951
6432.231152360588,103934.10997958713,-2786.6200564825776,4062.4937351529943
4782.950828904692,641690.4357848077,-14481.325629860767,24881.859059541035
4945.264740480999,137764.73711741902,22695.421985163222,22158.516277430597
2197.123549307348,395964.46945523337,32044.370783263905,66238.8875042487
3934.655993305738,510099.534256455,-44089.04598993268,89944.6431098123
5392.307732140157,396395.1285390256,24470.43232405663,19736.47908154118
1661.741488548053,33411.12879301026,29067.120135523888,43503.63569592908
477.57735885786246,37559.24863969614,-3600.1944546300365,33463.70943462583
1888.4424174552562,214828.97268310632,15411.896048240633,27129.864370580115
2894.688604332172,677477.939393007,-22563.810367822858,31900.263214042367
7409.531684061955,698211.5563127928,-48039.36043715172,59547.216642623054
4488.2491326040745,933771.5248895606,35322.81256593796,15731.120918465558
670.4720068785297,884872.388510501,-22292.766170271894,66637.00422122321
5493.490296124097,350069.619390455,15011.118064052906,79929.09185144937
2759.8870835470148,417412.507471681,6460.49269191434,90441.50068635246
3980.7036470868497,319629.46270852233,6300.033725485424,72370.78283295817
4565.729555377179,276112.88974541053,-21553.57048198431,9208.754017886811
7795.405590904908,218115.62867532345,-3313.5982208070564,40251.64036077603
6384.208651858835,602339.7630050023,-40182.98792774493,28244.269396348554
6533.292857027102,662494.2529711226,-8932.781720469451,36565.68789813667
4770.5370052322205,428416.00721307425,-15793.942352306069,26335.207234699898
3589.0488173501544,577994.8864364431,4934.318024622677,83915.5937474906
7920.56346402021,818411.7010140921,-44527.16038526567,67512.71644115007
818.0653390854798,480093.0544283116,-37297.89589679149,17918.675540533
3372.3507250519347,429307.00526641717,-44225.89792072562,12918.033716279631
850.1435550913806,123466.73786332468,-42191.04735956565,57474.48947039565
4316.762601224825,186980.59387981938,28105.03666627487,92537.94727776022
4594.2329486202125,474879.86381221283,-43767.050982431065,74159.59912025578
3306.12190520301,696476.4222841914,27449.889065848518,21575.3012645152
3973.273700112686,611945.882558227,-49937.474213587695,58015.186170368186
4650.002946735217,751002.3868691673,-40317.1768816227,71220.10121563822
2428.204151680473,974724.6431106958,-7237.322820174362,1993.095602599293
9287.218953237885,649113.6584188157,-47640.37113555899,28586.905071554036
8230.195878217684,142105.59297509203,-27222.6505035831,52325.95160743749
8423.07027397175,554534.1479607081,26540.949274720217,5584.092130234985
8140.1779972649765,969930.5214725311,7108.638302384439,97086.98822156442
4720.911665800868,58068.76392686449,-36212.39760009803,81480.62958590631
1454.71521822361,32808.93812415656,-38486.583684531,90205.17651172332
2337.1054894378017,446060.0869819615,-12531.324109074434,88935.99092287286
6977.300145456125,216579.13745724922,28958.014718377948,33201.32288034945
9588.41933768139,644842.2309398403,2522.959453725889,78258.8271654485
7954.123069272264,313368.23889088095,22971.60039308353,61910.71956364071
540.933508940461,595645.2751719236,-37185.60408589805,19660.01768947291
2513.382814074846,976204.114328134,-32461.16319436997,10458.010721662558
4309.5200512996,579403.0734364224,-39777.85895621598,28265.73661412577
9647.198226879724,975132.5578268314,-9827.501399999739,49749.8693472684
3356.9542455661617,935917.8902460643,-45394.13411533071,21656.157754232663
3275.1866321993684,81792.61727736713,49806.6298658499,22751.119336165415
4581.723754327499,986834.8668455865,-11213.061339042753,44695.41105497291
9428.768612986772,654403.3621423239,-43849.117388952276,23809.940413216158
9483.59593292861,136879.2933147391,-42313.919471922556,21418.421684822286
4095.2640280189103,240115.07290058438,-37853.318716815105,94297.76120004176
2196.006070707542,452810.0612480628,25758.167265869706,18740.27823625356
1760.8384018990441,96678.23577416285,36165.78356082355,31829.480354191175
6674.331156218081,464542.31003503123,11864.751048341815,31753.706820789408
7191.366907737078,880383.043619272,45591.93913800284,35329.63224081317
6829.106942888089,557892.2980180774,-14275.032308057736,25380.328055311173
5490.274408134997,112222.9252896587,8426.198096320804,33210.121420876305
5893.256559627514,393397.781710149,45085.42661147288,92141.29235266938
7972.415272763737,399235.11832119507,-5443.462939502322,66925.1640235572
3812.3891133866505,390666.927047743,-32250.269740872638,10812.919104493423
3893.0574731287693,392971.20121552993,-16667.57746797741,27169.03868015891
3947.232579370983,942708.9701469428,-42391.77003846449,15732.976147439647
571.0293828985468,492051.0747737707,9084.926697666648,64982.29924328244
2877.261884604807,129699.61503056211,28808.652264312026,11523.218395252765
6945.095796049863,660753.1262187776,-48766.981167244805,25032.042282858747
9594.587598137015,746634.3784923545,-2791.7756943266504,92993.80638166032
8102.623453849389,320594.05825547164,-49383.333777566884,73331.89424875112
2877.1647179709394,464323.0813118876,-26752.087787946068,54995.249673507526
819.5992401642038,716851.2409344082,-41302.61961319654,16667.297135432225
8130.384807343282,928178.4550342662,-24610.59821765654,1983.4608814232934
2651.0630497540956,606980.8713256583,-48733.2029153685,35991.75381315536
7486.115515288166,304252.0270204623,8255.467491172822,92063.59279457276
9611.01841453266,862885.0106137486,-36696.04357112525,81059.6543294337
9448.249020477813,666970.5669498976,-25385.701271832273,75278.24362172947
9980.883712013838,503980.5572720627,26621.879784370045,98561.27803507965
6873.820080514609,128026.00192612316,15348.488163184404,10905.684238770775
4285.544582239302,243023.37926040497,16944.07923355735,91025.63381681129
4578.759770520239,610872.0614625366,-3450.770452237637,73533.70509081655
3976.073134118191,471640.81723707827,42051.62980818462,28756.739996200977
357.34432659791815,680280.6690225151,-12123.594744106944,82674.74782498597
3858.173002852634,457525.3655397427,27641.41717607295,62068.99053075331
5704.403613391518,901411.4071050256,1325.1578129968548,15687.893224960048
5805.415317839948,870242.9400687718,-17463.80678393914,6087.194920784711
5029.34989791629,447846.9338202796,-15460.413771869811,88773.3697782668
3796.32784647462,237608.8245885623,49887.06483619413,95376.95857445936
4651.09092734434,183047.58302609663,-12185.81850511724,15805.21330706357
2814.397083328688,679584.3760099086,-23990.961217475382,30671.005190756885
5362.890153587955,244678.36914328797,48923.63835069649,79767.66376223667
6650.050989057516,291647.4268359527,-46509.75444158896,64957.06991476549
4856.234004544575,986261.3877689461,-35078.352025688655,76560.94823804485
2143.6779016786054,754589.9545399394,20215.480847903964,1192.9923922239682
8792.771652549742,695606.7236824178,45049.33478810155,15942.095166713232
9908.751783262052,192695.61288354622,20944.654035495274,98914.62879195198
1813.3885955121298,414475.11291776074,-36106.101913417806,89366.35647957247
4074.120293255763,347250.7752612778,-36913.175315875866,12002.217138497906
2273.4754034576486,948925.4631958916,-41061.832893608895,39494.90877118179
6084.520412560194,537341.7361906755,23310.396447151623,4870.803847772942
6993.457192787675,924800.1508196229,41641.620573271226,91134.43185971447
98.38578367377005,124891.55309774641,-13369.864879906665,19350.3814542203
4813.641977228753,87801.58530795178,16193.52644223631,28374.191821619042
22.003710995371904,85889.43007227706,24611.595954041157,89521.3416969975
242.45532042394436,532612.8065398482,25078.84748881853,27686.272342376116
719.0905314592267,414765.8701875197,44333.63513220211,26770.86340634027
987.1192156257769,750515.4815572356,-34402.50827339904,81754.55389421605
8434.842032989893,133866.85583579977,-35250.420644385114,22335.90566775352
5655.840456772584,169958.29214604772,46477.57193538459,73798.08234744328
7973.52487423785,64979.706850580194,2087.7217339490526,39598.35790491416
420.5712692855756,749528.8978058313,-21276.726608239103,87154.44366256776
6668.670823983993,924864.3796747917,-29068.270896681293,93398.04790631204
5929.402323967832,267782.6623691401,19837.979930336223,59888.78552483127
7684.935079807769,331742.9230600859,32621.61928126069,38629.16614203612
8257.652317952843,619381.058723138,15563.250721856399,19194.076491297117
7690.6833901336895,394700.1453046294,47615.92392818956,15385.791749512757
186.71730082187366,771993.1370370192,8274.316522929767,55348.27703970348
6440.367674629016,562949.106607079,13455.639646125004,22922.092690706697
1599.7401300416348,143412.94904295754,6172.658726332105,19993.995952913603
8305.75598465448,636913.8563078566,-5029.365606990003,19692.857892443193
283.16420241703224,183346.291869482,32416.37796455309,58506.296742408456
8295.075679176927,868083.2841502769,-21630.915723732767,71739.97783078738
6923.234006378868,29319.642070287795,-1671.1119715804307,11214.26107226754
7599.136030374789,39588.64406245807,5850.624940247362,96690.49486329449
586.5028420051121,971164.5630301215,-30173.370812531975,43241.92843854186
6203.488761816266,504458.0135623429,-27616.231975699302,75631.84945582184
3473.4142024033845,403530.7703582099,21206.400003836694,87734.25259307762
2605.692956958504,983501.1599828816,-8711.709997074176,30129.948823122453
6234.015151696485,290880.7368645848,-4567.070544281873,12233.706632681473
3176.744107446381,309777.33916124015,-39736.8464295186,86655.69530578218
7634.865734546994,534419.2480784066,15067.302618245449,42973.11242263475
6205.730535209513,271599.70953458163,-15499.38848755588,75685.56002452702
4866.209085456331,795410.709586382,12976.911636743316,6850.389605382501
8166.780906643822,851029.0698255126,38527.12996667929,37741.881602771864
3278.4609828620414,274337.85810215527,-23032.500208324836,75850.79464799858
2247.362869126612,999810.4645299296,-26588.262941718833,33638.467302798526
6837.084335832557,870354.2175459212,27477.96219457907,23682.305691175232
1676.9976457385806,699705.1390417186,982.4136948824307,81197.16072021521
3084.9089130051557,770484.280615745,-27521.48661736682,29389.757180951015
2895.4520340520394,299171.90703844157,11691.194345808442,65700.96157772405
8900.96113101409,63023.8374470954,8712.841392717528,87713.36887005503
6099.470335178776,223349.99577303202,7768.5506335502505,96349.34760674539
5844.864137548804,34593.98644636787,-36575.10043919341,10957.272425022767
3207.1087765239236,479297.3953877854,-41692.27667424197,5981.436957047926
6375.871739690524,595301.9279408195,-4289.082370401811,32133.689911716636
5778.735177956686,603437.2524976524,7919.585241983332,16332.574812766054
4735.5991693819415,521461.3674785031,1637.3065070129596,44148.35472941925
7933.755754292032,943165.728128897,-4401.273259595808,16089.998301172747
8783.51282106797,550326.0018006369,-7734.965466820118,34792.8300111907
1802.1323253348498,529574.3786715206,-34558.69169919955,24013.21329147933
1574.2397926939389,786289.0092403968,38721.14438313547,2309.3262365289634
5549.752347921315,763240.019932672,-24144.633346393362,34384.66489939852
3965.763164895266,783001.8204282051,3457.998148606908,61293.664878385614
6516.712731528986,860035.534535738,38904.16889019999,67056.39266421307
2047.5622849430963,130865.02534337886,1840.898119423182,73701.99653609887
4507.583204651636,648914.4586256604,46423.257045825565,69358.2157062411
5677.761531588326,564344.9627502678,-36795.30460515975,64726.89578938001
2772.707287783902,98622.52336398362,-35448.21272392965,42133.15596777597
6918.352415303929,68568.5925038278,-14479.962429385349,8308.47922287633
6719.608353845317,875289.4763793031,3318.811333695223,87165.65304103048
9657.54720015584,89650.35009571095,2809.8296341507084,92046.15470034341
2893.5586083713715,777853.9132609088,-7074.896278321605,98268.24068820207
4208.3295723544925,158203.53281483336,9456.585390587636,96276.61928068567
3266.376905679241,563274.8166413108,23361.187444685376,43292.294436543474
3172.2646395366437,540489.8803856567,10541.280059996592,47083.763773787934
2372.5156920274417,778482.2043848404,29002.14608860045,9328.47490501364
7357.629688010249,456660.03818795725,-7645.711763703199,28006.05736997137
7331.501576366714,761020.8253797886,24819.881855856627,8362.491891612777
3040.929099599083,230538.31036640194,32219.10352973733,60207.09939826107
3295.789894207225,455339.1949277387,25853.425912650724,65651.81611315058
4360.8543337792635,300404.6464886217,-8230.588582433229,85874.90792200805
9363.097243658727,56677.84251343685,6577.930128400469,38088.96586172541
7133.754984447545,65227.1303302886,-37179.85766566194,14615.600189556655
2492.2743708255457,579509.3925194615,-18187.037790251103,34816.99323448952
2879.679060298762,765798.0531756991,-40026.82438080785,17607.081587157725
9461.781371956251,852483.7738450828,15810.74150511212,37362.78006464272
4348.047678588385,185226.61386373115,-20901.743468483015,79278.37501501864
9409.826620954425,406831.74121438863,-8835.078164143786,41553.79577737768
6332.026866111744,518241.42288807523,-34170.19485203593,41280.203608400465
1995.2366795625953,330179.6901655986,-5819.439134726432,68483.92059319679
8060.6563672636785,43756.035320829964,-36779.79904109736,98512.45797959514
8718.111669785792,282729.1164427312,-1654.1049725685516,16793.969165988452
5957.802250829466,240150.50732913765,32690.20335084245,31974.183999492834
7439.337314674525,897753.5776548741,-47453.45313892394,53532.523293689
8056.9907566792135,447722.0039115905,-32582.89405099185,88201.68429661113
2638.009244620706,453366.39840068325,5662.786005839145,65862.74231653092
3861.1896524759127,447758.02944803,42301.25594933209,40060.40301990932
6445.836379443782,427512.33450024575,24190.480391685036,20880.70843169738
5936.599086423513,212684.775674935,-30348.41068682943,88656.17735750438
7997.5832302515355,493136.19658015494,-15473.661237722255,5810.992675719329
2029.5121711949237,46744.22439414199,-45269.242925343846,91131.51269162471
1136.6160687076776,995481.6705586357,46558.101179773425,45845.04425197642
8995.310190792728,661652.9157165263,-29699.489229673814,24112.479038021906
3014.613031208081,818473.1673404875,40200.27790665999,21888.010723541996
2328.654081092857,36695.44232443566,-5692.039761098735,17571.877454537367
8624.501540975889,352134.3700612488,21516.062764768474,35479.64613797196
7583.935660213657,817705.9675376624,-20146.684078500475,18874.289713263704
8805.6878094431,897996.0410323001,-19933.919773335117,93154.9093888708
2475.047055710976,114390.82036517747,-48420.24203257561,71768.63235384946
1760.6356159469806,914446.5303776708,4124.520068915248,7509.883803802997
943.5376907003567,440445.20977249707,47626.04055052179,20093.850019070534
621.8635229514468,528978.0523225248,35403.37323167089,37238.65081076334
2984.2154132618025,425917.2646798531,-48717.52257346539,70963.36695504314
2108.417055269519,509281.88636290334,-30074.676540875178,13406.727066090629
6517.256437362457,616272.6244602642,-18509.08509872403,77193.92785191092
3810.882392793792,750145.4013406099,-13314.046023952164,24226.704601560832
95.88775770420388,137612.39946952258,36329.31812348192,23744.43722162656
144.001308960654,638104.4466359735,10745.875183961383,55601.71305929904
7738.701416819317,432497.9527258293,8621.61338000992,27930.447115112056
9505.953382914593,960803.796756875,42393.431887097715,9702.318985330216
9675.668086617272,175835.57782601184,17813.389210443464,88179.89566989506
7683.363056929923,413019.098616375,9018.565484323917,48842.52669894973
5296.905393898122,25273.874376413813,27254.107214408505,41095.73213440282
5041.098386620124,576293.2049196905,21338.500813051127,36920.43088868259
7093.271655785222,825567.3560242363,41026.40227186179,11591.05395681066
7535.921961218607,174140.3210481534,40615.86362868629,75689.23090055387
6877.84023107527,691359.2749066491,-536.8374622661358,65862.37742852342
4093.0570416649516,809770.666321671,-11490.160453939221,58124.18443658752
8077.321800697193,557836.6207794973,17492.956265200177,1966.6682152450821
5384.730511367527,578289.2157571347,-43798.968164600694,86151.10259583741
382.4956692365178,593710.7094354931,34954.45335065338,37767.75401077269
1549.7571029868673,210321.28891841674,-5569.377806258861,25002.09436102815
5546.710024641947,495976.23835646186,-26979.52205495017,81017.74788164435
8893.224633465552,589018.3986424519,-8905.549093816298,91464.08870236187
5621.519922168817,270901.99786088907,15872.296066278039,91339.11720376418
8105.345828236063,127397.2795699937,-31967.32658301741,98285.82526523278
7418.517788775536,310706.59029332484,-38235.23214830078,68872.98727105693
9038.536839361384,737965.2537106281,-46344.419332385936,2008.9096136893024
9486.424543475418,800371.8125023562,12623.015324165834,29359.364396165067
9581.784983801788,991585.2107475129,13046.235006427552,26488.58003796033
392.50216483030954,734047.3827243068,-3688.8220588026015,50414.83107539625
8671.371096474775,387533.133962787,42180.54106449049,59369.772212130054
9597.34902106008,985499.5721989783,40713.94032823219,98773.40623357262
5977.005671540372,681701.3399655861,-42094.63906605592,43784.148826845994
4712.142742762059,442057.45914243825,43771.41117115681,73256.15068813782
3302.4417278871333,264900.7500867627,40315.32210073649,12533.702089828324
1427.390538104234,916509.3288953237,8608.007121651499,23235.160929283484
5239.6296072213445,368215.0184485028,9168.932683458108,37026.54481005884
4902.251804992047,536402.8283481294,37895.94974781784,27357.56488306359
9115.473138961896,957359.8126682353,40984.61741241712,88230.52403544987
3903.494206671322,635201.7854451082,6594.007776942803,42295.17393012947
6770.250070663321,683000.400775627,-41542.68055193972,31910.290096206816
1483.1460536104123,454752.75425057666,-42797.891690915,56285.3623787442
3206.762680174623,798980.555540869,48836.2822179349,5413.437887349392
8483.907573734396,273514.5979655485,-13327.550006604819,7228.869642902758
9649.275731309286,465416.01011030836,-7095.3637452701805,48271.32567545674
8661.382349232503,500004.0462518165,19117.714278708852,50110.07322741672
1051.3076147283118,498605.54186174955,11201.413410229667,83880.2471226885
6712.195599830897,195910.54655297415,-16542.951291484,83505.42404549939
591.3378707819494,534712.7212331179,-40873.363475479855,74528.52232506967
2997.054704793365,698333.3530710655,40140.39676516221,69945.63910936819
6195.490752030078,299171.6287854479,27570.0614767371,97035.18728338173
1247.8211022336038,655594.0343585458,26091.837057515426,9897.257437723129
6626.259586808823,238769.56995232045,30704.24875396119,11265.852819054267
8047.653502855832,396077.7009611206,12012.52647351996,54129.23841217907
7176.333166185289,938359.8935943474,-12417.439908997316,18791.405647876956
5373.283584586183,474555.6594691622,-8816.092143302027,64230.15999773661
7506.587649069308,989157.9949218116,29182.707398788145,33955.154661422785
9988.488799077373,65443.1521901497,43911.76267191704,56041.71021547245
6667.305580353083,80573.83525270032,-12463.512467945693,14614.039249647858
5977.82427611297,137444.8230857139,46751.77890523846,85774.03449794059
2841.6858893766894,612533.8912331518,48586.32638877096,24819.54518286822
9209.674955120883,909041.4596621966,20657.22732915223,63568.61815936201
7850.705047979981,390245.6834483282,-24590.75571468575,26703.939671172295
5017.692388513982,969270.6295535968,37189.38136028443,4274.276296848889
8958.3936279679,568358.1256213409,33448.89813730873,23837.445042437554
2889.677718596505,793254.9878344565,26931.310148727876,50201.93408003142
3016.5917900109994,336470.7202015673,-25603.72858803356,3322.0081055516994
4452.972814062572,886930.7350717431,-40754.32955967303,25623.761549694635
488.2429519191889,62944.80503213955,-39640.28865973327,48887.23174088444
3545.4239735518845,720429.7319952318,-12482.902206196733,7782.345137735148
9388.290881944036,558969.8549932387,34964.86870858591,22254.162292455338
9660.97787260895,934568.444444498,-20980.12887717321,24175.472695032273
1681.2417747276331,89838.02140626762,-26974.799769956804,35032.51196983072
8558.97498107476,769896.384791588,-26448.58238269342,10882.19412297583
7174.454096861752,805380.2416661393,-34576.33444384759,58416.9345833311
6326.200946821174,552757.8733371194,39972.335739296,91695.75153158048
2446.217834181107,246516.4958565293,20846.211128762254,42948.0388737686
5680.75990625818,697819.559530242,24793.521974237825,62829.034314406315
4847.686449295104,669874.1050361414,-8992.30099009326,45603.67654896713
5806.83178214623,691517.3001615694,11951.04252509962,92958.15976873823
4117.724895115403,577426.421602194,-48989.10550376766,86486.22579612993
9509.374623417405,785875.2651720829,37909.38554901435,73369.81453467594
6649.733342099215,703105.5946736784,-8520.879263266499,82371.40365701684
3977.836804252417,557150.539656516,31233.695635899785,77977.9865388516
9949.51272168045,113342.39613709797,4103.235138656382,29384.31089866057
3947.9402116229944,488756.260640304,-29228.365675689725,17975.69216904672
7323.231520091237,463485.848394838,-32756.469435104085,32068.2688436164
8550.597971947973,242916.50609762728,-18414.52047013503,887.3604029213666
5334.558211412398,437056.5375518633,-36772.80698905376,1112.1301857907717
5637.026430462333,270505.80685354467,12775.099485867882,28787.459990676332
9070.021669781814,859786.0537165636,-16018.062608818851,67001.6403921788
9869.118584731972,913526.915027177,-33667.5851834782,95451.01129829344
2751.660149803177,65395.80691494119,6646.467278627832,81860.5145802206
3364.135929198653,259679.29807264532,-28832.013422474578,67201.61733994838
5736.024676856932,495068.8212434315,45798.337759700866,6746.8250975578185
182.78777483305976,93472.10159825557,21450.34760974624,57222.62505886133
6438.595573710769,717567.0621104959,13939.903755904961,6670.335636636471
8449.75194604236,133334.20335358524,23398.687473610174,28097.043189540473
9222.678486672097,221947.58522481154,46882.92924868285,596.4136187817882
6395.709718706298,189174.90442260134,19669.56418925521,82341.85234759987
1791.8388611972823,479830.84344807954,-24327.490787963336,38702.13805373991
1109.9474858779201,719848.0187422734,-14521.802829264729,25702.31356353956
3124.93966557817,719174.0239808433,-48309.064431546525,4150.23535437049
1292.5952583081303,354972.75365186506,15595.036186005425,12971.926552888013
4492.844218347077,816502.7154914929,-43417.90435717182,61646.4372156846
7795.559031184332,950564.4127504188,46358.17339696176,11103.63127310805
8595.845863282759,439553.8141646942,-46362.92608200816,45.9548777315133
8241.21451653916,612927.882975047,-18157.72531518458,39377.91225530513
4360.8891043733465,477283.1216123662,-37718.452198287334,41274.606512057864
4507.920092283421,450267.455588944,18324.607000828924,71393.39106550028
7437.641336915538,299190.36108421884,-37694.37190778983,12830.292796300791
4371.41400862763,96465.54140543487,-13811.171738060388,8645.576069261495
8932.481351727985,310915.14523823746,-40523.267383124505,6130.414786109384
1091.1588437469034,416483.9832699268,-46592.86931259872,60459.35559951373
7419.464717233628,898056.7022253819,-30823.83168184566,67970.85687832409
7230.694002622642,687840.5334276468,-40258.6085700181,90040.88209463775
1767.3284165928048,855170.5501751446,-299.9979343529485,97362.1759132661
1501.0591764099436,337614.103878636,-24196.062955932062,11414.472794755171
4821.599985542519,601895.5036601871,41864.8723715823,45008.61250454396
9916.351567920972,859431.6567122095,6118.549567180686,47010.12315430365
480.8689832695168,53163.742227851304,-3440.64865401695,37695.53509684913
5050.480918160284,839889.8095078196,-19677.657636060776,80667.30996780585
9206.289245722215,855447.3172751972,-3118.508067653638,74850.9753084566
9684.181637729464,788864.5266027915,1649.1357441494183,65820.65279978777
9503.36744400914,405994.1413228292,6503.1839162584,69546.85686326424
3631.3467485893416,413161.71575895,46834.9493281827,73633.10699045994
5415.108110922474,597006.6826312141,901.932141082616,31205.526750196732
5033.745547700335,617962.2543615605,36586.227015220924,90842.26949410397
2565.5702857053275,571716.3435006326,-36899.29498994144,12277.267655787717
9913.188133407259,225513.95071513392,20751.456976072644,2085.4656063715393
7792.903928444561,844306.6794843447,-49443.54148668948,66154.34889876029
6270.198184548525,185524.40996522785,47336.75707759558,16469.207523193174
9910.925203015513,320638.73722044216,14837.953311722937,88587.30161794172
1518.2564626038074,856707.0838621531,9506.090395604617,23148.662240123307
1638.2955762107997,341731.38335077645,-19266.469534115204,39868.99704901629
4542.679481598122,723934.1745313911,-10293.25395664855,85682.76369324469
5234.3639064853205,716950.0117559681,16429.4268342149,70052.18309407182
6173.193655408075,260449.33590941058,45060.64640938489,9930.576103077992
6880.737885559986,398856.5234795963,-48600.73332879411,94466.09005694029
4359.268100589475,189593.3392014252,3162.1838321612668,45254.54118744562
7347.645123903376,996673.8716501765,23645.375269950193,91797.72722067522
2837.269012075291,305495.755543318,-37576.83207821821,3796.246752116006
8984.145549468043,790318.219106973,-37067.48532795916,22003.51764801155
4578.497970299297,357185.8003195673,16105.502364665197,7590.318777796934
1571.2614456710128,471951.87691158196,41654.679093371466,86316.86680411821
3807.175383460828,825575.618668037,44182.25363286142,98282.07227712998
2077.081955117744,927010.0057372103,49975.568715380185,76617.29673627012
2877.4355213053373,687768.8572591391,42167.695416085786,69214.55656786729
5852.9099396810625,71654.46006308834,-23116.622744912474,86426.80921003316
2798.3889052123213,288147.8968006267,-18943.01699745977,4650.602668734638
9309.509737067867,908607.7060549575,3800.5022777179547,80799.02385491194
8696.322459773037,40692.80210102828,17516.063033285696,35895.51069933614
6612.521841839949,88319.90829787824,42388.814410313586,47366.8135786406
4003.092222074097,631984.9041441322,-1537.5383196393668,49085.98573566257
5436.1031255275675,987422.6200705651,-26808.882483070705,75813.96914696349
9659.7783433171,839348.6332283455,29177.563378932435,4410.981609242382
9313.85840028466,501421.6685192292,-33250.596043678524,38036.59358140222
7124.6585946007135,103584.04302135449,-908.9939726584198,51530.02012330427
6626.124101392743,913582.9103719117,-6159.457801874247,66259.79626981664
6474.567205768922,500743.87093254505,-15622.179568455766,50954.686152183436
8762.666987335926,446963.63209051744,-43529.968534183514,51375.34646406344
3388.699644994413,62407.640367733984,-28491.059347128456,36158.84598077288
2499.8601973760146,631542.8539120955,-3735.575825401371,8765.90001798514
1303.925772158273,998906.3947137549,-29104.28472921488,76183.26327321985
4131.400235902416,263403.6402471827,-38096.929050907915,83881.40614091097
7530.674879421363,764950.911791191,14769.024612863504,23500.24272911324
5391.624764794177,857920.4641412549,42229.77483285623,94833.3683696053
4618.454530507954,792116.5870365044,-41566.35188019776,56903.87821375644
3710.497827806941,723904.9838220179,-3314.970408817855,34272.519595187434
760.0647004401961,337638.1773255975,29038.505524113643,54191.58086931293
1839.3200785421716,110663.06729308171,39699.41754332959,77815.5860930162
5523.5720329704345,963967.4987796589,-8996.613046955237,54402.48410998675
4386.231306563667,924916.2696638003,-39311.1753106993,71286.75031095344
9701.104599862883,368547.05871982715,22242.799359689787,94378.36748041253
1300.5633547593675,439541.13219035807,-13707.920885292187,94039.43297476156
563.5302656381081,588253.1313009597,20327.561529150902,29412.69404524298
845.1099029496056,221079.0623221768,16491.666713537386,20624.0139518034
6310.082543704703,967960.826198469,-17275.22270110213,72753.4383068373
7095.37337150818,787970.1710302916,-8741.90331524545,28067.14148906476
6001.993843741993,427684.87162401265,30256.781242219426,13725.267281541875
9504.850428108404,776464.0238541344,-30641.40308041775,21028.22169951909
3769.1999217523075,487748.872789501,-32080.28150858667,99236.75843698927
4575.422535342401,36160.703848079596,25970.740792664044,72098.7475986094
8579.180126512436,756436.1026524326,2202.3685958271453,88438.23872759062
2171.908775494851,442134.88730927516,741.6161835449457,99510.06180004157
3356.9919639306036,389575.41113931546,-40954.165886796225,15295.874041409063
1519.8489548414095,415596.4838010644,-47066.81183943088,29515.195036328278
9745.56449853276,656514.7620625072,-28415.276053988826,18847.668546453235
4425.574149247177,950040.6946864681,5294.4654085711445,15710.406650774356
7295.314403496749,71936.13726018762,31810.461806964857,25906.951840572547
5757.632171894778,24840.727718567483,-16698.905734688808,12562.041659194889
8372.14463360397,257964.2952700844,25297.32374839083,95979.00966770289
3728.6257954697476,553236.2044414814,-18596.98198482098,25404.337233579066
2572.8899050561695,766023.1605745109,-6868.135803098041,63156.4770828377
5016.530986115301,416670.5344566244,12920.806678665773,84173.80438186211
6937.270521148845,532892.4548540134,-9813.678237951986,34759.10587004757
2264.552459943556,22430.21299067867,25231.301651651054,13145.79606933466
745.4182062083048,370417.95930402464,33876.650104309476,31483.558623535966
3998.5841919443565,346539.35232781165,-13116.806901008924,93938.92108346446
6190.0348162315895,153328.4648475346,-37454.20283140786,78828.81372890623
9501.333603689025,928862.2940190401,-21716.857581041128,44052.869439118214
8712.248408200161,294612.5145369821,47612.83411016656,84562.8612217753
3682.1735578973326,672367.7511610785,42593.10270075142,58205.34960415159
3290.226865954321,682908.1191050501,28628.613098564354,61996.250664109764
9481.784537049523,623507.3933716976,-21520.566154605036,84733.68769613626
5469.613937128302,301358.4988465882,-34621.49459251481,83828.1717604777
7850.649122454905,315662.0389927392,-18645.54739372325,34326.77477408852
8424.848400573612,992387.1131086015,26172.914622445576,76330.6623822043
7840.461970522693,82608.71032155328,-35248.961193449744,43352.95037392947
9840.429654148658,457844.8042218932,-43533.86499932491,88636.57629285137
1847.5170301176224,433961.3148157129,18470.926813771206,39049.45700253546
4901.192453959025,988982.5434999355,-3055.7703015766965,96896.93132004034
3547.134378182135,609538.6972768928,-14852.698706162526,78839.09024695342
4180.652083269608,885702.7740746455,45222.501135357394,28073.27399232943
8558.190578176012,634612.3805630596,-38137.68038093267,61039.6859191623
7716.484395806566,449542.3051801041,-19706.7755140767,13130.683621338623
376.813075870146,662988.0538023252,-41539.80142105914,29232.03685545883
9062.201639141253,779840.095827636,-6135.758845733733,4397.013849872211
6618.302909574314,459872.9431183866,-30803.517447067406,17551.887496371422
5604.086044182483,307542.9481974112,-2270.9503050287312,16854.05052558695
3106.346621864701,161483.0581267863,39364.110677392324,9171.632393792861
3932.4469293466914,126102.36837272496,1309.0245638315973,78126.14741311054
5848.582022420071,753342.8654013431,33536.9187923539,5237.328773274686
1556.260250694277,23915.388393480956,-21491.648267867815,96932.02679979752
3437.577571445204,994230.8053460405,37071.2093464482,26526.656003696546
8750.2535898869,687762.9942381885,-31977.63704233767,84765.31917401373
4916.289809773134,497723.60525801894,47505.982577490475,95093.45966940149
6823.50154622429,351698.81498118874,-23760.14001888168,90569.48507271144
647.0616598628176,308292.71009655716,37502.48971406664,68164.47360893336
1598.5920659237352,870841.2869418508,-23119.969280101737,33172.77001816625
6223.221627941198,393905.6888232964,-4036.2858183242715,21553.88220238328
3390.425620162766,224522.8169591616,26504.65080090401,41248.775290934784
1962.3496372327886,582086.0619552636,-21025.593458975778,4861.319996771574
7273.711862867525,638248.4065468456,40046.11811511387,35568.28428303377
3020.2695970314917,931384.3716881027,27202.302238829318,15718.94189420795
9928.22411514545,998917.5020142123,-4508.001910678126,13307.99348856675
7664.831680842964,715213.8161043979,31401.15013390103,65353.20048033335
1850.8756367924418,302761.7440533717,-38133.2988814448,19181.733486560403
3748.548218148371,340003.480569997,-47343.83774759131,32726.936150637954
6223.679745406748,900451.9072760306,-30349.132218388775,13159.838658991774
5919.143565314621,964622.3491034103,29012.53732201786,29527.420337449363
8226.656029906151,548827.2508181809,-32220.838485677705,69542.27111533593
8607.082083719333,753027.1799321747,25127.64544200305,23265.965690823876
1084.7455385445637,743700.2565284297,36357.03020688634,67151.12254888643
2329.136304249173,657087.4061165508,6587.53612477734,90754.73979084457
7637.796666684018,253189.8955410236,49237.09393156212,55408.138984255536
3347.0569475482093,531540.1381528755,45528.37122204731,99226.39400938504
8722.68574200518,836036.6553042291,5595.794027815173,6062.8750049707805
9220.408145773634,928028.3345165397,-10796.590046694473,37362.146334016645
2156.6335108717794,434352.34373845,-25349.130890928307,85337.10379412374
5292.631397880656,680175.5748337946,48136.18703794629,43493.93498752443
8610.779511875311,335257.77846807195,22660.381880075904,6251.109693555123
9649.398102420993,236650.08545292364,-14499.513438199298,3246.263029258367
3163.080085129554,120861.64795946488,16343.807939769438,45897.509731099286
6588.314423394234,364171.5908337942,14367.750344202854,13883.376848816753
3819.5871604638887,531033.5137793266,21865.914183978733,37428.182392598996
1139.0431760138663,787413.7354467231,34462.553983763384,37627.37862172114
793.1752867184927,308424.13128226023,43523.978961022236,71519.97765536139
9672.901198015004,637755.540076136,-34933.25907981154,91212.91936286983
2828.777994098105,780186.1382590272,-28720.98173541168,67084.79773563672
4140.997712929506,867834.8051560399,-44287.114311718404,43944.09425411292
9364.192681642984,815848.4275841835,31271.63195681476,95989.69946999145
9979.975205693529,213856.58185904747,-18692.318083127535,21519.139943078426
9815.522795871764,325797.12926786346,-41536.921573433996,71552.62044914391
224.41481524035245,52609.96673971495,-46674.12217996354,37888.6068985983
3776.312990881946,329816.48144257563,35542.24457496153,35579.37609884385
864.970372146735,425146.2895429481,3715.409122587509,2412.5789527158604
8419.445961456933,610142.5229913456,-32760.913994461338,3707.5320615384435
4991.290627293998,124071.66521705018,23154.324600059655,74582.61087944923
1890.8588001337223,128482.95306218839,-15814.796433954747,53822.78640741892
5758.796705338574,266407.4251378709,-39699.846569898145,63573.96731616317
3984.1430249259693,731456.1266830914,-4537.85621476754,67313.49955620305
718.3711252035407,238971.02620361466,13672.31773114005,94893.82717220129
7885.0924616500815,213902.45140523234,33978.10052751396,57928.96247982221
2548.0286251355424,628230.9455051987,-27191.756789478473,91391.05396696654
9275.257986648441,254521.00085566423,-36186.42811875069,48007.07161474876
3725.6217817773386,551588.7214525284,-9666.244348223896,40893.158244140956
1583.5751765025263,103285.05552289872,43676.66822996896,76836.99732884197
5181.6548645500425,572040.8531905623,-8411.562230107018,47736.08454172891
8675.12513712877,65088.95586405128,-34391.354361133504,50922.50170546132
1471.2582442430466,83174.17918438237,-46553.496383132544,90452.45875036965
8766.090610042209,849080.0437710994,13080.319527682448,70911.4932347836
7504.392401263129,836447.4687118458,8973.892633564348,32883.88140094601
5853.972769081341,778128.3330398322,7619.963309685205,94957.49429164
4373.341526538776,107712.69381008574,-40437.85127420881,60982.9481624761
7452.128197676057,937887.4439272664,38113.3328117707,23278.60079417112
4316.560470618952,364928.67890659475,1179.7365417378096,42570.564464863826
9917.689001260502,169899.63958346855,-8083.56617862673,13679.577885119454
7357.934810444982,804020.8074266566,-3618.5912425505376,32314.23478243688
5161.931281859706,278198.0686509898,31921.65345864177,62802.72392917955
4660.520248026334,64839.34387804977,48716.274312315916,69192.89423790597
5032.150086574529,903859.6870543539,-11282.104183626994,12873.105690032216
6133.821483028022,484169.80975301197,-38824.8551066015,38713.96976819666
2154.1073235924423,26961.459464544387,-38014.67755041076,68703.81411681812
2333.673718762368,567748.7238099958,-14682.165802506199,97148.23329638089
8524.112322070581,620393.4960001574,-49734.65066687738,34726.86372024485
3193.7886572263506,828237.2323790794,-7278.989633444347,80048.12595552145
5639.799815885108,704981.8925862524,-46753.4864649199,6815.317167799506
8628.028217183148,361106.32723672065,25387.214285555237,42315.13592522337
2458.665102099089,160374.528946272,15706.823226591048,78662.33630935705
8542.469693574192,975386.6074862865,6755.71640903275,2081.896260718874
9973.423016788076,71142.83359984057,7253.233332975149,47482.71965597259
2296.3208983945815,661235.4871190294,19955.768926065924,85674.57111917695
3693.2472753259526,32552.996190452497,-43001.13433786075,28802.570153677552
150.75235407946974,561275.3523096145,-15057.062894220238,95921.2317807925
7819.959427473455,65459.14731073525,-12681.396850646219,15102.743427092868
1744.7064951445423,857655.3729785066,-8840.886428219499,51071.75734173364
7408.224942947366,314772.28551362816,15823.659917882076,38081.66445532476
9136.74670229729,431790.62600827054,-32643.178883457935,66594.98457330206
7298.820238888991,770957.6104069728,19695.79479257432,19303.154659317668
4452.009030488625,698730.9790911792,-4771.533336285516,77118.6306485142
9114.034348891799,559013.537711595,-18478.244190203997,18994.904301787497
4673.318188522822,543113.5459281314,-1518.859186488211,20777.69609412231
104.26673532685781,504385.6027980494,-39231.41314704206,17763.192690832708
8615.533388410176,888651.2712798067,-36002.40198799922,33236.93052887037
134.88367802722223,190268.24382091523,-39959.55569327924,90989.50226421721
3622.1809282145755,438111.2594477013,-23275.94128189443,23652.99031490753
5602.395858657025,565747.7512830734,-19742.472708007706,60674.63575094528
2023.4421813184201,625735.4850032266,-25074.58130974032,29841.928052624455
1569.0202443786793,869239.1926096295,-16102.261172589635,34495.97131125133
9894.554675420957,829057.419025257,-42551.46417621524,74917.61249845498
5904.687474533591,436670.883325101,10441.744809364936,66843.4790077281
3153.6924755008667,412067.479822362,-365.81512366598326,72666.74938328886
1725.55852450209,528869.2207151062,13161.995257129463,1600.1193526129941
8538.38422461141,896680.5128295048,-40481.66960408797,53926.07116365761
6918.113415079887,577596.991567324,11396.381420677892,81432.251009246
9499.536919384152,824458.3473852508,-19036.671694623485,11227.360967932676
2037.8716437174294,154698.4736812215,-22552.853903120285,33355.67658835824
9552.121166406321,615540.5839682881,25359.666969856553,83975.92719847195
371.81135279040876,573804.333217787,2245.63059962415,65342.94393144931
8121.587113934938,676736.9297573556,-11461.078469072017,31428.141152831533
6453.545048602641,279049.4112301242,8923.56439147488,33737.53703731895
6425.067922699876,755733.8199039453,-15461.513114561189,65733.68616247537
1820.3183647489484,960256.6716041983,8431.421962819688,66240.57327895344
3426.438107613784,943368.7519054145,2858.7608576510756,42308.11198564825
9300.891844207603,419040.22121136513,16344.564141987561,50235.63585142537
4404.284433704948,70925.44284788845,-29146.638430956406,29801.343697902692
9623.368881028719,395280.6964066821,-25002.27805008991,21217.366293646366
7171.856921608432,234402.76230460644,-22106.936779570864,6927.769364325742
6632.032552702978,968426.1530232682,-49911.50228550975,11089.443789456733
3488.057720437362,942710.7185951797,42943.99480265308,58423.51624887906
9902.25440957124,433071.4400292479,-4109.539815292919,41097.56640513714
5698.533689736174,931746.502302395,32200.810537443074,67396.55400100136
6042.535642679468,193269.21590225157,8216.507614561255,69163.08257551014
1145.9336520873364,451303.94506929273,-41584.61523968422,26335.236810060993
2472.7461551311003,745025.9602680268,9273.080772296358,26382.870859380757
9388.393252346941,996769.1566213764,18561.70949972933,14040.938614026643
9967.620840754218,541435.7090655619,33545.88568889782,2461.0916895685064
9765.310396737437,682555.7637508028,-48522.414537651304,10750.353864867035
2754.579116676271,959905.048324501,8857.722257407484,64838.48587926008
9349.471749081285,359232.84277801396,22123.75860158076,48713.15146466025
7454.926045048243,255922.1313250975,-48260.93714916365,21284.772829419162
3824.596163130266,541298.421609987,-35898.898825115124,20490.555119981513
4657.5005689703885,792823.1300998116,21252.01059782633,60719.82245392481
6327.354112663896,817552.0590999959,37066.47531091221,92240.5056910536
9413.834636785217,182009.03937974843,408.2256044891401,32029.212626761528
1792.9278807245885,921019.2537013857,-19312.086990291067,94255.02274165409
