26/03/02 03:30:42 INFO Configuration.deprecation: session.id is deprecated. Instead, use dfs.metrics.session-id
26/03/02 03:30:42 INFO jvm.JvmMetrics: Initializing JVM Metrics with processName=JobTracker, sessionId=
26/03/02 03:30:42 WARN mapreduce.JobResourceUploader: Hadoop command-line option parsing not performed. Implement the Tool interface and execute your application with ToolRunner to remedy this.
26/03/02 03:30:42 INFO input.FileInputFormat: Total input paths to process : 1
26/03/02 03:30:42 INFO mapreduce.JobSubmitter: number of splits:1
26/03/02 03:30:42 INFO mapreduce.JobSubmitter: Submitting tokens for job: job_local1424083334_0001
26/03/02 03:30:42 INFO mapred.LocalDistributedCacheManager: Creating symlink: /tmp/hadoop-ds503/mapred/local/1772422242227/centers_initial.csv <- /home/ds503/centers_initial.csv
26/03/02 03:30:42 INFO mapred.LocalDistributedCacheManager: Localized hdfs://localhost:9000/project2/task2/runs_report_plus/k3_r30_opt/centers_initial.csv as file:/tmp/hadoop-ds503/mapred/local/1772422242227/centers_initial.csv
26/03/02 03:30:42 INFO mapreduce.Job: The url to track the job: http://localhost:8080/
26/03/02 03:30:42 INFO mapreduce.Job: Running job: job_local1424083334_0001
26/03/02 03:30:42 INFO mapred.LocalJobRunner: OutputCommitter set in config null
26/03/02 03:30:42 INFO output.FileOutputCommitter: File Output Committer Algorithm version is 1
26/03/02 03:30:42 INFO mapred.LocalJobRunner: OutputCommitter is org.apache.hadoop.mapreduce.lib.output.FileOutputCommitter
26/03/02 03:30:42 INFO mapred.LocalJobRunner: Waiting for map tasks
26/03/02 03:30:42 INFO mapred.LocalJobRunner: Starting task: attempt_local1424083334_0001_m_000000_0
26/03/02 03:30:42 INFO output.FileOutputCommitter: File Output Committer Algorithm version is 1
26/03/02 03:30:42 INFO mapred.Task:  Using ResourceCalculatorProcessTree : [ ]
26/03/02 03:30:42 INFO mapred.MapTask: Processing split: hdfs://localhost:9000/project2/task2/input/points_4d.csv:0+733758
26/03/02 03:30:42 INFO mapred.MapTask: (EQUATOR) 0 kvi 26214396(104857584)
26/03/02 03:30:42 INFO mapred.MapTask: mapreduce.task.io.sort.mb: 100
26/03/02 03:30:42 INFO mapred.MapTask: soft limit at 83886080
26/03/02 03:30:42 INFO mapred.MapTask: bufstart = 0; bufvoid = 104857600
26/03/02 03:30:42 INFO mapred.MapTask: kvstart = 26214396; length = 6553600
26/03/02 03:30:42 INFO mapred.MapTask: Map output collector class = org.apache.hadoop.mapred.MapTask$MapOutputBuffer
26/03/02 03:30:42 INFO mapred.LocalJobRunner: 
26/03/02 03:30:42 INFO mapred.MapTask: Starting flush of map output
26/03/02 03:30:42 INFO mapred.MapTask: Spilling map output
26/03/02 03:30:42 INFO mapred.MapTask: bufstart = 0; bufend = 520000; bufvoid = 104857600
26/03/02 03:30:42 INFO mapred.MapTask: kvstart = 26214396(104857584); kvend = 26174400(104697600); length = 39997/6553600
26/03/02 03:30:42 INFO mapred.MapTask: Finished spill 0
26/03/02 03:30:42 INFO mapred.Task: Task:attempt_local1424083334_0001_m_000000_0 is done. And is in the process of committing
26/03/02 03:30:42 INFO mapred.LocalJobRunner: map
26/03/02 03:30:42 INFO mapred.Task: Task 'attempt_local1424083334_0001_m_000000_0' done.
26/03/02 03:30:42 INFO mapred.Task: Final Counters for attempt_local1424083334_0001_m_000000_0: Counters: 23
	File System Counters
		FILE: Number of bytes read=144554
		FILE: Number of bytes written=441781
		FILE: Number of read operations=0
		FILE: Number of large read operations=0
		FILE: Number of write operations=0
		HDFS: Number of bytes read=734439
		HDFS: Number of bytes written=227
		HDFS: Number of read operations=21
		HDFS: Number of large read operations=0
		HDFS: Number of write operations=6
	Map-Reduce Framework
		Map input records=10000
		Map output records=10000
		Map output bytes=520000
		Map output materialized bytes=180
		Input split bytes=121
		Combine input records=10000
		Combine output records=3
		Spilled Records=3
		Failed Shuffles=0
		Merged Map outputs=0
		GC time elapsed (ms)=8
		Total committed heap usage (bytes)=288358400
	File Input Format Counters 
		Bytes Read=733758
26/03/02 03:30:42 INFO mapred.LocalJobRunner: Finishing task: attempt_local1424083334_0001_m_000000_0
26/03/02 03:30:42 INFO mapred.LocalJobRunner: map task executor complete.
26/03/02 03:30:42 INFO mapred.LocalJobRunner: Waiting for reduce tasks
26/03/02 03:30:42 INFO mapred.LocalJobRunner: Starting task: attempt_local1424083334_0001_r_000000_0
26/03/02 03:30:42 INFO output.FileOutputCommitter: File Output Committer Algorithm version is 1
26/03/02 03:30:42 INFO mapred.Task:  Using ResourceCalculatorProcessTree : [ ]
26/03/02 03:30:42 INFO mapred.ReduceTask: Using ShuffleConsumerPlugin: org.apache.hadoop.mapreduce.task.reduce.Shuffle@5f33591d
26/03/02 03:30:42 INFO reduce.MergeManagerImpl: MergerManager: memoryLimit=334338464, maxSingleShuffleLimit=83584616, mergeThreshold=220663392, ioSortFactor=10, memToMemMergeOutputsThreshold=10
26/03/02 03:30:42 INFO reduce.EventFetcher: attempt_local1424083334_0001_r_000000_0 Thread started: EventFetcher for fetching Map Completion Events
26/03/02 03:30:42 INFO reduce.LocalFetcher: localfetcher#1 about to shuffle output of map attempt_local1424083334_0001_m_000000_0 decomp: 56 len: 60 to MEMORY
26/03/02 03:30:42 INFO reduce.InMemoryMapOutput: Read 56 bytes from map-output for attempt_local1424083334_0001_m_000000_0
26/03/02 03:30:42 INFO reduce.MergeManagerImpl: closeInMemoryFile -> map-output of size: 56, inMemoryMapOutputs.size() -> 1, commitMemory -> 0, usedMemory ->56
26/03/02 03:30:42 INFO reduce.EventFetcher: EventFetcher is interrupted.. Returning
26/03/02 03:30:42 INFO mapred.LocalJobRunner: 1 / 1 copied.
26/03/02 03:30:42 INFO reduce.MergeManagerImpl: finalMerge called with 1 in-memory map-outputs and 0 on-disk map-outputs
26/03/02 03:30:42 INFO mapred.Merger: Merging 1 sorted segments
26/03/02 03:30:42 INFO mapred.Merger: Down to the last merge-pass, with 1 segments left of total size: 50 bytes
26/03/02 03:30:42 INFO reduce.MergeManagerImpl: Merged 1 segments, 56 bytes to disk to satisfy reduce memory limit
26/03/02 03:30:42 INFO reduce.MergeManagerImpl: Merging 1 files, 60 bytes from disk
26/03/02 03:30:42 INFO reduce.MergeManagerImpl: Merging 0 segments, 0 bytes from memory into reduce
26/03/02 03:30:42 INFO mapred.Merger: Merging 1 sorted segments
26/03/02 03:30:42 INFO mapred.Merger: Down to the last merge-pass, with 1 segments left of total size: 50 bytes
26/03/02 03:30:42 INFO mapred.LocalJobRunner: 1 / 1 copied.
26/03/02 03:30:42 INFO Configuration.deprecation: mapred.skip.on is deprecated. Instead, use mapreduce.job.skiprecords
26/03/02 03:30:42 INFO mapred.Task: Task:attempt_local1424083334_0001_r_000000_0 is done. And is in the process of committing
26/03/02 03:30:42 INFO mapred.LocalJobRunner: 1 / 1 copied.
26/03/02 03:30:42 INFO mapred.Task: Task attempt_local1424083334_0001_r_000000_0 is allowed to commit now
26/03/02 03:30:42 INFO output.FileOutputCommitter: Saved output of task 'attempt_local1424083334_0001_r_000000_0' to hdfs://localhost:9000/project2/task2/runs_report_plus/k3_r30_opt/iter_1/_temporary/0/task_local1424083334_0001_r_000000
26/03/02 03:30:42 INFO mapred.LocalJobRunner: reduce > reduce
26/03/02 03:30:42 INFO mapred.Task: Task 'attempt_local1424083334_0001_r_000000_0' done.
26/03/02 03:30:42 INFO mapred.Task: Final Counters for attempt_local1424083334_0001_r_000000_0: Counters: 29
	File System Counters
		FILE: Number of bytes read=144874
		FILE: Number of bytes written=441841
		FILE: Number of read operations=0
		FILE: Number of large read operations=0
		FILE: Number of write operations=0
		HDFS: Number of bytes read=734439
		HDFS: Number of bytes written=331
		HDFS: Number of read operations=24
		HDFS: Number of large read operations=0
		HDFS: Number of write operations=8
	Map-Reduce Framework
		Combine input records=0
		Combine output records=0
		Reduce input groups=1
		Reduce shuffle bytes=60
		Reduce input records=1
		Reduce output records=1
		Spilled Records=1
		Shuffled Maps =1
		Failed Shuffles=0
		Merged Map outputs=1
		GC time elapsed (ms)=0
		Total committed heap usage (bytes)=288358400
	Shuffle Errors
		BAD_ID=0
		CONNECTION=0
		IO_ERROR=0
		WRONG_LENGTH=0
		WRONG_MAP=0
		WRONG_REDUCE=0
	File Output Format Counters 
		Bytes Written=104
26/03/02 03:30:42 INFO mapred.LocalJobRunner: Finishing task: attempt_local1424083334_0001_r_000000_0
26/03/02 03:30:42 INFO mapred.LocalJobRunner: Starting task: attempt_local1424083334_0001_r_000001_0
26/03/02 03:30:42 INFO output.FileOutputCommitter: File Output Committer Algorithm version is 1
26/03/02 03:30:42 INFO mapred.Task:  Using ResourceCalculatorProcessTree : [ ]
26/03/02 03:30:42 INFO mapred.ReduceTask: Using ShuffleConsumerPlugin: org.apache.hadoop.mapreduce.task.reduce.Shuffle@13aa74cb
26/03/02 03:30:42 INFO reduce.MergeManagerImpl: MergerManager: memoryLimit=334338464, maxSingleShuffleLimit=83584616, mergeThreshold=220663392, ioSortFactor=10, memToMemMergeOutputsThreshold=10
26/03/02 03:30:42 INFO reduce.EventFetcher: attempt_local1424083334_0001_r_000001_0 Thread started: EventFetcher for fetching Map Completion Events
26/03/02 03:30:42 INFO reduce.LocalFetcher: localfetcher#2 about to shuffle output of map attempt_local1424083334_0001_m_000000_0 decomp: 56 len: 60 to MEMORY
26/03/02 03:30:42 INFO reduce.InMemoryMapOutput: Read 56 bytes from map-output for attempt_local1424083334_0001_m_000000_0
26/03/02 03:30:42 INFO reduce.MergeManagerImpl: closeInMemoryFile -> map-output of size: 56, inMemoryMapOutputs.size() -> 1, commitMemory -> 0, usedMemory ->56
26/03/02 03:30:42 INFO reduce.EventFetcher: EventFetcher is interrupted.. Returning
26/03/02 03:30:42 WARN io.ReadaheadPool: Failed readahead on ifile
EBADF: Bad file descriptor
	at org.apache.hadoop.io.nativeio.NativeIO$POSIX.posix_fadvise(Native Method)
	at org.apache.hadoop.io.nativeio.NativeIO$POSIX.posixFadviseIfPossible(NativeIO.java:267)
	at org.apache.hadoop.io.nativeio.NativeIO$POSIX$CacheManipulator.posixFadviseIfPossible(NativeIO.java:146)
	at org.apache.hadoop.io.ReadaheadPool$ReadaheadRequestImpl.run(ReadaheadPool.java:206)
	at java.util.concurrent.ThreadPoolExecutor.runWorker(ThreadPoolExecutor.java:1149)
	at java.util.concurrent.ThreadPoolExecutor$Worker.run(ThreadPoolExecutor.java:624)
	at java.lang.Thread.run(Thread.java:748)
26/03/02 03:30:42 INFO mapred.LocalJobRunner: 1 / 1 copied.
26/03/02 03:30:42 INFO reduce.MergeManagerImpl: finalMerge called with 1 in-memory map-outputs and 0 on-disk map-outputs
26/03/02 03:30:42 INFO mapred.Merger: Merging 1 sorted segments
26/03/02 03:30:42 INFO mapred.Merger: Down to the last merge-pass, with 1 segments left of total size: 50 bytes
26/03/02 03:30:42 INFO reduce.MergeManagerImpl: Merged 1 segments, 56 bytes to disk to satisfy reduce memory limit
26/03/02 03:30:42 INFO reduce.MergeManagerImpl: Merging 1 files, 60 bytes from disk
26/03/02 03:30:42 INFO reduce.MergeManagerImpl: Merging 0 segments, 0 bytes from memory into reduce
26/03/02 03:30:42 INFO mapred.Merger: Merging 1 sorted segments
26/03/02 03:30:42 INFO mapred.Merger: Down to the last merge-pass, with 1 segments left of total size: 50 bytes
26/03/02 03:30:42 INFO mapred.LocalJobRunner: 1 / 1 copied.
26/03/02 03:30:42 INFO mapred.Task: Task:attempt_local1424083334_0001_r_000001_0 is done. And is in the process of committing
26/03/02 03:30:42 INFO mapred.LocalJobRunner: 1 / 1 copied.
26/03/02 03:30:42 INFO mapred.Task: Task attempt_local1424083334_0001_r_000001_0 is allowed to commit now
26/03/02 03:30:42 INFO output.FileOutputCommitter: Saved output of task 'attempt_local1424083334_0001_r_000001_0' to hdfs://localhost:9000/project2/task2/runs_report_plus/k3_r30_opt/iter_1/_temporary/0/task_local1424083334_0001_r_000001
26/03/02 03:30:42 INFO mapred.LocalJobRunner: reduce > reduce
26/03/02 03:30:42 INFO mapred.Task: Task 'attempt_local1424083334_0001_r_000001_0' done.
26/03/02 03:30:42 INFO mapred.Task: Final Counters for attempt_local1424083334_0001_r_000001_0: Counters: 29
	File System Counters
		FILE: Number of bytes read=145134
		FILE: Number of bytes written=441901
		FILE: Number of read operations=0
		FILE: Number of large read operations=0
		FILE: Number of write operations=0
		HDFS: Number of bytes read=734439
		HDFS: Number of bytes written=433
		HDFS: Number of read operations=27
		HDFS: Number of large read operations=0
		HDFS: Number of write operations=10
	Map-Reduce Framework
		Combine input records=0
		Combine output records=0
		Reduce input groups=1
		Reduce shuffle bytes=60
		Reduce input records=1
		Reduce output records=1
		Spilled Records=1
		Shuffled Maps =1
		Failed Shuffles=0
		Merged Map outputs=1
		GC time elapsed (ms)=0
		Total committed heap usage (bytes)=288358400
	Shuffle Errors
		BAD_ID=0
		CONNECTION=0
		IO_ERROR=0
		WRONG_LENGTH=0
		WRONG_MAP=0
		WRONG_REDUCE=0
	File Output Format Counters 
		Bytes Written=102
26/03/02 03:30:42 INFO mapred.LocalJobRunner: Finishing task: attempt_local1424083334_0001_r_000001_0
26/03/02 03:30:42 INFO mapred.LocalJobRunner: Starting task: attempt_local1424083334_0001_r_000002_0
26/03/02 03:30:42 INFO output.FileOutputCommitter: File Output Committer Algorithm version is 1
26/03/02 03:30:42 INFO mapred.Task:  Using ResourceCalculatorProcessTree : [ ]
26/03/02 03:30:42 INFO mapred.ReduceTask: Using ShuffleConsumerPlugin: org.apache.hadoop.mapreduce.task.reduce.Shuffle@6c5e1739
26/03/02 03:30:42 INFO reduce.MergeManagerImpl: MergerManager: memoryLimit=334338464, maxSingleShuffleLimit=83584616, mergeThreshold=220663392, ioSortFactor=10, memToMemMergeOutputsThreshold=10
26/03/02 03:30:42 INFO reduce.EventFetcher: attempt_local1424083334_0001_r_000002_0 Thread started: EventFetcher for fetching Map Completion Events
26/03/02 03:30:42 INFO reduce.LocalFetcher: localfetcher#3 about to shuffle output of map attempt_local1424083334_0001_m_000000_0 decomp: 56 len: 60 to MEMORY
26/03/02 03:30:42 INFO reduce.InMemoryMapOutput: Read 56 bytes from map-output for attempt_local1424083334_0001_m_000000_0
26/03/02 03:30:42 INFO reduce.MergeManagerImpl: closeInMemoryFile -> map-output of size: 56, inMemoryMapOutputs.size() -> 1, commitMemory -> 0, usedMemory ->56
26/03/02 03:30:42 INFO reduce.EventFetcher: EventFetcher is interrupted.. Returning
26/03/02 03:30:42 INFO mapred.LocalJobRunner: 1 / 1 copied.
26/03/02 03:30:42 INFO reduce.MergeManagerImpl: finalMerge called with 1 in-memory map-outputs and 0 on-disk map-outputs
26/03/02 03:30:42 INFO mapred.Merger: Merging 1 sorted segments
26/03/02 03:30:42 INFO mapred.Merger: Down to the last merge-pass, with 1 segments left of total size: 50 bytes
26/03/02 03:30:42 INFO reduce.MergeManagerImpl: Merged 1 segments, 56 bytes to disk to satisfy reduce memory limit
26/03/02 03:30:42 INFO reduce.MergeManagerImpl: Merging 1 files, 60 bytes from disk
26/03/02 03:30:42 INFO reduce.MergeManagerImpl: Merging 0 segments, 0 bytes from memory into reduce
26/03/02 03:30:42 INFO mapred.Merger: Merging 1 sorted segments
26/03/02 03:30:42 INFO mapred.Merger: Down to the last merge-pass, with 1 segments left of total size: 50 bytes
26/03/02 03:30:42 INFO mapred.LocalJobRunner: 1 / 1 copied.
26/03/02 03:30:42 INFO mapred.Task: Task:attempt_local1424083334_0001_r_000002_0 is done. And is in the process of committing
26/03/02 03:30:42 INFO mapred.LocalJobRunner: 1 / 1 copied.
26/03/02 03:30:42 INFO mapred.Task: Task attempt_local1424083334_0001_r_000002_0 is allowed to commit now
26/03/02 03:30:42 INFO output.FileOutputCommitter: Saved output of task 'attempt_local1424083334_0001_r_000002_0' to hdfs://localhost:9000/project2/task2/runs_report_plus/k3_r30_opt/iter_1/_temporary/0/task_local1424083334_0001_r_000002
26/03/02 03:30:42 INFO mapred.LocalJobRunner: reduce > reduce
26/03/02 03:30:42 INFO mapred.Task: Task 'attempt_local1424083334_0001_r_000002_0' done.
26/03/02 03:30:42 INFO mapred.Task: Final Counters for attempt_local1424083334_0001_r_000002_0: Counters: 29
	File System Counters
		FILE: Number of bytes read=145334
		FILE: Number of bytes written=441961
		FILE: Number of read operations=0
		FILE: Number of large read operations=0
		FILE: Number of write operations=0
		HDFS: Number of bytes read=734439
		HDFS: Number of bytes written=534
		HDFS: Number of read operations=30
		HDFS: Number of large read operations=0
		HDFS: Number of write operations=12
	Map-Reduce Framework
		Combine input records=0
		Combine output records=0
		Reduce input groups=1
		Reduce shuffle bytes=60
		Reduce input records=1
		Reduce output records=1
		Spilled Records=1
		Shuffled Maps =1
		Failed Shuffles=0
		Merged Map outputs=1
		GC time elapsed (ms)=0
		Total committed heap usage (bytes)=288358400
	Shuffle Errors
		BAD_ID=0
		CONNECTION=0
		IO_ERROR=0
		WRONG_LENGTH=0
		WRONG_MAP=0
		WRONG_REDUCE=0
	File Output Format Counters 
		Bytes Written=101
26/03/02 03:30:42 INFO mapred.LocalJobRunner: Finishing task: attempt_local1424083334_0001_r_000002_0
26/03/02 03:30:42 INFO mapred.LocalJobRunner: reduce task executor complete.
26/03/02 03:30:43 INFO mapreduce.Job: Job job_local1424083334_0001 running in uber mode : false
26/03/02 03:30:43 INFO mapreduce.Job:  map 100% reduce 100%
26/03/02 03:30:43 INFO mapreduce.Job: Job job_local1424083334_0001 completed successfully
26/03/02 03:30:43 INFO mapreduce.Job: Counters: 35
	File System Counters
		FILE: Number of bytes read=579896
		FILE: Number of bytes written=1767484
		FILE: Number of read operations=0
		FILE: Number of large read operations=0
		FILE: Number of write operations=0
		HDFS: Number of bytes read=2937756
		HDFS: Number of bytes written=1525
		HDFS: Number of read operations=102
		HDFS: Number of large read operations=0
		HDFS: Number of write operations=36
	Map-Reduce Framework
		Map input records=10000
		Map output records=10000
		Map output bytes=520000
		Map output materialized bytes=180
		Input split bytes=121
		Combine input records=10000
		Combine output records=3
		Reduce input groups=3
		Reduce shuffle bytes=180
		Reduce input records=3
		Reduce output records=3
		Spilled Records=6
		Shuffled Maps =3
		Failed Shuffles=0
		Merged Map outputs=3
		GC time elapsed (ms)=8
		Total committed heap usage (bytes)=1153433600
	Shuffle Errors
		BAD_ID=0
		CONNECTION=0
		IO_ERROR=0
		WRONG_LENGTH=0
		WRONG_MAP=0
		WRONG_REDUCE=0
	File Input Format Counters 
		Bytes Read=733758
	File Output Format Counters 
		Bytes Written=307
26/03/02 03:30:43 INFO jvm.JvmMetrics: Cannot initialize JVM Metrics with processName=JobTracker, sessionId= - already initialized
26/03/02 03:30:43 WARN mapreduce.JobResourceUploader: Hadoop command-line option parsing not performed. Implement the Tool interface and execute your application with ToolRunner to remedy this.
26/03/02 03:30:43 INFO input.FileInputFormat: Total input paths to process : 1
26/03/02 03:30:43 INFO mapreduce.JobSubmitter: number of splits:1
26/03/02 03:30:43 INFO mapreduce.JobSubmitter: Submitting tokens for job: job_local533332476_0002
26/03/02 03:30:43 INFO mapred.LocalDistributedCacheManager: Creating symlink: /tmp/hadoop-ds503/mapred/local/1772422243394/centers_iter_1.csv <- /home/ds503/centers_iter_1.csv
26/03/02 03:30:43 INFO mapred.LocalDistributedCacheManager: Localized hdfs://localhost:9000/project2/task2/runs_report_plus/k3_r30_opt/centers_iter_1.csv as file:/tmp/hadoop-ds503/mapred/local/1772422243394/centers_iter_1.csv
26/03/02 03:30:43 INFO mapreduce.Job: The url to track the job: http://localhost:8080/
26/03/02 03:30:43 INFO mapreduce.Job: Running job: job_local533332476_0002
26/03/02 03:30:43 INFO mapred.LocalJobRunner: OutputCommitter set in config null
26/03/02 03:30:43 INFO output.FileOutputCommitter: File Output Committer Algorithm version is 1
26/03/02 03:30:43 INFO mapred.LocalJobRunner: OutputCommitter is org.apache.hadoop.mapreduce.lib.output.FileOutputCommitter
26/03/02 03:30:43 INFO mapred.LocalJobRunner: Waiting for map tasks
26/03/02 03:30:43 INFO mapred.LocalJobRunner: Starting task: attempt_local533332476_0002_m_000000_0
26/03/02 03:30:43 INFO output.FileOutputCommitter: File Output Committer Algorithm version is 1
26/03/02 03:30:43 INFO mapred.Task:  Using ResourceCalculatorProcessTree : [ ]
26/03/02 03:30:43 INFO mapred.MapTask: Processing split: hdfs://localhost:9000/project2/task2/input/points_4d.csv:0+733758
26/03/02 03:30:43 INFO mapred.MapTask: (EQUATOR) 0 kvi 26214396(104857584)
26/03/02 03:30:43 INFO mapred.MapTask: mapreduce.task.io.sort.mb: 100
26/03/02 03:30:43 INFO mapred.MapTask: soft limit at 83886080
26/03/02 03:30:43 INFO mapred.MapTask: bufstart = 0; bufvoid = 104857600
26/03/02 03:30:43 INFO mapred.MapTask: kvstart = 26214396; length = 6553600
26/03/02 03:30:43 INFO mapred.MapTask: Map output collector class = org.apache.hadoop.mapred.MapTask$MapOutputBuffer
26/03/02 03:30:43 INFO mapred.LocalJobRunner: 
26/03/02 03:30:43 INFO mapred.MapTask: Starting flush of map output
26/03/02 03:30:43 INFO mapred.MapTask: Spilling map output
26/03/02 03:30:43 INFO mapred.MapTask: bufstart = 0; bufend = 520000; bufvoid = 104857600
26/03/02 03:30:43 INFO mapred.MapTask: kvstart = 26214396(104857584); kvend = 26174400(104697600); length = 39997/6553600
26/03/02 03:30:43 INFO mapred.MapTask: Finished spill 0
26/03/02 03:30:43 INFO mapred.Task: Task:attempt_local533332476_0002_m_000000_0 is done. And is in the process of committing
26/03/02 03:30:43 INFO mapred.LocalJobRunner: map
26/03/02 03:30:43 INFO mapred.Task: Task 'attempt_local533332476_0002_m_000000_0' done.
26/03/02 03:30:43 INFO mapred.Task: Final Counters for attempt_local533332476_0002_m_000000_0: Counters: 23
	File System Counters
		FILE: Number of bytes read=289888
		FILE: Number of bytes written=882151
		FILE: Number of read operations=0
		FILE: Number of large read operations=0
		FILE: Number of write operations=0
		HDFS: Number of bytes read=1469492
		HDFS: Number of bytes written=761
		HDFS: Number of read operations=69
		HDFS: Number of large read operations=0
		HDFS: Number of write operations=21
	Map-Reduce Framework
		Map input records=10000
		Map output records=10000
		Map output bytes=520000
		Map output materialized bytes=180
		Input split bytes=121
		Combine input records=10000
		Combine output records=3
		Spilled Records=3
		Failed Shuffles=0
		Merged Map outputs=0
		GC time elapsed (ms)=0
		Total committed heap usage (bytes)=393740288
	File Input Format Counters 
		Bytes Read=733758
26/03/02 03:30:43 INFO mapred.LocalJobRunner: Finishing task: attempt_local533332476_0002_m_000000_0
26/03/02 03:30:43 INFO mapred.LocalJobRunner: map task executor complete.
26/03/02 03:30:43 INFO mapred.LocalJobRunner: Waiting for reduce tasks
26/03/02 03:30:43 INFO mapred.LocalJobRunner: Starting task: attempt_local533332476_0002_r_000000_0
26/03/02 03:30:43 INFO output.FileOutputCommitter: File Output Committer Algorithm version is 1
26/03/02 03:30:43 INFO mapred.Task:  Using ResourceCalculatorProcessTree : [ ]
26/03/02 03:30:43 INFO mapred.ReduceTask: Using ShuffleConsumerPlugin: org.apache.hadoop.mapreduce.task.reduce.Shuffle@27997d47
26/03/02 03:30:43 INFO reduce.MergeManagerImpl: MergerManager: memoryLimit=334338464, maxSingleShuffleLimit=83584616, mergeThreshold=220663392, ioSortFactor=10, memToMemMergeOutputsThreshold=10
26/03/02 03:30:43 INFO reduce.EventFetcher: attempt_local533332476_0002_r_000000_0 Thread started: EventFetcher for fetching Map Completion Events
26/03/02 03:30:43 INFO reduce.LocalFetcher: localfetcher#4 about to shuffle output of map attempt_local533332476_0002_m_000000_0 decomp: 56 len: 60 to MEMORY
26/03/02 03:30:43 INFO reduce.InMemoryMapOutput: Read 56 bytes from map-output for attempt_local533332476_0002_m_000000_0
26/03/02 03:30:43 INFO reduce.MergeManagerImpl: closeInMemoryFile -> map-output of size: 56, inMemoryMapOutputs.size() -> 1, commitMemory -> 0, usedMemory ->56
26/03/02 03:30:43 INFO reduce.EventFetcher: EventFetcher is interrupted.. Returning
26/03/02 03:30:43 INFO mapred.LocalJobRunner: 1 / 1 copied.
26/03/02 03:30:43 INFO reduce.MergeManagerImpl: finalMerge called with 1 in-memory map-outputs and 0 on-disk map-outputs
26/03/02 03:30:43 INFO mapred.Merger: Merging 1 sorted segments
26/03/02 03:30:43 INFO mapred.Merger: Down to the last merge-pass, with 1 segments left of total size: 50 bytes
26/03/02 03:30:43 INFO reduce.MergeManagerImpl: Merged 1 segments, 56 bytes to disk to satisfy reduce memory limit
26/03/02 03:30:43 INFO reduce.MergeManagerImpl: Merging 1 files, 60 bytes from disk
26/03/02 03:30:43 INFO reduce.MergeManagerImpl: Merging 0 segments, 0 bytes from memory into reduce
26/03/02 03:30:43 INFO mapred.Merger: Merging 1 sorted segments
26/03/02 03:30:43 INFO mapred.Merger: Down to the last merge-pass, with 1 segments left of total size: 50 bytes
26/03/02 03:30:43 INFO mapred.LocalJobRunner: 1 / 1 copied.
26/03/02 03:30:43 INFO mapred.Task: Task:attempt_local533332476_0002_r_000000_0 is done. And is in the process of committing
26/03/02 03:30:43 INFO mapred.LocalJobRunner: 1 / 1 copied.
26/03/02 03:30:43 INFO mapred.Task: Task attempt_local533332476_0002_r_000000_0 is allowed to commit now
26/03/02 03:30:43 INFO output.FileOutputCommitter: Saved output of task 'attempt_local533332476_0002_r_000000_0' to hdfs://localhost:9000/project2/task2/runs_report_plus/k3_r30_opt/iter_2/_temporary/0/task_local533332476_0002_r_000000
26/03/02 03:30:43 INFO mapred.LocalJobRunner: reduce > reduce
26/03/02 03:30:43 INFO mapred.Task: Task 'attempt_local533332476_0002_r_000000_0' done.
26/03/02 03:30:43 INFO mapred.Task: Final Counters for attempt_local533332476_0002_r_000000_0: Counters: 29
	File System Counters
		FILE: Number of bytes read=290208
		FILE: Number of bytes written=882211
		FILE: Number of read operations=0
		FILE: Number of large read operations=0
		FILE: Number of write operations=0
		HDFS: Number of bytes read=1469492
		HDFS: Number of bytes written=864
		HDFS: Number of read operations=72
		HDFS: Number of large read operations=0
		HDFS: Number of write operations=23
	Map-Reduce Framework
		Combine input records=0
		Combine output records=0
		Reduce input groups=1
		Reduce shuffle bytes=60
		Reduce input records=1
		Reduce output records=1
		Spilled Records=1
		Shuffled Maps =1
		Failed Shuffles=0
		Merged Map outputs=1
		GC time elapsed (ms)=0
		Total committed heap usage (bytes)=393740288
	Shuffle Errors
		BAD_ID=0
		CONNECTION=0
		IO_ERROR=0
		WRONG_LENGTH=0
		WRONG_MAP=0
		WRONG_REDUCE=0
	File Output Format Counters 
		Bytes Written=103
26/03/02 03:30:43 INFO mapred.LocalJobRunner: Finishing task: attempt_local533332476_0002_r_000000_0
26/03/02 03:30:43 INFO mapred.LocalJobRunner: Starting task: attempt_local533332476_0002_r_000001_0
26/03/02 03:30:43 INFO output.FileOutputCommitter: File Output Committer Algorithm version is 1
26/03/02 03:30:43 INFO mapred.Task:  Using ResourceCalculatorProcessTree : [ ]
26/03/02 03:30:43 INFO mapred.ReduceTask: Using ShuffleConsumerPlugin: org.apache.hadoop.mapreduce.task.reduce.Shuffle@47ca6f1
26/03/02 03:30:43 INFO reduce.MergeManagerImpl: MergerManager: memoryLimit=334338464, maxSingleShuffleLimit=83584616, mergeThreshold=220663392, ioSortFactor=10, memToMemMergeOutputsThreshold=10
26/03/02 03:30:43 INFO reduce.EventFetcher: attempt_local533332476_0002_r_000001_0 Thread started: EventFetcher for fetching Map Completion Events
26/03/02 03:30:43 INFO reduce.LocalFetcher: localfetcher#5 about to shuffle output of map attempt_local533332476_0002_m_000000_0 decomp: 56 len: 60 to MEMORY
26/03/02 03:30:43 INFO reduce.InMemoryMapOutput: Read 56 bytes from map-output for attempt_local533332476_0002_m_000000_0
26/03/02 03:30:43 INFO reduce.MergeManagerImpl: closeInMemoryFile -> map-output of size: 56, inMemoryMapOutputs.size() -> 1, commitMemory -> 0, usedMemory ->56
26/03/02 03:30:43 INFO reduce.EventFetcher: EventFetcher is interrupted.. Returning
26/03/02 03:30:43 INFO mapred.LocalJobRunner: 1 / 1 copied.
26/03/02 03:30:43 INFO reduce.MergeManagerImpl: finalMerge called with 1 in-memory map-outputs and 0 on-disk map-outputs
26/03/02 03:30:43 INFO mapred.Merger: Merging 1 sorted segments
26/03/02 03:30:43 INFO mapred.Merger: Down to the last merge-pass, with 1 segments left of total size: 50 bytes
26/03/02 03:30:43 INFO reduce.MergeManagerImpl: Merged 1 segments, 56 bytes to disk to satisfy reduce memory limit
26/03/02 03:30:43 INFO reduce.MergeManagerImpl: Merging 1 files, 60 bytes from disk
26/03/02 03:30:43 INFO reduce.MergeManagerImpl: Merging 0 segments, 0 bytes from memory into reduce
26/03/02 03:30:43 INFO mapred.Merger: Merging 1 sorted segments
26/03/02 03:30:43 INFO mapred.Merger: Down to the last merge-pass, with 1 segments left of total size: 50 bytes
26/03/02 03:30:43 INFO mapred.LocalJobRunner: 1 / 1 copied.
26/03/02 03:30:43 INFO mapred.Task: Task:attempt_local533332476_0002_r_000001_0 is done. And is in the process of committing
26/03/02 03:30:43 INFO mapred.LocalJobRunner: 1 / 1 copied.
26/03/02 03:30:43 INFO mapred.Task: Task attempt_local533332476_0002_r_000001_0 is allowed to commit now
26/03/02 03:30:43 INFO output.FileOutputCommitter: Saved output of task 'attempt_local533332476_0002_r_000001_0' to hdfs://localhost:9000/project2/task2/runs_report_plus/k3_r30_opt/iter_2/_temporary/0/task_local533332476_0002_r_000001
26/03/02 03:30:43 INFO mapred.LocalJobRunner: reduce > reduce
26/03/02 03:30:43 INFO mapred.Task: Task 'attempt_local533332476_0002_r_000001_0' done.
26/03/02 03:30:43 INFO mapred.Task: Final Counters for attempt_local533332476_0002_r_000001_0: Counters: 29
	File System Counters
		FILE: Number of bytes read=290468
		FILE: Number of bytes written=882271
		FILE: Number of read operations=0
		FILE: Number of large read operations=0
		FILE: Number of write operations=0
		HDFS: Number of bytes read=1469492
		HDFS: Number of bytes written=967
		HDFS: Number of read operations=75
		HDFS: Number of large read operations=0
		HDFS: Number of write operations=25
	Map-Reduce Framework
		Combine input records=0
		Combine output records=0
		Reduce input groups=1
		Reduce shuffle bytes=60
		Reduce input records=1
		Reduce output records=1
		Spilled Records=1
		Shuffled Maps =1
		Failed Shuffles=0
		Merged Map outputs=1
		GC time elapsed (ms)=0
		Total committed heap usage (bytes)=393740288
	Shuffle Errors
		BAD_ID=0
		CONNECTION=0
		IO_ERROR=0
		WRONG_LENGTH=0
		WRONG_MAP=0
		WRONG_REDUCE=0
	File Output Format Counters 
		Bytes Written=103
26/03/02 03:30:43 INFO mapred.LocalJobRunner: Finishing task: attempt_local533332476_0002_r_000001_0
26/03/02 03:30:43 INFO mapred.LocalJobRunner: Starting task: attempt_local533332476_0002_r_000002_0
26/03/02 03:30:43 INFO output.FileOutputCommitter: File Output Committer Algorithm version is 1
26/03/02 03:30:43 INFO mapred.Task:  Using ResourceCalculatorProcessTree : [ ]
26/03/02 03:30:43 INFO mapred.ReduceTask: Using ShuffleConsumerPlugin: org.apache.hadoop.mapreduce.task.reduce.Shuffle@7cb494bc
26/03/02 03:30:43 INFO reduce.MergeManagerImpl: MergerManager: memoryLimit=334338464, maxSingleShuffleLimit=83584616, mergeThreshold=220663392, ioSortFactor=10, memToMemMergeOutputsThreshold=10
26/03/02 03:30:43 INFO reduce.EventFetcher: attempt_local533332476_0002_r_000002_0 Thread started: EventFetcher for fetching Map Completion Events
26/03/02 03:30:43 INFO reduce.LocalFetcher: localfetcher#6 about to shuffle output of map attempt_local533332476_0002_m_000000_0 decomp: 56 len: 60 to MEMORY
26/03/02 03:30:43 INFO reduce.InMemoryMapOutput: Read 56 bytes from map-output for attempt_local533332476_0002_m_000000_0
26/03/02 03:30:43 INFO reduce.MergeManagerImpl: closeInMemoryFile -> map-output of size: 56, inMemoryMapOutputs.size() -> 1, commitMemory -> 0, usedMemory ->56
26/03/02 03:30:43 INFO reduce.EventFetcher: EventFetcher is interrupted.. Returning
26/03/02 03:30:43 INFO mapred.LocalJobRunner: 1 / 1 copied.
26/03/02 03:30:43 INFO reduce.MergeManagerImpl: finalMerge called with 1 in-memory map-outputs and 0 on-disk map-outputs
26/03/02 03:30:43 INFO mapred.Merger: Merging 1 sorted segments
26/03/02 03:30:43 INFO mapred.Merger: Down to the last merge-pass, with 1 segments left of total size: 50 bytes
26/03/02 03:30:43 INFO reduce.MergeManagerImpl: Merged 1 segments, 56 bytes to disk to satisfy reduce memory limit
26/03/02 03:30:43 INFO reduce.MergeManagerImpl: Merging 1 files, 60 bytes from disk
26/03/02 03:30:43 INFO reduce.MergeManagerImpl: Merging 0 segments, 0 bytes from memory into reduce
26/03/02 03:30:43 INFO mapred.Merger: Merging 1 sorted segments
26/03/02 03:30:43 INFO mapred.Merger: Down to the last merge-pass, with 1 segments left of total size: 50 bytes
26/03/02 03:30:43 INFO mapred.LocalJobRunner: 1 / 1 copied.
26/03/02 03:30:43 INFO mapred.Task: Task:attempt_local533332476_0002_r_000002_0 is done. And is in the process of committing
26/03/02 03:30:43 INFO mapred.LocalJobRunner: 1 / 1 copied.
26/03/02 03:30:43 INFO mapred.Task: Task attempt_local533332476_0002_r_000002_0 is allowed to commit now
26/03/02 03:30:43 INFO output.FileOutputCommitter: Saved output of task 'attempt_local533332476_0002_r_000002_0' to hdfs://localhost:9000/project2/task2/runs_report_plus/k3_r30_opt/iter_2/_temporary/0/task_local533332476_0002_r_000002
26/03/02 03:30:43 INFO mapred.LocalJobRunner: reduce > reduce
26/03/02 03:30:43 INFO mapred.Task: Task 'attempt_local533332476_0002_r_000002_0' done.
26/03/02 03:30:43 INFO mapred.Task: Final Counters for attempt_local533332476_0002_r_000002_0: Counters: 29
	File System Counters
		FILE: Number of bytes read=290668
		FILE: Number of bytes written=882331
		FILE: Number of read operations=0
		FILE: Number of large read operations=0
		FILE: Number of write operations=0
		HDFS: Number of bytes read=1469492
		HDFS: Number of bytes written=1066
		HDFS: Number of read operations=78
		HDFS: Number of large read operations=0
		HDFS: Number of write operations=27
	Map-Reduce Framework
		Combine input records=0
		Combine output records=0
		Reduce input groups=1
		Reduce shuffle bytes=60
		Reduce input records=1
		Reduce output records=1
		Spilled Records=1
		Shuffled Maps =1
		Failed Shuffles=0
		Merged Map outputs=1
		GC time elapsed (ms)=0
		Total committed heap usage (bytes)=393740288
	Shuffle Errors
		BAD_ID=0
		CONNECTION=0
		IO_ERROR=0
		WRONG_LENGTH=0
		WRONG_MAP=0
		WRONG_REDUCE=0
	File Output Format Counters 
		Bytes Written=99
26/03/02 03:30:43 INFO mapred.LocalJobRunner: Finishing task: attempt_local533332476_0002_r_000002_0
26/03/02 03:30:43 INFO mapred.LocalJobRunner: reduce task executor complete.
26/03/02 03:30:44 INFO mapreduce.Job: Job job_local533332476_0002 running in uber mode : false
26/03/02 03:30:44 INFO mapreduce.Job:  map 100% reduce 100%
26/03/02 03:30:44 INFO mapreduce.Job: Job job_local533332476_0002 completed successfully
26/03/02 03:30:44 INFO mapreduce.Job: Counters: 35
	File System Counters
		FILE: Number of bytes read=1161232
		FILE: Number of bytes written=3528964
		FILE: Number of read operations=0
		FILE: Number of large read operations=0
		FILE: Number of write operations=0
		HDFS: Number of bytes read=5877968
		HDFS: Number of bytes written=3658
		HDFS: Number of read operations=294
		HDFS: Number of large read operations=0
		HDFS: Number of write operations=96
	Map-Reduce Framework
		Map input records=10000
		Map output records=10000
		Map output bytes=520000
		Map output materialized bytes=180
		Input split bytes=121
		Combine input records=10000
		Combine output records=3
		Reduce input groups=3
		Reduce shuffle bytes=180
		Reduce input records=3
		Reduce output records=3
		Spilled Records=6
		Shuffled Maps =3
		Failed Shuffles=0
		Merged Map outputs=3
		GC time elapsed (ms)=0
		Total committed heap usage (bytes)=1574961152
	Shuffle Errors
		BAD_ID=0
		CONNECTION=0
		IO_ERROR=0
		WRONG_LENGTH=0
		WRONG_MAP=0
		WRONG_REDUCE=0
	File Input Format Counters 
		Bytes Read=733758
	File Output Format Counters 
		Bytes Written=305
26/03/02 03:30:44 INFO jvm.JvmMetrics: Cannot initialize JVM Metrics with processName=JobTracker, sessionId= - already initialized
26/03/02 03:30:44 WARN mapreduce.JobResourceUploader: Hadoop command-line option parsing not performed. Implement the Tool interface and execute your application with ToolRunner to remedy this.
26/03/02 03:30:44 INFO input.FileInputFormat: Total input paths to process : 1
26/03/02 03:30:44 INFO mapreduce.JobSubmitter: number of splits:1
26/03/02 03:30:44 INFO mapreduce.JobSubmitter: Submitting tokens for job: job_local281690928_0003
26/03/02 03:30:44 INFO mapred.LocalDistributedCacheManager: Creating symlink: /tmp/hadoop-ds503/mapred/local/1772422244504/centers_iter_2.csv <- /home/ds503/centers_iter_2.csv
26/03/02 03:30:44 INFO mapred.LocalDistributedCacheManager: Localized hdfs://localhost:9000/project2/task2/runs_report_plus/k3_r30_opt/centers_iter_2.csv as file:/tmp/hadoop-ds503/mapred/local/1772422244504/centers_iter_2.csv
26/03/02 03:30:44 INFO mapreduce.Job: The url to track the job: http://localhost:8080/
26/03/02 03:30:44 INFO mapreduce.Job: Running job: job_local281690928_0003
26/03/02 03:30:44 INFO mapred.LocalJobRunner: OutputCommitter set in config null
26/03/02 03:30:44 INFO output.FileOutputCommitter: File Output Committer Algorithm version is 1
26/03/02 03:30:44 INFO mapred.LocalJobRunner: OutputCommitter is org.apache.hadoop.mapreduce.lib.output.FileOutputCommitter
26/03/02 03:30:44 INFO mapred.LocalJobRunner: Waiting for map tasks
26/03/02 03:30:44 INFO mapred.LocalJobRunner: Starting task: attempt_local281690928_0003_m_000000_0
26/03/02 03:30:44 INFO output.FileOutputCommitter: File Output Committer Algorithm version is 1
26/03/02 03:30:44 INFO mapred.Task:  Using ResourceCalculatorProcessTree : [ ]
26/03/02 03:30:44 INFO mapred.MapTask: Processing split: hdfs://localhost:9000/project2/task2/input/points_4d.csv:0+733758
26/03/02 03:30:44 INFO mapred.MapTask: (EQUATOR) 0 kvi 26214396(104857584)
26/03/02 03:30:44 INFO mapred.MapTask: mapreduce.task.io.sort.mb: 100
26/03/02 03:30:44 INFO mapred.MapTask: soft limit at 83886080
26/03/02 03:30:44 INFO mapred.MapTask: bufstart = 0; bufvoid = 104857600
26/03/02 03:30:44 INFO mapred.MapTask: kvstart = 26214396; length = 6553600
26/03/02 03:30:44 INFO mapred.MapTask: Map output collector class = org.apache.hadoop.mapred.MapTask$MapOutputBuffer
26/03/02 03:30:44 INFO mapred.LocalJobRunner: 
26/03/02 03:30:44 INFO mapred.MapTask: Starting flush of map output
26/03/02 03:30:44 INFO mapred.MapTask: Spilling map output
26/03/02 03:30:44 INFO mapred.MapTask: bufstart = 0; bufend = 520000; bufvoid = 104857600
26/03/02 03:30:44 INFO mapred.MapTask: kvstart = 26214396(104857584); kvend = 26174400(104697600); length = 39997/6553600
26/03/02 03:30:44 INFO mapred.MapTask: Finished spill 0
26/03/02 03:30:44 INFO mapred.Task: Task:attempt_local281690928_0003_m_000000_0 is done. And is in the process of committing
26/03/02 03:30:44 INFO mapred.LocalJobRunner: map
26/03/02 03:30:44 INFO mapred.Task: Task 'attempt_local281690928_0003_m_000000_0' done.
26/03/02 03:30:44 INFO mapred.Task: Final Counters for attempt_local281690928_0003_m_000000_0: Counters: 23
	File System Counters
		FILE: Number of bytes read=435222
		FILE: Number of bytes written=1322520
		FILE: Number of read operations=0
		FILE: Number of large read operations=0
		FILE: Number of write operations=0
		HDFS: Number of bytes read=2204539
		HDFS: Number of bytes written=1292
		HDFS: Number of read operations=117
		HDFS: Number of large read operations=0
		HDFS: Number of write operations=36
	Map-Reduce Framework
		Map input records=10000
		Map output records=10000
		Map output bytes=520000
		Map output materialized bytes=180
		Input split bytes=121
		Combine input records=10000
		Combine output records=3
		Spilled Records=3
		Failed Shuffles=0
		Merged Map outputs=0
		GC time elapsed (ms)=212
		Total committed heap usage (bytes)=343408640
	File Input Format Counters 
		Bytes Read=733758
26/03/02 03:30:44 INFO mapred.LocalJobRunner: Finishing task: attempt_local281690928_0003_m_000000_0
26/03/02 03:30:44 INFO mapred.LocalJobRunner: map task executor complete.
26/03/02 03:30:44 INFO mapred.LocalJobRunner: Waiting for reduce tasks
26/03/02 03:30:44 INFO mapred.LocalJobRunner: Starting task: attempt_local281690928_0003_r_000000_0
26/03/02 03:30:44 INFO output.FileOutputCommitter: File Output Committer Algorithm version is 1
26/03/02 03:30:44 INFO mapred.Task:  Using ResourceCalculatorProcessTree : [ ]
26/03/02 03:30:44 INFO mapred.ReduceTask: Using ShuffleConsumerPlugin: org.apache.hadoop.mapreduce.task.reduce.Shuffle@352bfd1
26/03/02 03:30:44 INFO reduce.MergeManagerImpl: MergerManager: memoryLimit=334338464, maxSingleShuffleLimit=83584616, mergeThreshold=220663392, ioSortFactor=10, memToMemMergeOutputsThreshold=10
26/03/02 03:30:44 INFO reduce.EventFetcher: attempt_local281690928_0003_r_000000_0 Thread started: EventFetcher for fetching Map Completion Events
26/03/02 03:30:44 INFO reduce.LocalFetcher: localfetcher#7 about to shuffle output of map attempt_local281690928_0003_m_000000_0 decomp: 56 len: 60 to MEMORY
26/03/02 03:30:44 INFO reduce.InMemoryMapOutput: Read 56 bytes from map-output for attempt_local281690928_0003_m_000000_0
26/03/02 03:30:44 INFO reduce.MergeManagerImpl: closeInMemoryFile -> map-output of size: 56, inMemoryMapOutputs.size() -> 1, commitMemory -> 0, usedMemory ->56
26/03/02 03:30:44 INFO reduce.EventFetcher: EventFetcher is interrupted.. Returning
26/03/02 03:30:44 INFO mapred.LocalJobRunner: 1 / 1 copied.
26/03/02 03:30:44 INFO reduce.MergeManagerImpl: finalMerge called with 1 in-memory map-outputs and 0 on-disk map-outputs
26/03/02 03:30:44 INFO mapred.Merger: Merging 1 sorted segments
26/03/02 03:30:44 INFO mapred.Merger: Down to the last merge-pass, with 1 segments left of total size: 50 bytes
26/03/02 03:30:44 INFO reduce.MergeManagerImpl: Merged 1 segments, 56 bytes to disk to satisfy reduce memory limit
26/03/02 03:30:44 INFO reduce.MergeManagerImpl: Merging 1 files, 60 bytes from disk
26/03/02 03:30:44 INFO reduce.MergeManagerImpl: Merging 0 segments, 0 bytes from memory into reduce
26/03/02 03:30:44 INFO mapred.Merger: Merging 1 sorted segments
26/03/02 03:30:44 INFO mapred.Merger: Down to the last merge-pass, with 1 segments left of total size: 50 bytes
26/03/02 03:30:44 INFO mapred.LocalJobRunner: 1 / 1 copied.
26/03/02 03:30:44 INFO mapred.Task: Task:attempt_local281690928_0003_r_000000_0 is done. And is in the process of committing
26/03/02 03:30:44 INFO mapred.LocalJobRunner: 1 / 1 copied.
26/03/02 03:30:44 INFO mapred.Task: Task attempt_local281690928_0003_r_000000_0 is allowed to commit now
26/03/02 03:30:44 INFO output.FileOutputCommitter: Saved output of task 'attempt_local281690928_0003_r_000000_0' to hdfs://localhost:9000/project2/task2/runs_report_plus/k3_r30_opt/iter_3/_temporary/0/task_local281690928_0003_r_000000
26/03/02 03:30:44 INFO mapred.LocalJobRunner: reduce > reduce
26/03/02 03:30:44 INFO mapred.Task: Task 'attempt_local281690928_0003_r_000000_0' done.
26/03/02 03:30:44 INFO mapred.Task: Final Counters for attempt_local281690928_0003_r_000000_0: Counters: 29
	File System Counters
		FILE: Number of bytes read=435542
		FILE: Number of bytes written=1322580
		FILE: Number of read operations=0
		FILE: Number of large read operations=0
		FILE: Number of write operations=0
		HDFS: Number of bytes read=2204539
		HDFS: Number of bytes written=1391
		HDFS: Number of read operations=120
		HDFS: Number of large read operations=0
		HDFS: Number of write operations=38
	Map-Reduce Framework
		Combine input records=0
		Combine output records=0
		Reduce input groups=1
		Reduce shuffle bytes=60
		Reduce input records=1
		Reduce output records=1
		Spilled Records=1
		Shuffled Maps =1
		Failed Shuffles=0
		Merged Map outputs=1
		GC time elapsed (ms)=0
		Total committed heap usage (bytes)=343408640
	Shuffle Errors
		BAD_ID=0
		CONNECTION=0
		IO_ERROR=0
		WRONG_LENGTH=0
		WRONG_MAP=0
		WRONG_REDUCE=0
	File Output Format Counters 
		Bytes Written=99
26/03/02 03:30:44 INFO mapred.LocalJobRunner: Finishing task: attempt_local281690928_0003_r_000000_0
26/03/02 03:30:44 INFO mapred.LocalJobRunner: Starting task: attempt_local281690928_0003_r_000001_0
26/03/02 03:30:44 INFO output.FileOutputCommitter: File Output Committer Algorithm version is 1
26/03/02 03:30:44 INFO mapred.Task:  Using ResourceCalculatorProcessTree : [ ]
26/03/02 03:30:44 INFO mapred.ReduceTask: Using ShuffleConsumerPlugin: org.apache.hadoop.mapreduce.task.reduce.Shuffle@22404aa5
26/03/02 03:30:44 INFO reduce.MergeManagerImpl: MergerManager: memoryLimit=334338464, maxSingleShuffleLimit=83584616, mergeThreshold=220663392, ioSortFactor=10, memToMemMergeOutputsThreshold=10
26/03/02 03:30:44 INFO reduce.EventFetcher: attempt_local281690928_0003_r_000001_0 Thread started: EventFetcher for fetching Map Completion Events
26/03/02 03:30:44 INFO reduce.LocalFetcher: localfetcher#8 about to shuffle output of map attempt_local281690928_0003_m_000000_0 decomp: 56 len: 60 to MEMORY
26/03/02 03:30:44 INFO reduce.InMemoryMapOutput: Read 56 bytes from map-output for attempt_local281690928_0003_m_000000_0
26/03/02 03:30:44 INFO reduce.MergeManagerImpl: closeInMemoryFile -> map-output of size: 56, inMemoryMapOutputs.size() -> 1, commitMemory -> 0, usedMemory ->56
26/03/02 03:30:44 INFO reduce.EventFetcher: EventFetcher is interrupted.. Returning
26/03/02 03:30:44 INFO mapred.LocalJobRunner: 1 / 1 copied.
26/03/02 03:30:44 INFO reduce.MergeManagerImpl: finalMerge called with 1 in-memory map-outputs and 0 on-disk map-outputs
26/03/02 03:30:44 INFO mapred.Merger: Merging 1 sorted segments
26/03/02 03:30:44 INFO mapred.Merger: Down to the last merge-pass, with 1 segments left of total size: 50 bytes
26/03/02 03:30:44 INFO reduce.MergeManagerImpl: Merged 1 segments, 56 bytes to disk to satisfy reduce memory limit
26/03/02 03:30:44 INFO reduce.MergeManagerImpl: Merging 1 files, 60 bytes from disk
26/03/02 03:30:44 INFO reduce.MergeManagerImpl: Merging 0 segments, 0 bytes from memory into reduce
26/03/02 03:30:44 INFO mapred.Merger: Merging 1 sorted segments
26/03/02 03:30:44 INFO mapred.Merger: Down to the last merge-pass, with 1 segments left of total size: 50 bytes
26/03/02 03:30:44 INFO mapred.LocalJobRunner: 1 / 1 copied.
26/03/02 03:30:44 INFO mapred.Task: Task:attempt_local281690928_0003_r_000001_0 is done. And is in the process of committing
26/03/02 03:30:44 INFO mapred.LocalJobRunner: 1 / 1 copied.
26/03/02 03:30:44 INFO mapred.Task: Task attempt_local281690928_0003_r_000001_0 is allowed to commit now
26/03/02 03:30:44 INFO output.FileOutputCommitter: Saved output of task 'attempt_local281690928_0003_r_000001_0' to hdfs://localhost:9000/project2/task2/runs_report_plus/k3_r30_opt/iter_3/_temporary/0/task_local281690928_0003_r_000001
26/03/02 03:30:44 INFO mapred.LocalJobRunner: reduce > reduce
26/03/02 03:30:44 INFO mapred.Task: Task 'attempt_local281690928_0003_r_000001_0' done.
26/03/02 03:30:44 INFO mapred.Task: Final Counters for attempt_local281690928_0003_r_000001_0: Counters: 29
	File System Counters
		FILE: Number of bytes read=435802
		FILE: Number of bytes written=1322640
		FILE: Number of read operations=0
		FILE: Number of large read operations=0
		FILE: Number of write operations=0
		HDFS: Number of bytes read=2204539
		HDFS: Number of bytes written=1490
		HDFS: Number of read operations=123
		HDFS: Number of large read operations=0
		HDFS: Number of write operations=40
	Map-Reduce Framework
		Combine input records=0
		Combine output records=0
		Reduce input groups=1
		Reduce shuffle bytes=60
		Reduce input records=1
		Reduce output records=1
		Spilled Records=1
		Shuffled Maps =1
		Failed Shuffles=0
		Merged Map outputs=1
		GC time elapsed (ms)=0
		Total committed heap usage (bytes)=343408640
	Shuffle Errors
		BAD_ID=0
		CONNECTION=0
		IO_ERROR=0
		WRONG_LENGTH=0
		WRONG_MAP=0
		WRONG_REDUCE=0
	File Output Format Counters 
		Bytes Written=99
26/03/02 03:30:44 INFO mapred.LocalJobRunner: Finishing task: attempt_local281690928_0003_r_000001_0
26/03/02 03:30:44 INFO mapred.LocalJobRunner: Starting task: attempt_local281690928_0003_r_000002_0
26/03/02 03:30:44 INFO output.FileOutputCommitter: File Output Committer Algorithm version is 1
26/03/02 03:30:44 INFO mapred.Task:  Using ResourceCalculatorProcessTree : [ ]
26/03/02 03:30:44 INFO mapred.ReduceTask: Using ShuffleConsumerPlugin: org.apache.hadoop.mapreduce.task.reduce.Shuffle@6082a44d
26/03/02 03:30:44 INFO reduce.MergeManagerImpl: MergerManager: memoryLimit=334338464, maxSingleShuffleLimit=83584616, mergeThreshold=220663392, ioSortFactor=10, memToMemMergeOutputsThreshold=10
26/03/02 03:30:44 INFO reduce.EventFetcher: attempt_local281690928_0003_r_000002_0 Thread started: EventFetcher for fetching Map Completion Events
26/03/02 03:30:44 INFO reduce.LocalFetcher: localfetcher#9 about to shuffle output of map attempt_local281690928_0003_m_000000_0 decomp: 56 len: 60 to MEMORY
26/03/02 03:30:44 INFO reduce.InMemoryMapOutput: Read 56 bytes from map-output for attempt_local281690928_0003_m_000000_0
26/03/02 03:30:44 INFO reduce.MergeManagerImpl: closeInMemoryFile -> map-output of size: 56, inMemoryMapOutputs.size() -> 1, commitMemory -> 0, usedMemory ->56
26/03/02 03:30:44 INFO reduce.EventFetcher: EventFetcher is interrupted.. Returning
26/03/02 03:30:44 INFO mapred.LocalJobRunner: 1 / 1 copied.
26/03/02 03:30:44 INFO reduce.MergeManagerImpl: finalMerge called with 1 in-memory map-outputs and 0 on-disk map-outputs
26/03/02 03:30:44 INFO mapred.Merger: Merging 1 sorted segments
26/03/02 03:30:44 INFO mapred.Merger: Down to the last merge-pass, with 1 segments left of total size: 50 bytes
26/03/02 03:30:44 INFO reduce.MergeManagerImpl: Merged 1 segments, 56 bytes to disk to satisfy reduce memory limit
26/03/02 03:30:44 INFO reduce.MergeManagerImpl: Merging 1 files, 60 bytes from disk
26/03/02 03:30:44 INFO reduce.MergeManagerImpl: Merging 0 segments, 0 bytes from memory into reduce
26/03/02 03:30:44 INFO mapred.Merger: Merging 1 sorted segments
26/03/02 03:30:44 INFO mapred.Merger: Down to the last merge-pass, with 1 segments left of total size: 50 bytes
26/03/02 03:30:44 INFO mapred.LocalJobRunner: 1 / 1 copied.
26/03/02 03:30:44 INFO mapred.Task: Task:attempt_local281690928_0003_r_000002_0 is done. And is in the process of committing
26/03/02 03:30:44 INFO mapred.LocalJobRunner: 1 / 1 copied.
26/03/02 03:30:44 INFO mapred.Task: Task attempt_local281690928_0003_r_000002_0 is allowed to commit now
26/03/02 03:30:44 INFO output.FileOutputCommitter: Saved output of task 'attempt_local281690928_0003_r_000002_0' to hdfs://localhost:9000/project2/task2/runs_report_plus/k3_r30_opt/iter_3/_temporary/0/task_local281690928_0003_r_000002
26/03/02 03:30:44 INFO mapred.LocalJobRunner: reduce > reduce
26/03/02 03:30:44 INFO mapred.Task: Task 'attempt_local281690928_0003_r_000002_0' done.
26/03/02 03:30:44 INFO mapred.Task: Final Counters for attempt_local281690928_0003_r_000002_0: Counters: 29
	File System Counters
		FILE: Number of bytes read=436002
		FILE: Number of bytes written=1322700
		FILE: Number of read operations=0
		FILE: Number of large read operations=0
		FILE: Number of write operations=0
		HDFS: Number of bytes read=2204539
		HDFS: Number of bytes written=1591
		HDFS: Number of read operations=126
		HDFS: Number of large read operations=0
		HDFS: Number of write operations=42
	Map-Reduce Framework
		Combine input records=0
		Combine output records=0
		Reduce input groups=1
		Reduce shuffle bytes=60
		Reduce input records=1
		Reduce output records=1
		Spilled Records=1
		Shuffled Maps =1
		Failed Shuffles=0
		Merged Map outputs=1
		GC time elapsed (ms)=0
		Total committed heap usage (bytes)=343408640
	Shuffle Errors
		BAD_ID=0
		CONNECTION=0
		IO_ERROR=0
		WRONG_LENGTH=0
		WRONG_MAP=0
		WRONG_REDUCE=0
	File Output Format Counters 
		Bytes Written=101
26/03/02 03:30:44 INFO mapred.LocalJobRunner: Finishing task: attempt_local281690928_0003_r_000002_0
26/03/02 03:30:44 INFO mapred.LocalJobRunner: reduce task executor complete.
26/03/02 03:30:45 INFO mapreduce.Job: Job job_local281690928_0003 running in uber mode : false
26/03/02 03:30:45 INFO mapreduce.Job:  map 100% reduce 100%
26/03/02 03:30:45 INFO mapreduce.Job: Job job_local281690928_0003 completed successfully
26/03/02 03:30:45 INFO mapreduce.Job: Counters: 35
	File System Counters
		FILE: Number of bytes read=1742568
		FILE: Number of bytes written=5290440
		FILE: Number of read operations=0
		FILE: Number of large read operations=0
		FILE: Number of write operations=0
		HDFS: Number of bytes read=8818156
		HDFS: Number of bytes written=5764
		HDFS: Number of read operations=486
		HDFS: Number of large read operations=0
		HDFS: Number of write operations=156
	Map-Reduce Framework
		Map input records=10000
		Map output records=10000
		Map output bytes=520000
		Map output materialized bytes=180
		Input split bytes=121
		Combine input records=10000
		Combine output records=3
		Reduce input groups=3
		Reduce shuffle bytes=180
		Reduce input records=3
		Reduce output records=3
		Spilled Records=6
		Shuffled Maps =3
		Failed Shuffles=0
		Merged Map outputs=3
		GC time elapsed (ms)=212
		Total committed heap usage (bytes)=1373634560
	Shuffle Errors
		BAD_ID=0
		CONNECTION=0
		IO_ERROR=0
		WRONG_LENGTH=0
		WRONG_MAP=0
		WRONG_REDUCE=0
	File Input Format Counters 
		Bytes Read=733758
	File Output Format Counters 
		Bytes Written=299
26/03/02 03:30:45 INFO jvm.JvmMetrics: Cannot initialize JVM Metrics with processName=JobTracker, sessionId= - already initialized
26/03/02 03:30:45 WARN mapreduce.JobResourceUploader: Hadoop command-line option parsing not performed. Implement the Tool interface and execute your application with ToolRunner to remedy this.
26/03/02 03:30:45 INFO input.FileInputFormat: Total input paths to process : 1
26/03/02 03:30:45 INFO mapreduce.JobSubmitter: number of splits:1
26/03/02 03:30:45 INFO mapreduce.JobSubmitter: Submitting tokens for job: job_local689715461_0004
26/03/02 03:30:45 INFO mapred.LocalDistributedCacheManager: Creating symlink: /tmp/hadoop-ds503/mapred/local/1772422245606/centers_iter_3.csv <- /home/ds503/centers_iter_3.csv
26/03/02 03:30:45 INFO mapred.LocalDistributedCacheManager: Localized hdfs://localhost:9000/project2/task2/runs_report_plus/k3_r30_opt/centers_iter_3.csv as file:/tmp/hadoop-ds503/mapred/local/1772422245606/centers_iter_3.csv
26/03/02 03:30:45 INFO mapreduce.Job: The url to track the job: http://localhost:8080/
26/03/02 03:30:45 INFO mapreduce.Job: Running job: job_local689715461_0004
26/03/02 03:30:45 INFO mapred.LocalJobRunner: OutputCommitter set in config null
26/03/02 03:30:45 INFO output.FileOutputCommitter: File Output Committer Algorithm version is 1
26/03/02 03:30:45 INFO mapred.LocalJobRunner: OutputCommitter is org.apache.hadoop.mapreduce.lib.output.FileOutputCommitter
26/03/02 03:30:45 INFO mapred.LocalJobRunner: Waiting for map tasks
26/03/02 03:30:45 INFO mapred.LocalJobRunner: Starting task: attempt_local689715461_0004_m_000000_0
26/03/02 03:30:45 INFO output.FileOutputCommitter: File Output Committer Algorithm version is 1
26/03/02 03:30:45 INFO mapred.Task:  Using ResourceCalculatorProcessTree : [ ]
26/03/02 03:30:45 INFO mapred.MapTask: Processing split: hdfs://localhost:9000/project2/task2/input/points_4d.csv:0+733758
26/03/02 03:30:45 INFO mapred.MapTask: (EQUATOR) 0 kvi 26214396(104857584)
26/03/02 03:30:45 INFO mapred.MapTask: mapreduce.task.io.sort.mb: 100
26/03/02 03:30:45 INFO mapred.MapTask: soft limit at 83886080
26/03/02 03:30:45 INFO mapred.MapTask: bufstart = 0; bufvoid = 104857600
26/03/02 03:30:45 INFO mapred.MapTask: kvstart = 26214396; length = 6553600
26/03/02 03:30:45 INFO mapred.MapTask: Map output collector class = org.apache.hadoop.mapred.MapTask$MapOutputBuffer
26/03/02 03:30:45 INFO mapred.LocalJobRunner: 
26/03/02 03:30:45 INFO mapred.MapTask: Starting flush of map output
26/03/02 03:30:45 INFO mapred.MapTask: Spilling map output
26/03/02 03:30:45 INFO mapred.MapTask: bufstart = 0; bufend = 520000; bufvoid = 104857600
26/03/02 03:30:45 INFO mapred.MapTask: kvstart = 26214396(104857584); kvend = 26174400(104697600); length = 39997/6553600
26/03/02 03:30:45 INFO mapred.MapTask: Finished spill 0
26/03/02 03:30:45 INFO mapred.Task: Task:attempt_local689715461_0004_m_000000_0 is done. And is in the process of committing
26/03/02 03:30:45 INFO mapred.LocalJobRunner: map
26/03/02 03:30:45 INFO mapred.Task: Task 'attempt_local689715461_0004_m_000000_0' done.
26/03/02 03:30:45 INFO mapred.Task: Final Counters for attempt_local689715461_0004_m_000000_0: Counters: 23
	File System Counters
		FILE: Number of bytes read=580556
		FILE: Number of bytes written=1762883
		FILE: Number of read operations=0
		FILE: Number of large read operations=0
		FILE: Number of write operations=0
		HDFS: Number of bytes read=2939561
		HDFS: Number of bytes written=1811
		HDFS: Number of read operations=165
		HDFS: Number of large read operations=0
		HDFS: Number of write operations=51
	Map-Reduce Framework
		Map input records=10000
		Map output records=10000
		Map output bytes=520000
		Map output materialized bytes=180
		Input split bytes=121
		Combine input records=10000
		Combine output records=3
		Spilled Records=3
		Failed Shuffles=0
		Merged Map outputs=0
		GC time elapsed (ms)=0
		Total committed heap usage (bytes)=448790528
	File Input Format Counters 
		Bytes Read=733758
26/03/02 03:30:45 INFO mapred.LocalJobRunner: Finishing task: attempt_local689715461_0004_m_000000_0
26/03/02 03:30:45 INFO mapred.LocalJobRunner: map task executor complete.
26/03/02 03:30:45 INFO mapred.LocalJobRunner: Waiting for reduce tasks
26/03/02 03:30:45 INFO mapred.LocalJobRunner: Starting task: attempt_local689715461_0004_r_000000_0
26/03/02 03:30:45 INFO output.FileOutputCommitter: File Output Committer Algorithm version is 1
26/03/02 03:30:45 INFO mapred.Task:  Using ResourceCalculatorProcessTree : [ ]
26/03/02 03:30:45 INFO mapred.ReduceTask: Using ShuffleConsumerPlugin: org.apache.hadoop.mapreduce.task.reduce.Shuffle@fb6294f
26/03/02 03:30:45 INFO reduce.MergeManagerImpl: MergerManager: memoryLimit=334338464, maxSingleShuffleLimit=83584616, mergeThreshold=220663392, ioSortFactor=10, memToMemMergeOutputsThreshold=10
26/03/02 03:30:45 INFO reduce.EventFetcher: attempt_local689715461_0004_r_000000_0 Thread started: EventFetcher for fetching Map Completion Events
26/03/02 03:30:45 INFO reduce.LocalFetcher: localfetcher#10 about to shuffle output of map attempt_local689715461_0004_m_000000_0 decomp: 56 len: 60 to MEMORY
26/03/02 03:30:45 INFO reduce.InMemoryMapOutput: Read 56 bytes from map-output for attempt_local689715461_0004_m_000000_0
26/03/02 03:30:45 INFO reduce.MergeManagerImpl: closeInMemoryFile -> map-output of size: 56, inMemoryMapOutputs.size() -> 1, commitMemory -> 0, usedMemory ->56
26/03/02 03:30:45 WARN io.ReadaheadPool: Failed readahead on ifile
EBADF: Bad file descriptor
	at org.apache.hadoop.io.nativeio.NativeIO$POSIX.posix_fadvise(Native Method)
	at org.apache.hadoop.io.nativeio.NativeIO$POSIX.posixFadviseIfPossible(NativeIO.java:267)
	at org.apache.hadoop.io.nativeio.NativeIO$POSIX$CacheManipulator.posixFadviseIfPossible(NativeIO.java:146)
	at org.apache.hadoop.io.ReadaheadPool$ReadaheadRequestImpl.run(ReadaheadPool.java:206)
	at java.util.concurrent.ThreadPoolExecutor.runWorker(ThreadPoolExecutor.java:1149)
	at java.util.concurrent.ThreadPoolExecutor$Worker.run(ThreadPoolExecutor.java:624)
	at java.lang.Thread.run(Thread.java:748)
26/03/02 03:30:45 INFO reduce.EventFetcher: EventFetcher is interrupted.. Returning
26/03/02 03:30:45 INFO mapred.LocalJobRunner: 1 / 1 copied.
26/03/02 03:30:45 INFO reduce.MergeManagerImpl: finalMerge called with 1 in-memory map-outputs and 0 on-disk map-outputs
26/03/02 03:30:45 INFO mapred.Merger: Merging 1 sorted segments
26/03/02 03:30:45 INFO mapred.Merger: Down to the last merge-pass, with 1 segments left of total size: 50 bytes
26/03/02 03:30:45 INFO reduce.MergeManagerImpl: Merged 1 segments, 56 bytes to disk to satisfy reduce memory limit
26/03/02 03:30:45 INFO reduce.MergeManagerImpl: Merging 1 files, 60 bytes from disk
26/03/02 03:30:45 INFO reduce.MergeManagerImpl: Merging 0 segments, 0 bytes from memory into reduce
26/03/02 03:30:45 INFO mapred.Merger: Merging 1 sorted segments
26/03/02 03:30:45 INFO mapred.Merger: Down to the last merge-pass, with 1 segments left of total size: 50 bytes
26/03/02 03:30:45 INFO mapred.LocalJobRunner: 1 / 1 copied.
26/03/02 03:30:45 INFO mapred.Task: Task:attempt_local689715461_0004_r_000000_0 is done. And is in the process of committing
26/03/02 03:30:45 INFO mapred.LocalJobRunner: 1 / 1 copied.
26/03/02 03:30:45 INFO mapred.Task: Task attempt_local689715461_0004_r_000000_0 is allowed to commit now
26/03/02 03:30:45 INFO output.FileOutputCommitter: Saved output of task 'attempt_local689715461_0004_r_000000_0' to hdfs://localhost:9000/project2/task2/runs_report_plus/k3_r30_opt/iter_4/_temporary/0/task_local689715461_0004_r_000000
26/03/02 03:30:45 INFO mapred.LocalJobRunner: reduce > reduce
26/03/02 03:30:45 INFO mapred.Task: Task 'attempt_local689715461_0004_r_000000_0' done.
26/03/02 03:30:45 INFO mapred.Task: Final Counters for attempt_local689715461_0004_r_000000_0: Counters: 29
	File System Counters
		FILE: Number of bytes read=580876
		FILE: Number of bytes written=1762943
		FILE: Number of read operations=0
		FILE: Number of large read operations=0
		FILE: Number of write operations=0
		HDFS: Number of bytes read=2939561
		HDFS: Number of bytes written=1914
		HDFS: Number of read operations=168
		HDFS: Number of large read operations=0
		HDFS: Number of write operations=53
	Map-Reduce Framework
		Combine input records=0
		Combine output records=0
		Reduce input groups=1
		Reduce shuffle bytes=60
		Reduce input records=1
		Reduce output records=1
		Spilled Records=1
		Shuffled Maps =1
		Failed Shuffles=0
		Merged Map outputs=1
		GC time elapsed (ms)=0
		Total committed heap usage (bytes)=448790528
	Shuffle Errors
		BAD_ID=0
		CONNECTION=0
		IO_ERROR=0
		WRONG_LENGTH=0
		WRONG_MAP=0
		WRONG_REDUCE=0
	File Output Format Counters 
		Bytes Written=103
26/03/02 03:30:45 INFO mapred.LocalJobRunner: Finishing task: attempt_local689715461_0004_r_000000_0
26/03/02 03:30:45 INFO mapred.LocalJobRunner: Starting task: attempt_local689715461_0004_r_000001_0
26/03/02 03:30:45 INFO output.FileOutputCommitter: File Output Committer Algorithm version is 1
26/03/02 03:30:45 INFO mapred.Task:  Using ResourceCalculatorProcessTree : [ ]
26/03/02 03:30:45 INFO mapred.ReduceTask: Using ShuffleConsumerPlugin: org.apache.hadoop.mapreduce.task.reduce.Shuffle@7e0e69e5
26/03/02 03:30:45 INFO reduce.MergeManagerImpl: MergerManager: memoryLimit=334338464, maxSingleShuffleLimit=83584616, mergeThreshold=220663392, ioSortFactor=10, memToMemMergeOutputsThreshold=10
26/03/02 03:30:45 INFO reduce.EventFetcher: attempt_local689715461_0004_r_000001_0 Thread started: EventFetcher for fetching Map Completion Events
26/03/02 03:30:45 INFO reduce.LocalFetcher: localfetcher#11 about to shuffle output of map attempt_local689715461_0004_m_000000_0 decomp: 56 len: 60 to MEMORY
26/03/02 03:30:45 INFO reduce.InMemoryMapOutput: Read 56 bytes from map-output for attempt_local689715461_0004_m_000000_0
26/03/02 03:30:45 INFO reduce.MergeManagerImpl: closeInMemoryFile -> map-output of size: 56, inMemoryMapOutputs.size() -> 1, commitMemory -> 0, usedMemory ->56
26/03/02 03:30:45 WARN io.ReadaheadPool: Failed readahead on ifile
EBADF: Bad file descriptor
	at org.apache.hadoop.io.nativeio.NativeIO$POSIX.posix_fadvise(Native Method)
	at org.apache.hadoop.io.nativeio.NativeIO$POSIX.posixFadviseIfPossible(NativeIO.java:267)
	at org.apache.hadoop.io.nativeio.NativeIO$POSIX$CacheManipulator.posixFadviseIfPossible(NativeIO.java:146)
	at org.apache.hadoop.io.ReadaheadPool$ReadaheadRequestImpl.run(ReadaheadPool.java:206)
	at java.util.concurrent.ThreadPoolExecutor.runWorker(ThreadPoolExecutor.java:1149)
	at java.util.concurrent.ThreadPoolExecutor$Worker.run(ThreadPoolExecutor.java:624)
	at java.lang.Thread.run(Thread.java:748)
26/03/02 03:30:45 INFO reduce.EventFetcher: EventFetcher is interrupted.. Returning
26/03/02 03:30:45 INFO mapred.LocalJobRunner: 1 / 1 copied.
26/03/02 03:30:45 INFO reduce.MergeManagerImpl: finalMerge called with 1 in-memory map-outputs and 0 on-disk map-outputs
26/03/02 03:30:45 INFO mapred.Merger: Merging 1 sorted segments
26/03/02 03:30:45 INFO mapred.Merger: Down to the last merge-pass, with 1 segments left of total size: 50 bytes
26/03/02 03:30:45 INFO reduce.MergeManagerImpl: Merged 1 segments, 56 bytes to disk to satisfy reduce memory limit
26/03/02 03:30:45 INFO reduce.MergeManagerImpl: Merging 1 files, 60 bytes from disk
26/03/02 03:30:45 INFO reduce.MergeManagerImpl: Merging 0 segments, 0 bytes from memory into reduce
26/03/02 03:30:45 INFO mapred.Merger: Merging 1 sorted segments
26/03/02 03:30:45 INFO mapred.Merger: Down to the last merge-pass, with 1 segments left of total size: 50 bytes
26/03/02 03:30:45 INFO mapred.LocalJobRunner: 1 / 1 copied.
26/03/02 03:30:45 INFO mapred.Task: Task:attempt_local689715461_0004_r_000001_0 is done. And is in the process of committing
26/03/02 03:30:45 INFO mapred.LocalJobRunner: 1 / 1 copied.
26/03/02 03:30:45 INFO mapred.Task: Task attempt_local689715461_0004_r_000001_0 is allowed to commit now
26/03/02 03:30:45 INFO output.FileOutputCommitter: Saved output of task 'attempt_local689715461_0004_r_000001_0' to hdfs://localhost:9000/project2/task2/runs_report_plus/k3_r30_opt/iter_4/_temporary/0/task_local689715461_0004_r_000001
26/03/02 03:30:45 INFO mapred.LocalJobRunner: reduce > reduce
26/03/02 03:30:45 INFO mapred.Task: Task 'attempt_local689715461_0004_r_000001_0' done.
26/03/02 03:30:45 INFO mapred.Task: Final Counters for attempt_local689715461_0004_r_000001_0: Counters: 29
	File System Counters
		FILE: Number of bytes read=581136
		FILE: Number of bytes written=1763003
		FILE: Number of read operations=0
		FILE: Number of large read operations=0
		FILE: Number of write operations=0
		HDFS: Number of bytes read=2939561
		HDFS: Number of bytes written=2017
		HDFS: Number of read operations=171
		HDFS: Number of large read operations=0
		HDFS: Number of write operations=55
	Map-Reduce Framework
		Combine input records=0
		Combine output records=0
		Reduce input groups=1
		Reduce shuffle bytes=60
		Reduce input records=1
		Reduce output records=1
		Spilled Records=1
		Shuffled Maps =1
		Failed Shuffles=0
		Merged Map outputs=1
		GC time elapsed (ms)=0
		Total committed heap usage (bytes)=448790528
	Shuffle Errors
		BAD_ID=0
		CONNECTION=0
		IO_ERROR=0
		WRONG_LENGTH=0
		WRONG_MAP=0
		WRONG_REDUCE=0
	File Output Format Counters 
		Bytes Written=103
26/03/02 03:30:45 INFO mapred.LocalJobRunner: Finishing task: attempt_local689715461_0004_r_000001_0
26/03/02 03:30:45 INFO mapred.LocalJobRunner: Starting task: attempt_local689715461_0004_r_000002_0
26/03/02 03:30:45 INFO output.FileOutputCommitter: File Output Committer Algorithm version is 1
26/03/02 03:30:45 INFO mapred.Task:  Using ResourceCalculatorProcessTree : [ ]
26/03/02 03:30:45 INFO mapred.ReduceTask: Using ShuffleConsumerPlugin: org.apache.hadoop.mapreduce.task.reduce.Shuffle@206323bd
26/03/02 03:30:45 INFO reduce.MergeManagerImpl: MergerManager: memoryLimit=334338464, maxSingleShuffleLimit=83584616, mergeThreshold=220663392, ioSortFactor=10, memToMemMergeOutputsThreshold=10
26/03/02 03:30:45 INFO reduce.EventFetcher: attempt_local689715461_0004_r_000002_0 Thread started: EventFetcher for fetching Map Completion Events
26/03/02 03:30:45 INFO reduce.LocalFetcher: localfetcher#12 about to shuffle output of map attempt_local689715461_0004_m_000000_0 decomp: 56 len: 60 to MEMORY
26/03/02 03:30:45 INFO reduce.InMemoryMapOutput: Read 56 bytes from map-output for attempt_local689715461_0004_m_000000_0
26/03/02 03:30:45 INFO reduce.MergeManagerImpl: closeInMemoryFile -> map-output of size: 56, inMemoryMapOutputs.size() -> 1, commitMemory -> 0, usedMemory ->56
26/03/02 03:30:45 INFO reduce.EventFetcher: EventFetcher is interrupted.. Returning
26/03/02 03:30:45 INFO mapred.LocalJobRunner: 1 / 1 copied.
26/03/02 03:30:45 INFO reduce.MergeManagerImpl: finalMerge called with 1 in-memory map-outputs and 0 on-disk map-outputs
26/03/02 03:30:45 INFO mapred.Merger: Merging 1 sorted segments
26/03/02 03:30:45 INFO mapred.Merger: Down to the last merge-pass, with 1 segments left of total size: 50 bytes
26/03/02 03:30:45 INFO reduce.MergeManagerImpl: Merged 1 segments, 56 bytes to disk to satisfy reduce memory limit
26/03/02 03:30:45 INFO reduce.MergeManagerImpl: Merging 1 files, 60 bytes from disk
26/03/02 03:30:45 INFO reduce.MergeManagerImpl: Merging 0 segments, 0 bytes from memory into reduce
26/03/02 03:30:45 INFO mapred.Merger: Merging 1 sorted segments
26/03/02 03:30:45 INFO mapred.Merger: Down to the last merge-pass, with 1 segments left of total size: 50 bytes
26/03/02 03:30:45 INFO mapred.LocalJobRunner: 1 / 1 copied.
26/03/02 03:30:45 INFO mapred.Task: Task:attempt_local689715461_0004_r_000002_0 is done. And is in the process of committing
26/03/02 03:30:45 INFO mapred.LocalJobRunner: 1 / 1 copied.
26/03/02 03:30:45 INFO mapred.Task: Task attempt_local689715461_0004_r_000002_0 is allowed to commit now
26/03/02 03:30:45 INFO output.FileOutputCommitter: Saved output of task 'attempt_local689715461_0004_r_000002_0' to hdfs://localhost:9000/project2/task2/runs_report_plus/k3_r30_opt/iter_4/_temporary/0/task_local689715461_0004_r_000002
26/03/02 03:30:45 INFO mapred.LocalJobRunner: reduce > reduce
26/03/02 03:30:45 INFO mapred.Task: Task 'attempt_local689715461_0004_r_000002_0' done.
26/03/02 03:30:45 INFO mapred.Task: Final Counters for attempt_local689715461_0004_r_000002_0: Counters: 29
	File System Counters
		FILE: Number of bytes read=581336
		FILE: Number of bytes written=1763063
		FILE: Number of read operations=0
		FILE: Number of large read operations=0
		FILE: Number of write operations=0
		HDFS: Number of bytes read=2939561
		HDFS: Number of bytes written=2119
		HDFS: Number of read operations=174
		HDFS: Number of large read operations=0
		HDFS: Number of write operations=57
	Map-Reduce Framework
		Combine input records=0
		Combine output records=0
		Reduce input groups=1
		Reduce shuffle bytes=60
		Reduce input records=1
		Reduce output records=1
		Spilled Records=1
		Shuffled Maps =1
		Failed Shuffles=0
		Merged Map outputs=1
		GC time elapsed (ms)=0
		Total committed heap usage (bytes)=448790528
	Shuffle Errors
		BAD_ID=0
		CONNECTION=0
		IO_ERROR=0
		WRONG_LENGTH=0
		WRONG_MAP=0
		WRONG_REDUCE=0
	File Output Format Counters 
		Bytes Written=102
26/03/02 03:30:45 INFO mapred.LocalJobRunner: Finishing task: attempt_local689715461_0004_r_000002_0
26/03/02 03:30:45 INFO mapred.LocalJobRunner: reduce task executor complete.
26/03/02 03:30:46 INFO mapreduce.Job: Job job_local689715461_0004 running in uber mode : false
26/03/02 03:30:46 INFO mapreduce.Job:  map 100% reduce 100%
26/03/02 03:30:46 INFO mapreduce.Job: Job job_local689715461_0004 completed successfully
26/03/02 03:30:46 INFO mapreduce.Job: Counters: 35
	File System Counters
		FILE: Number of bytes read=2323904
		FILE: Number of bytes written=7051892
		FILE: Number of read operations=0
		FILE: Number of large read operations=0
		FILE: Number of write operations=0
		HDFS: Number of bytes read=11758244
		HDFS: Number of bytes written=7861
		HDFS: Number of read operations=678
		HDFS: Number of large read operations=0
		HDFS: Number of write operations=216
	Map-Reduce Framework
		Map input records=10000
		Map output records=10000
		Map output bytes=520000
		Map output materialized bytes=180
		Input split bytes=121
		Combine input records=10000
		Combine output records=3
		Reduce input groups=3
		Reduce shuffle bytes=180
		Reduce input records=3
		Reduce output records=3
		Spilled Records=6
		Shuffled Maps =3
		Failed Shuffles=0
		Merged Map outputs=3
		GC time elapsed (ms)=0
		Total committed heap usage (bytes)=1795162112
	Shuffle Errors
		BAD_ID=0
		CONNECTION=0
		IO_ERROR=0
		WRONG_LENGTH=0
		WRONG_MAP=0
		WRONG_REDUCE=0
	File Input Format Counters 
		Bytes Read=733758
	File Output Format Counters 
		Bytes Written=308
26/03/02 03:30:46 INFO jvm.JvmMetrics: Cannot initialize JVM Metrics with processName=JobTracker, sessionId= - already initialized
26/03/02 03:30:46 WARN mapreduce.JobResourceUploader: Hadoop command-line option parsing not performed. Implement the Tool interface and execute your application with ToolRunner to remedy this.
26/03/02 03:30:46 INFO input.FileInputFormat: Total input paths to process : 1
26/03/02 03:30:46 INFO mapreduce.JobSubmitter: number of splits:1
26/03/02 03:30:46 INFO mapreduce.JobSubmitter: Submitting tokens for job: job_local589289544_0005
26/03/02 03:30:46 INFO mapred.LocalDistributedCacheManager: Creating symlink: /tmp/hadoop-ds503/mapred/local/1772422246724/centers_iter_4.csv <- /home/ds503/centers_iter_4.csv
26/03/02 03:30:46 INFO mapred.LocalDistributedCacheManager: Localized hdfs://localhost:9000/project2/task2/runs_report_plus/k3_r30_opt/centers_iter_4.csv as file:/tmp/hadoop-ds503/mapred/local/1772422246724/centers_iter_4.csv
26/03/02 03:30:46 INFO mapreduce.Job: The url to track the job: http://localhost:8080/
26/03/02 03:30:46 INFO mapreduce.Job: Running job: job_local589289544_0005
26/03/02 03:30:46 INFO mapred.LocalJobRunner: OutputCommitter set in config null
26/03/02 03:30:46 INFO output.FileOutputCommitter: File Output Committer Algorithm version is 1
26/03/02 03:30:46 INFO mapred.LocalJobRunner: OutputCommitter is org.apache.hadoop.mapreduce.lib.output.FileOutputCommitter
26/03/02 03:30:46 INFO mapred.LocalJobRunner: Waiting for map tasks
26/03/02 03:30:46 INFO mapred.LocalJobRunner: Starting task: attempt_local589289544_0005_m_000000_0
26/03/02 03:30:46 INFO output.FileOutputCommitter: File Output Committer Algorithm version is 1
26/03/02 03:30:46 INFO mapred.Task:  Using ResourceCalculatorProcessTree : [ ]
26/03/02 03:30:46 INFO mapred.MapTask: Processing split: hdfs://localhost:9000/project2/task2/input/points_4d.csv:0+733758
26/03/02 03:30:46 INFO mapred.MapTask: (EQUATOR) 0 kvi 26214396(104857584)
26/03/02 03:30:46 INFO mapred.MapTask: mapreduce.task.io.sort.mb: 100
26/03/02 03:30:46 INFO mapred.MapTask: soft limit at 83886080
26/03/02 03:30:46 INFO mapred.MapTask: bufstart = 0; bufvoid = 104857600
26/03/02 03:30:46 INFO mapred.MapTask: kvstart = 26214396; length = 6553600
26/03/02 03:30:46 INFO mapred.MapTask: Map output collector class = org.apache.hadoop.mapred.MapTask$MapOutputBuffer
26/03/02 03:30:46 INFO mapred.LocalJobRunner: 
26/03/02 03:30:46 INFO mapred.MapTask: Starting flush of map output
26/03/02 03:30:46 INFO mapred.MapTask: Spilling map output
26/03/02 03:30:46 INFO mapred.MapTask: bufstart = 0; bufend = 520000; bufvoid = 104857600
26/03/02 03:30:46 INFO mapred.MapTask: kvstart = 26214396(104857584); kvend = 26174400(104697600); length = 39997/6553600
26/03/02 03:30:46 INFO mapred.MapTask: Finished spill 0
26/03/02 03:30:46 INFO mapred.Task: Task:attempt_local589289544_0005_m_000000_0 is done. And is in the process of committing
26/03/02 03:30:46 INFO mapred.LocalJobRunner: map
26/03/02 03:30:46 INFO mapred.Task: Task 'attempt_local589289544_0005_m_000000_0' done.
26/03/02 03:30:46 INFO mapred.Task: Final Counters for attempt_local589289544_0005_m_000000_0: Counters: 23
	File System Counters
		FILE: Number of bytes read=725890
		FILE: Number of bytes written=2203255
		FILE: Number of read operations=0
		FILE: Number of large read operations=0
		FILE: Number of write operations=0
		HDFS: Number of bytes read=3674613
		HDFS: Number of bytes written=2348
		HDFS: Number of read operations=213
		HDFS: Number of large read operations=0
		HDFS: Number of write operations=66
	Map-Reduce Framework
		Map input records=10000
		Map output records=10000
		Map output bytes=520000
		Map output materialized bytes=180
		Input split bytes=121
		Combine input records=10000
		Combine output records=3
		Spilled Records=3
		Failed Shuffles=0
		Merged Map outputs=0
		GC time elapsed (ms)=0
		Total committed heap usage (bytes)=527958016
	File Input Format Counters 
		Bytes Read=733758
26/03/02 03:30:46 INFO mapred.LocalJobRunner: Finishing task: attempt_local589289544_0005_m_000000_0
26/03/02 03:30:46 INFO mapred.LocalJobRunner: map task executor complete.
26/03/02 03:30:46 INFO mapred.LocalJobRunner: Waiting for reduce tasks
26/03/02 03:30:46 INFO mapred.LocalJobRunner: Starting task: attempt_local589289544_0005_r_000000_0
26/03/02 03:30:46 INFO output.FileOutputCommitter: File Output Committer Algorithm version is 1
26/03/02 03:30:46 INFO mapred.Task:  Using ResourceCalculatorProcessTree : [ ]
26/03/02 03:30:46 INFO mapred.ReduceTask: Using ShuffleConsumerPlugin: org.apache.hadoop.mapreduce.task.reduce.Shuffle@24b25e62
26/03/02 03:30:46 INFO reduce.MergeManagerImpl: MergerManager: memoryLimit=369570592, maxSingleShuffleLimit=92392648, mergeThreshold=243916608, ioSortFactor=10, memToMemMergeOutputsThreshold=10
26/03/02 03:30:46 INFO reduce.EventFetcher: attempt_local589289544_0005_r_000000_0 Thread started: EventFetcher for fetching Map Completion Events
26/03/02 03:30:46 INFO reduce.LocalFetcher: localfetcher#13 about to shuffle output of map attempt_local589289544_0005_m_000000_0 decomp: 56 len: 60 to MEMORY
26/03/02 03:30:46 INFO reduce.InMemoryMapOutput: Read 56 bytes from map-output for attempt_local589289544_0005_m_000000_0
26/03/02 03:30:46 WARN io.ReadaheadPool: Failed readahead on ifile
EBADF: Bad file descriptor
	at org.apache.hadoop.io.nativeio.NativeIO$POSIX.posix_fadvise(Native Method)
	at org.apache.hadoop.io.nativeio.NativeIO$POSIX.posixFadviseIfPossible(NativeIO.java:267)
	at org.apache.hadoop.io.nativeio.NativeIO$POSIX$CacheManipulator.posixFadviseIfPossible(NativeIO.java:146)
	at org.apache.hadoop.io.ReadaheadPool$ReadaheadRequestImpl.run(ReadaheadPool.java:206)
	at java.util.concurrent.ThreadPoolExecutor.runWorker(ThreadPoolExecutor.java:1149)
	at java.util.concurrent.ThreadPoolExecutor$Worker.run(ThreadPoolExecutor.java:624)
	at java.lang.Thread.run(Thread.java:748)
26/03/02 03:30:46 INFO reduce.MergeManagerImpl: closeInMemoryFile -> map-output of size: 56, inMemoryMapOutputs.size() -> 1, commitMemory -> 0, usedMemory ->56
26/03/02 03:30:46 INFO reduce.EventFetcher: EventFetcher is interrupted.. Returning
26/03/02 03:30:46 INFO mapred.LocalJobRunner: 1 / 1 copied.
26/03/02 03:30:46 INFO reduce.MergeManagerImpl: finalMerge called with 1 in-memory map-outputs and 0 on-disk map-outputs
26/03/02 03:30:46 INFO mapred.Merger: Merging 1 sorted segments
26/03/02 03:30:46 INFO mapred.Merger: Down to the last merge-pass, with 1 segments left of total size: 50 bytes
26/03/02 03:30:46 INFO reduce.MergeManagerImpl: Merged 1 segments, 56 bytes to disk to satisfy reduce memory limit
26/03/02 03:30:46 INFO reduce.MergeManagerImpl: Merging 1 files, 60 bytes from disk
26/03/02 03:30:46 INFO reduce.MergeManagerImpl: Merging 0 segments, 0 bytes from memory into reduce
26/03/02 03:30:46 INFO mapred.Merger: Merging 1 sorted segments
26/03/02 03:30:46 INFO mapred.Merger: Down to the last merge-pass, with 1 segments left of total size: 50 bytes
26/03/02 03:30:46 INFO mapred.LocalJobRunner: 1 / 1 copied.
26/03/02 03:30:46 INFO mapred.Task: Task:attempt_local589289544_0005_r_000000_0 is done. And is in the process of committing
26/03/02 03:30:46 INFO mapred.LocalJobRunner: 1 / 1 copied.
26/03/02 03:30:46 INFO mapred.Task: Task attempt_local589289544_0005_r_000000_0 is allowed to commit now
26/03/02 03:30:46 INFO output.FileOutputCommitter: Saved output of task 'attempt_local589289544_0005_r_000000_0' to hdfs://localhost:9000/project2/task2/runs_report_plus/k3_r30_opt/iter_5/_temporary/0/task_local589289544_0005_r_000000
26/03/02 03:30:46 INFO mapred.LocalJobRunner: reduce > reduce
26/03/02 03:30:46 INFO mapred.Task: Task 'attempt_local589289544_0005_r_000000_0' done.
26/03/02 03:30:46 INFO mapred.Task: Final Counters for attempt_local589289544_0005_r_000000_0: Counters: 29
	File System Counters
		FILE: Number of bytes read=726210
		FILE: Number of bytes written=2203315
		FILE: Number of read operations=0
		FILE: Number of large read operations=0
		FILE: Number of write operations=0
		HDFS: Number of bytes read=3674613
		HDFS: Number of bytes written=2450
		HDFS: Number of read operations=216
		HDFS: Number of large read operations=0
		HDFS: Number of write operations=68
	Map-Reduce Framework
		Combine input records=0
		Combine output records=0
		Reduce input groups=1
		Reduce shuffle bytes=60
		Reduce input records=1
		Reduce output records=1
		Spilled Records=1
		Shuffled Maps =1
		Failed Shuffles=0
		Merged Map outputs=1
		GC time elapsed (ms)=0
		Total committed heap usage (bytes)=527958016
	Shuffle Errors
		BAD_ID=0
		CONNECTION=0
		IO_ERROR=0
		WRONG_LENGTH=0
		WRONG_MAP=0
		WRONG_REDUCE=0
	File Output Format Counters 
		Bytes Written=102
26/03/02 03:30:46 INFO mapred.LocalJobRunner: Finishing task: attempt_local589289544_0005_r_000000_0
26/03/02 03:30:46 INFO mapred.LocalJobRunner: Starting task: attempt_local589289544_0005_r_000001_0
26/03/02 03:30:46 INFO output.FileOutputCommitter: File Output Committer Algorithm version is 1
26/03/02 03:30:46 INFO mapred.Task:  Using ResourceCalculatorProcessTree : [ ]
26/03/02 03:30:46 INFO mapred.ReduceTask: Using ShuffleConsumerPlugin: org.apache.hadoop.mapreduce.task.reduce.Shuffle@5dbfbcfa
26/03/02 03:30:46 INFO reduce.MergeManagerImpl: MergerManager: memoryLimit=369570592, maxSingleShuffleLimit=92392648, mergeThreshold=243916608, ioSortFactor=10, memToMemMergeOutputsThreshold=10
26/03/02 03:30:46 INFO reduce.EventFetcher: attempt_local589289544_0005_r_000001_0 Thread started: EventFetcher for fetching Map Completion Events
26/03/02 03:30:46 INFO reduce.LocalFetcher: localfetcher#14 about to shuffle output of map attempt_local589289544_0005_m_000000_0 decomp: 56 len: 60 to MEMORY
26/03/02 03:30:46 INFO reduce.InMemoryMapOutput: Read 56 bytes from map-output for attempt_local589289544_0005_m_000000_0
26/03/02 03:30:46 INFO reduce.MergeManagerImpl: closeInMemoryFile -> map-output of size: 56, inMemoryMapOutputs.size() -> 1, commitMemory -> 0, usedMemory ->56
26/03/02 03:30:46 WARN io.ReadaheadPool: Failed readahead on ifile
EBADF: Bad file descriptor
	at org.apache.hadoop.io.nativeio.NativeIO$POSIX.posix_fadvise(Native Method)
	at org.apache.hadoop.io.nativeio.NativeIO$POSIX.posixFadviseIfPossible(NativeIO.java:267)
	at org.apache.hadoop.io.nativeio.NativeIO$POSIX$CacheManipulator.posixFadviseIfPossible(NativeIO.java:146)
	at org.apache.hadoop.io.ReadaheadPool$ReadaheadRequestImpl.run(ReadaheadPool.java:206)
	at java.util.concurrent.ThreadPoolExecutor.runWorker(ThreadPoolExecutor.java:1149)
	at java.util.concurrent.ThreadPoolExecutor$Worker.run(ThreadPoolExecutor.java:624)
	at java.lang.Thread.run(Thread.java:748)
26/03/02 03:30:46 INFO reduce.EventFetcher: EventFetcher is interrupted.. Returning
26/03/02 03:30:46 INFO mapred.LocalJobRunner: 1 / 1 copied.
26/03/02 03:30:46 INFO reduce.MergeManagerImpl: finalMerge called with 1 in-memory map-outputs and 0 on-disk map-outputs
26/03/02 03:30:46 INFO mapred.Merger: Merging 1 sorted segments
26/03/02 03:30:46 INFO mapred.Merger: Down to the last merge-pass, with 1 segments left of total size: 50 bytes
26/03/02 03:30:46 INFO reduce.MergeManagerImpl: Merged 1 segments, 56 bytes to disk to satisfy reduce memory limit
26/03/02 03:30:46 INFO reduce.MergeManagerImpl: Merging 1 files, 60 bytes from disk
26/03/02 03:30:46 INFO reduce.MergeManagerImpl: Merging 0 segments, 0 bytes from memory into reduce
26/03/02 03:30:46 INFO mapred.Merger: Merging 1 sorted segments
26/03/02 03:30:46 INFO mapred.Merger: Down to the last merge-pass, with 1 segments left of total size: 50 bytes
26/03/02 03:30:46 INFO mapred.LocalJobRunner: 1 / 1 copied.
26/03/02 03:30:46 INFO mapred.Task: Task:attempt_local589289544_0005_r_000001_0 is done. And is in the process of committing
26/03/02 03:30:46 INFO mapred.LocalJobRunner: 1 / 1 copied.
26/03/02 03:30:46 INFO mapred.Task: Task attempt_local589289544_0005_r_000001_0 is allowed to commit now
26/03/02 03:30:46 INFO output.FileOutputCommitter: Saved output of task 'attempt_local589289544_0005_r_000001_0' to hdfs://localhost:9000/project2/task2/runs_report_plus/k3_r30_opt/iter_5/_temporary/0/task_local589289544_0005_r_000001
26/03/02 03:30:46 INFO mapred.LocalJobRunner: reduce > reduce
26/03/02 03:30:46 INFO mapred.Task: Task 'attempt_local589289544_0005_r_000001_0' done.
26/03/02 03:30:46 INFO mapred.Task: Final Counters for attempt_local589289544_0005_r_000001_0: Counters: 29
	File System Counters
		FILE: Number of bytes read=726470
		FILE: Number of bytes written=2203375
		FILE: Number of read operations=0
		FILE: Number of large read operations=0
		FILE: Number of write operations=0
		HDFS: Number of bytes read=3674613
		HDFS: Number of bytes written=2552
		HDFS: Number of read operations=219
		HDFS: Number of large read operations=0
		HDFS: Number of write operations=70
	Map-Reduce Framework
		Combine input records=0
		Combine output records=0
		Reduce input groups=1
		Reduce shuffle bytes=60
		Reduce input records=1
		Reduce output records=1
		Spilled Records=1
		Shuffled Maps =1
		Failed Shuffles=0
		Merged Map outputs=1
		GC time elapsed (ms)=0
		Total committed heap usage (bytes)=527958016
	Shuffle Errors
		BAD_ID=0
		CONNECTION=0
		IO_ERROR=0
		WRONG_LENGTH=0
		WRONG_MAP=0
		WRONG_REDUCE=0
	File Output Format Counters 
		Bytes Written=102
26/03/02 03:30:46 INFO mapred.LocalJobRunner: Finishing task: attempt_local589289544_0005_r_000001_0
26/03/02 03:30:46 INFO mapred.LocalJobRunner: Starting task: attempt_local589289544_0005_r_000002_0
26/03/02 03:30:46 INFO output.FileOutputCommitter: File Output Committer Algorithm version is 1
26/03/02 03:30:46 INFO mapred.Task:  Using ResourceCalculatorProcessTree : [ ]
26/03/02 03:30:46 INFO mapred.ReduceTask: Using ShuffleConsumerPlugin: org.apache.hadoop.mapreduce.task.reduce.Shuffle@25f42ea7
26/03/02 03:30:46 INFO reduce.MergeManagerImpl: MergerManager: memoryLimit=369570592, maxSingleShuffleLimit=92392648, mergeThreshold=243916608, ioSortFactor=10, memToMemMergeOutputsThreshold=10
26/03/02 03:30:46 INFO reduce.EventFetcher: attempt_local589289544_0005_r_000002_0 Thread started: EventFetcher for fetching Map Completion Events
26/03/02 03:30:46 INFO reduce.LocalFetcher: localfetcher#15 about to shuffle output of map attempt_local589289544_0005_m_000000_0 decomp: 56 len: 60 to MEMORY
26/03/02 03:30:46 INFO reduce.InMemoryMapOutput: Read 56 bytes from map-output for attempt_local589289544_0005_m_000000_0
26/03/02 03:30:46 INFO reduce.MergeManagerImpl: closeInMemoryFile -> map-output of size: 56, inMemoryMapOutputs.size() -> 1, commitMemory -> 0, usedMemory ->56
26/03/02 03:30:46 INFO reduce.EventFetcher: EventFetcher is interrupted.. Returning
26/03/02 03:30:46 INFO mapred.LocalJobRunner: 1 / 1 copied.
26/03/02 03:30:46 INFO reduce.MergeManagerImpl: finalMerge called with 1 in-memory map-outputs and 0 on-disk map-outputs
26/03/02 03:30:46 INFO mapred.Merger: Merging 1 sorted segments
26/03/02 03:30:46 INFO mapred.Merger: Down to the last merge-pass, with 1 segments left of total size: 50 bytes
26/03/02 03:30:46 INFO reduce.MergeManagerImpl: Merged 1 segments, 56 bytes to disk to satisfy reduce memory limit
26/03/02 03:30:46 INFO reduce.MergeManagerImpl: Merging 1 files, 60 bytes from disk
26/03/02 03:30:46 INFO reduce.MergeManagerImpl: Merging 0 segments, 0 bytes from memory into reduce
26/03/02 03:30:46 INFO mapred.Merger: Merging 1 sorted segments
26/03/02 03:30:46 INFO mapred.Merger: Down to the last merge-pass, with 1 segments left of total size: 50 bytes
26/03/02 03:30:46 INFO mapred.LocalJobRunner: 1 / 1 copied.
26/03/02 03:30:47 INFO mapred.Task: Task:attempt_local589289544_0005_r_000002_0 is done. And is in the process of committing
26/03/02 03:30:47 INFO mapred.LocalJobRunner: 1 / 1 copied.
26/03/02 03:30:47 INFO mapred.Task: Task attempt_local589289544_0005_r_000002_0 is allowed to commit now
26/03/02 03:30:47 INFO output.FileOutputCommitter: Saved output of task 'attempt_local589289544_0005_r_000002_0' to hdfs://localhost:9000/project2/task2/runs_report_plus/k3_r30_opt/iter_5/_temporary/0/task_local589289544_0005_r_000002
26/03/02 03:30:47 INFO mapred.LocalJobRunner: reduce > reduce
26/03/02 03:30:47 INFO mapred.Task: Task 'attempt_local589289544_0005_r_000002_0' done.
26/03/02 03:30:47 INFO mapred.Task: Final Counters for attempt_local589289544_0005_r_000002_0: Counters: 29
	File System Counters
		FILE: Number of bytes read=726670
		FILE: Number of bytes written=2203435
		FILE: Number of read operations=0
		FILE: Number of large read operations=0
		FILE: Number of write operations=0
		HDFS: Number of bytes read=3674613
		HDFS: Number of bytes written=2654
		HDFS: Number of read operations=222
		HDFS: Number of large read operations=0
		HDFS: Number of write operations=72
	Map-Reduce Framework
		Combine input records=0
		Combine output records=0
		Reduce input groups=1
		Reduce shuffle bytes=60
		Reduce input records=1
		Reduce output records=1
		Spilled Records=1
		Shuffled Maps =1
		Failed Shuffles=0
		Merged Map outputs=1
		GC time elapsed (ms)=3
		Total committed heap usage (bytes)=520617984
	Shuffle Errors
		BAD_ID=0
		CONNECTION=0
		IO_ERROR=0
		WRONG_LENGTH=0
		WRONG_MAP=0
		WRONG_REDUCE=0
	File Output Format Counters 
		Bytes Written=102
26/03/02 03:30:47 INFO mapred.LocalJobRunner: Finishing task: attempt_local589289544_0005_r_000002_0
26/03/02 03:30:47 INFO mapred.LocalJobRunner: reduce task executor complete.
26/03/02 03:30:47 INFO mapreduce.Job: Job job_local589289544_0005 running in uber mode : false
26/03/02 03:30:47 INFO mapreduce.Job:  map 100% reduce 100%
26/03/02 03:30:47 INFO mapreduce.Job: Job job_local589289544_0005 completed successfully
26/03/02 03:30:47 INFO mapreduce.Job: Counters: 35
	File System Counters
		FILE: Number of bytes read=2905240
		FILE: Number of bytes written=8813380
		FILE: Number of read operations=0
		FILE: Number of large read operations=0
		FILE: Number of write operations=0
		HDFS: Number of bytes read=14698452
		HDFS: Number of bytes written=10004
		HDFS: Number of read operations=870
		HDFS: Number of large read operations=0
		HDFS: Number of write operations=276
	Map-Reduce Framework
		Map input records=10000
		Map output records=10000
		Map output bytes=520000
		Map output materialized bytes=180
		Input split bytes=121
		Combine input records=10000
		Combine output records=3
		Reduce input groups=3
		Reduce shuffle bytes=180
		Reduce input records=3
		Reduce output records=3
		Spilled Records=6
		Shuffled Maps =3
		Failed Shuffles=0
		Merged Map outputs=3
		GC time elapsed (ms)=3
		Total committed heap usage (bytes)=2104492032
	Shuffle Errors
		BAD_ID=0
		CONNECTION=0
		IO_ERROR=0
		WRONG_LENGTH=0
		WRONG_MAP=0
		WRONG_REDUCE=0
	File Input Format Counters 
		Bytes Read=733758
	File Output Format Counters 
		Bytes Written=306
26/03/02 03:30:47 INFO jvm.JvmMetrics: Cannot initialize JVM Metrics with processName=JobTracker, sessionId= - already initialized
26/03/02 03:30:47 WARN mapreduce.JobResourceUploader: Hadoop command-line option parsing not performed. Implement the Tool interface and execute your application with ToolRunner to remedy this.
26/03/02 03:30:47 INFO input.FileInputFormat: Total input paths to process : 1
26/03/02 03:30:47 INFO mapreduce.JobSubmitter: number of splits:1
26/03/02 03:30:47 INFO mapreduce.JobSubmitter: Submitting tokens for job: job_local1527732642_0006
26/03/02 03:30:47 INFO mapred.LocalDistributedCacheManager: Creating symlink: /tmp/hadoop-ds503/mapred/local/1772422247840/centers_iter_5.csv <- /home/ds503/centers_iter_5.csv
26/03/02 03:30:47 INFO mapred.LocalDistributedCacheManager: Localized hdfs://localhost:9000/project2/task2/runs_report_plus/k3_r30_opt/centers_iter_5.csv as file:/tmp/hadoop-ds503/mapred/local/1772422247840/centers_iter_5.csv
26/03/02 03:30:47 INFO mapreduce.Job: The url to track the job: http://localhost:8080/
26/03/02 03:30:47 INFO mapreduce.Job: Running job: job_local1527732642_0006
26/03/02 03:30:47 INFO mapred.LocalJobRunner: OutputCommitter set in config null
26/03/02 03:30:47 INFO output.FileOutputCommitter: File Output Committer Algorithm version is 1
26/03/02 03:30:47 INFO mapred.LocalJobRunner: OutputCommitter is org.apache.hadoop.mapreduce.lib.output.FileOutputCommitter
26/03/02 03:30:47 INFO mapred.LocalJobRunner: Waiting for map tasks
26/03/02 03:30:47 INFO mapred.LocalJobRunner: Starting task: attempt_local1527732642_0006_m_000000_0
26/03/02 03:30:47 INFO output.FileOutputCommitter: File Output Committer Algorithm version is 1
26/03/02 03:30:47 INFO mapred.Task:  Using ResourceCalculatorProcessTree : [ ]
26/03/02 03:30:47 INFO mapred.MapTask: Processing split: hdfs://localhost:9000/project2/task2/input/points_4d.csv:0+733758
26/03/02 03:30:47 INFO mapred.MapTask: (EQUATOR) 0 kvi 26214396(104857584)
26/03/02 03:30:47 INFO mapred.MapTask: mapreduce.task.io.sort.mb: 100
26/03/02 03:30:47 INFO mapred.MapTask: soft limit at 83886080
26/03/02 03:30:47 INFO mapred.MapTask: bufstart = 0; bufvoid = 104857600
26/03/02 03:30:47 INFO mapred.MapTask: kvstart = 26214396; length = 6553600
26/03/02 03:30:47 INFO mapred.MapTask: Map output collector class = org.apache.hadoop.mapred.MapTask$MapOutputBuffer
26/03/02 03:30:48 INFO mapred.LocalJobRunner: 
26/03/02 03:30:48 INFO mapred.MapTask: Starting flush of map output
26/03/02 03:30:48 INFO mapred.MapTask: Spilling map output
26/03/02 03:30:48 INFO mapred.MapTask: bufstart = 0; bufend = 520000; bufvoid = 104857600
26/03/02 03:30:48 INFO mapred.MapTask: kvstart = 26214396(104857584); kvend = 26174400(104697600); length = 39997/6553600
26/03/02 03:30:48 INFO mapred.MapTask: Finished spill 0
26/03/02 03:30:48 INFO mapred.Task: Task:attempt_local1527732642_0006_m_000000_0 is done. And is in the process of committing
26/03/02 03:30:48 INFO mapred.LocalJobRunner: map
26/03/02 03:30:48 INFO mapred.Task: Task 'attempt_local1527732642_0006_m_000000_0' done.
26/03/02 03:30:48 INFO mapred.Task: Final Counters for attempt_local1527732642_0006_m_000000_0: Counters: 23
	File System Counters
		FILE: Number of bytes read=871224
		FILE: Number of bytes written=2645212
		FILE: Number of read operations=0
		FILE: Number of large read operations=0
		FILE: Number of write operations=0
		HDFS: Number of bytes read=4409664
		HDFS: Number of bytes written=2880
		HDFS: Number of read operations=261
		HDFS: Number of large read operations=0
		HDFS: Number of write operations=81
	Map-Reduce Framework
		Map input records=10000
		Map output records=10000
		Map output bytes=520000
		Map output materialized bytes=180
		Input split bytes=121
		Combine input records=10000
		Combine output records=3
		Spilled Records=3
		Failed Shuffles=0
		Merged Map outputs=0
		GC time elapsed (ms)=62
		Total committed heap usage (bytes)=339738624
	File Input Format Counters 
		Bytes Read=733758
26/03/02 03:30:48 INFO mapred.LocalJobRunner: Finishing task: attempt_local1527732642_0006_m_000000_0
26/03/02 03:30:48 INFO mapred.LocalJobRunner: map task executor complete.
26/03/02 03:30:48 INFO mapred.LocalJobRunner: Waiting for reduce tasks
26/03/02 03:30:48 INFO mapred.LocalJobRunner: Starting task: attempt_local1527732642_0006_r_000000_0
26/03/02 03:30:48 INFO output.FileOutputCommitter: File Output Committer Algorithm version is 1
26/03/02 03:30:48 INFO mapred.Task:  Using ResourceCalculatorProcessTree : [ ]
26/03/02 03:30:48 INFO mapred.ReduceTask: Using ShuffleConsumerPlugin: org.apache.hadoop.mapreduce.task.reduce.Shuffle@3f3bcd0d
26/03/02 03:30:48 INFO reduce.MergeManagerImpl: MergerManager: memoryLimit=334338464, maxSingleShuffleLimit=83584616, mergeThreshold=220663392, ioSortFactor=10, memToMemMergeOutputsThreshold=10
26/03/02 03:30:48 INFO reduce.EventFetcher: attempt_local1527732642_0006_r_000000_0 Thread started: EventFetcher for fetching Map Completion Events
26/03/02 03:30:48 INFO reduce.LocalFetcher: localfetcher#16 about to shuffle output of map attempt_local1527732642_0006_m_000000_0 decomp: 56 len: 60 to MEMORY
26/03/02 03:30:48 INFO reduce.InMemoryMapOutput: Read 56 bytes from map-output for attempt_local1527732642_0006_m_000000_0
26/03/02 03:30:48 INFO reduce.MergeManagerImpl: closeInMemoryFile -> map-output of size: 56, inMemoryMapOutputs.size() -> 1, commitMemory -> 0, usedMemory ->56
26/03/02 03:30:48 INFO reduce.EventFetcher: EventFetcher is interrupted.. Returning
26/03/02 03:30:48 INFO mapred.LocalJobRunner: 1 / 1 copied.
26/03/02 03:30:48 INFO reduce.MergeManagerImpl: finalMerge called with 1 in-memory map-outputs and 0 on-disk map-outputs
26/03/02 03:30:48 INFO mapred.Merger: Merging 1 sorted segments
26/03/02 03:30:48 INFO mapred.Merger: Down to the last merge-pass, with 1 segments left of total size: 50 bytes
26/03/02 03:30:48 INFO reduce.MergeManagerImpl: Merged 1 segments, 56 bytes to disk to satisfy reduce memory limit
26/03/02 03:30:48 INFO reduce.MergeManagerImpl: Merging 1 files, 60 bytes from disk
26/03/02 03:30:48 INFO reduce.MergeManagerImpl: Merging 0 segments, 0 bytes from memory into reduce
26/03/02 03:30:48 INFO mapred.Merger: Merging 1 sorted segments
26/03/02 03:30:48 INFO mapred.Merger: Down to the last merge-pass, with 1 segments left of total size: 50 bytes
26/03/02 03:30:48 INFO mapred.LocalJobRunner: 1 / 1 copied.
26/03/02 03:30:48 INFO mapred.Task: Task:attempt_local1527732642_0006_r_000000_0 is done. And is in the process of committing
26/03/02 03:30:48 INFO mapred.LocalJobRunner: 1 / 1 copied.
26/03/02 03:30:48 INFO mapred.Task: Task attempt_local1527732642_0006_r_000000_0 is allowed to commit now
26/03/02 03:30:48 INFO output.FileOutputCommitter: Saved output of task 'attempt_local1527732642_0006_r_000000_0' to hdfs://localhost:9000/project2/task2/runs_report_plus/k3_r30_opt/iter_6/_temporary/0/task_local1527732642_0006_r_000000
26/03/02 03:30:48 INFO mapred.LocalJobRunner: reduce > reduce
26/03/02 03:30:48 INFO mapred.Task: Task 'attempt_local1527732642_0006_r_000000_0' done.
26/03/02 03:30:48 INFO mapred.Task: Final Counters for attempt_local1527732642_0006_r_000000_0: Counters: 29
	File System Counters
		FILE: Number of bytes read=871544
		FILE: Number of bytes written=2645272
		FILE: Number of read operations=0
		FILE: Number of large read operations=0
		FILE: Number of write operations=0
		HDFS: Number of bytes read=4409664
		HDFS: Number of bytes written=2982
		HDFS: Number of read operations=264
		HDFS: Number of large read operations=0
		HDFS: Number of write operations=83
	Map-Reduce Framework
		Combine input records=0
		Combine output records=0
		Reduce input groups=1
		Reduce shuffle bytes=60
		Reduce input records=1
		Reduce output records=1
		Spilled Records=1
		Shuffled Maps =1
		Failed Shuffles=0
		Merged Map outputs=1
		GC time elapsed (ms)=0
		Total committed heap usage (bytes)=339738624
	Shuffle Errors
		BAD_ID=0
		CONNECTION=0
		IO_ERROR=0
		WRONG_LENGTH=0
		WRONG_MAP=0
		WRONG_REDUCE=0
	File Output Format Counters 
		Bytes Written=102
26/03/02 03:30:48 INFO mapred.LocalJobRunner: Finishing task: attempt_local1527732642_0006_r_000000_0
26/03/02 03:30:48 INFO mapred.LocalJobRunner: Starting task: attempt_local1527732642_0006_r_000001_0
26/03/02 03:30:48 INFO output.FileOutputCommitter: File Output Committer Algorithm version is 1
26/03/02 03:30:48 INFO mapred.Task:  Using ResourceCalculatorProcessTree : [ ]
26/03/02 03:30:48 INFO mapred.ReduceTask: Using ShuffleConsumerPlugin: org.apache.hadoop.mapreduce.task.reduce.Shuffle@565e6af3
26/03/02 03:30:48 INFO reduce.MergeManagerImpl: MergerManager: memoryLimit=334338464, maxSingleShuffleLimit=83584616, mergeThreshold=220663392, ioSortFactor=10, memToMemMergeOutputsThreshold=10
26/03/02 03:30:48 INFO reduce.EventFetcher: attempt_local1527732642_0006_r_000001_0 Thread started: EventFetcher for fetching Map Completion Events
26/03/02 03:30:48 INFO reduce.LocalFetcher: localfetcher#17 about to shuffle output of map attempt_local1527732642_0006_m_000000_0 decomp: 56 len: 60 to MEMORY
26/03/02 03:30:48 INFO reduce.InMemoryMapOutput: Read 56 bytes from map-output for attempt_local1527732642_0006_m_000000_0
26/03/02 03:30:48 INFO reduce.MergeManagerImpl: closeInMemoryFile -> map-output of size: 56, inMemoryMapOutputs.size() -> 1, commitMemory -> 0, usedMemory ->56
26/03/02 03:30:48 INFO reduce.EventFetcher: EventFetcher is interrupted.. Returning
26/03/02 03:30:48 INFO mapred.LocalJobRunner: 1 / 1 copied.
26/03/02 03:30:48 INFO reduce.MergeManagerImpl: finalMerge called with 1 in-memory map-outputs and 0 on-disk map-outputs
26/03/02 03:30:48 INFO mapred.Merger: Merging 1 sorted segments
26/03/02 03:30:48 INFO mapred.Merger: Down to the last merge-pass, with 1 segments left of total size: 50 bytes
26/03/02 03:30:48 INFO reduce.MergeManagerImpl: Merged 1 segments, 56 bytes to disk to satisfy reduce memory limit
26/03/02 03:30:48 INFO reduce.MergeManagerImpl: Merging 1 files, 60 bytes from disk
26/03/02 03:30:48 INFO reduce.MergeManagerImpl: Merging 0 segments, 0 bytes from memory into reduce
26/03/02 03:30:48 INFO mapred.Merger: Merging 1 sorted segments
26/03/02 03:30:48 INFO mapred.Merger: Down to the last merge-pass, with 1 segments left of total size: 50 bytes
26/03/02 03:30:48 INFO mapred.LocalJobRunner: 1 / 1 copied.
26/03/02 03:30:48 INFO mapred.Task: Task:attempt_local1527732642_0006_r_000001_0 is done. And is in the process of committing
26/03/02 03:30:48 INFO mapred.LocalJobRunner: 1 / 1 copied.
26/03/02 03:30:48 INFO mapred.Task: Task attempt_local1527732642_0006_r_000001_0 is allowed to commit now
26/03/02 03:30:48 INFO output.FileOutputCommitter: Saved output of task 'attempt_local1527732642_0006_r_000001_0' to hdfs://localhost:9000/project2/task2/runs_report_plus/k3_r30_opt/iter_6/_temporary/0/task_local1527732642_0006_r_000001
26/03/02 03:30:48 INFO mapred.LocalJobRunner: reduce > reduce
26/03/02 03:30:48 INFO mapred.Task: Task 'attempt_local1527732642_0006_r_000001_0' done.
26/03/02 03:30:48 INFO mapred.Task: Final Counters for attempt_local1527732642_0006_r_000001_0: Counters: 29
	File System Counters
		FILE: Number of bytes read=871804
		FILE: Number of bytes written=2645332
		FILE: Number of read operations=0
		FILE: Number of large read operations=0
		FILE: Number of write operations=0
		HDFS: Number of bytes read=4409664
		HDFS: Number of bytes written=3085
		HDFS: Number of read operations=267
		HDFS: Number of large read operations=0
		HDFS: Number of write operations=85
	Map-Reduce Framework
		Combine input records=0
		Combine output records=0
		Reduce input groups=1
		Reduce shuffle bytes=60
		Reduce input records=1
		Reduce output records=1
		Spilled Records=1
		Shuffled Maps =1
		Failed Shuffles=0
		Merged Map outputs=1
		GC time elapsed (ms)=0
		Total committed heap usage (bytes)=339738624
	Shuffle Errors
		BAD_ID=0
		CONNECTION=0
		IO_ERROR=0
		WRONG_LENGTH=0
		WRONG_MAP=0
		WRONG_REDUCE=0
	File Output Format Counters 
		Bytes Written=103
26/03/02 03:30:48 INFO mapred.LocalJobRunner: Finishing task: attempt_local1527732642_0006_r_000001_0
26/03/02 03:30:48 INFO mapred.LocalJobRunner: Starting task: attempt_local1527732642_0006_r_000002_0
26/03/02 03:30:48 INFO output.FileOutputCommitter: File Output Committer Algorithm version is 1
26/03/02 03:30:48 INFO mapred.Task:  Using ResourceCalculatorProcessTree : [ ]
26/03/02 03:30:48 INFO mapred.ReduceTask: Using ShuffleConsumerPlugin: org.apache.hadoop.mapreduce.task.reduce.Shuffle@31dad41e
26/03/02 03:30:48 INFO reduce.MergeManagerImpl: MergerManager: memoryLimit=334338464, maxSingleShuffleLimit=83584616, mergeThreshold=220663392, ioSortFactor=10, memToMemMergeOutputsThreshold=10
26/03/02 03:30:48 INFO reduce.EventFetcher: attempt_local1527732642_0006_r_000002_0 Thread started: EventFetcher for fetching Map Completion Events
26/03/02 03:30:48 INFO reduce.LocalFetcher: localfetcher#18 about to shuffle output of map attempt_local1527732642_0006_m_000000_0 decomp: 56 len: 60 to MEMORY
26/03/02 03:30:48 INFO reduce.InMemoryMapOutput: Read 56 bytes from map-output for attempt_local1527732642_0006_m_000000_0
26/03/02 03:30:48 INFO reduce.MergeManagerImpl: closeInMemoryFile -> map-output of size: 56, inMemoryMapOutputs.size() -> 1, commitMemory -> 0, usedMemory ->56
26/03/02 03:30:48 INFO reduce.EventFetcher: EventFetcher is interrupted.. Returning
26/03/02 03:30:48 INFO mapred.LocalJobRunner: 1 / 1 copied.
26/03/02 03:30:48 INFO reduce.MergeManagerImpl: finalMerge called with 1 in-memory map-outputs and 0 on-disk map-outputs
26/03/02 03:30:48 INFO mapred.Merger: Merging 1 sorted segments
26/03/02 03:30:48 INFO mapred.Merger: Down to the last merge-pass, with 1 segments left of total size: 50 bytes
26/03/02 03:30:48 INFO reduce.MergeManagerImpl: Merged 1 segments, 56 bytes to disk to satisfy reduce memory limit
26/03/02 03:30:48 INFO reduce.MergeManagerImpl: Merging 1 files, 60 bytes from disk
26/03/02 03:30:48 INFO reduce.MergeManagerImpl: Merging 0 segments, 0 bytes from memory into reduce
26/03/02 03:30:48 INFO mapred.Merger: Merging 1 sorted segments
26/03/02 03:30:48 INFO mapred.Merger: Down to the last merge-pass, with 1 segments left of total size: 50 bytes
26/03/02 03:30:48 INFO mapred.LocalJobRunner: 1 / 1 copied.
26/03/02 03:30:48 INFO mapred.Task: Task:attempt_local1527732642_0006_r_000002_0 is done. And is in the process of committing
26/03/02 03:30:48 INFO mapred.LocalJobRunner: 1 / 1 copied.
26/03/02 03:30:48 INFO mapred.Task: Task attempt_local1527732642_0006_r_000002_0 is allowed to commit now
26/03/02 03:30:48 INFO output.FileOutputCommitter: Saved output of task 'attempt_local1527732642_0006_r_000002_0' to hdfs://localhost:9000/project2/task2/runs_report_plus/k3_r30_opt/iter_6/_temporary/0/task_local1527732642_0006_r_000002
26/03/02 03:30:48 INFO mapred.LocalJobRunner: reduce > reduce
26/03/02 03:30:48 INFO mapred.Task: Task 'attempt_local1527732642_0006_r_000002_0' done.
26/03/02 03:30:48 INFO mapred.Task: Final Counters for attempt_local1527732642_0006_r_000002_0: Counters: 29
	File System Counters
		FILE: Number of bytes read=872004
		FILE: Number of bytes written=2645392
		FILE: Number of read operations=0
		FILE: Number of large read operations=0
		FILE: Number of write operations=0
		HDFS: Number of bytes read=4409664
		HDFS: Number of bytes written=3186
		HDFS: Number of read operations=270
		HDFS: Number of large read operations=0
		HDFS: Number of write operations=87
	Map-Reduce Framework
		Combine input records=0
		Combine output records=0
		Reduce input groups=1
		Reduce shuffle bytes=60
		Reduce input records=1
		Reduce output records=1
		Spilled Records=1
		Shuffled Maps =1
		Failed Shuffles=0
		Merged Map outputs=1
		GC time elapsed (ms)=0
		Total committed heap usage (bytes)=339738624
	Shuffle Errors
		BAD_ID=0
		CONNECTION=0
		IO_ERROR=0
		WRONG_LENGTH=0
		WRONG_MAP=0
		WRONG_REDUCE=0
	File Output Format Counters 
		Bytes Written=101
26/03/02 03:30:48 INFO mapred.LocalJobRunner: Finishing task: attempt_local1527732642_0006_r_000002_0
26/03/02 03:30:48 INFO mapred.LocalJobRunner: reduce task executor complete.
26/03/02 03:30:48 INFO mapreduce.Job: Job job_local1527732642_0006 running in uber mode : false
26/03/02 03:30:48 INFO mapreduce.Job:  map 100% reduce 100%
26/03/02 03:30:48 INFO mapreduce.Job: Job job_local1527732642_0006 completed successfully
26/03/02 03:30:48 INFO mapreduce.Job: Counters: 35
	File System Counters
		FILE: Number of bytes read=3486576
		FILE: Number of bytes written=10581208
		FILE: Number of read operations=0
		FILE: Number of large read operations=0
		FILE: Number of write operations=0
		HDFS: Number of bytes read=17638656
		HDFS: Number of bytes written=12133
		HDFS: Number of read operations=1062
		HDFS: Number of large read operations=0
		HDFS: Number of write operations=336
	Map-Reduce Framework
		Map input records=10000
		Map output records=10000
		Map output bytes=520000
		Map output materialized bytes=180
		Input split bytes=121
		Combine input records=10000
		Combine output records=3
		Reduce input groups=3
		Reduce shuffle bytes=180
		Reduce input records=3
		Reduce output records=3
		Spilled Records=6
		Shuffled Maps =3
		Failed Shuffles=0
		Merged Map outputs=3
		GC time elapsed (ms)=62
		Total committed heap usage (bytes)=1358954496
	Shuffle Errors
		BAD_ID=0
		CONNECTION=0
		IO_ERROR=0
		WRONG_LENGTH=0
		WRONG_MAP=0
		WRONG_REDUCE=0
	File Input Format Counters 
		Bytes Read=733758
	File Output Format Counters 
		Bytes Written=306
26/03/02 03:30:49 INFO jvm.JvmMetrics: Cannot initialize JVM Metrics with processName=JobTracker, sessionId= - already initialized
26/03/02 03:30:49 WARN mapreduce.JobResourceUploader: Hadoop command-line option parsing not performed. Implement the Tool interface and execute your application with ToolRunner to remedy this.
26/03/02 03:30:49 INFO input.FileInputFormat: Total input paths to process : 1
26/03/02 03:30:49 INFO mapreduce.JobSubmitter: number of splits:1
26/03/02 03:30:49 INFO mapreduce.JobSubmitter: Submitting tokens for job: job_local2108455674_0007
26/03/02 03:30:49 INFO mapred.LocalDistributedCacheManager: Creating symlink: /tmp/hadoop-ds503/mapred/local/1772422249350/centers_iter_6.csv <- /home/ds503/centers_iter_6.csv
26/03/02 03:30:49 INFO mapred.LocalDistributedCacheManager: Localized hdfs://localhost:9000/project2/task2/runs_report_plus/k3_r30_opt/centers_iter_6.csv as file:/tmp/hadoop-ds503/mapred/local/1772422249350/centers_iter_6.csv
26/03/02 03:30:49 INFO mapreduce.Job: The url to track the job: http://localhost:8080/
26/03/02 03:30:49 INFO mapreduce.Job: Running job: job_local2108455674_0007
26/03/02 03:30:49 INFO mapred.LocalJobRunner: OutputCommitter set in config null
26/03/02 03:30:49 INFO output.FileOutputCommitter: File Output Committer Algorithm version is 1
26/03/02 03:30:49 INFO mapred.LocalJobRunner: OutputCommitter is org.apache.hadoop.mapreduce.lib.output.FileOutputCommitter
26/03/02 03:30:49 INFO mapred.LocalJobRunner: Waiting for map tasks
26/03/02 03:30:49 INFO mapred.LocalJobRunner: Starting task: attempt_local2108455674_0007_m_000000_0
26/03/02 03:30:49 INFO output.FileOutputCommitter: File Output Committer Algorithm version is 1
26/03/02 03:30:49 INFO mapred.Task:  Using ResourceCalculatorProcessTree : [ ]
26/03/02 03:30:49 INFO mapred.MapTask: Processing split: hdfs://localhost:9000/project2/task2/input/points_4d.csv:0+733758
26/03/02 03:30:49 INFO mapred.MapTask: (EQUATOR) 0 kvi 26214396(104857584)
26/03/02 03:30:49 INFO mapred.MapTask: mapreduce.task.io.sort.mb: 100
26/03/02 03:30:49 INFO mapred.MapTask: soft limit at 83886080
26/03/02 03:30:49 INFO mapred.MapTask: bufstart = 0; bufvoid = 104857600
26/03/02 03:30:49 INFO mapred.MapTask: kvstart = 26214396; length = 6553600
26/03/02 03:30:49 INFO mapred.MapTask: Map output collector class = org.apache.hadoop.mapred.MapTask$MapOutputBuffer
26/03/02 03:30:49 INFO mapred.LocalJobRunner: 
26/03/02 03:30:49 INFO mapred.MapTask: Starting flush of map output
26/03/02 03:30:49 INFO mapred.MapTask: Spilling map output
26/03/02 03:30:49 INFO mapred.MapTask: bufstart = 0; bufend = 520000; bufvoid = 104857600
26/03/02 03:30:49 INFO mapred.MapTask: kvstart = 26214396(104857584); kvend = 26174400(104697600); length = 39997/6553600
26/03/02 03:30:49 INFO mapred.MapTask: Finished spill 0
26/03/02 03:30:49 INFO mapred.Task: Task:attempt_local2108455674_0007_m_000000_0 is done. And is in the process of committing
26/03/02 03:30:49 INFO mapred.LocalJobRunner: map
26/03/02 03:30:49 INFO mapred.Task: Task 'attempt_local2108455674_0007_m_000000_0' done.
26/03/02 03:30:49 INFO mapred.Task: Final Counters for attempt_local2108455674_0007_m_000000_0: Counters: 23
	File System Counters
		FILE: Number of bytes read=1016558
		FILE: Number of bytes written=3087170
		FILE: Number of read operations=0
		FILE: Number of large read operations=0
		FILE: Number of write operations=0
		HDFS: Number of bytes read=5144714
		HDFS: Number of bytes written=3413
		HDFS: Number of read operations=309
		HDFS: Number of large read operations=0
		HDFS: Number of write operations=96
	Map-Reduce Framework
		Map input records=10000
		Map output records=10000
		Map output bytes=520000
		Map output materialized bytes=180
		Input split bytes=121
		Combine input records=10000
		Combine output records=3
		Spilled Records=3
		Failed Shuffles=0
		Merged Map outputs=0
		GC time elapsed (ms)=0
		Total committed heap usage (bytes)=445120512
	File Input Format Counters 
		Bytes Read=733758
26/03/02 03:30:49 INFO mapred.LocalJobRunner: Finishing task: attempt_local2108455674_0007_m_000000_0
26/03/02 03:30:49 INFO mapred.LocalJobRunner: map task executor complete.
26/03/02 03:30:49 INFO mapred.LocalJobRunner: Waiting for reduce tasks
26/03/02 03:30:49 INFO mapred.LocalJobRunner: Starting task: attempt_local2108455674_0007_r_000000_0
26/03/02 03:30:49 INFO output.FileOutputCommitter: File Output Committer Algorithm version is 1
26/03/02 03:30:49 INFO mapred.Task:  Using ResourceCalculatorProcessTree : [ ]
26/03/02 03:30:49 INFO mapred.ReduceTask: Using ShuffleConsumerPlugin: org.apache.hadoop.mapreduce.task.reduce.Shuffle@6d3dec2a
26/03/02 03:30:49 INFO reduce.MergeManagerImpl: MergerManager: memoryLimit=334338464, maxSingleShuffleLimit=83584616, mergeThreshold=220663392, ioSortFactor=10, memToMemMergeOutputsThreshold=10
26/03/02 03:30:49 INFO reduce.EventFetcher: attempt_local2108455674_0007_r_000000_0 Thread started: EventFetcher for fetching Map Completion Events
26/03/02 03:30:49 INFO reduce.LocalFetcher: localfetcher#19 about to shuffle output of map attempt_local2108455674_0007_m_000000_0 decomp: 56 len: 60 to MEMORY
26/03/02 03:30:49 INFO reduce.InMemoryMapOutput: Read 56 bytes from map-output for attempt_local2108455674_0007_m_000000_0
26/03/02 03:30:49 INFO reduce.MergeManagerImpl: closeInMemoryFile -> map-output of size: 56, inMemoryMapOutputs.size() -> 1, commitMemory -> 0, usedMemory ->56
26/03/02 03:30:49 INFO reduce.EventFetcher: EventFetcher is interrupted.. Returning
26/03/02 03:30:49 INFO mapred.LocalJobRunner: 1 / 1 copied.
26/03/02 03:30:49 INFO reduce.MergeManagerImpl: finalMerge called with 1 in-memory map-outputs and 0 on-disk map-outputs
26/03/02 03:30:49 INFO mapred.Merger: Merging 1 sorted segments
26/03/02 03:30:49 INFO mapred.Merger: Down to the last merge-pass, with 1 segments left of total size: 50 bytes
26/03/02 03:30:49 INFO reduce.MergeManagerImpl: Merged 1 segments, 56 bytes to disk to satisfy reduce memory limit
26/03/02 03:30:49 INFO reduce.MergeManagerImpl: Merging 1 files, 60 bytes from disk
26/03/02 03:30:49 INFO reduce.MergeManagerImpl: Merging 0 segments, 0 bytes from memory into reduce
26/03/02 03:30:49 INFO mapred.Merger: Merging 1 sorted segments
26/03/02 03:30:49 INFO mapred.Merger: Down to the last merge-pass, with 1 segments left of total size: 50 bytes
26/03/02 03:30:49 INFO mapred.LocalJobRunner: 1 / 1 copied.
26/03/02 03:30:49 INFO mapred.Task: Task:attempt_local2108455674_0007_r_000000_0 is done. And is in the process of committing
26/03/02 03:30:49 INFO mapred.LocalJobRunner: 1 / 1 copied.
26/03/02 03:30:49 INFO mapred.Task: Task attempt_local2108455674_0007_r_000000_0 is allowed to commit now
26/03/02 03:30:49 INFO output.FileOutputCommitter: Saved output of task 'attempt_local2108455674_0007_r_000000_0' to hdfs://localhost:9000/project2/task2/runs_report_plus/k3_r30_opt/iter_7/_temporary/0/task_local2108455674_0007_r_000000
26/03/02 03:30:49 INFO mapred.LocalJobRunner: reduce > reduce
26/03/02 03:30:49 INFO mapred.Task: Task 'attempt_local2108455674_0007_r_000000_0' done.
26/03/02 03:30:49 INFO mapred.Task: Final Counters for attempt_local2108455674_0007_r_000000_0: Counters: 29
	File System Counters
		FILE: Number of bytes read=1016878
		FILE: Number of bytes written=3087230
		FILE: Number of read operations=0
		FILE: Number of large read operations=0
		FILE: Number of write operations=0
		HDFS: Number of bytes read=5144714
		HDFS: Number of bytes written=3513
		HDFS: Number of read operations=312
		HDFS: Number of large read operations=0
		HDFS: Number of write operations=98
	Map-Reduce Framework
		Combine input records=0
		Combine output records=0
		Reduce input groups=1
		Reduce shuffle bytes=60
		Reduce input records=1
		Reduce output records=1
		Spilled Records=1
		Shuffled Maps =1
		Failed Shuffles=0
		Merged Map outputs=1
		GC time elapsed (ms)=0
		Total committed heap usage (bytes)=445120512
	Shuffle Errors
		BAD_ID=0
		CONNECTION=0
		IO_ERROR=0
		WRONG_LENGTH=0
		WRONG_MAP=0
		WRONG_REDUCE=0
	File Output Format Counters 
		Bytes Written=100
26/03/02 03:30:49 INFO mapred.LocalJobRunner: Finishing task: attempt_local2108455674_0007_r_000000_0
26/03/02 03:30:49 INFO mapred.LocalJobRunner: Starting task: attempt_local2108455674_0007_r_000001_0
26/03/02 03:30:49 INFO output.FileOutputCommitter: File Output Committer Algorithm version is 1
26/03/02 03:30:49 INFO mapred.Task:  Using ResourceCalculatorProcessTree : [ ]
26/03/02 03:30:49 INFO mapred.ReduceTask: Using ShuffleConsumerPlugin: org.apache.hadoop.mapreduce.task.reduce.Shuffle@2019e108
26/03/02 03:30:49 INFO reduce.MergeManagerImpl: MergerManager: memoryLimit=334338464, maxSingleShuffleLimit=83584616, mergeThreshold=220663392, ioSortFactor=10, memToMemMergeOutputsThreshold=10
26/03/02 03:30:49 INFO reduce.EventFetcher: attempt_local2108455674_0007_r_000001_0 Thread started: EventFetcher for fetching Map Completion Events
26/03/02 03:30:49 INFO reduce.LocalFetcher: localfetcher#20 about to shuffle output of map attempt_local2108455674_0007_m_000000_0 decomp: 56 len: 60 to MEMORY
26/03/02 03:30:49 INFO reduce.InMemoryMapOutput: Read 56 bytes from map-output for attempt_local2108455674_0007_m_000000_0
26/03/02 03:30:49 INFO reduce.MergeManagerImpl: closeInMemoryFile -> map-output of size: 56, inMemoryMapOutputs.size() -> 1, commitMemory -> 0, usedMemory ->56
26/03/02 03:30:49 INFO reduce.EventFetcher: EventFetcher is interrupted.. Returning
26/03/02 03:30:49 INFO mapred.LocalJobRunner: 1 / 1 copied.
26/03/02 03:30:49 INFO reduce.MergeManagerImpl: finalMerge called with 1 in-memory map-outputs and 0 on-disk map-outputs
26/03/02 03:30:49 INFO mapred.Merger: Merging 1 sorted segments
26/03/02 03:30:49 INFO mapred.Merger: Down to the last merge-pass, with 1 segments left of total size: 50 bytes
26/03/02 03:30:49 INFO reduce.MergeManagerImpl: Merged 1 segments, 56 bytes to disk to satisfy reduce memory limit
26/03/02 03:30:49 INFO reduce.MergeManagerImpl: Merging 1 files, 60 bytes from disk
26/03/02 03:30:49 INFO reduce.MergeManagerImpl: Merging 0 segments, 0 bytes from memory into reduce
26/03/02 03:30:49 INFO mapred.Merger: Merging 1 sorted segments
26/03/02 03:30:49 INFO mapred.Merger: Down to the last merge-pass, with 1 segments left of total size: 50 bytes
26/03/02 03:30:49 INFO mapred.LocalJobRunner: 1 / 1 copied.
26/03/02 03:30:49 INFO mapred.Task: Task:attempt_local2108455674_0007_r_000001_0 is done. And is in the process of committing
26/03/02 03:30:49 INFO mapred.LocalJobRunner: 1 / 1 copied.
26/03/02 03:30:49 INFO mapred.Task: Task attempt_local2108455674_0007_r_000001_0 is allowed to commit now
26/03/02 03:30:49 INFO output.FileOutputCommitter: Saved output of task 'attempt_local2108455674_0007_r_000001_0' to hdfs://localhost:9000/project2/task2/runs_report_plus/k3_r30_opt/iter_7/_temporary/0/task_local2108455674_0007_r_000001
26/03/02 03:30:49 INFO mapred.LocalJobRunner: reduce > reduce
26/03/02 03:30:49 INFO mapred.Task: Task 'attempt_local2108455674_0007_r_000001_0' done.
26/03/02 03:30:49 INFO mapred.Task: Final Counters for attempt_local2108455674_0007_r_000001_0: Counters: 29
	File System Counters
		FILE: Number of bytes read=1017138
		FILE: Number of bytes written=3087290
		FILE: Number of read operations=0
		FILE: Number of large read operations=0
		FILE: Number of write operations=0
		HDFS: Number of bytes read=5144714
		HDFS: Number of bytes written=3613
		HDFS: Number of read operations=315
		HDFS: Number of large read operations=0
		HDFS: Number of write operations=100
	Map-Reduce Framework
		Combine input records=0
		Combine output records=0
		Reduce input groups=1
		Reduce shuffle bytes=60
		Reduce input records=1
		Reduce output records=1
		Spilled Records=1
		Shuffled Maps =1
		Failed Shuffles=0
		Merged Map outputs=1
		GC time elapsed (ms)=0
		Total committed heap usage (bytes)=445120512
	Shuffle Errors
		BAD_ID=0
		CONNECTION=0
		IO_ERROR=0
		WRONG_LENGTH=0
		WRONG_MAP=0
		WRONG_REDUCE=0
	File Output Format Counters 
		Bytes Written=100
26/03/02 03:30:49 INFO mapred.LocalJobRunner: Finishing task: attempt_local2108455674_0007_r_000001_0
26/03/02 03:30:49 INFO mapred.LocalJobRunner: Starting task: attempt_local2108455674_0007_r_000002_0
26/03/02 03:30:49 INFO output.FileOutputCommitter: File Output Committer Algorithm version is 1
26/03/02 03:30:49 INFO mapred.Task:  Using ResourceCalculatorProcessTree : [ ]
26/03/02 03:30:49 INFO mapred.ReduceTask: Using ShuffleConsumerPlugin: org.apache.hadoop.mapreduce.task.reduce.Shuffle@581bbd69
26/03/02 03:30:49 INFO reduce.MergeManagerImpl: MergerManager: memoryLimit=334338464, maxSingleShuffleLimit=83584616, mergeThreshold=220663392, ioSortFactor=10, memToMemMergeOutputsThreshold=10
26/03/02 03:30:49 INFO reduce.EventFetcher: attempt_local2108455674_0007_r_000002_0 Thread started: EventFetcher for fetching Map Completion Events
26/03/02 03:30:49 INFO reduce.LocalFetcher: localfetcher#21 about to shuffle output of map attempt_local2108455674_0007_m_000000_0 decomp: 56 len: 60 to MEMORY
26/03/02 03:30:49 INFO reduce.InMemoryMapOutput: Read 56 bytes from map-output for attempt_local2108455674_0007_m_000000_0
26/03/02 03:30:49 INFO reduce.MergeManagerImpl: closeInMemoryFile -> map-output of size: 56, inMemoryMapOutputs.size() -> 1, commitMemory -> 0, usedMemory ->56
26/03/02 03:30:49 INFO reduce.EventFetcher: EventFetcher is interrupted.. Returning
26/03/02 03:30:49 INFO mapred.LocalJobRunner: 1 / 1 copied.
26/03/02 03:30:49 INFO reduce.MergeManagerImpl: finalMerge called with 1 in-memory map-outputs and 0 on-disk map-outputs
26/03/02 03:30:49 INFO mapred.Merger: Merging 1 sorted segments
26/03/02 03:30:49 INFO mapred.Merger: Down to the last merge-pass, with 1 segments left of total size: 50 bytes
26/03/02 03:30:49 INFO reduce.MergeManagerImpl: Merged 1 segments, 56 bytes to disk to satisfy reduce memory limit
26/03/02 03:30:49 INFO reduce.MergeManagerImpl: Merging 1 files, 60 bytes from disk
26/03/02 03:30:49 INFO reduce.MergeManagerImpl: Merging 0 segments, 0 bytes from memory into reduce
26/03/02 03:30:49 INFO mapred.Merger: Merging 1 sorted segments
26/03/02 03:30:49 INFO mapred.Merger: Down to the last merge-pass, with 1 segments left of total size: 50 bytes
26/03/02 03:30:49 INFO mapred.LocalJobRunner: 1 / 1 copied.
26/03/02 03:30:49 INFO mapred.Task: Task:attempt_local2108455674_0007_r_000002_0 is done. And is in the process of committing
26/03/02 03:30:49 INFO mapred.LocalJobRunner: 1 / 1 copied.
26/03/02 03:30:49 INFO mapred.Task: Task attempt_local2108455674_0007_r_000002_0 is allowed to commit now
26/03/02 03:30:49 INFO output.FileOutputCommitter: Saved output of task 'attempt_local2108455674_0007_r_000002_0' to hdfs://localhost:9000/project2/task2/runs_report_plus/k3_r30_opt/iter_7/_temporary/0/task_local2108455674_0007_r_000002
26/03/02 03:30:49 INFO mapred.LocalJobRunner: reduce > reduce
26/03/02 03:30:49 INFO mapred.Task: Task 'attempt_local2108455674_0007_r_000002_0' done.
26/03/02 03:30:49 INFO mapred.Task: Final Counters for attempt_local2108455674_0007_r_000002_0: Counters: 29
	File System Counters
		FILE: Number of bytes read=1017338
		FILE: Number of bytes written=3087350
		FILE: Number of read operations=0
		FILE: Number of large read operations=0
		FILE: Number of write operations=0
		HDFS: Number of bytes read=5144714
		HDFS: Number of bytes written=3715
		HDFS: Number of read operations=318
		HDFS: Number of large read operations=0
		HDFS: Number of write operations=102
	Map-Reduce Framework
		Combine input records=0
		Combine output records=0
		Reduce input groups=1
		Reduce shuffle bytes=60
		Reduce input records=1
		Reduce output records=1
		Spilled Records=1
		Shuffled Maps =1
		Failed Shuffles=0
		Merged Map outputs=1
		GC time elapsed (ms)=0
		Total committed heap usage (bytes)=445120512
	Shuffle Errors
		BAD_ID=0
		CONNECTION=0
		IO_ERROR=0
		WRONG_LENGTH=0
		WRONG_MAP=0
		WRONG_REDUCE=0
	File Output Format Counters 
		Bytes Written=102
26/03/02 03:30:49 INFO mapred.LocalJobRunner: Finishing task: attempt_local2108455674_0007_r_000002_0
26/03/02 03:30:49 INFO mapred.LocalJobRunner: reduce task executor complete.
26/03/02 03:30:50 INFO mapreduce.Job: Job job_local2108455674_0007 running in uber mode : false
26/03/02 03:30:50 INFO mapreduce.Job:  map 100% reduce 100%
26/03/02 03:30:50 INFO mapreduce.Job: Job job_local2108455674_0007 completed successfully
26/03/02 03:30:50 INFO mapreduce.Job: Counters: 35
	File System Counters
		FILE: Number of bytes read=4067912
		FILE: Number of bytes written=12349040
		FILE: Number of read operations=0
		FILE: Number of large read operations=0
		FILE: Number of write operations=0
		HDFS: Number of bytes read=20578856
		HDFS: Number of bytes written=14254
		HDFS: Number of read operations=1254
		HDFS: Number of large read operations=0
		HDFS: Number of write operations=396
	Map-Reduce Framework
		Map input records=10000
		Map output records=10000
		Map output bytes=520000
		Map output materialized bytes=180
		Input split bytes=121
		Combine input records=10000
		Combine output records=3
		Reduce input groups=3
		Reduce shuffle bytes=180
		Reduce input records=3
		Reduce output records=3
		Spilled Records=6
		Shuffled Maps =3
		Failed Shuffles=0
		Merged Map outputs=3
		GC time elapsed (ms)=0
		Total committed heap usage (bytes)=1780482048
	Shuffle Errors
		BAD_ID=0
		CONNECTION=0
		IO_ERROR=0
		WRONG_LENGTH=0
		WRONG_MAP=0
		WRONG_REDUCE=0
	File Input Format Counters 
		Bytes Read=733758
	File Output Format Counters 
		Bytes Written=302
26/03/02 03:30:50 INFO jvm.JvmMetrics: Cannot initialize JVM Metrics with processName=JobTracker, sessionId= - already initialized
26/03/02 03:30:50 WARN mapreduce.JobResourceUploader: Hadoop command-line option parsing not performed. Implement the Tool interface and execute your application with ToolRunner to remedy this.
26/03/02 03:30:50 INFO input.FileInputFormat: Total input paths to process : 1
26/03/02 03:30:50 INFO mapreduce.JobSubmitter: number of splits:1
26/03/02 03:30:50 INFO mapreduce.JobSubmitter: Submitting tokens for job: job_local286896657_0008
26/03/02 03:30:50 INFO mapred.LocalDistributedCacheManager: Creating symlink: /tmp/hadoop-ds503/mapred/local/1772422250457/centers_iter_7.csv <- /home/ds503/centers_iter_7.csv
26/03/02 03:30:50 INFO mapred.LocalDistributedCacheManager: Localized hdfs://localhost:9000/project2/task2/runs_report_plus/k3_r30_opt/centers_iter_7.csv as file:/tmp/hadoop-ds503/mapred/local/1772422250457/centers_iter_7.csv
26/03/02 03:30:50 INFO mapreduce.Job: The url to track the job: http://localhost:8080/
26/03/02 03:30:50 INFO mapreduce.Job: Running job: job_local286896657_0008
26/03/02 03:30:50 INFO mapred.LocalJobRunner: OutputCommitter set in config null
26/03/02 03:30:50 INFO output.FileOutputCommitter: File Output Committer Algorithm version is 1
26/03/02 03:30:50 INFO mapred.LocalJobRunner: OutputCommitter is org.apache.hadoop.mapreduce.lib.output.FileOutputCommitter
26/03/02 03:30:50 INFO mapred.LocalJobRunner: Waiting for map tasks
26/03/02 03:30:50 INFO mapred.LocalJobRunner: Starting task: attempt_local286896657_0008_m_000000_0
26/03/02 03:30:50 INFO output.FileOutputCommitter: File Output Committer Algorithm version is 1
26/03/02 03:30:50 INFO mapred.Task:  Using ResourceCalculatorProcessTree : [ ]
26/03/02 03:30:50 INFO mapred.MapTask: Processing split: hdfs://localhost:9000/project2/task2/input/points_4d.csv:0+733758
26/03/02 03:30:50 INFO mapred.MapTask: (EQUATOR) 0 kvi 26214396(104857584)
26/03/02 03:30:50 INFO mapred.MapTask: mapreduce.task.io.sort.mb: 100
26/03/02 03:30:50 INFO mapred.MapTask: soft limit at 83886080
26/03/02 03:30:50 INFO mapred.MapTask: bufstart = 0; bufvoid = 104857600
26/03/02 03:30:50 INFO mapred.MapTask: kvstart = 26214396; length = 6553600
26/03/02 03:30:50 INFO mapred.MapTask: Map output collector class = org.apache.hadoop.mapred.MapTask$MapOutputBuffer
26/03/02 03:30:50 INFO mapred.LocalJobRunner: 
26/03/02 03:30:50 INFO mapred.MapTask: Starting flush of map output
26/03/02 03:30:50 INFO mapred.MapTask: Spilling map output
26/03/02 03:30:50 INFO mapred.MapTask: bufstart = 0; bufend = 520000; bufvoid = 104857600
26/03/02 03:30:50 INFO mapred.MapTask: kvstart = 26214396(104857584); kvend = 26174400(104697600); length = 39997/6553600
26/03/02 03:30:50 INFO mapred.MapTask: Finished spill 0
26/03/02 03:30:50 INFO mapred.Task: Task:attempt_local286896657_0008_m_000000_0 is done. And is in the process of committing
26/03/02 03:30:50 INFO mapred.LocalJobRunner: map
26/03/02 03:30:50 INFO mapred.Task: Task 'attempt_local286896657_0008_m_000000_0' done.
26/03/02 03:30:50 INFO mapred.Task: Final Counters for attempt_local286896657_0008_m_000000_0: Counters: 23
	File System Counters
		FILE: Number of bytes read=1161892
		FILE: Number of bytes written=3527536
		FILE: Number of read operations=0
		FILE: Number of large read operations=0
		FILE: Number of write operations=0
		HDFS: Number of bytes read=5879749
		HDFS: Number of bytes written=3938
		HDFS: Number of read operations=357
		HDFS: Number of large read operations=0
		HDFS: Number of write operations=111
	Map-Reduce Framework
		Map input records=10000
		Map output records=10000
		Map output bytes=520000
		Map output materialized bytes=180
		Input split bytes=121
		Combine input records=10000
		Combine output records=3
		Spilled Records=3
		Failed Shuffles=0
		Merged Map outputs=0
		GC time elapsed (ms)=0
		Total committed heap usage (bytes)=520617984
	File Input Format Counters 
		Bytes Read=733758
26/03/02 03:30:50 INFO mapred.LocalJobRunner: Finishing task: attempt_local286896657_0008_m_000000_0
26/03/02 03:30:50 INFO mapred.LocalJobRunner: map task executor complete.
26/03/02 03:30:50 INFO mapred.LocalJobRunner: Waiting for reduce tasks
26/03/02 03:30:50 INFO mapred.LocalJobRunner: Starting task: attempt_local286896657_0008_r_000000_0
26/03/02 03:30:50 INFO output.FileOutputCommitter: File Output Committer Algorithm version is 1
26/03/02 03:30:50 INFO mapred.Task:  Using ResourceCalculatorProcessTree : [ ]
26/03/02 03:30:50 INFO mapred.ReduceTask: Using ShuffleConsumerPlugin: org.apache.hadoop.mapreduce.task.reduce.Shuffle@58abdb91
26/03/02 03:30:50 INFO reduce.MergeManagerImpl: MergerManager: memoryLimit=364432576, maxSingleShuffleLimit=91108144, mergeThreshold=240525504, ioSortFactor=10, memToMemMergeOutputsThreshold=10
26/03/02 03:30:50 INFO reduce.EventFetcher: attempt_local286896657_0008_r_000000_0 Thread started: EventFetcher for fetching Map Completion Events
26/03/02 03:30:50 INFO reduce.LocalFetcher: localfetcher#22 about to shuffle output of map attempt_local286896657_0008_m_000000_0 decomp: 56 len: 60 to MEMORY
26/03/02 03:30:50 INFO reduce.InMemoryMapOutput: Read 56 bytes from map-output for attempt_local286896657_0008_m_000000_0
26/03/02 03:30:50 INFO reduce.MergeManagerImpl: closeInMemoryFile -> map-output of size: 56, inMemoryMapOutputs.size() -> 1, commitMemory -> 0, usedMemory ->56
26/03/02 03:30:50 INFO reduce.EventFetcher: EventFetcher is interrupted.. Returning
26/03/02 03:30:50 INFO mapred.LocalJobRunner: 1 / 1 copied.
26/03/02 03:30:50 INFO reduce.MergeManagerImpl: finalMerge called with 1 in-memory map-outputs and 0 on-disk map-outputs
26/03/02 03:30:50 INFO mapred.Merger: Merging 1 sorted segments
26/03/02 03:30:50 INFO mapred.Merger: Down to the last merge-pass, with 1 segments left of total size: 50 bytes
26/03/02 03:30:50 INFO reduce.MergeManagerImpl: Merged 1 segments, 56 bytes to disk to satisfy reduce memory limit
26/03/02 03:30:50 INFO reduce.MergeManagerImpl: Merging 1 files, 60 bytes from disk
26/03/02 03:30:50 INFO reduce.MergeManagerImpl: Merging 0 segments, 0 bytes from memory into reduce
26/03/02 03:30:50 INFO mapred.Merger: Merging 1 sorted segments
26/03/02 03:30:50 INFO mapred.Merger: Down to the last merge-pass, with 1 segments left of total size: 50 bytes
26/03/02 03:30:50 INFO mapred.LocalJobRunner: 1 / 1 copied.
26/03/02 03:30:50 INFO mapred.Task: Task:attempt_local286896657_0008_r_000000_0 is done. And is in the process of committing
26/03/02 03:30:50 INFO mapred.LocalJobRunner: 1 / 1 copied.
26/03/02 03:30:50 INFO mapred.Task: Task attempt_local286896657_0008_r_000000_0 is allowed to commit now
26/03/02 03:30:50 INFO output.FileOutputCommitter: Saved output of task 'attempt_local286896657_0008_r_000000_0' to hdfs://localhost:9000/project2/task2/runs_report_plus/k3_r30_opt/iter_8/_temporary/0/task_local286896657_0008_r_000000
26/03/02 03:30:50 INFO mapred.LocalJobRunner: reduce > reduce
26/03/02 03:30:50 INFO mapred.Task: Task 'attempt_local286896657_0008_r_000000_0' done.
26/03/02 03:30:50 INFO mapred.Task: Final Counters for attempt_local286896657_0008_r_000000_0: Counters: 29
	File System Counters
		FILE: Number of bytes read=1162212
		FILE: Number of bytes written=3527596
		FILE: Number of read operations=0
		FILE: Number of large read operations=0
		FILE: Number of write operations=0
		HDFS: Number of bytes read=5879749
		HDFS: Number of bytes written=4040
		HDFS: Number of read operations=360
		HDFS: Number of large read operations=0
		HDFS: Number of write operations=113
	Map-Reduce Framework
		Combine input records=0
		Combine output records=0
		Reduce input groups=1
		Reduce shuffle bytes=60
		Reduce input records=1
		Reduce output records=1
		Spilled Records=1
		Shuffled Maps =1
		Failed Shuffles=0
		Merged Map outputs=1
		GC time elapsed (ms)=0
		Total committed heap usage (bytes)=520617984
	Shuffle Errors
		BAD_ID=0
		CONNECTION=0
		IO_ERROR=0
		WRONG_LENGTH=0
		WRONG_MAP=0
		WRONG_REDUCE=0
	File Output Format Counters 
		Bytes Written=102
26/03/02 03:30:50 INFO mapred.LocalJobRunner: Finishing task: attempt_local286896657_0008_r_000000_0
26/03/02 03:30:50 INFO mapred.LocalJobRunner: Starting task: attempt_local286896657_0008_r_000001_0
26/03/02 03:30:50 INFO output.FileOutputCommitter: File Output Committer Algorithm version is 1
26/03/02 03:30:50 INFO mapred.Task:  Using ResourceCalculatorProcessTree : [ ]
26/03/02 03:30:50 INFO mapred.ReduceTask: Using ShuffleConsumerPlugin: org.apache.hadoop.mapreduce.task.reduce.Shuffle@112012e7
26/03/02 03:30:50 INFO reduce.MergeManagerImpl: MergerManager: memoryLimit=364432576, maxSingleShuffleLimit=91108144, mergeThreshold=240525504, ioSortFactor=10, memToMemMergeOutputsThreshold=10
26/03/02 03:30:50 INFO reduce.EventFetcher: attempt_local286896657_0008_r_000001_0 Thread started: EventFetcher for fetching Map Completion Events
26/03/02 03:30:50 INFO reduce.LocalFetcher: localfetcher#23 about to shuffle output of map attempt_local286896657_0008_m_000000_0 decomp: 56 len: 60 to MEMORY
26/03/02 03:30:50 INFO reduce.InMemoryMapOutput: Read 56 bytes from map-output for attempt_local286896657_0008_m_000000_0
26/03/02 03:30:50 INFO reduce.MergeManagerImpl: closeInMemoryFile -> map-output of size: 56, inMemoryMapOutputs.size() -> 1, commitMemory -> 0, usedMemory ->56
26/03/02 03:30:50 INFO reduce.EventFetcher: EventFetcher is interrupted.. Returning
26/03/02 03:30:50 INFO mapred.LocalJobRunner: 1 / 1 copied.
26/03/02 03:30:50 INFO reduce.MergeManagerImpl: finalMerge called with 1 in-memory map-outputs and 0 on-disk map-outputs
26/03/02 03:30:50 INFO mapred.Merger: Merging 1 sorted segments
26/03/02 03:30:50 INFO mapred.Merger: Down to the last merge-pass, with 1 segments left of total size: 50 bytes
26/03/02 03:30:50 INFO reduce.MergeManagerImpl: Merged 1 segments, 56 bytes to disk to satisfy reduce memory limit
26/03/02 03:30:50 INFO reduce.MergeManagerImpl: Merging 1 files, 60 bytes from disk
26/03/02 03:30:50 INFO reduce.MergeManagerImpl: Merging 0 segments, 0 bytes from memory into reduce
26/03/02 03:30:50 INFO mapred.Merger: Merging 1 sorted segments
26/03/02 03:30:50 INFO mapred.Merger: Down to the last merge-pass, with 1 segments left of total size: 50 bytes
26/03/02 03:30:50 INFO mapred.LocalJobRunner: 1 / 1 copied.
26/03/02 03:30:50 INFO mapred.Task: Task:attempt_local286896657_0008_r_000001_0 is done. And is in the process of committing
26/03/02 03:30:50 INFO mapred.LocalJobRunner: 1 / 1 copied.
26/03/02 03:30:50 INFO mapred.Task: Task attempt_local286896657_0008_r_000001_0 is allowed to commit now
26/03/02 03:30:50 INFO output.FileOutputCommitter: Saved output of task 'attempt_local286896657_0008_r_000001_0' to hdfs://localhost:9000/project2/task2/runs_report_plus/k3_r30_opt/iter_8/_temporary/0/task_local286896657_0008_r_000001
26/03/02 03:30:50 INFO mapred.LocalJobRunner: reduce > reduce
26/03/02 03:30:50 INFO mapred.Task: Task 'attempt_local286896657_0008_r_000001_0' done.
26/03/02 03:30:50 INFO mapred.Task: Final Counters for attempt_local286896657_0008_r_000001_0: Counters: 29
	File System Counters
		FILE: Number of bytes read=1162472
		FILE: Number of bytes written=3527656
		FILE: Number of read operations=0
		FILE: Number of large read operations=0
		FILE: Number of write operations=0
		HDFS: Number of bytes read=5879749
		HDFS: Number of bytes written=4143
		HDFS: Number of read operations=363
		HDFS: Number of large read operations=0
		HDFS: Number of write operations=115
	Map-Reduce Framework
		Combine input records=0
		Combine output records=0
		Reduce input groups=1
		Reduce shuffle bytes=60
		Reduce input records=1
		Reduce output records=1
		Spilled Records=1
		Shuffled Maps =1
		Failed Shuffles=0
		Merged Map outputs=1
		GC time elapsed (ms)=0
		Total committed heap usage (bytes)=520617984
	Shuffle Errors
		BAD_ID=0
		CONNECTION=0
		IO_ERROR=0
		WRONG_LENGTH=0
		WRONG_MAP=0
		WRONG_REDUCE=0
	File Output Format Counters 
		Bytes Written=103
26/03/02 03:30:50 INFO mapred.LocalJobRunner: Finishing task: attempt_local286896657_0008_r_000001_0
26/03/02 03:30:50 INFO mapred.LocalJobRunner: Starting task: attempt_local286896657_0008_r_000002_0
26/03/02 03:30:50 INFO output.FileOutputCommitter: File Output Committer Algorithm version is 1
26/03/02 03:30:50 INFO mapred.Task:  Using ResourceCalculatorProcessTree : [ ]
26/03/02 03:30:50 INFO mapred.ReduceTask: Using ShuffleConsumerPlugin: org.apache.hadoop.mapreduce.task.reduce.Shuffle@6917fd31
26/03/02 03:30:50 INFO reduce.MergeManagerImpl: MergerManager: memoryLimit=364432576, maxSingleShuffleLimit=91108144, mergeThreshold=240525504, ioSortFactor=10, memToMemMergeOutputsThreshold=10
26/03/02 03:30:50 INFO reduce.EventFetcher: attempt_local286896657_0008_r_000002_0 Thread started: EventFetcher for fetching Map Completion Events
26/03/02 03:30:50 INFO reduce.LocalFetcher: localfetcher#24 about to shuffle output of map attempt_local286896657_0008_m_000000_0 decomp: 56 len: 60 to MEMORY
26/03/02 03:30:50 INFO reduce.InMemoryMapOutput: Read 56 bytes from map-output for attempt_local286896657_0008_m_000000_0
26/03/02 03:30:50 INFO reduce.MergeManagerImpl: closeInMemoryFile -> map-output of size: 56, inMemoryMapOutputs.size() -> 1, commitMemory -> 0, usedMemory ->56
26/03/02 03:30:50 WARN io.ReadaheadPool: Failed readahead on ifile
EBADF: Bad file descriptor
	at org.apache.hadoop.io.nativeio.NativeIO$POSIX.posix_fadvise(Native Method)
	at org.apache.hadoop.io.nativeio.NativeIO$POSIX.posixFadviseIfPossible(NativeIO.java:267)
	at org.apache.hadoop.io.nativeio.NativeIO$POSIX$CacheManipulator.posixFadviseIfPossible(NativeIO.java:146)
	at org.apache.hadoop.io.ReadaheadPool$ReadaheadRequestImpl.run(ReadaheadPool.java:206)
	at java.util.concurrent.ThreadPoolExecutor.runWorker(ThreadPoolExecutor.java:1149)
	at java.util.concurrent.ThreadPoolExecutor$Worker.run(ThreadPoolExecutor.java:624)
	at java.lang.Thread.run(Thread.java:748)
26/03/02 03:30:50 INFO reduce.EventFetcher: EventFetcher is interrupted.. Returning
26/03/02 03:30:50 INFO mapred.LocalJobRunner: 1 / 1 copied.
26/03/02 03:30:50 INFO reduce.MergeManagerImpl: finalMerge called with 1 in-memory map-outputs and 0 on-disk map-outputs
26/03/02 03:30:50 INFO mapred.Merger: Merging 1 sorted segments
26/03/02 03:30:50 INFO mapred.Merger: Down to the last merge-pass, with 1 segments left of total size: 50 bytes
26/03/02 03:30:50 INFO reduce.MergeManagerImpl: Merged 1 segments, 56 bytes to disk to satisfy reduce memory limit
26/03/02 03:30:50 INFO reduce.MergeManagerImpl: Merging 1 files, 60 bytes from disk
26/03/02 03:30:50 INFO reduce.MergeManagerImpl: Merging 0 segments, 0 bytes from memory into reduce
26/03/02 03:30:50 INFO mapred.Merger: Merging 1 sorted segments
26/03/02 03:30:50 INFO mapred.Merger: Down to the last merge-pass, with 1 segments left of total size: 50 bytes
26/03/02 03:30:50 INFO mapred.LocalJobRunner: 1 / 1 copied.
26/03/02 03:30:50 INFO mapred.Task: Task:attempt_local286896657_0008_r_000002_0 is done. And is in the process of committing
26/03/02 03:30:50 INFO mapred.LocalJobRunner: 1 / 1 copied.
26/03/02 03:30:50 INFO mapred.Task: Task attempt_local286896657_0008_r_000002_0 is allowed to commit now
26/03/02 03:30:50 INFO output.FileOutputCommitter: Saved output of task 'attempt_local286896657_0008_r_000002_0' to hdfs://localhost:9000/project2/task2/runs_report_plus/k3_r30_opt/iter_8/_temporary/0/task_local286896657_0008_r_000002
26/03/02 03:30:50 INFO mapred.LocalJobRunner: reduce > reduce
26/03/02 03:30:50 INFO mapred.Task: Task 'attempt_local286896657_0008_r_000002_0' done.
26/03/02 03:30:50 INFO mapred.Task: Final Counters for attempt_local286896657_0008_r_000002_0: Counters: 29
	File System Counters
		FILE: Number of bytes read=1162672
		FILE: Number of bytes written=3527716
		FILE: Number of read operations=0
		FILE: Number of large read operations=0
		FILE: Number of write operations=0
		HDFS: Number of bytes read=5879749
		HDFS: Number of bytes written=4244
		HDFS: Number of read operations=366
		HDFS: Number of large read operations=0
		HDFS: Number of write operations=117
	Map-Reduce Framework
		Combine input records=0
		Combine output records=0
		Reduce input groups=1
		Reduce shuffle bytes=60
		Reduce input records=1
		Reduce output records=1
		Spilled Records=1
		Shuffled Maps =1
		Failed Shuffles=0
		Merged Map outputs=1
		GC time elapsed (ms)=2
		Total committed heap usage (bytes)=526909440
	Shuffle Errors
		BAD_ID=0
		CONNECTION=0
		IO_ERROR=0
		WRONG_LENGTH=0
		WRONG_MAP=0
		WRONG_REDUCE=0
	File Output Format Counters 
		Bytes Written=101
26/03/02 03:30:50 INFO mapred.LocalJobRunner: Finishing task: attempt_local286896657_0008_r_000002_0
26/03/02 03:30:50 INFO mapred.LocalJobRunner: reduce task executor complete.
26/03/02 03:30:51 INFO mapreduce.Job: Job job_local286896657_0008 running in uber mode : false
26/03/02 03:30:51 INFO mapreduce.Job:  map 100% reduce 100%
26/03/02 03:30:51 INFO mapreduce.Job: Job job_local286896657_0008 completed successfully
26/03/02 03:30:51 INFO mapreduce.Job: Counters: 35
	File System Counters
		FILE: Number of bytes read=4649248
		FILE: Number of bytes written=14110504
		FILE: Number of read operations=0
		FILE: Number of large read operations=0
		FILE: Number of write operations=0
		HDFS: Number of bytes read=23518996
		HDFS: Number of bytes written=16365
		HDFS: Number of read operations=1446
		HDFS: Number of large read operations=0
		HDFS: Number of write operations=456
	Map-Reduce Framework
		Map input records=10000
		Map output records=10000
		Map output bytes=520000
		Map output materialized bytes=180
		Input split bytes=121
		Combine input records=10000
		Combine output records=3
		Reduce input groups=3
		Reduce shuffle bytes=180
		Reduce input records=3
		Reduce output records=3
		Spilled Records=6
		Shuffled Maps =3
		Failed Shuffles=0
		Merged Map outputs=3
		GC time elapsed (ms)=2
		Total committed heap usage (bytes)=2088763392
	Shuffle Errors
		BAD_ID=0
		CONNECTION=0
		IO_ERROR=0
		WRONG_LENGTH=0
		WRONG_MAP=0
		WRONG_REDUCE=0
	File Input Format Counters 
		Bytes Read=733758
	File Output Format Counters 
		Bytes Written=306
26/03/02 03:30:51 INFO jvm.JvmMetrics: Cannot initialize JVM Metrics with processName=JobTracker, sessionId= - already initialized
26/03/02 03:30:51 WARN mapreduce.JobResourceUploader: Hadoop command-line option parsing not performed. Implement the Tool interface and execute your application with ToolRunner to remedy this.
26/03/02 03:30:51 INFO input.FileInputFormat: Total input paths to process : 1
26/03/02 03:30:51 INFO mapreduce.JobSubmitter: number of splits:1
26/03/02 03:30:51 INFO mapreduce.JobSubmitter: Submitting tokens for job: job_local1769612051_0009
26/03/02 03:30:51 INFO mapred.LocalDistributedCacheManager: Creating symlink: /tmp/hadoop-ds503/mapred/local/1772422251552/centers_iter_8.csv <- /home/ds503/centers_iter_8.csv
26/03/02 03:30:51 INFO mapred.LocalDistributedCacheManager: Localized hdfs://localhost:9000/project2/task2/runs_report_plus/k3_r30_opt/centers_iter_8.csv as file:/tmp/hadoop-ds503/mapred/local/1772422251552/centers_iter_8.csv
26/03/02 03:30:51 INFO mapreduce.Job: The url to track the job: http://localhost:8080/
26/03/02 03:30:51 INFO mapreduce.Job: Running job: job_local1769612051_0009
26/03/02 03:30:51 INFO mapred.LocalJobRunner: OutputCommitter set in config null
26/03/02 03:30:51 INFO output.FileOutputCommitter: File Output Committer Algorithm version is 1
26/03/02 03:30:51 INFO mapred.LocalJobRunner: OutputCommitter is org.apache.hadoop.mapreduce.lib.output.FileOutputCommitter
26/03/02 03:30:51 INFO mapred.LocalJobRunner: Waiting for map tasks
26/03/02 03:30:51 INFO mapred.LocalJobRunner: Starting task: attempt_local1769612051_0009_m_000000_0
26/03/02 03:30:51 INFO output.FileOutputCommitter: File Output Committer Algorithm version is 1
26/03/02 03:30:51 INFO mapred.Task:  Using ResourceCalculatorProcessTree : [ ]
26/03/02 03:30:51 INFO mapred.MapTask: Processing split: hdfs://localhost:9000/project2/task2/input/points_4d.csv:0+733758
26/03/02 03:30:51 INFO mapred.MapTask: (EQUATOR) 0 kvi 26214396(104857584)
26/03/02 03:30:51 INFO mapred.MapTask: mapreduce.task.io.sort.mb: 100
26/03/02 03:30:51 INFO mapred.MapTask: soft limit at 83886080
26/03/02 03:30:51 INFO mapred.MapTask: bufstart = 0; bufvoid = 104857600
26/03/02 03:30:51 INFO mapred.MapTask: kvstart = 26214396; length = 6553600
26/03/02 03:30:51 INFO mapred.MapTask: Map output collector class = org.apache.hadoop.mapred.MapTask$MapOutputBuffer
26/03/02 03:30:51 INFO mapred.LocalJobRunner: 
26/03/02 03:30:51 INFO mapred.MapTask: Starting flush of map output
26/03/02 03:30:51 INFO mapred.MapTask: Spilling map output
26/03/02 03:30:51 INFO mapred.MapTask: bufstart = 0; bufend = 520000; bufvoid = 104857600
26/03/02 03:30:51 INFO mapred.MapTask: kvstart = 26214396(104857584); kvend = 26174400(104697600); length = 39997/6553600
26/03/02 03:30:51 INFO mapred.MapTask: Finished spill 0
26/03/02 03:30:51 INFO mapred.Task: Task:attempt_local1769612051_0009_m_000000_0 is done. And is in the process of committing
26/03/02 03:30:51 INFO mapred.LocalJobRunner: map
26/03/02 03:30:51 INFO mapred.Task: Task 'attempt_local1769612051_0009_m_000000_0' done.
26/03/02 03:30:51 INFO mapred.Task: Final Counters for attempt_local1769612051_0009_m_000000_0: Counters: 23
	File System Counters
		FILE: Number of bytes read=1307226
		FILE: Number of bytes written=3969494
		FILE: Number of read operations=0
		FILE: Number of large read operations=0
		FILE: Number of write operations=0
		HDFS: Number of bytes read=6614796
		HDFS: Number of bytes written=4471
		HDFS: Number of read operations=405
		HDFS: Number of large read operations=0
		HDFS: Number of write operations=126
	Map-Reduce Framework
		Map input records=10000
		Map output records=10000
		Map output bytes=520000
		Map output materialized bytes=180
		Input split bytes=121
		Combine input records=10000
		Combine output records=3
		Spilled Records=3
		Failed Shuffles=0
		Merged Map outputs=0
		GC time elapsed (ms)=46
		Total committed heap usage (bytes)=353370112
	File Input Format Counters 
		Bytes Read=733758
26/03/02 03:30:51 INFO mapred.LocalJobRunner: Finishing task: attempt_local1769612051_0009_m_000000_0
26/03/02 03:30:51 INFO mapred.LocalJobRunner: map task executor complete.
26/03/02 03:30:51 INFO mapred.LocalJobRunner: Waiting for reduce tasks
26/03/02 03:30:51 INFO mapred.LocalJobRunner: Starting task: attempt_local1769612051_0009_r_000000_0
26/03/02 03:30:51 INFO output.FileOutputCommitter: File Output Committer Algorithm version is 1
26/03/02 03:30:51 INFO mapred.Task:  Using ResourceCalculatorProcessTree : [ ]
26/03/02 03:30:51 INFO mapred.ReduceTask: Using ShuffleConsumerPlugin: org.apache.hadoop.mapreduce.task.reduce.Shuffle@3df09fa9
26/03/02 03:30:51 INFO reduce.MergeManagerImpl: MergerManager: memoryLimit=334338464, maxSingleShuffleLimit=83584616, mergeThreshold=220663392, ioSortFactor=10, memToMemMergeOutputsThreshold=10
26/03/02 03:30:51 INFO reduce.EventFetcher: attempt_local1769612051_0009_r_000000_0 Thread started: EventFetcher for fetching Map Completion Events
26/03/02 03:30:51 INFO reduce.LocalFetcher: localfetcher#25 about to shuffle output of map attempt_local1769612051_0009_m_000000_0 decomp: 56 len: 60 to MEMORY
26/03/02 03:30:51 INFO reduce.InMemoryMapOutput: Read 56 bytes from map-output for attempt_local1769612051_0009_m_000000_0
26/03/02 03:30:51 INFO reduce.MergeManagerImpl: closeInMemoryFile -> map-output of size: 56, inMemoryMapOutputs.size() -> 1, commitMemory -> 0, usedMemory ->56
26/03/02 03:30:51 INFO reduce.EventFetcher: EventFetcher is interrupted.. Returning
26/03/02 03:30:51 INFO mapred.LocalJobRunner: 1 / 1 copied.
26/03/02 03:30:51 INFO reduce.MergeManagerImpl: finalMerge called with 1 in-memory map-outputs and 0 on-disk map-outputs
26/03/02 03:30:51 INFO mapred.Merger: Merging 1 sorted segments
26/03/02 03:30:51 INFO mapred.Merger: Down to the last merge-pass, with 1 segments left of total size: 50 bytes
26/03/02 03:30:51 INFO reduce.MergeManagerImpl: Merged 1 segments, 56 bytes to disk to satisfy reduce memory limit
26/03/02 03:30:51 INFO reduce.MergeManagerImpl: Merging 1 files, 60 bytes from disk
26/03/02 03:30:51 INFO reduce.MergeManagerImpl: Merging 0 segments, 0 bytes from memory into reduce
26/03/02 03:30:51 INFO mapred.Merger: Merging 1 sorted segments
26/03/02 03:30:51 INFO mapred.Merger: Down to the last merge-pass, with 1 segments left of total size: 50 bytes
26/03/02 03:30:51 INFO mapred.LocalJobRunner: 1 / 1 copied.
26/03/02 03:30:51 INFO mapred.Task: Task:attempt_local1769612051_0009_r_000000_0 is done. And is in the process of committing
26/03/02 03:30:51 INFO mapred.LocalJobRunner: 1 / 1 copied.
26/03/02 03:30:51 INFO mapred.Task: Task attempt_local1769612051_0009_r_000000_0 is allowed to commit now
26/03/02 03:30:51 INFO output.FileOutputCommitter: Saved output of task 'attempt_local1769612051_0009_r_000000_0' to hdfs://localhost:9000/project2/task2/runs_report_plus/k3_r30_opt/iter_9/_temporary/0/task_local1769612051_0009_r_000000
26/03/02 03:30:51 INFO mapred.LocalJobRunner: reduce > reduce
26/03/02 03:30:51 INFO mapred.Task: Task 'attempt_local1769612051_0009_r_000000_0' done.
26/03/02 03:30:51 INFO mapred.Task: Final Counters for attempt_local1769612051_0009_r_000000_0: Counters: 29
	File System Counters
		FILE: Number of bytes read=1307546
		FILE: Number of bytes written=3969554
		FILE: Number of read operations=0
		FILE: Number of large read operations=0
		FILE: Number of write operations=0
		HDFS: Number of bytes read=6614796
		HDFS: Number of bytes written=4573
		HDFS: Number of read operations=408
		HDFS: Number of large read operations=0
		HDFS: Number of write operations=128
	Map-Reduce Framework
		Combine input records=0
		Combine output records=0
		Reduce input groups=1
		Reduce shuffle bytes=60
		Reduce input records=1
		Reduce output records=1
		Spilled Records=1
		Shuffled Maps =1
		Failed Shuffles=0
		Merged Map outputs=1
		GC time elapsed (ms)=0
		Total committed heap usage (bytes)=353370112
	Shuffle Errors
		BAD_ID=0
		CONNECTION=0
		IO_ERROR=0
		WRONG_LENGTH=0
		WRONG_MAP=0
		WRONG_REDUCE=0
	File Output Format Counters 
		Bytes Written=102
26/03/02 03:30:51 INFO mapred.LocalJobRunner: Finishing task: attempt_local1769612051_0009_r_000000_0
26/03/02 03:30:51 INFO mapred.LocalJobRunner: Starting task: attempt_local1769612051_0009_r_000001_0
26/03/02 03:30:51 INFO output.FileOutputCommitter: File Output Committer Algorithm version is 1
26/03/02 03:30:51 INFO mapred.Task:  Using ResourceCalculatorProcessTree : [ ]
26/03/02 03:30:51 INFO mapred.ReduceTask: Using ShuffleConsumerPlugin: org.apache.hadoop.mapreduce.task.reduce.Shuffle@4bbea863
26/03/02 03:30:51 INFO reduce.MergeManagerImpl: MergerManager: memoryLimit=334338464, maxSingleShuffleLimit=83584616, mergeThreshold=220663392, ioSortFactor=10, memToMemMergeOutputsThreshold=10
26/03/02 03:30:51 INFO reduce.EventFetcher: attempt_local1769612051_0009_r_000001_0 Thread started: EventFetcher for fetching Map Completion Events
26/03/02 03:30:51 INFO reduce.LocalFetcher: localfetcher#26 about to shuffle output of map attempt_local1769612051_0009_m_000000_0 decomp: 56 len: 60 to MEMORY
26/03/02 03:30:51 INFO reduce.InMemoryMapOutput: Read 56 bytes from map-output for attempt_local1769612051_0009_m_000000_0
26/03/02 03:30:51 INFO reduce.MergeManagerImpl: closeInMemoryFile -> map-output of size: 56, inMemoryMapOutputs.size() -> 1, commitMemory -> 0, usedMemory ->56
26/03/02 03:30:51 INFO reduce.EventFetcher: EventFetcher is interrupted.. Returning
26/03/02 03:30:51 INFO mapred.LocalJobRunner: 1 / 1 copied.
26/03/02 03:30:51 INFO reduce.MergeManagerImpl: finalMerge called with 1 in-memory map-outputs and 0 on-disk map-outputs
26/03/02 03:30:51 INFO mapred.Merger: Merging 1 sorted segments
26/03/02 03:30:51 INFO mapred.Merger: Down to the last merge-pass, with 1 segments left of total size: 50 bytes
26/03/02 03:30:51 INFO reduce.MergeManagerImpl: Merged 1 segments, 56 bytes to disk to satisfy reduce memory limit
26/03/02 03:30:51 INFO reduce.MergeManagerImpl: Merging 1 files, 60 bytes from disk
26/03/02 03:30:51 INFO reduce.MergeManagerImpl: Merging 0 segments, 0 bytes from memory into reduce
26/03/02 03:30:51 INFO mapred.Merger: Merging 1 sorted segments
26/03/02 03:30:51 INFO mapred.Merger: Down to the last merge-pass, with 1 segments left of total size: 50 bytes
26/03/02 03:30:51 INFO mapred.LocalJobRunner: 1 / 1 copied.
26/03/02 03:30:51 INFO mapred.Task: Task:attempt_local1769612051_0009_r_000001_0 is done. And is in the process of committing
26/03/02 03:30:51 INFO mapred.LocalJobRunner: 1 / 1 copied.
26/03/02 03:30:51 INFO mapred.Task: Task attempt_local1769612051_0009_r_000001_0 is allowed to commit now
26/03/02 03:30:51 INFO output.FileOutputCommitter: Saved output of task 'attempt_local1769612051_0009_r_000001_0' to hdfs://localhost:9000/project2/task2/runs_report_plus/k3_r30_opt/iter_9/_temporary/0/task_local1769612051_0009_r_000001
26/03/02 03:30:51 INFO mapred.LocalJobRunner: reduce > reduce
26/03/02 03:30:51 INFO mapred.Task: Task 'attempt_local1769612051_0009_r_000001_0' done.
26/03/02 03:30:51 INFO mapred.Task: Final Counters for attempt_local1769612051_0009_r_000001_0: Counters: 29
	File System Counters
		FILE: Number of bytes read=1307806
		FILE: Number of bytes written=3969614
		FILE: Number of read operations=0
		FILE: Number of large read operations=0
		FILE: Number of write operations=0
		HDFS: Number of bytes read=6614796
		HDFS: Number of bytes written=4674
		HDFS: Number of read operations=411
		HDFS: Number of large read operations=0
		HDFS: Number of write operations=130
	Map-Reduce Framework
		Combine input records=0
		Combine output records=0
		Reduce input groups=1
		Reduce shuffle bytes=60
		Reduce input records=1
		Reduce output records=1
		Spilled Records=1
		Shuffled Maps =1
		Failed Shuffles=0
		Merged Map outputs=1
		GC time elapsed (ms)=0
		Total committed heap usage (bytes)=353370112
	Shuffle Errors
		BAD_ID=0
		CONNECTION=0
		IO_ERROR=0
		WRONG_LENGTH=0
		WRONG_MAP=0
		WRONG_REDUCE=0
	File Output Format Counters 
		Bytes Written=101
26/03/02 03:30:51 INFO mapred.LocalJobRunner: Finishing task: attempt_local1769612051_0009_r_000001_0
26/03/02 03:30:51 INFO mapred.LocalJobRunner: Starting task: attempt_local1769612051_0009_r_000002_0
26/03/02 03:30:51 INFO output.FileOutputCommitter: File Output Committer Algorithm version is 1
26/03/02 03:30:51 INFO mapred.Task:  Using ResourceCalculatorProcessTree : [ ]
26/03/02 03:30:51 INFO mapred.ReduceTask: Using ShuffleConsumerPlugin: org.apache.hadoop.mapreduce.task.reduce.Shuffle@33ec61be
26/03/02 03:30:51 INFO reduce.MergeManagerImpl: MergerManager: memoryLimit=334338464, maxSingleShuffleLimit=83584616, mergeThreshold=220663392, ioSortFactor=10, memToMemMergeOutputsThreshold=10
26/03/02 03:30:51 INFO reduce.EventFetcher: attempt_local1769612051_0009_r_000002_0 Thread started: EventFetcher for fetching Map Completion Events
26/03/02 03:30:51 INFO reduce.LocalFetcher: localfetcher#27 about to shuffle output of map attempt_local1769612051_0009_m_000000_0 decomp: 56 len: 60 to MEMORY
26/03/02 03:30:51 INFO reduce.InMemoryMapOutput: Read 56 bytes from map-output for attempt_local1769612051_0009_m_000000_0
26/03/02 03:30:51 INFO reduce.MergeManagerImpl: closeInMemoryFile -> map-output of size: 56, inMemoryMapOutputs.size() -> 1, commitMemory -> 0, usedMemory ->56
26/03/02 03:30:51 INFO reduce.EventFetcher: EventFetcher is interrupted.. Returning
26/03/02 03:30:51 INFO mapred.LocalJobRunner: 1 / 1 copied.
26/03/02 03:30:51 INFO reduce.MergeManagerImpl: finalMerge called with 1 in-memory map-outputs and 0 on-disk map-outputs
26/03/02 03:30:51 INFO mapred.Merger: Merging 1 sorted segments
26/03/02 03:30:51 INFO mapred.Merger: Down to the last merge-pass, with 1 segments left of total size: 50 bytes
26/03/02 03:30:51 INFO reduce.MergeManagerImpl: Merged 1 segments, 56 bytes to disk to satisfy reduce memory limit
26/03/02 03:30:51 INFO reduce.MergeManagerImpl: Merging 1 files, 60 bytes from disk
26/03/02 03:30:51 INFO reduce.MergeManagerImpl: Merging 0 segments, 0 bytes from memory into reduce
26/03/02 03:30:51 INFO mapred.Merger: Merging 1 sorted segments
26/03/02 03:30:51 INFO mapred.Merger: Down to the last merge-pass, with 1 segments left of total size: 50 bytes
26/03/02 03:30:51 INFO mapred.LocalJobRunner: 1 / 1 copied.
26/03/02 03:30:51 INFO mapred.Task: Task:attempt_local1769612051_0009_r_000002_0 is done. And is in the process of committing
26/03/02 03:30:51 INFO mapred.LocalJobRunner: 1 / 1 copied.
26/03/02 03:30:51 INFO mapred.Task: Task attempt_local1769612051_0009_r_000002_0 is allowed to commit now
26/03/02 03:30:51 INFO output.FileOutputCommitter: Saved output of task 'attempt_local1769612051_0009_r_000002_0' to hdfs://localhost:9000/project2/task2/runs_report_plus/k3_r30_opt/iter_9/_temporary/0/task_local1769612051_0009_r_000002
26/03/02 03:30:51 INFO mapred.LocalJobRunner: reduce > reduce
26/03/02 03:30:51 INFO mapred.Task: Task 'attempt_local1769612051_0009_r_000002_0' done.
26/03/02 03:30:51 INFO mapred.Task: Final Counters for attempt_local1769612051_0009_r_000002_0: Counters: 29
	File System Counters
		FILE: Number of bytes read=1308006
		FILE: Number of bytes written=3969674
		FILE: Number of read operations=0
		FILE: Number of large read operations=0
		FILE: Number of write operations=0
		HDFS: Number of bytes read=6614796
		HDFS: Number of bytes written=4776
		HDFS: Number of read operations=414
		HDFS: Number of large read operations=0
		HDFS: Number of write operations=132
	Map-Reduce Framework
		Combine input records=0
		Combine output records=0
		Reduce input groups=1
		Reduce shuffle bytes=60
		Reduce input records=1
		Reduce output records=1
		Spilled Records=1
		Shuffled Maps =1
		Failed Shuffles=0
		Merged Map outputs=1
		GC time elapsed (ms)=0
		Total committed heap usage (bytes)=353370112
	Shuffle Errors
		BAD_ID=0
		CONNECTION=0
		IO_ERROR=0
		WRONG_LENGTH=0
		WRONG_MAP=0
		WRONG_REDUCE=0
	File Output Format Counters 
		Bytes Written=102
26/03/02 03:30:51 INFO mapred.LocalJobRunner: Finishing task: attempt_local1769612051_0009_r_000002_0
26/03/02 03:30:51 INFO mapred.LocalJobRunner: reduce task executor complete.
26/03/02 03:30:52 INFO mapreduce.Job: Job job_local1769612051_0009 running in uber mode : false
26/03/02 03:30:52 INFO mapreduce.Job:  map 100% reduce 100%
26/03/02 03:30:52 INFO mapreduce.Job: Job job_local1769612051_0009 completed successfully
26/03/02 03:30:52 INFO mapreduce.Job: Counters: 35
	File System Counters
		FILE: Number of bytes read=5230584
		FILE: Number of bytes written=15878336
		FILE: Number of read operations=0
		FILE: Number of large read operations=0
		FILE: Number of write operations=0
		HDFS: Number of bytes read=26459184
		HDFS: Number of bytes written=18494
		HDFS: Number of read operations=1638
		HDFS: Number of large read operations=0
		HDFS: Number of write operations=516
	Map-Reduce Framework
		Map input records=10000
		Map output records=10000
		Map output bytes=520000
		Map output materialized bytes=180
		Input split bytes=121
		Combine input records=10000
		Combine output records=3
		Reduce input groups=3
		Reduce shuffle bytes=180
		Reduce input records=3
		Reduce output records=3
		Spilled Records=6
		Shuffled Maps =3
		Failed Shuffles=0
		Merged Map outputs=3
		GC time elapsed (ms)=46
		Total committed heap usage (bytes)=1413480448
	Shuffle Errors
		BAD_ID=0
		CONNECTION=0
		IO_ERROR=0
		WRONG_LENGTH=0
		WRONG_MAP=0
		WRONG_REDUCE=0
	File Input Format Counters 
		Bytes Read=733758
	File Output Format Counters 
		Bytes Written=305
26/03/02 03:30:52 INFO jvm.JvmMetrics: Cannot initialize JVM Metrics with processName=JobTracker, sessionId= - already initialized
26/03/02 03:30:52 WARN mapreduce.JobResourceUploader: Hadoop command-line option parsing not performed. Implement the Tool interface and execute your application with ToolRunner to remedy this.
26/03/02 03:30:52 INFO input.FileInputFormat: Total input paths to process : 1
26/03/02 03:30:52 INFO mapreduce.JobSubmitter: number of splits:1
26/03/02 03:30:52 INFO mapreduce.JobSubmitter: Submitting tokens for job: job_local1403861450_0010
26/03/02 03:30:52 INFO mapred.LocalDistributedCacheManager: Creating symlink: /tmp/hadoop-ds503/mapred/local/1772422252653/centers_iter_9.csv <- /home/ds503/centers_iter_9.csv
26/03/02 03:30:52 INFO mapred.LocalDistributedCacheManager: Localized hdfs://localhost:9000/project2/task2/runs_report_plus/k3_r30_opt/centers_iter_9.csv as file:/tmp/hadoop-ds503/mapred/local/1772422252653/centers_iter_9.csv
26/03/02 03:30:52 INFO mapreduce.Job: The url to track the job: http://localhost:8080/
26/03/02 03:30:52 INFO mapreduce.Job: Running job: job_local1403861450_0010
26/03/02 03:30:52 INFO mapred.LocalJobRunner: OutputCommitter set in config null
26/03/02 03:30:52 INFO output.FileOutputCommitter: File Output Committer Algorithm version is 1
26/03/02 03:30:52 INFO mapred.LocalJobRunner: OutputCommitter is org.apache.hadoop.mapreduce.lib.output.FileOutputCommitter
26/03/02 03:30:52 INFO mapred.LocalJobRunner: Waiting for map tasks
26/03/02 03:30:52 INFO mapred.LocalJobRunner: Starting task: attempt_local1403861450_0010_m_000000_0
26/03/02 03:30:52 INFO output.FileOutputCommitter: File Output Committer Algorithm version is 1
26/03/02 03:30:52 INFO mapred.Task:  Using ResourceCalculatorProcessTree : [ ]
26/03/02 03:30:52 INFO mapred.MapTask: Processing split: hdfs://localhost:9000/project2/task2/input/points_4d.csv:0+733758
26/03/02 03:30:52 INFO mapred.MapTask: (EQUATOR) 0 kvi 26214396(104857584)
26/03/02 03:30:52 INFO mapred.MapTask: mapreduce.task.io.sort.mb: 100
26/03/02 03:30:52 INFO mapred.MapTask: soft limit at 83886080
26/03/02 03:30:52 INFO mapred.MapTask: bufstart = 0; bufvoid = 104857600
26/03/02 03:30:52 INFO mapred.MapTask: kvstart = 26214396; length = 6553600
26/03/02 03:30:52 INFO mapred.MapTask: Map output collector class = org.apache.hadoop.mapred.MapTask$MapOutputBuffer
26/03/02 03:30:52 INFO mapred.LocalJobRunner: 
26/03/02 03:30:52 INFO mapred.MapTask: Starting flush of map output
26/03/02 03:30:52 INFO mapred.MapTask: Spilling map output
26/03/02 03:30:52 INFO mapred.MapTask: bufstart = 0; bufend = 520000; bufvoid = 104857600
26/03/02 03:30:52 INFO mapred.MapTask: kvstart = 26214396(104857584); kvend = 26174400(104697600); length = 39997/6553600
26/03/02 03:30:52 INFO mapred.MapTask: Finished spill 0
26/03/02 03:30:52 INFO mapred.Task: Task:attempt_local1403861450_0010_m_000000_0 is done. And is in the process of committing
26/03/02 03:30:52 INFO mapred.LocalJobRunner: map
26/03/02 03:30:52 INFO mapred.Task: Task 'attempt_local1403861450_0010_m_000000_0' done.
26/03/02 03:30:52 INFO mapred.Task: Final Counters for attempt_local1403861450_0010_m_000000_0: Counters: 23
	File System Counters
		FILE: Number of bytes read=1452560
		FILE: Number of bytes written=4411454
		FILE: Number of read operations=0
		FILE: Number of large read operations=0
		FILE: Number of write operations=0
		HDFS: Number of bytes read=7349845
		HDFS: Number of bytes written=5003
		HDFS: Number of read operations=453
		HDFS: Number of large read operations=0
		HDFS: Number of write operations=141
	Map-Reduce Framework
		Map input records=10000
		Map output records=10000
		Map output bytes=520000
		Map output materialized bytes=180
		Input split bytes=121
		Combine input records=10000
		Combine output records=3
		Spilled Records=3
		Failed Shuffles=0
		Merged Map outputs=0
		GC time elapsed (ms)=0
		Total committed heap usage (bytes)=458752000
	File Input Format Counters 
		Bytes Read=733758
26/03/02 03:30:52 INFO mapred.LocalJobRunner: Finishing task: attempt_local1403861450_0010_m_000000_0
26/03/02 03:30:52 INFO mapred.LocalJobRunner: map task executor complete.
26/03/02 03:30:52 INFO mapred.LocalJobRunner: Waiting for reduce tasks
26/03/02 03:30:52 INFO mapred.LocalJobRunner: Starting task: attempt_local1403861450_0010_r_000000_0
26/03/02 03:30:52 INFO output.FileOutputCommitter: File Output Committer Algorithm version is 1
26/03/02 03:30:52 INFO mapred.Task:  Using ResourceCalculatorProcessTree : [ ]
26/03/02 03:30:52 INFO mapred.ReduceTask: Using ShuffleConsumerPlugin: org.apache.hadoop.mapreduce.task.reduce.Shuffle@78a36d9b
26/03/02 03:30:52 INFO reduce.MergeManagerImpl: MergerManager: memoryLimit=334338464, maxSingleShuffleLimit=83584616, mergeThreshold=220663392, ioSortFactor=10, memToMemMergeOutputsThreshold=10
26/03/02 03:30:52 INFO reduce.EventFetcher: attempt_local1403861450_0010_r_000000_0 Thread started: EventFetcher for fetching Map Completion Events
26/03/02 03:30:52 INFO reduce.LocalFetcher: localfetcher#28 about to shuffle output of map attempt_local1403861450_0010_m_000000_0 decomp: 56 len: 60 to MEMORY
26/03/02 03:30:52 INFO reduce.InMemoryMapOutput: Read 56 bytes from map-output for attempt_local1403861450_0010_m_000000_0
26/03/02 03:30:52 INFO reduce.MergeManagerImpl: closeInMemoryFile -> map-output of size: 56, inMemoryMapOutputs.size() -> 1, commitMemory -> 0, usedMemory ->56
26/03/02 03:30:52 INFO reduce.EventFetcher: EventFetcher is interrupted.. Returning
26/03/02 03:30:52 INFO mapred.LocalJobRunner: 1 / 1 copied.
26/03/02 03:30:52 INFO reduce.MergeManagerImpl: finalMerge called with 1 in-memory map-outputs and 0 on-disk map-outputs
26/03/02 03:30:52 INFO mapred.Merger: Merging 1 sorted segments
26/03/02 03:30:52 INFO mapred.Merger: Down to the last merge-pass, with 1 segments left of total size: 50 bytes
26/03/02 03:30:52 INFO reduce.MergeManagerImpl: Merged 1 segments, 56 bytes to disk to satisfy reduce memory limit
26/03/02 03:30:52 INFO reduce.MergeManagerImpl: Merging 1 files, 60 bytes from disk
26/03/02 03:30:52 INFO reduce.MergeManagerImpl: Merging 0 segments, 0 bytes from memory into reduce
26/03/02 03:30:52 INFO mapred.Merger: Merging 1 sorted segments
26/03/02 03:30:52 INFO mapred.Merger: Down to the last merge-pass, with 1 segments left of total size: 50 bytes
26/03/02 03:30:52 INFO mapred.LocalJobRunner: 1 / 1 copied.
26/03/02 03:30:53 INFO mapred.Task: Task:attempt_local1403861450_0010_r_000000_0 is done. And is in the process of committing
26/03/02 03:30:53 INFO mapred.LocalJobRunner: 1 / 1 copied.
26/03/02 03:30:53 INFO mapred.Task: Task attempt_local1403861450_0010_r_000000_0 is allowed to commit now
26/03/02 03:30:53 INFO output.FileOutputCommitter: Saved output of task 'attempt_local1403861450_0010_r_000000_0' to hdfs://localhost:9000/project2/task2/runs_report_plus/k3_r30_opt/iter_10/_temporary/0/task_local1403861450_0010_r_000000
26/03/02 03:30:53 INFO mapred.LocalJobRunner: reduce > reduce
26/03/02 03:30:53 INFO mapred.Task: Task 'attempt_local1403861450_0010_r_000000_0' done.
26/03/02 03:30:53 INFO mapred.Task: Final Counters for attempt_local1403861450_0010_r_000000_0: Counters: 29
	File System Counters
		FILE: Number of bytes read=1452880
		FILE: Number of bytes written=4411514
		FILE: Number of read operations=0
		FILE: Number of large read operations=0
		FILE: Number of write operations=0
		HDFS: Number of bytes read=7349845
		HDFS: Number of bytes written=5105
		HDFS: Number of read operations=456
		HDFS: Number of large read operations=0
		HDFS: Number of write operations=143
	Map-Reduce Framework
		Combine input records=0
		Combine output records=0
		Reduce input groups=1
		Reduce shuffle bytes=60
		Reduce input records=1
		Reduce output records=1
		Spilled Records=1
		Shuffled Maps =1
		Failed Shuffles=0
		Merged Map outputs=1
		GC time elapsed (ms)=0
		Total committed heap usage (bytes)=458752000
	Shuffle Errors
		BAD_ID=0
		CONNECTION=0
		IO_ERROR=0
		WRONG_LENGTH=0
		WRONG_MAP=0
		WRONG_REDUCE=0
	File Output Format Counters 
		Bytes Written=102
26/03/02 03:30:53 INFO mapred.LocalJobRunner: Finishing task: attempt_local1403861450_0010_r_000000_0
26/03/02 03:30:53 INFO mapred.LocalJobRunner: Starting task: attempt_local1403861450_0010_r_000001_0
26/03/02 03:30:53 INFO output.FileOutputCommitter: File Output Committer Algorithm version is 1
26/03/02 03:30:53 INFO mapred.Task:  Using ResourceCalculatorProcessTree : [ ]
26/03/02 03:30:53 INFO mapred.ReduceTask: Using ShuffleConsumerPlugin: org.apache.hadoop.mapreduce.task.reduce.Shuffle@5475fa01
26/03/02 03:30:53 INFO reduce.MergeManagerImpl: MergerManager: memoryLimit=334338464, maxSingleShuffleLimit=83584616, mergeThreshold=220663392, ioSortFactor=10, memToMemMergeOutputsThreshold=10
26/03/02 03:30:53 INFO reduce.EventFetcher: attempt_local1403861450_0010_r_000001_0 Thread started: EventFetcher for fetching Map Completion Events
26/03/02 03:30:53 INFO reduce.LocalFetcher: localfetcher#29 about to shuffle output of map attempt_local1403861450_0010_m_000000_0 decomp: 56 len: 60 to MEMORY
26/03/02 03:30:53 INFO reduce.InMemoryMapOutput: Read 56 bytes from map-output for attempt_local1403861450_0010_m_000000_0
26/03/02 03:30:53 INFO reduce.MergeManagerImpl: closeInMemoryFile -> map-output of size: 56, inMemoryMapOutputs.size() -> 1, commitMemory -> 0, usedMemory ->56
26/03/02 03:30:53 WARN io.ReadaheadPool: Failed readahead on ifile
EBADF: Bad file descriptor
	at org.apache.hadoop.io.nativeio.NativeIO$POSIX.posix_fadvise(Native Method)
	at org.apache.hadoop.io.nativeio.NativeIO$POSIX.posixFadviseIfPossible(NativeIO.java:267)
	at org.apache.hadoop.io.nativeio.NativeIO$POSIX$CacheManipulator.posixFadviseIfPossible(NativeIO.java:146)
	at org.apache.hadoop.io.ReadaheadPool$ReadaheadRequestImpl.run(ReadaheadPool.java:206)
	at java.util.concurrent.ThreadPoolExecutor.runWorker(ThreadPoolExecutor.java:1149)
	at java.util.concurrent.ThreadPoolExecutor$Worker.run(ThreadPoolExecutor.java:624)
	at java.lang.Thread.run(Thread.java:748)
26/03/02 03:30:53 INFO reduce.EventFetcher: EventFetcher is interrupted.. Returning
26/03/02 03:30:53 INFO mapred.LocalJobRunner: 1 / 1 copied.
26/03/02 03:30:53 INFO reduce.MergeManagerImpl: finalMerge called with 1 in-memory map-outputs and 0 on-disk map-outputs
26/03/02 03:30:53 INFO mapred.Merger: Merging 1 sorted segments
26/03/02 03:30:53 INFO mapred.Merger: Down to the last merge-pass, with 1 segments left of total size: 50 bytes
26/03/02 03:30:53 INFO reduce.MergeManagerImpl: Merged 1 segments, 56 bytes to disk to satisfy reduce memory limit
26/03/02 03:30:53 INFO reduce.MergeManagerImpl: Merging 1 files, 60 bytes from disk
26/03/02 03:30:53 INFO reduce.MergeManagerImpl: Merging 0 segments, 0 bytes from memory into reduce
26/03/02 03:30:53 INFO mapred.Merger: Merging 1 sorted segments
26/03/02 03:30:53 INFO mapred.Merger: Down to the last merge-pass, with 1 segments left of total size: 50 bytes
26/03/02 03:30:53 INFO mapred.LocalJobRunner: 1 / 1 copied.
26/03/02 03:30:53 INFO mapred.Task: Task:attempt_local1403861450_0010_r_000001_0 is done. And is in the process of committing
26/03/02 03:30:53 INFO mapred.LocalJobRunner: 1 / 1 copied.
26/03/02 03:30:53 INFO mapred.Task: Task attempt_local1403861450_0010_r_000001_0 is allowed to commit now
26/03/02 03:30:53 INFO output.FileOutputCommitter: Saved output of task 'attempt_local1403861450_0010_r_000001_0' to hdfs://localhost:9000/project2/task2/runs_report_plus/k3_r30_opt/iter_10/_temporary/0/task_local1403861450_0010_r_000001
26/03/02 03:30:53 INFO mapred.LocalJobRunner: reduce > reduce
26/03/02 03:30:53 INFO mapred.Task: Task 'attempt_local1403861450_0010_r_000001_0' done.
26/03/02 03:30:53 INFO mapred.Task: Final Counters for attempt_local1403861450_0010_r_000001_0: Counters: 29
	File System Counters
		FILE: Number of bytes read=1453140
		FILE: Number of bytes written=4411574
		FILE: Number of read operations=0
		FILE: Number of large read operations=0
		FILE: Number of write operations=0
		HDFS: Number of bytes read=7349845
		HDFS: Number of bytes written=5207
		HDFS: Number of read operations=459
		HDFS: Number of large read operations=0
		HDFS: Number of write operations=145
	Map-Reduce Framework
		Combine input records=0
		Combine output records=0
		Reduce input groups=1
		Reduce shuffle bytes=60
		Reduce input records=1
		Reduce output records=1
		Spilled Records=1
		Shuffled Maps =1
		Failed Shuffles=0
		Merged Map outputs=1
		GC time elapsed (ms)=0
		Total committed heap usage (bytes)=458752000
	Shuffle Errors
		BAD_ID=0
		CONNECTION=0
		IO_ERROR=0
		WRONG_LENGTH=0
		WRONG_MAP=0
		WRONG_REDUCE=0
	File Output Format Counters 
		Bytes Written=102
26/03/02 03:30:53 INFO mapred.LocalJobRunner: Finishing task: attempt_local1403861450_0010_r_000001_0
26/03/02 03:30:53 INFO mapred.LocalJobRunner: Starting task: attempt_local1403861450_0010_r_000002_0
26/03/02 03:30:53 INFO output.FileOutputCommitter: File Output Committer Algorithm version is 1
26/03/02 03:30:53 INFO mapred.Task:  Using ResourceCalculatorProcessTree : [ ]
26/03/02 03:30:53 INFO mapred.ReduceTask: Using ShuffleConsumerPlugin: org.apache.hadoop.mapreduce.task.reduce.Shuffle@2ce2b575
26/03/02 03:30:53 INFO reduce.MergeManagerImpl: MergerManager: memoryLimit=334338464, maxSingleShuffleLimit=83584616, mergeThreshold=220663392, ioSortFactor=10, memToMemMergeOutputsThreshold=10
26/03/02 03:30:53 INFO reduce.EventFetcher: attempt_local1403861450_0010_r_000002_0 Thread started: EventFetcher for fetching Map Completion Events
26/03/02 03:30:53 INFO reduce.LocalFetcher: localfetcher#30 about to shuffle output of map attempt_local1403861450_0010_m_000000_0 decomp: 56 len: 60 to MEMORY
26/03/02 03:30:53 INFO reduce.InMemoryMapOutput: Read 56 bytes from map-output for attempt_local1403861450_0010_m_000000_0
26/03/02 03:30:53 INFO reduce.MergeManagerImpl: closeInMemoryFile -> map-output of size: 56, inMemoryMapOutputs.size() -> 1, commitMemory -> 0, usedMemory ->56
26/03/02 03:30:53 INFO reduce.EventFetcher: EventFetcher is interrupted.. Returning
26/03/02 03:30:53 INFO mapred.LocalJobRunner: 1 / 1 copied.
26/03/02 03:30:53 INFO reduce.MergeManagerImpl: finalMerge called with 1 in-memory map-outputs and 0 on-disk map-outputs
26/03/02 03:30:53 INFO mapred.Merger: Merging 1 sorted segments
26/03/02 03:30:53 INFO mapred.Merger: Down to the last merge-pass, with 1 segments left of total size: 50 bytes
26/03/02 03:30:53 INFO reduce.MergeManagerImpl: Merged 1 segments, 56 bytes to disk to satisfy reduce memory limit
26/03/02 03:30:53 INFO reduce.MergeManagerImpl: Merging 1 files, 60 bytes from disk
26/03/02 03:30:53 INFO reduce.MergeManagerImpl: Merging 0 segments, 0 bytes from memory into reduce
26/03/02 03:30:53 INFO mapred.Merger: Merging 1 sorted segments
26/03/02 03:30:53 INFO mapred.Merger: Down to the last merge-pass, with 1 segments left of total size: 50 bytes
26/03/02 03:30:53 INFO mapred.LocalJobRunner: 1 / 1 copied.
26/03/02 03:30:53 INFO mapred.Task: Task:attempt_local1403861450_0010_r_000002_0 is done. And is in the process of committing
26/03/02 03:30:53 INFO mapred.LocalJobRunner: 1 / 1 copied.
26/03/02 03:30:53 INFO mapred.Task: Task attempt_local1403861450_0010_r_000002_0 is allowed to commit now
26/03/02 03:30:53 INFO output.FileOutputCommitter: Saved output of task 'attempt_local1403861450_0010_r_000002_0' to hdfs://localhost:9000/project2/task2/runs_report_plus/k3_r30_opt/iter_10/_temporary/0/task_local1403861450_0010_r_000002
26/03/02 03:30:53 INFO mapred.LocalJobRunner: reduce > reduce
26/03/02 03:30:53 INFO mapred.Task: Task 'attempt_local1403861450_0010_r_000002_0' done.
26/03/02 03:30:53 INFO mapred.Task: Final Counters for attempt_local1403861450_0010_r_000002_0: Counters: 29
	File System Counters
		FILE: Number of bytes read=1453340
		FILE: Number of bytes written=4411634
		FILE: Number of read operations=0
		FILE: Number of large read operations=0
		FILE: Number of write operations=0
		HDFS: Number of bytes read=7349845
		HDFS: Number of bytes written=5309
		HDFS: Number of read operations=462
		HDFS: Number of large read operations=0
		HDFS: Number of write operations=147
	Map-Reduce Framework
		Combine input records=0
		Combine output records=0
		Reduce input groups=1
		Reduce shuffle bytes=60
		Reduce input records=1
		Reduce output records=1
		Spilled Records=1
		Shuffled Maps =1
		Failed Shuffles=0
		Merged Map outputs=1
		GC time elapsed (ms)=0
		Total committed heap usage (bytes)=458752000
	Shuffle Errors
		BAD_ID=0
		CONNECTION=0
		IO_ERROR=0
		WRONG_LENGTH=0
		WRONG_MAP=0
		WRONG_REDUCE=0
	File Output Format Counters 
		Bytes Written=102
26/03/02 03:30:53 INFO mapred.LocalJobRunner: Finishing task: attempt_local1403861450_0010_r_000002_0
26/03/02 03:30:53 INFO mapred.LocalJobRunner: reduce task executor complete.
26/03/02 03:30:53 INFO mapreduce.Job: Job job_local1403861450_0010 running in uber mode : false
26/03/02 03:30:53 INFO mapreduce.Job:  map 100% reduce 100%
26/03/02 03:30:53 INFO mapreduce.Job: Job job_local1403861450_0010 completed successfully
26/03/02 03:30:53 INFO mapreduce.Job: Counters: 35
	File System Counters
		FILE: Number of bytes read=5811920
		FILE: Number of bytes written=17646176
		FILE: Number of read operations=0
		FILE: Number of large read operations=0
		FILE: Number of write operations=0
		HDFS: Number of bytes read=29399380
		HDFS: Number of bytes written=20624
		HDFS: Number of read operations=1830
		HDFS: Number of large read operations=0
		HDFS: Number of write operations=576
	Map-Reduce Framework
		Map input records=10000
		Map output records=10000
		Map output bytes=520000
		Map output materialized bytes=180
		Input split bytes=121
		Combine input records=10000
		Combine output records=3
		Reduce input groups=3
		Reduce shuffle bytes=180
		Reduce input records=3
		Reduce output records=3
		Spilled Records=6
		Shuffled Maps =3
		Failed Shuffles=0
		Merged Map outputs=3
		GC time elapsed (ms)=0
		Total committed heap usage (bytes)=1835008000
	Shuffle Errors
		BAD_ID=0
		CONNECTION=0
		IO_ERROR=0
		WRONG_LENGTH=0
		WRONG_MAP=0
		WRONG_REDUCE=0
	File Input Format Counters 
		Bytes Read=733758
	File Output Format Counters 
		Bytes Written=306
26/03/02 03:30:53 INFO jvm.JvmMetrics: Cannot initialize JVM Metrics with processName=JobTracker, sessionId= - already initialized
26/03/02 03:30:53 WARN mapreduce.JobResourceUploader: Hadoop command-line option parsing not performed. Implement the Tool interface and execute your application with ToolRunner to remedy this.
26/03/02 03:30:53 INFO input.FileInputFormat: Total input paths to process : 1
26/03/02 03:30:53 INFO mapreduce.JobSubmitter: number of splits:1
26/03/02 03:30:53 INFO mapreduce.JobSubmitter: Submitting tokens for job: job_local1001828119_0011
26/03/02 03:30:53 INFO mapred.LocalDistributedCacheManager: Creating symlink: /tmp/hadoop-ds503/mapred/local/1772422253749/centers_iter_10.csv <- /home/ds503/centers_iter_10.csv
26/03/02 03:30:53 INFO mapred.LocalDistributedCacheManager: Localized hdfs://localhost:9000/project2/task2/runs_report_plus/k3_r30_opt/centers_iter_10.csv as file:/tmp/hadoop-ds503/mapred/local/1772422253749/centers_iter_10.csv
26/03/02 03:30:53 INFO mapreduce.Job: The url to track the job: http://localhost:8080/
26/03/02 03:30:53 INFO mapreduce.Job: Running job: job_local1001828119_0011
26/03/02 03:30:53 INFO mapred.LocalJobRunner: OutputCommitter set in config null
26/03/02 03:30:53 INFO output.FileOutputCommitter: File Output Committer Algorithm version is 1
26/03/02 03:30:53 INFO mapred.LocalJobRunner: OutputCommitter is org.apache.hadoop.mapreduce.lib.output.FileOutputCommitter
26/03/02 03:30:53 INFO mapred.LocalJobRunner: Waiting for map tasks
26/03/02 03:30:53 INFO mapred.LocalJobRunner: Starting task: attempt_local1001828119_0011_m_000000_0
26/03/02 03:30:53 INFO output.FileOutputCommitter: File Output Committer Algorithm version is 1
26/03/02 03:30:53 INFO mapred.Task:  Using ResourceCalculatorProcessTree : [ ]
26/03/02 03:30:53 INFO mapred.MapTask: Processing split: hdfs://localhost:9000/project2/task2/input/points_4d.csv:0+733758
26/03/02 03:30:53 INFO mapred.MapTask: (EQUATOR) 0 kvi 26214396(104857584)
26/03/02 03:30:53 INFO mapred.MapTask: mapreduce.task.io.sort.mb: 100
26/03/02 03:30:53 INFO mapred.MapTask: soft limit at 83886080
26/03/02 03:30:53 INFO mapred.MapTask: bufstart = 0; bufvoid = 104857600
26/03/02 03:30:53 INFO mapred.MapTask: kvstart = 26214396; length = 6553600
26/03/02 03:30:53 INFO mapred.MapTask: Map output collector class = org.apache.hadoop.mapred.MapTask$MapOutputBuffer
26/03/02 03:30:53 INFO mapred.LocalJobRunner: 
26/03/02 03:30:53 INFO mapred.MapTask: Starting flush of map output
26/03/02 03:30:53 INFO mapred.MapTask: Spilling map output
26/03/02 03:30:53 INFO mapred.MapTask: bufstart = 0; bufend = 520000; bufvoid = 104857600
26/03/02 03:30:53 INFO mapred.MapTask: kvstart = 26214396(104857584); kvend = 26174400(104697600); length = 39997/6553600
26/03/02 03:30:53 INFO mapred.MapTask: Finished spill 0
26/03/02 03:30:53 INFO mapred.Task: Task:attempt_local1001828119_0011_m_000000_0 is done. And is in the process of committing
26/03/02 03:30:53 INFO mapred.LocalJobRunner: map
26/03/02 03:30:53 INFO mapred.Task: Task 'attempt_local1001828119_0011_m_000000_0' done.
26/03/02 03:30:53 INFO mapred.Task: Final Counters for attempt_local1001828119_0011_m_000000_0: Counters: 23
	File System Counters
		FILE: Number of bytes read=1597894
		FILE: Number of bytes written=4853417
		FILE: Number of read operations=0
		FILE: Number of large read operations=0
		FILE: Number of write operations=0
		HDFS: Number of bytes read=8084896
		HDFS: Number of bytes written=5536
		HDFS: Number of read operations=501
		HDFS: Number of large read operations=0
		HDFS: Number of write operations=156
	Map-Reduce Framework
		Map input records=10000
		Map output records=10000
		Map output bytes=520000
		Map output materialized bytes=180
		Input split bytes=121
		Combine input records=10000
		Combine output records=3
		Spilled Records=3
		Failed Shuffles=0
		Merged Map outputs=0
		GC time elapsed (ms)=0
		Total committed heap usage (bytes)=526909440
	File Input Format Counters 
		Bytes Read=733758
26/03/02 03:30:53 INFO mapred.LocalJobRunner: Finishing task: attempt_local1001828119_0011_m_000000_0
26/03/02 03:30:53 INFO mapred.LocalJobRunner: map task executor complete.
26/03/02 03:30:53 INFO mapred.LocalJobRunner: Waiting for reduce tasks
26/03/02 03:30:53 INFO mapred.LocalJobRunner: Starting task: attempt_local1001828119_0011_r_000000_0
26/03/02 03:30:53 INFO output.FileOutputCommitter: File Output Committer Algorithm version is 1
26/03/02 03:30:53 INFO mapred.Task:  Using ResourceCalculatorProcessTree : [ ]
26/03/02 03:30:53 INFO mapred.ReduceTask: Using ShuffleConsumerPlugin: org.apache.hadoop.mapreduce.task.reduce.Shuffle@3c368da4
26/03/02 03:30:53 INFO reduce.MergeManagerImpl: MergerManager: memoryLimit=368836608, maxSingleShuffleLimit=92209152, mergeThreshold=243432176, ioSortFactor=10, memToMemMergeOutputsThreshold=10
26/03/02 03:30:53 INFO reduce.EventFetcher: attempt_local1001828119_0011_r_000000_0 Thread started: EventFetcher for fetching Map Completion Events
26/03/02 03:30:53 INFO reduce.LocalFetcher: localfetcher#31 about to shuffle output of map attempt_local1001828119_0011_m_000000_0 decomp: 56 len: 60 to MEMORY
26/03/02 03:30:53 INFO reduce.InMemoryMapOutput: Read 56 bytes from map-output for attempt_local1001828119_0011_m_000000_0
26/03/02 03:30:53 INFO reduce.MergeManagerImpl: closeInMemoryFile -> map-output of size: 56, inMemoryMapOutputs.size() -> 1, commitMemory -> 0, usedMemory ->56
26/03/02 03:30:53 INFO reduce.EventFetcher: EventFetcher is interrupted.. Returning
26/03/02 03:30:53 INFO mapred.LocalJobRunner: 1 / 1 copied.
26/03/02 03:30:53 INFO reduce.MergeManagerImpl: finalMerge called with 1 in-memory map-outputs and 0 on-disk map-outputs
26/03/02 03:30:53 INFO mapred.Merger: Merging 1 sorted segments
26/03/02 03:30:53 INFO mapred.Merger: Down to the last merge-pass, with 1 segments left of total size: 50 bytes
26/03/02 03:30:53 INFO reduce.MergeManagerImpl: Merged 1 segments, 56 bytes to disk to satisfy reduce memory limit
26/03/02 03:30:53 INFO reduce.MergeManagerImpl: Merging 1 files, 60 bytes from disk
26/03/02 03:30:53 INFO reduce.MergeManagerImpl: Merging 0 segments, 0 bytes from memory into reduce
26/03/02 03:30:53 INFO mapred.Merger: Merging 1 sorted segments
26/03/02 03:30:53 INFO mapred.Merger: Down to the last merge-pass, with 1 segments left of total size: 50 bytes
26/03/02 03:30:53 INFO mapred.LocalJobRunner: 1 / 1 copied.
26/03/02 03:30:53 INFO mapred.Task: Task:attempt_local1001828119_0011_r_000000_0 is done. And is in the process of committing
26/03/02 03:30:53 INFO mapred.LocalJobRunner: 1 / 1 copied.
26/03/02 03:30:53 INFO mapred.Task: Task attempt_local1001828119_0011_r_000000_0 is allowed to commit now
26/03/02 03:30:53 INFO output.FileOutputCommitter: Saved output of task 'attempt_local1001828119_0011_r_000000_0' to hdfs://localhost:9000/project2/task2/runs_report_plus/k3_r30_opt/iter_11/_temporary/0/task_local1001828119_0011_r_000000
26/03/02 03:30:53 INFO mapred.LocalJobRunner: reduce > reduce
26/03/02 03:30:53 INFO mapred.Task: Task 'attempt_local1001828119_0011_r_000000_0' done.
26/03/02 03:30:53 INFO mapred.Task: Final Counters for attempt_local1001828119_0011_r_000000_0: Counters: 29
	File System Counters
		FILE: Number of bytes read=1598214
		FILE: Number of bytes written=4853477
		FILE: Number of read operations=0
		FILE: Number of large read operations=0
		FILE: Number of write operations=0
		HDFS: Number of bytes read=8084896
		HDFS: Number of bytes written=5638
		HDFS: Number of read operations=504
		HDFS: Number of large read operations=0
		HDFS: Number of write operations=158
	Map-Reduce Framework
		Combine input records=0
		Combine output records=0
		Reduce input groups=1
		Reduce shuffle bytes=60
		Reduce input records=1
		Reduce output records=1
		Spilled Records=1
		Shuffled Maps =1
		Failed Shuffles=0
		Merged Map outputs=1
		GC time elapsed (ms)=0
		Total committed heap usage (bytes)=526909440
	Shuffle Errors
		BAD_ID=0
		CONNECTION=0
		IO_ERROR=0
		WRONG_LENGTH=0
		WRONG_MAP=0
		WRONG_REDUCE=0
	File Output Format Counters 
		Bytes Written=102
26/03/02 03:30:53 INFO mapred.LocalJobRunner: Finishing task: attempt_local1001828119_0011_r_000000_0
26/03/02 03:30:53 INFO mapred.LocalJobRunner: Starting task: attempt_local1001828119_0011_r_000001_0
26/03/02 03:30:53 INFO output.FileOutputCommitter: File Output Committer Algorithm version is 1
26/03/02 03:30:53 INFO mapred.Task:  Using ResourceCalculatorProcessTree : [ ]
26/03/02 03:30:53 INFO mapred.ReduceTask: Using ShuffleConsumerPlugin: org.apache.hadoop.mapreduce.task.reduce.Shuffle@7b1f9619
26/03/02 03:30:53 INFO reduce.MergeManagerImpl: MergerManager: memoryLimit=368836608, maxSingleShuffleLimit=92209152, mergeThreshold=243432176, ioSortFactor=10, memToMemMergeOutputsThreshold=10
26/03/02 03:30:53 INFO reduce.EventFetcher: attempt_local1001828119_0011_r_000001_0 Thread started: EventFetcher for fetching Map Completion Events
26/03/02 03:30:53 INFO reduce.LocalFetcher: localfetcher#32 about to shuffle output of map attempt_local1001828119_0011_m_000000_0 decomp: 56 len: 60 to MEMORY
26/03/02 03:30:53 INFO reduce.InMemoryMapOutput: Read 56 bytes from map-output for attempt_local1001828119_0011_m_000000_0
26/03/02 03:30:53 INFO reduce.MergeManagerImpl: closeInMemoryFile -> map-output of size: 56, inMemoryMapOutputs.size() -> 1, commitMemory -> 0, usedMemory ->56
26/03/02 03:30:53 INFO reduce.EventFetcher: EventFetcher is interrupted.. Returning
26/03/02 03:30:53 INFO mapred.LocalJobRunner: 1 / 1 copied.
26/03/02 03:30:53 INFO reduce.MergeManagerImpl: finalMerge called with 1 in-memory map-outputs and 0 on-disk map-outputs
26/03/02 03:30:53 INFO mapred.Merger: Merging 1 sorted segments
26/03/02 03:30:53 INFO mapred.Merger: Down to the last merge-pass, with 1 segments left of total size: 50 bytes
26/03/02 03:30:53 INFO reduce.MergeManagerImpl: Merged 1 segments, 56 bytes to disk to satisfy reduce memory limit
26/03/02 03:30:53 INFO reduce.MergeManagerImpl: Merging 1 files, 60 bytes from disk
26/03/02 03:30:53 INFO reduce.MergeManagerImpl: Merging 0 segments, 0 bytes from memory into reduce
26/03/02 03:30:53 INFO mapred.Merger: Merging 1 sorted segments
26/03/02 03:30:53 INFO mapred.Merger: Down to the last merge-pass, with 1 segments left of total size: 50 bytes
26/03/02 03:30:53 INFO mapred.LocalJobRunner: 1 / 1 copied.
26/03/02 03:30:53 INFO mapred.Task: Task:attempt_local1001828119_0011_r_000001_0 is done. And is in the process of committing
26/03/02 03:30:53 INFO mapred.LocalJobRunner: 1 / 1 copied.
26/03/02 03:30:53 INFO mapred.Task: Task attempt_local1001828119_0011_r_000001_0 is allowed to commit now
26/03/02 03:30:53 INFO output.FileOutputCommitter: Saved output of task 'attempt_local1001828119_0011_r_000001_0' to hdfs://localhost:9000/project2/task2/runs_report_plus/k3_r30_opt/iter_11/_temporary/0/task_local1001828119_0011_r_000001
26/03/02 03:30:53 INFO mapred.LocalJobRunner: reduce > reduce
26/03/02 03:30:53 INFO mapred.Task: Task 'attempt_local1001828119_0011_r_000001_0' done.
26/03/02 03:30:53 INFO mapred.Task: Final Counters for attempt_local1001828119_0011_r_000001_0: Counters: 29
	File System Counters
		FILE: Number of bytes read=1598474
		FILE: Number of bytes written=4853537
		FILE: Number of read operations=0
		FILE: Number of large read operations=0
		FILE: Number of write operations=0
		HDFS: Number of bytes read=8084896
		HDFS: Number of bytes written=5738
		HDFS: Number of read operations=507
		HDFS: Number of large read operations=0
		HDFS: Number of write operations=160
	Map-Reduce Framework
		Combine input records=0
		Combine output records=0
		Reduce input groups=1
		Reduce shuffle bytes=60
		Reduce input records=1
		Reduce output records=1
		Spilled Records=1
		Shuffled Maps =1
		Failed Shuffles=0
		Merged Map outputs=1
		GC time elapsed (ms)=0
		Total committed heap usage (bytes)=526909440
	Shuffle Errors
		BAD_ID=0
		CONNECTION=0
		IO_ERROR=0
		WRONG_LENGTH=0
		WRONG_MAP=0
		WRONG_REDUCE=0
	File Output Format Counters 
		Bytes Written=100
26/03/02 03:30:53 INFO mapred.LocalJobRunner: Finishing task: attempt_local1001828119_0011_r_000001_0
26/03/02 03:30:53 INFO mapred.LocalJobRunner: Starting task: attempt_local1001828119_0011_r_000002_0
26/03/02 03:30:53 INFO output.FileOutputCommitter: File Output Committer Algorithm version is 1
26/03/02 03:30:53 INFO mapred.Task:  Using ResourceCalculatorProcessTree : [ ]
26/03/02 03:30:53 INFO mapred.ReduceTask: Using ShuffleConsumerPlugin: org.apache.hadoop.mapreduce.task.reduce.Shuffle@34c9810
26/03/02 03:30:53 INFO reduce.MergeManagerImpl: MergerManager: memoryLimit=368836608, maxSingleShuffleLimit=92209152, mergeThreshold=243432176, ioSortFactor=10, memToMemMergeOutputsThreshold=10
26/03/02 03:30:53 INFO reduce.EventFetcher: attempt_local1001828119_0011_r_000002_0 Thread started: EventFetcher for fetching Map Completion Events
26/03/02 03:30:53 INFO reduce.LocalFetcher: localfetcher#33 about to shuffle output of map attempt_local1001828119_0011_m_000000_0 decomp: 56 len: 60 to MEMORY
26/03/02 03:30:53 INFO reduce.InMemoryMapOutput: Read 56 bytes from map-output for attempt_local1001828119_0011_m_000000_0
26/03/02 03:30:53 INFO reduce.MergeManagerImpl: closeInMemoryFile -> map-output of size: 56, inMemoryMapOutputs.size() -> 1, commitMemory -> 0, usedMemory ->56
26/03/02 03:30:53 INFO reduce.EventFetcher: EventFetcher is interrupted.. Returning
26/03/02 03:30:53 INFO mapred.LocalJobRunner: 1 / 1 copied.
26/03/02 03:30:53 INFO reduce.MergeManagerImpl: finalMerge called with 1 in-memory map-outputs and 0 on-disk map-outputs
26/03/02 03:30:53 INFO mapred.Merger: Merging 1 sorted segments
26/03/02 03:30:53 INFO mapred.Merger: Down to the last merge-pass, with 1 segments left of total size: 50 bytes
26/03/02 03:30:53 INFO reduce.MergeManagerImpl: Merged 1 segments, 56 bytes to disk to satisfy reduce memory limit
26/03/02 03:30:53 INFO reduce.MergeManagerImpl: Merging 1 files, 60 bytes from disk
26/03/02 03:30:53 INFO reduce.MergeManagerImpl: Merging 0 segments, 0 bytes from memory into reduce
26/03/02 03:30:53 INFO mapred.Merger: Merging 1 sorted segments
26/03/02 03:30:53 INFO mapred.Merger: Down to the last merge-pass, with 1 segments left of total size: 50 bytes
26/03/02 03:30:53 INFO mapred.LocalJobRunner: 1 / 1 copied.
26/03/02 03:30:54 INFO mapred.Task: Task:attempt_local1001828119_0011_r_000002_0 is done. And is in the process of committing
26/03/02 03:30:54 INFO mapred.LocalJobRunner: 1 / 1 copied.
26/03/02 03:30:54 INFO mapred.Task: Task attempt_local1001828119_0011_r_000002_0 is allowed to commit now
26/03/02 03:30:54 INFO output.FileOutputCommitter: Saved output of task 'attempt_local1001828119_0011_r_000002_0' to hdfs://localhost:9000/project2/task2/runs_report_plus/k3_r30_opt/iter_11/_temporary/0/task_local1001828119_0011_r_000002
26/03/02 03:30:54 INFO mapred.LocalJobRunner: reduce > reduce
26/03/02 03:30:54 INFO mapred.Task: Task 'attempt_local1001828119_0011_r_000002_0' done.
26/03/02 03:30:54 INFO mapred.Task: Final Counters for attempt_local1001828119_0011_r_000002_0: Counters: 29
	File System Counters
		FILE: Number of bytes read=1598674
		FILE: Number of bytes written=4853597
		FILE: Number of read operations=0
		FILE: Number of large read operations=0
		FILE: Number of write operations=0
		HDFS: Number of bytes read=8084896
		HDFS: Number of bytes written=5840
		HDFS: Number of read operations=510
		HDFS: Number of large read operations=0
		HDFS: Number of write operations=162
	Map-Reduce Framework
		Combine input records=0
		Combine output records=0
		Reduce input groups=1
		Reduce shuffle bytes=60
		Reduce input records=1
		Reduce output records=1
		Spilled Records=1
		Shuffled Maps =1
		Failed Shuffles=0
		Merged Map outputs=1
		GC time elapsed (ms)=0
		Total committed heap usage (bytes)=526909440
	Shuffle Errors
		BAD_ID=0
		CONNECTION=0
		IO_ERROR=0
		WRONG_LENGTH=0
		WRONG_MAP=0
		WRONG_REDUCE=0
	File Output Format Counters 
		Bytes Written=102
26/03/02 03:30:54 INFO mapred.LocalJobRunner: Finishing task: attempt_local1001828119_0011_r_000002_0
26/03/02 03:30:54 INFO mapred.LocalJobRunner: reduce task executor complete.
26/03/02 03:30:54 INFO mapreduce.Job: Job job_local1001828119_0011 running in uber mode : false
26/03/02 03:30:54 INFO mapreduce.Job:  map 100% reduce 100%
26/03/02 03:30:54 INFO mapreduce.Job: Job job_local1001828119_0011 completed successfully
26/03/02 03:30:54 INFO mapreduce.Job: Counters: 35
	File System Counters
		FILE: Number of bytes read=6393256
		FILE: Number of bytes written=19414028
		FILE: Number of read operations=0
		FILE: Number of large read operations=0
		FILE: Number of write operations=0
		HDFS: Number of bytes read=32339584
		HDFS: Number of bytes written=22752
		HDFS: Number of read operations=2022
		HDFS: Number of large read operations=0
		HDFS: Number of write operations=636
	Map-Reduce Framework
		Map input records=10000
		Map output records=10000
		Map output bytes=520000
		Map output materialized bytes=180
		Input split bytes=121
		Combine input records=10000
		Combine output records=3
		Reduce input groups=3
		Reduce shuffle bytes=180
		Reduce input records=3
		Reduce output records=3
		Spilled Records=6
		Shuffled Maps =3
		Failed Shuffles=0
		Merged Map outputs=3
		GC time elapsed (ms)=0
		Total committed heap usage (bytes)=2107637760
	Shuffle Errors
		BAD_ID=0
		CONNECTION=0
		IO_ERROR=0
		WRONG_LENGTH=0
		WRONG_MAP=0
		WRONG_REDUCE=0
	File Input Format Counters 
		Bytes Read=733758
	File Output Format Counters 
		Bytes Written=304
26/03/02 03:30:55 INFO jvm.JvmMetrics: Cannot initialize JVM Metrics with processName=JobTracker, sessionId= - already initialized
26/03/02 03:30:55 WARN mapreduce.JobResourceUploader: Hadoop command-line option parsing not performed. Implement the Tool interface and execute your application with ToolRunner to remedy this.
26/03/02 03:30:55 INFO input.FileInputFormat: Total input paths to process : 1
26/03/02 03:30:55 INFO mapreduce.JobSubmitter: number of splits:1
26/03/02 03:30:55 INFO mapreduce.JobSubmitter: Submitting tokens for job: job_local1255566577_0012
26/03/02 03:30:55 INFO mapred.LocalDistributedCacheManager: Creating symlink: /tmp/hadoop-ds503/mapred/local/1772422255231/centers_iter_11.csv <- /home/ds503/centers_iter_11.csv
26/03/02 03:30:55 INFO mapred.LocalDistributedCacheManager: Localized hdfs://localhost:9000/project2/task2/runs_report_plus/k3_r30_opt/centers_iter_11.csv as file:/tmp/hadoop-ds503/mapred/local/1772422255231/centers_iter_11.csv
26/03/02 03:30:55 INFO mapreduce.Job: The url to track the job: http://localhost:8080/
26/03/02 03:30:55 INFO mapreduce.Job: Running job: job_local1255566577_0012
26/03/02 03:30:55 INFO mapred.LocalJobRunner: OutputCommitter set in config null
26/03/02 03:30:55 INFO output.FileOutputCommitter: File Output Committer Algorithm version is 1
26/03/02 03:30:55 INFO mapred.LocalJobRunner: OutputCommitter is org.apache.hadoop.mapreduce.lib.output.FileOutputCommitter
26/03/02 03:30:55 INFO mapred.LocalJobRunner: Waiting for map tasks
26/03/02 03:30:55 INFO mapred.LocalJobRunner: Starting task: attempt_local1255566577_0012_m_000000_0
26/03/02 03:30:55 INFO output.FileOutputCommitter: File Output Committer Algorithm version is 1
26/03/02 03:30:55 INFO mapred.Task:  Using ResourceCalculatorProcessTree : [ ]
26/03/02 03:30:55 INFO mapred.MapTask: Processing split: hdfs://localhost:9000/project2/task2/input/points_4d.csv:0+733758
26/03/02 03:30:55 INFO mapred.MapTask: (EQUATOR) 0 kvi 26214396(104857584)
26/03/02 03:30:55 INFO mapred.MapTask: mapreduce.task.io.sort.mb: 100
26/03/02 03:30:55 INFO mapred.MapTask: soft limit at 83886080
26/03/02 03:30:55 INFO mapred.MapTask: bufstart = 0; bufvoid = 104857600
26/03/02 03:30:55 INFO mapred.MapTask: kvstart = 26214396; length = 6553600
26/03/02 03:30:55 INFO mapred.MapTask: Map output collector class = org.apache.hadoop.mapred.MapTask$MapOutputBuffer
26/03/02 03:30:55 INFO mapred.LocalJobRunner: 
26/03/02 03:30:55 INFO mapred.MapTask: Starting flush of map output
26/03/02 03:30:55 INFO mapred.MapTask: Spilling map output
26/03/02 03:30:55 INFO mapred.MapTask: bufstart = 0; bufend = 520000; bufvoid = 104857600
26/03/02 03:30:55 INFO mapred.MapTask: kvstart = 26214396(104857584); kvend = 26174400(104697600); length = 39997/6553600
26/03/02 03:30:55 INFO mapred.MapTask: Finished spill 0
26/03/02 03:30:55 INFO mapred.Task: Task:attempt_local1255566577_0012_m_000000_0 is done. And is in the process of committing
26/03/02 03:30:55 INFO mapred.LocalJobRunner: map
26/03/02 03:30:55 INFO mapred.Task: Task 'attempt_local1255566577_0012_m_000000_0' done.
26/03/02 03:30:55 INFO mapred.Task: Final Counters for attempt_local1255566577_0012_m_000000_0: Counters: 23
	File System Counters
		FILE: Number of bytes read=1743228
		FILE: Number of bytes written=5295379
		FILE: Number of read operations=0
		FILE: Number of large read operations=0
		FILE: Number of write operations=0
		HDFS: Number of bytes read=8819941
		HDFS: Number of bytes written=6066
		HDFS: Number of read operations=549
		HDFS: Number of large read operations=0
		HDFS: Number of write operations=171
	Map-Reduce Framework
		Map input records=10000
		Map output records=10000
		Map output bytes=520000
		Map output materialized bytes=180
		Input split bytes=121
		Combine input records=10000
		Combine output records=3
		Spilled Records=3
		Failed Shuffles=0
		Merged Map outputs=0
		GC time elapsed (ms)=40
		Total committed heap usage (bytes)=359661568
	File Input Format Counters 
		Bytes Read=733758
26/03/02 03:30:55 INFO mapred.LocalJobRunner: Finishing task: attempt_local1255566577_0012_m_000000_0
26/03/02 03:30:55 INFO mapred.LocalJobRunner: map task executor complete.
26/03/02 03:30:55 INFO mapred.LocalJobRunner: Waiting for reduce tasks
26/03/02 03:30:55 INFO mapred.LocalJobRunner: Starting task: attempt_local1255566577_0012_r_000000_0
26/03/02 03:30:55 INFO output.FileOutputCommitter: File Output Committer Algorithm version is 1
26/03/02 03:30:55 INFO mapred.Task:  Using ResourceCalculatorProcessTree : [ ]
26/03/02 03:30:55 INFO mapred.ReduceTask: Using ShuffleConsumerPlugin: org.apache.hadoop.mapreduce.task.reduce.Shuffle@3e4a1453
26/03/02 03:30:55 INFO reduce.MergeManagerImpl: MergerManager: memoryLimit=334338464, maxSingleShuffleLimit=83584616, mergeThreshold=220663392, ioSortFactor=10, memToMemMergeOutputsThreshold=10
26/03/02 03:30:55 INFO reduce.EventFetcher: attempt_local1255566577_0012_r_000000_0 Thread started: EventFetcher for fetching Map Completion Events
26/03/02 03:30:55 INFO reduce.LocalFetcher: localfetcher#34 about to shuffle output of map attempt_local1255566577_0012_m_000000_0 decomp: 56 len: 60 to MEMORY
26/03/02 03:30:55 INFO reduce.InMemoryMapOutput: Read 56 bytes from map-output for attempt_local1255566577_0012_m_000000_0
26/03/02 03:30:55 INFO reduce.MergeManagerImpl: closeInMemoryFile -> map-output of size: 56, inMemoryMapOutputs.size() -> 1, commitMemory -> 0, usedMemory ->56
26/03/02 03:30:55 INFO reduce.EventFetcher: EventFetcher is interrupted.. Returning
26/03/02 03:30:55 INFO mapred.LocalJobRunner: 1 / 1 copied.
26/03/02 03:30:55 INFO reduce.MergeManagerImpl: finalMerge called with 1 in-memory map-outputs and 0 on-disk map-outputs
26/03/02 03:30:55 INFO mapred.Merger: Merging 1 sorted segments
26/03/02 03:30:55 INFO mapred.Merger: Down to the last merge-pass, with 1 segments left of total size: 50 bytes
26/03/02 03:30:55 INFO reduce.MergeManagerImpl: Merged 1 segments, 56 bytes to disk to satisfy reduce memory limit
26/03/02 03:30:55 INFO reduce.MergeManagerImpl: Merging 1 files, 60 bytes from disk
26/03/02 03:30:55 INFO reduce.MergeManagerImpl: Merging 0 segments, 0 bytes from memory into reduce
26/03/02 03:30:55 INFO mapred.Merger: Merging 1 sorted segments
26/03/02 03:30:55 INFO mapred.Merger: Down to the last merge-pass, with 1 segments left of total size: 50 bytes
26/03/02 03:30:55 INFO mapred.LocalJobRunner: 1 / 1 copied.
26/03/02 03:30:55 INFO mapred.Task: Task:attempt_local1255566577_0012_r_000000_0 is done. And is in the process of committing
26/03/02 03:30:55 INFO mapred.LocalJobRunner: 1 / 1 copied.
26/03/02 03:30:55 INFO mapred.Task: Task attempt_local1255566577_0012_r_000000_0 is allowed to commit now
26/03/02 03:30:55 INFO output.FileOutputCommitter: Saved output of task 'attempt_local1255566577_0012_r_000000_0' to hdfs://localhost:9000/project2/task2/runs_report_plus/k3_r30_opt/iter_12/_temporary/0/task_local1255566577_0012_r_000000
26/03/02 03:30:55 INFO mapred.LocalJobRunner: reduce > reduce
26/03/02 03:30:55 INFO mapred.Task: Task 'attempt_local1255566577_0012_r_000000_0' done.
26/03/02 03:30:55 INFO mapred.Task: Final Counters for attempt_local1255566577_0012_r_000000_0: Counters: 29
	File System Counters
		FILE: Number of bytes read=1743548
		FILE: Number of bytes written=5295439
		FILE: Number of read operations=0
		FILE: Number of large read operations=0
		FILE: Number of write operations=0
		HDFS: Number of bytes read=8819941
		HDFS: Number of bytes written=6169
		HDFS: Number of read operations=552
		HDFS: Number of large read operations=0
		HDFS: Number of write operations=173
	Map-Reduce Framework
		Combine input records=0
		Combine output records=0
		Reduce input groups=1
		Reduce shuffle bytes=60
		Reduce input records=1
		Reduce output records=1
		Spilled Records=1
		Shuffled Maps =1
		Failed Shuffles=0
		Merged Map outputs=1
		GC time elapsed (ms)=0
		Total committed heap usage (bytes)=359661568
	Shuffle Errors
		BAD_ID=0
		CONNECTION=0
		IO_ERROR=0
		WRONG_LENGTH=0
		WRONG_MAP=0
		WRONG_REDUCE=0
	File Output Format Counters 
		Bytes Written=103
26/03/02 03:30:55 INFO mapred.LocalJobRunner: Finishing task: attempt_local1255566577_0012_r_000000_0
26/03/02 03:30:55 INFO mapred.LocalJobRunner: Starting task: attempt_local1255566577_0012_r_000001_0
26/03/02 03:30:55 INFO output.FileOutputCommitter: File Output Committer Algorithm version is 1
26/03/02 03:30:55 INFO mapred.Task:  Using ResourceCalculatorProcessTree : [ ]
26/03/02 03:30:55 INFO mapred.ReduceTask: Using ShuffleConsumerPlugin: org.apache.hadoop.mapreduce.task.reduce.Shuffle@1f369d38
26/03/02 03:30:55 INFO reduce.MergeManagerImpl: MergerManager: memoryLimit=334338464, maxSingleShuffleLimit=83584616, mergeThreshold=220663392, ioSortFactor=10, memToMemMergeOutputsThreshold=10
26/03/02 03:30:55 INFO reduce.EventFetcher: attempt_local1255566577_0012_r_000001_0 Thread started: EventFetcher for fetching Map Completion Events
26/03/02 03:30:55 INFO reduce.LocalFetcher: localfetcher#35 about to shuffle output of map attempt_local1255566577_0012_m_000000_0 decomp: 56 len: 60 to MEMORY
26/03/02 03:30:55 INFO reduce.InMemoryMapOutput: Read 56 bytes from map-output for attempt_local1255566577_0012_m_000000_0
26/03/02 03:30:55 INFO reduce.MergeManagerImpl: closeInMemoryFile -> map-output of size: 56, inMemoryMapOutputs.size() -> 1, commitMemory -> 0, usedMemory ->56
26/03/02 03:30:55 INFO reduce.EventFetcher: EventFetcher is interrupted.. Returning
26/03/02 03:30:55 INFO mapred.LocalJobRunner: 1 / 1 copied.
26/03/02 03:30:55 INFO reduce.MergeManagerImpl: finalMerge called with 1 in-memory map-outputs and 0 on-disk map-outputs
26/03/02 03:30:55 INFO mapred.Merger: Merging 1 sorted segments
26/03/02 03:30:55 INFO mapred.Merger: Down to the last merge-pass, with 1 segments left of total size: 50 bytes
26/03/02 03:30:55 INFO reduce.MergeManagerImpl: Merged 1 segments, 56 bytes to disk to satisfy reduce memory limit
26/03/02 03:30:55 INFO reduce.MergeManagerImpl: Merging 1 files, 60 bytes from disk
26/03/02 03:30:55 INFO reduce.MergeManagerImpl: Merging 0 segments, 0 bytes from memory into reduce
26/03/02 03:30:55 INFO mapred.Merger: Merging 1 sorted segments
26/03/02 03:30:55 INFO mapred.Merger: Down to the last merge-pass, with 1 segments left of total size: 50 bytes
26/03/02 03:30:55 INFO mapred.LocalJobRunner: 1 / 1 copied.
26/03/02 03:30:55 INFO mapred.Task: Task:attempt_local1255566577_0012_r_000001_0 is done. And is in the process of committing
26/03/02 03:30:55 INFO mapred.LocalJobRunner: 1 / 1 copied.
26/03/02 03:30:55 INFO mapred.Task: Task attempt_local1255566577_0012_r_000001_0 is allowed to commit now
26/03/02 03:30:55 INFO output.FileOutputCommitter: Saved output of task 'attempt_local1255566577_0012_r_000001_0' to hdfs://localhost:9000/project2/task2/runs_report_plus/k3_r30_opt/iter_12/_temporary/0/task_local1255566577_0012_r_000001
26/03/02 03:30:55 INFO mapred.LocalJobRunner: reduce > reduce
26/03/02 03:30:55 INFO mapred.Task: Task 'attempt_local1255566577_0012_r_000001_0' done.
26/03/02 03:30:55 INFO mapred.Task: Final Counters for attempt_local1255566577_0012_r_000001_0: Counters: 29
	File System Counters
		FILE: Number of bytes read=1743808
		FILE: Number of bytes written=5295499
		FILE: Number of read operations=0
		FILE: Number of large read operations=0
		FILE: Number of write operations=0
		HDFS: Number of bytes read=8819941
		HDFS: Number of bytes written=6271
		HDFS: Number of read operations=555
		HDFS: Number of large read operations=0
		HDFS: Number of write operations=175
	Map-Reduce Framework
		Combine input records=0
		Combine output records=0
		Reduce input groups=1
		Reduce shuffle bytes=60
		Reduce input records=1
		Reduce output records=1
		Spilled Records=1
		Shuffled Maps =1
		Failed Shuffles=0
		Merged Map outputs=1
		GC time elapsed (ms)=0
		Total committed heap usage (bytes)=359661568
	Shuffle Errors
		BAD_ID=0
		CONNECTION=0
		IO_ERROR=0
		WRONG_LENGTH=0
		WRONG_MAP=0
		WRONG_REDUCE=0
	File Output Format Counters 
		Bytes Written=102
26/03/02 03:30:55 INFO mapred.LocalJobRunner: Finishing task: attempt_local1255566577_0012_r_000001_0
26/03/02 03:30:55 INFO mapred.LocalJobRunner: Starting task: attempt_local1255566577_0012_r_000002_0
26/03/02 03:30:55 INFO output.FileOutputCommitter: File Output Committer Algorithm version is 1
26/03/02 03:30:55 INFO mapred.Task:  Using ResourceCalculatorProcessTree : [ ]
26/03/02 03:30:55 INFO mapred.ReduceTask: Using ShuffleConsumerPlugin: org.apache.hadoop.mapreduce.task.reduce.Shuffle@6767f5cc
26/03/02 03:30:55 INFO reduce.MergeManagerImpl: MergerManager: memoryLimit=334338464, maxSingleShuffleLimit=83584616, mergeThreshold=220663392, ioSortFactor=10, memToMemMergeOutputsThreshold=10
26/03/02 03:30:55 INFO reduce.EventFetcher: attempt_local1255566577_0012_r_000002_0 Thread started: EventFetcher for fetching Map Completion Events
26/03/02 03:30:55 INFO reduce.LocalFetcher: localfetcher#36 about to shuffle output of map attempt_local1255566577_0012_m_000000_0 decomp: 56 len: 60 to MEMORY
26/03/02 03:30:55 INFO reduce.InMemoryMapOutput: Read 56 bytes from map-output for attempt_local1255566577_0012_m_000000_0
26/03/02 03:30:55 INFO reduce.MergeManagerImpl: closeInMemoryFile -> map-output of size: 56, inMemoryMapOutputs.size() -> 1, commitMemory -> 0, usedMemory ->56
26/03/02 03:30:55 WARN io.ReadaheadPool: Failed readahead on ifile
EBADF: Bad file descriptor
	at org.apache.hadoop.io.nativeio.NativeIO$POSIX.posix_fadvise(Native Method)
	at org.apache.hadoop.io.nativeio.NativeIO$POSIX.posixFadviseIfPossible(NativeIO.java:267)
	at org.apache.hadoop.io.nativeio.NativeIO$POSIX$CacheManipulator.posixFadviseIfPossible(NativeIO.java:146)
	at org.apache.hadoop.io.ReadaheadPool$ReadaheadRequestImpl.run(ReadaheadPool.java:206)
	at java.util.concurrent.ThreadPoolExecutor.runWorker(ThreadPoolExecutor.java:1149)
	at java.util.concurrent.ThreadPoolExecutor$Worker.run(ThreadPoolExecutor.java:624)
	at java.lang.Thread.run(Thread.java:748)
26/03/02 03:30:55 INFO reduce.EventFetcher: EventFetcher is interrupted.. Returning
26/03/02 03:30:55 INFO mapred.LocalJobRunner: 1 / 1 copied.
26/03/02 03:30:55 INFO reduce.MergeManagerImpl: finalMerge called with 1 in-memory map-outputs and 0 on-disk map-outputs
26/03/02 03:30:55 INFO mapred.Merger: Merging 1 sorted segments
26/03/02 03:30:55 INFO mapred.Merger: Down to the last merge-pass, with 1 segments left of total size: 50 bytes
26/03/02 03:30:55 INFO reduce.MergeManagerImpl: Merged 1 segments, 56 bytes to disk to satisfy reduce memory limit
26/03/02 03:30:55 INFO reduce.MergeManagerImpl: Merging 1 files, 60 bytes from disk
26/03/02 03:30:55 INFO reduce.MergeManagerImpl: Merging 0 segments, 0 bytes from memory into reduce
26/03/02 03:30:55 INFO mapred.Merger: Merging 1 sorted segments
26/03/02 03:30:55 INFO mapred.Merger: Down to the last merge-pass, with 1 segments left of total size: 50 bytes
26/03/02 03:30:55 INFO mapred.LocalJobRunner: 1 / 1 copied.
26/03/02 03:30:55 INFO mapred.Task: Task:attempt_local1255566577_0012_r_000002_0 is done. And is in the process of committing
26/03/02 03:30:55 INFO mapred.LocalJobRunner: 1 / 1 copied.
26/03/02 03:30:55 INFO mapred.Task: Task attempt_local1255566577_0012_r_000002_0 is allowed to commit now
26/03/02 03:30:55 INFO output.FileOutputCommitter: Saved output of task 'attempt_local1255566577_0012_r_000002_0' to hdfs://localhost:9000/project2/task2/runs_report_plus/k3_r30_opt/iter_12/_temporary/0/task_local1255566577_0012_r_000002
26/03/02 03:30:55 INFO mapred.LocalJobRunner: reduce > reduce
26/03/02 03:30:55 INFO mapred.Task: Task 'attempt_local1255566577_0012_r_000002_0' done.
26/03/02 03:30:55 INFO mapred.Task: Final Counters for attempt_local1255566577_0012_r_000002_0: Counters: 29
	File System Counters
		FILE: Number of bytes read=1744008
		FILE: Number of bytes written=5295559
		FILE: Number of read operations=0
		FILE: Number of large read operations=0
		FILE: Number of write operations=0
		HDFS: Number of bytes read=8819941
		HDFS: Number of bytes written=6374
		HDFS: Number of read operations=558
		HDFS: Number of large read operations=0
		HDFS: Number of write operations=177
	Map-Reduce Framework
		Combine input records=0
		Combine output records=0
		Reduce input groups=1
		Reduce shuffle bytes=60
		Reduce input records=1
		Reduce output records=1
		Spilled Records=1
		Shuffled Maps =1
		Failed Shuffles=0
		Merged Map outputs=1
		GC time elapsed (ms)=0
		Total committed heap usage (bytes)=359661568
	Shuffle Errors
		BAD_ID=0
		CONNECTION=0
		IO_ERROR=0
		WRONG_LENGTH=0
		WRONG_MAP=0
		WRONG_REDUCE=0
	File Output Format Counters 
		Bytes Written=103
26/03/02 03:30:55 INFO mapred.LocalJobRunner: Finishing task: attempt_local1255566577_0012_r_000002_0
26/03/02 03:30:55 INFO mapred.LocalJobRunner: reduce task executor complete.
26/03/02 03:30:56 INFO mapreduce.Job: Job job_local1255566577_0012 running in uber mode : false
26/03/02 03:30:56 INFO mapreduce.Job:  map 100% reduce 100%
26/03/02 03:30:56 INFO mapreduce.Job: Job job_local1255566577_0012 completed successfully
26/03/02 03:30:56 INFO mapreduce.Job: Counters: 35
	File System Counters
		FILE: Number of bytes read=6974592
		FILE: Number of bytes written=21181876
		FILE: Number of read operations=0
		FILE: Number of large read operations=0
		FILE: Number of write operations=0
		HDFS: Number of bytes read=35279764
		HDFS: Number of bytes written=24880
		HDFS: Number of read operations=2214
		HDFS: Number of large read operations=0
		HDFS: Number of write operations=696
	Map-Reduce Framework
		Map input records=10000
		Map output records=10000
		Map output bytes=520000
		Map output materialized bytes=180
		Input split bytes=121
		Combine input records=10000
		Combine output records=3
		Reduce input groups=3
		Reduce shuffle bytes=180
		Reduce input records=3
		Reduce output records=3
		Spilled Records=6
		Shuffled Maps =3
		Failed Shuffles=0
		Merged Map outputs=3
		GC time elapsed (ms)=40
		Total committed heap usage (bytes)=1438646272
	Shuffle Errors
		BAD_ID=0
		CONNECTION=0
		IO_ERROR=0
		WRONG_LENGTH=0
		WRONG_MAP=0
		WRONG_REDUCE=0
	File Input Format Counters 
		Bytes Read=733758
	File Output Format Counters 
		Bytes Written=308
26/03/02 03:30:56 INFO jvm.JvmMetrics: Cannot initialize JVM Metrics with processName=JobTracker, sessionId= - already initialized
26/03/02 03:30:56 WARN mapreduce.JobResourceUploader: Hadoop command-line option parsing not performed. Implement the Tool interface and execute your application with ToolRunner to remedy this.
26/03/02 03:30:56 INFO input.FileInputFormat: Total input paths to process : 1
26/03/02 03:30:56 INFO mapreduce.JobSubmitter: number of splits:1
26/03/02 03:30:56 INFO mapreduce.JobSubmitter: Submitting tokens for job: job_local1656237724_0013
26/03/02 03:30:56 INFO mapred.LocalDistributedCacheManager: Creating symlink: /tmp/hadoop-ds503/mapred/local/1772422256315/centers_iter_12.csv <- /home/ds503/centers_iter_12.csv
26/03/02 03:30:56 INFO mapred.LocalDistributedCacheManager: Localized hdfs://localhost:9000/project2/task2/runs_report_plus/k3_r30_opt/centers_iter_12.csv as file:/tmp/hadoop-ds503/mapred/local/1772422256315/centers_iter_12.csv
26/03/02 03:30:56 INFO mapreduce.Job: The url to track the job: http://localhost:8080/
26/03/02 03:30:56 INFO mapreduce.Job: Running job: job_local1656237724_0013
26/03/02 03:30:56 INFO mapred.LocalJobRunner: OutputCommitter set in config null
26/03/02 03:30:56 INFO output.FileOutputCommitter: File Output Committer Algorithm version is 1
26/03/02 03:30:56 INFO mapred.LocalJobRunner: OutputCommitter is org.apache.hadoop.mapreduce.lib.output.FileOutputCommitter
26/03/02 03:30:56 INFO mapred.LocalJobRunner: Waiting for map tasks
26/03/02 03:30:56 INFO mapred.LocalJobRunner: Starting task: attempt_local1656237724_0013_m_000000_0
26/03/02 03:30:56 INFO output.FileOutputCommitter: File Output Committer Algorithm version is 1
26/03/02 03:30:56 INFO mapred.Task:  Using ResourceCalculatorProcessTree : [ ]
26/03/02 03:30:56 INFO mapred.MapTask: Processing split: hdfs://localhost:9000/project2/task2/input/points_4d.csv:0+733758
26/03/02 03:30:56 INFO mapred.MapTask: (EQUATOR) 0 kvi 26214396(104857584)
26/03/02 03:30:56 INFO mapred.MapTask: mapreduce.task.io.sort.mb: 100
26/03/02 03:30:56 INFO mapred.MapTask: soft limit at 83886080
26/03/02 03:30:56 INFO mapred.MapTask: bufstart = 0; bufvoid = 104857600
26/03/02 03:30:56 INFO mapred.MapTask: kvstart = 26214396; length = 6553600
26/03/02 03:30:56 INFO mapred.MapTask: Map output collector class = org.apache.hadoop.mapred.MapTask$MapOutputBuffer
26/03/02 03:30:56 INFO mapred.LocalJobRunner: 
26/03/02 03:30:56 INFO mapred.MapTask: Starting flush of map output
26/03/02 03:30:56 INFO mapred.MapTask: Spilling map output
26/03/02 03:30:56 INFO mapred.MapTask: bufstart = 0; bufend = 520000; bufvoid = 104857600
26/03/02 03:30:56 INFO mapred.MapTask: kvstart = 26214396(104857584); kvend = 26174400(104697600); length = 39997/6553600
26/03/02 03:30:56 INFO mapred.MapTask: Finished spill 0
26/03/02 03:30:56 INFO mapred.Task: Task:attempt_local1656237724_0013_m_000000_0 is done. And is in the process of committing
26/03/02 03:30:56 INFO mapred.LocalJobRunner: map
26/03/02 03:30:56 INFO mapred.Task: Task 'attempt_local1656237724_0013_m_000000_0' done.
26/03/02 03:30:56 INFO mapred.Task: Final Counters for attempt_local1656237724_0013_m_000000_0: Counters: 23
	File System Counters
		FILE: Number of bytes read=1888562
		FILE: Number of bytes written=5737343
		FILE: Number of read operations=0
		FILE: Number of large read operations=0
		FILE: Number of write operations=0
		HDFS: Number of bytes read=9554997
		HDFS: Number of bytes written=6602
		HDFS: Number of read operations=597
		HDFS: Number of large read operations=0
		HDFS: Number of write operations=186
	Map-Reduce Framework
		Map input records=10000
		Map output records=10000
		Map output bytes=520000
		Map output materialized bytes=180
		Input split bytes=121
		Combine input records=10000
		Combine output records=3
		Spilled Records=3
		Failed Shuffles=0
		Merged Map outputs=0
		GC time elapsed (ms)=0
		Total committed heap usage (bytes)=465043456
	File Input Format Counters 
		Bytes Read=733758
26/03/02 03:30:56 INFO mapred.LocalJobRunner: Finishing task: attempt_local1656237724_0013_m_000000_0
26/03/02 03:30:56 INFO mapred.LocalJobRunner: map task executor complete.
26/03/02 03:30:56 INFO mapred.LocalJobRunner: Starting task: attempt_local1656237724_0013_r_000000_0
26/03/02 03:30:56 INFO mapred.LocalJobRunner: Waiting for reduce tasks
26/03/02 03:30:56 INFO output.FileOutputCommitter: File Output Committer Algorithm version is 1
26/03/02 03:30:56 INFO mapred.Task:  Using ResourceCalculatorProcessTree : [ ]
26/03/02 03:30:56 INFO mapred.ReduceTask: Using ShuffleConsumerPlugin: org.apache.hadoop.mapreduce.task.reduce.Shuffle@2f501aeb
26/03/02 03:30:56 INFO reduce.MergeManagerImpl: MergerManager: memoryLimit=334338464, maxSingleShuffleLimit=83584616, mergeThreshold=220663392, ioSortFactor=10, memToMemMergeOutputsThreshold=10
26/03/02 03:30:56 INFO reduce.EventFetcher: attempt_local1656237724_0013_r_000000_0 Thread started: EventFetcher for fetching Map Completion Events
26/03/02 03:30:56 INFO reduce.LocalFetcher: localfetcher#37 about to shuffle output of map attempt_local1656237724_0013_m_000000_0 decomp: 56 len: 60 to MEMORY
26/03/02 03:30:56 INFO reduce.InMemoryMapOutput: Read 56 bytes from map-output for attempt_local1656237724_0013_m_000000_0
26/03/02 03:30:56 INFO reduce.MergeManagerImpl: closeInMemoryFile -> map-output of size: 56, inMemoryMapOutputs.size() -> 1, commitMemory -> 0, usedMemory ->56
26/03/02 03:30:56 INFO reduce.EventFetcher: EventFetcher is interrupted.. Returning
26/03/02 03:30:56 INFO mapred.LocalJobRunner: 1 / 1 copied.
26/03/02 03:30:56 INFO reduce.MergeManagerImpl: finalMerge called with 1 in-memory map-outputs and 0 on-disk map-outputs
26/03/02 03:30:56 INFO mapred.Merger: Merging 1 sorted segments
26/03/02 03:30:56 INFO mapred.Merger: Down to the last merge-pass, with 1 segments left of total size: 50 bytes
26/03/02 03:30:56 INFO reduce.MergeManagerImpl: Merged 1 segments, 56 bytes to disk to satisfy reduce memory limit
26/03/02 03:30:56 INFO reduce.MergeManagerImpl: Merging 1 files, 60 bytes from disk
26/03/02 03:30:56 INFO reduce.MergeManagerImpl: Merging 0 segments, 0 bytes from memory into reduce
26/03/02 03:30:56 INFO mapred.Merger: Merging 1 sorted segments
26/03/02 03:30:56 INFO mapred.Merger: Down to the last merge-pass, with 1 segments left of total size: 50 bytes
26/03/02 03:30:56 INFO mapred.LocalJobRunner: 1 / 1 copied.
26/03/02 03:30:56 INFO mapred.Task: Task:attempt_local1656237724_0013_r_000000_0 is done. And is in the process of committing
26/03/02 03:30:56 INFO mapred.LocalJobRunner: 1 / 1 copied.
26/03/02 03:30:56 INFO mapred.Task: Task attempt_local1656237724_0013_r_000000_0 is allowed to commit now
26/03/02 03:30:56 INFO output.FileOutputCommitter: Saved output of task 'attempt_local1656237724_0013_r_000000_0' to hdfs://localhost:9000/project2/task2/runs_report_plus/k3_r30_opt/iter_13/_temporary/0/task_local1656237724_0013_r_000000
26/03/02 03:30:56 INFO mapred.LocalJobRunner: reduce > reduce
26/03/02 03:30:56 INFO mapred.Task: Task 'attempt_local1656237724_0013_r_000000_0' done.
26/03/02 03:30:56 INFO mapred.Task: Final Counters for attempt_local1656237724_0013_r_000000_0: Counters: 29
	File System Counters
		FILE: Number of bytes read=1888882
		FILE: Number of bytes written=5737403
		FILE: Number of read operations=0
		FILE: Number of large read operations=0
		FILE: Number of write operations=0
		HDFS: Number of bytes read=9554997
		HDFS: Number of bytes written=6703
		HDFS: Number of read operations=600
		HDFS: Number of large read operations=0
		HDFS: Number of write operations=188
	Map-Reduce Framework
		Combine input records=0
		Combine output records=0
		Reduce input groups=1
		Reduce shuffle bytes=60
		Reduce input records=1
		Reduce output records=1
		Spilled Records=1
		Shuffled Maps =1
		Failed Shuffles=0
		Merged Map outputs=1
		GC time elapsed (ms)=0
		Total committed heap usage (bytes)=465043456
	Shuffle Errors
		BAD_ID=0
		CONNECTION=0
		IO_ERROR=0
		WRONG_LENGTH=0
		WRONG_MAP=0
		WRONG_REDUCE=0
	File Output Format Counters 
		Bytes Written=101
26/03/02 03:30:56 INFO mapred.LocalJobRunner: Finishing task: attempt_local1656237724_0013_r_000000_0
26/03/02 03:30:56 INFO mapred.LocalJobRunner: Starting task: attempt_local1656237724_0013_r_000001_0
26/03/02 03:30:56 INFO output.FileOutputCommitter: File Output Committer Algorithm version is 1
26/03/02 03:30:56 INFO mapred.Task:  Using ResourceCalculatorProcessTree : [ ]
26/03/02 03:30:56 INFO mapred.ReduceTask: Using ShuffleConsumerPlugin: org.apache.hadoop.mapreduce.task.reduce.Shuffle@4f8232f6
26/03/02 03:30:56 INFO reduce.MergeManagerImpl: MergerManager: memoryLimit=334338464, maxSingleShuffleLimit=83584616, mergeThreshold=220663392, ioSortFactor=10, memToMemMergeOutputsThreshold=10
26/03/02 03:30:56 INFO reduce.EventFetcher: attempt_local1656237724_0013_r_000001_0 Thread started: EventFetcher for fetching Map Completion Events
26/03/02 03:30:56 INFO reduce.LocalFetcher: localfetcher#38 about to shuffle output of map attempt_local1656237724_0013_m_000000_0 decomp: 56 len: 60 to MEMORY
26/03/02 03:30:56 INFO reduce.InMemoryMapOutput: Read 56 bytes from map-output for attempt_local1656237724_0013_m_000000_0
26/03/02 03:30:56 INFO reduce.MergeManagerImpl: closeInMemoryFile -> map-output of size: 56, inMemoryMapOutputs.size() -> 1, commitMemory -> 0, usedMemory ->56
26/03/02 03:30:56 INFO reduce.EventFetcher: EventFetcher is interrupted.. Returning
26/03/02 03:30:56 INFO mapred.LocalJobRunner: 1 / 1 copied.
26/03/02 03:30:56 INFO reduce.MergeManagerImpl: finalMerge called with 1 in-memory map-outputs and 0 on-disk map-outputs
26/03/02 03:30:56 INFO mapred.Merger: Merging 1 sorted segments
26/03/02 03:30:56 INFO mapred.Merger: Down to the last merge-pass, with 1 segments left of total size: 50 bytes
26/03/02 03:30:56 INFO reduce.MergeManagerImpl: Merged 1 segments, 56 bytes to disk to satisfy reduce memory limit
26/03/02 03:30:56 INFO reduce.MergeManagerImpl: Merging 1 files, 60 bytes from disk
26/03/02 03:30:56 INFO reduce.MergeManagerImpl: Merging 0 segments, 0 bytes from memory into reduce
26/03/02 03:30:56 INFO mapred.Merger: Merging 1 sorted segments
26/03/02 03:30:56 INFO mapred.Merger: Down to the last merge-pass, with 1 segments left of total size: 50 bytes
26/03/02 03:30:56 INFO mapred.LocalJobRunner: 1 / 1 copied.
26/03/02 03:30:56 INFO mapred.Task: Task:attempt_local1656237724_0013_r_000001_0 is done. And is in the process of committing
26/03/02 03:30:56 INFO mapred.LocalJobRunner: 1 / 1 copied.
26/03/02 03:30:56 INFO mapred.Task: Task attempt_local1656237724_0013_r_000001_0 is allowed to commit now
26/03/02 03:30:56 INFO output.FileOutputCommitter: Saved output of task 'attempt_local1656237724_0013_r_000001_0' to hdfs://localhost:9000/project2/task2/runs_report_plus/k3_r30_opt/iter_13/_temporary/0/task_local1656237724_0013_r_000001
26/03/02 03:30:56 INFO mapred.LocalJobRunner: reduce > reduce
26/03/02 03:30:56 INFO mapred.Task: Task 'attempt_local1656237724_0013_r_000001_0' done.
26/03/02 03:30:56 INFO mapred.Task: Final Counters for attempt_local1656237724_0013_r_000001_0: Counters: 29
	File System Counters
		FILE: Number of bytes read=1889142
		FILE: Number of bytes written=5737463
		FILE: Number of read operations=0
		FILE: Number of large read operations=0
		FILE: Number of write operations=0
		HDFS: Number of bytes read=9554997
		HDFS: Number of bytes written=6805
		HDFS: Number of read operations=603
		HDFS: Number of large read operations=0
		HDFS: Number of write operations=190
	Map-Reduce Framework
		Combine input records=0
		Combine output records=0
		Reduce input groups=1
		Reduce shuffle bytes=60
		Reduce input records=1
		Reduce output records=1
		Spilled Records=1
		Shuffled Maps =1
		Failed Shuffles=0
		Merged Map outputs=1
		GC time elapsed (ms)=0
		Total committed heap usage (bytes)=465043456
	Shuffle Errors
		BAD_ID=0
		CONNECTION=0
		IO_ERROR=0
		WRONG_LENGTH=0
		WRONG_MAP=0
		WRONG_REDUCE=0
	File Output Format Counters 
		Bytes Written=102
26/03/02 03:30:56 INFO mapred.LocalJobRunner: Finishing task: attempt_local1656237724_0013_r_000001_0
26/03/02 03:30:56 INFO mapred.LocalJobRunner: Starting task: attempt_local1656237724_0013_r_000002_0
26/03/02 03:30:56 INFO output.FileOutputCommitter: File Output Committer Algorithm version is 1
26/03/02 03:30:56 INFO mapred.Task:  Using ResourceCalculatorProcessTree : [ ]
26/03/02 03:30:56 INFO mapred.ReduceTask: Using ShuffleConsumerPlugin: org.apache.hadoop.mapreduce.task.reduce.Shuffle@37c2490c
26/03/02 03:30:56 INFO reduce.MergeManagerImpl: MergerManager: memoryLimit=334338464, maxSingleShuffleLimit=83584616, mergeThreshold=220663392, ioSortFactor=10, memToMemMergeOutputsThreshold=10
26/03/02 03:30:56 INFO reduce.EventFetcher: attempt_local1656237724_0013_r_000002_0 Thread started: EventFetcher for fetching Map Completion Events
26/03/02 03:30:56 INFO reduce.LocalFetcher: localfetcher#39 about to shuffle output of map attempt_local1656237724_0013_m_000000_0 decomp: 56 len: 60 to MEMORY
26/03/02 03:30:56 INFO reduce.InMemoryMapOutput: Read 56 bytes from map-output for attempt_local1656237724_0013_m_000000_0
26/03/02 03:30:56 INFO reduce.MergeManagerImpl: closeInMemoryFile -> map-output of size: 56, inMemoryMapOutputs.size() -> 1, commitMemory -> 0, usedMemory ->56
26/03/02 03:30:56 INFO reduce.EventFetcher: EventFetcher is interrupted.. Returning
26/03/02 03:30:56 INFO mapred.LocalJobRunner: 1 / 1 copied.
26/03/02 03:30:56 INFO reduce.MergeManagerImpl: finalMerge called with 1 in-memory map-outputs and 0 on-disk map-outputs
26/03/02 03:30:56 INFO mapred.Merger: Merging 1 sorted segments
26/03/02 03:30:56 INFO mapred.Merger: Down to the last merge-pass, with 1 segments left of total size: 50 bytes
26/03/02 03:30:56 INFO reduce.MergeManagerImpl: Merged 1 segments, 56 bytes to disk to satisfy reduce memory limit
26/03/02 03:30:56 INFO reduce.MergeManagerImpl: Merging 1 files, 60 bytes from disk
26/03/02 03:30:56 INFO reduce.MergeManagerImpl: Merging 0 segments, 0 bytes from memory into reduce
26/03/02 03:30:56 INFO mapred.Merger: Merging 1 sorted segments
26/03/02 03:30:56 INFO mapred.Merger: Down to the last merge-pass, with 1 segments left of total size: 50 bytes
26/03/02 03:30:56 INFO mapred.LocalJobRunner: 1 / 1 copied.
26/03/02 03:30:56 INFO mapred.Task: Task:attempt_local1656237724_0013_r_000002_0 is done. And is in the process of committing
26/03/02 03:30:56 INFO mapred.LocalJobRunner: 1 / 1 copied.
26/03/02 03:30:56 INFO mapred.Task: Task attempt_local1656237724_0013_r_000002_0 is allowed to commit now
26/03/02 03:30:56 INFO output.FileOutputCommitter: Saved output of task 'attempt_local1656237724_0013_r_000002_0' to hdfs://localhost:9000/project2/task2/runs_report_plus/k3_r30_opt/iter_13/_temporary/0/task_local1656237724_0013_r_000002
26/03/02 03:30:56 INFO mapred.LocalJobRunner: reduce > reduce
26/03/02 03:30:56 INFO mapred.Task: Task 'attempt_local1656237724_0013_r_000002_0' done.
26/03/02 03:30:56 INFO mapred.Task: Final Counters for attempt_local1656237724_0013_r_000002_0: Counters: 29
	File System Counters
		FILE: Number of bytes read=1889342
		FILE: Number of bytes written=5737523
		FILE: Number of read operations=0
		FILE: Number of large read operations=0
		FILE: Number of write operations=0
		HDFS: Number of bytes read=9554997
		HDFS: Number of bytes written=6907
		HDFS: Number of read operations=606
		HDFS: Number of large read operations=0
		HDFS: Number of write operations=192
	Map-Reduce Framework
		Combine input records=0
		Combine output records=0
		Reduce input groups=1
		Reduce shuffle bytes=60
		Reduce input records=1
		Reduce output records=1
		Spilled Records=1
		Shuffled Maps =1
		Failed Shuffles=0
		Merged Map outputs=1
		GC time elapsed (ms)=0
		Total committed heap usage (bytes)=465043456
	Shuffle Errors
		BAD_ID=0
		CONNECTION=0
		IO_ERROR=0
		WRONG_LENGTH=0
		WRONG_MAP=0
		WRONG_REDUCE=0
	File Output Format Counters 
		Bytes Written=102
26/03/02 03:30:56 INFO mapred.LocalJobRunner: Finishing task: attempt_local1656237724_0013_r_000002_0
26/03/02 03:30:56 INFO mapred.LocalJobRunner: reduce task executor complete.
26/03/02 03:30:57 INFO mapreduce.Job: Job job_local1656237724_0013 running in uber mode : false
26/03/02 03:30:57 INFO mapreduce.Job:  map 100% reduce 100%
26/03/02 03:30:57 INFO mapreduce.Job: Job job_local1656237724_0013 completed successfully
26/03/02 03:30:57 INFO mapreduce.Job: Counters: 35
	File System Counters
		FILE: Number of bytes read=7555928
		FILE: Number of bytes written=22949732
		FILE: Number of read operations=0
		FILE: Number of large read operations=0
		FILE: Number of write operations=0
		HDFS: Number of bytes read=38219988
		HDFS: Number of bytes written=27017
		HDFS: Number of read operations=2406
		HDFS: Number of large read operations=0
		HDFS: Number of write operations=756
	Map-Reduce Framework
		Map input records=10000
		Map output records=10000
		Map output bytes=520000
		Map output materialized bytes=180
		Input split bytes=121
		Combine input records=10000
		Combine output records=3
		Reduce input groups=3
		Reduce shuffle bytes=180
		Reduce input records=3
		Reduce output records=3
		Spilled Records=6
		Shuffled Maps =3
		Failed Shuffles=0
		Merged Map outputs=3
		GC time elapsed (ms)=0
		Total committed heap usage (bytes)=1860173824
	Shuffle Errors
		BAD_ID=0
		CONNECTION=0
		IO_ERROR=0
		WRONG_LENGTH=0
		WRONG_MAP=0
		WRONG_REDUCE=0
	File Input Format Counters 
		Bytes Read=733758
	File Output Format Counters 
		Bytes Written=305
26/03/02 03:30:57 INFO jvm.JvmMetrics: Cannot initialize JVM Metrics with processName=JobTracker, sessionId= - already initialized
26/03/02 03:30:57 WARN mapreduce.JobResourceUploader: Hadoop command-line option parsing not performed. Implement the Tool interface and execute your application with ToolRunner to remedy this.
26/03/02 03:30:57 INFO input.FileInputFormat: Total input paths to process : 1
26/03/02 03:30:57 INFO mapreduce.JobSubmitter: number of splits:1
26/03/02 03:30:57 INFO mapreduce.JobSubmitter: Submitting tokens for job: job_local1129002137_0014
26/03/02 03:30:57 INFO mapred.LocalDistributedCacheManager: Creating symlink: /tmp/hadoop-ds503/mapred/local/1772422257798/centers_iter_13.csv <- /home/ds503/centers_iter_13.csv
26/03/02 03:30:57 INFO mapred.LocalDistributedCacheManager: Localized hdfs://localhost:9000/project2/task2/runs_report_plus/k3_r30_opt/centers_iter_13.csv as file:/tmp/hadoop-ds503/mapred/local/1772422257798/centers_iter_13.csv
26/03/02 03:30:57 INFO mapreduce.Job: The url to track the job: http://localhost:8080/
26/03/02 03:30:57 INFO mapreduce.Job: Running job: job_local1129002137_0014
26/03/02 03:30:57 INFO mapred.LocalJobRunner: OutputCommitter set in config null
26/03/02 03:30:57 INFO output.FileOutputCommitter: File Output Committer Algorithm version is 1
26/03/02 03:30:57 INFO mapred.LocalJobRunner: OutputCommitter is org.apache.hadoop.mapreduce.lib.output.FileOutputCommitter
26/03/02 03:30:57 INFO mapred.LocalJobRunner: Waiting for map tasks
26/03/02 03:30:57 INFO mapred.LocalJobRunner: Starting task: attempt_local1129002137_0014_m_000000_0
26/03/02 03:30:57 INFO output.FileOutputCommitter: File Output Committer Algorithm version is 1
26/03/02 03:30:57 INFO mapred.Task:  Using ResourceCalculatorProcessTree : [ ]
26/03/02 03:30:57 INFO mapred.MapTask: Processing split: hdfs://localhost:9000/project2/task2/input/points_4d.csv:0+733758
26/03/02 03:30:57 INFO mapred.MapTask: (EQUATOR) 0 kvi 26214396(104857584)
26/03/02 03:30:57 INFO mapred.MapTask: mapreduce.task.io.sort.mb: 100
26/03/02 03:30:57 INFO mapred.MapTask: soft limit at 83886080
26/03/02 03:30:57 INFO mapred.MapTask: bufstart = 0; bufvoid = 104857600
26/03/02 03:30:57 INFO mapred.MapTask: kvstart = 26214396; length = 6553600
26/03/02 03:30:57 INFO mapred.MapTask: Map output collector class = org.apache.hadoop.mapred.MapTask$MapOutputBuffer
26/03/02 03:30:57 INFO mapred.LocalJobRunner: 
26/03/02 03:30:57 INFO mapred.MapTask: Starting flush of map output
26/03/02 03:30:57 INFO mapred.MapTask: Spilling map output
26/03/02 03:30:57 INFO mapred.MapTask: bufstart = 0; bufend = 520000; bufvoid = 104857600
26/03/02 03:30:57 INFO mapred.MapTask: kvstart = 26214396(104857584); kvend = 26174400(104697600); length = 39997/6553600
26/03/02 03:30:57 INFO mapred.MapTask: Finished spill 0
26/03/02 03:30:57 INFO mapred.Task: Task:attempt_local1129002137_0014_m_000000_0 is done. And is in the process of committing
26/03/02 03:30:57 INFO mapred.LocalJobRunner: map
26/03/02 03:30:57 INFO mapred.Task: Task 'attempt_local1129002137_0014_m_000000_0' done.
26/03/02 03:30:57 INFO mapred.Task: Final Counters for attempt_local1129002137_0014_m_000000_0: Counters: 23
	File System Counters
		FILE: Number of bytes read=2033896
		FILE: Number of bytes written=6179305
		FILE: Number of read operations=0
		FILE: Number of large read operations=0
		FILE: Number of write operations=0
		HDFS: Number of bytes read=10290045
		HDFS: Number of bytes written=7133
		HDFS: Number of read operations=645
		HDFS: Number of large read operations=0
		HDFS: Number of write operations=201
	Map-Reduce Framework
		Map input records=10000
		Map output records=10000
		Map output bytes=520000
		Map output materialized bytes=180
		Input split bytes=121
		Combine input records=10000
		Combine output records=3
		Spilled Records=3
		Failed Shuffles=0
		Merged Map outputs=0
		GC time elapsed (ms)=2
		Total committed heap usage (bytes)=526909440
	File Input Format Counters 
		Bytes Read=733758
26/03/02 03:30:57 INFO mapred.LocalJobRunner: Finishing task: attempt_local1129002137_0014_m_000000_0
26/03/02 03:30:57 INFO mapred.LocalJobRunner: map task executor complete.
26/03/02 03:30:57 INFO mapred.LocalJobRunner: Waiting for reduce tasks
26/03/02 03:30:57 INFO mapred.LocalJobRunner: Starting task: attempt_local1129002137_0014_r_000000_0
26/03/02 03:30:57 INFO output.FileOutputCommitter: File Output Committer Algorithm version is 1
26/03/02 03:30:57 INFO mapred.Task:  Using ResourceCalculatorProcessTree : [ ]
26/03/02 03:30:57 INFO mapred.ReduceTask: Using ShuffleConsumerPlugin: org.apache.hadoop.mapreduce.task.reduce.Shuffle@50e1c4f5
26/03/02 03:30:57 INFO reduce.MergeManagerImpl: MergerManager: memoryLimit=368836608, maxSingleShuffleLimit=92209152, mergeThreshold=243432176, ioSortFactor=10, memToMemMergeOutputsThreshold=10
26/03/02 03:30:57 INFO reduce.EventFetcher: attempt_local1129002137_0014_r_000000_0 Thread started: EventFetcher for fetching Map Completion Events
26/03/02 03:30:57 INFO reduce.LocalFetcher: localfetcher#40 about to shuffle output of map attempt_local1129002137_0014_m_000000_0 decomp: 56 len: 60 to MEMORY
26/03/02 03:30:57 INFO reduce.InMemoryMapOutput: Read 56 bytes from map-output for attempt_local1129002137_0014_m_000000_0
26/03/02 03:30:57 INFO reduce.MergeManagerImpl: closeInMemoryFile -> map-output of size: 56, inMemoryMapOutputs.size() -> 1, commitMemory -> 0, usedMemory ->56
26/03/02 03:30:57 WARN io.ReadaheadPool: Failed readahead on ifile
EBADF: Bad file descriptor
	at org.apache.hadoop.io.nativeio.NativeIO$POSIX.posix_fadvise(Native Method)
	at org.apache.hadoop.io.nativeio.NativeIO$POSIX.posixFadviseIfPossible(NativeIO.java:267)
	at org.apache.hadoop.io.nativeio.NativeIO$POSIX$CacheManipulator.posixFadviseIfPossible(NativeIO.java:146)
	at org.apache.hadoop.io.ReadaheadPool$ReadaheadRequestImpl.run(ReadaheadPool.java:206)
	at java.util.concurrent.ThreadPoolExecutor.runWorker(ThreadPoolExecutor.java:1149)
	at java.util.concurrent.ThreadPoolExecutor$Worker.run(ThreadPoolExecutor.java:624)
	at java.lang.Thread.run(Thread.java:748)
26/03/02 03:30:57 INFO reduce.EventFetcher: EventFetcher is interrupted.. Returning
26/03/02 03:30:57 INFO mapred.LocalJobRunner: 1 / 1 copied.
26/03/02 03:30:57 INFO reduce.MergeManagerImpl: finalMerge called with 1 in-memory map-outputs and 0 on-disk map-outputs
26/03/02 03:30:57 INFO mapred.Merger: Merging 1 sorted segments
26/03/02 03:30:57 INFO mapred.Merger: Down to the last merge-pass, with 1 segments left of total size: 50 bytes
26/03/02 03:30:57 INFO reduce.MergeManagerImpl: Merged 1 segments, 56 bytes to disk to satisfy reduce memory limit
26/03/02 03:30:57 INFO reduce.MergeManagerImpl: Merging 1 files, 60 bytes from disk
26/03/02 03:30:57 INFO reduce.MergeManagerImpl: Merging 0 segments, 0 bytes from memory into reduce
26/03/02 03:30:57 INFO mapred.Merger: Merging 1 sorted segments
26/03/02 03:30:57 INFO mapred.Merger: Down to the last merge-pass, with 1 segments left of total size: 50 bytes
26/03/02 03:30:57 INFO mapred.LocalJobRunner: 1 / 1 copied.
26/03/02 03:30:57 INFO mapred.Task: Task:attempt_local1129002137_0014_r_000000_0 is done. And is in the process of committing
26/03/02 03:30:57 INFO mapred.LocalJobRunner: 1 / 1 copied.
26/03/02 03:30:57 INFO mapred.Task: Task attempt_local1129002137_0014_r_000000_0 is allowed to commit now
26/03/02 03:30:57 INFO output.FileOutputCommitter: Saved output of task 'attempt_local1129002137_0014_r_000000_0' to hdfs://localhost:9000/project2/task2/runs_report_plus/k3_r30_opt/iter_14/_temporary/0/task_local1129002137_0014_r_000000
26/03/02 03:30:57 INFO mapred.LocalJobRunner: reduce > reduce
26/03/02 03:30:57 INFO mapred.Task: Task 'attempt_local1129002137_0014_r_000000_0' done.
26/03/02 03:30:57 INFO mapred.Task: Final Counters for attempt_local1129002137_0014_r_000000_0: Counters: 29
	File System Counters
		FILE: Number of bytes read=2034216
		FILE: Number of bytes written=6179365
		FILE: Number of read operations=0
		FILE: Number of large read operations=0
		FILE: Number of write operations=0
		HDFS: Number of bytes read=10290045
		HDFS: Number of bytes written=7235
		HDFS: Number of read operations=648
		HDFS: Number of large read operations=0
		HDFS: Number of write operations=203
	Map-Reduce Framework
		Combine input records=0
		Combine output records=0
		Reduce input groups=1
		Reduce shuffle bytes=60
		Reduce input records=1
		Reduce output records=1
		Spilled Records=1
		Shuffled Maps =1
		Failed Shuffles=0
		Merged Map outputs=1
		GC time elapsed (ms)=0
		Total committed heap usage (bytes)=526909440
	Shuffle Errors
		BAD_ID=0
		CONNECTION=0
		IO_ERROR=0
		WRONG_LENGTH=0
		WRONG_MAP=0
		WRONG_REDUCE=0
	File Output Format Counters 
		Bytes Written=102
26/03/02 03:30:57 INFO mapred.LocalJobRunner: Finishing task: attempt_local1129002137_0014_r_000000_0
26/03/02 03:30:57 INFO mapred.LocalJobRunner: Starting task: attempt_local1129002137_0014_r_000001_0
26/03/02 03:30:57 INFO output.FileOutputCommitter: File Output Committer Algorithm version is 1
26/03/02 03:30:57 INFO mapred.Task:  Using ResourceCalculatorProcessTree : [ ]
26/03/02 03:30:57 INFO mapred.ReduceTask: Using ShuffleConsumerPlugin: org.apache.hadoop.mapreduce.task.reduce.Shuffle@418383d8
26/03/02 03:30:57 INFO reduce.MergeManagerImpl: MergerManager: memoryLimit=368836608, maxSingleShuffleLimit=92209152, mergeThreshold=243432176, ioSortFactor=10, memToMemMergeOutputsThreshold=10
26/03/02 03:30:57 INFO reduce.EventFetcher: attempt_local1129002137_0014_r_000001_0 Thread started: EventFetcher for fetching Map Completion Events
26/03/02 03:30:57 INFO reduce.LocalFetcher: localfetcher#41 about to shuffle output of map attempt_local1129002137_0014_m_000000_0 decomp: 56 len: 60 to MEMORY
26/03/02 03:30:57 INFO reduce.InMemoryMapOutput: Read 56 bytes from map-output for attempt_local1129002137_0014_m_000000_0
26/03/02 03:30:57 INFO reduce.MergeManagerImpl: closeInMemoryFile -> map-output of size: 56, inMemoryMapOutputs.size() -> 1, commitMemory -> 0, usedMemory ->56
26/03/02 03:30:57 INFO reduce.EventFetcher: EventFetcher is interrupted.. Returning
26/03/02 03:30:57 INFO mapred.LocalJobRunner: 1 / 1 copied.
26/03/02 03:30:57 INFO reduce.MergeManagerImpl: finalMerge called with 1 in-memory map-outputs and 0 on-disk map-outputs
26/03/02 03:30:57 INFO mapred.Merger: Merging 1 sorted segments
26/03/02 03:30:57 INFO mapred.Merger: Down to the last merge-pass, with 1 segments left of total size: 50 bytes
26/03/02 03:30:57 INFO reduce.MergeManagerImpl: Merged 1 segments, 56 bytes to disk to satisfy reduce memory limit
26/03/02 03:30:57 INFO reduce.MergeManagerImpl: Merging 1 files, 60 bytes from disk
26/03/02 03:30:57 INFO reduce.MergeManagerImpl: Merging 0 segments, 0 bytes from memory into reduce
26/03/02 03:30:57 INFO mapred.Merger: Merging 1 sorted segments
26/03/02 03:30:57 INFO mapred.Merger: Down to the last merge-pass, with 1 segments left of total size: 50 bytes
26/03/02 03:30:57 INFO mapred.LocalJobRunner: 1 / 1 copied.
26/03/02 03:30:58 INFO mapred.Task: Task:attempt_local1129002137_0014_r_000001_0 is done. And is in the process of committing
26/03/02 03:30:58 INFO mapred.LocalJobRunner: 1 / 1 copied.
26/03/02 03:30:58 INFO mapred.Task: Task attempt_local1129002137_0014_r_000001_0 is allowed to commit now
26/03/02 03:30:58 INFO output.FileOutputCommitter: Saved output of task 'attempt_local1129002137_0014_r_000001_0' to hdfs://localhost:9000/project2/task2/runs_report_plus/k3_r30_opt/iter_14/_temporary/0/task_local1129002137_0014_r_000001
26/03/02 03:30:58 INFO mapred.LocalJobRunner: reduce > reduce
26/03/02 03:30:58 INFO mapred.Task: Task 'attempt_local1129002137_0014_r_000001_0' done.
26/03/02 03:30:58 INFO mapred.Task: Final Counters for attempt_local1129002137_0014_r_000001_0: Counters: 29
	File System Counters
		FILE: Number of bytes read=2034476
		FILE: Number of bytes written=6179425
		FILE: Number of read operations=0
		FILE: Number of large read operations=0
		FILE: Number of write operations=0
		HDFS: Number of bytes read=10290045
		HDFS: Number of bytes written=7337
		HDFS: Number of read operations=651
		HDFS: Number of large read operations=0
		HDFS: Number of write operations=205
	Map-Reduce Framework
		Combine input records=0
		Combine output records=0
		Reduce input groups=1
		Reduce shuffle bytes=60
		Reduce input records=1
		Reduce output records=1
		Spilled Records=1
		Shuffled Maps =1
		Failed Shuffles=0
		Merged Map outputs=1
		GC time elapsed (ms)=0
		Total committed heap usage (bytes)=526909440
	Shuffle Errors
		BAD_ID=0
		CONNECTION=0
		IO_ERROR=0
		WRONG_LENGTH=0
		WRONG_MAP=0
		WRONG_REDUCE=0
	File Output Format Counters 
		Bytes Written=102
26/03/02 03:30:58 INFO mapred.LocalJobRunner: Finishing task: attempt_local1129002137_0014_r_000001_0
26/03/02 03:30:58 INFO mapred.LocalJobRunner: Starting task: attempt_local1129002137_0014_r_000002_0
26/03/02 03:30:58 INFO output.FileOutputCommitter: File Output Committer Algorithm version is 1
26/03/02 03:30:58 INFO mapred.Task:  Using ResourceCalculatorProcessTree : [ ]
26/03/02 03:30:58 INFO mapred.ReduceTask: Using ShuffleConsumerPlugin: org.apache.hadoop.mapreduce.task.reduce.Shuffle@39bc2652
26/03/02 03:30:58 INFO reduce.MergeManagerImpl: MergerManager: memoryLimit=368836608, maxSingleShuffleLimit=92209152, mergeThreshold=243432176, ioSortFactor=10, memToMemMergeOutputsThreshold=10
26/03/02 03:30:58 INFO reduce.EventFetcher: attempt_local1129002137_0014_r_000002_0 Thread started: EventFetcher for fetching Map Completion Events
26/03/02 03:30:58 INFO reduce.LocalFetcher: localfetcher#42 about to shuffle output of map attempt_local1129002137_0014_m_000000_0 decomp: 56 len: 60 to MEMORY
26/03/02 03:30:58 INFO reduce.InMemoryMapOutput: Read 56 bytes from map-output for attempt_local1129002137_0014_m_000000_0
26/03/02 03:30:58 INFO reduce.MergeManagerImpl: closeInMemoryFile -> map-output of size: 56, inMemoryMapOutputs.size() -> 1, commitMemory -> 0, usedMemory ->56
26/03/02 03:30:58 WARN io.ReadaheadPool: Failed readahead on ifile
EBADF: Bad file descriptor
	at org.apache.hadoop.io.nativeio.NativeIO$POSIX.posix_fadvise(Native Method)
	at org.apache.hadoop.io.nativeio.NativeIO$POSIX.posixFadviseIfPossible(NativeIO.java:267)
	at org.apache.hadoop.io.nativeio.NativeIO$POSIX$CacheManipulator.posixFadviseIfPossible(NativeIO.java:146)
	at org.apache.hadoop.io.ReadaheadPool$ReadaheadRequestImpl.run(ReadaheadPool.java:206)
	at java.util.concurrent.ThreadPoolExecutor.runWorker(ThreadPoolExecutor.java:1149)
	at java.util.concurrent.ThreadPoolExecutor$Worker.run(ThreadPoolExecutor.java:624)
	at java.lang.Thread.run(Thread.java:748)
26/03/02 03:30:58 INFO reduce.EventFetcher: EventFetcher is interrupted.. Returning
26/03/02 03:30:58 INFO mapred.LocalJobRunner: 1 / 1 copied.
26/03/02 03:30:58 INFO reduce.MergeManagerImpl: finalMerge called with 1 in-memory map-outputs and 0 on-disk map-outputs
26/03/02 03:30:58 INFO mapred.Merger: Merging 1 sorted segments
26/03/02 03:30:58 INFO mapred.Merger: Down to the last merge-pass, with 1 segments left of total size: 50 bytes
26/03/02 03:30:58 INFO reduce.MergeManagerImpl: Merged 1 segments, 56 bytes to disk to satisfy reduce memory limit
26/03/02 03:30:58 INFO reduce.MergeManagerImpl: Merging 1 files, 60 bytes from disk
26/03/02 03:30:58 INFO reduce.MergeManagerImpl: Merging 0 segments, 0 bytes from memory into reduce
26/03/02 03:30:58 INFO mapred.Merger: Merging 1 sorted segments
26/03/02 03:30:58 INFO mapred.Merger: Down to the last merge-pass, with 1 segments left of total size: 50 bytes
26/03/02 03:30:58 INFO mapred.LocalJobRunner: 1 / 1 copied.
26/03/02 03:30:58 INFO mapred.Task: Task:attempt_local1129002137_0014_r_000002_0 is done. And is in the process of committing
26/03/02 03:30:58 INFO mapred.LocalJobRunner: 1 / 1 copied.
26/03/02 03:30:58 INFO mapred.Task: Task attempt_local1129002137_0014_r_000002_0 is allowed to commit now
26/03/02 03:30:58 INFO output.FileOutputCommitter: Saved output of task 'attempt_local1129002137_0014_r_000002_0' to hdfs://localhost:9000/project2/task2/runs_report_plus/k3_r30_opt/iter_14/_temporary/0/task_local1129002137_0014_r_000002
26/03/02 03:30:58 INFO mapred.LocalJobRunner: reduce > reduce
26/03/02 03:30:58 INFO mapred.Task: Task 'attempt_local1129002137_0014_r_000002_0' done.
26/03/02 03:30:58 INFO mapred.Task: Final Counters for attempt_local1129002137_0014_r_000002_0: Counters: 29
	File System Counters
		FILE: Number of bytes read=2034676
		FILE: Number of bytes written=6179485
		FILE: Number of read operations=0
		FILE: Number of large read operations=0
		FILE: Number of write operations=0
		HDFS: Number of bytes read=10290045
		HDFS: Number of bytes written=7442
		HDFS: Number of read operations=654
		HDFS: Number of large read operations=0
		HDFS: Number of write operations=207
	Map-Reduce Framework
		Combine input records=0
		Combine output records=0
		Reduce input groups=1
		Reduce shuffle bytes=60
		Reduce input records=1
		Reduce output records=1
		Spilled Records=1
		Shuffled Maps =1
		Failed Shuffles=0
		Merged Map outputs=1
		GC time elapsed (ms)=0
		Total committed heap usage (bytes)=526909440
	Shuffle Errors
		BAD_ID=0
		CONNECTION=0
		IO_ERROR=0
		WRONG_LENGTH=0
		WRONG_MAP=0
		WRONG_REDUCE=0
	File Output Format Counters 
		Bytes Written=105
26/03/02 03:30:58 INFO mapred.LocalJobRunner: Finishing task: attempt_local1129002137_0014_r_000002_0
26/03/02 03:30:58 INFO mapred.LocalJobRunner: reduce task executor complete.
26/03/02 03:30:58 INFO mapreduce.Job: Job job_local1129002137_0014 running in uber mode : false
26/03/02 03:30:58 INFO mapreduce.Job:  map 100% reduce 100%
26/03/02 03:30:58 INFO mapreduce.Job: Job job_local1129002137_0014 completed successfully
26/03/02 03:30:58 INFO mapreduce.Job: Counters: 35
	File System Counters
		FILE: Number of bytes read=8137264
		FILE: Number of bytes written=24717580
		FILE: Number of read operations=0
		FILE: Number of large read operations=0
		FILE: Number of write operations=0
		HDFS: Number of bytes read=41160180
		HDFS: Number of bytes written=29147
		HDFS: Number of read operations=2598
		HDFS: Number of large read operations=0
		HDFS: Number of write operations=816
	Map-Reduce Framework
		Map input records=10000
		Map output records=10000
		Map output bytes=520000
		Map output materialized bytes=180
		Input split bytes=121
		Combine input records=10000
		Combine output records=3
		Reduce input groups=3
		Reduce shuffle bytes=180
		Reduce input records=3
		Reduce output records=3
		Spilled Records=6
		Shuffled Maps =3
		Failed Shuffles=0
		Merged Map outputs=3
		GC time elapsed (ms)=2
		Total committed heap usage (bytes)=2107637760
	Shuffle Errors
		BAD_ID=0
		CONNECTION=0
		IO_ERROR=0
		WRONG_LENGTH=0
		WRONG_MAP=0
		WRONG_REDUCE=0
	File Input Format Counters 
		Bytes Read=733758
	File Output Format Counters 
		Bytes Written=309
26/03/02 03:30:58 INFO jvm.JvmMetrics: Cannot initialize JVM Metrics with processName=JobTracker, sessionId= - already initialized
26/03/02 03:30:58 WARN mapreduce.JobResourceUploader: Hadoop command-line option parsing not performed. Implement the Tool interface and execute your application with ToolRunner to remedy this.
26/03/02 03:30:58 INFO input.FileInputFormat: Total input paths to process : 1
26/03/02 03:30:58 INFO mapreduce.JobSubmitter: number of splits:1
26/03/02 03:30:58 INFO mapreduce.JobSubmitter: Submitting tokens for job: job_local1620778412_0015
26/03/02 03:30:58 INFO mapred.LocalDistributedCacheManager: Creating symlink: /tmp/hadoop-ds503/mapred/local/1772422258887/centers_iter_14.csv <- /home/ds503/centers_iter_14.csv
26/03/02 03:30:58 INFO mapred.LocalDistributedCacheManager: Localized hdfs://localhost:9000/project2/task2/runs_report_plus/k3_r30_opt/centers_iter_14.csv as file:/tmp/hadoop-ds503/mapred/local/1772422258887/centers_iter_14.csv
26/03/02 03:30:58 INFO mapreduce.Job: The url to track the job: http://localhost:8080/
26/03/02 03:30:58 INFO mapreduce.Job: Running job: job_local1620778412_0015
26/03/02 03:30:58 INFO mapred.LocalJobRunner: OutputCommitter set in config null
26/03/02 03:30:58 INFO output.FileOutputCommitter: File Output Committer Algorithm version is 1
26/03/02 03:30:58 INFO mapred.LocalJobRunner: OutputCommitter is org.apache.hadoop.mapreduce.lib.output.FileOutputCommitter
26/03/02 03:30:58 INFO mapred.LocalJobRunner: Waiting for map tasks
26/03/02 03:30:58 INFO mapred.LocalJobRunner: Starting task: attempt_local1620778412_0015_m_000000_0
26/03/02 03:30:58 INFO output.FileOutputCommitter: File Output Committer Algorithm version is 1
26/03/02 03:30:58 INFO mapred.Task:  Using ResourceCalculatorProcessTree : [ ]
26/03/02 03:30:58 INFO mapred.MapTask: Processing split: hdfs://localhost:9000/project2/task2/input/points_4d.csv:0+733758
26/03/02 03:30:58 INFO mapred.MapTask: (EQUATOR) 0 kvi 26214396(104857584)
26/03/02 03:30:58 INFO mapred.MapTask: mapreduce.task.io.sort.mb: 100
26/03/02 03:30:58 INFO mapred.MapTask: soft limit at 83886080
26/03/02 03:30:58 INFO mapred.MapTask: bufstart = 0; bufvoid = 104857600
26/03/02 03:30:58 INFO mapred.MapTask: kvstart = 26214396; length = 6553600
26/03/02 03:30:58 INFO mapred.MapTask: Map output collector class = org.apache.hadoop.mapred.MapTask$MapOutputBuffer
26/03/02 03:30:59 INFO mapred.LocalJobRunner: 
26/03/02 03:30:59 INFO mapred.MapTask: Starting flush of map output
26/03/02 03:30:59 INFO mapred.MapTask: Spilling map output
26/03/02 03:30:59 INFO mapred.MapTask: bufstart = 0; bufend = 520000; bufvoid = 104857600
26/03/02 03:30:59 INFO mapred.MapTask: kvstart = 26214396(104857584); kvend = 26174400(104697600); length = 39997/6553600
26/03/02 03:30:59 INFO mapred.MapTask: Finished spill 0
26/03/02 03:30:59 INFO mapred.Task: Task:attempt_local1620778412_0015_m_000000_0 is done. And is in the process of committing
26/03/02 03:30:59 INFO mapred.LocalJobRunner: map
26/03/02 03:30:59 INFO mapred.Task: Task 'attempt_local1620778412_0015_m_000000_0' done.
26/03/02 03:30:59 INFO mapred.Task: Final Counters for attempt_local1620778412_0015_m_000000_0: Counters: 23
	File System Counters
		FILE: Number of bytes read=2179230
		FILE: Number of bytes written=6621270
		FILE: Number of read operations=0
		FILE: Number of large read operations=0
		FILE: Number of write operations=0
		HDFS: Number of bytes read=11025105
		HDFS: Number of bytes written=7671
		HDFS: Number of read operations=693
		HDFS: Number of large read operations=0
		HDFS: Number of write operations=216
	Map-Reduce Framework
		Map input records=10000
		Map output records=10000
		Map output bytes=520000
		Map output materialized bytes=180
		Input split bytes=121
		Combine input records=10000
		Combine output records=3
		Spilled Records=3
		Failed Shuffles=0
		Merged Map outputs=0
		GC time elapsed (ms)=43
		Total committed heap usage (bytes)=368574464
	File Input Format Counters 
		Bytes Read=733758
26/03/02 03:30:59 INFO mapred.LocalJobRunner: Finishing task: attempt_local1620778412_0015_m_000000_0
26/03/02 03:30:59 INFO mapred.LocalJobRunner: map task executor complete.
26/03/02 03:30:59 INFO mapred.LocalJobRunner: Waiting for reduce tasks
26/03/02 03:30:59 INFO mapred.LocalJobRunner: Starting task: attempt_local1620778412_0015_r_000000_0
26/03/02 03:30:59 INFO output.FileOutputCommitter: File Output Committer Algorithm version is 1
26/03/02 03:30:59 INFO mapred.Task:  Using ResourceCalculatorProcessTree : [ ]
26/03/02 03:30:59 INFO mapred.ReduceTask: Using ShuffleConsumerPlugin: org.apache.hadoop.mapreduce.task.reduce.Shuffle@464686ea
26/03/02 03:30:59 INFO reduce.MergeManagerImpl: MergerManager: memoryLimit=334338464, maxSingleShuffleLimit=83584616, mergeThreshold=220663392, ioSortFactor=10, memToMemMergeOutputsThreshold=10
26/03/02 03:30:59 INFO reduce.EventFetcher: attempt_local1620778412_0015_r_000000_0 Thread started: EventFetcher for fetching Map Completion Events
26/03/02 03:30:59 INFO reduce.LocalFetcher: localfetcher#43 about to shuffle output of map attempt_local1620778412_0015_m_000000_0 decomp: 56 len: 60 to MEMORY
26/03/02 03:30:59 INFO reduce.InMemoryMapOutput: Read 56 bytes from map-output for attempt_local1620778412_0015_m_000000_0
26/03/02 03:30:59 INFO reduce.MergeManagerImpl: closeInMemoryFile -> map-output of size: 56, inMemoryMapOutputs.size() -> 1, commitMemory -> 0, usedMemory ->56
26/03/02 03:30:59 WARN io.ReadaheadPool: Failed readahead on ifile
EBADF: Bad file descriptor
	at org.apache.hadoop.io.nativeio.NativeIO$POSIX.posix_fadvise(Native Method)
	at org.apache.hadoop.io.nativeio.NativeIO$POSIX.posixFadviseIfPossible(NativeIO.java:267)
	at org.apache.hadoop.io.nativeio.NativeIO$POSIX$CacheManipulator.posixFadviseIfPossible(NativeIO.java:146)
	at org.apache.hadoop.io.ReadaheadPool$ReadaheadRequestImpl.run(ReadaheadPool.java:206)
	at java.util.concurrent.ThreadPoolExecutor.runWorker(ThreadPoolExecutor.java:1149)
	at java.util.concurrent.ThreadPoolExecutor$Worker.run(ThreadPoolExecutor.java:624)
	at java.lang.Thread.run(Thread.java:748)
26/03/02 03:30:59 INFO reduce.EventFetcher: EventFetcher is interrupted.. Returning
26/03/02 03:30:59 INFO mapred.LocalJobRunner: 1 / 1 copied.
26/03/02 03:30:59 INFO reduce.MergeManagerImpl: finalMerge called with 1 in-memory map-outputs and 0 on-disk map-outputs
26/03/02 03:30:59 INFO mapred.Merger: Merging 1 sorted segments
26/03/02 03:30:59 INFO mapred.Merger: Down to the last merge-pass, with 1 segments left of total size: 50 bytes
26/03/02 03:30:59 INFO reduce.MergeManagerImpl: Merged 1 segments, 56 bytes to disk to satisfy reduce memory limit
26/03/02 03:30:59 INFO reduce.MergeManagerImpl: Merging 1 files, 60 bytes from disk
26/03/02 03:30:59 INFO reduce.MergeManagerImpl: Merging 0 segments, 0 bytes from memory into reduce
26/03/02 03:30:59 INFO mapred.Merger: Merging 1 sorted segments
26/03/02 03:30:59 INFO mapred.Merger: Down to the last merge-pass, with 1 segments left of total size: 50 bytes
26/03/02 03:30:59 INFO mapred.LocalJobRunner: 1 / 1 copied.
26/03/02 03:30:59 INFO mapred.Task: Task:attempt_local1620778412_0015_r_000000_0 is done. And is in the process of committing
26/03/02 03:30:59 INFO mapred.LocalJobRunner: 1 / 1 copied.
26/03/02 03:30:59 INFO mapred.Task: Task attempt_local1620778412_0015_r_000000_0 is allowed to commit now
26/03/02 03:30:59 INFO output.FileOutputCommitter: Saved output of task 'attempt_local1620778412_0015_r_000000_0' to hdfs://localhost:9000/project2/task2/runs_report_plus/k3_r30_opt/iter_15/_temporary/0/task_local1620778412_0015_r_000000
26/03/02 03:30:59 INFO mapred.LocalJobRunner: reduce > reduce
26/03/02 03:30:59 INFO mapred.Task: Task 'attempt_local1620778412_0015_r_000000_0' done.
26/03/02 03:30:59 INFO mapred.Task: Final Counters for attempt_local1620778412_0015_r_000000_0: Counters: 29
	File System Counters
		FILE: Number of bytes read=2179550
		FILE: Number of bytes written=6621330
		FILE: Number of read operations=0
		FILE: Number of large read operations=0
		FILE: Number of write operations=0
		HDFS: Number of bytes read=11025105
		HDFS: Number of bytes written=7772
		HDFS: Number of read operations=696
		HDFS: Number of large read operations=0
		HDFS: Number of write operations=218
	Map-Reduce Framework
		Combine input records=0
		Combine output records=0
		Reduce input groups=1
		Reduce shuffle bytes=60
		Reduce input records=1
		Reduce output records=1
		Spilled Records=1
		Shuffled Maps =1
		Failed Shuffles=0
		Merged Map outputs=1
		GC time elapsed (ms)=0
		Total committed heap usage (bytes)=368574464
	Shuffle Errors
		BAD_ID=0
		CONNECTION=0
		IO_ERROR=0
		WRONG_LENGTH=0
		WRONG_MAP=0
		WRONG_REDUCE=0
	File Output Format Counters 
		Bytes Written=101
26/03/02 03:30:59 INFO mapred.LocalJobRunner: Finishing task: attempt_local1620778412_0015_r_000000_0
26/03/02 03:30:59 INFO mapred.LocalJobRunner: Starting task: attempt_local1620778412_0015_r_000001_0
26/03/02 03:30:59 INFO output.FileOutputCommitter: File Output Committer Algorithm version is 1
26/03/02 03:30:59 INFO mapred.Task:  Using ResourceCalculatorProcessTree : [ ]
26/03/02 03:30:59 INFO mapred.ReduceTask: Using ShuffleConsumerPlugin: org.apache.hadoop.mapreduce.task.reduce.Shuffle@7bbfcc62
26/03/02 03:30:59 INFO reduce.MergeManagerImpl: MergerManager: memoryLimit=334338464, maxSingleShuffleLimit=83584616, mergeThreshold=220663392, ioSortFactor=10, memToMemMergeOutputsThreshold=10
26/03/02 03:30:59 INFO reduce.EventFetcher: attempt_local1620778412_0015_r_000001_0 Thread started: EventFetcher for fetching Map Completion Events
26/03/02 03:30:59 INFO reduce.LocalFetcher: localfetcher#44 about to shuffle output of map attempt_local1620778412_0015_m_000000_0 decomp: 56 len: 60 to MEMORY
26/03/02 03:30:59 INFO reduce.InMemoryMapOutput: Read 56 bytes from map-output for attempt_local1620778412_0015_m_000000_0
26/03/02 03:30:59 INFO reduce.MergeManagerImpl: closeInMemoryFile -> map-output of size: 56, inMemoryMapOutputs.size() -> 1, commitMemory -> 0, usedMemory ->56
26/03/02 03:30:59 WARN io.ReadaheadPool: Failed readahead on ifile
EBADF: Bad file descriptor
	at org.apache.hadoop.io.nativeio.NativeIO$POSIX.posix_fadvise(Native Method)
	at org.apache.hadoop.io.nativeio.NativeIO$POSIX.posixFadviseIfPossible(NativeIO.java:267)
	at org.apache.hadoop.io.nativeio.NativeIO$POSIX$CacheManipulator.posixFadviseIfPossible(NativeIO.java:146)
	at org.apache.hadoop.io.ReadaheadPool$ReadaheadRequestImpl.run(ReadaheadPool.java:206)
	at java.util.concurrent.ThreadPoolExecutor.runWorker(ThreadPoolExecutor.java:1149)
	at java.util.concurrent.ThreadPoolExecutor$Worker.run(ThreadPoolExecutor.java:624)
	at java.lang.Thread.run(Thread.java:748)
26/03/02 03:30:59 INFO reduce.EventFetcher: EventFetcher is interrupted.. Returning
26/03/02 03:30:59 INFO mapred.LocalJobRunner: 1 / 1 copied.
26/03/02 03:30:59 INFO reduce.MergeManagerImpl: finalMerge called with 1 in-memory map-outputs and 0 on-disk map-outputs
26/03/02 03:30:59 INFO mapred.Merger: Merging 1 sorted segments
26/03/02 03:30:59 INFO mapred.Merger: Down to the last merge-pass, with 1 segments left of total size: 50 bytes
26/03/02 03:30:59 INFO reduce.MergeManagerImpl: Merged 1 segments, 56 bytes to disk to satisfy reduce memory limit
26/03/02 03:30:59 INFO reduce.MergeManagerImpl: Merging 1 files, 60 bytes from disk
26/03/02 03:30:59 INFO reduce.MergeManagerImpl: Merging 0 segments, 0 bytes from memory into reduce
26/03/02 03:30:59 INFO mapred.Merger: Merging 1 sorted segments
26/03/02 03:30:59 INFO mapred.Merger: Down to the last merge-pass, with 1 segments left of total size: 50 bytes
26/03/02 03:30:59 INFO mapred.LocalJobRunner: 1 / 1 copied.
26/03/02 03:30:59 INFO mapred.Task: Task:attempt_local1620778412_0015_r_000001_0 is done. And is in the process of committing
26/03/02 03:30:59 INFO mapred.LocalJobRunner: 1 / 1 copied.
26/03/02 03:30:59 INFO mapred.Task: Task attempt_local1620778412_0015_r_000001_0 is allowed to commit now
26/03/02 03:30:59 INFO output.FileOutputCommitter: Saved output of task 'attempt_local1620778412_0015_r_000001_0' to hdfs://localhost:9000/project2/task2/runs_report_plus/k3_r30_opt/iter_15/_temporary/0/task_local1620778412_0015_r_000001
26/03/02 03:30:59 INFO mapred.LocalJobRunner: reduce > reduce
26/03/02 03:30:59 INFO mapred.Task: Task 'attempt_local1620778412_0015_r_000001_0' done.
26/03/02 03:30:59 INFO mapred.Task: Final Counters for attempt_local1620778412_0015_r_000001_0: Counters: 29
	File System Counters
		FILE: Number of bytes read=2179810
		FILE: Number of bytes written=6621390
		FILE: Number of read operations=0
		FILE: Number of large read operations=0
		FILE: Number of write operations=0
		HDFS: Number of bytes read=11025105
		HDFS: Number of bytes written=7873
		HDFS: Number of read operations=699
		HDFS: Number of large read operations=0
		HDFS: Number of write operations=220
	Map-Reduce Framework
		Combine input records=0
		Combine output records=0
		Reduce input groups=1
		Reduce shuffle bytes=60
		Reduce input records=1
		Reduce output records=1
		Spilled Records=1
		Shuffled Maps =1
		Failed Shuffles=0
		Merged Map outputs=1
		GC time elapsed (ms)=0
		Total committed heap usage (bytes)=368574464
	Shuffle Errors
		BAD_ID=0
		CONNECTION=0
		IO_ERROR=0
		WRONG_LENGTH=0
		WRONG_MAP=0
		WRONG_REDUCE=0
	File Output Format Counters 
		Bytes Written=101
26/03/02 03:30:59 INFO mapred.LocalJobRunner: Finishing task: attempt_local1620778412_0015_r_000001_0
26/03/02 03:30:59 INFO mapred.LocalJobRunner: Starting task: attempt_local1620778412_0015_r_000002_0
26/03/02 03:30:59 INFO output.FileOutputCommitter: File Output Committer Algorithm version is 1
26/03/02 03:30:59 INFO mapred.Task:  Using ResourceCalculatorProcessTree : [ ]
26/03/02 03:30:59 INFO mapred.ReduceTask: Using ShuffleConsumerPlugin: org.apache.hadoop.mapreduce.task.reduce.Shuffle@396d80f
26/03/02 03:30:59 INFO reduce.MergeManagerImpl: MergerManager: memoryLimit=334338464, maxSingleShuffleLimit=83584616, mergeThreshold=220663392, ioSortFactor=10, memToMemMergeOutputsThreshold=10
26/03/02 03:30:59 INFO reduce.EventFetcher: attempt_local1620778412_0015_r_000002_0 Thread started: EventFetcher for fetching Map Completion Events
26/03/02 03:30:59 INFO reduce.LocalFetcher: localfetcher#45 about to shuffle output of map attempt_local1620778412_0015_m_000000_0 decomp: 56 len: 60 to MEMORY
26/03/02 03:30:59 INFO reduce.InMemoryMapOutput: Read 56 bytes from map-output for attempt_local1620778412_0015_m_000000_0
26/03/02 03:30:59 INFO reduce.MergeManagerImpl: closeInMemoryFile -> map-output of size: 56, inMemoryMapOutputs.size() -> 1, commitMemory -> 0, usedMemory ->56
26/03/02 03:30:59 WARN io.ReadaheadPool: Failed readahead on ifile
EBADF: Bad file descriptor
	at org.apache.hadoop.io.nativeio.NativeIO$POSIX.posix_fadvise(Native Method)
	at org.apache.hadoop.io.nativeio.NativeIO$POSIX.posixFadviseIfPossible(NativeIO.java:267)
	at org.apache.hadoop.io.nativeio.NativeIO$POSIX$CacheManipulator.posixFadviseIfPossible(NativeIO.java:146)
	at org.apache.hadoop.io.ReadaheadPool$ReadaheadRequestImpl.run(ReadaheadPool.java:206)
	at java.util.concurrent.ThreadPoolExecutor.runWorker(ThreadPoolExecutor.java:1149)
	at java.util.concurrent.ThreadPoolExecutor$Worker.run(ThreadPoolExecutor.java:624)
	at java.lang.Thread.run(Thread.java:748)
26/03/02 03:30:59 INFO reduce.EventFetcher: EventFetcher is interrupted.. Returning
26/03/02 03:30:59 INFO mapred.LocalJobRunner: 1 / 1 copied.
26/03/02 03:30:59 INFO reduce.MergeManagerImpl: finalMerge called with 1 in-memory map-outputs and 0 on-disk map-outputs
26/03/02 03:30:59 INFO mapred.Merger: Merging 1 sorted segments
26/03/02 03:30:59 INFO mapred.Merger: Down to the last merge-pass, with 1 segments left of total size: 50 bytes
26/03/02 03:30:59 INFO reduce.MergeManagerImpl: Merged 1 segments, 56 bytes to disk to satisfy reduce memory limit
26/03/02 03:30:59 INFO reduce.MergeManagerImpl: Merging 1 files, 60 bytes from disk
26/03/02 03:30:59 INFO reduce.MergeManagerImpl: Merging 0 segments, 0 bytes from memory into reduce
26/03/02 03:30:59 INFO mapred.Merger: Merging 1 sorted segments
26/03/02 03:30:59 INFO mapred.Merger: Down to the last merge-pass, with 1 segments left of total size: 50 bytes
26/03/02 03:30:59 INFO mapred.LocalJobRunner: 1 / 1 copied.
26/03/02 03:30:59 INFO mapred.Task: Task:attempt_local1620778412_0015_r_000002_0 is done. And is in the process of committing
26/03/02 03:30:59 INFO mapred.LocalJobRunner: 1 / 1 copied.
26/03/02 03:30:59 INFO mapred.Task: Task attempt_local1620778412_0015_r_000002_0 is allowed to commit now
26/03/02 03:30:59 INFO output.FileOutputCommitter: Saved output of task 'attempt_local1620778412_0015_r_000002_0' to hdfs://localhost:9000/project2/task2/runs_report_plus/k3_r30_opt/iter_15/_temporary/0/task_local1620778412_0015_r_000002
26/03/02 03:30:59 INFO mapred.LocalJobRunner: reduce > reduce
26/03/02 03:30:59 INFO mapred.Task: Task 'attempt_local1620778412_0015_r_000002_0' done.
26/03/02 03:30:59 INFO mapred.Task: Final Counters for attempt_local1620778412_0015_r_000002_0: Counters: 29
	File System Counters
		FILE: Number of bytes read=2180010
		FILE: Number of bytes written=6621450
		FILE: Number of read operations=0
		FILE: Number of large read operations=0
		FILE: Number of write operations=0
		HDFS: Number of bytes read=11025105
		HDFS: Number of bytes written=7976
		HDFS: Number of read operations=702
		HDFS: Number of large read operations=0
		HDFS: Number of write operations=222
	Map-Reduce Framework
		Combine input records=0
		Combine output records=0
		Reduce input groups=1
		Reduce shuffle bytes=60
		Reduce input records=1
		Reduce output records=1
		Spilled Records=1
		Shuffled Maps =1
		Failed Shuffles=0
		Merged Map outputs=1
		GC time elapsed (ms)=0
		Total committed heap usage (bytes)=368574464
	Shuffle Errors
		BAD_ID=0
		CONNECTION=0
		IO_ERROR=0
		WRONG_LENGTH=0
		WRONG_MAP=0
		WRONG_REDUCE=0
	File Output Format Counters 
		Bytes Written=103
26/03/02 03:30:59 INFO mapred.LocalJobRunner: Finishing task: attempt_local1620778412_0015_r_000002_0
26/03/02 03:30:59 INFO mapred.LocalJobRunner: reduce task executor complete.
26/03/02 03:30:59 INFO mapreduce.Job: Job job_local1620778412_0015 running in uber mode : false
26/03/02 03:30:59 INFO mapreduce.Job:  map 100% reduce 100%
26/03/02 03:30:59 INFO mapreduce.Job: Job job_local1620778412_0015 completed successfully
26/03/02 03:30:59 INFO mapreduce.Job: Counters: 35
	File System Counters
		FILE: Number of bytes read=8718600
		FILE: Number of bytes written=26485440
		FILE: Number of read operations=0
		FILE: Number of large read operations=0
		FILE: Number of write operations=0
		HDFS: Number of bytes read=44100420
		HDFS: Number of bytes written=31292
		HDFS: Number of read operations=2790
		HDFS: Number of large read operations=0
		HDFS: Number of write operations=876
	Map-Reduce Framework
		Map input records=10000
		Map output records=10000
		Map output bytes=520000
		Map output materialized bytes=180
		Input split bytes=121
		Combine input records=10000
		Combine output records=3
		Reduce input groups=3
		Reduce shuffle bytes=180
		Reduce input records=3
		Reduce output records=3
		Spilled Records=6
		Shuffled Maps =3
		Failed Shuffles=0
		Merged Map outputs=3
		GC time elapsed (ms)=43
		Total committed heap usage (bytes)=1474297856
	Shuffle Errors
		BAD_ID=0
		CONNECTION=0
		IO_ERROR=0
		WRONG_LENGTH=0
		WRONG_MAP=0
		WRONG_REDUCE=0
	File Input Format Counters 
		Bytes Read=733758
	File Output Format Counters 
		Bytes Written=305
26/03/02 03:30:59 INFO jvm.JvmMetrics: Cannot initialize JVM Metrics with processName=JobTracker, sessionId= - already initialized
26/03/02 03:30:59 WARN mapreduce.JobResourceUploader: Hadoop command-line option parsing not performed. Implement the Tool interface and execute your application with ToolRunner to remedy this.
26/03/02 03:30:59 INFO input.FileInputFormat: Total input paths to process : 1
26/03/02 03:30:59 INFO mapreduce.JobSubmitter: number of splits:1
26/03/02 03:30:59 INFO mapreduce.JobSubmitter: Submitting tokens for job: job_local266550221_0016
26/03/02 03:30:59 INFO mapred.LocalDistributedCacheManager: Creating symlink: /tmp/hadoop-ds503/mapred/local/1772422259976/centers_iter_15.csv <- /home/ds503/centers_iter_15.csv
26/03/02 03:31:00 INFO mapred.LocalDistributedCacheManager: Localized hdfs://localhost:9000/project2/task2/runs_report_plus/k3_r30_opt/centers_iter_15.csv as file:/tmp/hadoop-ds503/mapred/local/1772422259976/centers_iter_15.csv
26/03/02 03:31:00 INFO mapreduce.Job: The url to track the job: http://localhost:8080/
26/03/02 03:31:00 INFO mapreduce.Job: Running job: job_local266550221_0016
26/03/02 03:31:00 INFO mapred.LocalJobRunner: OutputCommitter set in config null
26/03/02 03:31:00 INFO output.FileOutputCommitter: File Output Committer Algorithm version is 1
26/03/02 03:31:00 INFO mapred.LocalJobRunner: OutputCommitter is org.apache.hadoop.mapreduce.lib.output.FileOutputCommitter
26/03/02 03:31:00 INFO mapred.LocalJobRunner: Waiting for map tasks
26/03/02 03:31:00 INFO mapred.LocalJobRunner: Starting task: attempt_local266550221_0016_m_000000_0
26/03/02 03:31:00 INFO output.FileOutputCommitter: File Output Committer Algorithm version is 1
26/03/02 03:31:00 INFO mapred.Task:  Using ResourceCalculatorProcessTree : [ ]
26/03/02 03:31:00 INFO mapred.MapTask: Processing split: hdfs://localhost:9000/project2/task2/input/points_4d.csv:0+733758
26/03/02 03:31:00 INFO mapred.MapTask: (EQUATOR) 0 kvi 26214396(104857584)
26/03/02 03:31:00 INFO mapred.MapTask: mapreduce.task.io.sort.mb: 100
26/03/02 03:31:00 INFO mapred.MapTask: soft limit at 83886080
26/03/02 03:31:00 INFO mapred.MapTask: bufstart = 0; bufvoid = 104857600
26/03/02 03:31:00 INFO mapred.MapTask: kvstart = 26214396; length = 6553600
26/03/02 03:31:00 INFO mapred.MapTask: Map output collector class = org.apache.hadoop.mapred.MapTask$MapOutputBuffer
26/03/02 03:31:00 INFO mapred.LocalJobRunner: 
26/03/02 03:31:00 INFO mapred.MapTask: Starting flush of map output
26/03/02 03:31:00 INFO mapred.MapTask: Spilling map output
26/03/02 03:31:00 INFO mapred.MapTask: bufstart = 0; bufend = 520000; bufvoid = 104857600
26/03/02 03:31:00 INFO mapred.MapTask: kvstart = 26214396(104857584); kvend = 26174400(104697600); length = 39997/6553600
26/03/02 03:31:00 INFO mapred.MapTask: Finished spill 0
26/03/02 03:31:00 INFO mapred.Task: Task:attempt_local266550221_0016_m_000000_0 is done. And is in the process of committing
26/03/02 03:31:00 INFO mapred.LocalJobRunner: map
26/03/02 03:31:00 INFO mapred.Task: Task 'attempt_local266550221_0016_m_000000_0' done.
26/03/02 03:31:00 INFO mapred.Task: Final Counters for attempt_local266550221_0016_m_000000_0: Counters: 23
	File System Counters
		FILE: Number of bytes read=2324564
		FILE: Number of bytes written=7061644
		FILE: Number of read operations=0
		FILE: Number of large read operations=0
		FILE: Number of write operations=0
		HDFS: Number of bytes read=11760154
		HDFS: Number of bytes written=8202
		HDFS: Number of read operations=741
		HDFS: Number of large read operations=0
		HDFS: Number of write operations=231
	Map-Reduce Framework
		Map input records=10000
		Map output records=10000
		Map output bytes=520000
		Map output materialized bytes=180
		Input split bytes=121
		Combine input records=10000
		Combine output records=3
		Spilled Records=3
		Failed Shuffles=0
		Merged Map outputs=0
		GC time elapsed (ms)=0
		Total committed heap usage (bytes)=473956352
	File Input Format Counters 
		Bytes Read=733758
26/03/02 03:31:00 INFO mapred.LocalJobRunner: Finishing task: attempt_local266550221_0016_m_000000_0
26/03/02 03:31:00 INFO mapred.LocalJobRunner: map task executor complete.
26/03/02 03:31:00 INFO mapred.LocalJobRunner: Waiting for reduce tasks
26/03/02 03:31:00 INFO mapred.LocalJobRunner: Starting task: attempt_local266550221_0016_r_000000_0
26/03/02 03:31:00 INFO output.FileOutputCommitter: File Output Committer Algorithm version is 1
26/03/02 03:31:00 INFO mapred.Task:  Using ResourceCalculatorProcessTree : [ ]
26/03/02 03:31:00 INFO mapred.ReduceTask: Using ShuffleConsumerPlugin: org.apache.hadoop.mapreduce.task.reduce.Shuffle@48c426b4
26/03/02 03:31:00 INFO reduce.MergeManagerImpl: MergerManager: memoryLimit=334338464, maxSingleShuffleLimit=83584616, mergeThreshold=220663392, ioSortFactor=10, memToMemMergeOutputsThreshold=10
26/03/02 03:31:00 INFO reduce.EventFetcher: attempt_local266550221_0016_r_000000_0 Thread started: EventFetcher for fetching Map Completion Events
26/03/02 03:31:00 INFO reduce.LocalFetcher: localfetcher#46 about to shuffle output of map attempt_local266550221_0016_m_000000_0 decomp: 56 len: 60 to MEMORY
26/03/02 03:31:00 INFO reduce.InMemoryMapOutput: Read 56 bytes from map-output for attempt_local266550221_0016_m_000000_0
26/03/02 03:31:00 INFO reduce.MergeManagerImpl: closeInMemoryFile -> map-output of size: 56, inMemoryMapOutputs.size() -> 1, commitMemory -> 0, usedMemory ->56
26/03/02 03:31:00 INFO reduce.EventFetcher: EventFetcher is interrupted.. Returning
26/03/02 03:31:00 INFO mapred.LocalJobRunner: 1 / 1 copied.
26/03/02 03:31:00 INFO reduce.MergeManagerImpl: finalMerge called with 1 in-memory map-outputs and 0 on-disk map-outputs
26/03/02 03:31:00 INFO mapred.Merger: Merging 1 sorted segments
26/03/02 03:31:00 INFO mapred.Merger: Down to the last merge-pass, with 1 segments left of total size: 50 bytes
26/03/02 03:31:00 INFO reduce.MergeManagerImpl: Merged 1 segments, 56 bytes to disk to satisfy reduce memory limit
26/03/02 03:31:00 INFO reduce.MergeManagerImpl: Merging 1 files, 60 bytes from disk
26/03/02 03:31:00 INFO reduce.MergeManagerImpl: Merging 0 segments, 0 bytes from memory into reduce
26/03/02 03:31:00 INFO mapred.Merger: Merging 1 sorted segments
26/03/02 03:31:00 INFO mapred.Merger: Down to the last merge-pass, with 1 segments left of total size: 50 bytes
26/03/02 03:31:00 INFO mapred.LocalJobRunner: 1 / 1 copied.
26/03/02 03:31:00 INFO mapred.Task: Task:attempt_local266550221_0016_r_000000_0 is done. And is in the process of committing
26/03/02 03:31:00 INFO mapred.LocalJobRunner: 1 / 1 copied.
26/03/02 03:31:00 INFO mapred.Task: Task attempt_local266550221_0016_r_000000_0 is allowed to commit now
26/03/02 03:31:00 INFO output.FileOutputCommitter: Saved output of task 'attempt_local266550221_0016_r_000000_0' to hdfs://localhost:9000/project2/task2/runs_report_plus/k3_r30_opt/iter_16/_temporary/0/task_local266550221_0016_r_000000
26/03/02 03:31:00 INFO mapred.LocalJobRunner: reduce > reduce
26/03/02 03:31:00 INFO mapred.Task: Task 'attempt_local266550221_0016_r_000000_0' done.
26/03/02 03:31:00 INFO mapred.Task: Final Counters for attempt_local266550221_0016_r_000000_0: Counters: 29
	File System Counters
		FILE: Number of bytes read=2324884
		FILE: Number of bytes written=7061704
		FILE: Number of read operations=0
		FILE: Number of large read operations=0
		FILE: Number of write operations=0
		HDFS: Number of bytes read=11760154
		HDFS: Number of bytes written=8304
		HDFS: Number of read operations=744
		HDFS: Number of large read operations=0
		HDFS: Number of write operations=233
	Map-Reduce Framework
		Combine input records=0
		Combine output records=0
		Reduce input groups=1
		Reduce shuffle bytes=60
		Reduce input records=1
		Reduce output records=1
		Spilled Records=1
		Shuffled Maps =1
		Failed Shuffles=0
		Merged Map outputs=1
		GC time elapsed (ms)=0
		Total committed heap usage (bytes)=473956352
	Shuffle Errors
		BAD_ID=0
		CONNECTION=0
		IO_ERROR=0
		WRONG_LENGTH=0
		WRONG_MAP=0
		WRONG_REDUCE=0
	File Output Format Counters 
		Bytes Written=102
26/03/02 03:31:00 INFO mapred.LocalJobRunner: Finishing task: attempt_local266550221_0016_r_000000_0
26/03/02 03:31:00 INFO mapred.LocalJobRunner: Starting task: attempt_local266550221_0016_r_000001_0
26/03/02 03:31:00 INFO output.FileOutputCommitter: File Output Committer Algorithm version is 1
26/03/02 03:31:00 INFO mapred.Task:  Using ResourceCalculatorProcessTree : [ ]
26/03/02 03:31:00 INFO mapred.ReduceTask: Using ShuffleConsumerPlugin: org.apache.hadoop.mapreduce.task.reduce.Shuffle@6ea6bc32
26/03/02 03:31:00 INFO reduce.MergeManagerImpl: MergerManager: memoryLimit=334338464, maxSingleShuffleLimit=83584616, mergeThreshold=220663392, ioSortFactor=10, memToMemMergeOutputsThreshold=10
26/03/02 03:31:00 INFO reduce.EventFetcher: attempt_local266550221_0016_r_000001_0 Thread started: EventFetcher for fetching Map Completion Events
26/03/02 03:31:00 INFO reduce.LocalFetcher: localfetcher#47 about to shuffle output of map attempt_local266550221_0016_m_000000_0 decomp: 56 len: 60 to MEMORY
26/03/02 03:31:00 INFO reduce.InMemoryMapOutput: Read 56 bytes from map-output for attempt_local266550221_0016_m_000000_0
26/03/02 03:31:00 INFO reduce.MergeManagerImpl: closeInMemoryFile -> map-output of size: 56, inMemoryMapOutputs.size() -> 1, commitMemory -> 0, usedMemory ->56
26/03/02 03:31:00 INFO reduce.EventFetcher: EventFetcher is interrupted.. Returning
26/03/02 03:31:00 INFO mapred.LocalJobRunner: 1 / 1 copied.
26/03/02 03:31:00 INFO reduce.MergeManagerImpl: finalMerge called with 1 in-memory map-outputs and 0 on-disk map-outputs
26/03/02 03:31:00 INFO mapred.Merger: Merging 1 sorted segments
26/03/02 03:31:00 INFO mapred.Merger: Down to the last merge-pass, with 1 segments left of total size: 50 bytes
26/03/02 03:31:00 INFO reduce.MergeManagerImpl: Merged 1 segments, 56 bytes to disk to satisfy reduce memory limit
26/03/02 03:31:00 INFO reduce.MergeManagerImpl: Merging 1 files, 60 bytes from disk
26/03/02 03:31:00 INFO reduce.MergeManagerImpl: Merging 0 segments, 0 bytes from memory into reduce
26/03/02 03:31:00 INFO mapred.Merger: Merging 1 sorted segments
26/03/02 03:31:00 INFO mapred.Merger: Down to the last merge-pass, with 1 segments left of total size: 50 bytes
26/03/02 03:31:00 INFO mapred.LocalJobRunner: 1 / 1 copied.
26/03/02 03:31:00 INFO mapred.Task: Task:attempt_local266550221_0016_r_000001_0 is done. And is in the process of committing
26/03/02 03:31:00 INFO mapred.LocalJobRunner: 1 / 1 copied.
26/03/02 03:31:00 INFO mapred.Task: Task attempt_local266550221_0016_r_000001_0 is allowed to commit now
26/03/02 03:31:00 INFO output.FileOutputCommitter: Saved output of task 'attempt_local266550221_0016_r_000001_0' to hdfs://localhost:9000/project2/task2/runs_report_plus/k3_r30_opt/iter_16/_temporary/0/task_local266550221_0016_r_000001
26/03/02 03:31:00 INFO mapred.LocalJobRunner: reduce > reduce
26/03/02 03:31:00 INFO mapred.Task: Task 'attempt_local266550221_0016_r_000001_0' done.
26/03/02 03:31:00 INFO mapred.Task: Final Counters for attempt_local266550221_0016_r_000001_0: Counters: 29
	File System Counters
		FILE: Number of bytes read=2325144
		FILE: Number of bytes written=7061764
		FILE: Number of read operations=0
		FILE: Number of large read operations=0
		FILE: Number of write operations=0
		HDFS: Number of bytes read=11760154
		HDFS: Number of bytes written=8405
		HDFS: Number of read operations=747
		HDFS: Number of large read operations=0
		HDFS: Number of write operations=235
	Map-Reduce Framework
		Combine input records=0
		Combine output records=0
		Reduce input groups=1
		Reduce shuffle bytes=60
		Reduce input records=1
		Reduce output records=1
		Spilled Records=1
		Shuffled Maps =1
		Failed Shuffles=0
		Merged Map outputs=1
		GC time elapsed (ms)=0
		Total committed heap usage (bytes)=473956352
	Shuffle Errors
		BAD_ID=0
		CONNECTION=0
		IO_ERROR=0
		WRONG_LENGTH=0
		WRONG_MAP=0
		WRONG_REDUCE=0
	File Output Format Counters 
		Bytes Written=101
26/03/02 03:31:00 INFO mapred.LocalJobRunner: Finishing task: attempt_local266550221_0016_r_000001_0
26/03/02 03:31:00 INFO mapred.LocalJobRunner: Starting task: attempt_local266550221_0016_r_000002_0
26/03/02 03:31:00 INFO output.FileOutputCommitter: File Output Committer Algorithm version is 1
26/03/02 03:31:00 INFO mapred.Task:  Using ResourceCalculatorProcessTree : [ ]
26/03/02 03:31:00 INFO mapred.ReduceTask: Using ShuffleConsumerPlugin: org.apache.hadoop.mapreduce.task.reduce.Shuffle@1681247c
26/03/02 03:31:00 INFO reduce.MergeManagerImpl: MergerManager: memoryLimit=334338464, maxSingleShuffleLimit=83584616, mergeThreshold=220663392, ioSortFactor=10, memToMemMergeOutputsThreshold=10
26/03/02 03:31:00 INFO reduce.EventFetcher: attempt_local266550221_0016_r_000002_0 Thread started: EventFetcher for fetching Map Completion Events
26/03/02 03:31:00 INFO reduce.LocalFetcher: localfetcher#48 about to shuffle output of map attempt_local266550221_0016_m_000000_0 decomp: 56 len: 60 to MEMORY
26/03/02 03:31:00 INFO reduce.InMemoryMapOutput: Read 56 bytes from map-output for attempt_local266550221_0016_m_000000_0
26/03/02 03:31:00 INFO reduce.MergeManagerImpl: closeInMemoryFile -> map-output of size: 56, inMemoryMapOutputs.size() -> 1, commitMemory -> 0, usedMemory ->56
26/03/02 03:31:00 INFO reduce.EventFetcher: EventFetcher is interrupted.. Returning
26/03/02 03:31:00 INFO mapred.LocalJobRunner: 1 / 1 copied.
26/03/02 03:31:00 INFO reduce.MergeManagerImpl: finalMerge called with 1 in-memory map-outputs and 0 on-disk map-outputs
26/03/02 03:31:00 INFO mapred.Merger: Merging 1 sorted segments
26/03/02 03:31:00 INFO mapred.Merger: Down to the last merge-pass, with 1 segments left of total size: 50 bytes
26/03/02 03:31:00 INFO reduce.MergeManagerImpl: Merged 1 segments, 56 bytes to disk to satisfy reduce memory limit
26/03/02 03:31:00 INFO reduce.MergeManagerImpl: Merging 1 files, 60 bytes from disk
26/03/02 03:31:00 INFO reduce.MergeManagerImpl: Merging 0 segments, 0 bytes from memory into reduce
26/03/02 03:31:00 INFO mapred.Merger: Merging 1 sorted segments
26/03/02 03:31:00 INFO mapred.Merger: Down to the last merge-pass, with 1 segments left of total size: 50 bytes
26/03/02 03:31:00 INFO mapred.LocalJobRunner: 1 / 1 copied.
26/03/02 03:31:00 INFO mapred.Task: Task:attempt_local266550221_0016_r_000002_0 is done. And is in the process of committing
26/03/02 03:31:00 INFO mapred.LocalJobRunner: 1 / 1 copied.
26/03/02 03:31:00 INFO mapred.Task: Task attempt_local266550221_0016_r_000002_0 is allowed to commit now
26/03/02 03:31:00 INFO output.FileOutputCommitter: Saved output of task 'attempt_local266550221_0016_r_000002_0' to hdfs://localhost:9000/project2/task2/runs_report_plus/k3_r30_opt/iter_16/_temporary/0/task_local266550221_0016_r_000002
26/03/02 03:31:00 INFO mapred.LocalJobRunner: reduce > reduce
26/03/02 03:31:00 INFO mapred.Task: Task 'attempt_local266550221_0016_r_000002_0' done.
26/03/02 03:31:00 INFO mapred.Task: Final Counters for attempt_local266550221_0016_r_000002_0: Counters: 29
	File System Counters
		FILE: Number of bytes read=2325344
		FILE: Number of bytes written=7061824
		FILE: Number of read operations=0
		FILE: Number of large read operations=0
		FILE: Number of write operations=0
		HDFS: Number of bytes read=11760154
		HDFS: Number of bytes written=8506
		HDFS: Number of read operations=750
		HDFS: Number of large read operations=0
		HDFS: Number of write operations=237
	Map-Reduce Framework
		Combine input records=0
		Combine output records=0
		Reduce input groups=1
		Reduce shuffle bytes=60
		Reduce input records=1
		Reduce output records=1
		Spilled Records=1
		Shuffled Maps =1
		Failed Shuffles=0
		Merged Map outputs=1
		GC time elapsed (ms)=0
		Total committed heap usage (bytes)=473956352
	Shuffle Errors
		BAD_ID=0
		CONNECTION=0
		IO_ERROR=0
		WRONG_LENGTH=0
		WRONG_MAP=0
		WRONG_REDUCE=0
	File Output Format Counters 
		Bytes Written=101
26/03/02 03:31:00 INFO mapred.LocalJobRunner: Finishing task: attempt_local266550221_0016_r_000002_0
26/03/02 03:31:00 INFO mapred.LocalJobRunner: reduce task executor complete.
26/03/02 03:31:01 INFO mapreduce.Job: Job job_local266550221_0016 running in uber mode : false
26/03/02 03:31:01 INFO mapreduce.Job:  map 100% reduce 100%
26/03/02 03:31:01 INFO mapreduce.Job: Job job_local266550221_0016 completed successfully
26/03/02 03:31:01 INFO mapreduce.Job: Counters: 35
	File System Counters
		FILE: Number of bytes read=9299936
		FILE: Number of bytes written=28246936
		FILE: Number of read operations=0
		FILE: Number of large read operations=0
		FILE: Number of write operations=0
		HDFS: Number of bytes read=47040616
		HDFS: Number of bytes written=33417
		HDFS: Number of read operations=2982
		HDFS: Number of large read operations=0
		HDFS: Number of write operations=936
	Map-Reduce Framework
		Map input records=10000
		Map output records=10000
		Map output bytes=520000
		Map output materialized bytes=180
		Input split bytes=121
		Combine input records=10000
		Combine output records=3
		Reduce input groups=3
		Reduce shuffle bytes=180
		Reduce input records=3
		Reduce output records=3
		Spilled Records=6
		Shuffled Maps =3
		Failed Shuffles=0
		Merged Map outputs=3
		GC time elapsed (ms)=0
		Total committed heap usage (bytes)=1895825408
	Shuffle Errors
		BAD_ID=0
		CONNECTION=0
		IO_ERROR=0
		WRONG_LENGTH=0
		WRONG_MAP=0
		WRONG_REDUCE=0
	File Input Format Counters 
		Bytes Read=733758
	File Output Format Counters 
		Bytes Written=304
26/03/02 03:31:01 INFO jvm.JvmMetrics: Cannot initialize JVM Metrics with processName=JobTracker, sessionId= - already initialized
26/03/02 03:31:01 WARN mapreduce.JobResourceUploader: Hadoop command-line option parsing not performed. Implement the Tool interface and execute your application with ToolRunner to remedy this.
26/03/02 03:31:01 INFO input.FileInputFormat: Total input paths to process : 1
26/03/02 03:31:01 INFO mapreduce.JobSubmitter: number of splits:1
26/03/02 03:31:01 INFO mapreduce.JobSubmitter: Submitting tokens for job: job_local819629739_0017
26/03/02 03:31:01 INFO mapred.LocalDistributedCacheManager: Creating symlink: /tmp/hadoop-ds503/mapred/local/1772422261052/centers_iter_16.csv <- /home/ds503/centers_iter_16.csv
26/03/02 03:31:01 INFO mapred.LocalDistributedCacheManager: Localized hdfs://localhost:9000/project2/task2/runs_report_plus/k3_r30_opt/centers_iter_16.csv as file:/tmp/hadoop-ds503/mapred/local/1772422261052/centers_iter_16.csv
26/03/02 03:31:01 INFO mapreduce.Job: The url to track the job: http://localhost:8080/
26/03/02 03:31:01 INFO mapreduce.Job: Running job: job_local819629739_0017
26/03/02 03:31:01 INFO mapred.LocalJobRunner: OutputCommitter set in config null
26/03/02 03:31:01 INFO output.FileOutputCommitter: File Output Committer Algorithm version is 1
26/03/02 03:31:01 INFO mapred.LocalJobRunner: OutputCommitter is org.apache.hadoop.mapreduce.lib.output.FileOutputCommitter
26/03/02 03:31:01 INFO mapred.LocalJobRunner: Waiting for map tasks
26/03/02 03:31:01 INFO mapred.LocalJobRunner: Starting task: attempt_local819629739_0017_m_000000_0
26/03/02 03:31:01 INFO output.FileOutputCommitter: File Output Committer Algorithm version is 1
26/03/02 03:31:01 INFO mapred.Task:  Using ResourceCalculatorProcessTree : [ ]
26/03/02 03:31:01 INFO mapred.MapTask: Processing split: hdfs://localhost:9000/project2/task2/input/points_4d.csv:0+733758
26/03/02 03:31:01 INFO mapred.MapTask: (EQUATOR) 0 kvi 26214396(104857584)
26/03/02 03:31:01 INFO mapred.MapTask: mapreduce.task.io.sort.mb: 100
26/03/02 03:31:01 INFO mapred.MapTask: soft limit at 83886080
26/03/02 03:31:01 INFO mapred.MapTask: bufstart = 0; bufvoid = 104857600
26/03/02 03:31:01 INFO mapred.MapTask: kvstart = 26214396; length = 6553600
26/03/02 03:31:01 INFO mapred.MapTask: Map output collector class = org.apache.hadoop.mapred.MapTask$MapOutputBuffer
26/03/02 03:31:01 INFO mapred.LocalJobRunner: 
26/03/02 03:31:01 INFO mapred.MapTask: Starting flush of map output
26/03/02 03:31:01 INFO mapred.MapTask: Spilling map output
26/03/02 03:31:01 INFO mapred.MapTask: bufstart = 0; bufend = 520000; bufvoid = 104857600
26/03/02 03:31:01 INFO mapred.MapTask: kvstart = 26214396(104857584); kvend = 26174400(104697600); length = 39997/6553600
26/03/02 03:31:01 INFO mapred.MapTask: Finished spill 0
26/03/02 03:31:01 INFO mapred.Task: Task:attempt_local819629739_0017_m_000000_0 is done. And is in the process of committing
26/03/02 03:31:01 INFO mapred.LocalJobRunner: map
26/03/02 03:31:01 INFO mapred.Task: Task 'attempt_local819629739_0017_m_000000_0' done.
26/03/02 03:31:01 INFO mapred.Task: Final Counters for attempt_local819629739_0017_m_000000_0: Counters: 23
	File System Counters
		FILE: Number of bytes read=2469898
		FILE: Number of bytes written=7502019
		FILE: Number of read operations=0
		FILE: Number of large read operations=0
		FILE: Number of write operations=0
		HDFS: Number of bytes read=12495200
		HDFS: Number of bytes written=8733
		HDFS: Number of read operations=789
		HDFS: Number of large read operations=0
		HDFS: Number of write operations=246
	Map-Reduce Framework
		Map input records=10000
		Map output records=10000
		Map output bytes=520000
		Map output materialized bytes=180
		Input split bytes=121
		Combine input records=10000
		Combine output records=3
		Spilled Records=3
		Failed Shuffles=0
		Merged Map outputs=0
		GC time elapsed (ms)=2
		Total committed heap usage (bytes)=526909440
	File Input Format Counters 
		Bytes Read=733758
26/03/02 03:31:01 INFO mapred.LocalJobRunner: Finishing task: attempt_local819629739_0017_m_000000_0
26/03/02 03:31:01 INFO mapred.LocalJobRunner: map task executor complete.
26/03/02 03:31:01 INFO mapred.LocalJobRunner: Waiting for reduce tasks
26/03/02 03:31:01 INFO mapred.LocalJobRunner: Starting task: attempt_local819629739_0017_r_000000_0
26/03/02 03:31:01 INFO output.FileOutputCommitter: File Output Committer Algorithm version is 1
26/03/02 03:31:01 INFO mapred.Task:  Using ResourceCalculatorProcessTree : [ ]
26/03/02 03:31:01 INFO mapred.ReduceTask: Using ShuffleConsumerPlugin: org.apache.hadoop.mapreduce.task.reduce.Shuffle@157b9976
26/03/02 03:31:01 INFO reduce.MergeManagerImpl: MergerManager: memoryLimit=368836608, maxSingleShuffleLimit=92209152, mergeThreshold=243432176, ioSortFactor=10, memToMemMergeOutputsThreshold=10
26/03/02 03:31:01 INFO reduce.EventFetcher: attempt_local819629739_0017_r_000000_0 Thread started: EventFetcher for fetching Map Completion Events
26/03/02 03:31:01 INFO reduce.LocalFetcher: localfetcher#49 about to shuffle output of map attempt_local819629739_0017_m_000000_0 decomp: 56 len: 60 to MEMORY
26/03/02 03:31:01 INFO reduce.InMemoryMapOutput: Read 56 bytes from map-output for attempt_local819629739_0017_m_000000_0
26/03/02 03:31:01 INFO reduce.MergeManagerImpl: closeInMemoryFile -> map-output of size: 56, inMemoryMapOutputs.size() -> 1, commitMemory -> 0, usedMemory ->56
26/03/02 03:31:01 WARN io.ReadaheadPool: Failed readahead on ifile
EBADF: Bad file descriptor
	at org.apache.hadoop.io.nativeio.NativeIO$POSIX.posix_fadvise(Native Method)
	at org.apache.hadoop.io.nativeio.NativeIO$POSIX.posixFadviseIfPossible(NativeIO.java:267)
	at org.apache.hadoop.io.nativeio.NativeIO$POSIX$CacheManipulator.posixFadviseIfPossible(NativeIO.java:146)
	at org.apache.hadoop.io.ReadaheadPool$ReadaheadRequestImpl.run(ReadaheadPool.java:206)
	at java.util.concurrent.ThreadPoolExecutor.runWorker(ThreadPoolExecutor.java:1149)
	at java.util.concurrent.ThreadPoolExecutor$Worker.run(ThreadPoolExecutor.java:624)
	at java.lang.Thread.run(Thread.java:748)
26/03/02 03:31:01 INFO reduce.EventFetcher: EventFetcher is interrupted.. Returning
26/03/02 03:31:01 INFO mapred.LocalJobRunner: 1 / 1 copied.
26/03/02 03:31:01 INFO reduce.MergeManagerImpl: finalMerge called with 1 in-memory map-outputs and 0 on-disk map-outputs
26/03/02 03:31:01 INFO mapred.Merger: Merging 1 sorted segments
26/03/02 03:31:01 INFO mapred.Merger: Down to the last merge-pass, with 1 segments left of total size: 50 bytes
26/03/02 03:31:01 INFO reduce.MergeManagerImpl: Merged 1 segments, 56 bytes to disk to satisfy reduce memory limit
26/03/02 03:31:01 INFO reduce.MergeManagerImpl: Merging 1 files, 60 bytes from disk
26/03/02 03:31:01 INFO reduce.MergeManagerImpl: Merging 0 segments, 0 bytes from memory into reduce
26/03/02 03:31:01 INFO mapred.Merger: Merging 1 sorted segments
26/03/02 03:31:01 INFO mapred.Merger: Down to the last merge-pass, with 1 segments left of total size: 50 bytes
26/03/02 03:31:01 INFO mapred.LocalJobRunner: 1 / 1 copied.
26/03/02 03:31:01 INFO mapred.Task: Task:attempt_local819629739_0017_r_000000_0 is done. And is in the process of committing
26/03/02 03:31:01 INFO mapred.LocalJobRunner: 1 / 1 copied.
26/03/02 03:31:01 INFO mapred.Task: Task attempt_local819629739_0017_r_000000_0 is allowed to commit now
26/03/02 03:31:01 INFO output.FileOutputCommitter: Saved output of task 'attempt_local819629739_0017_r_000000_0' to hdfs://localhost:9000/project2/task2/runs_report_plus/k3_r30_opt/iter_17/_temporary/0/task_local819629739_0017_r_000000
26/03/02 03:31:01 INFO mapred.LocalJobRunner: reduce > reduce
26/03/02 03:31:01 INFO mapred.Task: Task 'attempt_local819629739_0017_r_000000_0' done.
26/03/02 03:31:01 INFO mapred.Task: Final Counters for attempt_local819629739_0017_r_000000_0: Counters: 29
	File System Counters
		FILE: Number of bytes read=2470218
		FILE: Number of bytes written=7502079
		FILE: Number of read operations=0
		FILE: Number of large read operations=0
		FILE: Number of write operations=0
		HDFS: Number of bytes read=12495200
		HDFS: Number of bytes written=8834
		HDFS: Number of read operations=792
		HDFS: Number of large read operations=0
		HDFS: Number of write operations=248
	Map-Reduce Framework
		Combine input records=0
		Combine output records=0
		Reduce input groups=1
		Reduce shuffle bytes=60
		Reduce input records=1
		Reduce output records=1
		Spilled Records=1
		Shuffled Maps =1
		Failed Shuffles=0
		Merged Map outputs=1
		GC time elapsed (ms)=0
		Total committed heap usage (bytes)=526909440
	Shuffle Errors
		BAD_ID=0
		CONNECTION=0
		IO_ERROR=0
		WRONG_LENGTH=0
		WRONG_MAP=0
		WRONG_REDUCE=0
	File Output Format Counters 
		Bytes Written=101
26/03/02 03:31:01 INFO mapred.LocalJobRunner: Finishing task: attempt_local819629739_0017_r_000000_0
26/03/02 03:31:01 INFO mapred.LocalJobRunner: Starting task: attempt_local819629739_0017_r_000001_0
26/03/02 03:31:01 INFO output.FileOutputCommitter: File Output Committer Algorithm version is 1
26/03/02 03:31:01 INFO mapred.Task:  Using ResourceCalculatorProcessTree : [ ]
26/03/02 03:31:01 INFO mapred.ReduceTask: Using ShuffleConsumerPlugin: org.apache.hadoop.mapreduce.task.reduce.Shuffle@13f8ed9d
26/03/02 03:31:01 INFO reduce.MergeManagerImpl: MergerManager: memoryLimit=368836608, maxSingleShuffleLimit=92209152, mergeThreshold=243432176, ioSortFactor=10, memToMemMergeOutputsThreshold=10
26/03/02 03:31:01 INFO reduce.EventFetcher: attempt_local819629739_0017_r_000001_0 Thread started: EventFetcher for fetching Map Completion Events
26/03/02 03:31:01 INFO reduce.LocalFetcher: localfetcher#50 about to shuffle output of map attempt_local819629739_0017_m_000000_0 decomp: 56 len: 60 to MEMORY
26/03/02 03:31:01 INFO reduce.InMemoryMapOutput: Read 56 bytes from map-output for attempt_local819629739_0017_m_000000_0
26/03/02 03:31:01 INFO reduce.MergeManagerImpl: closeInMemoryFile -> map-output of size: 56, inMemoryMapOutputs.size() -> 1, commitMemory -> 0, usedMemory ->56
26/03/02 03:31:01 INFO reduce.EventFetcher: EventFetcher is interrupted.. Returning
26/03/02 03:31:01 INFO mapred.LocalJobRunner: 1 / 1 copied.
26/03/02 03:31:01 INFO reduce.MergeManagerImpl: finalMerge called with 1 in-memory map-outputs and 0 on-disk map-outputs
26/03/02 03:31:01 INFO mapred.Merger: Merging 1 sorted segments
26/03/02 03:31:01 INFO mapred.Merger: Down to the last merge-pass, with 1 segments left of total size: 50 bytes
26/03/02 03:31:01 INFO reduce.MergeManagerImpl: Merged 1 segments, 56 bytes to disk to satisfy reduce memory limit
26/03/02 03:31:01 INFO reduce.MergeManagerImpl: Merging 1 files, 60 bytes from disk
26/03/02 03:31:01 INFO reduce.MergeManagerImpl: Merging 0 segments, 0 bytes from memory into reduce
26/03/02 03:31:01 INFO mapred.Merger: Merging 1 sorted segments
26/03/02 03:31:01 INFO mapred.Merger: Down to the last merge-pass, with 1 segments left of total size: 50 bytes
26/03/02 03:31:01 INFO mapred.LocalJobRunner: 1 / 1 copied.
26/03/02 03:31:01 INFO mapred.Task: Task:attempt_local819629739_0017_r_000001_0 is done. And is in the process of committing
26/03/02 03:31:01 INFO mapred.LocalJobRunner: 1 / 1 copied.
26/03/02 03:31:01 INFO mapred.Task: Task attempt_local819629739_0017_r_000001_0 is allowed to commit now
26/03/02 03:31:01 INFO output.FileOutputCommitter: Saved output of task 'attempt_local819629739_0017_r_000001_0' to hdfs://localhost:9000/project2/task2/runs_report_plus/k3_r30_opt/iter_17/_temporary/0/task_local819629739_0017_r_000001
26/03/02 03:31:01 INFO mapred.LocalJobRunner: reduce > reduce
26/03/02 03:31:01 INFO mapred.Task: Task 'attempt_local819629739_0017_r_000001_0' done.
26/03/02 03:31:01 INFO mapred.Task: Final Counters for attempt_local819629739_0017_r_000001_0: Counters: 29
	File System Counters
		FILE: Number of bytes read=2470478
		FILE: Number of bytes written=7502139
		FILE: Number of read operations=0
		FILE: Number of large read operations=0
		FILE: Number of write operations=0
		HDFS: Number of bytes read=12495200
		HDFS: Number of bytes written=8936
		HDFS: Number of read operations=795
		HDFS: Number of large read operations=0
		HDFS: Number of write operations=250
	Map-Reduce Framework
		Combine input records=0
		Combine output records=0
		Reduce input groups=1
		Reduce shuffle bytes=60
		Reduce input records=1
		Reduce output records=1
		Spilled Records=1
		Shuffled Maps =1
		Failed Shuffles=0
		Merged Map outputs=1
		GC time elapsed (ms)=0
		Total committed heap usage (bytes)=526909440
	Shuffle Errors
		BAD_ID=0
		CONNECTION=0
		IO_ERROR=0
		WRONG_LENGTH=0
		WRONG_MAP=0
		WRONG_REDUCE=0
	File Output Format Counters 
		Bytes Written=102
26/03/02 03:31:01 INFO mapred.LocalJobRunner: Finishing task: attempt_local819629739_0017_r_000001_0
26/03/02 03:31:01 INFO mapred.LocalJobRunner: Starting task: attempt_local819629739_0017_r_000002_0
26/03/02 03:31:01 INFO output.FileOutputCommitter: File Output Committer Algorithm version is 1
26/03/02 03:31:01 INFO mapred.Task:  Using ResourceCalculatorProcessTree : [ ]
26/03/02 03:31:01 INFO mapred.ReduceTask: Using ShuffleConsumerPlugin: org.apache.hadoop.mapreduce.task.reduce.Shuffle@6b828fc0
26/03/02 03:31:01 INFO reduce.MergeManagerImpl: MergerManager: memoryLimit=368836608, maxSingleShuffleLimit=92209152, mergeThreshold=243432176, ioSortFactor=10, memToMemMergeOutputsThreshold=10
26/03/02 03:31:01 INFO reduce.EventFetcher: attempt_local819629739_0017_r_000002_0 Thread started: EventFetcher for fetching Map Completion Events
26/03/02 03:31:01 INFO reduce.LocalFetcher: localfetcher#51 about to shuffle output of map attempt_local819629739_0017_m_000000_0 decomp: 56 len: 60 to MEMORY
26/03/02 03:31:01 INFO reduce.InMemoryMapOutput: Read 56 bytes from map-output for attempt_local819629739_0017_m_000000_0
26/03/02 03:31:01 INFO reduce.MergeManagerImpl: closeInMemoryFile -> map-output of size: 56, inMemoryMapOutputs.size() -> 1, commitMemory -> 0, usedMemory ->56
26/03/02 03:31:01 INFO reduce.EventFetcher: EventFetcher is interrupted.. Returning
26/03/02 03:31:01 INFO mapred.LocalJobRunner: 1 / 1 copied.
26/03/02 03:31:01 INFO reduce.MergeManagerImpl: finalMerge called with 1 in-memory map-outputs and 0 on-disk map-outputs
26/03/02 03:31:01 INFO mapred.Merger: Merging 1 sorted segments
26/03/02 03:31:01 INFO mapred.Merger: Down to the last merge-pass, with 1 segments left of total size: 50 bytes
26/03/02 03:31:01 INFO reduce.MergeManagerImpl: Merged 1 segments, 56 bytes to disk to satisfy reduce memory limit
26/03/02 03:31:01 INFO reduce.MergeManagerImpl: Merging 1 files, 60 bytes from disk
26/03/02 03:31:01 INFO reduce.MergeManagerImpl: Merging 0 segments, 0 bytes from memory into reduce
26/03/02 03:31:01 INFO mapred.Merger: Merging 1 sorted segments
26/03/02 03:31:01 INFO mapred.Merger: Down to the last merge-pass, with 1 segments left of total size: 50 bytes
26/03/02 03:31:01 INFO mapred.LocalJobRunner: 1 / 1 copied.
26/03/02 03:31:01 INFO mapred.Task: Task:attempt_local819629739_0017_r_000002_0 is done. And is in the process of committing
26/03/02 03:31:01 INFO mapred.LocalJobRunner: 1 / 1 copied.
26/03/02 03:31:01 INFO mapred.Task: Task attempt_local819629739_0017_r_000002_0 is allowed to commit now
26/03/02 03:31:01 INFO output.FileOutputCommitter: Saved output of task 'attempt_local819629739_0017_r_000002_0' to hdfs://localhost:9000/project2/task2/runs_report_plus/k3_r30_opt/iter_17/_temporary/0/task_local819629739_0017_r_000002
26/03/02 03:31:01 INFO mapred.LocalJobRunner: reduce > reduce
26/03/02 03:31:01 INFO mapred.Task: Task 'attempt_local819629739_0017_r_000002_0' done.
26/03/02 03:31:01 INFO mapred.Task: Final Counters for attempt_local819629739_0017_r_000002_0: Counters: 29
	File System Counters
		FILE: Number of bytes read=2470678
		FILE: Number of bytes written=7502199
		FILE: Number of read operations=0
		FILE: Number of large read operations=0
		FILE: Number of write operations=0
		HDFS: Number of bytes read=12495200
		HDFS: Number of bytes written=9037
		HDFS: Number of read operations=798
		HDFS: Number of large read operations=0
		HDFS: Number of write operations=252
	Map-Reduce Framework
		Combine input records=0
		Combine output records=0
		Reduce input groups=1
		Reduce shuffle bytes=60
		Reduce input records=1
		Reduce output records=1
		Spilled Records=1
		Shuffled Maps =1
		Failed Shuffles=0
		Merged Map outputs=1
		GC time elapsed (ms)=0
		Total committed heap usage (bytes)=526909440
	Shuffle Errors
		BAD_ID=0
		CONNECTION=0
		IO_ERROR=0
		WRONG_LENGTH=0
		WRONG_MAP=0
		WRONG_REDUCE=0
	File Output Format Counters 
		Bytes Written=101
26/03/02 03:31:01 INFO mapred.LocalJobRunner: Finishing task: attempt_local819629739_0017_r_000002_0
26/03/02 03:31:01 INFO mapred.LocalJobRunner: reduce task executor complete.
26/03/02 03:31:02 INFO mapreduce.Job: Job job_local819629739_0017 running in uber mode : false
26/03/02 03:31:02 INFO mapreduce.Job:  map 100% reduce 100%
26/03/02 03:31:02 INFO mapreduce.Job: Job job_local819629739_0017 completed successfully
26/03/02 03:31:02 INFO mapreduce.Job: Counters: 35
	File System Counters
		FILE: Number of bytes read=9881272
		FILE: Number of bytes written=30008436
		FILE: Number of read operations=0
		FILE: Number of large read operations=0
		FILE: Number of write operations=0
		HDFS: Number of bytes read=49980800
		HDFS: Number of bytes written=35540
		HDFS: Number of read operations=3174
		HDFS: Number of large read operations=0
		HDFS: Number of write operations=996
	Map-Reduce Framework
		Map input records=10000
		Map output records=10000
		Map output bytes=520000
		Map output materialized bytes=180
		Input split bytes=121
		Combine input records=10000
		Combine output records=3
		Reduce input groups=3
		Reduce shuffle bytes=180
		Reduce input records=3
		Reduce output records=3
		Spilled Records=6
		Shuffled Maps =3
		Failed Shuffles=0
		Merged Map outputs=3
		GC time elapsed (ms)=2
		Total committed heap usage (bytes)=2107637760
	Shuffle Errors
		BAD_ID=0
		CONNECTION=0
		IO_ERROR=0
		WRONG_LENGTH=0
		WRONG_MAP=0
		WRONG_REDUCE=0
	File Input Format Counters 
		Bytes Read=733758
	File Output Format Counters 
		Bytes Written=304
26/03/02 03:31:02 INFO jvm.JvmMetrics: Cannot initialize JVM Metrics with processName=JobTracker, sessionId= - already initialized
26/03/02 03:31:02 WARN mapreduce.JobResourceUploader: Hadoop command-line option parsing not performed. Implement the Tool interface and execute your application with ToolRunner to remedy this.
26/03/02 03:31:02 INFO input.FileInputFormat: Total input paths to process : 1
26/03/02 03:31:02 INFO mapreduce.JobSubmitter: number of splits:1
26/03/02 03:31:02 INFO mapreduce.JobSubmitter: Submitting tokens for job: job_local751106845_0018
26/03/02 03:31:02 INFO mapred.LocalDistributedCacheManager: Creating symlink: /tmp/hadoop-ds503/mapred/local/1772422262129/centers_iter_17.csv <- /home/ds503/centers_iter_17.csv
26/03/02 03:31:02 INFO mapred.LocalDistributedCacheManager: Localized hdfs://localhost:9000/project2/task2/runs_report_plus/k3_r30_opt/centers_iter_17.csv as file:/tmp/hadoop-ds503/mapred/local/1772422262129/centers_iter_17.csv
26/03/02 03:31:02 INFO mapreduce.Job: The url to track the job: http://localhost:8080/
26/03/02 03:31:02 INFO mapreduce.Job: Running job: job_local751106845_0018
26/03/02 03:31:02 INFO mapred.LocalJobRunner: OutputCommitter set in config null
26/03/02 03:31:02 INFO output.FileOutputCommitter: File Output Committer Algorithm version is 1
26/03/02 03:31:02 INFO mapred.LocalJobRunner: OutputCommitter is org.apache.hadoop.mapreduce.lib.output.FileOutputCommitter
26/03/02 03:31:02 INFO mapred.LocalJobRunner: Waiting for map tasks
26/03/02 03:31:02 INFO mapred.LocalJobRunner: Starting task: attempt_local751106845_0018_m_000000_0
26/03/02 03:31:02 INFO output.FileOutputCommitter: File Output Committer Algorithm version is 1
26/03/02 03:31:02 INFO mapred.Task:  Using ResourceCalculatorProcessTree : [ ]
26/03/02 03:31:02 INFO mapred.MapTask: Processing split: hdfs://localhost:9000/project2/task2/input/points_4d.csv:0+733758
26/03/02 03:31:02 INFO mapred.MapTask: (EQUATOR) 0 kvi 26214396(104857584)
26/03/02 03:31:02 INFO mapred.MapTask: mapreduce.task.io.sort.mb: 100
26/03/02 03:31:02 INFO mapred.MapTask: soft limit at 83886080
26/03/02 03:31:02 INFO mapred.MapTask: bufstart = 0; bufvoid = 104857600
26/03/02 03:31:02 INFO mapred.MapTask: kvstart = 26214396; length = 6553600
26/03/02 03:31:02 INFO mapred.MapTask: Map output collector class = org.apache.hadoop.mapred.MapTask$MapOutputBuffer
26/03/02 03:31:02 INFO mapred.LocalJobRunner: 
26/03/02 03:31:02 INFO mapred.MapTask: Starting flush of map output
26/03/02 03:31:02 INFO mapred.MapTask: Spilling map output
26/03/02 03:31:02 INFO mapred.MapTask: bufstart = 0; bufend = 520000; bufvoid = 104857600
26/03/02 03:31:02 INFO mapred.MapTask: kvstart = 26214396(104857584); kvend = 26174400(104697600); length = 39997/6553600
26/03/02 03:31:02 INFO mapred.MapTask: Finished spill 0
26/03/02 03:31:02 INFO mapred.Task: Task:attempt_local751106845_0018_m_000000_0 is done. And is in the process of committing
26/03/02 03:31:02 INFO mapred.LocalJobRunner: map
26/03/02 03:31:02 INFO mapred.Task: Task 'attempt_local751106845_0018_m_000000_0' done.
26/03/02 03:31:02 INFO mapred.Task: Final Counters for attempt_local751106845_0018_m_000000_0: Counters: 23
	File System Counters
		FILE: Number of bytes read=2615232
		FILE: Number of bytes written=7942393
		FILE: Number of read operations=0
		FILE: Number of large read operations=0
		FILE: Number of write operations=0
		HDFS: Number of bytes read=13230245
		HDFS: Number of bytes written=9263
		HDFS: Number of read operations=837
		HDFS: Number of large read operations=0
		HDFS: Number of write operations=261
	Map-Reduce Framework
		Map input records=10000
		Map output records=10000
		Map output bytes=520000
		Map output materialized bytes=180
		Input split bytes=121
		Combine input records=10000
		Combine output records=3
		Spilled Records=3
		Failed Shuffles=0
		Merged Map outputs=0
		GC time elapsed (ms)=40
		Total committed heap usage (bytes)=377487360
	File Input Format Counters 
		Bytes Read=733758
26/03/02 03:31:02 INFO mapred.LocalJobRunner: Finishing task: attempt_local751106845_0018_m_000000_0
26/03/02 03:31:02 INFO mapred.LocalJobRunner: map task executor complete.
26/03/02 03:31:02 INFO mapred.LocalJobRunner: Waiting for reduce tasks
26/03/02 03:31:02 INFO mapred.LocalJobRunner: Starting task: attempt_local751106845_0018_r_000000_0
26/03/02 03:31:02 INFO output.FileOutputCommitter: File Output Committer Algorithm version is 1
26/03/02 03:31:02 INFO mapred.Task:  Using ResourceCalculatorProcessTree : [ ]
26/03/02 03:31:02 INFO mapred.ReduceTask: Using ShuffleConsumerPlugin: org.apache.hadoop.mapreduce.task.reduce.Shuffle@74d48f2a
26/03/02 03:31:02 INFO reduce.MergeManagerImpl: MergerManager: memoryLimit=334338464, maxSingleShuffleLimit=83584616, mergeThreshold=220663392, ioSortFactor=10, memToMemMergeOutputsThreshold=10
26/03/02 03:31:02 INFO reduce.EventFetcher: attempt_local751106845_0018_r_000000_0 Thread started: EventFetcher for fetching Map Completion Events
26/03/02 03:31:02 INFO reduce.LocalFetcher: localfetcher#52 about to shuffle output of map attempt_local751106845_0018_m_000000_0 decomp: 56 len: 60 to MEMORY
26/03/02 03:31:02 INFO reduce.InMemoryMapOutput: Read 56 bytes from map-output for attempt_local751106845_0018_m_000000_0
26/03/02 03:31:02 INFO reduce.MergeManagerImpl: closeInMemoryFile -> map-output of size: 56, inMemoryMapOutputs.size() -> 1, commitMemory -> 0, usedMemory ->56
26/03/02 03:31:02 INFO reduce.EventFetcher: EventFetcher is interrupted.. Returning
26/03/02 03:31:02 INFO mapred.LocalJobRunner: 1 / 1 copied.
26/03/02 03:31:02 INFO reduce.MergeManagerImpl: finalMerge called with 1 in-memory map-outputs and 0 on-disk map-outputs
26/03/02 03:31:02 INFO mapred.Merger: Merging 1 sorted segments
26/03/02 03:31:02 INFO mapred.Merger: Down to the last merge-pass, with 1 segments left of total size: 50 bytes
26/03/02 03:31:02 INFO reduce.MergeManagerImpl: Merged 1 segments, 56 bytes to disk to satisfy reduce memory limit
26/03/02 03:31:02 INFO reduce.MergeManagerImpl: Merging 1 files, 60 bytes from disk
26/03/02 03:31:02 INFO reduce.MergeManagerImpl: Merging 0 segments, 0 bytes from memory into reduce
26/03/02 03:31:02 INFO mapred.Merger: Merging 1 sorted segments
26/03/02 03:31:02 INFO mapred.Merger: Down to the last merge-pass, with 1 segments left of total size: 50 bytes
26/03/02 03:31:02 INFO mapred.LocalJobRunner: 1 / 1 copied.
26/03/02 03:31:02 INFO mapred.Task: Task:attempt_local751106845_0018_r_000000_0 is done. And is in the process of committing
26/03/02 03:31:02 INFO mapred.LocalJobRunner: 1 / 1 copied.
26/03/02 03:31:02 INFO mapred.Task: Task attempt_local751106845_0018_r_000000_0 is allowed to commit now
26/03/02 03:31:02 INFO output.FileOutputCommitter: Saved output of task 'attempt_local751106845_0018_r_000000_0' to hdfs://localhost:9000/project2/task2/runs_report_plus/k3_r30_opt/iter_18/_temporary/0/task_local751106845_0018_r_000000
26/03/02 03:31:02 INFO mapred.LocalJobRunner: reduce > reduce
26/03/02 03:31:02 INFO mapred.Task: Task 'attempt_local751106845_0018_r_000000_0' done.
26/03/02 03:31:02 INFO mapred.Task: Final Counters for attempt_local751106845_0018_r_000000_0: Counters: 29
	File System Counters
		FILE: Number of bytes read=2615552
		FILE: Number of bytes written=7942453
		FILE: Number of read operations=0
		FILE: Number of large read operations=0
		FILE: Number of write operations=0
		HDFS: Number of bytes read=13230245
		HDFS: Number of bytes written=9366
		HDFS: Number of read operations=840
		HDFS: Number of large read operations=0
		HDFS: Number of write operations=263
	Map-Reduce Framework
		Combine input records=0
		Combine output records=0
		Reduce input groups=1
		Reduce shuffle bytes=60
		Reduce input records=1
		Reduce output records=1
		Spilled Records=1
		Shuffled Maps =1
		Failed Shuffles=0
		Merged Map outputs=1
		GC time elapsed (ms)=0
		Total committed heap usage (bytes)=377487360
	Shuffle Errors
		BAD_ID=0
		CONNECTION=0
		IO_ERROR=0
		WRONG_LENGTH=0
		WRONG_MAP=0
		WRONG_REDUCE=0
	File Output Format Counters 
		Bytes Written=103
26/03/02 03:31:02 INFO mapred.LocalJobRunner: Finishing task: attempt_local751106845_0018_r_000000_0
26/03/02 03:31:02 INFO mapred.LocalJobRunner: Starting task: attempt_local751106845_0018_r_000001_0
26/03/02 03:31:02 INFO output.FileOutputCommitter: File Output Committer Algorithm version is 1
26/03/02 03:31:02 INFO mapred.Task:  Using ResourceCalculatorProcessTree : [ ]
26/03/02 03:31:02 INFO mapred.ReduceTask: Using ShuffleConsumerPlugin: org.apache.hadoop.mapreduce.task.reduce.Shuffle@6b53106b
26/03/02 03:31:02 INFO reduce.MergeManagerImpl: MergerManager: memoryLimit=334338464, maxSingleShuffleLimit=83584616, mergeThreshold=220663392, ioSortFactor=10, memToMemMergeOutputsThreshold=10
26/03/02 03:31:02 INFO reduce.EventFetcher: attempt_local751106845_0018_r_000001_0 Thread started: EventFetcher for fetching Map Completion Events
26/03/02 03:31:02 INFO reduce.LocalFetcher: localfetcher#53 about to shuffle output of map attempt_local751106845_0018_m_000000_0 decomp: 56 len: 60 to MEMORY
26/03/02 03:31:02 INFO reduce.InMemoryMapOutput: Read 56 bytes from map-output for attempt_local751106845_0018_m_000000_0
26/03/02 03:31:02 INFO reduce.MergeManagerImpl: closeInMemoryFile -> map-output of size: 56, inMemoryMapOutputs.size() -> 1, commitMemory -> 0, usedMemory ->56
26/03/02 03:31:02 INFO reduce.EventFetcher: EventFetcher is interrupted.. Returning
26/03/02 03:31:02 INFO mapred.LocalJobRunner: 1 / 1 copied.
26/03/02 03:31:02 INFO reduce.MergeManagerImpl: finalMerge called with 1 in-memory map-outputs and 0 on-disk map-outputs
26/03/02 03:31:02 INFO mapred.Merger: Merging 1 sorted segments
26/03/02 03:31:02 INFO mapred.Merger: Down to the last merge-pass, with 1 segments left of total size: 50 bytes
26/03/02 03:31:02 INFO reduce.MergeManagerImpl: Merged 1 segments, 56 bytes to disk to satisfy reduce memory limit
26/03/02 03:31:02 INFO reduce.MergeManagerImpl: Merging 1 files, 60 bytes from disk
26/03/02 03:31:02 INFO reduce.MergeManagerImpl: Merging 0 segments, 0 bytes from memory into reduce
26/03/02 03:31:02 INFO mapred.Merger: Merging 1 sorted segments
26/03/02 03:31:02 INFO mapred.Merger: Down to the last merge-pass, with 1 segments left of total size: 50 bytes
26/03/02 03:31:02 INFO mapred.LocalJobRunner: 1 / 1 copied.
26/03/02 03:31:02 INFO mapred.Task: Task:attempt_local751106845_0018_r_000001_0 is done. And is in the process of committing
26/03/02 03:31:02 INFO mapred.LocalJobRunner: 1 / 1 copied.
26/03/02 03:31:02 INFO mapred.Task: Task attempt_local751106845_0018_r_000001_0 is allowed to commit now
26/03/02 03:31:02 INFO output.FileOutputCommitter: Saved output of task 'attempt_local751106845_0018_r_000001_0' to hdfs://localhost:9000/project2/task2/runs_report_plus/k3_r30_opt/iter_18/_temporary/0/task_local751106845_0018_r_000001
26/03/02 03:31:02 INFO mapred.LocalJobRunner: reduce > reduce
26/03/02 03:31:02 INFO mapred.Task: Task 'attempt_local751106845_0018_r_000001_0' done.
26/03/02 03:31:02 INFO mapred.Task: Final Counters for attempt_local751106845_0018_r_000001_0: Counters: 29
	File System Counters
		FILE: Number of bytes read=2615812
		FILE: Number of bytes written=7942513
		FILE: Number of read operations=0
		FILE: Number of large read operations=0
		FILE: Number of write operations=0
		HDFS: Number of bytes read=13230245
		HDFS: Number of bytes written=9467
		HDFS: Number of read operations=843
		HDFS: Number of large read operations=0
		HDFS: Number of write operations=265
	Map-Reduce Framework
		Combine input records=0
		Combine output records=0
		Reduce input groups=1
		Reduce shuffle bytes=60
		Reduce input records=1
		Reduce output records=1
		Spilled Records=1
		Shuffled Maps =1
		Failed Shuffles=0
		Merged Map outputs=1
		GC time elapsed (ms)=0
		Total committed heap usage (bytes)=377487360
	Shuffle Errors
		BAD_ID=0
		CONNECTION=0
		IO_ERROR=0
		WRONG_LENGTH=0
		WRONG_MAP=0
		WRONG_REDUCE=0
	File Output Format Counters 
		Bytes Written=101
26/03/02 03:31:02 INFO mapred.LocalJobRunner: Finishing task: attempt_local751106845_0018_r_000001_0
26/03/02 03:31:02 INFO mapred.LocalJobRunner: Starting task: attempt_local751106845_0018_r_000002_0
26/03/02 03:31:02 INFO output.FileOutputCommitter: File Output Committer Algorithm version is 1
26/03/02 03:31:02 INFO mapred.Task:  Using ResourceCalculatorProcessTree : [ ]
26/03/02 03:31:02 INFO mapred.ReduceTask: Using ShuffleConsumerPlugin: org.apache.hadoop.mapreduce.task.reduce.Shuffle@1348b48b
26/03/02 03:31:02 INFO reduce.MergeManagerImpl: MergerManager: memoryLimit=334338464, maxSingleShuffleLimit=83584616, mergeThreshold=220663392, ioSortFactor=10, memToMemMergeOutputsThreshold=10
26/03/02 03:31:02 INFO reduce.EventFetcher: attempt_local751106845_0018_r_000002_0 Thread started: EventFetcher for fetching Map Completion Events
26/03/02 03:31:02 INFO reduce.LocalFetcher: localfetcher#54 about to shuffle output of map attempt_local751106845_0018_m_000000_0 decomp: 56 len: 60 to MEMORY
26/03/02 03:31:02 INFO reduce.InMemoryMapOutput: Read 56 bytes from map-output for attempt_local751106845_0018_m_000000_0
26/03/02 03:31:02 INFO reduce.MergeManagerImpl: closeInMemoryFile -> map-output of size: 56, inMemoryMapOutputs.size() -> 1, commitMemory -> 0, usedMemory ->56
26/03/02 03:31:02 INFO reduce.EventFetcher: EventFetcher is interrupted.. Returning
26/03/02 03:31:02 INFO mapred.LocalJobRunner: 1 / 1 copied.
26/03/02 03:31:02 INFO reduce.MergeManagerImpl: finalMerge called with 1 in-memory map-outputs and 0 on-disk map-outputs
26/03/02 03:31:02 INFO mapred.Merger: Merging 1 sorted segments
26/03/02 03:31:02 INFO mapred.Merger: Down to the last merge-pass, with 1 segments left of total size: 50 bytes
26/03/02 03:31:02 INFO reduce.MergeManagerImpl: Merged 1 segments, 56 bytes to disk to satisfy reduce memory limit
26/03/02 03:31:02 INFO reduce.MergeManagerImpl: Merging 1 files, 60 bytes from disk
26/03/02 03:31:02 INFO reduce.MergeManagerImpl: Merging 0 segments, 0 bytes from memory into reduce
26/03/02 03:31:02 INFO mapred.Merger: Merging 1 sorted segments
26/03/02 03:31:02 INFO mapred.Merger: Down to the last merge-pass, with 1 segments left of total size: 50 bytes
26/03/02 03:31:02 INFO mapred.LocalJobRunner: 1 / 1 copied.
26/03/02 03:31:02 INFO mapred.Task: Task:attempt_local751106845_0018_r_000002_0 is done. And is in the process of committing
26/03/02 03:31:02 INFO mapred.LocalJobRunner: 1 / 1 copied.
26/03/02 03:31:02 INFO mapred.Task: Task attempt_local751106845_0018_r_000002_0 is allowed to commit now
26/03/02 03:31:02 INFO output.FileOutputCommitter: Saved output of task 'attempt_local751106845_0018_r_000002_0' to hdfs://localhost:9000/project2/task2/runs_report_plus/k3_r30_opt/iter_18/_temporary/0/task_local751106845_0018_r_000002
26/03/02 03:31:02 INFO mapred.LocalJobRunner: reduce > reduce
26/03/02 03:31:02 INFO mapred.Task: Task 'attempt_local751106845_0018_r_000002_0' done.
26/03/02 03:31:02 INFO mapred.Task: Final Counters for attempt_local751106845_0018_r_000002_0: Counters: 29
	File System Counters
		FILE: Number of bytes read=2616012
		FILE: Number of bytes written=7942573
		FILE: Number of read operations=0
		FILE: Number of large read operations=0
		FILE: Number of write operations=0
		HDFS: Number of bytes read=13230245
		HDFS: Number of bytes written=9568
		HDFS: Number of read operations=846
		HDFS: Number of large read operations=0
		HDFS: Number of write operations=267
	Map-Reduce Framework
		Combine input records=0
		Combine output records=0
		Reduce input groups=1
		Reduce shuffle bytes=60
		Reduce input records=1
		Reduce output records=1
		Spilled Records=1
		Shuffled Maps =1
		Failed Shuffles=0
		Merged Map outputs=1
		GC time elapsed (ms)=0
		Total committed heap usage (bytes)=377487360
	Shuffle Errors
		BAD_ID=0
		CONNECTION=0
		IO_ERROR=0
		WRONG_LENGTH=0
		WRONG_MAP=0
		WRONG_REDUCE=0
	File Output Format Counters 
		Bytes Written=101
26/03/02 03:31:02 INFO mapred.LocalJobRunner: Finishing task: attempt_local751106845_0018_r_000002_0
26/03/02 03:31:02 INFO mapred.LocalJobRunner: reduce task executor complete.
26/03/02 03:31:03 INFO mapreduce.Job: Job job_local751106845_0018 running in uber mode : false
26/03/02 03:31:03 INFO mapreduce.Job:  map 100% reduce 100%
26/03/02 03:31:03 INFO mapreduce.Job: Job job_local751106845_0018 completed successfully
26/03/02 03:31:03 INFO mapreduce.Job: Counters: 35
	File System Counters
		FILE: Number of bytes read=10462608
		FILE: Number of bytes written=31769932
		FILE: Number of read operations=0
		FILE: Number of large read operations=0
		FILE: Number of write operations=0
		HDFS: Number of bytes read=52920980
		HDFS: Number of bytes written=37664
		HDFS: Number of read operations=3366
		HDFS: Number of large read operations=0
		HDFS: Number of write operations=1056
	Map-Reduce Framework
		Map input records=10000
		Map output records=10000
		Map output bytes=520000
		Map output materialized bytes=180
		Input split bytes=121
		Combine input records=10000
		Combine output records=3
		Reduce input groups=3
		Reduce shuffle bytes=180
		Reduce input records=3
		Reduce output records=3
		Spilled Records=6
		Shuffled Maps =3
		Failed Shuffles=0
		Merged Map outputs=3
		GC time elapsed (ms)=40
		Total committed heap usage (bytes)=1509949440
	Shuffle Errors
		BAD_ID=0
		CONNECTION=0
		IO_ERROR=0
		WRONG_LENGTH=0
		WRONG_MAP=0
		WRONG_REDUCE=0
	File Input Format Counters 
		Bytes Read=733758
	File Output Format Counters 
		Bytes Written=305
26/03/02 03:31:03 INFO jvm.JvmMetrics: Cannot initialize JVM Metrics with processName=JobTracker, sessionId= - already initialized
26/03/02 03:31:03 WARN mapreduce.JobResourceUploader: Hadoop command-line option parsing not performed. Implement the Tool interface and execute your application with ToolRunner to remedy this.
26/03/02 03:31:03 INFO input.FileInputFormat: Total input paths to process : 1
26/03/02 03:31:03 INFO mapreduce.JobSubmitter: number of splits:1
26/03/02 03:31:03 INFO mapreduce.JobSubmitter: Submitting tokens for job: job_local363897339_0019
26/03/02 03:31:03 INFO mapred.LocalDistributedCacheManager: Creating symlink: /tmp/hadoop-ds503/mapred/local/1772422263205/centers_iter_18.csv <- /home/ds503/centers_iter_18.csv
26/03/02 03:31:03 INFO mapred.LocalDistributedCacheManager: Localized hdfs://localhost:9000/project2/task2/runs_report_plus/k3_r30_opt/centers_iter_18.csv as file:/tmp/hadoop-ds503/mapred/local/1772422263205/centers_iter_18.csv
26/03/02 03:31:03 INFO mapreduce.Job: The url to track the job: http://localhost:8080/
26/03/02 03:31:03 INFO mapreduce.Job: Running job: job_local363897339_0019
26/03/02 03:31:03 INFO mapred.LocalJobRunner: OutputCommitter set in config null
26/03/02 03:31:03 INFO output.FileOutputCommitter: File Output Committer Algorithm version is 1
26/03/02 03:31:03 INFO mapred.LocalJobRunner: OutputCommitter is org.apache.hadoop.mapreduce.lib.output.FileOutputCommitter
26/03/02 03:31:03 INFO mapred.LocalJobRunner: Waiting for map tasks
26/03/02 03:31:03 INFO mapred.LocalJobRunner: Starting task: attempt_local363897339_0019_m_000000_0
26/03/02 03:31:03 INFO output.FileOutputCommitter: File Output Committer Algorithm version is 1
26/03/02 03:31:03 INFO mapred.Task:  Using ResourceCalculatorProcessTree : [ ]
26/03/02 03:31:03 INFO mapred.MapTask: Processing split: hdfs://localhost:9000/project2/task2/input/points_4d.csv:0+733758
26/03/02 03:31:03 INFO mapred.MapTask: (EQUATOR) 0 kvi 26214396(104857584)
26/03/02 03:31:03 INFO mapred.MapTask: mapreduce.task.io.sort.mb: 100
26/03/02 03:31:03 INFO mapred.MapTask: soft limit at 83886080
26/03/02 03:31:03 INFO mapred.MapTask: bufstart = 0; bufvoid = 104857600
26/03/02 03:31:03 INFO mapred.MapTask: kvstart = 26214396; length = 6553600
26/03/02 03:31:03 INFO mapred.MapTask: Map output collector class = org.apache.hadoop.mapred.MapTask$MapOutputBuffer
26/03/02 03:31:03 INFO mapred.LocalJobRunner: 
26/03/02 03:31:03 INFO mapred.MapTask: Starting flush of map output
26/03/02 03:31:03 INFO mapred.MapTask: Spilling map output
26/03/02 03:31:03 INFO mapred.MapTask: bufstart = 0; bufend = 520000; bufvoid = 104857600
26/03/02 03:31:03 INFO mapred.MapTask: kvstart = 26214396(104857584); kvend = 26174400(104697600); length = 39997/6553600
26/03/02 03:31:03 INFO mapred.MapTask: Finished spill 0
26/03/02 03:31:03 INFO mapred.Task: Task:attempt_local363897339_0019_m_000000_0 is done. And is in the process of committing
26/03/02 03:31:03 INFO mapred.LocalJobRunner: map
26/03/02 03:31:03 INFO mapred.Task: Task 'attempt_local363897339_0019_m_000000_0' done.
26/03/02 03:31:03 INFO mapred.Task: Final Counters for attempt_local363897339_0019_m_000000_0: Counters: 23
	File System Counters
		FILE: Number of bytes read=2760566
		FILE: Number of bytes written=8382766
		FILE: Number of read operations=0
		FILE: Number of large read operations=0
		FILE: Number of write operations=0
		HDFS: Number of bytes read=13965289
		HDFS: Number of bytes written=9793
		HDFS: Number of read operations=885
		HDFS: Number of large read operations=0
		HDFS: Number of write operations=276
	Map-Reduce Framework
		Map input records=10000
		Map output records=10000
		Map output bytes=520000
		Map output materialized bytes=180
		Input split bytes=121
		Combine input records=10000
		Combine output records=3
		Spilled Records=3
		Failed Shuffles=0
		Merged Map outputs=0
		GC time elapsed (ms)=0
		Total committed heap usage (bytes)=482869248
	File Input Format Counters 
		Bytes Read=733758
26/03/02 03:31:03 INFO mapred.LocalJobRunner: Finishing task: attempt_local363897339_0019_m_000000_0
26/03/02 03:31:03 INFO mapred.LocalJobRunner: map task executor complete.
26/03/02 03:31:03 INFO mapred.LocalJobRunner: Waiting for reduce tasks
26/03/02 03:31:03 INFO mapred.LocalJobRunner: Starting task: attempt_local363897339_0019_r_000000_0
26/03/02 03:31:03 INFO output.FileOutputCommitter: File Output Committer Algorithm version is 1
26/03/02 03:31:03 INFO mapred.Task:  Using ResourceCalculatorProcessTree : [ ]
26/03/02 03:31:03 INFO mapred.ReduceTask: Using ShuffleConsumerPlugin: org.apache.hadoop.mapreduce.task.reduce.Shuffle@165db2fc
26/03/02 03:31:03 INFO reduce.MergeManagerImpl: MergerManager: memoryLimit=338008480, maxSingleShuffleLimit=84502120, mergeThreshold=223085600, ioSortFactor=10, memToMemMergeOutputsThreshold=10
26/03/02 03:31:03 INFO reduce.EventFetcher: attempt_local363897339_0019_r_000000_0 Thread started: EventFetcher for fetching Map Completion Events
26/03/02 03:31:03 INFO reduce.LocalFetcher: localfetcher#55 about to shuffle output of map attempt_local363897339_0019_m_000000_0 decomp: 56 len: 60 to MEMORY
26/03/02 03:31:03 INFO reduce.InMemoryMapOutput: Read 56 bytes from map-output for attempt_local363897339_0019_m_000000_0
26/03/02 03:31:03 INFO reduce.MergeManagerImpl: closeInMemoryFile -> map-output of size: 56, inMemoryMapOutputs.size() -> 1, commitMemory -> 0, usedMemory ->56
26/03/02 03:31:03 INFO reduce.EventFetcher: EventFetcher is interrupted.. Returning
26/03/02 03:31:03 WARN io.ReadaheadPool: Failed readahead on ifile
EBADF: Bad file descriptor
	at org.apache.hadoop.io.nativeio.NativeIO$POSIX.posix_fadvise(Native Method)
	at org.apache.hadoop.io.nativeio.NativeIO$POSIX.posixFadviseIfPossible(NativeIO.java:267)
	at org.apache.hadoop.io.nativeio.NativeIO$POSIX$CacheManipulator.posixFadviseIfPossible(NativeIO.java:146)
	at org.apache.hadoop.io.ReadaheadPool$ReadaheadRequestImpl.run(ReadaheadPool.java:206)
	at java.util.concurrent.ThreadPoolExecutor.runWorker(ThreadPoolExecutor.java:1149)
	at java.util.concurrent.ThreadPoolExecutor$Worker.run(ThreadPoolExecutor.java:624)
	at java.lang.Thread.run(Thread.java:748)
26/03/02 03:31:03 INFO mapred.LocalJobRunner: 1 / 1 copied.
26/03/02 03:31:03 INFO reduce.MergeManagerImpl: finalMerge called with 1 in-memory map-outputs and 0 on-disk map-outputs
26/03/02 03:31:03 INFO mapred.Merger: Merging 1 sorted segments
26/03/02 03:31:03 INFO mapred.Merger: Down to the last merge-pass, with 1 segments left of total size: 50 bytes
26/03/02 03:31:03 INFO reduce.MergeManagerImpl: Merged 1 segments, 56 bytes to disk to satisfy reduce memory limit
26/03/02 03:31:03 INFO reduce.MergeManagerImpl: Merging 1 files, 60 bytes from disk
26/03/02 03:31:03 INFO reduce.MergeManagerImpl: Merging 0 segments, 0 bytes from memory into reduce
26/03/02 03:31:03 INFO mapred.Merger: Merging 1 sorted segments
26/03/02 03:31:03 INFO mapred.Merger: Down to the last merge-pass, with 1 segments left of total size: 50 bytes
26/03/02 03:31:03 INFO mapred.LocalJobRunner: 1 / 1 copied.
26/03/02 03:31:03 INFO mapred.Task: Task:attempt_local363897339_0019_r_000000_0 is done. And is in the process of committing
26/03/02 03:31:03 INFO mapred.LocalJobRunner: 1 / 1 copied.
26/03/02 03:31:03 INFO mapred.Task: Task attempt_local363897339_0019_r_000000_0 is allowed to commit now
26/03/02 03:31:03 INFO output.FileOutputCommitter: Saved output of task 'attempt_local363897339_0019_r_000000_0' to hdfs://localhost:9000/project2/task2/runs_report_plus/k3_r30_opt/iter_19/_temporary/0/task_local363897339_0019_r_000000
26/03/02 03:31:03 INFO mapred.LocalJobRunner: reduce > reduce
26/03/02 03:31:03 INFO mapred.Task: Task 'attempt_local363897339_0019_r_000000_0' done.
26/03/02 03:31:03 INFO mapred.Task: Final Counters for attempt_local363897339_0019_r_000000_0: Counters: 29
	File System Counters
		FILE: Number of bytes read=2760886
		FILE: Number of bytes written=8382826
		FILE: Number of read operations=0
		FILE: Number of large read operations=0
		FILE: Number of write operations=0
		HDFS: Number of bytes read=13965289
		HDFS: Number of bytes written=9896
		HDFS: Number of read operations=888
		HDFS: Number of large read operations=0
		HDFS: Number of write operations=278
	Map-Reduce Framework
		Combine input records=0
		Combine output records=0
		Reduce input groups=1
		Reduce shuffle bytes=60
		Reduce input records=1
		Reduce output records=1
		Spilled Records=1
		Shuffled Maps =1
		Failed Shuffles=0
		Merged Map outputs=1
		GC time elapsed (ms)=0
		Total committed heap usage (bytes)=482869248
	Shuffle Errors
		BAD_ID=0
		CONNECTION=0
		IO_ERROR=0
		WRONG_LENGTH=0
		WRONG_MAP=0
		WRONG_REDUCE=0
	File Output Format Counters 
		Bytes Written=103
26/03/02 03:31:03 INFO mapred.LocalJobRunner: Finishing task: attempt_local363897339_0019_r_000000_0
26/03/02 03:31:03 INFO mapred.LocalJobRunner: Starting task: attempt_local363897339_0019_r_000001_0
26/03/02 03:31:03 INFO output.FileOutputCommitter: File Output Committer Algorithm version is 1
26/03/02 03:31:03 INFO mapred.Task:  Using ResourceCalculatorProcessTree : [ ]
26/03/02 03:31:03 INFO mapred.ReduceTask: Using ShuffleConsumerPlugin: org.apache.hadoop.mapreduce.task.reduce.Shuffle@2216c7e6
26/03/02 03:31:03 INFO reduce.MergeManagerImpl: MergerManager: memoryLimit=338008480, maxSingleShuffleLimit=84502120, mergeThreshold=223085600, ioSortFactor=10, memToMemMergeOutputsThreshold=10
26/03/02 03:31:03 INFO reduce.EventFetcher: attempt_local363897339_0019_r_000001_0 Thread started: EventFetcher for fetching Map Completion Events
26/03/02 03:31:03 INFO reduce.LocalFetcher: localfetcher#56 about to shuffle output of map attempt_local363897339_0019_m_000000_0 decomp: 56 len: 60 to MEMORY
26/03/02 03:31:03 INFO reduce.InMemoryMapOutput: Read 56 bytes from map-output for attempt_local363897339_0019_m_000000_0
26/03/02 03:31:03 INFO reduce.MergeManagerImpl: closeInMemoryFile -> map-output of size: 56, inMemoryMapOutputs.size() -> 1, commitMemory -> 0, usedMemory ->56
26/03/02 03:31:03 WARN io.ReadaheadPool: Failed readahead on ifile
EBADF: Bad file descriptor
	at org.apache.hadoop.io.nativeio.NativeIO$POSIX.posix_fadvise(Native Method)
	at org.apache.hadoop.io.nativeio.NativeIO$POSIX.posixFadviseIfPossible(NativeIO.java:267)
	at org.apache.hadoop.io.nativeio.NativeIO$POSIX$CacheManipulator.posixFadviseIfPossible(NativeIO.java:146)
	at org.apache.hadoop.io.ReadaheadPool$ReadaheadRequestImpl.run(ReadaheadPool.java:206)
	at java.util.concurrent.ThreadPoolExecutor.runWorker(ThreadPoolExecutor.java:1149)
	at java.util.concurrent.ThreadPoolExecutor$Worker.run(ThreadPoolExecutor.java:624)
	at java.lang.Thread.run(Thread.java:748)
26/03/02 03:31:03 INFO reduce.EventFetcher: EventFetcher is interrupted.. Returning
26/03/02 03:31:03 INFO mapred.LocalJobRunner: 1 / 1 copied.
26/03/02 03:31:03 INFO reduce.MergeManagerImpl: finalMerge called with 1 in-memory map-outputs and 0 on-disk map-outputs
26/03/02 03:31:03 INFO mapred.Merger: Merging 1 sorted segments
26/03/02 03:31:03 INFO mapred.Merger: Down to the last merge-pass, with 1 segments left of total size: 50 bytes
26/03/02 03:31:03 INFO reduce.MergeManagerImpl: Merged 1 segments, 56 bytes to disk to satisfy reduce memory limit
26/03/02 03:31:03 INFO reduce.MergeManagerImpl: Merging 1 files, 60 bytes from disk
26/03/02 03:31:03 INFO reduce.MergeManagerImpl: Merging 0 segments, 0 bytes from memory into reduce
26/03/02 03:31:03 INFO mapred.Merger: Merging 1 sorted segments
26/03/02 03:31:03 INFO mapred.Merger: Down to the last merge-pass, with 1 segments left of total size: 50 bytes
26/03/02 03:31:03 INFO mapred.LocalJobRunner: 1 / 1 copied.
26/03/02 03:31:03 INFO mapred.Task: Task:attempt_local363897339_0019_r_000001_0 is done. And is in the process of committing
26/03/02 03:31:03 INFO mapred.LocalJobRunner: 1 / 1 copied.
26/03/02 03:31:03 INFO mapred.Task: Task attempt_local363897339_0019_r_000001_0 is allowed to commit now
26/03/02 03:31:03 INFO output.FileOutputCommitter: Saved output of task 'attempt_local363897339_0019_r_000001_0' to hdfs://localhost:9000/project2/task2/runs_report_plus/k3_r30_opt/iter_19/_temporary/0/task_local363897339_0019_r_000001
26/03/02 03:31:03 INFO mapred.LocalJobRunner: reduce > reduce
26/03/02 03:31:03 INFO mapred.Task: Task 'attempt_local363897339_0019_r_000001_0' done.
26/03/02 03:31:03 INFO mapred.Task: Final Counters for attempt_local363897339_0019_r_000001_0: Counters: 29
	File System Counters
		FILE: Number of bytes read=2761146
		FILE: Number of bytes written=8382886
		FILE: Number of read operations=0
		FILE: Number of large read operations=0
		FILE: Number of write operations=0
		HDFS: Number of bytes read=13965289
		HDFS: Number of bytes written=9997
		HDFS: Number of read operations=891
		HDFS: Number of large read operations=0
		HDFS: Number of write operations=280
	Map-Reduce Framework
		Combine input records=0
		Combine output records=0
		Reduce input groups=1
		Reduce shuffle bytes=60
		Reduce input records=1
		Reduce output records=1
		Spilled Records=1
		Shuffled Maps =1
		Failed Shuffles=0
		Merged Map outputs=1
		GC time elapsed (ms)=0
		Total committed heap usage (bytes)=482869248
	Shuffle Errors
		BAD_ID=0
		CONNECTION=0
		IO_ERROR=0
		WRONG_LENGTH=0
		WRONG_MAP=0
		WRONG_REDUCE=0
	File Output Format Counters 
		Bytes Written=101
26/03/02 03:31:03 INFO mapred.LocalJobRunner: Finishing task: attempt_local363897339_0019_r_000001_0
26/03/02 03:31:03 INFO mapred.LocalJobRunner: Starting task: attempt_local363897339_0019_r_000002_0
26/03/02 03:31:03 INFO output.FileOutputCommitter: File Output Committer Algorithm version is 1
26/03/02 03:31:03 INFO mapred.Task:  Using ResourceCalculatorProcessTree : [ ]
26/03/02 03:31:03 INFO mapred.ReduceTask: Using ShuffleConsumerPlugin: org.apache.hadoop.mapreduce.task.reduce.Shuffle@5aef00a6
26/03/02 03:31:03 INFO reduce.MergeManagerImpl: MergerManager: memoryLimit=338008480, maxSingleShuffleLimit=84502120, mergeThreshold=223085600, ioSortFactor=10, memToMemMergeOutputsThreshold=10
26/03/02 03:31:03 INFO reduce.EventFetcher: attempt_local363897339_0019_r_000002_0 Thread started: EventFetcher for fetching Map Completion Events
26/03/02 03:31:03 INFO reduce.LocalFetcher: localfetcher#57 about to shuffle output of map attempt_local363897339_0019_m_000000_0 decomp: 56 len: 60 to MEMORY
26/03/02 03:31:03 INFO reduce.InMemoryMapOutput: Read 56 bytes from map-output for attempt_local363897339_0019_m_000000_0
26/03/02 03:31:03 INFO reduce.MergeManagerImpl: closeInMemoryFile -> map-output of size: 56, inMemoryMapOutputs.size() -> 1, commitMemory -> 0, usedMemory ->56
26/03/02 03:31:03 INFO reduce.EventFetcher: EventFetcher is interrupted.. Returning
26/03/02 03:31:03 INFO mapred.LocalJobRunner: 1 / 1 copied.
26/03/02 03:31:03 INFO reduce.MergeManagerImpl: finalMerge called with 1 in-memory map-outputs and 0 on-disk map-outputs
26/03/02 03:31:03 INFO mapred.Merger: Merging 1 sorted segments
26/03/02 03:31:03 INFO mapred.Merger: Down to the last merge-pass, with 1 segments left of total size: 50 bytes
26/03/02 03:31:03 INFO reduce.MergeManagerImpl: Merged 1 segments, 56 bytes to disk to satisfy reduce memory limit
26/03/02 03:31:03 INFO reduce.MergeManagerImpl: Merging 1 files, 60 bytes from disk
26/03/02 03:31:03 INFO reduce.MergeManagerImpl: Merging 0 segments, 0 bytes from memory into reduce
26/03/02 03:31:03 INFO mapred.Merger: Merging 1 sorted segments
26/03/02 03:31:03 INFO mapred.Merger: Down to the last merge-pass, with 1 segments left of total size: 50 bytes
26/03/02 03:31:03 INFO mapred.LocalJobRunner: 1 / 1 copied.
26/03/02 03:31:03 INFO mapred.Task: Task:attempt_local363897339_0019_r_000002_0 is done. And is in the process of committing
26/03/02 03:31:03 INFO mapred.LocalJobRunner: 1 / 1 copied.
26/03/02 03:31:03 INFO mapred.Task: Task attempt_local363897339_0019_r_000002_0 is allowed to commit now
26/03/02 03:31:03 INFO output.FileOutputCommitter: Saved output of task 'attempt_local363897339_0019_r_000002_0' to hdfs://localhost:9000/project2/task2/runs_report_plus/k3_r30_opt/iter_19/_temporary/0/task_local363897339_0019_r_000002
26/03/02 03:31:03 INFO mapred.LocalJobRunner: reduce > reduce
26/03/02 03:31:03 INFO mapred.Task: Task 'attempt_local363897339_0019_r_000002_0' done.
26/03/02 03:31:03 INFO mapred.Task: Final Counters for attempt_local363897339_0019_r_000002_0: Counters: 29
	File System Counters
		FILE: Number of bytes read=2761346
		FILE: Number of bytes written=8382946
		FILE: Number of read operations=0
		FILE: Number of large read operations=0
		FILE: Number of write operations=0
		HDFS: Number of bytes read=13965289
		HDFS: Number of bytes written=10098
		HDFS: Number of read operations=894
		HDFS: Number of large read operations=0
		HDFS: Number of write operations=282
	Map-Reduce Framework
		Combine input records=0
		Combine output records=0
		Reduce input groups=1
		Reduce shuffle bytes=60
		Reduce input records=1
		Reduce output records=1
		Spilled Records=1
		Shuffled Maps =1
		Failed Shuffles=0
		Merged Map outputs=1
		GC time elapsed (ms)=0
		Total committed heap usage (bytes)=482869248
	Shuffle Errors
		BAD_ID=0
		CONNECTION=0
		IO_ERROR=0
		WRONG_LENGTH=0
		WRONG_MAP=0
		WRONG_REDUCE=0
	File Output Format Counters 
		Bytes Written=101
26/03/02 03:31:03 INFO mapred.LocalJobRunner: Finishing task: attempt_local363897339_0019_r_000002_0
26/03/02 03:31:03 INFO mapred.LocalJobRunner: reduce task executor complete.
26/03/02 03:31:04 INFO mapreduce.Job: Job job_local363897339_0019 running in uber mode : false
26/03/02 03:31:04 INFO mapreduce.Job:  map 100% reduce 100%
26/03/02 03:31:04 INFO mapreduce.Job: Job job_local363897339_0019 completed successfully
26/03/02 03:31:04 INFO mapreduce.Job: Counters: 35
	File System Counters
		FILE: Number of bytes read=11043944
		FILE: Number of bytes written=33531424
		FILE: Number of read operations=0
		FILE: Number of large read operations=0
		FILE: Number of write operations=0
		HDFS: Number of bytes read=55861156
		HDFS: Number of bytes written=39784
		HDFS: Number of read operations=3558
		HDFS: Number of large read operations=0
		HDFS: Number of write operations=1116
	Map-Reduce Framework
		Map input records=10000
		Map output records=10000
		Map output bytes=520000
		Map output materialized bytes=180
		Input split bytes=121
		Combine input records=10000
		Combine output records=3
		Reduce input groups=3
		Reduce shuffle bytes=180
		Reduce input records=3
		Reduce output records=3
		Spilled Records=6
		Shuffled Maps =3
		Failed Shuffles=0
		Merged Map outputs=3
		GC time elapsed (ms)=0
		Total committed heap usage (bytes)=1931476992
	Shuffle Errors
		BAD_ID=0
		CONNECTION=0
		IO_ERROR=0
		WRONG_LENGTH=0
		WRONG_MAP=0
		WRONG_REDUCE=0
	File Input Format Counters 
		Bytes Read=733758
	File Output Format Counters 
		Bytes Written=305
26/03/02 03:31:04 INFO jvm.JvmMetrics: Cannot initialize JVM Metrics with processName=JobTracker, sessionId= - already initialized
26/03/02 03:31:04 WARN mapreduce.JobResourceUploader: Hadoop command-line option parsing not performed. Implement the Tool interface and execute your application with ToolRunner to remedy this.
26/03/02 03:31:04 INFO input.FileInputFormat: Total input paths to process : 1
26/03/02 03:31:04 INFO mapreduce.JobSubmitter: number of splits:1
26/03/02 03:31:04 INFO mapreduce.JobSubmitter: Submitting tokens for job: job_local301476219_0020
26/03/02 03:31:04 INFO mapred.LocalDistributedCacheManager: Creating symlink: /tmp/hadoop-ds503/mapred/local/1772422264283/centers_iter_19.csv <- /home/ds503/centers_iter_19.csv
26/03/02 03:31:04 INFO mapred.LocalDistributedCacheManager: Localized hdfs://localhost:9000/project2/task2/runs_report_plus/k3_r30_opt/centers_iter_19.csv as file:/tmp/hadoop-ds503/mapred/local/1772422264283/centers_iter_19.csv
26/03/02 03:31:04 INFO mapreduce.Job: The url to track the job: http://localhost:8080/
26/03/02 03:31:04 INFO mapreduce.Job: Running job: job_local301476219_0020
26/03/02 03:31:04 INFO mapred.LocalJobRunner: OutputCommitter set in config null
26/03/02 03:31:04 INFO output.FileOutputCommitter: File Output Committer Algorithm version is 1
26/03/02 03:31:04 INFO mapred.LocalJobRunner: OutputCommitter is org.apache.hadoop.mapreduce.lib.output.FileOutputCommitter
26/03/02 03:31:04 INFO mapred.LocalJobRunner: Waiting for map tasks
26/03/02 03:31:04 INFO mapred.LocalJobRunner: Starting task: attempt_local301476219_0020_m_000000_0
26/03/02 03:31:04 INFO output.FileOutputCommitter: File Output Committer Algorithm version is 1
26/03/02 03:31:04 INFO mapred.Task:  Using ResourceCalculatorProcessTree : [ ]
26/03/02 03:31:04 INFO mapred.MapTask: Processing split: hdfs://localhost:9000/project2/task2/input/points_4d.csv:0+733758
26/03/02 03:31:04 INFO mapred.MapTask: (EQUATOR) 0 kvi 26214396(104857584)
26/03/02 03:31:04 INFO mapred.MapTask: mapreduce.task.io.sort.mb: 100
26/03/02 03:31:04 INFO mapred.MapTask: soft limit at 83886080
26/03/02 03:31:04 INFO mapred.MapTask: bufstart = 0; bufvoid = 104857600
26/03/02 03:31:04 INFO mapred.MapTask: kvstart = 26214396; length = 6553600
26/03/02 03:31:04 INFO mapred.MapTask: Map output collector class = org.apache.hadoop.mapred.MapTask$MapOutputBuffer
26/03/02 03:31:04 INFO mapred.LocalJobRunner: 
26/03/02 03:31:04 INFO mapred.MapTask: Starting flush of map output
26/03/02 03:31:04 INFO mapred.MapTask: Spilling map output
26/03/02 03:31:04 INFO mapred.MapTask: bufstart = 0; bufend = 520000; bufvoid = 104857600
26/03/02 03:31:04 INFO mapred.MapTask: kvstart = 26214396(104857584); kvend = 26174400(104697600); length = 39997/6553600
26/03/02 03:31:04 INFO mapred.MapTask: Finished spill 0
26/03/02 03:31:04 INFO mapred.Task: Task:attempt_local301476219_0020_m_000000_0 is done. And is in the process of committing
26/03/02 03:31:04 INFO mapred.LocalJobRunner: map
26/03/02 03:31:04 INFO mapred.Task: Task 'attempt_local301476219_0020_m_000000_0' done.
26/03/02 03:31:04 INFO mapred.Task: Final Counters for attempt_local301476219_0020_m_000000_0: Counters: 23
	File System Counters
		FILE: Number of bytes read=2905900
		FILE: Number of bytes written=8823141
		FILE: Number of read operations=0
		FILE: Number of large read operations=0
		FILE: Number of write operations=0
		HDFS: Number of bytes read=14700336
		HDFS: Number of bytes written=10325
		HDFS: Number of read operations=933
		HDFS: Number of large read operations=0
		HDFS: Number of write operations=291
	Map-Reduce Framework
		Map input records=10000
		Map output records=10000
		Map output bytes=520000
		Map output materialized bytes=180
		Input split bytes=121
		Combine input records=10000
		Combine output records=3
		Spilled Records=3
		Failed Shuffles=0
		Merged Map outputs=0
		GC time elapsed (ms)=2
		Total committed heap usage (bytes)=526909440
	File Input Format Counters 
		Bytes Read=733758
26/03/02 03:31:04 INFO mapred.LocalJobRunner: Finishing task: attempt_local301476219_0020_m_000000_0
26/03/02 03:31:04 INFO mapred.LocalJobRunner: map task executor complete.
26/03/02 03:31:04 INFO mapred.LocalJobRunner: Waiting for reduce tasks
26/03/02 03:31:04 INFO mapred.LocalJobRunner: Starting task: attempt_local301476219_0020_r_000000_0
26/03/02 03:31:04 INFO output.FileOutputCommitter: File Output Committer Algorithm version is 1
26/03/02 03:31:04 INFO mapred.Task:  Using ResourceCalculatorProcessTree : [ ]
26/03/02 03:31:04 INFO mapred.ReduceTask: Using ShuffleConsumerPlugin: org.apache.hadoop.mapreduce.task.reduce.Shuffle@1fc7702b
26/03/02 03:31:04 INFO reduce.MergeManagerImpl: MergerManager: memoryLimit=368836608, maxSingleShuffleLimit=92209152, mergeThreshold=243432176, ioSortFactor=10, memToMemMergeOutputsThreshold=10
26/03/02 03:31:04 INFO reduce.EventFetcher: attempt_local301476219_0020_r_000000_0 Thread started: EventFetcher for fetching Map Completion Events
26/03/02 03:31:04 INFO reduce.LocalFetcher: localfetcher#58 about to shuffle output of map attempt_local301476219_0020_m_000000_0 decomp: 56 len: 60 to MEMORY
26/03/02 03:31:04 INFO reduce.InMemoryMapOutput: Read 56 bytes from map-output for attempt_local301476219_0020_m_000000_0
26/03/02 03:31:04 INFO reduce.MergeManagerImpl: closeInMemoryFile -> map-output of size: 56, inMemoryMapOutputs.size() -> 1, commitMemory -> 0, usedMemory ->56
26/03/02 03:31:04 WARN io.ReadaheadPool: Failed readahead on ifile
EBADF: Bad file descriptor
	at org.apache.hadoop.io.nativeio.NativeIO$POSIX.posix_fadvise(Native Method)
	at org.apache.hadoop.io.nativeio.NativeIO$POSIX.posixFadviseIfPossible(NativeIO.java:267)
	at org.apache.hadoop.io.nativeio.NativeIO$POSIX$CacheManipulator.posixFadviseIfPossible(NativeIO.java:146)
	at org.apache.hadoop.io.ReadaheadPool$ReadaheadRequestImpl.run(ReadaheadPool.java:206)
	at java.util.concurrent.ThreadPoolExecutor.runWorker(ThreadPoolExecutor.java:1149)
	at java.util.concurrent.ThreadPoolExecutor$Worker.run(ThreadPoolExecutor.java:624)
	at java.lang.Thread.run(Thread.java:748)
26/03/02 03:31:04 INFO reduce.EventFetcher: EventFetcher is interrupted.. Returning
26/03/02 03:31:04 INFO mapred.LocalJobRunner: 1 / 1 copied.
26/03/02 03:31:04 INFO reduce.MergeManagerImpl: finalMerge called with 1 in-memory map-outputs and 0 on-disk map-outputs
26/03/02 03:31:04 INFO mapred.Merger: Merging 1 sorted segments
26/03/02 03:31:04 INFO mapred.Merger: Down to the last merge-pass, with 1 segments left of total size: 50 bytes
26/03/02 03:31:04 INFO reduce.MergeManagerImpl: Merged 1 segments, 56 bytes to disk to satisfy reduce memory limit
26/03/02 03:31:04 INFO reduce.MergeManagerImpl: Merging 1 files, 60 bytes from disk
26/03/02 03:31:04 INFO reduce.MergeManagerImpl: Merging 0 segments, 0 bytes from memory into reduce
26/03/02 03:31:04 INFO mapred.Merger: Merging 1 sorted segments
26/03/02 03:31:04 INFO mapred.Merger: Down to the last merge-pass, with 1 segments left of total size: 50 bytes
26/03/02 03:31:04 INFO mapred.LocalJobRunner: 1 / 1 copied.
26/03/02 03:31:04 INFO mapred.Task: Task:attempt_local301476219_0020_r_000000_0 is done. And is in the process of committing
26/03/02 03:31:04 INFO mapred.LocalJobRunner: 1 / 1 copied.
26/03/02 03:31:04 INFO mapred.Task: Task attempt_local301476219_0020_r_000000_0 is allowed to commit now
26/03/02 03:31:04 INFO output.FileOutputCommitter: Saved output of task 'attempt_local301476219_0020_r_000000_0' to hdfs://localhost:9000/project2/task2/runs_report_plus/k3_r30_opt/iter_20/_temporary/0/task_local301476219_0020_r_000000
26/03/02 03:31:04 INFO mapred.LocalJobRunner: reduce > reduce
26/03/02 03:31:04 INFO mapred.Task: Task 'attempt_local301476219_0020_r_000000_0' done.
26/03/02 03:31:04 INFO mapred.Task: Final Counters for attempt_local301476219_0020_r_000000_0: Counters: 29
	File System Counters
		FILE: Number of bytes read=2906220
		FILE: Number of bytes written=8823201
		FILE: Number of read operations=0
		FILE: Number of large read operations=0
		FILE: Number of write operations=0
		HDFS: Number of bytes read=14700336
		HDFS: Number of bytes written=10427
		HDFS: Number of read operations=936
		HDFS: Number of large read operations=0
		HDFS: Number of write operations=293
	Map-Reduce Framework
		Combine input records=0
		Combine output records=0
		Reduce input groups=1
		Reduce shuffle bytes=60
		Reduce input records=1
		Reduce output records=1
		Spilled Records=1
		Shuffled Maps =1
		Failed Shuffles=0
		Merged Map outputs=1
		GC time elapsed (ms)=0
		Total committed heap usage (bytes)=526909440
	Shuffle Errors
		BAD_ID=0
		CONNECTION=0
		IO_ERROR=0
		WRONG_LENGTH=0
		WRONG_MAP=0
		WRONG_REDUCE=0
	File Output Format Counters 
		Bytes Written=102
26/03/02 03:31:04 INFO mapred.LocalJobRunner: Finishing task: attempt_local301476219_0020_r_000000_0
26/03/02 03:31:04 INFO mapred.LocalJobRunner: Starting task: attempt_local301476219_0020_r_000001_0
26/03/02 03:31:04 INFO output.FileOutputCommitter: File Output Committer Algorithm version is 1
26/03/02 03:31:04 INFO mapred.Task:  Using ResourceCalculatorProcessTree : [ ]
26/03/02 03:31:04 INFO mapred.ReduceTask: Using ShuffleConsumerPlugin: org.apache.hadoop.mapreduce.task.reduce.Shuffle@745ff39c
26/03/02 03:31:04 INFO reduce.MergeManagerImpl: MergerManager: memoryLimit=368836608, maxSingleShuffleLimit=92209152, mergeThreshold=243432176, ioSortFactor=10, memToMemMergeOutputsThreshold=10
26/03/02 03:31:04 INFO reduce.EventFetcher: attempt_local301476219_0020_r_000001_0 Thread started: EventFetcher for fetching Map Completion Events
26/03/02 03:31:04 INFO reduce.LocalFetcher: localfetcher#59 about to shuffle output of map attempt_local301476219_0020_m_000000_0 decomp: 56 len: 60 to MEMORY
26/03/02 03:31:04 INFO reduce.InMemoryMapOutput: Read 56 bytes from map-output for attempt_local301476219_0020_m_000000_0
26/03/02 03:31:04 INFO reduce.MergeManagerImpl: closeInMemoryFile -> map-output of size: 56, inMemoryMapOutputs.size() -> 1, commitMemory -> 0, usedMemory ->56
26/03/02 03:31:04 INFO reduce.EventFetcher: EventFetcher is interrupted.. Returning
26/03/02 03:31:04 INFO mapred.LocalJobRunner: 1 / 1 copied.
26/03/02 03:31:04 INFO reduce.MergeManagerImpl: finalMerge called with 1 in-memory map-outputs and 0 on-disk map-outputs
26/03/02 03:31:04 INFO mapred.Merger: Merging 1 sorted segments
26/03/02 03:31:04 INFO mapred.Merger: Down to the last merge-pass, with 1 segments left of total size: 50 bytes
26/03/02 03:31:04 INFO reduce.MergeManagerImpl: Merged 1 segments, 56 bytes to disk to satisfy reduce memory limit
26/03/02 03:31:04 INFO reduce.MergeManagerImpl: Merging 1 files, 60 bytes from disk
26/03/02 03:31:04 INFO reduce.MergeManagerImpl: Merging 0 segments, 0 bytes from memory into reduce
26/03/02 03:31:04 INFO mapred.Merger: Merging 1 sorted segments
26/03/02 03:31:04 INFO mapred.Merger: Down to the last merge-pass, with 1 segments left of total size: 50 bytes
26/03/02 03:31:04 INFO mapred.LocalJobRunner: 1 / 1 copied.
26/03/02 03:31:04 INFO mapred.Task: Task:attempt_local301476219_0020_r_000001_0 is done. And is in the process of committing
26/03/02 03:31:04 INFO mapred.LocalJobRunner: 1 / 1 copied.
26/03/02 03:31:04 INFO mapred.Task: Task attempt_local301476219_0020_r_000001_0 is allowed to commit now
26/03/02 03:31:04 INFO output.FileOutputCommitter: Saved output of task 'attempt_local301476219_0020_r_000001_0' to hdfs://localhost:9000/project2/task2/runs_report_plus/k3_r30_opt/iter_20/_temporary/0/task_local301476219_0020_r_000001
26/03/02 03:31:04 INFO mapred.LocalJobRunner: reduce > reduce
26/03/02 03:31:04 INFO mapred.Task: Task 'attempt_local301476219_0020_r_000001_0' done.
26/03/02 03:31:04 INFO mapred.Task: Final Counters for attempt_local301476219_0020_r_000001_0: Counters: 29
	File System Counters
		FILE: Number of bytes read=2906480
		FILE: Number of bytes written=8823261
		FILE: Number of read operations=0
		FILE: Number of large read operations=0
		FILE: Number of write operations=0
		HDFS: Number of bytes read=14700336
		HDFS: Number of bytes written=10529
		HDFS: Number of read operations=939
		HDFS: Number of large read operations=0
		HDFS: Number of write operations=295
	Map-Reduce Framework
		Combine input records=0
		Combine output records=0
		Reduce input groups=1
		Reduce shuffle bytes=60
		Reduce input records=1
		Reduce output records=1
		Spilled Records=1
		Shuffled Maps =1
		Failed Shuffles=0
		Merged Map outputs=1
		GC time elapsed (ms)=0
		Total committed heap usage (bytes)=526909440
	Shuffle Errors
		BAD_ID=0
		CONNECTION=0
		IO_ERROR=0
		WRONG_LENGTH=0
		WRONG_MAP=0
		WRONG_REDUCE=0
	File Output Format Counters 
		Bytes Written=102
26/03/02 03:31:04 INFO mapred.LocalJobRunner: Finishing task: attempt_local301476219_0020_r_000001_0
26/03/02 03:31:04 INFO mapred.LocalJobRunner: Starting task: attempt_local301476219_0020_r_000002_0
26/03/02 03:31:04 INFO output.FileOutputCommitter: File Output Committer Algorithm version is 1
26/03/02 03:31:04 INFO mapred.Task:  Using ResourceCalculatorProcessTree : [ ]
26/03/02 03:31:04 INFO mapred.ReduceTask: Using ShuffleConsumerPlugin: org.apache.hadoop.mapreduce.task.reduce.Shuffle@c2f3f8d
26/03/02 03:31:04 INFO reduce.MergeManagerImpl: MergerManager: memoryLimit=368836608, maxSingleShuffleLimit=92209152, mergeThreshold=243432176, ioSortFactor=10, memToMemMergeOutputsThreshold=10
26/03/02 03:31:04 INFO reduce.EventFetcher: attempt_local301476219_0020_r_000002_0 Thread started: EventFetcher for fetching Map Completion Events
26/03/02 03:31:04 INFO reduce.LocalFetcher: localfetcher#60 about to shuffle output of map attempt_local301476219_0020_m_000000_0 decomp: 56 len: 60 to MEMORY
26/03/02 03:31:04 INFO reduce.InMemoryMapOutput: Read 56 bytes from map-output for attempt_local301476219_0020_m_000000_0
26/03/02 03:31:04 INFO reduce.MergeManagerImpl: closeInMemoryFile -> map-output of size: 56, inMemoryMapOutputs.size() -> 1, commitMemory -> 0, usedMemory ->56
26/03/02 03:31:04 WARN io.ReadaheadPool: Failed readahead on ifile
EBADF: Bad file descriptor
	at org.apache.hadoop.io.nativeio.NativeIO$POSIX.posix_fadvise(Native Method)
	at org.apache.hadoop.io.nativeio.NativeIO$POSIX.posixFadviseIfPossible(NativeIO.java:267)
	at org.apache.hadoop.io.nativeio.NativeIO$POSIX$CacheManipulator.posixFadviseIfPossible(NativeIO.java:146)
	at org.apache.hadoop.io.ReadaheadPool$ReadaheadRequestImpl.run(ReadaheadPool.java:206)
	at java.util.concurrent.ThreadPoolExecutor.runWorker(ThreadPoolExecutor.java:1149)
	at java.util.concurrent.ThreadPoolExecutor$Worker.run(ThreadPoolExecutor.java:624)
	at java.lang.Thread.run(Thread.java:748)
26/03/02 03:31:04 INFO reduce.EventFetcher: EventFetcher is interrupted.. Returning
26/03/02 03:31:04 INFO mapred.LocalJobRunner: 1 / 1 copied.
26/03/02 03:31:04 INFO reduce.MergeManagerImpl: finalMerge called with 1 in-memory map-outputs and 0 on-disk map-outputs
26/03/02 03:31:04 INFO mapred.Merger: Merging 1 sorted segments
26/03/02 03:31:04 INFO mapred.Merger: Down to the last merge-pass, with 1 segments left of total size: 50 bytes
26/03/02 03:31:04 INFO reduce.MergeManagerImpl: Merged 1 segments, 56 bytes to disk to satisfy reduce memory limit
26/03/02 03:31:04 INFO reduce.MergeManagerImpl: Merging 1 files, 60 bytes from disk
26/03/02 03:31:04 INFO reduce.MergeManagerImpl: Merging 0 segments, 0 bytes from memory into reduce
26/03/02 03:31:04 INFO mapred.Merger: Merging 1 sorted segments
26/03/02 03:31:04 INFO mapred.Merger: Down to the last merge-pass, with 1 segments left of total size: 50 bytes
26/03/02 03:31:04 INFO mapred.LocalJobRunner: 1 / 1 copied.
26/03/02 03:31:04 INFO mapred.Task: Task:attempt_local301476219_0020_r_000002_0 is done. And is in the process of committing
26/03/02 03:31:04 INFO mapred.LocalJobRunner: 1 / 1 copied.
26/03/02 03:31:04 INFO mapred.Task: Task attempt_local301476219_0020_r_000002_0 is allowed to commit now
26/03/02 03:31:04 INFO output.FileOutputCommitter: Saved output of task 'attempt_local301476219_0020_r_000002_0' to hdfs://localhost:9000/project2/task2/runs_report_plus/k3_r30_opt/iter_20/_temporary/0/task_local301476219_0020_r_000002
26/03/02 03:31:04 INFO mapred.LocalJobRunner: reduce > reduce
26/03/02 03:31:04 INFO mapred.Task: Task 'attempt_local301476219_0020_r_000002_0' done.
26/03/02 03:31:04 INFO mapred.Task: Final Counters for attempt_local301476219_0020_r_000002_0: Counters: 29
	File System Counters
		FILE: Number of bytes read=2906680
		FILE: Number of bytes written=8823321
		FILE: Number of read operations=0
		FILE: Number of large read operations=0
		FILE: Number of write operations=0
		HDFS: Number of bytes read=14700336
		HDFS: Number of bytes written=10632
		HDFS: Number of read operations=942
		HDFS: Number of large read operations=0
		HDFS: Number of write operations=297
	Map-Reduce Framework
		Combine input records=0
		Combine output records=0
		Reduce input groups=1
		Reduce shuffle bytes=60
		Reduce input records=1
		Reduce output records=1
		Spilled Records=1
		Shuffled Maps =1
		Failed Shuffles=0
		Merged Map outputs=1
		GC time elapsed (ms)=0
		Total committed heap usage (bytes)=526909440
	Shuffle Errors
		BAD_ID=0
		CONNECTION=0
		IO_ERROR=0
		WRONG_LENGTH=0
		WRONG_MAP=0
		WRONG_REDUCE=0
	File Output Format Counters 
		Bytes Written=103
26/03/02 03:31:04 INFO mapred.LocalJobRunner: Finishing task: attempt_local301476219_0020_r_000002_0
26/03/02 03:31:04 INFO mapred.LocalJobRunner: reduce task executor complete.
26/03/02 03:31:05 INFO mapreduce.Job: Job job_local301476219_0020 running in uber mode : false
26/03/02 03:31:05 INFO mapreduce.Job:  map 100% reduce 100%
26/03/02 03:31:05 INFO mapreduce.Job: Job job_local301476219_0020 completed successfully
26/03/02 03:31:05 INFO mapreduce.Job: Counters: 35
	File System Counters
		FILE: Number of bytes read=11625280
		FILE: Number of bytes written=35292924
		FILE: Number of read operations=0
		FILE: Number of large read operations=0
		FILE: Number of write operations=0
		HDFS: Number of bytes read=58801344
		HDFS: Number of bytes written=41913
		HDFS: Number of read operations=3750
		HDFS: Number of large read operations=0
		HDFS: Number of write operations=1176
	Map-Reduce Framework
		Map input records=10000
		Map output records=10000
		Map output bytes=520000
		Map output materialized bytes=180
		Input split bytes=121
		Combine input records=10000
		Combine output records=3
		Reduce input groups=3
		Reduce shuffle bytes=180
		Reduce input records=3
		Reduce output records=3
		Spilled Records=6
		Shuffled Maps =3
		Failed Shuffles=0
		Merged Map outputs=3
		GC time elapsed (ms)=2
		Total committed heap usage (bytes)=2107637760
	Shuffle Errors
		BAD_ID=0
		CONNECTION=0
		IO_ERROR=0
		WRONG_LENGTH=0
		WRONG_MAP=0
		WRONG_REDUCE=0
	File Input Format Counters 
		Bytes Read=733758
	File Output Format Counters 
		Bytes Written=307
26/03/02 03:31:05 INFO jvm.JvmMetrics: Cannot initialize JVM Metrics with processName=JobTracker, sessionId= - already initialized
26/03/02 03:31:05 WARN mapreduce.JobResourceUploader: Hadoop command-line option parsing not performed. Implement the Tool interface and execute your application with ToolRunner to remedy this.
26/03/02 03:31:05 INFO input.FileInputFormat: Total input paths to process : 1
26/03/02 03:31:05 INFO mapreduce.JobSubmitter: number of splits:1
26/03/02 03:31:05 INFO mapreduce.JobSubmitter: Submitting tokens for job: job_local1299899259_0021
26/03/02 03:31:05 INFO mapred.LocalDistributedCacheManager: Creating symlink: /tmp/hadoop-ds503/mapred/local/1772422265763/centers_iter_20.csv <- /home/ds503/centers_iter_20.csv
26/03/02 03:31:05 INFO mapred.LocalDistributedCacheManager: Localized hdfs://localhost:9000/project2/task2/runs_report_plus/k3_r30_opt/centers_iter_20.csv as file:/tmp/hadoop-ds503/mapred/local/1772422265763/centers_iter_20.csv
26/03/02 03:31:05 INFO mapreduce.Job: The url to track the job: http://localhost:8080/
26/03/02 03:31:05 INFO mapreduce.Job: Running job: job_local1299899259_0021
26/03/02 03:31:05 INFO mapred.LocalJobRunner: OutputCommitter set in config null
26/03/02 03:31:05 INFO output.FileOutputCommitter: File Output Committer Algorithm version is 1
26/03/02 03:31:05 INFO mapred.LocalJobRunner: OutputCommitter is org.apache.hadoop.mapreduce.lib.output.FileOutputCommitter
26/03/02 03:31:05 INFO mapred.LocalJobRunner: Waiting for map tasks
26/03/02 03:31:05 INFO mapred.LocalJobRunner: Starting task: attempt_local1299899259_0021_m_000000_0
26/03/02 03:31:05 INFO output.FileOutputCommitter: File Output Committer Algorithm version is 1
26/03/02 03:31:05 INFO mapred.Task:  Using ResourceCalculatorProcessTree : [ ]
26/03/02 03:31:05 INFO mapred.MapTask: Processing split: hdfs://localhost:9000/project2/task2/input/points_4d.csv:0+733758
26/03/02 03:31:05 INFO mapred.MapTask: (EQUATOR) 0 kvi 26214396(104857584)
26/03/02 03:31:05 INFO mapred.MapTask: mapreduce.task.io.sort.mb: 100
26/03/02 03:31:05 INFO mapred.MapTask: soft limit at 83886080
26/03/02 03:31:05 INFO mapred.MapTask: bufstart = 0; bufvoid = 104857600
26/03/02 03:31:05 INFO mapred.MapTask: kvstart = 26214396; length = 6553600
26/03/02 03:31:05 INFO mapred.MapTask: Map output collector class = org.apache.hadoop.mapred.MapTask$MapOutputBuffer
26/03/02 03:31:05 INFO mapred.LocalJobRunner: 
26/03/02 03:31:05 INFO mapred.MapTask: Starting flush of map output
26/03/02 03:31:05 INFO mapred.MapTask: Spilling map output
26/03/02 03:31:05 INFO mapred.MapTask: bufstart = 0; bufend = 520000; bufvoid = 104857600
26/03/02 03:31:05 INFO mapred.MapTask: kvstart = 26214396(104857584); kvend = 26174400(104697600); length = 39997/6553600
26/03/02 03:31:05 INFO mapred.MapTask: Finished spill 0
26/03/02 03:31:05 INFO mapred.Task: Task:attempt_local1299899259_0021_m_000000_0 is done. And is in the process of committing
26/03/02 03:31:05 INFO mapred.LocalJobRunner: map
26/03/02 03:31:05 INFO mapred.Task: Task 'attempt_local1299899259_0021_m_000000_0' done.
26/03/02 03:31:05 INFO mapred.Task: Final Counters for attempt_local1299899259_0021_m_000000_0: Counters: 23
	File System Counters
		FILE: Number of bytes read=3051234
		FILE: Number of bytes written=9265104
		FILE: Number of read operations=0
		FILE: Number of large read operations=0
		FILE: Number of write operations=0
		HDFS: Number of bytes read=15435389
		HDFS: Number of bytes written=10859
		HDFS: Number of read operations=981
		HDFS: Number of large read operations=0
		HDFS: Number of write operations=306
	Map-Reduce Framework
		Map input records=10000
		Map output records=10000
		Map output bytes=520000
		Map output materialized bytes=180
		Input split bytes=121
		Combine input records=10000
		Combine output records=3
		Spilled Records=3
		Failed Shuffles=0
		Merged Map outputs=0
		GC time elapsed (ms)=1
		Total committed heap usage (bytes)=526909440
	File Input Format Counters 
		Bytes Read=733758
26/03/02 03:31:05 INFO mapred.LocalJobRunner: Finishing task: attempt_local1299899259_0021_m_000000_0
26/03/02 03:31:05 INFO mapred.LocalJobRunner: map task executor complete.
26/03/02 03:31:05 INFO mapred.LocalJobRunner: Waiting for reduce tasks
26/03/02 03:31:05 INFO mapred.LocalJobRunner: Starting task: attempt_local1299899259_0021_r_000000_0
26/03/02 03:31:05 INFO output.FileOutputCommitter: File Output Committer Algorithm version is 1
26/03/02 03:31:05 INFO mapred.Task:  Using ResourceCalculatorProcessTree : [ ]
26/03/02 03:31:05 INFO mapred.ReduceTask: Using ShuffleConsumerPlugin: org.apache.hadoop.mapreduce.task.reduce.Shuffle@2e740356
26/03/02 03:31:05 INFO reduce.MergeManagerImpl: MergerManager: memoryLimit=368836608, maxSingleShuffleLimit=92209152, mergeThreshold=243432176, ioSortFactor=10, memToMemMergeOutputsThreshold=10
26/03/02 03:31:05 INFO reduce.EventFetcher: attempt_local1299899259_0021_r_000000_0 Thread started: EventFetcher for fetching Map Completion Events
26/03/02 03:31:05 INFO reduce.LocalFetcher: localfetcher#61 about to shuffle output of map attempt_local1299899259_0021_m_000000_0 decomp: 56 len: 60 to MEMORY
26/03/02 03:31:05 INFO reduce.InMemoryMapOutput: Read 56 bytes from map-output for attempt_local1299899259_0021_m_000000_0
26/03/02 03:31:05 INFO reduce.MergeManagerImpl: closeInMemoryFile -> map-output of size: 56, inMemoryMapOutputs.size() -> 1, commitMemory -> 0, usedMemory ->56
26/03/02 03:31:05 WARN io.ReadaheadPool: Failed readahead on ifile
EBADF: Bad file descriptor
	at org.apache.hadoop.io.nativeio.NativeIO$POSIX.posix_fadvise(Native Method)
	at org.apache.hadoop.io.nativeio.NativeIO$POSIX.posixFadviseIfPossible(NativeIO.java:267)
	at org.apache.hadoop.io.nativeio.NativeIO$POSIX$CacheManipulator.posixFadviseIfPossible(NativeIO.java:146)
	at org.apache.hadoop.io.ReadaheadPool$ReadaheadRequestImpl.run(ReadaheadPool.java:206)
	at java.util.concurrent.ThreadPoolExecutor.runWorker(ThreadPoolExecutor.java:1149)
	at java.util.concurrent.ThreadPoolExecutor$Worker.run(ThreadPoolExecutor.java:624)
	at java.lang.Thread.run(Thread.java:748)
26/03/02 03:31:05 INFO reduce.EventFetcher: EventFetcher is interrupted.. Returning
26/03/02 03:31:05 INFO mapred.LocalJobRunner: 1 / 1 copied.
26/03/02 03:31:05 INFO reduce.MergeManagerImpl: finalMerge called with 1 in-memory map-outputs and 0 on-disk map-outputs
26/03/02 03:31:05 INFO mapred.Merger: Merging 1 sorted segments
26/03/02 03:31:05 INFO mapred.Merger: Down to the last merge-pass, with 1 segments left of total size: 50 bytes
26/03/02 03:31:05 INFO reduce.MergeManagerImpl: Merged 1 segments, 56 bytes to disk to satisfy reduce memory limit
26/03/02 03:31:05 INFO reduce.MergeManagerImpl: Merging 1 files, 60 bytes from disk
26/03/02 03:31:05 INFO reduce.MergeManagerImpl: Merging 0 segments, 0 bytes from memory into reduce
26/03/02 03:31:05 INFO mapred.Merger: Merging 1 sorted segments
26/03/02 03:31:05 INFO mapred.Merger: Down to the last merge-pass, with 1 segments left of total size: 50 bytes
26/03/02 03:31:05 INFO mapred.LocalJobRunner: 1 / 1 copied.
26/03/02 03:31:05 INFO mapred.Task: Task:attempt_local1299899259_0021_r_000000_0 is done. And is in the process of committing
26/03/02 03:31:05 INFO mapred.LocalJobRunner: 1 / 1 copied.
26/03/02 03:31:05 INFO mapred.Task: Task attempt_local1299899259_0021_r_000000_0 is allowed to commit now
26/03/02 03:31:05 INFO output.FileOutputCommitter: Saved output of task 'attempt_local1299899259_0021_r_000000_0' to hdfs://localhost:9000/project2/task2/runs_report_plus/k3_r30_opt/iter_21/_temporary/0/task_local1299899259_0021_r_000000
26/03/02 03:31:05 INFO mapred.LocalJobRunner: reduce > reduce
26/03/02 03:31:05 INFO mapred.Task: Task 'attempt_local1299899259_0021_r_000000_0' done.
26/03/02 03:31:05 INFO mapred.Task: Final Counters for attempt_local1299899259_0021_r_000000_0: Counters: 29
	File System Counters
		FILE: Number of bytes read=3051554
		FILE: Number of bytes written=9265164
		FILE: Number of read operations=0
		FILE: Number of large read operations=0
		FILE: Number of write operations=0
		HDFS: Number of bytes read=15435389
		HDFS: Number of bytes written=10961
		HDFS: Number of read operations=984
		HDFS: Number of large read operations=0
		HDFS: Number of write operations=308
	Map-Reduce Framework
		Combine input records=0
		Combine output records=0
		Reduce input groups=1
		Reduce shuffle bytes=60
		Reduce input records=1
		Reduce output records=1
		Spilled Records=1
		Shuffled Maps =1
		Failed Shuffles=0
		Merged Map outputs=1
		GC time elapsed (ms)=0
		Total committed heap usage (bytes)=526909440
	Shuffle Errors
		BAD_ID=0
		CONNECTION=0
		IO_ERROR=0
		WRONG_LENGTH=0
		WRONG_MAP=0
		WRONG_REDUCE=0
	File Output Format Counters 
		Bytes Written=102
26/03/02 03:31:05 INFO mapred.LocalJobRunner: Finishing task: attempt_local1299899259_0021_r_000000_0
26/03/02 03:31:05 INFO mapred.LocalJobRunner: Starting task: attempt_local1299899259_0021_r_000001_0
26/03/02 03:31:05 INFO output.FileOutputCommitter: File Output Committer Algorithm version is 1
26/03/02 03:31:05 INFO mapred.Task:  Using ResourceCalculatorProcessTree : [ ]
26/03/02 03:31:05 INFO mapred.ReduceTask: Using ShuffleConsumerPlugin: org.apache.hadoop.mapreduce.task.reduce.Shuffle@6f6e3307
26/03/02 03:31:05 INFO reduce.MergeManagerImpl: MergerManager: memoryLimit=368836608, maxSingleShuffleLimit=92209152, mergeThreshold=243432176, ioSortFactor=10, memToMemMergeOutputsThreshold=10
26/03/02 03:31:05 INFO reduce.EventFetcher: attempt_local1299899259_0021_r_000001_0 Thread started: EventFetcher for fetching Map Completion Events
26/03/02 03:31:05 INFO reduce.LocalFetcher: localfetcher#62 about to shuffle output of map attempt_local1299899259_0021_m_000000_0 decomp: 56 len: 60 to MEMORY
26/03/02 03:31:05 INFO reduce.InMemoryMapOutput: Read 56 bytes from map-output for attempt_local1299899259_0021_m_000000_0
26/03/02 03:31:05 INFO reduce.MergeManagerImpl: closeInMemoryFile -> map-output of size: 56, inMemoryMapOutputs.size() -> 1, commitMemory -> 0, usedMemory ->56
26/03/02 03:31:05 WARN io.ReadaheadPool: Failed readahead on ifile
EBADF: Bad file descriptor
	at org.apache.hadoop.io.nativeio.NativeIO$POSIX.posix_fadvise(Native Method)
	at org.apache.hadoop.io.nativeio.NativeIO$POSIX.posixFadviseIfPossible(NativeIO.java:267)
	at org.apache.hadoop.io.nativeio.NativeIO$POSIX$CacheManipulator.posixFadviseIfPossible(NativeIO.java:146)
	at org.apache.hadoop.io.ReadaheadPool$ReadaheadRequestImpl.run(ReadaheadPool.java:206)
	at java.util.concurrent.ThreadPoolExecutor.runWorker(ThreadPoolExecutor.java:1149)
	at java.util.concurrent.ThreadPoolExecutor$Worker.run(ThreadPoolExecutor.java:624)
	at java.lang.Thread.run(Thread.java:748)
26/03/02 03:31:05 INFO reduce.EventFetcher: EventFetcher is interrupted.. Returning
26/03/02 03:31:05 INFO mapred.LocalJobRunner: 1 / 1 copied.
26/03/02 03:31:05 INFO reduce.MergeManagerImpl: finalMerge called with 1 in-memory map-outputs and 0 on-disk map-outputs
26/03/02 03:31:05 INFO mapred.Merger: Merging 1 sorted segments
26/03/02 03:31:05 INFO mapred.Merger: Down to the last merge-pass, with 1 segments left of total size: 50 bytes
26/03/02 03:31:05 INFO reduce.MergeManagerImpl: Merged 1 segments, 56 bytes to disk to satisfy reduce memory limit
26/03/02 03:31:05 INFO reduce.MergeManagerImpl: Merging 1 files, 60 bytes from disk
26/03/02 03:31:05 INFO reduce.MergeManagerImpl: Merging 0 segments, 0 bytes from memory into reduce
26/03/02 03:31:05 INFO mapred.Merger: Merging 1 sorted segments
26/03/02 03:31:05 INFO mapred.Merger: Down to the last merge-pass, with 1 segments left of total size: 50 bytes
26/03/02 03:31:05 INFO mapred.LocalJobRunner: 1 / 1 copied.
26/03/02 03:31:06 INFO mapred.Task: Task:attempt_local1299899259_0021_r_000001_0 is done. And is in the process of committing
26/03/02 03:31:06 INFO mapred.LocalJobRunner: 1 / 1 copied.
26/03/02 03:31:06 INFO mapred.Task: Task attempt_local1299899259_0021_r_000001_0 is allowed to commit now
26/03/02 03:31:06 INFO output.FileOutputCommitter: Saved output of task 'attempt_local1299899259_0021_r_000001_0' to hdfs://localhost:9000/project2/task2/runs_report_plus/k3_r30_opt/iter_21/_temporary/0/task_local1299899259_0021_r_000001
26/03/02 03:31:06 INFO mapred.LocalJobRunner: reduce > reduce
26/03/02 03:31:06 INFO mapred.Task: Task 'attempt_local1299899259_0021_r_000001_0' done.
26/03/02 03:31:06 INFO mapred.Task: Final Counters for attempt_local1299899259_0021_r_000001_0: Counters: 29
	File System Counters
		FILE: Number of bytes read=3051814
		FILE: Number of bytes written=9265224
		FILE: Number of read operations=0
		FILE: Number of large read operations=0
		FILE: Number of write operations=0
		HDFS: Number of bytes read=15435389
		HDFS: Number of bytes written=11063
		HDFS: Number of read operations=987
		HDFS: Number of large read operations=0
		HDFS: Number of write operations=310
	Map-Reduce Framework
		Combine input records=0
		Combine output records=0
		Reduce input groups=1
		Reduce shuffle bytes=60
		Reduce input records=1
		Reduce output records=1
		Spilled Records=1
		Shuffled Maps =1
		Failed Shuffles=0
		Merged Map outputs=1
		GC time elapsed (ms)=0
		Total committed heap usage (bytes)=526909440
	Shuffle Errors
		BAD_ID=0
		CONNECTION=0
		IO_ERROR=0
		WRONG_LENGTH=0
		WRONG_MAP=0
		WRONG_REDUCE=0
	File Output Format Counters 
		Bytes Written=102
26/03/02 03:31:06 INFO mapred.LocalJobRunner: Finishing task: attempt_local1299899259_0021_r_000001_0
26/03/02 03:31:06 INFO mapred.LocalJobRunner: Starting task: attempt_local1299899259_0021_r_000002_0
26/03/02 03:31:06 INFO output.FileOutputCommitter: File Output Committer Algorithm version is 1
26/03/02 03:31:06 INFO mapred.Task:  Using ResourceCalculatorProcessTree : [ ]
26/03/02 03:31:06 INFO mapred.ReduceTask: Using ShuffleConsumerPlugin: org.apache.hadoop.mapreduce.task.reduce.Shuffle@172f6dc0
26/03/02 03:31:06 INFO reduce.MergeManagerImpl: MergerManager: memoryLimit=368836608, maxSingleShuffleLimit=92209152, mergeThreshold=243432176, ioSortFactor=10, memToMemMergeOutputsThreshold=10
26/03/02 03:31:06 INFO reduce.EventFetcher: attempt_local1299899259_0021_r_000002_0 Thread started: EventFetcher for fetching Map Completion Events
26/03/02 03:31:06 INFO reduce.LocalFetcher: localfetcher#63 about to shuffle output of map attempt_local1299899259_0021_m_000000_0 decomp: 56 len: 60 to MEMORY
26/03/02 03:31:06 INFO reduce.InMemoryMapOutput: Read 56 bytes from map-output for attempt_local1299899259_0021_m_000000_0
26/03/02 03:31:06 INFO reduce.MergeManagerImpl: closeInMemoryFile -> map-output of size: 56, inMemoryMapOutputs.size() -> 1, commitMemory -> 0, usedMemory ->56
26/03/02 03:31:06 WARN io.ReadaheadPool: Failed readahead on ifile
EBADF: Bad file descriptor
	at org.apache.hadoop.io.nativeio.NativeIO$POSIX.posix_fadvise(Native Method)
	at org.apache.hadoop.io.nativeio.NativeIO$POSIX.posixFadviseIfPossible(NativeIO.java:267)
	at org.apache.hadoop.io.nativeio.NativeIO$POSIX$CacheManipulator.posixFadviseIfPossible(NativeIO.java:146)
	at org.apache.hadoop.io.ReadaheadPool$ReadaheadRequestImpl.run(ReadaheadPool.java:206)
	at java.util.concurrent.ThreadPoolExecutor.runWorker(ThreadPoolExecutor.java:1149)
	at java.util.concurrent.ThreadPoolExecutor$Worker.run(ThreadPoolExecutor.java:624)
	at java.lang.Thread.run(Thread.java:748)
26/03/02 03:31:06 INFO reduce.EventFetcher: EventFetcher is interrupted.. Returning
26/03/02 03:31:06 INFO mapred.LocalJobRunner: 1 / 1 copied.
26/03/02 03:31:06 INFO reduce.MergeManagerImpl: finalMerge called with 1 in-memory map-outputs and 0 on-disk map-outputs
26/03/02 03:31:06 INFO mapred.Merger: Merging 1 sorted segments
26/03/02 03:31:06 INFO mapred.Merger: Down to the last merge-pass, with 1 segments left of total size: 50 bytes
26/03/02 03:31:06 INFO reduce.MergeManagerImpl: Merged 1 segments, 56 bytes to disk to satisfy reduce memory limit
26/03/02 03:31:06 INFO reduce.MergeManagerImpl: Merging 1 files, 60 bytes from disk
26/03/02 03:31:06 INFO reduce.MergeManagerImpl: Merging 0 segments, 0 bytes from memory into reduce
26/03/02 03:31:06 INFO mapred.Merger: Merging 1 sorted segments
26/03/02 03:31:06 INFO mapred.Merger: Down to the last merge-pass, with 1 segments left of total size: 50 bytes
26/03/02 03:31:06 INFO mapred.LocalJobRunner: 1 / 1 copied.
26/03/02 03:31:06 INFO mapred.Task: Task:attempt_local1299899259_0021_r_000002_0 is done. And is in the process of committing
26/03/02 03:31:06 INFO mapred.LocalJobRunner: 1 / 1 copied.
26/03/02 03:31:06 INFO mapred.Task: Task attempt_local1299899259_0021_r_000002_0 is allowed to commit now
26/03/02 03:31:06 INFO output.FileOutputCommitter: Saved output of task 'attempt_local1299899259_0021_r_000002_0' to hdfs://localhost:9000/project2/task2/runs_report_plus/k3_r30_opt/iter_21/_temporary/0/task_local1299899259_0021_r_000002
26/03/02 03:31:06 INFO mapred.LocalJobRunner: reduce > reduce
26/03/02 03:31:06 INFO mapred.Task: Task 'attempt_local1299899259_0021_r_000002_0' done.
26/03/02 03:31:06 INFO mapred.Task: Final Counters for attempt_local1299899259_0021_r_000002_0: Counters: 29
	File System Counters
		FILE: Number of bytes read=3052014
		FILE: Number of bytes written=9265284
		FILE: Number of read operations=0
		FILE: Number of large read operations=0
		FILE: Number of write operations=0
		HDFS: Number of bytes read=15435389
		HDFS: Number of bytes written=11164
		HDFS: Number of read operations=990
		HDFS: Number of large read operations=0
		HDFS: Number of write operations=312
	Map-Reduce Framework
		Combine input records=0
		Combine output records=0
		Reduce input groups=1
		Reduce shuffle bytes=60
		Reduce input records=1
		Reduce output records=1
		Spilled Records=1
		Shuffled Maps =1
		Failed Shuffles=0
		Merged Map outputs=1
		GC time elapsed (ms)=0
		Total committed heap usage (bytes)=526909440
	Shuffle Errors
		BAD_ID=0
		CONNECTION=0
		IO_ERROR=0
		WRONG_LENGTH=0
		WRONG_MAP=0
		WRONG_REDUCE=0
	File Output Format Counters 
		Bytes Written=101
26/03/02 03:31:06 INFO mapred.LocalJobRunner: Finishing task: attempt_local1299899259_0021_r_000002_0
26/03/02 03:31:06 INFO mapred.LocalJobRunner: reduce task executor complete.
26/03/02 03:31:06 INFO mapreduce.Job: Job job_local1299899259_0021 running in uber mode : false
26/03/02 03:31:06 INFO mapreduce.Job:  map 100% reduce 100%
26/03/02 03:31:06 INFO mapreduce.Job: Job job_local1299899259_0021 completed successfully
26/03/02 03:31:06 INFO mapreduce.Job: Counters: 35
	File System Counters
		FILE: Number of bytes read=12206616
		FILE: Number of bytes written=37060776
		FILE: Number of read operations=0
		FILE: Number of large read operations=0
		FILE: Number of write operations=0
		HDFS: Number of bytes read=61741556
		HDFS: Number of bytes written=44047
		HDFS: Number of read operations=3942
		HDFS: Number of large read operations=0
		HDFS: Number of write operations=1236
	Map-Reduce Framework
		Map input records=10000
		Map output records=10000
		Map output bytes=520000
		Map output materialized bytes=180
		Input split bytes=121
		Combine input records=10000
		Combine output records=3
		Reduce input groups=3
		Reduce shuffle bytes=180
		Reduce input records=3
		Reduce output records=3
		Spilled Records=6
		Shuffled Maps =3
		Failed Shuffles=0
		Merged Map outputs=3
		GC time elapsed (ms)=1
		Total committed heap usage (bytes)=2107637760
	Shuffle Errors
		BAD_ID=0
		CONNECTION=0
		IO_ERROR=0
		WRONG_LENGTH=0
		WRONG_MAP=0
		WRONG_REDUCE=0
	File Input Format Counters 
		Bytes Read=733758
	File Output Format Counters 
		Bytes Written=305
26/03/02 03:31:06 INFO jvm.JvmMetrics: Cannot initialize JVM Metrics with processName=JobTracker, sessionId= - already initialized
26/03/02 03:31:06 WARN mapreduce.JobResourceUploader: Hadoop command-line option parsing not performed. Implement the Tool interface and execute your application with ToolRunner to remedy this.
26/03/02 03:31:06 INFO input.FileInputFormat: Total input paths to process : 1
26/03/02 03:31:06 INFO mapreduce.JobSubmitter: number of splits:1
26/03/02 03:31:06 INFO mapreduce.JobSubmitter: Submitting tokens for job: job_local2005660713_0022
26/03/02 03:31:06 INFO mapred.LocalDistributedCacheManager: Creating symlink: /tmp/hadoop-ds503/mapred/local/1772422266838/centers_iter_21.csv <- /home/ds503/centers_iter_21.csv
26/03/02 03:31:06 INFO mapred.LocalDistributedCacheManager: Localized hdfs://localhost:9000/project2/task2/runs_report_plus/k3_r30_opt/centers_iter_21.csv as file:/tmp/hadoop-ds503/mapred/local/1772422266838/centers_iter_21.csv
26/03/02 03:31:06 INFO mapreduce.Job: The url to track the job: http://localhost:8080/
26/03/02 03:31:06 INFO mapreduce.Job: Running job: job_local2005660713_0022
26/03/02 03:31:06 INFO mapred.LocalJobRunner: OutputCommitter set in config null
26/03/02 03:31:06 INFO output.FileOutputCommitter: File Output Committer Algorithm version is 1
26/03/02 03:31:06 INFO mapred.LocalJobRunner: OutputCommitter is org.apache.hadoop.mapreduce.lib.output.FileOutputCommitter
26/03/02 03:31:06 INFO mapred.LocalJobRunner: Waiting for map tasks
26/03/02 03:31:06 INFO mapred.LocalJobRunner: Starting task: attempt_local2005660713_0022_m_000000_0
26/03/02 03:31:06 INFO output.FileOutputCommitter: File Output Committer Algorithm version is 1
26/03/02 03:31:06 INFO mapred.Task:  Using ResourceCalculatorProcessTree : [ ]
26/03/02 03:31:06 INFO mapred.MapTask: Processing split: hdfs://localhost:9000/project2/task2/input/points_4d.csv:0+733758
26/03/02 03:31:06 INFO mapred.MapTask: (EQUATOR) 0 kvi 26214396(104857584)
26/03/02 03:31:06 INFO mapred.MapTask: mapreduce.task.io.sort.mb: 100
26/03/02 03:31:06 INFO mapred.MapTask: soft limit at 83886080
26/03/02 03:31:06 INFO mapred.MapTask: bufstart = 0; bufvoid = 104857600
26/03/02 03:31:06 INFO mapred.MapTask: kvstart = 26214396; length = 6553600
26/03/02 03:31:06 INFO mapred.MapTask: Map output collector class = org.apache.hadoop.mapred.MapTask$MapOutputBuffer
26/03/02 03:31:06 INFO mapred.LocalJobRunner: 
26/03/02 03:31:06 INFO mapred.MapTask: Starting flush of map output
26/03/02 03:31:06 INFO mapred.MapTask: Spilling map output
26/03/02 03:31:06 INFO mapred.MapTask: bufstart = 0; bufend = 520000; bufvoid = 104857600
26/03/02 03:31:06 INFO mapred.MapTask: kvstart = 26214396(104857584); kvend = 26174400(104697600); length = 39997/6553600
26/03/02 03:31:06 INFO mapred.MapTask: Finished spill 0
26/03/02 03:31:06 INFO mapred.Task: Task:attempt_local2005660713_0022_m_000000_0 is done. And is in the process of committing
26/03/02 03:31:06 INFO mapred.LocalJobRunner: map
26/03/02 03:31:06 INFO mapred.Task: Task 'attempt_local2005660713_0022_m_000000_0' done.
26/03/02 03:31:06 INFO mapred.Task: Final Counters for attempt_local2005660713_0022_m_000000_0: Counters: 23
	File System Counters
		FILE: Number of bytes read=3196568
		FILE: Number of bytes written=9707067
		FILE: Number of read operations=0
		FILE: Number of large read operations=0
		FILE: Number of write operations=0
		HDFS: Number of bytes read=16170438
		HDFS: Number of bytes written=11391
		HDFS: Number of read operations=1029
		HDFS: Number of large read operations=0
		HDFS: Number of write operations=321
	Map-Reduce Framework
		Map input records=10000
		Map output records=10000
		Map output bytes=520000
		Map output materialized bytes=180
		Input split bytes=121
		Combine input records=10000
		Combine output records=3
		Spilled Records=3
		Failed Shuffles=0
		Merged Map outputs=0
		GC time elapsed (ms)=0
		Total committed heap usage (bytes)=525860864
	File Input Format Counters 
		Bytes Read=733758
26/03/02 03:31:06 INFO mapred.LocalJobRunner: Finishing task: attempt_local2005660713_0022_m_000000_0
26/03/02 03:31:06 INFO mapred.LocalJobRunner: map task executor complete.
26/03/02 03:31:06 INFO mapred.LocalJobRunner: Waiting for reduce tasks
26/03/02 03:31:06 INFO mapred.LocalJobRunner: Starting task: attempt_local2005660713_0022_r_000000_0
26/03/02 03:31:06 INFO output.FileOutputCommitter: File Output Committer Algorithm version is 1
26/03/02 03:31:06 INFO mapred.Task:  Using ResourceCalculatorProcessTree : [ ]
26/03/02 03:31:06 INFO mapred.ReduceTask: Using ShuffleConsumerPlugin: org.apache.hadoop.mapreduce.task.reduce.Shuffle@3cc3dda0
26/03/02 03:31:06 INFO reduce.MergeManagerImpl: MergerManager: memoryLimit=368102592, maxSingleShuffleLimit=92025648, mergeThreshold=242947728, ioSortFactor=10, memToMemMergeOutputsThreshold=10
26/03/02 03:31:06 INFO reduce.EventFetcher: attempt_local2005660713_0022_r_000000_0 Thread started: EventFetcher for fetching Map Completion Events
26/03/02 03:31:06 INFO reduce.LocalFetcher: localfetcher#64 about to shuffle output of map attempt_local2005660713_0022_m_000000_0 decomp: 56 len: 60 to MEMORY
26/03/02 03:31:06 INFO reduce.InMemoryMapOutput: Read 56 bytes from map-output for attempt_local2005660713_0022_m_000000_0
26/03/02 03:31:06 INFO reduce.MergeManagerImpl: closeInMemoryFile -> map-output of size: 56, inMemoryMapOutputs.size() -> 1, commitMemory -> 0, usedMemory ->56
26/03/02 03:31:06 INFO reduce.EventFetcher: EventFetcher is interrupted.. Returning
26/03/02 03:31:06 INFO mapred.LocalJobRunner: 1 / 1 copied.
26/03/02 03:31:06 INFO reduce.MergeManagerImpl: finalMerge called with 1 in-memory map-outputs and 0 on-disk map-outputs
26/03/02 03:31:06 INFO mapred.Merger: Merging 1 sorted segments
26/03/02 03:31:06 INFO mapred.Merger: Down to the last merge-pass, with 1 segments left of total size: 50 bytes
26/03/02 03:31:06 INFO reduce.MergeManagerImpl: Merged 1 segments, 56 bytes to disk to satisfy reduce memory limit
26/03/02 03:31:06 INFO reduce.MergeManagerImpl: Merging 1 files, 60 bytes from disk
26/03/02 03:31:06 INFO reduce.MergeManagerImpl: Merging 0 segments, 0 bytes from memory into reduce
26/03/02 03:31:06 INFO mapred.Merger: Merging 1 sorted segments
26/03/02 03:31:06 INFO mapred.Merger: Down to the last merge-pass, with 1 segments left of total size: 50 bytes
26/03/02 03:31:06 INFO mapred.LocalJobRunner: 1 / 1 copied.
26/03/02 03:31:06 INFO mapred.Task: Task:attempt_local2005660713_0022_r_000000_0 is done. And is in the process of committing
26/03/02 03:31:06 INFO mapred.LocalJobRunner: 1 / 1 copied.
26/03/02 03:31:06 INFO mapred.Task: Task attempt_local2005660713_0022_r_000000_0 is allowed to commit now
26/03/02 03:31:06 INFO output.FileOutputCommitter: Saved output of task 'attempt_local2005660713_0022_r_000000_0' to hdfs://localhost:9000/project2/task2/runs_report_plus/k3_r30_opt/iter_22/_temporary/0/task_local2005660713_0022_r_000000
26/03/02 03:31:06 INFO mapred.LocalJobRunner: reduce > reduce
26/03/02 03:31:06 INFO mapred.Task: Task 'attempt_local2005660713_0022_r_000000_0' done.
26/03/02 03:31:06 INFO mapred.Task: Final Counters for attempt_local2005660713_0022_r_000000_0: Counters: 29
	File System Counters
		FILE: Number of bytes read=3196888
		FILE: Number of bytes written=9707127
		FILE: Number of read operations=0
		FILE: Number of large read operations=0
		FILE: Number of write operations=0
		HDFS: Number of bytes read=16170438
		HDFS: Number of bytes written=11493
		HDFS: Number of read operations=1032
		HDFS: Number of large read operations=0
		HDFS: Number of write operations=323
	Map-Reduce Framework
		Combine input records=0
		Combine output records=0
		Reduce input groups=1
		Reduce shuffle bytes=60
		Reduce input records=1
		Reduce output records=1
		Spilled Records=1
		Shuffled Maps =1
		Failed Shuffles=0
		Merged Map outputs=1
		GC time elapsed (ms)=0
		Total committed heap usage (bytes)=525860864
	Shuffle Errors
		BAD_ID=0
		CONNECTION=0
		IO_ERROR=0
		WRONG_LENGTH=0
		WRONG_MAP=0
		WRONG_REDUCE=0
	File Output Format Counters 
		Bytes Written=102
26/03/02 03:31:06 INFO mapred.LocalJobRunner: Finishing task: attempt_local2005660713_0022_r_000000_0
26/03/02 03:31:06 INFO mapred.LocalJobRunner: Starting task: attempt_local2005660713_0022_r_000001_0
26/03/02 03:31:06 INFO output.FileOutputCommitter: File Output Committer Algorithm version is 1
26/03/02 03:31:06 INFO mapred.Task:  Using ResourceCalculatorProcessTree : [ ]
26/03/02 03:31:06 INFO mapred.ReduceTask: Using ShuffleConsumerPlugin: org.apache.hadoop.mapreduce.task.reduce.Shuffle@51b5c369
26/03/02 03:31:06 INFO reduce.MergeManagerImpl: MergerManager: memoryLimit=368102592, maxSingleShuffleLimit=92025648, mergeThreshold=242947728, ioSortFactor=10, memToMemMergeOutputsThreshold=10
26/03/02 03:31:06 INFO reduce.EventFetcher: attempt_local2005660713_0022_r_000001_0 Thread started: EventFetcher for fetching Map Completion Events
26/03/02 03:31:06 INFO reduce.LocalFetcher: localfetcher#65 about to shuffle output of map attempt_local2005660713_0022_m_000000_0 decomp: 56 len: 60 to MEMORY
26/03/02 03:31:06 INFO reduce.InMemoryMapOutput: Read 56 bytes from map-output for attempt_local2005660713_0022_m_000000_0
26/03/02 03:31:06 INFO reduce.MergeManagerImpl: closeInMemoryFile -> map-output of size: 56, inMemoryMapOutputs.size() -> 1, commitMemory -> 0, usedMemory ->56
26/03/02 03:31:06 INFO reduce.EventFetcher: EventFetcher is interrupted.. Returning
26/03/02 03:31:06 INFO mapred.LocalJobRunner: 1 / 1 copied.
26/03/02 03:31:06 INFO reduce.MergeManagerImpl: finalMerge called with 1 in-memory map-outputs and 0 on-disk map-outputs
26/03/02 03:31:06 INFO mapred.Merger: Merging 1 sorted segments
26/03/02 03:31:06 INFO mapred.Merger: Down to the last merge-pass, with 1 segments left of total size: 50 bytes
26/03/02 03:31:06 INFO reduce.MergeManagerImpl: Merged 1 segments, 56 bytes to disk to satisfy reduce memory limit
26/03/02 03:31:06 INFO reduce.MergeManagerImpl: Merging 1 files, 60 bytes from disk
26/03/02 03:31:06 INFO reduce.MergeManagerImpl: Merging 0 segments, 0 bytes from memory into reduce
26/03/02 03:31:06 INFO mapred.Merger: Merging 1 sorted segments
26/03/02 03:31:06 INFO mapred.Merger: Down to the last merge-pass, with 1 segments left of total size: 50 bytes
26/03/02 03:31:06 INFO mapred.LocalJobRunner: 1 / 1 copied.
26/03/02 03:31:06 INFO mapred.Task: Task:attempt_local2005660713_0022_r_000001_0 is done. And is in the process of committing
26/03/02 03:31:06 INFO mapred.LocalJobRunner: 1 / 1 copied.
26/03/02 03:31:06 INFO mapred.Task: Task attempt_local2005660713_0022_r_000001_0 is allowed to commit now
26/03/02 03:31:06 INFO output.FileOutputCommitter: Saved output of task 'attempt_local2005660713_0022_r_000001_0' to hdfs://localhost:9000/project2/task2/runs_report_plus/k3_r30_opt/iter_22/_temporary/0/task_local2005660713_0022_r_000001
26/03/02 03:31:06 INFO mapred.LocalJobRunner: reduce > reduce
26/03/02 03:31:06 INFO mapred.Task: Task 'attempt_local2005660713_0022_r_000001_0' done.
26/03/02 03:31:06 INFO mapred.Task: Final Counters for attempt_local2005660713_0022_r_000001_0: Counters: 29
	File System Counters
		FILE: Number of bytes read=3197148
		FILE: Number of bytes written=9707187
		FILE: Number of read operations=0
		FILE: Number of large read operations=0
		FILE: Number of write operations=0
		HDFS: Number of bytes read=16170438
		HDFS: Number of bytes written=11596
		HDFS: Number of read operations=1035
		HDFS: Number of large read operations=0
		HDFS: Number of write operations=325
	Map-Reduce Framework
		Combine input records=0
		Combine output records=0
		Reduce input groups=1
		Reduce shuffle bytes=60
		Reduce input records=1
		Reduce output records=1
		Spilled Records=1
		Shuffled Maps =1
		Failed Shuffles=0
		Merged Map outputs=1
		GC time elapsed (ms)=0
		Total committed heap usage (bytes)=525860864
	Shuffle Errors
		BAD_ID=0
		CONNECTION=0
		IO_ERROR=0
		WRONG_LENGTH=0
		WRONG_MAP=0
		WRONG_REDUCE=0
	File Output Format Counters 
		Bytes Written=103
26/03/02 03:31:06 INFO mapred.LocalJobRunner: Finishing task: attempt_local2005660713_0022_r_000001_0
26/03/02 03:31:06 INFO mapred.LocalJobRunner: Starting task: attempt_local2005660713_0022_r_000002_0
26/03/02 03:31:06 INFO output.FileOutputCommitter: File Output Committer Algorithm version is 1
26/03/02 03:31:06 INFO mapred.Task:  Using ResourceCalculatorProcessTree : [ ]
26/03/02 03:31:06 INFO mapred.ReduceTask: Using ShuffleConsumerPlugin: org.apache.hadoop.mapreduce.task.reduce.Shuffle@2966a8c5
26/03/02 03:31:06 INFO reduce.MergeManagerImpl: MergerManager: memoryLimit=368102592, maxSingleShuffleLimit=92025648, mergeThreshold=242947728, ioSortFactor=10, memToMemMergeOutputsThreshold=10
26/03/02 03:31:06 INFO reduce.EventFetcher: attempt_local2005660713_0022_r_000002_0 Thread started: EventFetcher for fetching Map Completion Events
26/03/02 03:31:06 INFO reduce.LocalFetcher: localfetcher#66 about to shuffle output of map attempt_local2005660713_0022_m_000000_0 decomp: 56 len: 60 to MEMORY
26/03/02 03:31:06 INFO reduce.InMemoryMapOutput: Read 56 bytes from map-output for attempt_local2005660713_0022_m_000000_0
26/03/02 03:31:06 INFO reduce.MergeManagerImpl: closeInMemoryFile -> map-output of size: 56, inMemoryMapOutputs.size() -> 1, commitMemory -> 0, usedMemory ->56
26/03/02 03:31:06 INFO reduce.EventFetcher: EventFetcher is interrupted.. Returning
26/03/02 03:31:06 INFO mapred.LocalJobRunner: 1 / 1 copied.
26/03/02 03:31:06 INFO reduce.MergeManagerImpl: finalMerge called with 1 in-memory map-outputs and 0 on-disk map-outputs
26/03/02 03:31:06 INFO mapred.Merger: Merging 1 sorted segments
26/03/02 03:31:06 INFO mapred.Merger: Down to the last merge-pass, with 1 segments left of total size: 50 bytes
26/03/02 03:31:06 INFO reduce.MergeManagerImpl: Merged 1 segments, 56 bytes to disk to satisfy reduce memory limit
26/03/02 03:31:06 INFO reduce.MergeManagerImpl: Merging 1 files, 60 bytes from disk
26/03/02 03:31:06 INFO reduce.MergeManagerImpl: Merging 0 segments, 0 bytes from memory into reduce
26/03/02 03:31:06 INFO mapred.Merger: Merging 1 sorted segments
26/03/02 03:31:06 INFO mapred.Merger: Down to the last merge-pass, with 1 segments left of total size: 50 bytes
26/03/02 03:31:06 INFO mapred.LocalJobRunner: 1 / 1 copied.
26/03/02 03:31:06 INFO mapred.Task: Task:attempt_local2005660713_0022_r_000002_0 is done. And is in the process of committing
26/03/02 03:31:06 INFO mapred.LocalJobRunner: 1 / 1 copied.
26/03/02 03:31:06 INFO mapred.Task: Task attempt_local2005660713_0022_r_000002_0 is allowed to commit now
26/03/02 03:31:06 INFO output.FileOutputCommitter: Saved output of task 'attempt_local2005660713_0022_r_000002_0' to hdfs://localhost:9000/project2/task2/runs_report_plus/k3_r30_opt/iter_22/_temporary/0/task_local2005660713_0022_r_000002
26/03/02 03:31:06 INFO mapred.LocalJobRunner: reduce > reduce
26/03/02 03:31:06 INFO mapred.Task: Task 'attempt_local2005660713_0022_r_000002_0' done.
26/03/02 03:31:06 INFO mapred.Task: Final Counters for attempt_local2005660713_0022_r_000002_0: Counters: 29
	File System Counters
		FILE: Number of bytes read=3197348
		FILE: Number of bytes written=9707247
		FILE: Number of read operations=0
		FILE: Number of large read operations=0
		FILE: Number of write operations=0
		HDFS: Number of bytes read=16170438
		HDFS: Number of bytes written=11698
		HDFS: Number of read operations=1038
		HDFS: Number of large read operations=0
		HDFS: Number of write operations=327
	Map-Reduce Framework
		Combine input records=0
		Combine output records=0
		Reduce input groups=1
		Reduce shuffle bytes=60
		Reduce input records=1
		Reduce output records=1
		Spilled Records=1
		Shuffled Maps =1
		Failed Shuffles=0
		Merged Map outputs=1
		GC time elapsed (ms)=0
		Total committed heap usage (bytes)=525860864
	Shuffle Errors
		BAD_ID=0
		CONNECTION=0
		IO_ERROR=0
		WRONG_LENGTH=0
		WRONG_MAP=0
		WRONG_REDUCE=0
	File Output Format Counters 
		Bytes Written=102
26/03/02 03:31:06 INFO mapred.LocalJobRunner: Finishing task: attempt_local2005660713_0022_r_000002_0
26/03/02 03:31:06 INFO mapred.LocalJobRunner: reduce task executor complete.
26/03/02 03:31:07 INFO mapreduce.Job: Job job_local2005660713_0022 running in uber mode : false
26/03/02 03:31:07 INFO mapreduce.Job:  map 100% reduce 100%
26/03/02 03:31:07 INFO mapreduce.Job: Job job_local2005660713_0022 completed successfully
26/03/02 03:31:07 INFO mapreduce.Job: Counters: 35
	File System Counters
		FILE: Number of bytes read=12787952
		FILE: Number of bytes written=38828628
		FILE: Number of read operations=0
		FILE: Number of large read operations=0
		FILE: Number of write operations=0
		HDFS: Number of bytes read=64681752
		HDFS: Number of bytes written=46178
		HDFS: Number of read operations=4134
		HDFS: Number of large read operations=0
		HDFS: Number of write operations=1296
	Map-Reduce Framework
		Map input records=10000
		Map output records=10000
		Map output bytes=520000
		Map output materialized bytes=180
		Input split bytes=121
		Combine input records=10000
		Combine output records=3
		Reduce input groups=3
		Reduce shuffle bytes=180
		Reduce input records=3
		Reduce output records=3
		Spilled Records=6
		Shuffled Maps =3
		Failed Shuffles=0
		Merged Map outputs=3
		GC time elapsed (ms)=0
		Total committed heap usage (bytes)=2103443456
	Shuffle Errors
		BAD_ID=0
		CONNECTION=0
		IO_ERROR=0
		WRONG_LENGTH=0
		WRONG_MAP=0
		WRONG_REDUCE=0
	File Input Format Counters 
		Bytes Read=733758
	File Output Format Counters 
		Bytes Written=307
Done. mode=OPT_CENTERS, rounds=22, converged=true
