26/03/02 03:32:51 INFO Configuration.deprecation: session.id is deprecated. Instead, use dfs.metrics.session-id
26/03/02 03:32:51 INFO jvm.JvmMetrics: Initializing JVM Metrics with processName=JobTracker, sessionId=
26/03/02 03:32:51 WARN mapreduce.JobResourceUploader: Hadoop command-line option parsing not performed. Implement the Tool interface and execute your application with ToolRunner to remedy this.
26/03/02 03:32:51 INFO input.FileInputFormat: Total input paths to process : 1
26/03/02 03:32:51 INFO mapreduce.JobSubmitter: number of splits:1
26/03/02 03:32:51 INFO mapreduce.JobSubmitter: Submitting tokens for job: job_local770613801_0001
26/03/02 03:32:51 INFO mapred.LocalDistributedCacheManager: Creating symlink: /tmp/hadoop-ds503/mapred/local/1772422371341/centers_initial.csv <- /home/ds503/centers_initial.csv
26/03/02 03:32:51 INFO mapred.LocalDistributedCacheManager: Localized hdfs://localhost:9000/project2/task2/runs_report_plus/k8_r30_opt/centers_initial.csv as file:/tmp/hadoop-ds503/mapred/local/1772422371341/centers_initial.csv
26/03/02 03:32:51 INFO mapreduce.Job: The url to track the job: http://localhost:8080/
26/03/02 03:32:51 INFO mapreduce.Job: Running job: job_local770613801_0001
26/03/02 03:32:51 INFO mapred.LocalJobRunner: OutputCommitter set in config null
26/03/02 03:32:51 INFO output.FileOutputCommitter: File Output Committer Algorithm version is 1
26/03/02 03:32:51 INFO mapred.LocalJobRunner: OutputCommitter is org.apache.hadoop.mapreduce.lib.output.FileOutputCommitter
26/03/02 03:32:51 INFO mapred.LocalJobRunner: Waiting for map tasks
26/03/02 03:32:51 INFO mapred.LocalJobRunner: Starting task: attempt_local770613801_0001_m_000000_0
26/03/02 03:32:51 INFO output.FileOutputCommitter: File Output Committer Algorithm version is 1
26/03/02 03:32:51 INFO mapred.Task:  Using ResourceCalculatorProcessTree : [ ]
26/03/02 03:32:51 INFO mapred.MapTask: Processing split: hdfs://localhost:9000/project2/task2/input/points_4d.csv:0+733758
26/03/02 03:32:51 INFO mapred.MapTask: (EQUATOR) 0 kvi 26214396(104857584)
26/03/02 03:32:51 INFO mapred.MapTask: mapreduce.task.io.sort.mb: 100
26/03/02 03:32:51 INFO mapred.MapTask: soft limit at 83886080
26/03/02 03:32:51 INFO mapred.MapTask: bufstart = 0; bufvoid = 104857600
26/03/02 03:32:51 INFO mapred.MapTask: kvstart = 26214396; length = 6553600
26/03/02 03:32:51 INFO mapred.MapTask: Map output collector class = org.apache.hadoop.mapred.MapTask$MapOutputBuffer
26/03/02 03:32:51 INFO mapred.LocalJobRunner: 
26/03/02 03:32:51 INFO mapred.MapTask: Starting flush of map output
26/03/02 03:32:51 INFO mapred.MapTask: Spilling map output
26/03/02 03:32:51 INFO mapred.MapTask: bufstart = 0; bufend = 520000; bufvoid = 104857600
26/03/02 03:32:51 INFO mapred.MapTask: kvstart = 26214396(104857584); kvend = 26174400(104697600); length = 39997/6553600
26/03/02 03:32:51 INFO mapred.MapTask: Finished spill 0
26/03/02 03:32:51 INFO mapred.Task: Task:attempt_local770613801_0001_m_000000_0 is done. And is in the process of committing
26/03/02 03:32:51 INFO mapred.LocalJobRunner: map
26/03/02 03:32:51 INFO mapred.Task: Task 'attempt_local770613801_0001_m_000000_0' done.
26/03/02 03:32:51 INFO mapred.Task: Final Counters for attempt_local770613801_0001_m_000000_0: Counters: 23
	File System Counters
		FILE: Number of bytes read=144554
		FILE: Number of bytes written=440876
		FILE: Number of read operations=0
		FILE: Number of large read operations=0
		FILE: Number of write operations=0
		HDFS: Number of bytes read=735576
		HDFS: Number of bytes written=606
		HDFS: Number of read operations=21
		HDFS: Number of large read operations=0
		HDFS: Number of write operations=6
	Map-Reduce Framework
		Map input records=10000
		Map output records=10000
		Map output bytes=520000
		Map output materialized bytes=456
		Input split bytes=121
		Combine input records=10000
		Combine output records=8
		Spilled Records=8
		Failed Shuffles=0
		Merged Map outputs=0
		GC time elapsed (ms)=7
		Total committed heap usage (bytes)=289406976
	File Input Format Counters 
		Bytes Read=733758
26/03/02 03:32:51 INFO mapred.LocalJobRunner: Finishing task: attempt_local770613801_0001_m_000000_0
26/03/02 03:32:51 INFO mapred.LocalJobRunner: map task executor complete.
26/03/02 03:32:51 INFO mapred.LocalJobRunner: Waiting for reduce tasks
26/03/02 03:32:51 INFO mapred.LocalJobRunner: Starting task: attempt_local770613801_0001_r_000000_0
26/03/02 03:32:51 INFO output.FileOutputCommitter: File Output Committer Algorithm version is 1
26/03/02 03:32:51 INFO mapred.Task:  Using ResourceCalculatorProcessTree : [ ]
26/03/02 03:32:51 INFO mapred.ReduceTask: Using ShuffleConsumerPlugin: org.apache.hadoop.mapreduce.task.reduce.Shuffle@1360ad84
26/03/02 03:32:51 INFO reduce.MergeManagerImpl: MergerManager: memoryLimit=334338464, maxSingleShuffleLimit=83584616, mergeThreshold=220663392, ioSortFactor=10, memToMemMergeOutputsThreshold=10
26/03/02 03:32:51 INFO reduce.EventFetcher: attempt_local770613801_0001_r_000000_0 Thread started: EventFetcher for fetching Map Completion Events
26/03/02 03:32:51 INFO reduce.LocalFetcher: localfetcher#1 about to shuffle output of map attempt_local770613801_0001_m_000000_0 decomp: 110 len: 114 to MEMORY
26/03/02 03:32:51 INFO reduce.InMemoryMapOutput: Read 110 bytes from map-output for attempt_local770613801_0001_m_000000_0
26/03/02 03:32:51 INFO reduce.MergeManagerImpl: closeInMemoryFile -> map-output of size: 110, inMemoryMapOutputs.size() -> 1, commitMemory -> 0, usedMemory ->110
26/03/02 03:32:51 INFO reduce.EventFetcher: EventFetcher is interrupted.. Returning
26/03/02 03:32:51 INFO mapred.LocalJobRunner: 1 / 1 copied.
26/03/02 03:32:51 INFO reduce.MergeManagerImpl: finalMerge called with 1 in-memory map-outputs and 0 on-disk map-outputs
26/03/02 03:32:51 INFO mapred.Merger: Merging 1 sorted segments
26/03/02 03:32:51 INFO mapred.Merger: Down to the last merge-pass, with 1 segments left of total size: 104 bytes
26/03/02 03:32:51 INFO reduce.MergeManagerImpl: Merged 1 segments, 110 bytes to disk to satisfy reduce memory limit
26/03/02 03:32:51 INFO reduce.MergeManagerImpl: Merging 1 files, 114 bytes from disk
26/03/02 03:32:51 INFO reduce.MergeManagerImpl: Merging 0 segments, 0 bytes from memory into reduce
26/03/02 03:32:51 INFO mapred.Merger: Merging 1 sorted segments
26/03/02 03:32:51 INFO mapred.Merger: Down to the last merge-pass, with 1 segments left of total size: 104 bytes
26/03/02 03:32:51 INFO mapred.LocalJobRunner: 1 / 1 copied.
26/03/02 03:32:51 INFO Configuration.deprecation: mapred.skip.on is deprecated. Instead, use mapreduce.job.skiprecords
26/03/02 03:32:51 INFO mapred.Task: Task:attempt_local770613801_0001_r_000000_0 is done. And is in the process of committing
26/03/02 03:32:51 INFO mapred.LocalJobRunner: 1 / 1 copied.
26/03/02 03:32:51 INFO mapred.Task: Task attempt_local770613801_0001_r_000000_0 is allowed to commit now
26/03/02 03:32:51 INFO output.FileOutputCommitter: Saved output of task 'attempt_local770613801_0001_r_000000_0' to hdfs://localhost:9000/project2/task2/runs_report_plus/k8_r30_opt/iter_1/_temporary/0/task_local770613801_0001_r_000000
26/03/02 03:32:51 INFO mapred.LocalJobRunner: reduce > reduce
26/03/02 03:32:51 INFO mapred.Task: Task 'attempt_local770613801_0001_r_000000_0' done.
26/03/02 03:32:51 INFO mapred.Task: Final Counters for attempt_local770613801_0001_r_000000_0: Counters: 29
	File System Counters
		FILE: Number of bytes read=145228
		FILE: Number of bytes written=440990
		FILE: Number of read operations=0
		FILE: Number of large read operations=0
		FILE: Number of write operations=0
		HDFS: Number of bytes read=735576
		HDFS: Number of bytes written=813
		HDFS: Number of read operations=24
		HDFS: Number of large read operations=0
		HDFS: Number of write operations=8
	Map-Reduce Framework
		Combine input records=0
		Combine output records=0
		Reduce input groups=2
		Reduce shuffle bytes=114
		Reduce input records=2
		Reduce output records=2
		Spilled Records=2
		Shuffled Maps =1
		Failed Shuffles=0
		Merged Map outputs=1
		GC time elapsed (ms)=0
		Total committed heap usage (bytes)=289406976
	Shuffle Errors
		BAD_ID=0
		CONNECTION=0
		IO_ERROR=0
		WRONG_LENGTH=0
		WRONG_MAP=0
		WRONG_REDUCE=0
	File Output Format Counters 
		Bytes Written=207
26/03/02 03:32:51 INFO mapred.LocalJobRunner: Finishing task: attempt_local770613801_0001_r_000000_0
26/03/02 03:32:51 INFO mapred.LocalJobRunner: Starting task: attempt_local770613801_0001_r_000001_0
26/03/02 03:32:51 INFO output.FileOutputCommitter: File Output Committer Algorithm version is 1
26/03/02 03:32:51 INFO mapred.Task:  Using ResourceCalculatorProcessTree : [ ]
26/03/02 03:32:51 INFO mapred.ReduceTask: Using ShuffleConsumerPlugin: org.apache.hadoop.mapreduce.task.reduce.Shuffle@49f7581c
26/03/02 03:32:51 INFO reduce.MergeManagerImpl: MergerManager: memoryLimit=334338464, maxSingleShuffleLimit=83584616, mergeThreshold=220663392, ioSortFactor=10, memToMemMergeOutputsThreshold=10
26/03/02 03:32:51 INFO reduce.EventFetcher: attempt_local770613801_0001_r_000001_0 Thread started: EventFetcher for fetching Map Completion Events
26/03/02 03:32:51 INFO reduce.LocalFetcher: localfetcher#2 about to shuffle output of map attempt_local770613801_0001_m_000000_0 decomp: 110 len: 114 to MEMORY
26/03/02 03:32:51 INFO reduce.InMemoryMapOutput: Read 110 bytes from map-output for attempt_local770613801_0001_m_000000_0
26/03/02 03:32:51 INFO reduce.MergeManagerImpl: closeInMemoryFile -> map-output of size: 110, inMemoryMapOutputs.size() -> 1, commitMemory -> 0, usedMemory ->110
26/03/02 03:32:51 INFO reduce.EventFetcher: EventFetcher is interrupted.. Returning
26/03/02 03:32:51 WARN io.ReadaheadPool: Failed readahead on ifile
EBADF: Bad file descriptor
	at org.apache.hadoop.io.nativeio.NativeIO$POSIX.posix_fadvise(Native Method)
	at org.apache.hadoop.io.nativeio.NativeIO$POSIX.posixFadviseIfPossible(NativeIO.java:267)
	at org.apache.hadoop.io.nativeio.NativeIO$POSIX$CacheManipulator.posixFadviseIfPossible(NativeIO.java:146)
	at org.apache.hadoop.io.ReadaheadPool$ReadaheadRequestImpl.run(ReadaheadPool.java:206)
	at java.util.concurrent.ThreadPoolExecutor.runWorker(ThreadPoolExecutor.java:1149)
	at java.util.concurrent.ThreadPoolExecutor$Worker.run(ThreadPoolExecutor.java:624)
	at java.lang.Thread.run(Thread.java:748)
26/03/02 03:32:51 INFO mapred.LocalJobRunner: 1 / 1 copied.
26/03/02 03:32:51 INFO reduce.MergeManagerImpl: finalMerge called with 1 in-memory map-outputs and 0 on-disk map-outputs
26/03/02 03:32:51 INFO mapred.Merger: Merging 1 sorted segments
26/03/02 03:32:51 INFO mapred.Merger: Down to the last merge-pass, with 1 segments left of total size: 104 bytes
26/03/02 03:32:51 INFO reduce.MergeManagerImpl: Merged 1 segments, 110 bytes to disk to satisfy reduce memory limit
26/03/02 03:32:51 INFO reduce.MergeManagerImpl: Merging 1 files, 114 bytes from disk
26/03/02 03:32:51 INFO reduce.MergeManagerImpl: Merging 0 segments, 0 bytes from memory into reduce
26/03/02 03:32:51 INFO mapred.Merger: Merging 1 sorted segments
26/03/02 03:32:51 INFO mapred.Merger: Down to the last merge-pass, with 1 segments left of total size: 104 bytes
26/03/02 03:32:51 INFO mapred.LocalJobRunner: 1 / 1 copied.
26/03/02 03:32:51 INFO mapred.Task: Task:attempt_local770613801_0001_r_000001_0 is done. And is in the process of committing
26/03/02 03:32:51 INFO mapred.LocalJobRunner: 1 / 1 copied.
26/03/02 03:32:51 INFO mapred.Task: Task attempt_local770613801_0001_r_000001_0 is allowed to commit now
26/03/02 03:32:51 INFO output.FileOutputCommitter: Saved output of task 'attempt_local770613801_0001_r_000001_0' to hdfs://localhost:9000/project2/task2/runs_report_plus/k8_r30_opt/iter_1/_temporary/0/task_local770613801_0001_r_000001
26/03/02 03:32:51 INFO mapred.LocalJobRunner: reduce > reduce
26/03/02 03:32:51 INFO mapred.Task: Task 'attempt_local770613801_0001_r_000001_0' done.
26/03/02 03:32:51 INFO mapred.Task: Final Counters for attempt_local770613801_0001_r_000001_0: Counters: 29
	File System Counters
		FILE: Number of bytes read=145788
		FILE: Number of bytes written=441104
		FILE: Number of read operations=0
		FILE: Number of large read operations=0
		FILE: Number of write operations=0
		HDFS: Number of bytes read=735576
		HDFS: Number of bytes written=1014
		HDFS: Number of read operations=27
		HDFS: Number of large read operations=0
		HDFS: Number of write operations=10
	Map-Reduce Framework
		Combine input records=0
		Combine output records=0
		Reduce input groups=2
		Reduce shuffle bytes=114
		Reduce input records=2
		Reduce output records=2
		Spilled Records=2
		Shuffled Maps =1
		Failed Shuffles=0
		Merged Map outputs=1
		GC time elapsed (ms)=0
		Total committed heap usage (bytes)=289406976
	Shuffle Errors
		BAD_ID=0
		CONNECTION=0
		IO_ERROR=0
		WRONG_LENGTH=0
		WRONG_MAP=0
		WRONG_REDUCE=0
	File Output Format Counters 
		Bytes Written=201
26/03/02 03:32:51 INFO mapred.LocalJobRunner: Finishing task: attempt_local770613801_0001_r_000001_0
26/03/02 03:32:51 INFO mapred.LocalJobRunner: Starting task: attempt_local770613801_0001_r_000002_0
26/03/02 03:32:51 INFO output.FileOutputCommitter: File Output Committer Algorithm version is 1
26/03/02 03:32:51 INFO mapred.Task:  Using ResourceCalculatorProcessTree : [ ]
26/03/02 03:32:51 INFO mapred.ReduceTask: Using ShuffleConsumerPlugin: org.apache.hadoop.mapreduce.task.reduce.Shuffle@3e6857c
26/03/02 03:32:51 INFO reduce.MergeManagerImpl: MergerManager: memoryLimit=334338464, maxSingleShuffleLimit=83584616, mergeThreshold=220663392, ioSortFactor=10, memToMemMergeOutputsThreshold=10
26/03/02 03:32:51 INFO reduce.EventFetcher: attempt_local770613801_0001_r_000002_0 Thread started: EventFetcher for fetching Map Completion Events
26/03/02 03:32:51 INFO reduce.LocalFetcher: localfetcher#3 about to shuffle output of map attempt_local770613801_0001_m_000000_0 decomp: 110 len: 114 to MEMORY
26/03/02 03:32:51 INFO reduce.InMemoryMapOutput: Read 110 bytes from map-output for attempt_local770613801_0001_m_000000_0
26/03/02 03:32:51 INFO reduce.MergeManagerImpl: closeInMemoryFile -> map-output of size: 110, inMemoryMapOutputs.size() -> 1, commitMemory -> 0, usedMemory ->110
26/03/02 03:32:51 INFO reduce.EventFetcher: EventFetcher is interrupted.. Returning
26/03/02 03:32:51 INFO mapred.LocalJobRunner: 1 / 1 copied.
26/03/02 03:32:51 INFO reduce.MergeManagerImpl: finalMerge called with 1 in-memory map-outputs and 0 on-disk map-outputs
26/03/02 03:32:51 INFO mapred.Merger: Merging 1 sorted segments
26/03/02 03:32:51 INFO mapred.Merger: Down to the last merge-pass, with 1 segments left of total size: 104 bytes
26/03/02 03:32:51 INFO reduce.MergeManagerImpl: Merged 1 segments, 110 bytes to disk to satisfy reduce memory limit
26/03/02 03:32:51 INFO reduce.MergeManagerImpl: Merging 1 files, 114 bytes from disk
26/03/02 03:32:51 INFO reduce.MergeManagerImpl: Merging 0 segments, 0 bytes from memory into reduce
26/03/02 03:32:51 INFO mapred.Merger: Merging 1 sorted segments
26/03/02 03:32:51 INFO mapred.Merger: Down to the last merge-pass, with 1 segments left of total size: 104 bytes
26/03/02 03:32:51 INFO mapred.LocalJobRunner: 1 / 1 copied.
26/03/02 03:32:51 INFO mapred.Task: Task:attempt_local770613801_0001_r_000002_0 is done. And is in the process of committing
26/03/02 03:32:51 INFO mapred.LocalJobRunner: 1 / 1 copied.
26/03/02 03:32:51 INFO mapred.Task: Task attempt_local770613801_0001_r_000002_0 is allowed to commit now
26/03/02 03:32:51 INFO output.FileOutputCommitter: Saved output of task 'attempt_local770613801_0001_r_000002_0' to hdfs://localhost:9000/project2/task2/runs_report_plus/k8_r30_opt/iter_1/_temporary/0/task_local770613801_0001_r_000002
26/03/02 03:32:51 INFO mapred.LocalJobRunner: reduce > reduce
26/03/02 03:32:51 INFO mapred.Task: Task 'attempt_local770613801_0001_r_000002_0' done.
26/03/02 03:32:51 INFO mapred.Task: Final Counters for attempt_local770613801_0001_r_000002_0: Counters: 29
	File System Counters
		FILE: Number of bytes read=146234
		FILE: Number of bytes written=441218
		FILE: Number of read operations=0
		FILE: Number of large read operations=0
		FILE: Number of write operations=0
		HDFS: Number of bytes read=735576
		HDFS: Number of bytes written=1217
		HDFS: Number of read operations=30
		HDFS: Number of large read operations=0
		HDFS: Number of write operations=12
	Map-Reduce Framework
		Combine input records=0
		Combine output records=0
		Reduce input groups=2
		Reduce shuffle bytes=114
		Reduce input records=2
		Reduce output records=2
		Spilled Records=2
		Shuffled Maps =1
		Failed Shuffles=0
		Merged Map outputs=1
		GC time elapsed (ms)=0
		Total committed heap usage (bytes)=289406976
	Shuffle Errors
		BAD_ID=0
		CONNECTION=0
		IO_ERROR=0
		WRONG_LENGTH=0
		WRONG_MAP=0
		WRONG_REDUCE=0
	File Output Format Counters 
		Bytes Written=203
26/03/02 03:32:51 INFO mapred.LocalJobRunner: Finishing task: attempt_local770613801_0001_r_000002_0
26/03/02 03:32:51 INFO mapred.LocalJobRunner: Starting task: attempt_local770613801_0001_r_000003_0
26/03/02 03:32:51 INFO output.FileOutputCommitter: File Output Committer Algorithm version is 1
26/03/02 03:32:51 INFO mapred.Task:  Using ResourceCalculatorProcessTree : [ ]
26/03/02 03:32:51 INFO mapred.ReduceTask: Using ShuffleConsumerPlugin: org.apache.hadoop.mapreduce.task.reduce.Shuffle@3cb10d79
26/03/02 03:32:51 INFO reduce.MergeManagerImpl: MergerManager: memoryLimit=334338464, maxSingleShuffleLimit=83584616, mergeThreshold=220663392, ioSortFactor=10, memToMemMergeOutputsThreshold=10
26/03/02 03:32:51 INFO reduce.EventFetcher: attempt_local770613801_0001_r_000003_0 Thread started: EventFetcher for fetching Map Completion Events
26/03/02 03:32:51 INFO reduce.LocalFetcher: localfetcher#4 about to shuffle output of map attempt_local770613801_0001_m_000000_0 decomp: 110 len: 114 to MEMORY
26/03/02 03:32:51 INFO reduce.InMemoryMapOutput: Read 110 bytes from map-output for attempt_local770613801_0001_m_000000_0
26/03/02 03:32:51 INFO reduce.MergeManagerImpl: closeInMemoryFile -> map-output of size: 110, inMemoryMapOutputs.size() -> 1, commitMemory -> 0, usedMemory ->110
26/03/02 03:32:51 INFO reduce.EventFetcher: EventFetcher is interrupted.. Returning
26/03/02 03:32:51 INFO mapred.LocalJobRunner: 1 / 1 copied.
26/03/02 03:32:51 INFO reduce.MergeManagerImpl: finalMerge called with 1 in-memory map-outputs and 0 on-disk map-outputs
26/03/02 03:32:51 INFO mapred.Merger: Merging 1 sorted segments
26/03/02 03:32:51 INFO mapred.Merger: Down to the last merge-pass, with 1 segments left of total size: 104 bytes
26/03/02 03:32:51 INFO reduce.MergeManagerImpl: Merged 1 segments, 110 bytes to disk to satisfy reduce memory limit
26/03/02 03:32:51 INFO reduce.MergeManagerImpl: Merging 1 files, 114 bytes from disk
26/03/02 03:32:51 INFO reduce.MergeManagerImpl: Merging 0 segments, 0 bytes from memory into reduce
26/03/02 03:32:51 INFO mapred.Merger: Merging 1 sorted segments
26/03/02 03:32:51 INFO mapred.Merger: Down to the last merge-pass, with 1 segments left of total size: 104 bytes
26/03/02 03:32:51 INFO mapred.LocalJobRunner: 1 / 1 copied.
26/03/02 03:32:51 INFO mapred.Task: Task:attempt_local770613801_0001_r_000003_0 is done. And is in the process of committing
26/03/02 03:32:51 INFO mapred.LocalJobRunner: 1 / 1 copied.
26/03/02 03:32:51 INFO mapred.Task: Task attempt_local770613801_0001_r_000003_0 is allowed to commit now
26/03/02 03:32:51 INFO output.FileOutputCommitter: Saved output of task 'attempt_local770613801_0001_r_000003_0' to hdfs://localhost:9000/project2/task2/runs_report_plus/k8_r30_opt/iter_1/_temporary/0/task_local770613801_0001_r_000003
26/03/02 03:32:51 INFO mapred.LocalJobRunner: reduce > reduce
26/03/02 03:32:51 INFO mapred.Task: Task 'attempt_local770613801_0001_r_000003_0' done.
26/03/02 03:32:51 INFO mapred.Task: Final Counters for attempt_local770613801_0001_r_000003_0: Counters: 29
	File System Counters
		FILE: Number of bytes read=146566
		FILE: Number of bytes written=441332
		FILE: Number of read operations=0
		FILE: Number of large read operations=0
		FILE: Number of write operations=0
		HDFS: Number of bytes read=735576
		HDFS: Number of bytes written=1423
		HDFS: Number of read operations=33
		HDFS: Number of large read operations=0
		HDFS: Number of write operations=14
	Map-Reduce Framework
		Combine input records=0
		Combine output records=0
		Reduce input groups=2
		Reduce shuffle bytes=114
		Reduce input records=2
		Reduce output records=2
		Spilled Records=2
		Shuffled Maps =1
		Failed Shuffles=0
		Merged Map outputs=1
		GC time elapsed (ms)=0
		Total committed heap usage (bytes)=289406976
	Shuffle Errors
		BAD_ID=0
		CONNECTION=0
		IO_ERROR=0
		WRONG_LENGTH=0
		WRONG_MAP=0
		WRONG_REDUCE=0
	File Output Format Counters 
		Bytes Written=206
26/03/02 03:32:51 INFO mapred.LocalJobRunner: Finishing task: attempt_local770613801_0001_r_000003_0
26/03/02 03:32:51 INFO mapred.LocalJobRunner: reduce task executor complete.
26/03/02 03:32:52 INFO mapreduce.Job: Job job_local770613801_0001 running in uber mode : false
26/03/02 03:32:52 INFO mapreduce.Job:  map 100% reduce 100%
26/03/02 03:32:52 INFO mapreduce.Job: Job job_local770613801_0001 completed successfully
26/03/02 03:32:52 INFO mapreduce.Job: Counters: 35
	File System Counters
		FILE: Number of bytes read=728370
		FILE: Number of bytes written=2205520
		FILE: Number of read operations=0
		FILE: Number of large read operations=0
		FILE: Number of write operations=0
		HDFS: Number of bytes read=3677880
		HDFS: Number of bytes written=5073
		HDFS: Number of read operations=135
		HDFS: Number of large read operations=0
		HDFS: Number of write operations=50
	Map-Reduce Framework
		Map input records=10000
		Map output records=10000
		Map output bytes=520000
		Map output materialized bytes=456
		Input split bytes=121
		Combine input records=10000
		Combine output records=8
		Reduce input groups=8
		Reduce shuffle bytes=456
		Reduce input records=8
		Reduce output records=8
		Spilled Records=16
		Shuffled Maps =4
		Failed Shuffles=0
		Merged Map outputs=4
		GC time elapsed (ms)=7
		Total committed heap usage (bytes)=1447034880
	Shuffle Errors
		BAD_ID=0
		CONNECTION=0
		IO_ERROR=0
		WRONG_LENGTH=0
		WRONG_MAP=0
		WRONG_REDUCE=0
	File Input Format Counters 
		Bytes Read=733758
	File Output Format Counters 
		Bytes Written=817
26/03/02 03:32:52 INFO jvm.JvmMetrics: Cannot initialize JVM Metrics with processName=JobTracker, sessionId= - already initialized
26/03/02 03:32:52 WARN mapreduce.JobResourceUploader: Hadoop command-line option parsing not performed. Implement the Tool interface and execute your application with ToolRunner to remedy this.
26/03/02 03:32:52 INFO input.FileInputFormat: Total input paths to process : 1
26/03/02 03:32:52 INFO mapreduce.JobSubmitter: number of splits:1
26/03/02 03:32:52 INFO mapreduce.JobSubmitter: Submitting tokens for job: job_local1857415324_0002
26/03/02 03:32:52 INFO mapred.LocalDistributedCacheManager: Creating symlink: /tmp/hadoop-ds503/mapred/local/1772422372514/centers_iter_1.csv <- /home/ds503/centers_iter_1.csv
26/03/02 03:32:52 INFO mapred.LocalDistributedCacheManager: Localized hdfs://localhost:9000/project2/task2/runs_report_plus/k8_r30_opt/centers_iter_1.csv as file:/tmp/hadoop-ds503/mapred/local/1772422372514/centers_iter_1.csv
26/03/02 03:32:52 INFO mapreduce.Job: The url to track the job: http://localhost:8080/
26/03/02 03:32:52 INFO mapreduce.Job: Running job: job_local1857415324_0002
26/03/02 03:32:52 INFO mapred.LocalJobRunner: OutputCommitter set in config null
26/03/02 03:32:52 INFO output.FileOutputCommitter: File Output Committer Algorithm version is 1
26/03/02 03:32:52 INFO mapred.LocalJobRunner: OutputCommitter is org.apache.hadoop.mapreduce.lib.output.FileOutputCommitter
26/03/02 03:32:52 INFO mapred.LocalJobRunner: Waiting for map tasks
26/03/02 03:32:52 INFO mapred.LocalJobRunner: Starting task: attempt_local1857415324_0002_m_000000_0
26/03/02 03:32:52 INFO output.FileOutputCommitter: File Output Committer Algorithm version is 1
26/03/02 03:32:52 INFO mapred.Task:  Using ResourceCalculatorProcessTree : [ ]
26/03/02 03:32:52 INFO mapred.MapTask: Processing split: hdfs://localhost:9000/project2/task2/input/points_4d.csv:0+733758
26/03/02 03:32:52 INFO mapred.MapTask: (EQUATOR) 0 kvi 26214396(104857584)
26/03/02 03:32:52 INFO mapred.MapTask: mapreduce.task.io.sort.mb: 100
26/03/02 03:32:52 INFO mapred.MapTask: soft limit at 83886080
26/03/02 03:32:52 INFO mapred.MapTask: bufstart = 0; bufvoid = 104857600
26/03/02 03:32:52 INFO mapred.MapTask: kvstart = 26214396; length = 6553600
26/03/02 03:32:52 INFO mapred.MapTask: Map output collector class = org.apache.hadoop.mapred.MapTask$MapOutputBuffer
26/03/02 03:32:52 INFO mapred.LocalJobRunner: 
26/03/02 03:32:52 INFO mapred.MapTask: Starting flush of map output
26/03/02 03:32:52 INFO mapred.MapTask: Spilling map output
26/03/02 03:32:52 INFO mapred.MapTask: bufstart = 0; bufend = 520000; bufvoid = 104857600
26/03/02 03:32:52 INFO mapred.MapTask: kvstart = 26214396(104857584); kvend = 26174400(104697600); length = 39997/6553600
26/03/02 03:32:52 INFO mapred.MapTask: Finished spill 0
26/03/02 03:32:52 INFO mapred.Task: Task:attempt_local1857415324_0002_m_000000_0 is done. And is in the process of committing
26/03/02 03:32:52 INFO mapred.LocalJobRunner: map
26/03/02 03:32:52 INFO mapred.Task: Task 'attempt_local1857415324_0002_m_000000_0' done.
26/03/02 03:32:52 INFO mapred.Task: Final Counters for attempt_local1857415324_0002_m_000000_0: Counters: 23
	File System Counters
		FILE: Number of bytes read=291120
		FILE: Number of bytes written=883796
		FILE: Number of read operations=0
		FILE: Number of large read operations=0
		FILE: Number of write operations=0
		HDFS: Number of bytes read=1472792
		HDFS: Number of bytes written=2032
		HDFS: Number of read operations=77
		HDFS: Number of large read operations=0
		HDFS: Number of write operations=24
	Map-Reduce Framework
		Map input records=10000
		Map output records=10000
		Map output bytes=520000
		Map output materialized bytes=456
		Input split bytes=121
		Combine input records=10000
		Combine output records=8
		Spilled Records=8
		Failed Shuffles=0
		Merged Map outputs=0
		GC time elapsed (ms)=0
		Total committed heap usage (bytes)=394788864
	File Input Format Counters 
		Bytes Read=733758
26/03/02 03:32:52 INFO mapred.LocalJobRunner: Finishing task: attempt_local1857415324_0002_m_000000_0
26/03/02 03:32:52 INFO mapred.LocalJobRunner: map task executor complete.
26/03/02 03:32:52 INFO mapred.LocalJobRunner: Waiting for reduce tasks
26/03/02 03:32:52 INFO mapred.LocalJobRunner: Starting task: attempt_local1857415324_0002_r_000000_0
26/03/02 03:32:52 INFO output.FileOutputCommitter: File Output Committer Algorithm version is 1
26/03/02 03:32:52 INFO mapred.Task:  Using ResourceCalculatorProcessTree : [ ]
26/03/02 03:32:52 INFO mapred.ReduceTask: Using ShuffleConsumerPlugin: org.apache.hadoop.mapreduce.task.reduce.Shuffle@63ca5d90
26/03/02 03:32:52 INFO reduce.MergeManagerImpl: MergerManager: memoryLimit=334338464, maxSingleShuffleLimit=83584616, mergeThreshold=220663392, ioSortFactor=10, memToMemMergeOutputsThreshold=10
26/03/02 03:32:52 INFO reduce.EventFetcher: attempt_local1857415324_0002_r_000000_0 Thread started: EventFetcher for fetching Map Completion Events
26/03/02 03:32:52 INFO reduce.LocalFetcher: localfetcher#5 about to shuffle output of map attempt_local1857415324_0002_m_000000_0 decomp: 110 len: 114 to MEMORY
26/03/02 03:32:52 INFO reduce.InMemoryMapOutput: Read 110 bytes from map-output for attempt_local1857415324_0002_m_000000_0
26/03/02 03:32:52 INFO reduce.MergeManagerImpl: closeInMemoryFile -> map-output of size: 110, inMemoryMapOutputs.size() -> 1, commitMemory -> 0, usedMemory ->110
26/03/02 03:32:52 INFO reduce.EventFetcher: EventFetcher is interrupted.. Returning
26/03/02 03:32:52 INFO mapred.LocalJobRunner: 1 / 1 copied.
26/03/02 03:32:52 INFO reduce.MergeManagerImpl: finalMerge called with 1 in-memory map-outputs and 0 on-disk map-outputs
26/03/02 03:32:52 INFO mapred.Merger: Merging 1 sorted segments
26/03/02 03:32:52 INFO mapred.Merger: Down to the last merge-pass, with 1 segments left of total size: 104 bytes
26/03/02 03:32:52 INFO reduce.MergeManagerImpl: Merged 1 segments, 110 bytes to disk to satisfy reduce memory limit
26/03/02 03:32:52 INFO reduce.MergeManagerImpl: Merging 1 files, 114 bytes from disk
26/03/02 03:32:52 INFO reduce.MergeManagerImpl: Merging 0 segments, 0 bytes from memory into reduce
26/03/02 03:32:52 INFO mapred.Merger: Merging 1 sorted segments
26/03/02 03:32:52 INFO mapred.Merger: Down to the last merge-pass, with 1 segments left of total size: 104 bytes
26/03/02 03:32:52 INFO mapred.LocalJobRunner: 1 / 1 copied.
26/03/02 03:32:52 INFO mapred.Task: Task:attempt_local1857415324_0002_r_000000_0 is done. And is in the process of committing
26/03/02 03:32:52 INFO mapred.LocalJobRunner: 1 / 1 copied.
26/03/02 03:32:52 INFO mapred.Task: Task attempt_local1857415324_0002_r_000000_0 is allowed to commit now
26/03/02 03:32:52 INFO output.FileOutputCommitter: Saved output of task 'attempt_local1857415324_0002_r_000000_0' to hdfs://localhost:9000/project2/task2/runs_report_plus/k8_r30_opt/iter_2/_temporary/0/task_local1857415324_0002_r_000000
26/03/02 03:32:52 INFO mapred.LocalJobRunner: reduce > reduce
26/03/02 03:32:52 INFO mapred.Task: Task 'attempt_local1857415324_0002_r_000000_0' done.
26/03/02 03:32:52 INFO mapred.Task: Final Counters for attempt_local1857415324_0002_r_000000_0: Counters: 29
	File System Counters
		FILE: Number of bytes read=291794
		FILE: Number of bytes written=883910
		FILE: Number of read operations=0
		FILE: Number of large read operations=0
		FILE: Number of write operations=0
		HDFS: Number of bytes read=1472792
		HDFS: Number of bytes written=2234
		HDFS: Number of read operations=80
		HDFS: Number of large read operations=0
		HDFS: Number of write operations=26
	Map-Reduce Framework
		Combine input records=0
		Combine output records=0
		Reduce input groups=2
		Reduce shuffle bytes=114
		Reduce input records=2
		Reduce output records=2
		Spilled Records=2
		Shuffled Maps =1
		Failed Shuffles=0
		Merged Map outputs=1
		GC time elapsed (ms)=0
		Total committed heap usage (bytes)=394788864
	Shuffle Errors
		BAD_ID=0
		CONNECTION=0
		IO_ERROR=0
		WRONG_LENGTH=0
		WRONG_MAP=0
		WRONG_REDUCE=0
	File Output Format Counters 
		Bytes Written=202
26/03/02 03:32:52 INFO mapred.LocalJobRunner: Finishing task: attempt_local1857415324_0002_r_000000_0
26/03/02 03:32:52 INFO mapred.LocalJobRunner: Starting task: attempt_local1857415324_0002_r_000001_0
26/03/02 03:32:52 INFO output.FileOutputCommitter: File Output Committer Algorithm version is 1
26/03/02 03:32:52 INFO mapred.Task:  Using ResourceCalculatorProcessTree : [ ]
26/03/02 03:32:52 INFO mapred.ReduceTask: Using ShuffleConsumerPlugin: org.apache.hadoop.mapreduce.task.reduce.Shuffle@1da74b69
26/03/02 03:32:52 INFO reduce.MergeManagerImpl: MergerManager: memoryLimit=334338464, maxSingleShuffleLimit=83584616, mergeThreshold=220663392, ioSortFactor=10, memToMemMergeOutputsThreshold=10
26/03/02 03:32:52 INFO reduce.EventFetcher: attempt_local1857415324_0002_r_000001_0 Thread started: EventFetcher for fetching Map Completion Events
26/03/02 03:32:52 INFO reduce.LocalFetcher: localfetcher#6 about to shuffle output of map attempt_local1857415324_0002_m_000000_0 decomp: 110 len: 114 to MEMORY
26/03/02 03:32:52 INFO reduce.InMemoryMapOutput: Read 110 bytes from map-output for attempt_local1857415324_0002_m_000000_0
26/03/02 03:32:52 INFO reduce.MergeManagerImpl: closeInMemoryFile -> map-output of size: 110, inMemoryMapOutputs.size() -> 1, commitMemory -> 0, usedMemory ->110
26/03/02 03:32:52 INFO reduce.EventFetcher: EventFetcher is interrupted.. Returning
26/03/02 03:32:52 INFO mapred.LocalJobRunner: 1 / 1 copied.
26/03/02 03:32:52 INFO reduce.MergeManagerImpl: finalMerge called with 1 in-memory map-outputs and 0 on-disk map-outputs
26/03/02 03:32:52 INFO mapred.Merger: Merging 1 sorted segments
26/03/02 03:32:52 INFO mapred.Merger: Down to the last merge-pass, with 1 segments left of total size: 104 bytes
26/03/02 03:32:52 INFO reduce.MergeManagerImpl: Merged 1 segments, 110 bytes to disk to satisfy reduce memory limit
26/03/02 03:32:52 INFO reduce.MergeManagerImpl: Merging 1 files, 114 bytes from disk
26/03/02 03:32:52 INFO reduce.MergeManagerImpl: Merging 0 segments, 0 bytes from memory into reduce
26/03/02 03:32:52 INFO mapred.Merger: Merging 1 sorted segments
26/03/02 03:32:52 INFO mapred.Merger: Down to the last merge-pass, with 1 segments left of total size: 104 bytes
26/03/02 03:32:52 INFO mapred.LocalJobRunner: 1 / 1 copied.
26/03/02 03:32:52 INFO mapred.Task: Task:attempt_local1857415324_0002_r_000001_0 is done. And is in the process of committing
26/03/02 03:32:52 INFO mapred.LocalJobRunner: 1 / 1 copied.
26/03/02 03:32:52 INFO mapred.Task: Task attempt_local1857415324_0002_r_000001_0 is allowed to commit now
26/03/02 03:32:52 INFO output.FileOutputCommitter: Saved output of task 'attempt_local1857415324_0002_r_000001_0' to hdfs://localhost:9000/project2/task2/runs_report_plus/k8_r30_opt/iter_2/_temporary/0/task_local1857415324_0002_r_000001
26/03/02 03:32:52 INFO mapred.LocalJobRunner: reduce > reduce
26/03/02 03:32:52 INFO mapred.Task: Task 'attempt_local1857415324_0002_r_000001_0' done.
26/03/02 03:32:52 INFO mapred.Task: Final Counters for attempt_local1857415324_0002_r_000001_0: Counters: 29
	File System Counters
		FILE: Number of bytes read=292354
		FILE: Number of bytes written=884024
		FILE: Number of read operations=0
		FILE: Number of large read operations=0
		FILE: Number of write operations=0
		HDFS: Number of bytes read=1472792
		HDFS: Number of bytes written=2436
		HDFS: Number of read operations=83
		HDFS: Number of large read operations=0
		HDFS: Number of write operations=28
	Map-Reduce Framework
		Combine input records=0
		Combine output records=0
		Reduce input groups=2
		Reduce shuffle bytes=114
		Reduce input records=2
		Reduce output records=2
		Spilled Records=2
		Shuffled Maps =1
		Failed Shuffles=0
		Merged Map outputs=1
		GC time elapsed (ms)=0
		Total committed heap usage (bytes)=394788864
	Shuffle Errors
		BAD_ID=0
		CONNECTION=0
		IO_ERROR=0
		WRONG_LENGTH=0
		WRONG_MAP=0
		WRONG_REDUCE=0
	File Output Format Counters 
		Bytes Written=202
26/03/02 03:32:52 INFO mapred.LocalJobRunner: Finishing task: attempt_local1857415324_0002_r_000001_0
26/03/02 03:32:52 INFO mapred.LocalJobRunner: Starting task: attempt_local1857415324_0002_r_000002_0
26/03/02 03:32:52 INFO output.FileOutputCommitter: File Output Committer Algorithm version is 1
26/03/02 03:32:52 INFO mapred.Task:  Using ResourceCalculatorProcessTree : [ ]
26/03/02 03:32:52 INFO mapred.ReduceTask: Using ShuffleConsumerPlugin: org.apache.hadoop.mapreduce.task.reduce.Shuffle@652b7e4f
26/03/02 03:32:52 INFO reduce.MergeManagerImpl: MergerManager: memoryLimit=334338464, maxSingleShuffleLimit=83584616, mergeThreshold=220663392, ioSortFactor=10, memToMemMergeOutputsThreshold=10
26/03/02 03:32:52 INFO reduce.EventFetcher: attempt_local1857415324_0002_r_000002_0 Thread started: EventFetcher for fetching Map Completion Events
26/03/02 03:32:52 INFO reduce.LocalFetcher: localfetcher#7 about to shuffle output of map attempt_local1857415324_0002_m_000000_0 decomp: 110 len: 114 to MEMORY
26/03/02 03:32:52 INFO reduce.InMemoryMapOutput: Read 110 bytes from map-output for attempt_local1857415324_0002_m_000000_0
26/03/02 03:32:52 INFO reduce.MergeManagerImpl: closeInMemoryFile -> map-output of size: 110, inMemoryMapOutputs.size() -> 1, commitMemory -> 0, usedMemory ->110
26/03/02 03:32:52 INFO reduce.EventFetcher: EventFetcher is interrupted.. Returning
26/03/02 03:32:52 INFO mapred.LocalJobRunner: 1 / 1 copied.
26/03/02 03:32:52 INFO reduce.MergeManagerImpl: finalMerge called with 1 in-memory map-outputs and 0 on-disk map-outputs
26/03/02 03:32:52 INFO mapred.Merger: Merging 1 sorted segments
26/03/02 03:32:52 INFO mapred.Merger: Down to the last merge-pass, with 1 segments left of total size: 104 bytes
26/03/02 03:32:52 INFO reduce.MergeManagerImpl: Merged 1 segments, 110 bytes to disk to satisfy reduce memory limit
26/03/02 03:32:52 INFO reduce.MergeManagerImpl: Merging 1 files, 114 bytes from disk
26/03/02 03:32:52 INFO reduce.MergeManagerImpl: Merging 0 segments, 0 bytes from memory into reduce
26/03/02 03:32:52 INFO mapred.Merger: Merging 1 sorted segments
26/03/02 03:32:52 INFO mapred.Merger: Down to the last merge-pass, with 1 segments left of total size: 104 bytes
26/03/02 03:32:52 INFO mapred.LocalJobRunner: 1 / 1 copied.
26/03/02 03:32:52 INFO mapred.Task: Task:attempt_local1857415324_0002_r_000002_0 is done. And is in the process of committing
26/03/02 03:32:52 INFO mapred.LocalJobRunner: 1 / 1 copied.
26/03/02 03:32:52 INFO mapred.Task: Task attempt_local1857415324_0002_r_000002_0 is allowed to commit now
26/03/02 03:32:52 INFO output.FileOutputCommitter: Saved output of task 'attempt_local1857415324_0002_r_000002_0' to hdfs://localhost:9000/project2/task2/runs_report_plus/k8_r30_opt/iter_2/_temporary/0/task_local1857415324_0002_r_000002
26/03/02 03:32:52 INFO mapred.LocalJobRunner: reduce > reduce
26/03/02 03:32:52 INFO mapred.Task: Task 'attempt_local1857415324_0002_r_000002_0' done.
26/03/02 03:32:52 INFO mapred.Task: Final Counters for attempt_local1857415324_0002_r_000002_0: Counters: 29
	File System Counters
		FILE: Number of bytes read=292800
		FILE: Number of bytes written=884138
		FILE: Number of read operations=0
		FILE: Number of large read operations=0
		FILE: Number of write operations=0
		HDFS: Number of bytes read=1472792
		HDFS: Number of bytes written=2638
		HDFS: Number of read operations=86
		HDFS: Number of large read operations=0
		HDFS: Number of write operations=30
	Map-Reduce Framework
		Combine input records=0
		Combine output records=0
		Reduce input groups=2
		Reduce shuffle bytes=114
		Reduce input records=2
		Reduce output records=2
		Spilled Records=2
		Shuffled Maps =1
		Failed Shuffles=0
		Merged Map outputs=1
		GC time elapsed (ms)=0
		Total committed heap usage (bytes)=394788864
	Shuffle Errors
		BAD_ID=0
		CONNECTION=0
		IO_ERROR=0
		WRONG_LENGTH=0
		WRONG_MAP=0
		WRONG_REDUCE=0
	File Output Format Counters 
		Bytes Written=202
26/03/02 03:32:52 INFO mapred.LocalJobRunner: Finishing task: attempt_local1857415324_0002_r_000002_0
26/03/02 03:32:52 INFO mapred.LocalJobRunner: Starting task: attempt_local1857415324_0002_r_000003_0
26/03/02 03:32:52 INFO output.FileOutputCommitter: File Output Committer Algorithm version is 1
26/03/02 03:32:52 INFO mapred.Task:  Using ResourceCalculatorProcessTree : [ ]
26/03/02 03:32:52 INFO mapred.ReduceTask: Using ShuffleConsumerPlugin: org.apache.hadoop.mapreduce.task.reduce.Shuffle@6b44ac04
26/03/02 03:32:52 INFO reduce.MergeManagerImpl: MergerManager: memoryLimit=334338464, maxSingleShuffleLimit=83584616, mergeThreshold=220663392, ioSortFactor=10, memToMemMergeOutputsThreshold=10
26/03/02 03:32:52 INFO reduce.EventFetcher: attempt_local1857415324_0002_r_000003_0 Thread started: EventFetcher for fetching Map Completion Events
26/03/02 03:32:52 INFO reduce.LocalFetcher: localfetcher#8 about to shuffle output of map attempt_local1857415324_0002_m_000000_0 decomp: 110 len: 114 to MEMORY
26/03/02 03:32:52 INFO reduce.InMemoryMapOutput: Read 110 bytes from map-output for attempt_local1857415324_0002_m_000000_0
26/03/02 03:32:52 INFO reduce.MergeManagerImpl: closeInMemoryFile -> map-output of size: 110, inMemoryMapOutputs.size() -> 1, commitMemory -> 0, usedMemory ->110
26/03/02 03:32:52 INFO reduce.EventFetcher: EventFetcher is interrupted.. Returning
26/03/02 03:32:52 INFO mapred.LocalJobRunner: 1 / 1 copied.
26/03/02 03:32:52 INFO reduce.MergeManagerImpl: finalMerge called with 1 in-memory map-outputs and 0 on-disk map-outputs
26/03/02 03:32:52 INFO mapred.Merger: Merging 1 sorted segments
26/03/02 03:32:52 INFO mapred.Merger: Down to the last merge-pass, with 1 segments left of total size: 104 bytes
26/03/02 03:32:52 INFO reduce.MergeManagerImpl: Merged 1 segments, 110 bytes to disk to satisfy reduce memory limit
26/03/02 03:32:52 INFO reduce.MergeManagerImpl: Merging 1 files, 114 bytes from disk
26/03/02 03:32:52 INFO reduce.MergeManagerImpl: Merging 0 segments, 0 bytes from memory into reduce
26/03/02 03:32:52 INFO mapred.Merger: Merging 1 sorted segments
26/03/02 03:32:52 INFO mapred.Merger: Down to the last merge-pass, with 1 segments left of total size: 104 bytes
26/03/02 03:32:52 INFO mapred.LocalJobRunner: 1 / 1 copied.
26/03/02 03:32:52 INFO mapred.Task: Task:attempt_local1857415324_0002_r_000003_0 is done. And is in the process of committing
26/03/02 03:32:52 INFO mapred.LocalJobRunner: 1 / 1 copied.
26/03/02 03:32:52 INFO mapred.Task: Task attempt_local1857415324_0002_r_000003_0 is allowed to commit now
26/03/02 03:32:52 INFO output.FileOutputCommitter: Saved output of task 'attempt_local1857415324_0002_r_000003_0' to hdfs://localhost:9000/project2/task2/runs_report_plus/k8_r30_opt/iter_2/_temporary/0/task_local1857415324_0002_r_000003
26/03/02 03:32:52 INFO mapred.LocalJobRunner: reduce > reduce
26/03/02 03:32:52 INFO mapred.Task: Task 'attempt_local1857415324_0002_r_000003_0' done.
26/03/02 03:32:52 INFO mapred.Task: Final Counters for attempt_local1857415324_0002_r_000003_0: Counters: 29
	File System Counters
		FILE: Number of bytes read=293132
		FILE: Number of bytes written=884252
		FILE: Number of read operations=0
		FILE: Number of large read operations=0
		FILE: Number of write operations=0
		HDFS: Number of bytes read=1472792
		HDFS: Number of bytes written=2843
		HDFS: Number of read operations=89
		HDFS: Number of large read operations=0
		HDFS: Number of write operations=32
	Map-Reduce Framework
		Combine input records=0
		Combine output records=0
		Reduce input groups=2
		Reduce shuffle bytes=114
		Reduce input records=2
		Reduce output records=2
		Spilled Records=2
		Shuffled Maps =1
		Failed Shuffles=0
		Merged Map outputs=1
		GC time elapsed (ms)=4
		Total committed heap usage (bytes)=433586176
	Shuffle Errors
		BAD_ID=0
		CONNECTION=0
		IO_ERROR=0
		WRONG_LENGTH=0
		WRONG_MAP=0
		WRONG_REDUCE=0
	File Output Format Counters 
		Bytes Written=205
26/03/02 03:32:52 INFO mapred.LocalJobRunner: Finishing task: attempt_local1857415324_0002_r_000003_0
26/03/02 03:32:52 INFO mapred.LocalJobRunner: reduce task executor complete.
26/03/02 03:32:53 INFO mapreduce.Job: Job job_local1857415324_0002 running in uber mode : false
26/03/02 03:32:53 INFO mapreduce.Job:  map 100% reduce 100%
26/03/02 03:32:53 INFO mapreduce.Job: Job job_local1857415324_0002 completed successfully
26/03/02 03:32:53 INFO mapreduce.Job: Counters: 35
	File System Counters
		FILE: Number of bytes read=1461200
		FILE: Number of bytes written=4420120
		FILE: Number of read operations=0
		FILE: Number of large read operations=0
		FILE: Number of write operations=0
		HDFS: Number of bytes read=7363960
		HDFS: Number of bytes written=12183
		HDFS: Number of read operations=415
		HDFS: Number of large read operations=0
		HDFS: Number of write operations=140
	Map-Reduce Framework
		Map input records=10000
		Map output records=10000
		Map output bytes=520000
		Map output materialized bytes=456
		Input split bytes=121
		Combine input records=10000
		Combine output records=8
		Reduce input groups=8
		Reduce shuffle bytes=456
		Reduce input records=8
		Reduce output records=8
		Spilled Records=16
		Shuffled Maps =4
		Failed Shuffles=0
		Merged Map outputs=4
		GC time elapsed (ms)=4
		Total committed heap usage (bytes)=2012741632
	Shuffle Errors
		BAD_ID=0
		CONNECTION=0
		IO_ERROR=0
		WRONG_LENGTH=0
		WRONG_MAP=0
		WRONG_REDUCE=0
	File Input Format Counters 
		Bytes Read=733758
	File Output Format Counters 
		Bytes Written=811
26/03/02 03:32:53 INFO jvm.JvmMetrics: Cannot initialize JVM Metrics with processName=JobTracker, sessionId= - already initialized
26/03/02 03:32:53 WARN mapreduce.JobResourceUploader: Hadoop command-line option parsing not performed. Implement the Tool interface and execute your application with ToolRunner to remedy this.
26/03/02 03:32:53 INFO input.FileInputFormat: Total input paths to process : 1
26/03/02 03:32:53 INFO mapreduce.JobSubmitter: number of splits:1
26/03/02 03:32:53 INFO mapreduce.JobSubmitter: Submitting tokens for job: job_local474403326_0003
26/03/02 03:32:53 INFO mapred.LocalDistributedCacheManager: Creating symlink: /tmp/hadoop-ds503/mapred/local/1772422373627/centers_iter_2.csv <- /home/ds503/centers_iter_2.csv
26/03/02 03:32:53 INFO mapred.LocalDistributedCacheManager: Localized hdfs://localhost:9000/project2/task2/runs_report_plus/k8_r30_opt/centers_iter_2.csv as file:/tmp/hadoop-ds503/mapred/local/1772422373627/centers_iter_2.csv
26/03/02 03:32:53 INFO mapreduce.Job: The url to track the job: http://localhost:8080/
26/03/02 03:32:53 INFO mapreduce.Job: Running job: job_local474403326_0003
26/03/02 03:32:53 INFO mapred.LocalJobRunner: OutputCommitter set in config null
26/03/02 03:32:53 INFO output.FileOutputCommitter: File Output Committer Algorithm version is 1
26/03/02 03:32:53 INFO mapred.LocalJobRunner: OutputCommitter is org.apache.hadoop.mapreduce.lib.output.FileOutputCommitter
26/03/02 03:32:53 INFO mapred.LocalJobRunner: Waiting for map tasks
26/03/02 03:32:53 INFO mapred.LocalJobRunner: Starting task: attempt_local474403326_0003_m_000000_0
26/03/02 03:32:53 INFO output.FileOutputCommitter: File Output Committer Algorithm version is 1
26/03/02 03:32:53 INFO mapred.Task:  Using ResourceCalculatorProcessTree : [ ]
26/03/02 03:32:53 INFO mapred.MapTask: Processing split: hdfs://localhost:9000/project2/task2/input/points_4d.csv:0+733758
26/03/02 03:32:53 INFO mapred.MapTask: (EQUATOR) 0 kvi 26214396(104857584)
26/03/02 03:32:53 INFO mapred.MapTask: mapreduce.task.io.sort.mb: 100
26/03/02 03:32:53 INFO mapred.MapTask: soft limit at 83886080
26/03/02 03:32:53 INFO mapred.MapTask: bufstart = 0; bufvoid = 104857600
26/03/02 03:32:53 INFO mapred.MapTask: kvstart = 26214396; length = 6553600
26/03/02 03:32:53 INFO mapred.MapTask: Map output collector class = org.apache.hadoop.mapred.MapTask$MapOutputBuffer
26/03/02 03:32:53 INFO mapred.LocalJobRunner: 
26/03/02 03:32:53 INFO mapred.MapTask: Starting flush of map output
26/03/02 03:32:53 INFO mapred.MapTask: Spilling map output
26/03/02 03:32:53 INFO mapred.MapTask: bufstart = 0; bufend = 520000; bufvoid = 104857600
26/03/02 03:32:53 INFO mapred.MapTask: kvstart = 26214396(104857584); kvend = 26174400(104697600); length = 39997/6553600
26/03/02 03:32:53 INFO mapred.MapTask: Finished spill 0
26/03/02 03:32:53 INFO mapred.Task: Task:attempt_local474403326_0003_m_000000_0 is done. And is in the process of committing
26/03/02 03:32:53 INFO mapred.LocalJobRunner: map
26/03/02 03:32:53 INFO mapred.Task: Task 'attempt_local474403326_0003_m_000000_0' done.
26/03/02 03:32:53 INFO mapred.Task: Final Counters for attempt_local474403326_0003_m_000000_0: Counters: 23
	File System Counters
		FILE: Number of bytes read=437686
		FILE: Number of bytes written=1325121
		FILE: Number of read operations=0
		FILE: Number of large read operations=0
		FILE: Number of write operations=0
		HDFS: Number of bytes read=2209985
		HDFS: Number of bytes written=3445
		HDFS: Number of read operations=133
		HDFS: Number of large read operations=0
		HDFS: Number of write operations=42
	Map-Reduce Framework
		Map input records=10000
		Map output records=10000
		Map output bytes=520000
		Map output materialized bytes=456
		Input split bytes=121
		Combine input records=10000
		Combine output records=8
		Spilled Records=8
		Failed Shuffles=0
		Merged Map outputs=0
		GC time elapsed (ms)=197
		Total committed heap usage (bytes)=350748672
	File Input Format Counters 
		Bytes Read=733758
26/03/02 03:32:53 INFO mapred.LocalJobRunner: Finishing task: attempt_local474403326_0003_m_000000_0
26/03/02 03:32:53 INFO mapred.LocalJobRunner: map task executor complete.
26/03/02 03:32:53 INFO mapred.LocalJobRunner: Waiting for reduce tasks
26/03/02 03:32:53 INFO mapred.LocalJobRunner: Starting task: attempt_local474403326_0003_r_000000_0
26/03/02 03:32:53 INFO output.FileOutputCommitter: File Output Committer Algorithm version is 1
26/03/02 03:32:53 INFO mapred.Task:  Using ResourceCalculatorProcessTree : [ ]
26/03/02 03:32:53 INFO mapred.ReduceTask: Using ShuffleConsumerPlugin: org.apache.hadoop.mapreduce.task.reduce.Shuffle@34a5e7a3
26/03/02 03:32:53 INFO reduce.MergeManagerImpl: MergerManager: memoryLimit=334338464, maxSingleShuffleLimit=83584616, mergeThreshold=220663392, ioSortFactor=10, memToMemMergeOutputsThreshold=10
26/03/02 03:32:53 INFO reduce.EventFetcher: attempt_local474403326_0003_r_000000_0 Thread started: EventFetcher for fetching Map Completion Events
26/03/02 03:32:53 INFO reduce.LocalFetcher: localfetcher#9 about to shuffle output of map attempt_local474403326_0003_m_000000_0 decomp: 110 len: 114 to MEMORY
26/03/02 03:32:53 INFO reduce.InMemoryMapOutput: Read 110 bytes from map-output for attempt_local474403326_0003_m_000000_0
26/03/02 03:32:53 INFO reduce.MergeManagerImpl: closeInMemoryFile -> map-output of size: 110, inMemoryMapOutputs.size() -> 1, commitMemory -> 0, usedMemory ->110
26/03/02 03:32:53 INFO reduce.EventFetcher: EventFetcher is interrupted.. Returning
26/03/02 03:32:53 INFO mapred.LocalJobRunner: 1 / 1 copied.
26/03/02 03:32:53 INFO reduce.MergeManagerImpl: finalMerge called with 1 in-memory map-outputs and 0 on-disk map-outputs
26/03/02 03:32:53 INFO mapred.Merger: Merging 1 sorted segments
26/03/02 03:32:53 INFO mapred.Merger: Down to the last merge-pass, with 1 segments left of total size: 104 bytes
26/03/02 03:32:53 INFO reduce.MergeManagerImpl: Merged 1 segments, 110 bytes to disk to satisfy reduce memory limit
26/03/02 03:32:53 INFO reduce.MergeManagerImpl: Merging 1 files, 114 bytes from disk
26/03/02 03:32:53 INFO reduce.MergeManagerImpl: Merging 0 segments, 0 bytes from memory into reduce
26/03/02 03:32:53 INFO mapred.Merger: Merging 1 sorted segments
26/03/02 03:32:53 INFO mapred.Merger: Down to the last merge-pass, with 1 segments left of total size: 104 bytes
26/03/02 03:32:53 INFO mapred.LocalJobRunner: 1 / 1 copied.
26/03/02 03:32:53 INFO mapred.Task: Task:attempt_local474403326_0003_r_000000_0 is done. And is in the process of committing
26/03/02 03:32:53 INFO mapred.LocalJobRunner: 1 / 1 copied.
26/03/02 03:32:53 INFO mapred.Task: Task attempt_local474403326_0003_r_000000_0 is allowed to commit now
26/03/02 03:32:53 INFO output.FileOutputCommitter: Saved output of task 'attempt_local474403326_0003_r_000000_0' to hdfs://localhost:9000/project2/task2/runs_report_plus/k8_r30_opt/iter_3/_temporary/0/task_local474403326_0003_r_000000
26/03/02 03:32:53 INFO mapred.LocalJobRunner: reduce > reduce
26/03/02 03:32:53 INFO mapred.Task: Task 'attempt_local474403326_0003_r_000000_0' done.
26/03/02 03:32:53 INFO mapred.Task: Final Counters for attempt_local474403326_0003_r_000000_0: Counters: 29
	File System Counters
		FILE: Number of bytes read=438360
		FILE: Number of bytes written=1325235
		FILE: Number of read operations=0
		FILE: Number of large read operations=0
		FILE: Number of write operations=0
		HDFS: Number of bytes read=2209985
		HDFS: Number of bytes written=3650
		HDFS: Number of read operations=136
		HDFS: Number of large read operations=0
		HDFS: Number of write operations=44
	Map-Reduce Framework
		Combine input records=0
		Combine output records=0
		Reduce input groups=2
		Reduce shuffle bytes=114
		Reduce input records=2
		Reduce output records=2
		Spilled Records=2
		Shuffled Maps =1
		Failed Shuffles=0
		Merged Map outputs=1
		GC time elapsed (ms)=0
		Total committed heap usage (bytes)=350748672
	Shuffle Errors
		BAD_ID=0
		CONNECTION=0
		IO_ERROR=0
		WRONG_LENGTH=0
		WRONG_MAP=0
		WRONG_REDUCE=0
	File Output Format Counters 
		Bytes Written=205
26/03/02 03:32:53 INFO mapred.LocalJobRunner: Finishing task: attempt_local474403326_0003_r_000000_0
26/03/02 03:32:53 INFO mapred.LocalJobRunner: Starting task: attempt_local474403326_0003_r_000001_0
26/03/02 03:32:53 INFO output.FileOutputCommitter: File Output Committer Algorithm version is 1
26/03/02 03:32:53 INFO mapred.Task:  Using ResourceCalculatorProcessTree : [ ]
26/03/02 03:32:53 INFO mapred.ReduceTask: Using ShuffleConsumerPlugin: org.apache.hadoop.mapreduce.task.reduce.Shuffle@605c6d4b
26/03/02 03:32:53 INFO reduce.MergeManagerImpl: MergerManager: memoryLimit=334338464, maxSingleShuffleLimit=83584616, mergeThreshold=220663392, ioSortFactor=10, memToMemMergeOutputsThreshold=10
26/03/02 03:32:53 INFO reduce.EventFetcher: attempt_local474403326_0003_r_000001_0 Thread started: EventFetcher for fetching Map Completion Events
26/03/02 03:32:53 INFO reduce.LocalFetcher: localfetcher#10 about to shuffle output of map attempt_local474403326_0003_m_000000_0 decomp: 110 len: 114 to MEMORY
26/03/02 03:32:53 INFO reduce.InMemoryMapOutput: Read 110 bytes from map-output for attempt_local474403326_0003_m_000000_0
26/03/02 03:32:53 INFO reduce.MergeManagerImpl: closeInMemoryFile -> map-output of size: 110, inMemoryMapOutputs.size() -> 1, commitMemory -> 0, usedMemory ->110
26/03/02 03:32:53 WARN io.ReadaheadPool: Failed readahead on ifile
EBADF: Bad file descriptor
	at org.apache.hadoop.io.nativeio.NativeIO$POSIX.posix_fadvise(Native Method)
	at org.apache.hadoop.io.nativeio.NativeIO$POSIX.posixFadviseIfPossible(NativeIO.java:267)
	at org.apache.hadoop.io.nativeio.NativeIO$POSIX$CacheManipulator.posixFadviseIfPossible(NativeIO.java:146)
	at org.apache.hadoop.io.ReadaheadPool$ReadaheadRequestImpl.run(ReadaheadPool.java:206)
	at java.util.concurrent.ThreadPoolExecutor.runWorker(ThreadPoolExecutor.java:1149)
	at java.util.concurrent.ThreadPoolExecutor$Worker.run(ThreadPoolExecutor.java:624)
	at java.lang.Thread.run(Thread.java:748)
26/03/02 03:32:53 INFO reduce.EventFetcher: EventFetcher is interrupted.. Returning
26/03/02 03:32:53 INFO mapred.LocalJobRunner: 1 / 1 copied.
26/03/02 03:32:53 INFO reduce.MergeManagerImpl: finalMerge called with 1 in-memory map-outputs and 0 on-disk map-outputs
26/03/02 03:32:53 INFO mapred.Merger: Merging 1 sorted segments
26/03/02 03:32:53 INFO mapred.Merger: Down to the last merge-pass, with 1 segments left of total size: 104 bytes
26/03/02 03:32:53 INFO reduce.MergeManagerImpl: Merged 1 segments, 110 bytes to disk to satisfy reduce memory limit
26/03/02 03:32:53 INFO reduce.MergeManagerImpl: Merging 1 files, 114 bytes from disk
26/03/02 03:32:53 INFO reduce.MergeManagerImpl: Merging 0 segments, 0 bytes from memory into reduce
26/03/02 03:32:53 INFO mapred.Merger: Merging 1 sorted segments
26/03/02 03:32:53 INFO mapred.Merger: Down to the last merge-pass, with 1 segments left of total size: 104 bytes
26/03/02 03:32:53 INFO mapred.LocalJobRunner: 1 / 1 copied.
26/03/02 03:32:54 INFO mapred.Task: Task:attempt_local474403326_0003_r_000001_0 is done. And is in the process of committing
26/03/02 03:32:54 INFO mapred.LocalJobRunner: 1 / 1 copied.
26/03/02 03:32:54 INFO mapred.Task: Task attempt_local474403326_0003_r_000001_0 is allowed to commit now
26/03/02 03:32:54 INFO output.FileOutputCommitter: Saved output of task 'attempt_local474403326_0003_r_000001_0' to hdfs://localhost:9000/project2/task2/runs_report_plus/k8_r30_opt/iter_3/_temporary/0/task_local474403326_0003_r_000001
26/03/02 03:32:54 INFO mapred.LocalJobRunner: reduce > reduce
26/03/02 03:32:54 INFO mapred.Task: Task 'attempt_local474403326_0003_r_000001_0' done.
26/03/02 03:32:54 INFO mapred.Task: Final Counters for attempt_local474403326_0003_r_000001_0: Counters: 29
	File System Counters
		FILE: Number of bytes read=438920
		FILE: Number of bytes written=1325349
		FILE: Number of read operations=0
		FILE: Number of large read operations=0
		FILE: Number of write operations=0
		HDFS: Number of bytes read=2209985
		HDFS: Number of bytes written=3847
		HDFS: Number of read operations=139
		HDFS: Number of large read operations=0
		HDFS: Number of write operations=46
	Map-Reduce Framework
		Combine input records=0
		Combine output records=0
		Reduce input groups=2
		Reduce shuffle bytes=114
		Reduce input records=2
		Reduce output records=2
		Spilled Records=2
		Shuffled Maps =1
		Failed Shuffles=0
		Merged Map outputs=1
		GC time elapsed (ms)=0
		Total committed heap usage (bytes)=350748672
	Shuffle Errors
		BAD_ID=0
		CONNECTION=0
		IO_ERROR=0
		WRONG_LENGTH=0
		WRONG_MAP=0
		WRONG_REDUCE=0
	File Output Format Counters 
		Bytes Written=197
26/03/02 03:32:54 INFO mapred.LocalJobRunner: Finishing task: attempt_local474403326_0003_r_000001_0
26/03/02 03:32:54 INFO mapred.LocalJobRunner: Starting task: attempt_local474403326_0003_r_000002_0
26/03/02 03:32:54 INFO output.FileOutputCommitter: File Output Committer Algorithm version is 1
26/03/02 03:32:54 INFO mapred.Task:  Using ResourceCalculatorProcessTree : [ ]
26/03/02 03:32:54 INFO mapred.ReduceTask: Using ShuffleConsumerPlugin: org.apache.hadoop.mapreduce.task.reduce.Shuffle@1b70fa33
26/03/02 03:32:54 INFO reduce.MergeManagerImpl: MergerManager: memoryLimit=334338464, maxSingleShuffleLimit=83584616, mergeThreshold=220663392, ioSortFactor=10, memToMemMergeOutputsThreshold=10
26/03/02 03:32:54 INFO reduce.EventFetcher: attempt_local474403326_0003_r_000002_0 Thread started: EventFetcher for fetching Map Completion Events
26/03/02 03:32:54 INFO reduce.LocalFetcher: localfetcher#11 about to shuffle output of map attempt_local474403326_0003_m_000000_0 decomp: 110 len: 114 to MEMORY
26/03/02 03:32:54 INFO reduce.InMemoryMapOutput: Read 110 bytes from map-output for attempt_local474403326_0003_m_000000_0
26/03/02 03:32:54 INFO reduce.MergeManagerImpl: closeInMemoryFile -> map-output of size: 110, inMemoryMapOutputs.size() -> 1, commitMemory -> 0, usedMemory ->110
26/03/02 03:32:54 INFO reduce.EventFetcher: EventFetcher is interrupted.. Returning
26/03/02 03:32:54 INFO mapred.LocalJobRunner: 1 / 1 copied.
26/03/02 03:32:54 INFO reduce.MergeManagerImpl: finalMerge called with 1 in-memory map-outputs and 0 on-disk map-outputs
26/03/02 03:32:54 INFO mapred.Merger: Merging 1 sorted segments
26/03/02 03:32:54 INFO mapred.Merger: Down to the last merge-pass, with 1 segments left of total size: 104 bytes
26/03/02 03:32:54 INFO reduce.MergeManagerImpl: Merged 1 segments, 110 bytes to disk to satisfy reduce memory limit
26/03/02 03:32:54 INFO reduce.MergeManagerImpl: Merging 1 files, 114 bytes from disk
26/03/02 03:32:54 INFO reduce.MergeManagerImpl: Merging 0 segments, 0 bytes from memory into reduce
26/03/02 03:32:54 INFO mapred.Merger: Merging 1 sorted segments
26/03/02 03:32:54 INFO mapred.Merger: Down to the last merge-pass, with 1 segments left of total size: 104 bytes
26/03/02 03:32:54 INFO mapred.LocalJobRunner: 1 / 1 copied.
26/03/02 03:32:54 INFO mapreduce.Job: Job job_local474403326_0003 running in uber mode : false
26/03/02 03:32:54 INFO mapreduce.Job:  map 100% reduce 50%
26/03/02 03:32:54 INFO mapred.Task: Task:attempt_local474403326_0003_r_000002_0 is done. And is in the process of committing
26/03/02 03:32:54 INFO mapred.LocalJobRunner: 1 / 1 copied.
26/03/02 03:32:54 INFO mapred.Task: Task attempt_local474403326_0003_r_000002_0 is allowed to commit now
26/03/02 03:32:54 INFO output.FileOutputCommitter: Saved output of task 'attempt_local474403326_0003_r_000002_0' to hdfs://localhost:9000/project2/task2/runs_report_plus/k8_r30_opt/iter_3/_temporary/0/task_local474403326_0003_r_000002
26/03/02 03:32:54 INFO mapred.LocalJobRunner: reduce > reduce
26/03/02 03:32:54 INFO mapred.Task: Task 'attempt_local474403326_0003_r_000002_0' done.
26/03/02 03:32:54 INFO mapred.Task: Final Counters for attempt_local474403326_0003_r_000002_0: Counters: 29
	File System Counters
		FILE: Number of bytes read=439366
		FILE: Number of bytes written=1325463
		FILE: Number of read operations=0
		FILE: Number of large read operations=0
		FILE: Number of write operations=0
		HDFS: Number of bytes read=2209985
		HDFS: Number of bytes written=4049
		HDFS: Number of read operations=142
		HDFS: Number of large read operations=0
		HDFS: Number of write operations=48
	Map-Reduce Framework
		Combine input records=0
		Combine output records=0
		Reduce input groups=2
		Reduce shuffle bytes=114
		Reduce input records=2
		Reduce output records=2
		Spilled Records=2
		Shuffled Maps =1
		Failed Shuffles=0
		Merged Map outputs=1
		GC time elapsed (ms)=0
		Total committed heap usage (bytes)=350748672
	Shuffle Errors
		BAD_ID=0
		CONNECTION=0
		IO_ERROR=0
		WRONG_LENGTH=0
		WRONG_MAP=0
		WRONG_REDUCE=0
	File Output Format Counters 
		Bytes Written=202
26/03/02 03:32:54 INFO mapred.LocalJobRunner: Finishing task: attempt_local474403326_0003_r_000002_0
26/03/02 03:32:54 INFO mapred.LocalJobRunner: Starting task: attempt_local474403326_0003_r_000003_0
26/03/02 03:32:54 INFO output.FileOutputCommitter: File Output Committer Algorithm version is 1
26/03/02 03:32:54 INFO mapred.Task:  Using ResourceCalculatorProcessTree : [ ]
26/03/02 03:32:54 INFO mapred.ReduceTask: Using ShuffleConsumerPlugin: org.apache.hadoop.mapreduce.task.reduce.Shuffle@383c6cb
26/03/02 03:32:54 INFO reduce.MergeManagerImpl: MergerManager: memoryLimit=334338464, maxSingleShuffleLimit=83584616, mergeThreshold=220663392, ioSortFactor=10, memToMemMergeOutputsThreshold=10
26/03/02 03:32:54 INFO reduce.EventFetcher: attempt_local474403326_0003_r_000003_0 Thread started: EventFetcher for fetching Map Completion Events
26/03/02 03:32:54 INFO reduce.LocalFetcher: localfetcher#12 about to shuffle output of map attempt_local474403326_0003_m_000000_0 decomp: 110 len: 114 to MEMORY
26/03/02 03:32:54 INFO reduce.InMemoryMapOutput: Read 110 bytes from map-output for attempt_local474403326_0003_m_000000_0
26/03/02 03:32:54 INFO reduce.MergeManagerImpl: closeInMemoryFile -> map-output of size: 110, inMemoryMapOutputs.size() -> 1, commitMemory -> 0, usedMemory ->110
26/03/02 03:32:54 WARN io.ReadaheadPool: Failed readahead on ifile
EBADF: Bad file descriptor
	at org.apache.hadoop.io.nativeio.NativeIO$POSIX.posix_fadvise(Native Method)
	at org.apache.hadoop.io.nativeio.NativeIO$POSIX.posixFadviseIfPossible(NativeIO.java:267)
	at org.apache.hadoop.io.nativeio.NativeIO$POSIX$CacheManipulator.posixFadviseIfPossible(NativeIO.java:146)
	at org.apache.hadoop.io.ReadaheadPool$ReadaheadRequestImpl.run(ReadaheadPool.java:206)
	at java.util.concurrent.ThreadPoolExecutor.runWorker(ThreadPoolExecutor.java:1149)
	at java.util.concurrent.ThreadPoolExecutor$Worker.run(ThreadPoolExecutor.java:624)
	at java.lang.Thread.run(Thread.java:748)
26/03/02 03:32:54 INFO reduce.EventFetcher: EventFetcher is interrupted.. Returning
26/03/02 03:32:54 INFO mapred.LocalJobRunner: 1 / 1 copied.
26/03/02 03:32:54 INFO reduce.MergeManagerImpl: finalMerge called with 1 in-memory map-outputs and 0 on-disk map-outputs
26/03/02 03:32:54 INFO mapred.Merger: Merging 1 sorted segments
26/03/02 03:32:54 INFO mapred.Merger: Down to the last merge-pass, with 1 segments left of total size: 104 bytes
26/03/02 03:32:54 INFO reduce.MergeManagerImpl: Merged 1 segments, 110 bytes to disk to satisfy reduce memory limit
26/03/02 03:32:54 INFO reduce.MergeManagerImpl: Merging 1 files, 114 bytes from disk
26/03/02 03:32:54 INFO reduce.MergeManagerImpl: Merging 0 segments, 0 bytes from memory into reduce
26/03/02 03:32:54 INFO mapred.Merger: Merging 1 sorted segments
26/03/02 03:32:54 INFO mapred.Merger: Down to the last merge-pass, with 1 segments left of total size: 104 bytes
26/03/02 03:32:54 INFO mapred.LocalJobRunner: 1 / 1 copied.
26/03/02 03:32:54 INFO mapred.Task: Task:attempt_local474403326_0003_r_000003_0 is done. And is in the process of committing
26/03/02 03:32:54 INFO mapred.LocalJobRunner: 1 / 1 copied.
26/03/02 03:32:54 INFO mapred.Task: Task attempt_local474403326_0003_r_000003_0 is allowed to commit now
26/03/02 03:32:54 INFO output.FileOutputCommitter: Saved output of task 'attempt_local474403326_0003_r_000003_0' to hdfs://localhost:9000/project2/task2/runs_report_plus/k8_r30_opt/iter_3/_temporary/0/task_local474403326_0003_r_000003
26/03/02 03:32:54 INFO mapred.LocalJobRunner: reduce > reduce
26/03/02 03:32:54 INFO mapred.Task: Task 'attempt_local474403326_0003_r_000003_0' done.
26/03/02 03:32:54 INFO mapred.Task: Final Counters for attempt_local474403326_0003_r_000003_0: Counters: 29
	File System Counters
		FILE: Number of bytes read=439698
		FILE: Number of bytes written=1325577
		FILE: Number of read operations=0
		FILE: Number of large read operations=0
		FILE: Number of write operations=0
		HDFS: Number of bytes read=2209985
		HDFS: Number of bytes written=4252
		HDFS: Number of read operations=145
		HDFS: Number of large read operations=0
		HDFS: Number of write operations=50
	Map-Reduce Framework
		Combine input records=0
		Combine output records=0
		Reduce input groups=2
		Reduce shuffle bytes=114
		Reduce input records=2
		Reduce output records=2
		Spilled Records=2
		Shuffled Maps =1
		Failed Shuffles=0
		Merged Map outputs=1
		GC time elapsed (ms)=0
		Total committed heap usage (bytes)=350748672
	Shuffle Errors
		BAD_ID=0
		CONNECTION=0
		IO_ERROR=0
		WRONG_LENGTH=0
		WRONG_MAP=0
		WRONG_REDUCE=0
	File Output Format Counters 
		Bytes Written=203
26/03/02 03:32:54 INFO mapred.LocalJobRunner: Finishing task: attempt_local474403326_0003_r_000003_0
26/03/02 03:32:54 INFO mapred.LocalJobRunner: reduce task executor complete.
26/03/02 03:32:55 INFO mapreduce.Job:  map 100% reduce 100%
26/03/02 03:32:55 INFO mapreduce.Job: Job job_local474403326_0003 completed successfully
26/03/02 03:32:55 INFO mapreduce.Job: Counters: 35
	File System Counters
		FILE: Number of bytes read=2194030
		FILE: Number of bytes written=6626745
		FILE: Number of read operations=0
		FILE: Number of large read operations=0
		FILE: Number of write operations=0
		HDFS: Number of bytes read=11049925
		HDFS: Number of bytes written=19243
		HDFS: Number of read operations=695
		HDFS: Number of large read operations=0
		HDFS: Number of write operations=230
	Map-Reduce Framework
		Map input records=10000
		Map output records=10000
		Map output bytes=520000
		Map output materialized bytes=456
		Input split bytes=121
		Combine input records=10000
		Combine output records=8
		Reduce input groups=8
		Reduce shuffle bytes=456
		Reduce input records=8
		Reduce output records=8
		Spilled Records=16
		Shuffled Maps =4
		Failed Shuffles=0
		Merged Map outputs=4
		GC time elapsed (ms)=197
		Total committed heap usage (bytes)=1753743360
	Shuffle Errors
		BAD_ID=0
		CONNECTION=0
		IO_ERROR=0
		WRONG_LENGTH=0
		WRONG_MAP=0
		WRONG_REDUCE=0
	File Input Format Counters 
		Bytes Read=733758
	File Output Format Counters 
		Bytes Written=807
26/03/02 03:32:55 INFO jvm.JvmMetrics: Cannot initialize JVM Metrics with processName=JobTracker, sessionId= - already initialized
26/03/02 03:32:55 WARN mapreduce.JobResourceUploader: Hadoop command-line option parsing not performed. Implement the Tool interface and execute your application with ToolRunner to remedy this.
26/03/02 03:32:55 INFO input.FileInputFormat: Total input paths to process : 1
26/03/02 03:32:55 INFO mapreduce.JobSubmitter: number of splits:1
26/03/02 03:32:55 INFO mapreduce.JobSubmitter: Submitting tokens for job: job_local1385972463_0004
26/03/02 03:32:55 INFO mapred.LocalDistributedCacheManager: Creating symlink: /tmp/hadoop-ds503/mapred/local/1772422375731/centers_iter_3.csv <- /home/ds503/centers_iter_3.csv
26/03/02 03:32:55 INFO mapred.LocalDistributedCacheManager: Localized hdfs://localhost:9000/project2/task2/runs_report_plus/k8_r30_opt/centers_iter_3.csv as file:/tmp/hadoop-ds503/mapred/local/1772422375731/centers_iter_3.csv
26/03/02 03:32:55 INFO mapreduce.Job: The url to track the job: http://localhost:8080/
26/03/02 03:32:55 INFO mapreduce.Job: Running job: job_local1385972463_0004
26/03/02 03:32:55 INFO mapred.LocalJobRunner: OutputCommitter set in config null
26/03/02 03:32:55 INFO output.FileOutputCommitter: File Output Committer Algorithm version is 1
26/03/02 03:32:55 INFO mapred.LocalJobRunner: OutputCommitter is org.apache.hadoop.mapreduce.lib.output.FileOutputCommitter
26/03/02 03:32:55 INFO mapred.LocalJobRunner: Waiting for map tasks
26/03/02 03:32:55 INFO mapred.LocalJobRunner: Starting task: attempt_local1385972463_0004_m_000000_0
26/03/02 03:32:55 INFO output.FileOutputCommitter: File Output Committer Algorithm version is 1
26/03/02 03:32:55 INFO mapred.Task:  Using ResourceCalculatorProcessTree : [ ]
26/03/02 03:32:55 INFO mapred.MapTask: Processing split: hdfs://localhost:9000/project2/task2/input/points_4d.csv:0+733758
26/03/02 03:32:55 INFO mapred.MapTask: (EQUATOR) 0 kvi 26214396(104857584)
26/03/02 03:32:55 INFO mapred.MapTask: mapreduce.task.io.sort.mb: 100
26/03/02 03:32:55 INFO mapred.MapTask: soft limit at 83886080
26/03/02 03:32:55 INFO mapred.MapTask: bufstart = 0; bufvoid = 104857600
26/03/02 03:32:55 INFO mapred.MapTask: kvstart = 26214396; length = 6553600
26/03/02 03:32:55 INFO mapred.MapTask: Map output collector class = org.apache.hadoop.mapred.MapTask$MapOutputBuffer
26/03/02 03:32:55 INFO mapred.LocalJobRunner: 
26/03/02 03:32:55 INFO mapred.MapTask: Starting flush of map output
26/03/02 03:32:55 INFO mapred.MapTask: Spilling map output
26/03/02 03:32:55 INFO mapred.MapTask: bufstart = 0; bufend = 520000; bufvoid = 104857600
26/03/02 03:32:55 INFO mapred.MapTask: kvstart = 26214396(104857584); kvend = 26174400(104697600); length = 39997/6553600
26/03/02 03:32:55 INFO mapred.MapTask: Finished spill 0
26/03/02 03:32:55 INFO mapred.Task: Task:attempt_local1385972463_0004_m_000000_0 is done. And is in the process of committing
26/03/02 03:32:55 INFO mapred.LocalJobRunner: map
26/03/02 03:32:55 INFO mapred.Task: Task 'attempt_local1385972463_0004_m_000000_0' done.
26/03/02 03:32:55 INFO mapred.Task: Final Counters for attempt_local1385972463_0004_m_000000_0: Counters: 23
	File System Counters
		FILE: Number of bytes read=584252
		FILE: Number of bytes written=1768028
		FILE: Number of read operations=0
		FILE: Number of large read operations=0
		FILE: Number of write operations=0
		HDFS: Number of bytes read=2947151
		HDFS: Number of bytes written=4848
		HDFS: Number of read operations=189
		HDFS: Number of large read operations=0
		HDFS: Number of write operations=60
	Map-Reduce Framework
		Map input records=10000
		Map output records=10000
		Map output bytes=520000
		Map output materialized bytes=456
		Input split bytes=121
		Combine input records=10000
		Combine output records=8
		Spilled Records=8
		Failed Shuffles=0
		Merged Map outputs=0
		GC time elapsed (ms)=0
		Total committed heap usage (bytes)=456130560
	File Input Format Counters 
		Bytes Read=733758
26/03/02 03:32:55 INFO mapred.LocalJobRunner: Finishing task: attempt_local1385972463_0004_m_000000_0
26/03/02 03:32:55 INFO mapred.LocalJobRunner: map task executor complete.
26/03/02 03:32:55 INFO mapred.LocalJobRunner: Waiting for reduce tasks
26/03/02 03:32:55 INFO mapred.LocalJobRunner: Starting task: attempt_local1385972463_0004_r_000000_0
26/03/02 03:32:55 INFO output.FileOutputCommitter: File Output Committer Algorithm version is 1
26/03/02 03:32:55 INFO mapred.Task:  Using ResourceCalculatorProcessTree : [ ]
26/03/02 03:32:55 INFO mapred.ReduceTask: Using ShuffleConsumerPlugin: org.apache.hadoop.mapreduce.task.reduce.Shuffle@71034d7b
26/03/02 03:32:55 INFO reduce.MergeManagerImpl: MergerManager: memoryLimit=334338464, maxSingleShuffleLimit=83584616, mergeThreshold=220663392, ioSortFactor=10, memToMemMergeOutputsThreshold=10
26/03/02 03:32:55 INFO reduce.EventFetcher: attempt_local1385972463_0004_r_000000_0 Thread started: EventFetcher for fetching Map Completion Events
26/03/02 03:32:55 INFO reduce.LocalFetcher: localfetcher#13 about to shuffle output of map attempt_local1385972463_0004_m_000000_0 decomp: 110 len: 114 to MEMORY
26/03/02 03:32:55 INFO reduce.InMemoryMapOutput: Read 110 bytes from map-output for attempt_local1385972463_0004_m_000000_0
26/03/02 03:32:55 INFO reduce.MergeManagerImpl: closeInMemoryFile -> map-output of size: 110, inMemoryMapOutputs.size() -> 1, commitMemory -> 0, usedMemory ->110
26/03/02 03:32:55 INFO reduce.EventFetcher: EventFetcher is interrupted.. Returning
26/03/02 03:32:55 INFO mapred.LocalJobRunner: 1 / 1 copied.
26/03/02 03:32:55 INFO reduce.MergeManagerImpl: finalMerge called with 1 in-memory map-outputs and 0 on-disk map-outputs
26/03/02 03:32:55 INFO mapred.Merger: Merging 1 sorted segments
26/03/02 03:32:55 INFO mapred.Merger: Down to the last merge-pass, with 1 segments left of total size: 104 bytes
26/03/02 03:32:55 INFO reduce.MergeManagerImpl: Merged 1 segments, 110 bytes to disk to satisfy reduce memory limit
26/03/02 03:32:55 INFO reduce.MergeManagerImpl: Merging 1 files, 114 bytes from disk
26/03/02 03:32:55 INFO reduce.MergeManagerImpl: Merging 0 segments, 0 bytes from memory into reduce
26/03/02 03:32:55 INFO mapred.Merger: Merging 1 sorted segments
26/03/02 03:32:55 INFO mapred.Merger: Down to the last merge-pass, with 1 segments left of total size: 104 bytes
26/03/02 03:32:55 INFO mapred.LocalJobRunner: 1 / 1 copied.
26/03/02 03:32:55 INFO mapred.Task: Task:attempt_local1385972463_0004_r_000000_0 is done. And is in the process of committing
26/03/02 03:32:55 INFO mapred.LocalJobRunner: 1 / 1 copied.
26/03/02 03:32:55 INFO mapred.Task: Task attempt_local1385972463_0004_r_000000_0 is allowed to commit now
26/03/02 03:32:55 INFO output.FileOutputCommitter: Saved output of task 'attempt_local1385972463_0004_r_000000_0' to hdfs://localhost:9000/project2/task2/runs_report_plus/k8_r30_opt/iter_4/_temporary/0/task_local1385972463_0004_r_000000
26/03/02 03:32:55 INFO mapred.LocalJobRunner: reduce > reduce
26/03/02 03:32:55 INFO mapred.Task: Task 'attempt_local1385972463_0004_r_000000_0' done.
26/03/02 03:32:55 INFO mapred.Task: Final Counters for attempt_local1385972463_0004_r_000000_0: Counters: 29
	File System Counters
		FILE: Number of bytes read=584926
		FILE: Number of bytes written=1768142
		FILE: Number of read operations=0
		FILE: Number of large read operations=0
		FILE: Number of write operations=0
		HDFS: Number of bytes read=2947151
		HDFS: Number of bytes written=5047
		HDFS: Number of read operations=192
		HDFS: Number of large read operations=0
		HDFS: Number of write operations=62
	Map-Reduce Framework
		Combine input records=0
		Combine output records=0
		Reduce input groups=2
		Reduce shuffle bytes=114
		Reduce input records=2
		Reduce output records=2
		Spilled Records=2
		Shuffled Maps =1
		Failed Shuffles=0
		Merged Map outputs=1
		GC time elapsed (ms)=0
		Total committed heap usage (bytes)=456130560
	Shuffle Errors
		BAD_ID=0
		CONNECTION=0
		IO_ERROR=0
		WRONG_LENGTH=0
		WRONG_MAP=0
		WRONG_REDUCE=0
	File Output Format Counters 
		Bytes Written=199
26/03/02 03:32:55 INFO mapred.LocalJobRunner: Finishing task: attempt_local1385972463_0004_r_000000_0
26/03/02 03:32:55 INFO mapred.LocalJobRunner: Starting task: attempt_local1385972463_0004_r_000001_0
26/03/02 03:32:55 INFO output.FileOutputCommitter: File Output Committer Algorithm version is 1
26/03/02 03:32:55 INFO mapred.Task:  Using ResourceCalculatorProcessTree : [ ]
26/03/02 03:32:55 INFO mapred.ReduceTask: Using ShuffleConsumerPlugin: org.apache.hadoop.mapreduce.task.reduce.Shuffle@557a5d21
26/03/02 03:32:55 INFO reduce.MergeManagerImpl: MergerManager: memoryLimit=334338464, maxSingleShuffleLimit=83584616, mergeThreshold=220663392, ioSortFactor=10, memToMemMergeOutputsThreshold=10
26/03/02 03:32:55 INFO reduce.EventFetcher: attempt_local1385972463_0004_r_000001_0 Thread started: EventFetcher for fetching Map Completion Events
26/03/02 03:32:55 INFO reduce.LocalFetcher: localfetcher#14 about to shuffle output of map attempt_local1385972463_0004_m_000000_0 decomp: 110 len: 114 to MEMORY
26/03/02 03:32:55 INFO reduce.InMemoryMapOutput: Read 110 bytes from map-output for attempt_local1385972463_0004_m_000000_0
26/03/02 03:32:55 INFO reduce.MergeManagerImpl: closeInMemoryFile -> map-output of size: 110, inMemoryMapOutputs.size() -> 1, commitMemory -> 0, usedMemory ->110
26/03/02 03:32:55 INFO reduce.EventFetcher: EventFetcher is interrupted.. Returning
26/03/02 03:32:55 INFO mapred.LocalJobRunner: 1 / 1 copied.
26/03/02 03:32:55 INFO reduce.MergeManagerImpl: finalMerge called with 1 in-memory map-outputs and 0 on-disk map-outputs
26/03/02 03:32:55 INFO mapred.Merger: Merging 1 sorted segments
26/03/02 03:32:55 INFO mapred.Merger: Down to the last merge-pass, with 1 segments left of total size: 104 bytes
26/03/02 03:32:55 INFO reduce.MergeManagerImpl: Merged 1 segments, 110 bytes to disk to satisfy reduce memory limit
26/03/02 03:32:55 INFO reduce.MergeManagerImpl: Merging 1 files, 114 bytes from disk
26/03/02 03:32:55 INFO reduce.MergeManagerImpl: Merging 0 segments, 0 bytes from memory into reduce
26/03/02 03:32:55 INFO mapred.Merger: Merging 1 sorted segments
26/03/02 03:32:55 INFO mapred.Merger: Down to the last merge-pass, with 1 segments left of total size: 104 bytes
26/03/02 03:32:55 INFO mapred.LocalJobRunner: 1 / 1 copied.
26/03/02 03:32:55 INFO mapred.Task: Task:attempt_local1385972463_0004_r_000001_0 is done. And is in the process of committing
26/03/02 03:32:55 INFO mapred.LocalJobRunner: 1 / 1 copied.
26/03/02 03:32:55 INFO mapred.Task: Task attempt_local1385972463_0004_r_000001_0 is allowed to commit now
26/03/02 03:32:55 INFO output.FileOutputCommitter: Saved output of task 'attempt_local1385972463_0004_r_000001_0' to hdfs://localhost:9000/project2/task2/runs_report_plus/k8_r30_opt/iter_4/_temporary/0/task_local1385972463_0004_r_000001
26/03/02 03:32:55 INFO mapred.LocalJobRunner: reduce > reduce
26/03/02 03:32:55 INFO mapred.Task: Task 'attempt_local1385972463_0004_r_000001_0' done.
26/03/02 03:32:55 INFO mapred.Task: Final Counters for attempt_local1385972463_0004_r_000001_0: Counters: 29
	File System Counters
		FILE: Number of bytes read=585486
		FILE: Number of bytes written=1768256
		FILE: Number of read operations=0
		FILE: Number of large read operations=0
		FILE: Number of write operations=0
		HDFS: Number of bytes read=2947151
		HDFS: Number of bytes written=5247
		HDFS: Number of read operations=195
		HDFS: Number of large read operations=0
		HDFS: Number of write operations=64
	Map-Reduce Framework
		Combine input records=0
		Combine output records=0
		Reduce input groups=2
		Reduce shuffle bytes=114
		Reduce input records=2
		Reduce output records=2
		Spilled Records=2
		Shuffled Maps =1
		Failed Shuffles=0
		Merged Map outputs=1
		GC time elapsed (ms)=0
		Total committed heap usage (bytes)=456130560
	Shuffle Errors
		BAD_ID=0
		CONNECTION=0
		IO_ERROR=0
		WRONG_LENGTH=0
		WRONG_MAP=0
		WRONG_REDUCE=0
	File Output Format Counters 
		Bytes Written=200
26/03/02 03:32:55 INFO mapred.LocalJobRunner: Finishing task: attempt_local1385972463_0004_r_000001_0
26/03/02 03:32:55 INFO mapred.LocalJobRunner: Starting task: attempt_local1385972463_0004_r_000002_0
26/03/02 03:32:55 INFO output.FileOutputCommitter: File Output Committer Algorithm version is 1
26/03/02 03:32:55 INFO mapred.Task:  Using ResourceCalculatorProcessTree : [ ]
26/03/02 03:32:55 INFO mapred.ReduceTask: Using ShuffleConsumerPlugin: org.apache.hadoop.mapreduce.task.reduce.Shuffle@2de4bbd4
26/03/02 03:32:55 INFO reduce.MergeManagerImpl: MergerManager: memoryLimit=334338464, maxSingleShuffleLimit=83584616, mergeThreshold=220663392, ioSortFactor=10, memToMemMergeOutputsThreshold=10
26/03/02 03:32:55 INFO reduce.EventFetcher: attempt_local1385972463_0004_r_000002_0 Thread started: EventFetcher for fetching Map Completion Events
26/03/02 03:32:55 INFO reduce.LocalFetcher: localfetcher#15 about to shuffle output of map attempt_local1385972463_0004_m_000000_0 decomp: 110 len: 114 to MEMORY
26/03/02 03:32:55 INFO reduce.InMemoryMapOutput: Read 110 bytes from map-output for attempt_local1385972463_0004_m_000000_0
26/03/02 03:32:55 INFO reduce.MergeManagerImpl: closeInMemoryFile -> map-output of size: 110, inMemoryMapOutputs.size() -> 1, commitMemory -> 0, usedMemory ->110
26/03/02 03:32:55 INFO reduce.EventFetcher: EventFetcher is interrupted.. Returning
26/03/02 03:32:55 INFO mapred.LocalJobRunner: 1 / 1 copied.
26/03/02 03:32:55 INFO reduce.MergeManagerImpl: finalMerge called with 1 in-memory map-outputs and 0 on-disk map-outputs
26/03/02 03:32:55 INFO mapred.Merger: Merging 1 sorted segments
26/03/02 03:32:55 INFO mapred.Merger: Down to the last merge-pass, with 1 segments left of total size: 104 bytes
26/03/02 03:32:55 INFO reduce.MergeManagerImpl: Merged 1 segments, 110 bytes to disk to satisfy reduce memory limit
26/03/02 03:32:55 INFO reduce.MergeManagerImpl: Merging 1 files, 114 bytes from disk
26/03/02 03:32:55 INFO reduce.MergeManagerImpl: Merging 0 segments, 0 bytes from memory into reduce
26/03/02 03:32:55 INFO mapred.Merger: Merging 1 sorted segments
26/03/02 03:32:55 INFO mapred.Merger: Down to the last merge-pass, with 1 segments left of total size: 104 bytes
26/03/02 03:32:55 INFO mapred.LocalJobRunner: 1 / 1 copied.
26/03/02 03:32:55 INFO mapred.Task: Task:attempt_local1385972463_0004_r_000002_0 is done. And is in the process of committing
26/03/02 03:32:55 INFO mapred.LocalJobRunner: 1 / 1 copied.
26/03/02 03:32:55 INFO mapred.Task: Task attempt_local1385972463_0004_r_000002_0 is allowed to commit now
26/03/02 03:32:55 INFO output.FileOutputCommitter: Saved output of task 'attempt_local1385972463_0004_r_000002_0' to hdfs://localhost:9000/project2/task2/runs_report_plus/k8_r30_opt/iter_4/_temporary/0/task_local1385972463_0004_r_000002
26/03/02 03:32:55 INFO mapred.LocalJobRunner: reduce > reduce
26/03/02 03:32:55 INFO mapred.Task: Task 'attempt_local1385972463_0004_r_000002_0' done.
26/03/02 03:32:55 INFO mapred.Task: Final Counters for attempt_local1385972463_0004_r_000002_0: Counters: 29
	File System Counters
		FILE: Number of bytes read=585932
		FILE: Number of bytes written=1768370
		FILE: Number of read operations=0
		FILE: Number of large read operations=0
		FILE: Number of write operations=0
		HDFS: Number of bytes read=2947151
		HDFS: Number of bytes written=5450
		HDFS: Number of read operations=198
		HDFS: Number of large read operations=0
		HDFS: Number of write operations=66
	Map-Reduce Framework
		Combine input records=0
		Combine output records=0
		Reduce input groups=2
		Reduce shuffle bytes=114
		Reduce input records=2
		Reduce output records=2
		Spilled Records=2
		Shuffled Maps =1
		Failed Shuffles=0
		Merged Map outputs=1
		GC time elapsed (ms)=0
		Total committed heap usage (bytes)=456130560
	Shuffle Errors
		BAD_ID=0
		CONNECTION=0
		IO_ERROR=0
		WRONG_LENGTH=0
		WRONG_MAP=0
		WRONG_REDUCE=0
	File Output Format Counters 
		Bytes Written=203
26/03/02 03:32:55 INFO mapred.LocalJobRunner: Finishing task: attempt_local1385972463_0004_r_000002_0
26/03/02 03:32:55 INFO mapred.LocalJobRunner: Starting task: attempt_local1385972463_0004_r_000003_0
26/03/02 03:32:55 INFO output.FileOutputCommitter: File Output Committer Algorithm version is 1
26/03/02 03:32:55 INFO mapred.Task:  Using ResourceCalculatorProcessTree : [ ]
26/03/02 03:32:55 INFO mapred.ReduceTask: Using ShuffleConsumerPlugin: org.apache.hadoop.mapreduce.task.reduce.Shuffle@3ed27616
26/03/02 03:32:55 INFO reduce.MergeManagerImpl: MergerManager: memoryLimit=334338464, maxSingleShuffleLimit=83584616, mergeThreshold=220663392, ioSortFactor=10, memToMemMergeOutputsThreshold=10
26/03/02 03:32:55 INFO reduce.EventFetcher: attempt_local1385972463_0004_r_000003_0 Thread started: EventFetcher for fetching Map Completion Events
26/03/02 03:32:55 INFO reduce.LocalFetcher: localfetcher#16 about to shuffle output of map attempt_local1385972463_0004_m_000000_0 decomp: 110 len: 114 to MEMORY
26/03/02 03:32:55 INFO reduce.InMemoryMapOutput: Read 110 bytes from map-output for attempt_local1385972463_0004_m_000000_0
26/03/02 03:32:55 INFO reduce.MergeManagerImpl: closeInMemoryFile -> map-output of size: 110, inMemoryMapOutputs.size() -> 1, commitMemory -> 0, usedMemory ->110
26/03/02 03:32:55 INFO reduce.EventFetcher: EventFetcher is interrupted.. Returning
26/03/02 03:32:55 INFO mapred.LocalJobRunner: 1 / 1 copied.
26/03/02 03:32:55 INFO reduce.MergeManagerImpl: finalMerge called with 1 in-memory map-outputs and 0 on-disk map-outputs
26/03/02 03:32:55 INFO mapred.Merger: Merging 1 sorted segments
26/03/02 03:32:55 INFO mapred.Merger: Down to the last merge-pass, with 1 segments left of total size: 104 bytes
26/03/02 03:32:55 INFO reduce.MergeManagerImpl: Merged 1 segments, 110 bytes to disk to satisfy reduce memory limit
26/03/02 03:32:55 INFO reduce.MergeManagerImpl: Merging 1 files, 114 bytes from disk
26/03/02 03:32:55 INFO reduce.MergeManagerImpl: Merging 0 segments, 0 bytes from memory into reduce
26/03/02 03:32:55 INFO mapred.Merger: Merging 1 sorted segments
26/03/02 03:32:55 INFO mapred.Merger: Down to the last merge-pass, with 1 segments left of total size: 104 bytes
26/03/02 03:32:55 INFO mapred.LocalJobRunner: 1 / 1 copied.
26/03/02 03:32:55 INFO mapred.Task: Task:attempt_local1385972463_0004_r_000003_0 is done. And is in the process of committing
26/03/02 03:32:55 INFO mapred.LocalJobRunner: 1 / 1 copied.
26/03/02 03:32:55 INFO mapred.Task: Task attempt_local1385972463_0004_r_000003_0 is allowed to commit now
26/03/02 03:32:55 INFO output.FileOutputCommitter: Saved output of task 'attempt_local1385972463_0004_r_000003_0' to hdfs://localhost:9000/project2/task2/runs_report_plus/k8_r30_opt/iter_4/_temporary/0/task_local1385972463_0004_r_000003
26/03/02 03:32:55 INFO mapred.LocalJobRunner: reduce > reduce
26/03/02 03:32:55 INFO mapred.Task: Task 'attempt_local1385972463_0004_r_000003_0' done.
26/03/02 03:32:55 INFO mapred.Task: Final Counters for attempt_local1385972463_0004_r_000003_0: Counters: 29
	File System Counters
		FILE: Number of bytes read=586264
		FILE: Number of bytes written=1768484
		FILE: Number of read operations=0
		FILE: Number of large read operations=0
		FILE: Number of write operations=0
		HDFS: Number of bytes read=2947151
		HDFS: Number of bytes written=5651
		HDFS: Number of read operations=201
		HDFS: Number of large read operations=0
		HDFS: Number of write operations=68
	Map-Reduce Framework
		Combine input records=0
		Combine output records=0
		Reduce input groups=2
		Reduce shuffle bytes=114
		Reduce input records=2
		Reduce output records=2
		Spilled Records=2
		Shuffled Maps =1
		Failed Shuffles=0
		Merged Map outputs=1
		GC time elapsed (ms)=0
		Total committed heap usage (bytes)=456130560
	Shuffle Errors
		BAD_ID=0
		CONNECTION=0
		IO_ERROR=0
		WRONG_LENGTH=0
		WRONG_MAP=0
		WRONG_REDUCE=0
	File Output Format Counters 
		Bytes Written=201
26/03/02 03:32:55 INFO mapred.LocalJobRunner: Finishing task: attempt_local1385972463_0004_r_000003_0
26/03/02 03:32:55 INFO mapred.LocalJobRunner: reduce task executor complete.
26/03/02 03:32:56 INFO mapreduce.Job: Job job_local1385972463_0004 running in uber mode : false
26/03/02 03:32:56 INFO mapreduce.Job:  map 100% reduce 100%
26/03/02 03:32:56 INFO mapreduce.Job: Job job_local1385972463_0004 completed successfully
26/03/02 03:32:56 INFO mapreduce.Job: Counters: 35
	File System Counters
		FILE: Number of bytes read=2926860
		FILE: Number of bytes written=8841280
		FILE: Number of read operations=0
		FILE: Number of large read operations=0
		FILE: Number of write operations=0
		HDFS: Number of bytes read=14735755
		HDFS: Number of bytes written=26243
		HDFS: Number of read operations=975
		HDFS: Number of large read operations=0
		HDFS: Number of write operations=320
	Map-Reduce Framework
		Map input records=10000
		Map output records=10000
		Map output bytes=520000
		Map output materialized bytes=456
		Input split bytes=121
		Combine input records=10000
		Combine output records=8
		Reduce input groups=8
		Reduce shuffle bytes=456
		Reduce input records=8
		Reduce output records=8
		Spilled Records=16
		Shuffled Maps =4
		Failed Shuffles=0
		Merged Map outputs=4
		GC time elapsed (ms)=0
		Total committed heap usage (bytes)=2280652800
	Shuffle Errors
		BAD_ID=0
		CONNECTION=0
		IO_ERROR=0
		WRONG_LENGTH=0
		WRONG_MAP=0
		WRONG_REDUCE=0
	File Input Format Counters 
		Bytes Read=733758
	File Output Format Counters 
		Bytes Written=803
26/03/02 03:32:56 INFO jvm.JvmMetrics: Cannot initialize JVM Metrics with processName=JobTracker, sessionId= - already initialized
26/03/02 03:32:56 WARN mapreduce.JobResourceUploader: Hadoop command-line option parsing not performed. Implement the Tool interface and execute your application with ToolRunner to remedy this.
26/03/02 03:32:56 INFO input.FileInputFormat: Total input paths to process : 1
26/03/02 03:32:56 INFO mapreduce.JobSubmitter: number of splits:1
26/03/02 03:32:56 INFO mapreduce.JobSubmitter: Submitting tokens for job: job_local155581707_0005
26/03/02 03:32:56 INFO mapred.LocalDistributedCacheManager: Creating symlink: /tmp/hadoop-ds503/mapred/local/1772422376833/centers_iter_4.csv <- /home/ds503/centers_iter_4.csv
26/03/02 03:32:56 INFO mapred.LocalDistributedCacheManager: Localized hdfs://localhost:9000/project2/task2/runs_report_plus/k8_r30_opt/centers_iter_4.csv as file:/tmp/hadoop-ds503/mapred/local/1772422376833/centers_iter_4.csv
26/03/02 03:32:56 INFO mapreduce.Job: The url to track the job: http://localhost:8080/
26/03/02 03:32:56 INFO mapreduce.Job: Running job: job_local155581707_0005
26/03/02 03:32:56 INFO mapred.LocalJobRunner: OutputCommitter set in config null
26/03/02 03:32:56 INFO output.FileOutputCommitter: File Output Committer Algorithm version is 1
26/03/02 03:32:56 INFO mapred.LocalJobRunner: OutputCommitter is org.apache.hadoop.mapreduce.lib.output.FileOutputCommitter
26/03/02 03:32:56 INFO mapred.LocalJobRunner: Waiting for map tasks
26/03/02 03:32:56 INFO mapred.LocalJobRunner: Starting task: attempt_local155581707_0005_m_000000_0
26/03/02 03:32:56 INFO output.FileOutputCommitter: File Output Committer Algorithm version is 1
26/03/02 03:32:56 INFO mapred.Task:  Using ResourceCalculatorProcessTree : [ ]
26/03/02 03:32:56 INFO mapred.MapTask: Processing split: hdfs://localhost:9000/project2/task2/input/points_4d.csv:0+733758
26/03/02 03:32:56 INFO mapred.MapTask: (EQUATOR) 0 kvi 26214396(104857584)
26/03/02 03:32:56 INFO mapred.MapTask: mapreduce.task.io.sort.mb: 100
26/03/02 03:32:56 INFO mapred.MapTask: soft limit at 83886080
26/03/02 03:32:56 INFO mapred.MapTask: bufstart = 0; bufvoid = 104857600
26/03/02 03:32:56 INFO mapred.MapTask: kvstart = 26214396; length = 6553600
26/03/02 03:32:56 INFO mapred.MapTask: Map output collector class = org.apache.hadoop.mapred.MapTask$MapOutputBuffer
26/03/02 03:32:57 INFO mapred.LocalJobRunner: 
26/03/02 03:32:57 INFO mapred.MapTask: Starting flush of map output
26/03/02 03:32:57 INFO mapred.MapTask: Spilling map output
26/03/02 03:32:57 INFO mapred.MapTask: bufstart = 0; bufend = 520000; bufvoid = 104857600
26/03/02 03:32:57 INFO mapred.MapTask: kvstart = 26214396(104857584); kvend = 26174400(104697600); length = 39997/6553600
26/03/02 03:32:57 INFO mapred.MapTask: Finished spill 0
26/03/02 03:32:57 INFO mapred.Task: Task:attempt_local155581707_0005_m_000000_0 is done. And is in the process of committing
26/03/02 03:32:57 INFO mapred.LocalJobRunner: map
26/03/02 03:32:57 INFO mapred.Task: Task 'attempt_local155581707_0005_m_000000_0' done.
26/03/02 03:32:57 INFO mapred.Task: Final Counters for attempt_local155581707_0005_m_000000_0: Counters: 23
	File System Counters
		FILE: Number of bytes read=730818
		FILE: Number of bytes written=2209350
		FILE: Number of read operations=0
		FILE: Number of large read operations=0
		FILE: Number of write operations=0
		HDFS: Number of bytes read=3684309
		HDFS: Number of bytes written=6250
		HDFS: Number of read operations=245
		HDFS: Number of large read operations=0
		HDFS: Number of write operations=78
	Map-Reduce Framework
		Map input records=10000
		Map output records=10000
		Map output bytes=520000
		Map output materialized bytes=456
		Input split bytes=121
		Combine input records=10000
		Combine output records=8
		Spilled Records=8
		Failed Shuffles=0
		Merged Map outputs=0
		GC time elapsed (ms)=2
		Total committed heap usage (bytes)=520093696
	File Input Format Counters 
		Bytes Read=733758
26/03/02 03:32:57 INFO mapred.LocalJobRunner: Finishing task: attempt_local155581707_0005_m_000000_0
26/03/02 03:32:57 INFO mapred.LocalJobRunner: map task executor complete.
26/03/02 03:32:57 INFO mapred.LocalJobRunner: Waiting for reduce tasks
26/03/02 03:32:57 INFO mapred.LocalJobRunner: Starting task: attempt_local155581707_0005_r_000000_0
26/03/02 03:32:57 INFO output.FileOutputCommitter: File Output Committer Algorithm version is 1
26/03/02 03:32:57 INFO mapred.Task:  Using ResourceCalculatorProcessTree : [ ]
26/03/02 03:32:57 INFO mapred.ReduceTask: Using ShuffleConsumerPlugin: org.apache.hadoop.mapreduce.task.reduce.Shuffle@1f6292d
26/03/02 03:32:57 INFO reduce.MergeManagerImpl: MergerManager: memoryLimit=364065568, maxSingleShuffleLimit=91016392, mergeThreshold=240283280, ioSortFactor=10, memToMemMergeOutputsThreshold=10
26/03/02 03:32:57 INFO reduce.EventFetcher: attempt_local155581707_0005_r_000000_0 Thread started: EventFetcher for fetching Map Completion Events
26/03/02 03:32:57 INFO reduce.LocalFetcher: localfetcher#17 about to shuffle output of map attempt_local155581707_0005_m_000000_0 decomp: 110 len: 114 to MEMORY
26/03/02 03:32:57 INFO reduce.InMemoryMapOutput: Read 110 bytes from map-output for attempt_local155581707_0005_m_000000_0
26/03/02 03:32:57 INFO reduce.MergeManagerImpl: closeInMemoryFile -> map-output of size: 110, inMemoryMapOutputs.size() -> 1, commitMemory -> 0, usedMemory ->110
26/03/02 03:32:57 INFO reduce.EventFetcher: EventFetcher is interrupted.. Returning
26/03/02 03:32:57 INFO mapred.LocalJobRunner: 1 / 1 copied.
26/03/02 03:32:57 INFO reduce.MergeManagerImpl: finalMerge called with 1 in-memory map-outputs and 0 on-disk map-outputs
26/03/02 03:32:57 INFO mapred.Merger: Merging 1 sorted segments
26/03/02 03:32:57 INFO mapred.Merger: Down to the last merge-pass, with 1 segments left of total size: 104 bytes
26/03/02 03:32:57 INFO reduce.MergeManagerImpl: Merged 1 segments, 110 bytes to disk to satisfy reduce memory limit
26/03/02 03:32:57 INFO reduce.MergeManagerImpl: Merging 1 files, 114 bytes from disk
26/03/02 03:32:57 INFO reduce.MergeManagerImpl: Merging 0 segments, 0 bytes from memory into reduce
26/03/02 03:32:57 INFO mapred.Merger: Merging 1 sorted segments
26/03/02 03:32:57 INFO mapred.Merger: Down to the last merge-pass, with 1 segments left of total size: 104 bytes
26/03/02 03:32:57 INFO mapred.LocalJobRunner: 1 / 1 copied.
26/03/02 03:32:57 INFO mapred.Task: Task:attempt_local155581707_0005_r_000000_0 is done. And is in the process of committing
26/03/02 03:32:57 INFO mapred.LocalJobRunner: 1 / 1 copied.
26/03/02 03:32:57 INFO mapred.Task: Task attempt_local155581707_0005_r_000000_0 is allowed to commit now
26/03/02 03:32:57 INFO output.FileOutputCommitter: Saved output of task 'attempt_local155581707_0005_r_000000_0' to hdfs://localhost:9000/project2/task2/runs_report_plus/k8_r30_opt/iter_5/_temporary/0/task_local155581707_0005_r_000000
26/03/02 03:32:57 INFO mapred.LocalJobRunner: reduce > reduce
26/03/02 03:32:57 INFO mapred.Task: Task 'attempt_local155581707_0005_r_000000_0' done.
26/03/02 03:32:57 INFO mapred.Task: Final Counters for attempt_local155581707_0005_r_000000_0: Counters: 29
	File System Counters
		FILE: Number of bytes read=731492
		FILE: Number of bytes written=2209464
		FILE: Number of read operations=0
		FILE: Number of large read operations=0
		FILE: Number of write operations=0
		HDFS: Number of bytes read=3684309
		HDFS: Number of bytes written=6455
		HDFS: Number of read operations=248
		HDFS: Number of large read operations=0
		HDFS: Number of write operations=80
	Map-Reduce Framework
		Combine input records=0
		Combine output records=0
		Reduce input groups=2
		Reduce shuffle bytes=114
		Reduce input records=2
		Reduce output records=2
		Spilled Records=2
		Shuffled Maps =1
		Failed Shuffles=0
		Merged Map outputs=1
		GC time elapsed (ms)=0
		Total committed heap usage (bytes)=520093696
	Shuffle Errors
		BAD_ID=0
		CONNECTION=0
		IO_ERROR=0
		WRONG_LENGTH=0
		WRONG_MAP=0
		WRONG_REDUCE=0
	File Output Format Counters 
		Bytes Written=205
26/03/02 03:32:57 INFO mapred.LocalJobRunner: Finishing task: attempt_local155581707_0005_r_000000_0
26/03/02 03:32:57 INFO mapred.LocalJobRunner: Starting task: attempt_local155581707_0005_r_000001_0
26/03/02 03:32:57 INFO output.FileOutputCommitter: File Output Committer Algorithm version is 1
26/03/02 03:32:57 INFO mapred.Task:  Using ResourceCalculatorProcessTree : [ ]
26/03/02 03:32:57 INFO mapred.ReduceTask: Using ShuffleConsumerPlugin: org.apache.hadoop.mapreduce.task.reduce.Shuffle@7e833af5
26/03/02 03:32:57 INFO reduce.MergeManagerImpl: MergerManager: memoryLimit=364065568, maxSingleShuffleLimit=91016392, mergeThreshold=240283280, ioSortFactor=10, memToMemMergeOutputsThreshold=10
26/03/02 03:32:57 INFO reduce.EventFetcher: attempt_local155581707_0005_r_000001_0 Thread started: EventFetcher for fetching Map Completion Events
26/03/02 03:32:57 INFO reduce.LocalFetcher: localfetcher#18 about to shuffle output of map attempt_local155581707_0005_m_000000_0 decomp: 110 len: 114 to MEMORY
26/03/02 03:32:57 INFO reduce.InMemoryMapOutput: Read 110 bytes from map-output for attempt_local155581707_0005_m_000000_0
26/03/02 03:32:57 INFO reduce.MergeManagerImpl: closeInMemoryFile -> map-output of size: 110, inMemoryMapOutputs.size() -> 1, commitMemory -> 0, usedMemory ->110
26/03/02 03:32:57 WARN io.ReadaheadPool: Failed readahead on ifile
EBADF: Bad file descriptor
	at org.apache.hadoop.io.nativeio.NativeIO$POSIX.posix_fadvise(Native Method)
	at org.apache.hadoop.io.nativeio.NativeIO$POSIX.posixFadviseIfPossible(NativeIO.java:267)
	at org.apache.hadoop.io.nativeio.NativeIO$POSIX$CacheManipulator.posixFadviseIfPossible(NativeIO.java:146)
	at org.apache.hadoop.io.ReadaheadPool$ReadaheadRequestImpl.run(ReadaheadPool.java:206)
	at java.util.concurrent.ThreadPoolExecutor.runWorker(ThreadPoolExecutor.java:1149)
	at java.util.concurrent.ThreadPoolExecutor$Worker.run(ThreadPoolExecutor.java:624)
	at java.lang.Thread.run(Thread.java:748)
26/03/02 03:32:57 INFO reduce.EventFetcher: EventFetcher is interrupted.. Returning
26/03/02 03:32:57 INFO mapred.LocalJobRunner: 1 / 1 copied.
26/03/02 03:32:57 INFO reduce.MergeManagerImpl: finalMerge called with 1 in-memory map-outputs and 0 on-disk map-outputs
26/03/02 03:32:57 INFO mapred.Merger: Merging 1 sorted segments
26/03/02 03:32:57 INFO mapred.Merger: Down to the last merge-pass, with 1 segments left of total size: 104 bytes
26/03/02 03:32:57 INFO reduce.MergeManagerImpl: Merged 1 segments, 110 bytes to disk to satisfy reduce memory limit
26/03/02 03:32:57 INFO reduce.MergeManagerImpl: Merging 1 files, 114 bytes from disk
26/03/02 03:32:57 INFO reduce.MergeManagerImpl: Merging 0 segments, 0 bytes from memory into reduce
26/03/02 03:32:57 INFO mapred.Merger: Merging 1 sorted segments
26/03/02 03:32:57 INFO mapred.Merger: Down to the last merge-pass, with 1 segments left of total size: 104 bytes
26/03/02 03:32:57 INFO mapred.LocalJobRunner: 1 / 1 copied.
26/03/02 03:32:57 INFO mapred.Task: Task:attempt_local155581707_0005_r_000001_0 is done. And is in the process of committing
26/03/02 03:32:57 INFO mapred.LocalJobRunner: 1 / 1 copied.
26/03/02 03:32:57 INFO mapred.Task: Task attempt_local155581707_0005_r_000001_0 is allowed to commit now
26/03/02 03:32:57 INFO output.FileOutputCommitter: Saved output of task 'attempt_local155581707_0005_r_000001_0' to hdfs://localhost:9000/project2/task2/runs_report_plus/k8_r30_opt/iter_5/_temporary/0/task_local155581707_0005_r_000001
26/03/02 03:32:57 INFO mapred.LocalJobRunner: reduce > reduce
26/03/02 03:32:57 INFO mapred.Task: Task 'attempt_local155581707_0005_r_000001_0' done.
26/03/02 03:32:57 INFO mapred.Task: Final Counters for attempt_local155581707_0005_r_000001_0: Counters: 29
	File System Counters
		FILE: Number of bytes read=732052
		FILE: Number of bytes written=2209578
		FILE: Number of read operations=0
		FILE: Number of large read operations=0
		FILE: Number of write operations=0
		HDFS: Number of bytes read=3684309
		HDFS: Number of bytes written=6655
		HDFS: Number of read operations=251
		HDFS: Number of large read operations=0
		HDFS: Number of write operations=82
	Map-Reduce Framework
		Combine input records=0
		Combine output records=0
		Reduce input groups=2
		Reduce shuffle bytes=114
		Reduce input records=2
		Reduce output records=2
		Spilled Records=2
		Shuffled Maps =1
		Failed Shuffles=0
		Merged Map outputs=1
		GC time elapsed (ms)=0
		Total committed heap usage (bytes)=520093696
	Shuffle Errors
		BAD_ID=0
		CONNECTION=0
		IO_ERROR=0
		WRONG_LENGTH=0
		WRONG_MAP=0
		WRONG_REDUCE=0
	File Output Format Counters 
		Bytes Written=200
26/03/02 03:32:57 INFO mapred.LocalJobRunner: Finishing task: attempt_local155581707_0005_r_000001_0
26/03/02 03:32:57 INFO mapred.LocalJobRunner: Starting task: attempt_local155581707_0005_r_000002_0
26/03/02 03:32:57 INFO output.FileOutputCommitter: File Output Committer Algorithm version is 1
26/03/02 03:32:57 INFO mapred.Task:  Using ResourceCalculatorProcessTree : [ ]
26/03/02 03:32:57 INFO mapred.ReduceTask: Using ShuffleConsumerPlugin: org.apache.hadoop.mapreduce.task.reduce.Shuffle@66d498f
26/03/02 03:32:57 INFO reduce.MergeManagerImpl: MergerManager: memoryLimit=364065568, maxSingleShuffleLimit=91016392, mergeThreshold=240283280, ioSortFactor=10, memToMemMergeOutputsThreshold=10
26/03/02 03:32:57 INFO reduce.EventFetcher: attempt_local155581707_0005_r_000002_0 Thread started: EventFetcher for fetching Map Completion Events
26/03/02 03:32:57 INFO reduce.LocalFetcher: localfetcher#19 about to shuffle output of map attempt_local155581707_0005_m_000000_0 decomp: 110 len: 114 to MEMORY
26/03/02 03:32:57 INFO reduce.InMemoryMapOutput: Read 110 bytes from map-output for attempt_local155581707_0005_m_000000_0
26/03/02 03:32:57 INFO reduce.MergeManagerImpl: closeInMemoryFile -> map-output of size: 110, inMemoryMapOutputs.size() -> 1, commitMemory -> 0, usedMemory ->110
26/03/02 03:32:57 INFO reduce.EventFetcher: EventFetcher is interrupted.. Returning
26/03/02 03:32:57 INFO mapred.LocalJobRunner: 1 / 1 copied.
26/03/02 03:32:57 INFO reduce.MergeManagerImpl: finalMerge called with 1 in-memory map-outputs and 0 on-disk map-outputs
26/03/02 03:32:57 INFO mapred.Merger: Merging 1 sorted segments
26/03/02 03:32:57 INFO mapred.Merger: Down to the last merge-pass, with 1 segments left of total size: 104 bytes
26/03/02 03:32:57 INFO reduce.MergeManagerImpl: Merged 1 segments, 110 bytes to disk to satisfy reduce memory limit
26/03/02 03:32:57 INFO reduce.MergeManagerImpl: Merging 1 files, 114 bytes from disk
26/03/02 03:32:57 INFO reduce.MergeManagerImpl: Merging 0 segments, 0 bytes from memory into reduce
26/03/02 03:32:57 INFO mapred.Merger: Merging 1 sorted segments
26/03/02 03:32:57 INFO mapred.Merger: Down to the last merge-pass, with 1 segments left of total size: 104 bytes
26/03/02 03:32:57 INFO mapred.LocalJobRunner: 1 / 1 copied.
26/03/02 03:32:57 INFO mapred.Task: Task:attempt_local155581707_0005_r_000002_0 is done. And is in the process of committing
26/03/02 03:32:57 INFO mapred.LocalJobRunner: 1 / 1 copied.
26/03/02 03:32:57 INFO mapred.Task: Task attempt_local155581707_0005_r_000002_0 is allowed to commit now
26/03/02 03:32:57 INFO output.FileOutputCommitter: Saved output of task 'attempt_local155581707_0005_r_000002_0' to hdfs://localhost:9000/project2/task2/runs_report_plus/k8_r30_opt/iter_5/_temporary/0/task_local155581707_0005_r_000002
26/03/02 03:32:57 INFO mapred.LocalJobRunner: reduce > reduce
26/03/02 03:32:57 INFO mapred.Task: Task 'attempt_local155581707_0005_r_000002_0' done.
26/03/02 03:32:57 INFO mapred.Task: Final Counters for attempt_local155581707_0005_r_000002_0: Counters: 29
	File System Counters
		FILE: Number of bytes read=732498
		FILE: Number of bytes written=2209692
		FILE: Number of read operations=0
		FILE: Number of large read operations=0
		FILE: Number of write operations=0
		HDFS: Number of bytes read=3684309
		HDFS: Number of bytes written=6858
		HDFS: Number of read operations=254
		HDFS: Number of large read operations=0
		HDFS: Number of write operations=84
	Map-Reduce Framework
		Combine input records=0
		Combine output records=0
		Reduce input groups=2
		Reduce shuffle bytes=114
		Reduce input records=2
		Reduce output records=2
		Spilled Records=2
		Shuffled Maps =1
		Failed Shuffles=0
		Merged Map outputs=1
		GC time elapsed (ms)=0
		Total committed heap usage (bytes)=520093696
	Shuffle Errors
		BAD_ID=0
		CONNECTION=0
		IO_ERROR=0
		WRONG_LENGTH=0
		WRONG_MAP=0
		WRONG_REDUCE=0
	File Output Format Counters 
		Bytes Written=203
26/03/02 03:32:57 INFO mapred.LocalJobRunner: Finishing task: attempt_local155581707_0005_r_000002_0
26/03/02 03:32:57 INFO mapred.LocalJobRunner: Starting task: attempt_local155581707_0005_r_000003_0
26/03/02 03:32:57 INFO output.FileOutputCommitter: File Output Committer Algorithm version is 1
26/03/02 03:32:57 INFO mapred.Task:  Using ResourceCalculatorProcessTree : [ ]
26/03/02 03:32:57 INFO mapred.ReduceTask: Using ShuffleConsumerPlugin: org.apache.hadoop.mapreduce.task.reduce.Shuffle@4910e1b4
26/03/02 03:32:57 INFO reduce.MergeManagerImpl: MergerManager: memoryLimit=364065568, maxSingleShuffleLimit=91016392, mergeThreshold=240283280, ioSortFactor=10, memToMemMergeOutputsThreshold=10
26/03/02 03:32:57 INFO reduce.EventFetcher: attempt_local155581707_0005_r_000003_0 Thread started: EventFetcher for fetching Map Completion Events
26/03/02 03:32:57 INFO reduce.LocalFetcher: localfetcher#20 about to shuffle output of map attempt_local155581707_0005_m_000000_0 decomp: 110 len: 114 to MEMORY
26/03/02 03:32:57 INFO reduce.InMemoryMapOutput: Read 110 bytes from map-output for attempt_local155581707_0005_m_000000_0
26/03/02 03:32:57 INFO reduce.MergeManagerImpl: closeInMemoryFile -> map-output of size: 110, inMemoryMapOutputs.size() -> 1, commitMemory -> 0, usedMemory ->110
26/03/02 03:32:57 INFO reduce.EventFetcher: EventFetcher is interrupted.. Returning
26/03/02 03:32:57 INFO mapred.LocalJobRunner: 1 / 1 copied.
26/03/02 03:32:57 INFO reduce.MergeManagerImpl: finalMerge called with 1 in-memory map-outputs and 0 on-disk map-outputs
26/03/02 03:32:57 INFO mapred.Merger: Merging 1 sorted segments
26/03/02 03:32:57 INFO mapred.Merger: Down to the last merge-pass, with 1 segments left of total size: 104 bytes
26/03/02 03:32:57 INFO reduce.MergeManagerImpl: Merged 1 segments, 110 bytes to disk to satisfy reduce memory limit
26/03/02 03:32:57 INFO reduce.MergeManagerImpl: Merging 1 files, 114 bytes from disk
26/03/02 03:32:57 INFO reduce.MergeManagerImpl: Merging 0 segments, 0 bytes from memory into reduce
26/03/02 03:32:57 INFO mapred.Merger: Merging 1 sorted segments
26/03/02 03:32:57 INFO mapred.Merger: Down to the last merge-pass, with 1 segments left of total size: 104 bytes
26/03/02 03:32:57 INFO mapred.LocalJobRunner: 1 / 1 copied.
26/03/02 03:32:57 INFO mapred.Task: Task:attempt_local155581707_0005_r_000003_0 is done. And is in the process of committing
26/03/02 03:32:57 INFO mapred.LocalJobRunner: 1 / 1 copied.
26/03/02 03:32:57 INFO mapred.Task: Task attempt_local155581707_0005_r_000003_0 is allowed to commit now
26/03/02 03:32:57 INFO output.FileOutputCommitter: Saved output of task 'attempt_local155581707_0005_r_000003_0' to hdfs://localhost:9000/project2/task2/runs_report_plus/k8_r30_opt/iter_5/_temporary/0/task_local155581707_0005_r_000003
26/03/02 03:32:57 INFO mapred.LocalJobRunner: reduce > reduce
26/03/02 03:32:57 INFO mapred.Task: Task 'attempt_local155581707_0005_r_000003_0' done.
26/03/02 03:32:57 INFO mapred.Task: Final Counters for attempt_local155581707_0005_r_000003_0: Counters: 29
	File System Counters
		FILE: Number of bytes read=732830
		FILE: Number of bytes written=2209806
		FILE: Number of read operations=0
		FILE: Number of large read operations=0
		FILE: Number of write operations=0
		HDFS: Number of bytes read=3684309
		HDFS: Number of bytes written=7062
		HDFS: Number of read operations=257
		HDFS: Number of large read operations=0
		HDFS: Number of write operations=86
	Map-Reduce Framework
		Combine input records=0
		Combine output records=0
		Reduce input groups=2
		Reduce shuffle bytes=114
		Reduce input records=2
		Reduce output records=2
		Spilled Records=2
		Shuffled Maps =1
		Failed Shuffles=0
		Merged Map outputs=1
		GC time elapsed (ms)=0
		Total committed heap usage (bytes)=520093696
	Shuffle Errors
		BAD_ID=0
		CONNECTION=0
		IO_ERROR=0
		WRONG_LENGTH=0
		WRONG_MAP=0
		WRONG_REDUCE=0
	File Output Format Counters 
		Bytes Written=204
26/03/02 03:32:57 INFO mapred.LocalJobRunner: Finishing task: attempt_local155581707_0005_r_000003_0
26/03/02 03:32:57 INFO mapred.LocalJobRunner: reduce task executor complete.
26/03/02 03:32:57 INFO mapreduce.Job: Job job_local155581707_0005 running in uber mode : false
26/03/02 03:32:57 INFO mapreduce.Job:  map 100% reduce 100%
26/03/02 03:32:57 INFO mapreduce.Job: Job job_local155581707_0005 completed successfully
26/03/02 03:32:57 INFO mapreduce.Job: Counters: 35
	File System Counters
		FILE: Number of bytes read=3659690
		FILE: Number of bytes written=11047890
		FILE: Number of read operations=0
		FILE: Number of large read operations=0
		FILE: Number of write operations=0
		HDFS: Number of bytes read=18421545
		HDFS: Number of bytes written=33280
		HDFS: Number of read operations=1255
		HDFS: Number of large read operations=0
		HDFS: Number of write operations=410
	Map-Reduce Framework
		Map input records=10000
		Map output records=10000
		Map output bytes=520000
		Map output materialized bytes=456
		Input split bytes=121
		Combine input records=10000
		Combine output records=8
		Reduce input groups=8
		Reduce shuffle bytes=456
		Reduce input records=8
		Reduce output records=8
		Spilled Records=16
		Shuffled Maps =4
		Failed Shuffles=0
		Merged Map outputs=4
		GC time elapsed (ms)=2
		Total committed heap usage (bytes)=2600468480
	Shuffle Errors
		BAD_ID=0
		CONNECTION=0
		IO_ERROR=0
		WRONG_LENGTH=0
		WRONG_MAP=0
		WRONG_REDUCE=0
	File Input Format Counters 
		Bytes Read=733758
	File Output Format Counters 
		Bytes Written=812
26/03/02 03:32:57 INFO jvm.JvmMetrics: Cannot initialize JVM Metrics with processName=JobTracker, sessionId= - already initialized
26/03/02 03:32:57 WARN mapreduce.JobResourceUploader: Hadoop command-line option parsing not performed. Implement the Tool interface and execute your application with ToolRunner to remedy this.
26/03/02 03:32:57 INFO input.FileInputFormat: Total input paths to process : 1
26/03/02 03:32:57 INFO mapreduce.JobSubmitter: number of splits:1
26/03/02 03:32:57 INFO mapreduce.JobSubmitter: Submitting tokens for job: job_local604880395_0006
26/03/02 03:32:57 INFO mapred.LocalDistributedCacheManager: Creating symlink: /tmp/hadoop-ds503/mapred/local/1772422377927/centers_iter_5.csv <- /home/ds503/centers_iter_5.csv
26/03/02 03:32:57 INFO mapred.LocalDistributedCacheManager: Localized hdfs://localhost:9000/project2/task2/runs_report_plus/k8_r30_opt/centers_iter_5.csv as file:/tmp/hadoop-ds503/mapred/local/1772422377927/centers_iter_5.csv
26/03/02 03:32:57 INFO mapreduce.Job: The url to track the job: http://localhost:8080/
26/03/02 03:32:57 INFO mapreduce.Job: Running job: job_local604880395_0006
26/03/02 03:32:57 INFO mapred.LocalJobRunner: OutputCommitter set in config null
26/03/02 03:32:57 INFO output.FileOutputCommitter: File Output Committer Algorithm version is 1
26/03/02 03:32:57 INFO mapred.LocalJobRunner: OutputCommitter is org.apache.hadoop.mapreduce.lib.output.FileOutputCommitter
26/03/02 03:32:57 INFO mapred.LocalJobRunner: Waiting for map tasks
26/03/02 03:32:57 INFO mapred.LocalJobRunner: Starting task: attempt_local604880395_0006_m_000000_0
26/03/02 03:32:57 INFO output.FileOutputCommitter: File Output Committer Algorithm version is 1
26/03/02 03:32:57 INFO mapred.Task:  Using ResourceCalculatorProcessTree : [ ]
26/03/02 03:32:57 INFO mapred.MapTask: Processing split: hdfs://localhost:9000/project2/task2/input/points_4d.csv:0+733758
26/03/02 03:32:57 INFO mapred.MapTask: (EQUATOR) 0 kvi 26214396(104857584)
26/03/02 03:32:57 INFO mapred.MapTask: mapreduce.task.io.sort.mb: 100
26/03/02 03:32:57 INFO mapred.MapTask: soft limit at 83886080
26/03/02 03:32:57 INFO mapred.MapTask: bufstart = 0; bufvoid = 104857600
26/03/02 03:32:57 INFO mapred.MapTask: kvstart = 26214396; length = 6553600
26/03/02 03:32:57 INFO mapred.MapTask: Map output collector class = org.apache.hadoop.mapred.MapTask$MapOutputBuffer
26/03/02 03:32:58 INFO mapred.LocalJobRunner: 
26/03/02 03:32:58 INFO mapred.MapTask: Starting flush of map output
26/03/02 03:32:58 INFO mapred.MapTask: Spilling map output
26/03/02 03:32:58 INFO mapred.MapTask: bufstart = 0; bufend = 520000; bufvoid = 104857600
26/03/02 03:32:58 INFO mapred.MapTask: kvstart = 26214396(104857584); kvend = 26174400(104697600); length = 39997/6553600
26/03/02 03:32:58 INFO mapred.MapTask: Finished spill 0
26/03/02 03:32:58 INFO mapred.Task: Task:attempt_local604880395_0006_m_000000_0 is done. And is in the process of committing
26/03/02 03:32:58 INFO mapred.LocalJobRunner: map
26/03/02 03:32:58 INFO mapred.Task: Task 'attempt_local604880395_0006_m_000000_0' done.
26/03/02 03:32:58 INFO mapred.Task: Final Counters for attempt_local604880395_0006_m_000000_0: Counters: 23
	File System Counters
		FILE: Number of bytes read=877384
		FILE: Number of bytes written=2650677
		FILE: Number of read operations=0
		FILE: Number of large read operations=0
		FILE: Number of write operations=0
		HDFS: Number of bytes read=4421498
		HDFS: Number of bytes written=7666
		HDFS: Number of read operations=301
		HDFS: Number of large read operations=0
		HDFS: Number of write operations=96
	Map-Reduce Framework
		Map input records=10000
		Map output records=10000
		Map output bytes=520000
		Map output materialized bytes=456
		Input split bytes=121
		Combine input records=10000
		Combine output records=8
		Spilled Records=8
		Failed Shuffles=0
		Merged Map outputs=0
		GC time elapsed (ms)=1
		Total committed heap usage (bytes)=526909440
	File Input Format Counters 
		Bytes Read=733758
26/03/02 03:32:58 INFO mapred.LocalJobRunner: Finishing task: attempt_local604880395_0006_m_000000_0
26/03/02 03:32:58 INFO mapred.LocalJobRunner: map task executor complete.
26/03/02 03:32:58 INFO mapred.LocalJobRunner: Waiting for reduce tasks
26/03/02 03:32:58 INFO mapred.LocalJobRunner: Starting task: attempt_local604880395_0006_r_000000_0
26/03/02 03:32:58 INFO output.FileOutputCommitter: File Output Committer Algorithm version is 1
26/03/02 03:32:58 INFO mapred.Task:  Using ResourceCalculatorProcessTree : [ ]
26/03/02 03:32:58 INFO mapred.ReduceTask: Using ShuffleConsumerPlugin: org.apache.hadoop.mapreduce.task.reduce.Shuffle@56e901a4
26/03/02 03:32:58 INFO reduce.MergeManagerImpl: MergerManager: memoryLimit=368836608, maxSingleShuffleLimit=92209152, mergeThreshold=243432176, ioSortFactor=10, memToMemMergeOutputsThreshold=10
26/03/02 03:32:58 INFO reduce.EventFetcher: attempt_local604880395_0006_r_000000_0 Thread started: EventFetcher for fetching Map Completion Events
26/03/02 03:32:58 INFO reduce.LocalFetcher: localfetcher#21 about to shuffle output of map attempt_local604880395_0006_m_000000_0 decomp: 110 len: 114 to MEMORY
26/03/02 03:32:58 INFO reduce.InMemoryMapOutput: Read 110 bytes from map-output for attempt_local604880395_0006_m_000000_0
26/03/02 03:32:58 INFO reduce.MergeManagerImpl: closeInMemoryFile -> map-output of size: 110, inMemoryMapOutputs.size() -> 1, commitMemory -> 0, usedMemory ->110
26/03/02 03:32:58 INFO reduce.EventFetcher: EventFetcher is interrupted.. Returning
26/03/02 03:32:58 INFO mapred.LocalJobRunner: 1 / 1 copied.
26/03/02 03:32:58 INFO reduce.MergeManagerImpl: finalMerge called with 1 in-memory map-outputs and 0 on-disk map-outputs
26/03/02 03:32:58 INFO mapred.Merger: Merging 1 sorted segments
26/03/02 03:32:58 INFO mapred.Merger: Down to the last merge-pass, with 1 segments left of total size: 104 bytes
26/03/02 03:32:58 INFO reduce.MergeManagerImpl: Merged 1 segments, 110 bytes to disk to satisfy reduce memory limit
26/03/02 03:32:58 INFO reduce.MergeManagerImpl: Merging 1 files, 114 bytes from disk
26/03/02 03:32:58 INFO reduce.MergeManagerImpl: Merging 0 segments, 0 bytes from memory into reduce
26/03/02 03:32:58 INFO mapred.Merger: Merging 1 sorted segments
26/03/02 03:32:58 INFO mapred.Merger: Down to the last merge-pass, with 1 segments left of total size: 104 bytes
26/03/02 03:32:58 INFO mapred.LocalJobRunner: 1 / 1 copied.
26/03/02 03:32:58 INFO mapred.Task: Task:attempt_local604880395_0006_r_000000_0 is done. And is in the process of committing
26/03/02 03:32:58 INFO mapred.LocalJobRunner: 1 / 1 copied.
26/03/02 03:32:58 INFO mapred.Task: Task attempt_local604880395_0006_r_000000_0 is allowed to commit now
26/03/02 03:32:58 INFO output.FileOutputCommitter: Saved output of task 'attempt_local604880395_0006_r_000000_0' to hdfs://localhost:9000/project2/task2/runs_report_plus/k8_r30_opt/iter_6/_temporary/0/task_local604880395_0006_r_000000
26/03/02 03:32:58 INFO mapred.LocalJobRunner: reduce > reduce
26/03/02 03:32:58 INFO mapred.Task: Task 'attempt_local604880395_0006_r_000000_0' done.
26/03/02 03:32:58 INFO mapred.Task: Final Counters for attempt_local604880395_0006_r_000000_0: Counters: 29
	File System Counters
		FILE: Number of bytes read=878058
		FILE: Number of bytes written=2650791
		FILE: Number of read operations=0
		FILE: Number of large read operations=0
		FILE: Number of write operations=0
		HDFS: Number of bytes read=4421498
		HDFS: Number of bytes written=7871
		HDFS: Number of read operations=304
		HDFS: Number of large read operations=0
		HDFS: Number of write operations=98
	Map-Reduce Framework
		Combine input records=0
		Combine output records=0
		Reduce input groups=2
		Reduce shuffle bytes=114
		Reduce input records=2
		Reduce output records=2
		Spilled Records=2
		Shuffled Maps =1
		Failed Shuffles=0
		Merged Map outputs=1
		GC time elapsed (ms)=0
		Total committed heap usage (bytes)=526909440
	Shuffle Errors
		BAD_ID=0
		CONNECTION=0
		IO_ERROR=0
		WRONG_LENGTH=0
		WRONG_MAP=0
		WRONG_REDUCE=0
	File Output Format Counters 
		Bytes Written=205
26/03/02 03:32:58 INFO mapred.LocalJobRunner: Finishing task: attempt_local604880395_0006_r_000000_0
26/03/02 03:32:58 INFO mapred.LocalJobRunner: Starting task: attempt_local604880395_0006_r_000001_0
26/03/02 03:32:58 INFO output.FileOutputCommitter: File Output Committer Algorithm version is 1
26/03/02 03:32:58 INFO mapred.Task:  Using ResourceCalculatorProcessTree : [ ]
26/03/02 03:32:58 INFO mapred.ReduceTask: Using ShuffleConsumerPlugin: org.apache.hadoop.mapreduce.task.reduce.Shuffle@7692995
26/03/02 03:32:58 INFO reduce.MergeManagerImpl: MergerManager: memoryLimit=368836608, maxSingleShuffleLimit=92209152, mergeThreshold=243432176, ioSortFactor=10, memToMemMergeOutputsThreshold=10
26/03/02 03:32:58 INFO reduce.EventFetcher: attempt_local604880395_0006_r_000001_0 Thread started: EventFetcher for fetching Map Completion Events
26/03/02 03:32:58 INFO reduce.LocalFetcher: localfetcher#22 about to shuffle output of map attempt_local604880395_0006_m_000000_0 decomp: 110 len: 114 to MEMORY
26/03/02 03:32:58 INFO reduce.InMemoryMapOutput: Read 110 bytes from map-output for attempt_local604880395_0006_m_000000_0
26/03/02 03:32:58 INFO reduce.MergeManagerImpl: closeInMemoryFile -> map-output of size: 110, inMemoryMapOutputs.size() -> 1, commitMemory -> 0, usedMemory ->110
26/03/02 03:32:58 INFO reduce.EventFetcher: EventFetcher is interrupted.. Returning
26/03/02 03:32:58 INFO mapred.LocalJobRunner: 1 / 1 copied.
26/03/02 03:32:58 INFO reduce.MergeManagerImpl: finalMerge called with 1 in-memory map-outputs and 0 on-disk map-outputs
26/03/02 03:32:58 INFO mapred.Merger: Merging 1 sorted segments
26/03/02 03:32:58 INFO mapred.Merger: Down to the last merge-pass, with 1 segments left of total size: 104 bytes
26/03/02 03:32:58 INFO reduce.MergeManagerImpl: Merged 1 segments, 110 bytes to disk to satisfy reduce memory limit
26/03/02 03:32:58 INFO reduce.MergeManagerImpl: Merging 1 files, 114 bytes from disk
26/03/02 03:32:58 INFO reduce.MergeManagerImpl: Merging 0 segments, 0 bytes from memory into reduce
26/03/02 03:32:58 INFO mapred.Merger: Merging 1 sorted segments
26/03/02 03:32:58 INFO mapred.Merger: Down to the last merge-pass, with 1 segments left of total size: 104 bytes
26/03/02 03:32:58 INFO mapred.LocalJobRunner: 1 / 1 copied.
26/03/02 03:32:58 INFO mapred.Task: Task:attempt_local604880395_0006_r_000001_0 is done. And is in the process of committing
26/03/02 03:32:58 INFO mapred.LocalJobRunner: 1 / 1 copied.
26/03/02 03:32:58 INFO mapred.Task: Task attempt_local604880395_0006_r_000001_0 is allowed to commit now
26/03/02 03:32:58 INFO output.FileOutputCommitter: Saved output of task 'attempt_local604880395_0006_r_000001_0' to hdfs://localhost:9000/project2/task2/runs_report_plus/k8_r30_opt/iter_6/_temporary/0/task_local604880395_0006_r_000001
26/03/02 03:32:58 INFO mapred.LocalJobRunner: reduce > reduce
26/03/02 03:32:58 INFO mapred.Task: Task 'attempt_local604880395_0006_r_000001_0' done.
26/03/02 03:32:58 INFO mapred.Task: Final Counters for attempt_local604880395_0006_r_000001_0: Counters: 29
	File System Counters
		FILE: Number of bytes read=878618
		FILE: Number of bytes written=2650905
		FILE: Number of read operations=0
		FILE: Number of large read operations=0
		FILE: Number of write operations=0
		HDFS: Number of bytes read=4421498
		HDFS: Number of bytes written=8074
		HDFS: Number of read operations=307
		HDFS: Number of large read operations=0
		HDFS: Number of write operations=100
	Map-Reduce Framework
		Combine input records=0
		Combine output records=0
		Reduce input groups=2
		Reduce shuffle bytes=114
		Reduce input records=2
		Reduce output records=2
		Spilled Records=2
		Shuffled Maps =1
		Failed Shuffles=0
		Merged Map outputs=1
		GC time elapsed (ms)=0
		Total committed heap usage (bytes)=526909440
	Shuffle Errors
		BAD_ID=0
		CONNECTION=0
		IO_ERROR=0
		WRONG_LENGTH=0
		WRONG_MAP=0
		WRONG_REDUCE=0
	File Output Format Counters 
		Bytes Written=203
26/03/02 03:32:58 INFO mapred.LocalJobRunner: Finishing task: attempt_local604880395_0006_r_000001_0
26/03/02 03:32:58 INFO mapred.LocalJobRunner: Starting task: attempt_local604880395_0006_r_000002_0
26/03/02 03:32:58 INFO output.FileOutputCommitter: File Output Committer Algorithm version is 1
26/03/02 03:32:58 INFO mapred.Task:  Using ResourceCalculatorProcessTree : [ ]
26/03/02 03:32:58 INFO mapred.ReduceTask: Using ShuffleConsumerPlugin: org.apache.hadoop.mapreduce.task.reduce.Shuffle@7fd00aca
26/03/02 03:32:58 INFO reduce.MergeManagerImpl: MergerManager: memoryLimit=368836608, maxSingleShuffleLimit=92209152, mergeThreshold=243432176, ioSortFactor=10, memToMemMergeOutputsThreshold=10
26/03/02 03:32:58 INFO reduce.EventFetcher: attempt_local604880395_0006_r_000002_0 Thread started: EventFetcher for fetching Map Completion Events
26/03/02 03:32:58 INFO reduce.LocalFetcher: localfetcher#23 about to shuffle output of map attempt_local604880395_0006_m_000000_0 decomp: 110 len: 114 to MEMORY
26/03/02 03:32:58 INFO reduce.InMemoryMapOutput: Read 110 bytes from map-output for attempt_local604880395_0006_m_000000_0
26/03/02 03:32:58 INFO reduce.MergeManagerImpl: closeInMemoryFile -> map-output of size: 110, inMemoryMapOutputs.size() -> 1, commitMemory -> 0, usedMemory ->110
26/03/02 03:32:58 INFO reduce.EventFetcher: EventFetcher is interrupted.. Returning
26/03/02 03:32:58 INFO mapred.LocalJobRunner: 1 / 1 copied.
26/03/02 03:32:58 INFO reduce.MergeManagerImpl: finalMerge called with 1 in-memory map-outputs and 0 on-disk map-outputs
26/03/02 03:32:58 INFO mapred.Merger: Merging 1 sorted segments
26/03/02 03:32:58 INFO mapred.Merger: Down to the last merge-pass, with 1 segments left of total size: 104 bytes
26/03/02 03:32:58 INFO reduce.MergeManagerImpl: Merged 1 segments, 110 bytes to disk to satisfy reduce memory limit
26/03/02 03:32:58 INFO reduce.MergeManagerImpl: Merging 1 files, 114 bytes from disk
26/03/02 03:32:58 INFO reduce.MergeManagerImpl: Merging 0 segments, 0 bytes from memory into reduce
26/03/02 03:32:58 INFO mapred.Merger: Merging 1 sorted segments
26/03/02 03:32:58 INFO mapred.Merger: Down to the last merge-pass, with 1 segments left of total size: 104 bytes
26/03/02 03:32:58 INFO mapred.LocalJobRunner: 1 / 1 copied.
26/03/02 03:32:58 INFO mapred.Task: Task:attempt_local604880395_0006_r_000002_0 is done. And is in the process of committing
26/03/02 03:32:58 INFO mapred.LocalJobRunner: 1 / 1 copied.
26/03/02 03:32:58 INFO mapred.Task: Task attempt_local604880395_0006_r_000002_0 is allowed to commit now
26/03/02 03:32:58 INFO output.FileOutputCommitter: Saved output of task 'attempt_local604880395_0006_r_000002_0' to hdfs://localhost:9000/project2/task2/runs_report_plus/k8_r30_opt/iter_6/_temporary/0/task_local604880395_0006_r_000002
26/03/02 03:32:58 INFO mapred.LocalJobRunner: reduce > reduce
26/03/02 03:32:58 INFO mapred.Task: Task 'attempt_local604880395_0006_r_000002_0' done.
26/03/02 03:32:58 INFO mapred.Task: Final Counters for attempt_local604880395_0006_r_000002_0: Counters: 29
	File System Counters
		FILE: Number of bytes read=879064
		FILE: Number of bytes written=2651019
		FILE: Number of read operations=0
		FILE: Number of large read operations=0
		FILE: Number of write operations=0
		HDFS: Number of bytes read=4421498
		HDFS: Number of bytes written=8278
		HDFS: Number of read operations=310
		HDFS: Number of large read operations=0
		HDFS: Number of write operations=102
	Map-Reduce Framework
		Combine input records=0
		Combine output records=0
		Reduce input groups=2
		Reduce shuffle bytes=114
		Reduce input records=2
		Reduce output records=2
		Spilled Records=2
		Shuffled Maps =1
		Failed Shuffles=0
		Merged Map outputs=1
		GC time elapsed (ms)=0
		Total committed heap usage (bytes)=526909440
	Shuffle Errors
		BAD_ID=0
		CONNECTION=0
		IO_ERROR=0
		WRONG_LENGTH=0
		WRONG_MAP=0
		WRONG_REDUCE=0
	File Output Format Counters 
		Bytes Written=204
26/03/02 03:32:58 INFO mapred.LocalJobRunner: Finishing task: attempt_local604880395_0006_r_000002_0
26/03/02 03:32:58 INFO mapred.LocalJobRunner: Starting task: attempt_local604880395_0006_r_000003_0
26/03/02 03:32:58 INFO output.FileOutputCommitter: File Output Committer Algorithm version is 1
26/03/02 03:32:58 INFO mapred.Task:  Using ResourceCalculatorProcessTree : [ ]
26/03/02 03:32:58 INFO mapred.ReduceTask: Using ShuffleConsumerPlugin: org.apache.hadoop.mapreduce.task.reduce.Shuffle@37d7ab4e
26/03/02 03:32:58 INFO reduce.MergeManagerImpl: MergerManager: memoryLimit=368836608, maxSingleShuffleLimit=92209152, mergeThreshold=243432176, ioSortFactor=10, memToMemMergeOutputsThreshold=10
26/03/02 03:32:58 INFO reduce.EventFetcher: attempt_local604880395_0006_r_000003_0 Thread started: EventFetcher for fetching Map Completion Events
26/03/02 03:32:58 INFO reduce.LocalFetcher: localfetcher#24 about to shuffle output of map attempt_local604880395_0006_m_000000_0 decomp: 110 len: 114 to MEMORY
26/03/02 03:32:58 INFO reduce.InMemoryMapOutput: Read 110 bytes from map-output for attempt_local604880395_0006_m_000000_0
26/03/02 03:32:58 INFO reduce.MergeManagerImpl: closeInMemoryFile -> map-output of size: 110, inMemoryMapOutputs.size() -> 1, commitMemory -> 0, usedMemory ->110
26/03/02 03:32:58 WARN io.ReadaheadPool: Failed readahead on ifile
EBADF: Bad file descriptor
	at org.apache.hadoop.io.nativeio.NativeIO$POSIX.posix_fadvise(Native Method)
	at org.apache.hadoop.io.nativeio.NativeIO$POSIX.posixFadviseIfPossible(NativeIO.java:267)
	at org.apache.hadoop.io.nativeio.NativeIO$POSIX$CacheManipulator.posixFadviseIfPossible(NativeIO.java:146)
	at org.apache.hadoop.io.ReadaheadPool$ReadaheadRequestImpl.run(ReadaheadPool.java:206)
	at java.util.concurrent.ThreadPoolExecutor.runWorker(ThreadPoolExecutor.java:1149)
	at java.util.concurrent.ThreadPoolExecutor$Worker.run(ThreadPoolExecutor.java:624)
	at java.lang.Thread.run(Thread.java:748)
26/03/02 03:32:58 INFO reduce.EventFetcher: EventFetcher is interrupted.. Returning
26/03/02 03:32:58 INFO mapred.LocalJobRunner: 1 / 1 copied.
26/03/02 03:32:58 INFO reduce.MergeManagerImpl: finalMerge called with 1 in-memory map-outputs and 0 on-disk map-outputs
26/03/02 03:32:58 INFO mapred.Merger: Merging 1 sorted segments
26/03/02 03:32:58 INFO mapred.Merger: Down to the last merge-pass, with 1 segments left of total size: 104 bytes
26/03/02 03:32:58 INFO reduce.MergeManagerImpl: Merged 1 segments, 110 bytes to disk to satisfy reduce memory limit
26/03/02 03:32:58 INFO reduce.MergeManagerImpl: Merging 1 files, 114 bytes from disk
26/03/02 03:32:58 INFO reduce.MergeManagerImpl: Merging 0 segments, 0 bytes from memory into reduce
26/03/02 03:32:58 INFO mapred.Merger: Merging 1 sorted segments
26/03/02 03:32:58 INFO mapred.Merger: Down to the last merge-pass, with 1 segments left of total size: 104 bytes
26/03/02 03:32:58 INFO mapred.LocalJobRunner: 1 / 1 copied.
26/03/02 03:32:58 INFO mapred.Task: Task:attempt_local604880395_0006_r_000003_0 is done. And is in the process of committing
26/03/02 03:32:58 INFO mapred.LocalJobRunner: 1 / 1 copied.
26/03/02 03:32:58 INFO mapred.Task: Task attempt_local604880395_0006_r_000003_0 is allowed to commit now
26/03/02 03:32:58 INFO output.FileOutputCommitter: Saved output of task 'attempt_local604880395_0006_r_000003_0' to hdfs://localhost:9000/project2/task2/runs_report_plus/k8_r30_opt/iter_6/_temporary/0/task_local604880395_0006_r_000003
26/03/02 03:32:58 INFO mapred.LocalJobRunner: reduce > reduce
26/03/02 03:32:58 INFO mapred.Task: Task 'attempt_local604880395_0006_r_000003_0' done.
26/03/02 03:32:58 INFO mapred.Task: Final Counters for attempt_local604880395_0006_r_000003_0: Counters: 29
	File System Counters
		FILE: Number of bytes read=879396
		FILE: Number of bytes written=2651133
		FILE: Number of read operations=0
		FILE: Number of large read operations=0
		FILE: Number of write operations=0
		HDFS: Number of bytes read=4421498
		HDFS: Number of bytes written=8481
		HDFS: Number of read operations=313
		HDFS: Number of large read operations=0
		HDFS: Number of write operations=104
	Map-Reduce Framework
		Combine input records=0
		Combine output records=0
		Reduce input groups=2
		Reduce shuffle bytes=114
		Reduce input records=2
		Reduce output records=2
		Spilled Records=2
		Shuffled Maps =1
		Failed Shuffles=0
		Merged Map outputs=1
		GC time elapsed (ms)=0
		Total committed heap usage (bytes)=526909440
	Shuffle Errors
		BAD_ID=0
		CONNECTION=0
		IO_ERROR=0
		WRONG_LENGTH=0
		WRONG_MAP=0
		WRONG_REDUCE=0
	File Output Format Counters 
		Bytes Written=203
26/03/02 03:32:58 INFO mapred.LocalJobRunner: Finishing task: attempt_local604880395_0006_r_000003_0
26/03/02 03:32:58 INFO mapred.LocalJobRunner: reduce task executor complete.
26/03/02 03:32:58 INFO mapreduce.Job: Job job_local604880395_0006 running in uber mode : false
26/03/02 03:32:58 INFO mapreduce.Job:  map 100% reduce 100%
26/03/02 03:32:58 INFO mapreduce.Job: Job job_local604880395_0006 completed successfully
26/03/02 03:32:58 INFO mapreduce.Job: Counters: 35
	File System Counters
		FILE: Number of bytes read=4392520
		FILE: Number of bytes written=13254525
		FILE: Number of read operations=0
		FILE: Number of large read operations=0
		FILE: Number of write operations=0
		HDFS: Number of bytes read=22107490
		HDFS: Number of bytes written=40370
		HDFS: Number of read operations=1535
		HDFS: Number of large read operations=0
		HDFS: Number of write operations=500
	Map-Reduce Framework
		Map input records=10000
		Map output records=10000
		Map output bytes=520000
		Map output materialized bytes=456
		Input split bytes=121
		Combine input records=10000
		Combine output records=8
		Reduce input groups=8
		Reduce shuffle bytes=456
		Reduce input records=8
		Reduce output records=8
		Spilled Records=16
		Shuffled Maps =4
		Failed Shuffles=0
		Merged Map outputs=4
		GC time elapsed (ms)=1
		Total committed heap usage (bytes)=2634547200
	Shuffle Errors
		BAD_ID=0
		CONNECTION=0
		IO_ERROR=0
		WRONG_LENGTH=0
		WRONG_MAP=0
		WRONG_REDUCE=0
	File Input Format Counters 
		Bytes Read=733758
	File Output Format Counters 
		Bytes Written=815
26/03/02 03:32:59 INFO jvm.JvmMetrics: Cannot initialize JVM Metrics with processName=JobTracker, sessionId= - already initialized
26/03/02 03:32:59 WARN mapreduce.JobResourceUploader: Hadoop command-line option parsing not performed. Implement the Tool interface and execute your application with ToolRunner to remedy this.
26/03/02 03:32:59 INFO input.FileInputFormat: Total input paths to process : 1
26/03/02 03:32:59 INFO mapreduce.JobSubmitter: number of splits:1
26/03/02 03:32:59 INFO mapreduce.JobSubmitter: Submitting tokens for job: job_local940740559_0007
26/03/02 03:32:59 INFO mapred.LocalDistributedCacheManager: Creating symlink: /tmp/hadoop-ds503/mapred/local/1772422379030/centers_iter_6.csv <- /home/ds503/centers_iter_6.csv
26/03/02 03:32:59 INFO mapred.LocalDistributedCacheManager: Localized hdfs://localhost:9000/project2/task2/runs_report_plus/k8_r30_opt/centers_iter_6.csv as file:/tmp/hadoop-ds503/mapred/local/1772422379030/centers_iter_6.csv
26/03/02 03:32:59 INFO mapreduce.Job: The url to track the job: http://localhost:8080/
26/03/02 03:32:59 INFO mapreduce.Job: Running job: job_local940740559_0007
26/03/02 03:32:59 INFO mapred.LocalJobRunner: OutputCommitter set in config null
26/03/02 03:32:59 INFO output.FileOutputCommitter: File Output Committer Algorithm version is 1
26/03/02 03:32:59 INFO mapred.LocalJobRunner: OutputCommitter is org.apache.hadoop.mapreduce.lib.output.FileOutputCommitter
26/03/02 03:32:59 INFO mapred.LocalJobRunner: Waiting for map tasks
26/03/02 03:32:59 INFO mapred.LocalJobRunner: Starting task: attempt_local940740559_0007_m_000000_0
26/03/02 03:32:59 INFO output.FileOutputCommitter: File Output Committer Algorithm version is 1
26/03/02 03:32:59 INFO mapred.Task:  Using ResourceCalculatorProcessTree : [ ]
26/03/02 03:32:59 INFO mapred.MapTask: Processing split: hdfs://localhost:9000/project2/task2/input/points_4d.csv:0+733758
26/03/02 03:32:59 INFO mapred.MapTask: (EQUATOR) 0 kvi 26214396(104857584)
26/03/02 03:32:59 INFO mapred.MapTask: mapreduce.task.io.sort.mb: 100
26/03/02 03:32:59 INFO mapred.MapTask: soft limit at 83886080
26/03/02 03:32:59 INFO mapred.MapTask: bufstart = 0; bufvoid = 104857600
26/03/02 03:32:59 INFO mapred.MapTask: kvstart = 26214396; length = 6553600
26/03/02 03:32:59 INFO mapred.MapTask: Map output collector class = org.apache.hadoop.mapred.MapTask$MapOutputBuffer
26/03/02 03:32:59 INFO mapred.LocalJobRunner: 
26/03/02 03:32:59 INFO mapred.MapTask: Starting flush of map output
26/03/02 03:32:59 INFO mapred.MapTask: Spilling map output
26/03/02 03:32:59 INFO mapred.MapTask: bufstart = 0; bufend = 520000; bufvoid = 104857600
26/03/02 03:32:59 INFO mapred.MapTask: kvstart = 26214396(104857584); kvend = 26174400(104697600); length = 39997/6553600
26/03/02 03:32:59 INFO mapred.MapTask: Finished spill 0
26/03/02 03:32:59 INFO mapred.Task: Task:attempt_local940740559_0007_m_000000_0 is done. And is in the process of committing
26/03/02 03:32:59 INFO mapred.LocalJobRunner: map
26/03/02 03:32:59 INFO mapred.Task: Task 'attempt_local940740559_0007_m_000000_0' done.
26/03/02 03:32:59 INFO mapred.Task: Final Counters for attempt_local940740559_0007_m_000000_0: Counters: 23
	File System Counters
		FILE: Number of bytes read=1023950
		FILE: Number of bytes written=3092006
		FILE: Number of read operations=0
		FILE: Number of large read operations=0
		FILE: Number of write operations=0
		HDFS: Number of bytes read=5158702
		HDFS: Number of bytes written=9087
		HDFS: Number of read operations=357
		HDFS: Number of large read operations=0
		HDFS: Number of write operations=114
	Map-Reduce Framework
		Map input records=10000
		Map output records=10000
		Map output bytes=520000
		Map output materialized bytes=456
		Input split bytes=121
		Combine input records=10000
		Combine output records=8
		Spilled Records=8
		Failed Shuffles=0
		Merged Map outputs=0
		GC time elapsed (ms)=0
		Total committed heap usage (bytes)=517996544
	File Input Format Counters 
		Bytes Read=733758
26/03/02 03:32:59 INFO mapred.LocalJobRunner: Finishing task: attempt_local940740559_0007_m_000000_0
26/03/02 03:32:59 INFO mapred.LocalJobRunner: map task executor complete.
26/03/02 03:32:59 INFO mapred.LocalJobRunner: Waiting for reduce tasks
26/03/02 03:32:59 INFO mapred.LocalJobRunner: Starting task: attempt_local940740559_0007_r_000000_0
26/03/02 03:32:59 INFO output.FileOutputCommitter: File Output Committer Algorithm version is 1
26/03/02 03:32:59 INFO mapred.Task:  Using ResourceCalculatorProcessTree : [ ]
26/03/02 03:32:59 INFO mapred.ReduceTask: Using ShuffleConsumerPlugin: org.apache.hadoop.mapreduce.task.reduce.Shuffle@560587df
26/03/02 03:32:59 INFO reduce.MergeManagerImpl: MergerManager: memoryLimit=362597568, maxSingleShuffleLimit=90649392, mergeThreshold=239314400, ioSortFactor=10, memToMemMergeOutputsThreshold=10
26/03/02 03:32:59 INFO reduce.EventFetcher: attempt_local940740559_0007_r_000000_0 Thread started: EventFetcher for fetching Map Completion Events
26/03/02 03:32:59 INFO reduce.LocalFetcher: localfetcher#25 about to shuffle output of map attempt_local940740559_0007_m_000000_0 decomp: 110 len: 114 to MEMORY
26/03/02 03:32:59 INFO reduce.InMemoryMapOutput: Read 110 bytes from map-output for attempt_local940740559_0007_m_000000_0
26/03/02 03:32:59 INFO reduce.MergeManagerImpl: closeInMemoryFile -> map-output of size: 110, inMemoryMapOutputs.size() -> 1, commitMemory -> 0, usedMemory ->110
26/03/02 03:32:59 INFO reduce.EventFetcher: EventFetcher is interrupted.. Returning
26/03/02 03:32:59 INFO mapred.LocalJobRunner: 1 / 1 copied.
26/03/02 03:32:59 INFO reduce.MergeManagerImpl: finalMerge called with 1 in-memory map-outputs and 0 on-disk map-outputs
26/03/02 03:32:59 INFO mapred.Merger: Merging 1 sorted segments
26/03/02 03:32:59 INFO mapred.Merger: Down to the last merge-pass, with 1 segments left of total size: 104 bytes
26/03/02 03:32:59 INFO reduce.MergeManagerImpl: Merged 1 segments, 110 bytes to disk to satisfy reduce memory limit
26/03/02 03:32:59 INFO reduce.MergeManagerImpl: Merging 1 files, 114 bytes from disk
26/03/02 03:32:59 INFO reduce.MergeManagerImpl: Merging 0 segments, 0 bytes from memory into reduce
26/03/02 03:32:59 INFO mapred.Merger: Merging 1 sorted segments
26/03/02 03:32:59 INFO mapred.Merger: Down to the last merge-pass, with 1 segments left of total size: 104 bytes
26/03/02 03:32:59 INFO mapred.LocalJobRunner: 1 / 1 copied.
26/03/02 03:32:59 INFO mapred.Task: Task:attempt_local940740559_0007_r_000000_0 is done. And is in the process of committing
26/03/02 03:32:59 INFO mapred.LocalJobRunner: 1 / 1 copied.
26/03/02 03:32:59 INFO mapred.Task: Task attempt_local940740559_0007_r_000000_0 is allowed to commit now
26/03/02 03:32:59 INFO output.FileOutputCommitter: Saved output of task 'attempt_local940740559_0007_r_000000_0' to hdfs://localhost:9000/project2/task2/runs_report_plus/k8_r30_opt/iter_7/_temporary/0/task_local940740559_0007_r_000000
26/03/02 03:32:59 INFO mapred.LocalJobRunner: reduce > reduce
26/03/02 03:32:59 INFO mapred.Task: Task 'attempt_local940740559_0007_r_000000_0' done.
26/03/02 03:32:59 INFO mapred.Task: Final Counters for attempt_local940740559_0007_r_000000_0: Counters: 29
	File System Counters
		FILE: Number of bytes read=1024624
		FILE: Number of bytes written=3092120
		FILE: Number of read operations=0
		FILE: Number of large read operations=0
		FILE: Number of write operations=0
		HDFS: Number of bytes read=5158702
		HDFS: Number of bytes written=9290
		HDFS: Number of read operations=360
		HDFS: Number of large read operations=0
		HDFS: Number of write operations=116
	Map-Reduce Framework
		Combine input records=0
		Combine output records=0
		Reduce input groups=2
		Reduce shuffle bytes=114
		Reduce input records=2
		Reduce output records=2
		Spilled Records=2
		Shuffled Maps =1
		Failed Shuffles=0
		Merged Map outputs=1
		GC time elapsed (ms)=0
		Total committed heap usage (bytes)=517996544
	Shuffle Errors
		BAD_ID=0
		CONNECTION=0
		IO_ERROR=0
		WRONG_LENGTH=0
		WRONG_MAP=0
		WRONG_REDUCE=0
	File Output Format Counters 
		Bytes Written=203
26/03/02 03:32:59 INFO mapred.LocalJobRunner: Finishing task: attempt_local940740559_0007_r_000000_0
26/03/02 03:32:59 INFO mapred.LocalJobRunner: Starting task: attempt_local940740559_0007_r_000001_0
26/03/02 03:32:59 INFO output.FileOutputCommitter: File Output Committer Algorithm version is 1
26/03/02 03:32:59 INFO mapred.Task:  Using ResourceCalculatorProcessTree : [ ]
26/03/02 03:32:59 INFO mapred.ReduceTask: Using ShuffleConsumerPlugin: org.apache.hadoop.mapreduce.task.reduce.Shuffle@63be2ecb
26/03/02 03:32:59 INFO reduce.MergeManagerImpl: MergerManager: memoryLimit=362597568, maxSingleShuffleLimit=90649392, mergeThreshold=239314400, ioSortFactor=10, memToMemMergeOutputsThreshold=10
26/03/02 03:32:59 INFO reduce.EventFetcher: attempt_local940740559_0007_r_000001_0 Thread started: EventFetcher for fetching Map Completion Events
26/03/02 03:32:59 INFO reduce.LocalFetcher: localfetcher#26 about to shuffle output of map attempt_local940740559_0007_m_000000_0 decomp: 110 len: 114 to MEMORY
26/03/02 03:32:59 INFO reduce.InMemoryMapOutput: Read 110 bytes from map-output for attempt_local940740559_0007_m_000000_0
26/03/02 03:32:59 INFO reduce.MergeManagerImpl: closeInMemoryFile -> map-output of size: 110, inMemoryMapOutputs.size() -> 1, commitMemory -> 0, usedMemory ->110
26/03/02 03:32:59 INFO reduce.EventFetcher: EventFetcher is interrupted.. Returning
26/03/02 03:32:59 INFO mapred.LocalJobRunner: 1 / 1 copied.
26/03/02 03:32:59 INFO reduce.MergeManagerImpl: finalMerge called with 1 in-memory map-outputs and 0 on-disk map-outputs
26/03/02 03:32:59 INFO mapred.Merger: Merging 1 sorted segments
26/03/02 03:32:59 INFO mapred.Merger: Down to the last merge-pass, with 1 segments left of total size: 104 bytes
26/03/02 03:32:59 INFO reduce.MergeManagerImpl: Merged 1 segments, 110 bytes to disk to satisfy reduce memory limit
26/03/02 03:32:59 INFO reduce.MergeManagerImpl: Merging 1 files, 114 bytes from disk
26/03/02 03:32:59 INFO reduce.MergeManagerImpl: Merging 0 segments, 0 bytes from memory into reduce
26/03/02 03:32:59 INFO mapred.Merger: Merging 1 sorted segments
26/03/02 03:32:59 INFO mapred.Merger: Down to the last merge-pass, with 1 segments left of total size: 104 bytes
26/03/02 03:32:59 INFO mapred.LocalJobRunner: 1 / 1 copied.
26/03/02 03:32:59 INFO mapred.Task: Task:attempt_local940740559_0007_r_000001_0 is done. And is in the process of committing
26/03/02 03:32:59 INFO mapred.LocalJobRunner: 1 / 1 copied.
26/03/02 03:32:59 INFO mapred.Task: Task attempt_local940740559_0007_r_000001_0 is allowed to commit now
26/03/02 03:32:59 INFO output.FileOutputCommitter: Saved output of task 'attempt_local940740559_0007_r_000001_0' to hdfs://localhost:9000/project2/task2/runs_report_plus/k8_r30_opt/iter_7/_temporary/0/task_local940740559_0007_r_000001
26/03/02 03:32:59 INFO mapred.LocalJobRunner: reduce > reduce
26/03/02 03:32:59 INFO mapred.Task: Task 'attempt_local940740559_0007_r_000001_0' done.
26/03/02 03:32:59 INFO mapred.Task: Final Counters for attempt_local940740559_0007_r_000001_0: Counters: 29
	File System Counters
		FILE: Number of bytes read=1025184
		FILE: Number of bytes written=3092234
		FILE: Number of read operations=0
		FILE: Number of large read operations=0
		FILE: Number of write operations=0
		HDFS: Number of bytes read=5158702
		HDFS: Number of bytes written=9492
		HDFS: Number of read operations=363
		HDFS: Number of large read operations=0
		HDFS: Number of write operations=118
	Map-Reduce Framework
		Combine input records=0
		Combine output records=0
		Reduce input groups=2
		Reduce shuffle bytes=114
		Reduce input records=2
		Reduce output records=2
		Spilled Records=2
		Shuffled Maps =1
		Failed Shuffles=0
		Merged Map outputs=1
		GC time elapsed (ms)=1
		Total committed heap usage (bytes)=526385152
	Shuffle Errors
		BAD_ID=0
		CONNECTION=0
		IO_ERROR=0
		WRONG_LENGTH=0
		WRONG_MAP=0
		WRONG_REDUCE=0
	File Output Format Counters 
		Bytes Written=202
26/03/02 03:32:59 INFO mapred.LocalJobRunner: Finishing task: attempt_local940740559_0007_r_000001_0
26/03/02 03:32:59 INFO mapred.LocalJobRunner: Starting task: attempt_local940740559_0007_r_000002_0
26/03/02 03:32:59 INFO output.FileOutputCommitter: File Output Committer Algorithm version is 1
26/03/02 03:32:59 INFO mapred.Task:  Using ResourceCalculatorProcessTree : [ ]
26/03/02 03:32:59 INFO mapred.ReduceTask: Using ShuffleConsumerPlugin: org.apache.hadoop.mapreduce.task.reduce.Shuffle@1b8769e6
26/03/02 03:32:59 INFO reduce.MergeManagerImpl: MergerManager: memoryLimit=368469600, maxSingleShuffleLimit=92117400, mergeThreshold=243189952, ioSortFactor=10, memToMemMergeOutputsThreshold=10
26/03/02 03:32:59 INFO reduce.EventFetcher: attempt_local940740559_0007_r_000002_0 Thread started: EventFetcher for fetching Map Completion Events
26/03/02 03:32:59 INFO reduce.LocalFetcher: localfetcher#27 about to shuffle output of map attempt_local940740559_0007_m_000000_0 decomp: 110 len: 114 to MEMORY
26/03/02 03:32:59 INFO reduce.InMemoryMapOutput: Read 110 bytes from map-output for attempt_local940740559_0007_m_000000_0
26/03/02 03:32:59 INFO reduce.MergeManagerImpl: closeInMemoryFile -> map-output of size: 110, inMemoryMapOutputs.size() -> 1, commitMemory -> 0, usedMemory ->110
26/03/02 03:32:59 INFO reduce.EventFetcher: EventFetcher is interrupted.. Returning
26/03/02 03:32:59 INFO mapred.LocalJobRunner: 1 / 1 copied.
26/03/02 03:32:59 INFO reduce.MergeManagerImpl: finalMerge called with 1 in-memory map-outputs and 0 on-disk map-outputs
26/03/02 03:32:59 INFO mapred.Merger: Merging 1 sorted segments
26/03/02 03:32:59 INFO mapred.Merger: Down to the last merge-pass, with 1 segments left of total size: 104 bytes
26/03/02 03:32:59 INFO reduce.MergeManagerImpl: Merged 1 segments, 110 bytes to disk to satisfy reduce memory limit
26/03/02 03:32:59 INFO reduce.MergeManagerImpl: Merging 1 files, 114 bytes from disk
26/03/02 03:32:59 INFO reduce.MergeManagerImpl: Merging 0 segments, 0 bytes from memory into reduce
26/03/02 03:32:59 INFO mapred.Merger: Merging 1 sorted segments
26/03/02 03:32:59 INFO mapred.Merger: Down to the last merge-pass, with 1 segments left of total size: 104 bytes
26/03/02 03:32:59 INFO mapred.LocalJobRunner: 1 / 1 copied.
26/03/02 03:32:59 INFO mapred.Task: Task:attempt_local940740559_0007_r_000002_0 is done. And is in the process of committing
26/03/02 03:32:59 INFO mapred.LocalJobRunner: 1 / 1 copied.
26/03/02 03:32:59 INFO mapred.Task: Task attempt_local940740559_0007_r_000002_0 is allowed to commit now
26/03/02 03:32:59 INFO output.FileOutputCommitter: Saved output of task 'attempt_local940740559_0007_r_000002_0' to hdfs://localhost:9000/project2/task2/runs_report_plus/k8_r30_opt/iter_7/_temporary/0/task_local940740559_0007_r_000002
26/03/02 03:32:59 INFO mapred.LocalJobRunner: reduce > reduce
26/03/02 03:32:59 INFO mapred.Task: Task 'attempt_local940740559_0007_r_000002_0' done.
26/03/02 03:32:59 INFO mapred.Task: Final Counters for attempt_local940740559_0007_r_000002_0: Counters: 29
	File System Counters
		FILE: Number of bytes read=1025630
		FILE: Number of bytes written=3092348
		FILE: Number of read operations=0
		FILE: Number of large read operations=0
		FILE: Number of write operations=0
		HDFS: Number of bytes read=5158702
		HDFS: Number of bytes written=9697
		HDFS: Number of read operations=366
		HDFS: Number of large read operations=0
		HDFS: Number of write operations=120
	Map-Reduce Framework
		Combine input records=0
		Combine output records=0
		Reduce input groups=2
		Reduce shuffle bytes=114
		Reduce input records=2
		Reduce output records=2
		Spilled Records=2
		Shuffled Maps =1
		Failed Shuffles=0
		Merged Map outputs=1
		GC time elapsed (ms)=0
		Total committed heap usage (bytes)=526385152
	Shuffle Errors
		BAD_ID=0
		CONNECTION=0
		IO_ERROR=0
		WRONG_LENGTH=0
		WRONG_MAP=0
		WRONG_REDUCE=0
	File Output Format Counters 
		Bytes Written=205
26/03/02 03:32:59 INFO mapred.LocalJobRunner: Finishing task: attempt_local940740559_0007_r_000002_0
26/03/02 03:32:59 INFO mapred.LocalJobRunner: Starting task: attempt_local940740559_0007_r_000003_0
26/03/02 03:32:59 INFO output.FileOutputCommitter: File Output Committer Algorithm version is 1
26/03/02 03:32:59 INFO mapred.Task:  Using ResourceCalculatorProcessTree : [ ]
26/03/02 03:32:59 INFO mapred.ReduceTask: Using ShuffleConsumerPlugin: org.apache.hadoop.mapreduce.task.reduce.Shuffle@6b0a379c
26/03/02 03:32:59 INFO reduce.MergeManagerImpl: MergerManager: memoryLimit=368469600, maxSingleShuffleLimit=92117400, mergeThreshold=243189952, ioSortFactor=10, memToMemMergeOutputsThreshold=10
26/03/02 03:32:59 INFO reduce.EventFetcher: attempt_local940740559_0007_r_000003_0 Thread started: EventFetcher for fetching Map Completion Events
26/03/02 03:32:59 INFO reduce.LocalFetcher: localfetcher#28 about to shuffle output of map attempt_local940740559_0007_m_000000_0 decomp: 110 len: 114 to MEMORY
26/03/02 03:32:59 INFO reduce.InMemoryMapOutput: Read 110 bytes from map-output for attempt_local940740559_0007_m_000000_0
26/03/02 03:32:59 INFO reduce.MergeManagerImpl: closeInMemoryFile -> map-output of size: 110, inMemoryMapOutputs.size() -> 1, commitMemory -> 0, usedMemory ->110
26/03/02 03:32:59 INFO reduce.EventFetcher: EventFetcher is interrupted.. Returning
26/03/02 03:32:59 INFO mapred.LocalJobRunner: 1 / 1 copied.
26/03/02 03:32:59 INFO reduce.MergeManagerImpl: finalMerge called with 1 in-memory map-outputs and 0 on-disk map-outputs
26/03/02 03:32:59 INFO mapred.Merger: Merging 1 sorted segments
26/03/02 03:32:59 INFO mapred.Merger: Down to the last merge-pass, with 1 segments left of total size: 104 bytes
26/03/02 03:32:59 INFO reduce.MergeManagerImpl: Merged 1 segments, 110 bytes to disk to satisfy reduce memory limit
26/03/02 03:32:59 INFO reduce.MergeManagerImpl: Merging 1 files, 114 bytes from disk
26/03/02 03:32:59 INFO reduce.MergeManagerImpl: Merging 0 segments, 0 bytes from memory into reduce
26/03/02 03:32:59 INFO mapred.Merger: Merging 1 sorted segments
26/03/02 03:32:59 INFO mapred.Merger: Down to the last merge-pass, with 1 segments left of total size: 104 bytes
26/03/02 03:32:59 INFO mapred.LocalJobRunner: 1 / 1 copied.
26/03/02 03:32:59 INFO mapred.Task: Task:attempt_local940740559_0007_r_000003_0 is done. And is in the process of committing
26/03/02 03:32:59 INFO mapred.LocalJobRunner: 1 / 1 copied.
26/03/02 03:32:59 INFO mapred.Task: Task attempt_local940740559_0007_r_000003_0 is allowed to commit now
26/03/02 03:32:59 INFO output.FileOutputCommitter: Saved output of task 'attempt_local940740559_0007_r_000003_0' to hdfs://localhost:9000/project2/task2/runs_report_plus/k8_r30_opt/iter_7/_temporary/0/task_local940740559_0007_r_000003
26/03/02 03:32:59 INFO mapred.LocalJobRunner: reduce > reduce
26/03/02 03:32:59 INFO mapred.Task: Task 'attempt_local940740559_0007_r_000003_0' done.
26/03/02 03:32:59 INFO mapred.Task: Final Counters for attempt_local940740559_0007_r_000003_0: Counters: 29
	File System Counters
		FILE: Number of bytes read=1025962
		FILE: Number of bytes written=3092462
		FILE: Number of read operations=0
		FILE: Number of large read operations=0
		FILE: Number of write operations=0
		HDFS: Number of bytes read=5158702
		HDFS: Number of bytes written=9901
		HDFS: Number of read operations=369
		HDFS: Number of large read operations=0
		HDFS: Number of write operations=122
	Map-Reduce Framework
		Combine input records=0
		Combine output records=0
		Reduce input groups=2
		Reduce shuffle bytes=114
		Reduce input records=2
		Reduce output records=2
		Spilled Records=2
		Shuffled Maps =1
		Failed Shuffles=0
		Merged Map outputs=1
		GC time elapsed (ms)=0
		Total committed heap usage (bytes)=526385152
	Shuffle Errors
		BAD_ID=0
		CONNECTION=0
		IO_ERROR=0
		WRONG_LENGTH=0
		WRONG_MAP=0
		WRONG_REDUCE=0
	File Output Format Counters 
		Bytes Written=204
26/03/02 03:32:59 INFO mapred.LocalJobRunner: Finishing task: attempt_local940740559_0007_r_000003_0
26/03/02 03:32:59 INFO mapred.LocalJobRunner: reduce task executor complete.
26/03/02 03:33:00 INFO mapreduce.Job: Job job_local940740559_0007 running in uber mode : false
26/03/02 03:33:00 INFO mapreduce.Job:  map 100% reduce 100%
26/03/02 03:33:00 INFO mapreduce.Job: Job job_local940740559_0007 completed successfully
26/03/02 03:33:00 INFO mapreduce.Job: Counters: 35
	File System Counters
		FILE: Number of bytes read=5125350
		FILE: Number of bytes written=15461170
		FILE: Number of read operations=0
		FILE: Number of large read operations=0
		FILE: Number of write operations=0
		HDFS: Number of bytes read=25793510
		HDFS: Number of bytes written=47467
		HDFS: Number of read operations=1815
		HDFS: Number of large read operations=0
		HDFS: Number of write operations=590
	Map-Reduce Framework
		Map input records=10000
		Map output records=10000
		Map output bytes=520000
		Map output materialized bytes=456
		Input split bytes=121
		Combine input records=10000
		Combine output records=8
		Reduce input groups=8
		Reduce shuffle bytes=456
		Reduce input records=8
		Reduce output records=8
		Spilled Records=16
		Shuffled Maps =4
		Failed Shuffles=0
		Merged Map outputs=4
		GC time elapsed (ms)=1
		Total committed heap usage (bytes)=2615148544
	Shuffle Errors
		BAD_ID=0
		CONNECTION=0
		IO_ERROR=0
		WRONG_LENGTH=0
		WRONG_MAP=0
		WRONG_REDUCE=0
	File Input Format Counters 
		Bytes Read=733758
	File Output Format Counters 
		Bytes Written=814
26/03/02 03:33:00 INFO jvm.JvmMetrics: Cannot initialize JVM Metrics with processName=JobTracker, sessionId= - already initialized
26/03/02 03:33:00 WARN mapreduce.JobResourceUploader: Hadoop command-line option parsing not performed. Implement the Tool interface and execute your application with ToolRunner to remedy this.
26/03/02 03:33:00 INFO input.FileInputFormat: Total input paths to process : 1
26/03/02 03:33:00 INFO mapreduce.JobSubmitter: number of splits:1
26/03/02 03:33:00 INFO mapreduce.JobSubmitter: Submitting tokens for job: job_local582892019_0008
26/03/02 03:33:00 INFO mapred.LocalDistributedCacheManager: Creating symlink: /tmp/hadoop-ds503/mapred/local/1772422380131/centers_iter_7.csv <- /home/ds503/centers_iter_7.csv
26/03/02 03:33:00 INFO mapred.LocalDistributedCacheManager: Localized hdfs://localhost:9000/project2/task2/runs_report_plus/k8_r30_opt/centers_iter_7.csv as file:/tmp/hadoop-ds503/mapred/local/1772422380131/centers_iter_7.csv
26/03/02 03:33:00 INFO mapreduce.Job: The url to track the job: http://localhost:8080/
26/03/02 03:33:00 INFO mapreduce.Job: Running job: job_local582892019_0008
26/03/02 03:33:00 INFO mapred.LocalJobRunner: OutputCommitter set in config null
26/03/02 03:33:00 INFO output.FileOutputCommitter: File Output Committer Algorithm version is 1
26/03/02 03:33:00 INFO mapred.LocalJobRunner: OutputCommitter is org.apache.hadoop.mapreduce.lib.output.FileOutputCommitter
26/03/02 03:33:00 INFO mapred.LocalJobRunner: Waiting for map tasks
26/03/02 03:33:00 INFO mapred.LocalJobRunner: Starting task: attempt_local582892019_0008_m_000000_0
26/03/02 03:33:00 INFO output.FileOutputCommitter: File Output Committer Algorithm version is 1
26/03/02 03:33:00 INFO mapred.Task:  Using ResourceCalculatorProcessTree : [ ]
26/03/02 03:33:00 INFO mapred.MapTask: Processing split: hdfs://localhost:9000/project2/task2/input/points_4d.csv:0+733758
26/03/02 03:33:00 INFO mapred.MapTask: (EQUATOR) 0 kvi 26214396(104857584)
26/03/02 03:33:00 INFO mapred.MapTask: mapreduce.task.io.sort.mb: 100
26/03/02 03:33:00 INFO mapred.MapTask: soft limit at 83886080
26/03/02 03:33:00 INFO mapred.MapTask: bufstart = 0; bufvoid = 104857600
26/03/02 03:33:00 INFO mapred.MapTask: kvstart = 26214396; length = 6553600
26/03/02 03:33:00 INFO mapred.MapTask: Map output collector class = org.apache.hadoop.mapred.MapTask$MapOutputBuffer
26/03/02 03:33:00 INFO mapred.LocalJobRunner: 
26/03/02 03:33:00 INFO mapred.MapTask: Starting flush of map output
26/03/02 03:33:00 INFO mapred.MapTask: Spilling map output
26/03/02 03:33:00 INFO mapred.MapTask: bufstart = 0; bufend = 520000; bufvoid = 104857600
26/03/02 03:33:00 INFO mapred.MapTask: kvstart = 26214396(104857584); kvend = 26174400(104697600); length = 39997/6553600
26/03/02 03:33:00 INFO mapred.MapTask: Finished spill 0
26/03/02 03:33:00 INFO mapred.Task: Task:attempt_local582892019_0008_m_000000_0 is done. And is in the process of committing
26/03/02 03:33:00 INFO mapred.LocalJobRunner: map
26/03/02 03:33:00 INFO mapred.Task: Task 'attempt_local582892019_0008_m_000000_0' done.
26/03/02 03:33:00 INFO mapred.Task: Final Counters for attempt_local582892019_0008_m_000000_0: Counters: 23
	File System Counters
		FILE: Number of bytes read=1170516
		FILE: Number of bytes written=3533332
		FILE: Number of read operations=0
		FILE: Number of large read operations=0
		FILE: Number of write operations=0
		HDFS: Number of bytes read=5895900
		HDFS: Number of bytes written=10504
		HDFS: Number of read operations=413
		HDFS: Number of large read operations=0
		HDFS: Number of write operations=132
	Map-Reduce Framework
		Map input records=10000
		Map output records=10000
		Map output bytes=520000
		Map output materialized bytes=456
		Input split bytes=121
		Combine input records=10000
		Combine output records=8
		Spilled Records=8
		Failed Shuffles=0
		Merged Map outputs=0
		GC time elapsed (ms)=50
		Total committed heap usage (bytes)=365428736
	File Input Format Counters 
		Bytes Read=733758
26/03/02 03:33:00 INFO mapred.LocalJobRunner: Finishing task: attempt_local582892019_0008_m_000000_0
26/03/02 03:33:00 INFO mapred.LocalJobRunner: map task executor complete.
26/03/02 03:33:00 INFO mapred.LocalJobRunner: Waiting for reduce tasks
26/03/02 03:33:00 INFO mapred.LocalJobRunner: Starting task: attempt_local582892019_0008_r_000000_0
26/03/02 03:33:00 INFO output.FileOutputCommitter: File Output Committer Algorithm version is 1
26/03/02 03:33:00 INFO mapred.Task:  Using ResourceCalculatorProcessTree : [ ]
26/03/02 03:33:00 INFO mapred.ReduceTask: Using ShuffleConsumerPlugin: org.apache.hadoop.mapreduce.task.reduce.Shuffle@230d5330
26/03/02 03:33:00 INFO reduce.MergeManagerImpl: MergerManager: memoryLimit=334338464, maxSingleShuffleLimit=83584616, mergeThreshold=220663392, ioSortFactor=10, memToMemMergeOutputsThreshold=10
26/03/02 03:33:00 INFO reduce.EventFetcher: attempt_local582892019_0008_r_000000_0 Thread started: EventFetcher for fetching Map Completion Events
26/03/02 03:33:00 INFO reduce.LocalFetcher: localfetcher#29 about to shuffle output of map attempt_local582892019_0008_m_000000_0 decomp: 110 len: 114 to MEMORY
26/03/02 03:33:00 INFO reduce.InMemoryMapOutput: Read 110 bytes from map-output for attempt_local582892019_0008_m_000000_0
26/03/02 03:33:00 INFO reduce.MergeManagerImpl: closeInMemoryFile -> map-output of size: 110, inMemoryMapOutputs.size() -> 1, commitMemory -> 0, usedMemory ->110
26/03/02 03:33:00 WARN io.ReadaheadPool: Failed readahead on ifile
EBADF: Bad file descriptor
	at org.apache.hadoop.io.nativeio.NativeIO$POSIX.posix_fadvise(Native Method)
	at org.apache.hadoop.io.nativeio.NativeIO$POSIX.posixFadviseIfPossible(NativeIO.java:267)
	at org.apache.hadoop.io.nativeio.NativeIO$POSIX$CacheManipulator.posixFadviseIfPossible(NativeIO.java:146)
	at org.apache.hadoop.io.ReadaheadPool$ReadaheadRequestImpl.run(ReadaheadPool.java:206)
	at java.util.concurrent.ThreadPoolExecutor.runWorker(ThreadPoolExecutor.java:1149)
	at java.util.concurrent.ThreadPoolExecutor$Worker.run(ThreadPoolExecutor.java:624)
	at java.lang.Thread.run(Thread.java:748)
26/03/02 03:33:00 INFO reduce.EventFetcher: EventFetcher is interrupted.. Returning
26/03/02 03:33:00 INFO mapred.LocalJobRunner: 1 / 1 copied.
26/03/02 03:33:00 INFO reduce.MergeManagerImpl: finalMerge called with 1 in-memory map-outputs and 0 on-disk map-outputs
26/03/02 03:33:00 INFO mapred.Merger: Merging 1 sorted segments
26/03/02 03:33:00 INFO mapred.Merger: Down to the last merge-pass, with 1 segments left of total size: 104 bytes
26/03/02 03:33:00 INFO reduce.MergeManagerImpl: Merged 1 segments, 110 bytes to disk to satisfy reduce memory limit
26/03/02 03:33:00 INFO reduce.MergeManagerImpl: Merging 1 files, 114 bytes from disk
26/03/02 03:33:00 INFO reduce.MergeManagerImpl: Merging 0 segments, 0 bytes from memory into reduce
26/03/02 03:33:00 INFO mapred.Merger: Merging 1 sorted segments
26/03/02 03:33:00 INFO mapred.Merger: Down to the last merge-pass, with 1 segments left of total size: 104 bytes
26/03/02 03:33:00 INFO mapred.LocalJobRunner: 1 / 1 copied.
26/03/02 03:33:00 INFO mapred.Task: Task:attempt_local582892019_0008_r_000000_0 is done. And is in the process of committing
26/03/02 03:33:00 INFO mapred.LocalJobRunner: 1 / 1 copied.
26/03/02 03:33:00 INFO mapred.Task: Task attempt_local582892019_0008_r_000000_0 is allowed to commit now
26/03/02 03:33:00 INFO output.FileOutputCommitter: Saved output of task 'attempt_local582892019_0008_r_000000_0' to hdfs://localhost:9000/project2/task2/runs_report_plus/k8_r30_opt/iter_8/_temporary/0/task_local582892019_0008_r_000000
26/03/02 03:33:00 INFO mapred.LocalJobRunner: reduce > reduce
26/03/02 03:33:00 INFO mapred.Task: Task 'attempt_local582892019_0008_r_000000_0' done.
26/03/02 03:33:00 INFO mapred.Task: Final Counters for attempt_local582892019_0008_r_000000_0: Counters: 29
	File System Counters
		FILE: Number of bytes read=1171190
		FILE: Number of bytes written=3533446
		FILE: Number of read operations=0
		FILE: Number of large read operations=0
		FILE: Number of write operations=0
		HDFS: Number of bytes read=5895900
		HDFS: Number of bytes written=10705
		HDFS: Number of read operations=416
		HDFS: Number of large read operations=0
		HDFS: Number of write operations=134
	Map-Reduce Framework
		Combine input records=0
		Combine output records=0
		Reduce input groups=2
		Reduce shuffle bytes=114
		Reduce input records=2
		Reduce output records=2
		Spilled Records=2
		Shuffled Maps =1
		Failed Shuffles=0
		Merged Map outputs=1
		GC time elapsed (ms)=0
		Total committed heap usage (bytes)=365428736
	Shuffle Errors
		BAD_ID=0
		CONNECTION=0
		IO_ERROR=0
		WRONG_LENGTH=0
		WRONG_MAP=0
		WRONG_REDUCE=0
	File Output Format Counters 
		Bytes Written=201
26/03/02 03:33:00 INFO mapred.LocalJobRunner: Finishing task: attempt_local582892019_0008_r_000000_0
26/03/02 03:33:00 INFO mapred.LocalJobRunner: Starting task: attempt_local582892019_0008_r_000001_0
26/03/02 03:33:00 INFO output.FileOutputCommitter: File Output Committer Algorithm version is 1
26/03/02 03:33:00 INFO mapred.Task:  Using ResourceCalculatorProcessTree : [ ]
26/03/02 03:33:00 INFO mapred.ReduceTask: Using ShuffleConsumerPlugin: org.apache.hadoop.mapreduce.task.reduce.Shuffle@25aaf967
26/03/02 03:33:00 INFO reduce.MergeManagerImpl: MergerManager: memoryLimit=334338464, maxSingleShuffleLimit=83584616, mergeThreshold=220663392, ioSortFactor=10, memToMemMergeOutputsThreshold=10
26/03/02 03:33:00 INFO reduce.EventFetcher: attempt_local582892019_0008_r_000001_0 Thread started: EventFetcher for fetching Map Completion Events
26/03/02 03:33:00 INFO reduce.LocalFetcher: localfetcher#30 about to shuffle output of map attempt_local582892019_0008_m_000000_0 decomp: 110 len: 114 to MEMORY
26/03/02 03:33:00 INFO reduce.InMemoryMapOutput: Read 110 bytes from map-output for attempt_local582892019_0008_m_000000_0
26/03/02 03:33:00 INFO reduce.MergeManagerImpl: closeInMemoryFile -> map-output of size: 110, inMemoryMapOutputs.size() -> 1, commitMemory -> 0, usedMemory ->110
26/03/02 03:33:00 INFO reduce.EventFetcher: EventFetcher is interrupted.. Returning
26/03/02 03:33:00 INFO mapred.LocalJobRunner: 1 / 1 copied.
26/03/02 03:33:00 INFO reduce.MergeManagerImpl: finalMerge called with 1 in-memory map-outputs and 0 on-disk map-outputs
26/03/02 03:33:00 INFO mapred.Merger: Merging 1 sorted segments
26/03/02 03:33:00 INFO mapred.Merger: Down to the last merge-pass, with 1 segments left of total size: 104 bytes
26/03/02 03:33:00 INFO reduce.MergeManagerImpl: Merged 1 segments, 110 bytes to disk to satisfy reduce memory limit
26/03/02 03:33:00 INFO reduce.MergeManagerImpl: Merging 1 files, 114 bytes from disk
26/03/02 03:33:00 INFO reduce.MergeManagerImpl: Merging 0 segments, 0 bytes from memory into reduce
26/03/02 03:33:00 INFO mapred.Merger: Merging 1 sorted segments
26/03/02 03:33:00 INFO mapred.Merger: Down to the last merge-pass, with 1 segments left of total size: 104 bytes
26/03/02 03:33:00 INFO mapred.LocalJobRunner: 1 / 1 copied.
26/03/02 03:33:00 INFO mapred.Task: Task:attempt_local582892019_0008_r_000001_0 is done. And is in the process of committing
26/03/02 03:33:00 INFO mapred.LocalJobRunner: 1 / 1 copied.
26/03/02 03:33:00 INFO mapred.Task: Task attempt_local582892019_0008_r_000001_0 is allowed to commit now
26/03/02 03:33:00 INFO output.FileOutputCommitter: Saved output of task 'attempt_local582892019_0008_r_000001_0' to hdfs://localhost:9000/project2/task2/runs_report_plus/k8_r30_opt/iter_8/_temporary/0/task_local582892019_0008_r_000001
26/03/02 03:33:00 INFO mapred.LocalJobRunner: reduce > reduce
26/03/02 03:33:00 INFO mapred.Task: Task 'attempt_local582892019_0008_r_000001_0' done.
26/03/02 03:33:00 INFO mapred.Task: Final Counters for attempt_local582892019_0008_r_000001_0: Counters: 29
	File System Counters
		FILE: Number of bytes read=1171750
		FILE: Number of bytes written=3533560
		FILE: Number of read operations=0
		FILE: Number of large read operations=0
		FILE: Number of write operations=0
		HDFS: Number of bytes read=5895900
		HDFS: Number of bytes written=10904
		HDFS: Number of read operations=419
		HDFS: Number of large read operations=0
		HDFS: Number of write operations=136
	Map-Reduce Framework
		Combine input records=0
		Combine output records=0
		Reduce input groups=2
		Reduce shuffle bytes=114
		Reduce input records=2
		Reduce output records=2
		Spilled Records=2
		Shuffled Maps =1
		Failed Shuffles=0
		Merged Map outputs=1
		GC time elapsed (ms)=0
		Total committed heap usage (bytes)=365428736
	Shuffle Errors
		BAD_ID=0
		CONNECTION=0
		IO_ERROR=0
		WRONG_LENGTH=0
		WRONG_MAP=0
		WRONG_REDUCE=0
	File Output Format Counters 
		Bytes Written=199
26/03/02 03:33:00 INFO mapred.LocalJobRunner: Finishing task: attempt_local582892019_0008_r_000001_0
26/03/02 03:33:00 INFO mapred.LocalJobRunner: Starting task: attempt_local582892019_0008_r_000002_0
26/03/02 03:33:00 INFO output.FileOutputCommitter: File Output Committer Algorithm version is 1
26/03/02 03:33:00 INFO mapred.Task:  Using ResourceCalculatorProcessTree : [ ]
26/03/02 03:33:00 INFO mapred.ReduceTask: Using ShuffleConsumerPlugin: org.apache.hadoop.mapreduce.task.reduce.Shuffle@5d664b80
26/03/02 03:33:00 INFO reduce.MergeManagerImpl: MergerManager: memoryLimit=334338464, maxSingleShuffleLimit=83584616, mergeThreshold=220663392, ioSortFactor=10, memToMemMergeOutputsThreshold=10
26/03/02 03:33:00 INFO reduce.EventFetcher: attempt_local582892019_0008_r_000002_0 Thread started: EventFetcher for fetching Map Completion Events
26/03/02 03:33:00 INFO reduce.LocalFetcher: localfetcher#31 about to shuffle output of map attempt_local582892019_0008_m_000000_0 decomp: 110 len: 114 to MEMORY
26/03/02 03:33:00 INFO reduce.InMemoryMapOutput: Read 110 bytes from map-output for attempt_local582892019_0008_m_000000_0
26/03/02 03:33:00 INFO reduce.MergeManagerImpl: closeInMemoryFile -> map-output of size: 110, inMemoryMapOutputs.size() -> 1, commitMemory -> 0, usedMemory ->110
26/03/02 03:33:00 INFO reduce.EventFetcher: EventFetcher is interrupted.. Returning
26/03/02 03:33:00 INFO mapred.LocalJobRunner: 1 / 1 copied.
26/03/02 03:33:00 INFO reduce.MergeManagerImpl: finalMerge called with 1 in-memory map-outputs and 0 on-disk map-outputs
26/03/02 03:33:00 INFO mapred.Merger: Merging 1 sorted segments
26/03/02 03:33:00 INFO mapred.Merger: Down to the last merge-pass, with 1 segments left of total size: 104 bytes
26/03/02 03:33:00 INFO reduce.MergeManagerImpl: Merged 1 segments, 110 bytes to disk to satisfy reduce memory limit
26/03/02 03:33:00 INFO reduce.MergeManagerImpl: Merging 1 files, 114 bytes from disk
26/03/02 03:33:00 INFO reduce.MergeManagerImpl: Merging 0 segments, 0 bytes from memory into reduce
26/03/02 03:33:00 INFO mapred.Merger: Merging 1 sorted segments
26/03/02 03:33:00 INFO mapred.Merger: Down to the last merge-pass, with 1 segments left of total size: 104 bytes
26/03/02 03:33:00 INFO mapred.LocalJobRunner: 1 / 1 copied.
26/03/02 03:33:00 INFO mapred.Task: Task:attempt_local582892019_0008_r_000002_0 is done. And is in the process of committing
26/03/02 03:33:00 INFO mapred.LocalJobRunner: 1 / 1 copied.
26/03/02 03:33:00 INFO mapred.Task: Task attempt_local582892019_0008_r_000002_0 is allowed to commit now
26/03/02 03:33:00 INFO output.FileOutputCommitter: Saved output of task 'attempt_local582892019_0008_r_000002_0' to hdfs://localhost:9000/project2/task2/runs_report_plus/k8_r30_opt/iter_8/_temporary/0/task_local582892019_0008_r_000002
26/03/02 03:33:00 INFO mapred.LocalJobRunner: reduce > reduce
26/03/02 03:33:00 INFO mapred.Task: Task 'attempt_local582892019_0008_r_000002_0' done.
26/03/02 03:33:00 INFO mapred.Task: Final Counters for attempt_local582892019_0008_r_000002_0: Counters: 29
	File System Counters
		FILE: Number of bytes read=1172196
		FILE: Number of bytes written=3533674
		FILE: Number of read operations=0
		FILE: Number of large read operations=0
		FILE: Number of write operations=0
		HDFS: Number of bytes read=5895900
		HDFS: Number of bytes written=11109
		HDFS: Number of read operations=422
		HDFS: Number of large read operations=0
		HDFS: Number of write operations=138
	Map-Reduce Framework
		Combine input records=0
		Combine output records=0
		Reduce input groups=2
		Reduce shuffle bytes=114
		Reduce input records=2
		Reduce output records=2
		Spilled Records=2
		Shuffled Maps =1
		Failed Shuffles=0
		Merged Map outputs=1
		GC time elapsed (ms)=0
		Total committed heap usage (bytes)=365428736
	Shuffle Errors
		BAD_ID=0
		CONNECTION=0
		IO_ERROR=0
		WRONG_LENGTH=0
		WRONG_MAP=0
		WRONG_REDUCE=0
	File Output Format Counters 
		Bytes Written=205
26/03/02 03:33:00 INFO mapred.LocalJobRunner: Finishing task: attempt_local582892019_0008_r_000002_0
26/03/02 03:33:00 INFO mapred.LocalJobRunner: Starting task: attempt_local582892019_0008_r_000003_0
26/03/02 03:33:00 INFO output.FileOutputCommitter: File Output Committer Algorithm version is 1
26/03/02 03:33:00 INFO mapred.Task:  Using ResourceCalculatorProcessTree : [ ]
26/03/02 03:33:00 INFO mapred.ReduceTask: Using ShuffleConsumerPlugin: org.apache.hadoop.mapreduce.task.reduce.Shuffle@7e4bfd68
26/03/02 03:33:00 INFO reduce.MergeManagerImpl: MergerManager: memoryLimit=334338464, maxSingleShuffleLimit=83584616, mergeThreshold=220663392, ioSortFactor=10, memToMemMergeOutputsThreshold=10
26/03/02 03:33:00 INFO reduce.EventFetcher: attempt_local582892019_0008_r_000003_0 Thread started: EventFetcher for fetching Map Completion Events
26/03/02 03:33:00 INFO reduce.LocalFetcher: localfetcher#32 about to shuffle output of map attempt_local582892019_0008_m_000000_0 decomp: 110 len: 114 to MEMORY
26/03/02 03:33:00 INFO reduce.InMemoryMapOutput: Read 110 bytes from map-output for attempt_local582892019_0008_m_000000_0
26/03/02 03:33:00 INFO reduce.MergeManagerImpl: closeInMemoryFile -> map-output of size: 110, inMemoryMapOutputs.size() -> 1, commitMemory -> 0, usedMemory ->110
26/03/02 03:33:00 INFO reduce.EventFetcher: EventFetcher is interrupted.. Returning
26/03/02 03:33:00 INFO mapred.LocalJobRunner: 1 / 1 copied.
26/03/02 03:33:00 INFO reduce.MergeManagerImpl: finalMerge called with 1 in-memory map-outputs and 0 on-disk map-outputs
26/03/02 03:33:00 INFO mapred.Merger: Merging 1 sorted segments
26/03/02 03:33:00 INFO mapred.Merger: Down to the last merge-pass, with 1 segments left of total size: 104 bytes
26/03/02 03:33:00 INFO reduce.MergeManagerImpl: Merged 1 segments, 110 bytes to disk to satisfy reduce memory limit
26/03/02 03:33:00 INFO reduce.MergeManagerImpl: Merging 1 files, 114 bytes from disk
26/03/02 03:33:00 INFO reduce.MergeManagerImpl: Merging 0 segments, 0 bytes from memory into reduce
26/03/02 03:33:00 INFO mapred.Merger: Merging 1 sorted segments
26/03/02 03:33:00 INFO mapred.Merger: Down to the last merge-pass, with 1 segments left of total size: 104 bytes
26/03/02 03:33:00 INFO mapred.LocalJobRunner: 1 / 1 copied.
26/03/02 03:33:00 INFO mapred.Task: Task:attempt_local582892019_0008_r_000003_0 is done. And is in the process of committing
26/03/02 03:33:00 INFO mapred.LocalJobRunner: 1 / 1 copied.
26/03/02 03:33:00 INFO mapred.Task: Task attempt_local582892019_0008_r_000003_0 is allowed to commit now
26/03/02 03:33:00 INFO output.FileOutputCommitter: Saved output of task 'attempt_local582892019_0008_r_000003_0' to hdfs://localhost:9000/project2/task2/runs_report_plus/k8_r30_opt/iter_8/_temporary/0/task_local582892019_0008_r_000003
26/03/02 03:33:00 INFO mapred.LocalJobRunner: reduce > reduce
26/03/02 03:33:00 INFO mapred.Task: Task 'attempt_local582892019_0008_r_000003_0' done.
26/03/02 03:33:00 INFO mapred.Task: Final Counters for attempt_local582892019_0008_r_000003_0: Counters: 29
	File System Counters
		FILE: Number of bytes read=1172528
		FILE: Number of bytes written=3533788
		FILE: Number of read operations=0
		FILE: Number of large read operations=0
		FILE: Number of write operations=0
		HDFS: Number of bytes read=5895900
		HDFS: Number of bytes written=11308
		HDFS: Number of read operations=425
		HDFS: Number of large read operations=0
		HDFS: Number of write operations=140
	Map-Reduce Framework
		Combine input records=0
		Combine output records=0
		Reduce input groups=2
		Reduce shuffle bytes=114
		Reduce input records=2
		Reduce output records=2
		Spilled Records=2
		Shuffled Maps =1
		Failed Shuffles=0
		Merged Map outputs=1
		GC time elapsed (ms)=0
		Total committed heap usage (bytes)=365428736
	Shuffle Errors
		BAD_ID=0
		CONNECTION=0
		IO_ERROR=0
		WRONG_LENGTH=0
		WRONG_MAP=0
		WRONG_REDUCE=0
	File Output Format Counters 
		Bytes Written=199
26/03/02 03:33:00 INFO mapred.LocalJobRunner: Finishing task: attempt_local582892019_0008_r_000003_0
26/03/02 03:33:00 INFO mapred.LocalJobRunner: reduce task executor complete.
26/03/02 03:33:01 INFO mapreduce.Job: Job job_local582892019_0008 running in uber mode : false
26/03/02 03:33:01 INFO mapreduce.Job:  map 100% reduce 100%
26/03/02 03:33:01 INFO mapreduce.Job: Job job_local582892019_0008 completed successfully
26/03/02 03:33:01 INFO mapreduce.Job: Counters: 35
	File System Counters
		FILE: Number of bytes read=5858180
		FILE: Number of bytes written=17667800
		FILE: Number of read operations=0
		FILE: Number of large read operations=0
		FILE: Number of write operations=0
		HDFS: Number of bytes read=29479500
		HDFS: Number of bytes written=54530
		HDFS: Number of read operations=2095
		HDFS: Number of large read operations=0
		HDFS: Number of write operations=680
	Map-Reduce Framework
		Map input records=10000
		Map output records=10000
		Map output bytes=520000
		Map output materialized bytes=456
		Input split bytes=121
		Combine input records=10000
		Combine output records=8
		Reduce input groups=8
		Reduce shuffle bytes=456
		Reduce input records=8
		Reduce output records=8
		Spilled Records=16
		Shuffled Maps =4
		Failed Shuffles=0
		Merged Map outputs=4
		GC time elapsed (ms)=50
		Total committed heap usage (bytes)=1827143680
	Shuffle Errors
		BAD_ID=0
		CONNECTION=0
		IO_ERROR=0
		WRONG_LENGTH=0
		WRONG_MAP=0
		WRONG_REDUCE=0
	File Input Format Counters 
		Bytes Read=733758
	File Output Format Counters 
		Bytes Written=804
26/03/02 03:33:01 INFO jvm.JvmMetrics: Cannot initialize JVM Metrics with processName=JobTracker, sessionId= - already initialized
26/03/02 03:33:01 WARN mapreduce.JobResourceUploader: Hadoop command-line option parsing not performed. Implement the Tool interface and execute your application with ToolRunner to remedy this.
26/03/02 03:33:01 INFO input.FileInputFormat: Total input paths to process : 1
26/03/02 03:33:01 INFO mapreduce.JobSubmitter: number of splits:1
26/03/02 03:33:01 INFO mapreduce.JobSubmitter: Submitting tokens for job: job_local977300828_0009
26/03/02 03:33:01 INFO mapred.LocalDistributedCacheManager: Creating symlink: /tmp/hadoop-ds503/mapred/local/1772422381220/centers_iter_8.csv <- /home/ds503/centers_iter_8.csv
26/03/02 03:33:01 INFO mapred.LocalDistributedCacheManager: Localized hdfs://localhost:9000/project2/task2/runs_report_plus/k8_r30_opt/centers_iter_8.csv as file:/tmp/hadoop-ds503/mapred/local/1772422381220/centers_iter_8.csv
26/03/02 03:33:01 INFO mapreduce.Job: The url to track the job: http://localhost:8080/
26/03/02 03:33:01 INFO mapreduce.Job: Running job: job_local977300828_0009
26/03/02 03:33:01 INFO mapred.LocalJobRunner: OutputCommitter set in config null
26/03/02 03:33:01 INFO output.FileOutputCommitter: File Output Committer Algorithm version is 1
26/03/02 03:33:01 INFO mapred.LocalJobRunner: OutputCommitter is org.apache.hadoop.mapreduce.lib.output.FileOutputCommitter
26/03/02 03:33:01 INFO mapred.LocalJobRunner: Waiting for map tasks
26/03/02 03:33:01 INFO mapred.LocalJobRunner: Starting task: attempt_local977300828_0009_m_000000_0
26/03/02 03:33:01 INFO output.FileOutputCommitter: File Output Committer Algorithm version is 1
26/03/02 03:33:01 INFO mapred.Task:  Using ResourceCalculatorProcessTree : [ ]
26/03/02 03:33:01 INFO mapred.MapTask: Processing split: hdfs://localhost:9000/project2/task2/input/points_4d.csv:0+733758
26/03/02 03:33:01 INFO mapred.MapTask: (EQUATOR) 0 kvi 26214396(104857584)
26/03/02 03:33:01 INFO mapred.MapTask: mapreduce.task.io.sort.mb: 100
26/03/02 03:33:01 INFO mapred.MapTask: soft limit at 83886080
26/03/02 03:33:01 INFO mapred.MapTask: bufstart = 0; bufvoid = 104857600
26/03/02 03:33:01 INFO mapred.MapTask: kvstart = 26214396; length = 6553600
26/03/02 03:33:01 INFO mapred.MapTask: Map output collector class = org.apache.hadoop.mapred.MapTask$MapOutputBuffer
26/03/02 03:33:01 INFO mapred.LocalJobRunner: 
26/03/02 03:33:01 INFO mapred.MapTask: Starting flush of map output
26/03/02 03:33:01 INFO mapred.MapTask: Spilling map output
26/03/02 03:33:01 INFO mapred.MapTask: bufstart = 0; bufend = 520000; bufvoid = 104857600
26/03/02 03:33:01 INFO mapred.MapTask: kvstart = 26214396(104857584); kvend = 26174400(104697600); length = 39997/6553600
26/03/02 03:33:01 INFO mapred.MapTask: Finished spill 0
26/03/02 03:33:01 INFO mapred.Task: Task:attempt_local977300828_0009_m_000000_0 is done. And is in the process of committing
26/03/02 03:33:01 INFO mapred.LocalJobRunner: map
26/03/02 03:33:01 INFO mapred.Task: Task 'attempt_local977300828_0009_m_000000_0' done.
26/03/02 03:33:01 INFO mapred.Task: Final Counters for attempt_local977300828_0009_m_000000_0: Counters: 23
	File System Counters
		FILE: Number of bytes read=1317082
		FILE: Number of bytes written=3974653
		FILE: Number of read operations=0
		FILE: Number of large read operations=0
		FILE: Number of write operations=0
		HDFS: Number of bytes read=6633065
		HDFS: Number of bytes written=11906
		HDFS: Number of read operations=469
		HDFS: Number of large read operations=0
		HDFS: Number of write operations=150
	Map-Reduce Framework
		Map input records=10000
		Map output records=10000
		Map output bytes=520000
		Map output materialized bytes=456
		Input split bytes=121
		Combine input records=10000
		Combine output records=8
		Spilled Records=8
		Failed Shuffles=0
		Merged Map outputs=0
		GC time elapsed (ms)=0
		Total committed heap usage (bytes)=470810624
	File Input Format Counters 
		Bytes Read=733758
26/03/02 03:33:01 INFO mapred.LocalJobRunner: Finishing task: attempt_local977300828_0009_m_000000_0
26/03/02 03:33:01 INFO mapred.LocalJobRunner: map task executor complete.
26/03/02 03:33:01 INFO mapred.LocalJobRunner: Waiting for reduce tasks
26/03/02 03:33:01 INFO mapred.LocalJobRunner: Starting task: attempt_local977300828_0009_r_000000_0
26/03/02 03:33:01 INFO output.FileOutputCommitter: File Output Committer Algorithm version is 1
26/03/02 03:33:01 INFO mapred.Task:  Using ResourceCalculatorProcessTree : [ ]
26/03/02 03:33:01 INFO mapred.ReduceTask: Using ShuffleConsumerPlugin: org.apache.hadoop.mapreduce.task.reduce.Shuffle@46ac5ee
26/03/02 03:33:01 INFO reduce.MergeManagerImpl: MergerManager: memoryLimit=334338464, maxSingleShuffleLimit=83584616, mergeThreshold=220663392, ioSortFactor=10, memToMemMergeOutputsThreshold=10
26/03/02 03:33:01 INFO reduce.EventFetcher: attempt_local977300828_0009_r_000000_0 Thread started: EventFetcher for fetching Map Completion Events
26/03/02 03:33:01 INFO reduce.LocalFetcher: localfetcher#33 about to shuffle output of map attempt_local977300828_0009_m_000000_0 decomp: 110 len: 114 to MEMORY
26/03/02 03:33:01 INFO reduce.InMemoryMapOutput: Read 110 bytes from map-output for attempt_local977300828_0009_m_000000_0
26/03/02 03:33:01 INFO reduce.MergeManagerImpl: closeInMemoryFile -> map-output of size: 110, inMemoryMapOutputs.size() -> 1, commitMemory -> 0, usedMemory ->110
26/03/02 03:33:01 INFO reduce.EventFetcher: EventFetcher is interrupted.. Returning
26/03/02 03:33:01 INFO mapred.LocalJobRunner: 1 / 1 copied.
26/03/02 03:33:01 INFO reduce.MergeManagerImpl: finalMerge called with 1 in-memory map-outputs and 0 on-disk map-outputs
26/03/02 03:33:01 INFO mapred.Merger: Merging 1 sorted segments
26/03/02 03:33:01 INFO mapred.Merger: Down to the last merge-pass, with 1 segments left of total size: 104 bytes
26/03/02 03:33:01 INFO reduce.MergeManagerImpl: Merged 1 segments, 110 bytes to disk to satisfy reduce memory limit
26/03/02 03:33:01 INFO reduce.MergeManagerImpl: Merging 1 files, 114 bytes from disk
26/03/02 03:33:01 INFO reduce.MergeManagerImpl: Merging 0 segments, 0 bytes from memory into reduce
26/03/02 03:33:01 INFO mapred.Merger: Merging 1 sorted segments
26/03/02 03:33:01 INFO mapred.Merger: Down to the last merge-pass, with 1 segments left of total size: 104 bytes
26/03/02 03:33:01 INFO mapred.LocalJobRunner: 1 / 1 copied.
26/03/02 03:33:01 INFO mapred.Task: Task:attempt_local977300828_0009_r_000000_0 is done. And is in the process of committing
26/03/02 03:33:01 INFO mapred.LocalJobRunner: 1 / 1 copied.
26/03/02 03:33:01 INFO mapred.Task: Task attempt_local977300828_0009_r_000000_0 is allowed to commit now
26/03/02 03:33:01 INFO output.FileOutputCommitter: Saved output of task 'attempt_local977300828_0009_r_000000_0' to hdfs://localhost:9000/project2/task2/runs_report_plus/k8_r30_opt/iter_9/_temporary/0/task_local977300828_0009_r_000000
26/03/02 03:33:01 INFO mapred.LocalJobRunner: reduce > reduce
26/03/02 03:33:01 INFO mapred.Task: Task 'attempt_local977300828_0009_r_000000_0' done.
26/03/02 03:33:01 INFO mapred.Task: Final Counters for attempt_local977300828_0009_r_000000_0: Counters: 29
	File System Counters
		FILE: Number of bytes read=1317756
		FILE: Number of bytes written=3974767
		FILE: Number of read operations=0
		FILE: Number of large read operations=0
		FILE: Number of write operations=0
		HDFS: Number of bytes read=6633065
		HDFS: Number of bytes written=12107
		HDFS: Number of read operations=472
		HDFS: Number of large read operations=0
		HDFS: Number of write operations=152
	Map-Reduce Framework
		Combine input records=0
		Combine output records=0
		Reduce input groups=2
		Reduce shuffle bytes=114
		Reduce input records=2
		Reduce output records=2
		Spilled Records=2
		Shuffled Maps =1
		Failed Shuffles=0
		Merged Map outputs=1
		GC time elapsed (ms)=0
		Total committed heap usage (bytes)=470810624
	Shuffle Errors
		BAD_ID=0
		CONNECTION=0
		IO_ERROR=0
		WRONG_LENGTH=0
		WRONG_MAP=0
		WRONG_REDUCE=0
	File Output Format Counters 
		Bytes Written=201
26/03/02 03:33:01 INFO mapred.LocalJobRunner: Finishing task: attempt_local977300828_0009_r_000000_0
26/03/02 03:33:01 INFO mapred.LocalJobRunner: Starting task: attempt_local977300828_0009_r_000001_0
26/03/02 03:33:01 INFO output.FileOutputCommitter: File Output Committer Algorithm version is 1
26/03/02 03:33:01 INFO mapred.Task:  Using ResourceCalculatorProcessTree : [ ]
26/03/02 03:33:01 INFO mapred.ReduceTask: Using ShuffleConsumerPlugin: org.apache.hadoop.mapreduce.task.reduce.Shuffle@1987d801
26/03/02 03:33:01 INFO reduce.MergeManagerImpl: MergerManager: memoryLimit=334338464, maxSingleShuffleLimit=83584616, mergeThreshold=220663392, ioSortFactor=10, memToMemMergeOutputsThreshold=10
26/03/02 03:33:01 INFO reduce.EventFetcher: attempt_local977300828_0009_r_000001_0 Thread started: EventFetcher for fetching Map Completion Events
26/03/02 03:33:01 INFO reduce.LocalFetcher: localfetcher#34 about to shuffle output of map attempt_local977300828_0009_m_000000_0 decomp: 110 len: 114 to MEMORY
26/03/02 03:33:01 INFO reduce.InMemoryMapOutput: Read 110 bytes from map-output for attempt_local977300828_0009_m_000000_0
26/03/02 03:33:01 INFO reduce.MergeManagerImpl: closeInMemoryFile -> map-output of size: 110, inMemoryMapOutputs.size() -> 1, commitMemory -> 0, usedMemory ->110
26/03/02 03:33:01 WARN io.ReadaheadPool: Failed readahead on ifile
EBADF: Bad file descriptor
	at org.apache.hadoop.io.nativeio.NativeIO$POSIX.posix_fadvise(Native Method)
	at org.apache.hadoop.io.nativeio.NativeIO$POSIX.posixFadviseIfPossible(NativeIO.java:267)
	at org.apache.hadoop.io.nativeio.NativeIO$POSIX$CacheManipulator.posixFadviseIfPossible(NativeIO.java:146)
	at org.apache.hadoop.io.ReadaheadPool$ReadaheadRequestImpl.run(ReadaheadPool.java:206)
	at java.util.concurrent.ThreadPoolExecutor.runWorker(ThreadPoolExecutor.java:1149)
	at java.util.concurrent.ThreadPoolExecutor$Worker.run(ThreadPoolExecutor.java:624)
	at java.lang.Thread.run(Thread.java:748)
26/03/02 03:33:01 INFO reduce.EventFetcher: EventFetcher is interrupted.. Returning
26/03/02 03:33:01 INFO mapred.LocalJobRunner: 1 / 1 copied.
26/03/02 03:33:01 INFO reduce.MergeManagerImpl: finalMerge called with 1 in-memory map-outputs and 0 on-disk map-outputs
26/03/02 03:33:01 INFO mapred.Merger: Merging 1 sorted segments
26/03/02 03:33:01 INFO mapred.Merger: Down to the last merge-pass, with 1 segments left of total size: 104 bytes
26/03/02 03:33:01 INFO reduce.MergeManagerImpl: Merged 1 segments, 110 bytes to disk to satisfy reduce memory limit
26/03/02 03:33:01 INFO reduce.MergeManagerImpl: Merging 1 files, 114 bytes from disk
26/03/02 03:33:01 INFO reduce.MergeManagerImpl: Merging 0 segments, 0 bytes from memory into reduce
26/03/02 03:33:01 INFO mapred.Merger: Merging 1 sorted segments
26/03/02 03:33:01 INFO mapred.Merger: Down to the last merge-pass, with 1 segments left of total size: 104 bytes
26/03/02 03:33:01 INFO mapred.LocalJobRunner: 1 / 1 copied.
26/03/02 03:33:01 INFO mapred.Task: Task:attempt_local977300828_0009_r_000001_0 is done. And is in the process of committing
26/03/02 03:33:01 INFO mapred.LocalJobRunner: 1 / 1 copied.
26/03/02 03:33:01 INFO mapred.Task: Task attempt_local977300828_0009_r_000001_0 is allowed to commit now
26/03/02 03:33:01 INFO output.FileOutputCommitter: Saved output of task 'attempt_local977300828_0009_r_000001_0' to hdfs://localhost:9000/project2/task2/runs_report_plus/k8_r30_opt/iter_9/_temporary/0/task_local977300828_0009_r_000001
26/03/02 03:33:01 INFO mapred.LocalJobRunner: reduce > reduce
26/03/02 03:33:01 INFO mapred.Task: Task 'attempt_local977300828_0009_r_000001_0' done.
26/03/02 03:33:01 INFO mapred.Task: Final Counters for attempt_local977300828_0009_r_000001_0: Counters: 29
	File System Counters
		FILE: Number of bytes read=1318316
		FILE: Number of bytes written=3974881
		FILE: Number of read operations=0
		FILE: Number of large read operations=0
		FILE: Number of write operations=0
		HDFS: Number of bytes read=6633065
		HDFS: Number of bytes written=12308
		HDFS: Number of read operations=475
		HDFS: Number of large read operations=0
		HDFS: Number of write operations=154
	Map-Reduce Framework
		Combine input records=0
		Combine output records=0
		Reduce input groups=2
		Reduce shuffle bytes=114
		Reduce input records=2
		Reduce output records=2
		Spilled Records=2
		Shuffled Maps =1
		Failed Shuffles=0
		Merged Map outputs=1
		GC time elapsed (ms)=0
		Total committed heap usage (bytes)=470810624
	Shuffle Errors
		BAD_ID=0
		CONNECTION=0
		IO_ERROR=0
		WRONG_LENGTH=0
		WRONG_MAP=0
		WRONG_REDUCE=0
	File Output Format Counters 
		Bytes Written=201
26/03/02 03:33:01 INFO mapred.LocalJobRunner: Finishing task: attempt_local977300828_0009_r_000001_0
26/03/02 03:33:01 INFO mapred.LocalJobRunner: Starting task: attempt_local977300828_0009_r_000002_0
26/03/02 03:33:01 INFO output.FileOutputCommitter: File Output Committer Algorithm version is 1
26/03/02 03:33:01 INFO mapred.Task:  Using ResourceCalculatorProcessTree : [ ]
26/03/02 03:33:01 INFO mapred.ReduceTask: Using ShuffleConsumerPlugin: org.apache.hadoop.mapreduce.task.reduce.Shuffle@61ecaa03
26/03/02 03:33:01 INFO reduce.MergeManagerImpl: MergerManager: memoryLimit=334338464, maxSingleShuffleLimit=83584616, mergeThreshold=220663392, ioSortFactor=10, memToMemMergeOutputsThreshold=10
26/03/02 03:33:01 INFO reduce.EventFetcher: attempt_local977300828_0009_r_000002_0 Thread started: EventFetcher for fetching Map Completion Events
26/03/02 03:33:01 INFO reduce.LocalFetcher: localfetcher#35 about to shuffle output of map attempt_local977300828_0009_m_000000_0 decomp: 110 len: 114 to MEMORY
26/03/02 03:33:01 INFO reduce.InMemoryMapOutput: Read 110 bytes from map-output for attempt_local977300828_0009_m_000000_0
26/03/02 03:33:01 INFO reduce.MergeManagerImpl: closeInMemoryFile -> map-output of size: 110, inMemoryMapOutputs.size() -> 1, commitMemory -> 0, usedMemory ->110
26/03/02 03:33:01 WARN io.ReadaheadPool: Failed readahead on ifile
EBADF: Bad file descriptor
	at org.apache.hadoop.io.nativeio.NativeIO$POSIX.posix_fadvise(Native Method)
	at org.apache.hadoop.io.nativeio.NativeIO$POSIX.posixFadviseIfPossible(NativeIO.java:267)
	at org.apache.hadoop.io.nativeio.NativeIO$POSIX$CacheManipulator.posixFadviseIfPossible(NativeIO.java:146)
	at org.apache.hadoop.io.ReadaheadPool$ReadaheadRequestImpl.run(ReadaheadPool.java:206)
	at java.util.concurrent.ThreadPoolExecutor.runWorker(ThreadPoolExecutor.java:1149)
	at java.util.concurrent.ThreadPoolExecutor$Worker.run(ThreadPoolExecutor.java:624)
	at java.lang.Thread.run(Thread.java:748)
26/03/02 03:33:01 INFO reduce.EventFetcher: EventFetcher is interrupted.. Returning
26/03/02 03:33:01 INFO mapred.LocalJobRunner: 1 / 1 copied.
26/03/02 03:33:01 INFO reduce.MergeManagerImpl: finalMerge called with 1 in-memory map-outputs and 0 on-disk map-outputs
26/03/02 03:33:01 INFO mapred.Merger: Merging 1 sorted segments
26/03/02 03:33:01 INFO mapred.Merger: Down to the last merge-pass, with 1 segments left of total size: 104 bytes
26/03/02 03:33:01 INFO reduce.MergeManagerImpl: Merged 1 segments, 110 bytes to disk to satisfy reduce memory limit
26/03/02 03:33:01 INFO reduce.MergeManagerImpl: Merging 1 files, 114 bytes from disk
26/03/02 03:33:01 INFO reduce.MergeManagerImpl: Merging 0 segments, 0 bytes from memory into reduce
26/03/02 03:33:01 INFO mapred.Merger: Merging 1 sorted segments
26/03/02 03:33:01 INFO mapred.Merger: Down to the last merge-pass, with 1 segments left of total size: 104 bytes
26/03/02 03:33:01 INFO mapred.LocalJobRunner: 1 / 1 copied.
26/03/02 03:33:01 INFO mapred.Task: Task:attempt_local977300828_0009_r_000002_0 is done. And is in the process of committing
26/03/02 03:33:01 INFO mapred.LocalJobRunner: 1 / 1 copied.
26/03/02 03:33:01 INFO mapred.Task: Task attempt_local977300828_0009_r_000002_0 is allowed to commit now
26/03/02 03:33:01 INFO output.FileOutputCommitter: Saved output of task 'attempt_local977300828_0009_r_000002_0' to hdfs://localhost:9000/project2/task2/runs_report_plus/k8_r30_opt/iter_9/_temporary/0/task_local977300828_0009_r_000002
26/03/02 03:33:01 INFO mapred.LocalJobRunner: reduce > reduce
26/03/02 03:33:01 INFO mapred.Task: Task 'attempt_local977300828_0009_r_000002_0' done.
26/03/02 03:33:01 INFO mapred.Task: Final Counters for attempt_local977300828_0009_r_000002_0: Counters: 29
	File System Counters
		FILE: Number of bytes read=1318762
		FILE: Number of bytes written=3974995
		FILE: Number of read operations=0
		FILE: Number of large read operations=0
		FILE: Number of write operations=0
		HDFS: Number of bytes read=6633065
		HDFS: Number of bytes written=12511
		HDFS: Number of read operations=478
		HDFS: Number of large read operations=0
		HDFS: Number of write operations=156
	Map-Reduce Framework
		Combine input records=0
		Combine output records=0
		Reduce input groups=2
		Reduce shuffle bytes=114
		Reduce input records=2
		Reduce output records=2
		Spilled Records=2
		Shuffled Maps =1
		Failed Shuffles=0
		Merged Map outputs=1
		GC time elapsed (ms)=0
		Total committed heap usage (bytes)=470810624
	Shuffle Errors
		BAD_ID=0
		CONNECTION=0
		IO_ERROR=0
		WRONG_LENGTH=0
		WRONG_MAP=0
		WRONG_REDUCE=0
	File Output Format Counters 
		Bytes Written=203
26/03/02 03:33:01 INFO mapred.LocalJobRunner: Finishing task: attempt_local977300828_0009_r_000002_0
26/03/02 03:33:01 INFO mapred.LocalJobRunner: Starting task: attempt_local977300828_0009_r_000003_0
26/03/02 03:33:01 INFO output.FileOutputCommitter: File Output Committer Algorithm version is 1
26/03/02 03:33:01 INFO mapred.Task:  Using ResourceCalculatorProcessTree : [ ]
26/03/02 03:33:01 INFO mapred.ReduceTask: Using ShuffleConsumerPlugin: org.apache.hadoop.mapreduce.task.reduce.Shuffle@c5f5cc1
26/03/02 03:33:01 INFO reduce.MergeManagerImpl: MergerManager: memoryLimit=334338464, maxSingleShuffleLimit=83584616, mergeThreshold=220663392, ioSortFactor=10, memToMemMergeOutputsThreshold=10
26/03/02 03:33:01 INFO reduce.EventFetcher: attempt_local977300828_0009_r_000003_0 Thread started: EventFetcher for fetching Map Completion Events
26/03/02 03:33:01 INFO reduce.LocalFetcher: localfetcher#36 about to shuffle output of map attempt_local977300828_0009_m_000000_0 decomp: 110 len: 114 to MEMORY
26/03/02 03:33:01 INFO reduce.InMemoryMapOutput: Read 110 bytes from map-output for attempt_local977300828_0009_m_000000_0
26/03/02 03:33:01 INFO reduce.MergeManagerImpl: closeInMemoryFile -> map-output of size: 110, inMemoryMapOutputs.size() -> 1, commitMemory -> 0, usedMemory ->110
26/03/02 03:33:01 WARN io.ReadaheadPool: Failed readahead on ifile
EBADF: Bad file descriptor
	at org.apache.hadoop.io.nativeio.NativeIO$POSIX.posix_fadvise(Native Method)
	at org.apache.hadoop.io.nativeio.NativeIO$POSIX.posixFadviseIfPossible(NativeIO.java:267)
	at org.apache.hadoop.io.nativeio.NativeIO$POSIX$CacheManipulator.posixFadviseIfPossible(NativeIO.java:146)
	at org.apache.hadoop.io.ReadaheadPool$ReadaheadRequestImpl.run(ReadaheadPool.java:206)
	at java.util.concurrent.ThreadPoolExecutor.runWorker(ThreadPoolExecutor.java:1149)
	at java.util.concurrent.ThreadPoolExecutor$Worker.run(ThreadPoolExecutor.java:624)
	at java.lang.Thread.run(Thread.java:748)
26/03/02 03:33:01 INFO reduce.EventFetcher: EventFetcher is interrupted.. Returning
26/03/02 03:33:01 INFO mapred.LocalJobRunner: 1 / 1 copied.
26/03/02 03:33:01 INFO reduce.MergeManagerImpl: finalMerge called with 1 in-memory map-outputs and 0 on-disk map-outputs
26/03/02 03:33:01 INFO mapred.Merger: Merging 1 sorted segments
26/03/02 03:33:01 INFO mapred.Merger: Down to the last merge-pass, with 1 segments left of total size: 104 bytes
26/03/02 03:33:01 INFO reduce.MergeManagerImpl: Merged 1 segments, 110 bytes to disk to satisfy reduce memory limit
26/03/02 03:33:01 INFO reduce.MergeManagerImpl: Merging 1 files, 114 bytes from disk
26/03/02 03:33:01 INFO reduce.MergeManagerImpl: Merging 0 segments, 0 bytes from memory into reduce
26/03/02 03:33:01 INFO mapred.Merger: Merging 1 sorted segments
26/03/02 03:33:01 INFO mapred.Merger: Down to the last merge-pass, with 1 segments left of total size: 104 bytes
26/03/02 03:33:01 INFO mapred.LocalJobRunner: 1 / 1 copied.
26/03/02 03:33:01 INFO mapred.Task: Task:attempt_local977300828_0009_r_000003_0 is done. And is in the process of committing
26/03/02 03:33:01 INFO mapred.LocalJobRunner: 1 / 1 copied.
26/03/02 03:33:01 INFO mapred.Task: Task attempt_local977300828_0009_r_000003_0 is allowed to commit now
26/03/02 03:33:01 INFO output.FileOutputCommitter: Saved output of task 'attempt_local977300828_0009_r_000003_0' to hdfs://localhost:9000/project2/task2/runs_report_plus/k8_r30_opt/iter_9/_temporary/0/task_local977300828_0009_r_000003
26/03/02 03:33:01 INFO mapred.LocalJobRunner: reduce > reduce
26/03/02 03:33:01 INFO mapred.Task: Task 'attempt_local977300828_0009_r_000003_0' done.
26/03/02 03:33:01 INFO mapred.Task: Final Counters for attempt_local977300828_0009_r_000003_0: Counters: 29
	File System Counters
		FILE: Number of bytes read=1319094
		FILE: Number of bytes written=3975109
		FILE: Number of read operations=0
		FILE: Number of large read operations=0
		FILE: Number of write operations=0
		HDFS: Number of bytes read=6633065
		HDFS: Number of bytes written=12714
		HDFS: Number of read operations=481
		HDFS: Number of large read operations=0
		HDFS: Number of write operations=158
	Map-Reduce Framework
		Combine input records=0
		Combine output records=0
		Reduce input groups=2
		Reduce shuffle bytes=114
		Reduce input records=2
		Reduce output records=2
		Spilled Records=2
		Shuffled Maps =1
		Failed Shuffles=0
		Merged Map outputs=1
		GC time elapsed (ms)=0
		Total committed heap usage (bytes)=470810624
	Shuffle Errors
		BAD_ID=0
		CONNECTION=0
		IO_ERROR=0
		WRONG_LENGTH=0
		WRONG_MAP=0
		WRONG_REDUCE=0
	File Output Format Counters 
		Bytes Written=203
26/03/02 03:33:01 INFO mapred.LocalJobRunner: Finishing task: attempt_local977300828_0009_r_000003_0
26/03/02 03:33:01 INFO mapred.LocalJobRunner: reduce task executor complete.
26/03/02 03:33:02 INFO mapreduce.Job: Job job_local977300828_0009 running in uber mode : false
26/03/02 03:33:02 INFO mapreduce.Job:  map 100% reduce 100%
26/03/02 03:33:02 INFO mapreduce.Job: Job job_local977300828_0009 completed successfully
26/03/02 03:33:02 INFO mapreduce.Job: Counters: 35
	File System Counters
		FILE: Number of bytes read=6591010
		FILE: Number of bytes written=19874405
		FILE: Number of read operations=0
		FILE: Number of large read operations=0
		FILE: Number of write operations=0
		HDFS: Number of bytes read=33165325
		HDFS: Number of bytes written=61546
		HDFS: Number of read operations=2375
		HDFS: Number of large read operations=0
		HDFS: Number of write operations=770
	Map-Reduce Framework
		Map input records=10000
		Map output records=10000
		Map output bytes=520000
		Map output materialized bytes=456
		Input split bytes=121
		Combine input records=10000
		Combine output records=8
		Reduce input groups=8
		Reduce shuffle bytes=456
		Reduce input records=8
		Reduce output records=8
		Spilled Records=16
		Shuffled Maps =4
		Failed Shuffles=0
		Merged Map outputs=4
		GC time elapsed (ms)=0
		Total committed heap usage (bytes)=2354053120
	Shuffle Errors
		BAD_ID=0
		CONNECTION=0
		IO_ERROR=0
		WRONG_LENGTH=0
		WRONG_MAP=0
		WRONG_REDUCE=0
	File Input Format Counters 
		Bytes Read=733758
	File Output Format Counters 
		Bytes Written=808
26/03/02 03:33:02 INFO jvm.JvmMetrics: Cannot initialize JVM Metrics with processName=JobTracker, sessionId= - already initialized
26/03/02 03:33:02 WARN mapreduce.JobResourceUploader: Hadoop command-line option parsing not performed. Implement the Tool interface and execute your application with ToolRunner to remedy this.
26/03/02 03:33:02 INFO input.FileInputFormat: Total input paths to process : 1
26/03/02 03:33:02 INFO mapreduce.JobSubmitter: number of splits:1
26/03/02 03:33:02 INFO mapreduce.JobSubmitter: Submitting tokens for job: job_local94449776_0010
26/03/02 03:33:02 INFO mapred.LocalDistributedCacheManager: Creating symlink: /tmp/hadoop-ds503/mapred/local/1772422382304/centers_iter_9.csv <- /home/ds503/centers_iter_9.csv
26/03/02 03:33:02 INFO mapred.LocalDistributedCacheManager: Localized hdfs://localhost:9000/project2/task2/runs_report_plus/k8_r30_opt/centers_iter_9.csv as file:/tmp/hadoop-ds503/mapred/local/1772422382304/centers_iter_9.csv
26/03/02 03:33:02 INFO mapreduce.Job: The url to track the job: http://localhost:8080/
26/03/02 03:33:02 INFO mapreduce.Job: Running job: job_local94449776_0010
26/03/02 03:33:02 INFO mapred.LocalJobRunner: OutputCommitter set in config null
26/03/02 03:33:02 INFO output.FileOutputCommitter: File Output Committer Algorithm version is 1
26/03/02 03:33:02 INFO mapred.LocalJobRunner: OutputCommitter is org.apache.hadoop.mapreduce.lib.output.FileOutputCommitter
26/03/02 03:33:02 INFO mapred.LocalJobRunner: Waiting for map tasks
26/03/02 03:33:02 INFO mapred.LocalJobRunner: Starting task: attempt_local94449776_0010_m_000000_0
26/03/02 03:33:02 INFO output.FileOutputCommitter: File Output Committer Algorithm version is 1
26/03/02 03:33:02 INFO mapred.Task:  Using ResourceCalculatorProcessTree : [ ]
26/03/02 03:33:02 INFO mapred.MapTask: Processing split: hdfs://localhost:9000/project2/task2/input/points_4d.csv:0+733758
26/03/02 03:33:02 INFO mapred.MapTask: (EQUATOR) 0 kvi 26214396(104857584)
26/03/02 03:33:02 INFO mapred.MapTask: mapreduce.task.io.sort.mb: 100
26/03/02 03:33:02 INFO mapred.MapTask: soft limit at 83886080
26/03/02 03:33:02 INFO mapred.MapTask: bufstart = 0; bufvoid = 104857600
26/03/02 03:33:02 INFO mapred.MapTask: kvstart = 26214396; length = 6553600
26/03/02 03:33:02 INFO mapred.MapTask: Map output collector class = org.apache.hadoop.mapred.MapTask$MapOutputBuffer
26/03/02 03:33:02 INFO mapred.LocalJobRunner: 
26/03/02 03:33:02 INFO mapred.MapTask: Starting flush of map output
26/03/02 03:33:02 INFO mapred.MapTask: Spilling map output
26/03/02 03:33:02 INFO mapred.MapTask: bufstart = 0; bufend = 520000; bufvoid = 104857600
26/03/02 03:33:02 INFO mapred.MapTask: kvstart = 26214396(104857584); kvend = 26174400(104697600); length = 39997/6553600
26/03/02 03:33:02 INFO mapred.MapTask: Finished spill 0
26/03/02 03:33:02 INFO mapred.Task: Task:attempt_local94449776_0010_m_000000_0 is done. And is in the process of committing
26/03/02 03:33:02 INFO mapred.LocalJobRunner: map
26/03/02 03:33:02 INFO mapred.Task: Task 'attempt_local94449776_0010_m_000000_0' done.
26/03/02 03:33:02 INFO mapred.Task: Final Counters for attempt_local94449776_0010_m_000000_0: Counters: 23
	File System Counters
		FILE: Number of bytes read=1463648
		FILE: Number of bytes written=4414393
		FILE: Number of read operations=0
		FILE: Number of large read operations=0
		FILE: Number of write operations=0
		HDFS: Number of bytes read=7370243
		HDFS: Number of bytes written=13317
		HDFS: Number of read operations=525
		HDFS: Number of large read operations=0
		HDFS: Number of write operations=168
	Map-Reduce Framework
		Map input records=10000
		Map output records=10000
		Map output bytes=520000
		Map output materialized bytes=456
		Input split bytes=121
		Combine input records=10000
		Combine output records=8
		Spilled Records=8
		Failed Shuffles=0
		Merged Map outputs=0
		GC time elapsed (ms)=2
		Total committed heap usage (bytes)=517472256
	File Input Format Counters 
		Bytes Read=733758
26/03/02 03:33:02 INFO mapred.LocalJobRunner: Finishing task: attempt_local94449776_0010_m_000000_0
26/03/02 03:33:02 INFO mapred.LocalJobRunner: map task executor complete.
26/03/02 03:33:02 INFO mapred.LocalJobRunner: Waiting for reduce tasks
26/03/02 03:33:02 INFO mapred.LocalJobRunner: Starting task: attempt_local94449776_0010_r_000000_0
26/03/02 03:33:02 INFO output.FileOutputCommitter: File Output Committer Algorithm version is 1
26/03/02 03:33:02 INFO mapred.Task:  Using ResourceCalculatorProcessTree : [ ]
26/03/02 03:33:02 INFO mapred.ReduceTask: Using ShuffleConsumerPlugin: org.apache.hadoop.mapreduce.task.reduce.Shuffle@47d00db3
26/03/02 03:33:02 INFO reduce.MergeManagerImpl: MergerManager: memoryLimit=362230560, maxSingleShuffleLimit=90557640, mergeThreshold=239072176, ioSortFactor=10, memToMemMergeOutputsThreshold=10
26/03/02 03:33:02 INFO reduce.EventFetcher: attempt_local94449776_0010_r_000000_0 Thread started: EventFetcher for fetching Map Completion Events
26/03/02 03:33:02 INFO reduce.LocalFetcher: localfetcher#37 about to shuffle output of map attempt_local94449776_0010_m_000000_0 decomp: 110 len: 114 to MEMORY
26/03/02 03:33:02 INFO reduce.InMemoryMapOutput: Read 110 bytes from map-output for attempt_local94449776_0010_m_000000_0
26/03/02 03:33:02 INFO reduce.MergeManagerImpl: closeInMemoryFile -> map-output of size: 110, inMemoryMapOutputs.size() -> 1, commitMemory -> 0, usedMemory ->110
26/03/02 03:33:02 INFO reduce.EventFetcher: EventFetcher is interrupted.. Returning
26/03/02 03:33:02 INFO mapred.LocalJobRunner: 1 / 1 copied.
26/03/02 03:33:02 INFO reduce.MergeManagerImpl: finalMerge called with 1 in-memory map-outputs and 0 on-disk map-outputs
26/03/02 03:33:02 INFO mapred.Merger: Merging 1 sorted segments
26/03/02 03:33:02 INFO mapred.Merger: Down to the last merge-pass, with 1 segments left of total size: 104 bytes
26/03/02 03:33:02 INFO reduce.MergeManagerImpl: Merged 1 segments, 110 bytes to disk to satisfy reduce memory limit
26/03/02 03:33:02 INFO reduce.MergeManagerImpl: Merging 1 files, 114 bytes from disk
26/03/02 03:33:02 INFO reduce.MergeManagerImpl: Merging 0 segments, 0 bytes from memory into reduce
26/03/02 03:33:02 INFO mapred.Merger: Merging 1 sorted segments
26/03/02 03:33:02 INFO mapred.Merger: Down to the last merge-pass, with 1 segments left of total size: 104 bytes
26/03/02 03:33:02 INFO mapred.LocalJobRunner: 1 / 1 copied.
26/03/02 03:33:02 INFO mapred.Task: Task:attempt_local94449776_0010_r_000000_0 is done. And is in the process of committing
26/03/02 03:33:02 INFO mapred.LocalJobRunner: 1 / 1 copied.
26/03/02 03:33:02 INFO mapred.Task: Task attempt_local94449776_0010_r_000000_0 is allowed to commit now
26/03/02 03:33:02 INFO output.FileOutputCommitter: Saved output of task 'attempt_local94449776_0010_r_000000_0' to hdfs://localhost:9000/project2/task2/runs_report_plus/k8_r30_opt/iter_10/_temporary/0/task_local94449776_0010_r_000000
26/03/02 03:33:02 INFO mapred.LocalJobRunner: reduce > reduce
26/03/02 03:33:02 INFO mapred.Task: Task 'attempt_local94449776_0010_r_000000_0' done.
26/03/02 03:33:02 INFO mapred.Task: Final Counters for attempt_local94449776_0010_r_000000_0: Counters: 29
	File System Counters
		FILE: Number of bytes read=1464322
		FILE: Number of bytes written=4414507
		FILE: Number of read operations=0
		FILE: Number of large read operations=0
		FILE: Number of write operations=0
		HDFS: Number of bytes read=7370243
		HDFS: Number of bytes written=13522
		HDFS: Number of read operations=528
		HDFS: Number of large read operations=0
		HDFS: Number of write operations=170
	Map-Reduce Framework
		Combine input records=0
		Combine output records=0
		Reduce input groups=2
		Reduce shuffle bytes=114
		Reduce input records=2
		Reduce output records=2
		Spilled Records=2
		Shuffled Maps =1
		Failed Shuffles=0
		Merged Map outputs=1
		GC time elapsed (ms)=0
		Total committed heap usage (bytes)=517472256
	Shuffle Errors
		BAD_ID=0
		CONNECTION=0
		IO_ERROR=0
		WRONG_LENGTH=0
		WRONG_MAP=0
		WRONG_REDUCE=0
	File Output Format Counters 
		Bytes Written=205
26/03/02 03:33:02 INFO mapred.LocalJobRunner: Finishing task: attempt_local94449776_0010_r_000000_0
26/03/02 03:33:02 INFO mapred.LocalJobRunner: Starting task: attempt_local94449776_0010_r_000001_0
26/03/02 03:33:02 INFO output.FileOutputCommitter: File Output Committer Algorithm version is 1
26/03/02 03:33:02 INFO mapred.Task:  Using ResourceCalculatorProcessTree : [ ]
26/03/02 03:33:02 INFO mapred.ReduceTask: Using ShuffleConsumerPlugin: org.apache.hadoop.mapreduce.task.reduce.Shuffle@4fd0c821
26/03/02 03:33:02 INFO reduce.MergeManagerImpl: MergerManager: memoryLimit=362230560, maxSingleShuffleLimit=90557640, mergeThreshold=239072176, ioSortFactor=10, memToMemMergeOutputsThreshold=10
26/03/02 03:33:02 INFO reduce.EventFetcher: attempt_local94449776_0010_r_000001_0 Thread started: EventFetcher for fetching Map Completion Events
26/03/02 03:33:02 INFO reduce.LocalFetcher: localfetcher#38 about to shuffle output of map attempt_local94449776_0010_m_000000_0 decomp: 110 len: 114 to MEMORY
26/03/02 03:33:02 INFO reduce.InMemoryMapOutput: Read 110 bytes from map-output for attempt_local94449776_0010_m_000000_0
26/03/02 03:33:02 INFO reduce.MergeManagerImpl: closeInMemoryFile -> map-output of size: 110, inMemoryMapOutputs.size() -> 1, commitMemory -> 0, usedMemory ->110
26/03/02 03:33:02 INFO reduce.EventFetcher: EventFetcher is interrupted.. Returning
26/03/02 03:33:02 INFO mapred.LocalJobRunner: 1 / 1 copied.
26/03/02 03:33:02 INFO reduce.MergeManagerImpl: finalMerge called with 1 in-memory map-outputs and 0 on-disk map-outputs
26/03/02 03:33:02 INFO mapred.Merger: Merging 1 sorted segments
26/03/02 03:33:02 INFO mapred.Merger: Down to the last merge-pass, with 1 segments left of total size: 104 bytes
26/03/02 03:33:02 INFO reduce.MergeManagerImpl: Merged 1 segments, 110 bytes to disk to satisfy reduce memory limit
26/03/02 03:33:02 INFO reduce.MergeManagerImpl: Merging 1 files, 114 bytes from disk
26/03/02 03:33:02 INFO reduce.MergeManagerImpl: Merging 0 segments, 0 bytes from memory into reduce
26/03/02 03:33:02 INFO mapred.Merger: Merging 1 sorted segments
26/03/02 03:33:02 INFO mapred.Merger: Down to the last merge-pass, with 1 segments left of total size: 104 bytes
26/03/02 03:33:02 INFO mapred.LocalJobRunner: 1 / 1 copied.
26/03/02 03:33:02 INFO mapred.Task: Task:attempt_local94449776_0010_r_000001_0 is done. And is in the process of committing
26/03/02 03:33:02 INFO mapred.LocalJobRunner: 1 / 1 copied.
26/03/02 03:33:02 INFO mapred.Task: Task attempt_local94449776_0010_r_000001_0 is allowed to commit now
26/03/02 03:33:02 INFO output.FileOutputCommitter: Saved output of task 'attempt_local94449776_0010_r_000001_0' to hdfs://localhost:9000/project2/task2/runs_report_plus/k8_r30_opt/iter_10/_temporary/0/task_local94449776_0010_r_000001
26/03/02 03:33:02 INFO mapred.LocalJobRunner: reduce > reduce
26/03/02 03:33:02 INFO mapred.Task: Task 'attempt_local94449776_0010_r_000001_0' done.
26/03/02 03:33:02 INFO mapred.Task: Final Counters for attempt_local94449776_0010_r_000001_0: Counters: 29
	File System Counters
		FILE: Number of bytes read=1464882
		FILE: Number of bytes written=4414621
		FILE: Number of read operations=0
		FILE: Number of large read operations=0
		FILE: Number of write operations=0
		HDFS: Number of bytes read=7370243
		HDFS: Number of bytes written=13725
		HDFS: Number of read operations=531
		HDFS: Number of large read operations=0
		HDFS: Number of write operations=172
	Map-Reduce Framework
		Combine input records=0
		Combine output records=0
		Reduce input groups=2
		Reduce shuffle bytes=114
		Reduce input records=2
		Reduce output records=2
		Spilled Records=2
		Shuffled Maps =1
		Failed Shuffles=0
		Merged Map outputs=1
		GC time elapsed (ms)=0
		Total committed heap usage (bytes)=517472256
	Shuffle Errors
		BAD_ID=0
		CONNECTION=0
		IO_ERROR=0
		WRONG_LENGTH=0
		WRONG_MAP=0
		WRONG_REDUCE=0
	File Output Format Counters 
		Bytes Written=203
26/03/02 03:33:02 INFO mapred.LocalJobRunner: Finishing task: attempt_local94449776_0010_r_000001_0
26/03/02 03:33:02 INFO mapred.LocalJobRunner: Starting task: attempt_local94449776_0010_r_000002_0
26/03/02 03:33:02 INFO output.FileOutputCommitter: File Output Committer Algorithm version is 1
26/03/02 03:33:02 INFO mapred.Task:  Using ResourceCalculatorProcessTree : [ ]
26/03/02 03:33:02 INFO mapred.ReduceTask: Using ShuffleConsumerPlugin: org.apache.hadoop.mapreduce.task.reduce.Shuffle@3778db51
26/03/02 03:33:02 INFO reduce.MergeManagerImpl: MergerManager: memoryLimit=362230560, maxSingleShuffleLimit=90557640, mergeThreshold=239072176, ioSortFactor=10, memToMemMergeOutputsThreshold=10
26/03/02 03:33:02 INFO reduce.EventFetcher: attempt_local94449776_0010_r_000002_0 Thread started: EventFetcher for fetching Map Completion Events
26/03/02 03:33:02 INFO reduce.LocalFetcher: localfetcher#39 about to shuffle output of map attempt_local94449776_0010_m_000000_0 decomp: 110 len: 114 to MEMORY
26/03/02 03:33:02 INFO reduce.InMemoryMapOutput: Read 110 bytes from map-output for attempt_local94449776_0010_m_000000_0
26/03/02 03:33:02 INFO reduce.MergeManagerImpl: closeInMemoryFile -> map-output of size: 110, inMemoryMapOutputs.size() -> 1, commitMemory -> 0, usedMemory ->110
26/03/02 03:33:02 INFO reduce.EventFetcher: EventFetcher is interrupted.. Returning
26/03/02 03:33:02 INFO mapred.LocalJobRunner: 1 / 1 copied.
26/03/02 03:33:02 INFO reduce.MergeManagerImpl: finalMerge called with 1 in-memory map-outputs and 0 on-disk map-outputs
26/03/02 03:33:02 INFO mapred.Merger: Merging 1 sorted segments
26/03/02 03:33:02 INFO mapred.Merger: Down to the last merge-pass, with 1 segments left of total size: 104 bytes
26/03/02 03:33:02 INFO reduce.MergeManagerImpl: Merged 1 segments, 110 bytes to disk to satisfy reduce memory limit
26/03/02 03:33:02 INFO reduce.MergeManagerImpl: Merging 1 files, 114 bytes from disk
26/03/02 03:33:02 INFO reduce.MergeManagerImpl: Merging 0 segments, 0 bytes from memory into reduce
26/03/02 03:33:02 INFO mapred.Merger: Merging 1 sorted segments
26/03/02 03:33:02 INFO mapred.Merger: Down to the last merge-pass, with 1 segments left of total size: 104 bytes
26/03/02 03:33:02 INFO mapred.LocalJobRunner: 1 / 1 copied.
26/03/02 03:33:02 INFO mapred.Task: Task:attempt_local94449776_0010_r_000002_0 is done. And is in the process of committing
26/03/02 03:33:02 INFO mapred.LocalJobRunner: 1 / 1 copied.
26/03/02 03:33:02 INFO mapred.Task: Task attempt_local94449776_0010_r_000002_0 is allowed to commit now
26/03/02 03:33:02 INFO output.FileOutputCommitter: Saved output of task 'attempt_local94449776_0010_r_000002_0' to hdfs://localhost:9000/project2/task2/runs_report_plus/k8_r30_opt/iter_10/_temporary/0/task_local94449776_0010_r_000002
26/03/02 03:33:02 INFO mapred.LocalJobRunner: reduce > reduce
26/03/02 03:33:02 INFO mapred.Task: Task 'attempt_local94449776_0010_r_000002_0' done.
26/03/02 03:33:02 INFO mapred.Task: Final Counters for attempt_local94449776_0010_r_000002_0: Counters: 29
	File System Counters
		FILE: Number of bytes read=1465328
		FILE: Number of bytes written=4414735
		FILE: Number of read operations=0
		FILE: Number of large read operations=0
		FILE: Number of write operations=0
		HDFS: Number of bytes read=7370243
		HDFS: Number of bytes written=13929
		HDFS: Number of read operations=534
		HDFS: Number of large read operations=0
		HDFS: Number of write operations=174
	Map-Reduce Framework
		Combine input records=0
		Combine output records=0
		Reduce input groups=2
		Reduce shuffle bytes=114
		Reduce input records=2
		Reduce output records=2
		Spilled Records=2
		Shuffled Maps =1
		Failed Shuffles=0
		Merged Map outputs=1
		GC time elapsed (ms)=0
		Total committed heap usage (bytes)=517472256
	Shuffle Errors
		BAD_ID=0
		CONNECTION=0
		IO_ERROR=0
		WRONG_LENGTH=0
		WRONG_MAP=0
		WRONG_REDUCE=0
	File Output Format Counters 
		Bytes Written=204
26/03/02 03:33:02 INFO mapred.LocalJobRunner: Finishing task: attempt_local94449776_0010_r_000002_0
26/03/02 03:33:02 INFO mapred.LocalJobRunner: Starting task: attempt_local94449776_0010_r_000003_0
26/03/02 03:33:02 INFO output.FileOutputCommitter: File Output Committer Algorithm version is 1
26/03/02 03:33:02 INFO mapred.Task:  Using ResourceCalculatorProcessTree : [ ]
26/03/02 03:33:02 INFO mapred.ReduceTask: Using ShuffleConsumerPlugin: org.apache.hadoop.mapreduce.task.reduce.Shuffle@215d52ac
26/03/02 03:33:02 INFO reduce.MergeManagerImpl: MergerManager: memoryLimit=362230560, maxSingleShuffleLimit=90557640, mergeThreshold=239072176, ioSortFactor=10, memToMemMergeOutputsThreshold=10
26/03/02 03:33:02 INFO reduce.EventFetcher: attempt_local94449776_0010_r_000003_0 Thread started: EventFetcher for fetching Map Completion Events
26/03/02 03:33:02 INFO reduce.LocalFetcher: localfetcher#40 about to shuffle output of map attempt_local94449776_0010_m_000000_0 decomp: 110 len: 114 to MEMORY
26/03/02 03:33:02 INFO reduce.InMemoryMapOutput: Read 110 bytes from map-output for attempt_local94449776_0010_m_000000_0
26/03/02 03:33:02 INFO reduce.MergeManagerImpl: closeInMemoryFile -> map-output of size: 110, inMemoryMapOutputs.size() -> 1, commitMemory -> 0, usedMemory ->110
26/03/02 03:33:02 INFO reduce.EventFetcher: EventFetcher is interrupted.. Returning
26/03/02 03:33:02 INFO mapred.LocalJobRunner: 1 / 1 copied.
26/03/02 03:33:02 INFO reduce.MergeManagerImpl: finalMerge called with 1 in-memory map-outputs and 0 on-disk map-outputs
26/03/02 03:33:02 INFO mapred.Merger: Merging 1 sorted segments
26/03/02 03:33:02 INFO mapred.Merger: Down to the last merge-pass, with 1 segments left of total size: 104 bytes
26/03/02 03:33:02 INFO reduce.MergeManagerImpl: Merged 1 segments, 110 bytes to disk to satisfy reduce memory limit
26/03/02 03:33:02 INFO reduce.MergeManagerImpl: Merging 1 files, 114 bytes from disk
26/03/02 03:33:02 INFO reduce.MergeManagerImpl: Merging 0 segments, 0 bytes from memory into reduce
26/03/02 03:33:02 INFO mapred.Merger: Merging 1 sorted segments
26/03/02 03:33:02 INFO mapred.Merger: Down to the last merge-pass, with 1 segments left of total size: 104 bytes
26/03/02 03:33:02 INFO mapred.LocalJobRunner: 1 / 1 copied.
26/03/02 03:33:02 INFO mapred.Task: Task:attempt_local94449776_0010_r_000003_0 is done. And is in the process of committing
26/03/02 03:33:02 INFO mapred.LocalJobRunner: 1 / 1 copied.
26/03/02 03:33:02 INFO mapred.Task: Task attempt_local94449776_0010_r_000003_0 is allowed to commit now
26/03/02 03:33:02 INFO output.FileOutputCommitter: Saved output of task 'attempt_local94449776_0010_r_000003_0' to hdfs://localhost:9000/project2/task2/runs_report_plus/k8_r30_opt/iter_10/_temporary/0/task_local94449776_0010_r_000003
26/03/02 03:33:02 INFO mapred.LocalJobRunner: reduce > reduce
26/03/02 03:33:02 INFO mapred.Task: Task 'attempt_local94449776_0010_r_000003_0' done.
26/03/02 03:33:02 INFO mapred.Task: Final Counters for attempt_local94449776_0010_r_000003_0: Counters: 29
	File System Counters
		FILE: Number of bytes read=1465660
		FILE: Number of bytes written=4414849
		FILE: Number of read operations=0
		FILE: Number of large read operations=0
		FILE: Number of write operations=0
		HDFS: Number of bytes read=7370243
		HDFS: Number of bytes written=14132
		HDFS: Number of read operations=537
		HDFS: Number of large read operations=0
		HDFS: Number of write operations=176
	Map-Reduce Framework
		Combine input records=0
		Combine output records=0
		Reduce input groups=2
		Reduce shuffle bytes=114
		Reduce input records=2
		Reduce output records=2
		Spilled Records=2
		Shuffled Maps =1
		Failed Shuffles=0
		Merged Map outputs=1
		GC time elapsed (ms)=0
		Total committed heap usage (bytes)=517472256
	Shuffle Errors
		BAD_ID=0
		CONNECTION=0
		IO_ERROR=0
		WRONG_LENGTH=0
		WRONG_MAP=0
		WRONG_REDUCE=0
	File Output Format Counters 
		Bytes Written=203
26/03/02 03:33:02 INFO mapred.LocalJobRunner: Finishing task: attempt_local94449776_0010_r_000003_0
26/03/02 03:33:02 INFO mapred.LocalJobRunner: reduce task executor complete.
26/03/02 03:33:03 INFO mapreduce.Job: Job job_local94449776_0010 running in uber mode : false
26/03/02 03:33:03 INFO mapreduce.Job:  map 100% reduce 100%
26/03/02 03:33:03 INFO mapreduce.Job: Job job_local94449776_0010 completed successfully
26/03/02 03:33:03 INFO mapreduce.Job: Counters: 35
	File System Counters
		FILE: Number of bytes read=7323840
		FILE: Number of bytes written=22073105
		FILE: Number of read operations=0
		FILE: Number of large read operations=0
		FILE: Number of write operations=0
		HDFS: Number of bytes read=36851215
		HDFS: Number of bytes written=68625
		HDFS: Number of read operations=2655
		HDFS: Number of large read operations=0
		HDFS: Number of write operations=860
	Map-Reduce Framework
		Map input records=10000
		Map output records=10000
		Map output bytes=520000
		Map output materialized bytes=456
		Input split bytes=121
		Combine input records=10000
		Combine output records=8
		Reduce input groups=8
		Reduce shuffle bytes=456
		Reduce input records=8
		Reduce output records=8
		Spilled Records=16
		Shuffled Maps =4
		Failed Shuffles=0
		Merged Map outputs=4
		GC time elapsed (ms)=2
		Total committed heap usage (bytes)=2587361280
	Shuffle Errors
		BAD_ID=0
		CONNECTION=0
		IO_ERROR=0
		WRONG_LENGTH=0
		WRONG_MAP=0
		WRONG_REDUCE=0
	File Input Format Counters 
		Bytes Read=733758
	File Output Format Counters 
		Bytes Written=815
26/03/02 03:33:03 INFO jvm.JvmMetrics: Cannot initialize JVM Metrics with processName=JobTracker, sessionId= - already initialized
26/03/02 03:33:03 WARN mapreduce.JobResourceUploader: Hadoop command-line option parsing not performed. Implement the Tool interface and execute your application with ToolRunner to remedy this.
26/03/02 03:33:03 INFO input.FileInputFormat: Total input paths to process : 1
26/03/02 03:33:03 INFO mapreduce.JobSubmitter: number of splits:1
26/03/02 03:33:03 INFO mapreduce.JobSubmitter: Submitting tokens for job: job_local1527363282_0011
26/03/02 03:33:03 INFO mapred.LocalDistributedCacheManager: Creating symlink: /tmp/hadoop-ds503/mapred/local/1772422383395/centers_iter_10.csv <- /home/ds503/centers_iter_10.csv
26/03/02 03:33:03 INFO mapred.LocalDistributedCacheManager: Localized hdfs://localhost:9000/project2/task2/runs_report_plus/k8_r30_opt/centers_iter_10.csv as file:/tmp/hadoop-ds503/mapred/local/1772422383395/centers_iter_10.csv
26/03/02 03:33:03 INFO mapreduce.Job: The url to track the job: http://localhost:8080/
26/03/02 03:33:03 INFO mapreduce.Job: Running job: job_local1527363282_0011
26/03/02 03:33:03 INFO mapred.LocalJobRunner: OutputCommitter set in config null
26/03/02 03:33:03 INFO output.FileOutputCommitter: File Output Committer Algorithm version is 1
26/03/02 03:33:03 INFO mapred.LocalJobRunner: OutputCommitter is org.apache.hadoop.mapreduce.lib.output.FileOutputCommitter
26/03/02 03:33:03 INFO mapred.LocalJobRunner: Waiting for map tasks
26/03/02 03:33:03 INFO mapred.LocalJobRunner: Starting task: attempt_local1527363282_0011_m_000000_0
26/03/02 03:33:03 INFO output.FileOutputCommitter: File Output Committer Algorithm version is 1
26/03/02 03:33:03 INFO mapred.Task:  Using ResourceCalculatorProcessTree : [ ]
26/03/02 03:33:03 INFO mapred.MapTask: Processing split: hdfs://localhost:9000/project2/task2/input/points_4d.csv:0+733758
26/03/02 03:33:03 INFO mapred.MapTask: (EQUATOR) 0 kvi 26214396(104857584)
26/03/02 03:33:03 INFO mapred.MapTask: mapreduce.task.io.sort.mb: 100
26/03/02 03:33:03 INFO mapred.MapTask: soft limit at 83886080
26/03/02 03:33:03 INFO mapred.MapTask: bufstart = 0; bufvoid = 104857600
26/03/02 03:33:03 INFO mapred.MapTask: kvstart = 26214396; length = 6553600
26/03/02 03:33:03 INFO mapred.MapTask: Map output collector class = org.apache.hadoop.mapred.MapTask$MapOutputBuffer
26/03/02 03:33:03 INFO mapred.LocalJobRunner: 
26/03/02 03:33:03 INFO mapred.MapTask: Starting flush of map output
26/03/02 03:33:03 INFO mapred.MapTask: Spilling map output
26/03/02 03:33:03 INFO mapred.MapTask: bufstart = 0; bufend = 520000; bufvoid = 104857600
26/03/02 03:33:03 INFO mapred.MapTask: kvstart = 26214396(104857584); kvend = 26174400(104697600); length = 39997/6553600
26/03/02 03:33:03 INFO mapred.MapTask: Finished spill 0
26/03/02 03:33:03 INFO mapred.Task: Task:attempt_local1527363282_0011_m_000000_0 is done. And is in the process of committing
26/03/02 03:33:03 INFO mapred.LocalJobRunner: map
26/03/02 03:33:03 INFO mapred.Task: Task 'attempt_local1527363282_0011_m_000000_0' done.
26/03/02 03:33:03 INFO mapred.Task: Final Counters for attempt_local1527363282_0011_m_000000_0: Counters: 23
	File System Counters
		FILE: Number of bytes read=1610214
		FILE: Number of bytes written=4857315
		FILE: Number of read operations=0
		FILE: Number of large read operations=0
		FILE: Number of write operations=0
		HDFS: Number of bytes read=8107446
		HDFS: Number of bytes written=14738
		HDFS: Number of read operations=581
		HDFS: Number of large read operations=0
		HDFS: Number of write operations=186
	Map-Reduce Framework
		Map input records=10000
		Map output records=10000
		Map output bytes=520000
		Map output materialized bytes=456
		Input split bytes=121
		Combine input records=10000
		Combine output records=8
		Spilled Records=8
		Failed Shuffles=0
		Merged Map outputs=0
		GC time elapsed (ms)=2
		Total committed heap usage (bytes)=525860864
	File Input Format Counters 
		Bytes Read=733758
26/03/02 03:33:03 INFO mapred.LocalJobRunner: Finishing task: attempt_local1527363282_0011_m_000000_0
26/03/02 03:33:03 INFO mapred.LocalJobRunner: map task executor complete.
26/03/02 03:33:03 INFO mapred.LocalJobRunner: Waiting for reduce tasks
26/03/02 03:33:03 INFO mapred.LocalJobRunner: Starting task: attempt_local1527363282_0011_r_000000_0
26/03/02 03:33:03 INFO output.FileOutputCommitter: File Output Committer Algorithm version is 1
26/03/02 03:33:03 INFO mapred.Task:  Using ResourceCalculatorProcessTree : [ ]
26/03/02 03:33:03 INFO mapred.ReduceTask: Using ShuffleConsumerPlugin: org.apache.hadoop.mapreduce.task.reduce.Shuffle@ba103b4
26/03/02 03:33:03 INFO reduce.MergeManagerImpl: MergerManager: memoryLimit=368102592, maxSingleShuffleLimit=92025648, mergeThreshold=242947728, ioSortFactor=10, memToMemMergeOutputsThreshold=10
26/03/02 03:33:03 INFO reduce.EventFetcher: attempt_local1527363282_0011_r_000000_0 Thread started: EventFetcher for fetching Map Completion Events
26/03/02 03:33:03 INFO reduce.LocalFetcher: localfetcher#41 about to shuffle output of map attempt_local1527363282_0011_m_000000_0 decomp: 110 len: 114 to MEMORY
26/03/02 03:33:03 INFO reduce.InMemoryMapOutput: Read 110 bytes from map-output for attempt_local1527363282_0011_m_000000_0
26/03/02 03:33:03 INFO reduce.MergeManagerImpl: closeInMemoryFile -> map-output of size: 110, inMemoryMapOutputs.size() -> 1, commitMemory -> 0, usedMemory ->110
26/03/02 03:33:03 INFO reduce.EventFetcher: EventFetcher is interrupted.. Returning
26/03/02 03:33:03 INFO mapred.LocalJobRunner: 1 / 1 copied.
26/03/02 03:33:03 INFO reduce.MergeManagerImpl: finalMerge called with 1 in-memory map-outputs and 0 on-disk map-outputs
26/03/02 03:33:03 INFO mapred.Merger: Merging 1 sorted segments
26/03/02 03:33:03 INFO mapred.Merger: Down to the last merge-pass, with 1 segments left of total size: 104 bytes
26/03/02 03:33:03 INFO reduce.MergeManagerImpl: Merged 1 segments, 110 bytes to disk to satisfy reduce memory limit
26/03/02 03:33:03 INFO reduce.MergeManagerImpl: Merging 1 files, 114 bytes from disk
26/03/02 03:33:03 INFO reduce.MergeManagerImpl: Merging 0 segments, 0 bytes from memory into reduce
26/03/02 03:33:03 INFO mapred.Merger: Merging 1 sorted segments
26/03/02 03:33:03 INFO mapred.Merger: Down to the last merge-pass, with 1 segments left of total size: 104 bytes
26/03/02 03:33:03 INFO mapred.LocalJobRunner: 1 / 1 copied.
26/03/02 03:33:03 INFO mapred.Task: Task:attempt_local1527363282_0011_r_000000_0 is done. And is in the process of committing
26/03/02 03:33:03 INFO mapred.LocalJobRunner: 1 / 1 copied.
26/03/02 03:33:03 INFO mapred.Task: Task attempt_local1527363282_0011_r_000000_0 is allowed to commit now
26/03/02 03:33:03 INFO output.FileOutputCommitter: Saved output of task 'attempt_local1527363282_0011_r_000000_0' to hdfs://localhost:9000/project2/task2/runs_report_plus/k8_r30_opt/iter_11/_temporary/0/task_local1527363282_0011_r_000000
26/03/02 03:33:03 INFO mapred.LocalJobRunner: reduce > reduce
26/03/02 03:33:03 INFO mapred.Task: Task 'attempt_local1527363282_0011_r_000000_0' done.
26/03/02 03:33:03 INFO mapred.Task: Final Counters for attempt_local1527363282_0011_r_000000_0: Counters: 29
	File System Counters
		FILE: Number of bytes read=1610888
		FILE: Number of bytes written=4857429
		FILE: Number of read operations=0
		FILE: Number of large read operations=0
		FILE: Number of write operations=0
		HDFS: Number of bytes read=8107446
		HDFS: Number of bytes written=14940
		HDFS: Number of read operations=584
		HDFS: Number of large read operations=0
		HDFS: Number of write operations=188
	Map-Reduce Framework
		Combine input records=0
		Combine output records=0
		Reduce input groups=2
		Reduce shuffle bytes=114
		Reduce input records=2
		Reduce output records=2
		Spilled Records=2
		Shuffled Maps =1
		Failed Shuffles=0
		Merged Map outputs=1
		GC time elapsed (ms)=0
		Total committed heap usage (bytes)=525860864
	Shuffle Errors
		BAD_ID=0
		CONNECTION=0
		IO_ERROR=0
		WRONG_LENGTH=0
		WRONG_MAP=0
		WRONG_REDUCE=0
	File Output Format Counters 
		Bytes Written=202
26/03/02 03:33:03 INFO mapred.LocalJobRunner: Finishing task: attempt_local1527363282_0011_r_000000_0
26/03/02 03:33:03 INFO mapred.LocalJobRunner: Starting task: attempt_local1527363282_0011_r_000001_0
26/03/02 03:33:03 INFO output.FileOutputCommitter: File Output Committer Algorithm version is 1
26/03/02 03:33:03 INFO mapred.Task:  Using ResourceCalculatorProcessTree : [ ]
26/03/02 03:33:03 INFO mapred.ReduceTask: Using ShuffleConsumerPlugin: org.apache.hadoop.mapreduce.task.reduce.Shuffle@4764f117
26/03/02 03:33:03 INFO reduce.MergeManagerImpl: MergerManager: memoryLimit=368102592, maxSingleShuffleLimit=92025648, mergeThreshold=242947728, ioSortFactor=10, memToMemMergeOutputsThreshold=10
26/03/02 03:33:03 INFO reduce.EventFetcher: attempt_local1527363282_0011_r_000001_0 Thread started: EventFetcher for fetching Map Completion Events
26/03/02 03:33:03 INFO reduce.LocalFetcher: localfetcher#42 about to shuffle output of map attempt_local1527363282_0011_m_000000_0 decomp: 110 len: 114 to MEMORY
26/03/02 03:33:03 INFO reduce.InMemoryMapOutput: Read 110 bytes from map-output for attempt_local1527363282_0011_m_000000_0
26/03/02 03:33:03 INFO reduce.MergeManagerImpl: closeInMemoryFile -> map-output of size: 110, inMemoryMapOutputs.size() -> 1, commitMemory -> 0, usedMemory ->110
26/03/02 03:33:03 WARN io.ReadaheadPool: Failed readahead on ifile
EBADF: Bad file descriptor
	at org.apache.hadoop.io.nativeio.NativeIO$POSIX.posix_fadvise(Native Method)
	at org.apache.hadoop.io.nativeio.NativeIO$POSIX.posixFadviseIfPossible(NativeIO.java:267)
	at org.apache.hadoop.io.nativeio.NativeIO$POSIX$CacheManipulator.posixFadviseIfPossible(NativeIO.java:146)
	at org.apache.hadoop.io.ReadaheadPool$ReadaheadRequestImpl.run(ReadaheadPool.java:206)
	at java.util.concurrent.ThreadPoolExecutor.runWorker(ThreadPoolExecutor.java:1149)
	at java.util.concurrent.ThreadPoolExecutor$Worker.run(ThreadPoolExecutor.java:624)
	at java.lang.Thread.run(Thread.java:748)
26/03/02 03:33:03 INFO reduce.EventFetcher: EventFetcher is interrupted.. Returning
26/03/02 03:33:03 INFO mapred.LocalJobRunner: 1 / 1 copied.
26/03/02 03:33:03 INFO reduce.MergeManagerImpl: finalMerge called with 1 in-memory map-outputs and 0 on-disk map-outputs
26/03/02 03:33:03 INFO mapred.Merger: Merging 1 sorted segments
26/03/02 03:33:03 INFO mapred.Merger: Down to the last merge-pass, with 1 segments left of total size: 104 bytes
26/03/02 03:33:03 INFO reduce.MergeManagerImpl: Merged 1 segments, 110 bytes to disk to satisfy reduce memory limit
26/03/02 03:33:03 INFO reduce.MergeManagerImpl: Merging 1 files, 114 bytes from disk
26/03/02 03:33:03 INFO reduce.MergeManagerImpl: Merging 0 segments, 0 bytes from memory into reduce
26/03/02 03:33:03 INFO mapred.Merger: Merging 1 sorted segments
26/03/02 03:33:03 INFO mapred.Merger: Down to the last merge-pass, with 1 segments left of total size: 104 bytes
26/03/02 03:33:03 INFO mapred.LocalJobRunner: 1 / 1 copied.
26/03/02 03:33:03 INFO mapred.Task: Task:attempt_local1527363282_0011_r_000001_0 is done. And is in the process of committing
26/03/02 03:33:03 INFO mapred.LocalJobRunner: 1 / 1 copied.
26/03/02 03:33:03 INFO mapred.Task: Task attempt_local1527363282_0011_r_000001_0 is allowed to commit now
26/03/02 03:33:03 INFO output.FileOutputCommitter: Saved output of task 'attempt_local1527363282_0011_r_000001_0' to hdfs://localhost:9000/project2/task2/runs_report_plus/k8_r30_opt/iter_11/_temporary/0/task_local1527363282_0011_r_000001
26/03/02 03:33:03 INFO mapred.LocalJobRunner: reduce > reduce
26/03/02 03:33:03 INFO mapred.Task: Task 'attempt_local1527363282_0011_r_000001_0' done.
26/03/02 03:33:03 INFO mapred.Task: Final Counters for attempt_local1527363282_0011_r_000001_0: Counters: 29
	File System Counters
		FILE: Number of bytes read=1611448
		FILE: Number of bytes written=4857543
		FILE: Number of read operations=0
		FILE: Number of large read operations=0
		FILE: Number of write operations=0
		HDFS: Number of bytes read=8107446
		HDFS: Number of bytes written=15141
		HDFS: Number of read operations=587
		HDFS: Number of large read operations=0
		HDFS: Number of write operations=190
	Map-Reduce Framework
		Combine input records=0
		Combine output records=0
		Reduce input groups=2
		Reduce shuffle bytes=114
		Reduce input records=2
		Reduce output records=2
		Spilled Records=2
		Shuffled Maps =1
		Failed Shuffles=0
		Merged Map outputs=1
		GC time elapsed (ms)=0
		Total committed heap usage (bytes)=525860864
	Shuffle Errors
		BAD_ID=0
		CONNECTION=0
		IO_ERROR=0
		WRONG_LENGTH=0
		WRONG_MAP=0
		WRONG_REDUCE=0
	File Output Format Counters 
		Bytes Written=201
26/03/02 03:33:03 INFO mapred.LocalJobRunner: Finishing task: attempt_local1527363282_0011_r_000001_0
26/03/02 03:33:03 INFO mapred.LocalJobRunner: Starting task: attempt_local1527363282_0011_r_000002_0
26/03/02 03:33:03 INFO output.FileOutputCommitter: File Output Committer Algorithm version is 1
26/03/02 03:33:03 INFO mapred.Task:  Using ResourceCalculatorProcessTree : [ ]
26/03/02 03:33:03 INFO mapred.ReduceTask: Using ShuffleConsumerPlugin: org.apache.hadoop.mapreduce.task.reduce.Shuffle@3f80cf01
26/03/02 03:33:03 INFO reduce.MergeManagerImpl: MergerManager: memoryLimit=368102592, maxSingleShuffleLimit=92025648, mergeThreshold=242947728, ioSortFactor=10, memToMemMergeOutputsThreshold=10
26/03/02 03:33:03 INFO reduce.EventFetcher: attempt_local1527363282_0011_r_000002_0 Thread started: EventFetcher for fetching Map Completion Events
26/03/02 03:33:03 INFO reduce.LocalFetcher: localfetcher#43 about to shuffle output of map attempt_local1527363282_0011_m_000000_0 decomp: 110 len: 114 to MEMORY
26/03/02 03:33:03 INFO reduce.InMemoryMapOutput: Read 110 bytes from map-output for attempt_local1527363282_0011_m_000000_0
26/03/02 03:33:03 INFO reduce.MergeManagerImpl: closeInMemoryFile -> map-output of size: 110, inMemoryMapOutputs.size() -> 1, commitMemory -> 0, usedMemory ->110
26/03/02 03:33:03 INFO reduce.EventFetcher: EventFetcher is interrupted.. Returning
26/03/02 03:33:03 INFO mapred.LocalJobRunner: 1 / 1 copied.
26/03/02 03:33:03 INFO reduce.MergeManagerImpl: finalMerge called with 1 in-memory map-outputs and 0 on-disk map-outputs
26/03/02 03:33:03 INFO mapred.Merger: Merging 1 sorted segments
26/03/02 03:33:03 INFO mapred.Merger: Down to the last merge-pass, with 1 segments left of total size: 104 bytes
26/03/02 03:33:03 INFO reduce.MergeManagerImpl: Merged 1 segments, 110 bytes to disk to satisfy reduce memory limit
26/03/02 03:33:03 INFO reduce.MergeManagerImpl: Merging 1 files, 114 bytes from disk
26/03/02 03:33:03 INFO reduce.MergeManagerImpl: Merging 0 segments, 0 bytes from memory into reduce
26/03/02 03:33:03 INFO mapred.Merger: Merging 1 sorted segments
26/03/02 03:33:03 INFO mapred.Merger: Down to the last merge-pass, with 1 segments left of total size: 104 bytes
26/03/02 03:33:03 INFO mapred.LocalJobRunner: 1 / 1 copied.
26/03/02 03:33:03 INFO mapred.Task: Task:attempt_local1527363282_0011_r_000002_0 is done. And is in the process of committing
26/03/02 03:33:03 INFO mapred.LocalJobRunner: 1 / 1 copied.
26/03/02 03:33:03 INFO mapred.Task: Task attempt_local1527363282_0011_r_000002_0 is allowed to commit now
26/03/02 03:33:03 INFO output.FileOutputCommitter: Saved output of task 'attempt_local1527363282_0011_r_000002_0' to hdfs://localhost:9000/project2/task2/runs_report_plus/k8_r30_opt/iter_11/_temporary/0/task_local1527363282_0011_r_000002
26/03/02 03:33:03 INFO mapred.LocalJobRunner: reduce > reduce
26/03/02 03:33:03 INFO mapred.Task: Task 'attempt_local1527363282_0011_r_000002_0' done.
26/03/02 03:33:03 INFO mapred.Task: Final Counters for attempt_local1527363282_0011_r_000002_0: Counters: 29
	File System Counters
		FILE: Number of bytes read=1611894
		FILE: Number of bytes written=4857657
		FILE: Number of read operations=0
		FILE: Number of large read operations=0
		FILE: Number of write operations=0
		HDFS: Number of bytes read=8107446
		HDFS: Number of bytes written=15344
		HDFS: Number of read operations=590
		HDFS: Number of large read operations=0
		HDFS: Number of write operations=192
	Map-Reduce Framework
		Combine input records=0
		Combine output records=0
		Reduce input groups=2
		Reduce shuffle bytes=114
		Reduce input records=2
		Reduce output records=2
		Spilled Records=2
		Shuffled Maps =1
		Failed Shuffles=0
		Merged Map outputs=1
		GC time elapsed (ms)=0
		Total committed heap usage (bytes)=525860864
	Shuffle Errors
		BAD_ID=0
		CONNECTION=0
		IO_ERROR=0
		WRONG_LENGTH=0
		WRONG_MAP=0
		WRONG_REDUCE=0
	File Output Format Counters 
		Bytes Written=203
26/03/02 03:33:03 INFO mapred.LocalJobRunner: Finishing task: attempt_local1527363282_0011_r_000002_0
26/03/02 03:33:03 INFO mapred.LocalJobRunner: Starting task: attempt_local1527363282_0011_r_000003_0
26/03/02 03:33:03 INFO output.FileOutputCommitter: File Output Committer Algorithm version is 1
26/03/02 03:33:03 INFO mapred.Task:  Using ResourceCalculatorProcessTree : [ ]
26/03/02 03:33:03 INFO mapred.ReduceTask: Using ShuffleConsumerPlugin: org.apache.hadoop.mapreduce.task.reduce.Shuffle@4478a814
26/03/02 03:33:03 INFO reduce.MergeManagerImpl: MergerManager: memoryLimit=368102592, maxSingleShuffleLimit=92025648, mergeThreshold=242947728, ioSortFactor=10, memToMemMergeOutputsThreshold=10
26/03/02 03:33:03 INFO reduce.EventFetcher: attempt_local1527363282_0011_r_000003_0 Thread started: EventFetcher for fetching Map Completion Events
26/03/02 03:33:03 INFO reduce.LocalFetcher: localfetcher#44 about to shuffle output of map attempt_local1527363282_0011_m_000000_0 decomp: 110 len: 114 to MEMORY
26/03/02 03:33:03 INFO reduce.InMemoryMapOutput: Read 110 bytes from map-output for attempt_local1527363282_0011_m_000000_0
26/03/02 03:33:03 INFO reduce.MergeManagerImpl: closeInMemoryFile -> map-output of size: 110, inMemoryMapOutputs.size() -> 1, commitMemory -> 0, usedMemory ->110
26/03/02 03:33:03 INFO reduce.EventFetcher: EventFetcher is interrupted.. Returning
26/03/02 03:33:03 INFO mapred.LocalJobRunner: 1 / 1 copied.
26/03/02 03:33:03 INFO reduce.MergeManagerImpl: finalMerge called with 1 in-memory map-outputs and 0 on-disk map-outputs
26/03/02 03:33:03 INFO mapred.Merger: Merging 1 sorted segments
26/03/02 03:33:03 INFO mapred.Merger: Down to the last merge-pass, with 1 segments left of total size: 104 bytes
26/03/02 03:33:03 INFO reduce.MergeManagerImpl: Merged 1 segments, 110 bytes to disk to satisfy reduce memory limit
26/03/02 03:33:03 INFO reduce.MergeManagerImpl: Merging 1 files, 114 bytes from disk
26/03/02 03:33:03 INFO reduce.MergeManagerImpl: Merging 0 segments, 0 bytes from memory into reduce
26/03/02 03:33:03 INFO mapred.Merger: Merging 1 sorted segments
26/03/02 03:33:03 INFO mapred.Merger: Down to the last merge-pass, with 1 segments left of total size: 104 bytes
26/03/02 03:33:03 INFO mapred.LocalJobRunner: 1 / 1 copied.
26/03/02 03:33:03 INFO mapred.Task: Task:attempt_local1527363282_0011_r_000003_0 is done. And is in the process of committing
26/03/02 03:33:03 INFO mapred.LocalJobRunner: 1 / 1 copied.
26/03/02 03:33:03 INFO mapred.Task: Task attempt_local1527363282_0011_r_000003_0 is allowed to commit now
26/03/02 03:33:03 INFO output.FileOutputCommitter: Saved output of task 'attempt_local1527363282_0011_r_000003_0' to hdfs://localhost:9000/project2/task2/runs_report_plus/k8_r30_opt/iter_11/_temporary/0/task_local1527363282_0011_r_000003
26/03/02 03:33:03 INFO mapred.LocalJobRunner: reduce > reduce
26/03/02 03:33:03 INFO mapred.Task: Task 'attempt_local1527363282_0011_r_000003_0' done.
26/03/02 03:33:03 INFO mapred.Task: Final Counters for attempt_local1527363282_0011_r_000003_0: Counters: 29
	File System Counters
		FILE: Number of bytes read=1612226
		FILE: Number of bytes written=4857771
		FILE: Number of read operations=0
		FILE: Number of large read operations=0
		FILE: Number of write operations=0
		HDFS: Number of bytes read=8107446
		HDFS: Number of bytes written=15551
		HDFS: Number of read operations=593
		HDFS: Number of large read operations=0
		HDFS: Number of write operations=194
	Map-Reduce Framework
		Combine input records=0
		Combine output records=0
		Reduce input groups=2
		Reduce shuffle bytes=114
		Reduce input records=2
		Reduce output records=2
		Spilled Records=2
		Shuffled Maps =1
		Failed Shuffles=0
		Merged Map outputs=1
		GC time elapsed (ms)=0
		Total committed heap usage (bytes)=525860864
	Shuffle Errors
		BAD_ID=0
		CONNECTION=0
		IO_ERROR=0
		WRONG_LENGTH=0
		WRONG_MAP=0
		WRONG_REDUCE=0
	File Output Format Counters 
		Bytes Written=207
26/03/02 03:33:03 INFO mapred.LocalJobRunner: Finishing task: attempt_local1527363282_0011_r_000003_0
26/03/02 03:33:03 INFO mapred.LocalJobRunner: reduce task executor complete.
26/03/02 03:33:04 INFO mapreduce.Job: Job job_local1527363282_0011 running in uber mode : false
26/03/02 03:33:04 INFO mapreduce.Job:  map 100% reduce 100%
26/03/02 03:33:04 INFO mapreduce.Job: Job job_local1527363282_0011 completed successfully
26/03/02 03:33:04 INFO mapreduce.Job: Counters: 35
	File System Counters
		FILE: Number of bytes read=8056670
		FILE: Number of bytes written=24287715
		FILE: Number of read operations=0
		FILE: Number of large read operations=0
		FILE: Number of write operations=0
		HDFS: Number of bytes read=40537230
		HDFS: Number of bytes written=75714
		HDFS: Number of read operations=2935
		HDFS: Number of large read operations=0
		HDFS: Number of write operations=950
	Map-Reduce Framework
		Map input records=10000
		Map output records=10000
		Map output bytes=520000
		Map output materialized bytes=456
		Input split bytes=121
		Combine input records=10000
		Combine output records=8
		Reduce input groups=8
		Reduce shuffle bytes=456
		Reduce input records=8
		Reduce output records=8
		Spilled Records=16
		Shuffled Maps =4
		Failed Shuffles=0
		Merged Map outputs=4
		GC time elapsed (ms)=2
		Total committed heap usage (bytes)=2629304320
	Shuffle Errors
		BAD_ID=0
		CONNECTION=0
		IO_ERROR=0
		WRONG_LENGTH=0
		WRONG_MAP=0
		WRONG_REDUCE=0
	File Input Format Counters 
		Bytes Read=733758
	File Output Format Counters 
		Bytes Written=813
26/03/02 03:33:04 INFO jvm.JvmMetrics: Cannot initialize JVM Metrics with processName=JobTracker, sessionId= - already initialized
26/03/02 03:33:04 WARN mapreduce.JobResourceUploader: Hadoop command-line option parsing not performed. Implement the Tool interface and execute your application with ToolRunner to remedy this.
26/03/02 03:33:04 INFO input.FileInputFormat: Total input paths to process : 1
26/03/02 03:33:04 INFO mapreduce.JobSubmitter: number of splits:1
26/03/02 03:33:04 INFO mapreduce.JobSubmitter: Submitting tokens for job: job_local1557421650_0012
26/03/02 03:33:04 INFO mapred.LocalDistributedCacheManager: Creating symlink: /tmp/hadoop-ds503/mapred/local/1772422384491/centers_iter_11.csv <- /home/ds503/centers_iter_11.csv
26/03/02 03:33:04 INFO mapred.LocalDistributedCacheManager: Localized hdfs://localhost:9000/project2/task2/runs_report_plus/k8_r30_opt/centers_iter_11.csv as file:/tmp/hadoop-ds503/mapred/local/1772422384491/centers_iter_11.csv
26/03/02 03:33:04 INFO mapreduce.Job: The url to track the job: http://localhost:8080/
26/03/02 03:33:04 INFO mapreduce.Job: Running job: job_local1557421650_0012
26/03/02 03:33:04 INFO mapred.LocalJobRunner: OutputCommitter set in config null
26/03/02 03:33:04 INFO output.FileOutputCommitter: File Output Committer Algorithm version is 1
26/03/02 03:33:04 INFO mapred.LocalJobRunner: OutputCommitter is org.apache.hadoop.mapreduce.lib.output.FileOutputCommitter
26/03/02 03:33:04 INFO mapred.LocalJobRunner: Waiting for map tasks
26/03/02 03:33:04 INFO mapred.LocalJobRunner: Starting task: attempt_local1557421650_0012_m_000000_0
26/03/02 03:33:04 INFO output.FileOutputCommitter: File Output Committer Algorithm version is 1
26/03/02 03:33:04 INFO mapred.Task:  Using ResourceCalculatorProcessTree : [ ]
26/03/02 03:33:04 INFO mapred.MapTask: Processing split: hdfs://localhost:9000/project2/task2/input/points_4d.csv:0+733758
26/03/02 03:33:04 INFO mapred.MapTask: (EQUATOR) 0 kvi 26214396(104857584)
26/03/02 03:33:04 INFO mapred.MapTask: mapreduce.task.io.sort.mb: 100
26/03/02 03:33:04 INFO mapred.MapTask: soft limit at 83886080
26/03/02 03:33:04 INFO mapred.MapTask: bufstart = 0; bufvoid = 104857600
26/03/02 03:33:04 INFO mapred.MapTask: kvstart = 26214396; length = 6553600
26/03/02 03:33:04 INFO mapred.MapTask: Map output collector class = org.apache.hadoop.mapred.MapTask$MapOutputBuffer
26/03/02 03:33:04 INFO mapred.LocalJobRunner: 
26/03/02 03:33:04 INFO mapred.MapTask: Starting flush of map output
26/03/02 03:33:04 INFO mapred.MapTask: Spilling map output
26/03/02 03:33:04 INFO mapred.MapTask: bufstart = 0; bufend = 520000; bufvoid = 104857600
26/03/02 03:33:04 INFO mapred.MapTask: kvstart = 26214396(104857584); kvend = 26174400(104697600); length = 39997/6553600
26/03/02 03:33:04 INFO mapred.MapTask: Finished spill 0
26/03/02 03:33:04 INFO mapred.Task: Task:attempt_local1557421650_0012_m_000000_0 is done. And is in the process of committing
26/03/02 03:33:04 INFO mapred.LocalJobRunner: map
26/03/02 03:33:04 INFO mapred.Task: Task 'attempt_local1557421650_0012_m_000000_0' done.
26/03/02 03:33:04 INFO mapred.Task: Final Counters for attempt_local1557421650_0012_m_000000_0: Counters: 23
	File System Counters
		FILE: Number of bytes read=1756780
		FILE: Number of bytes written=5300235
		FILE: Number of read operations=0
		FILE: Number of large read operations=0
		FILE: Number of write operations=0
		HDFS: Number of bytes read=8844644
		HDFS: Number of bytes written=16155
		HDFS: Number of read operations=637
		HDFS: Number of large read operations=0
		HDFS: Number of write operations=204
	Map-Reduce Framework
		Map input records=10000
		Map output records=10000
		Map output bytes=520000
		Map output materialized bytes=456
		Input split bytes=121
		Combine input records=10000
		Combine output records=8
		Spilled Records=8
		Failed Shuffles=0
		Merged Map outputs=0
		GC time elapsed (ms)=0
		Total committed heap usage (bytes)=525860864
	File Input Format Counters 
		Bytes Read=733758
26/03/02 03:33:04 INFO mapred.LocalJobRunner: Finishing task: attempt_local1557421650_0012_m_000000_0
26/03/02 03:33:04 INFO mapred.LocalJobRunner: map task executor complete.
26/03/02 03:33:04 INFO mapred.LocalJobRunner: Waiting for reduce tasks
26/03/02 03:33:04 INFO mapred.LocalJobRunner: Starting task: attempt_local1557421650_0012_r_000000_0
26/03/02 03:33:04 INFO output.FileOutputCommitter: File Output Committer Algorithm version is 1
26/03/02 03:33:04 INFO mapred.Task:  Using ResourceCalculatorProcessTree : [ ]
26/03/02 03:33:04 INFO mapred.ReduceTask: Using ShuffleConsumerPlugin: org.apache.hadoop.mapreduce.task.reduce.Shuffle@dff559a
26/03/02 03:33:04 INFO reduce.MergeManagerImpl: MergerManager: memoryLimit=368102592, maxSingleShuffleLimit=92025648, mergeThreshold=242947728, ioSortFactor=10, memToMemMergeOutputsThreshold=10
26/03/02 03:33:04 INFO reduce.EventFetcher: attempt_local1557421650_0012_r_000000_0 Thread started: EventFetcher for fetching Map Completion Events
26/03/02 03:33:04 INFO reduce.LocalFetcher: localfetcher#45 about to shuffle output of map attempt_local1557421650_0012_m_000000_0 decomp: 110 len: 114 to MEMORY
26/03/02 03:33:04 INFO reduce.InMemoryMapOutput: Read 110 bytes from map-output for attempt_local1557421650_0012_m_000000_0
26/03/02 03:33:04 INFO reduce.MergeManagerImpl: closeInMemoryFile -> map-output of size: 110, inMemoryMapOutputs.size() -> 1, commitMemory -> 0, usedMemory ->110
26/03/02 03:33:04 INFO reduce.EventFetcher: EventFetcher is interrupted.. Returning
26/03/02 03:33:04 INFO mapred.LocalJobRunner: 1 / 1 copied.
26/03/02 03:33:04 INFO reduce.MergeManagerImpl: finalMerge called with 1 in-memory map-outputs and 0 on-disk map-outputs
26/03/02 03:33:04 INFO mapred.Merger: Merging 1 sorted segments
26/03/02 03:33:04 INFO mapred.Merger: Down to the last merge-pass, with 1 segments left of total size: 104 bytes
26/03/02 03:33:04 INFO reduce.MergeManagerImpl: Merged 1 segments, 110 bytes to disk to satisfy reduce memory limit
26/03/02 03:33:04 INFO reduce.MergeManagerImpl: Merging 1 files, 114 bytes from disk
26/03/02 03:33:04 INFO reduce.MergeManagerImpl: Merging 0 segments, 0 bytes from memory into reduce
26/03/02 03:33:04 INFO mapred.Merger: Merging 1 sorted segments
26/03/02 03:33:04 INFO mapred.Merger: Down to the last merge-pass, with 1 segments left of total size: 104 bytes
26/03/02 03:33:04 INFO mapred.LocalJobRunner: 1 / 1 copied.
26/03/02 03:33:04 INFO mapred.Task: Task:attempt_local1557421650_0012_r_000000_0 is done. And is in the process of committing
26/03/02 03:33:04 INFO mapred.LocalJobRunner: 1 / 1 copied.
26/03/02 03:33:04 INFO mapred.Task: Task attempt_local1557421650_0012_r_000000_0 is allowed to commit now
26/03/02 03:33:04 INFO output.FileOutputCommitter: Saved output of task 'attempt_local1557421650_0012_r_000000_0' to hdfs://localhost:9000/project2/task2/runs_report_plus/k8_r30_opt/iter_12/_temporary/0/task_local1557421650_0012_r_000000
26/03/02 03:33:04 INFO mapred.LocalJobRunner: reduce > reduce
26/03/02 03:33:04 INFO mapred.Task: Task 'attempt_local1557421650_0012_r_000000_0' done.
26/03/02 03:33:04 INFO mapred.Task: Final Counters for attempt_local1557421650_0012_r_000000_0: Counters: 29
	File System Counters
		FILE: Number of bytes read=1757454
		FILE: Number of bytes written=5300349
		FILE: Number of read operations=0
		FILE: Number of large read operations=0
		FILE: Number of write operations=0
		HDFS: Number of bytes read=8844644
		HDFS: Number of bytes written=16356
		HDFS: Number of read operations=640
		HDFS: Number of large read operations=0
		HDFS: Number of write operations=206
	Map-Reduce Framework
		Combine input records=0
		Combine output records=0
		Reduce input groups=2
		Reduce shuffle bytes=114
		Reduce input records=2
		Reduce output records=2
		Spilled Records=2
		Shuffled Maps =1
		Failed Shuffles=0
		Merged Map outputs=1
		GC time elapsed (ms)=2
		Total committed heap usage (bytes)=525860864
	Shuffle Errors
		BAD_ID=0
		CONNECTION=0
		IO_ERROR=0
		WRONG_LENGTH=0
		WRONG_MAP=0
		WRONG_REDUCE=0
	File Output Format Counters 
		Bytes Written=201
26/03/02 03:33:04 INFO mapred.LocalJobRunner: Finishing task: attempt_local1557421650_0012_r_000000_0
26/03/02 03:33:04 INFO mapred.LocalJobRunner: Starting task: attempt_local1557421650_0012_r_000001_0
26/03/02 03:33:04 INFO output.FileOutputCommitter: File Output Committer Algorithm version is 1
26/03/02 03:33:04 INFO mapred.Task:  Using ResourceCalculatorProcessTree : [ ]
26/03/02 03:33:04 INFO mapred.ReduceTask: Using ShuffleConsumerPlugin: org.apache.hadoop.mapreduce.task.reduce.Shuffle@35216e31
26/03/02 03:33:04 INFO reduce.MergeManagerImpl: MergerManager: memoryLimit=368102592, maxSingleShuffleLimit=92025648, mergeThreshold=242947728, ioSortFactor=10, memToMemMergeOutputsThreshold=10
26/03/02 03:33:04 INFO reduce.EventFetcher: attempt_local1557421650_0012_r_000001_0 Thread started: EventFetcher for fetching Map Completion Events
26/03/02 03:33:04 INFO reduce.LocalFetcher: localfetcher#46 about to shuffle output of map attempt_local1557421650_0012_m_000000_0 decomp: 110 len: 114 to MEMORY
26/03/02 03:33:04 INFO reduce.InMemoryMapOutput: Read 110 bytes from map-output for attempt_local1557421650_0012_m_000000_0
26/03/02 03:33:04 INFO reduce.MergeManagerImpl: closeInMemoryFile -> map-output of size: 110, inMemoryMapOutputs.size() -> 1, commitMemory -> 0, usedMemory ->110
26/03/02 03:33:04 WARN io.ReadaheadPool: Failed readahead on ifile
EBADF: Bad file descriptor
	at org.apache.hadoop.io.nativeio.NativeIO$POSIX.posix_fadvise(Native Method)
	at org.apache.hadoop.io.nativeio.NativeIO$POSIX.posixFadviseIfPossible(NativeIO.java:267)
	at org.apache.hadoop.io.nativeio.NativeIO$POSIX$CacheManipulator.posixFadviseIfPossible(NativeIO.java:146)
	at org.apache.hadoop.io.ReadaheadPool$ReadaheadRequestImpl.run(ReadaheadPool.java:206)
	at java.util.concurrent.ThreadPoolExecutor.runWorker(ThreadPoolExecutor.java:1149)
	at java.util.concurrent.ThreadPoolExecutor$Worker.run(ThreadPoolExecutor.java:624)
	at java.lang.Thread.run(Thread.java:748)
26/03/02 03:33:04 INFO reduce.EventFetcher: EventFetcher is interrupted.. Returning
26/03/02 03:33:04 INFO mapred.LocalJobRunner: 1 / 1 copied.
26/03/02 03:33:04 INFO reduce.MergeManagerImpl: finalMerge called with 1 in-memory map-outputs and 0 on-disk map-outputs
26/03/02 03:33:04 INFO mapred.Merger: Merging 1 sorted segments
26/03/02 03:33:04 INFO mapred.Merger: Down to the last merge-pass, with 1 segments left of total size: 104 bytes
26/03/02 03:33:04 INFO reduce.MergeManagerImpl: Merged 1 segments, 110 bytes to disk to satisfy reduce memory limit
26/03/02 03:33:04 INFO reduce.MergeManagerImpl: Merging 1 files, 114 bytes from disk
26/03/02 03:33:04 INFO reduce.MergeManagerImpl: Merging 0 segments, 0 bytes from memory into reduce
26/03/02 03:33:04 INFO mapred.Merger: Merging 1 sorted segments
26/03/02 03:33:04 INFO mapred.Merger: Down to the last merge-pass, with 1 segments left of total size: 104 bytes
26/03/02 03:33:04 INFO mapred.LocalJobRunner: 1 / 1 copied.
26/03/02 03:33:04 INFO mapred.Task: Task:attempt_local1557421650_0012_r_000001_0 is done. And is in the process of committing
26/03/02 03:33:04 INFO mapred.LocalJobRunner: 1 / 1 copied.
26/03/02 03:33:04 INFO mapred.Task: Task attempt_local1557421650_0012_r_000001_0 is allowed to commit now
26/03/02 03:33:04 INFO output.FileOutputCommitter: Saved output of task 'attempt_local1557421650_0012_r_000001_0' to hdfs://localhost:9000/project2/task2/runs_report_plus/k8_r30_opt/iter_12/_temporary/0/task_local1557421650_0012_r_000001
26/03/02 03:33:04 INFO mapred.LocalJobRunner: reduce > reduce
26/03/02 03:33:04 INFO mapred.Task: Task 'attempt_local1557421650_0012_r_000001_0' done.
26/03/02 03:33:04 INFO mapred.Task: Final Counters for attempt_local1557421650_0012_r_000001_0: Counters: 29
	File System Counters
		FILE: Number of bytes read=1758014
		FILE: Number of bytes written=5300463
		FILE: Number of read operations=0
		FILE: Number of large read operations=0
		FILE: Number of write operations=0
		HDFS: Number of bytes read=8844644
		HDFS: Number of bytes written=16556
		HDFS: Number of read operations=643
		HDFS: Number of large read operations=0
		HDFS: Number of write operations=208
	Map-Reduce Framework
		Combine input records=0
		Combine output records=0
		Reduce input groups=2
		Reduce shuffle bytes=114
		Reduce input records=2
		Reduce output records=2
		Spilled Records=2
		Shuffled Maps =1
		Failed Shuffles=0
		Merged Map outputs=1
		GC time elapsed (ms)=0
		Total committed heap usage (bytes)=525860864
	Shuffle Errors
		BAD_ID=0
		CONNECTION=0
		IO_ERROR=0
		WRONG_LENGTH=0
		WRONG_MAP=0
		WRONG_REDUCE=0
	File Output Format Counters 
		Bytes Written=200
26/03/02 03:33:04 INFO mapred.LocalJobRunner: Finishing task: attempt_local1557421650_0012_r_000001_0
26/03/02 03:33:04 INFO mapred.LocalJobRunner: Starting task: attempt_local1557421650_0012_r_000002_0
26/03/02 03:33:04 INFO output.FileOutputCommitter: File Output Committer Algorithm version is 1
26/03/02 03:33:04 INFO mapred.Task:  Using ResourceCalculatorProcessTree : [ ]
26/03/02 03:33:04 INFO mapred.ReduceTask: Using ShuffleConsumerPlugin: org.apache.hadoop.mapreduce.task.reduce.Shuffle@4dc31037
26/03/02 03:33:04 INFO reduce.MergeManagerImpl: MergerManager: memoryLimit=368102592, maxSingleShuffleLimit=92025648, mergeThreshold=242947728, ioSortFactor=10, memToMemMergeOutputsThreshold=10
26/03/02 03:33:04 INFO reduce.EventFetcher: attempt_local1557421650_0012_r_000002_0 Thread started: EventFetcher for fetching Map Completion Events
26/03/02 03:33:04 INFO reduce.LocalFetcher: localfetcher#47 about to shuffle output of map attempt_local1557421650_0012_m_000000_0 decomp: 110 len: 114 to MEMORY
26/03/02 03:33:04 INFO reduce.InMemoryMapOutput: Read 110 bytes from map-output for attempt_local1557421650_0012_m_000000_0
26/03/02 03:33:04 INFO reduce.MergeManagerImpl: closeInMemoryFile -> map-output of size: 110, inMemoryMapOutputs.size() -> 1, commitMemory -> 0, usedMemory ->110
26/03/02 03:33:04 INFO reduce.EventFetcher: EventFetcher is interrupted.. Returning
26/03/02 03:33:04 INFO mapred.LocalJobRunner: 1 / 1 copied.
26/03/02 03:33:04 INFO reduce.MergeManagerImpl: finalMerge called with 1 in-memory map-outputs and 0 on-disk map-outputs
26/03/02 03:33:04 INFO mapred.Merger: Merging 1 sorted segments
26/03/02 03:33:04 INFO mapred.Merger: Down to the last merge-pass, with 1 segments left of total size: 104 bytes
26/03/02 03:33:04 INFO reduce.MergeManagerImpl: Merged 1 segments, 110 bytes to disk to satisfy reduce memory limit
26/03/02 03:33:04 INFO reduce.MergeManagerImpl: Merging 1 files, 114 bytes from disk
26/03/02 03:33:04 INFO reduce.MergeManagerImpl: Merging 0 segments, 0 bytes from memory into reduce
26/03/02 03:33:04 INFO mapred.Merger: Merging 1 sorted segments
26/03/02 03:33:04 INFO mapred.Merger: Down to the last merge-pass, with 1 segments left of total size: 104 bytes
26/03/02 03:33:04 INFO mapred.LocalJobRunner: 1 / 1 copied.
26/03/02 03:33:04 INFO mapred.Task: Task:attempt_local1557421650_0012_r_000002_0 is done. And is in the process of committing
26/03/02 03:33:04 INFO mapred.LocalJobRunner: 1 / 1 copied.
26/03/02 03:33:04 INFO mapred.Task: Task attempt_local1557421650_0012_r_000002_0 is allowed to commit now
26/03/02 03:33:04 INFO output.FileOutputCommitter: Saved output of task 'attempt_local1557421650_0012_r_000002_0' to hdfs://localhost:9000/project2/task2/runs_report_plus/k8_r30_opt/iter_12/_temporary/0/task_local1557421650_0012_r_000002
26/03/02 03:33:04 INFO mapred.LocalJobRunner: reduce > reduce
26/03/02 03:33:04 INFO mapred.Task: Task 'attempt_local1557421650_0012_r_000002_0' done.
26/03/02 03:33:04 INFO mapred.Task: Final Counters for attempt_local1557421650_0012_r_000002_0: Counters: 29
	File System Counters
		FILE: Number of bytes read=1758460
		FILE: Number of bytes written=5300577
		FILE: Number of read operations=0
		FILE: Number of large read operations=0
		FILE: Number of write operations=0
		HDFS: Number of bytes read=8844644
		HDFS: Number of bytes written=16761
		HDFS: Number of read operations=646
		HDFS: Number of large read operations=0
		HDFS: Number of write operations=210
	Map-Reduce Framework
		Combine input records=0
		Combine output records=0
		Reduce input groups=2
		Reduce shuffle bytes=114
		Reduce input records=2
		Reduce output records=2
		Spilled Records=2
		Shuffled Maps =1
		Failed Shuffles=0
		Merged Map outputs=1
		GC time elapsed (ms)=0
		Total committed heap usage (bytes)=525860864
	Shuffle Errors
		BAD_ID=0
		CONNECTION=0
		IO_ERROR=0
		WRONG_LENGTH=0
		WRONG_MAP=0
		WRONG_REDUCE=0
	File Output Format Counters 
		Bytes Written=205
26/03/02 03:33:04 INFO mapred.LocalJobRunner: Finishing task: attempt_local1557421650_0012_r_000002_0
26/03/02 03:33:04 INFO mapred.LocalJobRunner: Starting task: attempt_local1557421650_0012_r_000003_0
26/03/02 03:33:04 INFO output.FileOutputCommitter: File Output Committer Algorithm version is 1
26/03/02 03:33:04 INFO mapred.Task:  Using ResourceCalculatorProcessTree : [ ]
26/03/02 03:33:04 INFO mapred.ReduceTask: Using ShuffleConsumerPlugin: org.apache.hadoop.mapreduce.task.reduce.Shuffle@1c44edb3
26/03/02 03:33:04 INFO reduce.MergeManagerImpl: MergerManager: memoryLimit=368102592, maxSingleShuffleLimit=92025648, mergeThreshold=242947728, ioSortFactor=10, memToMemMergeOutputsThreshold=10
26/03/02 03:33:04 INFO reduce.EventFetcher: attempt_local1557421650_0012_r_000003_0 Thread started: EventFetcher for fetching Map Completion Events
26/03/02 03:33:04 INFO reduce.LocalFetcher: localfetcher#48 about to shuffle output of map attempt_local1557421650_0012_m_000000_0 decomp: 110 len: 114 to MEMORY
26/03/02 03:33:04 INFO reduce.InMemoryMapOutput: Read 110 bytes from map-output for attempt_local1557421650_0012_m_000000_0
26/03/02 03:33:04 INFO reduce.MergeManagerImpl: closeInMemoryFile -> map-output of size: 110, inMemoryMapOutputs.size() -> 1, commitMemory -> 0, usedMemory ->110
26/03/02 03:33:04 INFO reduce.EventFetcher: EventFetcher is interrupted.. Returning
26/03/02 03:33:04 INFO mapred.LocalJobRunner: 1 / 1 copied.
26/03/02 03:33:04 INFO reduce.MergeManagerImpl: finalMerge called with 1 in-memory map-outputs and 0 on-disk map-outputs
26/03/02 03:33:04 INFO mapred.Merger: Merging 1 sorted segments
26/03/02 03:33:04 INFO mapred.Merger: Down to the last merge-pass, with 1 segments left of total size: 104 bytes
26/03/02 03:33:04 INFO reduce.MergeManagerImpl: Merged 1 segments, 110 bytes to disk to satisfy reduce memory limit
26/03/02 03:33:04 INFO reduce.MergeManagerImpl: Merging 1 files, 114 bytes from disk
26/03/02 03:33:04 INFO reduce.MergeManagerImpl: Merging 0 segments, 0 bytes from memory into reduce
26/03/02 03:33:04 INFO mapred.Merger: Merging 1 sorted segments
26/03/02 03:33:04 INFO mapred.Merger: Down to the last merge-pass, with 1 segments left of total size: 104 bytes
26/03/02 03:33:04 INFO mapred.LocalJobRunner: 1 / 1 copied.
26/03/02 03:33:04 INFO mapred.Task: Task:attempt_local1557421650_0012_r_000003_0 is done. And is in the process of committing
26/03/02 03:33:04 INFO mapred.LocalJobRunner: 1 / 1 copied.
26/03/02 03:33:04 INFO mapred.Task: Task attempt_local1557421650_0012_r_000003_0 is allowed to commit now
26/03/02 03:33:04 INFO output.FileOutputCommitter: Saved output of task 'attempt_local1557421650_0012_r_000003_0' to hdfs://localhost:9000/project2/task2/runs_report_plus/k8_r30_opt/iter_12/_temporary/0/task_local1557421650_0012_r_000003
26/03/02 03:33:04 INFO mapred.LocalJobRunner: reduce > reduce
26/03/02 03:33:04 INFO mapred.Task: Task 'attempt_local1557421650_0012_r_000003_0' done.
26/03/02 03:33:04 INFO mapred.Task: Final Counters for attempt_local1557421650_0012_r_000003_0: Counters: 29
	File System Counters
		FILE: Number of bytes read=1758792
		FILE: Number of bytes written=5300691
		FILE: Number of read operations=0
		FILE: Number of large read operations=0
		FILE: Number of write operations=0
		HDFS: Number of bytes read=8844644
		HDFS: Number of bytes written=16962
		HDFS: Number of read operations=649
		HDFS: Number of large read operations=0
		HDFS: Number of write operations=212
	Map-Reduce Framework
		Combine input records=0
		Combine output records=0
		Reduce input groups=2
		Reduce shuffle bytes=114
		Reduce input records=2
		Reduce output records=2
		Spilled Records=2
		Shuffled Maps =1
		Failed Shuffles=0
		Merged Map outputs=1
		GC time elapsed (ms)=0
		Total committed heap usage (bytes)=525860864
	Shuffle Errors
		BAD_ID=0
		CONNECTION=0
		IO_ERROR=0
		WRONG_LENGTH=0
		WRONG_MAP=0
		WRONG_REDUCE=0
	File Output Format Counters 
		Bytes Written=201
26/03/02 03:33:04 INFO mapred.LocalJobRunner: Finishing task: attempt_local1557421650_0012_r_000003_0
26/03/02 03:33:04 INFO mapred.LocalJobRunner: reduce task executor complete.
26/03/02 03:33:05 INFO mapreduce.Job: Job job_local1557421650_0012 running in uber mode : false
26/03/02 03:33:05 INFO mapreduce.Job:  map 100% reduce 100%
26/03/02 03:33:05 INFO mapreduce.Job: Job job_local1557421650_0012 completed successfully
26/03/02 03:33:05 INFO mapreduce.Job: Counters: 35
	File System Counters
		FILE: Number of bytes read=8789500
		FILE: Number of bytes written=26502315
		FILE: Number of read operations=0
		FILE: Number of large read operations=0
		FILE: Number of write operations=0
		HDFS: Number of bytes read=44223220
		HDFS: Number of bytes written=82790
		HDFS: Number of read operations=3215
		HDFS: Number of large read operations=0
		HDFS: Number of write operations=1040
	Map-Reduce Framework
		Map input records=10000
		Map output records=10000
		Map output bytes=520000
		Map output materialized bytes=456
		Input split bytes=121
		Combine input records=10000
		Combine output records=8
		Reduce input groups=8
		Reduce shuffle bytes=456
		Reduce input records=8
		Reduce output records=8
		Spilled Records=16
		Shuffled Maps =4
		Failed Shuffles=0
		Merged Map outputs=4
		GC time elapsed (ms)=2
		Total committed heap usage (bytes)=2629304320
	Shuffle Errors
		BAD_ID=0
		CONNECTION=0
		IO_ERROR=0
		WRONG_LENGTH=0
		WRONG_MAP=0
		WRONG_REDUCE=0
	File Input Format Counters 
		Bytes Read=733758
	File Output Format Counters 
		Bytes Written=807
26/03/02 03:33:05 INFO jvm.JvmMetrics: Cannot initialize JVM Metrics with processName=JobTracker, sessionId= - already initialized
26/03/02 03:33:05 WARN mapreduce.JobResourceUploader: Hadoop command-line option parsing not performed. Implement the Tool interface and execute your application with ToolRunner to remedy this.
26/03/02 03:33:05 INFO input.FileInputFormat: Total input paths to process : 1
26/03/02 03:33:05 INFO mapreduce.JobSubmitter: number of splits:1
26/03/02 03:33:05 INFO mapreduce.JobSubmitter: Submitting tokens for job: job_local818560289_0013
26/03/02 03:33:05 INFO mapred.LocalDistributedCacheManager: Creating symlink: /tmp/hadoop-ds503/mapred/local/1772422385573/centers_iter_12.csv <- /home/ds503/centers_iter_12.csv
26/03/02 03:33:05 INFO mapred.LocalDistributedCacheManager: Localized hdfs://localhost:9000/project2/task2/runs_report_plus/k8_r30_opt/centers_iter_12.csv as file:/tmp/hadoop-ds503/mapred/local/1772422385573/centers_iter_12.csv
26/03/02 03:33:05 INFO mapreduce.Job: The url to track the job: http://localhost:8080/
26/03/02 03:33:05 INFO mapreduce.Job: Running job: job_local818560289_0013
26/03/02 03:33:05 INFO mapred.LocalJobRunner: OutputCommitter set in config null
26/03/02 03:33:05 INFO output.FileOutputCommitter: File Output Committer Algorithm version is 1
26/03/02 03:33:05 INFO mapred.LocalJobRunner: OutputCommitter is org.apache.hadoop.mapreduce.lib.output.FileOutputCommitter
26/03/02 03:33:05 INFO mapred.LocalJobRunner: Waiting for map tasks
26/03/02 03:33:05 INFO mapred.LocalJobRunner: Starting task: attempt_local818560289_0013_m_000000_0
26/03/02 03:33:05 INFO output.FileOutputCommitter: File Output Committer Algorithm version is 1
26/03/02 03:33:05 INFO mapred.Task:  Using ResourceCalculatorProcessTree : [ ]
26/03/02 03:33:05 INFO mapred.MapTask: Processing split: hdfs://localhost:9000/project2/task2/input/points_4d.csv:0+733758
26/03/02 03:33:05 INFO mapred.MapTask: (EQUATOR) 0 kvi 26214396(104857584)
26/03/02 03:33:05 INFO mapred.MapTask: mapreduce.task.io.sort.mb: 100
26/03/02 03:33:05 INFO mapred.MapTask: soft limit at 83886080
26/03/02 03:33:05 INFO mapred.MapTask: bufstart = 0; bufvoid = 104857600
26/03/02 03:33:05 INFO mapred.MapTask: kvstart = 26214396; length = 6553600
26/03/02 03:33:05 INFO mapred.MapTask: Map output collector class = org.apache.hadoop.mapred.MapTask$MapOutputBuffer
26/03/02 03:33:05 INFO mapred.LocalJobRunner: 
26/03/02 03:33:05 INFO mapred.MapTask: Starting flush of map output
26/03/02 03:33:05 INFO mapred.MapTask: Spilling map output
26/03/02 03:33:05 INFO mapred.MapTask: bufstart = 0; bufend = 520000; bufvoid = 104857600
26/03/02 03:33:05 INFO mapred.MapTask: kvstart = 26214396(104857584); kvend = 26174400(104697600); length = 39997/6553600
26/03/02 03:33:05 INFO mapred.MapTask: Finished spill 0
26/03/02 03:33:05 INFO mapred.Task: Task:attempt_local818560289_0013_m_000000_0 is done. And is in the process of committing
26/03/02 03:33:05 INFO mapred.LocalJobRunner: map
26/03/02 03:33:05 INFO mapred.Task: Task 'attempt_local818560289_0013_m_000000_0' done.
26/03/02 03:33:05 INFO mapred.Task: Final Counters for attempt_local818560289_0013_m_000000_0: Counters: 23
	File System Counters
		FILE: Number of bytes read=1903346
		FILE: Number of bytes written=5741563
		FILE: Number of read operations=0
		FILE: Number of large read operations=0
		FILE: Number of write operations=0
		HDFS: Number of bytes read=9581820
		HDFS: Number of bytes written=17562
		HDFS: Number of read operations=693
		HDFS: Number of large read operations=0
		HDFS: Number of write operations=222
	Map-Reduce Framework
		Map input records=10000
		Map output records=10000
		Map output bytes=520000
		Map output materialized bytes=456
		Input split bytes=121
		Combine input records=10000
		Combine output records=8
		Spilled Records=8
		Failed Shuffles=0
		Merged Map outputs=0
		GC time elapsed (ms)=58
		Total committed heap usage (bytes)=386924544
	File Input Format Counters 
		Bytes Read=733758
26/03/02 03:33:05 INFO mapred.LocalJobRunner: Finishing task: attempt_local818560289_0013_m_000000_0
26/03/02 03:33:05 INFO mapred.LocalJobRunner: map task executor complete.
26/03/02 03:33:05 INFO mapred.LocalJobRunner: Waiting for reduce tasks
26/03/02 03:33:05 INFO mapred.LocalJobRunner: Starting task: attempt_local818560289_0013_r_000000_0
26/03/02 03:33:05 INFO output.FileOutputCommitter: File Output Committer Algorithm version is 1
26/03/02 03:33:05 INFO mapred.Task:  Using ResourceCalculatorProcessTree : [ ]
26/03/02 03:33:05 INFO mapred.ReduceTask: Using ShuffleConsumerPlugin: org.apache.hadoop.mapreduce.task.reduce.Shuffle@64880ee9
26/03/02 03:33:05 INFO reduce.MergeManagerImpl: MergerManager: memoryLimit=334338464, maxSingleShuffleLimit=83584616, mergeThreshold=220663392, ioSortFactor=10, memToMemMergeOutputsThreshold=10
26/03/02 03:33:05 INFO reduce.EventFetcher: attempt_local818560289_0013_r_000000_0 Thread started: EventFetcher for fetching Map Completion Events
26/03/02 03:33:05 INFO reduce.LocalFetcher: localfetcher#49 about to shuffle output of map attempt_local818560289_0013_m_000000_0 decomp: 110 len: 114 to MEMORY
26/03/02 03:33:05 INFO reduce.InMemoryMapOutput: Read 110 bytes from map-output for attempt_local818560289_0013_m_000000_0
26/03/02 03:33:05 INFO reduce.MergeManagerImpl: closeInMemoryFile -> map-output of size: 110, inMemoryMapOutputs.size() -> 1, commitMemory -> 0, usedMemory ->110
26/03/02 03:33:05 INFO reduce.EventFetcher: EventFetcher is interrupted.. Returning
26/03/02 03:33:05 INFO mapred.LocalJobRunner: 1 / 1 copied.
26/03/02 03:33:05 INFO reduce.MergeManagerImpl: finalMerge called with 1 in-memory map-outputs and 0 on-disk map-outputs
26/03/02 03:33:05 INFO mapred.Merger: Merging 1 sorted segments
26/03/02 03:33:05 INFO mapred.Merger: Down to the last merge-pass, with 1 segments left of total size: 104 bytes
26/03/02 03:33:05 INFO reduce.MergeManagerImpl: Merged 1 segments, 110 bytes to disk to satisfy reduce memory limit
26/03/02 03:33:05 INFO reduce.MergeManagerImpl: Merging 1 files, 114 bytes from disk
26/03/02 03:33:05 INFO reduce.MergeManagerImpl: Merging 0 segments, 0 bytes from memory into reduce
26/03/02 03:33:05 INFO mapred.Merger: Merging 1 sorted segments
26/03/02 03:33:05 INFO mapred.Merger: Down to the last merge-pass, with 1 segments left of total size: 104 bytes
26/03/02 03:33:05 INFO mapred.LocalJobRunner: 1 / 1 copied.
26/03/02 03:33:05 INFO mapred.Task: Task:attempt_local818560289_0013_r_000000_0 is done. And is in the process of committing
26/03/02 03:33:05 INFO mapred.LocalJobRunner: 1 / 1 copied.
26/03/02 03:33:05 INFO mapred.Task: Task attempt_local818560289_0013_r_000000_0 is allowed to commit now
26/03/02 03:33:05 INFO output.FileOutputCommitter: Saved output of task 'attempt_local818560289_0013_r_000000_0' to hdfs://localhost:9000/project2/task2/runs_report_plus/k8_r30_opt/iter_13/_temporary/0/task_local818560289_0013_r_000000
26/03/02 03:33:05 INFO mapred.LocalJobRunner: reduce > reduce
26/03/02 03:33:05 INFO mapred.Task: Task 'attempt_local818560289_0013_r_000000_0' done.
26/03/02 03:33:05 INFO mapred.Task: Final Counters for attempt_local818560289_0013_r_000000_0: Counters: 29
	File System Counters
		FILE: Number of bytes read=1904020
		FILE: Number of bytes written=5741677
		FILE: Number of read operations=0
		FILE: Number of large read operations=0
		FILE: Number of write operations=0
		HDFS: Number of bytes read=9581820
		HDFS: Number of bytes written=17765
		HDFS: Number of read operations=696
		HDFS: Number of large read operations=0
		HDFS: Number of write operations=224
	Map-Reduce Framework
		Combine input records=0
		Combine output records=0
		Reduce input groups=2
		Reduce shuffle bytes=114
		Reduce input records=2
		Reduce output records=2
		Spilled Records=2
		Shuffled Maps =1
		Failed Shuffles=0
		Merged Map outputs=1
		GC time elapsed (ms)=0
		Total committed heap usage (bytes)=386924544
	Shuffle Errors
		BAD_ID=0
		CONNECTION=0
		IO_ERROR=0
		WRONG_LENGTH=0
		WRONG_MAP=0
		WRONG_REDUCE=0
	File Output Format Counters 
		Bytes Written=203
26/03/02 03:33:05 INFO mapred.LocalJobRunner: Finishing task: attempt_local818560289_0013_r_000000_0
26/03/02 03:33:05 INFO mapred.LocalJobRunner: Starting task: attempt_local818560289_0013_r_000001_0
26/03/02 03:33:05 INFO output.FileOutputCommitter: File Output Committer Algorithm version is 1
26/03/02 03:33:05 INFO mapred.Task:  Using ResourceCalculatorProcessTree : [ ]
26/03/02 03:33:05 INFO mapred.ReduceTask: Using ShuffleConsumerPlugin: org.apache.hadoop.mapreduce.task.reduce.Shuffle@fa95af2
26/03/02 03:33:05 INFO reduce.MergeManagerImpl: MergerManager: memoryLimit=334338464, maxSingleShuffleLimit=83584616, mergeThreshold=220663392, ioSortFactor=10, memToMemMergeOutputsThreshold=10
26/03/02 03:33:05 INFO reduce.EventFetcher: attempt_local818560289_0013_r_000001_0 Thread started: EventFetcher for fetching Map Completion Events
26/03/02 03:33:05 INFO reduce.LocalFetcher: localfetcher#50 about to shuffle output of map attempt_local818560289_0013_m_000000_0 decomp: 110 len: 114 to MEMORY
26/03/02 03:33:05 INFO reduce.InMemoryMapOutput: Read 110 bytes from map-output for attempt_local818560289_0013_m_000000_0
26/03/02 03:33:05 INFO reduce.MergeManagerImpl: closeInMemoryFile -> map-output of size: 110, inMemoryMapOutputs.size() -> 1, commitMemory -> 0, usedMemory ->110
26/03/02 03:33:05 INFO reduce.EventFetcher: EventFetcher is interrupted.. Returning
26/03/02 03:33:05 INFO mapred.LocalJobRunner: 1 / 1 copied.
26/03/02 03:33:05 INFO reduce.MergeManagerImpl: finalMerge called with 1 in-memory map-outputs and 0 on-disk map-outputs
26/03/02 03:33:05 INFO mapred.Merger: Merging 1 sorted segments
26/03/02 03:33:05 INFO mapred.Merger: Down to the last merge-pass, with 1 segments left of total size: 104 bytes
26/03/02 03:33:05 INFO reduce.MergeManagerImpl: Merged 1 segments, 110 bytes to disk to satisfy reduce memory limit
26/03/02 03:33:05 INFO reduce.MergeManagerImpl: Merging 1 files, 114 bytes from disk
26/03/02 03:33:05 INFO reduce.MergeManagerImpl: Merging 0 segments, 0 bytes from memory into reduce
26/03/02 03:33:05 INFO mapred.Merger: Merging 1 sorted segments
26/03/02 03:33:05 INFO mapred.Merger: Down to the last merge-pass, with 1 segments left of total size: 104 bytes
26/03/02 03:33:05 INFO mapred.LocalJobRunner: 1 / 1 copied.
26/03/02 03:33:05 INFO mapred.Task: Task:attempt_local818560289_0013_r_000001_0 is done. And is in the process of committing
26/03/02 03:33:05 INFO mapred.LocalJobRunner: 1 / 1 copied.
26/03/02 03:33:05 INFO mapred.Task: Task attempt_local818560289_0013_r_000001_0 is allowed to commit now
26/03/02 03:33:05 INFO output.FileOutputCommitter: Saved output of task 'attempt_local818560289_0013_r_000001_0' to hdfs://localhost:9000/project2/task2/runs_report_plus/k8_r30_opt/iter_13/_temporary/0/task_local818560289_0013_r_000001
26/03/02 03:33:05 INFO mapred.LocalJobRunner: reduce > reduce
26/03/02 03:33:05 INFO mapred.Task: Task 'attempt_local818560289_0013_r_000001_0' done.
26/03/02 03:33:05 INFO mapred.Task: Final Counters for attempt_local818560289_0013_r_000001_0: Counters: 29
	File System Counters
		FILE: Number of bytes read=1904580
		FILE: Number of bytes written=5741791
		FILE: Number of read operations=0
		FILE: Number of large read operations=0
		FILE: Number of write operations=0
		HDFS: Number of bytes read=9581820
		HDFS: Number of bytes written=17968
		HDFS: Number of read operations=699
		HDFS: Number of large read operations=0
		HDFS: Number of write operations=226
	Map-Reduce Framework
		Combine input records=0
		Combine output records=0
		Reduce input groups=2
		Reduce shuffle bytes=114
		Reduce input records=2
		Reduce output records=2
		Spilled Records=2
		Shuffled Maps =1
		Failed Shuffles=0
		Merged Map outputs=1
		GC time elapsed (ms)=0
		Total committed heap usage (bytes)=386924544
	Shuffle Errors
		BAD_ID=0
		CONNECTION=0
		IO_ERROR=0
		WRONG_LENGTH=0
		WRONG_MAP=0
		WRONG_REDUCE=0
	File Output Format Counters 
		Bytes Written=203
26/03/02 03:33:05 INFO mapred.LocalJobRunner: Finishing task: attempt_local818560289_0013_r_000001_0
26/03/02 03:33:05 INFO mapred.LocalJobRunner: Starting task: attempt_local818560289_0013_r_000002_0
26/03/02 03:33:05 INFO output.FileOutputCommitter: File Output Committer Algorithm version is 1
26/03/02 03:33:05 INFO mapred.Task:  Using ResourceCalculatorProcessTree : [ ]
26/03/02 03:33:05 INFO mapred.ReduceTask: Using ShuffleConsumerPlugin: org.apache.hadoop.mapreduce.task.reduce.Shuffle@77a2aad5
26/03/02 03:33:05 INFO reduce.MergeManagerImpl: MergerManager: memoryLimit=334338464, maxSingleShuffleLimit=83584616, mergeThreshold=220663392, ioSortFactor=10, memToMemMergeOutputsThreshold=10
26/03/02 03:33:05 INFO reduce.EventFetcher: attempt_local818560289_0013_r_000002_0 Thread started: EventFetcher for fetching Map Completion Events
26/03/02 03:33:05 INFO reduce.LocalFetcher: localfetcher#51 about to shuffle output of map attempt_local818560289_0013_m_000000_0 decomp: 110 len: 114 to MEMORY
26/03/02 03:33:05 INFO reduce.InMemoryMapOutput: Read 110 bytes from map-output for attempt_local818560289_0013_m_000000_0
26/03/02 03:33:05 INFO reduce.MergeManagerImpl: closeInMemoryFile -> map-output of size: 110, inMemoryMapOutputs.size() -> 1, commitMemory -> 0, usedMemory ->110
26/03/02 03:33:05 WARN io.ReadaheadPool: Failed readahead on ifile
EBADF: Bad file descriptor
	at org.apache.hadoop.io.nativeio.NativeIO$POSIX.posix_fadvise(Native Method)
	at org.apache.hadoop.io.nativeio.NativeIO$POSIX.posixFadviseIfPossible(NativeIO.java:267)
	at org.apache.hadoop.io.nativeio.NativeIO$POSIX$CacheManipulator.posixFadviseIfPossible(NativeIO.java:146)
	at org.apache.hadoop.io.ReadaheadPool$ReadaheadRequestImpl.run(ReadaheadPool.java:206)
	at java.util.concurrent.ThreadPoolExecutor.runWorker(ThreadPoolExecutor.java:1149)
	at java.util.concurrent.ThreadPoolExecutor$Worker.run(ThreadPoolExecutor.java:624)
	at java.lang.Thread.run(Thread.java:748)
26/03/02 03:33:05 INFO reduce.EventFetcher: EventFetcher is interrupted.. Returning
26/03/02 03:33:05 INFO mapred.LocalJobRunner: 1 / 1 copied.
26/03/02 03:33:05 INFO reduce.MergeManagerImpl: finalMerge called with 1 in-memory map-outputs and 0 on-disk map-outputs
26/03/02 03:33:05 INFO mapred.Merger: Merging 1 sorted segments
26/03/02 03:33:05 INFO mapred.Merger: Down to the last merge-pass, with 1 segments left of total size: 104 bytes
26/03/02 03:33:05 INFO reduce.MergeManagerImpl: Merged 1 segments, 110 bytes to disk to satisfy reduce memory limit
26/03/02 03:33:05 INFO reduce.MergeManagerImpl: Merging 1 files, 114 bytes from disk
26/03/02 03:33:05 INFO reduce.MergeManagerImpl: Merging 0 segments, 0 bytes from memory into reduce
26/03/02 03:33:05 INFO mapred.Merger: Merging 1 sorted segments
26/03/02 03:33:05 INFO mapred.Merger: Down to the last merge-pass, with 1 segments left of total size: 104 bytes
26/03/02 03:33:05 INFO mapred.LocalJobRunner: 1 / 1 copied.
26/03/02 03:33:05 INFO mapred.Task: Task:attempt_local818560289_0013_r_000002_0 is done. And is in the process of committing
26/03/02 03:33:05 INFO mapred.LocalJobRunner: 1 / 1 copied.
26/03/02 03:33:05 INFO mapred.Task: Task attempt_local818560289_0013_r_000002_0 is allowed to commit now
26/03/02 03:33:05 INFO output.FileOutputCommitter: Saved output of task 'attempt_local818560289_0013_r_000002_0' to hdfs://localhost:9000/project2/task2/runs_report_plus/k8_r30_opt/iter_13/_temporary/0/task_local818560289_0013_r_000002
26/03/02 03:33:05 INFO mapred.LocalJobRunner: reduce > reduce
26/03/02 03:33:05 INFO mapred.Task: Task 'attempt_local818560289_0013_r_000002_0' done.
26/03/02 03:33:05 INFO mapred.Task: Final Counters for attempt_local818560289_0013_r_000002_0: Counters: 29
	File System Counters
		FILE: Number of bytes read=1905026
		FILE: Number of bytes written=5741905
		FILE: Number of read operations=0
		FILE: Number of large read operations=0
		FILE: Number of write operations=0
		HDFS: Number of bytes read=9581820
		HDFS: Number of bytes written=18171
		HDFS: Number of read operations=702
		HDFS: Number of large read operations=0
		HDFS: Number of write operations=228
	Map-Reduce Framework
		Combine input records=0
		Combine output records=0
		Reduce input groups=2
		Reduce shuffle bytes=114
		Reduce input records=2
		Reduce output records=2
		Spilled Records=2
		Shuffled Maps =1
		Failed Shuffles=0
		Merged Map outputs=1
		GC time elapsed (ms)=0
		Total committed heap usage (bytes)=386924544
	Shuffle Errors
		BAD_ID=0
		CONNECTION=0
		IO_ERROR=0
		WRONG_LENGTH=0
		WRONG_MAP=0
		WRONG_REDUCE=0
	File Output Format Counters 
		Bytes Written=203
26/03/02 03:33:05 INFO mapred.LocalJobRunner: Finishing task: attempt_local818560289_0013_r_000002_0
26/03/02 03:33:05 INFO mapred.LocalJobRunner: Starting task: attempt_local818560289_0013_r_000003_0
26/03/02 03:33:05 INFO output.FileOutputCommitter: File Output Committer Algorithm version is 1
26/03/02 03:33:05 INFO mapred.Task:  Using ResourceCalculatorProcessTree : [ ]
26/03/02 03:33:05 INFO mapred.ReduceTask: Using ShuffleConsumerPlugin: org.apache.hadoop.mapreduce.task.reduce.Shuffle@ee6b42f
26/03/02 03:33:05 INFO reduce.MergeManagerImpl: MergerManager: memoryLimit=334338464, maxSingleShuffleLimit=83584616, mergeThreshold=220663392, ioSortFactor=10, memToMemMergeOutputsThreshold=10
26/03/02 03:33:05 INFO reduce.EventFetcher: attempt_local818560289_0013_r_000003_0 Thread started: EventFetcher for fetching Map Completion Events
26/03/02 03:33:05 INFO reduce.LocalFetcher: localfetcher#52 about to shuffle output of map attempt_local818560289_0013_m_000000_0 decomp: 110 len: 114 to MEMORY
26/03/02 03:33:05 INFO reduce.InMemoryMapOutput: Read 110 bytes from map-output for attempt_local818560289_0013_m_000000_0
26/03/02 03:33:05 INFO reduce.MergeManagerImpl: closeInMemoryFile -> map-output of size: 110, inMemoryMapOutputs.size() -> 1, commitMemory -> 0, usedMemory ->110
26/03/02 03:33:05 INFO reduce.EventFetcher: EventFetcher is interrupted.. Returning
26/03/02 03:33:05 INFO mapred.LocalJobRunner: 1 / 1 copied.
26/03/02 03:33:05 INFO reduce.MergeManagerImpl: finalMerge called with 1 in-memory map-outputs and 0 on-disk map-outputs
26/03/02 03:33:05 INFO mapred.Merger: Merging 1 sorted segments
26/03/02 03:33:05 INFO mapred.Merger: Down to the last merge-pass, with 1 segments left of total size: 104 bytes
26/03/02 03:33:05 INFO reduce.MergeManagerImpl: Merged 1 segments, 110 bytes to disk to satisfy reduce memory limit
26/03/02 03:33:05 INFO reduce.MergeManagerImpl: Merging 1 files, 114 bytes from disk
26/03/02 03:33:05 INFO reduce.MergeManagerImpl: Merging 0 segments, 0 bytes from memory into reduce
26/03/02 03:33:05 INFO mapred.Merger: Merging 1 sorted segments
26/03/02 03:33:05 INFO mapred.Merger: Down to the last merge-pass, with 1 segments left of total size: 104 bytes
26/03/02 03:33:05 INFO mapred.LocalJobRunner: 1 / 1 copied.
26/03/02 03:33:05 INFO mapred.Task: Task:attempt_local818560289_0013_r_000003_0 is done. And is in the process of committing
26/03/02 03:33:05 INFO mapred.LocalJobRunner: 1 / 1 copied.
26/03/02 03:33:05 INFO mapred.Task: Task attempt_local818560289_0013_r_000003_0 is allowed to commit now
26/03/02 03:33:05 INFO output.FileOutputCommitter: Saved output of task 'attempt_local818560289_0013_r_000003_0' to hdfs://localhost:9000/project2/task2/runs_report_plus/k8_r30_opt/iter_13/_temporary/0/task_local818560289_0013_r_000003
26/03/02 03:33:05 INFO mapred.LocalJobRunner: reduce > reduce
26/03/02 03:33:05 INFO mapred.Task: Task 'attempt_local818560289_0013_r_000003_0' done.
26/03/02 03:33:05 INFO mapred.Task: Final Counters for attempt_local818560289_0013_r_000003_0: Counters: 29
	File System Counters
		FILE: Number of bytes read=1905358
		FILE: Number of bytes written=5742019
		FILE: Number of read operations=0
		FILE: Number of large read operations=0
		FILE: Number of write operations=0
		HDFS: Number of bytes read=9581820
		HDFS: Number of bytes written=18377
		HDFS: Number of read operations=705
		HDFS: Number of large read operations=0
		HDFS: Number of write operations=230
	Map-Reduce Framework
		Combine input records=0
		Combine output records=0
		Reduce input groups=2
		Reduce shuffle bytes=114
		Reduce input records=2
		Reduce output records=2
		Spilled Records=2
		Shuffled Maps =1
		Failed Shuffles=0
		Merged Map outputs=1
		GC time elapsed (ms)=0
		Total committed heap usage (bytes)=386924544
	Shuffle Errors
		BAD_ID=0
		CONNECTION=0
		IO_ERROR=0
		WRONG_LENGTH=0
		WRONG_MAP=0
		WRONG_REDUCE=0
	File Output Format Counters 
		Bytes Written=206
26/03/02 03:33:05 INFO mapred.LocalJobRunner: Finishing task: attempt_local818560289_0013_r_000003_0
26/03/02 03:33:05 INFO mapred.LocalJobRunner: reduce task executor complete.
26/03/02 03:33:06 INFO mapreduce.Job: Job job_local818560289_0013 running in uber mode : false
26/03/02 03:33:06 INFO mapreduce.Job:  map 100% reduce 100%
26/03/02 03:33:06 INFO mapreduce.Job: Job job_local818560289_0013 completed successfully
26/03/02 03:33:06 INFO mapreduce.Job: Counters: 35
	File System Counters
		FILE: Number of bytes read=9522330
		FILE: Number of bytes written=28708955
		FILE: Number of read operations=0
		FILE: Number of large read operations=0
		FILE: Number of write operations=0
		HDFS: Number of bytes read=47909100
		HDFS: Number of bytes written=89843
		HDFS: Number of read operations=3495
		HDFS: Number of large read operations=0
		HDFS: Number of write operations=1130
	Map-Reduce Framework
		Map input records=10000
		Map output records=10000
		Map output bytes=520000
		Map output materialized bytes=456
		Input split bytes=121
		Combine input records=10000
		Combine output records=8
		Reduce input groups=8
		Reduce shuffle bytes=456
		Reduce input records=8
		Reduce output records=8
		Spilled Records=16
		Shuffled Maps =4
		Failed Shuffles=0
		Merged Map outputs=4
		GC time elapsed (ms)=58
		Total committed heap usage (bytes)=1934622720
	Shuffle Errors
		BAD_ID=0
		CONNECTION=0
		IO_ERROR=0
		WRONG_LENGTH=0
		WRONG_MAP=0
		WRONG_REDUCE=0
	File Input Format Counters 
		Bytes Read=733758
	File Output Format Counters 
		Bytes Written=815
26/03/02 03:33:06 INFO jvm.JvmMetrics: Cannot initialize JVM Metrics with processName=JobTracker, sessionId= - already initialized
26/03/02 03:33:06 WARN mapreduce.JobResourceUploader: Hadoop command-line option parsing not performed. Implement the Tool interface and execute your application with ToolRunner to remedy this.
26/03/02 03:33:06 INFO input.FileInputFormat: Total input paths to process : 1
26/03/02 03:33:06 INFO mapreduce.JobSubmitter: number of splits:1
26/03/02 03:33:06 INFO mapreduce.JobSubmitter: Submitting tokens for job: job_local2013842194_0014
26/03/02 03:33:06 INFO mapred.LocalDistributedCacheManager: Creating symlink: /tmp/hadoop-ds503/mapred/local/1772422386651/centers_iter_13.csv <- /home/ds503/centers_iter_13.csv
26/03/02 03:33:06 INFO mapred.LocalDistributedCacheManager: Localized hdfs://localhost:9000/project2/task2/runs_report_plus/k8_r30_opt/centers_iter_13.csv as file:/tmp/hadoop-ds503/mapred/local/1772422386651/centers_iter_13.csv
26/03/02 03:33:06 INFO mapreduce.Job: The url to track the job: http://localhost:8080/
26/03/02 03:33:06 INFO mapreduce.Job: Running job: job_local2013842194_0014
26/03/02 03:33:06 INFO mapred.LocalJobRunner: OutputCommitter set in config null
26/03/02 03:33:06 INFO output.FileOutputCommitter: File Output Committer Algorithm version is 1
26/03/02 03:33:06 INFO mapred.LocalJobRunner: OutputCommitter is org.apache.hadoop.mapreduce.lib.output.FileOutputCommitter
26/03/02 03:33:06 INFO mapred.LocalJobRunner: Waiting for map tasks
26/03/02 03:33:06 INFO mapred.LocalJobRunner: Starting task: attempt_local2013842194_0014_m_000000_0
26/03/02 03:33:06 INFO output.FileOutputCommitter: File Output Committer Algorithm version is 1
26/03/02 03:33:06 INFO mapred.Task:  Using ResourceCalculatorProcessTree : [ ]
26/03/02 03:33:06 INFO mapred.MapTask: Processing split: hdfs://localhost:9000/project2/task2/input/points_4d.csv:0+733758
26/03/02 03:33:06 INFO mapred.MapTask: (EQUATOR) 0 kvi 26214396(104857584)
26/03/02 03:33:06 INFO mapred.MapTask: mapreduce.task.io.sort.mb: 100
26/03/02 03:33:06 INFO mapred.MapTask: soft limit at 83886080
26/03/02 03:33:06 INFO mapred.MapTask: bufstart = 0; bufvoid = 104857600
26/03/02 03:33:06 INFO mapred.MapTask: kvstart = 26214396; length = 6553600
26/03/02 03:33:06 INFO mapred.MapTask: Map output collector class = org.apache.hadoop.mapred.MapTask$MapOutputBuffer
26/03/02 03:33:06 INFO mapred.LocalJobRunner: 
26/03/02 03:33:06 INFO mapred.MapTask: Starting flush of map output
26/03/02 03:33:06 INFO mapred.MapTask: Spilling map output
26/03/02 03:33:06 INFO mapred.MapTask: bufstart = 0; bufend = 520000; bufvoid = 104857600
26/03/02 03:33:06 INFO mapred.MapTask: kvstart = 26214396(104857584); kvend = 26174400(104697600); length = 39997/6553600
26/03/02 03:33:06 INFO mapred.MapTask: Finished spill 0
26/03/02 03:33:06 INFO mapred.Task: Task:attempt_local2013842194_0014_m_000000_0 is done. And is in the process of committing
26/03/02 03:33:06 INFO mapred.LocalJobRunner: map
26/03/02 03:33:06 INFO mapred.Task: Task 'attempt_local2013842194_0014_m_000000_0' done.
26/03/02 03:33:06 INFO mapred.Task: Final Counters for attempt_local2013842194_0014_m_000000_0: Counters: 23
	File System Counters
		FILE: Number of bytes read=2049912
		FILE: Number of bytes written=6184487
		FILE: Number of read operations=0
		FILE: Number of large read operations=0
		FILE: Number of write operations=0
		HDFS: Number of bytes read=10319024
		HDFS: Number of bytes written=18985
		HDFS: Number of read operations=749
		HDFS: Number of large read operations=0
		HDFS: Number of write operations=240
	Map-Reduce Framework
		Map input records=10000
		Map output records=10000
		Map output bytes=520000
		Map output materialized bytes=456
		Input split bytes=121
		Combine input records=10000
		Combine output records=8
		Spilled Records=8
		Failed Shuffles=0
		Merged Map outputs=0
		GC time elapsed (ms)=0
		Total committed heap usage (bytes)=386924544
	File Input Format Counters 
		Bytes Read=733758
26/03/02 03:33:06 INFO mapred.LocalJobRunner: Finishing task: attempt_local2013842194_0014_m_000000_0
26/03/02 03:33:06 INFO mapred.LocalJobRunner: map task executor complete.
26/03/02 03:33:06 INFO mapred.LocalJobRunner: Waiting for reduce tasks
26/03/02 03:33:06 INFO mapred.LocalJobRunner: Starting task: attempt_local2013842194_0014_r_000000_0
26/03/02 03:33:06 INFO output.FileOutputCommitter: File Output Committer Algorithm version is 1
26/03/02 03:33:06 INFO mapred.Task:  Using ResourceCalculatorProcessTree : [ ]
26/03/02 03:33:06 INFO mapred.ReduceTask: Using ShuffleConsumerPlugin: org.apache.hadoop.mapreduce.task.reduce.Shuffle@4b915028
26/03/02 03:33:06 INFO reduce.MergeManagerImpl: MergerManager: memoryLimit=334338464, maxSingleShuffleLimit=83584616, mergeThreshold=220663392, ioSortFactor=10, memToMemMergeOutputsThreshold=10
26/03/02 03:33:06 INFO reduce.EventFetcher: attempt_local2013842194_0014_r_000000_0 Thread started: EventFetcher for fetching Map Completion Events
26/03/02 03:33:06 INFO reduce.LocalFetcher: localfetcher#53 about to shuffle output of map attempt_local2013842194_0014_m_000000_0 decomp: 110 len: 114 to MEMORY
26/03/02 03:33:06 INFO reduce.InMemoryMapOutput: Read 110 bytes from map-output for attempt_local2013842194_0014_m_000000_0
26/03/02 03:33:06 INFO reduce.MergeManagerImpl: closeInMemoryFile -> map-output of size: 110, inMemoryMapOutputs.size() -> 1, commitMemory -> 0, usedMemory ->110
26/03/02 03:33:06 INFO reduce.EventFetcher: EventFetcher is interrupted.. Returning
26/03/02 03:33:06 INFO mapred.LocalJobRunner: 1 / 1 copied.
26/03/02 03:33:06 INFO reduce.MergeManagerImpl: finalMerge called with 1 in-memory map-outputs and 0 on-disk map-outputs
26/03/02 03:33:06 INFO mapred.Merger: Merging 1 sorted segments
26/03/02 03:33:06 INFO mapred.Merger: Down to the last merge-pass, with 1 segments left of total size: 104 bytes
26/03/02 03:33:06 INFO reduce.MergeManagerImpl: Merged 1 segments, 110 bytes to disk to satisfy reduce memory limit
26/03/02 03:33:06 INFO reduce.MergeManagerImpl: Merging 1 files, 114 bytes from disk
26/03/02 03:33:06 INFO reduce.MergeManagerImpl: Merging 0 segments, 0 bytes from memory into reduce
26/03/02 03:33:06 INFO mapred.Merger: Merging 1 sorted segments
26/03/02 03:33:06 INFO mapred.Merger: Down to the last merge-pass, with 1 segments left of total size: 104 bytes
26/03/02 03:33:06 INFO mapred.LocalJobRunner: 1 / 1 copied.
26/03/02 03:33:06 INFO mapred.Task: Task:attempt_local2013842194_0014_r_000000_0 is done. And is in the process of committing
26/03/02 03:33:06 INFO mapred.LocalJobRunner: 1 / 1 copied.
26/03/02 03:33:06 INFO mapred.Task: Task attempt_local2013842194_0014_r_000000_0 is allowed to commit now
26/03/02 03:33:06 INFO output.FileOutputCommitter: Saved output of task 'attempt_local2013842194_0014_r_000000_0' to hdfs://localhost:9000/project2/task2/runs_report_plus/k8_r30_opt/iter_14/_temporary/0/task_local2013842194_0014_r_000000
26/03/02 03:33:06 INFO mapred.LocalJobRunner: reduce > reduce
26/03/02 03:33:06 INFO mapred.Task: Task 'attempt_local2013842194_0014_r_000000_0' done.
26/03/02 03:33:06 INFO mapred.Task: Final Counters for attempt_local2013842194_0014_r_000000_0: Counters: 29
	File System Counters
		FILE: Number of bytes read=2050586
		FILE: Number of bytes written=6184601
		FILE: Number of read operations=0
		FILE: Number of large read operations=0
		FILE: Number of write operations=0
		HDFS: Number of bytes read=10319024
		HDFS: Number of bytes written=19186
		HDFS: Number of read operations=752
		HDFS: Number of large read operations=0
		HDFS: Number of write operations=242
	Map-Reduce Framework
		Combine input records=0
		Combine output records=0
		Reduce input groups=2
		Reduce shuffle bytes=114
		Reduce input records=2
		Reduce output records=2
		Spilled Records=2
		Shuffled Maps =1
		Failed Shuffles=0
		Merged Map outputs=1
		GC time elapsed (ms)=0
		Total committed heap usage (bytes)=386924544
	Shuffle Errors
		BAD_ID=0
		CONNECTION=0
		IO_ERROR=0
		WRONG_LENGTH=0
		WRONG_MAP=0
		WRONG_REDUCE=0
	File Output Format Counters 
		Bytes Written=201
26/03/02 03:33:06 INFO mapred.LocalJobRunner: Finishing task: attempt_local2013842194_0014_r_000000_0
26/03/02 03:33:06 INFO mapred.LocalJobRunner: Starting task: attempt_local2013842194_0014_r_000001_0
26/03/02 03:33:06 INFO output.FileOutputCommitter: File Output Committer Algorithm version is 1
26/03/02 03:33:06 INFO mapred.Task:  Using ResourceCalculatorProcessTree : [ ]
26/03/02 03:33:06 INFO mapred.ReduceTask: Using ShuffleConsumerPlugin: org.apache.hadoop.mapreduce.task.reduce.Shuffle@453abda4
26/03/02 03:33:06 INFO reduce.MergeManagerImpl: MergerManager: memoryLimit=334338464, maxSingleShuffleLimit=83584616, mergeThreshold=220663392, ioSortFactor=10, memToMemMergeOutputsThreshold=10
26/03/02 03:33:06 INFO reduce.EventFetcher: attempt_local2013842194_0014_r_000001_0 Thread started: EventFetcher for fetching Map Completion Events
26/03/02 03:33:06 INFO reduce.LocalFetcher: localfetcher#54 about to shuffle output of map attempt_local2013842194_0014_m_000000_0 decomp: 110 len: 114 to MEMORY
26/03/02 03:33:06 INFO reduce.InMemoryMapOutput: Read 110 bytes from map-output for attempt_local2013842194_0014_m_000000_0
26/03/02 03:33:06 INFO reduce.MergeManagerImpl: closeInMemoryFile -> map-output of size: 110, inMemoryMapOutputs.size() -> 1, commitMemory -> 0, usedMemory ->110
26/03/02 03:33:06 INFO reduce.EventFetcher: EventFetcher is interrupted.. Returning
26/03/02 03:33:06 INFO mapred.LocalJobRunner: 1 / 1 copied.
26/03/02 03:33:06 INFO reduce.MergeManagerImpl: finalMerge called with 1 in-memory map-outputs and 0 on-disk map-outputs
26/03/02 03:33:06 INFO mapred.Merger: Merging 1 sorted segments
26/03/02 03:33:06 INFO mapred.Merger: Down to the last merge-pass, with 1 segments left of total size: 104 bytes
26/03/02 03:33:06 INFO reduce.MergeManagerImpl: Merged 1 segments, 110 bytes to disk to satisfy reduce memory limit
26/03/02 03:33:06 INFO reduce.MergeManagerImpl: Merging 1 files, 114 bytes from disk
26/03/02 03:33:06 INFO reduce.MergeManagerImpl: Merging 0 segments, 0 bytes from memory into reduce
26/03/02 03:33:06 INFO mapred.Merger: Merging 1 sorted segments
26/03/02 03:33:06 INFO mapred.Merger: Down to the last merge-pass, with 1 segments left of total size: 104 bytes
26/03/02 03:33:06 INFO mapred.LocalJobRunner: 1 / 1 copied.
26/03/02 03:33:06 INFO mapred.Task: Task:attempt_local2013842194_0014_r_000001_0 is done. And is in the process of committing
26/03/02 03:33:06 INFO mapred.LocalJobRunner: 1 / 1 copied.
26/03/02 03:33:06 INFO mapred.Task: Task attempt_local2013842194_0014_r_000001_0 is allowed to commit now
26/03/02 03:33:06 INFO output.FileOutputCommitter: Saved output of task 'attempt_local2013842194_0014_r_000001_0' to hdfs://localhost:9000/project2/task2/runs_report_plus/k8_r30_opt/iter_14/_temporary/0/task_local2013842194_0014_r_000001
26/03/02 03:33:06 INFO mapred.LocalJobRunner: reduce > reduce
26/03/02 03:33:06 INFO mapred.Task: Task 'attempt_local2013842194_0014_r_000001_0' done.
26/03/02 03:33:06 INFO mapred.Task: Final Counters for attempt_local2013842194_0014_r_000001_0: Counters: 29
	File System Counters
		FILE: Number of bytes read=2051146
		FILE: Number of bytes written=6184715
		FILE: Number of read operations=0
		FILE: Number of large read operations=0
		FILE: Number of write operations=0
		HDFS: Number of bytes read=10319024
		HDFS: Number of bytes written=19389
		HDFS: Number of read operations=755
		HDFS: Number of large read operations=0
		HDFS: Number of write operations=244
	Map-Reduce Framework
		Combine input records=0
		Combine output records=0
		Reduce input groups=2
		Reduce shuffle bytes=114
		Reduce input records=2
		Reduce output records=2
		Spilled Records=2
		Shuffled Maps =1
		Failed Shuffles=0
		Merged Map outputs=1
		GC time elapsed (ms)=0
		Total committed heap usage (bytes)=386924544
	Shuffle Errors
		BAD_ID=0
		CONNECTION=0
		IO_ERROR=0
		WRONG_LENGTH=0
		WRONG_MAP=0
		WRONG_REDUCE=0
	File Output Format Counters 
		Bytes Written=203
26/03/02 03:33:06 INFO mapred.LocalJobRunner: Finishing task: attempt_local2013842194_0014_r_000001_0
26/03/02 03:33:06 INFO mapred.LocalJobRunner: Starting task: attempt_local2013842194_0014_r_000002_0
26/03/02 03:33:06 INFO output.FileOutputCommitter: File Output Committer Algorithm version is 1
26/03/02 03:33:06 INFO mapred.Task:  Using ResourceCalculatorProcessTree : [ ]
26/03/02 03:33:06 INFO mapred.ReduceTask: Using ShuffleConsumerPlugin: org.apache.hadoop.mapreduce.task.reduce.Shuffle@3d9ee3c9
26/03/02 03:33:06 INFO reduce.MergeManagerImpl: MergerManager: memoryLimit=334338464, maxSingleShuffleLimit=83584616, mergeThreshold=220663392, ioSortFactor=10, memToMemMergeOutputsThreshold=10
26/03/02 03:33:06 INFO reduce.EventFetcher: attempt_local2013842194_0014_r_000002_0 Thread started: EventFetcher for fetching Map Completion Events
26/03/02 03:33:06 INFO reduce.LocalFetcher: localfetcher#55 about to shuffle output of map attempt_local2013842194_0014_m_000000_0 decomp: 110 len: 114 to MEMORY
26/03/02 03:33:06 INFO reduce.InMemoryMapOutput: Read 110 bytes from map-output for attempt_local2013842194_0014_m_000000_0
26/03/02 03:33:06 INFO reduce.MergeManagerImpl: closeInMemoryFile -> map-output of size: 110, inMemoryMapOutputs.size() -> 1, commitMemory -> 0, usedMemory ->110
26/03/02 03:33:06 INFO reduce.EventFetcher: EventFetcher is interrupted.. Returning
26/03/02 03:33:06 INFO mapred.LocalJobRunner: 1 / 1 copied.
26/03/02 03:33:06 INFO reduce.MergeManagerImpl: finalMerge called with 1 in-memory map-outputs and 0 on-disk map-outputs
26/03/02 03:33:06 INFO mapred.Merger: Merging 1 sorted segments
26/03/02 03:33:06 INFO mapred.Merger: Down to the last merge-pass, with 1 segments left of total size: 104 bytes
26/03/02 03:33:06 INFO reduce.MergeManagerImpl: Merged 1 segments, 110 bytes to disk to satisfy reduce memory limit
26/03/02 03:33:06 INFO reduce.MergeManagerImpl: Merging 1 files, 114 bytes from disk
26/03/02 03:33:06 INFO reduce.MergeManagerImpl: Merging 0 segments, 0 bytes from memory into reduce
26/03/02 03:33:06 INFO mapred.Merger: Merging 1 sorted segments
26/03/02 03:33:06 INFO mapred.Merger: Down to the last merge-pass, with 1 segments left of total size: 104 bytes
26/03/02 03:33:06 INFO mapred.LocalJobRunner: 1 / 1 copied.
26/03/02 03:33:06 INFO mapred.Task: Task:attempt_local2013842194_0014_r_000002_0 is done. And is in the process of committing
26/03/02 03:33:06 INFO mapred.LocalJobRunner: 1 / 1 copied.
26/03/02 03:33:06 INFO mapred.Task: Task attempt_local2013842194_0014_r_000002_0 is allowed to commit now
26/03/02 03:33:06 INFO output.FileOutputCommitter: Saved output of task 'attempt_local2013842194_0014_r_000002_0' to hdfs://localhost:9000/project2/task2/runs_report_plus/k8_r30_opt/iter_14/_temporary/0/task_local2013842194_0014_r_000002
26/03/02 03:33:06 INFO mapred.LocalJobRunner: reduce > reduce
26/03/02 03:33:06 INFO mapred.Task: Task 'attempt_local2013842194_0014_r_000002_0' done.
26/03/02 03:33:06 INFO mapred.Task: Final Counters for attempt_local2013842194_0014_r_000002_0: Counters: 29
	File System Counters
		FILE: Number of bytes read=2051592
		FILE: Number of bytes written=6184829
		FILE: Number of read operations=0
		FILE: Number of large read operations=0
		FILE: Number of write operations=0
		HDFS: Number of bytes read=10319024
		HDFS: Number of bytes written=19591
		HDFS: Number of read operations=758
		HDFS: Number of large read operations=0
		HDFS: Number of write operations=246
	Map-Reduce Framework
		Combine input records=0
		Combine output records=0
		Reduce input groups=2
		Reduce shuffle bytes=114
		Reduce input records=2
		Reduce output records=2
		Spilled Records=2
		Shuffled Maps =1
		Failed Shuffles=0
		Merged Map outputs=1
		GC time elapsed (ms)=0
		Total committed heap usage (bytes)=386924544
	Shuffle Errors
		BAD_ID=0
		CONNECTION=0
		IO_ERROR=0
		WRONG_LENGTH=0
		WRONG_MAP=0
		WRONG_REDUCE=0
	File Output Format Counters 
		Bytes Written=202
26/03/02 03:33:06 INFO mapred.LocalJobRunner: Finishing task: attempt_local2013842194_0014_r_000002_0
26/03/02 03:33:06 INFO mapred.LocalJobRunner: Starting task: attempt_local2013842194_0014_r_000003_0
26/03/02 03:33:06 INFO output.FileOutputCommitter: File Output Committer Algorithm version is 1
26/03/02 03:33:06 INFO mapred.Task:  Using ResourceCalculatorProcessTree : [ ]
26/03/02 03:33:06 INFO mapred.ReduceTask: Using ShuffleConsumerPlugin: org.apache.hadoop.mapreduce.task.reduce.Shuffle@740314ef
26/03/02 03:33:06 INFO reduce.MergeManagerImpl: MergerManager: memoryLimit=334338464, maxSingleShuffleLimit=83584616, mergeThreshold=220663392, ioSortFactor=10, memToMemMergeOutputsThreshold=10
26/03/02 03:33:06 INFO reduce.EventFetcher: attempt_local2013842194_0014_r_000003_0 Thread started: EventFetcher for fetching Map Completion Events
26/03/02 03:33:06 INFO reduce.LocalFetcher: localfetcher#56 about to shuffle output of map attempt_local2013842194_0014_m_000000_0 decomp: 110 len: 114 to MEMORY
26/03/02 03:33:06 INFO reduce.InMemoryMapOutput: Read 110 bytes from map-output for attempt_local2013842194_0014_m_000000_0
26/03/02 03:33:06 INFO reduce.MergeManagerImpl: closeInMemoryFile -> map-output of size: 110, inMemoryMapOutputs.size() -> 1, commitMemory -> 0, usedMemory ->110
26/03/02 03:33:06 INFO reduce.EventFetcher: EventFetcher is interrupted.. Returning
26/03/02 03:33:06 INFO mapred.LocalJobRunner: 1 / 1 copied.
26/03/02 03:33:06 INFO reduce.MergeManagerImpl: finalMerge called with 1 in-memory map-outputs and 0 on-disk map-outputs
26/03/02 03:33:06 INFO mapred.Merger: Merging 1 sorted segments
26/03/02 03:33:06 INFO mapred.Merger: Down to the last merge-pass, with 1 segments left of total size: 104 bytes
26/03/02 03:33:06 INFO reduce.MergeManagerImpl: Merged 1 segments, 110 bytes to disk to satisfy reduce memory limit
26/03/02 03:33:06 INFO reduce.MergeManagerImpl: Merging 1 files, 114 bytes from disk
26/03/02 03:33:06 INFO reduce.MergeManagerImpl: Merging 0 segments, 0 bytes from memory into reduce
26/03/02 03:33:06 INFO mapred.Merger: Merging 1 sorted segments
26/03/02 03:33:06 INFO mapred.Merger: Down to the last merge-pass, with 1 segments left of total size: 104 bytes
26/03/02 03:33:06 INFO mapred.LocalJobRunner: 1 / 1 copied.
26/03/02 03:33:06 INFO mapred.Task: Task:attempt_local2013842194_0014_r_000003_0 is done. And is in the process of committing
26/03/02 03:33:06 INFO mapred.LocalJobRunner: 1 / 1 copied.
26/03/02 03:33:06 INFO mapred.Task: Task attempt_local2013842194_0014_r_000003_0 is allowed to commit now
26/03/02 03:33:06 INFO output.FileOutputCommitter: Saved output of task 'attempt_local2013842194_0014_r_000003_0' to hdfs://localhost:9000/project2/task2/runs_report_plus/k8_r30_opt/iter_14/_temporary/0/task_local2013842194_0014_r_000003
26/03/02 03:33:06 INFO mapred.LocalJobRunner: reduce > reduce
26/03/02 03:33:06 INFO mapred.Task: Task 'attempt_local2013842194_0014_r_000003_0' done.
26/03/02 03:33:06 INFO mapred.Task: Final Counters for attempt_local2013842194_0014_r_000003_0: Counters: 29
	File System Counters
		FILE: Number of bytes read=2051924
		FILE: Number of bytes written=6184943
		FILE: Number of read operations=0
		FILE: Number of large read operations=0
		FILE: Number of write operations=0
		HDFS: Number of bytes read=10319024
		HDFS: Number of bytes written=19795
		HDFS: Number of read operations=761
		HDFS: Number of large read operations=0
		HDFS: Number of write operations=248
	Map-Reduce Framework
		Combine input records=0
		Combine output records=0
		Reduce input groups=2
		Reduce shuffle bytes=114
		Reduce input records=2
		Reduce output records=2
		Spilled Records=2
		Shuffled Maps =1
		Failed Shuffles=0
		Merged Map outputs=1
		GC time elapsed (ms)=0
		Total committed heap usage (bytes)=386924544
	Shuffle Errors
		BAD_ID=0
		CONNECTION=0
		IO_ERROR=0
		WRONG_LENGTH=0
		WRONG_MAP=0
		WRONG_REDUCE=0
	File Output Format Counters 
		Bytes Written=204
26/03/02 03:33:06 INFO mapred.LocalJobRunner: Finishing task: attempt_local2013842194_0014_r_000003_0
26/03/02 03:33:06 INFO mapred.LocalJobRunner: reduce task executor complete.
26/03/02 03:33:07 INFO mapreduce.Job: Job job_local2013842194_0014 running in uber mode : false
26/03/02 03:33:07 INFO mapreduce.Job:  map 100% reduce 100%
26/03/02 03:33:07 INFO mapreduce.Job: Job job_local2013842194_0014 completed successfully
26/03/02 03:33:07 INFO mapreduce.Job: Counters: 35
	File System Counters
		FILE: Number of bytes read=10255160
		FILE: Number of bytes written=30923575
		FILE: Number of read operations=0
		FILE: Number of large read operations=0
		FILE: Number of write operations=0
		HDFS: Number of bytes read=51595120
		HDFS: Number of bytes written=96946
		HDFS: Number of read operations=3775
		HDFS: Number of large read operations=0
		HDFS: Number of write operations=1220
	Map-Reduce Framework
		Map input records=10000
		Map output records=10000
		Map output bytes=520000
		Map output materialized bytes=456
		Input split bytes=121
		Combine input records=10000
		Combine output records=8
		Reduce input groups=8
		Reduce shuffle bytes=456
		Reduce input records=8
		Reduce output records=8
		Spilled Records=16
		Shuffled Maps =4
		Failed Shuffles=0
		Merged Map outputs=4
		GC time elapsed (ms)=0
		Total committed heap usage (bytes)=1934622720
	Shuffle Errors
		BAD_ID=0
		CONNECTION=0
		IO_ERROR=0
		WRONG_LENGTH=0
		WRONG_MAP=0
		WRONG_REDUCE=0
	File Input Format Counters 
		Bytes Read=733758
	File Output Format Counters 
		Bytes Written=810
26/03/02 03:33:07 INFO jvm.JvmMetrics: Cannot initialize JVM Metrics with processName=JobTracker, sessionId= - already initialized
26/03/02 03:33:07 WARN mapreduce.JobResourceUploader: Hadoop command-line option parsing not performed. Implement the Tool interface and execute your application with ToolRunner to remedy this.
26/03/02 03:33:07 INFO input.FileInputFormat: Total input paths to process : 1
26/03/02 03:33:07 INFO mapreduce.JobSubmitter: number of splits:1
26/03/02 03:33:07 INFO mapreduce.JobSubmitter: Submitting tokens for job: job_local171632926_0015
26/03/02 03:33:07 INFO mapred.LocalDistributedCacheManager: Creating symlink: /tmp/hadoop-ds503/mapred/local/1772422387731/centers_iter_14.csv <- /home/ds503/centers_iter_14.csv
26/03/02 03:33:07 INFO mapred.LocalDistributedCacheManager: Localized hdfs://localhost:9000/project2/task2/runs_report_plus/k8_r30_opt/centers_iter_14.csv as file:/tmp/hadoop-ds503/mapred/local/1772422387731/centers_iter_14.csv
26/03/02 03:33:07 INFO mapreduce.Job: The url to track the job: http://localhost:8080/
26/03/02 03:33:07 INFO mapreduce.Job: Running job: job_local171632926_0015
26/03/02 03:33:07 INFO mapred.LocalJobRunner: OutputCommitter set in config null
26/03/02 03:33:07 INFO output.FileOutputCommitter: File Output Committer Algorithm version is 1
26/03/02 03:33:07 INFO mapred.LocalJobRunner: OutputCommitter is org.apache.hadoop.mapreduce.lib.output.FileOutputCommitter
26/03/02 03:33:07 INFO mapred.LocalJobRunner: Waiting for map tasks
26/03/02 03:33:07 INFO mapred.LocalJobRunner: Starting task: attempt_local171632926_0015_m_000000_0
26/03/02 03:33:07 INFO output.FileOutputCommitter: File Output Committer Algorithm version is 1
26/03/02 03:33:07 INFO mapred.Task:  Using ResourceCalculatorProcessTree : [ ]
26/03/02 03:33:07 INFO mapred.MapTask: Processing split: hdfs://localhost:9000/project2/task2/input/points_4d.csv:0+733758
26/03/02 03:33:07 INFO mapred.MapTask: (EQUATOR) 0 kvi 26214396(104857584)
26/03/02 03:33:07 INFO mapred.MapTask: mapreduce.task.io.sort.mb: 100
26/03/02 03:33:07 INFO mapred.MapTask: soft limit at 83886080
26/03/02 03:33:07 INFO mapred.MapTask: bufstart = 0; bufvoid = 104857600
26/03/02 03:33:07 INFO mapred.MapTask: kvstart = 26214396; length = 6553600
26/03/02 03:33:07 INFO mapred.MapTask: Map output collector class = org.apache.hadoop.mapred.MapTask$MapOutputBuffer
26/03/02 03:33:07 INFO mapred.LocalJobRunner: 
26/03/02 03:33:07 INFO mapred.MapTask: Starting flush of map output
26/03/02 03:33:07 INFO mapred.MapTask: Spilling map output
26/03/02 03:33:07 INFO mapred.MapTask: bufstart = 0; bufend = 520000; bufvoid = 104857600
26/03/02 03:33:07 INFO mapred.MapTask: kvstart = 26214396(104857584); kvend = 26174400(104697600); length = 39997/6553600
26/03/02 03:33:07 INFO mapred.MapTask: Finished spill 0
26/03/02 03:33:07 INFO mapred.Task: Task:attempt_local171632926_0015_m_000000_0 is done. And is in the process of committing
26/03/02 03:33:07 INFO mapred.LocalJobRunner: map
26/03/02 03:33:07 INFO mapred.Task: Task 'attempt_local171632926_0015_m_000000_0' done.
26/03/02 03:33:07 INFO mapred.Task: Final Counters for attempt_local171632926_0015_m_000000_0: Counters: 23
	File System Counters
		FILE: Number of bytes read=2196478
		FILE: Number of bytes written=6625818
		FILE: Number of read operations=0
		FILE: Number of large read operations=0
		FILE: Number of write operations=0
		HDFS: Number of bytes read=11056216
		HDFS: Number of bytes written=20398
		HDFS: Number of read operations=805
		HDFS: Number of large read operations=0
		HDFS: Number of write operations=258
	Map-Reduce Framework
		Map input records=10000
		Map output records=10000
		Map output bytes=520000
		Map output materialized bytes=456
		Input split bytes=121
		Combine input records=10000
		Combine output records=8
		Spilled Records=8
		Failed Shuffles=0
		Merged Map outputs=0
		GC time elapsed (ms)=30
		Total committed heap usage (bytes)=405274624
	File Input Format Counters 
		Bytes Read=733758
26/03/02 03:33:07 INFO mapred.LocalJobRunner: Finishing task: attempt_local171632926_0015_m_000000_0
26/03/02 03:33:07 INFO mapred.LocalJobRunner: map task executor complete.
26/03/02 03:33:07 INFO mapred.LocalJobRunner: Waiting for reduce tasks
26/03/02 03:33:07 INFO mapred.LocalJobRunner: Starting task: attempt_local171632926_0015_r_000000_0
26/03/02 03:33:07 INFO output.FileOutputCommitter: File Output Committer Algorithm version is 1
26/03/02 03:33:07 INFO mapred.Task:  Using ResourceCalculatorProcessTree : [ ]
26/03/02 03:33:07 INFO mapred.ReduceTask: Using ShuffleConsumerPlugin: org.apache.hadoop.mapreduce.task.reduce.Shuffle@59a3e5a8
26/03/02 03:33:07 INFO reduce.MergeManagerImpl: MergerManager: memoryLimit=334338464, maxSingleShuffleLimit=83584616, mergeThreshold=220663392, ioSortFactor=10, memToMemMergeOutputsThreshold=10
26/03/02 03:33:07 INFO reduce.EventFetcher: attempt_local171632926_0015_r_000000_0 Thread started: EventFetcher for fetching Map Completion Events
26/03/02 03:33:07 INFO reduce.LocalFetcher: localfetcher#57 about to shuffle output of map attempt_local171632926_0015_m_000000_0 decomp: 110 len: 114 to MEMORY
26/03/02 03:33:07 INFO reduce.InMemoryMapOutput: Read 110 bytes from map-output for attempt_local171632926_0015_m_000000_0
26/03/02 03:33:07 INFO reduce.MergeManagerImpl: closeInMemoryFile -> map-output of size: 110, inMemoryMapOutputs.size() -> 1, commitMemory -> 0, usedMemory ->110
26/03/02 03:33:07 INFO reduce.EventFetcher: EventFetcher is interrupted.. Returning
26/03/02 03:33:07 INFO mapred.LocalJobRunner: 1 / 1 copied.
26/03/02 03:33:07 INFO reduce.MergeManagerImpl: finalMerge called with 1 in-memory map-outputs and 0 on-disk map-outputs
26/03/02 03:33:07 INFO mapred.Merger: Merging 1 sorted segments
26/03/02 03:33:07 INFO mapred.Merger: Down to the last merge-pass, with 1 segments left of total size: 104 bytes
26/03/02 03:33:07 INFO reduce.MergeManagerImpl: Merged 1 segments, 110 bytes to disk to satisfy reduce memory limit
26/03/02 03:33:07 INFO reduce.MergeManagerImpl: Merging 1 files, 114 bytes from disk
26/03/02 03:33:07 INFO reduce.MergeManagerImpl: Merging 0 segments, 0 bytes from memory into reduce
26/03/02 03:33:07 INFO mapred.Merger: Merging 1 sorted segments
26/03/02 03:33:07 INFO mapred.Merger: Down to the last merge-pass, with 1 segments left of total size: 104 bytes
26/03/02 03:33:07 INFO mapred.LocalJobRunner: 1 / 1 copied.
26/03/02 03:33:07 INFO mapred.Task: Task:attempt_local171632926_0015_r_000000_0 is done. And is in the process of committing
26/03/02 03:33:07 INFO mapred.LocalJobRunner: 1 / 1 copied.
26/03/02 03:33:07 INFO mapred.Task: Task attempt_local171632926_0015_r_000000_0 is allowed to commit now
26/03/02 03:33:07 INFO output.FileOutputCommitter: Saved output of task 'attempt_local171632926_0015_r_000000_0' to hdfs://localhost:9000/project2/task2/runs_report_plus/k8_r30_opt/iter_15/_temporary/0/task_local171632926_0015_r_000000
26/03/02 03:33:07 INFO mapred.LocalJobRunner: reduce > reduce
26/03/02 03:33:07 INFO mapred.Task: Task 'attempt_local171632926_0015_r_000000_0' done.
26/03/02 03:33:07 INFO mapred.Task: Final Counters for attempt_local171632926_0015_r_000000_0: Counters: 29
	File System Counters
		FILE: Number of bytes read=2197152
		FILE: Number of bytes written=6625932
		FILE: Number of read operations=0
		FILE: Number of large read operations=0
		FILE: Number of write operations=0
		HDFS: Number of bytes read=11056216
		HDFS: Number of bytes written=20602
		HDFS: Number of read operations=808
		HDFS: Number of large read operations=0
		HDFS: Number of write operations=260
	Map-Reduce Framework
		Combine input records=0
		Combine output records=0
		Reduce input groups=2
		Reduce shuffle bytes=114
		Reduce input records=2
		Reduce output records=2
		Spilled Records=2
		Shuffled Maps =1
		Failed Shuffles=0
		Merged Map outputs=1
		GC time elapsed (ms)=0
		Total committed heap usage (bytes)=405274624
	Shuffle Errors
		BAD_ID=0
		CONNECTION=0
		IO_ERROR=0
		WRONG_LENGTH=0
		WRONG_MAP=0
		WRONG_REDUCE=0
	File Output Format Counters 
		Bytes Written=204
26/03/02 03:33:07 INFO mapred.LocalJobRunner: Finishing task: attempt_local171632926_0015_r_000000_0
26/03/02 03:33:07 INFO mapred.LocalJobRunner: Starting task: attempt_local171632926_0015_r_000001_0
26/03/02 03:33:07 INFO output.FileOutputCommitter: File Output Committer Algorithm version is 1
26/03/02 03:33:07 INFO mapred.Task:  Using ResourceCalculatorProcessTree : [ ]
26/03/02 03:33:07 INFO mapred.ReduceTask: Using ShuffleConsumerPlugin: org.apache.hadoop.mapreduce.task.reduce.Shuffle@50112311
26/03/02 03:33:07 INFO reduce.MergeManagerImpl: MergerManager: memoryLimit=334338464, maxSingleShuffleLimit=83584616, mergeThreshold=220663392, ioSortFactor=10, memToMemMergeOutputsThreshold=10
26/03/02 03:33:07 INFO reduce.EventFetcher: attempt_local171632926_0015_r_000001_0 Thread started: EventFetcher for fetching Map Completion Events
26/03/02 03:33:07 INFO reduce.LocalFetcher: localfetcher#58 about to shuffle output of map attempt_local171632926_0015_m_000000_0 decomp: 110 len: 114 to MEMORY
26/03/02 03:33:07 INFO reduce.InMemoryMapOutput: Read 110 bytes from map-output for attempt_local171632926_0015_m_000000_0
26/03/02 03:33:07 INFO reduce.MergeManagerImpl: closeInMemoryFile -> map-output of size: 110, inMemoryMapOutputs.size() -> 1, commitMemory -> 0, usedMemory ->110
26/03/02 03:33:07 INFO reduce.EventFetcher: EventFetcher is interrupted.. Returning
26/03/02 03:33:07 INFO mapred.LocalJobRunner: 1 / 1 copied.
26/03/02 03:33:07 INFO reduce.MergeManagerImpl: finalMerge called with 1 in-memory map-outputs and 0 on-disk map-outputs
26/03/02 03:33:07 INFO mapred.Merger: Merging 1 sorted segments
26/03/02 03:33:07 INFO mapred.Merger: Down to the last merge-pass, with 1 segments left of total size: 104 bytes
26/03/02 03:33:07 INFO reduce.MergeManagerImpl: Merged 1 segments, 110 bytes to disk to satisfy reduce memory limit
26/03/02 03:33:07 INFO reduce.MergeManagerImpl: Merging 1 files, 114 bytes from disk
26/03/02 03:33:07 INFO reduce.MergeManagerImpl: Merging 0 segments, 0 bytes from memory into reduce
26/03/02 03:33:07 INFO mapred.Merger: Merging 1 sorted segments
26/03/02 03:33:07 INFO mapred.Merger: Down to the last merge-pass, with 1 segments left of total size: 104 bytes
26/03/02 03:33:07 INFO mapred.LocalJobRunner: 1 / 1 copied.
26/03/02 03:33:07 INFO mapred.Task: Task:attempt_local171632926_0015_r_000001_0 is done. And is in the process of committing
26/03/02 03:33:07 INFO mapred.LocalJobRunner: 1 / 1 copied.
26/03/02 03:33:07 INFO mapred.Task: Task attempt_local171632926_0015_r_000001_0 is allowed to commit now
26/03/02 03:33:07 INFO output.FileOutputCommitter: Saved output of task 'attempt_local171632926_0015_r_000001_0' to hdfs://localhost:9000/project2/task2/runs_report_plus/k8_r30_opt/iter_15/_temporary/0/task_local171632926_0015_r_000001
26/03/02 03:33:07 INFO mapred.LocalJobRunner: reduce > reduce
26/03/02 03:33:07 INFO mapred.Task: Task 'attempt_local171632926_0015_r_000001_0' done.
26/03/02 03:33:07 INFO mapred.Task: Final Counters for attempt_local171632926_0015_r_000001_0: Counters: 29
	File System Counters
		FILE: Number of bytes read=2197712
		FILE: Number of bytes written=6626046
		FILE: Number of read operations=0
		FILE: Number of large read operations=0
		FILE: Number of write operations=0
		HDFS: Number of bytes read=11056216
		HDFS: Number of bytes written=20806
		HDFS: Number of read operations=811
		HDFS: Number of large read operations=0
		HDFS: Number of write operations=262
	Map-Reduce Framework
		Combine input records=0
		Combine output records=0
		Reduce input groups=2
		Reduce shuffle bytes=114
		Reduce input records=2
		Reduce output records=2
		Spilled Records=2
		Shuffled Maps =1
		Failed Shuffles=0
		Merged Map outputs=1
		GC time elapsed (ms)=0
		Total committed heap usage (bytes)=405274624
	Shuffle Errors
		BAD_ID=0
		CONNECTION=0
		IO_ERROR=0
		WRONG_LENGTH=0
		WRONG_MAP=0
		WRONG_REDUCE=0
	File Output Format Counters 
		Bytes Written=204
26/03/02 03:33:07 INFO mapred.LocalJobRunner: Finishing task: attempt_local171632926_0015_r_000001_0
26/03/02 03:33:07 INFO mapred.LocalJobRunner: Starting task: attempt_local171632926_0015_r_000002_0
26/03/02 03:33:07 INFO output.FileOutputCommitter: File Output Committer Algorithm version is 1
26/03/02 03:33:07 INFO mapred.Task:  Using ResourceCalculatorProcessTree : [ ]
26/03/02 03:33:07 INFO mapred.ReduceTask: Using ShuffleConsumerPlugin: org.apache.hadoop.mapreduce.task.reduce.Shuffle@28a74de9
26/03/02 03:33:07 INFO reduce.MergeManagerImpl: MergerManager: memoryLimit=334338464, maxSingleShuffleLimit=83584616, mergeThreshold=220663392, ioSortFactor=10, memToMemMergeOutputsThreshold=10
26/03/02 03:33:07 INFO reduce.EventFetcher: attempt_local171632926_0015_r_000002_0 Thread started: EventFetcher for fetching Map Completion Events
26/03/02 03:33:07 INFO reduce.LocalFetcher: localfetcher#59 about to shuffle output of map attempt_local171632926_0015_m_000000_0 decomp: 110 len: 114 to MEMORY
26/03/02 03:33:07 INFO reduce.InMemoryMapOutput: Read 110 bytes from map-output for attempt_local171632926_0015_m_000000_0
26/03/02 03:33:07 INFO reduce.MergeManagerImpl: closeInMemoryFile -> map-output of size: 110, inMemoryMapOutputs.size() -> 1, commitMemory -> 0, usedMemory ->110
26/03/02 03:33:07 INFO reduce.EventFetcher: EventFetcher is interrupted.. Returning
26/03/02 03:33:07 INFO mapred.LocalJobRunner: 1 / 1 copied.
26/03/02 03:33:07 INFO reduce.MergeManagerImpl: finalMerge called with 1 in-memory map-outputs and 0 on-disk map-outputs
26/03/02 03:33:07 INFO mapred.Merger: Merging 1 sorted segments
26/03/02 03:33:07 INFO mapred.Merger: Down to the last merge-pass, with 1 segments left of total size: 104 bytes
26/03/02 03:33:07 INFO reduce.MergeManagerImpl: Merged 1 segments, 110 bytes to disk to satisfy reduce memory limit
26/03/02 03:33:07 INFO reduce.MergeManagerImpl: Merging 1 files, 114 bytes from disk
26/03/02 03:33:07 INFO reduce.MergeManagerImpl: Merging 0 segments, 0 bytes from memory into reduce
26/03/02 03:33:07 INFO mapred.Merger: Merging 1 sorted segments
26/03/02 03:33:07 INFO mapred.Merger: Down to the last merge-pass, with 1 segments left of total size: 104 bytes
26/03/02 03:33:07 INFO mapred.LocalJobRunner: 1 / 1 copied.
26/03/02 03:33:07 INFO mapred.Task: Task:attempt_local171632926_0015_r_000002_0 is done. And is in the process of committing
26/03/02 03:33:07 INFO mapred.LocalJobRunner: 1 / 1 copied.
26/03/02 03:33:07 INFO mapred.Task: Task attempt_local171632926_0015_r_000002_0 is allowed to commit now
26/03/02 03:33:07 INFO output.FileOutputCommitter: Saved output of task 'attempt_local171632926_0015_r_000002_0' to hdfs://localhost:9000/project2/task2/runs_report_plus/k8_r30_opt/iter_15/_temporary/0/task_local171632926_0015_r_000002
26/03/02 03:33:07 INFO mapred.LocalJobRunner: reduce > reduce
26/03/02 03:33:07 INFO mapred.Task: Task 'attempt_local171632926_0015_r_000002_0' done.
26/03/02 03:33:07 INFO mapred.Task: Final Counters for attempt_local171632926_0015_r_000002_0: Counters: 29
	File System Counters
		FILE: Number of bytes read=2198158
		FILE: Number of bytes written=6626160
		FILE: Number of read operations=0
		FILE: Number of large read operations=0
		FILE: Number of write operations=0
		HDFS: Number of bytes read=11056216
		HDFS: Number of bytes written=21010
		HDFS: Number of read operations=814
		HDFS: Number of large read operations=0
		HDFS: Number of write operations=264
	Map-Reduce Framework
		Combine input records=0
		Combine output records=0
		Reduce input groups=2
		Reduce shuffle bytes=114
		Reduce input records=2
		Reduce output records=2
		Spilled Records=2
		Shuffled Maps =1
		Failed Shuffles=0
		Merged Map outputs=1
		GC time elapsed (ms)=0
		Total committed heap usage (bytes)=405274624
	Shuffle Errors
		BAD_ID=0
		CONNECTION=0
		IO_ERROR=0
		WRONG_LENGTH=0
		WRONG_MAP=0
		WRONG_REDUCE=0
	File Output Format Counters 
		Bytes Written=204
26/03/02 03:33:07 INFO mapred.LocalJobRunner: Finishing task: attempt_local171632926_0015_r_000002_0
26/03/02 03:33:07 INFO mapred.LocalJobRunner: Starting task: attempt_local171632926_0015_r_000003_0
26/03/02 03:33:07 INFO output.FileOutputCommitter: File Output Committer Algorithm version is 1
26/03/02 03:33:07 INFO mapred.Task:  Using ResourceCalculatorProcessTree : [ ]
26/03/02 03:33:07 INFO mapred.ReduceTask: Using ShuffleConsumerPlugin: org.apache.hadoop.mapreduce.task.reduce.Shuffle@2f2649ec
26/03/02 03:33:07 INFO reduce.MergeManagerImpl: MergerManager: memoryLimit=334338464, maxSingleShuffleLimit=83584616, mergeThreshold=220663392, ioSortFactor=10, memToMemMergeOutputsThreshold=10
26/03/02 03:33:07 INFO reduce.EventFetcher: attempt_local171632926_0015_r_000003_0 Thread started: EventFetcher for fetching Map Completion Events
26/03/02 03:33:07 INFO reduce.LocalFetcher: localfetcher#60 about to shuffle output of map attempt_local171632926_0015_m_000000_0 decomp: 110 len: 114 to MEMORY
26/03/02 03:33:07 INFO reduce.InMemoryMapOutput: Read 110 bytes from map-output for attempt_local171632926_0015_m_000000_0
26/03/02 03:33:07 INFO reduce.MergeManagerImpl: closeInMemoryFile -> map-output of size: 110, inMemoryMapOutputs.size() -> 1, commitMemory -> 0, usedMemory ->110
26/03/02 03:33:07 WARN io.ReadaheadPool: Failed readahead on ifile
EBADF: Bad file descriptor
	at org.apache.hadoop.io.nativeio.NativeIO$POSIX.posix_fadvise(Native Method)
	at org.apache.hadoop.io.nativeio.NativeIO$POSIX.posixFadviseIfPossible(NativeIO.java:267)
	at org.apache.hadoop.io.nativeio.NativeIO$POSIX$CacheManipulator.posixFadviseIfPossible(NativeIO.java:146)
	at org.apache.hadoop.io.ReadaheadPool$ReadaheadRequestImpl.run(ReadaheadPool.java:206)
	at java.util.concurrent.ThreadPoolExecutor.runWorker(ThreadPoolExecutor.java:1149)
	at java.util.concurrent.ThreadPoolExecutor$Worker.run(ThreadPoolExecutor.java:624)
	at java.lang.Thread.run(Thread.java:748)
26/03/02 03:33:07 INFO reduce.EventFetcher: EventFetcher is interrupted.. Returning
26/03/02 03:33:07 INFO mapred.LocalJobRunner: 1 / 1 copied.
26/03/02 03:33:07 INFO reduce.MergeManagerImpl: finalMerge called with 1 in-memory map-outputs and 0 on-disk map-outputs
26/03/02 03:33:07 INFO mapred.Merger: Merging 1 sorted segments
26/03/02 03:33:07 INFO mapred.Merger: Down to the last merge-pass, with 1 segments left of total size: 104 bytes
26/03/02 03:33:07 INFO reduce.MergeManagerImpl: Merged 1 segments, 110 bytes to disk to satisfy reduce memory limit
26/03/02 03:33:07 INFO reduce.MergeManagerImpl: Merging 1 files, 114 bytes from disk
26/03/02 03:33:07 INFO reduce.MergeManagerImpl: Merging 0 segments, 0 bytes from memory into reduce
26/03/02 03:33:07 INFO mapred.Merger: Merging 1 sorted segments
26/03/02 03:33:07 INFO mapred.Merger: Down to the last merge-pass, with 1 segments left of total size: 104 bytes
26/03/02 03:33:07 INFO mapred.LocalJobRunner: 1 / 1 copied.
26/03/02 03:33:07 INFO mapred.Task: Task:attempt_local171632926_0015_r_000003_0 is done. And is in the process of committing
26/03/02 03:33:07 INFO mapred.LocalJobRunner: 1 / 1 copied.
26/03/02 03:33:07 INFO mapred.Task: Task attempt_local171632926_0015_r_000003_0 is allowed to commit now
26/03/02 03:33:07 INFO output.FileOutputCommitter: Saved output of task 'attempt_local171632926_0015_r_000003_0' to hdfs://localhost:9000/project2/task2/runs_report_plus/k8_r30_opt/iter_15/_temporary/0/task_local171632926_0015_r_000003
26/03/02 03:33:07 INFO mapred.LocalJobRunner: reduce > reduce
26/03/02 03:33:07 INFO mapred.Task: Task 'attempt_local171632926_0015_r_000003_0' done.
26/03/02 03:33:07 INFO mapred.Task: Final Counters for attempt_local171632926_0015_r_000003_0: Counters: 29
	File System Counters
		FILE: Number of bytes read=2198490
		FILE: Number of bytes written=6626274
		FILE: Number of read operations=0
		FILE: Number of large read operations=0
		FILE: Number of write operations=0
		HDFS: Number of bytes read=11056216
		HDFS: Number of bytes written=21215
		HDFS: Number of read operations=817
		HDFS: Number of large read operations=0
		HDFS: Number of write operations=266
	Map-Reduce Framework
		Combine input records=0
		Combine output records=0
		Reduce input groups=2
		Reduce shuffle bytes=114
		Reduce input records=2
		Reduce output records=2
		Spilled Records=2
		Shuffled Maps =1
		Failed Shuffles=0
		Merged Map outputs=1
		GC time elapsed (ms)=0
		Total committed heap usage (bytes)=405274624
	Shuffle Errors
		BAD_ID=0
		CONNECTION=0
		IO_ERROR=0
		WRONG_LENGTH=0
		WRONG_MAP=0
		WRONG_REDUCE=0
	File Output Format Counters 
		Bytes Written=205
26/03/02 03:33:07 INFO mapred.LocalJobRunner: Finishing task: attempt_local171632926_0015_r_000003_0
26/03/02 03:33:07 INFO mapred.LocalJobRunner: reduce task executor complete.
26/03/02 03:33:08 INFO mapreduce.Job: Job job_local171632926_0015 running in uber mode : false
26/03/02 03:33:08 INFO mapreduce.Job:  map 100% reduce 100%
26/03/02 03:33:08 INFO mapreduce.Job: Job job_local171632926_0015 completed successfully
26/03/02 03:33:08 INFO mapreduce.Job: Counters: 35
	File System Counters
		FILE: Number of bytes read=10987990
		FILE: Number of bytes written=33130230
		FILE: Number of read operations=0
		FILE: Number of large read operations=0
		FILE: Number of write operations=0
		HDFS: Number of bytes read=55281080
		HDFS: Number of bytes written=104031
		HDFS: Number of read operations=4055
		HDFS: Number of large read operations=0
		HDFS: Number of write operations=1310
	Map-Reduce Framework
		Map input records=10000
		Map output records=10000
		Map output bytes=520000
		Map output materialized bytes=456
		Input split bytes=121
		Combine input records=10000
		Combine output records=8
		Reduce input groups=8
		Reduce shuffle bytes=456
		Reduce input records=8
		Reduce output records=8
		Spilled Records=16
		Shuffled Maps =4
		Failed Shuffles=0
		Merged Map outputs=4
		GC time elapsed (ms)=30
		Total committed heap usage (bytes)=2026373120
	Shuffle Errors
		BAD_ID=0
		CONNECTION=0
		IO_ERROR=0
		WRONG_LENGTH=0
		WRONG_MAP=0
		WRONG_REDUCE=0
	File Input Format Counters 
		Bytes Read=733758
	File Output Format Counters 
		Bytes Written=817
26/03/02 03:33:09 INFO jvm.JvmMetrics: Cannot initialize JVM Metrics with processName=JobTracker, sessionId= - already initialized
26/03/02 03:33:09 WARN mapreduce.JobResourceUploader: Hadoop command-line option parsing not performed. Implement the Tool interface and execute your application with ToolRunner to remedy this.
26/03/02 03:33:09 INFO input.FileInputFormat: Total input paths to process : 1
26/03/02 03:33:09 INFO mapreduce.JobSubmitter: number of splits:1
26/03/02 03:33:09 INFO mapreduce.JobSubmitter: Submitting tokens for job: job_local1172019166_0016
26/03/02 03:33:09 INFO mapred.LocalDistributedCacheManager: Creating symlink: /tmp/hadoop-ds503/mapred/local/1772422389211/centers_iter_15.csv <- /home/ds503/centers_iter_15.csv
26/03/02 03:33:09 INFO mapred.LocalDistributedCacheManager: Localized hdfs://localhost:9000/project2/task2/runs_report_plus/k8_r30_opt/centers_iter_15.csv as file:/tmp/hadoop-ds503/mapred/local/1772422389211/centers_iter_15.csv
26/03/02 03:33:09 INFO mapreduce.Job: The url to track the job: http://localhost:8080/
26/03/02 03:33:09 INFO mapreduce.Job: Running job: job_local1172019166_0016
26/03/02 03:33:09 INFO mapred.LocalJobRunner: OutputCommitter set in config null
26/03/02 03:33:09 INFO output.FileOutputCommitter: File Output Committer Algorithm version is 1
26/03/02 03:33:09 INFO mapred.LocalJobRunner: OutputCommitter is org.apache.hadoop.mapreduce.lib.output.FileOutputCommitter
26/03/02 03:33:09 INFO mapred.LocalJobRunner: Waiting for map tasks
26/03/02 03:33:09 INFO mapred.LocalJobRunner: Starting task: attempt_local1172019166_0016_m_000000_0
26/03/02 03:33:09 INFO output.FileOutputCommitter: File Output Committer Algorithm version is 1
26/03/02 03:33:09 INFO mapred.Task:  Using ResourceCalculatorProcessTree : [ ]
26/03/02 03:33:09 INFO mapred.MapTask: Processing split: hdfs://localhost:9000/project2/task2/input/points_4d.csv:0+733758
26/03/02 03:33:09 INFO mapred.MapTask: (EQUATOR) 0 kvi 26214396(104857584)
26/03/02 03:33:09 INFO mapred.MapTask: mapreduce.task.io.sort.mb: 100
26/03/02 03:33:09 INFO mapred.MapTask: soft limit at 83886080
26/03/02 03:33:09 INFO mapred.MapTask: bufstart = 0; bufvoid = 104857600
26/03/02 03:33:09 INFO mapred.MapTask: kvstart = 26214396; length = 6553600
26/03/02 03:33:09 INFO mapred.MapTask: Map output collector class = org.apache.hadoop.mapred.MapTask$MapOutputBuffer
26/03/02 03:33:09 INFO mapred.LocalJobRunner: 
26/03/02 03:33:09 INFO mapred.MapTask: Starting flush of map output
26/03/02 03:33:09 INFO mapred.MapTask: Spilling map output
26/03/02 03:33:09 INFO mapred.MapTask: bufstart = 0; bufend = 520000; bufvoid = 104857600
26/03/02 03:33:09 INFO mapred.MapTask: kvstart = 26214396(104857584); kvend = 26174400(104697600); length = 39997/6553600
26/03/02 03:33:09 INFO mapred.MapTask: Finished spill 0
26/03/02 03:33:09 INFO mapred.Task: Task:attempt_local1172019166_0016_m_000000_0 is done. And is in the process of committing
26/03/02 03:33:09 INFO mapred.LocalJobRunner: map
26/03/02 03:33:09 INFO mapred.Task: Task 'attempt_local1172019166_0016_m_000000_0' done.
26/03/02 03:33:09 INFO mapred.Task: Final Counters for attempt_local1172019166_0016_m_000000_0: Counters: 23
	File System Counters
		FILE: Number of bytes read=2343044
		FILE: Number of bytes written=7068741
		FILE: Number of read operations=0
		FILE: Number of large read operations=0
		FILE: Number of write operations=0
		HDFS: Number of bytes read=11793425
		HDFS: Number of bytes written=21822
		HDFS: Number of read operations=861
		HDFS: Number of large read operations=0
		HDFS: Number of write operations=276
	Map-Reduce Framework
		Map input records=10000
		Map output records=10000
		Map output bytes=520000
		Map output materialized bytes=456
		Input split bytes=121
		Combine input records=10000
		Combine output records=8
		Spilled Records=8
		Failed Shuffles=0
		Merged Map outputs=0
		GC time elapsed (ms)=0
		Total committed heap usage (bytes)=405274624
	File Input Format Counters 
		Bytes Read=733758
26/03/02 03:33:09 INFO mapred.LocalJobRunner: Finishing task: attempt_local1172019166_0016_m_000000_0
26/03/02 03:33:09 INFO mapred.LocalJobRunner: map task executor complete.
26/03/02 03:33:09 INFO mapred.LocalJobRunner: Waiting for reduce tasks
26/03/02 03:33:09 INFO mapred.LocalJobRunner: Starting task: attempt_local1172019166_0016_r_000000_0
26/03/02 03:33:09 INFO output.FileOutputCommitter: File Output Committer Algorithm version is 1
26/03/02 03:33:09 INFO mapred.Task:  Using ResourceCalculatorProcessTree : [ ]
26/03/02 03:33:09 INFO mapred.ReduceTask: Using ShuffleConsumerPlugin: org.apache.hadoop.mapreduce.task.reduce.Shuffle@35a66f0c
26/03/02 03:33:09 INFO reduce.MergeManagerImpl: MergerManager: memoryLimit=334338464, maxSingleShuffleLimit=83584616, mergeThreshold=220663392, ioSortFactor=10, memToMemMergeOutputsThreshold=10
26/03/02 03:33:09 INFO reduce.EventFetcher: attempt_local1172019166_0016_r_000000_0 Thread started: EventFetcher for fetching Map Completion Events
26/03/02 03:33:09 INFO reduce.LocalFetcher: localfetcher#61 about to shuffle output of map attempt_local1172019166_0016_m_000000_0 decomp: 110 len: 114 to MEMORY
26/03/02 03:33:09 INFO reduce.InMemoryMapOutput: Read 110 bytes from map-output for attempt_local1172019166_0016_m_000000_0
26/03/02 03:33:09 INFO reduce.MergeManagerImpl: closeInMemoryFile -> map-output of size: 110, inMemoryMapOutputs.size() -> 1, commitMemory -> 0, usedMemory ->110
26/03/02 03:33:09 INFO reduce.EventFetcher: EventFetcher is interrupted.. Returning
26/03/02 03:33:09 INFO mapred.LocalJobRunner: 1 / 1 copied.
26/03/02 03:33:09 INFO reduce.MergeManagerImpl: finalMerge called with 1 in-memory map-outputs and 0 on-disk map-outputs
26/03/02 03:33:09 INFO mapred.Merger: Merging 1 sorted segments
26/03/02 03:33:09 INFO mapred.Merger: Down to the last merge-pass, with 1 segments left of total size: 104 bytes
26/03/02 03:33:09 INFO reduce.MergeManagerImpl: Merged 1 segments, 110 bytes to disk to satisfy reduce memory limit
26/03/02 03:33:09 INFO reduce.MergeManagerImpl: Merging 1 files, 114 bytes from disk
26/03/02 03:33:09 INFO reduce.MergeManagerImpl: Merging 0 segments, 0 bytes from memory into reduce
26/03/02 03:33:09 INFO mapred.Merger: Merging 1 sorted segments
26/03/02 03:33:09 INFO mapred.Merger: Down to the last merge-pass, with 1 segments left of total size: 104 bytes
26/03/02 03:33:09 INFO mapred.LocalJobRunner: 1 / 1 copied.
26/03/02 03:33:09 INFO mapred.Task: Task:attempt_local1172019166_0016_r_000000_0 is done. And is in the process of committing
26/03/02 03:33:09 INFO mapred.LocalJobRunner: 1 / 1 copied.
26/03/02 03:33:09 INFO mapred.Task: Task attempt_local1172019166_0016_r_000000_0 is allowed to commit now
26/03/02 03:33:09 INFO output.FileOutputCommitter: Saved output of task 'attempt_local1172019166_0016_r_000000_0' to hdfs://localhost:9000/project2/task2/runs_report_plus/k8_r30_opt/iter_16/_temporary/0/task_local1172019166_0016_r_000000
26/03/02 03:33:09 INFO mapred.LocalJobRunner: reduce > reduce
26/03/02 03:33:09 INFO mapred.Task: Task 'attempt_local1172019166_0016_r_000000_0' done.
26/03/02 03:33:09 INFO mapred.Task: Final Counters for attempt_local1172019166_0016_r_000000_0: Counters: 29
	File System Counters
		FILE: Number of bytes read=2343718
		FILE: Number of bytes written=7068855
		FILE: Number of read operations=0
		FILE: Number of large read operations=0
		FILE: Number of write operations=0
		HDFS: Number of bytes read=11793425
		HDFS: Number of bytes written=22022
		HDFS: Number of read operations=864
		HDFS: Number of large read operations=0
		HDFS: Number of write operations=278
	Map-Reduce Framework
		Combine input records=0
		Combine output records=0
		Reduce input groups=2
		Reduce shuffle bytes=114
		Reduce input records=2
		Reduce output records=2
		Spilled Records=2
		Shuffled Maps =1
		Failed Shuffles=0
		Merged Map outputs=1
		GC time elapsed (ms)=0
		Total committed heap usage (bytes)=405274624
	Shuffle Errors
		BAD_ID=0
		CONNECTION=0
		IO_ERROR=0
		WRONG_LENGTH=0
		WRONG_MAP=0
		WRONG_REDUCE=0
	File Output Format Counters 
		Bytes Written=200
26/03/02 03:33:09 INFO mapred.LocalJobRunner: Finishing task: attempt_local1172019166_0016_r_000000_0
26/03/02 03:33:09 INFO mapred.LocalJobRunner: Starting task: attempt_local1172019166_0016_r_000001_0
26/03/02 03:33:09 INFO output.FileOutputCommitter: File Output Committer Algorithm version is 1
26/03/02 03:33:09 INFO mapred.Task:  Using ResourceCalculatorProcessTree : [ ]
26/03/02 03:33:09 INFO mapred.ReduceTask: Using ShuffleConsumerPlugin: org.apache.hadoop.mapreduce.task.reduce.Shuffle@7c8453bb
26/03/02 03:33:09 INFO reduce.MergeManagerImpl: MergerManager: memoryLimit=334338464, maxSingleShuffleLimit=83584616, mergeThreshold=220663392, ioSortFactor=10, memToMemMergeOutputsThreshold=10
26/03/02 03:33:09 INFO reduce.EventFetcher: attempt_local1172019166_0016_r_000001_0 Thread started: EventFetcher for fetching Map Completion Events
26/03/02 03:33:09 INFO reduce.LocalFetcher: localfetcher#62 about to shuffle output of map attempt_local1172019166_0016_m_000000_0 decomp: 110 len: 114 to MEMORY
26/03/02 03:33:09 INFO reduce.InMemoryMapOutput: Read 110 bytes from map-output for attempt_local1172019166_0016_m_000000_0
26/03/02 03:33:09 INFO reduce.MergeManagerImpl: closeInMemoryFile -> map-output of size: 110, inMemoryMapOutputs.size() -> 1, commitMemory -> 0, usedMemory ->110
26/03/02 03:33:09 INFO reduce.EventFetcher: EventFetcher is interrupted.. Returning
26/03/02 03:33:09 INFO mapred.LocalJobRunner: 1 / 1 copied.
26/03/02 03:33:09 INFO reduce.MergeManagerImpl: finalMerge called with 1 in-memory map-outputs and 0 on-disk map-outputs
26/03/02 03:33:09 INFO mapred.Merger: Merging 1 sorted segments
26/03/02 03:33:09 INFO mapred.Merger: Down to the last merge-pass, with 1 segments left of total size: 104 bytes
26/03/02 03:33:09 INFO reduce.MergeManagerImpl: Merged 1 segments, 110 bytes to disk to satisfy reduce memory limit
26/03/02 03:33:09 INFO reduce.MergeManagerImpl: Merging 1 files, 114 bytes from disk
26/03/02 03:33:09 INFO reduce.MergeManagerImpl: Merging 0 segments, 0 bytes from memory into reduce
26/03/02 03:33:09 INFO mapred.Merger: Merging 1 sorted segments
26/03/02 03:33:09 INFO mapred.Merger: Down to the last merge-pass, with 1 segments left of total size: 104 bytes
26/03/02 03:33:09 INFO mapred.LocalJobRunner: 1 / 1 copied.
26/03/02 03:33:09 INFO mapred.Task: Task:attempt_local1172019166_0016_r_000001_0 is done. And is in the process of committing
26/03/02 03:33:09 INFO mapred.LocalJobRunner: 1 / 1 copied.
26/03/02 03:33:09 INFO mapred.Task: Task attempt_local1172019166_0016_r_000001_0 is allowed to commit now
26/03/02 03:33:09 INFO output.FileOutputCommitter: Saved output of task 'attempt_local1172019166_0016_r_000001_0' to hdfs://localhost:9000/project2/task2/runs_report_plus/k8_r30_opt/iter_16/_temporary/0/task_local1172019166_0016_r_000001
26/03/02 03:33:09 INFO mapred.LocalJobRunner: reduce > reduce
26/03/02 03:33:09 INFO mapred.Task: Task 'attempt_local1172019166_0016_r_000001_0' done.
26/03/02 03:33:09 INFO mapred.Task: Final Counters for attempt_local1172019166_0016_r_000001_0: Counters: 29
	File System Counters
		FILE: Number of bytes read=2344278
		FILE: Number of bytes written=7068969
		FILE: Number of read operations=0
		FILE: Number of large read operations=0
		FILE: Number of write operations=0
		HDFS: Number of bytes read=11793425
		HDFS: Number of bytes written=22224
		HDFS: Number of read operations=867
		HDFS: Number of large read operations=0
		HDFS: Number of write operations=280
	Map-Reduce Framework
		Combine input records=0
		Combine output records=0
		Reduce input groups=2
		Reduce shuffle bytes=114
		Reduce input records=2
		Reduce output records=2
		Spilled Records=2
		Shuffled Maps =1
		Failed Shuffles=0
		Merged Map outputs=1
		GC time elapsed (ms)=0
		Total committed heap usage (bytes)=405274624
	Shuffle Errors
		BAD_ID=0
		CONNECTION=0
		IO_ERROR=0
		WRONG_LENGTH=0
		WRONG_MAP=0
		WRONG_REDUCE=0
	File Output Format Counters 
		Bytes Written=202
26/03/02 03:33:09 INFO mapred.LocalJobRunner: Finishing task: attempt_local1172019166_0016_r_000001_0
26/03/02 03:33:09 INFO mapred.LocalJobRunner: Starting task: attempt_local1172019166_0016_r_000002_0
26/03/02 03:33:09 INFO output.FileOutputCommitter: File Output Committer Algorithm version is 1
26/03/02 03:33:09 INFO mapred.Task:  Using ResourceCalculatorProcessTree : [ ]
26/03/02 03:33:09 INFO mapred.ReduceTask: Using ShuffleConsumerPlugin: org.apache.hadoop.mapreduce.task.reduce.Shuffle@4ded4d1
26/03/02 03:33:09 INFO reduce.MergeManagerImpl: MergerManager: memoryLimit=334338464, maxSingleShuffleLimit=83584616, mergeThreshold=220663392, ioSortFactor=10, memToMemMergeOutputsThreshold=10
26/03/02 03:33:09 INFO reduce.EventFetcher: attempt_local1172019166_0016_r_000002_0 Thread started: EventFetcher for fetching Map Completion Events
26/03/02 03:33:09 INFO reduce.LocalFetcher: localfetcher#63 about to shuffle output of map attempt_local1172019166_0016_m_000000_0 decomp: 110 len: 114 to MEMORY
26/03/02 03:33:09 INFO reduce.InMemoryMapOutput: Read 110 bytes from map-output for attempt_local1172019166_0016_m_000000_0
26/03/02 03:33:09 INFO reduce.MergeManagerImpl: closeInMemoryFile -> map-output of size: 110, inMemoryMapOutputs.size() -> 1, commitMemory -> 0, usedMemory ->110
26/03/02 03:33:09 INFO reduce.EventFetcher: EventFetcher is interrupted.. Returning
26/03/02 03:33:09 INFO mapred.LocalJobRunner: 1 / 1 copied.
26/03/02 03:33:09 INFO reduce.MergeManagerImpl: finalMerge called with 1 in-memory map-outputs and 0 on-disk map-outputs
26/03/02 03:33:09 INFO mapred.Merger: Merging 1 sorted segments
26/03/02 03:33:09 INFO mapred.Merger: Down to the last merge-pass, with 1 segments left of total size: 104 bytes
26/03/02 03:33:09 INFO reduce.MergeManagerImpl: Merged 1 segments, 110 bytes to disk to satisfy reduce memory limit
26/03/02 03:33:09 INFO reduce.MergeManagerImpl: Merging 1 files, 114 bytes from disk
26/03/02 03:33:09 INFO reduce.MergeManagerImpl: Merging 0 segments, 0 bytes from memory into reduce
26/03/02 03:33:09 INFO mapred.Merger: Merging 1 sorted segments
26/03/02 03:33:09 INFO mapred.Merger: Down to the last merge-pass, with 1 segments left of total size: 104 bytes
26/03/02 03:33:09 INFO mapred.LocalJobRunner: 1 / 1 copied.
26/03/02 03:33:09 INFO mapred.Task: Task:attempt_local1172019166_0016_r_000002_0 is done. And is in the process of committing
26/03/02 03:33:09 INFO mapred.LocalJobRunner: 1 / 1 copied.
26/03/02 03:33:09 INFO mapred.Task: Task attempt_local1172019166_0016_r_000002_0 is allowed to commit now
26/03/02 03:33:09 INFO output.FileOutputCommitter: Saved output of task 'attempt_local1172019166_0016_r_000002_0' to hdfs://localhost:9000/project2/task2/runs_report_plus/k8_r30_opt/iter_16/_temporary/0/task_local1172019166_0016_r_000002
26/03/02 03:33:09 INFO mapred.LocalJobRunner: reduce > reduce
26/03/02 03:33:09 INFO mapred.Task: Task 'attempt_local1172019166_0016_r_000002_0' done.
26/03/02 03:33:09 INFO mapred.Task: Final Counters for attempt_local1172019166_0016_r_000002_0: Counters: 29
	File System Counters
		FILE: Number of bytes read=2344724
		FILE: Number of bytes written=7069083
		FILE: Number of read operations=0
		FILE: Number of large read operations=0
		FILE: Number of write operations=0
		HDFS: Number of bytes read=11793425
		HDFS: Number of bytes written=22427
		HDFS: Number of read operations=870
		HDFS: Number of large read operations=0
		HDFS: Number of write operations=282
	Map-Reduce Framework
		Combine input records=0
		Combine output records=0
		Reduce input groups=2
		Reduce shuffle bytes=114
		Reduce input records=2
		Reduce output records=2
		Spilled Records=2
		Shuffled Maps =1
		Failed Shuffles=0
		Merged Map outputs=1
		GC time elapsed (ms)=0
		Total committed heap usage (bytes)=405274624
	Shuffle Errors
		BAD_ID=0
		CONNECTION=0
		IO_ERROR=0
		WRONG_LENGTH=0
		WRONG_MAP=0
		WRONG_REDUCE=0
	File Output Format Counters 
		Bytes Written=203
26/03/02 03:33:09 INFO mapred.LocalJobRunner: Finishing task: attempt_local1172019166_0016_r_000002_0
26/03/02 03:33:09 INFO mapred.LocalJobRunner: Starting task: attempt_local1172019166_0016_r_000003_0
26/03/02 03:33:09 INFO output.FileOutputCommitter: File Output Committer Algorithm version is 1
26/03/02 03:33:09 INFO mapred.Task:  Using ResourceCalculatorProcessTree : [ ]
26/03/02 03:33:09 INFO mapred.ReduceTask: Using ShuffleConsumerPlugin: org.apache.hadoop.mapreduce.task.reduce.Shuffle@44b4f3c2
26/03/02 03:33:09 INFO reduce.MergeManagerImpl: MergerManager: memoryLimit=334338464, maxSingleShuffleLimit=83584616, mergeThreshold=220663392, ioSortFactor=10, memToMemMergeOutputsThreshold=10
26/03/02 03:33:09 INFO reduce.EventFetcher: attempt_local1172019166_0016_r_000003_0 Thread started: EventFetcher for fetching Map Completion Events
26/03/02 03:33:09 INFO reduce.LocalFetcher: localfetcher#64 about to shuffle output of map attempt_local1172019166_0016_m_000000_0 decomp: 110 len: 114 to MEMORY
26/03/02 03:33:09 INFO reduce.InMemoryMapOutput: Read 110 bytes from map-output for attempt_local1172019166_0016_m_000000_0
26/03/02 03:33:09 INFO reduce.MergeManagerImpl: closeInMemoryFile -> map-output of size: 110, inMemoryMapOutputs.size() -> 1, commitMemory -> 0, usedMemory ->110
26/03/02 03:33:09 INFO reduce.EventFetcher: EventFetcher is interrupted.. Returning
26/03/02 03:33:09 INFO mapred.LocalJobRunner: 1 / 1 copied.
26/03/02 03:33:09 INFO reduce.MergeManagerImpl: finalMerge called with 1 in-memory map-outputs and 0 on-disk map-outputs
26/03/02 03:33:09 INFO mapred.Merger: Merging 1 sorted segments
26/03/02 03:33:09 INFO mapred.Merger: Down to the last merge-pass, with 1 segments left of total size: 104 bytes
26/03/02 03:33:09 INFO reduce.MergeManagerImpl: Merged 1 segments, 110 bytes to disk to satisfy reduce memory limit
26/03/02 03:33:09 INFO reduce.MergeManagerImpl: Merging 1 files, 114 bytes from disk
26/03/02 03:33:09 INFO reduce.MergeManagerImpl: Merging 0 segments, 0 bytes from memory into reduce
26/03/02 03:33:09 INFO mapred.Merger: Merging 1 sorted segments
26/03/02 03:33:09 INFO mapred.Merger: Down to the last merge-pass, with 1 segments left of total size: 104 bytes
26/03/02 03:33:09 INFO mapred.LocalJobRunner: 1 / 1 copied.
26/03/02 03:33:09 INFO mapred.Task: Task:attempt_local1172019166_0016_r_000003_0 is done. And is in the process of committing
26/03/02 03:33:09 INFO mapred.LocalJobRunner: 1 / 1 copied.
26/03/02 03:33:09 INFO mapred.Task: Task attempt_local1172019166_0016_r_000003_0 is allowed to commit now
26/03/02 03:33:09 INFO output.FileOutputCommitter: Saved output of task 'attempt_local1172019166_0016_r_000003_0' to hdfs://localhost:9000/project2/task2/runs_report_plus/k8_r30_opt/iter_16/_temporary/0/task_local1172019166_0016_r_000003
26/03/02 03:33:09 INFO mapred.LocalJobRunner: reduce > reduce
26/03/02 03:33:09 INFO mapred.Task: Task 'attempt_local1172019166_0016_r_000003_0' done.
26/03/02 03:33:09 INFO mapred.Task: Final Counters for attempt_local1172019166_0016_r_000003_0: Counters: 29
	File System Counters
		FILE: Number of bytes read=2345056
		FILE: Number of bytes written=7069197
		FILE: Number of read operations=0
		FILE: Number of large read operations=0
		FILE: Number of write operations=0
		HDFS: Number of bytes read=11793425
		HDFS: Number of bytes written=22632
		HDFS: Number of read operations=873
		HDFS: Number of large read operations=0
		HDFS: Number of write operations=284
	Map-Reduce Framework
		Combine input records=0
		Combine output records=0
		Reduce input groups=2
		Reduce shuffle bytes=114
		Reduce input records=2
		Reduce output records=2
		Spilled Records=2
		Shuffled Maps =1
		Failed Shuffles=0
		Merged Map outputs=1
		GC time elapsed (ms)=0
		Total committed heap usage (bytes)=405274624
	Shuffle Errors
		BAD_ID=0
		CONNECTION=0
		IO_ERROR=0
		WRONG_LENGTH=0
		WRONG_MAP=0
		WRONG_REDUCE=0
	File Output Format Counters 
		Bytes Written=205
26/03/02 03:33:09 INFO mapred.LocalJobRunner: Finishing task: attempt_local1172019166_0016_r_000003_0
26/03/02 03:33:09 INFO mapred.LocalJobRunner: reduce task executor complete.
26/03/02 03:33:10 INFO mapreduce.Job: Job job_local1172019166_0016 running in uber mode : false
26/03/02 03:33:10 INFO mapreduce.Job:  map 100% reduce 100%
26/03/02 03:33:10 INFO mapreduce.Job: Job job_local1172019166_0016 completed successfully
26/03/02 03:33:10 INFO mapreduce.Job: Counters: 35
	File System Counters
		FILE: Number of bytes read=11720820
		FILE: Number of bytes written=35344845
		FILE: Number of read operations=0
		FILE: Number of large read operations=0
		FILE: Number of write operations=0
		HDFS: Number of bytes read=58967125
		HDFS: Number of bytes written=111127
		HDFS: Number of read operations=4335
		HDFS: Number of large read operations=0
		HDFS: Number of write operations=1400
	Map-Reduce Framework
		Map input records=10000
		Map output records=10000
		Map output bytes=520000
		Map output materialized bytes=456
		Input split bytes=121
		Combine input records=10000
		Combine output records=8
		Reduce input groups=8
		Reduce shuffle bytes=456
		Reduce input records=8
		Reduce output records=8
		Spilled Records=16
		Shuffled Maps =4
		Failed Shuffles=0
		Merged Map outputs=4
		GC time elapsed (ms)=0
		Total committed heap usage (bytes)=2026373120
	Shuffle Errors
		BAD_ID=0
		CONNECTION=0
		IO_ERROR=0
		WRONG_LENGTH=0
		WRONG_MAP=0
		WRONG_REDUCE=0
	File Input Format Counters 
		Bytes Read=733758
	File Output Format Counters 
		Bytes Written=810
26/03/02 03:33:10 INFO jvm.JvmMetrics: Cannot initialize JVM Metrics with processName=JobTracker, sessionId= - already initialized
26/03/02 03:33:10 WARN mapreduce.JobResourceUploader: Hadoop command-line option parsing not performed. Implement the Tool interface and execute your application with ToolRunner to remedy this.
26/03/02 03:33:10 INFO input.FileInputFormat: Total input paths to process : 1
26/03/02 03:33:10 INFO mapreduce.JobSubmitter: number of splits:1
26/03/02 03:33:10 INFO mapreduce.JobSubmitter: Submitting tokens for job: job_local833653263_0017
26/03/02 03:33:10 INFO mapred.LocalDistributedCacheManager: Creating symlink: /tmp/hadoop-ds503/mapred/local/1772422390288/centers_iter_16.csv <- /home/ds503/centers_iter_16.csv
26/03/02 03:33:10 INFO mapred.LocalDistributedCacheManager: Localized hdfs://localhost:9000/project2/task2/runs_report_plus/k8_r30_opt/centers_iter_16.csv as file:/tmp/hadoop-ds503/mapred/local/1772422390288/centers_iter_16.csv
26/03/02 03:33:10 INFO mapreduce.Job: The url to track the job: http://localhost:8080/
26/03/02 03:33:10 INFO mapreduce.Job: Running job: job_local833653263_0017
26/03/02 03:33:10 INFO mapred.LocalJobRunner: OutputCommitter set in config null
26/03/02 03:33:10 INFO output.FileOutputCommitter: File Output Committer Algorithm version is 1
26/03/02 03:33:10 INFO mapred.LocalJobRunner: OutputCommitter is org.apache.hadoop.mapreduce.lib.output.FileOutputCommitter
26/03/02 03:33:10 INFO mapred.LocalJobRunner: Waiting for map tasks
26/03/02 03:33:10 INFO mapred.LocalJobRunner: Starting task: attempt_local833653263_0017_m_000000_0
26/03/02 03:33:10 INFO output.FileOutputCommitter: File Output Committer Algorithm version is 1
26/03/02 03:33:10 INFO mapred.Task:  Using ResourceCalculatorProcessTree : [ ]
26/03/02 03:33:10 INFO mapred.MapTask: Processing split: hdfs://localhost:9000/project2/task2/input/points_4d.csv:0+733758
26/03/02 03:33:10 INFO mapred.MapTask: (EQUATOR) 0 kvi 26214396(104857584)
26/03/02 03:33:10 INFO mapred.MapTask: mapreduce.task.io.sort.mb: 100
26/03/02 03:33:10 INFO mapred.MapTask: soft limit at 83886080
26/03/02 03:33:10 INFO mapred.MapTask: bufstart = 0; bufvoid = 104857600
26/03/02 03:33:10 INFO mapred.MapTask: kvstart = 26214396; length = 6553600
26/03/02 03:33:10 INFO mapred.MapTask: Map output collector class = org.apache.hadoop.mapred.MapTask$MapOutputBuffer
26/03/02 03:33:10 INFO mapred.LocalJobRunner: 
26/03/02 03:33:10 INFO mapred.MapTask: Starting flush of map output
26/03/02 03:33:10 INFO mapred.MapTask: Spilling map output
26/03/02 03:33:10 INFO mapred.MapTask: bufstart = 0; bufend = 520000; bufvoid = 104857600
26/03/02 03:33:10 INFO mapred.MapTask: kvstart = 26214396(104857584); kvend = 26174400(104697600); length = 39997/6553600
26/03/02 03:33:10 INFO mapred.MapTask: Finished spill 0
26/03/02 03:33:10 INFO mapred.Task: Task:attempt_local833653263_0017_m_000000_0 is done. And is in the process of committing
26/03/02 03:33:10 INFO mapred.LocalJobRunner: map
26/03/02 03:33:10 INFO mapred.Task: Task 'attempt_local833653263_0017_m_000000_0' done.
26/03/02 03:33:10 INFO mapred.Task: Final Counters for attempt_local833653263_0017_m_000000_0: Counters: 23
	File System Counters
		FILE: Number of bytes read=2489610
		FILE: Number of bytes written=7510071
		FILE: Number of read operations=0
		FILE: Number of large read operations=0
		FILE: Number of write operations=0
		HDFS: Number of bytes read=12530614
		HDFS: Number of bytes written=23234
		HDFS: Number of read operations=917
		HDFS: Number of large read operations=0
		HDFS: Number of write operations=294
	Map-Reduce Framework
		Map input records=10000
		Map output records=10000
		Map output bytes=520000
		Map output materialized bytes=456
		Input split bytes=121
		Combine input records=10000
		Combine output records=8
		Spilled Records=8
		Failed Shuffles=0
		Merged Map outputs=0
		GC time elapsed (ms)=30
		Total committed heap usage (bytes)=427294720
	File Input Format Counters 
		Bytes Read=733758
26/03/02 03:33:10 INFO mapred.LocalJobRunner: Finishing task: attempt_local833653263_0017_m_000000_0
26/03/02 03:33:10 INFO mapred.LocalJobRunner: map task executor complete.
26/03/02 03:33:10 INFO mapred.LocalJobRunner: Waiting for reduce tasks
26/03/02 03:33:10 INFO mapred.LocalJobRunner: Starting task: attempt_local833653263_0017_r_000000_0
26/03/02 03:33:10 INFO output.FileOutputCommitter: File Output Committer Algorithm version is 1
26/03/02 03:33:10 INFO mapred.Task:  Using ResourceCalculatorProcessTree : [ ]
26/03/02 03:33:10 INFO mapred.ReduceTask: Using ShuffleConsumerPlugin: org.apache.hadoop.mapreduce.task.reduce.Shuffle@316472aa
26/03/02 03:33:10 INFO reduce.MergeManagerImpl: MergerManager: memoryLimit=334338464, maxSingleShuffleLimit=83584616, mergeThreshold=220663392, ioSortFactor=10, memToMemMergeOutputsThreshold=10
26/03/02 03:33:10 INFO reduce.EventFetcher: attempt_local833653263_0017_r_000000_0 Thread started: EventFetcher for fetching Map Completion Events
26/03/02 03:33:10 INFO reduce.LocalFetcher: localfetcher#65 about to shuffle output of map attempt_local833653263_0017_m_000000_0 decomp: 110 len: 114 to MEMORY
26/03/02 03:33:10 INFO reduce.InMemoryMapOutput: Read 110 bytes from map-output for attempt_local833653263_0017_m_000000_0
26/03/02 03:33:10 INFO reduce.MergeManagerImpl: closeInMemoryFile -> map-output of size: 110, inMemoryMapOutputs.size() -> 1, commitMemory -> 0, usedMemory ->110
26/03/02 03:33:10 WARN io.ReadaheadPool: Failed readahead on ifile
EBADF: Bad file descriptor
	at org.apache.hadoop.io.nativeio.NativeIO$POSIX.posix_fadvise(Native Method)
	at org.apache.hadoop.io.nativeio.NativeIO$POSIX.posixFadviseIfPossible(NativeIO.java:267)
	at org.apache.hadoop.io.nativeio.NativeIO$POSIX$CacheManipulator.posixFadviseIfPossible(NativeIO.java:146)
	at org.apache.hadoop.io.ReadaheadPool$ReadaheadRequestImpl.run(ReadaheadPool.java:206)
	at java.util.concurrent.ThreadPoolExecutor.runWorker(ThreadPoolExecutor.java:1149)
	at java.util.concurrent.ThreadPoolExecutor$Worker.run(ThreadPoolExecutor.java:624)
	at java.lang.Thread.run(Thread.java:748)
26/03/02 03:33:10 INFO reduce.EventFetcher: EventFetcher is interrupted.. Returning
26/03/02 03:33:10 INFO mapred.LocalJobRunner: 1 / 1 copied.
26/03/02 03:33:10 INFO reduce.MergeManagerImpl: finalMerge called with 1 in-memory map-outputs and 0 on-disk map-outputs
26/03/02 03:33:10 INFO mapred.Merger: Merging 1 sorted segments
26/03/02 03:33:10 INFO mapred.Merger: Down to the last merge-pass, with 1 segments left of total size: 104 bytes
26/03/02 03:33:10 INFO reduce.MergeManagerImpl: Merged 1 segments, 110 bytes to disk to satisfy reduce memory limit
26/03/02 03:33:10 INFO reduce.MergeManagerImpl: Merging 1 files, 114 bytes from disk
26/03/02 03:33:10 INFO reduce.MergeManagerImpl: Merging 0 segments, 0 bytes from memory into reduce
26/03/02 03:33:10 INFO mapred.Merger: Merging 1 sorted segments
26/03/02 03:33:10 INFO mapred.Merger: Down to the last merge-pass, with 1 segments left of total size: 104 bytes
26/03/02 03:33:10 INFO mapred.LocalJobRunner: 1 / 1 copied.
26/03/02 03:33:10 INFO mapred.Task: Task:attempt_local833653263_0017_r_000000_0 is done. And is in the process of committing
26/03/02 03:33:10 INFO mapred.LocalJobRunner: 1 / 1 copied.
26/03/02 03:33:10 INFO mapred.Task: Task attempt_local833653263_0017_r_000000_0 is allowed to commit now
26/03/02 03:33:10 INFO output.FileOutputCommitter: Saved output of task 'attempt_local833653263_0017_r_000000_0' to hdfs://localhost:9000/project2/task2/runs_report_plus/k8_r30_opt/iter_17/_temporary/0/task_local833653263_0017_r_000000
26/03/02 03:33:10 INFO mapred.LocalJobRunner: reduce > reduce
26/03/02 03:33:10 INFO mapred.Task: Task 'attempt_local833653263_0017_r_000000_0' done.
26/03/02 03:33:10 INFO mapred.Task: Final Counters for attempt_local833653263_0017_r_000000_0: Counters: 29
	File System Counters
		FILE: Number of bytes read=2490284
		FILE: Number of bytes written=7510185
		FILE: Number of read operations=0
		FILE: Number of large read operations=0
		FILE: Number of write operations=0
		HDFS: Number of bytes read=12530614
		HDFS: Number of bytes written=23436
		HDFS: Number of read operations=920
		HDFS: Number of large read operations=0
		HDFS: Number of write operations=296
	Map-Reduce Framework
		Combine input records=0
		Combine output records=0
		Reduce input groups=2
		Reduce shuffle bytes=114
		Reduce input records=2
		Reduce output records=2
		Spilled Records=2
		Shuffled Maps =1
		Failed Shuffles=0
		Merged Map outputs=1
		GC time elapsed (ms)=0
		Total committed heap usage (bytes)=427294720
	Shuffle Errors
		BAD_ID=0
		CONNECTION=0
		IO_ERROR=0
		WRONG_LENGTH=0
		WRONG_MAP=0
		WRONG_REDUCE=0
	File Output Format Counters 
		Bytes Written=202
26/03/02 03:33:10 INFO mapred.LocalJobRunner: Finishing task: attempt_local833653263_0017_r_000000_0
26/03/02 03:33:10 INFO mapred.LocalJobRunner: Starting task: attempt_local833653263_0017_r_000001_0
26/03/02 03:33:10 INFO output.FileOutputCommitter: File Output Committer Algorithm version is 1
26/03/02 03:33:10 INFO mapred.Task:  Using ResourceCalculatorProcessTree : [ ]
26/03/02 03:33:10 INFO mapred.ReduceTask: Using ShuffleConsumerPlugin: org.apache.hadoop.mapreduce.task.reduce.Shuffle@6cfd4c96
26/03/02 03:33:10 INFO reduce.MergeManagerImpl: MergerManager: memoryLimit=334338464, maxSingleShuffleLimit=83584616, mergeThreshold=220663392, ioSortFactor=10, memToMemMergeOutputsThreshold=10
26/03/02 03:33:10 INFO reduce.EventFetcher: attempt_local833653263_0017_r_000001_0 Thread started: EventFetcher for fetching Map Completion Events
26/03/02 03:33:10 INFO reduce.LocalFetcher: localfetcher#66 about to shuffle output of map attempt_local833653263_0017_m_000000_0 decomp: 110 len: 114 to MEMORY
26/03/02 03:33:10 INFO reduce.InMemoryMapOutput: Read 110 bytes from map-output for attempt_local833653263_0017_m_000000_0
26/03/02 03:33:10 INFO reduce.MergeManagerImpl: closeInMemoryFile -> map-output of size: 110, inMemoryMapOutputs.size() -> 1, commitMemory -> 0, usedMemory ->110
26/03/02 03:33:10 INFO reduce.EventFetcher: EventFetcher is interrupted.. Returning
26/03/02 03:33:10 INFO mapred.LocalJobRunner: 1 / 1 copied.
26/03/02 03:33:10 INFO reduce.MergeManagerImpl: finalMerge called with 1 in-memory map-outputs and 0 on-disk map-outputs
26/03/02 03:33:10 INFO mapred.Merger: Merging 1 sorted segments
26/03/02 03:33:10 INFO mapred.Merger: Down to the last merge-pass, with 1 segments left of total size: 104 bytes
26/03/02 03:33:10 INFO reduce.MergeManagerImpl: Merged 1 segments, 110 bytes to disk to satisfy reduce memory limit
26/03/02 03:33:10 INFO reduce.MergeManagerImpl: Merging 1 files, 114 bytes from disk
26/03/02 03:33:10 INFO reduce.MergeManagerImpl: Merging 0 segments, 0 bytes from memory into reduce
26/03/02 03:33:10 INFO mapred.Merger: Merging 1 sorted segments
26/03/02 03:33:10 INFO mapred.Merger: Down to the last merge-pass, with 1 segments left of total size: 104 bytes
26/03/02 03:33:10 INFO mapred.LocalJobRunner: 1 / 1 copied.
26/03/02 03:33:10 INFO mapred.Task: Task:attempt_local833653263_0017_r_000001_0 is done. And is in the process of committing
26/03/02 03:33:10 INFO mapred.LocalJobRunner: 1 / 1 copied.
26/03/02 03:33:10 INFO mapred.Task: Task attempt_local833653263_0017_r_000001_0 is allowed to commit now
26/03/02 03:33:10 INFO output.FileOutputCommitter: Saved output of task 'attempt_local833653263_0017_r_000001_0' to hdfs://localhost:9000/project2/task2/runs_report_plus/k8_r30_opt/iter_17/_temporary/0/task_local833653263_0017_r_000001
26/03/02 03:33:10 INFO mapred.LocalJobRunner: reduce > reduce
26/03/02 03:33:10 INFO mapred.Task: Task 'attempt_local833653263_0017_r_000001_0' done.
26/03/02 03:33:10 INFO mapred.Task: Final Counters for attempt_local833653263_0017_r_000001_0: Counters: 29
	File System Counters
		FILE: Number of bytes read=2490844
		FILE: Number of bytes written=7510299
		FILE: Number of read operations=0
		FILE: Number of large read operations=0
		FILE: Number of write operations=0
		HDFS: Number of bytes read=12530614
		HDFS: Number of bytes written=23637
		HDFS: Number of read operations=923
		HDFS: Number of large read operations=0
		HDFS: Number of write operations=298
	Map-Reduce Framework
		Combine input records=0
		Combine output records=0
		Reduce input groups=2
		Reduce shuffle bytes=114
		Reduce input records=2
		Reduce output records=2
		Spilled Records=2
		Shuffled Maps =1
		Failed Shuffles=0
		Merged Map outputs=1
		GC time elapsed (ms)=0
		Total committed heap usage (bytes)=427294720
	Shuffle Errors
		BAD_ID=0
		CONNECTION=0
		IO_ERROR=0
		WRONG_LENGTH=0
		WRONG_MAP=0
		WRONG_REDUCE=0
	File Output Format Counters 
		Bytes Written=201
26/03/02 03:33:10 INFO mapred.LocalJobRunner: Finishing task: attempt_local833653263_0017_r_000001_0
26/03/02 03:33:10 INFO mapred.LocalJobRunner: Starting task: attempt_local833653263_0017_r_000002_0
26/03/02 03:33:10 INFO output.FileOutputCommitter: File Output Committer Algorithm version is 1
26/03/02 03:33:10 INFO mapred.Task:  Using ResourceCalculatorProcessTree : [ ]
26/03/02 03:33:10 INFO mapred.ReduceTask: Using ShuffleConsumerPlugin: org.apache.hadoop.mapreduce.task.reduce.Shuffle@14238d33
26/03/02 03:33:10 INFO reduce.MergeManagerImpl: MergerManager: memoryLimit=334338464, maxSingleShuffleLimit=83584616, mergeThreshold=220663392, ioSortFactor=10, memToMemMergeOutputsThreshold=10
26/03/02 03:33:10 INFO reduce.EventFetcher: attempt_local833653263_0017_r_000002_0 Thread started: EventFetcher for fetching Map Completion Events
26/03/02 03:33:10 INFO reduce.LocalFetcher: localfetcher#67 about to shuffle output of map attempt_local833653263_0017_m_000000_0 decomp: 110 len: 114 to MEMORY
26/03/02 03:33:10 INFO reduce.InMemoryMapOutput: Read 110 bytes from map-output for attempt_local833653263_0017_m_000000_0
26/03/02 03:33:10 INFO reduce.MergeManagerImpl: closeInMemoryFile -> map-output of size: 110, inMemoryMapOutputs.size() -> 1, commitMemory -> 0, usedMemory ->110
26/03/02 03:33:10 WARN io.ReadaheadPool: Failed readahead on ifile
EBADF: Bad file descriptor
	at org.apache.hadoop.io.nativeio.NativeIO$POSIX.posix_fadvise(Native Method)
	at org.apache.hadoop.io.nativeio.NativeIO$POSIX.posixFadviseIfPossible(NativeIO.java:267)
	at org.apache.hadoop.io.nativeio.NativeIO$POSIX$CacheManipulator.posixFadviseIfPossible(NativeIO.java:146)
	at org.apache.hadoop.io.ReadaheadPool$ReadaheadRequestImpl.run(ReadaheadPool.java:206)
	at java.util.concurrent.ThreadPoolExecutor.runWorker(ThreadPoolExecutor.java:1149)
	at java.util.concurrent.ThreadPoolExecutor$Worker.run(ThreadPoolExecutor.java:624)
	at java.lang.Thread.run(Thread.java:748)
26/03/02 03:33:10 INFO reduce.EventFetcher: EventFetcher is interrupted.. Returning
26/03/02 03:33:10 INFO mapred.LocalJobRunner: 1 / 1 copied.
26/03/02 03:33:10 INFO reduce.MergeManagerImpl: finalMerge called with 1 in-memory map-outputs and 0 on-disk map-outputs
26/03/02 03:33:10 INFO mapred.Merger: Merging 1 sorted segments
26/03/02 03:33:10 INFO mapred.Merger: Down to the last merge-pass, with 1 segments left of total size: 104 bytes
26/03/02 03:33:10 INFO reduce.MergeManagerImpl: Merged 1 segments, 110 bytes to disk to satisfy reduce memory limit
26/03/02 03:33:10 INFO reduce.MergeManagerImpl: Merging 1 files, 114 bytes from disk
26/03/02 03:33:10 INFO reduce.MergeManagerImpl: Merging 0 segments, 0 bytes from memory into reduce
26/03/02 03:33:10 INFO mapred.Merger: Merging 1 sorted segments
26/03/02 03:33:10 INFO mapred.Merger: Down to the last merge-pass, with 1 segments left of total size: 104 bytes
26/03/02 03:33:10 INFO mapred.LocalJobRunner: 1 / 1 copied.
26/03/02 03:33:10 INFO mapred.Task: Task:attempt_local833653263_0017_r_000002_0 is done. And is in the process of committing
26/03/02 03:33:10 INFO mapred.LocalJobRunner: 1 / 1 copied.
26/03/02 03:33:10 INFO mapred.Task: Task attempt_local833653263_0017_r_000002_0 is allowed to commit now
26/03/02 03:33:10 INFO output.FileOutputCommitter: Saved output of task 'attempt_local833653263_0017_r_000002_0' to hdfs://localhost:9000/project2/task2/runs_report_plus/k8_r30_opt/iter_17/_temporary/0/task_local833653263_0017_r_000002
26/03/02 03:33:10 INFO mapred.LocalJobRunner: reduce > reduce
26/03/02 03:33:10 INFO mapred.Task: Task 'attempt_local833653263_0017_r_000002_0' done.
26/03/02 03:33:10 INFO mapred.Task: Final Counters for attempt_local833653263_0017_r_000002_0: Counters: 29
	File System Counters
		FILE: Number of bytes read=2491290
		FILE: Number of bytes written=7510413
		FILE: Number of read operations=0
		FILE: Number of large read operations=0
		FILE: Number of write operations=0
		HDFS: Number of bytes read=12530614
		HDFS: Number of bytes written=23842
		HDFS: Number of read operations=926
		HDFS: Number of large read operations=0
		HDFS: Number of write operations=300
	Map-Reduce Framework
		Combine input records=0
		Combine output records=0
		Reduce input groups=2
		Reduce shuffle bytes=114
		Reduce input records=2
		Reduce output records=2
		Spilled Records=2
		Shuffled Maps =1
		Failed Shuffles=0
		Merged Map outputs=1
		GC time elapsed (ms)=0
		Total committed heap usage (bytes)=427294720
	Shuffle Errors
		BAD_ID=0
		CONNECTION=0
		IO_ERROR=0
		WRONG_LENGTH=0
		WRONG_MAP=0
		WRONG_REDUCE=0
	File Output Format Counters 
		Bytes Written=205
26/03/02 03:33:10 INFO mapred.LocalJobRunner: Finishing task: attempt_local833653263_0017_r_000002_0
26/03/02 03:33:10 INFO mapred.LocalJobRunner: Starting task: attempt_local833653263_0017_r_000003_0
26/03/02 03:33:10 INFO output.FileOutputCommitter: File Output Committer Algorithm version is 1
26/03/02 03:33:10 INFO mapred.Task:  Using ResourceCalculatorProcessTree : [ ]
26/03/02 03:33:10 INFO mapred.ReduceTask: Using ShuffleConsumerPlugin: org.apache.hadoop.mapreduce.task.reduce.Shuffle@182e193e
26/03/02 03:33:10 INFO reduce.MergeManagerImpl: MergerManager: memoryLimit=334338464, maxSingleShuffleLimit=83584616, mergeThreshold=220663392, ioSortFactor=10, memToMemMergeOutputsThreshold=10
26/03/02 03:33:10 INFO reduce.EventFetcher: attempt_local833653263_0017_r_000003_0 Thread started: EventFetcher for fetching Map Completion Events
26/03/02 03:33:10 INFO reduce.LocalFetcher: localfetcher#68 about to shuffle output of map attempt_local833653263_0017_m_000000_0 decomp: 110 len: 114 to MEMORY
26/03/02 03:33:10 INFO reduce.InMemoryMapOutput: Read 110 bytes from map-output for attempt_local833653263_0017_m_000000_0
26/03/02 03:33:10 INFO reduce.MergeManagerImpl: closeInMemoryFile -> map-output of size: 110, inMemoryMapOutputs.size() -> 1, commitMemory -> 0, usedMemory ->110
26/03/02 03:33:10 INFO reduce.EventFetcher: EventFetcher is interrupted.. Returning
26/03/02 03:33:10 INFO mapred.LocalJobRunner: 1 / 1 copied.
26/03/02 03:33:10 INFO reduce.MergeManagerImpl: finalMerge called with 1 in-memory map-outputs and 0 on-disk map-outputs
26/03/02 03:33:10 INFO mapred.Merger: Merging 1 sorted segments
26/03/02 03:33:10 INFO mapred.Merger: Down to the last merge-pass, with 1 segments left of total size: 104 bytes
26/03/02 03:33:10 INFO reduce.MergeManagerImpl: Merged 1 segments, 110 bytes to disk to satisfy reduce memory limit
26/03/02 03:33:10 INFO reduce.MergeManagerImpl: Merging 1 files, 114 bytes from disk
26/03/02 03:33:10 INFO reduce.MergeManagerImpl: Merging 0 segments, 0 bytes from memory into reduce
26/03/02 03:33:10 INFO mapred.Merger: Merging 1 sorted segments
26/03/02 03:33:10 INFO mapred.Merger: Down to the last merge-pass, with 1 segments left of total size: 104 bytes
26/03/02 03:33:10 INFO mapred.LocalJobRunner: 1 / 1 copied.
26/03/02 03:33:10 INFO mapred.Task: Task:attempt_local833653263_0017_r_000003_0 is done. And is in the process of committing
26/03/02 03:33:10 INFO mapred.LocalJobRunner: 1 / 1 copied.
26/03/02 03:33:10 INFO mapred.Task: Task attempt_local833653263_0017_r_000003_0 is allowed to commit now
26/03/02 03:33:10 INFO output.FileOutputCommitter: Saved output of task 'attempt_local833653263_0017_r_000003_0' to hdfs://localhost:9000/project2/task2/runs_report_plus/k8_r30_opt/iter_17/_temporary/0/task_local833653263_0017_r_000003
26/03/02 03:33:10 INFO mapred.LocalJobRunner: reduce > reduce
26/03/02 03:33:10 INFO mapred.Task: Task 'attempt_local833653263_0017_r_000003_0' done.
26/03/02 03:33:10 INFO mapred.Task: Final Counters for attempt_local833653263_0017_r_000003_0: Counters: 29
	File System Counters
		FILE: Number of bytes read=2491622
		FILE: Number of bytes written=7510527
		FILE: Number of read operations=0
		FILE: Number of large read operations=0
		FILE: Number of write operations=0
		HDFS: Number of bytes read=12530614
		HDFS: Number of bytes written=24044
		HDFS: Number of read operations=929
		HDFS: Number of large read operations=0
		HDFS: Number of write operations=302
	Map-Reduce Framework
		Combine input records=0
		Combine output records=0
		Reduce input groups=2
		Reduce shuffle bytes=114
		Reduce input records=2
		Reduce output records=2
		Spilled Records=2
		Shuffled Maps =1
		Failed Shuffles=0
		Merged Map outputs=1
		GC time elapsed (ms)=0
		Total committed heap usage (bytes)=427294720
	Shuffle Errors
		BAD_ID=0
		CONNECTION=0
		IO_ERROR=0
		WRONG_LENGTH=0
		WRONG_MAP=0
		WRONG_REDUCE=0
	File Output Format Counters 
		Bytes Written=202
26/03/02 03:33:10 INFO mapred.LocalJobRunner: Finishing task: attempt_local833653263_0017_r_000003_0
26/03/02 03:33:10 INFO mapred.LocalJobRunner: reduce task executor complete.
26/03/02 03:33:11 INFO mapreduce.Job: Job job_local833653263_0017 running in uber mode : false
26/03/02 03:33:11 INFO mapreduce.Job:  map 100% reduce 100%
26/03/02 03:33:11 INFO mapreduce.Job: Job job_local833653263_0017 completed successfully
26/03/02 03:33:11 INFO mapreduce.Job: Counters: 35
	File System Counters
		FILE: Number of bytes read=12453650
		FILE: Number of bytes written=37551495
		FILE: Number of read operations=0
		FILE: Number of large read operations=0
		FILE: Number of write operations=0
		HDFS: Number of bytes read=62653070
		HDFS: Number of bytes written=118193
		HDFS: Number of read operations=4615
		HDFS: Number of large read operations=0
		HDFS: Number of write operations=1490
	Map-Reduce Framework
		Map input records=10000
		Map output records=10000
		Map output bytes=520000
		Map output materialized bytes=456
		Input split bytes=121
		Combine input records=10000
		Combine output records=8
		Reduce input groups=8
		Reduce shuffle bytes=456
		Reduce input records=8
		Reduce output records=8
		Spilled Records=16
		Shuffled Maps =4
		Failed Shuffles=0
		Merged Map outputs=4
		GC time elapsed (ms)=30
		Total committed heap usage (bytes)=2136473600
	Shuffle Errors
		BAD_ID=0
		CONNECTION=0
		IO_ERROR=0
		WRONG_LENGTH=0
		WRONG_MAP=0
		WRONG_REDUCE=0
	File Input Format Counters 
		Bytes Read=733758
	File Output Format Counters 
		Bytes Written=810
26/03/02 03:33:11 INFO jvm.JvmMetrics: Cannot initialize JVM Metrics with processName=JobTracker, sessionId= - already initialized
26/03/02 03:33:11 WARN mapreduce.JobResourceUploader: Hadoop command-line option parsing not performed. Implement the Tool interface and execute your application with ToolRunner to remedy this.
26/03/02 03:33:11 INFO input.FileInputFormat: Total input paths to process : 1
26/03/02 03:33:11 INFO mapreduce.JobSubmitter: number of splits:1
26/03/02 03:33:11 INFO mapreduce.JobSubmitter: Submitting tokens for job: job_local406147343_0018
26/03/02 03:33:11 INFO mapred.LocalDistributedCacheManager: Creating symlink: /tmp/hadoop-ds503/mapred/local/1772422391366/centers_iter_17.csv <- /home/ds503/centers_iter_17.csv
26/03/02 03:33:11 INFO mapred.LocalDistributedCacheManager: Localized hdfs://localhost:9000/project2/task2/runs_report_plus/k8_r30_opt/centers_iter_17.csv as file:/tmp/hadoop-ds503/mapred/local/1772422391366/centers_iter_17.csv
26/03/02 03:33:11 INFO mapreduce.Job: The url to track the job: http://localhost:8080/
26/03/02 03:33:11 INFO mapreduce.Job: Running job: job_local406147343_0018
26/03/02 03:33:11 INFO mapred.LocalJobRunner: OutputCommitter set in config null
26/03/02 03:33:11 INFO output.FileOutputCommitter: File Output Committer Algorithm version is 1
26/03/02 03:33:11 INFO mapred.LocalJobRunner: OutputCommitter is org.apache.hadoop.mapreduce.lib.output.FileOutputCommitter
26/03/02 03:33:11 INFO mapred.LocalJobRunner: Waiting for map tasks
26/03/02 03:33:11 INFO mapred.LocalJobRunner: Starting task: attempt_local406147343_0018_m_000000_0
26/03/02 03:33:11 INFO output.FileOutputCommitter: File Output Committer Algorithm version is 1
26/03/02 03:33:11 INFO mapred.Task:  Using ResourceCalculatorProcessTree : [ ]
26/03/02 03:33:11 INFO mapred.MapTask: Processing split: hdfs://localhost:9000/project2/task2/input/points_4d.csv:0+733758
26/03/02 03:33:11 INFO mapred.MapTask: (EQUATOR) 0 kvi 26214396(104857584)
26/03/02 03:33:11 INFO mapred.MapTask: mapreduce.task.io.sort.mb: 100
26/03/02 03:33:11 INFO mapred.MapTask: soft limit at 83886080
26/03/02 03:33:11 INFO mapred.MapTask: bufstart = 0; bufvoid = 104857600
26/03/02 03:33:11 INFO mapred.MapTask: kvstart = 26214396; length = 6553600
26/03/02 03:33:11 INFO mapred.MapTask: Map output collector class = org.apache.hadoop.mapred.MapTask$MapOutputBuffer
26/03/02 03:33:11 INFO mapred.LocalJobRunner: 
26/03/02 03:33:11 INFO mapred.MapTask: Starting flush of map output
26/03/02 03:33:11 INFO mapred.MapTask: Spilling map output
26/03/02 03:33:11 INFO mapred.MapTask: bufstart = 0; bufend = 520000; bufvoid = 104857600
26/03/02 03:33:11 INFO mapred.MapTask: kvstart = 26214396(104857584); kvend = 26174400(104697600); length = 39997/6553600
26/03/02 03:33:11 INFO mapred.MapTask: Finished spill 0
26/03/02 03:33:11 INFO mapred.Task: Task:attempt_local406147343_0018_m_000000_0 is done. And is in the process of committing
26/03/02 03:33:11 INFO mapred.LocalJobRunner: map
26/03/02 03:33:11 INFO mapred.Task: Task 'attempt_local406147343_0018_m_000000_0' done.
26/03/02 03:33:11 INFO mapred.Task: Final Counters for attempt_local406147343_0018_m_000000_0: Counters: 23
	File System Counters
		FILE: Number of bytes read=2636176
		FILE: Number of bytes written=7951402
		FILE: Number of read operations=0
		FILE: Number of large read operations=0
		FILE: Number of write operations=0
		HDFS: Number of bytes read=13267800
		HDFS: Number of bytes written=24647
		HDFS: Number of read operations=973
		HDFS: Number of large read operations=0
		HDFS: Number of write operations=312
	Map-Reduce Framework
		Map input records=10000
		Map output records=10000
		Map output bytes=520000
		Map output materialized bytes=456
		Input split bytes=121
		Combine input records=10000
		Combine output records=8
		Spilled Records=8
		Failed Shuffles=0
		Merged Map outputs=0
		GC time elapsed (ms)=0
		Total committed heap usage (bytes)=427294720
	File Input Format Counters 
		Bytes Read=733758
26/03/02 03:33:11 INFO mapred.LocalJobRunner: Finishing task: attempt_local406147343_0018_m_000000_0
26/03/02 03:33:11 INFO mapred.LocalJobRunner: map task executor complete.
26/03/02 03:33:11 INFO mapred.LocalJobRunner: Waiting for reduce tasks
26/03/02 03:33:11 INFO mapred.LocalJobRunner: Starting task: attempt_local406147343_0018_r_000000_0
26/03/02 03:33:11 INFO output.FileOutputCommitter: File Output Committer Algorithm version is 1
26/03/02 03:33:11 INFO mapred.Task:  Using ResourceCalculatorProcessTree : [ ]
26/03/02 03:33:11 INFO mapred.ReduceTask: Using ShuffleConsumerPlugin: org.apache.hadoop.mapreduce.task.reduce.Shuffle@5fb7db4
26/03/02 03:33:11 INFO reduce.MergeManagerImpl: MergerManager: memoryLimit=334338464, maxSingleShuffleLimit=83584616, mergeThreshold=220663392, ioSortFactor=10, memToMemMergeOutputsThreshold=10
26/03/02 03:33:11 INFO reduce.EventFetcher: attempt_local406147343_0018_r_000000_0 Thread started: EventFetcher for fetching Map Completion Events
26/03/02 03:33:11 INFO reduce.LocalFetcher: localfetcher#69 about to shuffle output of map attempt_local406147343_0018_m_000000_0 decomp: 110 len: 114 to MEMORY
26/03/02 03:33:11 INFO reduce.InMemoryMapOutput: Read 110 bytes from map-output for attempt_local406147343_0018_m_000000_0
26/03/02 03:33:11 INFO reduce.MergeManagerImpl: closeInMemoryFile -> map-output of size: 110, inMemoryMapOutputs.size() -> 1, commitMemory -> 0, usedMemory ->110
26/03/02 03:33:11 WARN io.ReadaheadPool: Failed readahead on ifile
EBADF: Bad file descriptor
	at org.apache.hadoop.io.nativeio.NativeIO$POSIX.posix_fadvise(Native Method)
	at org.apache.hadoop.io.nativeio.NativeIO$POSIX.posixFadviseIfPossible(NativeIO.java:267)
	at org.apache.hadoop.io.nativeio.NativeIO$POSIX$CacheManipulator.posixFadviseIfPossible(NativeIO.java:146)
	at org.apache.hadoop.io.ReadaheadPool$ReadaheadRequestImpl.run(ReadaheadPool.java:206)
	at java.util.concurrent.ThreadPoolExecutor.runWorker(ThreadPoolExecutor.java:1149)
	at java.util.concurrent.ThreadPoolExecutor$Worker.run(ThreadPoolExecutor.java:624)
	at java.lang.Thread.run(Thread.java:748)
26/03/02 03:33:11 INFO reduce.EventFetcher: EventFetcher is interrupted.. Returning
26/03/02 03:33:11 INFO mapred.LocalJobRunner: 1 / 1 copied.
26/03/02 03:33:11 INFO reduce.MergeManagerImpl: finalMerge called with 1 in-memory map-outputs and 0 on-disk map-outputs
26/03/02 03:33:11 INFO mapred.Merger: Merging 1 sorted segments
26/03/02 03:33:11 INFO mapred.Merger: Down to the last merge-pass, with 1 segments left of total size: 104 bytes
26/03/02 03:33:11 INFO reduce.MergeManagerImpl: Merged 1 segments, 110 bytes to disk to satisfy reduce memory limit
26/03/02 03:33:11 INFO reduce.MergeManagerImpl: Merging 1 files, 114 bytes from disk
26/03/02 03:33:11 INFO reduce.MergeManagerImpl: Merging 0 segments, 0 bytes from memory into reduce
26/03/02 03:33:11 INFO mapred.Merger: Merging 1 sorted segments
26/03/02 03:33:11 INFO mapred.Merger: Down to the last merge-pass, with 1 segments left of total size: 104 bytes
26/03/02 03:33:11 INFO mapred.LocalJobRunner: 1 / 1 copied.
26/03/02 03:33:11 INFO mapred.Task: Task:attempt_local406147343_0018_r_000000_0 is done. And is in the process of committing
26/03/02 03:33:11 INFO mapred.LocalJobRunner: 1 / 1 copied.
26/03/02 03:33:11 INFO mapred.Task: Task attempt_local406147343_0018_r_000000_0 is allowed to commit now
26/03/02 03:33:11 INFO output.FileOutputCommitter: Saved output of task 'attempt_local406147343_0018_r_000000_0' to hdfs://localhost:9000/project2/task2/runs_report_plus/k8_r30_opt/iter_18/_temporary/0/task_local406147343_0018_r_000000
26/03/02 03:33:11 INFO mapred.LocalJobRunner: reduce > reduce
26/03/02 03:33:11 INFO mapred.Task: Task 'attempt_local406147343_0018_r_000000_0' done.
26/03/02 03:33:11 INFO mapred.Task: Final Counters for attempt_local406147343_0018_r_000000_0: Counters: 29
	File System Counters
		FILE: Number of bytes read=2636850
		FILE: Number of bytes written=7951516
		FILE: Number of read operations=0
		FILE: Number of large read operations=0
		FILE: Number of write operations=0
		HDFS: Number of bytes read=13267800
		HDFS: Number of bytes written=24849
		HDFS: Number of read operations=976
		HDFS: Number of large read operations=0
		HDFS: Number of write operations=314
	Map-Reduce Framework
		Combine input records=0
		Combine output records=0
		Reduce input groups=2
		Reduce shuffle bytes=114
		Reduce input records=2
		Reduce output records=2
		Spilled Records=2
		Shuffled Maps =1
		Failed Shuffles=0
		Merged Map outputs=1
		GC time elapsed (ms)=0
		Total committed heap usage (bytes)=427294720
	Shuffle Errors
		BAD_ID=0
		CONNECTION=0
		IO_ERROR=0
		WRONG_LENGTH=0
		WRONG_MAP=0
		WRONG_REDUCE=0
	File Output Format Counters 
		Bytes Written=202
26/03/02 03:33:11 INFO mapred.LocalJobRunner: Finishing task: attempt_local406147343_0018_r_000000_0
26/03/02 03:33:11 INFO mapred.LocalJobRunner: Starting task: attempt_local406147343_0018_r_000001_0
26/03/02 03:33:11 INFO output.FileOutputCommitter: File Output Committer Algorithm version is 1
26/03/02 03:33:11 INFO mapred.Task:  Using ResourceCalculatorProcessTree : [ ]
26/03/02 03:33:11 INFO mapred.ReduceTask: Using ShuffleConsumerPlugin: org.apache.hadoop.mapreduce.task.reduce.Shuffle@14495b69
26/03/02 03:33:11 INFO reduce.MergeManagerImpl: MergerManager: memoryLimit=334338464, maxSingleShuffleLimit=83584616, mergeThreshold=220663392, ioSortFactor=10, memToMemMergeOutputsThreshold=10
26/03/02 03:33:11 INFO reduce.EventFetcher: attempt_local406147343_0018_r_000001_0 Thread started: EventFetcher for fetching Map Completion Events
26/03/02 03:33:11 INFO reduce.LocalFetcher: localfetcher#70 about to shuffle output of map attempt_local406147343_0018_m_000000_0 decomp: 110 len: 114 to MEMORY
26/03/02 03:33:11 INFO reduce.InMemoryMapOutput: Read 110 bytes from map-output for attempt_local406147343_0018_m_000000_0
26/03/02 03:33:11 INFO reduce.MergeManagerImpl: closeInMemoryFile -> map-output of size: 110, inMemoryMapOutputs.size() -> 1, commitMemory -> 0, usedMemory ->110
26/03/02 03:33:11 INFO reduce.EventFetcher: EventFetcher is interrupted.. Returning
26/03/02 03:33:11 INFO mapred.LocalJobRunner: 1 / 1 copied.
26/03/02 03:33:11 INFO reduce.MergeManagerImpl: finalMerge called with 1 in-memory map-outputs and 0 on-disk map-outputs
26/03/02 03:33:11 INFO mapred.Merger: Merging 1 sorted segments
26/03/02 03:33:11 INFO mapred.Merger: Down to the last merge-pass, with 1 segments left of total size: 104 bytes
26/03/02 03:33:11 INFO reduce.MergeManagerImpl: Merged 1 segments, 110 bytes to disk to satisfy reduce memory limit
26/03/02 03:33:11 INFO reduce.MergeManagerImpl: Merging 1 files, 114 bytes from disk
26/03/02 03:33:11 INFO reduce.MergeManagerImpl: Merging 0 segments, 0 bytes from memory into reduce
26/03/02 03:33:11 INFO mapred.Merger: Merging 1 sorted segments
26/03/02 03:33:11 INFO mapred.Merger: Down to the last merge-pass, with 1 segments left of total size: 104 bytes
26/03/02 03:33:11 INFO mapred.LocalJobRunner: 1 / 1 copied.
26/03/02 03:33:11 INFO mapred.Task: Task:attempt_local406147343_0018_r_000001_0 is done. And is in the process of committing
26/03/02 03:33:11 INFO mapred.LocalJobRunner: 1 / 1 copied.
26/03/02 03:33:11 INFO mapred.Task: Task attempt_local406147343_0018_r_000001_0 is allowed to commit now
26/03/02 03:33:11 INFO output.FileOutputCommitter: Saved output of task 'attempt_local406147343_0018_r_000001_0' to hdfs://localhost:9000/project2/task2/runs_report_plus/k8_r30_opt/iter_18/_temporary/0/task_local406147343_0018_r_000001
26/03/02 03:33:11 INFO mapred.LocalJobRunner: reduce > reduce
26/03/02 03:33:11 INFO mapred.Task: Task 'attempt_local406147343_0018_r_000001_0' done.
26/03/02 03:33:11 INFO mapred.Task: Final Counters for attempt_local406147343_0018_r_000001_0: Counters: 29
	File System Counters
		FILE: Number of bytes read=2637410
		FILE: Number of bytes written=7951630
		FILE: Number of read operations=0
		FILE: Number of large read operations=0
		FILE: Number of write operations=0
		HDFS: Number of bytes read=13267800
		HDFS: Number of bytes written=25053
		HDFS: Number of read operations=979
		HDFS: Number of large read operations=0
		HDFS: Number of write operations=316
	Map-Reduce Framework
		Combine input records=0
		Combine output records=0
		Reduce input groups=2
		Reduce shuffle bytes=114
		Reduce input records=2
		Reduce output records=2
		Spilled Records=2
		Shuffled Maps =1
		Failed Shuffles=0
		Merged Map outputs=1
		GC time elapsed (ms)=0
		Total committed heap usage (bytes)=427294720
	Shuffle Errors
		BAD_ID=0
		CONNECTION=0
		IO_ERROR=0
		WRONG_LENGTH=0
		WRONG_MAP=0
		WRONG_REDUCE=0
	File Output Format Counters 
		Bytes Written=204
26/03/02 03:33:11 INFO mapred.LocalJobRunner: Finishing task: attempt_local406147343_0018_r_000001_0
26/03/02 03:33:11 INFO mapred.LocalJobRunner: Starting task: attempt_local406147343_0018_r_000002_0
26/03/02 03:33:11 INFO output.FileOutputCommitter: File Output Committer Algorithm version is 1
26/03/02 03:33:11 INFO mapred.Task:  Using ResourceCalculatorProcessTree : [ ]
26/03/02 03:33:11 INFO mapred.ReduceTask: Using ShuffleConsumerPlugin: org.apache.hadoop.mapreduce.task.reduce.Shuffle@6ca32942
26/03/02 03:33:11 INFO reduce.MergeManagerImpl: MergerManager: memoryLimit=334338464, maxSingleShuffleLimit=83584616, mergeThreshold=220663392, ioSortFactor=10, memToMemMergeOutputsThreshold=10
26/03/02 03:33:11 INFO reduce.EventFetcher: attempt_local406147343_0018_r_000002_0 Thread started: EventFetcher for fetching Map Completion Events
26/03/02 03:33:11 INFO reduce.LocalFetcher: localfetcher#71 about to shuffle output of map attempt_local406147343_0018_m_000000_0 decomp: 110 len: 114 to MEMORY
26/03/02 03:33:11 INFO reduce.InMemoryMapOutput: Read 110 bytes from map-output for attempt_local406147343_0018_m_000000_0
26/03/02 03:33:11 INFO reduce.MergeManagerImpl: closeInMemoryFile -> map-output of size: 110, inMemoryMapOutputs.size() -> 1, commitMemory -> 0, usedMemory ->110
26/03/02 03:33:11 INFO reduce.EventFetcher: EventFetcher is interrupted.. Returning
26/03/02 03:33:11 INFO mapred.LocalJobRunner: 1 / 1 copied.
26/03/02 03:33:11 INFO reduce.MergeManagerImpl: finalMerge called with 1 in-memory map-outputs and 0 on-disk map-outputs
26/03/02 03:33:11 INFO mapred.Merger: Merging 1 sorted segments
26/03/02 03:33:11 INFO mapred.Merger: Down to the last merge-pass, with 1 segments left of total size: 104 bytes
26/03/02 03:33:11 INFO reduce.MergeManagerImpl: Merged 1 segments, 110 bytes to disk to satisfy reduce memory limit
26/03/02 03:33:11 INFO reduce.MergeManagerImpl: Merging 1 files, 114 bytes from disk
26/03/02 03:33:11 INFO reduce.MergeManagerImpl: Merging 0 segments, 0 bytes from memory into reduce
26/03/02 03:33:11 INFO mapred.Merger: Merging 1 sorted segments
26/03/02 03:33:11 INFO mapred.Merger: Down to the last merge-pass, with 1 segments left of total size: 104 bytes
26/03/02 03:33:11 INFO mapred.LocalJobRunner: 1 / 1 copied.
26/03/02 03:33:11 INFO mapred.Task: Task:attempt_local406147343_0018_r_000002_0 is done. And is in the process of committing
26/03/02 03:33:11 INFO mapred.LocalJobRunner: 1 / 1 copied.
26/03/02 03:33:11 INFO mapred.Task: Task attempt_local406147343_0018_r_000002_0 is allowed to commit now
26/03/02 03:33:11 INFO output.FileOutputCommitter: Saved output of task 'attempt_local406147343_0018_r_000002_0' to hdfs://localhost:9000/project2/task2/runs_report_plus/k8_r30_opt/iter_18/_temporary/0/task_local406147343_0018_r_000002
26/03/02 03:33:11 INFO mapred.LocalJobRunner: reduce > reduce
26/03/02 03:33:11 INFO mapred.Task: Task 'attempt_local406147343_0018_r_000002_0' done.
26/03/02 03:33:11 INFO mapred.Task: Final Counters for attempt_local406147343_0018_r_000002_0: Counters: 29
	File System Counters
		FILE: Number of bytes read=2637856
		FILE: Number of bytes written=7951744
		FILE: Number of read operations=0
		FILE: Number of large read operations=0
		FILE: Number of write operations=0
		HDFS: Number of bytes read=13267800
		HDFS: Number of bytes written=25259
		HDFS: Number of read operations=982
		HDFS: Number of large read operations=0
		HDFS: Number of write operations=318
	Map-Reduce Framework
		Combine input records=0
		Combine output records=0
		Reduce input groups=2
		Reduce shuffle bytes=114
		Reduce input records=2
		Reduce output records=2
		Spilled Records=2
		Shuffled Maps =1
		Failed Shuffles=0
		Merged Map outputs=1
		GC time elapsed (ms)=0
		Total committed heap usage (bytes)=427294720
	Shuffle Errors
		BAD_ID=0
		CONNECTION=0
		IO_ERROR=0
		WRONG_LENGTH=0
		WRONG_MAP=0
		WRONG_REDUCE=0
	File Output Format Counters 
		Bytes Written=206
26/03/02 03:33:11 INFO mapred.LocalJobRunner: Finishing task: attempt_local406147343_0018_r_000002_0
26/03/02 03:33:11 INFO mapred.LocalJobRunner: Starting task: attempt_local406147343_0018_r_000003_0
26/03/02 03:33:11 INFO output.FileOutputCommitter: File Output Committer Algorithm version is 1
26/03/02 03:33:11 INFO mapred.Task:  Using ResourceCalculatorProcessTree : [ ]
26/03/02 03:33:11 INFO mapred.ReduceTask: Using ShuffleConsumerPlugin: org.apache.hadoop.mapreduce.task.reduce.Shuffle@74e2f230
26/03/02 03:33:11 INFO reduce.MergeManagerImpl: MergerManager: memoryLimit=334338464, maxSingleShuffleLimit=83584616, mergeThreshold=220663392, ioSortFactor=10, memToMemMergeOutputsThreshold=10
26/03/02 03:33:11 INFO reduce.EventFetcher: attempt_local406147343_0018_r_000003_0 Thread started: EventFetcher for fetching Map Completion Events
26/03/02 03:33:11 INFO reduce.LocalFetcher: localfetcher#72 about to shuffle output of map attempt_local406147343_0018_m_000000_0 decomp: 110 len: 114 to MEMORY
26/03/02 03:33:11 INFO reduce.InMemoryMapOutput: Read 110 bytes from map-output for attempt_local406147343_0018_m_000000_0
26/03/02 03:33:11 INFO reduce.MergeManagerImpl: closeInMemoryFile -> map-output of size: 110, inMemoryMapOutputs.size() -> 1, commitMemory -> 0, usedMemory ->110
26/03/02 03:33:11 INFO reduce.EventFetcher: EventFetcher is interrupted.. Returning
26/03/02 03:33:11 INFO mapred.LocalJobRunner: 1 / 1 copied.
26/03/02 03:33:11 INFO reduce.MergeManagerImpl: finalMerge called with 1 in-memory map-outputs and 0 on-disk map-outputs
26/03/02 03:33:11 INFO mapred.Merger: Merging 1 sorted segments
26/03/02 03:33:11 INFO mapred.Merger: Down to the last merge-pass, with 1 segments left of total size: 104 bytes
26/03/02 03:33:11 INFO reduce.MergeManagerImpl: Merged 1 segments, 110 bytes to disk to satisfy reduce memory limit
26/03/02 03:33:11 INFO reduce.MergeManagerImpl: Merging 1 files, 114 bytes from disk
26/03/02 03:33:11 INFO reduce.MergeManagerImpl: Merging 0 segments, 0 bytes from memory into reduce
26/03/02 03:33:11 INFO mapred.Merger: Merging 1 sorted segments
26/03/02 03:33:11 INFO mapred.Merger: Down to the last merge-pass, with 1 segments left of total size: 104 bytes
26/03/02 03:33:11 INFO mapred.LocalJobRunner: 1 / 1 copied.
26/03/02 03:33:11 INFO mapred.Task: Task:attempt_local406147343_0018_r_000003_0 is done. And is in the process of committing
26/03/02 03:33:11 INFO mapred.LocalJobRunner: 1 / 1 copied.
26/03/02 03:33:11 INFO mapred.Task: Task attempt_local406147343_0018_r_000003_0 is allowed to commit now
26/03/02 03:33:11 INFO output.FileOutputCommitter: Saved output of task 'attempt_local406147343_0018_r_000003_0' to hdfs://localhost:9000/project2/task2/runs_report_plus/k8_r30_opt/iter_18/_temporary/0/task_local406147343_0018_r_000003
26/03/02 03:33:11 INFO mapred.LocalJobRunner: reduce > reduce
26/03/02 03:33:11 INFO mapred.Task: Task 'attempt_local406147343_0018_r_000003_0' done.
26/03/02 03:33:11 INFO mapred.Task: Final Counters for attempt_local406147343_0018_r_000003_0: Counters: 29
	File System Counters
		FILE: Number of bytes read=2638188
		FILE: Number of bytes written=7951858
		FILE: Number of read operations=0
		FILE: Number of large read operations=0
		FILE: Number of write operations=0
		HDFS: Number of bytes read=13267800
		HDFS: Number of bytes written=25463
		HDFS: Number of read operations=985
		HDFS: Number of large read operations=0
		HDFS: Number of write operations=320
	Map-Reduce Framework
		Combine input records=0
		Combine output records=0
		Reduce input groups=2
		Reduce shuffle bytes=114
		Reduce input records=2
		Reduce output records=2
		Spilled Records=2
		Shuffled Maps =1
		Failed Shuffles=0
		Merged Map outputs=1
		GC time elapsed (ms)=0
		Total committed heap usage (bytes)=427294720
	Shuffle Errors
		BAD_ID=0
		CONNECTION=0
		IO_ERROR=0
		WRONG_LENGTH=0
		WRONG_MAP=0
		WRONG_REDUCE=0
	File Output Format Counters 
		Bytes Written=204
26/03/02 03:33:11 INFO mapred.LocalJobRunner: Finishing task: attempt_local406147343_0018_r_000003_0
26/03/02 03:33:11 INFO mapred.LocalJobRunner: reduce task executor complete.
26/03/02 03:33:12 INFO mapreduce.Job: Job job_local406147343_0018 running in uber mode : false
26/03/02 03:33:12 INFO mapreduce.Job:  map 100% reduce 100%
26/03/02 03:33:12 INFO mapreduce.Job: Job job_local406147343_0018 completed successfully
26/03/02 03:33:12 INFO mapreduce.Job: Counters: 35
	File System Counters
		FILE: Number of bytes read=13186480
		FILE: Number of bytes written=39758150
		FILE: Number of read operations=0
		FILE: Number of large read operations=0
		FILE: Number of write operations=0
		HDFS: Number of bytes read=66339000
		HDFS: Number of bytes written=125271
		HDFS: Number of read operations=4895
		HDFS: Number of large read operations=0
		HDFS: Number of write operations=1580
	Map-Reduce Framework
		Map input records=10000
		Map output records=10000
		Map output bytes=520000
		Map output materialized bytes=456
		Input split bytes=121
		Combine input records=10000
		Combine output records=8
		Reduce input groups=8
		Reduce shuffle bytes=456
		Reduce input records=8
		Reduce output records=8
		Spilled Records=16
		Shuffled Maps =4
		Failed Shuffles=0
		Merged Map outputs=4
		GC time elapsed (ms)=0
		Total committed heap usage (bytes)=2136473600
	Shuffle Errors
		BAD_ID=0
		CONNECTION=0
		IO_ERROR=0
		WRONG_LENGTH=0
		WRONG_MAP=0
		WRONG_REDUCE=0
	File Input Format Counters 
		Bytes Read=733758
	File Output Format Counters 
		Bytes Written=816
26/03/02 03:33:12 INFO jvm.JvmMetrics: Cannot initialize JVM Metrics with processName=JobTracker, sessionId= - already initialized
26/03/02 03:33:12 WARN mapreduce.JobResourceUploader: Hadoop command-line option parsing not performed. Implement the Tool interface and execute your application with ToolRunner to remedy this.
26/03/02 03:33:12 INFO input.FileInputFormat: Total input paths to process : 1
26/03/02 03:33:12 INFO mapreduce.JobSubmitter: number of splits:1
26/03/02 03:33:12 INFO mapreduce.JobSubmitter: Submitting tokens for job: job_local1581390064_0019
26/03/02 03:33:12 INFO mapred.LocalDistributedCacheManager: Creating symlink: /tmp/hadoop-ds503/mapred/local/1772422392441/centers_iter_18.csv <- /home/ds503/centers_iter_18.csv
26/03/02 03:33:12 INFO mapred.LocalDistributedCacheManager: Localized hdfs://localhost:9000/project2/task2/runs_report_plus/k8_r30_opt/centers_iter_18.csv as file:/tmp/hadoop-ds503/mapred/local/1772422392441/centers_iter_18.csv
26/03/02 03:33:12 INFO mapreduce.Job: The url to track the job: http://localhost:8080/
26/03/02 03:33:12 INFO mapreduce.Job: Running job: job_local1581390064_0019
26/03/02 03:33:12 INFO mapred.LocalJobRunner: OutputCommitter set in config null
26/03/02 03:33:12 INFO output.FileOutputCommitter: File Output Committer Algorithm version is 1
26/03/02 03:33:12 INFO mapred.LocalJobRunner: OutputCommitter is org.apache.hadoop.mapreduce.lib.output.FileOutputCommitter
26/03/02 03:33:12 INFO mapred.LocalJobRunner: Waiting for map tasks
26/03/02 03:33:12 INFO mapred.LocalJobRunner: Starting task: attempt_local1581390064_0019_m_000000_0
26/03/02 03:33:12 INFO output.FileOutputCommitter: File Output Committer Algorithm version is 1
26/03/02 03:33:12 INFO mapred.Task:  Using ResourceCalculatorProcessTree : [ ]
26/03/02 03:33:12 INFO mapred.MapTask: Processing split: hdfs://localhost:9000/project2/task2/input/points_4d.csv:0+733758
26/03/02 03:33:12 INFO mapred.MapTask: (EQUATOR) 0 kvi 26214396(104857584)
26/03/02 03:33:12 INFO mapred.MapTask: mapreduce.task.io.sort.mb: 100
26/03/02 03:33:12 INFO mapred.MapTask: soft limit at 83886080
26/03/02 03:33:12 INFO mapred.MapTask: bufstart = 0; bufvoid = 104857600
26/03/02 03:33:12 INFO mapred.MapTask: kvstart = 26214396; length = 6553600
26/03/02 03:33:12 INFO mapred.MapTask: Map output collector class = org.apache.hadoop.mapred.MapTask$MapOutputBuffer
26/03/02 03:33:12 INFO mapred.LocalJobRunner: 
26/03/02 03:33:12 INFO mapred.MapTask: Starting flush of map output
26/03/02 03:33:12 INFO mapred.MapTask: Spilling map output
26/03/02 03:33:12 INFO mapred.MapTask: bufstart = 0; bufend = 520000; bufvoid = 104857600
26/03/02 03:33:12 INFO mapred.MapTask: kvstart = 26214396(104857584); kvend = 26174400(104697600); length = 39997/6553600
26/03/02 03:33:12 INFO mapred.MapTask: Finished spill 0
26/03/02 03:33:12 INFO mapred.Task: Task:attempt_local1581390064_0019_m_000000_0 is done. And is in the process of committing
26/03/02 03:33:12 INFO mapred.LocalJobRunner: map
26/03/02 03:33:12 INFO mapred.Task: Task 'attempt_local1581390064_0019_m_000000_0' done.
26/03/02 03:33:12 INFO mapred.Task: Final Counters for attempt_local1581390064_0019_m_000000_0: Counters: 23
	File System Counters
		FILE: Number of bytes read=2782742
		FILE: Number of bytes written=8394324
		FILE: Number of read operations=0
		FILE: Number of large read operations=0
		FILE: Number of write operations=0
		HDFS: Number of bytes read=14005005
		HDFS: Number of bytes written=26069
		HDFS: Number of read operations=1029
		HDFS: Number of large read operations=0
		HDFS: Number of write operations=330
	Map-Reduce Framework
		Map input records=10000
		Map output records=10000
		Map output bytes=520000
		Map output materialized bytes=456
		Input split bytes=121
		Combine input records=10000
		Combine output records=8
		Spilled Records=8
		Failed Shuffles=0
		Merged Map outputs=0
		GC time elapsed (ms)=2
		Total committed heap usage (bytes)=526385152
	File Input Format Counters 
		Bytes Read=733758
26/03/02 03:33:12 INFO mapred.LocalJobRunner: Finishing task: attempt_local1581390064_0019_m_000000_0
26/03/02 03:33:12 INFO mapred.LocalJobRunner: map task executor complete.
26/03/02 03:33:12 INFO mapred.LocalJobRunner: Waiting for reduce tasks
26/03/02 03:33:12 INFO mapred.LocalJobRunner: Starting task: attempt_local1581390064_0019_r_000000_0
26/03/02 03:33:12 INFO output.FileOutputCommitter: File Output Committer Algorithm version is 1
26/03/02 03:33:12 INFO mapred.Task:  Using ResourceCalculatorProcessTree : [ ]
26/03/02 03:33:12 INFO mapred.ReduceTask: Using ShuffleConsumerPlugin: org.apache.hadoop.mapreduce.task.reduce.Shuffle@7673647f
26/03/02 03:33:12 INFO reduce.MergeManagerImpl: MergerManager: memoryLimit=368469600, maxSingleShuffleLimit=92117400, mergeThreshold=243189952, ioSortFactor=10, memToMemMergeOutputsThreshold=10
26/03/02 03:33:12 INFO reduce.EventFetcher: attempt_local1581390064_0019_r_000000_0 Thread started: EventFetcher for fetching Map Completion Events
26/03/02 03:33:12 INFO reduce.LocalFetcher: localfetcher#73 about to shuffle output of map attempt_local1581390064_0019_m_000000_0 decomp: 110 len: 114 to MEMORY
26/03/02 03:33:12 INFO reduce.InMemoryMapOutput: Read 110 bytes from map-output for attempt_local1581390064_0019_m_000000_0
26/03/02 03:33:12 INFO reduce.MergeManagerImpl: closeInMemoryFile -> map-output of size: 110, inMemoryMapOutputs.size() -> 1, commitMemory -> 0, usedMemory ->110
26/03/02 03:33:12 WARN io.ReadaheadPool: Failed readahead on ifile
EBADF: Bad file descriptor
	at org.apache.hadoop.io.nativeio.NativeIO$POSIX.posix_fadvise(Native Method)
	at org.apache.hadoop.io.nativeio.NativeIO$POSIX.posixFadviseIfPossible(NativeIO.java:267)
	at org.apache.hadoop.io.nativeio.NativeIO$POSIX$CacheManipulator.posixFadviseIfPossible(NativeIO.java:146)
	at org.apache.hadoop.io.ReadaheadPool$ReadaheadRequestImpl.run(ReadaheadPool.java:206)
	at java.util.concurrent.ThreadPoolExecutor.runWorker(ThreadPoolExecutor.java:1149)
	at java.util.concurrent.ThreadPoolExecutor$Worker.run(ThreadPoolExecutor.java:624)
	at java.lang.Thread.run(Thread.java:748)
26/03/02 03:33:12 INFO reduce.EventFetcher: EventFetcher is interrupted.. Returning
26/03/02 03:33:12 INFO mapred.LocalJobRunner: 1 / 1 copied.
26/03/02 03:33:12 INFO reduce.MergeManagerImpl: finalMerge called with 1 in-memory map-outputs and 0 on-disk map-outputs
26/03/02 03:33:12 INFO mapred.Merger: Merging 1 sorted segments
26/03/02 03:33:12 INFO mapred.Merger: Down to the last merge-pass, with 1 segments left of total size: 104 bytes
26/03/02 03:33:12 INFO reduce.MergeManagerImpl: Merged 1 segments, 110 bytes to disk to satisfy reduce memory limit
26/03/02 03:33:12 INFO reduce.MergeManagerImpl: Merging 1 files, 114 bytes from disk
26/03/02 03:33:12 INFO reduce.MergeManagerImpl: Merging 0 segments, 0 bytes from memory into reduce
26/03/02 03:33:12 INFO mapred.Merger: Merging 1 sorted segments
26/03/02 03:33:12 INFO mapred.Merger: Down to the last merge-pass, with 1 segments left of total size: 104 bytes
26/03/02 03:33:12 INFO mapred.LocalJobRunner: 1 / 1 copied.
26/03/02 03:33:12 INFO mapred.Task: Task:attempt_local1581390064_0019_r_000000_0 is done. And is in the process of committing
26/03/02 03:33:12 INFO mapred.LocalJobRunner: 1 / 1 copied.
26/03/02 03:33:12 INFO mapred.Task: Task attempt_local1581390064_0019_r_000000_0 is allowed to commit now
26/03/02 03:33:12 INFO output.FileOutputCommitter: Saved output of task 'attempt_local1581390064_0019_r_000000_0' to hdfs://localhost:9000/project2/task2/runs_report_plus/k8_r30_opt/iter_19/_temporary/0/task_local1581390064_0019_r_000000
26/03/02 03:33:12 INFO mapred.LocalJobRunner: reduce > reduce
26/03/02 03:33:12 INFO mapred.Task: Task 'attempt_local1581390064_0019_r_000000_0' done.
26/03/02 03:33:12 INFO mapred.Task: Final Counters for attempt_local1581390064_0019_r_000000_0: Counters: 29
	File System Counters
		FILE: Number of bytes read=2783416
		FILE: Number of bytes written=8394438
		FILE: Number of read operations=0
		FILE: Number of large read operations=0
		FILE: Number of write operations=0
		HDFS: Number of bytes read=14005005
		HDFS: Number of bytes written=26273
		HDFS: Number of read operations=1032
		HDFS: Number of large read operations=0
		HDFS: Number of write operations=332
	Map-Reduce Framework
		Combine input records=0
		Combine output records=0
		Reduce input groups=2
		Reduce shuffle bytes=114
		Reduce input records=2
		Reduce output records=2
		Spilled Records=2
		Shuffled Maps =1
		Failed Shuffles=0
		Merged Map outputs=1
		GC time elapsed (ms)=0
		Total committed heap usage (bytes)=526385152
	Shuffle Errors
		BAD_ID=0
		CONNECTION=0
		IO_ERROR=0
		WRONG_LENGTH=0
		WRONG_MAP=0
		WRONG_REDUCE=0
	File Output Format Counters 
		Bytes Written=204
26/03/02 03:33:12 INFO mapred.LocalJobRunner: Finishing task: attempt_local1581390064_0019_r_000000_0
26/03/02 03:33:12 INFO mapred.LocalJobRunner: Starting task: attempt_local1581390064_0019_r_000001_0
26/03/02 03:33:12 INFO output.FileOutputCommitter: File Output Committer Algorithm version is 1
26/03/02 03:33:12 INFO mapred.Task:  Using ResourceCalculatorProcessTree : [ ]
26/03/02 03:33:12 INFO mapred.ReduceTask: Using ShuffleConsumerPlugin: org.apache.hadoop.mapreduce.task.reduce.Shuffle@54b44528
26/03/02 03:33:12 INFO reduce.MergeManagerImpl: MergerManager: memoryLimit=368469600, maxSingleShuffleLimit=92117400, mergeThreshold=243189952, ioSortFactor=10, memToMemMergeOutputsThreshold=10
26/03/02 03:33:12 INFO reduce.EventFetcher: attempt_local1581390064_0019_r_000001_0 Thread started: EventFetcher for fetching Map Completion Events
26/03/02 03:33:12 INFO reduce.LocalFetcher: localfetcher#74 about to shuffle output of map attempt_local1581390064_0019_m_000000_0 decomp: 110 len: 114 to MEMORY
26/03/02 03:33:12 INFO reduce.InMemoryMapOutput: Read 110 bytes from map-output for attempt_local1581390064_0019_m_000000_0
26/03/02 03:33:12 INFO reduce.MergeManagerImpl: closeInMemoryFile -> map-output of size: 110, inMemoryMapOutputs.size() -> 1, commitMemory -> 0, usedMemory ->110
26/03/02 03:33:12 INFO reduce.EventFetcher: EventFetcher is interrupted.. Returning
26/03/02 03:33:12 INFO mapred.LocalJobRunner: 1 / 1 copied.
26/03/02 03:33:12 INFO reduce.MergeManagerImpl: finalMerge called with 1 in-memory map-outputs and 0 on-disk map-outputs
26/03/02 03:33:12 INFO mapred.Merger: Merging 1 sorted segments
26/03/02 03:33:12 INFO mapred.Merger: Down to the last merge-pass, with 1 segments left of total size: 104 bytes
26/03/02 03:33:12 INFO reduce.MergeManagerImpl: Merged 1 segments, 110 bytes to disk to satisfy reduce memory limit
26/03/02 03:33:12 INFO reduce.MergeManagerImpl: Merging 1 files, 114 bytes from disk
26/03/02 03:33:12 INFO reduce.MergeManagerImpl: Merging 0 segments, 0 bytes from memory into reduce
26/03/02 03:33:12 INFO mapred.Merger: Merging 1 sorted segments
26/03/02 03:33:12 INFO mapred.Merger: Down to the last merge-pass, with 1 segments left of total size: 104 bytes
26/03/02 03:33:12 INFO mapred.LocalJobRunner: 1 / 1 copied.
26/03/02 03:33:12 INFO mapred.Task: Task:attempt_local1581390064_0019_r_000001_0 is done. And is in the process of committing
26/03/02 03:33:12 INFO mapred.LocalJobRunner: 1 / 1 copied.
26/03/02 03:33:12 INFO mapred.Task: Task attempt_local1581390064_0019_r_000001_0 is allowed to commit now
26/03/02 03:33:12 INFO output.FileOutputCommitter: Saved output of task 'attempt_local1581390064_0019_r_000001_0' to hdfs://localhost:9000/project2/task2/runs_report_plus/k8_r30_opt/iter_19/_temporary/0/task_local1581390064_0019_r_000001
26/03/02 03:33:12 INFO mapred.LocalJobRunner: reduce > reduce
26/03/02 03:33:12 INFO mapred.Task: Task 'attempt_local1581390064_0019_r_000001_0' done.
26/03/02 03:33:12 INFO mapred.Task: Final Counters for attempt_local1581390064_0019_r_000001_0: Counters: 29
	File System Counters
		FILE: Number of bytes read=2783976
		FILE: Number of bytes written=8394552
		FILE: Number of read operations=0
		FILE: Number of large read operations=0
		FILE: Number of write operations=0
		HDFS: Number of bytes read=14005005
		HDFS: Number of bytes written=26475
		HDFS: Number of read operations=1035
		HDFS: Number of large read operations=0
		HDFS: Number of write operations=334
	Map-Reduce Framework
		Combine input records=0
		Combine output records=0
		Reduce input groups=2
		Reduce shuffle bytes=114
		Reduce input records=2
		Reduce output records=2
		Spilled Records=2
		Shuffled Maps =1
		Failed Shuffles=0
		Merged Map outputs=1
		GC time elapsed (ms)=0
		Total committed heap usage (bytes)=526385152
	Shuffle Errors
		BAD_ID=0
		CONNECTION=0
		IO_ERROR=0
		WRONG_LENGTH=0
		WRONG_MAP=0
		WRONG_REDUCE=0
	File Output Format Counters 
		Bytes Written=202
26/03/02 03:33:12 INFO mapred.LocalJobRunner: Finishing task: attempt_local1581390064_0019_r_000001_0
26/03/02 03:33:12 INFO mapred.LocalJobRunner: Starting task: attempt_local1581390064_0019_r_000002_0
26/03/02 03:33:12 INFO output.FileOutputCommitter: File Output Committer Algorithm version is 1
26/03/02 03:33:12 INFO mapred.Task:  Using ResourceCalculatorProcessTree : [ ]
26/03/02 03:33:12 INFO mapred.ReduceTask: Using ShuffleConsumerPlugin: org.apache.hadoop.mapreduce.task.reduce.Shuffle@2c2dc494
26/03/02 03:33:12 INFO reduce.MergeManagerImpl: MergerManager: memoryLimit=368469600, maxSingleShuffleLimit=92117400, mergeThreshold=243189952, ioSortFactor=10, memToMemMergeOutputsThreshold=10
26/03/02 03:33:12 INFO reduce.EventFetcher: attempt_local1581390064_0019_r_000002_0 Thread started: EventFetcher for fetching Map Completion Events
26/03/02 03:33:12 INFO reduce.LocalFetcher: localfetcher#75 about to shuffle output of map attempt_local1581390064_0019_m_000000_0 decomp: 110 len: 114 to MEMORY
26/03/02 03:33:12 INFO reduce.InMemoryMapOutput: Read 110 bytes from map-output for attempt_local1581390064_0019_m_000000_0
26/03/02 03:33:12 INFO reduce.MergeManagerImpl: closeInMemoryFile -> map-output of size: 110, inMemoryMapOutputs.size() -> 1, commitMemory -> 0, usedMemory ->110
26/03/02 03:33:12 INFO reduce.EventFetcher: EventFetcher is interrupted.. Returning
26/03/02 03:33:12 INFO mapred.LocalJobRunner: 1 / 1 copied.
26/03/02 03:33:12 INFO reduce.MergeManagerImpl: finalMerge called with 1 in-memory map-outputs and 0 on-disk map-outputs
26/03/02 03:33:12 INFO mapred.Merger: Merging 1 sorted segments
26/03/02 03:33:12 INFO mapred.Merger: Down to the last merge-pass, with 1 segments left of total size: 104 bytes
26/03/02 03:33:12 INFO reduce.MergeManagerImpl: Merged 1 segments, 110 bytes to disk to satisfy reduce memory limit
26/03/02 03:33:12 INFO reduce.MergeManagerImpl: Merging 1 files, 114 bytes from disk
26/03/02 03:33:12 INFO reduce.MergeManagerImpl: Merging 0 segments, 0 bytes from memory into reduce
26/03/02 03:33:12 INFO mapred.Merger: Merging 1 sorted segments
26/03/02 03:33:12 INFO mapred.Merger: Down to the last merge-pass, with 1 segments left of total size: 104 bytes
26/03/02 03:33:12 INFO mapred.LocalJobRunner: 1 / 1 copied.
26/03/02 03:33:12 INFO mapred.Task: Task:attempt_local1581390064_0019_r_000002_0 is done. And is in the process of committing
26/03/02 03:33:12 INFO mapred.LocalJobRunner: 1 / 1 copied.
26/03/02 03:33:12 INFO mapred.Task: Task attempt_local1581390064_0019_r_000002_0 is allowed to commit now
26/03/02 03:33:12 INFO output.FileOutputCommitter: Saved output of task 'attempt_local1581390064_0019_r_000002_0' to hdfs://localhost:9000/project2/task2/runs_report_plus/k8_r30_opt/iter_19/_temporary/0/task_local1581390064_0019_r_000002
26/03/02 03:33:12 INFO mapred.LocalJobRunner: reduce > reduce
26/03/02 03:33:12 INFO mapred.Task: Task 'attempt_local1581390064_0019_r_000002_0' done.
26/03/02 03:33:12 INFO mapred.Task: Final Counters for attempt_local1581390064_0019_r_000002_0: Counters: 29
	File System Counters
		FILE: Number of bytes read=2784422
		FILE: Number of bytes written=8394666
		FILE: Number of read operations=0
		FILE: Number of large read operations=0
		FILE: Number of write operations=0
		HDFS: Number of bytes read=14005005
		HDFS: Number of bytes written=26681
		HDFS: Number of read operations=1038
		HDFS: Number of large read operations=0
		HDFS: Number of write operations=336
	Map-Reduce Framework
		Combine input records=0
		Combine output records=0
		Reduce input groups=2
		Reduce shuffle bytes=114
		Reduce input records=2
		Reduce output records=2
		Spilled Records=2
		Shuffled Maps =1
		Failed Shuffles=0
		Merged Map outputs=1
		GC time elapsed (ms)=0
		Total committed heap usage (bytes)=526385152
	Shuffle Errors
		BAD_ID=0
		CONNECTION=0
		IO_ERROR=0
		WRONG_LENGTH=0
		WRONG_MAP=0
		WRONG_REDUCE=0
	File Output Format Counters 
		Bytes Written=206
26/03/02 03:33:12 INFO mapred.LocalJobRunner: Finishing task: attempt_local1581390064_0019_r_000002_0
26/03/02 03:33:12 INFO mapred.LocalJobRunner: Starting task: attempt_local1581390064_0019_r_000003_0
26/03/02 03:33:12 INFO output.FileOutputCommitter: File Output Committer Algorithm version is 1
26/03/02 03:33:12 INFO mapred.Task:  Using ResourceCalculatorProcessTree : [ ]
26/03/02 03:33:12 INFO mapred.ReduceTask: Using ShuffleConsumerPlugin: org.apache.hadoop.mapreduce.task.reduce.Shuffle@2fcdf2ac
26/03/02 03:33:12 INFO reduce.MergeManagerImpl: MergerManager: memoryLimit=368469600, maxSingleShuffleLimit=92117400, mergeThreshold=243189952, ioSortFactor=10, memToMemMergeOutputsThreshold=10
26/03/02 03:33:12 INFO reduce.EventFetcher: attempt_local1581390064_0019_r_000003_0 Thread started: EventFetcher for fetching Map Completion Events
26/03/02 03:33:12 INFO reduce.LocalFetcher: localfetcher#76 about to shuffle output of map attempt_local1581390064_0019_m_000000_0 decomp: 110 len: 114 to MEMORY
26/03/02 03:33:12 INFO reduce.InMemoryMapOutput: Read 110 bytes from map-output for attempt_local1581390064_0019_m_000000_0
26/03/02 03:33:12 INFO reduce.MergeManagerImpl: closeInMemoryFile -> map-output of size: 110, inMemoryMapOutputs.size() -> 1, commitMemory -> 0, usedMemory ->110
26/03/02 03:33:12 INFO reduce.EventFetcher: EventFetcher is interrupted.. Returning
26/03/02 03:33:12 INFO mapred.LocalJobRunner: 1 / 1 copied.
26/03/02 03:33:12 INFO reduce.MergeManagerImpl: finalMerge called with 1 in-memory map-outputs and 0 on-disk map-outputs
26/03/02 03:33:12 INFO mapred.Merger: Merging 1 sorted segments
26/03/02 03:33:12 INFO mapred.Merger: Down to the last merge-pass, with 1 segments left of total size: 104 bytes
26/03/02 03:33:12 INFO reduce.MergeManagerImpl: Merged 1 segments, 110 bytes to disk to satisfy reduce memory limit
26/03/02 03:33:12 INFO reduce.MergeManagerImpl: Merging 1 files, 114 bytes from disk
26/03/02 03:33:12 INFO reduce.MergeManagerImpl: Merging 0 segments, 0 bytes from memory into reduce
26/03/02 03:33:12 INFO mapred.Merger: Merging 1 sorted segments
26/03/02 03:33:12 INFO mapred.Merger: Down to the last merge-pass, with 1 segments left of total size: 104 bytes
26/03/02 03:33:12 INFO mapred.LocalJobRunner: 1 / 1 copied.
26/03/02 03:33:12 INFO mapred.Task: Task:attempt_local1581390064_0019_r_000003_0 is done. And is in the process of committing
26/03/02 03:33:12 INFO mapred.LocalJobRunner: 1 / 1 copied.
26/03/02 03:33:12 INFO mapred.Task: Task attempt_local1581390064_0019_r_000003_0 is allowed to commit now
26/03/02 03:33:12 INFO output.FileOutputCommitter: Saved output of task 'attempt_local1581390064_0019_r_000003_0' to hdfs://localhost:9000/project2/task2/runs_report_plus/k8_r30_opt/iter_19/_temporary/0/task_local1581390064_0019_r_000003
26/03/02 03:33:12 INFO mapred.LocalJobRunner: reduce > reduce
26/03/02 03:33:12 INFO mapred.Task: Task 'attempt_local1581390064_0019_r_000003_0' done.
26/03/02 03:33:12 INFO mapred.Task: Final Counters for attempt_local1581390064_0019_r_000003_0: Counters: 29
	File System Counters
		FILE: Number of bytes read=2784754
		FILE: Number of bytes written=8394780
		FILE: Number of read operations=0
		FILE: Number of large read operations=0
		FILE: Number of write operations=0
		HDFS: Number of bytes read=14005005
		HDFS: Number of bytes written=26883
		HDFS: Number of read operations=1041
		HDFS: Number of large read operations=0
		HDFS: Number of write operations=338
	Map-Reduce Framework
		Combine input records=0
		Combine output records=0
		Reduce input groups=2
		Reduce shuffle bytes=114
		Reduce input records=2
		Reduce output records=2
		Spilled Records=2
		Shuffled Maps =1
		Failed Shuffles=0
		Merged Map outputs=1
		GC time elapsed (ms)=0
		Total committed heap usage (bytes)=526385152
	Shuffle Errors
		BAD_ID=0
		CONNECTION=0
		IO_ERROR=0
		WRONG_LENGTH=0
		WRONG_MAP=0
		WRONG_REDUCE=0
	File Output Format Counters 
		Bytes Written=202
26/03/02 03:33:12 INFO mapred.LocalJobRunner: Finishing task: attempt_local1581390064_0019_r_000003_0
26/03/02 03:33:12 INFO mapred.LocalJobRunner: reduce task executor complete.
26/03/02 03:33:13 INFO mapreduce.Job: Job job_local1581390064_0019 running in uber mode : false
26/03/02 03:33:13 INFO mapreduce.Job:  map 100% reduce 100%
26/03/02 03:33:13 INFO mapreduce.Job: Job job_local1581390064_0019 completed successfully
26/03/02 03:33:13 INFO mapreduce.Job: Counters: 35
	File System Counters
		FILE: Number of bytes read=13919310
		FILE: Number of bytes written=41972760
		FILE: Number of read operations=0
		FILE: Number of large read operations=0
		FILE: Number of write operations=0
		HDFS: Number of bytes read=70025025
		HDFS: Number of bytes written=132381
		HDFS: Number of read operations=5175
		HDFS: Number of large read operations=0
		HDFS: Number of write operations=1670
	Map-Reduce Framework
		Map input records=10000
		Map output records=10000
		Map output bytes=520000
		Map output materialized bytes=456
		Input split bytes=121
		Combine input records=10000
		Combine output records=8
		Reduce input groups=8
		Reduce shuffle bytes=456
		Reduce input records=8
		Reduce output records=8
		Spilled Records=16
		Shuffled Maps =4
		Failed Shuffles=0
		Merged Map outputs=4
		GC time elapsed (ms)=2
		Total committed heap usage (bytes)=2631925760
	Shuffle Errors
		BAD_ID=0
		CONNECTION=0
		IO_ERROR=0
		WRONG_LENGTH=0
		WRONG_MAP=0
		WRONG_REDUCE=0
	File Input Format Counters 
		Bytes Read=733758
	File Output Format Counters 
		Bytes Written=814
26/03/02 03:33:13 INFO jvm.JvmMetrics: Cannot initialize JVM Metrics with processName=JobTracker, sessionId= - already initialized
26/03/02 03:33:13 WARN mapreduce.JobResourceUploader: Hadoop command-line option parsing not performed. Implement the Tool interface and execute your application with ToolRunner to remedy this.
26/03/02 03:33:13 INFO input.FileInputFormat: Total input paths to process : 1
26/03/02 03:33:13 INFO mapreduce.JobSubmitter: number of splits:1
26/03/02 03:33:13 INFO mapreduce.JobSubmitter: Submitting tokens for job: job_local1449754301_0020
26/03/02 03:33:13 INFO mapred.LocalDistributedCacheManager: Creating symlink: /tmp/hadoop-ds503/mapred/local/1772422393533/centers_iter_19.csv <- /home/ds503/centers_iter_19.csv
26/03/02 03:33:13 INFO mapred.LocalDistributedCacheManager: Localized hdfs://localhost:9000/project2/task2/runs_report_plus/k8_r30_opt/centers_iter_19.csv as file:/tmp/hadoop-ds503/mapred/local/1772422393533/centers_iter_19.csv
26/03/02 03:33:13 INFO mapreduce.Job: The url to track the job: http://localhost:8080/
26/03/02 03:33:13 INFO mapreduce.Job: Running job: job_local1449754301_0020
26/03/02 03:33:13 INFO mapred.LocalJobRunner: OutputCommitter set in config null
26/03/02 03:33:13 INFO output.FileOutputCommitter: File Output Committer Algorithm version is 1
26/03/02 03:33:13 INFO mapred.LocalJobRunner: OutputCommitter is org.apache.hadoop.mapreduce.lib.output.FileOutputCommitter
26/03/02 03:33:13 INFO mapred.LocalJobRunner: Waiting for map tasks
26/03/02 03:33:13 INFO mapred.LocalJobRunner: Starting task: attempt_local1449754301_0020_m_000000_0
26/03/02 03:33:13 INFO output.FileOutputCommitter: File Output Committer Algorithm version is 1
26/03/02 03:33:13 INFO mapred.Task:  Using ResourceCalculatorProcessTree : [ ]
26/03/02 03:33:13 INFO mapred.MapTask: Processing split: hdfs://localhost:9000/project2/task2/input/points_4d.csv:0+733758
26/03/02 03:33:13 INFO mapred.MapTask: (EQUATOR) 0 kvi 26214396(104857584)
26/03/02 03:33:13 INFO mapred.MapTask: mapreduce.task.io.sort.mb: 100
26/03/02 03:33:13 INFO mapred.MapTask: soft limit at 83886080
26/03/02 03:33:13 INFO mapred.MapTask: bufstart = 0; bufvoid = 104857600
26/03/02 03:33:13 INFO mapred.MapTask: kvstart = 26214396; length = 6553600
26/03/02 03:33:13 INFO mapred.MapTask: Map output collector class = org.apache.hadoop.mapred.MapTask$MapOutputBuffer
26/03/02 03:33:13 INFO mapred.LocalJobRunner: 
26/03/02 03:33:13 INFO mapred.MapTask: Starting flush of map output
26/03/02 03:33:13 INFO mapred.MapTask: Spilling map output
26/03/02 03:33:13 INFO mapred.MapTask: bufstart = 0; bufend = 520000; bufvoid = 104857600
26/03/02 03:33:13 INFO mapred.MapTask: kvstart = 26214396(104857584); kvend = 26174400(104697600); length = 39997/6553600
26/03/02 03:33:13 INFO mapred.MapTask: Finished spill 0
26/03/02 03:33:13 INFO mapred.Task: Task:attempt_local1449754301_0020_m_000000_0 is done. And is in the process of committing
26/03/02 03:33:13 INFO mapred.LocalJobRunner: map
26/03/02 03:33:13 INFO mapred.Task: Task 'attempt_local1449754301_0020_m_000000_0' done.
26/03/02 03:33:13 INFO mapred.Task: Final Counters for attempt_local1449754301_0020_m_000000_0: Counters: 23
	File System Counters
		FILE: Number of bytes read=2929308
		FILE: Number of bytes written=8837245
		FILE: Number of read operations=0
		FILE: Number of large read operations=0
		FILE: Number of write operations=0
		HDFS: Number of bytes read=14742207
		HDFS: Number of bytes written=27488
		HDFS: Number of read operations=1085
		HDFS: Number of large read operations=0
		HDFS: Number of write operations=348
	Map-Reduce Framework
		Map input records=10000
		Map output records=10000
		Map output bytes=520000
		Map output materialized bytes=456
		Input split bytes=121
		Combine input records=10000
		Combine output records=8
		Spilled Records=8
		Failed Shuffles=0
		Merged Map outputs=0
		GC time elapsed (ms)=3
		Total committed heap usage (bytes)=526385152
	File Input Format Counters 
		Bytes Read=733758
26/03/02 03:33:13 INFO mapred.LocalJobRunner: Finishing task: attempt_local1449754301_0020_m_000000_0
26/03/02 03:33:13 INFO mapred.LocalJobRunner: map task executor complete.
26/03/02 03:33:13 INFO mapred.LocalJobRunner: Waiting for reduce tasks
26/03/02 03:33:13 INFO mapred.LocalJobRunner: Starting task: attempt_local1449754301_0020_r_000000_0
26/03/02 03:33:13 INFO output.FileOutputCommitter: File Output Committer Algorithm version is 1
26/03/02 03:33:13 INFO mapred.Task:  Using ResourceCalculatorProcessTree : [ ]
26/03/02 03:33:13 INFO mapred.ReduceTask: Using ShuffleConsumerPlugin: org.apache.hadoop.mapreduce.task.reduce.Shuffle@8e9bb49
26/03/02 03:33:13 INFO reduce.MergeManagerImpl: MergerManager: memoryLimit=368469600, maxSingleShuffleLimit=92117400, mergeThreshold=243189952, ioSortFactor=10, memToMemMergeOutputsThreshold=10
26/03/02 03:33:13 INFO reduce.EventFetcher: attempt_local1449754301_0020_r_000000_0 Thread started: EventFetcher for fetching Map Completion Events
26/03/02 03:33:13 INFO reduce.LocalFetcher: localfetcher#77 about to shuffle output of map attempt_local1449754301_0020_m_000000_0 decomp: 110 len: 114 to MEMORY
26/03/02 03:33:13 INFO reduce.InMemoryMapOutput: Read 110 bytes from map-output for attempt_local1449754301_0020_m_000000_0
26/03/02 03:33:13 INFO reduce.MergeManagerImpl: closeInMemoryFile -> map-output of size: 110, inMemoryMapOutputs.size() -> 1, commitMemory -> 0, usedMemory ->110
26/03/02 03:33:13 WARN io.ReadaheadPool: Failed readahead on ifile
EBADF: Bad file descriptor
	at org.apache.hadoop.io.nativeio.NativeIO$POSIX.posix_fadvise(Native Method)
	at org.apache.hadoop.io.nativeio.NativeIO$POSIX.posixFadviseIfPossible(NativeIO.java:267)
	at org.apache.hadoop.io.nativeio.NativeIO$POSIX$CacheManipulator.posixFadviseIfPossible(NativeIO.java:146)
	at org.apache.hadoop.io.ReadaheadPool$ReadaheadRequestImpl.run(ReadaheadPool.java:206)
	at java.util.concurrent.ThreadPoolExecutor.runWorker(ThreadPoolExecutor.java:1149)
	at java.util.concurrent.ThreadPoolExecutor$Worker.run(ThreadPoolExecutor.java:624)
	at java.lang.Thread.run(Thread.java:748)
26/03/02 03:33:13 INFO reduce.EventFetcher: EventFetcher is interrupted.. Returning
26/03/02 03:33:13 INFO mapred.LocalJobRunner: 1 / 1 copied.
26/03/02 03:33:13 INFO reduce.MergeManagerImpl: finalMerge called with 1 in-memory map-outputs and 0 on-disk map-outputs
26/03/02 03:33:13 INFO mapred.Merger: Merging 1 sorted segments
26/03/02 03:33:13 INFO mapred.Merger: Down to the last merge-pass, with 1 segments left of total size: 104 bytes
26/03/02 03:33:13 INFO reduce.MergeManagerImpl: Merged 1 segments, 110 bytes to disk to satisfy reduce memory limit
26/03/02 03:33:13 INFO reduce.MergeManagerImpl: Merging 1 files, 114 bytes from disk
26/03/02 03:33:13 INFO reduce.MergeManagerImpl: Merging 0 segments, 0 bytes from memory into reduce
26/03/02 03:33:13 INFO mapred.Merger: Merging 1 sorted segments
26/03/02 03:33:13 INFO mapred.Merger: Down to the last merge-pass, with 1 segments left of total size: 104 bytes
26/03/02 03:33:13 INFO mapred.LocalJobRunner: 1 / 1 copied.
26/03/02 03:33:13 INFO mapred.Task: Task:attempt_local1449754301_0020_r_000000_0 is done. And is in the process of committing
26/03/02 03:33:13 INFO mapred.LocalJobRunner: 1 / 1 copied.
26/03/02 03:33:13 INFO mapred.Task: Task attempt_local1449754301_0020_r_000000_0 is allowed to commit now
26/03/02 03:33:13 INFO output.FileOutputCommitter: Saved output of task 'attempt_local1449754301_0020_r_000000_0' to hdfs://localhost:9000/project2/task2/runs_report_plus/k8_r30_opt/iter_20/_temporary/0/task_local1449754301_0020_r_000000
26/03/02 03:33:13 INFO mapred.LocalJobRunner: reduce > reduce
26/03/02 03:33:13 INFO mapred.Task: Task 'attempt_local1449754301_0020_r_000000_0' done.
26/03/02 03:33:13 INFO mapred.Task: Final Counters for attempt_local1449754301_0020_r_000000_0: Counters: 29
	File System Counters
		FILE: Number of bytes read=2929982
		FILE: Number of bytes written=8837359
		FILE: Number of read operations=0
		FILE: Number of large read operations=0
		FILE: Number of write operations=0
		HDFS: Number of bytes read=14742207
		HDFS: Number of bytes written=27688
		HDFS: Number of read operations=1088
		HDFS: Number of large read operations=0
		HDFS: Number of write operations=350
	Map-Reduce Framework
		Combine input records=0
		Combine output records=0
		Reduce input groups=2
		Reduce shuffle bytes=114
		Reduce input records=2
		Reduce output records=2
		Spilled Records=2
		Shuffled Maps =1
		Failed Shuffles=0
		Merged Map outputs=1
		GC time elapsed (ms)=0
		Total committed heap usage (bytes)=526385152
	Shuffle Errors
		BAD_ID=0
		CONNECTION=0
		IO_ERROR=0
		WRONG_LENGTH=0
		WRONG_MAP=0
		WRONG_REDUCE=0
	File Output Format Counters 
		Bytes Written=200
26/03/02 03:33:13 INFO mapred.LocalJobRunner: Finishing task: attempt_local1449754301_0020_r_000000_0
26/03/02 03:33:13 INFO mapred.LocalJobRunner: Starting task: attempt_local1449754301_0020_r_000001_0
26/03/02 03:33:13 INFO output.FileOutputCommitter: File Output Committer Algorithm version is 1
26/03/02 03:33:13 INFO mapred.Task:  Using ResourceCalculatorProcessTree : [ ]
26/03/02 03:33:13 INFO mapred.ReduceTask: Using ShuffleConsumerPlugin: org.apache.hadoop.mapreduce.task.reduce.Shuffle@2659647
26/03/02 03:33:13 INFO reduce.MergeManagerImpl: MergerManager: memoryLimit=368469600, maxSingleShuffleLimit=92117400, mergeThreshold=243189952, ioSortFactor=10, memToMemMergeOutputsThreshold=10
26/03/02 03:33:13 INFO reduce.EventFetcher: attempt_local1449754301_0020_r_000001_0 Thread started: EventFetcher for fetching Map Completion Events
26/03/02 03:33:13 INFO reduce.LocalFetcher: localfetcher#78 about to shuffle output of map attempt_local1449754301_0020_m_000000_0 decomp: 110 len: 114 to MEMORY
26/03/02 03:33:13 INFO reduce.InMemoryMapOutput: Read 110 bytes from map-output for attempt_local1449754301_0020_m_000000_0
26/03/02 03:33:13 INFO reduce.MergeManagerImpl: closeInMemoryFile -> map-output of size: 110, inMemoryMapOutputs.size() -> 1, commitMemory -> 0, usedMemory ->110
26/03/02 03:33:13 INFO reduce.EventFetcher: EventFetcher is interrupted.. Returning
26/03/02 03:33:13 INFO mapred.LocalJobRunner: 1 / 1 copied.
26/03/02 03:33:13 INFO reduce.MergeManagerImpl: finalMerge called with 1 in-memory map-outputs and 0 on-disk map-outputs
26/03/02 03:33:13 INFO mapred.Merger: Merging 1 sorted segments
26/03/02 03:33:13 INFO mapred.Merger: Down to the last merge-pass, with 1 segments left of total size: 104 bytes
26/03/02 03:33:13 INFO reduce.MergeManagerImpl: Merged 1 segments, 110 bytes to disk to satisfy reduce memory limit
26/03/02 03:33:13 INFO reduce.MergeManagerImpl: Merging 1 files, 114 bytes from disk
26/03/02 03:33:13 INFO reduce.MergeManagerImpl: Merging 0 segments, 0 bytes from memory into reduce
26/03/02 03:33:13 INFO mapred.Merger: Merging 1 sorted segments
26/03/02 03:33:13 INFO mapred.Merger: Down to the last merge-pass, with 1 segments left of total size: 104 bytes
26/03/02 03:33:13 INFO mapred.LocalJobRunner: 1 / 1 copied.
26/03/02 03:33:13 INFO mapred.Task: Task:attempt_local1449754301_0020_r_000001_0 is done. And is in the process of committing
26/03/02 03:33:13 INFO mapred.LocalJobRunner: 1 / 1 copied.
26/03/02 03:33:13 INFO mapred.Task: Task attempt_local1449754301_0020_r_000001_0 is allowed to commit now
26/03/02 03:33:13 INFO output.FileOutputCommitter: Saved output of task 'attempt_local1449754301_0020_r_000001_0' to hdfs://localhost:9000/project2/task2/runs_report_plus/k8_r30_opt/iter_20/_temporary/0/task_local1449754301_0020_r_000001
26/03/02 03:33:13 INFO mapred.LocalJobRunner: reduce > reduce
26/03/02 03:33:13 INFO mapred.Task: Task 'attempt_local1449754301_0020_r_000001_0' done.
26/03/02 03:33:13 INFO mapred.Task: Final Counters for attempt_local1449754301_0020_r_000001_0: Counters: 29
	File System Counters
		FILE: Number of bytes read=2930542
		FILE: Number of bytes written=8837473
		FILE: Number of read operations=0
		FILE: Number of large read operations=0
		FILE: Number of write operations=0
		HDFS: Number of bytes read=14742207
		HDFS: Number of bytes written=27891
		HDFS: Number of read operations=1091
		HDFS: Number of large read operations=0
		HDFS: Number of write operations=352
	Map-Reduce Framework
		Combine input records=0
		Combine output records=0
		Reduce input groups=2
		Reduce shuffle bytes=114
		Reduce input records=2
		Reduce output records=2
		Spilled Records=2
		Shuffled Maps =1
		Failed Shuffles=0
		Merged Map outputs=1
		GC time elapsed (ms)=0
		Total committed heap usage (bytes)=526385152
	Shuffle Errors
		BAD_ID=0
		CONNECTION=0
		IO_ERROR=0
		WRONG_LENGTH=0
		WRONG_MAP=0
		WRONG_REDUCE=0
	File Output Format Counters 
		Bytes Written=203
26/03/02 03:33:13 INFO mapred.LocalJobRunner: Finishing task: attempt_local1449754301_0020_r_000001_0
26/03/02 03:33:13 INFO mapred.LocalJobRunner: Starting task: attempt_local1449754301_0020_r_000002_0
26/03/02 03:33:13 INFO output.FileOutputCommitter: File Output Committer Algorithm version is 1
26/03/02 03:33:13 INFO mapred.Task:  Using ResourceCalculatorProcessTree : [ ]
26/03/02 03:33:13 INFO mapred.ReduceTask: Using ShuffleConsumerPlugin: org.apache.hadoop.mapreduce.task.reduce.Shuffle@7a026bb9
26/03/02 03:33:13 INFO reduce.MergeManagerImpl: MergerManager: memoryLimit=368469600, maxSingleShuffleLimit=92117400, mergeThreshold=243189952, ioSortFactor=10, memToMemMergeOutputsThreshold=10
26/03/02 03:33:13 INFO reduce.EventFetcher: attempt_local1449754301_0020_r_000002_0 Thread started: EventFetcher for fetching Map Completion Events
26/03/02 03:33:13 INFO reduce.LocalFetcher: localfetcher#79 about to shuffle output of map attempt_local1449754301_0020_m_000000_0 decomp: 110 len: 114 to MEMORY
26/03/02 03:33:13 INFO reduce.InMemoryMapOutput: Read 110 bytes from map-output for attempt_local1449754301_0020_m_000000_0
26/03/02 03:33:13 INFO reduce.MergeManagerImpl: closeInMemoryFile -> map-output of size: 110, inMemoryMapOutputs.size() -> 1, commitMemory -> 0, usedMemory ->110
26/03/02 03:33:13 INFO reduce.EventFetcher: EventFetcher is interrupted.. Returning
26/03/02 03:33:13 INFO mapred.LocalJobRunner: 1 / 1 copied.
26/03/02 03:33:13 INFO reduce.MergeManagerImpl: finalMerge called with 1 in-memory map-outputs and 0 on-disk map-outputs
26/03/02 03:33:13 INFO mapred.Merger: Merging 1 sorted segments
26/03/02 03:33:13 INFO mapred.Merger: Down to the last merge-pass, with 1 segments left of total size: 104 bytes
26/03/02 03:33:13 INFO reduce.MergeManagerImpl: Merged 1 segments, 110 bytes to disk to satisfy reduce memory limit
26/03/02 03:33:13 INFO reduce.MergeManagerImpl: Merging 1 files, 114 bytes from disk
26/03/02 03:33:13 INFO reduce.MergeManagerImpl: Merging 0 segments, 0 bytes from memory into reduce
26/03/02 03:33:13 INFO mapred.Merger: Merging 1 sorted segments
26/03/02 03:33:13 INFO mapred.Merger: Down to the last merge-pass, with 1 segments left of total size: 104 bytes
26/03/02 03:33:13 INFO mapred.LocalJobRunner: 1 / 1 copied.
26/03/02 03:33:13 INFO mapred.Task: Task:attempt_local1449754301_0020_r_000002_0 is done. And is in the process of committing
26/03/02 03:33:13 INFO mapred.LocalJobRunner: 1 / 1 copied.
26/03/02 03:33:13 INFO mapred.Task: Task attempt_local1449754301_0020_r_000002_0 is allowed to commit now
26/03/02 03:33:13 INFO output.FileOutputCommitter: Saved output of task 'attempt_local1449754301_0020_r_000002_0' to hdfs://localhost:9000/project2/task2/runs_report_plus/k8_r30_opt/iter_20/_temporary/0/task_local1449754301_0020_r_000002
26/03/02 03:33:13 INFO mapred.LocalJobRunner: reduce > reduce
26/03/02 03:33:13 INFO mapred.Task: Task 'attempt_local1449754301_0020_r_000002_0' done.
26/03/02 03:33:13 INFO mapred.Task: Final Counters for attempt_local1449754301_0020_r_000002_0: Counters: 29
	File System Counters
		FILE: Number of bytes read=2930988
		FILE: Number of bytes written=8837587
		FILE: Number of read operations=0
		FILE: Number of large read operations=0
		FILE: Number of write operations=0
		HDFS: Number of bytes read=14742207
		HDFS: Number of bytes written=28097
		HDFS: Number of read operations=1094
		HDFS: Number of large read operations=0
		HDFS: Number of write operations=354
	Map-Reduce Framework
		Combine input records=0
		Combine output records=0
		Reduce input groups=2
		Reduce shuffle bytes=114
		Reduce input records=2
		Reduce output records=2
		Spilled Records=2
		Shuffled Maps =1
		Failed Shuffles=0
		Merged Map outputs=1
		GC time elapsed (ms)=0
		Total committed heap usage (bytes)=526385152
	Shuffle Errors
		BAD_ID=0
		CONNECTION=0
		IO_ERROR=0
		WRONG_LENGTH=0
		WRONG_MAP=0
		WRONG_REDUCE=0
	File Output Format Counters 
		Bytes Written=206
26/03/02 03:33:13 INFO mapred.LocalJobRunner: Finishing task: attempt_local1449754301_0020_r_000002_0
26/03/02 03:33:13 INFO mapred.LocalJobRunner: Starting task: attempt_local1449754301_0020_r_000003_0
26/03/02 03:33:13 INFO output.FileOutputCommitter: File Output Committer Algorithm version is 1
26/03/02 03:33:13 INFO mapred.Task:  Using ResourceCalculatorProcessTree : [ ]
26/03/02 03:33:13 INFO mapred.ReduceTask: Using ShuffleConsumerPlugin: org.apache.hadoop.mapreduce.task.reduce.Shuffle@945cc5e
26/03/02 03:33:13 INFO reduce.MergeManagerImpl: MergerManager: memoryLimit=368469600, maxSingleShuffleLimit=92117400, mergeThreshold=243189952, ioSortFactor=10, memToMemMergeOutputsThreshold=10
26/03/02 03:33:13 INFO reduce.EventFetcher: attempt_local1449754301_0020_r_000003_0 Thread started: EventFetcher for fetching Map Completion Events
26/03/02 03:33:13 INFO reduce.LocalFetcher: localfetcher#80 about to shuffle output of map attempt_local1449754301_0020_m_000000_0 decomp: 110 len: 114 to MEMORY
26/03/02 03:33:13 INFO reduce.InMemoryMapOutput: Read 110 bytes from map-output for attempt_local1449754301_0020_m_000000_0
26/03/02 03:33:13 INFO reduce.MergeManagerImpl: closeInMemoryFile -> map-output of size: 110, inMemoryMapOutputs.size() -> 1, commitMemory -> 0, usedMemory ->110
26/03/02 03:33:13 INFO reduce.EventFetcher: EventFetcher is interrupted.. Returning
26/03/02 03:33:13 INFO mapred.LocalJobRunner: 1 / 1 copied.
26/03/02 03:33:13 INFO reduce.MergeManagerImpl: finalMerge called with 1 in-memory map-outputs and 0 on-disk map-outputs
26/03/02 03:33:13 INFO mapred.Merger: Merging 1 sorted segments
26/03/02 03:33:13 INFO mapred.Merger: Down to the last merge-pass, with 1 segments left of total size: 104 bytes
26/03/02 03:33:13 INFO reduce.MergeManagerImpl: Merged 1 segments, 110 bytes to disk to satisfy reduce memory limit
26/03/02 03:33:13 INFO reduce.MergeManagerImpl: Merging 1 files, 114 bytes from disk
26/03/02 03:33:13 INFO reduce.MergeManagerImpl: Merging 0 segments, 0 bytes from memory into reduce
26/03/02 03:33:13 INFO mapred.Merger: Merging 1 sorted segments
26/03/02 03:33:13 INFO mapred.Merger: Down to the last merge-pass, with 1 segments left of total size: 104 bytes
26/03/02 03:33:13 INFO mapred.LocalJobRunner: 1 / 1 copied.
26/03/02 03:33:13 INFO mapred.Task: Task:attempt_local1449754301_0020_r_000003_0 is done. And is in the process of committing
26/03/02 03:33:13 INFO mapred.LocalJobRunner: 1 / 1 copied.
26/03/02 03:33:13 INFO mapred.Task: Task attempt_local1449754301_0020_r_000003_0 is allowed to commit now
26/03/02 03:33:13 INFO output.FileOutputCommitter: Saved output of task 'attempt_local1449754301_0020_r_000003_0' to hdfs://localhost:9000/project2/task2/runs_report_plus/k8_r30_opt/iter_20/_temporary/0/task_local1449754301_0020_r_000003
26/03/02 03:33:13 INFO mapred.LocalJobRunner: reduce > reduce
26/03/02 03:33:13 INFO mapred.Task: Task 'attempt_local1449754301_0020_r_000003_0' done.
26/03/02 03:33:13 INFO mapred.Task: Final Counters for attempt_local1449754301_0020_r_000003_0: Counters: 29
	File System Counters
		FILE: Number of bytes read=2931320
		FILE: Number of bytes written=8837701
		FILE: Number of read operations=0
		FILE: Number of large read operations=0
		FILE: Number of write operations=0
		HDFS: Number of bytes read=14742207
		HDFS: Number of bytes written=28303
		HDFS: Number of read operations=1097
		HDFS: Number of large read operations=0
		HDFS: Number of write operations=356
	Map-Reduce Framework
		Combine input records=0
		Combine output records=0
		Reduce input groups=2
		Reduce shuffle bytes=114
		Reduce input records=2
		Reduce output records=2
		Spilled Records=2
		Shuffled Maps =1
		Failed Shuffles=0
		Merged Map outputs=1
		GC time elapsed (ms)=0
		Total committed heap usage (bytes)=526385152
	Shuffle Errors
		BAD_ID=0
		CONNECTION=0
		IO_ERROR=0
		WRONG_LENGTH=0
		WRONG_MAP=0
		WRONG_REDUCE=0
	File Output Format Counters 
		Bytes Written=206
26/03/02 03:33:13 INFO mapred.LocalJobRunner: Finishing task: attempt_local1449754301_0020_r_000003_0
26/03/02 03:33:13 INFO mapred.LocalJobRunner: reduce task executor complete.
26/03/02 03:33:14 INFO mapreduce.Job: Job job_local1449754301_0020 running in uber mode : false
26/03/02 03:33:14 INFO mapreduce.Job:  map 100% reduce 100%
26/03/02 03:33:14 INFO mapreduce.Job: Job job_local1449754301_0020 completed successfully
26/03/02 03:33:14 INFO mapreduce.Job: Counters: 35
	File System Counters
		FILE: Number of bytes read=14652140
		FILE: Number of bytes written=44187365
		FILE: Number of read operations=0
		FILE: Number of large read operations=0
		FILE: Number of write operations=0
		HDFS: Number of bytes read=73711035
		HDFS: Number of bytes written=139467
		HDFS: Number of read operations=5455
		HDFS: Number of large read operations=0
		HDFS: Number of write operations=1760
	Map-Reduce Framework
		Map input records=10000
		Map output records=10000
		Map output bytes=520000
		Map output materialized bytes=456
		Input split bytes=121
		Combine input records=10000
		Combine output records=8
		Reduce input groups=8
		Reduce shuffle bytes=456
		Reduce input records=8
		Reduce output records=8
		Spilled Records=16
		Shuffled Maps =4
		Failed Shuffles=0
		Merged Map outputs=4
		GC time elapsed (ms)=3
		Total committed heap usage (bytes)=2631925760
	Shuffle Errors
		BAD_ID=0
		CONNECTION=0
		IO_ERROR=0
		WRONG_LENGTH=0
		WRONG_MAP=0
		WRONG_REDUCE=0
	File Input Format Counters 
		Bytes Read=733758
	File Output Format Counters 
		Bytes Written=815
26/03/02 03:33:14 INFO jvm.JvmMetrics: Cannot initialize JVM Metrics with processName=JobTracker, sessionId= - already initialized
26/03/02 03:33:14 WARN mapreduce.JobResourceUploader: Hadoop command-line option parsing not performed. Implement the Tool interface and execute your application with ToolRunner to remedy this.
26/03/02 03:33:14 INFO input.FileInputFormat: Total input paths to process : 1
26/03/02 03:33:14 INFO mapreduce.JobSubmitter: number of splits:1
26/03/02 03:33:14 INFO mapreduce.JobSubmitter: Submitting tokens for job: job_local508187980_0021
26/03/02 03:33:14 INFO mapred.LocalDistributedCacheManager: Creating symlink: /tmp/hadoop-ds503/mapred/local/1772422394620/centers_iter_20.csv <- /home/ds503/centers_iter_20.csv
26/03/02 03:33:14 INFO mapred.LocalDistributedCacheManager: Localized hdfs://localhost:9000/project2/task2/runs_report_plus/k8_r30_opt/centers_iter_20.csv as file:/tmp/hadoop-ds503/mapred/local/1772422394620/centers_iter_20.csv
26/03/02 03:33:14 INFO mapreduce.Job: The url to track the job: http://localhost:8080/
26/03/02 03:33:14 INFO mapreduce.Job: Running job: job_local508187980_0021
26/03/02 03:33:14 INFO mapred.LocalJobRunner: OutputCommitter set in config null
26/03/02 03:33:14 INFO output.FileOutputCommitter: File Output Committer Algorithm version is 1
26/03/02 03:33:14 INFO mapred.LocalJobRunner: OutputCommitter is org.apache.hadoop.mapreduce.lib.output.FileOutputCommitter
26/03/02 03:33:14 INFO mapred.LocalJobRunner: Waiting for map tasks
26/03/02 03:33:14 INFO mapred.LocalJobRunner: Starting task: attempt_local508187980_0021_m_000000_0
26/03/02 03:33:14 INFO output.FileOutputCommitter: File Output Committer Algorithm version is 1
26/03/02 03:33:14 INFO mapred.Task:  Using ResourceCalculatorProcessTree : [ ]
26/03/02 03:33:14 INFO mapred.MapTask: Processing split: hdfs://localhost:9000/project2/task2/input/points_4d.csv:0+733758
26/03/02 03:33:14 INFO mapred.MapTask: (EQUATOR) 0 kvi 26214396(104857584)
26/03/02 03:33:14 INFO mapred.MapTask: mapreduce.task.io.sort.mb: 100
26/03/02 03:33:14 INFO mapred.MapTask: soft limit at 83886080
26/03/02 03:33:14 INFO mapred.MapTask: bufstart = 0; bufvoid = 104857600
26/03/02 03:33:14 INFO mapred.MapTask: kvstart = 26214396; length = 6553600
26/03/02 03:33:14 INFO mapred.MapTask: Map output collector class = org.apache.hadoop.mapred.MapTask$MapOutputBuffer
26/03/02 03:33:14 INFO mapred.LocalJobRunner: 
26/03/02 03:33:14 INFO mapred.MapTask: Starting flush of map output
26/03/02 03:33:14 INFO mapred.MapTask: Spilling map output
26/03/02 03:33:14 INFO mapred.MapTask: bufstart = 0; bufend = 520000; bufvoid = 104857600
26/03/02 03:33:14 INFO mapred.MapTask: kvstart = 26214396(104857584); kvend = 26174400(104697600); length = 39997/6553600
26/03/02 03:33:14 INFO mapred.MapTask: Finished spill 0
26/03/02 03:33:14 INFO mapred.Task: Task:attempt_local508187980_0021_m_000000_0 is done. And is in the process of committing
26/03/02 03:33:14 INFO mapred.LocalJobRunner: map
26/03/02 03:33:14 INFO mapred.Task: Task 'attempt_local508187980_0021_m_000000_0' done.
26/03/02 03:33:14 INFO mapred.Task: Final Counters for attempt_local508187980_0021_m_000000_0: Counters: 23
	File System Counters
		FILE: Number of bytes read=3075874
		FILE: Number of bytes written=9278579
		FILE: Number of read operations=0
		FILE: Number of large read operations=0
		FILE: Number of write operations=0
		HDFS: Number of bytes read=15479412
		HDFS: Number of bytes written=28909
		HDFS: Number of read operations=1141
		HDFS: Number of large read operations=0
		HDFS: Number of write operations=366
	Map-Reduce Framework
		Map input records=10000
		Map output records=10000
		Map output bytes=520000
		Map output materialized bytes=456
		Input split bytes=121
		Combine input records=10000
		Combine output records=8
		Spilled Records=8
		Failed Shuffles=0
		Merged Map outputs=0
		GC time elapsed (ms)=0
		Total committed heap usage (bytes)=526909440
	File Input Format Counters 
		Bytes Read=733758
26/03/02 03:33:14 INFO mapred.LocalJobRunner: Finishing task: attempt_local508187980_0021_m_000000_0
26/03/02 03:33:14 INFO mapred.LocalJobRunner: map task executor complete.
26/03/02 03:33:14 INFO mapred.LocalJobRunner: Waiting for reduce tasks
26/03/02 03:33:14 INFO mapred.LocalJobRunner: Starting task: attempt_local508187980_0021_r_000000_0
26/03/02 03:33:14 INFO output.FileOutputCommitter: File Output Committer Algorithm version is 1
26/03/02 03:33:14 INFO mapred.Task:  Using ResourceCalculatorProcessTree : [ ]
26/03/02 03:33:14 INFO mapred.ReduceTask: Using ShuffleConsumerPlugin: org.apache.hadoop.mapreduce.task.reduce.Shuffle@776a3d71
26/03/02 03:33:14 INFO reduce.MergeManagerImpl: MergerManager: memoryLimit=368836608, maxSingleShuffleLimit=92209152, mergeThreshold=243432176, ioSortFactor=10, memToMemMergeOutputsThreshold=10
26/03/02 03:33:14 INFO reduce.EventFetcher: attempt_local508187980_0021_r_000000_0 Thread started: EventFetcher for fetching Map Completion Events
26/03/02 03:33:14 INFO reduce.LocalFetcher: localfetcher#81 about to shuffle output of map attempt_local508187980_0021_m_000000_0 decomp: 110 len: 114 to MEMORY
26/03/02 03:33:14 INFO reduce.InMemoryMapOutput: Read 110 bytes from map-output for attempt_local508187980_0021_m_000000_0
26/03/02 03:33:14 INFO reduce.MergeManagerImpl: closeInMemoryFile -> map-output of size: 110, inMemoryMapOutputs.size() -> 1, commitMemory -> 0, usedMemory ->110
26/03/02 03:33:14 INFO reduce.EventFetcher: EventFetcher is interrupted.. Returning
26/03/02 03:33:14 INFO mapred.LocalJobRunner: 1 / 1 copied.
26/03/02 03:33:14 INFO reduce.MergeManagerImpl: finalMerge called with 1 in-memory map-outputs and 0 on-disk map-outputs
26/03/02 03:33:14 INFO mapred.Merger: Merging 1 sorted segments
26/03/02 03:33:14 INFO mapred.Merger: Down to the last merge-pass, with 1 segments left of total size: 104 bytes
26/03/02 03:33:14 INFO reduce.MergeManagerImpl: Merged 1 segments, 110 bytes to disk to satisfy reduce memory limit
26/03/02 03:33:14 INFO reduce.MergeManagerImpl: Merging 1 files, 114 bytes from disk
26/03/02 03:33:14 INFO reduce.MergeManagerImpl: Merging 0 segments, 0 bytes from memory into reduce
26/03/02 03:33:14 INFO mapred.Merger: Merging 1 sorted segments
26/03/02 03:33:14 INFO mapred.Merger: Down to the last merge-pass, with 1 segments left of total size: 104 bytes
26/03/02 03:33:14 INFO mapred.LocalJobRunner: 1 / 1 copied.
26/03/02 03:33:14 INFO mapred.Task: Task:attempt_local508187980_0021_r_000000_0 is done. And is in the process of committing
26/03/02 03:33:14 INFO mapred.LocalJobRunner: 1 / 1 copied.
26/03/02 03:33:14 INFO mapred.Task: Task attempt_local508187980_0021_r_000000_0 is allowed to commit now
26/03/02 03:33:14 INFO output.FileOutputCommitter: Saved output of task 'attempt_local508187980_0021_r_000000_0' to hdfs://localhost:9000/project2/task2/runs_report_plus/k8_r30_opt/iter_21/_temporary/0/task_local508187980_0021_r_000000
26/03/02 03:33:14 INFO mapred.LocalJobRunner: reduce > reduce
26/03/02 03:33:14 INFO mapred.Task: Task 'attempt_local508187980_0021_r_000000_0' done.
26/03/02 03:33:14 INFO mapred.Task: Final Counters for attempt_local508187980_0021_r_000000_0: Counters: 29
	File System Counters
		FILE: Number of bytes read=3076548
		FILE: Number of bytes written=9278693
		FILE: Number of read operations=0
		FILE: Number of large read operations=0
		FILE: Number of write operations=0
		HDFS: Number of bytes read=15479412
		HDFS: Number of bytes written=29108
		HDFS: Number of read operations=1144
		HDFS: Number of large read operations=0
		HDFS: Number of write operations=368
	Map-Reduce Framework
		Combine input records=0
		Combine output records=0
		Reduce input groups=2
		Reduce shuffle bytes=114
		Reduce input records=2
		Reduce output records=2
		Spilled Records=2
		Shuffled Maps =1
		Failed Shuffles=0
		Merged Map outputs=1
		GC time elapsed (ms)=0
		Total committed heap usage (bytes)=526909440
	Shuffle Errors
		BAD_ID=0
		CONNECTION=0
		IO_ERROR=0
		WRONG_LENGTH=0
		WRONG_MAP=0
		WRONG_REDUCE=0
	File Output Format Counters 
		Bytes Written=199
26/03/02 03:33:14 INFO mapred.LocalJobRunner: Finishing task: attempt_local508187980_0021_r_000000_0
26/03/02 03:33:14 INFO mapred.LocalJobRunner: Starting task: attempt_local508187980_0021_r_000001_0
26/03/02 03:33:14 INFO output.FileOutputCommitter: File Output Committer Algorithm version is 1
26/03/02 03:33:14 INFO mapred.Task:  Using ResourceCalculatorProcessTree : [ ]
26/03/02 03:33:14 INFO mapred.ReduceTask: Using ShuffleConsumerPlugin: org.apache.hadoop.mapreduce.task.reduce.Shuffle@1e37e401
26/03/02 03:33:14 INFO reduce.MergeManagerImpl: MergerManager: memoryLimit=368836608, maxSingleShuffleLimit=92209152, mergeThreshold=243432176, ioSortFactor=10, memToMemMergeOutputsThreshold=10
26/03/02 03:33:14 INFO reduce.EventFetcher: attempt_local508187980_0021_r_000001_0 Thread started: EventFetcher for fetching Map Completion Events
26/03/02 03:33:14 INFO reduce.LocalFetcher: localfetcher#82 about to shuffle output of map attempt_local508187980_0021_m_000000_0 decomp: 110 len: 114 to MEMORY
26/03/02 03:33:14 INFO reduce.InMemoryMapOutput: Read 110 bytes from map-output for attempt_local508187980_0021_m_000000_0
26/03/02 03:33:14 INFO reduce.MergeManagerImpl: closeInMemoryFile -> map-output of size: 110, inMemoryMapOutputs.size() -> 1, commitMemory -> 0, usedMemory ->110
26/03/02 03:33:14 WARN io.ReadaheadPool: Failed readahead on ifile
EBADF: Bad file descriptor
	at org.apache.hadoop.io.nativeio.NativeIO$POSIX.posix_fadvise(Native Method)
	at org.apache.hadoop.io.nativeio.NativeIO$POSIX.posixFadviseIfPossible(NativeIO.java:267)
	at org.apache.hadoop.io.nativeio.NativeIO$POSIX$CacheManipulator.posixFadviseIfPossible(NativeIO.java:146)
	at org.apache.hadoop.io.ReadaheadPool$ReadaheadRequestImpl.run(ReadaheadPool.java:206)
	at java.util.concurrent.ThreadPoolExecutor.runWorker(ThreadPoolExecutor.java:1149)
	at java.util.concurrent.ThreadPoolExecutor$Worker.run(ThreadPoolExecutor.java:624)
	at java.lang.Thread.run(Thread.java:748)
26/03/02 03:33:14 INFO reduce.EventFetcher: EventFetcher is interrupted.. Returning
26/03/02 03:33:14 INFO mapred.LocalJobRunner: 1 / 1 copied.
26/03/02 03:33:14 INFO reduce.MergeManagerImpl: finalMerge called with 1 in-memory map-outputs and 0 on-disk map-outputs
26/03/02 03:33:14 INFO mapred.Merger: Merging 1 sorted segments
26/03/02 03:33:14 INFO mapred.Merger: Down to the last merge-pass, with 1 segments left of total size: 104 bytes
26/03/02 03:33:14 INFO reduce.MergeManagerImpl: Merged 1 segments, 110 bytes to disk to satisfy reduce memory limit
26/03/02 03:33:14 INFO reduce.MergeManagerImpl: Merging 1 files, 114 bytes from disk
26/03/02 03:33:14 INFO reduce.MergeManagerImpl: Merging 0 segments, 0 bytes from memory into reduce
26/03/02 03:33:14 INFO mapred.Merger: Merging 1 sorted segments
26/03/02 03:33:14 INFO mapred.Merger: Down to the last merge-pass, with 1 segments left of total size: 104 bytes
26/03/02 03:33:14 INFO mapred.LocalJobRunner: 1 / 1 copied.
26/03/02 03:33:14 INFO mapred.Task: Task:attempt_local508187980_0021_r_000001_0 is done. And is in the process of committing
26/03/02 03:33:14 INFO mapred.LocalJobRunner: 1 / 1 copied.
26/03/02 03:33:14 INFO mapred.Task: Task attempt_local508187980_0021_r_000001_0 is allowed to commit now
26/03/02 03:33:14 INFO output.FileOutputCommitter: Saved output of task 'attempt_local508187980_0021_r_000001_0' to hdfs://localhost:9000/project2/task2/runs_report_plus/k8_r30_opt/iter_21/_temporary/0/task_local508187980_0021_r_000001
26/03/02 03:33:14 INFO mapred.LocalJobRunner: reduce > reduce
26/03/02 03:33:14 INFO mapred.Task: Task 'attempt_local508187980_0021_r_000001_0' done.
26/03/02 03:33:14 INFO mapred.Task: Final Counters for attempt_local508187980_0021_r_000001_0: Counters: 29
	File System Counters
		FILE: Number of bytes read=3077108
		FILE: Number of bytes written=9278807
		FILE: Number of read operations=0
		FILE: Number of large read operations=0
		FILE: Number of write operations=0
		HDFS: Number of bytes read=15479412
		HDFS: Number of bytes written=29311
		HDFS: Number of read operations=1147
		HDFS: Number of large read operations=0
		HDFS: Number of write operations=370
	Map-Reduce Framework
		Combine input records=0
		Combine output records=0
		Reduce input groups=2
		Reduce shuffle bytes=114
		Reduce input records=2
		Reduce output records=2
		Spilled Records=2
		Shuffled Maps =1
		Failed Shuffles=0
		Merged Map outputs=1
		GC time elapsed (ms)=0
		Total committed heap usage (bytes)=526909440
	Shuffle Errors
		BAD_ID=0
		CONNECTION=0
		IO_ERROR=0
		WRONG_LENGTH=0
		WRONG_MAP=0
		WRONG_REDUCE=0
	File Output Format Counters 
		Bytes Written=203
26/03/02 03:33:14 INFO mapred.LocalJobRunner: Finishing task: attempt_local508187980_0021_r_000001_0
26/03/02 03:33:14 INFO mapred.LocalJobRunner: Starting task: attempt_local508187980_0021_r_000002_0
26/03/02 03:33:14 INFO output.FileOutputCommitter: File Output Committer Algorithm version is 1
26/03/02 03:33:14 INFO mapred.Task:  Using ResourceCalculatorProcessTree : [ ]
26/03/02 03:33:14 INFO mapred.ReduceTask: Using ShuffleConsumerPlugin: org.apache.hadoop.mapreduce.task.reduce.Shuffle@662fe5f5
26/03/02 03:33:14 INFO reduce.MergeManagerImpl: MergerManager: memoryLimit=368836608, maxSingleShuffleLimit=92209152, mergeThreshold=243432176, ioSortFactor=10, memToMemMergeOutputsThreshold=10
26/03/02 03:33:14 INFO reduce.EventFetcher: attempt_local508187980_0021_r_000002_0 Thread started: EventFetcher for fetching Map Completion Events
26/03/02 03:33:14 INFO reduce.LocalFetcher: localfetcher#83 about to shuffle output of map attempt_local508187980_0021_m_000000_0 decomp: 110 len: 114 to MEMORY
26/03/02 03:33:14 INFO reduce.InMemoryMapOutput: Read 110 bytes from map-output for attempt_local508187980_0021_m_000000_0
26/03/02 03:33:14 INFO reduce.MergeManagerImpl: closeInMemoryFile -> map-output of size: 110, inMemoryMapOutputs.size() -> 1, commitMemory -> 0, usedMemory ->110
26/03/02 03:33:14 WARN io.ReadaheadPool: Failed readahead on ifile
EBADF: Bad file descriptor
	at org.apache.hadoop.io.nativeio.NativeIO$POSIX.posix_fadvise(Native Method)
	at org.apache.hadoop.io.nativeio.NativeIO$POSIX.posixFadviseIfPossible(NativeIO.java:267)
	at org.apache.hadoop.io.nativeio.NativeIO$POSIX$CacheManipulator.posixFadviseIfPossible(NativeIO.java:146)
	at org.apache.hadoop.io.ReadaheadPool$ReadaheadRequestImpl.run(ReadaheadPool.java:206)
	at java.util.concurrent.ThreadPoolExecutor.runWorker(ThreadPoolExecutor.java:1149)
	at java.util.concurrent.ThreadPoolExecutor$Worker.run(ThreadPoolExecutor.java:624)
	at java.lang.Thread.run(Thread.java:748)
26/03/02 03:33:14 INFO reduce.EventFetcher: EventFetcher is interrupted.. Returning
26/03/02 03:33:14 INFO mapred.LocalJobRunner: 1 / 1 copied.
26/03/02 03:33:14 INFO reduce.MergeManagerImpl: finalMerge called with 1 in-memory map-outputs and 0 on-disk map-outputs
26/03/02 03:33:14 INFO mapred.Merger: Merging 1 sorted segments
26/03/02 03:33:14 INFO mapred.Merger: Down to the last merge-pass, with 1 segments left of total size: 104 bytes
26/03/02 03:33:14 INFO reduce.MergeManagerImpl: Merged 1 segments, 110 bytes to disk to satisfy reduce memory limit
26/03/02 03:33:14 INFO reduce.MergeManagerImpl: Merging 1 files, 114 bytes from disk
26/03/02 03:33:14 INFO reduce.MergeManagerImpl: Merging 0 segments, 0 bytes from memory into reduce
26/03/02 03:33:14 INFO mapred.Merger: Merging 1 sorted segments
26/03/02 03:33:14 INFO mapred.Merger: Down to the last merge-pass, with 1 segments left of total size: 104 bytes
26/03/02 03:33:14 INFO mapred.LocalJobRunner: 1 / 1 copied.
26/03/02 03:33:14 INFO mapred.Task: Task:attempt_local508187980_0021_r_000002_0 is done. And is in the process of committing
26/03/02 03:33:14 INFO mapred.LocalJobRunner: 1 / 1 copied.
26/03/02 03:33:14 INFO mapred.Task: Task attempt_local508187980_0021_r_000002_0 is allowed to commit now
26/03/02 03:33:14 INFO output.FileOutputCommitter: Saved output of task 'attempt_local508187980_0021_r_000002_0' to hdfs://localhost:9000/project2/task2/runs_report_plus/k8_r30_opt/iter_21/_temporary/0/task_local508187980_0021_r_000002
26/03/02 03:33:14 INFO mapred.LocalJobRunner: reduce > reduce
26/03/02 03:33:14 INFO mapred.Task: Task 'attempt_local508187980_0021_r_000002_0' done.
26/03/02 03:33:14 INFO mapred.Task: Final Counters for attempt_local508187980_0021_r_000002_0: Counters: 29
	File System Counters
		FILE: Number of bytes read=3077554
		FILE: Number of bytes written=9278921
		FILE: Number of read operations=0
		FILE: Number of large read operations=0
		FILE: Number of write operations=0
		HDFS: Number of bytes read=15479412
		HDFS: Number of bytes written=29515
		HDFS: Number of read operations=1150
		HDFS: Number of large read operations=0
		HDFS: Number of write operations=372
	Map-Reduce Framework
		Combine input records=0
		Combine output records=0
		Reduce input groups=2
		Reduce shuffle bytes=114
		Reduce input records=2
		Reduce output records=2
		Spilled Records=2
		Shuffled Maps =1
		Failed Shuffles=0
		Merged Map outputs=1
		GC time elapsed (ms)=0
		Total committed heap usage (bytes)=526909440
	Shuffle Errors
		BAD_ID=0
		CONNECTION=0
		IO_ERROR=0
		WRONG_LENGTH=0
		WRONG_MAP=0
		WRONG_REDUCE=0
	File Output Format Counters 
		Bytes Written=204
26/03/02 03:33:14 INFO mapred.LocalJobRunner: Finishing task: attempt_local508187980_0021_r_000002_0
26/03/02 03:33:14 INFO mapred.LocalJobRunner: Starting task: attempt_local508187980_0021_r_000003_0
26/03/02 03:33:14 INFO output.FileOutputCommitter: File Output Committer Algorithm version is 1
26/03/02 03:33:14 INFO mapred.Task:  Using ResourceCalculatorProcessTree : [ ]
26/03/02 03:33:14 INFO mapred.ReduceTask: Using ShuffleConsumerPlugin: org.apache.hadoop.mapreduce.task.reduce.Shuffle@7989c862
26/03/02 03:33:14 INFO reduce.MergeManagerImpl: MergerManager: memoryLimit=368836608, maxSingleShuffleLimit=92209152, mergeThreshold=243432176, ioSortFactor=10, memToMemMergeOutputsThreshold=10
26/03/02 03:33:14 INFO reduce.EventFetcher: attempt_local508187980_0021_r_000003_0 Thread started: EventFetcher for fetching Map Completion Events
26/03/02 03:33:14 INFO reduce.LocalFetcher: localfetcher#84 about to shuffle output of map attempt_local508187980_0021_m_000000_0 decomp: 110 len: 114 to MEMORY
26/03/02 03:33:14 INFO reduce.InMemoryMapOutput: Read 110 bytes from map-output for attempt_local508187980_0021_m_000000_0
26/03/02 03:33:14 INFO reduce.MergeManagerImpl: closeInMemoryFile -> map-output of size: 110, inMemoryMapOutputs.size() -> 1, commitMemory -> 0, usedMemory ->110
26/03/02 03:33:14 INFO reduce.EventFetcher: EventFetcher is interrupted.. Returning
26/03/02 03:33:14 INFO mapred.LocalJobRunner: 1 / 1 copied.
26/03/02 03:33:14 INFO reduce.MergeManagerImpl: finalMerge called with 1 in-memory map-outputs and 0 on-disk map-outputs
26/03/02 03:33:14 INFO mapred.Merger: Merging 1 sorted segments
26/03/02 03:33:14 INFO mapred.Merger: Down to the last merge-pass, with 1 segments left of total size: 104 bytes
26/03/02 03:33:14 INFO reduce.MergeManagerImpl: Merged 1 segments, 110 bytes to disk to satisfy reduce memory limit
26/03/02 03:33:14 INFO reduce.MergeManagerImpl: Merging 1 files, 114 bytes from disk
26/03/02 03:33:14 INFO reduce.MergeManagerImpl: Merging 0 segments, 0 bytes from memory into reduce
26/03/02 03:33:14 INFO mapred.Merger: Merging 1 sorted segments
26/03/02 03:33:14 INFO mapred.Merger: Down to the last merge-pass, with 1 segments left of total size: 104 bytes
26/03/02 03:33:14 INFO mapred.LocalJobRunner: 1 / 1 copied.
26/03/02 03:33:14 INFO mapred.Task: Task:attempt_local508187980_0021_r_000003_0 is done. And is in the process of committing
26/03/02 03:33:14 INFO mapred.LocalJobRunner: 1 / 1 copied.
26/03/02 03:33:14 INFO mapred.Task: Task attempt_local508187980_0021_r_000003_0 is allowed to commit now
26/03/02 03:33:14 INFO output.FileOutputCommitter: Saved output of task 'attempt_local508187980_0021_r_000003_0' to hdfs://localhost:9000/project2/task2/runs_report_plus/k8_r30_opt/iter_21/_temporary/0/task_local508187980_0021_r_000003
26/03/02 03:33:14 INFO mapred.LocalJobRunner: reduce > reduce
26/03/02 03:33:14 INFO mapred.Task: Task 'attempt_local508187980_0021_r_000003_0' done.
26/03/02 03:33:14 INFO mapred.Task: Final Counters for attempt_local508187980_0021_r_000003_0: Counters: 29
	File System Counters
		FILE: Number of bytes read=3077886
		FILE: Number of bytes written=9279035
		FILE: Number of read operations=0
		FILE: Number of large read operations=0
		FILE: Number of write operations=0
		HDFS: Number of bytes read=15479412
		HDFS: Number of bytes written=29719
		HDFS: Number of read operations=1153
		HDFS: Number of large read operations=0
		HDFS: Number of write operations=374
	Map-Reduce Framework
		Combine input records=0
		Combine output records=0
		Reduce input groups=2
		Reduce shuffle bytes=114
		Reduce input records=2
		Reduce output records=2
		Spilled Records=2
		Shuffled Maps =1
		Failed Shuffles=0
		Merged Map outputs=1
		GC time elapsed (ms)=0
		Total committed heap usage (bytes)=526909440
	Shuffle Errors
		BAD_ID=0
		CONNECTION=0
		IO_ERROR=0
		WRONG_LENGTH=0
		WRONG_MAP=0
		WRONG_REDUCE=0
	File Output Format Counters 
		Bytes Written=204
26/03/02 03:33:14 INFO mapred.LocalJobRunner: Finishing task: attempt_local508187980_0021_r_000003_0
26/03/02 03:33:14 INFO mapred.LocalJobRunner: reduce task executor complete.
26/03/02 03:33:15 INFO mapreduce.Job: Job job_local508187980_0021 running in uber mode : false
26/03/02 03:33:15 INFO mapreduce.Job:  map 100% reduce 100%
26/03/02 03:33:15 INFO mapreduce.Job: Job job_local508187980_0021 completed successfully
26/03/02 03:33:15 INFO mapreduce.Job: Counters: 35
	File System Counters
		FILE: Number of bytes read=15384970
		FILE: Number of bytes written=46394035
		FILE: Number of read operations=0
		FILE: Number of large read operations=0
		FILE: Number of write operations=0
		HDFS: Number of bytes read=77397060
		HDFS: Number of bytes written=146562
		HDFS: Number of read operations=5735
		HDFS: Number of large read operations=0
		HDFS: Number of write operations=1850
	Map-Reduce Framework
		Map input records=10000
		Map output records=10000
		Map output bytes=520000
		Map output materialized bytes=456
		Input split bytes=121
		Combine input records=10000
		Combine output records=8
		Reduce input groups=8
		Reduce shuffle bytes=456
		Reduce input records=8
		Reduce output records=8
		Spilled Records=16
		Shuffled Maps =4
		Failed Shuffles=0
		Merged Map outputs=4
		GC time elapsed (ms)=0
		Total committed heap usage (bytes)=2634547200
	Shuffle Errors
		BAD_ID=0
		CONNECTION=0
		IO_ERROR=0
		WRONG_LENGTH=0
		WRONG_MAP=0
		WRONG_REDUCE=0
	File Input Format Counters 
		Bytes Read=733758
	File Output Format Counters 
		Bytes Written=810
26/03/02 03:33:15 INFO jvm.JvmMetrics: Cannot initialize JVM Metrics with processName=JobTracker, sessionId= - already initialized
26/03/02 03:33:15 WARN mapreduce.JobResourceUploader: Hadoop command-line option parsing not performed. Implement the Tool interface and execute your application with ToolRunner to remedy this.
26/03/02 03:33:15 INFO input.FileInputFormat: Total input paths to process : 1
26/03/02 03:33:15 INFO mapreduce.JobSubmitter: number of splits:1
26/03/02 03:33:15 INFO mapreduce.JobSubmitter: Submitting tokens for job: job_local2074262434_0022
26/03/02 03:33:15 INFO mapred.LocalDistributedCacheManager: Creating symlink: /tmp/hadoop-ds503/mapred/local/1772422395698/centers_iter_21.csv <- /home/ds503/centers_iter_21.csv
26/03/02 03:33:15 INFO mapred.LocalDistributedCacheManager: Localized hdfs://localhost:9000/project2/task2/runs_report_plus/k8_r30_opt/centers_iter_21.csv as file:/tmp/hadoop-ds503/mapred/local/1772422395698/centers_iter_21.csv
26/03/02 03:33:15 INFO mapreduce.Job: The url to track the job: http://localhost:8080/
26/03/02 03:33:15 INFO mapreduce.Job: Running job: job_local2074262434_0022
26/03/02 03:33:15 INFO mapred.LocalJobRunner: OutputCommitter set in config null
26/03/02 03:33:15 INFO output.FileOutputCommitter: File Output Committer Algorithm version is 1
26/03/02 03:33:15 INFO mapred.LocalJobRunner: OutputCommitter is org.apache.hadoop.mapreduce.lib.output.FileOutputCommitter
26/03/02 03:33:15 INFO mapred.LocalJobRunner: Waiting for map tasks
26/03/02 03:33:15 INFO mapred.LocalJobRunner: Starting task: attempt_local2074262434_0022_m_000000_0
26/03/02 03:33:15 INFO output.FileOutputCommitter: File Output Committer Algorithm version is 1
26/03/02 03:33:15 INFO mapred.Task:  Using ResourceCalculatorProcessTree : [ ]
26/03/02 03:33:15 INFO mapred.MapTask: Processing split: hdfs://localhost:9000/project2/task2/input/points_4d.csv:0+733758
26/03/02 03:33:15 INFO mapred.MapTask: (EQUATOR) 0 kvi 26214396(104857584)
26/03/02 03:33:15 INFO mapred.MapTask: mapreduce.task.io.sort.mb: 100
26/03/02 03:33:15 INFO mapred.MapTask: soft limit at 83886080
26/03/02 03:33:15 INFO mapred.MapTask: bufstart = 0; bufvoid = 104857600
26/03/02 03:33:15 INFO mapred.MapTask: kvstart = 26214396; length = 6553600
26/03/02 03:33:15 INFO mapred.MapTask: Map output collector class = org.apache.hadoop.mapred.MapTask$MapOutputBuffer
26/03/02 03:33:15 INFO mapred.LocalJobRunner: 
26/03/02 03:33:15 INFO mapred.MapTask: Starting flush of map output
26/03/02 03:33:15 INFO mapred.MapTask: Spilling map output
26/03/02 03:33:15 INFO mapred.MapTask: bufstart = 0; bufend = 520000; bufvoid = 104857600
26/03/02 03:33:15 INFO mapred.MapTask: kvstart = 26214396(104857584); kvend = 26174400(104697600); length = 39997/6553600
26/03/02 03:33:15 INFO mapred.MapTask: Finished spill 0
26/03/02 03:33:15 INFO mapred.Task: Task:attempt_local2074262434_0022_m_000000_0 is done. And is in the process of committing
26/03/02 03:33:15 INFO mapred.LocalJobRunner: map
26/03/02 03:33:15 INFO mapred.Task: Task 'attempt_local2074262434_0022_m_000000_0' done.
26/03/02 03:33:15 INFO mapred.Task: Final Counters for attempt_local2074262434_0022_m_000000_0: Counters: 23
	File System Counters
		FILE: Number of bytes read=3222440
		FILE: Number of bytes written=9721498
		FILE: Number of read operations=0
		FILE: Number of large read operations=0
		FILE: Number of write operations=0
		HDFS: Number of bytes read=16216602
		HDFS: Number of bytes written=30322
		HDFS: Number of read operations=1197
		HDFS: Number of large read operations=0
		HDFS: Number of write operations=384
	Map-Reduce Framework
		Map input records=10000
		Map output records=10000
		Map output bytes=520000
		Map output materialized bytes=456
		Input split bytes=121
		Combine input records=10000
		Combine output records=8
		Spilled Records=8
		Failed Shuffles=0
		Merged Map outputs=0
		GC time elapsed (ms)=62
		Total committed heap usage (bytes)=450887680
	File Input Format Counters 
		Bytes Read=733758
26/03/02 03:33:15 INFO mapred.LocalJobRunner: Finishing task: attempt_local2074262434_0022_m_000000_0
26/03/02 03:33:15 INFO mapred.LocalJobRunner: map task executor complete.
26/03/02 03:33:15 INFO mapred.LocalJobRunner: Waiting for reduce tasks
26/03/02 03:33:15 INFO mapred.LocalJobRunner: Starting task: attempt_local2074262434_0022_r_000000_0
26/03/02 03:33:15 INFO output.FileOutputCommitter: File Output Committer Algorithm version is 1
26/03/02 03:33:15 INFO mapred.Task:  Using ResourceCalculatorProcessTree : [ ]
26/03/02 03:33:15 INFO mapred.ReduceTask: Using ShuffleConsumerPlugin: org.apache.hadoop.mapreduce.task.reduce.Shuffle@1cbf77c5
26/03/02 03:33:15 INFO reduce.MergeManagerImpl: MergerManager: memoryLimit=334338464, maxSingleShuffleLimit=83584616, mergeThreshold=220663392, ioSortFactor=10, memToMemMergeOutputsThreshold=10
26/03/02 03:33:15 INFO reduce.EventFetcher: attempt_local2074262434_0022_r_000000_0 Thread started: EventFetcher for fetching Map Completion Events
26/03/02 03:33:15 INFO reduce.LocalFetcher: localfetcher#85 about to shuffle output of map attempt_local2074262434_0022_m_000000_0 decomp: 110 len: 114 to MEMORY
26/03/02 03:33:15 INFO reduce.InMemoryMapOutput: Read 110 bytes from map-output for attempt_local2074262434_0022_m_000000_0
26/03/02 03:33:15 INFO reduce.MergeManagerImpl: closeInMemoryFile -> map-output of size: 110, inMemoryMapOutputs.size() -> 1, commitMemory -> 0, usedMemory ->110
26/03/02 03:33:15 INFO reduce.EventFetcher: EventFetcher is interrupted.. Returning
26/03/02 03:33:15 INFO mapred.LocalJobRunner: 1 / 1 copied.
26/03/02 03:33:15 INFO reduce.MergeManagerImpl: finalMerge called with 1 in-memory map-outputs and 0 on-disk map-outputs
26/03/02 03:33:15 INFO mapred.Merger: Merging 1 sorted segments
26/03/02 03:33:15 INFO mapred.Merger: Down to the last merge-pass, with 1 segments left of total size: 104 bytes
26/03/02 03:33:15 INFO reduce.MergeManagerImpl: Merged 1 segments, 110 bytes to disk to satisfy reduce memory limit
26/03/02 03:33:15 INFO reduce.MergeManagerImpl: Merging 1 files, 114 bytes from disk
26/03/02 03:33:15 INFO reduce.MergeManagerImpl: Merging 0 segments, 0 bytes from memory into reduce
26/03/02 03:33:15 INFO mapred.Merger: Merging 1 sorted segments
26/03/02 03:33:15 INFO mapred.Merger: Down to the last merge-pass, with 1 segments left of total size: 104 bytes
26/03/02 03:33:15 INFO mapred.LocalJobRunner: 1 / 1 copied.
26/03/02 03:33:15 INFO mapred.Task: Task:attempt_local2074262434_0022_r_000000_0 is done. And is in the process of committing
26/03/02 03:33:15 INFO mapred.LocalJobRunner: 1 / 1 copied.
26/03/02 03:33:15 INFO mapred.Task: Task attempt_local2074262434_0022_r_000000_0 is allowed to commit now
26/03/02 03:33:15 INFO output.FileOutputCommitter: Saved output of task 'attempt_local2074262434_0022_r_000000_0' to hdfs://localhost:9000/project2/task2/runs_report_plus/k8_r30_opt/iter_22/_temporary/0/task_local2074262434_0022_r_000000
26/03/02 03:33:15 INFO mapred.LocalJobRunner: reduce > reduce
26/03/02 03:33:15 INFO mapred.Task: Task 'attempt_local2074262434_0022_r_000000_0' done.
26/03/02 03:33:15 INFO mapred.Task: Final Counters for attempt_local2074262434_0022_r_000000_0: Counters: 29
	File System Counters
		FILE: Number of bytes read=3223114
		FILE: Number of bytes written=9721612
		FILE: Number of read operations=0
		FILE: Number of large read operations=0
		FILE: Number of write operations=0
		HDFS: Number of bytes read=16216602
		HDFS: Number of bytes written=30523
		HDFS: Number of read operations=1200
		HDFS: Number of large read operations=0
		HDFS: Number of write operations=386
	Map-Reduce Framework
		Combine input records=0
		Combine output records=0
		Reduce input groups=2
		Reduce shuffle bytes=114
		Reduce input records=2
		Reduce output records=2
		Spilled Records=2
		Shuffled Maps =1
		Failed Shuffles=0
		Merged Map outputs=1
		GC time elapsed (ms)=0
		Total committed heap usage (bytes)=450887680
	Shuffle Errors
		BAD_ID=0
		CONNECTION=0
		IO_ERROR=0
		WRONG_LENGTH=0
		WRONG_MAP=0
		WRONG_REDUCE=0
	File Output Format Counters 
		Bytes Written=201
26/03/02 03:33:15 INFO mapred.LocalJobRunner: Finishing task: attempt_local2074262434_0022_r_000000_0
26/03/02 03:33:15 INFO mapred.LocalJobRunner: Starting task: attempt_local2074262434_0022_r_000001_0
26/03/02 03:33:15 INFO output.FileOutputCommitter: File Output Committer Algorithm version is 1
26/03/02 03:33:15 INFO mapred.Task:  Using ResourceCalculatorProcessTree : [ ]
26/03/02 03:33:15 INFO mapred.ReduceTask: Using ShuffleConsumerPlugin: org.apache.hadoop.mapreduce.task.reduce.Shuffle@3423c4eb
26/03/02 03:33:15 INFO reduce.MergeManagerImpl: MergerManager: memoryLimit=334338464, maxSingleShuffleLimit=83584616, mergeThreshold=220663392, ioSortFactor=10, memToMemMergeOutputsThreshold=10
26/03/02 03:33:15 INFO reduce.EventFetcher: attempt_local2074262434_0022_r_000001_0 Thread started: EventFetcher for fetching Map Completion Events
26/03/02 03:33:15 INFO reduce.LocalFetcher: localfetcher#86 about to shuffle output of map attempt_local2074262434_0022_m_000000_0 decomp: 110 len: 114 to MEMORY
26/03/02 03:33:15 INFO reduce.InMemoryMapOutput: Read 110 bytes from map-output for attempt_local2074262434_0022_m_000000_0
26/03/02 03:33:15 INFO reduce.MergeManagerImpl: closeInMemoryFile -> map-output of size: 110, inMemoryMapOutputs.size() -> 1, commitMemory -> 0, usedMemory ->110
26/03/02 03:33:15 INFO reduce.EventFetcher: EventFetcher is interrupted.. Returning
26/03/02 03:33:15 INFO mapred.LocalJobRunner: 1 / 1 copied.
26/03/02 03:33:15 INFO reduce.MergeManagerImpl: finalMerge called with 1 in-memory map-outputs and 0 on-disk map-outputs
26/03/02 03:33:15 INFO mapred.Merger: Merging 1 sorted segments
26/03/02 03:33:15 INFO mapred.Merger: Down to the last merge-pass, with 1 segments left of total size: 104 bytes
26/03/02 03:33:15 INFO reduce.MergeManagerImpl: Merged 1 segments, 110 bytes to disk to satisfy reduce memory limit
26/03/02 03:33:15 INFO reduce.MergeManagerImpl: Merging 1 files, 114 bytes from disk
26/03/02 03:33:15 INFO reduce.MergeManagerImpl: Merging 0 segments, 0 bytes from memory into reduce
26/03/02 03:33:15 INFO mapred.Merger: Merging 1 sorted segments
26/03/02 03:33:15 INFO mapred.Merger: Down to the last merge-pass, with 1 segments left of total size: 104 bytes
26/03/02 03:33:15 INFO mapred.LocalJobRunner: 1 / 1 copied.
26/03/02 03:33:15 INFO mapred.Task: Task:attempt_local2074262434_0022_r_000001_0 is done. And is in the process of committing
26/03/02 03:33:15 INFO mapred.LocalJobRunner: 1 / 1 copied.
26/03/02 03:33:15 INFO mapred.Task: Task attempt_local2074262434_0022_r_000001_0 is allowed to commit now
26/03/02 03:33:15 INFO output.FileOutputCommitter: Saved output of task 'attempt_local2074262434_0022_r_000001_0' to hdfs://localhost:9000/project2/task2/runs_report_plus/k8_r30_opt/iter_22/_temporary/0/task_local2074262434_0022_r_000001
26/03/02 03:33:15 INFO mapred.LocalJobRunner: reduce > reduce
26/03/02 03:33:15 INFO mapred.Task: Task 'attempt_local2074262434_0022_r_000001_0' done.
26/03/02 03:33:15 INFO mapred.Task: Final Counters for attempt_local2074262434_0022_r_000001_0: Counters: 29
	File System Counters
		FILE: Number of bytes read=3223674
		FILE: Number of bytes written=9721726
		FILE: Number of read operations=0
		FILE: Number of large read operations=0
		FILE: Number of write operations=0
		HDFS: Number of bytes read=16216602
		HDFS: Number of bytes written=30725
		HDFS: Number of read operations=1203
		HDFS: Number of large read operations=0
		HDFS: Number of write operations=388
	Map-Reduce Framework
		Combine input records=0
		Combine output records=0
		Reduce input groups=2
		Reduce shuffle bytes=114
		Reduce input records=2
		Reduce output records=2
		Spilled Records=2
		Shuffled Maps =1
		Failed Shuffles=0
		Merged Map outputs=1
		GC time elapsed (ms)=0
		Total committed heap usage (bytes)=450887680
	Shuffle Errors
		BAD_ID=0
		CONNECTION=0
		IO_ERROR=0
		WRONG_LENGTH=0
		WRONG_MAP=0
		WRONG_REDUCE=0
	File Output Format Counters 
		Bytes Written=202
26/03/02 03:33:15 INFO mapred.LocalJobRunner: Finishing task: attempt_local2074262434_0022_r_000001_0
26/03/02 03:33:15 INFO mapred.LocalJobRunner: Starting task: attempt_local2074262434_0022_r_000002_0
26/03/02 03:33:15 INFO output.FileOutputCommitter: File Output Committer Algorithm version is 1
26/03/02 03:33:15 INFO mapred.Task:  Using ResourceCalculatorProcessTree : [ ]
26/03/02 03:33:15 INFO mapred.ReduceTask: Using ShuffleConsumerPlugin: org.apache.hadoop.mapreduce.task.reduce.Shuffle@4cd0eb8d
26/03/02 03:33:15 INFO reduce.MergeManagerImpl: MergerManager: memoryLimit=334338464, maxSingleShuffleLimit=83584616, mergeThreshold=220663392, ioSortFactor=10, memToMemMergeOutputsThreshold=10
26/03/02 03:33:15 INFO reduce.EventFetcher: attempt_local2074262434_0022_r_000002_0 Thread started: EventFetcher for fetching Map Completion Events
26/03/02 03:33:15 INFO reduce.LocalFetcher: localfetcher#87 about to shuffle output of map attempt_local2074262434_0022_m_000000_0 decomp: 110 len: 114 to MEMORY
26/03/02 03:33:15 INFO reduce.InMemoryMapOutput: Read 110 bytes from map-output for attempt_local2074262434_0022_m_000000_0
26/03/02 03:33:15 INFO reduce.MergeManagerImpl: closeInMemoryFile -> map-output of size: 110, inMemoryMapOutputs.size() -> 1, commitMemory -> 0, usedMemory ->110
26/03/02 03:33:15 WARN io.ReadaheadPool: Failed readahead on ifile
EBADF: Bad file descriptor
	at org.apache.hadoop.io.nativeio.NativeIO$POSIX.posix_fadvise(Native Method)
	at org.apache.hadoop.io.nativeio.NativeIO$POSIX.posixFadviseIfPossible(NativeIO.java:267)
	at org.apache.hadoop.io.nativeio.NativeIO$POSIX$CacheManipulator.posixFadviseIfPossible(NativeIO.java:146)
	at org.apache.hadoop.io.ReadaheadPool$ReadaheadRequestImpl.run(ReadaheadPool.java:206)
	at java.util.concurrent.ThreadPoolExecutor.runWorker(ThreadPoolExecutor.java:1149)
	at java.util.concurrent.ThreadPoolExecutor$Worker.run(ThreadPoolExecutor.java:624)
	at java.lang.Thread.run(Thread.java:748)
26/03/02 03:33:15 INFO reduce.EventFetcher: EventFetcher is interrupted.. Returning
26/03/02 03:33:15 INFO mapred.LocalJobRunner: 1 / 1 copied.
26/03/02 03:33:15 INFO reduce.MergeManagerImpl: finalMerge called with 1 in-memory map-outputs and 0 on-disk map-outputs
26/03/02 03:33:15 INFO mapred.Merger: Merging 1 sorted segments
26/03/02 03:33:15 INFO mapred.Merger: Down to the last merge-pass, with 1 segments left of total size: 104 bytes
26/03/02 03:33:15 INFO reduce.MergeManagerImpl: Merged 1 segments, 110 bytes to disk to satisfy reduce memory limit
26/03/02 03:33:15 INFO reduce.MergeManagerImpl: Merging 1 files, 114 bytes from disk
26/03/02 03:33:15 INFO reduce.MergeManagerImpl: Merging 0 segments, 0 bytes from memory into reduce
26/03/02 03:33:15 INFO mapred.Merger: Merging 1 sorted segments
26/03/02 03:33:15 INFO mapred.Merger: Down to the last merge-pass, with 1 segments left of total size: 104 bytes
26/03/02 03:33:15 INFO mapred.LocalJobRunner: 1 / 1 copied.
26/03/02 03:33:15 INFO mapred.Task: Task:attempt_local2074262434_0022_r_000002_0 is done. And is in the process of committing
26/03/02 03:33:15 INFO mapred.LocalJobRunner: 1 / 1 copied.
26/03/02 03:33:15 INFO mapred.Task: Task attempt_local2074262434_0022_r_000002_0 is allowed to commit now
26/03/02 03:33:15 INFO output.FileOutputCommitter: Saved output of task 'attempt_local2074262434_0022_r_000002_0' to hdfs://localhost:9000/project2/task2/runs_report_plus/k8_r30_opt/iter_22/_temporary/0/task_local2074262434_0022_r_000002
26/03/02 03:33:15 INFO mapred.LocalJobRunner: reduce > reduce
26/03/02 03:33:15 INFO mapred.Task: Task 'attempt_local2074262434_0022_r_000002_0' done.
26/03/02 03:33:15 INFO mapred.Task: Final Counters for attempt_local2074262434_0022_r_000002_0: Counters: 29
	File System Counters
		FILE: Number of bytes read=3224120
		FILE: Number of bytes written=9721840
		FILE: Number of read operations=0
		FILE: Number of large read operations=0
		FILE: Number of write operations=0
		HDFS: Number of bytes read=16216602
		HDFS: Number of bytes written=30930
		HDFS: Number of read operations=1206
		HDFS: Number of large read operations=0
		HDFS: Number of write operations=390
	Map-Reduce Framework
		Combine input records=0
		Combine output records=0
		Reduce input groups=2
		Reduce shuffle bytes=114
		Reduce input records=2
		Reduce output records=2
		Spilled Records=2
		Shuffled Maps =1
		Failed Shuffles=0
		Merged Map outputs=1
		GC time elapsed (ms)=0
		Total committed heap usage (bytes)=450887680
	Shuffle Errors
		BAD_ID=0
		CONNECTION=0
		IO_ERROR=0
		WRONG_LENGTH=0
		WRONG_MAP=0
		WRONG_REDUCE=0
	File Output Format Counters 
		Bytes Written=205
26/03/02 03:33:15 INFO mapred.LocalJobRunner: Finishing task: attempt_local2074262434_0022_r_000002_0
26/03/02 03:33:15 INFO mapred.LocalJobRunner: Starting task: attempt_local2074262434_0022_r_000003_0
26/03/02 03:33:15 INFO output.FileOutputCommitter: File Output Committer Algorithm version is 1
26/03/02 03:33:15 INFO mapred.Task:  Using ResourceCalculatorProcessTree : [ ]
26/03/02 03:33:15 INFO mapred.ReduceTask: Using ShuffleConsumerPlugin: org.apache.hadoop.mapreduce.task.reduce.Shuffle@1944e14c
26/03/02 03:33:15 INFO reduce.MergeManagerImpl: MergerManager: memoryLimit=334338464, maxSingleShuffleLimit=83584616, mergeThreshold=220663392, ioSortFactor=10, memToMemMergeOutputsThreshold=10
26/03/02 03:33:15 INFO reduce.EventFetcher: attempt_local2074262434_0022_r_000003_0 Thread started: EventFetcher for fetching Map Completion Events
26/03/02 03:33:15 INFO reduce.LocalFetcher: localfetcher#88 about to shuffle output of map attempt_local2074262434_0022_m_000000_0 decomp: 110 len: 114 to MEMORY
26/03/02 03:33:15 INFO reduce.InMemoryMapOutput: Read 110 bytes from map-output for attempt_local2074262434_0022_m_000000_0
26/03/02 03:33:15 INFO reduce.MergeManagerImpl: closeInMemoryFile -> map-output of size: 110, inMemoryMapOutputs.size() -> 1, commitMemory -> 0, usedMemory ->110
26/03/02 03:33:15 INFO reduce.EventFetcher: EventFetcher is interrupted.. Returning
26/03/02 03:33:15 INFO mapred.LocalJobRunner: 1 / 1 copied.
26/03/02 03:33:15 INFO reduce.MergeManagerImpl: finalMerge called with 1 in-memory map-outputs and 0 on-disk map-outputs
26/03/02 03:33:15 INFO mapred.Merger: Merging 1 sorted segments
26/03/02 03:33:15 INFO mapred.Merger: Down to the last merge-pass, with 1 segments left of total size: 104 bytes
26/03/02 03:33:15 INFO reduce.MergeManagerImpl: Merged 1 segments, 110 bytes to disk to satisfy reduce memory limit
26/03/02 03:33:15 INFO reduce.MergeManagerImpl: Merging 1 files, 114 bytes from disk
26/03/02 03:33:15 INFO reduce.MergeManagerImpl: Merging 0 segments, 0 bytes from memory into reduce
26/03/02 03:33:15 INFO mapred.Merger: Merging 1 sorted segments
26/03/02 03:33:15 INFO mapred.Merger: Down to the last merge-pass, with 1 segments left of total size: 104 bytes
26/03/02 03:33:15 INFO mapred.LocalJobRunner: 1 / 1 copied.
26/03/02 03:33:15 INFO mapred.Task: Task:attempt_local2074262434_0022_r_000003_0 is done. And is in the process of committing
26/03/02 03:33:15 INFO mapred.LocalJobRunner: 1 / 1 copied.
26/03/02 03:33:15 INFO mapred.Task: Task attempt_local2074262434_0022_r_000003_0 is allowed to commit now
26/03/02 03:33:15 INFO output.FileOutputCommitter: Saved output of task 'attempt_local2074262434_0022_r_000003_0' to hdfs://localhost:9000/project2/task2/runs_report_plus/k8_r30_opt/iter_22/_temporary/0/task_local2074262434_0022_r_000003
26/03/02 03:33:15 INFO mapred.LocalJobRunner: reduce > reduce
26/03/02 03:33:15 INFO mapred.Task: Task 'attempt_local2074262434_0022_r_000003_0' done.
26/03/02 03:33:15 INFO mapred.Task: Final Counters for attempt_local2074262434_0022_r_000003_0: Counters: 29
	File System Counters
		FILE: Number of bytes read=3224452
		FILE: Number of bytes written=9721954
		FILE: Number of read operations=0
		FILE: Number of large read operations=0
		FILE: Number of write operations=0
		HDFS: Number of bytes read=16216602
		HDFS: Number of bytes written=31133
		HDFS: Number of read operations=1209
		HDFS: Number of large read operations=0
		HDFS: Number of write operations=392
	Map-Reduce Framework
		Combine input records=0
		Combine output records=0
		Reduce input groups=2
		Reduce shuffle bytes=114
		Reduce input records=2
		Reduce output records=2
		Spilled Records=2
		Shuffled Maps =1
		Failed Shuffles=0
		Merged Map outputs=1
		GC time elapsed (ms)=0
		Total committed heap usage (bytes)=450887680
	Shuffle Errors
		BAD_ID=0
		CONNECTION=0
		IO_ERROR=0
		WRONG_LENGTH=0
		WRONG_MAP=0
		WRONG_REDUCE=0
	File Output Format Counters 
		Bytes Written=203
26/03/02 03:33:15 INFO mapred.LocalJobRunner: Finishing task: attempt_local2074262434_0022_r_000003_0
26/03/02 03:33:15 INFO mapred.LocalJobRunner: reduce task executor complete.
26/03/02 03:33:16 INFO mapreduce.Job: Job job_local2074262434_0022 running in uber mode : false
26/03/02 03:33:16 INFO mapreduce.Job:  map 100% reduce 100%
26/03/02 03:33:16 INFO mapreduce.Job: Job job_local2074262434_0022 completed successfully
26/03/02 03:33:16 INFO mapreduce.Job: Counters: 35
	File System Counters
		FILE: Number of bytes read=16117800
		FILE: Number of bytes written=48608630
		FILE: Number of read operations=0
		FILE: Number of large read operations=0
		FILE: Number of write operations=0
		HDFS: Number of bytes read=81083010
		HDFS: Number of bytes written=153633
		HDFS: Number of read operations=6015
		HDFS: Number of large read operations=0
		HDFS: Number of write operations=1940
	Map-Reduce Framework
		Map input records=10000
		Map output records=10000
		Map output bytes=520000
		Map output materialized bytes=456
		Input split bytes=121
		Combine input records=10000
		Combine output records=8
		Reduce input groups=8
		Reduce shuffle bytes=456
		Reduce input records=8
		Reduce output records=8
		Spilled Records=16
		Shuffled Maps =4
		Failed Shuffles=0
		Merged Map outputs=4
		GC time elapsed (ms)=62
		Total committed heap usage (bytes)=2254438400
	Shuffle Errors
		BAD_ID=0
		CONNECTION=0
		IO_ERROR=0
		WRONG_LENGTH=0
		WRONG_MAP=0
		WRONG_REDUCE=0
	File Input Format Counters 
		Bytes Read=733758
	File Output Format Counters 
		Bytes Written=811
26/03/02 03:33:16 INFO jvm.JvmMetrics: Cannot initialize JVM Metrics with processName=JobTracker, sessionId= - already initialized
26/03/02 03:33:16 WARN mapreduce.JobResourceUploader: Hadoop command-line option parsing not performed. Implement the Tool interface and execute your application with ToolRunner to remedy this.
26/03/02 03:33:16 INFO input.FileInputFormat: Total input paths to process : 1
26/03/02 03:33:16 INFO mapreduce.JobSubmitter: number of splits:1
26/03/02 03:33:16 INFO mapreduce.JobSubmitter: Submitting tokens for job: job_local1328499639_0023
26/03/02 03:33:16 INFO mapred.LocalDistributedCacheManager: Creating symlink: /tmp/hadoop-ds503/mapred/local/1772422396773/centers_iter_22.csv <- /home/ds503/centers_iter_22.csv
26/03/02 03:33:16 INFO mapred.LocalDistributedCacheManager: Localized hdfs://localhost:9000/project2/task2/runs_report_plus/k8_r30_opt/centers_iter_22.csv as file:/tmp/hadoop-ds503/mapred/local/1772422396773/centers_iter_22.csv
26/03/02 03:33:16 INFO mapreduce.Job: The url to track the job: http://localhost:8080/
26/03/02 03:33:16 INFO mapreduce.Job: Running job: job_local1328499639_0023
26/03/02 03:33:16 INFO mapred.LocalJobRunner: OutputCommitter set in config null
26/03/02 03:33:16 INFO output.FileOutputCommitter: File Output Committer Algorithm version is 1
26/03/02 03:33:16 INFO mapred.LocalJobRunner: OutputCommitter is org.apache.hadoop.mapreduce.lib.output.FileOutputCommitter
26/03/02 03:33:16 INFO mapred.LocalJobRunner: Waiting for map tasks
26/03/02 03:33:16 INFO mapred.LocalJobRunner: Starting task: attempt_local1328499639_0023_m_000000_0
26/03/02 03:33:16 INFO output.FileOutputCommitter: File Output Committer Algorithm version is 1
26/03/02 03:33:16 INFO mapred.Task:  Using ResourceCalculatorProcessTree : [ ]
26/03/02 03:33:16 INFO mapred.MapTask: Processing split: hdfs://localhost:9000/project2/task2/input/points_4d.csv:0+733758
26/03/02 03:33:16 INFO mapred.MapTask: (EQUATOR) 0 kvi 26214396(104857584)
26/03/02 03:33:16 INFO mapred.MapTask: mapreduce.task.io.sort.mb: 100
26/03/02 03:33:16 INFO mapred.MapTask: soft limit at 83886080
26/03/02 03:33:16 INFO mapred.MapTask: bufstart = 0; bufvoid = 104857600
26/03/02 03:33:16 INFO mapred.MapTask: kvstart = 26214396; length = 6553600
26/03/02 03:33:16 INFO mapred.MapTask: Map output collector class = org.apache.hadoop.mapred.MapTask$MapOutputBuffer
26/03/02 03:33:16 INFO mapred.LocalJobRunner: 
26/03/02 03:33:16 INFO mapred.MapTask: Starting flush of map output
26/03/02 03:33:16 INFO mapred.MapTask: Spilling map output
26/03/02 03:33:16 INFO mapred.MapTask: bufstart = 0; bufend = 520000; bufvoid = 104857600
26/03/02 03:33:16 INFO mapred.MapTask: kvstart = 26214396(104857584); kvend = 26174400(104697600); length = 39997/6553600
26/03/02 03:33:16 INFO mapred.MapTask: Finished spill 0
26/03/02 03:33:16 INFO mapred.Task: Task:attempt_local1328499639_0023_m_000000_0 is done. And is in the process of committing
26/03/02 03:33:16 INFO mapred.LocalJobRunner: map
26/03/02 03:33:16 INFO mapred.Task: Task 'attempt_local1328499639_0023_m_000000_0' done.
26/03/02 03:33:16 INFO mapred.Task: Final Counters for attempt_local1328499639_0023_m_000000_0: Counters: 23
	File System Counters
		FILE: Number of bytes read=3369006
		FILE: Number of bytes written=10164415
		FILE: Number of read operations=0
		FILE: Number of large read operations=0
		FILE: Number of write operations=0
		HDFS: Number of bytes read=16953787
		HDFS: Number of bytes written=31734
		HDFS: Number of read operations=1253
		HDFS: Number of large read operations=0
		HDFS: Number of write operations=402
	Map-Reduce Framework
		Map input records=10000
		Map output records=10000
		Map output bytes=520000
		Map output materialized bytes=456
		Input split bytes=121
		Combine input records=10000
		Combine output records=8
		Spilled Records=8
		Failed Shuffles=0
		Merged Map outputs=0
		GC time elapsed (ms)=0
		Total committed heap usage (bytes)=450887680
	File Input Format Counters 
		Bytes Read=733758
26/03/02 03:33:16 INFO mapred.LocalJobRunner: Finishing task: attempt_local1328499639_0023_m_000000_0
26/03/02 03:33:16 INFO mapred.LocalJobRunner: map task executor complete.
26/03/02 03:33:16 INFO mapred.LocalJobRunner: Waiting for reduce tasks
26/03/02 03:33:16 INFO mapred.LocalJobRunner: Starting task: attempt_local1328499639_0023_r_000000_0
26/03/02 03:33:16 INFO output.FileOutputCommitter: File Output Committer Algorithm version is 1
26/03/02 03:33:16 INFO mapred.Task:  Using ResourceCalculatorProcessTree : [ ]
26/03/02 03:33:16 INFO mapred.ReduceTask: Using ShuffleConsumerPlugin: org.apache.hadoop.mapreduce.task.reduce.Shuffle@393b1b48
26/03/02 03:33:16 INFO reduce.MergeManagerImpl: MergerManager: memoryLimit=334338464, maxSingleShuffleLimit=83584616, mergeThreshold=220663392, ioSortFactor=10, memToMemMergeOutputsThreshold=10
26/03/02 03:33:16 INFO reduce.EventFetcher: attempt_local1328499639_0023_r_000000_0 Thread started: EventFetcher for fetching Map Completion Events
26/03/02 03:33:16 INFO reduce.LocalFetcher: localfetcher#89 about to shuffle output of map attempt_local1328499639_0023_m_000000_0 decomp: 110 len: 114 to MEMORY
26/03/02 03:33:16 INFO reduce.InMemoryMapOutput: Read 110 bytes from map-output for attempt_local1328499639_0023_m_000000_0
26/03/02 03:33:16 INFO reduce.MergeManagerImpl: closeInMemoryFile -> map-output of size: 110, inMemoryMapOutputs.size() -> 1, commitMemory -> 0, usedMemory ->110
26/03/02 03:33:16 INFO reduce.EventFetcher: EventFetcher is interrupted.. Returning
26/03/02 03:33:16 INFO mapred.LocalJobRunner: 1 / 1 copied.
26/03/02 03:33:16 INFO reduce.MergeManagerImpl: finalMerge called with 1 in-memory map-outputs and 0 on-disk map-outputs
26/03/02 03:33:16 INFO mapred.Merger: Merging 1 sorted segments
26/03/02 03:33:16 INFO mapred.Merger: Down to the last merge-pass, with 1 segments left of total size: 104 bytes
26/03/02 03:33:16 INFO reduce.MergeManagerImpl: Merged 1 segments, 110 bytes to disk to satisfy reduce memory limit
26/03/02 03:33:16 INFO reduce.MergeManagerImpl: Merging 1 files, 114 bytes from disk
26/03/02 03:33:16 INFO reduce.MergeManagerImpl: Merging 0 segments, 0 bytes from memory into reduce
26/03/02 03:33:16 INFO mapred.Merger: Merging 1 sorted segments
26/03/02 03:33:16 INFO mapred.Merger: Down to the last merge-pass, with 1 segments left of total size: 104 bytes
26/03/02 03:33:16 INFO mapred.LocalJobRunner: 1 / 1 copied.
26/03/02 03:33:16 INFO mapred.Task: Task:attempt_local1328499639_0023_r_000000_0 is done. And is in the process of committing
26/03/02 03:33:16 INFO mapred.LocalJobRunner: 1 / 1 copied.
26/03/02 03:33:16 INFO mapred.Task: Task attempt_local1328499639_0023_r_000000_0 is allowed to commit now
26/03/02 03:33:16 INFO output.FileOutputCommitter: Saved output of task 'attempt_local1328499639_0023_r_000000_0' to hdfs://localhost:9000/project2/task2/runs_report_plus/k8_r30_opt/iter_23/_temporary/0/task_local1328499639_0023_r_000000
26/03/02 03:33:16 INFO mapred.LocalJobRunner: reduce > reduce
26/03/02 03:33:16 INFO mapred.Task: Task 'attempt_local1328499639_0023_r_000000_0' done.
26/03/02 03:33:16 INFO mapred.Task: Final Counters for attempt_local1328499639_0023_r_000000_0: Counters: 29
	File System Counters
		FILE: Number of bytes read=3369680
		FILE: Number of bytes written=10164529
		FILE: Number of read operations=0
		FILE: Number of large read operations=0
		FILE: Number of write operations=0
		HDFS: Number of bytes read=16953787
		HDFS: Number of bytes written=31933
		HDFS: Number of read operations=1256
		HDFS: Number of large read operations=0
		HDFS: Number of write operations=404
	Map-Reduce Framework
		Combine input records=0
		Combine output records=0
		Reduce input groups=2
		Reduce shuffle bytes=114
		Reduce input records=2
		Reduce output records=2
		Spilled Records=2
		Shuffled Maps =1
		Failed Shuffles=0
		Merged Map outputs=1
		GC time elapsed (ms)=0
		Total committed heap usage (bytes)=450887680
	Shuffle Errors
		BAD_ID=0
		CONNECTION=0
		IO_ERROR=0
		WRONG_LENGTH=0
		WRONG_MAP=0
		WRONG_REDUCE=0
	File Output Format Counters 
		Bytes Written=199
26/03/02 03:33:16 INFO mapred.LocalJobRunner: Finishing task: attempt_local1328499639_0023_r_000000_0
26/03/02 03:33:16 INFO mapred.LocalJobRunner: Starting task: attempt_local1328499639_0023_r_000001_0
26/03/02 03:33:16 INFO output.FileOutputCommitter: File Output Committer Algorithm version is 1
26/03/02 03:33:16 INFO mapred.Task:  Using ResourceCalculatorProcessTree : [ ]
26/03/02 03:33:16 INFO mapred.ReduceTask: Using ShuffleConsumerPlugin: org.apache.hadoop.mapreduce.task.reduce.Shuffle@17414cef
26/03/02 03:33:16 INFO reduce.MergeManagerImpl: MergerManager: memoryLimit=334338464, maxSingleShuffleLimit=83584616, mergeThreshold=220663392, ioSortFactor=10, memToMemMergeOutputsThreshold=10
26/03/02 03:33:16 INFO reduce.EventFetcher: attempt_local1328499639_0023_r_000001_0 Thread started: EventFetcher for fetching Map Completion Events
26/03/02 03:33:16 INFO reduce.LocalFetcher: localfetcher#90 about to shuffle output of map attempt_local1328499639_0023_m_000000_0 decomp: 110 len: 114 to MEMORY
26/03/02 03:33:16 INFO reduce.InMemoryMapOutput: Read 110 bytes from map-output for attempt_local1328499639_0023_m_000000_0
26/03/02 03:33:16 INFO reduce.MergeManagerImpl: closeInMemoryFile -> map-output of size: 110, inMemoryMapOutputs.size() -> 1, commitMemory -> 0, usedMemory ->110
26/03/02 03:33:16 INFO reduce.EventFetcher: EventFetcher is interrupted.. Returning
26/03/02 03:33:16 INFO mapred.LocalJobRunner: 1 / 1 copied.
26/03/02 03:33:16 INFO reduce.MergeManagerImpl: finalMerge called with 1 in-memory map-outputs and 0 on-disk map-outputs
26/03/02 03:33:16 INFO mapred.Merger: Merging 1 sorted segments
26/03/02 03:33:16 INFO mapred.Merger: Down to the last merge-pass, with 1 segments left of total size: 104 bytes
26/03/02 03:33:16 INFO reduce.MergeManagerImpl: Merged 1 segments, 110 bytes to disk to satisfy reduce memory limit
26/03/02 03:33:16 INFO reduce.MergeManagerImpl: Merging 1 files, 114 bytes from disk
26/03/02 03:33:16 INFO reduce.MergeManagerImpl: Merging 0 segments, 0 bytes from memory into reduce
26/03/02 03:33:16 INFO mapred.Merger: Merging 1 sorted segments
26/03/02 03:33:16 INFO mapred.Merger: Down to the last merge-pass, with 1 segments left of total size: 104 bytes
26/03/02 03:33:16 INFO mapred.LocalJobRunner: 1 / 1 copied.
26/03/02 03:33:16 INFO mapred.Task: Task:attempt_local1328499639_0023_r_000001_0 is done. And is in the process of committing
26/03/02 03:33:16 INFO mapred.LocalJobRunner: 1 / 1 copied.
26/03/02 03:33:16 INFO mapred.Task: Task attempt_local1328499639_0023_r_000001_0 is allowed to commit now
26/03/02 03:33:16 INFO output.FileOutputCommitter: Saved output of task 'attempt_local1328499639_0023_r_000001_0' to hdfs://localhost:9000/project2/task2/runs_report_plus/k8_r30_opt/iter_23/_temporary/0/task_local1328499639_0023_r_000001
26/03/02 03:33:16 INFO mapred.LocalJobRunner: reduce > reduce
26/03/02 03:33:16 INFO mapred.Task: Task 'attempt_local1328499639_0023_r_000001_0' done.
26/03/02 03:33:16 INFO mapred.Task: Final Counters for attempt_local1328499639_0023_r_000001_0: Counters: 29
	File System Counters
		FILE: Number of bytes read=3370240
		FILE: Number of bytes written=10164643
		FILE: Number of read operations=0
		FILE: Number of large read operations=0
		FILE: Number of write operations=0
		HDFS: Number of bytes read=16953787
		HDFS: Number of bytes written=32136
		HDFS: Number of read operations=1259
		HDFS: Number of large read operations=0
		HDFS: Number of write operations=406
	Map-Reduce Framework
		Combine input records=0
		Combine output records=0
		Reduce input groups=2
		Reduce shuffle bytes=114
		Reduce input records=2
		Reduce output records=2
		Spilled Records=2
		Shuffled Maps =1
		Failed Shuffles=0
		Merged Map outputs=1
		GC time elapsed (ms)=0
		Total committed heap usage (bytes)=450887680
	Shuffle Errors
		BAD_ID=0
		CONNECTION=0
		IO_ERROR=0
		WRONG_LENGTH=0
		WRONG_MAP=0
		WRONG_REDUCE=0
	File Output Format Counters 
		Bytes Written=203
26/03/02 03:33:16 INFO mapred.LocalJobRunner: Finishing task: attempt_local1328499639_0023_r_000001_0
26/03/02 03:33:16 INFO mapred.LocalJobRunner: Starting task: attempt_local1328499639_0023_r_000002_0
26/03/02 03:33:16 INFO output.FileOutputCommitter: File Output Committer Algorithm version is 1
26/03/02 03:33:16 INFO mapred.Task:  Using ResourceCalculatorProcessTree : [ ]
26/03/02 03:33:16 INFO mapred.ReduceTask: Using ShuffleConsumerPlugin: org.apache.hadoop.mapreduce.task.reduce.Shuffle@6f97c265
26/03/02 03:33:16 INFO reduce.MergeManagerImpl: MergerManager: memoryLimit=334338464, maxSingleShuffleLimit=83584616, mergeThreshold=220663392, ioSortFactor=10, memToMemMergeOutputsThreshold=10
26/03/02 03:33:16 INFO reduce.EventFetcher: attempt_local1328499639_0023_r_000002_0 Thread started: EventFetcher for fetching Map Completion Events
26/03/02 03:33:16 INFO reduce.LocalFetcher: localfetcher#91 about to shuffle output of map attempt_local1328499639_0023_m_000000_0 decomp: 110 len: 114 to MEMORY
26/03/02 03:33:16 INFO reduce.InMemoryMapOutput: Read 110 bytes from map-output for attempt_local1328499639_0023_m_000000_0
26/03/02 03:33:16 INFO reduce.MergeManagerImpl: closeInMemoryFile -> map-output of size: 110, inMemoryMapOutputs.size() -> 1, commitMemory -> 0, usedMemory ->110
26/03/02 03:33:16 INFO reduce.EventFetcher: EventFetcher is interrupted.. Returning
26/03/02 03:33:16 INFO mapred.LocalJobRunner: 1 / 1 copied.
26/03/02 03:33:16 INFO reduce.MergeManagerImpl: finalMerge called with 1 in-memory map-outputs and 0 on-disk map-outputs
26/03/02 03:33:16 INFO mapred.Merger: Merging 1 sorted segments
26/03/02 03:33:16 INFO mapred.Merger: Down to the last merge-pass, with 1 segments left of total size: 104 bytes
26/03/02 03:33:16 INFO reduce.MergeManagerImpl: Merged 1 segments, 110 bytes to disk to satisfy reduce memory limit
26/03/02 03:33:16 INFO reduce.MergeManagerImpl: Merging 1 files, 114 bytes from disk
26/03/02 03:33:16 INFO reduce.MergeManagerImpl: Merging 0 segments, 0 bytes from memory into reduce
26/03/02 03:33:16 INFO mapred.Merger: Merging 1 sorted segments
26/03/02 03:33:16 INFO mapred.Merger: Down to the last merge-pass, with 1 segments left of total size: 104 bytes
26/03/02 03:33:16 INFO mapred.LocalJobRunner: 1 / 1 copied.
26/03/02 03:33:16 INFO mapred.Task: Task:attempt_local1328499639_0023_r_000002_0 is done. And is in the process of committing
26/03/02 03:33:16 INFO mapred.LocalJobRunner: 1 / 1 copied.
26/03/02 03:33:16 INFO mapred.Task: Task attempt_local1328499639_0023_r_000002_0 is allowed to commit now
26/03/02 03:33:16 INFO output.FileOutputCommitter: Saved output of task 'attempt_local1328499639_0023_r_000002_0' to hdfs://localhost:9000/project2/task2/runs_report_plus/k8_r30_opt/iter_23/_temporary/0/task_local1328499639_0023_r_000002
26/03/02 03:33:16 INFO mapred.LocalJobRunner: reduce > reduce
26/03/02 03:33:16 INFO mapred.Task: Task 'attempt_local1328499639_0023_r_000002_0' done.
26/03/02 03:33:16 INFO mapred.Task: Final Counters for attempt_local1328499639_0023_r_000002_0: Counters: 29
	File System Counters
		FILE: Number of bytes read=3370686
		FILE: Number of bytes written=10164757
		FILE: Number of read operations=0
		FILE: Number of large read operations=0
		FILE: Number of write operations=0
		HDFS: Number of bytes read=16953787
		HDFS: Number of bytes written=32344
		HDFS: Number of read operations=1262
		HDFS: Number of large read operations=0
		HDFS: Number of write operations=408
	Map-Reduce Framework
		Combine input records=0
		Combine output records=0
		Reduce input groups=2
		Reduce shuffle bytes=114
		Reduce input records=2
		Reduce output records=2
		Spilled Records=2
		Shuffled Maps =1
		Failed Shuffles=0
		Merged Map outputs=1
		GC time elapsed (ms)=0
		Total committed heap usage (bytes)=450887680
	Shuffle Errors
		BAD_ID=0
		CONNECTION=0
		IO_ERROR=0
		WRONG_LENGTH=0
		WRONG_MAP=0
		WRONG_REDUCE=0
	File Output Format Counters 
		Bytes Written=208
26/03/02 03:33:16 INFO mapred.LocalJobRunner: Finishing task: attempt_local1328499639_0023_r_000002_0
26/03/02 03:33:16 INFO mapred.LocalJobRunner: Starting task: attempt_local1328499639_0023_r_000003_0
26/03/02 03:33:16 INFO output.FileOutputCommitter: File Output Committer Algorithm version is 1
26/03/02 03:33:16 INFO mapred.Task:  Using ResourceCalculatorProcessTree : [ ]
26/03/02 03:33:16 INFO mapred.ReduceTask: Using ShuffleConsumerPlugin: org.apache.hadoop.mapreduce.task.reduce.Shuffle@bd5076d
26/03/02 03:33:16 INFO reduce.MergeManagerImpl: MergerManager: memoryLimit=334338464, maxSingleShuffleLimit=83584616, mergeThreshold=220663392, ioSortFactor=10, memToMemMergeOutputsThreshold=10
26/03/02 03:33:16 INFO reduce.EventFetcher: attempt_local1328499639_0023_r_000003_0 Thread started: EventFetcher for fetching Map Completion Events
26/03/02 03:33:16 INFO reduce.LocalFetcher: localfetcher#92 about to shuffle output of map attempt_local1328499639_0023_m_000000_0 decomp: 110 len: 114 to MEMORY
26/03/02 03:33:16 INFO reduce.InMemoryMapOutput: Read 110 bytes from map-output for attempt_local1328499639_0023_m_000000_0
26/03/02 03:33:16 INFO reduce.MergeManagerImpl: closeInMemoryFile -> map-output of size: 110, inMemoryMapOutputs.size() -> 1, commitMemory -> 0, usedMemory ->110
26/03/02 03:33:16 WARN io.ReadaheadPool: Failed readahead on ifile
EBADF: Bad file descriptor
	at org.apache.hadoop.io.nativeio.NativeIO$POSIX.posix_fadvise(Native Method)
	at org.apache.hadoop.io.nativeio.NativeIO$POSIX.posixFadviseIfPossible(NativeIO.java:267)
	at org.apache.hadoop.io.nativeio.NativeIO$POSIX$CacheManipulator.posixFadviseIfPossible(NativeIO.java:146)
	at org.apache.hadoop.io.ReadaheadPool$ReadaheadRequestImpl.run(ReadaheadPool.java:206)
	at java.util.concurrent.ThreadPoolExecutor.runWorker(ThreadPoolExecutor.java:1149)
	at java.util.concurrent.ThreadPoolExecutor$Worker.run(ThreadPoolExecutor.java:624)
	at java.lang.Thread.run(Thread.java:748)
26/03/02 03:33:16 INFO reduce.EventFetcher: EventFetcher is interrupted.. Returning
26/03/02 03:33:16 INFO mapred.LocalJobRunner: 1 / 1 copied.
26/03/02 03:33:16 INFO reduce.MergeManagerImpl: finalMerge called with 1 in-memory map-outputs and 0 on-disk map-outputs
26/03/02 03:33:16 INFO mapred.Merger: Merging 1 sorted segments
26/03/02 03:33:16 INFO mapred.Merger: Down to the last merge-pass, with 1 segments left of total size: 104 bytes
26/03/02 03:33:16 INFO reduce.MergeManagerImpl: Merged 1 segments, 110 bytes to disk to satisfy reduce memory limit
26/03/02 03:33:16 INFO reduce.MergeManagerImpl: Merging 1 files, 114 bytes from disk
26/03/02 03:33:16 INFO reduce.MergeManagerImpl: Merging 0 segments, 0 bytes from memory into reduce
26/03/02 03:33:16 INFO mapred.Merger: Merging 1 sorted segments
26/03/02 03:33:16 INFO mapred.Merger: Down to the last merge-pass, with 1 segments left of total size: 104 bytes
26/03/02 03:33:16 INFO mapred.LocalJobRunner: 1 / 1 copied.
26/03/02 03:33:17 INFO mapred.Task: Task:attempt_local1328499639_0023_r_000003_0 is done. And is in the process of committing
26/03/02 03:33:17 INFO mapred.LocalJobRunner: 1 / 1 copied.
26/03/02 03:33:17 INFO mapred.Task: Task attempt_local1328499639_0023_r_000003_0 is allowed to commit now
26/03/02 03:33:17 INFO output.FileOutputCommitter: Saved output of task 'attempt_local1328499639_0023_r_000003_0' to hdfs://localhost:9000/project2/task2/runs_report_plus/k8_r30_opt/iter_23/_temporary/0/task_local1328499639_0023_r_000003
26/03/02 03:33:17 INFO mapred.LocalJobRunner: reduce > reduce
26/03/02 03:33:17 INFO mapred.Task: Task 'attempt_local1328499639_0023_r_000003_0' done.
26/03/02 03:33:17 INFO mapred.Task: Final Counters for attempt_local1328499639_0023_r_000003_0: Counters: 29
	File System Counters
		FILE: Number of bytes read=3371018
		FILE: Number of bytes written=10164871
		FILE: Number of read operations=0
		FILE: Number of large read operations=0
		FILE: Number of write operations=0
		HDFS: Number of bytes read=16953787
		HDFS: Number of bytes written=32548
		HDFS: Number of read operations=1265
		HDFS: Number of large read operations=0
		HDFS: Number of write operations=410
	Map-Reduce Framework
		Combine input records=0
		Combine output records=0
		Reduce input groups=2
		Reduce shuffle bytes=114
		Reduce input records=2
		Reduce output records=2
		Spilled Records=2
		Shuffled Maps =1
		Failed Shuffles=0
		Merged Map outputs=1
		GC time elapsed (ms)=0
		Total committed heap usage (bytes)=450887680
	Shuffle Errors
		BAD_ID=0
		CONNECTION=0
		IO_ERROR=0
		WRONG_LENGTH=0
		WRONG_MAP=0
		WRONG_REDUCE=0
	File Output Format Counters 
		Bytes Written=204
26/03/02 03:33:17 INFO mapred.LocalJobRunner: Finishing task: attempt_local1328499639_0023_r_000003_0
26/03/02 03:33:17 INFO mapred.LocalJobRunner: reduce task executor complete.
26/03/02 03:33:19 INFO mapreduce.Job: Job job_local1328499639_0023 running in uber mode : false
26/03/02 03:33:19 INFO mapreduce.Job:  map 100% reduce 100%
26/03/02 03:33:19 INFO mapreduce.Job: Job job_local1328499639_0023 completed successfully
26/03/02 03:33:19 INFO mapreduce.Job: Counters: 35
	File System Counters
		FILE: Number of bytes read=16850630
		FILE: Number of bytes written=50823215
		FILE: Number of read operations=0
		FILE: Number of large read operations=0
		FILE: Number of write operations=0
		HDFS: Number of bytes read=84768935
		HDFS: Number of bytes written=160695
		HDFS: Number of read operations=6295
		HDFS: Number of large read operations=0
		HDFS: Number of write operations=2030
	Map-Reduce Framework
		Map input records=10000
		Map output records=10000
		Map output bytes=520000
		Map output materialized bytes=456
		Input split bytes=121
		Combine input records=10000
		Combine output records=8
		Reduce input groups=8
		Reduce shuffle bytes=456
		Reduce input records=8
		Reduce output records=8
		Spilled Records=16
		Shuffled Maps =4
		Failed Shuffles=0
		Merged Map outputs=4
		GC time elapsed (ms)=0
		Total committed heap usage (bytes)=2254438400
	Shuffle Errors
		BAD_ID=0
		CONNECTION=0
		IO_ERROR=0
		WRONG_LENGTH=0
		WRONG_MAP=0
		WRONG_REDUCE=0
	File Input Format Counters 
		Bytes Read=733758
	File Output Format Counters 
		Bytes Written=814
26/03/02 03:33:19 INFO jvm.JvmMetrics: Cannot initialize JVM Metrics with processName=JobTracker, sessionId= - already initialized
26/03/02 03:33:19 WARN mapreduce.JobResourceUploader: Hadoop command-line option parsing not performed. Implement the Tool interface and execute your application with ToolRunner to remedy this.
26/03/02 03:33:19 INFO input.FileInputFormat: Total input paths to process : 1
26/03/02 03:33:19 INFO mapreduce.JobSubmitter: number of splits:1
26/03/02 03:33:19 INFO mapreduce.JobSubmitter: Submitting tokens for job: job_local738790210_0024
26/03/02 03:33:19 INFO mapred.LocalDistributedCacheManager: Creating symlink: /tmp/hadoop-ds503/mapred/local/1772422399871/centers_iter_23.csv <- /home/ds503/centers_iter_23.csv
26/03/02 03:33:19 INFO mapred.LocalDistributedCacheManager: Localized hdfs://localhost:9000/project2/task2/runs_report_plus/k8_r30_opt/centers_iter_23.csv as file:/tmp/hadoop-ds503/mapred/local/1772422399871/centers_iter_23.csv
26/03/02 03:33:19 INFO mapreduce.Job: The url to track the job: http://localhost:8080/
26/03/02 03:33:19 INFO mapreduce.Job: Running job: job_local738790210_0024
26/03/02 03:33:19 INFO mapred.LocalJobRunner: OutputCommitter set in config null
26/03/02 03:33:19 INFO output.FileOutputCommitter: File Output Committer Algorithm version is 1
26/03/02 03:33:19 INFO mapred.LocalJobRunner: OutputCommitter is org.apache.hadoop.mapreduce.lib.output.FileOutputCommitter
26/03/02 03:33:19 INFO mapred.LocalJobRunner: Waiting for map tasks
26/03/02 03:33:19 INFO mapred.LocalJobRunner: Starting task: attempt_local738790210_0024_m_000000_0
26/03/02 03:33:19 INFO output.FileOutputCommitter: File Output Committer Algorithm version is 1
26/03/02 03:33:19 INFO mapred.Task:  Using ResourceCalculatorProcessTree : [ ]
26/03/02 03:33:19 INFO mapred.MapTask: Processing split: hdfs://localhost:9000/project2/task2/input/points_4d.csv:0+733758
26/03/02 03:33:19 INFO mapred.MapTask: (EQUATOR) 0 kvi 26214396(104857584)
26/03/02 03:33:19 INFO mapred.MapTask: mapreduce.task.io.sort.mb: 100
26/03/02 03:33:19 INFO mapred.MapTask: soft limit at 83886080
26/03/02 03:33:19 INFO mapred.MapTask: bufstart = 0; bufvoid = 104857600
26/03/02 03:33:19 INFO mapred.MapTask: kvstart = 26214396; length = 6553600
26/03/02 03:33:19 INFO mapred.MapTask: Map output collector class = org.apache.hadoop.mapred.MapTask$MapOutputBuffer
26/03/02 03:33:20 INFO mapred.LocalJobRunner: 
26/03/02 03:33:20 INFO mapred.MapTask: Starting flush of map output
26/03/02 03:33:20 INFO mapred.MapTask: Spilling map output
26/03/02 03:33:20 INFO mapred.MapTask: bufstart = 0; bufend = 520000; bufvoid = 104857600
26/03/02 03:33:20 INFO mapred.MapTask: kvstart = 26214396(104857584); kvend = 26174400(104697600); length = 39997/6553600
26/03/02 03:33:20 INFO mapred.MapTask: Finished spill 0
26/03/02 03:33:20 INFO mapred.Task: Task:attempt_local738790210_0024_m_000000_0 is done. And is in the process of committing
26/03/02 03:33:20 INFO mapred.LocalJobRunner: map
26/03/02 03:33:20 INFO mapred.Task: Task 'attempt_local738790210_0024_m_000000_0' done.
26/03/02 03:33:20 INFO mapred.Task: Final Counters for attempt_local738790210_0024_m_000000_0: Counters: 23
	File System Counters
		FILE: Number of bytes read=3515572
		FILE: Number of bytes written=10605750
		FILE: Number of read operations=0
		FILE: Number of large read operations=0
		FILE: Number of write operations=0
		HDFS: Number of bytes read=17690988
		HDFS: Number of bytes written=33155
		HDFS: Number of read operations=1309
		HDFS: Number of large read operations=0
		HDFS: Number of write operations=420
	Map-Reduce Framework
		Map input records=10000
		Map output records=10000
		Map output bytes=520000
		Map output materialized bytes=456
		Input split bytes=121
		Combine input records=10000
		Combine output records=8
		Spilled Records=8
		Failed Shuffles=0
		Merged Map outputs=0
		GC time elapsed (ms)=0
		Total committed heap usage (bytes)=526909440
	File Input Format Counters 
		Bytes Read=733758
26/03/02 03:33:20 INFO mapred.LocalJobRunner: Finishing task: attempt_local738790210_0024_m_000000_0
26/03/02 03:33:20 INFO mapred.LocalJobRunner: map task executor complete.
26/03/02 03:33:20 INFO mapred.LocalJobRunner: Waiting for reduce tasks
26/03/02 03:33:20 INFO mapred.LocalJobRunner: Starting task: attempt_local738790210_0024_r_000000_0
26/03/02 03:33:20 INFO output.FileOutputCommitter: File Output Committer Algorithm version is 1
26/03/02 03:33:20 INFO mapred.Task:  Using ResourceCalculatorProcessTree : [ ]
26/03/02 03:33:20 INFO mapred.ReduceTask: Using ShuffleConsumerPlugin: org.apache.hadoop.mapreduce.task.reduce.Shuffle@266b623
26/03/02 03:33:20 INFO reduce.MergeManagerImpl: MergerManager: memoryLimit=369203616, maxSingleShuffleLimit=92300904, mergeThreshold=243674400, ioSortFactor=10, memToMemMergeOutputsThreshold=10
26/03/02 03:33:20 INFO reduce.EventFetcher: attempt_local738790210_0024_r_000000_0 Thread started: EventFetcher for fetching Map Completion Events
26/03/02 03:33:20 INFO reduce.LocalFetcher: localfetcher#93 about to shuffle output of map attempt_local738790210_0024_m_000000_0 decomp: 110 len: 114 to MEMORY
26/03/02 03:33:20 INFO reduce.InMemoryMapOutput: Read 110 bytes from map-output for attempt_local738790210_0024_m_000000_0
26/03/02 03:33:20 INFO reduce.MergeManagerImpl: closeInMemoryFile -> map-output of size: 110, inMemoryMapOutputs.size() -> 1, commitMemory -> 0, usedMemory ->110
26/03/02 03:33:20 INFO reduce.EventFetcher: EventFetcher is interrupted.. Returning
26/03/02 03:33:20 INFO mapred.LocalJobRunner: 1 / 1 copied.
26/03/02 03:33:20 INFO reduce.MergeManagerImpl: finalMerge called with 1 in-memory map-outputs and 0 on-disk map-outputs
26/03/02 03:33:20 INFO mapred.Merger: Merging 1 sorted segments
26/03/02 03:33:20 INFO mapred.Merger: Down to the last merge-pass, with 1 segments left of total size: 104 bytes
26/03/02 03:33:20 INFO reduce.MergeManagerImpl: Merged 1 segments, 110 bytes to disk to satisfy reduce memory limit
26/03/02 03:33:20 INFO reduce.MergeManagerImpl: Merging 1 files, 114 bytes from disk
26/03/02 03:33:20 INFO reduce.MergeManagerImpl: Merging 0 segments, 0 bytes from memory into reduce
26/03/02 03:33:20 INFO mapred.Merger: Merging 1 sorted segments
26/03/02 03:33:20 INFO mapred.Merger: Down to the last merge-pass, with 1 segments left of total size: 104 bytes
26/03/02 03:33:20 INFO mapred.LocalJobRunner: 1 / 1 copied.
26/03/02 03:33:20 INFO mapred.Task: Task:attempt_local738790210_0024_r_000000_0 is done. And is in the process of committing
26/03/02 03:33:20 INFO mapred.LocalJobRunner: 1 / 1 copied.
26/03/02 03:33:20 INFO mapred.Task: Task attempt_local738790210_0024_r_000000_0 is allowed to commit now
26/03/02 03:33:20 INFO output.FileOutputCommitter: Saved output of task 'attempt_local738790210_0024_r_000000_0' to hdfs://localhost:9000/project2/task2/runs_report_plus/k8_r30_opt/iter_24/_temporary/0/task_local738790210_0024_r_000000
26/03/02 03:33:20 INFO mapred.LocalJobRunner: reduce > reduce
26/03/02 03:33:20 INFO mapred.Task: Task 'attempt_local738790210_0024_r_000000_0' done.
26/03/02 03:33:20 INFO mapred.Task: Final Counters for attempt_local738790210_0024_r_000000_0: Counters: 29
	File System Counters
		FILE: Number of bytes read=3516246
		FILE: Number of bytes written=10605864
		FILE: Number of read operations=0
		FILE: Number of large read operations=0
		FILE: Number of write operations=0
		HDFS: Number of bytes read=17690988
		HDFS: Number of bytes written=33358
		HDFS: Number of read operations=1312
		HDFS: Number of large read operations=0
		HDFS: Number of write operations=422
	Map-Reduce Framework
		Combine input records=0
		Combine output records=0
		Reduce input groups=2
		Reduce shuffle bytes=114
		Reduce input records=2
		Reduce output records=2
		Spilled Records=2
		Shuffled Maps =1
		Failed Shuffles=0
		Merged Map outputs=1
		GC time elapsed (ms)=1
		Total committed heap usage (bytes)=527433728
	Shuffle Errors
		BAD_ID=0
		CONNECTION=0
		IO_ERROR=0
		WRONG_LENGTH=0
		WRONG_MAP=0
		WRONG_REDUCE=0
	File Output Format Counters 
		Bytes Written=203
26/03/02 03:33:20 INFO mapred.LocalJobRunner: Finishing task: attempt_local738790210_0024_r_000000_0
26/03/02 03:33:20 INFO mapred.LocalJobRunner: Starting task: attempt_local738790210_0024_r_000001_0
26/03/02 03:33:20 INFO output.FileOutputCommitter: File Output Committer Algorithm version is 1
26/03/02 03:33:20 INFO mapred.Task:  Using ResourceCalculatorProcessTree : [ ]
26/03/02 03:33:20 INFO mapred.ReduceTask: Using ShuffleConsumerPlugin: org.apache.hadoop.mapreduce.task.reduce.Shuffle@7a7c221a
26/03/02 03:33:20 INFO reduce.MergeManagerImpl: MergerManager: memoryLimit=369203616, maxSingleShuffleLimit=92300904, mergeThreshold=243674400, ioSortFactor=10, memToMemMergeOutputsThreshold=10
26/03/02 03:33:20 INFO reduce.EventFetcher: attempt_local738790210_0024_r_000001_0 Thread started: EventFetcher for fetching Map Completion Events
26/03/02 03:33:20 INFO reduce.LocalFetcher: localfetcher#94 about to shuffle output of map attempt_local738790210_0024_m_000000_0 decomp: 110 len: 114 to MEMORY
26/03/02 03:33:20 INFO reduce.InMemoryMapOutput: Read 110 bytes from map-output for attempt_local738790210_0024_m_000000_0
26/03/02 03:33:20 INFO reduce.MergeManagerImpl: closeInMemoryFile -> map-output of size: 110, inMemoryMapOutputs.size() -> 1, commitMemory -> 0, usedMemory ->110
26/03/02 03:33:20 INFO reduce.EventFetcher: EventFetcher is interrupted.. Returning
26/03/02 03:33:20 INFO mapred.LocalJobRunner: 1 / 1 copied.
26/03/02 03:33:20 INFO reduce.MergeManagerImpl: finalMerge called with 1 in-memory map-outputs and 0 on-disk map-outputs
26/03/02 03:33:20 INFO mapred.Merger: Merging 1 sorted segments
26/03/02 03:33:20 INFO mapred.Merger: Down to the last merge-pass, with 1 segments left of total size: 104 bytes
26/03/02 03:33:20 INFO reduce.MergeManagerImpl: Merged 1 segments, 110 bytes to disk to satisfy reduce memory limit
26/03/02 03:33:20 INFO reduce.MergeManagerImpl: Merging 1 files, 114 bytes from disk
26/03/02 03:33:20 INFO reduce.MergeManagerImpl: Merging 0 segments, 0 bytes from memory into reduce
26/03/02 03:33:20 INFO mapred.Merger: Merging 1 sorted segments
26/03/02 03:33:20 INFO mapred.Merger: Down to the last merge-pass, with 1 segments left of total size: 104 bytes
26/03/02 03:33:20 INFO mapred.LocalJobRunner: 1 / 1 copied.
26/03/02 03:33:20 INFO mapred.Task: Task:attempt_local738790210_0024_r_000001_0 is done. And is in the process of committing
26/03/02 03:33:20 INFO mapred.LocalJobRunner: 1 / 1 copied.
26/03/02 03:33:20 INFO mapred.Task: Task attempt_local738790210_0024_r_000001_0 is allowed to commit now
26/03/02 03:33:20 INFO output.FileOutputCommitter: Saved output of task 'attempt_local738790210_0024_r_000001_0' to hdfs://localhost:9000/project2/task2/runs_report_plus/k8_r30_opt/iter_24/_temporary/0/task_local738790210_0024_r_000001
26/03/02 03:33:20 INFO mapred.LocalJobRunner: reduce > reduce
26/03/02 03:33:20 INFO mapred.Task: Task 'attempt_local738790210_0024_r_000001_0' done.
26/03/02 03:33:20 INFO mapred.Task: Final Counters for attempt_local738790210_0024_r_000001_0: Counters: 29
	File System Counters
		FILE: Number of bytes read=3516806
		FILE: Number of bytes written=10605978
		FILE: Number of read operations=0
		FILE: Number of large read operations=0
		FILE: Number of write operations=0
		HDFS: Number of bytes read=17690988
		HDFS: Number of bytes written=33560
		HDFS: Number of read operations=1315
		HDFS: Number of large read operations=0
		HDFS: Number of write operations=424
	Map-Reduce Framework
		Combine input records=0
		Combine output records=0
		Reduce input groups=2
		Reduce shuffle bytes=114
		Reduce input records=2
		Reduce output records=2
		Spilled Records=2
		Shuffled Maps =1
		Failed Shuffles=0
		Merged Map outputs=1
		GC time elapsed (ms)=0
		Total committed heap usage (bytes)=527433728
	Shuffle Errors
		BAD_ID=0
		CONNECTION=0
		IO_ERROR=0
		WRONG_LENGTH=0
		WRONG_MAP=0
		WRONG_REDUCE=0
	File Output Format Counters 
		Bytes Written=202
26/03/02 03:33:20 INFO mapred.LocalJobRunner: Finishing task: attempt_local738790210_0024_r_000001_0
26/03/02 03:33:20 INFO mapred.LocalJobRunner: Starting task: attempt_local738790210_0024_r_000002_0
26/03/02 03:33:20 INFO output.FileOutputCommitter: File Output Committer Algorithm version is 1
26/03/02 03:33:20 INFO mapred.Task:  Using ResourceCalculatorProcessTree : [ ]
26/03/02 03:33:20 INFO mapred.ReduceTask: Using ShuffleConsumerPlugin: org.apache.hadoop.mapreduce.task.reduce.Shuffle@211526f
26/03/02 03:33:20 INFO reduce.MergeManagerImpl: MergerManager: memoryLimit=369203616, maxSingleShuffleLimit=92300904, mergeThreshold=243674400, ioSortFactor=10, memToMemMergeOutputsThreshold=10
26/03/02 03:33:20 INFO reduce.EventFetcher: attempt_local738790210_0024_r_000002_0 Thread started: EventFetcher for fetching Map Completion Events
26/03/02 03:33:20 INFO reduce.LocalFetcher: localfetcher#95 about to shuffle output of map attempt_local738790210_0024_m_000000_0 decomp: 110 len: 114 to MEMORY
26/03/02 03:33:20 INFO reduce.InMemoryMapOutput: Read 110 bytes from map-output for attempt_local738790210_0024_m_000000_0
26/03/02 03:33:20 INFO reduce.MergeManagerImpl: closeInMemoryFile -> map-output of size: 110, inMemoryMapOutputs.size() -> 1, commitMemory -> 0, usedMemory ->110
26/03/02 03:33:20 INFO reduce.EventFetcher: EventFetcher is interrupted.. Returning
26/03/02 03:33:20 INFO mapred.LocalJobRunner: 1 / 1 copied.
26/03/02 03:33:20 INFO reduce.MergeManagerImpl: finalMerge called with 1 in-memory map-outputs and 0 on-disk map-outputs
26/03/02 03:33:20 INFO mapred.Merger: Merging 1 sorted segments
26/03/02 03:33:20 INFO mapred.Merger: Down to the last merge-pass, with 1 segments left of total size: 104 bytes
26/03/02 03:33:20 INFO reduce.MergeManagerImpl: Merged 1 segments, 110 bytes to disk to satisfy reduce memory limit
26/03/02 03:33:20 INFO reduce.MergeManagerImpl: Merging 1 files, 114 bytes from disk
26/03/02 03:33:20 INFO reduce.MergeManagerImpl: Merging 0 segments, 0 bytes from memory into reduce
26/03/02 03:33:20 INFO mapred.Merger: Merging 1 sorted segments
26/03/02 03:33:20 INFO mapred.Merger: Down to the last merge-pass, with 1 segments left of total size: 104 bytes
26/03/02 03:33:20 INFO mapred.LocalJobRunner: 1 / 1 copied.
26/03/02 03:33:20 INFO mapred.Task: Task:attempt_local738790210_0024_r_000002_0 is done. And is in the process of committing
26/03/02 03:33:20 INFO mapred.LocalJobRunner: 1 / 1 copied.
26/03/02 03:33:20 INFO mapred.Task: Task attempt_local738790210_0024_r_000002_0 is allowed to commit now
26/03/02 03:33:20 INFO output.FileOutputCommitter: Saved output of task 'attempt_local738790210_0024_r_000002_0' to hdfs://localhost:9000/project2/task2/runs_report_plus/k8_r30_opt/iter_24/_temporary/0/task_local738790210_0024_r_000002
26/03/02 03:33:20 INFO mapred.LocalJobRunner: reduce > reduce
26/03/02 03:33:20 INFO mapred.Task: Task 'attempt_local738790210_0024_r_000002_0' done.
26/03/02 03:33:20 INFO mapred.Task: Final Counters for attempt_local738790210_0024_r_000002_0: Counters: 29
	File System Counters
		FILE: Number of bytes read=3517252
		FILE: Number of bytes written=10606092
		FILE: Number of read operations=0
		FILE: Number of large read operations=0
		FILE: Number of write operations=0
		HDFS: Number of bytes read=17690988
		HDFS: Number of bytes written=33766
		HDFS: Number of read operations=1318
		HDFS: Number of large read operations=0
		HDFS: Number of write operations=426
	Map-Reduce Framework
		Combine input records=0
		Combine output records=0
		Reduce input groups=2
		Reduce shuffle bytes=114
		Reduce input records=2
		Reduce output records=2
		Spilled Records=2
		Shuffled Maps =1
		Failed Shuffles=0
		Merged Map outputs=1
		GC time elapsed (ms)=0
		Total committed heap usage (bytes)=527433728
	Shuffle Errors
		BAD_ID=0
		CONNECTION=0
		IO_ERROR=0
		WRONG_LENGTH=0
		WRONG_MAP=0
		WRONG_REDUCE=0
	File Output Format Counters 
		Bytes Written=206
26/03/02 03:33:20 INFO mapred.LocalJobRunner: Finishing task: attempt_local738790210_0024_r_000002_0
26/03/02 03:33:20 INFO mapred.LocalJobRunner: Starting task: attempt_local738790210_0024_r_000003_0
26/03/02 03:33:20 INFO output.FileOutputCommitter: File Output Committer Algorithm version is 1
26/03/02 03:33:20 INFO mapred.Task:  Using ResourceCalculatorProcessTree : [ ]
26/03/02 03:33:20 INFO mapred.ReduceTask: Using ShuffleConsumerPlugin: org.apache.hadoop.mapreduce.task.reduce.Shuffle@36c42635
26/03/02 03:33:20 INFO reduce.MergeManagerImpl: MergerManager: memoryLimit=369203616, maxSingleShuffleLimit=92300904, mergeThreshold=243674400, ioSortFactor=10, memToMemMergeOutputsThreshold=10
26/03/02 03:33:20 INFO reduce.EventFetcher: attempt_local738790210_0024_r_000003_0 Thread started: EventFetcher for fetching Map Completion Events
26/03/02 03:33:20 INFO reduce.LocalFetcher: localfetcher#96 about to shuffle output of map attempt_local738790210_0024_m_000000_0 decomp: 110 len: 114 to MEMORY
26/03/02 03:33:20 INFO reduce.InMemoryMapOutput: Read 110 bytes from map-output for attempt_local738790210_0024_m_000000_0
26/03/02 03:33:20 INFO reduce.MergeManagerImpl: closeInMemoryFile -> map-output of size: 110, inMemoryMapOutputs.size() -> 1, commitMemory -> 0, usedMemory ->110
26/03/02 03:33:20 INFO reduce.EventFetcher: EventFetcher is interrupted.. Returning
26/03/02 03:33:20 INFO mapred.LocalJobRunner: 1 / 1 copied.
26/03/02 03:33:20 INFO reduce.MergeManagerImpl: finalMerge called with 1 in-memory map-outputs and 0 on-disk map-outputs
26/03/02 03:33:20 INFO mapred.Merger: Merging 1 sorted segments
26/03/02 03:33:20 INFO mapred.Merger: Down to the last merge-pass, with 1 segments left of total size: 104 bytes
26/03/02 03:33:20 INFO reduce.MergeManagerImpl: Merged 1 segments, 110 bytes to disk to satisfy reduce memory limit
26/03/02 03:33:20 INFO reduce.MergeManagerImpl: Merging 1 files, 114 bytes from disk
26/03/02 03:33:20 INFO reduce.MergeManagerImpl: Merging 0 segments, 0 bytes from memory into reduce
26/03/02 03:33:20 INFO mapred.Merger: Merging 1 sorted segments
26/03/02 03:33:20 INFO mapred.Merger: Down to the last merge-pass, with 1 segments left of total size: 104 bytes
26/03/02 03:33:20 INFO mapred.LocalJobRunner: 1 / 1 copied.
26/03/02 03:33:20 INFO mapred.Task: Task:attempt_local738790210_0024_r_000003_0 is done. And is in the process of committing
26/03/02 03:33:20 INFO mapred.LocalJobRunner: 1 / 1 copied.
26/03/02 03:33:20 INFO mapred.Task: Task attempt_local738790210_0024_r_000003_0 is allowed to commit now
26/03/02 03:33:20 INFO output.FileOutputCommitter: Saved output of task 'attempt_local738790210_0024_r_000003_0' to hdfs://localhost:9000/project2/task2/runs_report_plus/k8_r30_opt/iter_24/_temporary/0/task_local738790210_0024_r_000003
26/03/02 03:33:20 INFO mapred.LocalJobRunner: reduce > reduce
26/03/02 03:33:20 INFO mapred.Task: Task 'attempt_local738790210_0024_r_000003_0' done.
26/03/02 03:33:20 INFO mapred.Task: Final Counters for attempt_local738790210_0024_r_000003_0: Counters: 29
	File System Counters
		FILE: Number of bytes read=3517584
		FILE: Number of bytes written=10606206
		FILE: Number of read operations=0
		FILE: Number of large read operations=0
		FILE: Number of write operations=0
		HDFS: Number of bytes read=17690988
		HDFS: Number of bytes written=33973
		HDFS: Number of read operations=1321
		HDFS: Number of large read operations=0
		HDFS: Number of write operations=428
	Map-Reduce Framework
		Combine input records=0
		Combine output records=0
		Reduce input groups=2
		Reduce shuffle bytes=114
		Reduce input records=2
		Reduce output records=2
		Spilled Records=2
		Shuffled Maps =1
		Failed Shuffles=0
		Merged Map outputs=1
		GC time elapsed (ms)=0
		Total committed heap usage (bytes)=527433728
	Shuffle Errors
		BAD_ID=0
		CONNECTION=0
		IO_ERROR=0
		WRONG_LENGTH=0
		WRONG_MAP=0
		WRONG_REDUCE=0
	File Output Format Counters 
		Bytes Written=207
26/03/02 03:33:20 INFO mapred.LocalJobRunner: Finishing task: attempt_local738790210_0024_r_000003_0
26/03/02 03:33:20 INFO mapred.LocalJobRunner: reduce task executor complete.
26/03/02 03:33:20 INFO mapreduce.Job: Job job_local738790210_0024 running in uber mode : false
26/03/02 03:33:20 INFO mapreduce.Job:  map 100% reduce 100%
26/03/02 03:33:20 INFO mapreduce.Job: Job job_local738790210_0024 completed successfully
26/03/02 03:33:20 INFO mapreduce.Job: Counters: 35
	File System Counters
		FILE: Number of bytes read=17583460
		FILE: Number of bytes written=53029890
		FILE: Number of read operations=0
		FILE: Number of large read operations=0
		FILE: Number of write operations=0
		HDFS: Number of bytes read=88454940
		HDFS: Number of bytes written=167812
		HDFS: Number of read operations=6575
		HDFS: Number of large read operations=0
		HDFS: Number of write operations=2120
	Map-Reduce Framework
		Map input records=10000
		Map output records=10000
		Map output bytes=520000
		Map output materialized bytes=456
		Input split bytes=121
		Combine input records=10000
		Combine output records=8
		Reduce input groups=8
		Reduce shuffle bytes=456
		Reduce input records=8
		Reduce output records=8
		Spilled Records=16
		Shuffled Maps =4
		Failed Shuffles=0
		Merged Map outputs=4
		GC time elapsed (ms)=1
		Total committed heap usage (bytes)=2636644352
	Shuffle Errors
		BAD_ID=0
		CONNECTION=0
		IO_ERROR=0
		WRONG_LENGTH=0
		WRONG_MAP=0
		WRONG_REDUCE=0
	File Input Format Counters 
		Bytes Read=733758
	File Output Format Counters 
		Bytes Written=818
26/03/02 03:33:20 INFO jvm.JvmMetrics: Cannot initialize JVM Metrics with processName=JobTracker, sessionId= - already initialized
26/03/02 03:33:20 WARN mapreduce.JobResourceUploader: Hadoop command-line option parsing not performed. Implement the Tool interface and execute your application with ToolRunner to remedy this.
26/03/02 03:33:20 INFO input.FileInputFormat: Total input paths to process : 1
26/03/02 03:33:20 INFO mapreduce.JobSubmitter: number of splits:1
26/03/02 03:33:20 INFO mapreduce.JobSubmitter: Submitting tokens for job: job_local1759680673_0025
26/03/02 03:33:20 INFO mapred.LocalDistributedCacheManager: Creating symlink: /tmp/hadoop-ds503/mapred/local/1772422400949/centers_iter_24.csv <- /home/ds503/centers_iter_24.csv
26/03/02 03:33:20 INFO mapred.LocalDistributedCacheManager: Localized hdfs://localhost:9000/project2/task2/runs_report_plus/k8_r30_opt/centers_iter_24.csv as file:/tmp/hadoop-ds503/mapred/local/1772422400949/centers_iter_24.csv
26/03/02 03:33:20 INFO mapreduce.Job: The url to track the job: http://localhost:8080/
26/03/02 03:33:20 INFO mapreduce.Job: Running job: job_local1759680673_0025
26/03/02 03:33:20 INFO mapred.LocalJobRunner: OutputCommitter set in config null
26/03/02 03:33:20 INFO output.FileOutputCommitter: File Output Committer Algorithm version is 1
26/03/02 03:33:20 INFO mapred.LocalJobRunner: OutputCommitter is org.apache.hadoop.mapreduce.lib.output.FileOutputCommitter
26/03/02 03:33:20 INFO mapred.LocalJobRunner: Waiting for map tasks
26/03/02 03:33:20 INFO mapred.LocalJobRunner: Starting task: attempt_local1759680673_0025_m_000000_0
26/03/02 03:33:20 INFO output.FileOutputCommitter: File Output Committer Algorithm version is 1
26/03/02 03:33:20 INFO mapred.Task:  Using ResourceCalculatorProcessTree : [ ]
26/03/02 03:33:20 INFO mapred.MapTask: Processing split: hdfs://localhost:9000/project2/task2/input/points_4d.csv:0+733758
26/03/02 03:33:20 INFO mapred.MapTask: (EQUATOR) 0 kvi 26214396(104857584)
26/03/02 03:33:20 INFO mapred.MapTask: mapreduce.task.io.sort.mb: 100
26/03/02 03:33:20 INFO mapred.MapTask: soft limit at 83886080
26/03/02 03:33:20 INFO mapred.MapTask: bufstart = 0; bufvoid = 104857600
26/03/02 03:33:20 INFO mapred.MapTask: kvstart = 26214396; length = 6553600
26/03/02 03:33:20 INFO mapred.MapTask: Map output collector class = org.apache.hadoop.mapred.MapTask$MapOutputBuffer
26/03/02 03:33:21 INFO mapred.LocalJobRunner: 
26/03/02 03:33:21 INFO mapred.MapTask: Starting flush of map output
26/03/02 03:33:21 INFO mapred.MapTask: Spilling map output
26/03/02 03:33:21 INFO mapred.MapTask: bufstart = 0; bufend = 520000; bufvoid = 104857600
26/03/02 03:33:21 INFO mapred.MapTask: kvstart = 26214396(104857584); kvend = 26174400(104697600); length = 39997/6553600
26/03/02 03:33:21 INFO mapred.MapTask: Finished spill 0
26/03/02 03:33:21 INFO mapred.Task: Task:attempt_local1759680673_0025_m_000000_0 is done. And is in the process of committing
26/03/02 03:33:21 INFO mapred.LocalJobRunner: map
26/03/02 03:33:21 INFO mapred.Task: Task 'attempt_local1759680673_0025_m_000000_0' done.
26/03/02 03:33:21 INFO mapred.Task: Final Counters for attempt_local1759680673_0025_m_000000_0: Counters: 23
	File System Counters
		FILE: Number of bytes read=3662138
		FILE: Number of bytes written=11048674
		FILE: Number of read operations=0
		FILE: Number of large read operations=0
		FILE: Number of write operations=0
		HDFS: Number of bytes read=18428205
		HDFS: Number of bytes written=34581
		HDFS: Number of read operations=1365
		HDFS: Number of large read operations=0
		HDFS: Number of write operations=438
	Map-Reduce Framework
		Map input records=10000
		Map output records=10000
		Map output bytes=520000
		Map output materialized bytes=456
		Input split bytes=121
		Combine input records=10000
		Combine output records=8
		Spilled Records=8
		Failed Shuffles=0
		Merged Map outputs=0
		GC time elapsed (ms)=32
		Total committed heap usage (bytes)=478674944
	File Input Format Counters 
		Bytes Read=733758
26/03/02 03:33:21 INFO mapred.LocalJobRunner: Finishing task: attempt_local1759680673_0025_m_000000_0
26/03/02 03:33:21 INFO mapred.LocalJobRunner: map task executor complete.
26/03/02 03:33:21 INFO mapred.LocalJobRunner: Waiting for reduce tasks
26/03/02 03:33:21 INFO mapred.LocalJobRunner: Starting task: attempt_local1759680673_0025_r_000000_0
26/03/02 03:33:21 INFO output.FileOutputCommitter: File Output Committer Algorithm version is 1
26/03/02 03:33:21 INFO mapred.Task:  Using ResourceCalculatorProcessTree : [ ]
26/03/02 03:33:21 INFO mapred.ReduceTask: Using ShuffleConsumerPlugin: org.apache.hadoop.mapreduce.task.reduce.Shuffle@46b455e3
26/03/02 03:33:21 INFO reduce.MergeManagerImpl: MergerManager: memoryLimit=335072448, maxSingleShuffleLimit=83768112, mergeThreshold=221147824, ioSortFactor=10, memToMemMergeOutputsThreshold=10
26/03/02 03:33:21 INFO reduce.EventFetcher: attempt_local1759680673_0025_r_000000_0 Thread started: EventFetcher for fetching Map Completion Events
26/03/02 03:33:21 INFO reduce.LocalFetcher: localfetcher#97 about to shuffle output of map attempt_local1759680673_0025_m_000000_0 decomp: 110 len: 114 to MEMORY
26/03/02 03:33:21 INFO reduce.InMemoryMapOutput: Read 110 bytes from map-output for attempt_local1759680673_0025_m_000000_0
26/03/02 03:33:21 INFO reduce.MergeManagerImpl: closeInMemoryFile -> map-output of size: 110, inMemoryMapOutputs.size() -> 1, commitMemory -> 0, usedMemory ->110
26/03/02 03:33:21 INFO reduce.EventFetcher: EventFetcher is interrupted.. Returning
26/03/02 03:33:21 INFO mapred.LocalJobRunner: 1 / 1 copied.
26/03/02 03:33:21 INFO reduce.MergeManagerImpl: finalMerge called with 1 in-memory map-outputs and 0 on-disk map-outputs
26/03/02 03:33:21 INFO mapred.Merger: Merging 1 sorted segments
26/03/02 03:33:21 INFO mapred.Merger: Down to the last merge-pass, with 1 segments left of total size: 104 bytes
26/03/02 03:33:21 INFO reduce.MergeManagerImpl: Merged 1 segments, 110 bytes to disk to satisfy reduce memory limit
26/03/02 03:33:21 INFO reduce.MergeManagerImpl: Merging 1 files, 114 bytes from disk
26/03/02 03:33:21 INFO reduce.MergeManagerImpl: Merging 0 segments, 0 bytes from memory into reduce
26/03/02 03:33:21 INFO mapred.Merger: Merging 1 sorted segments
26/03/02 03:33:21 INFO mapred.Merger: Down to the last merge-pass, with 1 segments left of total size: 104 bytes
26/03/02 03:33:21 INFO mapred.LocalJobRunner: 1 / 1 copied.
26/03/02 03:33:21 INFO mapred.Task: Task:attempt_local1759680673_0025_r_000000_0 is done. And is in the process of committing
26/03/02 03:33:21 INFO mapred.LocalJobRunner: 1 / 1 copied.
26/03/02 03:33:21 INFO mapred.Task: Task attempt_local1759680673_0025_r_000000_0 is allowed to commit now
26/03/02 03:33:21 INFO output.FileOutputCommitter: Saved output of task 'attempt_local1759680673_0025_r_000000_0' to hdfs://localhost:9000/project2/task2/runs_report_plus/k8_r30_opt/iter_25/_temporary/0/task_local1759680673_0025_r_000000
26/03/02 03:33:21 INFO mapred.LocalJobRunner: reduce > reduce
26/03/02 03:33:21 INFO mapred.Task: Task 'attempt_local1759680673_0025_r_000000_0' done.
26/03/02 03:33:21 INFO mapred.Task: Final Counters for attempt_local1759680673_0025_r_000000_0: Counters: 29
	File System Counters
		FILE: Number of bytes read=3662812
		FILE: Number of bytes written=11048788
		FILE: Number of read operations=0
		FILE: Number of large read operations=0
		FILE: Number of write operations=0
		HDFS: Number of bytes read=18428205
		HDFS: Number of bytes written=34783
		HDFS: Number of read operations=1368
		HDFS: Number of large read operations=0
		HDFS: Number of write operations=440
	Map-Reduce Framework
		Combine input records=0
		Combine output records=0
		Reduce input groups=2
		Reduce shuffle bytes=114
		Reduce input records=2
		Reduce output records=2
		Spilled Records=2
		Shuffled Maps =1
		Failed Shuffles=0
		Merged Map outputs=1
		GC time elapsed (ms)=0
		Total committed heap usage (bytes)=478674944
	Shuffle Errors
		BAD_ID=0
		CONNECTION=0
		IO_ERROR=0
		WRONG_LENGTH=0
		WRONG_MAP=0
		WRONG_REDUCE=0
	File Output Format Counters 
		Bytes Written=202
26/03/02 03:33:21 INFO mapred.LocalJobRunner: Finishing task: attempt_local1759680673_0025_r_000000_0
26/03/02 03:33:21 INFO mapred.LocalJobRunner: Starting task: attempt_local1759680673_0025_r_000001_0
26/03/02 03:33:21 INFO output.FileOutputCommitter: File Output Committer Algorithm version is 1
26/03/02 03:33:21 INFO mapred.Task:  Using ResourceCalculatorProcessTree : [ ]
26/03/02 03:33:21 INFO mapred.ReduceTask: Using ShuffleConsumerPlugin: org.apache.hadoop.mapreduce.task.reduce.Shuffle@6d31eef9
26/03/02 03:33:21 INFO reduce.MergeManagerImpl: MergerManager: memoryLimit=335072448, maxSingleShuffleLimit=83768112, mergeThreshold=221147824, ioSortFactor=10, memToMemMergeOutputsThreshold=10
26/03/02 03:33:21 INFO reduce.EventFetcher: attempt_local1759680673_0025_r_000001_0 Thread started: EventFetcher for fetching Map Completion Events
26/03/02 03:33:21 INFO reduce.LocalFetcher: localfetcher#98 about to shuffle output of map attempt_local1759680673_0025_m_000000_0 decomp: 110 len: 114 to MEMORY
26/03/02 03:33:21 INFO reduce.InMemoryMapOutput: Read 110 bytes from map-output for attempt_local1759680673_0025_m_000000_0
26/03/02 03:33:21 INFO reduce.MergeManagerImpl: closeInMemoryFile -> map-output of size: 110, inMemoryMapOutputs.size() -> 1, commitMemory -> 0, usedMemory ->110
26/03/02 03:33:21 INFO reduce.EventFetcher: EventFetcher is interrupted.. Returning
26/03/02 03:33:21 INFO mapred.LocalJobRunner: 1 / 1 copied.
26/03/02 03:33:21 INFO reduce.MergeManagerImpl: finalMerge called with 1 in-memory map-outputs and 0 on-disk map-outputs
26/03/02 03:33:21 INFO mapred.Merger: Merging 1 sorted segments
26/03/02 03:33:21 INFO mapred.Merger: Down to the last merge-pass, with 1 segments left of total size: 104 bytes
26/03/02 03:33:21 INFO reduce.MergeManagerImpl: Merged 1 segments, 110 bytes to disk to satisfy reduce memory limit
26/03/02 03:33:21 INFO reduce.MergeManagerImpl: Merging 1 files, 114 bytes from disk
26/03/02 03:33:21 INFO reduce.MergeManagerImpl: Merging 0 segments, 0 bytes from memory into reduce
26/03/02 03:33:21 INFO mapred.Merger: Merging 1 sorted segments
26/03/02 03:33:21 INFO mapred.Merger: Down to the last merge-pass, with 1 segments left of total size: 104 bytes
26/03/02 03:33:21 INFO mapred.LocalJobRunner: 1 / 1 copied.
26/03/02 03:33:21 INFO mapred.Task: Task:attempt_local1759680673_0025_r_000001_0 is done. And is in the process of committing
26/03/02 03:33:21 INFO mapred.LocalJobRunner: 1 / 1 copied.
26/03/02 03:33:21 INFO mapred.Task: Task attempt_local1759680673_0025_r_000001_0 is allowed to commit now
26/03/02 03:33:21 INFO output.FileOutputCommitter: Saved output of task 'attempt_local1759680673_0025_r_000001_0' to hdfs://localhost:9000/project2/task2/runs_report_plus/k8_r30_opt/iter_25/_temporary/0/task_local1759680673_0025_r_000001
26/03/02 03:33:21 INFO mapred.LocalJobRunner: reduce > reduce
26/03/02 03:33:21 INFO mapred.Task: Task 'attempt_local1759680673_0025_r_000001_0' done.
26/03/02 03:33:21 INFO mapred.Task: Final Counters for attempt_local1759680673_0025_r_000001_0: Counters: 29
	File System Counters
		FILE: Number of bytes read=3663372
		FILE: Number of bytes written=11048902
		FILE: Number of read operations=0
		FILE: Number of large read operations=0
		FILE: Number of write operations=0
		HDFS: Number of bytes read=18428205
		HDFS: Number of bytes written=34987
		HDFS: Number of read operations=1371
		HDFS: Number of large read operations=0
		HDFS: Number of write operations=442
	Map-Reduce Framework
		Combine input records=0
		Combine output records=0
		Reduce input groups=2
		Reduce shuffle bytes=114
		Reduce input records=2
		Reduce output records=2
		Spilled Records=2
		Shuffled Maps =1
		Failed Shuffles=0
		Merged Map outputs=1
		GC time elapsed (ms)=0
		Total committed heap usage (bytes)=478674944
	Shuffle Errors
		BAD_ID=0
		CONNECTION=0
		IO_ERROR=0
		WRONG_LENGTH=0
		WRONG_MAP=0
		WRONG_REDUCE=0
	File Output Format Counters 
		Bytes Written=204
26/03/02 03:33:21 INFO mapred.LocalJobRunner: Finishing task: attempt_local1759680673_0025_r_000001_0
26/03/02 03:33:21 INFO mapred.LocalJobRunner: Starting task: attempt_local1759680673_0025_r_000002_0
26/03/02 03:33:21 INFO output.FileOutputCommitter: File Output Committer Algorithm version is 1
26/03/02 03:33:21 INFO mapred.Task:  Using ResourceCalculatorProcessTree : [ ]
26/03/02 03:33:21 INFO mapred.ReduceTask: Using ShuffleConsumerPlugin: org.apache.hadoop.mapreduce.task.reduce.Shuffle@159898b5
26/03/02 03:33:21 INFO reduce.MergeManagerImpl: MergerManager: memoryLimit=335072448, maxSingleShuffleLimit=83768112, mergeThreshold=221147824, ioSortFactor=10, memToMemMergeOutputsThreshold=10
26/03/02 03:33:21 INFO reduce.EventFetcher: attempt_local1759680673_0025_r_000002_0 Thread started: EventFetcher for fetching Map Completion Events
26/03/02 03:33:21 INFO reduce.LocalFetcher: localfetcher#99 about to shuffle output of map attempt_local1759680673_0025_m_000000_0 decomp: 110 len: 114 to MEMORY
26/03/02 03:33:21 INFO reduce.InMemoryMapOutput: Read 110 bytes from map-output for attempt_local1759680673_0025_m_000000_0
26/03/02 03:33:21 INFO reduce.MergeManagerImpl: closeInMemoryFile -> map-output of size: 110, inMemoryMapOutputs.size() -> 1, commitMemory -> 0, usedMemory ->110
26/03/02 03:33:21 INFO reduce.EventFetcher: EventFetcher is interrupted.. Returning
26/03/02 03:33:21 INFO mapred.LocalJobRunner: 1 / 1 copied.
26/03/02 03:33:21 INFO reduce.MergeManagerImpl: finalMerge called with 1 in-memory map-outputs and 0 on-disk map-outputs
26/03/02 03:33:21 INFO mapred.Merger: Merging 1 sorted segments
26/03/02 03:33:21 INFO mapred.Merger: Down to the last merge-pass, with 1 segments left of total size: 104 bytes
26/03/02 03:33:21 INFO reduce.MergeManagerImpl: Merged 1 segments, 110 bytes to disk to satisfy reduce memory limit
26/03/02 03:33:21 INFO reduce.MergeManagerImpl: Merging 1 files, 114 bytes from disk
26/03/02 03:33:21 INFO reduce.MergeManagerImpl: Merging 0 segments, 0 bytes from memory into reduce
26/03/02 03:33:21 INFO mapred.Merger: Merging 1 sorted segments
26/03/02 03:33:21 INFO mapred.Merger: Down to the last merge-pass, with 1 segments left of total size: 104 bytes
26/03/02 03:33:21 INFO mapred.LocalJobRunner: 1 / 1 copied.
26/03/02 03:33:21 INFO mapred.Task: Task:attempt_local1759680673_0025_r_000002_0 is done. And is in the process of committing
26/03/02 03:33:21 INFO mapred.LocalJobRunner: 1 / 1 copied.
26/03/02 03:33:21 INFO mapred.Task: Task attempt_local1759680673_0025_r_000002_0 is allowed to commit now
26/03/02 03:33:21 INFO output.FileOutputCommitter: Saved output of task 'attempt_local1759680673_0025_r_000002_0' to hdfs://localhost:9000/project2/task2/runs_report_plus/k8_r30_opt/iter_25/_temporary/0/task_local1759680673_0025_r_000002
26/03/02 03:33:21 INFO mapred.LocalJobRunner: reduce > reduce
26/03/02 03:33:21 INFO mapred.Task: Task 'attempt_local1759680673_0025_r_000002_0' done.
26/03/02 03:33:21 INFO mapred.Task: Final Counters for attempt_local1759680673_0025_r_000002_0: Counters: 29
	File System Counters
		FILE: Number of bytes read=3663818
		FILE: Number of bytes written=11049016
		FILE: Number of read operations=0
		FILE: Number of large read operations=0
		FILE: Number of write operations=0
		HDFS: Number of bytes read=18428205
		HDFS: Number of bytes written=35192
		HDFS: Number of read operations=1374
		HDFS: Number of large read operations=0
		HDFS: Number of write operations=444
	Map-Reduce Framework
		Combine input records=0
		Combine output records=0
		Reduce input groups=2
		Reduce shuffle bytes=114
		Reduce input records=2
		Reduce output records=2
		Spilled Records=2
		Shuffled Maps =1
		Failed Shuffles=0
		Merged Map outputs=1
		GC time elapsed (ms)=0
		Total committed heap usage (bytes)=478674944
	Shuffle Errors
		BAD_ID=0
		CONNECTION=0
		IO_ERROR=0
		WRONG_LENGTH=0
		WRONG_MAP=0
		WRONG_REDUCE=0
	File Output Format Counters 
		Bytes Written=205
26/03/02 03:33:21 INFO mapred.LocalJobRunner: Finishing task: attempt_local1759680673_0025_r_000002_0
26/03/02 03:33:21 INFO mapred.LocalJobRunner: Starting task: attempt_local1759680673_0025_r_000003_0
26/03/02 03:33:21 INFO output.FileOutputCommitter: File Output Committer Algorithm version is 1
26/03/02 03:33:21 INFO mapred.Task:  Using ResourceCalculatorProcessTree : [ ]
26/03/02 03:33:21 INFO mapred.ReduceTask: Using ShuffleConsumerPlugin: org.apache.hadoop.mapreduce.task.reduce.Shuffle@bc53bc2
26/03/02 03:33:21 INFO reduce.MergeManagerImpl: MergerManager: memoryLimit=335072448, maxSingleShuffleLimit=83768112, mergeThreshold=221147824, ioSortFactor=10, memToMemMergeOutputsThreshold=10
26/03/02 03:33:21 INFO reduce.EventFetcher: attempt_local1759680673_0025_r_000003_0 Thread started: EventFetcher for fetching Map Completion Events
26/03/02 03:33:21 INFO reduce.LocalFetcher: localfetcher#100 about to shuffle output of map attempt_local1759680673_0025_m_000000_0 decomp: 110 len: 114 to MEMORY
26/03/02 03:33:21 INFO reduce.InMemoryMapOutput: Read 110 bytes from map-output for attempt_local1759680673_0025_m_000000_0
26/03/02 03:33:21 INFO reduce.MergeManagerImpl: closeInMemoryFile -> map-output of size: 110, inMemoryMapOutputs.size() -> 1, commitMemory -> 0, usedMemory ->110
26/03/02 03:33:21 INFO reduce.EventFetcher: EventFetcher is interrupted.. Returning
26/03/02 03:33:21 INFO mapred.LocalJobRunner: 1 / 1 copied.
26/03/02 03:33:21 INFO reduce.MergeManagerImpl: finalMerge called with 1 in-memory map-outputs and 0 on-disk map-outputs
26/03/02 03:33:21 INFO mapred.Merger: Merging 1 sorted segments
26/03/02 03:33:21 INFO mapred.Merger: Down to the last merge-pass, with 1 segments left of total size: 104 bytes
26/03/02 03:33:21 INFO reduce.MergeManagerImpl: Merged 1 segments, 110 bytes to disk to satisfy reduce memory limit
26/03/02 03:33:21 INFO reduce.MergeManagerImpl: Merging 1 files, 114 bytes from disk
26/03/02 03:33:21 INFO reduce.MergeManagerImpl: Merging 0 segments, 0 bytes from memory into reduce
26/03/02 03:33:21 INFO mapred.Merger: Merging 1 sorted segments
26/03/02 03:33:21 INFO mapred.Merger: Down to the last merge-pass, with 1 segments left of total size: 104 bytes
26/03/02 03:33:21 INFO mapred.LocalJobRunner: 1 / 1 copied.
26/03/02 03:33:21 INFO mapred.Task: Task:attempt_local1759680673_0025_r_000003_0 is done. And is in the process of committing
26/03/02 03:33:21 INFO mapred.LocalJobRunner: 1 / 1 copied.
26/03/02 03:33:21 INFO mapred.Task: Task attempt_local1759680673_0025_r_000003_0 is allowed to commit now
26/03/02 03:33:21 INFO output.FileOutputCommitter: Saved output of task 'attempt_local1759680673_0025_r_000003_0' to hdfs://localhost:9000/project2/task2/runs_report_plus/k8_r30_opt/iter_25/_temporary/0/task_local1759680673_0025_r_000003
26/03/02 03:33:21 INFO mapred.LocalJobRunner: reduce > reduce
26/03/02 03:33:21 INFO mapred.Task: Task 'attempt_local1759680673_0025_r_000003_0' done.
26/03/02 03:33:21 INFO mapred.Task: Final Counters for attempt_local1759680673_0025_r_000003_0: Counters: 29
	File System Counters
		FILE: Number of bytes read=3664150
		FILE: Number of bytes written=11049130
		FILE: Number of read operations=0
		FILE: Number of large read operations=0
		FILE: Number of write operations=0
		HDFS: Number of bytes read=18428205
		HDFS: Number of bytes written=35399
		HDFS: Number of read operations=1377
		HDFS: Number of large read operations=0
		HDFS: Number of write operations=446
	Map-Reduce Framework
		Combine input records=0
		Combine output records=0
		Reduce input groups=2
		Reduce shuffle bytes=114
		Reduce input records=2
		Reduce output records=2
		Spilled Records=2
		Shuffled Maps =1
		Failed Shuffles=0
		Merged Map outputs=1
		GC time elapsed (ms)=0
		Total committed heap usage (bytes)=478674944
	Shuffle Errors
		BAD_ID=0
		CONNECTION=0
		IO_ERROR=0
		WRONG_LENGTH=0
		WRONG_MAP=0
		WRONG_REDUCE=0
	File Output Format Counters 
		Bytes Written=207
26/03/02 03:33:21 INFO mapred.LocalJobRunner: Finishing task: attempt_local1759680673_0025_r_000003_0
26/03/02 03:33:21 INFO mapred.LocalJobRunner: reduce task executor complete.
26/03/02 03:33:21 INFO mapreduce.Job: Job job_local1759680673_0025 running in uber mode : false
26/03/02 03:33:21 INFO mapreduce.Job:  map 100% reduce 100%
26/03/02 03:33:21 INFO mapreduce.Job: Job job_local1759680673_0025 completed successfully
26/03/02 03:33:21 INFO mapreduce.Job: Counters: 35
	File System Counters
		FILE: Number of bytes read=18316290
		FILE: Number of bytes written=55244510
		FILE: Number of read operations=0
		FILE: Number of large read operations=0
		FILE: Number of write operations=0
		HDFS: Number of bytes read=92141025
		HDFS: Number of bytes written=174942
		HDFS: Number of read operations=6855
		HDFS: Number of large read operations=0
		HDFS: Number of write operations=2210
	Map-Reduce Framework
		Map input records=10000
		Map output records=10000
		Map output bytes=520000
		Map output materialized bytes=456
		Input split bytes=121
		Combine input records=10000
		Combine output records=8
		Reduce input groups=8
		Reduce shuffle bytes=456
		Reduce input records=8
		Reduce output records=8
		Spilled Records=16
		Shuffled Maps =4
		Failed Shuffles=0
		Merged Map outputs=4
		GC time elapsed (ms)=32
		Total committed heap usage (bytes)=2393374720
	Shuffle Errors
		BAD_ID=0
		CONNECTION=0
		IO_ERROR=0
		WRONG_LENGTH=0
		WRONG_MAP=0
		WRONG_REDUCE=0
	File Input Format Counters 
		Bytes Read=733758
	File Output Format Counters 
		Bytes Written=818
26/03/02 03:33:22 INFO jvm.JvmMetrics: Cannot initialize JVM Metrics with processName=JobTracker, sessionId= - already initialized
26/03/02 03:33:22 WARN mapreduce.JobResourceUploader: Hadoop command-line option parsing not performed. Implement the Tool interface and execute your application with ToolRunner to remedy this.
26/03/02 03:33:22 INFO input.FileInputFormat: Total input paths to process : 1
26/03/02 03:33:22 INFO mapreduce.JobSubmitter: number of splits:1
26/03/02 03:33:22 INFO mapreduce.JobSubmitter: Submitting tokens for job: job_local1220839742_0026
26/03/02 03:33:22 INFO mapred.LocalDistributedCacheManager: Creating symlink: /tmp/hadoop-ds503/mapred/local/1772422402023/centers_iter_25.csv <- /home/ds503/centers_iter_25.csv
26/03/02 03:33:22 INFO mapred.LocalDistributedCacheManager: Localized hdfs://localhost:9000/project2/task2/runs_report_plus/k8_r30_opt/centers_iter_25.csv as file:/tmp/hadoop-ds503/mapred/local/1772422402023/centers_iter_25.csv
26/03/02 03:33:22 INFO mapreduce.Job: The url to track the job: http://localhost:8080/
26/03/02 03:33:22 INFO mapreduce.Job: Running job: job_local1220839742_0026
26/03/02 03:33:22 INFO mapred.LocalJobRunner: OutputCommitter set in config null
26/03/02 03:33:22 INFO output.FileOutputCommitter: File Output Committer Algorithm version is 1
26/03/02 03:33:22 INFO mapred.LocalJobRunner: OutputCommitter is org.apache.hadoop.mapreduce.lib.output.FileOutputCommitter
26/03/02 03:33:22 INFO mapred.LocalJobRunner: Waiting for map tasks
26/03/02 03:33:22 INFO mapred.LocalJobRunner: Starting task: attempt_local1220839742_0026_m_000000_0
26/03/02 03:33:22 INFO output.FileOutputCommitter: File Output Committer Algorithm version is 1
26/03/02 03:33:22 INFO mapred.Task:  Using ResourceCalculatorProcessTree : [ ]
26/03/02 03:33:22 INFO mapred.MapTask: Processing split: hdfs://localhost:9000/project2/task2/input/points_4d.csv:0+733758
26/03/02 03:33:22 INFO mapred.MapTask: (EQUATOR) 0 kvi 26214396(104857584)
26/03/02 03:33:22 INFO mapred.MapTask: mapreduce.task.io.sort.mb: 100
26/03/02 03:33:22 INFO mapred.MapTask: soft limit at 83886080
26/03/02 03:33:22 INFO mapred.MapTask: bufstart = 0; bufvoid = 104857600
26/03/02 03:33:22 INFO mapred.MapTask: kvstart = 26214396; length = 6553600
26/03/02 03:33:22 INFO mapred.MapTask: Map output collector class = org.apache.hadoop.mapred.MapTask$MapOutputBuffer
26/03/02 03:33:22 INFO mapred.LocalJobRunner: 
26/03/02 03:33:22 INFO mapred.MapTask: Starting flush of map output
26/03/02 03:33:22 INFO mapred.MapTask: Spilling map output
26/03/02 03:33:22 INFO mapred.MapTask: bufstart = 0; bufend = 520000; bufvoid = 104857600
26/03/02 03:33:22 INFO mapred.MapTask: kvstart = 26214396(104857584); kvend = 26174400(104697600); length = 39997/6553600
26/03/02 03:33:22 INFO mapred.MapTask: Finished spill 0
26/03/02 03:33:22 INFO mapred.Task: Task:attempt_local1220839742_0026_m_000000_0 is done. And is in the process of committing
26/03/02 03:33:22 INFO mapred.LocalJobRunner: map
26/03/02 03:33:22 INFO mapred.Task: Task 'attempt_local1220839742_0026_m_000000_0' done.
26/03/02 03:33:22 INFO mapred.Task: Final Counters for attempt_local1220839742_0026_m_000000_0: Counters: 23
	File System Counters
		FILE: Number of bytes read=3808704
		FILE: Number of bytes written=11491596
		FILE: Number of read operations=0
		FILE: Number of large read operations=0
		FILE: Number of write operations=0
		HDFS: Number of bytes read=19165419
		HDFS: Number of bytes written=36005
		HDFS: Number of read operations=1421
		HDFS: Number of large read operations=0
		HDFS: Number of write operations=456
	Map-Reduce Framework
		Map input records=10000
		Map output records=10000
		Map output bytes=520000
		Map output materialized bytes=456
		Input split bytes=121
		Combine input records=10000
		Combine output records=8
		Spilled Records=8
		Failed Shuffles=0
		Merged Map outputs=0
		GC time elapsed (ms)=0
		Total committed heap usage (bytes)=478674944
	File Input Format Counters 
		Bytes Read=733758
26/03/02 03:33:22 INFO mapred.LocalJobRunner: Finishing task: attempt_local1220839742_0026_m_000000_0
26/03/02 03:33:22 INFO mapred.LocalJobRunner: map task executor complete.
26/03/02 03:33:22 INFO mapred.LocalJobRunner: Waiting for reduce tasks
26/03/02 03:33:22 INFO mapred.LocalJobRunner: Starting task: attempt_local1220839742_0026_r_000000_0
26/03/02 03:33:22 INFO output.FileOutputCommitter: File Output Committer Algorithm version is 1
26/03/02 03:33:22 INFO mapred.Task:  Using ResourceCalculatorProcessTree : [ ]
26/03/02 03:33:22 INFO mapred.ReduceTask: Using ShuffleConsumerPlugin: org.apache.hadoop.mapreduce.task.reduce.Shuffle@6ca7dc27
26/03/02 03:33:22 INFO reduce.MergeManagerImpl: MergerManager: memoryLimit=335072448, maxSingleShuffleLimit=83768112, mergeThreshold=221147824, ioSortFactor=10, memToMemMergeOutputsThreshold=10
26/03/02 03:33:22 INFO reduce.EventFetcher: attempt_local1220839742_0026_r_000000_0 Thread started: EventFetcher for fetching Map Completion Events
26/03/02 03:33:22 INFO reduce.LocalFetcher: localfetcher#101 about to shuffle output of map attempt_local1220839742_0026_m_000000_0 decomp: 110 len: 114 to MEMORY
26/03/02 03:33:22 INFO reduce.InMemoryMapOutput: Read 110 bytes from map-output for attempt_local1220839742_0026_m_000000_0
26/03/02 03:33:22 INFO reduce.MergeManagerImpl: closeInMemoryFile -> map-output of size: 110, inMemoryMapOutputs.size() -> 1, commitMemory -> 0, usedMemory ->110
26/03/02 03:33:22 INFO reduce.EventFetcher: EventFetcher is interrupted.. Returning
26/03/02 03:33:22 INFO mapred.LocalJobRunner: 1 / 1 copied.
26/03/02 03:33:22 INFO reduce.MergeManagerImpl: finalMerge called with 1 in-memory map-outputs and 0 on-disk map-outputs
26/03/02 03:33:22 INFO mapred.Merger: Merging 1 sorted segments
26/03/02 03:33:22 INFO mapred.Merger: Down to the last merge-pass, with 1 segments left of total size: 104 bytes
26/03/02 03:33:22 INFO reduce.MergeManagerImpl: Merged 1 segments, 110 bytes to disk to satisfy reduce memory limit
26/03/02 03:33:22 INFO reduce.MergeManagerImpl: Merging 1 files, 114 bytes from disk
26/03/02 03:33:22 INFO reduce.MergeManagerImpl: Merging 0 segments, 0 bytes from memory into reduce
26/03/02 03:33:22 INFO mapred.Merger: Merging 1 sorted segments
26/03/02 03:33:22 INFO mapred.Merger: Down to the last merge-pass, with 1 segments left of total size: 104 bytes
26/03/02 03:33:22 INFO mapred.LocalJobRunner: 1 / 1 copied.
26/03/02 03:33:22 INFO mapred.Task: Task:attempt_local1220839742_0026_r_000000_0 is done. And is in the process of committing
26/03/02 03:33:22 INFO mapred.LocalJobRunner: 1 / 1 copied.
26/03/02 03:33:22 INFO mapred.Task: Task attempt_local1220839742_0026_r_000000_0 is allowed to commit now
26/03/02 03:33:22 INFO output.FileOutputCommitter: Saved output of task 'attempt_local1220839742_0026_r_000000_0' to hdfs://localhost:9000/project2/task2/runs_report_plus/k8_r30_opt/iter_26/_temporary/0/task_local1220839742_0026_r_000000
26/03/02 03:33:22 INFO mapred.LocalJobRunner: reduce > reduce
26/03/02 03:33:22 INFO mapred.Task: Task 'attempt_local1220839742_0026_r_000000_0' done.
26/03/02 03:33:22 INFO mapred.Task: Final Counters for attempt_local1220839742_0026_r_000000_0: Counters: 29
	File System Counters
		FILE: Number of bytes read=3809378
		FILE: Number of bytes written=11491710
		FILE: Number of read operations=0
		FILE: Number of large read operations=0
		FILE: Number of write operations=0
		HDFS: Number of bytes read=19165419
		HDFS: Number of bytes written=36207
		HDFS: Number of read operations=1424
		HDFS: Number of large read operations=0
		HDFS: Number of write operations=458
	Map-Reduce Framework
		Combine input records=0
		Combine output records=0
		Reduce input groups=2
		Reduce shuffle bytes=114
		Reduce input records=2
		Reduce output records=2
		Spilled Records=2
		Shuffled Maps =1
		Failed Shuffles=0
		Merged Map outputs=1
		GC time elapsed (ms)=0
		Total committed heap usage (bytes)=478674944
	Shuffle Errors
		BAD_ID=0
		CONNECTION=0
		IO_ERROR=0
		WRONG_LENGTH=0
		WRONG_MAP=0
		WRONG_REDUCE=0
	File Output Format Counters 
		Bytes Written=202
26/03/02 03:33:22 INFO mapred.LocalJobRunner: Finishing task: attempt_local1220839742_0026_r_000000_0
26/03/02 03:33:22 INFO mapred.LocalJobRunner: Starting task: attempt_local1220839742_0026_r_000001_0
26/03/02 03:33:22 INFO output.FileOutputCommitter: File Output Committer Algorithm version is 1
26/03/02 03:33:22 INFO mapred.Task:  Using ResourceCalculatorProcessTree : [ ]
26/03/02 03:33:22 INFO mapred.ReduceTask: Using ShuffleConsumerPlugin: org.apache.hadoop.mapreduce.task.reduce.Shuffle@71499350
26/03/02 03:33:22 INFO reduce.MergeManagerImpl: MergerManager: memoryLimit=335072448, maxSingleShuffleLimit=83768112, mergeThreshold=221147824, ioSortFactor=10, memToMemMergeOutputsThreshold=10
26/03/02 03:33:22 INFO reduce.EventFetcher: attempt_local1220839742_0026_r_000001_0 Thread started: EventFetcher for fetching Map Completion Events
26/03/02 03:33:22 INFO reduce.LocalFetcher: localfetcher#102 about to shuffle output of map attempt_local1220839742_0026_m_000000_0 decomp: 110 len: 114 to MEMORY
26/03/02 03:33:22 INFO reduce.InMemoryMapOutput: Read 110 bytes from map-output for attempt_local1220839742_0026_m_000000_0
26/03/02 03:33:22 INFO reduce.MergeManagerImpl: closeInMemoryFile -> map-output of size: 110, inMemoryMapOutputs.size() -> 1, commitMemory -> 0, usedMemory ->110
26/03/02 03:33:22 INFO reduce.EventFetcher: EventFetcher is interrupted.. Returning
26/03/02 03:33:22 INFO mapred.LocalJobRunner: 1 / 1 copied.
26/03/02 03:33:22 INFO reduce.MergeManagerImpl: finalMerge called with 1 in-memory map-outputs and 0 on-disk map-outputs
26/03/02 03:33:22 INFO mapred.Merger: Merging 1 sorted segments
26/03/02 03:33:22 INFO mapred.Merger: Down to the last merge-pass, with 1 segments left of total size: 104 bytes
26/03/02 03:33:22 INFO reduce.MergeManagerImpl: Merged 1 segments, 110 bytes to disk to satisfy reduce memory limit
26/03/02 03:33:22 INFO reduce.MergeManagerImpl: Merging 1 files, 114 bytes from disk
26/03/02 03:33:22 INFO reduce.MergeManagerImpl: Merging 0 segments, 0 bytes from memory into reduce
26/03/02 03:33:22 INFO mapred.Merger: Merging 1 sorted segments
26/03/02 03:33:22 INFO mapred.Merger: Down to the last merge-pass, with 1 segments left of total size: 104 bytes
26/03/02 03:33:22 INFO mapred.LocalJobRunner: 1 / 1 copied.
26/03/02 03:33:22 INFO mapred.Task: Task:attempt_local1220839742_0026_r_000001_0 is done. And is in the process of committing
26/03/02 03:33:22 INFO mapred.LocalJobRunner: 1 / 1 copied.
26/03/02 03:33:22 INFO mapred.Task: Task attempt_local1220839742_0026_r_000001_0 is allowed to commit now
26/03/02 03:33:22 INFO output.FileOutputCommitter: Saved output of task 'attempt_local1220839742_0026_r_000001_0' to hdfs://localhost:9000/project2/task2/runs_report_plus/k8_r30_opt/iter_26/_temporary/0/task_local1220839742_0026_r_000001
26/03/02 03:33:22 INFO mapred.LocalJobRunner: reduce > reduce
26/03/02 03:33:22 INFO mapred.Task: Task 'attempt_local1220839742_0026_r_000001_0' done.
26/03/02 03:33:22 INFO mapred.Task: Final Counters for attempt_local1220839742_0026_r_000001_0: Counters: 29
	File System Counters
		FILE: Number of bytes read=3809938
		FILE: Number of bytes written=11491824
		FILE: Number of read operations=0
		FILE: Number of large read operations=0
		FILE: Number of write operations=0
		HDFS: Number of bytes read=19165419
		HDFS: Number of bytes written=36408
		HDFS: Number of read operations=1427
		HDFS: Number of large read operations=0
		HDFS: Number of write operations=460
	Map-Reduce Framework
		Combine input records=0
		Combine output records=0
		Reduce input groups=2
		Reduce shuffle bytes=114
		Reduce input records=2
		Reduce output records=2
		Spilled Records=2
		Shuffled Maps =1
		Failed Shuffles=0
		Merged Map outputs=1
		GC time elapsed (ms)=0
		Total committed heap usage (bytes)=478674944
	Shuffle Errors
		BAD_ID=0
		CONNECTION=0
		IO_ERROR=0
		WRONG_LENGTH=0
		WRONG_MAP=0
		WRONG_REDUCE=0
	File Output Format Counters 
		Bytes Written=201
26/03/02 03:33:22 INFO mapred.LocalJobRunner: Finishing task: attempt_local1220839742_0026_r_000001_0
26/03/02 03:33:22 INFO mapred.LocalJobRunner: Starting task: attempt_local1220839742_0026_r_000002_0
26/03/02 03:33:22 INFO output.FileOutputCommitter: File Output Committer Algorithm version is 1
26/03/02 03:33:22 INFO mapred.Task:  Using ResourceCalculatorProcessTree : [ ]
26/03/02 03:33:22 INFO mapred.ReduceTask: Using ShuffleConsumerPlugin: org.apache.hadoop.mapreduce.task.reduce.Shuffle@94a4c83
26/03/02 03:33:22 INFO reduce.MergeManagerImpl: MergerManager: memoryLimit=335072448, maxSingleShuffleLimit=83768112, mergeThreshold=221147824, ioSortFactor=10, memToMemMergeOutputsThreshold=10
26/03/02 03:33:22 INFO reduce.EventFetcher: attempt_local1220839742_0026_r_000002_0 Thread started: EventFetcher for fetching Map Completion Events
26/03/02 03:33:22 INFO reduce.LocalFetcher: localfetcher#103 about to shuffle output of map attempt_local1220839742_0026_m_000000_0 decomp: 110 len: 114 to MEMORY
26/03/02 03:33:22 INFO reduce.InMemoryMapOutput: Read 110 bytes from map-output for attempt_local1220839742_0026_m_000000_0
26/03/02 03:33:22 INFO reduce.MergeManagerImpl: closeInMemoryFile -> map-output of size: 110, inMemoryMapOutputs.size() -> 1, commitMemory -> 0, usedMemory ->110
26/03/02 03:33:22 INFO reduce.EventFetcher: EventFetcher is interrupted.. Returning
26/03/02 03:33:22 INFO mapred.LocalJobRunner: 1 / 1 copied.
26/03/02 03:33:22 INFO reduce.MergeManagerImpl: finalMerge called with 1 in-memory map-outputs and 0 on-disk map-outputs
26/03/02 03:33:22 INFO mapred.Merger: Merging 1 sorted segments
26/03/02 03:33:22 INFO mapred.Merger: Down to the last merge-pass, with 1 segments left of total size: 104 bytes
26/03/02 03:33:22 INFO reduce.MergeManagerImpl: Merged 1 segments, 110 bytes to disk to satisfy reduce memory limit
26/03/02 03:33:22 INFO reduce.MergeManagerImpl: Merging 1 files, 114 bytes from disk
26/03/02 03:33:22 INFO reduce.MergeManagerImpl: Merging 0 segments, 0 bytes from memory into reduce
26/03/02 03:33:22 INFO mapred.Merger: Merging 1 sorted segments
26/03/02 03:33:22 INFO mapred.Merger: Down to the last merge-pass, with 1 segments left of total size: 104 bytes
26/03/02 03:33:22 INFO mapred.LocalJobRunner: 1 / 1 copied.
26/03/02 03:33:22 INFO mapred.Task: Task:attempt_local1220839742_0026_r_000002_0 is done. And is in the process of committing
26/03/02 03:33:22 INFO mapred.LocalJobRunner: 1 / 1 copied.
26/03/02 03:33:22 INFO mapred.Task: Task attempt_local1220839742_0026_r_000002_0 is allowed to commit now
26/03/02 03:33:22 INFO output.FileOutputCommitter: Saved output of task 'attempt_local1220839742_0026_r_000002_0' to hdfs://localhost:9000/project2/task2/runs_report_plus/k8_r30_opt/iter_26/_temporary/0/task_local1220839742_0026_r_000002
26/03/02 03:33:22 INFO mapred.LocalJobRunner: reduce > reduce
26/03/02 03:33:22 INFO mapred.Task: Task 'attempt_local1220839742_0026_r_000002_0' done.
26/03/02 03:33:22 INFO mapred.Task: Final Counters for attempt_local1220839742_0026_r_000002_0: Counters: 29
	File System Counters
		FILE: Number of bytes read=3810384
		FILE: Number of bytes written=11491938
		FILE: Number of read operations=0
		FILE: Number of large read operations=0
		FILE: Number of write operations=0
		HDFS: Number of bytes read=19165419
		HDFS: Number of bytes written=36613
		HDFS: Number of read operations=1430
		HDFS: Number of large read operations=0
		HDFS: Number of write operations=462
	Map-Reduce Framework
		Combine input records=0
		Combine output records=0
		Reduce input groups=2
		Reduce shuffle bytes=114
		Reduce input records=2
		Reduce output records=2
		Spilled Records=2
		Shuffled Maps =1
		Failed Shuffles=0
		Merged Map outputs=1
		GC time elapsed (ms)=0
		Total committed heap usage (bytes)=478674944
	Shuffle Errors
		BAD_ID=0
		CONNECTION=0
		IO_ERROR=0
		WRONG_LENGTH=0
		WRONG_MAP=0
		WRONG_REDUCE=0
	File Output Format Counters 
		Bytes Written=205
26/03/02 03:33:22 INFO mapred.LocalJobRunner: Finishing task: attempt_local1220839742_0026_r_000002_0
26/03/02 03:33:22 INFO mapred.LocalJobRunner: Starting task: attempt_local1220839742_0026_r_000003_0
26/03/02 03:33:22 INFO output.FileOutputCommitter: File Output Committer Algorithm version is 1
26/03/02 03:33:22 INFO mapred.Task:  Using ResourceCalculatorProcessTree : [ ]
26/03/02 03:33:22 INFO mapred.ReduceTask: Using ShuffleConsumerPlugin: org.apache.hadoop.mapreduce.task.reduce.Shuffle@7e1c129a
26/03/02 03:33:22 INFO reduce.MergeManagerImpl: MergerManager: memoryLimit=335072448, maxSingleShuffleLimit=83768112, mergeThreshold=221147824, ioSortFactor=10, memToMemMergeOutputsThreshold=10
26/03/02 03:33:22 INFO reduce.EventFetcher: attempt_local1220839742_0026_r_000003_0 Thread started: EventFetcher for fetching Map Completion Events
26/03/02 03:33:22 INFO reduce.LocalFetcher: localfetcher#104 about to shuffle output of map attempt_local1220839742_0026_m_000000_0 decomp: 110 len: 114 to MEMORY
26/03/02 03:33:22 INFO reduce.InMemoryMapOutput: Read 110 bytes from map-output for attempt_local1220839742_0026_m_000000_0
26/03/02 03:33:22 INFO reduce.MergeManagerImpl: closeInMemoryFile -> map-output of size: 110, inMemoryMapOutputs.size() -> 1, commitMemory -> 0, usedMemory ->110
26/03/02 03:33:22 WARN io.ReadaheadPool: Failed readahead on ifile
EBADF: Bad file descriptor
	at org.apache.hadoop.io.nativeio.NativeIO$POSIX.posix_fadvise(Native Method)
	at org.apache.hadoop.io.nativeio.NativeIO$POSIX.posixFadviseIfPossible(NativeIO.java:267)
	at org.apache.hadoop.io.nativeio.NativeIO$POSIX$CacheManipulator.posixFadviseIfPossible(NativeIO.java:146)
	at org.apache.hadoop.io.ReadaheadPool$ReadaheadRequestImpl.run(ReadaheadPool.java:206)
	at java.util.concurrent.ThreadPoolExecutor.runWorker(ThreadPoolExecutor.java:1149)
	at java.util.concurrent.ThreadPoolExecutor$Worker.run(ThreadPoolExecutor.java:624)
	at java.lang.Thread.run(Thread.java:748)
26/03/02 03:33:22 INFO reduce.EventFetcher: EventFetcher is interrupted.. Returning
26/03/02 03:33:22 INFO mapred.LocalJobRunner: 1 / 1 copied.
26/03/02 03:33:22 INFO reduce.MergeManagerImpl: finalMerge called with 1 in-memory map-outputs and 0 on-disk map-outputs
26/03/02 03:33:22 INFO mapred.Merger: Merging 1 sorted segments
26/03/02 03:33:22 INFO mapred.Merger: Down to the last merge-pass, with 1 segments left of total size: 104 bytes
26/03/02 03:33:22 INFO reduce.MergeManagerImpl: Merged 1 segments, 110 bytes to disk to satisfy reduce memory limit
26/03/02 03:33:22 INFO reduce.MergeManagerImpl: Merging 1 files, 114 bytes from disk
26/03/02 03:33:22 INFO reduce.MergeManagerImpl: Merging 0 segments, 0 bytes from memory into reduce
26/03/02 03:33:22 INFO mapred.Merger: Merging 1 sorted segments
26/03/02 03:33:22 INFO mapred.Merger: Down to the last merge-pass, with 1 segments left of total size: 104 bytes
26/03/02 03:33:22 INFO mapred.LocalJobRunner: 1 / 1 copied.
26/03/02 03:33:22 INFO mapred.Task: Task:attempt_local1220839742_0026_r_000003_0 is done. And is in the process of committing
26/03/02 03:33:22 INFO mapred.LocalJobRunner: 1 / 1 copied.
26/03/02 03:33:22 INFO mapred.Task: Task attempt_local1220839742_0026_r_000003_0 is allowed to commit now
26/03/02 03:33:22 INFO output.FileOutputCommitter: Saved output of task 'attempt_local1220839742_0026_r_000003_0' to hdfs://localhost:9000/project2/task2/runs_report_plus/k8_r30_opt/iter_26/_temporary/0/task_local1220839742_0026_r_000003
26/03/02 03:33:22 INFO mapred.LocalJobRunner: reduce > reduce
26/03/02 03:33:22 INFO mapred.Task: Task 'attempt_local1220839742_0026_r_000003_0' done.
26/03/02 03:33:22 INFO mapred.Task: Final Counters for attempt_local1220839742_0026_r_000003_0: Counters: 29
	File System Counters
		FILE: Number of bytes read=3810716
		FILE: Number of bytes written=11492052
		FILE: Number of read operations=0
		FILE: Number of large read operations=0
		FILE: Number of write operations=0
		HDFS: Number of bytes read=19165419
		HDFS: Number of bytes written=36817
		HDFS: Number of read operations=1433
		HDFS: Number of large read operations=0
		HDFS: Number of write operations=464
	Map-Reduce Framework
		Combine input records=0
		Combine output records=0
		Reduce input groups=2
		Reduce shuffle bytes=114
		Reduce input records=2
		Reduce output records=2
		Spilled Records=2
		Shuffled Maps =1
		Failed Shuffles=0
		Merged Map outputs=1
		GC time elapsed (ms)=0
		Total committed heap usage (bytes)=478674944
	Shuffle Errors
		BAD_ID=0
		CONNECTION=0
		IO_ERROR=0
		WRONG_LENGTH=0
		WRONG_MAP=0
		WRONG_REDUCE=0
	File Output Format Counters 
		Bytes Written=204
26/03/02 03:33:22 INFO mapred.LocalJobRunner: Finishing task: attempt_local1220839742_0026_r_000003_0
26/03/02 03:33:22 INFO mapred.LocalJobRunner: reduce task executor complete.
26/03/02 03:33:23 INFO mapreduce.Job: Job job_local1220839742_0026 running in uber mode : false
26/03/02 03:33:23 INFO mapreduce.Job:  map 100% reduce 100%
26/03/02 03:33:23 INFO mapreduce.Job: Job job_local1220839742_0026 completed successfully
26/03/02 03:33:23 INFO mapreduce.Job: Counters: 35
	File System Counters
		FILE: Number of bytes read=19049120
		FILE: Number of bytes written=57459120
		FILE: Number of read operations=0
		FILE: Number of large read operations=0
		FILE: Number of write operations=0
		HDFS: Number of bytes read=95827095
		HDFS: Number of bytes written=182050
		HDFS: Number of read operations=7135
		HDFS: Number of large read operations=0
		HDFS: Number of write operations=2300
	Map-Reduce Framework
		Map input records=10000
		Map output records=10000
		Map output bytes=520000
		Map output materialized bytes=456
		Input split bytes=121
		Combine input records=10000
		Combine output records=8
		Reduce input groups=8
		Reduce shuffle bytes=456
		Reduce input records=8
		Reduce output records=8
		Spilled Records=16
		Shuffled Maps =4
		Failed Shuffles=0
		Merged Map outputs=4
		GC time elapsed (ms)=0
		Total committed heap usage (bytes)=2393374720
	Shuffle Errors
		BAD_ID=0
		CONNECTION=0
		IO_ERROR=0
		WRONG_LENGTH=0
		WRONG_MAP=0
		WRONG_REDUCE=0
	File Input Format Counters 
		Bytes Read=733758
	File Output Format Counters 
		Bytes Written=812
26/03/02 03:33:23 INFO jvm.JvmMetrics: Cannot initialize JVM Metrics with processName=JobTracker, sessionId= - already initialized
26/03/02 03:33:23 WARN mapreduce.JobResourceUploader: Hadoop command-line option parsing not performed. Implement the Tool interface and execute your application with ToolRunner to remedy this.
26/03/02 03:33:23 INFO input.FileInputFormat: Total input paths to process : 1
26/03/02 03:33:23 INFO mapreduce.JobSubmitter: number of splits:1
26/03/02 03:33:23 INFO mapreduce.JobSubmitter: Submitting tokens for job: job_local298394102_0027
26/03/02 03:33:23 INFO mapred.LocalDistributedCacheManager: Creating symlink: /tmp/hadoop-ds503/mapred/local/1772422403098/centers_iter_26.csv <- /home/ds503/centers_iter_26.csv
26/03/02 03:33:23 INFO mapred.LocalDistributedCacheManager: Localized hdfs://localhost:9000/project2/task2/runs_report_plus/k8_r30_opt/centers_iter_26.csv as file:/tmp/hadoop-ds503/mapred/local/1772422403098/centers_iter_26.csv
26/03/02 03:33:23 INFO mapreduce.Job: The url to track the job: http://localhost:8080/
26/03/02 03:33:23 INFO mapreduce.Job: Running job: job_local298394102_0027
26/03/02 03:33:23 INFO mapred.LocalJobRunner: OutputCommitter set in config null
26/03/02 03:33:23 INFO output.FileOutputCommitter: File Output Committer Algorithm version is 1
26/03/02 03:33:23 INFO mapred.LocalJobRunner: OutputCommitter is org.apache.hadoop.mapreduce.lib.output.FileOutputCommitter
26/03/02 03:33:23 INFO mapred.LocalJobRunner: Waiting for map tasks
26/03/02 03:33:23 INFO mapred.LocalJobRunner: Starting task: attempt_local298394102_0027_m_000000_0
26/03/02 03:33:23 INFO output.FileOutputCommitter: File Output Committer Algorithm version is 1
26/03/02 03:33:23 INFO mapred.Task:  Using ResourceCalculatorProcessTree : [ ]
26/03/02 03:33:23 INFO mapred.MapTask: Processing split: hdfs://localhost:9000/project2/task2/input/points_4d.csv:0+733758
26/03/02 03:33:23 INFO mapred.MapTask: (EQUATOR) 0 kvi 26214396(104857584)
26/03/02 03:33:23 INFO mapred.MapTask: mapreduce.task.io.sort.mb: 100
26/03/02 03:33:23 INFO mapred.MapTask: soft limit at 83886080
26/03/02 03:33:23 INFO mapred.MapTask: bufstart = 0; bufvoid = 104857600
26/03/02 03:33:23 INFO mapred.MapTask: kvstart = 26214396; length = 6553600
26/03/02 03:33:23 INFO mapred.MapTask: Map output collector class = org.apache.hadoop.mapred.MapTask$MapOutputBuffer
26/03/02 03:33:23 INFO mapred.LocalJobRunner: 
26/03/02 03:33:23 INFO mapred.MapTask: Starting flush of map output
26/03/02 03:33:23 INFO mapred.MapTask: Spilling map output
26/03/02 03:33:23 INFO mapred.MapTask: bufstart = 0; bufend = 520000; bufvoid = 104857600
26/03/02 03:33:23 INFO mapred.MapTask: kvstart = 26214396(104857584); kvend = 26174400(104697600); length = 39997/6553600
26/03/02 03:33:23 INFO mapred.MapTask: Finished spill 0
26/03/02 03:33:23 INFO mapred.Task: Task:attempt_local298394102_0027_m_000000_0 is done. And is in the process of committing
26/03/02 03:33:23 INFO mapred.LocalJobRunner: map
26/03/02 03:33:23 INFO mapred.Task: Task 'attempt_local298394102_0027_m_000000_0' done.
26/03/02 03:33:23 INFO mapred.Task: Final Counters for attempt_local298394102_0027_m_000000_0: Counters: 23
	File System Counters
		FILE: Number of bytes read=3955270
		FILE: Number of bytes written=11932925
		FILE: Number of read operations=0
		FILE: Number of large read operations=0
		FILE: Number of write operations=0
		HDFS: Number of bytes read=19902609
		HDFS: Number of bytes written=37418
		HDFS: Number of read operations=1477
		HDFS: Number of large read operations=0
		HDFS: Number of write operations=474
	Map-Reduce Framework
		Map input records=10000
		Map output records=10000
		Map output bytes=520000
		Map output materialized bytes=456
		Input split bytes=121
		Combine input records=10000
		Combine output records=8
		Spilled Records=8
		Failed Shuffles=0
		Merged Map outputs=0
		GC time elapsed (ms)=2
		Total committed heap usage (bytes)=527433728
	File Input Format Counters 
		Bytes Read=733758
26/03/02 03:33:23 INFO mapred.LocalJobRunner: Finishing task: attempt_local298394102_0027_m_000000_0
26/03/02 03:33:23 INFO mapred.LocalJobRunner: map task executor complete.
26/03/02 03:33:23 INFO mapred.LocalJobRunner: Waiting for reduce tasks
26/03/02 03:33:23 INFO mapred.LocalJobRunner: Starting task: attempt_local298394102_0027_r_000000_0
26/03/02 03:33:23 INFO output.FileOutputCommitter: File Output Committer Algorithm version is 1
26/03/02 03:33:23 INFO mapred.Task:  Using ResourceCalculatorProcessTree : [ ]
26/03/02 03:33:23 INFO mapred.ReduceTask: Using ShuffleConsumerPlugin: org.apache.hadoop.mapreduce.task.reduce.Shuffle@4dec257f
26/03/02 03:33:23 INFO reduce.MergeManagerImpl: MergerManager: memoryLimit=369203616, maxSingleShuffleLimit=92300904, mergeThreshold=243674400, ioSortFactor=10, memToMemMergeOutputsThreshold=10
26/03/02 03:33:23 INFO reduce.EventFetcher: attempt_local298394102_0027_r_000000_0 Thread started: EventFetcher for fetching Map Completion Events
26/03/02 03:33:23 INFO reduce.LocalFetcher: localfetcher#105 about to shuffle output of map attempt_local298394102_0027_m_000000_0 decomp: 110 len: 114 to MEMORY
26/03/02 03:33:23 INFO reduce.InMemoryMapOutput: Read 110 bytes from map-output for attempt_local298394102_0027_m_000000_0
26/03/02 03:33:23 INFO reduce.MergeManagerImpl: closeInMemoryFile -> map-output of size: 110, inMemoryMapOutputs.size() -> 1, commitMemory -> 0, usedMemory ->110
26/03/02 03:33:23 WARN io.ReadaheadPool: Failed readahead on ifile
EBADF: Bad file descriptor
	at org.apache.hadoop.io.nativeio.NativeIO$POSIX.posix_fadvise(Native Method)
	at org.apache.hadoop.io.nativeio.NativeIO$POSIX.posixFadviseIfPossible(NativeIO.java:267)
	at org.apache.hadoop.io.nativeio.NativeIO$POSIX$CacheManipulator.posixFadviseIfPossible(NativeIO.java:146)
	at org.apache.hadoop.io.ReadaheadPool$ReadaheadRequestImpl.run(ReadaheadPool.java:206)
	at java.util.concurrent.ThreadPoolExecutor.runWorker(ThreadPoolExecutor.java:1149)
	at java.util.concurrent.ThreadPoolExecutor$Worker.run(ThreadPoolExecutor.java:624)
	at java.lang.Thread.run(Thread.java:748)
26/03/02 03:33:23 INFO reduce.EventFetcher: EventFetcher is interrupted.. Returning
26/03/02 03:33:23 INFO mapred.LocalJobRunner: 1 / 1 copied.
26/03/02 03:33:23 INFO reduce.MergeManagerImpl: finalMerge called with 1 in-memory map-outputs and 0 on-disk map-outputs
26/03/02 03:33:23 INFO mapred.Merger: Merging 1 sorted segments
26/03/02 03:33:23 INFO mapred.Merger: Down to the last merge-pass, with 1 segments left of total size: 104 bytes
26/03/02 03:33:23 INFO reduce.MergeManagerImpl: Merged 1 segments, 110 bytes to disk to satisfy reduce memory limit
26/03/02 03:33:23 INFO reduce.MergeManagerImpl: Merging 1 files, 114 bytes from disk
26/03/02 03:33:23 INFO reduce.MergeManagerImpl: Merging 0 segments, 0 bytes from memory into reduce
26/03/02 03:33:23 INFO mapred.Merger: Merging 1 sorted segments
26/03/02 03:33:23 INFO mapred.Merger: Down to the last merge-pass, with 1 segments left of total size: 104 bytes
26/03/02 03:33:23 INFO mapred.LocalJobRunner: 1 / 1 copied.
26/03/02 03:33:23 INFO mapred.Task: Task:attempt_local298394102_0027_r_000000_0 is done. And is in the process of committing
26/03/02 03:33:23 INFO mapred.LocalJobRunner: 1 / 1 copied.
26/03/02 03:33:23 INFO mapred.Task: Task attempt_local298394102_0027_r_000000_0 is allowed to commit now
26/03/02 03:33:23 INFO output.FileOutputCommitter: Saved output of task 'attempt_local298394102_0027_r_000000_0' to hdfs://localhost:9000/project2/task2/runs_report_plus/k8_r30_opt/iter_27/_temporary/0/task_local298394102_0027_r_000000
26/03/02 03:33:23 INFO mapred.LocalJobRunner: reduce > reduce
26/03/02 03:33:23 INFO mapred.Task: Task 'attempt_local298394102_0027_r_000000_0' done.
26/03/02 03:33:23 INFO mapred.Task: Final Counters for attempt_local298394102_0027_r_000000_0: Counters: 29
	File System Counters
		FILE: Number of bytes read=3955944
		FILE: Number of bytes written=11933039
		FILE: Number of read operations=0
		FILE: Number of large read operations=0
		FILE: Number of write operations=0
		HDFS: Number of bytes read=19902609
		HDFS: Number of bytes written=37621
		HDFS: Number of read operations=1480
		HDFS: Number of large read operations=0
		HDFS: Number of write operations=476
	Map-Reduce Framework
		Combine input records=0
		Combine output records=0
		Reduce input groups=2
		Reduce shuffle bytes=114
		Reduce input records=2
		Reduce output records=2
		Spilled Records=2
		Shuffled Maps =1
		Failed Shuffles=0
		Merged Map outputs=1
		GC time elapsed (ms)=0
		Total committed heap usage (bytes)=527433728
	Shuffle Errors
		BAD_ID=0
		CONNECTION=0
		IO_ERROR=0
		WRONG_LENGTH=0
		WRONG_MAP=0
		WRONG_REDUCE=0
	File Output Format Counters 
		Bytes Written=203
26/03/02 03:33:23 INFO mapred.LocalJobRunner: Finishing task: attempt_local298394102_0027_r_000000_0
26/03/02 03:33:23 INFO mapred.LocalJobRunner: Starting task: attempt_local298394102_0027_r_000001_0
26/03/02 03:33:23 INFO output.FileOutputCommitter: File Output Committer Algorithm version is 1
26/03/02 03:33:23 INFO mapred.Task:  Using ResourceCalculatorProcessTree : [ ]
26/03/02 03:33:23 INFO mapred.ReduceTask: Using ShuffleConsumerPlugin: org.apache.hadoop.mapreduce.task.reduce.Shuffle@2e7dd269
26/03/02 03:33:23 INFO reduce.MergeManagerImpl: MergerManager: memoryLimit=369203616, maxSingleShuffleLimit=92300904, mergeThreshold=243674400, ioSortFactor=10, memToMemMergeOutputsThreshold=10
26/03/02 03:33:23 INFO reduce.EventFetcher: attempt_local298394102_0027_r_000001_0 Thread started: EventFetcher for fetching Map Completion Events
26/03/02 03:33:23 INFO reduce.LocalFetcher: localfetcher#106 about to shuffle output of map attempt_local298394102_0027_m_000000_0 decomp: 110 len: 114 to MEMORY
26/03/02 03:33:23 INFO reduce.InMemoryMapOutput: Read 110 bytes from map-output for attempt_local298394102_0027_m_000000_0
26/03/02 03:33:23 INFO reduce.MergeManagerImpl: closeInMemoryFile -> map-output of size: 110, inMemoryMapOutputs.size() -> 1, commitMemory -> 0, usedMemory ->110
26/03/02 03:33:23 INFO reduce.EventFetcher: EventFetcher is interrupted.. Returning
26/03/02 03:33:23 INFO mapred.LocalJobRunner: 1 / 1 copied.
26/03/02 03:33:23 INFO reduce.MergeManagerImpl: finalMerge called with 1 in-memory map-outputs and 0 on-disk map-outputs
26/03/02 03:33:23 INFO mapred.Merger: Merging 1 sorted segments
26/03/02 03:33:23 INFO mapred.Merger: Down to the last merge-pass, with 1 segments left of total size: 104 bytes
26/03/02 03:33:23 INFO reduce.MergeManagerImpl: Merged 1 segments, 110 bytes to disk to satisfy reduce memory limit
26/03/02 03:33:23 INFO reduce.MergeManagerImpl: Merging 1 files, 114 bytes from disk
26/03/02 03:33:23 INFO reduce.MergeManagerImpl: Merging 0 segments, 0 bytes from memory into reduce
26/03/02 03:33:23 INFO mapred.Merger: Merging 1 sorted segments
26/03/02 03:33:23 INFO mapred.Merger: Down to the last merge-pass, with 1 segments left of total size: 104 bytes
26/03/02 03:33:23 INFO mapred.LocalJobRunner: 1 / 1 copied.
26/03/02 03:33:23 INFO mapred.Task: Task:attempt_local298394102_0027_r_000001_0 is done. And is in the process of committing
26/03/02 03:33:23 INFO mapred.LocalJobRunner: 1 / 1 copied.
26/03/02 03:33:23 INFO mapred.Task: Task attempt_local298394102_0027_r_000001_0 is allowed to commit now
26/03/02 03:33:23 INFO output.FileOutputCommitter: Saved output of task 'attempt_local298394102_0027_r_000001_0' to hdfs://localhost:9000/project2/task2/runs_report_plus/k8_r30_opt/iter_27/_temporary/0/task_local298394102_0027_r_000001
26/03/02 03:33:23 INFO mapred.LocalJobRunner: reduce > reduce
26/03/02 03:33:23 INFO mapred.Task: Task 'attempt_local298394102_0027_r_000001_0' done.
26/03/02 03:33:23 INFO mapred.Task: Final Counters for attempt_local298394102_0027_r_000001_0: Counters: 29
	File System Counters
		FILE: Number of bytes read=3956504
		FILE: Number of bytes written=11933153
		FILE: Number of read operations=0
		FILE: Number of large read operations=0
		FILE: Number of write operations=0
		HDFS: Number of bytes read=19902609
		HDFS: Number of bytes written=37824
		HDFS: Number of read operations=1483
		HDFS: Number of large read operations=0
		HDFS: Number of write operations=478
	Map-Reduce Framework
		Combine input records=0
		Combine output records=0
		Reduce input groups=2
		Reduce shuffle bytes=114
		Reduce input records=2
		Reduce output records=2
		Spilled Records=2
		Shuffled Maps =1
		Failed Shuffles=0
		Merged Map outputs=1
		GC time elapsed (ms)=0
		Total committed heap usage (bytes)=527433728
	Shuffle Errors
		BAD_ID=0
		CONNECTION=0
		IO_ERROR=0
		WRONG_LENGTH=0
		WRONG_MAP=0
		WRONG_REDUCE=0
	File Output Format Counters 
		Bytes Written=203
26/03/02 03:33:23 INFO mapred.LocalJobRunner: Finishing task: attempt_local298394102_0027_r_000001_0
26/03/02 03:33:23 INFO mapred.LocalJobRunner: Starting task: attempt_local298394102_0027_r_000002_0
26/03/02 03:33:23 INFO output.FileOutputCommitter: File Output Committer Algorithm version is 1
26/03/02 03:33:23 INFO mapred.Task:  Using ResourceCalculatorProcessTree : [ ]
26/03/02 03:33:23 INFO mapred.ReduceTask: Using ShuffleConsumerPlugin: org.apache.hadoop.mapreduce.task.reduce.Shuffle@56dfef14
26/03/02 03:33:23 INFO reduce.MergeManagerImpl: MergerManager: memoryLimit=369203616, maxSingleShuffleLimit=92300904, mergeThreshold=243674400, ioSortFactor=10, memToMemMergeOutputsThreshold=10
26/03/02 03:33:23 INFO reduce.EventFetcher: attempt_local298394102_0027_r_000002_0 Thread started: EventFetcher for fetching Map Completion Events
26/03/02 03:33:23 INFO reduce.LocalFetcher: localfetcher#107 about to shuffle output of map attempt_local298394102_0027_m_000000_0 decomp: 110 len: 114 to MEMORY
26/03/02 03:33:23 INFO reduce.InMemoryMapOutput: Read 110 bytes from map-output for attempt_local298394102_0027_m_000000_0
26/03/02 03:33:23 INFO reduce.MergeManagerImpl: closeInMemoryFile -> map-output of size: 110, inMemoryMapOutputs.size() -> 1, commitMemory -> 0, usedMemory ->110
26/03/02 03:33:23 INFO reduce.EventFetcher: EventFetcher is interrupted.. Returning
26/03/02 03:33:23 INFO mapred.LocalJobRunner: 1 / 1 copied.
26/03/02 03:33:23 INFO reduce.MergeManagerImpl: finalMerge called with 1 in-memory map-outputs and 0 on-disk map-outputs
26/03/02 03:33:23 INFO mapred.Merger: Merging 1 sorted segments
26/03/02 03:33:23 INFO mapred.Merger: Down to the last merge-pass, with 1 segments left of total size: 104 bytes
26/03/02 03:33:23 INFO reduce.MergeManagerImpl: Merged 1 segments, 110 bytes to disk to satisfy reduce memory limit
26/03/02 03:33:23 INFO reduce.MergeManagerImpl: Merging 1 files, 114 bytes from disk
26/03/02 03:33:23 INFO reduce.MergeManagerImpl: Merging 0 segments, 0 bytes from memory into reduce
26/03/02 03:33:23 INFO mapred.Merger: Merging 1 sorted segments
26/03/02 03:33:23 INFO mapred.Merger: Down to the last merge-pass, with 1 segments left of total size: 104 bytes
26/03/02 03:33:23 INFO mapred.LocalJobRunner: 1 / 1 copied.
26/03/02 03:33:23 INFO mapred.Task: Task:attempt_local298394102_0027_r_000002_0 is done. And is in the process of committing
26/03/02 03:33:23 INFO mapred.LocalJobRunner: 1 / 1 copied.
26/03/02 03:33:23 INFO mapred.Task: Task attempt_local298394102_0027_r_000002_0 is allowed to commit now
26/03/02 03:33:23 INFO output.FileOutputCommitter: Saved output of task 'attempt_local298394102_0027_r_000002_0' to hdfs://localhost:9000/project2/task2/runs_report_plus/k8_r30_opt/iter_27/_temporary/0/task_local298394102_0027_r_000002
26/03/02 03:33:23 INFO mapred.LocalJobRunner: reduce > reduce
26/03/02 03:33:23 INFO mapred.Task: Task 'attempt_local298394102_0027_r_000002_0' done.
26/03/02 03:33:23 INFO mapred.Task: Final Counters for attempt_local298394102_0027_r_000002_0: Counters: 29
	File System Counters
		FILE: Number of bytes read=3956950
		FILE: Number of bytes written=11933267
		FILE: Number of read operations=0
		FILE: Number of large read operations=0
		FILE: Number of write operations=0
		HDFS: Number of bytes read=19902609
		HDFS: Number of bytes written=38023
		HDFS: Number of read operations=1486
		HDFS: Number of large read operations=0
		HDFS: Number of write operations=480
	Map-Reduce Framework
		Combine input records=0
		Combine output records=0
		Reduce input groups=2
		Reduce shuffle bytes=114
		Reduce input records=2
		Reduce output records=2
		Spilled Records=2
		Shuffled Maps =1
		Failed Shuffles=0
		Merged Map outputs=1
		GC time elapsed (ms)=0
		Total committed heap usage (bytes)=527433728
	Shuffle Errors
		BAD_ID=0
		CONNECTION=0
		IO_ERROR=0
		WRONG_LENGTH=0
		WRONG_MAP=0
		WRONG_REDUCE=0
	File Output Format Counters 
		Bytes Written=199
26/03/02 03:33:23 INFO mapred.LocalJobRunner: Finishing task: attempt_local298394102_0027_r_000002_0
26/03/02 03:33:23 INFO mapred.LocalJobRunner: Starting task: attempt_local298394102_0027_r_000003_0
26/03/02 03:33:23 INFO output.FileOutputCommitter: File Output Committer Algorithm version is 1
26/03/02 03:33:23 INFO mapred.Task:  Using ResourceCalculatorProcessTree : [ ]
26/03/02 03:33:23 INFO mapred.ReduceTask: Using ShuffleConsumerPlugin: org.apache.hadoop.mapreduce.task.reduce.Shuffle@22975f72
26/03/02 03:33:23 INFO reduce.MergeManagerImpl: MergerManager: memoryLimit=369203616, maxSingleShuffleLimit=92300904, mergeThreshold=243674400, ioSortFactor=10, memToMemMergeOutputsThreshold=10
26/03/02 03:33:23 INFO reduce.EventFetcher: attempt_local298394102_0027_r_000003_0 Thread started: EventFetcher for fetching Map Completion Events
26/03/02 03:33:23 INFO reduce.LocalFetcher: localfetcher#108 about to shuffle output of map attempt_local298394102_0027_m_000000_0 decomp: 110 len: 114 to MEMORY
26/03/02 03:33:23 INFO reduce.InMemoryMapOutput: Read 110 bytes from map-output for attempt_local298394102_0027_m_000000_0
26/03/02 03:33:23 INFO reduce.MergeManagerImpl: closeInMemoryFile -> map-output of size: 110, inMemoryMapOutputs.size() -> 1, commitMemory -> 0, usedMemory ->110
26/03/02 03:33:23 INFO reduce.EventFetcher: EventFetcher is interrupted.. Returning
26/03/02 03:33:23 INFO mapred.LocalJobRunner: 1 / 1 copied.
26/03/02 03:33:23 INFO reduce.MergeManagerImpl: finalMerge called with 1 in-memory map-outputs and 0 on-disk map-outputs
26/03/02 03:33:23 INFO mapred.Merger: Merging 1 sorted segments
26/03/02 03:33:23 INFO mapred.Merger: Down to the last merge-pass, with 1 segments left of total size: 104 bytes
26/03/02 03:33:23 INFO reduce.MergeManagerImpl: Merged 1 segments, 110 bytes to disk to satisfy reduce memory limit
26/03/02 03:33:23 INFO reduce.MergeManagerImpl: Merging 1 files, 114 bytes from disk
26/03/02 03:33:23 INFO reduce.MergeManagerImpl: Merging 0 segments, 0 bytes from memory into reduce
26/03/02 03:33:23 INFO mapred.Merger: Merging 1 sorted segments
26/03/02 03:33:23 INFO mapred.Merger: Down to the last merge-pass, with 1 segments left of total size: 104 bytes
26/03/02 03:33:23 INFO mapred.LocalJobRunner: 1 / 1 copied.
26/03/02 03:33:23 INFO mapred.Task: Task:attempt_local298394102_0027_r_000003_0 is done. And is in the process of committing
26/03/02 03:33:23 INFO mapred.LocalJobRunner: 1 / 1 copied.
26/03/02 03:33:23 INFO mapred.Task: Task attempt_local298394102_0027_r_000003_0 is allowed to commit now
26/03/02 03:33:23 INFO output.FileOutputCommitter: Saved output of task 'attempt_local298394102_0027_r_000003_0' to hdfs://localhost:9000/project2/task2/runs_report_plus/k8_r30_opt/iter_27/_temporary/0/task_local298394102_0027_r_000003
26/03/02 03:33:23 INFO mapred.LocalJobRunner: reduce > reduce
26/03/02 03:33:23 INFO mapred.Task: Task 'attempt_local298394102_0027_r_000003_0' done.
26/03/02 03:33:23 INFO mapred.Task: Final Counters for attempt_local298394102_0027_r_000003_0: Counters: 29
	File System Counters
		FILE: Number of bytes read=3957282
		FILE: Number of bytes written=11933381
		FILE: Number of read operations=0
		FILE: Number of large read operations=0
		FILE: Number of write operations=0
		HDFS: Number of bytes read=19902609
		HDFS: Number of bytes written=38227
		HDFS: Number of read operations=1489
		HDFS: Number of large read operations=0
		HDFS: Number of write operations=482
	Map-Reduce Framework
		Combine input records=0
		Combine output records=0
		Reduce input groups=2
		Reduce shuffle bytes=114
		Reduce input records=2
		Reduce output records=2
		Spilled Records=2
		Shuffled Maps =1
		Failed Shuffles=0
		Merged Map outputs=1
		GC time elapsed (ms)=0
		Total committed heap usage (bytes)=527433728
	Shuffle Errors
		BAD_ID=0
		CONNECTION=0
		IO_ERROR=0
		WRONG_LENGTH=0
		WRONG_MAP=0
		WRONG_REDUCE=0
	File Output Format Counters 
		Bytes Written=204
26/03/02 03:33:23 INFO mapred.LocalJobRunner: Finishing task: attempt_local298394102_0027_r_000003_0
26/03/02 03:33:23 INFO mapred.LocalJobRunner: reduce task executor complete.
26/03/02 03:33:24 INFO mapreduce.Job: Job job_local298394102_0027 running in uber mode : false
26/03/02 03:33:24 INFO mapreduce.Job:  map 100% reduce 100%
26/03/02 03:33:24 INFO mapreduce.Job: Job job_local298394102_0027 completed successfully
26/03/02 03:33:24 INFO mapreduce.Job: Counters: 35
	File System Counters
		FILE: Number of bytes read=19781950
		FILE: Number of bytes written=59665765
		FILE: Number of read operations=0
		FILE: Number of large read operations=0
		FILE: Number of write operations=0
		HDFS: Number of bytes read=99513045
		HDFS: Number of bytes written=189113
		HDFS: Number of read operations=7415
		HDFS: Number of large read operations=0
		HDFS: Number of write operations=2390
	Map-Reduce Framework
		Map input records=10000
		Map output records=10000
		Map output bytes=520000
		Map output materialized bytes=456
		Input split bytes=121
		Combine input records=10000
		Combine output records=8
		Reduce input groups=8
		Reduce shuffle bytes=456
		Reduce input records=8
		Reduce output records=8
		Spilled Records=16
		Shuffled Maps =4
		Failed Shuffles=0
		Merged Map outputs=4
		GC time elapsed (ms)=2
		Total committed heap usage (bytes)=2637168640
	Shuffle Errors
		BAD_ID=0
		CONNECTION=0
		IO_ERROR=0
		WRONG_LENGTH=0
		WRONG_MAP=0
		WRONG_REDUCE=0
	File Input Format Counters 
		Bytes Read=733758
	File Output Format Counters 
		Bytes Written=809
26/03/02 03:33:24 INFO jvm.JvmMetrics: Cannot initialize JVM Metrics with processName=JobTracker, sessionId= - already initialized
26/03/02 03:33:24 WARN mapreduce.JobResourceUploader: Hadoop command-line option parsing not performed. Implement the Tool interface and execute your application with ToolRunner to remedy this.
26/03/02 03:33:24 INFO input.FileInputFormat: Total input paths to process : 1
26/03/02 03:33:24 INFO mapreduce.JobSubmitter: number of splits:1
26/03/02 03:33:24 INFO mapreduce.JobSubmitter: Submitting tokens for job: job_local1564102864_0028
26/03/02 03:33:24 INFO mapred.LocalDistributedCacheManager: Creating symlink: /tmp/hadoop-ds503/mapred/local/1772422404576/centers_iter_27.csv <- /home/ds503/centers_iter_27.csv
26/03/02 03:33:24 INFO mapred.LocalDistributedCacheManager: Localized hdfs://localhost:9000/project2/task2/runs_report_plus/k8_r30_opt/centers_iter_27.csv as file:/tmp/hadoop-ds503/mapred/local/1772422404576/centers_iter_27.csv
26/03/02 03:33:24 INFO mapreduce.Job: The url to track the job: http://localhost:8080/
26/03/02 03:33:24 INFO mapreduce.Job: Running job: job_local1564102864_0028
26/03/02 03:33:24 INFO mapred.LocalJobRunner: OutputCommitter set in config null
26/03/02 03:33:24 INFO output.FileOutputCommitter: File Output Committer Algorithm version is 1
26/03/02 03:33:24 INFO mapred.LocalJobRunner: OutputCommitter is org.apache.hadoop.mapreduce.lib.output.FileOutputCommitter
26/03/02 03:33:24 INFO mapred.LocalJobRunner: Waiting for map tasks
26/03/02 03:33:24 INFO mapred.LocalJobRunner: Starting task: attempt_local1564102864_0028_m_000000_0
26/03/02 03:33:24 INFO output.FileOutputCommitter: File Output Committer Algorithm version is 1
26/03/02 03:33:24 INFO mapred.Task:  Using ResourceCalculatorProcessTree : [ ]
26/03/02 03:33:24 INFO mapred.MapTask: Processing split: hdfs://localhost:9000/project2/task2/input/points_4d.csv:0+733758
26/03/02 03:33:24 INFO mapred.MapTask: (EQUATOR) 0 kvi 26214396(104857584)
26/03/02 03:33:24 INFO mapred.MapTask: mapreduce.task.io.sort.mb: 100
26/03/02 03:33:24 INFO mapred.MapTask: soft limit at 83886080
26/03/02 03:33:24 INFO mapred.MapTask: bufstart = 0; bufvoid = 104857600
26/03/02 03:33:24 INFO mapred.MapTask: kvstart = 26214396; length = 6553600
26/03/02 03:33:24 INFO mapred.MapTask: Map output collector class = org.apache.hadoop.mapred.MapTask$MapOutputBuffer
26/03/02 03:33:24 INFO mapred.LocalJobRunner: 
26/03/02 03:33:24 INFO mapred.MapTask: Starting flush of map output
26/03/02 03:33:24 INFO mapred.MapTask: Spilling map output
26/03/02 03:33:24 INFO mapred.MapTask: bufstart = 0; bufend = 520000; bufvoid = 104857600
26/03/02 03:33:24 INFO mapred.MapTask: kvstart = 26214396(104857584); kvend = 26174400(104697600); length = 39997/6553600
26/03/02 03:33:24 INFO mapred.MapTask: Finished spill 0
26/03/02 03:33:24 INFO mapred.Task: Task:attempt_local1564102864_0028_m_000000_0 is done. And is in the process of committing
26/03/02 03:33:24 INFO mapred.LocalJobRunner: map
26/03/02 03:33:24 INFO mapred.Task: Task 'attempt_local1564102864_0028_m_000000_0' done.
26/03/02 03:33:24 INFO mapred.Task: Final Counters for attempt_local1564102864_0028_m_000000_0: Counters: 23
	File System Counters
		FILE: Number of bytes read=4101836
		FILE: Number of bytes written=12375844
		FILE: Number of read operations=0
		FILE: Number of large read operations=0
		FILE: Number of write operations=0
		HDFS: Number of bytes read=20639792
		HDFS: Number of bytes written=38830
		HDFS: Number of read operations=1533
		HDFS: Number of large read operations=0
		HDFS: Number of write operations=492
	Map-Reduce Framework
		Map input records=10000
		Map output records=10000
		Map output bytes=520000
		Map output materialized bytes=456
		Input split bytes=121
		Combine input records=10000
		Combine output records=8
		Spilled Records=8
		Failed Shuffles=0
		Merged Map outputs=0
		GC time elapsed (ms)=28
		Total committed heap usage (bytes)=508559360
	File Input Format Counters 
		Bytes Read=733758
26/03/02 03:33:24 INFO mapred.LocalJobRunner: Finishing task: attempt_local1564102864_0028_m_000000_0
26/03/02 03:33:24 INFO mapred.LocalJobRunner: map task executor complete.
26/03/02 03:33:24 INFO mapred.LocalJobRunner: Waiting for reduce tasks
26/03/02 03:33:24 INFO mapred.LocalJobRunner: Starting task: attempt_local1564102864_0028_r_000000_0
26/03/02 03:33:24 INFO output.FileOutputCommitter: File Output Committer Algorithm version is 1
26/03/02 03:33:24 INFO mapred.Task:  Using ResourceCalculatorProcessTree : [ ]
26/03/02 03:33:24 INFO mapred.ReduceTask: Using ShuffleConsumerPlugin: org.apache.hadoop.mapreduce.task.reduce.Shuffle@654ea0d0
26/03/02 03:33:24 INFO reduce.MergeManagerImpl: MergerManager: memoryLimit=355991552, maxSingleShuffleLimit=88997888, mergeThreshold=234954432, ioSortFactor=10, memToMemMergeOutputsThreshold=10
26/03/02 03:33:24 INFO reduce.EventFetcher: attempt_local1564102864_0028_r_000000_0 Thread started: EventFetcher for fetching Map Completion Events
26/03/02 03:33:24 INFO reduce.LocalFetcher: localfetcher#109 about to shuffle output of map attempt_local1564102864_0028_m_000000_0 decomp: 110 len: 114 to MEMORY
26/03/02 03:33:24 INFO reduce.InMemoryMapOutput: Read 110 bytes from map-output for attempt_local1564102864_0028_m_000000_0
26/03/02 03:33:24 INFO reduce.MergeManagerImpl: closeInMemoryFile -> map-output of size: 110, inMemoryMapOutputs.size() -> 1, commitMemory -> 0, usedMemory ->110
26/03/02 03:33:24 INFO reduce.EventFetcher: EventFetcher is interrupted.. Returning
26/03/02 03:33:24 INFO mapred.LocalJobRunner: 1 / 1 copied.
26/03/02 03:33:24 INFO reduce.MergeManagerImpl: finalMerge called with 1 in-memory map-outputs and 0 on-disk map-outputs
26/03/02 03:33:24 INFO mapred.Merger: Merging 1 sorted segments
26/03/02 03:33:24 INFO mapred.Merger: Down to the last merge-pass, with 1 segments left of total size: 104 bytes
26/03/02 03:33:24 INFO reduce.MergeManagerImpl: Merged 1 segments, 110 bytes to disk to satisfy reduce memory limit
26/03/02 03:33:24 INFO reduce.MergeManagerImpl: Merging 1 files, 114 bytes from disk
26/03/02 03:33:24 INFO reduce.MergeManagerImpl: Merging 0 segments, 0 bytes from memory into reduce
26/03/02 03:33:24 INFO mapred.Merger: Merging 1 sorted segments
26/03/02 03:33:24 INFO mapred.Merger: Down to the last merge-pass, with 1 segments left of total size: 104 bytes
26/03/02 03:33:24 INFO mapred.LocalJobRunner: 1 / 1 copied.
26/03/02 03:33:24 INFO mapred.Task: Task:attempt_local1564102864_0028_r_000000_0 is done. And is in the process of committing
26/03/02 03:33:24 INFO mapred.LocalJobRunner: 1 / 1 copied.
26/03/02 03:33:24 INFO mapred.Task: Task attempt_local1564102864_0028_r_000000_0 is allowed to commit now
26/03/02 03:33:24 INFO output.FileOutputCommitter: Saved output of task 'attempt_local1564102864_0028_r_000000_0' to hdfs://localhost:9000/project2/task2/runs_report_plus/k8_r30_opt/iter_28/_temporary/0/task_local1564102864_0028_r_000000
26/03/02 03:33:24 INFO mapred.LocalJobRunner: reduce > reduce
26/03/02 03:33:24 INFO mapred.Task: Task 'attempt_local1564102864_0028_r_000000_0' done.
26/03/02 03:33:24 INFO mapred.Task: Final Counters for attempt_local1564102864_0028_r_000000_0: Counters: 29
	File System Counters
		FILE: Number of bytes read=4102510
		FILE: Number of bytes written=12375958
		FILE: Number of read operations=0
		FILE: Number of large read operations=0
		FILE: Number of write operations=0
		HDFS: Number of bytes read=20639792
		HDFS: Number of bytes written=39034
		HDFS: Number of read operations=1536
		HDFS: Number of large read operations=0
		HDFS: Number of write operations=494
	Map-Reduce Framework
		Combine input records=0
		Combine output records=0
		Reduce input groups=2
		Reduce shuffle bytes=114
		Reduce input records=2
		Reduce output records=2
		Spilled Records=2
		Shuffled Maps =1
		Failed Shuffles=0
		Merged Map outputs=1
		GC time elapsed (ms)=0
		Total committed heap usage (bytes)=508559360
	Shuffle Errors
		BAD_ID=0
		CONNECTION=0
		IO_ERROR=0
		WRONG_LENGTH=0
		WRONG_MAP=0
		WRONG_REDUCE=0
	File Output Format Counters 
		Bytes Written=204
26/03/02 03:33:24 INFO mapred.LocalJobRunner: Finishing task: attempt_local1564102864_0028_r_000000_0
26/03/02 03:33:24 INFO mapred.LocalJobRunner: Starting task: attempt_local1564102864_0028_r_000001_0
26/03/02 03:33:24 INFO output.FileOutputCommitter: File Output Committer Algorithm version is 1
26/03/02 03:33:24 INFO mapred.Task:  Using ResourceCalculatorProcessTree : [ ]
26/03/02 03:33:24 INFO mapred.ReduceTask: Using ShuffleConsumerPlugin: org.apache.hadoop.mapreduce.task.reduce.Shuffle@3aec2594
26/03/02 03:33:24 INFO reduce.MergeManagerImpl: MergerManager: memoryLimit=355991552, maxSingleShuffleLimit=88997888, mergeThreshold=234954432, ioSortFactor=10, memToMemMergeOutputsThreshold=10
26/03/02 03:33:24 INFO reduce.EventFetcher: attempt_local1564102864_0028_r_000001_0 Thread started: EventFetcher for fetching Map Completion Events
26/03/02 03:33:24 INFO reduce.LocalFetcher: localfetcher#110 about to shuffle output of map attempt_local1564102864_0028_m_000000_0 decomp: 110 len: 114 to MEMORY
26/03/02 03:33:24 INFO reduce.InMemoryMapOutput: Read 110 bytes from map-output for attempt_local1564102864_0028_m_000000_0
26/03/02 03:33:24 INFO reduce.MergeManagerImpl: closeInMemoryFile -> map-output of size: 110, inMemoryMapOutputs.size() -> 1, commitMemory -> 0, usedMemory ->110
26/03/02 03:33:24 WARN io.ReadaheadPool: Failed readahead on ifile
EBADF: Bad file descriptor
	at org.apache.hadoop.io.nativeio.NativeIO$POSIX.posix_fadvise(Native Method)
	at org.apache.hadoop.io.nativeio.NativeIO$POSIX.posixFadviseIfPossible(NativeIO.java:267)
	at org.apache.hadoop.io.nativeio.NativeIO$POSIX$CacheManipulator.posixFadviseIfPossible(NativeIO.java:146)
	at org.apache.hadoop.io.ReadaheadPool$ReadaheadRequestImpl.run(ReadaheadPool.java:206)
	at java.util.concurrent.ThreadPoolExecutor.runWorker(ThreadPoolExecutor.java:1149)
	at java.util.concurrent.ThreadPoolExecutor$Worker.run(ThreadPoolExecutor.java:624)
	at java.lang.Thread.run(Thread.java:748)
26/03/02 03:33:24 INFO reduce.EventFetcher: EventFetcher is interrupted.. Returning
26/03/02 03:33:24 INFO mapred.LocalJobRunner: 1 / 1 copied.
26/03/02 03:33:24 INFO reduce.MergeManagerImpl: finalMerge called with 1 in-memory map-outputs and 0 on-disk map-outputs
26/03/02 03:33:24 INFO mapred.Merger: Merging 1 sorted segments
26/03/02 03:33:24 INFO mapred.Merger: Down to the last merge-pass, with 1 segments left of total size: 104 bytes
26/03/02 03:33:24 INFO reduce.MergeManagerImpl: Merged 1 segments, 110 bytes to disk to satisfy reduce memory limit
26/03/02 03:33:24 INFO reduce.MergeManagerImpl: Merging 1 files, 114 bytes from disk
26/03/02 03:33:24 INFO reduce.MergeManagerImpl: Merging 0 segments, 0 bytes from memory into reduce
26/03/02 03:33:24 INFO mapred.Merger: Merging 1 sorted segments
26/03/02 03:33:24 INFO mapred.Merger: Down to the last merge-pass, with 1 segments left of total size: 104 bytes
26/03/02 03:33:24 INFO mapred.LocalJobRunner: 1 / 1 copied.
26/03/02 03:33:24 INFO mapred.Task: Task:attempt_local1564102864_0028_r_000001_0 is done. And is in the process of committing
26/03/02 03:33:24 INFO mapred.LocalJobRunner: 1 / 1 copied.
26/03/02 03:33:24 INFO mapred.Task: Task attempt_local1564102864_0028_r_000001_0 is allowed to commit now
26/03/02 03:33:24 INFO output.FileOutputCommitter: Saved output of task 'attempt_local1564102864_0028_r_000001_0' to hdfs://localhost:9000/project2/task2/runs_report_plus/k8_r30_opt/iter_28/_temporary/0/task_local1564102864_0028_r_000001
26/03/02 03:33:24 INFO mapred.LocalJobRunner: reduce > reduce
26/03/02 03:33:24 INFO mapred.Task: Task 'attempt_local1564102864_0028_r_000001_0' done.
26/03/02 03:33:24 INFO mapred.Task: Final Counters for attempt_local1564102864_0028_r_000001_0: Counters: 29
	File System Counters
		FILE: Number of bytes read=4103070
		FILE: Number of bytes written=12376072
		FILE: Number of read operations=0
		FILE: Number of large read operations=0
		FILE: Number of write operations=0
		HDFS: Number of bytes read=20639792
		HDFS: Number of bytes written=39235
		HDFS: Number of read operations=1539
		HDFS: Number of large read operations=0
		HDFS: Number of write operations=496
	Map-Reduce Framework
		Combine input records=0
		Combine output records=0
		Reduce input groups=2
		Reduce shuffle bytes=114
		Reduce input records=2
		Reduce output records=2
		Spilled Records=2
		Shuffled Maps =1
		Failed Shuffles=0
		Merged Map outputs=1
		GC time elapsed (ms)=0
		Total committed heap usage (bytes)=508559360
	Shuffle Errors
		BAD_ID=0
		CONNECTION=0
		IO_ERROR=0
		WRONG_LENGTH=0
		WRONG_MAP=0
		WRONG_REDUCE=0
	File Output Format Counters 
		Bytes Written=201
26/03/02 03:33:24 INFO mapred.LocalJobRunner: Finishing task: attempt_local1564102864_0028_r_000001_0
26/03/02 03:33:24 INFO mapred.LocalJobRunner: Starting task: attempt_local1564102864_0028_r_000002_0
26/03/02 03:33:24 INFO output.FileOutputCommitter: File Output Committer Algorithm version is 1
26/03/02 03:33:24 INFO mapred.Task:  Using ResourceCalculatorProcessTree : [ ]
26/03/02 03:33:24 INFO mapred.ReduceTask: Using ShuffleConsumerPlugin: org.apache.hadoop.mapreduce.task.reduce.Shuffle@42e612db
26/03/02 03:33:24 INFO reduce.MergeManagerImpl: MergerManager: memoryLimit=355991552, maxSingleShuffleLimit=88997888, mergeThreshold=234954432, ioSortFactor=10, memToMemMergeOutputsThreshold=10
26/03/02 03:33:24 INFO reduce.EventFetcher: attempt_local1564102864_0028_r_000002_0 Thread started: EventFetcher for fetching Map Completion Events
26/03/02 03:33:24 INFO reduce.LocalFetcher: localfetcher#111 about to shuffle output of map attempt_local1564102864_0028_m_000000_0 decomp: 110 len: 114 to MEMORY
26/03/02 03:33:24 INFO reduce.InMemoryMapOutput: Read 110 bytes from map-output for attempt_local1564102864_0028_m_000000_0
26/03/02 03:33:24 INFO reduce.MergeManagerImpl: closeInMemoryFile -> map-output of size: 110, inMemoryMapOutputs.size() -> 1, commitMemory -> 0, usedMemory ->110
26/03/02 03:33:24 WARN io.ReadaheadPool: Failed readahead on ifile
EBADF: Bad file descriptor
	at org.apache.hadoop.io.nativeio.NativeIO$POSIX.posix_fadvise(Native Method)
	at org.apache.hadoop.io.nativeio.NativeIO$POSIX.posixFadviseIfPossible(NativeIO.java:267)
	at org.apache.hadoop.io.nativeio.NativeIO$POSIX$CacheManipulator.posixFadviseIfPossible(NativeIO.java:146)
	at org.apache.hadoop.io.ReadaheadPool$ReadaheadRequestImpl.run(ReadaheadPool.java:206)
	at java.util.concurrent.ThreadPoolExecutor.runWorker(ThreadPoolExecutor.java:1149)
	at java.util.concurrent.ThreadPoolExecutor$Worker.run(ThreadPoolExecutor.java:624)
	at java.lang.Thread.run(Thread.java:748)
26/03/02 03:33:24 INFO reduce.EventFetcher: EventFetcher is interrupted.. Returning
26/03/02 03:33:24 INFO mapred.LocalJobRunner: 1 / 1 copied.
26/03/02 03:33:24 INFO reduce.MergeManagerImpl: finalMerge called with 1 in-memory map-outputs and 0 on-disk map-outputs
26/03/02 03:33:24 INFO mapred.Merger: Merging 1 sorted segments
26/03/02 03:33:24 INFO mapred.Merger: Down to the last merge-pass, with 1 segments left of total size: 104 bytes
26/03/02 03:33:24 INFO reduce.MergeManagerImpl: Merged 1 segments, 110 bytes to disk to satisfy reduce memory limit
26/03/02 03:33:24 INFO reduce.MergeManagerImpl: Merging 1 files, 114 bytes from disk
26/03/02 03:33:24 INFO reduce.MergeManagerImpl: Merging 0 segments, 0 bytes from memory into reduce
26/03/02 03:33:24 INFO mapred.Merger: Merging 1 sorted segments
26/03/02 03:33:24 INFO mapred.Merger: Down to the last merge-pass, with 1 segments left of total size: 104 bytes
26/03/02 03:33:24 INFO mapred.LocalJobRunner: 1 / 1 copied.
26/03/02 03:33:24 INFO mapred.Task: Task:attempt_local1564102864_0028_r_000002_0 is done. And is in the process of committing
26/03/02 03:33:24 INFO mapred.LocalJobRunner: 1 / 1 copied.
26/03/02 03:33:24 INFO mapred.Task: Task attempt_local1564102864_0028_r_000002_0 is allowed to commit now
26/03/02 03:33:24 INFO output.FileOutputCommitter: Saved output of task 'attempt_local1564102864_0028_r_000002_0' to hdfs://localhost:9000/project2/task2/runs_report_plus/k8_r30_opt/iter_28/_temporary/0/task_local1564102864_0028_r_000002
26/03/02 03:33:24 INFO mapred.LocalJobRunner: reduce > reduce
26/03/02 03:33:24 INFO mapred.Task: Task 'attempt_local1564102864_0028_r_000002_0' done.
26/03/02 03:33:24 INFO mapred.Task: Final Counters for attempt_local1564102864_0028_r_000002_0: Counters: 29
	File System Counters
		FILE: Number of bytes read=4103516
		FILE: Number of bytes written=12376186
		FILE: Number of read operations=0
		FILE: Number of large read operations=0
		FILE: Number of write operations=0
		HDFS: Number of bytes read=20639792
		HDFS: Number of bytes written=39439
		HDFS: Number of read operations=1542
		HDFS: Number of large read operations=0
		HDFS: Number of write operations=498
	Map-Reduce Framework
		Combine input records=0
		Combine output records=0
		Reduce input groups=2
		Reduce shuffle bytes=114
		Reduce input records=2
		Reduce output records=2
		Spilled Records=2
		Shuffled Maps =1
		Failed Shuffles=0
		Merged Map outputs=1
		GC time elapsed (ms)=0
		Total committed heap usage (bytes)=508559360
	Shuffle Errors
		BAD_ID=0
		CONNECTION=0
		IO_ERROR=0
		WRONG_LENGTH=0
		WRONG_MAP=0
		WRONG_REDUCE=0
	File Output Format Counters 
		Bytes Written=204
26/03/02 03:33:24 INFO mapred.LocalJobRunner: Finishing task: attempt_local1564102864_0028_r_000002_0
26/03/02 03:33:24 INFO mapred.LocalJobRunner: Starting task: attempt_local1564102864_0028_r_000003_0
26/03/02 03:33:24 INFO output.FileOutputCommitter: File Output Committer Algorithm version is 1
26/03/02 03:33:24 INFO mapred.Task:  Using ResourceCalculatorProcessTree : [ ]
26/03/02 03:33:24 INFO mapred.ReduceTask: Using ShuffleConsumerPlugin: org.apache.hadoop.mapreduce.task.reduce.Shuffle@1180eb3f
26/03/02 03:33:24 INFO reduce.MergeManagerImpl: MergerManager: memoryLimit=355991552, maxSingleShuffleLimit=88997888, mergeThreshold=234954432, ioSortFactor=10, memToMemMergeOutputsThreshold=10
26/03/02 03:33:24 INFO reduce.EventFetcher: attempt_local1564102864_0028_r_000003_0 Thread started: EventFetcher for fetching Map Completion Events
26/03/02 03:33:24 INFO reduce.LocalFetcher: localfetcher#112 about to shuffle output of map attempt_local1564102864_0028_m_000000_0 decomp: 110 len: 114 to MEMORY
26/03/02 03:33:24 INFO reduce.InMemoryMapOutput: Read 110 bytes from map-output for attempt_local1564102864_0028_m_000000_0
26/03/02 03:33:24 INFO reduce.MergeManagerImpl: closeInMemoryFile -> map-output of size: 110, inMemoryMapOutputs.size() -> 1, commitMemory -> 0, usedMemory ->110
26/03/02 03:33:24 INFO reduce.EventFetcher: EventFetcher is interrupted.. Returning
26/03/02 03:33:24 INFO mapred.LocalJobRunner: 1 / 1 copied.
26/03/02 03:33:24 INFO reduce.MergeManagerImpl: finalMerge called with 1 in-memory map-outputs and 0 on-disk map-outputs
26/03/02 03:33:24 INFO mapred.Merger: Merging 1 sorted segments
26/03/02 03:33:24 INFO mapred.Merger: Down to the last merge-pass, with 1 segments left of total size: 104 bytes
26/03/02 03:33:24 INFO reduce.MergeManagerImpl: Merged 1 segments, 110 bytes to disk to satisfy reduce memory limit
26/03/02 03:33:24 INFO reduce.MergeManagerImpl: Merging 1 files, 114 bytes from disk
26/03/02 03:33:24 INFO reduce.MergeManagerImpl: Merging 0 segments, 0 bytes from memory into reduce
26/03/02 03:33:24 INFO mapred.Merger: Merging 1 sorted segments
26/03/02 03:33:24 INFO mapred.Merger: Down to the last merge-pass, with 1 segments left of total size: 104 bytes
26/03/02 03:33:24 INFO mapred.LocalJobRunner: 1 / 1 copied.
26/03/02 03:33:24 INFO mapred.Task: Task:attempt_local1564102864_0028_r_000003_0 is done. And is in the process of committing
26/03/02 03:33:24 INFO mapred.LocalJobRunner: 1 / 1 copied.
26/03/02 03:33:24 INFO mapred.Task: Task attempt_local1564102864_0028_r_000003_0 is allowed to commit now
26/03/02 03:33:24 INFO output.FileOutputCommitter: Saved output of task 'attempt_local1564102864_0028_r_000003_0' to hdfs://localhost:9000/project2/task2/runs_report_plus/k8_r30_opt/iter_28/_temporary/0/task_local1564102864_0028_r_000003
26/03/02 03:33:24 INFO mapred.LocalJobRunner: reduce > reduce
26/03/02 03:33:24 INFO mapred.Task: Task 'attempt_local1564102864_0028_r_000003_0' done.
26/03/02 03:33:24 INFO mapred.Task: Final Counters for attempt_local1564102864_0028_r_000003_0: Counters: 29
	File System Counters
		FILE: Number of bytes read=4103848
		FILE: Number of bytes written=12376300
		FILE: Number of read operations=0
		FILE: Number of large read operations=0
		FILE: Number of write operations=0
		HDFS: Number of bytes read=20639792
		HDFS: Number of bytes written=39642
		HDFS: Number of read operations=1545
		HDFS: Number of large read operations=0
		HDFS: Number of write operations=500
	Map-Reduce Framework
		Combine input records=0
		Combine output records=0
		Reduce input groups=2
		Reduce shuffle bytes=114
		Reduce input records=2
		Reduce output records=2
		Spilled Records=2
		Shuffled Maps =1
		Failed Shuffles=0
		Merged Map outputs=1
		GC time elapsed (ms)=0
		Total committed heap usage (bytes)=508559360
	Shuffle Errors
		BAD_ID=0
		CONNECTION=0
		IO_ERROR=0
		WRONG_LENGTH=0
		WRONG_MAP=0
		WRONG_REDUCE=0
	File Output Format Counters 
		Bytes Written=203
26/03/02 03:33:24 INFO mapred.LocalJobRunner: Finishing task: attempt_local1564102864_0028_r_000003_0
26/03/02 03:33:24 INFO mapred.LocalJobRunner: reduce task executor complete.
26/03/02 03:33:25 INFO mapreduce.Job: Job job_local1564102864_0028 running in uber mode : false
26/03/02 03:33:25 INFO mapreduce.Job:  map 100% reduce 100%
26/03/02 03:33:25 INFO mapreduce.Job: Job job_local1564102864_0028 completed successfully
26/03/02 03:33:25 INFO mapreduce.Job: Counters: 35
	File System Counters
		FILE: Number of bytes read=20514780
		FILE: Number of bytes written=61880360
		FILE: Number of read operations=0
		FILE: Number of large read operations=0
		FILE: Number of write operations=0
		HDFS: Number of bytes read=103198960
		HDFS: Number of bytes written=196180
		HDFS: Number of read operations=7695
		HDFS: Number of large read operations=0
		HDFS: Number of write operations=2480
	Map-Reduce Framework
		Map input records=10000
		Map output records=10000
		Map output bytes=520000
		Map output materialized bytes=456
		Input split bytes=121
		Combine input records=10000
		Combine output records=8
		Reduce input groups=8
		Reduce shuffle bytes=456
		Reduce input records=8
		Reduce output records=8
		Spilled Records=16
		Shuffled Maps =4
		Failed Shuffles=0
		Merged Map outputs=4
		GC time elapsed (ms)=28
		Total committed heap usage (bytes)=2542796800
	Shuffle Errors
		BAD_ID=0
		CONNECTION=0
		IO_ERROR=0
		WRONG_LENGTH=0
		WRONG_MAP=0
		WRONG_REDUCE=0
	File Input Format Counters 
		Bytes Read=733758
	File Output Format Counters 
		Bytes Written=812
26/03/02 03:33:25 INFO jvm.JvmMetrics: Cannot initialize JVM Metrics with processName=JobTracker, sessionId= - already initialized
26/03/02 03:33:25 WARN mapreduce.JobResourceUploader: Hadoop command-line option parsing not performed. Implement the Tool interface and execute your application with ToolRunner to remedy this.
26/03/02 03:33:25 INFO input.FileInputFormat: Total input paths to process : 1
26/03/02 03:33:25 INFO mapreduce.JobSubmitter: number of splits:1
26/03/02 03:33:25 INFO mapreduce.JobSubmitter: Submitting tokens for job: job_local333021045_0029
26/03/02 03:33:25 INFO mapred.LocalDistributedCacheManager: Creating symlink: /tmp/hadoop-ds503/mapred/local/1772422405649/centers_iter_28.csv <- /home/ds503/centers_iter_28.csv
26/03/02 03:33:25 INFO mapred.LocalDistributedCacheManager: Localized hdfs://localhost:9000/project2/task2/runs_report_plus/k8_r30_opt/centers_iter_28.csv as file:/tmp/hadoop-ds503/mapred/local/1772422405649/centers_iter_28.csv
26/03/02 03:33:25 INFO mapreduce.Job: The url to track the job: http://localhost:8080/
26/03/02 03:33:25 INFO mapreduce.Job: Running job: job_local333021045_0029
26/03/02 03:33:25 INFO mapred.LocalJobRunner: OutputCommitter set in config null
26/03/02 03:33:25 INFO output.FileOutputCommitter: File Output Committer Algorithm version is 1
26/03/02 03:33:25 INFO mapred.LocalJobRunner: OutputCommitter is org.apache.hadoop.mapreduce.lib.output.FileOutputCommitter
26/03/02 03:33:25 INFO mapred.LocalJobRunner: Waiting for map tasks
26/03/02 03:33:25 INFO mapred.LocalJobRunner: Starting task: attempt_local333021045_0029_m_000000_0
26/03/02 03:33:25 INFO output.FileOutputCommitter: File Output Committer Algorithm version is 1
26/03/02 03:33:25 INFO mapred.Task:  Using ResourceCalculatorProcessTree : [ ]
26/03/02 03:33:25 INFO mapred.MapTask: Processing split: hdfs://localhost:9000/project2/task2/input/points_4d.csv:0+733758
26/03/02 03:33:25 INFO mapred.MapTask: (EQUATOR) 0 kvi 26214396(104857584)
26/03/02 03:33:25 INFO mapred.MapTask: mapreduce.task.io.sort.mb: 100
26/03/02 03:33:25 INFO mapred.MapTask: soft limit at 83886080
26/03/02 03:33:25 INFO mapred.MapTask: bufstart = 0; bufvoid = 104857600
26/03/02 03:33:25 INFO mapred.MapTask: kvstart = 26214396; length = 6553600
26/03/02 03:33:25 INFO mapred.MapTask: Map output collector class = org.apache.hadoop.mapred.MapTask$MapOutputBuffer
26/03/02 03:33:25 INFO mapred.LocalJobRunner: 
26/03/02 03:33:25 INFO mapred.MapTask: Starting flush of map output
26/03/02 03:33:25 INFO mapred.MapTask: Spilling map output
26/03/02 03:33:25 INFO mapred.MapTask: bufstart = 0; bufend = 520000; bufvoid = 104857600
26/03/02 03:33:25 INFO mapred.MapTask: kvstart = 26214396(104857584); kvend = 26174400(104697600); length = 39997/6553600
26/03/02 03:33:25 INFO mapred.MapTask: Finished spill 0
26/03/02 03:33:25 INFO mapred.Task: Task:attempt_local333021045_0029_m_000000_0 is done. And is in the process of committing
26/03/02 03:33:25 INFO mapred.LocalJobRunner: map
26/03/02 03:33:25 INFO mapred.Task: Task 'attempt_local333021045_0029_m_000000_0' done.
26/03/02 03:33:25 INFO mapred.Task: Final Counters for attempt_local333021045_0029_m_000000_0: Counters: 23
	File System Counters
		FILE: Number of bytes read=4248402
		FILE: Number of bytes written=12817176
		FILE: Number of read operations=0
		FILE: Number of large read operations=0
		FILE: Number of write operations=0
		HDFS: Number of bytes read=21376985
		HDFS: Number of bytes written=40246
		HDFS: Number of read operations=1589
		HDFS: Number of large read operations=0
		HDFS: Number of write operations=510
	Map-Reduce Framework
		Map input records=10000
		Map output records=10000
		Map output bytes=520000
		Map output materialized bytes=456
		Input split bytes=121
		Combine input records=10000
		Combine output records=8
		Spilled Records=8
		Failed Shuffles=0
		Merged Map outputs=0
		GC time elapsed (ms)=0
		Total committed heap usage (bytes)=508559360
	File Input Format Counters 
		Bytes Read=733758
26/03/02 03:33:25 INFO mapred.LocalJobRunner: Finishing task: attempt_local333021045_0029_m_000000_0
26/03/02 03:33:25 INFO mapred.LocalJobRunner: map task executor complete.
26/03/02 03:33:25 INFO mapred.LocalJobRunner: Waiting for reduce tasks
26/03/02 03:33:25 INFO mapred.LocalJobRunner: Starting task: attempt_local333021045_0029_r_000000_0
26/03/02 03:33:25 INFO output.FileOutputCommitter: File Output Committer Algorithm version is 1
26/03/02 03:33:25 INFO mapred.Task:  Using ResourceCalculatorProcessTree : [ ]
26/03/02 03:33:25 INFO mapred.ReduceTask: Using ShuffleConsumerPlugin: org.apache.hadoop.mapreduce.task.reduce.Shuffle@8cb7591
26/03/02 03:33:25 INFO reduce.MergeManagerImpl: MergerManager: memoryLimit=355991552, maxSingleShuffleLimit=88997888, mergeThreshold=234954432, ioSortFactor=10, memToMemMergeOutputsThreshold=10
26/03/02 03:33:25 INFO reduce.EventFetcher: attempt_local333021045_0029_r_000000_0 Thread started: EventFetcher for fetching Map Completion Events
26/03/02 03:33:25 INFO reduce.LocalFetcher: localfetcher#113 about to shuffle output of map attempt_local333021045_0029_m_000000_0 decomp: 110 len: 114 to MEMORY
26/03/02 03:33:25 INFO reduce.InMemoryMapOutput: Read 110 bytes from map-output for attempt_local333021045_0029_m_000000_0
26/03/02 03:33:25 INFO reduce.MergeManagerImpl: closeInMemoryFile -> map-output of size: 110, inMemoryMapOutputs.size() -> 1, commitMemory -> 0, usedMemory ->110
26/03/02 03:33:25 INFO reduce.EventFetcher: EventFetcher is interrupted.. Returning
26/03/02 03:33:25 INFO mapred.LocalJobRunner: 1 / 1 copied.
26/03/02 03:33:25 INFO reduce.MergeManagerImpl: finalMerge called with 1 in-memory map-outputs and 0 on-disk map-outputs
26/03/02 03:33:25 INFO mapred.Merger: Merging 1 sorted segments
26/03/02 03:33:25 INFO mapred.Merger: Down to the last merge-pass, with 1 segments left of total size: 104 bytes
26/03/02 03:33:25 INFO reduce.MergeManagerImpl: Merged 1 segments, 110 bytes to disk to satisfy reduce memory limit
26/03/02 03:33:25 INFO reduce.MergeManagerImpl: Merging 1 files, 114 bytes from disk
26/03/02 03:33:25 INFO reduce.MergeManagerImpl: Merging 0 segments, 0 bytes from memory into reduce
26/03/02 03:33:25 INFO mapred.Merger: Merging 1 sorted segments
26/03/02 03:33:25 INFO mapred.Merger: Down to the last merge-pass, with 1 segments left of total size: 104 bytes
26/03/02 03:33:25 INFO mapred.LocalJobRunner: 1 / 1 copied.
26/03/02 03:33:25 INFO mapred.Task: Task:attempt_local333021045_0029_r_000000_0 is done. And is in the process of committing
26/03/02 03:33:25 INFO mapred.LocalJobRunner: 1 / 1 copied.
26/03/02 03:33:25 INFO mapred.Task: Task attempt_local333021045_0029_r_000000_0 is allowed to commit now
26/03/02 03:33:25 INFO output.FileOutputCommitter: Saved output of task 'attempt_local333021045_0029_r_000000_0' to hdfs://localhost:9000/project2/task2/runs_report_plus/k8_r30_opt/iter_29/_temporary/0/task_local333021045_0029_r_000000
26/03/02 03:33:25 INFO mapred.LocalJobRunner: reduce > reduce
26/03/02 03:33:25 INFO mapred.Task: Task 'attempt_local333021045_0029_r_000000_0' done.
26/03/02 03:33:25 INFO mapred.Task: Final Counters for attempt_local333021045_0029_r_000000_0: Counters: 29
	File System Counters
		FILE: Number of bytes read=4249076
		FILE: Number of bytes written=12817290
		FILE: Number of read operations=0
		FILE: Number of large read operations=0
		FILE: Number of write operations=0
		HDFS: Number of bytes read=21376985
		HDFS: Number of bytes written=40447
		HDFS: Number of read operations=1592
		HDFS: Number of large read operations=0
		HDFS: Number of write operations=512
	Map-Reduce Framework
		Combine input records=0
		Combine output records=0
		Reduce input groups=2
		Reduce shuffle bytes=114
		Reduce input records=2
		Reduce output records=2
		Spilled Records=2
		Shuffled Maps =1
		Failed Shuffles=0
		Merged Map outputs=1
		GC time elapsed (ms)=0
		Total committed heap usage (bytes)=508559360
	Shuffle Errors
		BAD_ID=0
		CONNECTION=0
		IO_ERROR=0
		WRONG_LENGTH=0
		WRONG_MAP=0
		WRONG_REDUCE=0
	File Output Format Counters 
		Bytes Written=201
26/03/02 03:33:25 INFO mapred.LocalJobRunner: Finishing task: attempt_local333021045_0029_r_000000_0
26/03/02 03:33:25 INFO mapred.LocalJobRunner: Starting task: attempt_local333021045_0029_r_000001_0
26/03/02 03:33:25 INFO output.FileOutputCommitter: File Output Committer Algorithm version is 1
26/03/02 03:33:25 INFO mapred.Task:  Using ResourceCalculatorProcessTree : [ ]
26/03/02 03:33:25 INFO mapred.ReduceTask: Using ShuffleConsumerPlugin: org.apache.hadoop.mapreduce.task.reduce.Shuffle@14050249
26/03/02 03:33:25 INFO reduce.MergeManagerImpl: MergerManager: memoryLimit=355991552, maxSingleShuffleLimit=88997888, mergeThreshold=234954432, ioSortFactor=10, memToMemMergeOutputsThreshold=10
26/03/02 03:33:25 INFO reduce.EventFetcher: attempt_local333021045_0029_r_000001_0 Thread started: EventFetcher for fetching Map Completion Events
26/03/02 03:33:25 INFO reduce.LocalFetcher: localfetcher#114 about to shuffle output of map attempt_local333021045_0029_m_000000_0 decomp: 110 len: 114 to MEMORY
26/03/02 03:33:25 INFO reduce.InMemoryMapOutput: Read 110 bytes from map-output for attempt_local333021045_0029_m_000000_0
26/03/02 03:33:25 INFO reduce.MergeManagerImpl: closeInMemoryFile -> map-output of size: 110, inMemoryMapOutputs.size() -> 1, commitMemory -> 0, usedMemory ->110
26/03/02 03:33:25 INFO reduce.EventFetcher: EventFetcher is interrupted.. Returning
26/03/02 03:33:25 INFO mapred.LocalJobRunner: 1 / 1 copied.
26/03/02 03:33:25 INFO reduce.MergeManagerImpl: finalMerge called with 1 in-memory map-outputs and 0 on-disk map-outputs
26/03/02 03:33:25 INFO mapred.Merger: Merging 1 sorted segments
26/03/02 03:33:25 INFO mapred.Merger: Down to the last merge-pass, with 1 segments left of total size: 104 bytes
26/03/02 03:33:25 INFO reduce.MergeManagerImpl: Merged 1 segments, 110 bytes to disk to satisfy reduce memory limit
26/03/02 03:33:25 INFO reduce.MergeManagerImpl: Merging 1 files, 114 bytes from disk
26/03/02 03:33:25 INFO reduce.MergeManagerImpl: Merging 0 segments, 0 bytes from memory into reduce
26/03/02 03:33:25 INFO mapred.Merger: Merging 1 sorted segments
26/03/02 03:33:25 INFO mapred.Merger: Down to the last merge-pass, with 1 segments left of total size: 104 bytes
26/03/02 03:33:25 INFO mapred.LocalJobRunner: 1 / 1 copied.
26/03/02 03:33:25 INFO mapred.Task: Task:attempt_local333021045_0029_r_000001_0 is done. And is in the process of committing
26/03/02 03:33:25 INFO mapred.LocalJobRunner: 1 / 1 copied.
26/03/02 03:33:25 INFO mapred.Task: Task attempt_local333021045_0029_r_000001_0 is allowed to commit now
26/03/02 03:33:25 INFO output.FileOutputCommitter: Saved output of task 'attempt_local333021045_0029_r_000001_0' to hdfs://localhost:9000/project2/task2/runs_report_plus/k8_r30_opt/iter_29/_temporary/0/task_local333021045_0029_r_000001
26/03/02 03:33:25 INFO mapred.LocalJobRunner: reduce > reduce
26/03/02 03:33:25 INFO mapred.Task: Task 'attempt_local333021045_0029_r_000001_0' done.
26/03/02 03:33:25 INFO mapred.Task: Final Counters for attempt_local333021045_0029_r_000001_0: Counters: 29
	File System Counters
		FILE: Number of bytes read=4249636
		FILE: Number of bytes written=12817404
		FILE: Number of read operations=0
		FILE: Number of large read operations=0
		FILE: Number of write operations=0
		HDFS: Number of bytes read=21376985
		HDFS: Number of bytes written=40646
		HDFS: Number of read operations=1595
		HDFS: Number of large read operations=0
		HDFS: Number of write operations=514
	Map-Reduce Framework
		Combine input records=0
		Combine output records=0
		Reduce input groups=2
		Reduce shuffle bytes=114
		Reduce input records=2
		Reduce output records=2
		Spilled Records=2
		Shuffled Maps =1
		Failed Shuffles=0
		Merged Map outputs=1
		GC time elapsed (ms)=0
		Total committed heap usage (bytes)=508559360
	Shuffle Errors
		BAD_ID=0
		CONNECTION=0
		IO_ERROR=0
		WRONG_LENGTH=0
		WRONG_MAP=0
		WRONG_REDUCE=0
	File Output Format Counters 
		Bytes Written=199
26/03/02 03:33:25 INFO mapred.LocalJobRunner: Finishing task: attempt_local333021045_0029_r_000001_0
26/03/02 03:33:25 INFO mapred.LocalJobRunner: Starting task: attempt_local333021045_0029_r_000002_0
26/03/02 03:33:25 INFO output.FileOutputCommitter: File Output Committer Algorithm version is 1
26/03/02 03:33:25 INFO mapred.Task:  Using ResourceCalculatorProcessTree : [ ]
26/03/02 03:33:25 INFO mapred.ReduceTask: Using ShuffleConsumerPlugin: org.apache.hadoop.mapreduce.task.reduce.Shuffle@6c62dd5b
26/03/02 03:33:25 INFO reduce.MergeManagerImpl: MergerManager: memoryLimit=355991552, maxSingleShuffleLimit=88997888, mergeThreshold=234954432, ioSortFactor=10, memToMemMergeOutputsThreshold=10
26/03/02 03:33:25 INFO reduce.EventFetcher: attempt_local333021045_0029_r_000002_0 Thread started: EventFetcher for fetching Map Completion Events
26/03/02 03:33:25 INFO reduce.LocalFetcher: localfetcher#115 about to shuffle output of map attempt_local333021045_0029_m_000000_0 decomp: 110 len: 114 to MEMORY
26/03/02 03:33:25 INFO reduce.InMemoryMapOutput: Read 110 bytes from map-output for attempt_local333021045_0029_m_000000_0
26/03/02 03:33:25 INFO reduce.MergeManagerImpl: closeInMemoryFile -> map-output of size: 110, inMemoryMapOutputs.size() -> 1, commitMemory -> 0, usedMemory ->110
26/03/02 03:33:25 WARN io.ReadaheadPool: Failed readahead on ifile
EBADF: Bad file descriptor
	at org.apache.hadoop.io.nativeio.NativeIO$POSIX.posix_fadvise(Native Method)
	at org.apache.hadoop.io.nativeio.NativeIO$POSIX.posixFadviseIfPossible(NativeIO.java:267)
	at org.apache.hadoop.io.nativeio.NativeIO$POSIX$CacheManipulator.posixFadviseIfPossible(NativeIO.java:146)
	at org.apache.hadoop.io.ReadaheadPool$ReadaheadRequestImpl.run(ReadaheadPool.java:206)
	at java.util.concurrent.ThreadPoolExecutor.runWorker(ThreadPoolExecutor.java:1149)
	at java.util.concurrent.ThreadPoolExecutor$Worker.run(ThreadPoolExecutor.java:624)
	at java.lang.Thread.run(Thread.java:748)
26/03/02 03:33:25 INFO reduce.EventFetcher: EventFetcher is interrupted.. Returning
26/03/02 03:33:25 INFO mapred.LocalJobRunner: 1 / 1 copied.
26/03/02 03:33:25 INFO reduce.MergeManagerImpl: finalMerge called with 1 in-memory map-outputs and 0 on-disk map-outputs
26/03/02 03:33:25 INFO mapred.Merger: Merging 1 sorted segments
26/03/02 03:33:25 INFO mapred.Merger: Down to the last merge-pass, with 1 segments left of total size: 104 bytes
26/03/02 03:33:25 INFO reduce.MergeManagerImpl: Merged 1 segments, 110 bytes to disk to satisfy reduce memory limit
26/03/02 03:33:25 INFO reduce.MergeManagerImpl: Merging 1 files, 114 bytes from disk
26/03/02 03:33:25 INFO reduce.MergeManagerImpl: Merging 0 segments, 0 bytes from memory into reduce
26/03/02 03:33:25 INFO mapred.Merger: Merging 1 sorted segments
26/03/02 03:33:25 INFO mapred.Merger: Down to the last merge-pass, with 1 segments left of total size: 104 bytes
26/03/02 03:33:25 INFO mapred.LocalJobRunner: 1 / 1 copied.
26/03/02 03:33:25 INFO mapred.Task: Task:attempt_local333021045_0029_r_000002_0 is done. And is in the process of committing
26/03/02 03:33:25 INFO mapred.LocalJobRunner: 1 / 1 copied.
26/03/02 03:33:25 INFO mapred.Task: Task attempt_local333021045_0029_r_000002_0 is allowed to commit now
26/03/02 03:33:25 INFO output.FileOutputCommitter: Saved output of task 'attempt_local333021045_0029_r_000002_0' to hdfs://localhost:9000/project2/task2/runs_report_plus/k8_r30_opt/iter_29/_temporary/0/task_local333021045_0029_r_000002
26/03/02 03:33:25 INFO mapred.LocalJobRunner: reduce > reduce
26/03/02 03:33:25 INFO mapred.Task: Task 'attempt_local333021045_0029_r_000002_0' done.
26/03/02 03:33:25 INFO mapred.Task: Final Counters for attempt_local333021045_0029_r_000002_0: Counters: 29
	File System Counters
		FILE: Number of bytes read=4250082
		FILE: Number of bytes written=12817518
		FILE: Number of read operations=0
		FILE: Number of large read operations=0
		FILE: Number of write operations=0
		HDFS: Number of bytes read=21376985
		HDFS: Number of bytes written=40852
		HDFS: Number of read operations=1598
		HDFS: Number of large read operations=0
		HDFS: Number of write operations=516
	Map-Reduce Framework
		Combine input records=0
		Combine output records=0
		Reduce input groups=2
		Reduce shuffle bytes=114
		Reduce input records=2
		Reduce output records=2
		Spilled Records=2
		Shuffled Maps =1
		Failed Shuffles=0
		Merged Map outputs=1
		GC time elapsed (ms)=0
		Total committed heap usage (bytes)=508559360
	Shuffle Errors
		BAD_ID=0
		CONNECTION=0
		IO_ERROR=0
		WRONG_LENGTH=0
		WRONG_MAP=0
		WRONG_REDUCE=0
	File Output Format Counters 
		Bytes Written=206
26/03/02 03:33:25 INFO mapred.LocalJobRunner: Finishing task: attempt_local333021045_0029_r_000002_0
26/03/02 03:33:25 INFO mapred.LocalJobRunner: Starting task: attempt_local333021045_0029_r_000003_0
26/03/02 03:33:25 INFO output.FileOutputCommitter: File Output Committer Algorithm version is 1
26/03/02 03:33:25 INFO mapred.Task:  Using ResourceCalculatorProcessTree : [ ]
26/03/02 03:33:25 INFO mapred.ReduceTask: Using ShuffleConsumerPlugin: org.apache.hadoop.mapreduce.task.reduce.Shuffle@1bb5266c
26/03/02 03:33:25 INFO reduce.MergeManagerImpl: MergerManager: memoryLimit=355991552, maxSingleShuffleLimit=88997888, mergeThreshold=234954432, ioSortFactor=10, memToMemMergeOutputsThreshold=10
26/03/02 03:33:25 INFO reduce.EventFetcher: attempt_local333021045_0029_r_000003_0 Thread started: EventFetcher for fetching Map Completion Events
26/03/02 03:33:25 INFO reduce.LocalFetcher: localfetcher#116 about to shuffle output of map attempt_local333021045_0029_m_000000_0 decomp: 110 len: 114 to MEMORY
26/03/02 03:33:25 INFO reduce.InMemoryMapOutput: Read 110 bytes from map-output for attempt_local333021045_0029_m_000000_0
26/03/02 03:33:25 INFO reduce.MergeManagerImpl: closeInMemoryFile -> map-output of size: 110, inMemoryMapOutputs.size() -> 1, commitMemory -> 0, usedMemory ->110
26/03/02 03:33:25 WARN io.ReadaheadPool: Failed readahead on ifile
EBADF: Bad file descriptor
	at org.apache.hadoop.io.nativeio.NativeIO$POSIX.posix_fadvise(Native Method)
	at org.apache.hadoop.io.nativeio.NativeIO$POSIX.posixFadviseIfPossible(NativeIO.java:267)
	at org.apache.hadoop.io.nativeio.NativeIO$POSIX$CacheManipulator.posixFadviseIfPossible(NativeIO.java:146)
	at org.apache.hadoop.io.ReadaheadPool$ReadaheadRequestImpl.run(ReadaheadPool.java:206)
	at java.util.concurrent.ThreadPoolExecutor.runWorker(ThreadPoolExecutor.java:1149)
	at java.util.concurrent.ThreadPoolExecutor$Worker.run(ThreadPoolExecutor.java:624)
	at java.lang.Thread.run(Thread.java:748)
26/03/02 03:33:25 INFO reduce.EventFetcher: EventFetcher is interrupted.. Returning
26/03/02 03:33:25 INFO mapred.LocalJobRunner: 1 / 1 copied.
26/03/02 03:33:25 INFO reduce.MergeManagerImpl: finalMerge called with 1 in-memory map-outputs and 0 on-disk map-outputs
26/03/02 03:33:25 INFO mapred.Merger: Merging 1 sorted segments
26/03/02 03:33:25 INFO mapred.Merger: Down to the last merge-pass, with 1 segments left of total size: 104 bytes
26/03/02 03:33:25 INFO reduce.MergeManagerImpl: Merged 1 segments, 110 bytes to disk to satisfy reduce memory limit
26/03/02 03:33:25 INFO reduce.MergeManagerImpl: Merging 1 files, 114 bytes from disk
26/03/02 03:33:25 INFO reduce.MergeManagerImpl: Merging 0 segments, 0 bytes from memory into reduce
26/03/02 03:33:25 INFO mapred.Merger: Merging 1 sorted segments
26/03/02 03:33:25 INFO mapred.Merger: Down to the last merge-pass, with 1 segments left of total size: 104 bytes
26/03/02 03:33:25 INFO mapred.LocalJobRunner: 1 / 1 copied.
26/03/02 03:33:25 INFO mapred.Task: Task:attempt_local333021045_0029_r_000003_0 is done. And is in the process of committing
26/03/02 03:33:25 INFO mapred.LocalJobRunner: 1 / 1 copied.
26/03/02 03:33:25 INFO mapred.Task: Task attempt_local333021045_0029_r_000003_0 is allowed to commit now
26/03/02 03:33:25 INFO output.FileOutputCommitter: Saved output of task 'attempt_local333021045_0029_r_000003_0' to hdfs://localhost:9000/project2/task2/runs_report_plus/k8_r30_opt/iter_29/_temporary/0/task_local333021045_0029_r_000003
26/03/02 03:33:25 INFO mapred.LocalJobRunner: reduce > reduce
26/03/02 03:33:25 INFO mapred.Task: Task 'attempt_local333021045_0029_r_000003_0' done.
26/03/02 03:33:25 INFO mapred.Task: Final Counters for attempt_local333021045_0029_r_000003_0: Counters: 29
	File System Counters
		FILE: Number of bytes read=4250414
		FILE: Number of bytes written=12817632
		FILE: Number of read operations=0
		FILE: Number of large read operations=0
		FILE: Number of write operations=0
		HDFS: Number of bytes read=21376985
		HDFS: Number of bytes written=41057
		HDFS: Number of read operations=1601
		HDFS: Number of large read operations=0
		HDFS: Number of write operations=518
	Map-Reduce Framework
		Combine input records=0
		Combine output records=0
		Reduce input groups=2
		Reduce shuffle bytes=114
		Reduce input records=2
		Reduce output records=2
		Spilled Records=2
		Shuffled Maps =1
		Failed Shuffles=0
		Merged Map outputs=1
		GC time elapsed (ms)=0
		Total committed heap usage (bytes)=508559360
	Shuffle Errors
		BAD_ID=0
		CONNECTION=0
		IO_ERROR=0
		WRONG_LENGTH=0
		WRONG_MAP=0
		WRONG_REDUCE=0
	File Output Format Counters 
		Bytes Written=205
26/03/02 03:33:25 INFO mapred.LocalJobRunner: Finishing task: attempt_local333021045_0029_r_000003_0
26/03/02 03:33:25 INFO mapred.LocalJobRunner: reduce task executor complete.
26/03/02 03:33:26 INFO mapreduce.Job: Job job_local333021045_0029 running in uber mode : false
26/03/02 03:33:26 INFO mapreduce.Job:  map 100% reduce 100%
26/03/02 03:33:26 INFO mapreduce.Job: Job job_local333021045_0029 completed successfully
26/03/02 03:33:26 INFO mapreduce.Job: Counters: 35
	File System Counters
		FILE: Number of bytes read=21247610
		FILE: Number of bytes written=64087020
		FILE: Number of read operations=0
		FILE: Number of large read operations=0
		FILE: Number of write operations=0
		HDFS: Number of bytes read=106884925
		HDFS: Number of bytes written=203248
		HDFS: Number of read operations=7975
		HDFS: Number of large read operations=0
		HDFS: Number of write operations=2570
	Map-Reduce Framework
		Map input records=10000
		Map output records=10000
		Map output bytes=520000
		Map output materialized bytes=456
		Input split bytes=121
		Combine input records=10000
		Combine output records=8
		Reduce input groups=8
		Reduce shuffle bytes=456
		Reduce input records=8
		Reduce output records=8
		Spilled Records=16
		Shuffled Maps =4
		Failed Shuffles=0
		Merged Map outputs=4
		GC time elapsed (ms)=0
		Total committed heap usage (bytes)=2542796800
	Shuffle Errors
		BAD_ID=0
		CONNECTION=0
		IO_ERROR=0
		WRONG_LENGTH=0
		WRONG_MAP=0
		WRONG_REDUCE=0
	File Input Format Counters 
		Bytes Read=733758
	File Output Format Counters 
		Bytes Written=811
26/03/02 03:33:26 INFO jvm.JvmMetrics: Cannot initialize JVM Metrics with processName=JobTracker, sessionId= - already initialized
26/03/02 03:33:26 WARN mapreduce.JobResourceUploader: Hadoop command-line option parsing not performed. Implement the Tool interface and execute your application with ToolRunner to remedy this.
26/03/02 03:33:26 INFO input.FileInputFormat: Total input paths to process : 1
26/03/02 03:33:26 INFO mapreduce.JobSubmitter: number of splits:1
26/03/02 03:33:26 INFO mapreduce.JobSubmitter: Submitting tokens for job: job_local420996377_0030
26/03/02 03:33:26 INFO mapred.LocalDistributedCacheManager: Creating symlink: /tmp/hadoop-ds503/mapred/local/1772422406722/centers_iter_29.csv <- /home/ds503/centers_iter_29.csv
26/03/02 03:33:26 INFO mapred.LocalDistributedCacheManager: Localized hdfs://localhost:9000/project2/task2/runs_report_plus/k8_r30_opt/centers_iter_29.csv as file:/tmp/hadoop-ds503/mapred/local/1772422406722/centers_iter_29.csv
26/03/02 03:33:26 INFO mapreduce.Job: The url to track the job: http://localhost:8080/
26/03/02 03:33:26 INFO mapreduce.Job: Running job: job_local420996377_0030
26/03/02 03:33:26 INFO mapred.LocalJobRunner: OutputCommitter set in config null
26/03/02 03:33:26 INFO output.FileOutputCommitter: File Output Committer Algorithm version is 1
26/03/02 03:33:26 INFO mapred.LocalJobRunner: OutputCommitter is org.apache.hadoop.mapreduce.lib.output.FileOutputCommitter
26/03/02 03:33:26 INFO mapred.LocalJobRunner: Waiting for map tasks
26/03/02 03:33:26 INFO mapred.LocalJobRunner: Starting task: attempt_local420996377_0030_m_000000_0
26/03/02 03:33:26 INFO output.FileOutputCommitter: File Output Committer Algorithm version is 1
26/03/02 03:33:26 INFO mapred.Task:  Using ResourceCalculatorProcessTree : [ ]
26/03/02 03:33:26 INFO mapred.MapTask: Processing split: hdfs://localhost:9000/project2/task2/input/points_4d.csv:0+733758
26/03/02 03:33:26 INFO mapred.MapTask: (EQUATOR) 0 kvi 26214396(104857584)
26/03/02 03:33:26 INFO mapred.MapTask: mapreduce.task.io.sort.mb: 100
26/03/02 03:33:26 INFO mapred.MapTask: soft limit at 83886080
26/03/02 03:33:26 INFO mapred.MapTask: bufstart = 0; bufvoid = 104857600
26/03/02 03:33:26 INFO mapred.MapTask: kvstart = 26214396; length = 6553600
26/03/02 03:33:26 INFO mapred.MapTask: Map output collector class = org.apache.hadoop.mapred.MapTask$MapOutputBuffer
26/03/02 03:33:26 INFO mapred.LocalJobRunner: 
26/03/02 03:33:26 INFO mapred.MapTask: Starting flush of map output
26/03/02 03:33:26 INFO mapred.MapTask: Spilling map output
26/03/02 03:33:26 INFO mapred.MapTask: bufstart = 0; bufend = 520000; bufvoid = 104857600
26/03/02 03:33:26 INFO mapred.MapTask: kvstart = 26214396(104857584); kvend = 26174400(104697600); length = 39997/6553600
26/03/02 03:33:26 INFO mapred.MapTask: Finished spill 0
26/03/02 03:33:26 INFO mapred.Task: Task:attempt_local420996377_0030_m_000000_0 is done. And is in the process of committing
26/03/02 03:33:26 INFO mapred.LocalJobRunner: map
26/03/02 03:33:26 INFO mapred.Task: Task 'attempt_local420996377_0030_m_000000_0' done.
26/03/02 03:33:26 INFO mapred.Task: Final Counters for attempt_local420996377_0030_m_000000_0: Counters: 23
	File System Counters
		FILE: Number of bytes read=4394968
		FILE: Number of bytes written=13258508
		FILE: Number of read operations=0
		FILE: Number of large read operations=0
		FILE: Number of write operations=0
		HDFS: Number of bytes read=22114177
		HDFS: Number of bytes written=41661
		HDFS: Number of read operations=1645
		HDFS: Number of large read operations=0
		HDFS: Number of write operations=528
	Map-Reduce Framework
		Map input records=10000
		Map output records=10000
		Map output bytes=520000
		Map output materialized bytes=456
		Input split bytes=121
		Combine input records=10000
		Combine output records=8
		Spilled Records=8
		Failed Shuffles=0
		Merged Map outputs=0
		GC time elapsed (ms)=22
		Total committed heap usage (bytes)=527433728
	File Input Format Counters 
		Bytes Read=733758
26/03/02 03:33:26 INFO mapred.LocalJobRunner: Finishing task: attempt_local420996377_0030_m_000000_0
26/03/02 03:33:26 INFO mapred.LocalJobRunner: map task executor complete.
26/03/02 03:33:26 INFO mapred.LocalJobRunner: Waiting for reduce tasks
26/03/02 03:33:26 INFO mapred.LocalJobRunner: Starting task: attempt_local420996377_0030_r_000000_0
26/03/02 03:33:26 INFO output.FileOutputCommitter: File Output Committer Algorithm version is 1
26/03/02 03:33:26 INFO mapred.Task:  Using ResourceCalculatorProcessTree : [ ]
26/03/02 03:33:26 INFO mapred.ReduceTask: Using ShuffleConsumerPlugin: org.apache.hadoop.mapreduce.task.reduce.Shuffle@63499856
26/03/02 03:33:26 INFO reduce.MergeManagerImpl: MergerManager: memoryLimit=369203616, maxSingleShuffleLimit=92300904, mergeThreshold=243674400, ioSortFactor=10, memToMemMergeOutputsThreshold=10
26/03/02 03:33:26 INFO reduce.EventFetcher: attempt_local420996377_0030_r_000000_0 Thread started: EventFetcher for fetching Map Completion Events
26/03/02 03:33:26 INFO reduce.LocalFetcher: localfetcher#117 about to shuffle output of map attempt_local420996377_0030_m_000000_0 decomp: 110 len: 114 to MEMORY
26/03/02 03:33:26 INFO reduce.InMemoryMapOutput: Read 110 bytes from map-output for attempt_local420996377_0030_m_000000_0
26/03/02 03:33:26 INFO reduce.MergeManagerImpl: closeInMemoryFile -> map-output of size: 110, inMemoryMapOutputs.size() -> 1, commitMemory -> 0, usedMemory ->110
26/03/02 03:33:26 INFO reduce.EventFetcher: EventFetcher is interrupted.. Returning
26/03/02 03:33:26 INFO mapred.LocalJobRunner: 1 / 1 copied.
26/03/02 03:33:26 INFO reduce.MergeManagerImpl: finalMerge called with 1 in-memory map-outputs and 0 on-disk map-outputs
26/03/02 03:33:26 INFO mapred.Merger: Merging 1 sorted segments
26/03/02 03:33:26 INFO mapred.Merger: Down to the last merge-pass, with 1 segments left of total size: 104 bytes
26/03/02 03:33:26 INFO reduce.MergeManagerImpl: Merged 1 segments, 110 bytes to disk to satisfy reduce memory limit
26/03/02 03:33:26 INFO reduce.MergeManagerImpl: Merging 1 files, 114 bytes from disk
26/03/02 03:33:26 INFO reduce.MergeManagerImpl: Merging 0 segments, 0 bytes from memory into reduce
26/03/02 03:33:26 INFO mapred.Merger: Merging 1 sorted segments
26/03/02 03:33:26 INFO mapred.Merger: Down to the last merge-pass, with 1 segments left of total size: 104 bytes
26/03/02 03:33:26 INFO mapred.LocalJobRunner: 1 / 1 copied.
26/03/02 03:33:26 INFO mapred.Task: Task:attempt_local420996377_0030_r_000000_0 is done. And is in the process of committing
26/03/02 03:33:26 INFO mapred.LocalJobRunner: 1 / 1 copied.
26/03/02 03:33:26 INFO mapred.Task: Task attempt_local420996377_0030_r_000000_0 is allowed to commit now
26/03/02 03:33:26 INFO output.FileOutputCommitter: Saved output of task 'attempt_local420996377_0030_r_000000_0' to hdfs://localhost:9000/project2/task2/runs_report_plus/k8_r30_opt/iter_30/_temporary/0/task_local420996377_0030_r_000000
26/03/02 03:33:26 INFO mapred.LocalJobRunner: reduce > reduce
26/03/02 03:33:26 INFO mapred.Task: Task 'attempt_local420996377_0030_r_000000_0' done.
26/03/02 03:33:26 INFO mapred.Task: Final Counters for attempt_local420996377_0030_r_000000_0: Counters: 29
	File System Counters
		FILE: Number of bytes read=4395642
		FILE: Number of bytes written=13258622
		FILE: Number of read operations=0
		FILE: Number of large read operations=0
		FILE: Number of write operations=0
		HDFS: Number of bytes read=22114177
		HDFS: Number of bytes written=41866
		HDFS: Number of read operations=1648
		HDFS: Number of large read operations=0
		HDFS: Number of write operations=530
	Map-Reduce Framework
		Combine input records=0
		Combine output records=0
		Reduce input groups=2
		Reduce shuffle bytes=114
		Reduce input records=2
		Reduce output records=2
		Spilled Records=2
		Shuffled Maps =1
		Failed Shuffles=0
		Merged Map outputs=1
		GC time elapsed (ms)=0
		Total committed heap usage (bytes)=527433728
	Shuffle Errors
		BAD_ID=0
		CONNECTION=0
		IO_ERROR=0
		WRONG_LENGTH=0
		WRONG_MAP=0
		WRONG_REDUCE=0
	File Output Format Counters 
		Bytes Written=205
26/03/02 03:33:26 INFO mapred.LocalJobRunner: Finishing task: attempt_local420996377_0030_r_000000_0
26/03/02 03:33:26 INFO mapred.LocalJobRunner: Starting task: attempt_local420996377_0030_r_000001_0
26/03/02 03:33:26 INFO output.FileOutputCommitter: File Output Committer Algorithm version is 1
26/03/02 03:33:26 INFO mapred.Task:  Using ResourceCalculatorProcessTree : [ ]
26/03/02 03:33:26 INFO mapred.ReduceTask: Using ShuffleConsumerPlugin: org.apache.hadoop.mapreduce.task.reduce.Shuffle@317d69c
26/03/02 03:33:26 INFO reduce.MergeManagerImpl: MergerManager: memoryLimit=369203616, maxSingleShuffleLimit=92300904, mergeThreshold=243674400, ioSortFactor=10, memToMemMergeOutputsThreshold=10
26/03/02 03:33:26 INFO reduce.EventFetcher: attempt_local420996377_0030_r_000001_0 Thread started: EventFetcher for fetching Map Completion Events
26/03/02 03:33:26 INFO reduce.LocalFetcher: localfetcher#118 about to shuffle output of map attempt_local420996377_0030_m_000000_0 decomp: 110 len: 114 to MEMORY
26/03/02 03:33:26 INFO reduce.InMemoryMapOutput: Read 110 bytes from map-output for attempt_local420996377_0030_m_000000_0
26/03/02 03:33:26 INFO reduce.MergeManagerImpl: closeInMemoryFile -> map-output of size: 110, inMemoryMapOutputs.size() -> 1, commitMemory -> 0, usedMemory ->110
26/03/02 03:33:26 INFO reduce.EventFetcher: EventFetcher is interrupted.. Returning
26/03/02 03:33:26 INFO mapred.LocalJobRunner: 1 / 1 copied.
26/03/02 03:33:26 INFO reduce.MergeManagerImpl: finalMerge called with 1 in-memory map-outputs and 0 on-disk map-outputs
26/03/02 03:33:26 INFO mapred.Merger: Merging 1 sorted segments
26/03/02 03:33:26 INFO mapred.Merger: Down to the last merge-pass, with 1 segments left of total size: 104 bytes
26/03/02 03:33:26 INFO reduce.MergeManagerImpl: Merged 1 segments, 110 bytes to disk to satisfy reduce memory limit
26/03/02 03:33:26 INFO reduce.MergeManagerImpl: Merging 1 files, 114 bytes from disk
26/03/02 03:33:26 INFO reduce.MergeManagerImpl: Merging 0 segments, 0 bytes from memory into reduce
26/03/02 03:33:26 INFO mapred.Merger: Merging 1 sorted segments
26/03/02 03:33:26 INFO mapred.Merger: Down to the last merge-pass, with 1 segments left of total size: 104 bytes
26/03/02 03:33:26 INFO mapred.LocalJobRunner: 1 / 1 copied.
26/03/02 03:33:26 INFO mapred.Task: Task:attempt_local420996377_0030_r_000001_0 is done. And is in the process of committing
26/03/02 03:33:26 INFO mapred.LocalJobRunner: 1 / 1 copied.
26/03/02 03:33:26 INFO mapred.Task: Task attempt_local420996377_0030_r_000001_0 is allowed to commit now
26/03/02 03:33:26 INFO output.FileOutputCommitter: Saved output of task 'attempt_local420996377_0030_r_000001_0' to hdfs://localhost:9000/project2/task2/runs_report_plus/k8_r30_opt/iter_30/_temporary/0/task_local420996377_0030_r_000001
26/03/02 03:33:26 INFO mapred.LocalJobRunner: reduce > reduce
26/03/02 03:33:26 INFO mapred.Task: Task 'attempt_local420996377_0030_r_000001_0' done.
26/03/02 03:33:26 INFO mapred.Task: Final Counters for attempt_local420996377_0030_r_000001_0: Counters: 29
	File System Counters
		FILE: Number of bytes read=4396202
		FILE: Number of bytes written=13258736
		FILE: Number of read operations=0
		FILE: Number of large read operations=0
		FILE: Number of write operations=0
		HDFS: Number of bytes read=22114177
		HDFS: Number of bytes written=42069
		HDFS: Number of read operations=1651
		HDFS: Number of large read operations=0
		HDFS: Number of write operations=532
	Map-Reduce Framework
		Combine input records=0
		Combine output records=0
		Reduce input groups=2
		Reduce shuffle bytes=114
		Reduce input records=2
		Reduce output records=2
		Spilled Records=2
		Shuffled Maps =1
		Failed Shuffles=0
		Merged Map outputs=1
		GC time elapsed (ms)=0
		Total committed heap usage (bytes)=527433728
	Shuffle Errors
		BAD_ID=0
		CONNECTION=0
		IO_ERROR=0
		WRONG_LENGTH=0
		WRONG_MAP=0
		WRONG_REDUCE=0
	File Output Format Counters 
		Bytes Written=203
26/03/02 03:33:26 INFO mapred.LocalJobRunner: Finishing task: attempt_local420996377_0030_r_000001_0
26/03/02 03:33:26 INFO mapred.LocalJobRunner: Starting task: attempt_local420996377_0030_r_000002_0
26/03/02 03:33:26 INFO output.FileOutputCommitter: File Output Committer Algorithm version is 1
26/03/02 03:33:26 INFO mapred.Task:  Using ResourceCalculatorProcessTree : [ ]
26/03/02 03:33:26 INFO mapred.ReduceTask: Using ShuffleConsumerPlugin: org.apache.hadoop.mapreduce.task.reduce.Shuffle@7b1be0ec
26/03/02 03:33:26 INFO reduce.MergeManagerImpl: MergerManager: memoryLimit=369203616, maxSingleShuffleLimit=92300904, mergeThreshold=243674400, ioSortFactor=10, memToMemMergeOutputsThreshold=10
26/03/02 03:33:26 INFO reduce.EventFetcher: attempt_local420996377_0030_r_000002_0 Thread started: EventFetcher for fetching Map Completion Events
26/03/02 03:33:26 INFO reduce.LocalFetcher: localfetcher#119 about to shuffle output of map attempt_local420996377_0030_m_000000_0 decomp: 110 len: 114 to MEMORY
26/03/02 03:33:26 INFO reduce.InMemoryMapOutput: Read 110 bytes from map-output for attempt_local420996377_0030_m_000000_0
26/03/02 03:33:26 INFO reduce.MergeManagerImpl: closeInMemoryFile -> map-output of size: 110, inMemoryMapOutputs.size() -> 1, commitMemory -> 0, usedMemory ->110
26/03/02 03:33:26 INFO reduce.EventFetcher: EventFetcher is interrupted.. Returning
26/03/02 03:33:26 INFO mapred.LocalJobRunner: 1 / 1 copied.
26/03/02 03:33:26 INFO reduce.MergeManagerImpl: finalMerge called with 1 in-memory map-outputs and 0 on-disk map-outputs
26/03/02 03:33:26 INFO mapred.Merger: Merging 1 sorted segments
26/03/02 03:33:26 INFO mapred.Merger: Down to the last merge-pass, with 1 segments left of total size: 104 bytes
26/03/02 03:33:26 INFO reduce.MergeManagerImpl: Merged 1 segments, 110 bytes to disk to satisfy reduce memory limit
26/03/02 03:33:26 INFO reduce.MergeManagerImpl: Merging 1 files, 114 bytes from disk
26/03/02 03:33:26 INFO reduce.MergeManagerImpl: Merging 0 segments, 0 bytes from memory into reduce
26/03/02 03:33:26 INFO mapred.Merger: Merging 1 sorted segments
26/03/02 03:33:26 INFO mapred.Merger: Down to the last merge-pass, with 1 segments left of total size: 104 bytes
26/03/02 03:33:26 INFO mapred.LocalJobRunner: 1 / 1 copied.
26/03/02 03:33:27 INFO mapred.Task: Task:attempt_local420996377_0030_r_000002_0 is done. And is in the process of committing
26/03/02 03:33:27 INFO mapred.LocalJobRunner: 1 / 1 copied.
26/03/02 03:33:27 INFO mapred.Task: Task attempt_local420996377_0030_r_000002_0 is allowed to commit now
26/03/02 03:33:27 INFO output.FileOutputCommitter: Saved output of task 'attempt_local420996377_0030_r_000002_0' to hdfs://localhost:9000/project2/task2/runs_report_plus/k8_r30_opt/iter_30/_temporary/0/task_local420996377_0030_r_000002
26/03/02 03:33:27 INFO mapred.LocalJobRunner: reduce > reduce
26/03/02 03:33:27 INFO mapred.Task: Task 'attempt_local420996377_0030_r_000002_0' done.
26/03/02 03:33:27 INFO mapred.Task: Final Counters for attempt_local420996377_0030_r_000002_0: Counters: 29
	File System Counters
		FILE: Number of bytes read=4396648
		FILE: Number of bytes written=13258850
		FILE: Number of read operations=0
		FILE: Number of large read operations=0
		FILE: Number of write operations=0
		HDFS: Number of bytes read=22114177
		HDFS: Number of bytes written=42273
		HDFS: Number of read operations=1654
		HDFS: Number of large read operations=0
		HDFS: Number of write operations=534
	Map-Reduce Framework
		Combine input records=0
		Combine output records=0
		Reduce input groups=2
		Reduce shuffle bytes=114
		Reduce input records=2
		Reduce output records=2
		Spilled Records=2
		Shuffled Maps =1
		Failed Shuffles=0
		Merged Map outputs=1
		GC time elapsed (ms)=0
		Total committed heap usage (bytes)=527433728
	Shuffle Errors
		BAD_ID=0
		CONNECTION=0
		IO_ERROR=0
		WRONG_LENGTH=0
		WRONG_MAP=0
		WRONG_REDUCE=0
	File Output Format Counters 
		Bytes Written=204
26/03/02 03:33:27 INFO mapred.LocalJobRunner: Finishing task: attempt_local420996377_0030_r_000002_0
26/03/02 03:33:27 INFO mapred.LocalJobRunner: Starting task: attempt_local420996377_0030_r_000003_0
26/03/02 03:33:27 INFO output.FileOutputCommitter: File Output Committer Algorithm version is 1
26/03/02 03:33:27 INFO mapred.Task:  Using ResourceCalculatorProcessTree : [ ]
26/03/02 03:33:27 INFO mapred.ReduceTask: Using ShuffleConsumerPlugin: org.apache.hadoop.mapreduce.task.reduce.Shuffle@71020302
26/03/02 03:33:27 INFO reduce.MergeManagerImpl: MergerManager: memoryLimit=369203616, maxSingleShuffleLimit=92300904, mergeThreshold=243674400, ioSortFactor=10, memToMemMergeOutputsThreshold=10
26/03/02 03:33:27 INFO reduce.EventFetcher: attempt_local420996377_0030_r_000003_0 Thread started: EventFetcher for fetching Map Completion Events
26/03/02 03:33:27 INFO reduce.LocalFetcher: localfetcher#120 about to shuffle output of map attempt_local420996377_0030_m_000000_0 decomp: 110 len: 114 to MEMORY
26/03/02 03:33:27 INFO reduce.InMemoryMapOutput: Read 110 bytes from map-output for attempt_local420996377_0030_m_000000_0
26/03/02 03:33:27 INFO reduce.MergeManagerImpl: closeInMemoryFile -> map-output of size: 110, inMemoryMapOutputs.size() -> 1, commitMemory -> 0, usedMemory ->110
26/03/02 03:33:27 WARN io.ReadaheadPool: Failed readahead on ifile
EBADF: Bad file descriptor
	at org.apache.hadoop.io.nativeio.NativeIO$POSIX.posix_fadvise(Native Method)
	at org.apache.hadoop.io.nativeio.NativeIO$POSIX.posixFadviseIfPossible(NativeIO.java:267)
	at org.apache.hadoop.io.nativeio.NativeIO$POSIX$CacheManipulator.posixFadviseIfPossible(NativeIO.java:146)
	at org.apache.hadoop.io.ReadaheadPool$ReadaheadRequestImpl.run(ReadaheadPool.java:206)
	at java.util.concurrent.ThreadPoolExecutor.runWorker(ThreadPoolExecutor.java:1149)
	at java.util.concurrent.ThreadPoolExecutor$Worker.run(ThreadPoolExecutor.java:624)
	at java.lang.Thread.run(Thread.java:748)
26/03/02 03:33:27 INFO reduce.EventFetcher: EventFetcher is interrupted.. Returning
26/03/02 03:33:27 INFO mapred.LocalJobRunner: 1 / 1 copied.
26/03/02 03:33:27 INFO reduce.MergeManagerImpl: finalMerge called with 1 in-memory map-outputs and 0 on-disk map-outputs
26/03/02 03:33:27 INFO mapred.Merger: Merging 1 sorted segments
26/03/02 03:33:27 INFO mapred.Merger: Down to the last merge-pass, with 1 segments left of total size: 104 bytes
26/03/02 03:33:27 INFO reduce.MergeManagerImpl: Merged 1 segments, 110 bytes to disk to satisfy reduce memory limit
26/03/02 03:33:27 INFO reduce.MergeManagerImpl: Merging 1 files, 114 bytes from disk
26/03/02 03:33:27 INFO reduce.MergeManagerImpl: Merging 0 segments, 0 bytes from memory into reduce
26/03/02 03:33:27 INFO mapred.Merger: Merging 1 sorted segments
26/03/02 03:33:27 INFO mapred.Merger: Down to the last merge-pass, with 1 segments left of total size: 104 bytes
26/03/02 03:33:27 INFO mapred.LocalJobRunner: 1 / 1 copied.
26/03/02 03:33:27 INFO mapred.Task: Task:attempt_local420996377_0030_r_000003_0 is done. And is in the process of committing
26/03/02 03:33:27 INFO mapred.LocalJobRunner: 1 / 1 copied.
26/03/02 03:33:27 INFO mapred.Task: Task attempt_local420996377_0030_r_000003_0 is allowed to commit now
26/03/02 03:33:27 INFO output.FileOutputCommitter: Saved output of task 'attempt_local420996377_0030_r_000003_0' to hdfs://localhost:9000/project2/task2/runs_report_plus/k8_r30_opt/iter_30/_temporary/0/task_local420996377_0030_r_000003
26/03/02 03:33:27 INFO mapred.LocalJobRunner: reduce > reduce
26/03/02 03:33:27 INFO mapred.Task: Task 'attempt_local420996377_0030_r_000003_0' done.
26/03/02 03:33:27 INFO mapred.Task: Final Counters for attempt_local420996377_0030_r_000003_0: Counters: 29
	File System Counters
		FILE: Number of bytes read=4396980
		FILE: Number of bytes written=13258964
		FILE: Number of read operations=0
		FILE: Number of large read operations=0
		FILE: Number of write operations=0
		HDFS: Number of bytes read=22114177
		HDFS: Number of bytes written=42476
		HDFS: Number of read operations=1657
		HDFS: Number of large read operations=0
		HDFS: Number of write operations=536
	Map-Reduce Framework
		Combine input records=0
		Combine output records=0
		Reduce input groups=2
		Reduce shuffle bytes=114
		Reduce input records=2
		Reduce output records=2
		Spilled Records=2
		Shuffled Maps =1
		Failed Shuffles=0
		Merged Map outputs=1
		GC time elapsed (ms)=0
		Total committed heap usage (bytes)=527433728
	Shuffle Errors
		BAD_ID=0
		CONNECTION=0
		IO_ERROR=0
		WRONG_LENGTH=0
		WRONG_MAP=0
		WRONG_REDUCE=0
	File Output Format Counters 
		Bytes Written=203
26/03/02 03:33:27 INFO mapred.LocalJobRunner: Finishing task: attempt_local420996377_0030_r_000003_0
26/03/02 03:33:27 INFO mapred.LocalJobRunner: reduce task executor complete.
26/03/02 03:33:27 INFO mapreduce.Job: Job job_local420996377_0030 running in uber mode : false
26/03/02 03:33:27 INFO mapreduce.Job:  map 100% reduce 100%
26/03/02 03:33:27 INFO mapreduce.Job: Job job_local420996377_0030 completed successfully
26/03/02 03:33:27 INFO mapreduce.Job: Counters: 35
	File System Counters
		FILE: Number of bytes read=21980440
		FILE: Number of bytes written=66293680
		FILE: Number of read operations=0
		FILE: Number of large read operations=0
		FILE: Number of write operations=0
		HDFS: Number of bytes read=110570885
		HDFS: Number of bytes written=210345
		HDFS: Number of read operations=8255
		HDFS: Number of large read operations=0
		HDFS: Number of write operations=2660
	Map-Reduce Framework
		Map input records=10000
		Map output records=10000
		Map output bytes=520000
		Map output materialized bytes=456
		Input split bytes=121
		Combine input records=10000
		Combine output records=8
		Reduce input groups=8
		Reduce shuffle bytes=456
		Reduce input records=8
		Reduce output records=8
		Spilled Records=16
		Shuffled Maps =4
		Failed Shuffles=0
		Merged Map outputs=4
		GC time elapsed (ms)=22
		Total committed heap usage (bytes)=2637168640
	Shuffle Errors
		BAD_ID=0
		CONNECTION=0
		IO_ERROR=0
		WRONG_LENGTH=0
		WRONG_MAP=0
		WRONG_REDUCE=0
	File Input Format Counters 
		Bytes Read=733758
	File Output Format Counters 
		Bytes Written=815
Done. mode=OPT_CENTERS, rounds=30, converged=false
