26/03/02 03:37:39 INFO Configuration.deprecation: session.id is deprecated. Instead, use dfs.metrics.session-id
26/03/02 03:37:39 INFO jvm.JvmMetrics: Initializing JVM Metrics with processName=JobTracker, sessionId=
26/03/02 03:37:39 WARN mapreduce.JobResourceUploader: Hadoop command-line option parsing not performed. Implement the Tool interface and execute your application with ToolRunner to remedy this.
26/03/02 03:37:39 INFO input.FileInputFormat: Total input paths to process : 1
26/03/02 03:37:39 INFO mapreduce.JobSubmitter: number of splits:1
26/03/02 03:37:39 INFO mapreduce.JobSubmitter: Submitting tokens for job: job_local514908041_0001
26/03/02 03:37:39 INFO mapred.LocalDistributedCacheManager: Creating symlink: /tmp/hadoop-ds503/mapred/local/1772422659316/centers_initial.csv <- /home/ds503/centers_initial.csv
26/03/02 03:37:39 INFO mapred.LocalDistributedCacheManager: Localized hdfs://localhost:9000/project2/task2/runs_report_plus/scale100k_opt/centers_initial.csv as file:/tmp/hadoop-ds503/mapred/local/1772422659316/centers_initial.csv
26/03/02 03:37:39 INFO mapreduce.Job: The url to track the job: http://localhost:8080/
26/03/02 03:37:39 INFO mapreduce.Job: Running job: job_local514908041_0001
26/03/02 03:37:39 INFO mapred.LocalJobRunner: OutputCommitter set in config null
26/03/02 03:37:39 INFO output.FileOutputCommitter: File Output Committer Algorithm version is 1
26/03/02 03:37:39 INFO mapred.LocalJobRunner: OutputCommitter is org.apache.hadoop.mapreduce.lib.output.FileOutputCommitter
26/03/02 03:37:39 INFO mapred.LocalJobRunner: Waiting for map tasks
26/03/02 03:37:39 INFO mapred.LocalJobRunner: Starting task: attempt_local514908041_0001_m_000000_0
26/03/02 03:37:39 INFO output.FileOutputCommitter: File Output Committer Algorithm version is 1
26/03/02 03:37:39 INFO mapred.Task:  Using ResourceCalculatorProcessTree : [ ]
26/03/02 03:37:39 INFO mapred.MapTask: Processing split: hdfs://localhost:9000/project2/task2/input/points_100k.csv:0+7337711
26/03/02 03:37:39 INFO mapred.MapTask: (EQUATOR) 0 kvi 26214396(104857584)
26/03/02 03:37:39 INFO mapred.MapTask: mapreduce.task.io.sort.mb: 100
26/03/02 03:37:39 INFO mapred.MapTask: soft limit at 83886080
26/03/02 03:37:39 INFO mapred.MapTask: bufstart = 0; bufvoid = 104857600
26/03/02 03:37:39 INFO mapred.MapTask: kvstart = 26214396; length = 6553600
26/03/02 03:37:39 INFO mapred.MapTask: Map output collector class = org.apache.hadoop.mapred.MapTask$MapOutputBuffer
26/03/02 03:37:39 INFO mapred.LocalJobRunner: 
26/03/02 03:37:39 INFO mapred.MapTask: Starting flush of map output
26/03/02 03:37:39 INFO mapred.MapTask: Spilling map output
26/03/02 03:37:39 INFO mapred.MapTask: bufstart = 0; bufend = 5200000; bufvoid = 104857600
26/03/02 03:37:39 INFO mapred.MapTask: kvstart = 26214396(104857584); kvend = 25814400(103257600); length = 399997/6553600
26/03/02 03:37:39 INFO mapred.MapTask: Finished spill 0
26/03/02 03:37:39 INFO mapred.Task: Task:attempt_local514908041_0001_m_000000_0 is done. And is in the process of committing
26/03/02 03:37:39 INFO mapred.LocalJobRunner: map
26/03/02 03:37:39 INFO mapred.Task: Task 'attempt_local514908041_0001_m_000000_0' done.
26/03/02 03:37:39 INFO mapred.Task: Final Counters for attempt_local514908041_0001_m_000000_0: Counters: 23
	File System Counters
		FILE: Number of bytes read=144556
		FILE: Number of bytes written=440492
		FILE: Number of read operations=0
		FILE: Number of large read operations=0
		FILE: Number of write operations=0
		HDFS: Number of bytes read=7338821
		HDFS: Number of bytes written=370
		HDFS: Number of read operations=21
		HDFS: Number of large read operations=0
		HDFS: Number of write operations=6
	Map-Reduce Framework
		Map input records=100000
		Map output records=100000
		Map output bytes=5200000
		Map output materialized bytes=294
		Input split bytes=123
		Combine input records=100000
		Combine output records=5
		Spilled Records=5
		Failed Shuffles=0
		Merged Map outputs=0
		GC time elapsed (ms)=9
		Total committed heap usage (bytes)=325582848
	File Input Format Counters 
		Bytes Read=7337711
26/03/02 03:37:39 INFO mapred.LocalJobRunner: Finishing task: attempt_local514908041_0001_m_000000_0
26/03/02 03:37:39 INFO mapred.LocalJobRunner: map task executor complete.
26/03/02 03:37:39 INFO mapred.LocalJobRunner: Waiting for reduce tasks
26/03/02 03:37:39 INFO mapred.LocalJobRunner: Starting task: attempt_local514908041_0001_r_000000_0
26/03/02 03:37:39 INFO output.FileOutputCommitter: File Output Committer Algorithm version is 1
26/03/02 03:37:39 INFO mapred.Task:  Using ResourceCalculatorProcessTree : [ ]
26/03/02 03:37:39 INFO mapred.ReduceTask: Using ShuffleConsumerPlugin: org.apache.hadoop.mapreduce.task.reduce.Shuffle@64a31835
26/03/02 03:37:39 INFO reduce.MergeManagerImpl: MergerManager: memoryLimit=334338464, maxSingleShuffleLimit=83584616, mergeThreshold=220663392, ioSortFactor=10, memToMemMergeOutputsThreshold=10
26/03/02 03:37:39 INFO reduce.EventFetcher: attempt_local514908041_0001_r_000000_0 Thread started: EventFetcher for fetching Map Completion Events
26/03/02 03:37:39 INFO reduce.LocalFetcher: localfetcher#1 about to shuffle output of map attempt_local514908041_0001_m_000000_0 decomp: 110 len: 114 to MEMORY
26/03/02 03:37:39 INFO reduce.InMemoryMapOutput: Read 110 bytes from map-output for attempt_local514908041_0001_m_000000_0
26/03/02 03:37:39 INFO reduce.MergeManagerImpl: closeInMemoryFile -> map-output of size: 110, inMemoryMapOutputs.size() -> 1, commitMemory -> 0, usedMemory ->110
26/03/02 03:37:39 INFO reduce.EventFetcher: EventFetcher is interrupted.. Returning
26/03/02 03:37:39 INFO mapred.LocalJobRunner: 1 / 1 copied.
26/03/02 03:37:39 INFO reduce.MergeManagerImpl: finalMerge called with 1 in-memory map-outputs and 0 on-disk map-outputs
26/03/02 03:37:39 INFO mapred.Merger: Merging 1 sorted segments
26/03/02 03:37:39 INFO mapred.Merger: Down to the last merge-pass, with 1 segments left of total size: 104 bytes
26/03/02 03:37:39 INFO reduce.MergeManagerImpl: Merged 1 segments, 110 bytes to disk to satisfy reduce memory limit
26/03/02 03:37:39 INFO reduce.MergeManagerImpl: Merging 1 files, 114 bytes from disk
26/03/02 03:37:39 INFO reduce.MergeManagerImpl: Merging 0 segments, 0 bytes from memory into reduce
26/03/02 03:37:39 INFO mapred.Merger: Merging 1 sorted segments
26/03/02 03:37:39 INFO mapred.Merger: Down to the last merge-pass, with 1 segments left of total size: 104 bytes
26/03/02 03:37:39 INFO mapred.LocalJobRunner: 1 / 1 copied.
26/03/02 03:37:39 INFO Configuration.deprecation: mapred.skip.on is deprecated. Instead, use mapreduce.job.skiprecords
26/03/02 03:37:39 INFO mapred.Task: Task:attempt_local514908041_0001_r_000000_0 is done. And is in the process of committing
26/03/02 03:37:39 INFO mapred.LocalJobRunner: 1 / 1 copied.
26/03/02 03:37:39 INFO mapred.Task: Task attempt_local514908041_0001_r_000000_0 is allowed to commit now
26/03/02 03:37:39 INFO output.FileOutputCommitter: Saved output of task 'attempt_local514908041_0001_r_000000_0' to hdfs://localhost:9000/project2/task2/runs_report_plus/scale100k_opt/iter_1/_temporary/0/task_local514908041_0001_r_000000
26/03/02 03:37:39 INFO mapred.LocalJobRunner: reduce > reduce
26/03/02 03:37:39 INFO mapred.Task: Task 'attempt_local514908041_0001_r_000000_0' done.
26/03/02 03:37:39 INFO mapred.Task: Final Counters for attempt_local514908041_0001_r_000000_0: Counters: 29
	File System Counters
		FILE: Number of bytes read=145068
		FILE: Number of bytes written=440606
		FILE: Number of read operations=0
		FILE: Number of large read operations=0
		FILE: Number of write operations=0
		HDFS: Number of bytes read=7338821
		HDFS: Number of bytes written=571
		HDFS: Number of read operations=24
		HDFS: Number of large read operations=0
		HDFS: Number of write operations=8
	Map-Reduce Framework
		Combine input records=0
		Combine output records=0
		Reduce input groups=2
		Reduce shuffle bytes=114
		Reduce input records=2
		Reduce output records=2
		Spilled Records=2
		Shuffled Maps =1
		Failed Shuffles=0
		Merged Map outputs=1
		GC time elapsed (ms)=0
		Total committed heap usage (bytes)=325582848
	Shuffle Errors
		BAD_ID=0
		CONNECTION=0
		IO_ERROR=0
		WRONG_LENGTH=0
		WRONG_MAP=0
		WRONG_REDUCE=0
	File Output Format Counters 
		Bytes Written=201
26/03/02 03:37:39 INFO mapred.LocalJobRunner: Finishing task: attempt_local514908041_0001_r_000000_0
26/03/02 03:37:39 INFO mapred.LocalJobRunner: Starting task: attempt_local514908041_0001_r_000001_0
26/03/02 03:37:39 INFO output.FileOutputCommitter: File Output Committer Algorithm version is 1
26/03/02 03:37:39 INFO mapred.Task:  Using ResourceCalculatorProcessTree : [ ]
26/03/02 03:37:39 INFO mapred.ReduceTask: Using ShuffleConsumerPlugin: org.apache.hadoop.mapreduce.task.reduce.Shuffle@50bcb61f
26/03/02 03:37:39 INFO reduce.MergeManagerImpl: MergerManager: memoryLimit=334338464, maxSingleShuffleLimit=83584616, mergeThreshold=220663392, ioSortFactor=10, memToMemMergeOutputsThreshold=10
26/03/02 03:37:39 INFO reduce.EventFetcher: attempt_local514908041_0001_r_000001_0 Thread started: EventFetcher for fetching Map Completion Events
26/03/02 03:37:39 INFO reduce.LocalFetcher: localfetcher#2 about to shuffle output of map attempt_local514908041_0001_m_000000_0 decomp: 56 len: 60 to MEMORY
26/03/02 03:37:39 INFO reduce.InMemoryMapOutput: Read 56 bytes from map-output for attempt_local514908041_0001_m_000000_0
26/03/02 03:37:39 INFO reduce.MergeManagerImpl: closeInMemoryFile -> map-output of size: 56, inMemoryMapOutputs.size() -> 1, commitMemory -> 0, usedMemory ->56
26/03/02 03:37:39 INFO reduce.EventFetcher: EventFetcher is interrupted.. Returning
26/03/02 03:37:39 WARN io.ReadaheadPool: Failed readahead on ifile
EBADF: Bad file descriptor
	at org.apache.hadoop.io.nativeio.NativeIO$POSIX.posix_fadvise(Native Method)
	at org.apache.hadoop.io.nativeio.NativeIO$POSIX.posixFadviseIfPossible(NativeIO.java:267)
	at org.apache.hadoop.io.nativeio.NativeIO$POSIX$CacheManipulator.posixFadviseIfPossible(NativeIO.java:146)
	at org.apache.hadoop.io.ReadaheadPool$ReadaheadRequestImpl.run(ReadaheadPool.java:206)
	at java.util.concurrent.ThreadPoolExecutor.runWorker(ThreadPoolExecutor.java:1149)
	at java.util.concurrent.ThreadPoolExecutor$Worker.run(ThreadPoolExecutor.java:624)
	at java.lang.Thread.run(Thread.java:748)
26/03/02 03:37:39 INFO mapred.LocalJobRunner: 1 / 1 copied.
26/03/02 03:37:39 INFO reduce.MergeManagerImpl: finalMerge called with 1 in-memory map-outputs and 0 on-disk map-outputs
26/03/02 03:37:39 INFO mapred.Merger: Merging 1 sorted segments
26/03/02 03:37:39 INFO mapred.Merger: Down to the last merge-pass, with 1 segments left of total size: 50 bytes
26/03/02 03:37:39 INFO reduce.MergeManagerImpl: Merged 1 segments, 56 bytes to disk to satisfy reduce memory limit
26/03/02 03:37:39 INFO reduce.MergeManagerImpl: Merging 1 files, 60 bytes from disk
26/03/02 03:37:39 INFO reduce.MergeManagerImpl: Merging 0 segments, 0 bytes from memory into reduce
26/03/02 03:37:39 INFO mapred.Merger: Merging 1 sorted segments
26/03/02 03:37:39 INFO mapred.Merger: Down to the last merge-pass, with 1 segments left of total size: 50 bytes
26/03/02 03:37:39 INFO mapred.LocalJobRunner: 1 / 1 copied.
26/03/02 03:37:39 INFO mapred.Task: Task:attempt_local514908041_0001_r_000001_0 is done. And is in the process of committing
26/03/02 03:37:39 INFO mapred.LocalJobRunner: 1 / 1 copied.
26/03/02 03:37:39 INFO mapred.Task: Task attempt_local514908041_0001_r_000001_0 is allowed to commit now
26/03/02 03:37:39 INFO output.FileOutputCommitter: Saved output of task 'attempt_local514908041_0001_r_000001_0' to hdfs://localhost:9000/project2/task2/runs_report_plus/scale100k_opt/iter_1/_temporary/0/task_local514908041_0001_r_000001
26/03/02 03:37:39 INFO mapred.LocalJobRunner: reduce > reduce
26/03/02 03:37:39 INFO mapred.Task: Task 'attempt_local514908041_0001_r_000001_0' done.
26/03/02 03:37:39 INFO mapred.Task: Final Counters for attempt_local514908041_0001_r_000001_0: Counters: 29
	File System Counters
		FILE: Number of bytes read=145412
		FILE: Number of bytes written=440666
		FILE: Number of read operations=0
		FILE: Number of large read operations=0
		FILE: Number of write operations=0
		HDFS: Number of bytes read=7338821
		HDFS: Number of bytes written=672
		HDFS: Number of read operations=27
		HDFS: Number of large read operations=0
		HDFS: Number of write operations=10
	Map-Reduce Framework
		Combine input records=0
		Combine output records=0
		Reduce input groups=1
		Reduce shuffle bytes=60
		Reduce input records=1
		Reduce output records=1
		Spilled Records=1
		Shuffled Maps =1
		Failed Shuffles=0
		Merged Map outputs=1
		GC time elapsed (ms)=0
		Total committed heap usage (bytes)=325582848
	Shuffle Errors
		BAD_ID=0
		CONNECTION=0
		IO_ERROR=0
		WRONG_LENGTH=0
		WRONG_MAP=0
		WRONG_REDUCE=0
	File Output Format Counters 
		Bytes Written=101
26/03/02 03:37:39 INFO mapred.LocalJobRunner: Finishing task: attempt_local514908041_0001_r_000001_0
26/03/02 03:37:39 INFO mapred.LocalJobRunner: Starting task: attempt_local514908041_0001_r_000002_0
26/03/02 03:37:39 INFO output.FileOutputCommitter: File Output Committer Algorithm version is 1
26/03/02 03:37:39 INFO mapred.Task:  Using ResourceCalculatorProcessTree : [ ]
26/03/02 03:37:39 INFO mapred.ReduceTask: Using ShuffleConsumerPlugin: org.apache.hadoop.mapreduce.task.reduce.Shuffle@465cf53b
26/03/02 03:37:39 INFO reduce.MergeManagerImpl: MergerManager: memoryLimit=334338464, maxSingleShuffleLimit=83584616, mergeThreshold=220663392, ioSortFactor=10, memToMemMergeOutputsThreshold=10
26/03/02 03:37:39 INFO reduce.EventFetcher: attempt_local514908041_0001_r_000002_0 Thread started: EventFetcher for fetching Map Completion Events
26/03/02 03:37:39 INFO reduce.LocalFetcher: localfetcher#3 about to shuffle output of map attempt_local514908041_0001_m_000000_0 decomp: 56 len: 60 to MEMORY
26/03/02 03:37:39 INFO reduce.InMemoryMapOutput: Read 56 bytes from map-output for attempt_local514908041_0001_m_000000_0
26/03/02 03:37:39 INFO reduce.MergeManagerImpl: closeInMemoryFile -> map-output of size: 56, inMemoryMapOutputs.size() -> 1, commitMemory -> 0, usedMemory ->56
26/03/02 03:37:39 INFO reduce.EventFetcher: EventFetcher is interrupted.. Returning
26/03/02 03:37:39 INFO mapred.LocalJobRunner: 1 / 1 copied.
26/03/02 03:37:39 INFO reduce.MergeManagerImpl: finalMerge called with 1 in-memory map-outputs and 0 on-disk map-outputs
26/03/02 03:37:39 INFO mapred.Merger: Merging 1 sorted segments
26/03/02 03:37:39 INFO mapred.Merger: Down to the last merge-pass, with 1 segments left of total size: 50 bytes
26/03/02 03:37:39 INFO reduce.MergeManagerImpl: Merged 1 segments, 56 bytes to disk to satisfy reduce memory limit
26/03/02 03:37:39 INFO reduce.MergeManagerImpl: Merging 1 files, 60 bytes from disk
26/03/02 03:37:39 INFO reduce.MergeManagerImpl: Merging 0 segments, 0 bytes from memory into reduce
26/03/02 03:37:39 INFO mapred.Merger: Merging 1 sorted segments
26/03/02 03:37:39 INFO mapred.Merger: Down to the last merge-pass, with 1 segments left of total size: 50 bytes
26/03/02 03:37:39 INFO mapred.LocalJobRunner: 1 / 1 copied.
26/03/02 03:37:39 INFO mapred.Task: Task:attempt_local514908041_0001_r_000002_0 is done. And is in the process of committing
26/03/02 03:37:39 INFO mapred.LocalJobRunner: 1 / 1 copied.
26/03/02 03:37:39 INFO mapred.Task: Task attempt_local514908041_0001_r_000002_0 is allowed to commit now
26/03/02 03:37:39 INFO output.FileOutputCommitter: Saved output of task 'attempt_local514908041_0001_r_000002_0' to hdfs://localhost:9000/project2/task2/runs_report_plus/scale100k_opt/iter_1/_temporary/0/task_local514908041_0001_r_000002
26/03/02 03:37:39 INFO mapred.LocalJobRunner: reduce > reduce
26/03/02 03:37:39 INFO mapred.Task: Task 'attempt_local514908041_0001_r_000002_0' done.
26/03/02 03:37:39 INFO mapred.Task: Final Counters for attempt_local514908041_0001_r_000002_0: Counters: 29
	File System Counters
		FILE: Number of bytes read=145696
		FILE: Number of bytes written=440726
		FILE: Number of read operations=0
		FILE: Number of large read operations=0
		FILE: Number of write operations=0
		HDFS: Number of bytes read=7338821
		HDFS: Number of bytes written=773
		HDFS: Number of read operations=30
		HDFS: Number of large read operations=0
		HDFS: Number of write operations=12
	Map-Reduce Framework
		Combine input records=0
		Combine output records=0
		Reduce input groups=1
		Reduce shuffle bytes=60
		Reduce input records=1
		Reduce output records=1
		Spilled Records=1
		Shuffled Maps =1
		Failed Shuffles=0
		Merged Map outputs=1
		GC time elapsed (ms)=0
		Total committed heap usage (bytes)=325582848
	Shuffle Errors
		BAD_ID=0
		CONNECTION=0
		IO_ERROR=0
		WRONG_LENGTH=0
		WRONG_MAP=0
		WRONG_REDUCE=0
	File Output Format Counters 
		Bytes Written=101
26/03/02 03:37:39 INFO mapred.LocalJobRunner: Finishing task: attempt_local514908041_0001_r_000002_0
26/03/02 03:37:39 INFO mapred.LocalJobRunner: Starting task: attempt_local514908041_0001_r_000003_0
26/03/02 03:37:39 INFO output.FileOutputCommitter: File Output Committer Algorithm version is 1
26/03/02 03:37:39 INFO mapred.Task:  Using ResourceCalculatorProcessTree : [ ]
26/03/02 03:37:39 INFO mapred.ReduceTask: Using ShuffleConsumerPlugin: org.apache.hadoop.mapreduce.task.reduce.Shuffle@1a2dc9a7
26/03/02 03:37:39 INFO reduce.MergeManagerImpl: MergerManager: memoryLimit=334338464, maxSingleShuffleLimit=83584616, mergeThreshold=220663392, ioSortFactor=10, memToMemMergeOutputsThreshold=10
26/03/02 03:37:39 INFO reduce.EventFetcher: attempt_local514908041_0001_r_000003_0 Thread started: EventFetcher for fetching Map Completion Events
26/03/02 03:37:39 INFO reduce.LocalFetcher: localfetcher#4 about to shuffle output of map attempt_local514908041_0001_m_000000_0 decomp: 56 len: 60 to MEMORY
26/03/02 03:37:39 INFO reduce.InMemoryMapOutput: Read 56 bytes from map-output for attempt_local514908041_0001_m_000000_0
26/03/02 03:37:39 INFO reduce.MergeManagerImpl: closeInMemoryFile -> map-output of size: 56, inMemoryMapOutputs.size() -> 1, commitMemory -> 0, usedMemory ->56
26/03/02 03:37:39 INFO reduce.EventFetcher: EventFetcher is interrupted.. Returning
26/03/02 03:37:39 INFO mapred.LocalJobRunner: 1 / 1 copied.
26/03/02 03:37:39 INFO reduce.MergeManagerImpl: finalMerge called with 1 in-memory map-outputs and 0 on-disk map-outputs
26/03/02 03:37:40 INFO mapred.Merger: Merging 1 sorted segments
26/03/02 03:37:40 INFO mapred.Merger: Down to the last merge-pass, with 1 segments left of total size: 50 bytes
26/03/02 03:37:40 INFO reduce.MergeManagerImpl: Merged 1 segments, 56 bytes to disk to satisfy reduce memory limit
26/03/02 03:37:40 INFO reduce.MergeManagerImpl: Merging 1 files, 60 bytes from disk
26/03/02 03:37:40 INFO reduce.MergeManagerImpl: Merging 0 segments, 0 bytes from memory into reduce
26/03/02 03:37:40 INFO mapred.Merger: Merging 1 sorted segments
26/03/02 03:37:40 INFO mapred.Merger: Down to the last merge-pass, with 1 segments left of total size: 50 bytes
26/03/02 03:37:40 INFO mapred.LocalJobRunner: 1 / 1 copied.
26/03/02 03:37:40 INFO mapred.Task: Task:attempt_local514908041_0001_r_000003_0 is done. And is in the process of committing
26/03/02 03:37:40 INFO mapred.LocalJobRunner: 1 / 1 copied.
26/03/02 03:37:40 INFO mapred.Task: Task attempt_local514908041_0001_r_000003_0 is allowed to commit now
26/03/02 03:37:40 INFO output.FileOutputCommitter: Saved output of task 'attempt_local514908041_0001_r_000003_0' to hdfs://localhost:9000/project2/task2/runs_report_plus/scale100k_opt/iter_1/_temporary/0/task_local514908041_0001_r_000003
26/03/02 03:37:40 INFO mapred.LocalJobRunner: reduce > reduce
26/03/02 03:37:40 INFO mapred.Task: Task 'attempt_local514908041_0001_r_000003_0' done.
26/03/02 03:37:40 INFO mapred.Task: Final Counters for attempt_local514908041_0001_r_000003_0: Counters: 29
	File System Counters
		FILE: Number of bytes read=145920
		FILE: Number of bytes written=440786
		FILE: Number of read operations=0
		FILE: Number of large read operations=0
		FILE: Number of write operations=0
		HDFS: Number of bytes read=7338821
		HDFS: Number of bytes written=875
		HDFS: Number of read operations=33
		HDFS: Number of large read operations=0
		HDFS: Number of write operations=14
	Map-Reduce Framework
		Combine input records=0
		Combine output records=0
		Reduce input groups=1
		Reduce shuffle bytes=60
		Reduce input records=1
		Reduce output records=1
		Spilled Records=1
		Shuffled Maps =1
		Failed Shuffles=0
		Merged Map outputs=1
		GC time elapsed (ms)=0
		Total committed heap usage (bytes)=325582848
	Shuffle Errors
		BAD_ID=0
		CONNECTION=0
		IO_ERROR=0
		WRONG_LENGTH=0
		WRONG_MAP=0
		WRONG_REDUCE=0
	File Output Format Counters 
		Bytes Written=102
26/03/02 03:37:40 INFO mapred.LocalJobRunner: Finishing task: attempt_local514908041_0001_r_000003_0
26/03/02 03:37:40 INFO mapred.LocalJobRunner: reduce task executor complete.
26/03/02 03:37:40 INFO mapreduce.Job: Job job_local514908041_0001 running in uber mode : false
26/03/02 03:37:40 INFO mapreduce.Job:  map 100% reduce 100%
26/03/02 03:37:40 INFO mapreduce.Job: Job job_local514908041_0001 completed successfully
26/03/02 03:37:40 INFO mapreduce.Job: Counters: 35
	File System Counters
		FILE: Number of bytes read=726652
		FILE: Number of bytes written=2203276
		FILE: Number of read operations=0
		FILE: Number of large read operations=0
		FILE: Number of write operations=0
		HDFS: Number of bytes read=36694105
		HDFS: Number of bytes written=3261
		HDFS: Number of read operations=135
		HDFS: Number of large read operations=0
		HDFS: Number of write operations=50
	Map-Reduce Framework
		Map input records=100000
		Map output records=100000
		Map output bytes=5200000
		Map output materialized bytes=294
		Input split bytes=123
		Combine input records=100000
		Combine output records=5
		Reduce input groups=5
		Reduce shuffle bytes=294
		Reduce input records=5
		Reduce output records=5
		Spilled Records=10
		Shuffled Maps =4
		Failed Shuffles=0
		Merged Map outputs=4
		GC time elapsed (ms)=9
		Total committed heap usage (bytes)=1627914240
	Shuffle Errors
		BAD_ID=0
		CONNECTION=0
		IO_ERROR=0
		WRONG_LENGTH=0
		WRONG_MAP=0
		WRONG_REDUCE=0
	File Input Format Counters 
		Bytes Read=7337711
	File Output Format Counters 
		Bytes Written=505
26/03/02 03:37:40 INFO jvm.JvmMetrics: Cannot initialize JVM Metrics with processName=JobTracker, sessionId= - already initialized
26/03/02 03:37:40 WARN mapreduce.JobResourceUploader: Hadoop command-line option parsing not performed. Implement the Tool interface and execute your application with ToolRunner to remedy this.
26/03/02 03:37:40 INFO input.FileInputFormat: Total input paths to process : 1
26/03/02 03:37:40 INFO mapreduce.JobSubmitter: number of splits:1
26/03/02 03:37:40 INFO mapreduce.JobSubmitter: Submitting tokens for job: job_local1214718953_0002
26/03/02 03:37:40 INFO mapred.LocalDistributedCacheManager: Creating symlink: /tmp/hadoop-ds503/mapred/local/1772422660492/centers_iter_1.csv <- /home/ds503/centers_iter_1.csv
26/03/02 03:37:40 INFO mapred.LocalDistributedCacheManager: Localized hdfs://localhost:9000/project2/task2/runs_report_plus/scale100k_opt/centers_iter_1.csv as file:/tmp/hadoop-ds503/mapred/local/1772422660492/centers_iter_1.csv
26/03/02 03:37:40 INFO mapreduce.Job: The url to track the job: http://localhost:8080/
26/03/02 03:37:40 INFO mapreduce.Job: Running job: job_local1214718953_0002
26/03/02 03:37:40 INFO mapred.LocalJobRunner: OutputCommitter set in config null
26/03/02 03:37:40 INFO output.FileOutputCommitter: File Output Committer Algorithm version is 1
26/03/02 03:37:40 INFO mapred.LocalJobRunner: OutputCommitter is org.apache.hadoop.mapreduce.lib.output.FileOutputCommitter
26/03/02 03:37:40 INFO mapred.LocalJobRunner: Waiting for map tasks
26/03/02 03:37:40 INFO mapred.LocalJobRunner: Starting task: attempt_local1214718953_0002_m_000000_0
26/03/02 03:37:40 INFO output.FileOutputCommitter: File Output Committer Algorithm version is 1
26/03/02 03:37:40 INFO mapred.Task:  Using ResourceCalculatorProcessTree : [ ]
26/03/02 03:37:40 INFO mapred.MapTask: Processing split: hdfs://localhost:9000/project2/task2/input/points_100k.csv:0+7337711
26/03/02 03:37:40 INFO mapred.MapTask: (EQUATOR) 0 kvi 26214396(104857584)
26/03/02 03:37:40 INFO mapred.MapTask: mapreduce.task.io.sort.mb: 100
26/03/02 03:37:40 INFO mapred.MapTask: soft limit at 83886080
26/03/02 03:37:40 INFO mapred.MapTask: bufstart = 0; bufvoid = 104857600
26/03/02 03:37:40 INFO mapred.MapTask: kvstart = 26214396; length = 6553600
26/03/02 03:37:40 INFO mapred.MapTask: Map output collector class = org.apache.hadoop.mapred.MapTask$MapOutputBuffer
26/03/02 03:37:40 INFO mapred.LocalJobRunner: 
26/03/02 03:37:40 INFO mapred.MapTask: Starting flush of map output
26/03/02 03:37:40 INFO mapred.MapTask: Spilling map output
26/03/02 03:37:40 INFO mapred.MapTask: bufstart = 0; bufend = 5200000; bufvoid = 104857600
26/03/02 03:37:40 INFO mapred.MapTask: kvstart = 26214396(104857584); kvend = 25814400(103257600); length = 399997/6553600
26/03/02 03:37:40 INFO mapred.MapTask: Finished spill 0
26/03/02 03:37:40 INFO mapred.Task: Task:attempt_local1214718953_0002_m_000000_0 is done. And is in the process of committing
26/03/02 03:37:40 INFO mapred.LocalJobRunner: map
26/03/02 03:37:40 INFO mapred.Task: Task 'attempt_local1214718953_0002_m_000000_0' done.
26/03/02 03:37:40 INFO mapred.Task: Final Counters for attempt_local1214718953_0002_m_000000_0: Counters: 23
	File System Counters
		FILE: Number of bytes read=290476
		FILE: Number of bytes written=882867
		FILE: Number of read operations=0
		FILE: Number of large read operations=0
		FILE: Number of write operations=0
		HDFS: Number of bytes read=14678660
		HDFS: Number of bytes written=1249
		HDFS: Number of read operations=77
		HDFS: Number of large read operations=0
		HDFS: Number of write operations=24
	Map-Reduce Framework
		Map input records=100000
		Map output records=100000
		Map output bytes=5200000
		Map output materialized bytes=294
		Input split bytes=123
		Combine input records=100000
		Combine output records=5
		Spilled Records=5
		Failed Shuffles=0
		Merged Map outputs=0
		GC time elapsed (ms)=196
		Total committed heap usage (bytes)=427294720
	File Input Format Counters 
		Bytes Read=7337711
26/03/02 03:37:40 INFO mapred.LocalJobRunner: Finishing task: attempt_local1214718953_0002_m_000000_0
26/03/02 03:37:40 INFO mapred.LocalJobRunner: map task executor complete.
26/03/02 03:37:40 INFO mapred.LocalJobRunner: Waiting for reduce tasks
26/03/02 03:37:40 INFO mapred.LocalJobRunner: Starting task: attempt_local1214718953_0002_r_000000_0
26/03/02 03:37:40 INFO output.FileOutputCommitter: File Output Committer Algorithm version is 1
26/03/02 03:37:40 INFO mapred.Task:  Using ResourceCalculatorProcessTree : [ ]
26/03/02 03:37:40 INFO mapred.ReduceTask: Using ShuffleConsumerPlugin: org.apache.hadoop.mapreduce.task.reduce.Shuffle@2795d46f
26/03/02 03:37:40 INFO reduce.MergeManagerImpl: MergerManager: memoryLimit=334338464, maxSingleShuffleLimit=83584616, mergeThreshold=220663392, ioSortFactor=10, memToMemMergeOutputsThreshold=10
26/03/02 03:37:40 INFO reduce.EventFetcher: attempt_local1214718953_0002_r_000000_0 Thread started: EventFetcher for fetching Map Completion Events
26/03/02 03:37:40 INFO reduce.LocalFetcher: localfetcher#5 about to shuffle output of map attempt_local1214718953_0002_m_000000_0 decomp: 110 len: 114 to MEMORY
26/03/02 03:37:40 INFO reduce.InMemoryMapOutput: Read 110 bytes from map-output for attempt_local1214718953_0002_m_000000_0
26/03/02 03:37:40 INFO reduce.MergeManagerImpl: closeInMemoryFile -> map-output of size: 110, inMemoryMapOutputs.size() -> 1, commitMemory -> 0, usedMemory ->110
26/03/02 03:37:40 INFO reduce.EventFetcher: EventFetcher is interrupted.. Returning
26/03/02 03:37:40 INFO mapred.LocalJobRunner: 1 / 1 copied.
26/03/02 03:37:40 INFO reduce.MergeManagerImpl: finalMerge called with 1 in-memory map-outputs and 0 on-disk map-outputs
26/03/02 03:37:40 INFO mapred.Merger: Merging 1 sorted segments
26/03/02 03:37:40 INFO mapred.Merger: Down to the last merge-pass, with 1 segments left of total size: 104 bytes
26/03/02 03:37:40 INFO reduce.MergeManagerImpl: Merged 1 segments, 110 bytes to disk to satisfy reduce memory limit
26/03/02 03:37:40 INFO reduce.MergeManagerImpl: Merging 1 files, 114 bytes from disk
26/03/02 03:37:40 INFO reduce.MergeManagerImpl: Merging 0 segments, 0 bytes from memory into reduce
26/03/02 03:37:40 INFO mapred.Merger: Merging 1 sorted segments
26/03/02 03:37:40 INFO mapred.Merger: Down to the last merge-pass, with 1 segments left of total size: 104 bytes
26/03/02 03:37:40 INFO mapred.LocalJobRunner: 1 / 1 copied.
26/03/02 03:37:40 INFO mapred.Task: Task:attempt_local1214718953_0002_r_000000_0 is done. And is in the process of committing
26/03/02 03:37:40 INFO mapred.LocalJobRunner: 1 / 1 copied.
26/03/02 03:37:40 INFO mapred.Task: Task attempt_local1214718953_0002_r_000000_0 is allowed to commit now
26/03/02 03:37:40 INFO output.FileOutputCommitter: Saved output of task 'attempt_local1214718953_0002_r_000000_0' to hdfs://localhost:9000/project2/task2/runs_report_plus/scale100k_opt/iter_2/_temporary/0/task_local1214718953_0002_r_000000
26/03/02 03:37:40 INFO mapred.LocalJobRunner: reduce > reduce
26/03/02 03:37:40 INFO mapred.Task: Task 'attempt_local1214718953_0002_r_000000_0' done.
26/03/02 03:37:40 INFO mapred.Task: Final Counters for attempt_local1214718953_0002_r_000000_0: Counters: 29
	File System Counters
		FILE: Number of bytes read=290988
		FILE: Number of bytes written=882981
		FILE: Number of read operations=0
		FILE: Number of large read operations=0
		FILE: Number of write operations=0
		HDFS: Number of bytes read=14678660
		HDFS: Number of bytes written=1454
		HDFS: Number of read operations=80
		HDFS: Number of large read operations=0
		HDFS: Number of write operations=26
	Map-Reduce Framework
		Combine input records=0
		Combine output records=0
		Reduce input groups=2
		Reduce shuffle bytes=114
		Reduce input records=2
		Reduce output records=2
		Spilled Records=2
		Shuffled Maps =1
		Failed Shuffles=0
		Merged Map outputs=1
		GC time elapsed (ms)=0
		Total committed heap usage (bytes)=427294720
	Shuffle Errors
		BAD_ID=0
		CONNECTION=0
		IO_ERROR=0
		WRONG_LENGTH=0
		WRONG_MAP=0
		WRONG_REDUCE=0
	File Output Format Counters 
		Bytes Written=205
26/03/02 03:37:40 INFO mapred.LocalJobRunner: Finishing task: attempt_local1214718953_0002_r_000000_0
26/03/02 03:37:40 INFO mapred.LocalJobRunner: Starting task: attempt_local1214718953_0002_r_000001_0
26/03/02 03:37:40 INFO output.FileOutputCommitter: File Output Committer Algorithm version is 1
26/03/02 03:37:40 INFO mapred.Task:  Using ResourceCalculatorProcessTree : [ ]
26/03/02 03:37:40 INFO mapred.ReduceTask: Using ShuffleConsumerPlugin: org.apache.hadoop.mapreduce.task.reduce.Shuffle@6150a318
26/03/02 03:37:40 INFO reduce.MergeManagerImpl: MergerManager: memoryLimit=334338464, maxSingleShuffleLimit=83584616, mergeThreshold=220663392, ioSortFactor=10, memToMemMergeOutputsThreshold=10
26/03/02 03:37:40 INFO reduce.EventFetcher: attempt_local1214718953_0002_r_000001_0 Thread started: EventFetcher for fetching Map Completion Events
26/03/02 03:37:40 INFO reduce.LocalFetcher: localfetcher#6 about to shuffle output of map attempt_local1214718953_0002_m_000000_0 decomp: 56 len: 60 to MEMORY
26/03/02 03:37:41 INFO reduce.InMemoryMapOutput: Read 56 bytes from map-output for attempt_local1214718953_0002_m_000000_0
26/03/02 03:37:41 INFO reduce.MergeManagerImpl: closeInMemoryFile -> map-output of size: 56, inMemoryMapOutputs.size() -> 1, commitMemory -> 0, usedMemory ->56
26/03/02 03:37:41 INFO reduce.EventFetcher: EventFetcher is interrupted.. Returning
26/03/02 03:37:41 INFO mapred.LocalJobRunner: 1 / 1 copied.
26/03/02 03:37:41 INFO reduce.MergeManagerImpl: finalMerge called with 1 in-memory map-outputs and 0 on-disk map-outputs
26/03/02 03:37:41 INFO mapred.Merger: Merging 1 sorted segments
26/03/02 03:37:41 INFO mapred.Merger: Down to the last merge-pass, with 1 segments left of total size: 50 bytes
26/03/02 03:37:41 INFO reduce.MergeManagerImpl: Merged 1 segments, 56 bytes to disk to satisfy reduce memory limit
26/03/02 03:37:41 INFO reduce.MergeManagerImpl: Merging 1 files, 60 bytes from disk
26/03/02 03:37:41 INFO reduce.MergeManagerImpl: Merging 0 segments, 0 bytes from memory into reduce
26/03/02 03:37:41 INFO mapred.Merger: Merging 1 sorted segments
26/03/02 03:37:41 INFO mapred.Merger: Down to the last merge-pass, with 1 segments left of total size: 50 bytes
26/03/02 03:37:41 INFO mapred.LocalJobRunner: 1 / 1 copied.
26/03/02 03:37:41 INFO mapred.Task: Task:attempt_local1214718953_0002_r_000001_0 is done. And is in the process of committing
26/03/02 03:37:41 INFO mapred.LocalJobRunner: 1 / 1 copied.
26/03/02 03:37:41 INFO mapred.Task: Task attempt_local1214718953_0002_r_000001_0 is allowed to commit now
26/03/02 03:37:41 INFO output.FileOutputCommitter: Saved output of task 'attempt_local1214718953_0002_r_000001_0' to hdfs://localhost:9000/project2/task2/runs_report_plus/scale100k_opt/iter_2/_temporary/0/task_local1214718953_0002_r_000001
26/03/02 03:37:41 INFO mapred.LocalJobRunner: reduce > reduce
26/03/02 03:37:41 INFO mapred.Task: Task 'attempt_local1214718953_0002_r_000001_0' done.
26/03/02 03:37:41 INFO mapred.Task: Final Counters for attempt_local1214718953_0002_r_000001_0: Counters: 29
	File System Counters
		FILE: Number of bytes read=291332
		FILE: Number of bytes written=883041
		FILE: Number of read operations=0
		FILE: Number of large read operations=0
		FILE: Number of write operations=0
		HDFS: Number of bytes read=14678660
		HDFS: Number of bytes written=1554
		HDFS: Number of read operations=83
		HDFS: Number of large read operations=0
		HDFS: Number of write operations=28
	Map-Reduce Framework
		Combine input records=0
		Combine output records=0
		Reduce input groups=1
		Reduce shuffle bytes=60
		Reduce input records=1
		Reduce output records=1
		Spilled Records=1
		Shuffled Maps =1
		Failed Shuffles=0
		Merged Map outputs=1
		GC time elapsed (ms)=0
		Total committed heap usage (bytes)=427294720
	Shuffle Errors
		BAD_ID=0
		CONNECTION=0
		IO_ERROR=0
		WRONG_LENGTH=0
		WRONG_MAP=0
		WRONG_REDUCE=0
	File Output Format Counters 
		Bytes Written=100
26/03/02 03:37:41 INFO mapred.LocalJobRunner: Finishing task: attempt_local1214718953_0002_r_000001_0
26/03/02 03:37:41 INFO mapred.LocalJobRunner: Starting task: attempt_local1214718953_0002_r_000002_0
26/03/02 03:37:41 INFO output.FileOutputCommitter: File Output Committer Algorithm version is 1
26/03/02 03:37:41 INFO mapred.Task:  Using ResourceCalculatorProcessTree : [ ]
26/03/02 03:37:41 INFO mapred.ReduceTask: Using ShuffleConsumerPlugin: org.apache.hadoop.mapreduce.task.reduce.Shuffle@199895f8
26/03/02 03:37:41 INFO reduce.MergeManagerImpl: MergerManager: memoryLimit=334338464, maxSingleShuffleLimit=83584616, mergeThreshold=220663392, ioSortFactor=10, memToMemMergeOutputsThreshold=10
26/03/02 03:37:41 INFO reduce.EventFetcher: attempt_local1214718953_0002_r_000002_0 Thread started: EventFetcher for fetching Map Completion Events
26/03/02 03:37:41 INFO reduce.LocalFetcher: localfetcher#7 about to shuffle output of map attempt_local1214718953_0002_m_000000_0 decomp: 56 len: 60 to MEMORY
26/03/02 03:37:41 INFO reduce.InMemoryMapOutput: Read 56 bytes from map-output for attempt_local1214718953_0002_m_000000_0
26/03/02 03:37:41 INFO reduce.MergeManagerImpl: closeInMemoryFile -> map-output of size: 56, inMemoryMapOutputs.size() -> 1, commitMemory -> 0, usedMemory ->56
26/03/02 03:37:41 INFO reduce.EventFetcher: EventFetcher is interrupted.. Returning
26/03/02 03:37:41 INFO mapred.LocalJobRunner: 1 / 1 copied.
26/03/02 03:37:41 INFO reduce.MergeManagerImpl: finalMerge called with 1 in-memory map-outputs and 0 on-disk map-outputs
26/03/02 03:37:41 INFO mapred.Merger: Merging 1 sorted segments
26/03/02 03:37:41 INFO mapred.Merger: Down to the last merge-pass, with 1 segments left of total size: 50 bytes
26/03/02 03:37:41 INFO reduce.MergeManagerImpl: Merged 1 segments, 56 bytes to disk to satisfy reduce memory limit
26/03/02 03:37:41 INFO reduce.MergeManagerImpl: Merging 1 files, 60 bytes from disk
26/03/02 03:37:41 INFO reduce.MergeManagerImpl: Merging 0 segments, 0 bytes from memory into reduce
26/03/02 03:37:41 INFO mapred.Merger: Merging 1 sorted segments
26/03/02 03:37:41 INFO mapred.Merger: Down to the last merge-pass, with 1 segments left of total size: 50 bytes
26/03/02 03:37:41 INFO mapred.LocalJobRunner: 1 / 1 copied.
26/03/02 03:37:41 INFO mapred.Task: Task:attempt_local1214718953_0002_r_000002_0 is done. And is in the process of committing
26/03/02 03:37:41 INFO mapred.LocalJobRunner: 1 / 1 copied.
26/03/02 03:37:41 INFO mapred.Task: Task attempt_local1214718953_0002_r_000002_0 is allowed to commit now
26/03/02 03:37:41 INFO output.FileOutputCommitter: Saved output of task 'attempt_local1214718953_0002_r_000002_0' to hdfs://localhost:9000/project2/task2/runs_report_plus/scale100k_opt/iter_2/_temporary/0/task_local1214718953_0002_r_000002
26/03/02 03:37:41 INFO mapred.LocalJobRunner: reduce > reduce
26/03/02 03:37:41 INFO mapred.Task: Task 'attempt_local1214718953_0002_r_000002_0' done.
26/03/02 03:37:41 INFO mapred.Task: Final Counters for attempt_local1214718953_0002_r_000002_0: Counters: 29
	File System Counters
		FILE: Number of bytes read=291616
		FILE: Number of bytes written=883101
		FILE: Number of read operations=0
		FILE: Number of large read operations=0
		FILE: Number of write operations=0
		HDFS: Number of bytes read=14678660
		HDFS: Number of bytes written=1657
		HDFS: Number of read operations=86
		HDFS: Number of large read operations=0
		HDFS: Number of write operations=30
	Map-Reduce Framework
		Combine input records=0
		Combine output records=0
		Reduce input groups=1
		Reduce shuffle bytes=60
		Reduce input records=1
		Reduce output records=1
		Spilled Records=1
		Shuffled Maps =1
		Failed Shuffles=0
		Merged Map outputs=1
		GC time elapsed (ms)=0
		Total committed heap usage (bytes)=427294720
	Shuffle Errors
		BAD_ID=0
		CONNECTION=0
		IO_ERROR=0
		WRONG_LENGTH=0
		WRONG_MAP=0
		WRONG_REDUCE=0
	File Output Format Counters 
		Bytes Written=103
26/03/02 03:37:41 INFO mapred.LocalJobRunner: Finishing task: attempt_local1214718953_0002_r_000002_0
26/03/02 03:37:41 INFO mapred.LocalJobRunner: Starting task: attempt_local1214718953_0002_r_000003_0
26/03/02 03:37:41 INFO output.FileOutputCommitter: File Output Committer Algorithm version is 1
26/03/02 03:37:41 INFO mapred.Task:  Using ResourceCalculatorProcessTree : [ ]
26/03/02 03:37:41 INFO mapred.ReduceTask: Using ShuffleConsumerPlugin: org.apache.hadoop.mapreduce.task.reduce.Shuffle@6cecf1ea
26/03/02 03:37:41 INFO reduce.MergeManagerImpl: MergerManager: memoryLimit=334338464, maxSingleShuffleLimit=83584616, mergeThreshold=220663392, ioSortFactor=10, memToMemMergeOutputsThreshold=10
26/03/02 03:37:41 INFO reduce.EventFetcher: attempt_local1214718953_0002_r_000003_0 Thread started: EventFetcher for fetching Map Completion Events
26/03/02 03:37:41 INFO reduce.LocalFetcher: localfetcher#8 about to shuffle output of map attempt_local1214718953_0002_m_000000_0 decomp: 56 len: 60 to MEMORY
26/03/02 03:37:41 INFO reduce.InMemoryMapOutput: Read 56 bytes from map-output for attempt_local1214718953_0002_m_000000_0
26/03/02 03:37:41 INFO reduce.MergeManagerImpl: closeInMemoryFile -> map-output of size: 56, inMemoryMapOutputs.size() -> 1, commitMemory -> 0, usedMemory ->56
26/03/02 03:37:41 INFO reduce.EventFetcher: EventFetcher is interrupted.. Returning
26/03/02 03:37:41 INFO mapred.LocalJobRunner: 1 / 1 copied.
26/03/02 03:37:41 INFO reduce.MergeManagerImpl: finalMerge called with 1 in-memory map-outputs and 0 on-disk map-outputs
26/03/02 03:37:41 INFO mapred.Merger: Merging 1 sorted segments
26/03/02 03:37:41 INFO mapred.Merger: Down to the last merge-pass, with 1 segments left of total size: 50 bytes
26/03/02 03:37:41 INFO reduce.MergeManagerImpl: Merged 1 segments, 56 bytes to disk to satisfy reduce memory limit
26/03/02 03:37:41 INFO reduce.MergeManagerImpl: Merging 1 files, 60 bytes from disk
26/03/02 03:37:41 INFO reduce.MergeManagerImpl: Merging 0 segments, 0 bytes from memory into reduce
26/03/02 03:37:41 INFO mapred.Merger: Merging 1 sorted segments
26/03/02 03:37:41 INFO mapred.Merger: Down to the last merge-pass, with 1 segments left of total size: 50 bytes
26/03/02 03:37:41 INFO mapred.LocalJobRunner: 1 / 1 copied.
26/03/02 03:37:41 INFO mapred.Task: Task:attempt_local1214718953_0002_r_000003_0 is done. And is in the process of committing
26/03/02 03:37:41 INFO mapred.LocalJobRunner: 1 / 1 copied.
26/03/02 03:37:41 INFO mapred.Task: Task attempt_local1214718953_0002_r_000003_0 is allowed to commit now
26/03/02 03:37:41 INFO output.FileOutputCommitter: Saved output of task 'attempt_local1214718953_0002_r_000003_0' to hdfs://localhost:9000/project2/task2/runs_report_plus/scale100k_opt/iter_2/_temporary/0/task_local1214718953_0002_r_000003
26/03/02 03:37:41 INFO mapred.LocalJobRunner: reduce > reduce
26/03/02 03:37:41 INFO mapred.Task: Task 'attempt_local1214718953_0002_r_000003_0' done.
26/03/02 03:37:41 INFO mapred.Task: Final Counters for attempt_local1214718953_0002_r_000003_0: Counters: 29
	File System Counters
		FILE: Number of bytes read=291840
		FILE: Number of bytes written=883161
		FILE: Number of read operations=0
		FILE: Number of large read operations=0
		FILE: Number of write operations=0
		HDFS: Number of bytes read=14678660
		HDFS: Number of bytes written=1760
		HDFS: Number of read operations=89
		HDFS: Number of large read operations=0
		HDFS: Number of write operations=32
	Map-Reduce Framework
		Combine input records=0
		Combine output records=0
		Reduce input groups=1
		Reduce shuffle bytes=60
		Reduce input records=1
		Reduce output records=1
		Spilled Records=1
		Shuffled Maps =1
		Failed Shuffles=0
		Merged Map outputs=1
		GC time elapsed (ms)=0
		Total committed heap usage (bytes)=427294720
	Shuffle Errors
		BAD_ID=0
		CONNECTION=0
		IO_ERROR=0
		WRONG_LENGTH=0
		WRONG_MAP=0
		WRONG_REDUCE=0
	File Output Format Counters 
		Bytes Written=103
26/03/02 03:37:41 INFO mapred.LocalJobRunner: Finishing task: attempt_local1214718953_0002_r_000003_0
26/03/02 03:37:41 INFO mapred.LocalJobRunner: reduce task executor complete.
26/03/02 03:37:41 INFO mapreduce.Job: Job job_local1214718953_0002 running in uber mode : false
26/03/02 03:37:41 INFO mapreduce.Job:  map 100% reduce 100%
26/03/02 03:37:41 INFO mapreduce.Job: Job job_local1214718953_0002 completed successfully
26/03/02 03:37:41 INFO mapreduce.Job: Counters: 35
	File System Counters
		FILE: Number of bytes read=1456252
		FILE: Number of bytes written=4415151
		FILE: Number of read operations=0
		FILE: Number of large read operations=0
		FILE: Number of write operations=0
		HDFS: Number of bytes read=73393300
		HDFS: Number of bytes written=7674
		HDFS: Number of read operations=415
		HDFS: Number of large read operations=0
		HDFS: Number of write operations=140
	Map-Reduce Framework
		Map input records=100000
		Map output records=100000
		Map output bytes=5200000
		Map output materialized bytes=294
		Input split bytes=123
		Combine input records=100000
		Combine output records=5
		Reduce input groups=5
		Reduce shuffle bytes=294
		Reduce input records=5
		Reduce output records=5
		Spilled Records=10
		Shuffled Maps =4
		Failed Shuffles=0
		Merged Map outputs=4
		GC time elapsed (ms)=196
		Total committed heap usage (bytes)=2136473600
	Shuffle Errors
		BAD_ID=0
		CONNECTION=0
		IO_ERROR=0
		WRONG_LENGTH=0
		WRONG_MAP=0
		WRONG_REDUCE=0
	File Input Format Counters 
		Bytes Read=7337711
	File Output Format Counters 
		Bytes Written=511
26/03/02 03:37:41 INFO jvm.JvmMetrics: Cannot initialize JVM Metrics with processName=JobTracker, sessionId= - already initialized
26/03/02 03:37:41 WARN mapreduce.JobResourceUploader: Hadoop command-line option parsing not performed. Implement the Tool interface and execute your application with ToolRunner to remedy this.
26/03/02 03:37:41 INFO input.FileInputFormat: Total input paths to process : 1
26/03/02 03:37:41 INFO mapreduce.JobSubmitter: number of splits:1
26/03/02 03:37:41 INFO mapreduce.JobSubmitter: Submitting tokens for job: job_local1671264252_0003
26/03/02 03:37:41 INFO mapred.LocalDistributedCacheManager: Creating symlink: /tmp/hadoop-ds503/mapred/local/1772422661617/centers_iter_2.csv <- /home/ds503/centers_iter_2.csv
26/03/02 03:37:41 INFO mapred.LocalDistributedCacheManager: Localized hdfs://localhost:9000/project2/task2/runs_report_plus/scale100k_opt/centers_iter_2.csv as file:/tmp/hadoop-ds503/mapred/local/1772422661617/centers_iter_2.csv
26/03/02 03:37:41 INFO mapreduce.Job: The url to track the job: http://localhost:8080/
26/03/02 03:37:41 INFO mapreduce.Job: Running job: job_local1671264252_0003
26/03/02 03:37:41 INFO mapred.LocalJobRunner: OutputCommitter set in config null
26/03/02 03:37:41 INFO output.FileOutputCommitter: File Output Committer Algorithm version is 1
26/03/02 03:37:41 INFO mapred.LocalJobRunner: OutputCommitter is org.apache.hadoop.mapreduce.lib.output.FileOutputCommitter
26/03/02 03:37:41 INFO mapred.LocalJobRunner: Waiting for map tasks
26/03/02 03:37:41 INFO mapred.LocalJobRunner: Starting task: attempt_local1671264252_0003_m_000000_0
26/03/02 03:37:41 INFO output.FileOutputCommitter: File Output Committer Algorithm version is 1
26/03/02 03:37:41 INFO mapred.Task:  Using ResourceCalculatorProcessTree : [ ]
26/03/02 03:37:41 INFO mapred.MapTask: Processing split: hdfs://localhost:9000/project2/task2/input/points_100k.csv:0+7337711
26/03/02 03:37:41 INFO mapred.MapTask: (EQUATOR) 0 kvi 26214396(104857584)
26/03/02 03:37:41 INFO mapred.MapTask: mapreduce.task.io.sort.mb: 100
26/03/02 03:37:41 INFO mapred.MapTask: soft limit at 83886080
26/03/02 03:37:41 INFO mapred.MapTask: bufstart = 0; bufvoid = 104857600
26/03/02 03:37:41 INFO mapred.MapTask: kvstart = 26214396; length = 6553600
26/03/02 03:37:41 INFO mapred.MapTask: Map output collector class = org.apache.hadoop.mapred.MapTask$MapOutputBuffer
26/03/02 03:37:41 INFO mapred.LocalJobRunner: 
26/03/02 03:37:41 INFO mapred.MapTask: Starting flush of map output
26/03/02 03:37:41 INFO mapred.MapTask: Spilling map output
26/03/02 03:37:41 INFO mapred.MapTask: bufstart = 0; bufend = 5200000; bufvoid = 104857600
26/03/02 03:37:41 INFO mapred.MapTask: kvstart = 26214396(104857584); kvend = 25814400(103257600); length = 399997/6553600
26/03/02 03:37:42 INFO mapred.MapTask: Finished spill 0
26/03/02 03:37:42 INFO mapred.Task: Task:attempt_local1671264252_0003_m_000000_0 is done. And is in the process of committing
26/03/02 03:37:42 INFO mapred.LocalJobRunner: map
26/03/02 03:37:42 INFO mapred.Task: Task 'attempt_local1671264252_0003_m_000000_0' done.
26/03/02 03:37:42 INFO mapred.Task: Final Counters for attempt_local1671264252_0003_m_000000_0: Counters: 23
	File System Counters
		FILE: Number of bytes read=436396
		FILE: Number of bytes written=1325243
		FILE: Number of read operations=0
		FILE: Number of large read operations=0
		FILE: Number of write operations=0
		HDFS: Number of bytes read=22018517
		HDFS: Number of bytes written=2135
		HDFS: Number of read operations=133
		HDFS: Number of large read operations=0
		HDFS: Number of write operations=42
	Map-Reduce Framework
		Map input records=100000
		Map output records=100000
		Map output bytes=5200000
		Map output materialized bytes=294
		Input split bytes=123
		Combine input records=100000
		Combine output records=5
		Spilled Records=5
		Failed Shuffles=0
		Merged Map outputs=0
		GC time elapsed (ms)=34
		Total committed heap usage (bytes)=433061888
	File Input Format Counters 
		Bytes Read=7337711
26/03/02 03:37:42 INFO mapred.LocalJobRunner: Finishing task: attempt_local1671264252_0003_m_000000_0
26/03/02 03:37:42 INFO mapred.LocalJobRunner: map task executor complete.
26/03/02 03:37:42 INFO mapred.LocalJobRunner: Waiting for reduce tasks
26/03/02 03:37:42 INFO mapred.LocalJobRunner: Starting task: attempt_local1671264252_0003_r_000000_0
26/03/02 03:37:42 INFO output.FileOutputCommitter: File Output Committer Algorithm version is 1
26/03/02 03:37:42 INFO mapred.Task:  Using ResourceCalculatorProcessTree : [ ]
26/03/02 03:37:42 INFO mapred.ReduceTask: Using ShuffleConsumerPlugin: org.apache.hadoop.mapreduce.task.reduce.Shuffle@27fe5d75
26/03/02 03:37:42 INFO reduce.MergeManagerImpl: MergerManager: memoryLimit=334338464, maxSingleShuffleLimit=83584616, mergeThreshold=220663392, ioSortFactor=10, memToMemMergeOutputsThreshold=10
26/03/02 03:37:42 INFO reduce.EventFetcher: attempt_local1671264252_0003_r_000000_0 Thread started: EventFetcher for fetching Map Completion Events
26/03/02 03:37:42 INFO reduce.LocalFetcher: localfetcher#9 about to shuffle output of map attempt_local1671264252_0003_m_000000_0 decomp: 110 len: 114 to MEMORY
26/03/02 03:37:42 INFO reduce.InMemoryMapOutput: Read 110 bytes from map-output for attempt_local1671264252_0003_m_000000_0
26/03/02 03:37:42 INFO reduce.MergeManagerImpl: closeInMemoryFile -> map-output of size: 110, inMemoryMapOutputs.size() -> 1, commitMemory -> 0, usedMemory ->110
26/03/02 03:37:42 INFO reduce.EventFetcher: EventFetcher is interrupted.. Returning
26/03/02 03:37:42 INFO mapred.LocalJobRunner: 1 / 1 copied.
26/03/02 03:37:42 INFO reduce.MergeManagerImpl: finalMerge called with 1 in-memory map-outputs and 0 on-disk map-outputs
26/03/02 03:37:42 INFO mapred.Merger: Merging 1 sorted segments
26/03/02 03:37:42 INFO mapred.Merger: Down to the last merge-pass, with 1 segments left of total size: 104 bytes
26/03/02 03:37:42 INFO reduce.MergeManagerImpl: Merged 1 segments, 110 bytes to disk to satisfy reduce memory limit
26/03/02 03:37:42 INFO reduce.MergeManagerImpl: Merging 1 files, 114 bytes from disk
26/03/02 03:37:42 INFO reduce.MergeManagerImpl: Merging 0 segments, 0 bytes from memory into reduce
26/03/02 03:37:42 INFO mapred.Merger: Merging 1 sorted segments
26/03/02 03:37:42 INFO mapred.Merger: Down to the last merge-pass, with 1 segments left of total size: 104 bytes
26/03/02 03:37:42 INFO mapred.LocalJobRunner: 1 / 1 copied.
26/03/02 03:37:42 INFO mapred.Task: Task:attempt_local1671264252_0003_r_000000_0 is done. And is in the process of committing
26/03/02 03:37:42 INFO mapred.LocalJobRunner: 1 / 1 copied.
26/03/02 03:37:42 INFO mapred.Task: Task attempt_local1671264252_0003_r_000000_0 is allowed to commit now
26/03/02 03:37:42 INFO output.FileOutputCommitter: Saved output of task 'attempt_local1671264252_0003_r_000000_0' to hdfs://localhost:9000/project2/task2/runs_report_plus/scale100k_opt/iter_3/_temporary/0/task_local1671264252_0003_r_000000
26/03/02 03:37:42 INFO mapred.LocalJobRunner: reduce > reduce
26/03/02 03:37:42 INFO mapred.Task: Task 'attempt_local1671264252_0003_r_000000_0' done.
26/03/02 03:37:42 INFO mapred.Task: Final Counters for attempt_local1671264252_0003_r_000000_0: Counters: 29
	File System Counters
		FILE: Number of bytes read=436908
		FILE: Number of bytes written=1325357
		FILE: Number of read operations=0
		FILE: Number of large read operations=0
		FILE: Number of write operations=0
		HDFS: Number of bytes read=22018517
		HDFS: Number of bytes written=2339
		HDFS: Number of read operations=136
		HDFS: Number of large read operations=0
		HDFS: Number of write operations=44
	Map-Reduce Framework
		Combine input records=0
		Combine output records=0
		Reduce input groups=2
		Reduce shuffle bytes=114
		Reduce input records=2
		Reduce output records=2
		Spilled Records=2
		Shuffled Maps =1
		Failed Shuffles=0
		Merged Map outputs=1
		GC time elapsed (ms)=0
		Total committed heap usage (bytes)=433061888
	Shuffle Errors
		BAD_ID=0
		CONNECTION=0
		IO_ERROR=0
		WRONG_LENGTH=0
		WRONG_MAP=0
		WRONG_REDUCE=0
	File Output Format Counters 
		Bytes Written=204
26/03/02 03:37:42 INFO mapred.LocalJobRunner: Finishing task: attempt_local1671264252_0003_r_000000_0
26/03/02 03:37:42 INFO mapred.LocalJobRunner: Starting task: attempt_local1671264252_0003_r_000001_0
26/03/02 03:37:42 INFO output.FileOutputCommitter: File Output Committer Algorithm version is 1
26/03/02 03:37:42 INFO mapred.Task:  Using ResourceCalculatorProcessTree : [ ]
26/03/02 03:37:42 INFO mapred.ReduceTask: Using ShuffleConsumerPlugin: org.apache.hadoop.mapreduce.task.reduce.Shuffle@3dc45041
26/03/02 03:37:42 INFO reduce.MergeManagerImpl: MergerManager: memoryLimit=334338464, maxSingleShuffleLimit=83584616, mergeThreshold=220663392, ioSortFactor=10, memToMemMergeOutputsThreshold=10
26/03/02 03:37:42 INFO reduce.EventFetcher: attempt_local1671264252_0003_r_000001_0 Thread started: EventFetcher for fetching Map Completion Events
26/03/02 03:37:42 INFO reduce.LocalFetcher: localfetcher#10 about to shuffle output of map attempt_local1671264252_0003_m_000000_0 decomp: 56 len: 60 to MEMORY
26/03/02 03:37:42 INFO reduce.InMemoryMapOutput: Read 56 bytes from map-output for attempt_local1671264252_0003_m_000000_0
26/03/02 03:37:42 INFO reduce.MergeManagerImpl: closeInMemoryFile -> map-output of size: 56, inMemoryMapOutputs.size() -> 1, commitMemory -> 0, usedMemory ->56
26/03/02 03:37:42 INFO reduce.EventFetcher: EventFetcher is interrupted.. Returning
26/03/02 03:37:42 INFO mapred.LocalJobRunner: 1 / 1 copied.
26/03/02 03:37:42 INFO reduce.MergeManagerImpl: finalMerge called with 1 in-memory map-outputs and 0 on-disk map-outputs
26/03/02 03:37:42 INFO mapred.Merger: Merging 1 sorted segments
26/03/02 03:37:42 INFO mapred.Merger: Down to the last merge-pass, with 1 segments left of total size: 50 bytes
26/03/02 03:37:42 INFO reduce.MergeManagerImpl: Merged 1 segments, 56 bytes to disk to satisfy reduce memory limit
26/03/02 03:37:42 INFO reduce.MergeManagerImpl: Merging 1 files, 60 bytes from disk
26/03/02 03:37:42 INFO reduce.MergeManagerImpl: Merging 0 segments, 0 bytes from memory into reduce
26/03/02 03:37:42 INFO mapred.Merger: Merging 1 sorted segments
26/03/02 03:37:42 INFO mapred.Merger: Down to the last merge-pass, with 1 segments left of total size: 50 bytes
26/03/02 03:37:42 INFO mapred.LocalJobRunner: 1 / 1 copied.
26/03/02 03:37:42 INFO mapred.Task: Task:attempt_local1671264252_0003_r_000001_0 is done. And is in the process of committing
26/03/02 03:37:42 INFO mapred.LocalJobRunner: 1 / 1 copied.
26/03/02 03:37:42 INFO mapred.Task: Task attempt_local1671264252_0003_r_000001_0 is allowed to commit now
26/03/02 03:37:42 INFO output.FileOutputCommitter: Saved output of task 'attempt_local1671264252_0003_r_000001_0' to hdfs://localhost:9000/project2/task2/runs_report_plus/scale100k_opt/iter_3/_temporary/0/task_local1671264252_0003_r_000001
26/03/02 03:37:42 INFO mapred.LocalJobRunner: reduce > reduce
26/03/02 03:37:42 INFO mapred.Task: Task 'attempt_local1671264252_0003_r_000001_0' done.
26/03/02 03:37:42 INFO mapred.Task: Final Counters for attempt_local1671264252_0003_r_000001_0: Counters: 29
	File System Counters
		FILE: Number of bytes read=437252
		FILE: Number of bytes written=1325417
		FILE: Number of read operations=0
		FILE: Number of large read operations=0
		FILE: Number of write operations=0
		HDFS: Number of bytes read=22018517
		HDFS: Number of bytes written=2443
		HDFS: Number of read operations=139
		HDFS: Number of large read operations=0
		HDFS: Number of write operations=46
	Map-Reduce Framework
		Combine input records=0
		Combine output records=0
		Reduce input groups=1
		Reduce shuffle bytes=60
		Reduce input records=1
		Reduce output records=1
		Spilled Records=1
		Shuffled Maps =1
		Failed Shuffles=0
		Merged Map outputs=1
		GC time elapsed (ms)=0
		Total committed heap usage (bytes)=433061888
	Shuffle Errors
		BAD_ID=0
		CONNECTION=0
		IO_ERROR=0
		WRONG_LENGTH=0
		WRONG_MAP=0
		WRONG_REDUCE=0
	File Output Format Counters 
		Bytes Written=104
26/03/02 03:37:42 INFO mapred.LocalJobRunner: Finishing task: attempt_local1671264252_0003_r_000001_0
26/03/02 03:37:42 INFO mapred.LocalJobRunner: Starting task: attempt_local1671264252_0003_r_000002_0
26/03/02 03:37:42 INFO output.FileOutputCommitter: File Output Committer Algorithm version is 1
26/03/02 03:37:42 INFO mapred.Task:  Using ResourceCalculatorProcessTree : [ ]
26/03/02 03:37:42 INFO mapred.ReduceTask: Using ShuffleConsumerPlugin: org.apache.hadoop.mapreduce.task.reduce.Shuffle@458c855b
26/03/02 03:37:42 INFO reduce.MergeManagerImpl: MergerManager: memoryLimit=334338464, maxSingleShuffleLimit=83584616, mergeThreshold=220663392, ioSortFactor=10, memToMemMergeOutputsThreshold=10
26/03/02 03:37:42 INFO reduce.EventFetcher: attempt_local1671264252_0003_r_000002_0 Thread started: EventFetcher for fetching Map Completion Events
26/03/02 03:37:42 INFO reduce.LocalFetcher: localfetcher#11 about to shuffle output of map attempt_local1671264252_0003_m_000000_0 decomp: 56 len: 60 to MEMORY
26/03/02 03:37:42 INFO reduce.InMemoryMapOutput: Read 56 bytes from map-output for attempt_local1671264252_0003_m_000000_0
26/03/02 03:37:42 INFO reduce.MergeManagerImpl: closeInMemoryFile -> map-output of size: 56, inMemoryMapOutputs.size() -> 1, commitMemory -> 0, usedMemory ->56
26/03/02 03:37:42 INFO reduce.EventFetcher: EventFetcher is interrupted.. Returning
26/03/02 03:37:42 INFO mapred.LocalJobRunner: 1 / 1 copied.
26/03/02 03:37:42 INFO reduce.MergeManagerImpl: finalMerge called with 1 in-memory map-outputs and 0 on-disk map-outputs
26/03/02 03:37:42 INFO mapred.Merger: Merging 1 sorted segments
26/03/02 03:37:42 INFO mapred.Merger: Down to the last merge-pass, with 1 segments left of total size: 50 bytes
26/03/02 03:37:42 INFO reduce.MergeManagerImpl: Merged 1 segments, 56 bytes to disk to satisfy reduce memory limit
26/03/02 03:37:42 INFO reduce.MergeManagerImpl: Merging 1 files, 60 bytes from disk
26/03/02 03:37:42 INFO reduce.MergeManagerImpl: Merging 0 segments, 0 bytes from memory into reduce
26/03/02 03:37:42 INFO mapred.Merger: Merging 1 sorted segments
26/03/02 03:37:42 INFO mapred.Merger: Down to the last merge-pass, with 1 segments left of total size: 50 bytes
26/03/02 03:37:42 INFO mapred.LocalJobRunner: 1 / 1 copied.
26/03/02 03:37:42 INFO mapred.Task: Task:attempt_local1671264252_0003_r_000002_0 is done. And is in the process of committing
26/03/02 03:37:42 INFO mapred.LocalJobRunner: 1 / 1 copied.
26/03/02 03:37:42 INFO mapred.Task: Task attempt_local1671264252_0003_r_000002_0 is allowed to commit now
26/03/02 03:37:42 INFO output.FileOutputCommitter: Saved output of task 'attempt_local1671264252_0003_r_000002_0' to hdfs://localhost:9000/project2/task2/runs_report_plus/scale100k_opt/iter_3/_temporary/0/task_local1671264252_0003_r_000002
26/03/02 03:37:42 INFO mapred.LocalJobRunner: reduce > reduce
26/03/02 03:37:42 INFO mapred.Task: Task 'attempt_local1671264252_0003_r_000002_0' done.
26/03/02 03:37:42 INFO mapred.Task: Final Counters for attempt_local1671264252_0003_r_000002_0: Counters: 29
	File System Counters
		FILE: Number of bytes read=437536
		FILE: Number of bytes written=1325477
		FILE: Number of read operations=0
		FILE: Number of large read operations=0
		FILE: Number of write operations=0
		HDFS: Number of bytes read=22018517
		HDFS: Number of bytes written=2545
		HDFS: Number of read operations=142
		HDFS: Number of large read operations=0
		HDFS: Number of write operations=48
	Map-Reduce Framework
		Combine input records=0
		Combine output records=0
		Reduce input groups=1
		Reduce shuffle bytes=60
		Reduce input records=1
		Reduce output records=1
		Spilled Records=1
		Shuffled Maps =1
		Failed Shuffles=0
		Merged Map outputs=1
		GC time elapsed (ms)=0
		Total committed heap usage (bytes)=433061888
	Shuffle Errors
		BAD_ID=0
		CONNECTION=0
		IO_ERROR=0
		WRONG_LENGTH=0
		WRONG_MAP=0
		WRONG_REDUCE=0
	File Output Format Counters 
		Bytes Written=102
26/03/02 03:37:42 INFO mapred.LocalJobRunner: Finishing task: attempt_local1671264252_0003_r_000002_0
26/03/02 03:37:42 INFO mapred.LocalJobRunner: Starting task: attempt_local1671264252_0003_r_000003_0
26/03/02 03:37:42 INFO output.FileOutputCommitter: File Output Committer Algorithm version is 1
26/03/02 03:37:42 INFO mapred.Task:  Using ResourceCalculatorProcessTree : [ ]
26/03/02 03:37:42 INFO mapred.ReduceTask: Using ShuffleConsumerPlugin: org.apache.hadoop.mapreduce.task.reduce.Shuffle@5e88a879
26/03/02 03:37:42 INFO reduce.MergeManagerImpl: MergerManager: memoryLimit=334338464, maxSingleShuffleLimit=83584616, mergeThreshold=220663392, ioSortFactor=10, memToMemMergeOutputsThreshold=10
26/03/02 03:37:42 INFO reduce.EventFetcher: attempt_local1671264252_0003_r_000003_0 Thread started: EventFetcher for fetching Map Completion Events
26/03/02 03:37:42 INFO reduce.LocalFetcher: localfetcher#12 about to shuffle output of map attempt_local1671264252_0003_m_000000_0 decomp: 56 len: 60 to MEMORY
26/03/02 03:37:42 INFO reduce.InMemoryMapOutput: Read 56 bytes from map-output for attempt_local1671264252_0003_m_000000_0
26/03/02 03:37:42 INFO reduce.MergeManagerImpl: closeInMemoryFile -> map-output of size: 56, inMemoryMapOutputs.size() -> 1, commitMemory -> 0, usedMemory ->56
26/03/02 03:37:42 INFO reduce.EventFetcher: EventFetcher is interrupted.. Returning
26/03/02 03:37:42 INFO mapred.LocalJobRunner: 1 / 1 copied.
26/03/02 03:37:42 INFO reduce.MergeManagerImpl: finalMerge called with 1 in-memory map-outputs and 0 on-disk map-outputs
26/03/02 03:37:42 INFO mapred.Merger: Merging 1 sorted segments
26/03/02 03:37:42 INFO mapred.Merger: Down to the last merge-pass, with 1 segments left of total size: 50 bytes
26/03/02 03:37:42 INFO reduce.MergeManagerImpl: Merged 1 segments, 56 bytes to disk to satisfy reduce memory limit
26/03/02 03:37:42 INFO reduce.MergeManagerImpl: Merging 1 files, 60 bytes from disk
26/03/02 03:37:42 INFO reduce.MergeManagerImpl: Merging 0 segments, 0 bytes from memory into reduce
26/03/02 03:37:42 INFO mapred.Merger: Merging 1 sorted segments
26/03/02 03:37:42 INFO mapred.Merger: Down to the last merge-pass, with 1 segments left of total size: 50 bytes
26/03/02 03:37:42 INFO mapred.LocalJobRunner: 1 / 1 copied.
26/03/02 03:37:42 INFO mapred.Task: Task:attempt_local1671264252_0003_r_000003_0 is done. And is in the process of committing
26/03/02 03:37:42 INFO mapred.LocalJobRunner: 1 / 1 copied.
26/03/02 03:37:42 INFO mapred.Task: Task attempt_local1671264252_0003_r_000003_0 is allowed to commit now
26/03/02 03:37:42 INFO output.FileOutputCommitter: Saved output of task 'attempt_local1671264252_0003_r_000003_0' to hdfs://localhost:9000/project2/task2/runs_report_plus/scale100k_opt/iter_3/_temporary/0/task_local1671264252_0003_r_000003
26/03/02 03:37:42 INFO mapred.LocalJobRunner: reduce > reduce
26/03/02 03:37:42 INFO mapred.Task: Task 'attempt_local1671264252_0003_r_000003_0' done.
26/03/02 03:37:42 INFO mapred.Task: Final Counters for attempt_local1671264252_0003_r_000003_0: Counters: 29
	File System Counters
		FILE: Number of bytes read=437760
		FILE: Number of bytes written=1325537
		FILE: Number of read operations=0
		FILE: Number of large read operations=0
		FILE: Number of write operations=0
		HDFS: Number of bytes read=22018517
		HDFS: Number of bytes written=2646
		HDFS: Number of read operations=145
		HDFS: Number of large read operations=0
		HDFS: Number of write operations=50
	Map-Reduce Framework
		Combine input records=0
		Combine output records=0
		Reduce input groups=1
		Reduce shuffle bytes=60
		Reduce input records=1
		Reduce output records=1
		Spilled Records=1
		Shuffled Maps =1
		Failed Shuffles=0
		Merged Map outputs=1
		GC time elapsed (ms)=0
		Total committed heap usage (bytes)=433061888
	Shuffle Errors
		BAD_ID=0
		CONNECTION=0
		IO_ERROR=0
		WRONG_LENGTH=0
		WRONG_MAP=0
		WRONG_REDUCE=0
	File Output Format Counters 
		Bytes Written=101
26/03/02 03:37:42 INFO mapred.LocalJobRunner: Finishing task: attempt_local1671264252_0003_r_000003_0
26/03/02 03:37:42 INFO mapred.LocalJobRunner: reduce task executor complete.
26/03/02 03:37:42 INFO mapreduce.Job: Job job_local1671264252_0003 running in uber mode : false
26/03/02 03:37:42 INFO mapreduce.Job:  map 100% reduce 100%
26/03/02 03:37:42 INFO mapreduce.Job: Job job_local1671264252_0003 completed successfully
26/03/02 03:37:42 INFO mapreduce.Job: Counters: 35
	File System Counters
		FILE: Number of bytes read=2185852
		FILE: Number of bytes written=6627031
		FILE: Number of read operations=0
		FILE: Number of large read operations=0
		FILE: Number of write operations=0
		HDFS: Number of bytes read=110092585
		HDFS: Number of bytes written=12108
		HDFS: Number of read operations=695
		HDFS: Number of large read operations=0
		HDFS: Number of write operations=230
	Map-Reduce Framework
		Map input records=100000
		Map output records=100000
		Map output bytes=5200000
		Map output materialized bytes=294
		Input split bytes=123
		Combine input records=100000
		Combine output records=5
		Reduce input groups=5
		Reduce shuffle bytes=294
		Reduce input records=5
		Reduce output records=5
		Spilled Records=10
		Shuffled Maps =4
		Failed Shuffles=0
		Merged Map outputs=4
		GC time elapsed (ms)=34
		Total committed heap usage (bytes)=2165309440
	Shuffle Errors
		BAD_ID=0
		CONNECTION=0
		IO_ERROR=0
		WRONG_LENGTH=0
		WRONG_MAP=0
		WRONG_REDUCE=0
	File Input Format Counters 
		Bytes Read=7337711
	File Output Format Counters 
		Bytes Written=511
26/03/02 03:37:42 INFO jvm.JvmMetrics: Cannot initialize JVM Metrics with processName=JobTracker, sessionId= - already initialized
26/03/02 03:37:42 WARN mapreduce.JobResourceUploader: Hadoop command-line option parsing not performed. Implement the Tool interface and execute your application with ToolRunner to remedy this.
26/03/02 03:37:42 INFO input.FileInputFormat: Total input paths to process : 1
26/03/02 03:37:42 INFO mapreduce.JobSubmitter: number of splits:1
26/03/02 03:37:42 INFO mapreduce.JobSubmitter: Submitting tokens for job: job_local1696635185_0004
26/03/02 03:37:42 INFO mapred.LocalDistributedCacheManager: Creating symlink: /tmp/hadoop-ds503/mapred/local/1772422662710/centers_iter_3.csv <- /home/ds503/centers_iter_3.csv
26/03/02 03:37:42 INFO mapred.LocalDistributedCacheManager: Localized hdfs://localhost:9000/project2/task2/runs_report_plus/scale100k_opt/centers_iter_3.csv as file:/tmp/hadoop-ds503/mapred/local/1772422662710/centers_iter_3.csv
26/03/02 03:37:42 INFO mapreduce.Job: The url to track the job: http://localhost:8080/
26/03/02 03:37:42 INFO mapreduce.Job: Running job: job_local1696635185_0004
26/03/02 03:37:42 INFO mapred.LocalJobRunner: OutputCommitter set in config null
26/03/02 03:37:42 INFO output.FileOutputCommitter: File Output Committer Algorithm version is 1
26/03/02 03:37:42 INFO mapred.LocalJobRunner: OutputCommitter is org.apache.hadoop.mapreduce.lib.output.FileOutputCommitter
26/03/02 03:37:42 INFO mapred.LocalJobRunner: Waiting for map tasks
26/03/02 03:37:42 INFO mapred.LocalJobRunner: Starting task: attempt_local1696635185_0004_m_000000_0
26/03/02 03:37:42 INFO output.FileOutputCommitter: File Output Committer Algorithm version is 1
26/03/02 03:37:42 INFO mapred.Task:  Using ResourceCalculatorProcessTree : [ ]
26/03/02 03:37:42 INFO mapred.MapTask: Processing split: hdfs://localhost:9000/project2/task2/input/points_100k.csv:0+7337711
26/03/02 03:37:42 INFO mapred.MapTask: (EQUATOR) 0 kvi 26214396(104857584)
26/03/02 03:37:42 INFO mapred.MapTask: mapreduce.task.io.sort.mb: 100
26/03/02 03:37:42 INFO mapred.MapTask: soft limit at 83886080
26/03/02 03:37:42 INFO mapred.MapTask: bufstart = 0; bufvoid = 104857600
26/03/02 03:37:42 INFO mapred.MapTask: kvstart = 26214396; length = 6553600
26/03/02 03:37:42 INFO mapred.MapTask: Map output collector class = org.apache.hadoop.mapred.MapTask$MapOutputBuffer
26/03/02 03:37:42 INFO mapred.LocalJobRunner: 
26/03/02 03:37:42 INFO mapred.MapTask: Starting flush of map output
26/03/02 03:37:42 INFO mapred.MapTask: Spilling map output
26/03/02 03:37:42 INFO mapred.MapTask: bufstart = 0; bufend = 5200000; bufvoid = 104857600
26/03/02 03:37:42 INFO mapred.MapTask: kvstart = 26214396(104857584); kvend = 25814400(103257600); length = 399997/6553600
26/03/02 03:37:42 INFO mapred.MapTask: Finished spill 0
26/03/02 03:37:42 INFO mapred.Task: Task:attempt_local1696635185_0004_m_000000_0 is done. And is in the process of committing
26/03/02 03:37:42 INFO mapred.LocalJobRunner: map
26/03/02 03:37:42 INFO mapred.Task: Task 'attempt_local1696635185_0004_m_000000_0' done.
26/03/02 03:37:42 INFO mapred.Task: Final Counters for attempt_local1696635185_0004_m_000000_0: Counters: 23
	File System Counters
		FILE: Number of bytes read=582316
		FILE: Number of bytes written=1767621
		FILE: Number of read operations=0
		FILE: Number of large read operations=0
		FILE: Number of write operations=0
		HDFS: Number of bytes read=29358379
		HDFS: Number of bytes written=3023
		HDFS: Number of read operations=189
		HDFS: Number of large read operations=0
		HDFS: Number of write operations=60
	Map-Reduce Framework
		Map input records=100000
		Map output records=100000
		Map output bytes=5200000
		Map output materialized bytes=294
		Input split bytes=123
		Combine input records=100000
		Combine output records=5
		Spilled Records=5
		Failed Shuffles=0
		Merged Map outputs=0
		GC time elapsed (ms)=20
		Total committed heap usage (bytes)=434110464
	File Input Format Counters 
		Bytes Read=7337711
26/03/02 03:37:42 INFO mapred.LocalJobRunner: Finishing task: attempt_local1696635185_0004_m_000000_0
26/03/02 03:37:42 INFO mapred.LocalJobRunner: map task executor complete.
26/03/02 03:37:42 INFO mapred.LocalJobRunner: Waiting for reduce tasks
26/03/02 03:37:42 INFO mapred.LocalJobRunner: Starting task: attempt_local1696635185_0004_r_000000_0
26/03/02 03:37:42 INFO output.FileOutputCommitter: File Output Committer Algorithm version is 1
26/03/02 03:37:42 INFO mapred.Task:  Using ResourceCalculatorProcessTree : [ ]
26/03/02 03:37:42 INFO mapred.ReduceTask: Using ShuffleConsumerPlugin: org.apache.hadoop.mapreduce.task.reduce.Shuffle@79039b4e
26/03/02 03:37:42 INFO reduce.MergeManagerImpl: MergerManager: memoryLimit=334338464, maxSingleShuffleLimit=83584616, mergeThreshold=220663392, ioSortFactor=10, memToMemMergeOutputsThreshold=10
26/03/02 03:37:42 INFO reduce.EventFetcher: attempt_local1696635185_0004_r_000000_0 Thread started: EventFetcher for fetching Map Completion Events
26/03/02 03:37:42 INFO reduce.LocalFetcher: localfetcher#13 about to shuffle output of map attempt_local1696635185_0004_m_000000_0 decomp: 110 len: 114 to MEMORY
26/03/02 03:37:42 INFO reduce.InMemoryMapOutput: Read 110 bytes from map-output for attempt_local1696635185_0004_m_000000_0
26/03/02 03:37:42 INFO reduce.MergeManagerImpl: closeInMemoryFile -> map-output of size: 110, inMemoryMapOutputs.size() -> 1, commitMemory -> 0, usedMemory ->110
26/03/02 03:37:42 INFO reduce.EventFetcher: EventFetcher is interrupted.. Returning
26/03/02 03:37:42 INFO mapred.LocalJobRunner: 1 / 1 copied.
26/03/02 03:37:42 INFO reduce.MergeManagerImpl: finalMerge called with 1 in-memory map-outputs and 0 on-disk map-outputs
26/03/02 03:37:42 INFO mapred.Merger: Merging 1 sorted segments
26/03/02 03:37:42 INFO mapred.Merger: Down to the last merge-pass, with 1 segments left of total size: 104 bytes
26/03/02 03:37:42 INFO reduce.MergeManagerImpl: Merged 1 segments, 110 bytes to disk to satisfy reduce memory limit
26/03/02 03:37:42 INFO reduce.MergeManagerImpl: Merging 1 files, 114 bytes from disk
26/03/02 03:37:42 INFO reduce.MergeManagerImpl: Merging 0 segments, 0 bytes from memory into reduce
26/03/02 03:37:42 INFO mapred.Merger: Merging 1 sorted segments
26/03/02 03:37:42 INFO mapred.Merger: Down to the last merge-pass, with 1 segments left of total size: 104 bytes
26/03/02 03:37:42 INFO mapred.LocalJobRunner: 1 / 1 copied.
26/03/02 03:37:42 INFO mapred.Task: Task:attempt_local1696635185_0004_r_000000_0 is done. And is in the process of committing
26/03/02 03:37:42 INFO mapred.LocalJobRunner: 1 / 1 copied.
26/03/02 03:37:42 INFO mapred.Task: Task attempt_local1696635185_0004_r_000000_0 is allowed to commit now
26/03/02 03:37:42 INFO output.FileOutputCommitter: Saved output of task 'attempt_local1696635185_0004_r_000000_0' to hdfs://localhost:9000/project2/task2/runs_report_plus/scale100k_opt/iter_4/_temporary/0/task_local1696635185_0004_r_000000
26/03/02 03:37:42 INFO mapred.LocalJobRunner: reduce > reduce
26/03/02 03:37:42 INFO mapred.Task: Task 'attempt_local1696635185_0004_r_000000_0' done.
26/03/02 03:37:42 INFO mapred.Task: Final Counters for attempt_local1696635185_0004_r_000000_0: Counters: 29
	File System Counters
		FILE: Number of bytes read=582828
		FILE: Number of bytes written=1767735
		FILE: Number of read operations=0
		FILE: Number of large read operations=0
		FILE: Number of write operations=0
		HDFS: Number of bytes read=29358379
		HDFS: Number of bytes written=3229
		HDFS: Number of read operations=192
		HDFS: Number of large read operations=0
		HDFS: Number of write operations=62
	Map-Reduce Framework
		Combine input records=0
		Combine output records=0
		Reduce input groups=2
		Reduce shuffle bytes=114
		Reduce input records=2
		Reduce output records=2
		Spilled Records=2
		Shuffled Maps =1
		Failed Shuffles=0
		Merged Map outputs=1
		GC time elapsed (ms)=0
		Total committed heap usage (bytes)=434110464
	Shuffle Errors
		BAD_ID=0
		CONNECTION=0
		IO_ERROR=0
		WRONG_LENGTH=0
		WRONG_MAP=0
		WRONG_REDUCE=0
	File Output Format Counters 
		Bytes Written=206
26/03/02 03:37:42 INFO mapred.LocalJobRunner: Finishing task: attempt_local1696635185_0004_r_000000_0
26/03/02 03:37:42 INFO mapred.LocalJobRunner: Starting task: attempt_local1696635185_0004_r_000001_0
26/03/02 03:37:42 INFO output.FileOutputCommitter: File Output Committer Algorithm version is 1
26/03/02 03:37:42 INFO mapred.Task:  Using ResourceCalculatorProcessTree : [ ]
26/03/02 03:37:42 INFO mapred.ReduceTask: Using ShuffleConsumerPlugin: org.apache.hadoop.mapreduce.task.reduce.Shuffle@5345445f
26/03/02 03:37:42 INFO reduce.MergeManagerImpl: MergerManager: memoryLimit=334338464, maxSingleShuffleLimit=83584616, mergeThreshold=220663392, ioSortFactor=10, memToMemMergeOutputsThreshold=10
26/03/02 03:37:42 INFO reduce.EventFetcher: attempt_local1696635185_0004_r_000001_0 Thread started: EventFetcher for fetching Map Completion Events
26/03/02 03:37:42 INFO reduce.LocalFetcher: localfetcher#14 about to shuffle output of map attempt_local1696635185_0004_m_000000_0 decomp: 56 len: 60 to MEMORY
26/03/02 03:37:42 INFO reduce.InMemoryMapOutput: Read 56 bytes from map-output for attempt_local1696635185_0004_m_000000_0
26/03/02 03:37:42 INFO reduce.MergeManagerImpl: closeInMemoryFile -> map-output of size: 56, inMemoryMapOutputs.size() -> 1, commitMemory -> 0, usedMemory ->56
26/03/02 03:37:42 INFO reduce.EventFetcher: EventFetcher is interrupted.. Returning
26/03/02 03:37:42 INFO mapred.LocalJobRunner: 1 / 1 copied.
26/03/02 03:37:42 INFO reduce.MergeManagerImpl: finalMerge called with 1 in-memory map-outputs and 0 on-disk map-outputs
26/03/02 03:37:42 INFO mapred.Merger: Merging 1 sorted segments
26/03/02 03:37:42 INFO mapred.Merger: Down to the last merge-pass, with 1 segments left of total size: 50 bytes
26/03/02 03:37:42 INFO reduce.MergeManagerImpl: Merged 1 segments, 56 bytes to disk to satisfy reduce memory limit
26/03/02 03:37:42 INFO reduce.MergeManagerImpl: Merging 1 files, 60 bytes from disk
26/03/02 03:37:42 INFO reduce.MergeManagerImpl: Merging 0 segments, 0 bytes from memory into reduce
26/03/02 03:37:42 INFO mapred.Merger: Merging 1 sorted segments
26/03/02 03:37:42 INFO mapred.Merger: Down to the last merge-pass, with 1 segments left of total size: 50 bytes
26/03/02 03:37:42 INFO mapred.LocalJobRunner: 1 / 1 copied.
26/03/02 03:37:42 INFO mapred.Task: Task:attempt_local1696635185_0004_r_000001_0 is done. And is in the process of committing
26/03/02 03:37:42 INFO mapred.LocalJobRunner: 1 / 1 copied.
26/03/02 03:37:42 INFO mapred.Task: Task attempt_local1696635185_0004_r_000001_0 is allowed to commit now
26/03/02 03:37:42 INFO output.FileOutputCommitter: Saved output of task 'attempt_local1696635185_0004_r_000001_0' to hdfs://localhost:9000/project2/task2/runs_report_plus/scale100k_opt/iter_4/_temporary/0/task_local1696635185_0004_r_000001
26/03/02 03:37:42 INFO mapred.LocalJobRunner: reduce > reduce
26/03/02 03:37:42 INFO mapred.Task: Task 'attempt_local1696635185_0004_r_000001_0' done.
26/03/02 03:37:42 INFO mapred.Task: Final Counters for attempt_local1696635185_0004_r_000001_0: Counters: 29
	File System Counters
		FILE: Number of bytes read=583172
		FILE: Number of bytes written=1767795
		FILE: Number of read operations=0
		FILE: Number of large read operations=0
		FILE: Number of write operations=0
		HDFS: Number of bytes read=29358379
		HDFS: Number of bytes written=3332
		HDFS: Number of read operations=195
		HDFS: Number of large read operations=0
		HDFS: Number of write operations=64
	Map-Reduce Framework
		Combine input records=0
		Combine output records=0
		Reduce input groups=1
		Reduce shuffle bytes=60
		Reduce input records=1
		Reduce output records=1
		Spilled Records=1
		Shuffled Maps =1
		Failed Shuffles=0
		Merged Map outputs=1
		GC time elapsed (ms)=0
		Total committed heap usage (bytes)=434110464
	Shuffle Errors
		BAD_ID=0
		CONNECTION=0
		IO_ERROR=0
		WRONG_LENGTH=0
		WRONG_MAP=0
		WRONG_REDUCE=0
	File Output Format Counters 
		Bytes Written=103
26/03/02 03:37:42 INFO mapred.LocalJobRunner: Finishing task: attempt_local1696635185_0004_r_000001_0
26/03/02 03:37:42 INFO mapred.LocalJobRunner: Starting task: attempt_local1696635185_0004_r_000002_0
26/03/02 03:37:42 INFO output.FileOutputCommitter: File Output Committer Algorithm version is 1
26/03/02 03:37:42 INFO mapred.Task:  Using ResourceCalculatorProcessTree : [ ]
26/03/02 03:37:42 INFO mapred.ReduceTask: Using ShuffleConsumerPlugin: org.apache.hadoop.mapreduce.task.reduce.Shuffle@2b532a6d
26/03/02 03:37:42 INFO reduce.MergeManagerImpl: MergerManager: memoryLimit=334338464, maxSingleShuffleLimit=83584616, mergeThreshold=220663392, ioSortFactor=10, memToMemMergeOutputsThreshold=10
26/03/02 03:37:42 INFO reduce.EventFetcher: attempt_local1696635185_0004_r_000002_0 Thread started: EventFetcher for fetching Map Completion Events
26/03/02 03:37:42 INFO reduce.LocalFetcher: localfetcher#15 about to shuffle output of map attempt_local1696635185_0004_m_000000_0 decomp: 56 len: 60 to MEMORY
26/03/02 03:37:42 INFO reduce.InMemoryMapOutput: Read 56 bytes from map-output for attempt_local1696635185_0004_m_000000_0
26/03/02 03:37:42 INFO reduce.MergeManagerImpl: closeInMemoryFile -> map-output of size: 56, inMemoryMapOutputs.size() -> 1, commitMemory -> 0, usedMemory ->56
26/03/02 03:37:42 WARN io.ReadaheadPool: Failed readahead on ifile
EBADF: Bad file descriptor
	at org.apache.hadoop.io.nativeio.NativeIO$POSIX.posix_fadvise(Native Method)
	at org.apache.hadoop.io.nativeio.NativeIO$POSIX.posixFadviseIfPossible(NativeIO.java:267)
	at org.apache.hadoop.io.nativeio.NativeIO$POSIX$CacheManipulator.posixFadviseIfPossible(NativeIO.java:146)
	at org.apache.hadoop.io.ReadaheadPool$ReadaheadRequestImpl.run(ReadaheadPool.java:206)
	at java.util.concurrent.ThreadPoolExecutor.runWorker(ThreadPoolExecutor.java:1149)
	at java.util.concurrent.ThreadPoolExecutor$Worker.run(ThreadPoolExecutor.java:624)
	at java.lang.Thread.run(Thread.java:748)
26/03/02 03:37:42 INFO reduce.EventFetcher: EventFetcher is interrupted.. Returning
26/03/02 03:37:42 INFO mapred.LocalJobRunner: 1 / 1 copied.
26/03/02 03:37:42 INFO reduce.MergeManagerImpl: finalMerge called with 1 in-memory map-outputs and 0 on-disk map-outputs
26/03/02 03:37:42 INFO mapred.Merger: Merging 1 sorted segments
26/03/02 03:37:42 INFO mapred.Merger: Down to the last merge-pass, with 1 segments left of total size: 50 bytes
26/03/02 03:37:42 INFO reduce.MergeManagerImpl: Merged 1 segments, 56 bytes to disk to satisfy reduce memory limit
26/03/02 03:37:42 INFO reduce.MergeManagerImpl: Merging 1 files, 60 bytes from disk
26/03/02 03:37:42 INFO reduce.MergeManagerImpl: Merging 0 segments, 0 bytes from memory into reduce
26/03/02 03:37:42 INFO mapred.Merger: Merging 1 sorted segments
26/03/02 03:37:42 INFO mapred.Merger: Down to the last merge-pass, with 1 segments left of total size: 50 bytes
26/03/02 03:37:42 INFO mapred.LocalJobRunner: 1 / 1 copied.
26/03/02 03:37:42 INFO mapred.Task: Task:attempt_local1696635185_0004_r_000002_0 is done. And is in the process of committing
26/03/02 03:37:42 INFO mapred.LocalJobRunner: 1 / 1 copied.
26/03/02 03:37:42 INFO mapred.Task: Task attempt_local1696635185_0004_r_000002_0 is allowed to commit now
26/03/02 03:37:42 INFO output.FileOutputCommitter: Saved output of task 'attempt_local1696635185_0004_r_000002_0' to hdfs://localhost:9000/project2/task2/runs_report_plus/scale100k_opt/iter_4/_temporary/0/task_local1696635185_0004_r_000002
26/03/02 03:37:42 INFO mapred.LocalJobRunner: reduce > reduce
26/03/02 03:37:42 INFO mapred.Task: Task 'attempt_local1696635185_0004_r_000002_0' done.
26/03/02 03:37:42 INFO mapred.Task: Final Counters for attempt_local1696635185_0004_r_000002_0: Counters: 29
	File System Counters
		FILE: Number of bytes read=583456
		FILE: Number of bytes written=1767855
		FILE: Number of read operations=0
		FILE: Number of large read operations=0
		FILE: Number of write operations=0
		HDFS: Number of bytes read=29358379
		HDFS: Number of bytes written=3435
		HDFS: Number of read operations=198
		HDFS: Number of large read operations=0
		HDFS: Number of write operations=66
	Map-Reduce Framework
		Combine input records=0
		Combine output records=0
		Reduce input groups=1
		Reduce shuffle bytes=60
		Reduce input records=1
		Reduce output records=1
		Spilled Records=1
		Shuffled Maps =1
		Failed Shuffles=0
		Merged Map outputs=1
		GC time elapsed (ms)=0
		Total committed heap usage (bytes)=434110464
	Shuffle Errors
		BAD_ID=0
		CONNECTION=0
		IO_ERROR=0
		WRONG_LENGTH=0
		WRONG_MAP=0
		WRONG_REDUCE=0
	File Output Format Counters 
		Bytes Written=103
26/03/02 03:37:42 INFO mapred.LocalJobRunner: Finishing task: attempt_local1696635185_0004_r_000002_0
26/03/02 03:37:42 INFO mapred.LocalJobRunner: Starting task: attempt_local1696635185_0004_r_000003_0
26/03/02 03:37:42 INFO output.FileOutputCommitter: File Output Committer Algorithm version is 1
26/03/02 03:37:42 INFO mapred.Task:  Using ResourceCalculatorProcessTree : [ ]
26/03/02 03:37:42 INFO mapred.ReduceTask: Using ShuffleConsumerPlugin: org.apache.hadoop.mapreduce.task.reduce.Shuffle@2e513c1
26/03/02 03:37:42 INFO reduce.MergeManagerImpl: MergerManager: memoryLimit=334338464, maxSingleShuffleLimit=83584616, mergeThreshold=220663392, ioSortFactor=10, memToMemMergeOutputsThreshold=10
26/03/02 03:37:42 INFO reduce.EventFetcher: attempt_local1696635185_0004_r_000003_0 Thread started: EventFetcher for fetching Map Completion Events
26/03/02 03:37:42 INFO reduce.LocalFetcher: localfetcher#16 about to shuffle output of map attempt_local1696635185_0004_m_000000_0 decomp: 56 len: 60 to MEMORY
26/03/02 03:37:42 INFO reduce.InMemoryMapOutput: Read 56 bytes from map-output for attempt_local1696635185_0004_m_000000_0
26/03/02 03:37:42 INFO reduce.MergeManagerImpl: closeInMemoryFile -> map-output of size: 56, inMemoryMapOutputs.size() -> 1, commitMemory -> 0, usedMemory ->56
26/03/02 03:37:42 INFO reduce.EventFetcher: EventFetcher is interrupted.. Returning
26/03/02 03:37:42 INFO mapred.LocalJobRunner: 1 / 1 copied.
26/03/02 03:37:42 INFO reduce.MergeManagerImpl: finalMerge called with 1 in-memory map-outputs and 0 on-disk map-outputs
26/03/02 03:37:42 INFO mapred.Merger: Merging 1 sorted segments
26/03/02 03:37:42 INFO mapred.Merger: Down to the last merge-pass, with 1 segments left of total size: 50 bytes
26/03/02 03:37:42 INFO reduce.MergeManagerImpl: Merged 1 segments, 56 bytes to disk to satisfy reduce memory limit
26/03/02 03:37:42 INFO reduce.MergeManagerImpl: Merging 1 files, 60 bytes from disk
26/03/02 03:37:42 INFO reduce.MergeManagerImpl: Merging 0 segments, 0 bytes from memory into reduce
26/03/02 03:37:42 INFO mapred.Merger: Merging 1 sorted segments
26/03/02 03:37:42 INFO mapred.Merger: Down to the last merge-pass, with 1 segments left of total size: 50 bytes
26/03/02 03:37:42 INFO mapred.LocalJobRunner: 1 / 1 copied.
26/03/02 03:37:43 INFO mapred.Task: Task:attempt_local1696635185_0004_r_000003_0 is done. And is in the process of committing
26/03/02 03:37:43 INFO mapred.LocalJobRunner: 1 / 1 copied.
26/03/02 03:37:43 INFO mapred.Task: Task attempt_local1696635185_0004_r_000003_0 is allowed to commit now
26/03/02 03:37:43 INFO output.FileOutputCommitter: Saved output of task 'attempt_local1696635185_0004_r_000003_0' to hdfs://localhost:9000/project2/task2/runs_report_plus/scale100k_opt/iter_4/_temporary/0/task_local1696635185_0004_r_000003
26/03/02 03:37:43 INFO mapred.LocalJobRunner: reduce > reduce
26/03/02 03:37:43 INFO mapred.Task: Task 'attempt_local1696635185_0004_r_000003_0' done.
26/03/02 03:37:43 INFO mapred.Task: Final Counters for attempt_local1696635185_0004_r_000003_0: Counters: 29
	File System Counters
		FILE: Number of bytes read=583680
		FILE: Number of bytes written=1767915
		FILE: Number of read operations=0
		FILE: Number of large read operations=0
		FILE: Number of write operations=0
		HDFS: Number of bytes read=29358379
		HDFS: Number of bytes written=3538
		HDFS: Number of read operations=201
		HDFS: Number of large read operations=0
		HDFS: Number of write operations=68
	Map-Reduce Framework
		Combine input records=0
		Combine output records=0
		Reduce input groups=1
		Reduce shuffle bytes=60
		Reduce input records=1
		Reduce output records=1
		Spilled Records=1
		Shuffled Maps =1
		Failed Shuffles=0
		Merged Map outputs=1
		GC time elapsed (ms)=0
		Total committed heap usage (bytes)=434110464
	Shuffle Errors
		BAD_ID=0
		CONNECTION=0
		IO_ERROR=0
		WRONG_LENGTH=0
		WRONG_MAP=0
		WRONG_REDUCE=0
	File Output Format Counters 
		Bytes Written=103
26/03/02 03:37:43 INFO mapred.LocalJobRunner: Finishing task: attempt_local1696635185_0004_r_000003_0
26/03/02 03:37:43 INFO mapred.LocalJobRunner: reduce task executor complete.
26/03/02 03:37:43 INFO mapreduce.Job: Job job_local1696635185_0004 running in uber mode : false
26/03/02 03:37:43 INFO mapreduce.Job:  map 100% reduce 100%
26/03/02 03:37:43 INFO mapreduce.Job: Job job_local1696635185_0004 completed successfully
26/03/02 03:37:43 INFO mapreduce.Job: Counters: 35
	File System Counters
		FILE: Number of bytes read=2915452
		FILE: Number of bytes written=8838921
		FILE: Number of read operations=0
		FILE: Number of large read operations=0
		FILE: Number of write operations=0
		HDFS: Number of bytes read=146791895
		HDFS: Number of bytes written=16557
		HDFS: Number of read operations=975
		HDFS: Number of large read operations=0
		HDFS: Number of write operations=320
	Map-Reduce Framework
		Map input records=100000
		Map output records=100000
		Map output bytes=5200000
		Map output materialized bytes=294
		Input split bytes=123
		Combine input records=100000
		Combine output records=5
		Reduce input groups=5
		Reduce shuffle bytes=294
		Reduce input records=5
		Reduce output records=5
		Spilled Records=10
		Shuffled Maps =4
		Failed Shuffles=0
		Merged Map outputs=4
		GC time elapsed (ms)=20
		Total committed heap usage (bytes)=2170552320
	Shuffle Errors
		BAD_ID=0
		CONNECTION=0
		IO_ERROR=0
		WRONG_LENGTH=0
		WRONG_MAP=0
		WRONG_REDUCE=0
	File Input Format Counters 
		Bytes Read=7337711
	File Output Format Counters 
		Bytes Written=515
26/03/02 03:37:43 INFO jvm.JvmMetrics: Cannot initialize JVM Metrics with processName=JobTracker, sessionId= - already initialized
26/03/02 03:37:43 WARN mapreduce.JobResourceUploader: Hadoop command-line option parsing not performed. Implement the Tool interface and execute your application with ToolRunner to remedy this.
26/03/02 03:37:43 INFO input.FileInputFormat: Total input paths to process : 1
26/03/02 03:37:43 INFO mapreduce.JobSubmitter: number of splits:1
26/03/02 03:37:43 INFO mapreduce.JobSubmitter: Submitting tokens for job: job_local1716603683_0005
26/03/02 03:37:43 INFO mapred.LocalDistributedCacheManager: Creating symlink: /tmp/hadoop-ds503/mapred/local/1772422663809/centers_iter_4.csv <- /home/ds503/centers_iter_4.csv
26/03/02 03:37:43 INFO mapred.LocalDistributedCacheManager: Localized hdfs://localhost:9000/project2/task2/runs_report_plus/scale100k_opt/centers_iter_4.csv as file:/tmp/hadoop-ds503/mapred/local/1772422663809/centers_iter_4.csv
26/03/02 03:37:43 INFO mapreduce.Job: The url to track the job: http://localhost:8080/
26/03/02 03:37:43 INFO mapreduce.Job: Running job: job_local1716603683_0005
26/03/02 03:37:43 INFO mapred.LocalJobRunner: OutputCommitter set in config null
26/03/02 03:37:43 INFO output.FileOutputCommitter: File Output Committer Algorithm version is 1
26/03/02 03:37:43 INFO mapred.LocalJobRunner: OutputCommitter is org.apache.hadoop.mapreduce.lib.output.FileOutputCommitter
26/03/02 03:37:43 INFO mapred.LocalJobRunner: Waiting for map tasks
26/03/02 03:37:43 INFO mapred.LocalJobRunner: Starting task: attempt_local1716603683_0005_m_000000_0
26/03/02 03:37:43 INFO output.FileOutputCommitter: File Output Committer Algorithm version is 1
26/03/02 03:37:43 INFO mapred.Task:  Using ResourceCalculatorProcessTree : [ ]
26/03/02 03:37:43 INFO mapred.MapTask: Processing split: hdfs://localhost:9000/project2/task2/input/points_100k.csv:0+7337711
26/03/02 03:37:43 INFO mapred.MapTask: (EQUATOR) 0 kvi 26214396(104857584)
26/03/02 03:37:43 INFO mapred.MapTask: mapreduce.task.io.sort.mb: 100
26/03/02 03:37:43 INFO mapred.MapTask: soft limit at 83886080
26/03/02 03:37:43 INFO mapred.MapTask: bufstart = 0; bufvoid = 104857600
26/03/02 03:37:43 INFO mapred.MapTask: kvstart = 26214396; length = 6553600
26/03/02 03:37:43 INFO mapred.MapTask: Map output collector class = org.apache.hadoop.mapred.MapTask$MapOutputBuffer
26/03/02 03:37:44 INFO mapred.LocalJobRunner: 
26/03/02 03:37:44 INFO mapred.MapTask: Starting flush of map output
26/03/02 03:37:44 INFO mapred.MapTask: Spilling map output
26/03/02 03:37:44 INFO mapred.MapTask: bufstart = 0; bufend = 5200000; bufvoid = 104857600
26/03/02 03:37:44 INFO mapred.MapTask: kvstart = 26214396(104857584); kvend = 25814400(103257600); length = 399997/6553600
26/03/02 03:37:44 INFO mapred.MapTask: Finished spill 0
26/03/02 03:37:44 INFO mapred.Task: Task:attempt_local1716603683_0005_m_000000_0 is done. And is in the process of committing
26/03/02 03:37:44 INFO mapred.LocalJobRunner: map
26/03/02 03:37:44 INFO mapred.Task: Task 'attempt_local1716603683_0005_m_000000_0' done.
26/03/02 03:37:44 INFO mapred.Task: Final Counters for attempt_local1716603683_0005_m_000000_0: Counters: 23
	File System Counters
		FILE: Number of bytes read=728236
		FILE: Number of bytes written=2210002
		FILE: Number of read operations=0
		FILE: Number of large read operations=0
		FILE: Number of write operations=0
		HDFS: Number of bytes read=36698257
		HDFS: Number of bytes written=3918
		HDFS: Number of read operations=245
		HDFS: Number of large read operations=0
		HDFS: Number of write operations=78
	Map-Reduce Framework
		Map input records=100000
		Map output records=100000
		Map output bytes=5200000
		Map output materialized bytes=294
		Input split bytes=123
		Combine input records=100000
		Combine output records=5
		Spilled Records=5
		Failed Shuffles=0
		Merged Map outputs=0
		GC time elapsed (ms)=21
		Total committed heap usage (bytes)=434110464
	File Input Format Counters 
		Bytes Read=7337711
26/03/02 03:37:44 INFO mapred.LocalJobRunner: Finishing task: attempt_local1716603683_0005_m_000000_0
26/03/02 03:37:44 INFO mapred.LocalJobRunner: map task executor complete.
26/03/02 03:37:44 INFO mapred.LocalJobRunner: Waiting for reduce tasks
26/03/02 03:37:44 INFO mapred.LocalJobRunner: Starting task: attempt_local1716603683_0005_r_000000_0
26/03/02 03:37:44 INFO output.FileOutputCommitter: File Output Committer Algorithm version is 1
26/03/02 03:37:44 INFO mapred.Task:  Using ResourceCalculatorProcessTree : [ ]
26/03/02 03:37:44 INFO mapred.ReduceTask: Using ShuffleConsumerPlugin: org.apache.hadoop.mapreduce.task.reduce.Shuffle@2615203c
26/03/02 03:37:44 INFO reduce.MergeManagerImpl: MergerManager: memoryLimit=334338464, maxSingleShuffleLimit=83584616, mergeThreshold=220663392, ioSortFactor=10, memToMemMergeOutputsThreshold=10
26/03/02 03:37:44 INFO reduce.EventFetcher: attempt_local1716603683_0005_r_000000_0 Thread started: EventFetcher for fetching Map Completion Events
26/03/02 03:37:44 INFO reduce.LocalFetcher: localfetcher#17 about to shuffle output of map attempt_local1716603683_0005_m_000000_0 decomp: 110 len: 114 to MEMORY
26/03/02 03:37:44 INFO reduce.InMemoryMapOutput: Read 110 bytes from map-output for attempt_local1716603683_0005_m_000000_0
26/03/02 03:37:44 INFO reduce.MergeManagerImpl: closeInMemoryFile -> map-output of size: 110, inMemoryMapOutputs.size() -> 1, commitMemory -> 0, usedMemory ->110
26/03/02 03:37:44 INFO reduce.EventFetcher: EventFetcher is interrupted.. Returning
26/03/02 03:37:44 INFO mapred.LocalJobRunner: 1 / 1 copied.
26/03/02 03:37:44 INFO reduce.MergeManagerImpl: finalMerge called with 1 in-memory map-outputs and 0 on-disk map-outputs
26/03/02 03:37:44 INFO mapred.Merger: Merging 1 sorted segments
26/03/02 03:37:44 INFO mapred.Merger: Down to the last merge-pass, with 1 segments left of total size: 104 bytes
26/03/02 03:37:44 INFO reduce.MergeManagerImpl: Merged 1 segments, 110 bytes to disk to satisfy reduce memory limit
26/03/02 03:37:44 INFO reduce.MergeManagerImpl: Merging 1 files, 114 bytes from disk
26/03/02 03:37:44 INFO reduce.MergeManagerImpl: Merging 0 segments, 0 bytes from memory into reduce
26/03/02 03:37:44 INFO mapred.Merger: Merging 1 sorted segments
26/03/02 03:37:44 INFO mapred.Merger: Down to the last merge-pass, with 1 segments left of total size: 104 bytes
26/03/02 03:37:44 INFO mapred.LocalJobRunner: 1 / 1 copied.
26/03/02 03:37:44 INFO mapred.Task: Task:attempt_local1716603683_0005_r_000000_0 is done. And is in the process of committing
26/03/02 03:37:44 INFO mapred.LocalJobRunner: 1 / 1 copied.
26/03/02 03:37:44 INFO mapred.Task: Task attempt_local1716603683_0005_r_000000_0 is allowed to commit now
26/03/02 03:37:44 INFO output.FileOutputCommitter: Saved output of task 'attempt_local1716603683_0005_r_000000_0' to hdfs://localhost:9000/project2/task2/runs_report_plus/scale100k_opt/iter_5/_temporary/0/task_local1716603683_0005_r_000000
26/03/02 03:37:44 INFO mapred.LocalJobRunner: reduce > reduce
26/03/02 03:37:44 INFO mapred.Task: Task 'attempt_local1716603683_0005_r_000000_0' done.
26/03/02 03:37:44 INFO mapred.Task: Final Counters for attempt_local1716603683_0005_r_000000_0: Counters: 29
	File System Counters
		FILE: Number of bytes read=728748
		FILE: Number of bytes written=2210116
		FILE: Number of read operations=0
		FILE: Number of large read operations=0
		FILE: Number of write operations=0
		HDFS: Number of bytes read=36698257
		HDFS: Number of bytes written=4122
		HDFS: Number of read operations=248
		HDFS: Number of large read operations=0
		HDFS: Number of write operations=80
	Map-Reduce Framework
		Combine input records=0
		Combine output records=0
		Reduce input groups=2
		Reduce shuffle bytes=114
		Reduce input records=2
		Reduce output records=2
		Spilled Records=2
		Shuffled Maps =1
		Failed Shuffles=0
		Merged Map outputs=1
		GC time elapsed (ms)=0
		Total committed heap usage (bytes)=434110464
	Shuffle Errors
		BAD_ID=0
		CONNECTION=0
		IO_ERROR=0
		WRONG_LENGTH=0
		WRONG_MAP=0
		WRONG_REDUCE=0
	File Output Format Counters 
		Bytes Written=204
26/03/02 03:37:44 INFO mapred.LocalJobRunner: Finishing task: attempt_local1716603683_0005_r_000000_0
26/03/02 03:37:44 INFO mapred.LocalJobRunner: Starting task: attempt_local1716603683_0005_r_000001_0
26/03/02 03:37:44 INFO output.FileOutputCommitter: File Output Committer Algorithm version is 1
26/03/02 03:37:44 INFO mapred.Task:  Using ResourceCalculatorProcessTree : [ ]
26/03/02 03:37:44 INFO mapred.ReduceTask: Using ShuffleConsumerPlugin: org.apache.hadoop.mapreduce.task.reduce.Shuffle@66f41974
26/03/02 03:37:44 INFO reduce.MergeManagerImpl: MergerManager: memoryLimit=334338464, maxSingleShuffleLimit=83584616, mergeThreshold=220663392, ioSortFactor=10, memToMemMergeOutputsThreshold=10
26/03/02 03:37:44 INFO reduce.EventFetcher: attempt_local1716603683_0005_r_000001_0 Thread started: EventFetcher for fetching Map Completion Events
26/03/02 03:37:44 INFO reduce.LocalFetcher: localfetcher#18 about to shuffle output of map attempt_local1716603683_0005_m_000000_0 decomp: 56 len: 60 to MEMORY
26/03/02 03:37:44 INFO reduce.InMemoryMapOutput: Read 56 bytes from map-output for attempt_local1716603683_0005_m_000000_0
26/03/02 03:37:44 INFO reduce.MergeManagerImpl: closeInMemoryFile -> map-output of size: 56, inMemoryMapOutputs.size() -> 1, commitMemory -> 0, usedMemory ->56
26/03/02 03:37:44 INFO reduce.EventFetcher: EventFetcher is interrupted.. Returning
26/03/02 03:37:44 INFO mapred.LocalJobRunner: 1 / 1 copied.
26/03/02 03:37:44 INFO reduce.MergeManagerImpl: finalMerge called with 1 in-memory map-outputs and 0 on-disk map-outputs
26/03/02 03:37:44 INFO mapred.Merger: Merging 1 sorted segments
26/03/02 03:37:44 INFO mapred.Merger: Down to the last merge-pass, with 1 segments left of total size: 50 bytes
26/03/02 03:37:44 INFO reduce.MergeManagerImpl: Merged 1 segments, 56 bytes to disk to satisfy reduce memory limit
26/03/02 03:37:44 INFO reduce.MergeManagerImpl: Merging 1 files, 60 bytes from disk
26/03/02 03:37:44 INFO reduce.MergeManagerImpl: Merging 0 segments, 0 bytes from memory into reduce
26/03/02 03:37:44 INFO mapred.Merger: Merging 1 sorted segments
26/03/02 03:37:44 INFO mapred.Merger: Down to the last merge-pass, with 1 segments left of total size: 50 bytes
26/03/02 03:37:44 INFO mapred.LocalJobRunner: 1 / 1 copied.
26/03/02 03:37:44 INFO mapred.Task: Task:attempt_local1716603683_0005_r_000001_0 is done. And is in the process of committing
26/03/02 03:37:44 INFO mapred.LocalJobRunner: 1 / 1 copied.
26/03/02 03:37:44 INFO mapred.Task: Task attempt_local1716603683_0005_r_000001_0 is allowed to commit now
26/03/02 03:37:44 INFO output.FileOutputCommitter: Saved output of task 'attempt_local1716603683_0005_r_000001_0' to hdfs://localhost:9000/project2/task2/runs_report_plus/scale100k_opt/iter_5/_temporary/0/task_local1716603683_0005_r_000001
26/03/02 03:37:44 INFO mapred.LocalJobRunner: reduce > reduce
26/03/02 03:37:44 INFO mapred.Task: Task 'attempt_local1716603683_0005_r_000001_0' done.
26/03/02 03:37:44 INFO mapred.Task: Final Counters for attempt_local1716603683_0005_r_000001_0: Counters: 29
	File System Counters
		FILE: Number of bytes read=729092
		FILE: Number of bytes written=2210176
		FILE: Number of read operations=0
		FILE: Number of large read operations=0
		FILE: Number of write operations=0
		HDFS: Number of bytes read=36698257
		HDFS: Number of bytes written=4224
		HDFS: Number of read operations=251
		HDFS: Number of large read operations=0
		HDFS: Number of write operations=82
	Map-Reduce Framework
		Combine input records=0
		Combine output records=0
		Reduce input groups=1
		Reduce shuffle bytes=60
		Reduce input records=1
		Reduce output records=1
		Spilled Records=1
		Shuffled Maps =1
		Failed Shuffles=0
		Merged Map outputs=1
		GC time elapsed (ms)=0
		Total committed heap usage (bytes)=434110464
	Shuffle Errors
		BAD_ID=0
		CONNECTION=0
		IO_ERROR=0
		WRONG_LENGTH=0
		WRONG_MAP=0
		WRONG_REDUCE=0
	File Output Format Counters 
		Bytes Written=102
26/03/02 03:37:44 INFO mapred.LocalJobRunner: Finishing task: attempt_local1716603683_0005_r_000001_0
26/03/02 03:37:44 INFO mapred.LocalJobRunner: Starting task: attempt_local1716603683_0005_r_000002_0
26/03/02 03:37:44 INFO output.FileOutputCommitter: File Output Committer Algorithm version is 1
26/03/02 03:37:44 INFO mapred.Task:  Using ResourceCalculatorProcessTree : [ ]
26/03/02 03:37:44 INFO mapred.ReduceTask: Using ShuffleConsumerPlugin: org.apache.hadoop.mapreduce.task.reduce.Shuffle@1e3daee0
26/03/02 03:37:44 INFO reduce.MergeManagerImpl: MergerManager: memoryLimit=334338464, maxSingleShuffleLimit=83584616, mergeThreshold=220663392, ioSortFactor=10, memToMemMergeOutputsThreshold=10
26/03/02 03:37:44 INFO reduce.EventFetcher: attempt_local1716603683_0005_r_000002_0 Thread started: EventFetcher for fetching Map Completion Events
26/03/02 03:37:44 INFO reduce.LocalFetcher: localfetcher#19 about to shuffle output of map attempt_local1716603683_0005_m_000000_0 decomp: 56 len: 60 to MEMORY
26/03/02 03:37:44 INFO reduce.InMemoryMapOutput: Read 56 bytes from map-output for attempt_local1716603683_0005_m_000000_0
26/03/02 03:37:44 INFO reduce.MergeManagerImpl: closeInMemoryFile -> map-output of size: 56, inMemoryMapOutputs.size() -> 1, commitMemory -> 0, usedMemory ->56
26/03/02 03:37:44 WARN io.ReadaheadPool: Failed readahead on ifile
EBADF: Bad file descriptor
	at org.apache.hadoop.io.nativeio.NativeIO$POSIX.posix_fadvise(Native Method)
	at org.apache.hadoop.io.nativeio.NativeIO$POSIX.posixFadviseIfPossible(NativeIO.java:267)
	at org.apache.hadoop.io.nativeio.NativeIO$POSIX$CacheManipulator.posixFadviseIfPossible(NativeIO.java:146)
	at org.apache.hadoop.io.ReadaheadPool$ReadaheadRequestImpl.run(ReadaheadPool.java:206)
	at java.util.concurrent.ThreadPoolExecutor.runWorker(ThreadPoolExecutor.java:1149)
	at java.util.concurrent.ThreadPoolExecutor$Worker.run(ThreadPoolExecutor.java:624)
	at java.lang.Thread.run(Thread.java:748)
26/03/02 03:37:44 INFO reduce.EventFetcher: EventFetcher is interrupted.. Returning
26/03/02 03:37:44 INFO mapred.LocalJobRunner: 1 / 1 copied.
26/03/02 03:37:44 INFO reduce.MergeManagerImpl: finalMerge called with 1 in-memory map-outputs and 0 on-disk map-outputs
26/03/02 03:37:44 INFO mapred.Merger: Merging 1 sorted segments
26/03/02 03:37:44 INFO mapred.Merger: Down to the last merge-pass, with 1 segments left of total size: 50 bytes
26/03/02 03:37:44 INFO reduce.MergeManagerImpl: Merged 1 segments, 56 bytes to disk to satisfy reduce memory limit
26/03/02 03:37:44 INFO reduce.MergeManagerImpl: Merging 1 files, 60 bytes from disk
26/03/02 03:37:44 INFO reduce.MergeManagerImpl: Merging 0 segments, 0 bytes from memory into reduce
26/03/02 03:37:44 INFO mapred.Merger: Merging 1 sorted segments
26/03/02 03:37:44 INFO mapred.Merger: Down to the last merge-pass, with 1 segments left of total size: 50 bytes
26/03/02 03:37:44 INFO mapred.LocalJobRunner: 1 / 1 copied.
26/03/02 03:37:44 INFO mapred.Task: Task:attempt_local1716603683_0005_r_000002_0 is done. And is in the process of committing
26/03/02 03:37:44 INFO mapred.LocalJobRunner: 1 / 1 copied.
26/03/02 03:37:44 INFO mapred.Task: Task attempt_local1716603683_0005_r_000002_0 is allowed to commit now
26/03/02 03:37:44 INFO output.FileOutputCommitter: Saved output of task 'attempt_local1716603683_0005_r_000002_0' to hdfs://localhost:9000/project2/task2/runs_report_plus/scale100k_opt/iter_5/_temporary/0/task_local1716603683_0005_r_000002
26/03/02 03:37:44 INFO mapred.LocalJobRunner: reduce > reduce
26/03/02 03:37:44 INFO mapred.Task: Task 'attempt_local1716603683_0005_r_000002_0' done.
26/03/02 03:37:44 INFO mapred.Task: Final Counters for attempt_local1716603683_0005_r_000002_0: Counters: 29
	File System Counters
		FILE: Number of bytes read=729376
		FILE: Number of bytes written=2210236
		FILE: Number of read operations=0
		FILE: Number of large read operations=0
		FILE: Number of write operations=0
		HDFS: Number of bytes read=36698257
		HDFS: Number of bytes written=4327
		HDFS: Number of read operations=254
		HDFS: Number of large read operations=0
		HDFS: Number of write operations=84
	Map-Reduce Framework
		Combine input records=0
		Combine output records=0
		Reduce input groups=1
		Reduce shuffle bytes=60
		Reduce input records=1
		Reduce output records=1
		Spilled Records=1
		Shuffled Maps =1
		Failed Shuffles=0
		Merged Map outputs=1
		GC time elapsed (ms)=0
		Total committed heap usage (bytes)=434110464
	Shuffle Errors
		BAD_ID=0
		CONNECTION=0
		IO_ERROR=0
		WRONG_LENGTH=0
		WRONG_MAP=0
		WRONG_REDUCE=0
	File Output Format Counters 
		Bytes Written=103
26/03/02 03:37:44 INFO mapred.LocalJobRunner: Finishing task: attempt_local1716603683_0005_r_000002_0
26/03/02 03:37:44 INFO mapred.LocalJobRunner: Starting task: attempt_local1716603683_0005_r_000003_0
26/03/02 03:37:44 INFO output.FileOutputCommitter: File Output Committer Algorithm version is 1
26/03/02 03:37:44 INFO mapred.Task:  Using ResourceCalculatorProcessTree : [ ]
26/03/02 03:37:44 INFO mapred.ReduceTask: Using ShuffleConsumerPlugin: org.apache.hadoop.mapreduce.task.reduce.Shuffle@4f39a80f
26/03/02 03:37:44 INFO reduce.MergeManagerImpl: MergerManager: memoryLimit=334338464, maxSingleShuffleLimit=83584616, mergeThreshold=220663392, ioSortFactor=10, memToMemMergeOutputsThreshold=10
26/03/02 03:37:44 INFO reduce.EventFetcher: attempt_local1716603683_0005_r_000003_0 Thread started: EventFetcher for fetching Map Completion Events
26/03/02 03:37:44 INFO reduce.LocalFetcher: localfetcher#20 about to shuffle output of map attempt_local1716603683_0005_m_000000_0 decomp: 56 len: 60 to MEMORY
26/03/02 03:37:44 INFO reduce.InMemoryMapOutput: Read 56 bytes from map-output for attempt_local1716603683_0005_m_000000_0
26/03/02 03:37:44 INFO reduce.MergeManagerImpl: closeInMemoryFile -> map-output of size: 56, inMemoryMapOutputs.size() -> 1, commitMemory -> 0, usedMemory ->56
26/03/02 03:37:44 INFO reduce.EventFetcher: EventFetcher is interrupted.. Returning
26/03/02 03:37:44 INFO mapred.LocalJobRunner: 1 / 1 copied.
26/03/02 03:37:44 INFO reduce.MergeManagerImpl: finalMerge called with 1 in-memory map-outputs and 0 on-disk map-outputs
26/03/02 03:37:44 INFO mapred.Merger: Merging 1 sorted segments
26/03/02 03:37:44 INFO mapred.Merger: Down to the last merge-pass, with 1 segments left of total size: 50 bytes
26/03/02 03:37:44 INFO reduce.MergeManagerImpl: Merged 1 segments, 56 bytes to disk to satisfy reduce memory limit
26/03/02 03:37:44 INFO reduce.MergeManagerImpl: Merging 1 files, 60 bytes from disk
26/03/02 03:37:44 INFO reduce.MergeManagerImpl: Merging 0 segments, 0 bytes from memory into reduce
26/03/02 03:37:44 INFO mapred.Merger: Merging 1 sorted segments
26/03/02 03:37:44 INFO mapred.Merger: Down to the last merge-pass, with 1 segments left of total size: 50 bytes
26/03/02 03:37:44 INFO mapred.LocalJobRunner: 1 / 1 copied.
26/03/02 03:37:44 INFO mapred.Task: Task:attempt_local1716603683_0005_r_000003_0 is done. And is in the process of committing
26/03/02 03:37:44 INFO mapred.LocalJobRunner: 1 / 1 copied.
26/03/02 03:37:44 INFO mapred.Task: Task attempt_local1716603683_0005_r_000003_0 is allowed to commit now
26/03/02 03:37:44 INFO output.FileOutputCommitter: Saved output of task 'attempt_local1716603683_0005_r_000003_0' to hdfs://localhost:9000/project2/task2/runs_report_plus/scale100k_opt/iter_5/_temporary/0/task_local1716603683_0005_r_000003
26/03/02 03:37:44 INFO mapred.LocalJobRunner: reduce > reduce
26/03/02 03:37:44 INFO mapred.Task: Task 'attempt_local1716603683_0005_r_000003_0' done.
26/03/02 03:37:44 INFO mapred.Task: Final Counters for attempt_local1716603683_0005_r_000003_0: Counters: 29
	File System Counters
		FILE: Number of bytes read=729600
		FILE: Number of bytes written=2210296
		FILE: Number of read operations=0
		FILE: Number of large read operations=0
		FILE: Number of write operations=0
		HDFS: Number of bytes read=36698257
		HDFS: Number of bytes written=4430
		HDFS: Number of read operations=257
		HDFS: Number of large read operations=0
		HDFS: Number of write operations=86
	Map-Reduce Framework
		Combine input records=0
		Combine output records=0
		Reduce input groups=1
		Reduce shuffle bytes=60
		Reduce input records=1
		Reduce output records=1
		Spilled Records=1
		Shuffled Maps =1
		Failed Shuffles=0
		Merged Map outputs=1
		GC time elapsed (ms)=0
		Total committed heap usage (bytes)=434110464
	Shuffle Errors
		BAD_ID=0
		CONNECTION=0
		IO_ERROR=0
		WRONG_LENGTH=0
		WRONG_MAP=0
		WRONG_REDUCE=0
	File Output Format Counters 
		Bytes Written=103
26/03/02 03:37:44 INFO mapred.LocalJobRunner: Finishing task: attempt_local1716603683_0005_r_000003_0
26/03/02 03:37:44 INFO mapred.LocalJobRunner: reduce task executor complete.
26/03/02 03:37:44 INFO mapreduce.Job: Job job_local1716603683_0005 running in uber mode : false
26/03/02 03:37:44 INFO mapreduce.Job:  map 100% reduce 100%
26/03/02 03:37:44 INFO mapreduce.Job: Job job_local1716603683_0005 completed successfully
26/03/02 03:37:44 INFO mapreduce.Job: Counters: 35
	File System Counters
		FILE: Number of bytes read=3645052
		FILE: Number of bytes written=11050826
		FILE: Number of read operations=0
		FILE: Number of large read operations=0
		FILE: Number of write operations=0
		HDFS: Number of bytes read=183491285
		HDFS: Number of bytes written=21021
		HDFS: Number of read operations=1255
		HDFS: Number of large read operations=0
		HDFS: Number of write operations=410
	Map-Reduce Framework
		Map input records=100000
		Map output records=100000
		Map output bytes=5200000
		Map output materialized bytes=294
		Input split bytes=123
		Combine input records=100000
		Combine output records=5
		Reduce input groups=5
		Reduce shuffle bytes=294
		Reduce input records=5
		Reduce output records=5
		Spilled Records=10
		Shuffled Maps =4
		Failed Shuffles=0
		Merged Map outputs=4
		GC time elapsed (ms)=21
		Total committed heap usage (bytes)=2170552320
	Shuffle Errors
		BAD_ID=0
		CONNECTION=0
		IO_ERROR=0
		WRONG_LENGTH=0
		WRONG_MAP=0
		WRONG_REDUCE=0
	File Input Format Counters 
		Bytes Read=7337711
	File Output Format Counters 
		Bytes Written=512
26/03/02 03:37:44 INFO jvm.JvmMetrics: Cannot initialize JVM Metrics with processName=JobTracker, sessionId= - already initialized
26/03/02 03:37:44 WARN mapreduce.JobResourceUploader: Hadoop command-line option parsing not performed. Implement the Tool interface and execute your application with ToolRunner to remedy this.
26/03/02 03:37:44 INFO input.FileInputFormat: Total input paths to process : 1
26/03/02 03:37:44 INFO mapreduce.JobSubmitter: number of splits:1
26/03/02 03:37:44 INFO mapreduce.JobSubmitter: Submitting tokens for job: job_local341957789_0006
26/03/02 03:37:44 INFO mapred.LocalDistributedCacheManager: Creating symlink: /tmp/hadoop-ds503/mapred/local/1772422664903/centers_iter_5.csv <- /home/ds503/centers_iter_5.csv
26/03/02 03:37:44 INFO mapred.LocalDistributedCacheManager: Localized hdfs://localhost:9000/project2/task2/runs_report_plus/scale100k_opt/centers_iter_5.csv as file:/tmp/hadoop-ds503/mapred/local/1772422664903/centers_iter_5.csv
26/03/02 03:37:44 INFO mapreduce.Job: The url to track the job: http://localhost:8080/
26/03/02 03:37:44 INFO mapreduce.Job: Running job: job_local341957789_0006
26/03/02 03:37:44 INFO mapred.LocalJobRunner: OutputCommitter set in config null
26/03/02 03:37:44 INFO output.FileOutputCommitter: File Output Committer Algorithm version is 1
26/03/02 03:37:44 INFO mapred.LocalJobRunner: OutputCommitter is org.apache.hadoop.mapreduce.lib.output.FileOutputCommitter
26/03/02 03:37:44 INFO mapred.LocalJobRunner: Waiting for map tasks
26/03/02 03:37:44 INFO mapred.LocalJobRunner: Starting task: attempt_local341957789_0006_m_000000_0
26/03/02 03:37:44 INFO output.FileOutputCommitter: File Output Committer Algorithm version is 1
26/03/02 03:37:44 INFO mapred.Task:  Using ResourceCalculatorProcessTree : [ ]
26/03/02 03:37:44 INFO mapred.MapTask: Processing split: hdfs://localhost:9000/project2/task2/input/points_100k.csv:0+7337711
26/03/02 03:37:44 INFO mapred.MapTask: (EQUATOR) 0 kvi 26214396(104857584)
26/03/02 03:37:44 INFO mapred.MapTask: mapreduce.task.io.sort.mb: 100
26/03/02 03:37:44 INFO mapred.MapTask: soft limit at 83886080
26/03/02 03:37:44 INFO mapred.MapTask: bufstart = 0; bufvoid = 104857600
26/03/02 03:37:44 INFO mapred.MapTask: kvstart = 26214396; length = 6553600
26/03/02 03:37:44 INFO mapred.MapTask: Map output collector class = org.apache.hadoop.mapred.MapTask$MapOutputBuffer
26/03/02 03:37:45 INFO mapred.LocalJobRunner: 
26/03/02 03:37:45 INFO mapred.MapTask: Starting flush of map output
26/03/02 03:37:45 INFO mapred.MapTask: Spilling map output
26/03/02 03:37:45 INFO mapred.MapTask: bufstart = 0; bufend = 5200000; bufvoid = 104857600
26/03/02 03:37:45 INFO mapred.MapTask: kvstart = 26214396(104857584); kvend = 25814400(103257600); length = 399997/6553600
26/03/02 03:37:45 INFO mapred.MapTask: Finished spill 0
26/03/02 03:37:45 INFO mapred.Task: Task:attempt_local341957789_0006_m_000000_0 is done. And is in the process of committing
26/03/02 03:37:45 INFO mapred.LocalJobRunner: map
26/03/02 03:37:45 INFO mapred.Task: Task 'attempt_local341957789_0006_m_000000_0' done.
26/03/02 03:37:45 INFO mapred.Task: Final Counters for attempt_local341957789_0006_m_000000_0: Counters: 23
	File System Counters
		FILE: Number of bytes read=874156
		FILE: Number of bytes written=2650791
		FILE: Number of read operations=0
		FILE: Number of large read operations=0
		FILE: Number of write operations=0
		HDFS: Number of bytes read=44038124
		HDFS: Number of bytes written=4806
		HDFS: Number of read operations=301
		HDFS: Number of large read operations=0
		HDFS: Number of write operations=96
	Map-Reduce Framework
		Map input records=100000
		Map output records=100000
		Map output bytes=5200000
		Map output materialized bytes=294
		Input split bytes=123
		Combine input records=100000
		Combine output records=5
		Spilled Records=5
		Failed Shuffles=0
		Merged Map outputs=0
		GC time elapsed (ms)=20
		Total committed heap usage (bytes)=436207616
	File Input Format Counters 
		Bytes Read=7337711
26/03/02 03:37:45 INFO mapred.LocalJobRunner: Finishing task: attempt_local341957789_0006_m_000000_0
26/03/02 03:37:45 INFO mapred.LocalJobRunner: map task executor complete.
26/03/02 03:37:45 INFO mapred.LocalJobRunner: Waiting for reduce tasks
26/03/02 03:37:45 INFO mapred.LocalJobRunner: Starting task: attempt_local341957789_0006_r_000000_0
26/03/02 03:37:45 INFO output.FileOutputCommitter: File Output Committer Algorithm version is 1
26/03/02 03:37:45 INFO mapred.Task:  Using ResourceCalculatorProcessTree : [ ]
26/03/02 03:37:45 INFO mapred.ReduceTask: Using ShuffleConsumerPlugin: org.apache.hadoop.mapreduce.task.reduce.Shuffle@6dc6ad07
26/03/02 03:37:45 INFO reduce.MergeManagerImpl: MergerManager: memoryLimit=334338464, maxSingleShuffleLimit=83584616, mergeThreshold=220663392, ioSortFactor=10, memToMemMergeOutputsThreshold=10
26/03/02 03:37:45 INFO reduce.EventFetcher: attempt_local341957789_0006_r_000000_0 Thread started: EventFetcher for fetching Map Completion Events
26/03/02 03:37:45 INFO reduce.LocalFetcher: localfetcher#21 about to shuffle output of map attempt_local341957789_0006_m_000000_0 decomp: 110 len: 114 to MEMORY
26/03/02 03:37:45 INFO reduce.InMemoryMapOutput: Read 110 bytes from map-output for attempt_local341957789_0006_m_000000_0
26/03/02 03:37:45 INFO reduce.MergeManagerImpl: closeInMemoryFile -> map-output of size: 110, inMemoryMapOutputs.size() -> 1, commitMemory -> 0, usedMemory ->110
26/03/02 03:37:45 INFO reduce.EventFetcher: EventFetcher is interrupted.. Returning
26/03/02 03:37:45 INFO mapred.LocalJobRunner: 1 / 1 copied.
26/03/02 03:37:45 INFO reduce.MergeManagerImpl: finalMerge called with 1 in-memory map-outputs and 0 on-disk map-outputs
26/03/02 03:37:45 INFO mapred.Merger: Merging 1 sorted segments
26/03/02 03:37:45 INFO mapred.Merger: Down to the last merge-pass, with 1 segments left of total size: 104 bytes
26/03/02 03:37:45 INFO reduce.MergeManagerImpl: Merged 1 segments, 110 bytes to disk to satisfy reduce memory limit
26/03/02 03:37:45 INFO reduce.MergeManagerImpl: Merging 1 files, 114 bytes from disk
26/03/02 03:37:45 INFO reduce.MergeManagerImpl: Merging 0 segments, 0 bytes from memory into reduce
26/03/02 03:37:45 INFO mapred.Merger: Merging 1 sorted segments
26/03/02 03:37:45 INFO mapred.Merger: Down to the last merge-pass, with 1 segments left of total size: 104 bytes
26/03/02 03:37:45 INFO mapred.LocalJobRunner: 1 / 1 copied.
26/03/02 03:37:45 INFO mapred.Task: Task:attempt_local341957789_0006_r_000000_0 is done. And is in the process of committing
26/03/02 03:37:45 INFO mapred.LocalJobRunner: 1 / 1 copied.
26/03/02 03:37:45 INFO mapred.Task: Task attempt_local341957789_0006_r_000000_0 is allowed to commit now
26/03/02 03:37:45 INFO output.FileOutputCommitter: Saved output of task 'attempt_local341957789_0006_r_000000_0' to hdfs://localhost:9000/project2/task2/runs_report_plus/scale100k_opt/iter_6/_temporary/0/task_local341957789_0006_r_000000
26/03/02 03:37:45 INFO mapred.LocalJobRunner: reduce > reduce
26/03/02 03:37:45 INFO mapred.Task: Task 'attempt_local341957789_0006_r_000000_0' done.
26/03/02 03:37:45 INFO mapred.Task: Final Counters for attempt_local341957789_0006_r_000000_0: Counters: 29
	File System Counters
		FILE: Number of bytes read=874668
		FILE: Number of bytes written=2650905
		FILE: Number of read operations=0
		FILE: Number of large read operations=0
		FILE: Number of write operations=0
		HDFS: Number of bytes read=44038124
		HDFS: Number of bytes written=5014
		HDFS: Number of read operations=304
		HDFS: Number of large read operations=0
		HDFS: Number of write operations=98
	Map-Reduce Framework
		Combine input records=0
		Combine output records=0
		Reduce input groups=2
		Reduce shuffle bytes=114
		Reduce input records=2
		Reduce output records=2
		Spilled Records=2
		Shuffled Maps =1
		Failed Shuffles=0
		Merged Map outputs=1
		GC time elapsed (ms)=0
		Total committed heap usage (bytes)=436207616
	Shuffle Errors
		BAD_ID=0
		CONNECTION=0
		IO_ERROR=0
		WRONG_LENGTH=0
		WRONG_MAP=0
		WRONG_REDUCE=0
	File Output Format Counters 
		Bytes Written=208
26/03/02 03:37:45 INFO mapred.LocalJobRunner: Finishing task: attempt_local341957789_0006_r_000000_0
26/03/02 03:37:45 INFO mapred.LocalJobRunner: Starting task: attempt_local341957789_0006_r_000001_0
26/03/02 03:37:45 INFO output.FileOutputCommitter: File Output Committer Algorithm version is 1
26/03/02 03:37:45 INFO mapred.Task:  Using ResourceCalculatorProcessTree : [ ]
26/03/02 03:37:45 INFO mapred.ReduceTask: Using ShuffleConsumerPlugin: org.apache.hadoop.mapreduce.task.reduce.Shuffle@7aca7b21
26/03/02 03:37:45 INFO reduce.MergeManagerImpl: MergerManager: memoryLimit=334338464, maxSingleShuffleLimit=83584616, mergeThreshold=220663392, ioSortFactor=10, memToMemMergeOutputsThreshold=10
26/03/02 03:37:45 INFO reduce.EventFetcher: attempt_local341957789_0006_r_000001_0 Thread started: EventFetcher for fetching Map Completion Events
26/03/02 03:37:45 INFO reduce.LocalFetcher: localfetcher#22 about to shuffle output of map attempt_local341957789_0006_m_000000_0 decomp: 56 len: 60 to MEMORY
26/03/02 03:37:45 INFO reduce.InMemoryMapOutput: Read 56 bytes from map-output for attempt_local341957789_0006_m_000000_0
26/03/02 03:37:45 INFO reduce.MergeManagerImpl: closeInMemoryFile -> map-output of size: 56, inMemoryMapOutputs.size() -> 1, commitMemory -> 0, usedMemory ->56
26/03/02 03:37:45 INFO reduce.EventFetcher: EventFetcher is interrupted.. Returning
26/03/02 03:37:45 INFO mapred.LocalJobRunner: 1 / 1 copied.
26/03/02 03:37:45 INFO reduce.MergeManagerImpl: finalMerge called with 1 in-memory map-outputs and 0 on-disk map-outputs
26/03/02 03:37:45 INFO mapred.Merger: Merging 1 sorted segments
26/03/02 03:37:45 INFO mapred.Merger: Down to the last merge-pass, with 1 segments left of total size: 50 bytes
26/03/02 03:37:45 INFO reduce.MergeManagerImpl: Merged 1 segments, 56 bytes to disk to satisfy reduce memory limit
26/03/02 03:37:45 INFO reduce.MergeManagerImpl: Merging 1 files, 60 bytes from disk
26/03/02 03:37:45 INFO reduce.MergeManagerImpl: Merging 0 segments, 0 bytes from memory into reduce
26/03/02 03:37:45 INFO mapred.Merger: Merging 1 sorted segments
26/03/02 03:37:45 INFO mapred.Merger: Down to the last merge-pass, with 1 segments left of total size: 50 bytes
26/03/02 03:37:45 INFO mapred.LocalJobRunner: 1 / 1 copied.
26/03/02 03:37:45 INFO mapred.Task: Task:attempt_local341957789_0006_r_000001_0 is done. And is in the process of committing
26/03/02 03:37:45 INFO mapred.LocalJobRunner: 1 / 1 copied.
26/03/02 03:37:45 INFO mapred.Task: Task attempt_local341957789_0006_r_000001_0 is allowed to commit now
26/03/02 03:37:45 INFO output.FileOutputCommitter: Saved output of task 'attempt_local341957789_0006_r_000001_0' to hdfs://localhost:9000/project2/task2/runs_report_plus/scale100k_opt/iter_6/_temporary/0/task_local341957789_0006_r_000001
26/03/02 03:37:45 INFO mapred.LocalJobRunner: reduce > reduce
26/03/02 03:37:45 INFO mapred.Task: Task 'attempt_local341957789_0006_r_000001_0' done.
26/03/02 03:37:45 INFO mapred.Task: Final Counters for attempt_local341957789_0006_r_000001_0: Counters: 29
	File System Counters
		FILE: Number of bytes read=875012
		FILE: Number of bytes written=2650965
		FILE: Number of read operations=0
		FILE: Number of large read operations=0
		FILE: Number of write operations=0
		HDFS: Number of bytes read=44038124
		HDFS: Number of bytes written=5115
		HDFS: Number of read operations=307
		HDFS: Number of large read operations=0
		HDFS: Number of write operations=100
	Map-Reduce Framework
		Combine input records=0
		Combine output records=0
		Reduce input groups=1
		Reduce shuffle bytes=60
		Reduce input records=1
		Reduce output records=1
		Spilled Records=1
		Shuffled Maps =1
		Failed Shuffles=0
		Merged Map outputs=1
		GC time elapsed (ms)=0
		Total committed heap usage (bytes)=436207616
	Shuffle Errors
		BAD_ID=0
		CONNECTION=0
		IO_ERROR=0
		WRONG_LENGTH=0
		WRONG_MAP=0
		WRONG_REDUCE=0
	File Output Format Counters 
		Bytes Written=101
26/03/02 03:37:45 INFO mapred.LocalJobRunner: Finishing task: attempt_local341957789_0006_r_000001_0
26/03/02 03:37:45 INFO mapred.LocalJobRunner: Starting task: attempt_local341957789_0006_r_000002_0
26/03/02 03:37:45 INFO output.FileOutputCommitter: File Output Committer Algorithm version is 1
26/03/02 03:37:45 INFO mapred.Task:  Using ResourceCalculatorProcessTree : [ ]
26/03/02 03:37:45 INFO mapred.ReduceTask: Using ShuffleConsumerPlugin: org.apache.hadoop.mapreduce.task.reduce.Shuffle@2c8c4e2
26/03/02 03:37:45 INFO reduce.MergeManagerImpl: MergerManager: memoryLimit=334338464, maxSingleShuffleLimit=83584616, mergeThreshold=220663392, ioSortFactor=10, memToMemMergeOutputsThreshold=10
26/03/02 03:37:45 INFO reduce.EventFetcher: attempt_local341957789_0006_r_000002_0 Thread started: EventFetcher for fetching Map Completion Events
26/03/02 03:37:45 INFO reduce.LocalFetcher: localfetcher#23 about to shuffle output of map attempt_local341957789_0006_m_000000_0 decomp: 56 len: 60 to MEMORY
26/03/02 03:37:45 INFO reduce.InMemoryMapOutput: Read 56 bytes from map-output for attempt_local341957789_0006_m_000000_0
26/03/02 03:37:45 INFO reduce.MergeManagerImpl: closeInMemoryFile -> map-output of size: 56, inMemoryMapOutputs.size() -> 1, commitMemory -> 0, usedMemory ->56
26/03/02 03:37:45 INFO reduce.EventFetcher: EventFetcher is interrupted.. Returning
26/03/02 03:37:45 INFO mapred.LocalJobRunner: 1 / 1 copied.
26/03/02 03:37:45 INFO reduce.MergeManagerImpl: finalMerge called with 1 in-memory map-outputs and 0 on-disk map-outputs
26/03/02 03:37:45 INFO mapred.Merger: Merging 1 sorted segments
26/03/02 03:37:45 INFO mapred.Merger: Down to the last merge-pass, with 1 segments left of total size: 50 bytes
26/03/02 03:37:45 INFO reduce.MergeManagerImpl: Merged 1 segments, 56 bytes to disk to satisfy reduce memory limit
26/03/02 03:37:45 INFO reduce.MergeManagerImpl: Merging 1 files, 60 bytes from disk
26/03/02 03:37:45 INFO reduce.MergeManagerImpl: Merging 0 segments, 0 bytes from memory into reduce
26/03/02 03:37:45 INFO mapred.Merger: Merging 1 sorted segments
26/03/02 03:37:45 INFO mapred.Merger: Down to the last merge-pass, with 1 segments left of total size: 50 bytes
26/03/02 03:37:45 INFO mapred.LocalJobRunner: 1 / 1 copied.
26/03/02 03:37:45 INFO mapred.Task: Task:attempt_local341957789_0006_r_000002_0 is done. And is in the process of committing
26/03/02 03:37:45 INFO mapred.LocalJobRunner: 1 / 1 copied.
26/03/02 03:37:45 INFO mapred.Task: Task attempt_local341957789_0006_r_000002_0 is allowed to commit now
26/03/02 03:37:45 INFO output.FileOutputCommitter: Saved output of task 'attempt_local341957789_0006_r_000002_0' to hdfs://localhost:9000/project2/task2/runs_report_plus/scale100k_opt/iter_6/_temporary/0/task_local341957789_0006_r_000002
26/03/02 03:37:45 INFO mapred.LocalJobRunner: reduce > reduce
26/03/02 03:37:45 INFO mapred.Task: Task 'attempt_local341957789_0006_r_000002_0' done.
26/03/02 03:37:45 INFO mapred.Task: Final Counters for attempt_local341957789_0006_r_000002_0: Counters: 29
	File System Counters
		FILE: Number of bytes read=875296
		FILE: Number of bytes written=2651025
		FILE: Number of read operations=0
		FILE: Number of large read operations=0
		FILE: Number of write operations=0
		HDFS: Number of bytes read=44038124
		HDFS: Number of bytes written=5215
		HDFS: Number of read operations=310
		HDFS: Number of large read operations=0
		HDFS: Number of write operations=102
	Map-Reduce Framework
		Combine input records=0
		Combine output records=0
		Reduce input groups=1
		Reduce shuffle bytes=60
		Reduce input records=1
		Reduce output records=1
		Spilled Records=1
		Shuffled Maps =1
		Failed Shuffles=0
		Merged Map outputs=1
		GC time elapsed (ms)=0
		Total committed heap usage (bytes)=436207616
	Shuffle Errors
		BAD_ID=0
		CONNECTION=0
		IO_ERROR=0
		WRONG_LENGTH=0
		WRONG_MAP=0
		WRONG_REDUCE=0
	File Output Format Counters 
		Bytes Written=100
26/03/02 03:37:45 INFO mapred.LocalJobRunner: Finishing task: attempt_local341957789_0006_r_000002_0
26/03/02 03:37:45 INFO mapred.LocalJobRunner: Starting task: attempt_local341957789_0006_r_000003_0
26/03/02 03:37:45 INFO output.FileOutputCommitter: File Output Committer Algorithm version is 1
26/03/02 03:37:45 INFO mapred.Task:  Using ResourceCalculatorProcessTree : [ ]
26/03/02 03:37:45 INFO mapred.ReduceTask: Using ShuffleConsumerPlugin: org.apache.hadoop.mapreduce.task.reduce.Shuffle@6ba9c3ab
26/03/02 03:37:45 INFO reduce.MergeManagerImpl: MergerManager: memoryLimit=334338464, maxSingleShuffleLimit=83584616, mergeThreshold=220663392, ioSortFactor=10, memToMemMergeOutputsThreshold=10
26/03/02 03:37:45 INFO reduce.EventFetcher: attempt_local341957789_0006_r_000003_0 Thread started: EventFetcher for fetching Map Completion Events
26/03/02 03:37:45 INFO reduce.LocalFetcher: localfetcher#24 about to shuffle output of map attempt_local341957789_0006_m_000000_0 decomp: 56 len: 60 to MEMORY
26/03/02 03:37:45 INFO reduce.InMemoryMapOutput: Read 56 bytes from map-output for attempt_local341957789_0006_m_000000_0
26/03/02 03:37:45 INFO reduce.MergeManagerImpl: closeInMemoryFile -> map-output of size: 56, inMemoryMapOutputs.size() -> 1, commitMemory -> 0, usedMemory ->56
26/03/02 03:37:45 INFO reduce.EventFetcher: EventFetcher is interrupted.. Returning
26/03/02 03:37:45 INFO mapred.LocalJobRunner: 1 / 1 copied.
26/03/02 03:37:45 INFO reduce.MergeManagerImpl: finalMerge called with 1 in-memory map-outputs and 0 on-disk map-outputs
26/03/02 03:37:45 INFO mapred.Merger: Merging 1 sorted segments
26/03/02 03:37:45 INFO mapred.Merger: Down to the last merge-pass, with 1 segments left of total size: 50 bytes
26/03/02 03:37:45 INFO reduce.MergeManagerImpl: Merged 1 segments, 56 bytes to disk to satisfy reduce memory limit
26/03/02 03:37:45 INFO reduce.MergeManagerImpl: Merging 1 files, 60 bytes from disk
26/03/02 03:37:45 INFO reduce.MergeManagerImpl: Merging 0 segments, 0 bytes from memory into reduce
26/03/02 03:37:45 INFO mapred.Merger: Merging 1 sorted segments
26/03/02 03:37:45 INFO mapred.Merger: Down to the last merge-pass, with 1 segments left of total size: 50 bytes
26/03/02 03:37:45 INFO mapred.LocalJobRunner: 1 / 1 copied.
26/03/02 03:37:45 INFO mapred.Task: Task:attempt_local341957789_0006_r_000003_0 is done. And is in the process of committing
26/03/02 03:37:45 INFO mapred.LocalJobRunner: 1 / 1 copied.
26/03/02 03:37:45 INFO mapred.Task: Task attempt_local341957789_0006_r_000003_0 is allowed to commit now
26/03/02 03:37:45 INFO output.FileOutputCommitter: Saved output of task 'attempt_local341957789_0006_r_000003_0' to hdfs://localhost:9000/project2/task2/runs_report_plus/scale100k_opt/iter_6/_temporary/0/task_local341957789_0006_r_000003
26/03/02 03:37:45 INFO mapred.LocalJobRunner: reduce > reduce
26/03/02 03:37:45 INFO mapred.Task: Task 'attempt_local341957789_0006_r_000003_0' done.
26/03/02 03:37:45 INFO mapred.Task: Final Counters for attempt_local341957789_0006_r_000003_0: Counters: 29
	File System Counters
		FILE: Number of bytes read=875520
		FILE: Number of bytes written=2651085
		FILE: Number of read operations=0
		FILE: Number of large read operations=0
		FILE: Number of write operations=0
		HDFS: Number of bytes read=44038124
		HDFS: Number of bytes written=5317
		HDFS: Number of read operations=313
		HDFS: Number of large read operations=0
		HDFS: Number of write operations=104
	Map-Reduce Framework
		Combine input records=0
		Combine output records=0
		Reduce input groups=1
		Reduce shuffle bytes=60
		Reduce input records=1
		Reduce output records=1
		Spilled Records=1
		Shuffled Maps =1
		Failed Shuffles=0
		Merged Map outputs=1
		GC time elapsed (ms)=0
		Total committed heap usage (bytes)=436207616
	Shuffle Errors
		BAD_ID=0
		CONNECTION=0
		IO_ERROR=0
		WRONG_LENGTH=0
		WRONG_MAP=0
		WRONG_REDUCE=0
	File Output Format Counters 
		Bytes Written=102
26/03/02 03:37:45 INFO mapred.LocalJobRunner: Finishing task: attempt_local341957789_0006_r_000003_0
26/03/02 03:37:45 INFO mapred.LocalJobRunner: reduce task executor complete.
26/03/02 03:37:45 INFO mapreduce.Job: Job job_local341957789_0006 running in uber mode : false
26/03/02 03:37:45 INFO mapreduce.Job:  map 100% reduce 100%
26/03/02 03:37:45 INFO mapreduce.Job: Job job_local341957789_0006 completed successfully
26/03/02 03:37:45 INFO mapreduce.Job: Counters: 35
	File System Counters
		FILE: Number of bytes read=4374652
		FILE: Number of bytes written=13254771
		FILE: Number of read operations=0
		FILE: Number of large read operations=0
		FILE: Number of write operations=0
		HDFS: Number of bytes read=220190620
		HDFS: Number of bytes written=25467
		HDFS: Number of read operations=1535
		HDFS: Number of large read operations=0
		HDFS: Number of write operations=500
	Map-Reduce Framework
		Map input records=100000
		Map output records=100000
		Map output bytes=5200000
		Map output materialized bytes=294
		Input split bytes=123
		Combine input records=100000
		Combine output records=5
		Reduce input groups=5
		Reduce shuffle bytes=294
		Reduce input records=5
		Reduce output records=5
		Spilled Records=10
		Shuffled Maps =4
		Failed Shuffles=0
		Merged Map outputs=4
		GC time elapsed (ms)=20
		Total committed heap usage (bytes)=2181038080
	Shuffle Errors
		BAD_ID=0
		CONNECTION=0
		IO_ERROR=0
		WRONG_LENGTH=0
		WRONG_MAP=0
		WRONG_REDUCE=0
	File Input Format Counters 
		Bytes Read=7337711
	File Output Format Counters 
		Bytes Written=511
26/03/02 03:37:45 INFO jvm.JvmMetrics: Cannot initialize JVM Metrics with processName=JobTracker, sessionId= - already initialized
26/03/02 03:37:45 WARN mapreduce.JobResourceUploader: Hadoop command-line option parsing not performed. Implement the Tool interface and execute your application with ToolRunner to remedy this.
26/03/02 03:37:45 INFO input.FileInputFormat: Total input paths to process : 1
26/03/02 03:37:45 INFO mapreduce.JobSubmitter: number of splits:1
26/03/02 03:37:45 INFO mapreduce.JobSubmitter: Submitting tokens for job: job_local1840423844_0007
26/03/02 03:37:46 INFO mapred.LocalDistributedCacheManager: Creating symlink: /tmp/hadoop-ds503/mapred/local/1772422665993/centers_iter_6.csv <- /home/ds503/centers_iter_6.csv
26/03/02 03:37:46 INFO mapred.LocalDistributedCacheManager: Localized hdfs://localhost:9000/project2/task2/runs_report_plus/scale100k_opt/centers_iter_6.csv as file:/tmp/hadoop-ds503/mapred/local/1772422665993/centers_iter_6.csv
26/03/02 03:37:46 INFO mapreduce.Job: The url to track the job: http://localhost:8080/
26/03/02 03:37:46 INFO mapreduce.Job: Running job: job_local1840423844_0007
26/03/02 03:37:46 INFO mapred.LocalJobRunner: OutputCommitter set in config null
26/03/02 03:37:46 INFO output.FileOutputCommitter: File Output Committer Algorithm version is 1
26/03/02 03:37:46 INFO mapred.LocalJobRunner: OutputCommitter is org.apache.hadoop.mapreduce.lib.output.FileOutputCommitter
26/03/02 03:37:46 INFO mapred.LocalJobRunner: Waiting for map tasks
26/03/02 03:37:46 INFO mapred.LocalJobRunner: Starting task: attempt_local1840423844_0007_m_000000_0
26/03/02 03:37:46 INFO output.FileOutputCommitter: File Output Committer Algorithm version is 1
26/03/02 03:37:46 INFO mapred.Task:  Using ResourceCalculatorProcessTree : [ ]
26/03/02 03:37:46 INFO mapred.MapTask: Processing split: hdfs://localhost:9000/project2/task2/input/points_100k.csv:0+7337711
26/03/02 03:37:46 INFO mapred.MapTask: (EQUATOR) 0 kvi 26214396(104857584)
26/03/02 03:37:46 INFO mapred.MapTask: mapreduce.task.io.sort.mb: 100
26/03/02 03:37:46 INFO mapred.MapTask: soft limit at 83886080
26/03/02 03:37:46 INFO mapred.MapTask: bufstart = 0; bufvoid = 104857600
26/03/02 03:37:46 INFO mapred.MapTask: kvstart = 26214396; length = 6553600
26/03/02 03:37:46 INFO mapred.MapTask: Map output collector class = org.apache.hadoop.mapred.MapTask$MapOutputBuffer
26/03/02 03:37:46 INFO mapred.LocalJobRunner: 
26/03/02 03:37:46 INFO mapred.MapTask: Starting flush of map output
26/03/02 03:37:46 INFO mapred.MapTask: Spilling map output
26/03/02 03:37:46 INFO mapred.MapTask: bufstart = 0; bufend = 5200000; bufvoid = 104857600
26/03/02 03:37:46 INFO mapred.MapTask: kvstart = 26214396(104857584); kvend = 25814400(103257600); length = 399997/6553600
26/03/02 03:37:46 INFO mapred.MapTask: Finished spill 0
26/03/02 03:37:46 INFO mapred.Task: Task:attempt_local1840423844_0007_m_000000_0 is done. And is in the process of committing
26/03/02 03:37:46 INFO mapred.LocalJobRunner: map
26/03/02 03:37:46 INFO mapred.Task: Task 'attempt_local1840423844_0007_m_000000_0' done.
26/03/02 03:37:46 INFO mapred.Task: Final Counters for attempt_local1840423844_0007_m_000000_0: Counters: 23
	File System Counters
		FILE: Number of bytes read=1020076
		FILE: Number of bytes written=3093168
		FILE: Number of read operations=0
		FILE: Number of large read operations=0
		FILE: Number of write operations=0
		HDFS: Number of bytes read=51377985
		HDFS: Number of bytes written=5693
		HDFS: Number of read operations=357
		HDFS: Number of large read operations=0
		HDFS: Number of write operations=114
	Map-Reduce Framework
		Map input records=100000
		Map output records=100000
		Map output bytes=5200000
		Map output materialized bytes=294
		Input split bytes=123
		Combine input records=100000
		Combine output records=5
		Spilled Records=5
		Failed Shuffles=0
		Merged Map outputs=0
		GC time elapsed (ms)=19
		Total committed heap usage (bytes)=437780480
	File Input Format Counters 
		Bytes Read=7337711
26/03/02 03:37:46 INFO mapred.LocalJobRunner: Finishing task: attempt_local1840423844_0007_m_000000_0
26/03/02 03:37:46 INFO mapred.LocalJobRunner: map task executor complete.
26/03/02 03:37:46 INFO mapred.LocalJobRunner: Waiting for reduce tasks
26/03/02 03:37:46 INFO mapred.LocalJobRunner: Starting task: attempt_local1840423844_0007_r_000000_0
26/03/02 03:37:46 INFO output.FileOutputCommitter: File Output Committer Algorithm version is 1
26/03/02 03:37:46 INFO mapred.Task:  Using ResourceCalculatorProcessTree : [ ]
26/03/02 03:37:46 INFO mapred.ReduceTask: Using ShuffleConsumerPlugin: org.apache.hadoop.mapreduce.task.reduce.Shuffle@5784a2e8
26/03/02 03:37:46 INFO reduce.MergeManagerImpl: MergerManager: memoryLimit=334338464, maxSingleShuffleLimit=83584616, mergeThreshold=220663392, ioSortFactor=10, memToMemMergeOutputsThreshold=10
26/03/02 03:37:46 INFO reduce.EventFetcher: attempt_local1840423844_0007_r_000000_0 Thread started: EventFetcher for fetching Map Completion Events
26/03/02 03:37:46 INFO reduce.LocalFetcher: localfetcher#25 about to shuffle output of map attempt_local1840423844_0007_m_000000_0 decomp: 110 len: 114 to MEMORY
26/03/02 03:37:46 INFO reduce.InMemoryMapOutput: Read 110 bytes from map-output for attempt_local1840423844_0007_m_000000_0
26/03/02 03:37:46 INFO reduce.MergeManagerImpl: closeInMemoryFile -> map-output of size: 110, inMemoryMapOutputs.size() -> 1, commitMemory -> 0, usedMemory ->110
26/03/02 03:37:46 INFO reduce.EventFetcher: EventFetcher is interrupted.. Returning
26/03/02 03:37:46 INFO mapred.LocalJobRunner: 1 / 1 copied.
26/03/02 03:37:46 INFO reduce.MergeManagerImpl: finalMerge called with 1 in-memory map-outputs and 0 on-disk map-outputs
26/03/02 03:37:46 INFO mapred.Merger: Merging 1 sorted segments
26/03/02 03:37:46 INFO mapred.Merger: Down to the last merge-pass, with 1 segments left of total size: 104 bytes
26/03/02 03:37:46 INFO reduce.MergeManagerImpl: Merged 1 segments, 110 bytes to disk to satisfy reduce memory limit
26/03/02 03:37:46 INFO reduce.MergeManagerImpl: Merging 1 files, 114 bytes from disk
26/03/02 03:37:46 INFO reduce.MergeManagerImpl: Merging 0 segments, 0 bytes from memory into reduce
26/03/02 03:37:46 INFO mapred.Merger: Merging 1 sorted segments
26/03/02 03:37:46 INFO mapred.Merger: Down to the last merge-pass, with 1 segments left of total size: 104 bytes
26/03/02 03:37:46 INFO mapred.LocalJobRunner: 1 / 1 copied.
26/03/02 03:37:46 INFO mapred.Task: Task:attempt_local1840423844_0007_r_000000_0 is done. And is in the process of committing
26/03/02 03:37:46 INFO mapred.LocalJobRunner: 1 / 1 copied.
26/03/02 03:37:46 INFO mapred.Task: Task attempt_local1840423844_0007_r_000000_0 is allowed to commit now
26/03/02 03:37:46 INFO output.FileOutputCommitter: Saved output of task 'attempt_local1840423844_0007_r_000000_0' to hdfs://localhost:9000/project2/task2/runs_report_plus/scale100k_opt/iter_7/_temporary/0/task_local1840423844_0007_r_000000
26/03/02 03:37:46 INFO mapred.LocalJobRunner: reduce > reduce
26/03/02 03:37:46 INFO mapred.Task: Task 'attempt_local1840423844_0007_r_000000_0' done.
26/03/02 03:37:46 INFO mapred.Task: Final Counters for attempt_local1840423844_0007_r_000000_0: Counters: 29
	File System Counters
		FILE: Number of bytes read=1020588
		FILE: Number of bytes written=3093282
		FILE: Number of read operations=0
		FILE: Number of large read operations=0
		FILE: Number of write operations=0
		HDFS: Number of bytes read=51377985
		HDFS: Number of bytes written=5900
		HDFS: Number of read operations=360
		HDFS: Number of large read operations=0
		HDFS: Number of write operations=116
	Map-Reduce Framework
		Combine input records=0
		Combine output records=0
		Reduce input groups=2
		Reduce shuffle bytes=114
		Reduce input records=2
		Reduce output records=2
		Spilled Records=2
		Shuffled Maps =1
		Failed Shuffles=0
		Merged Map outputs=1
		GC time elapsed (ms)=0
		Total committed heap usage (bytes)=437780480
	Shuffle Errors
		BAD_ID=0
		CONNECTION=0
		IO_ERROR=0
		WRONG_LENGTH=0
		WRONG_MAP=0
		WRONG_REDUCE=0
	File Output Format Counters 
		Bytes Written=207
26/03/02 03:37:46 INFO mapred.LocalJobRunner: Finishing task: attempt_local1840423844_0007_r_000000_0
26/03/02 03:37:46 INFO mapred.LocalJobRunner: Starting task: attempt_local1840423844_0007_r_000001_0
26/03/02 03:37:46 INFO output.FileOutputCommitter: File Output Committer Algorithm version is 1
26/03/02 03:37:46 INFO mapred.Task:  Using ResourceCalculatorProcessTree : [ ]
26/03/02 03:37:46 INFO mapred.ReduceTask: Using ShuffleConsumerPlugin: org.apache.hadoop.mapreduce.task.reduce.Shuffle@6a9f3e56
26/03/02 03:37:46 INFO reduce.MergeManagerImpl: MergerManager: memoryLimit=334338464, maxSingleShuffleLimit=83584616, mergeThreshold=220663392, ioSortFactor=10, memToMemMergeOutputsThreshold=10
26/03/02 03:37:46 INFO reduce.EventFetcher: attempt_local1840423844_0007_r_000001_0 Thread started: EventFetcher for fetching Map Completion Events
26/03/02 03:37:46 INFO reduce.LocalFetcher: localfetcher#26 about to shuffle output of map attempt_local1840423844_0007_m_000000_0 decomp: 56 len: 60 to MEMORY
26/03/02 03:37:46 INFO reduce.InMemoryMapOutput: Read 56 bytes from map-output for attempt_local1840423844_0007_m_000000_0
26/03/02 03:37:46 INFO reduce.MergeManagerImpl: closeInMemoryFile -> map-output of size: 56, inMemoryMapOutputs.size() -> 1, commitMemory -> 0, usedMemory ->56
26/03/02 03:37:46 INFO reduce.EventFetcher: EventFetcher is interrupted.. Returning
26/03/02 03:37:46 INFO mapred.LocalJobRunner: 1 / 1 copied.
26/03/02 03:37:46 INFO reduce.MergeManagerImpl: finalMerge called with 1 in-memory map-outputs and 0 on-disk map-outputs
26/03/02 03:37:46 INFO mapred.Merger: Merging 1 sorted segments
26/03/02 03:37:46 INFO mapred.Merger: Down to the last merge-pass, with 1 segments left of total size: 50 bytes
26/03/02 03:37:46 INFO reduce.MergeManagerImpl: Merged 1 segments, 56 bytes to disk to satisfy reduce memory limit
26/03/02 03:37:46 INFO reduce.MergeManagerImpl: Merging 1 files, 60 bytes from disk
26/03/02 03:37:46 INFO reduce.MergeManagerImpl: Merging 0 segments, 0 bytes from memory into reduce
26/03/02 03:37:46 INFO mapred.Merger: Merging 1 sorted segments
26/03/02 03:37:46 INFO mapred.Merger: Down to the last merge-pass, with 1 segments left of total size: 50 bytes
26/03/02 03:37:46 INFO mapred.LocalJobRunner: 1 / 1 copied.
26/03/02 03:37:46 INFO mapred.Task: Task:attempt_local1840423844_0007_r_000001_0 is done. And is in the process of committing
26/03/02 03:37:46 INFO mapred.LocalJobRunner: 1 / 1 copied.
26/03/02 03:37:46 INFO mapred.Task: Task attempt_local1840423844_0007_r_000001_0 is allowed to commit now
26/03/02 03:37:46 INFO output.FileOutputCommitter: Saved output of task 'attempt_local1840423844_0007_r_000001_0' to hdfs://localhost:9000/project2/task2/runs_report_plus/scale100k_opt/iter_7/_temporary/0/task_local1840423844_0007_r_000001
26/03/02 03:37:46 INFO mapred.LocalJobRunner: reduce > reduce
26/03/02 03:37:46 INFO mapred.Task: Task 'attempt_local1840423844_0007_r_000001_0' done.
26/03/02 03:37:46 INFO mapred.Task: Final Counters for attempt_local1840423844_0007_r_000001_0: Counters: 29
	File System Counters
		FILE: Number of bytes read=1020932
		FILE: Number of bytes written=3093342
		FILE: Number of read operations=0
		FILE: Number of large read operations=0
		FILE: Number of write operations=0
		HDFS: Number of bytes read=51377985
		HDFS: Number of bytes written=6003
		HDFS: Number of read operations=363
		HDFS: Number of large read operations=0
		HDFS: Number of write operations=118
	Map-Reduce Framework
		Combine input records=0
		Combine output records=0
		Reduce input groups=1
		Reduce shuffle bytes=60
		Reduce input records=1
		Reduce output records=1
		Spilled Records=1
		Shuffled Maps =1
		Failed Shuffles=0
		Merged Map outputs=1
		GC time elapsed (ms)=0
		Total committed heap usage (bytes)=437780480
	Shuffle Errors
		BAD_ID=0
		CONNECTION=0
		IO_ERROR=0
		WRONG_LENGTH=0
		WRONG_MAP=0
		WRONG_REDUCE=0
	File Output Format Counters 
		Bytes Written=103
26/03/02 03:37:46 INFO mapred.LocalJobRunner: Finishing task: attempt_local1840423844_0007_r_000001_0
26/03/02 03:37:46 INFO mapred.LocalJobRunner: Starting task: attempt_local1840423844_0007_r_000002_0
26/03/02 03:37:46 INFO output.FileOutputCommitter: File Output Committer Algorithm version is 1
26/03/02 03:37:46 INFO mapred.Task:  Using ResourceCalculatorProcessTree : [ ]
26/03/02 03:37:46 INFO mapred.ReduceTask: Using ShuffleConsumerPlugin: org.apache.hadoop.mapreduce.task.reduce.Shuffle@12a7f9df
26/03/02 03:37:46 INFO reduce.MergeManagerImpl: MergerManager: memoryLimit=334338464, maxSingleShuffleLimit=83584616, mergeThreshold=220663392, ioSortFactor=10, memToMemMergeOutputsThreshold=10
26/03/02 03:37:46 INFO reduce.EventFetcher: attempt_local1840423844_0007_r_000002_0 Thread started: EventFetcher for fetching Map Completion Events
26/03/02 03:37:46 INFO reduce.LocalFetcher: localfetcher#27 about to shuffle output of map attempt_local1840423844_0007_m_000000_0 decomp: 56 len: 60 to MEMORY
26/03/02 03:37:46 INFO reduce.InMemoryMapOutput: Read 56 bytes from map-output for attempt_local1840423844_0007_m_000000_0
26/03/02 03:37:46 INFO reduce.MergeManagerImpl: closeInMemoryFile -> map-output of size: 56, inMemoryMapOutputs.size() -> 1, commitMemory -> 0, usedMemory ->56
26/03/02 03:37:46 INFO reduce.EventFetcher: EventFetcher is interrupted.. Returning
26/03/02 03:37:46 INFO mapred.LocalJobRunner: 1 / 1 copied.
26/03/02 03:37:46 INFO reduce.MergeManagerImpl: finalMerge called with 1 in-memory map-outputs and 0 on-disk map-outputs
26/03/02 03:37:46 INFO mapred.Merger: Merging 1 sorted segments
26/03/02 03:37:46 INFO mapred.Merger: Down to the last merge-pass, with 1 segments left of total size: 50 bytes
26/03/02 03:37:46 INFO reduce.MergeManagerImpl: Merged 1 segments, 56 bytes to disk to satisfy reduce memory limit
26/03/02 03:37:46 INFO reduce.MergeManagerImpl: Merging 1 files, 60 bytes from disk
26/03/02 03:37:46 INFO reduce.MergeManagerImpl: Merging 0 segments, 0 bytes from memory into reduce
26/03/02 03:37:46 INFO mapred.Merger: Merging 1 sorted segments
26/03/02 03:37:46 INFO mapred.Merger: Down to the last merge-pass, with 1 segments left of total size: 50 bytes
26/03/02 03:37:46 INFO mapred.LocalJobRunner: 1 / 1 copied.
26/03/02 03:37:46 INFO mapred.Task: Task:attempt_local1840423844_0007_r_000002_0 is done. And is in the process of committing
26/03/02 03:37:46 INFO mapred.LocalJobRunner: 1 / 1 copied.
26/03/02 03:37:46 INFO mapred.Task: Task attempt_local1840423844_0007_r_000002_0 is allowed to commit now
26/03/02 03:37:46 INFO output.FileOutputCommitter: Saved output of task 'attempt_local1840423844_0007_r_000002_0' to hdfs://localhost:9000/project2/task2/runs_report_plus/scale100k_opt/iter_7/_temporary/0/task_local1840423844_0007_r_000002
26/03/02 03:37:46 INFO mapred.LocalJobRunner: reduce > reduce
26/03/02 03:37:46 INFO mapred.Task: Task 'attempt_local1840423844_0007_r_000002_0' done.
26/03/02 03:37:46 INFO mapred.Task: Final Counters for attempt_local1840423844_0007_r_000002_0: Counters: 29
	File System Counters
		FILE: Number of bytes read=1021216
		FILE: Number of bytes written=3093402
		FILE: Number of read operations=0
		FILE: Number of large read operations=0
		FILE: Number of write operations=0
		HDFS: Number of bytes read=51377985
		HDFS: Number of bytes written=6103
		HDFS: Number of read operations=366
		HDFS: Number of large read operations=0
		HDFS: Number of write operations=120
	Map-Reduce Framework
		Combine input records=0
		Combine output records=0
		Reduce input groups=1
		Reduce shuffle bytes=60
		Reduce input records=1
		Reduce output records=1
		Spilled Records=1
		Shuffled Maps =1
		Failed Shuffles=0
		Merged Map outputs=1
		GC time elapsed (ms)=2
		Total committed heap usage (bytes)=436731904
	Shuffle Errors
		BAD_ID=0
		CONNECTION=0
		IO_ERROR=0
		WRONG_LENGTH=0
		WRONG_MAP=0
		WRONG_REDUCE=0
	File Output Format Counters 
		Bytes Written=100
26/03/02 03:37:46 INFO mapred.LocalJobRunner: Finishing task: attempt_local1840423844_0007_r_000002_0
26/03/02 03:37:46 INFO mapred.LocalJobRunner: Starting task: attempt_local1840423844_0007_r_000003_0
26/03/02 03:37:46 INFO output.FileOutputCommitter: File Output Committer Algorithm version is 1
26/03/02 03:37:46 INFO mapred.Task:  Using ResourceCalculatorProcessTree : [ ]
26/03/02 03:37:46 INFO mapred.ReduceTask: Using ShuffleConsumerPlugin: org.apache.hadoop.mapreduce.task.reduce.Shuffle@6b2f4fce
26/03/02 03:37:46 INFO reduce.MergeManagerImpl: MergerManager: memoryLimit=334338464, maxSingleShuffleLimit=83584616, mergeThreshold=220663392, ioSortFactor=10, memToMemMergeOutputsThreshold=10
26/03/02 03:37:46 INFO reduce.EventFetcher: attempt_local1840423844_0007_r_000003_0 Thread started: EventFetcher for fetching Map Completion Events
26/03/02 03:37:46 INFO reduce.LocalFetcher: localfetcher#28 about to shuffle output of map attempt_local1840423844_0007_m_000000_0 decomp: 56 len: 60 to MEMORY
26/03/02 03:37:46 INFO reduce.InMemoryMapOutput: Read 56 bytes from map-output for attempt_local1840423844_0007_m_000000_0
26/03/02 03:37:46 INFO reduce.MergeManagerImpl: closeInMemoryFile -> map-output of size: 56, inMemoryMapOutputs.size() -> 1, commitMemory -> 0, usedMemory ->56
26/03/02 03:37:46 INFO reduce.EventFetcher: EventFetcher is interrupted.. Returning
26/03/02 03:37:46 INFO mapred.LocalJobRunner: 1 / 1 copied.
26/03/02 03:37:46 INFO reduce.MergeManagerImpl: finalMerge called with 1 in-memory map-outputs and 0 on-disk map-outputs
26/03/02 03:37:46 INFO mapred.Merger: Merging 1 sorted segments
26/03/02 03:37:46 INFO mapred.Merger: Down to the last merge-pass, with 1 segments left of total size: 50 bytes
26/03/02 03:37:46 INFO reduce.MergeManagerImpl: Merged 1 segments, 56 bytes to disk to satisfy reduce memory limit
26/03/02 03:37:46 INFO reduce.MergeManagerImpl: Merging 1 files, 60 bytes from disk
26/03/02 03:37:46 INFO reduce.MergeManagerImpl: Merging 0 segments, 0 bytes from memory into reduce
26/03/02 03:37:46 INFO mapred.Merger: Merging 1 sorted segments
26/03/02 03:37:46 INFO mapred.Merger: Down to the last merge-pass, with 1 segments left of total size: 50 bytes
26/03/02 03:37:46 INFO mapred.LocalJobRunner: 1 / 1 copied.
26/03/02 03:37:46 INFO mapred.Task: Task:attempt_local1840423844_0007_r_000003_0 is done. And is in the process of committing
26/03/02 03:37:46 INFO mapred.LocalJobRunner: 1 / 1 copied.
26/03/02 03:37:46 INFO mapred.Task: Task attempt_local1840423844_0007_r_000003_0 is allowed to commit now
26/03/02 03:37:46 INFO output.FileOutputCommitter: Saved output of task 'attempt_local1840423844_0007_r_000003_0' to hdfs://localhost:9000/project2/task2/runs_report_plus/scale100k_opt/iter_7/_temporary/0/task_local1840423844_0007_r_000003
26/03/02 03:37:46 INFO mapred.LocalJobRunner: reduce > reduce
26/03/02 03:37:46 INFO mapred.Task: Task 'attempt_local1840423844_0007_r_000003_0' done.
26/03/02 03:37:46 INFO mapred.Task: Final Counters for attempt_local1840423844_0007_r_000003_0: Counters: 29
	File System Counters
		FILE: Number of bytes read=1021440
		FILE: Number of bytes written=3093462
		FILE: Number of read operations=0
		FILE: Number of large read operations=0
		FILE: Number of write operations=0
		HDFS: Number of bytes read=51377985
		HDFS: Number of bytes written=6205
		HDFS: Number of read operations=369
		HDFS: Number of large read operations=0
		HDFS: Number of write operations=122
	Map-Reduce Framework
		Combine input records=0
		Combine output records=0
		Reduce input groups=1
		Reduce shuffle bytes=60
		Reduce input records=1
		Reduce output records=1
		Spilled Records=1
		Shuffled Maps =1
		Failed Shuffles=0
		Merged Map outputs=1
		GC time elapsed (ms)=0
		Total committed heap usage (bytes)=436731904
	Shuffle Errors
		BAD_ID=0
		CONNECTION=0
		IO_ERROR=0
		WRONG_LENGTH=0
		WRONG_MAP=0
		WRONG_REDUCE=0
	File Output Format Counters 
		Bytes Written=102
26/03/02 03:37:46 INFO mapred.LocalJobRunner: Finishing task: attempt_local1840423844_0007_r_000003_0
26/03/02 03:37:46 INFO mapred.LocalJobRunner: reduce task executor complete.
26/03/02 03:37:47 INFO mapreduce.Job: Job job_local1840423844_0007 running in uber mode : false
26/03/02 03:37:47 INFO mapreduce.Job:  map 100% reduce 100%
26/03/02 03:37:47 INFO mapreduce.Job: Job job_local1840423844_0007 completed successfully
26/03/02 03:37:47 INFO mapreduce.Job: Counters: 35
	File System Counters
		FILE: Number of bytes read=5104252
		FILE: Number of bytes written=15466656
		FILE: Number of read operations=0
		FILE: Number of large read operations=0
		FILE: Number of write operations=0
		HDFS: Number of bytes read=256889925
		HDFS: Number of bytes written=29904
		HDFS: Number of read operations=1815
		HDFS: Number of large read operations=0
		HDFS: Number of write operations=590
	Map-Reduce Framework
		Map input records=100000
		Map output records=100000
		Map output bytes=5200000
		Map output materialized bytes=294
		Input split bytes=123
		Combine input records=100000
		Combine output records=5
		Reduce input groups=5
		Reduce shuffle bytes=294
		Reduce input records=5
		Reduce output records=5
		Spilled Records=10
		Shuffled Maps =4
		Failed Shuffles=0
		Merged Map outputs=4
		GC time elapsed (ms)=21
		Total committed heap usage (bytes)=2186805248
	Shuffle Errors
		BAD_ID=0
		CONNECTION=0
		IO_ERROR=0
		WRONG_LENGTH=0
		WRONG_MAP=0
		WRONG_REDUCE=0
	File Input Format Counters 
		Bytes Read=7337711
	File Output Format Counters 
		Bytes Written=512
26/03/02 03:37:47 INFO jvm.JvmMetrics: Cannot initialize JVM Metrics with processName=JobTracker, sessionId= - already initialized
26/03/02 03:37:47 WARN mapreduce.JobResourceUploader: Hadoop command-line option parsing not performed. Implement the Tool interface and execute your application with ToolRunner to remedy this.
26/03/02 03:37:47 INFO input.FileInputFormat: Total input paths to process : 1
26/03/02 03:37:47 INFO mapreduce.JobSubmitter: number of splits:1
26/03/02 03:37:47 INFO mapreduce.JobSubmitter: Submitting tokens for job: job_local824317314_0008
26/03/02 03:37:47 INFO mapred.LocalDistributedCacheManager: Creating symlink: /tmp/hadoop-ds503/mapred/local/1772422667091/centers_iter_7.csv <- /home/ds503/centers_iter_7.csv
26/03/02 03:37:47 INFO mapred.LocalDistributedCacheManager: Localized hdfs://localhost:9000/project2/task2/runs_report_plus/scale100k_opt/centers_iter_7.csv as file:/tmp/hadoop-ds503/mapred/local/1772422667091/centers_iter_7.csv
26/03/02 03:37:47 INFO mapreduce.Job: The url to track the job: http://localhost:8080/
26/03/02 03:37:47 INFO mapreduce.Job: Running job: job_local824317314_0008
26/03/02 03:37:47 INFO mapred.LocalJobRunner: OutputCommitter set in config null
26/03/02 03:37:47 INFO output.FileOutputCommitter: File Output Committer Algorithm version is 1
26/03/02 03:37:47 INFO mapred.LocalJobRunner: OutputCommitter is org.apache.hadoop.mapreduce.lib.output.FileOutputCommitter
26/03/02 03:37:47 INFO mapred.LocalJobRunner: Waiting for map tasks
26/03/02 03:37:47 INFO mapred.LocalJobRunner: Starting task: attempt_local824317314_0008_m_000000_0
26/03/02 03:37:47 INFO output.FileOutputCommitter: File Output Committer Algorithm version is 1
26/03/02 03:37:47 INFO mapred.Task:  Using ResourceCalculatorProcessTree : [ ]
26/03/02 03:37:47 INFO mapred.MapTask: Processing split: hdfs://localhost:9000/project2/task2/input/points_100k.csv:0+7337711
26/03/02 03:37:47 INFO mapred.MapTask: (EQUATOR) 0 kvi 26214396(104857584)
26/03/02 03:37:47 INFO mapred.MapTask: mapreduce.task.io.sort.mb: 100
26/03/02 03:37:47 INFO mapred.MapTask: soft limit at 83886080
26/03/02 03:37:47 INFO mapred.MapTask: bufstart = 0; bufvoid = 104857600
26/03/02 03:37:47 INFO mapred.MapTask: kvstart = 26214396; length = 6553600
26/03/02 03:37:47 INFO mapred.MapTask: Map output collector class = org.apache.hadoop.mapred.MapTask$MapOutputBuffer
26/03/02 03:37:47 INFO mapred.LocalJobRunner: 
26/03/02 03:37:47 INFO mapred.MapTask: Starting flush of map output
26/03/02 03:37:47 INFO mapred.MapTask: Spilling map output
26/03/02 03:37:47 INFO mapred.MapTask: bufstart = 0; bufend = 5200000; bufvoid = 104857600
26/03/02 03:37:47 INFO mapred.MapTask: kvstart = 26214396(104857584); kvend = 25814400(103257600); length = 399997/6553600
26/03/02 03:37:47 INFO mapred.MapTask: Finished spill 0
26/03/02 03:37:47 INFO mapred.Task: Task:attempt_local824317314_0008_m_000000_0 is done. And is in the process of committing
26/03/02 03:37:47 INFO mapred.LocalJobRunner: map
26/03/02 03:37:47 INFO mapred.Task: Task 'attempt_local824317314_0008_m_000000_0' done.
26/03/02 03:37:47 INFO mapred.Task: Final Counters for attempt_local824317314_0008_m_000000_0: Counters: 23
	File System Counters
		FILE: Number of bytes read=1165996
		FILE: Number of bytes written=3533958
		FILE: Number of read operations=0
		FILE: Number of large read operations=0
		FILE: Number of write operations=0
		HDFS: Number of bytes read=58717850
		HDFS: Number of bytes written=6582
		HDFS: Number of read operations=413
		HDFS: Number of large read operations=0
		HDFS: Number of write operations=132
	Map-Reduce Framework
		Map input records=100000
		Map output records=100000
		Map output bytes=5200000
		Map output materialized bytes=294
		Input split bytes=123
		Combine input records=100000
		Combine output records=5
		Spilled Records=5
		Failed Shuffles=0
		Merged Map outputs=0
		GC time elapsed (ms)=166
		Total committed heap usage (bytes)=506986496
	File Input Format Counters 
		Bytes Read=7337711
26/03/02 03:37:47 INFO mapred.LocalJobRunner: Finishing task: attempt_local824317314_0008_m_000000_0
26/03/02 03:37:47 INFO mapred.LocalJobRunner: map task executor complete.
26/03/02 03:37:47 INFO mapred.LocalJobRunner: Waiting for reduce tasks
26/03/02 03:37:47 INFO mapred.LocalJobRunner: Starting task: attempt_local824317314_0008_r_000000_0
26/03/02 03:37:47 INFO output.FileOutputCommitter: File Output Committer Algorithm version is 1
26/03/02 03:37:47 INFO mapred.Task:  Using ResourceCalculatorProcessTree : [ ]
26/03/02 03:37:47 INFO mapred.ReduceTask: Using ShuffleConsumerPlugin: org.apache.hadoop.mapreduce.task.reduce.Shuffle@5633e2a9
26/03/02 03:37:47 INFO reduce.MergeManagerImpl: MergerManager: memoryLimit=354890528, maxSingleShuffleLimit=88722632, mergeThreshold=234227760, ioSortFactor=10, memToMemMergeOutputsThreshold=10
26/03/02 03:37:47 INFO reduce.EventFetcher: attempt_local824317314_0008_r_000000_0 Thread started: EventFetcher for fetching Map Completion Events
26/03/02 03:37:47 INFO reduce.LocalFetcher: localfetcher#29 about to shuffle output of map attempt_local824317314_0008_m_000000_0 decomp: 110 len: 114 to MEMORY
26/03/02 03:37:47 INFO reduce.InMemoryMapOutput: Read 110 bytes from map-output for attempt_local824317314_0008_m_000000_0
26/03/02 03:37:47 INFO reduce.MergeManagerImpl: closeInMemoryFile -> map-output of size: 110, inMemoryMapOutputs.size() -> 1, commitMemory -> 0, usedMemory ->110
26/03/02 03:37:47 INFO reduce.EventFetcher: EventFetcher is interrupted.. Returning
26/03/02 03:37:47 INFO mapred.LocalJobRunner: 1 / 1 copied.
26/03/02 03:37:47 INFO reduce.MergeManagerImpl: finalMerge called with 1 in-memory map-outputs and 0 on-disk map-outputs
26/03/02 03:37:47 INFO mapred.Merger: Merging 1 sorted segments
26/03/02 03:37:47 INFO mapred.Merger: Down to the last merge-pass, with 1 segments left of total size: 104 bytes
26/03/02 03:37:47 INFO reduce.MergeManagerImpl: Merged 1 segments, 110 bytes to disk to satisfy reduce memory limit
26/03/02 03:37:47 INFO reduce.MergeManagerImpl: Merging 1 files, 114 bytes from disk
26/03/02 03:37:47 INFO reduce.MergeManagerImpl: Merging 0 segments, 0 bytes from memory into reduce
26/03/02 03:37:47 INFO mapred.Merger: Merging 1 sorted segments
26/03/02 03:37:47 INFO mapred.Merger: Down to the last merge-pass, with 1 segments left of total size: 104 bytes
26/03/02 03:37:47 INFO mapred.LocalJobRunner: 1 / 1 copied.
26/03/02 03:37:47 INFO mapred.Task: Task:attempt_local824317314_0008_r_000000_0 is done. And is in the process of committing
26/03/02 03:37:47 INFO mapred.LocalJobRunner: 1 / 1 copied.
26/03/02 03:37:47 INFO mapred.Task: Task attempt_local824317314_0008_r_000000_0 is allowed to commit now
26/03/02 03:37:47 INFO output.FileOutputCommitter: Saved output of task 'attempt_local824317314_0008_r_000000_0' to hdfs://localhost:9000/project2/task2/runs_report_plus/scale100k_opt/iter_8/_temporary/0/task_local824317314_0008_r_000000
26/03/02 03:37:47 INFO mapred.LocalJobRunner: reduce > reduce
26/03/02 03:37:47 INFO mapred.Task: Task 'attempt_local824317314_0008_r_000000_0' done.
26/03/02 03:37:47 INFO mapred.Task: Final Counters for attempt_local824317314_0008_r_000000_0: Counters: 29
	File System Counters
		FILE: Number of bytes read=1166508
		FILE: Number of bytes written=3534072
		FILE: Number of read operations=0
		FILE: Number of large read operations=0
		FILE: Number of write operations=0
		HDFS: Number of bytes read=58717850
		HDFS: Number of bytes written=6789
		HDFS: Number of read operations=416
		HDFS: Number of large read operations=0
		HDFS: Number of write operations=134
	Map-Reduce Framework
		Combine input records=0
		Combine output records=0
		Reduce input groups=2
		Reduce shuffle bytes=114
		Reduce input records=2
		Reduce output records=2
		Spilled Records=2
		Shuffled Maps =1
		Failed Shuffles=0
		Merged Map outputs=1
		GC time elapsed (ms)=0
		Total committed heap usage (bytes)=506986496
	Shuffle Errors
		BAD_ID=0
		CONNECTION=0
		IO_ERROR=0
		WRONG_LENGTH=0
		WRONG_MAP=0
		WRONG_REDUCE=0
	File Output Format Counters 
		Bytes Written=207
26/03/02 03:37:47 INFO mapred.LocalJobRunner: Finishing task: attempt_local824317314_0008_r_000000_0
26/03/02 03:37:47 INFO mapred.LocalJobRunner: Starting task: attempt_local824317314_0008_r_000001_0
26/03/02 03:37:47 INFO output.FileOutputCommitter: File Output Committer Algorithm version is 1
26/03/02 03:37:47 INFO mapred.Task:  Using ResourceCalculatorProcessTree : [ ]
26/03/02 03:37:47 INFO mapred.ReduceTask: Using ShuffleConsumerPlugin: org.apache.hadoop.mapreduce.task.reduce.Shuffle@5026831e
26/03/02 03:37:47 INFO reduce.MergeManagerImpl: MergerManager: memoryLimit=354890528, maxSingleShuffleLimit=88722632, mergeThreshold=234227760, ioSortFactor=10, memToMemMergeOutputsThreshold=10
26/03/02 03:37:47 INFO reduce.EventFetcher: attempt_local824317314_0008_r_000001_0 Thread started: EventFetcher for fetching Map Completion Events
26/03/02 03:37:47 INFO reduce.LocalFetcher: localfetcher#30 about to shuffle output of map attempt_local824317314_0008_m_000000_0 decomp: 56 len: 60 to MEMORY
26/03/02 03:37:47 INFO reduce.InMemoryMapOutput: Read 56 bytes from map-output for attempt_local824317314_0008_m_000000_0
26/03/02 03:37:47 INFO reduce.MergeManagerImpl: closeInMemoryFile -> map-output of size: 56, inMemoryMapOutputs.size() -> 1, commitMemory -> 0, usedMemory ->56
26/03/02 03:37:47 INFO reduce.EventFetcher: EventFetcher is interrupted.. Returning
26/03/02 03:37:47 INFO mapred.LocalJobRunner: 1 / 1 copied.
26/03/02 03:37:47 INFO reduce.MergeManagerImpl: finalMerge called with 1 in-memory map-outputs and 0 on-disk map-outputs
26/03/02 03:37:47 INFO mapred.Merger: Merging 1 sorted segments
26/03/02 03:37:47 INFO mapred.Merger: Down to the last merge-pass, with 1 segments left of total size: 50 bytes
26/03/02 03:37:47 INFO reduce.MergeManagerImpl: Merged 1 segments, 56 bytes to disk to satisfy reduce memory limit
26/03/02 03:37:47 INFO reduce.MergeManagerImpl: Merging 1 files, 60 bytes from disk
26/03/02 03:37:47 INFO reduce.MergeManagerImpl: Merging 0 segments, 0 bytes from memory into reduce
26/03/02 03:37:47 INFO mapred.Merger: Merging 1 sorted segments
26/03/02 03:37:47 INFO mapred.Merger: Down to the last merge-pass, with 1 segments left of total size: 50 bytes
26/03/02 03:37:47 INFO mapred.LocalJobRunner: 1 / 1 copied.
26/03/02 03:37:47 INFO mapred.Task: Task:attempt_local824317314_0008_r_000001_0 is done. And is in the process of committing
26/03/02 03:37:47 INFO mapred.LocalJobRunner: 1 / 1 copied.
26/03/02 03:37:47 INFO mapred.Task: Task attempt_local824317314_0008_r_000001_0 is allowed to commit now
26/03/02 03:37:47 INFO output.FileOutputCommitter: Saved output of task 'attempt_local824317314_0008_r_000001_0' to hdfs://localhost:9000/project2/task2/runs_report_plus/scale100k_opt/iter_8/_temporary/0/task_local824317314_0008_r_000001
26/03/02 03:37:47 INFO mapred.LocalJobRunner: reduce > reduce
26/03/02 03:37:47 INFO mapred.Task: Task 'attempt_local824317314_0008_r_000001_0' done.
26/03/02 03:37:47 INFO mapred.Task: Final Counters for attempt_local824317314_0008_r_000001_0: Counters: 29
	File System Counters
		FILE: Number of bytes read=1166852
		FILE: Number of bytes written=3534132
		FILE: Number of read operations=0
		FILE: Number of large read operations=0
		FILE: Number of write operations=0
		HDFS: Number of bytes read=58717850
		HDFS: Number of bytes written=6891
		HDFS: Number of read operations=419
		HDFS: Number of large read operations=0
		HDFS: Number of write operations=136
	Map-Reduce Framework
		Combine input records=0
		Combine output records=0
		Reduce input groups=1
		Reduce shuffle bytes=60
		Reduce input records=1
		Reduce output records=1
		Spilled Records=1
		Shuffled Maps =1
		Failed Shuffles=0
		Merged Map outputs=1
		GC time elapsed (ms)=0
		Total committed heap usage (bytes)=506986496
	Shuffle Errors
		BAD_ID=0
		CONNECTION=0
		IO_ERROR=0
		WRONG_LENGTH=0
		WRONG_MAP=0
		WRONG_REDUCE=0
	File Output Format Counters 
		Bytes Written=102
26/03/02 03:37:47 INFO mapred.LocalJobRunner: Finishing task: attempt_local824317314_0008_r_000001_0
26/03/02 03:37:47 INFO mapred.LocalJobRunner: Starting task: attempt_local824317314_0008_r_000002_0
26/03/02 03:37:47 INFO output.FileOutputCommitter: File Output Committer Algorithm version is 1
26/03/02 03:37:47 INFO mapred.Task:  Using ResourceCalculatorProcessTree : [ ]
26/03/02 03:37:47 INFO mapred.ReduceTask: Using ShuffleConsumerPlugin: org.apache.hadoop.mapreduce.task.reduce.Shuffle@281fe270
26/03/02 03:37:47 INFO reduce.MergeManagerImpl: MergerManager: memoryLimit=354890528, maxSingleShuffleLimit=88722632, mergeThreshold=234227760, ioSortFactor=10, memToMemMergeOutputsThreshold=10
26/03/02 03:37:47 INFO reduce.EventFetcher: attempt_local824317314_0008_r_000002_0 Thread started: EventFetcher for fetching Map Completion Events
26/03/02 03:37:47 INFO reduce.LocalFetcher: localfetcher#31 about to shuffle output of map attempt_local824317314_0008_m_000000_0 decomp: 56 len: 60 to MEMORY
26/03/02 03:37:47 INFO reduce.InMemoryMapOutput: Read 56 bytes from map-output for attempt_local824317314_0008_m_000000_0
26/03/02 03:37:47 INFO reduce.MergeManagerImpl: closeInMemoryFile -> map-output of size: 56, inMemoryMapOutputs.size() -> 1, commitMemory -> 0, usedMemory ->56
26/03/02 03:37:47 WARN io.ReadaheadPool: Failed readahead on ifile
EBADF: Bad file descriptor
	at org.apache.hadoop.io.nativeio.NativeIO$POSIX.posix_fadvise(Native Method)
	at org.apache.hadoop.io.nativeio.NativeIO$POSIX.posixFadviseIfPossible(NativeIO.java:267)
	at org.apache.hadoop.io.nativeio.NativeIO$POSIX$CacheManipulator.posixFadviseIfPossible(NativeIO.java:146)
	at org.apache.hadoop.io.ReadaheadPool$ReadaheadRequestImpl.run(ReadaheadPool.java:206)
	at java.util.concurrent.ThreadPoolExecutor.runWorker(ThreadPoolExecutor.java:1149)
	at java.util.concurrent.ThreadPoolExecutor$Worker.run(ThreadPoolExecutor.java:624)
	at java.lang.Thread.run(Thread.java:748)
26/03/02 03:37:47 INFO reduce.EventFetcher: EventFetcher is interrupted.. Returning
26/03/02 03:37:47 INFO mapred.LocalJobRunner: 1 / 1 copied.
26/03/02 03:37:47 INFO reduce.MergeManagerImpl: finalMerge called with 1 in-memory map-outputs and 0 on-disk map-outputs
26/03/02 03:37:47 INFO mapred.Merger: Merging 1 sorted segments
26/03/02 03:37:47 INFO mapred.Merger: Down to the last merge-pass, with 1 segments left of total size: 50 bytes
26/03/02 03:37:47 INFO reduce.MergeManagerImpl: Merged 1 segments, 56 bytes to disk to satisfy reduce memory limit
26/03/02 03:37:47 INFO reduce.MergeManagerImpl: Merging 1 files, 60 bytes from disk
26/03/02 03:37:47 INFO reduce.MergeManagerImpl: Merging 0 segments, 0 bytes from memory into reduce
26/03/02 03:37:47 INFO mapred.Merger: Merging 1 sorted segments
26/03/02 03:37:47 INFO mapred.Merger: Down to the last merge-pass, with 1 segments left of total size: 50 bytes
26/03/02 03:37:47 INFO mapred.LocalJobRunner: 1 / 1 copied.
26/03/02 03:37:47 INFO mapred.Task: Task:attempt_local824317314_0008_r_000002_0 is done. And is in the process of committing
26/03/02 03:37:47 INFO mapred.LocalJobRunner: 1 / 1 copied.
26/03/02 03:37:47 INFO mapred.Task: Task attempt_local824317314_0008_r_000002_0 is allowed to commit now
26/03/02 03:37:47 INFO output.FileOutputCommitter: Saved output of task 'attempt_local824317314_0008_r_000002_0' to hdfs://localhost:9000/project2/task2/runs_report_plus/scale100k_opt/iter_8/_temporary/0/task_local824317314_0008_r_000002
26/03/02 03:37:47 INFO mapred.LocalJobRunner: reduce > reduce
26/03/02 03:37:47 INFO mapred.Task: Task 'attempt_local824317314_0008_r_000002_0' done.
26/03/02 03:37:47 INFO mapred.Task: Final Counters for attempt_local824317314_0008_r_000002_0: Counters: 29
	File System Counters
		FILE: Number of bytes read=1167136
		FILE: Number of bytes written=3534192
		FILE: Number of read operations=0
		FILE: Number of large read operations=0
		FILE: Number of write operations=0
		HDFS: Number of bytes read=58717850
		HDFS: Number of bytes written=6991
		HDFS: Number of read operations=422
		HDFS: Number of large read operations=0
		HDFS: Number of write operations=138
	Map-Reduce Framework
		Combine input records=0
		Combine output records=0
		Reduce input groups=1
		Reduce shuffle bytes=60
		Reduce input records=1
		Reduce output records=1
		Spilled Records=1
		Shuffled Maps =1
		Failed Shuffles=0
		Merged Map outputs=1
		GC time elapsed (ms)=0
		Total committed heap usage (bytes)=506986496
	Shuffle Errors
		BAD_ID=0
		CONNECTION=0
		IO_ERROR=0
		WRONG_LENGTH=0
		WRONG_MAP=0
		WRONG_REDUCE=0
	File Output Format Counters 
		Bytes Written=100
26/03/02 03:37:47 INFO mapred.LocalJobRunner: Finishing task: attempt_local824317314_0008_r_000002_0
26/03/02 03:37:47 INFO mapred.LocalJobRunner: Starting task: attempt_local824317314_0008_r_000003_0
26/03/02 03:37:47 INFO output.FileOutputCommitter: File Output Committer Algorithm version is 1
26/03/02 03:37:47 INFO mapred.Task:  Using ResourceCalculatorProcessTree : [ ]
26/03/02 03:37:47 INFO mapred.ReduceTask: Using ShuffleConsumerPlugin: org.apache.hadoop.mapreduce.task.reduce.Shuffle@1dbca13a
26/03/02 03:37:47 INFO reduce.MergeManagerImpl: MergerManager: memoryLimit=354890528, maxSingleShuffleLimit=88722632, mergeThreshold=234227760, ioSortFactor=10, memToMemMergeOutputsThreshold=10
26/03/02 03:37:47 INFO reduce.EventFetcher: attempt_local824317314_0008_r_000003_0 Thread started: EventFetcher for fetching Map Completion Events
26/03/02 03:37:47 INFO reduce.LocalFetcher: localfetcher#32 about to shuffle output of map attempt_local824317314_0008_m_000000_0 decomp: 56 len: 60 to MEMORY
26/03/02 03:37:47 INFO reduce.InMemoryMapOutput: Read 56 bytes from map-output for attempt_local824317314_0008_m_000000_0
26/03/02 03:37:47 INFO reduce.MergeManagerImpl: closeInMemoryFile -> map-output of size: 56, inMemoryMapOutputs.size() -> 1, commitMemory -> 0, usedMemory ->56
26/03/02 03:37:47 WARN io.ReadaheadPool: Failed readahead on ifile
EBADF: Bad file descriptor
	at org.apache.hadoop.io.nativeio.NativeIO$POSIX.posix_fadvise(Native Method)
	at org.apache.hadoop.io.nativeio.NativeIO$POSIX.posixFadviseIfPossible(NativeIO.java:267)
	at org.apache.hadoop.io.nativeio.NativeIO$POSIX$CacheManipulator.posixFadviseIfPossible(NativeIO.java:146)
	at org.apache.hadoop.io.ReadaheadPool$ReadaheadRequestImpl.run(ReadaheadPool.java:206)
	at java.util.concurrent.ThreadPoolExecutor.runWorker(ThreadPoolExecutor.java:1149)
	at java.util.concurrent.ThreadPoolExecutor$Worker.run(ThreadPoolExecutor.java:624)
	at java.lang.Thread.run(Thread.java:748)
26/03/02 03:37:47 INFO reduce.EventFetcher: EventFetcher is interrupted.. Returning
26/03/02 03:37:47 INFO mapred.LocalJobRunner: 1 / 1 copied.
26/03/02 03:37:47 INFO reduce.MergeManagerImpl: finalMerge called with 1 in-memory map-outputs and 0 on-disk map-outputs
26/03/02 03:37:47 INFO mapred.Merger: Merging 1 sorted segments
26/03/02 03:37:47 INFO mapred.Merger: Down to the last merge-pass, with 1 segments left of total size: 50 bytes
26/03/02 03:37:47 INFO reduce.MergeManagerImpl: Merged 1 segments, 56 bytes to disk to satisfy reduce memory limit
26/03/02 03:37:47 INFO reduce.MergeManagerImpl: Merging 1 files, 60 bytes from disk
26/03/02 03:37:47 INFO reduce.MergeManagerImpl: Merging 0 segments, 0 bytes from memory into reduce
26/03/02 03:37:47 INFO mapred.Merger: Merging 1 sorted segments
26/03/02 03:37:47 INFO mapred.Merger: Down to the last merge-pass, with 1 segments left of total size: 50 bytes
26/03/02 03:37:47 INFO mapred.LocalJobRunner: 1 / 1 copied.
26/03/02 03:37:47 INFO mapred.Task: Task:attempt_local824317314_0008_r_000003_0 is done. And is in the process of committing
26/03/02 03:37:47 INFO mapred.LocalJobRunner: 1 / 1 copied.
26/03/02 03:37:47 INFO mapred.Task: Task attempt_local824317314_0008_r_000003_0 is allowed to commit now
26/03/02 03:37:47 INFO output.FileOutputCommitter: Saved output of task 'attempt_local824317314_0008_r_000003_0' to hdfs://localhost:9000/project2/task2/runs_report_plus/scale100k_opt/iter_8/_temporary/0/task_local824317314_0008_r_000003
26/03/02 03:37:47 INFO mapred.LocalJobRunner: reduce > reduce
26/03/02 03:37:47 INFO mapred.Task: Task 'attempt_local824317314_0008_r_000003_0' done.
26/03/02 03:37:47 INFO mapred.Task: Final Counters for attempt_local824317314_0008_r_000003_0: Counters: 29
	File System Counters
		FILE: Number of bytes read=1167360
		FILE: Number of bytes written=3534252
		FILE: Number of read operations=0
		FILE: Number of large read operations=0
		FILE: Number of write operations=0
		HDFS: Number of bytes read=58717850
		HDFS: Number of bytes written=7092
		HDFS: Number of read operations=425
		HDFS: Number of large read operations=0
		HDFS: Number of write operations=140
	Map-Reduce Framework
		Combine input records=0
		Combine output records=0
		Reduce input groups=1
		Reduce shuffle bytes=60
		Reduce input records=1
		Reduce output records=1
		Spilled Records=1
		Shuffled Maps =1
		Failed Shuffles=0
		Merged Map outputs=1
		GC time elapsed (ms)=0
		Total committed heap usage (bytes)=506986496
	Shuffle Errors
		BAD_ID=0
		CONNECTION=0
		IO_ERROR=0
		WRONG_LENGTH=0
		WRONG_MAP=0
		WRONG_REDUCE=0
	File Output Format Counters 
		Bytes Written=101
26/03/02 03:37:47 INFO mapred.LocalJobRunner: Finishing task: attempt_local824317314_0008_r_000003_0
26/03/02 03:37:47 INFO mapred.LocalJobRunner: reduce task executor complete.
26/03/02 03:37:48 INFO mapreduce.Job: Job job_local824317314_0008 running in uber mode : false
26/03/02 03:37:48 INFO mapreduce.Job:  map 100% reduce 100%
26/03/02 03:37:48 INFO mapreduce.Job: Job job_local824317314_0008 completed successfully
26/03/02 03:37:48 INFO mapreduce.Job: Counters: 35
	File System Counters
		FILE: Number of bytes read=5833852
		FILE: Number of bytes written=17670606
		FILE: Number of read operations=0
		FILE: Number of large read operations=0
		FILE: Number of write operations=0
		HDFS: Number of bytes read=293589250
		HDFS: Number of bytes written=34345
		HDFS: Number of read operations=2095
		HDFS: Number of large read operations=0
		HDFS: Number of write operations=680
	Map-Reduce Framework
		Map input records=100000
		Map output records=100000
		Map output bytes=5200000
		Map output materialized bytes=294
		Input split bytes=123
		Combine input records=100000
		Combine output records=5
		Reduce input groups=5
		Reduce shuffle bytes=294
		Reduce input records=5
		Reduce output records=5
		Spilled Records=10
		Shuffled Maps =4
		Failed Shuffles=0
		Merged Map outputs=4
		GC time elapsed (ms)=166
		Total committed heap usage (bytes)=2534932480
	Shuffle Errors
		BAD_ID=0
		CONNECTION=0
		IO_ERROR=0
		WRONG_LENGTH=0
		WRONG_MAP=0
		WRONG_REDUCE=0
	File Input Format Counters 
		Bytes Read=7337711
	File Output Format Counters 
		Bytes Written=510
26/03/02 03:37:48 INFO jvm.JvmMetrics: Cannot initialize JVM Metrics with processName=JobTracker, sessionId= - already initialized
26/03/02 03:37:48 WARN mapreduce.JobResourceUploader: Hadoop command-line option parsing not performed. Implement the Tool interface and execute your application with ToolRunner to remedy this.
26/03/02 03:37:48 INFO input.FileInputFormat: Total input paths to process : 1
26/03/02 03:37:48 INFO mapreduce.JobSubmitter: number of splits:1
26/03/02 03:37:48 INFO mapreduce.JobSubmitter: Submitting tokens for job: job_local145532399_0009
26/03/02 03:37:48 INFO mapred.LocalDistributedCacheManager: Creating symlink: /tmp/hadoop-ds503/mapred/local/1772422668173/centers_iter_8.csv <- /home/ds503/centers_iter_8.csv
26/03/02 03:37:48 INFO mapred.LocalDistributedCacheManager: Localized hdfs://localhost:9000/project2/task2/runs_report_plus/scale100k_opt/centers_iter_8.csv as file:/tmp/hadoop-ds503/mapred/local/1772422668173/centers_iter_8.csv
26/03/02 03:37:48 INFO mapreduce.Job: The url to track the job: http://localhost:8080/
26/03/02 03:37:48 INFO mapreduce.Job: Running job: job_local145532399_0009
26/03/02 03:37:48 INFO mapred.LocalJobRunner: OutputCommitter set in config null
26/03/02 03:37:48 INFO output.FileOutputCommitter: File Output Committer Algorithm version is 1
26/03/02 03:37:48 INFO mapred.LocalJobRunner: OutputCommitter is org.apache.hadoop.mapreduce.lib.output.FileOutputCommitter
26/03/02 03:37:48 INFO mapred.LocalJobRunner: Waiting for map tasks
26/03/02 03:37:48 INFO mapred.LocalJobRunner: Starting task: attempt_local145532399_0009_m_000000_0
26/03/02 03:37:48 INFO output.FileOutputCommitter: File Output Committer Algorithm version is 1
26/03/02 03:37:48 INFO mapred.Task:  Using ResourceCalculatorProcessTree : [ ]
26/03/02 03:37:48 INFO mapred.MapTask: Processing split: hdfs://localhost:9000/project2/task2/input/points_100k.csv:0+7337711
26/03/02 03:37:48 INFO mapred.MapTask: (EQUATOR) 0 kvi 26214396(104857584)
26/03/02 03:37:48 INFO mapred.MapTask: mapreduce.task.io.sort.mb: 100
26/03/02 03:37:48 INFO mapred.MapTask: soft limit at 83886080
26/03/02 03:37:48 INFO mapred.MapTask: bufstart = 0; bufvoid = 104857600
26/03/02 03:37:48 INFO mapred.MapTask: kvstart = 26214396; length = 6553600
26/03/02 03:37:48 INFO mapred.MapTask: Map output collector class = org.apache.hadoop.mapred.MapTask$MapOutputBuffer
26/03/02 03:37:48 INFO mapred.LocalJobRunner: 
26/03/02 03:37:48 INFO mapred.MapTask: Starting flush of map output
26/03/02 03:37:48 INFO mapred.MapTask: Spilling map output
26/03/02 03:37:48 INFO mapred.MapTask: bufstart = 0; bufend = 5200000; bufvoid = 104857600
26/03/02 03:37:48 INFO mapred.MapTask: kvstart = 26214396(104857584); kvend = 25814400(103257600); length = 399997/6553600
26/03/02 03:37:48 INFO mapred.MapTask: Finished spill 0
26/03/02 03:37:48 INFO mapred.Task: Task:attempt_local145532399_0009_m_000000_0 is done. And is in the process of committing
26/03/02 03:37:48 INFO mapred.LocalJobRunner: map
26/03/02 03:37:48 INFO mapred.Task: Task 'attempt_local145532399_0009_m_000000_0' done.
26/03/02 03:37:48 INFO mapred.Task: Final Counters for attempt_local145532399_0009_m_000000_0: Counters: 23
	File System Counters
		FILE: Number of bytes read=1311916
		FILE: Number of bytes written=3974746
		FILE: Number of read operations=0
		FILE: Number of large read operations=0
		FILE: Number of write operations=0
		HDFS: Number of bytes read=66057708
		HDFS: Number of bytes written=7467
		HDFS: Number of read operations=469
		HDFS: Number of large read operations=0
		HDFS: Number of write operations=150
	Map-Reduce Framework
		Map input records=100000
		Map output records=100000
		Map output bytes=5200000
		Map output materialized bytes=294
		Input split bytes=123
		Combine input records=100000
		Combine output records=5
		Spilled Records=5
		Failed Shuffles=0
		Merged Map outputs=0
		GC time elapsed (ms)=21
		Total committed heap usage (bytes)=506986496
	File Input Format Counters 
		Bytes Read=7337711
26/03/02 03:37:48 INFO mapred.LocalJobRunner: Finishing task: attempt_local145532399_0009_m_000000_0
26/03/02 03:37:48 INFO mapred.LocalJobRunner: map task executor complete.
26/03/02 03:37:48 INFO mapred.LocalJobRunner: Waiting for reduce tasks
26/03/02 03:37:48 INFO mapred.LocalJobRunner: Starting task: attempt_local145532399_0009_r_000000_0
26/03/02 03:37:48 INFO output.FileOutputCommitter: File Output Committer Algorithm version is 1
26/03/02 03:37:48 INFO mapred.Task:  Using ResourceCalculatorProcessTree : [ ]
26/03/02 03:37:48 INFO mapred.ReduceTask: Using ShuffleConsumerPlugin: org.apache.hadoop.mapreduce.task.reduce.Shuffle@60a939a6
26/03/02 03:37:48 INFO reduce.MergeManagerImpl: MergerManager: memoryLimit=354890528, maxSingleShuffleLimit=88722632, mergeThreshold=234227760, ioSortFactor=10, memToMemMergeOutputsThreshold=10
26/03/02 03:37:48 INFO reduce.EventFetcher: attempt_local145532399_0009_r_000000_0 Thread started: EventFetcher for fetching Map Completion Events
26/03/02 03:37:48 INFO reduce.LocalFetcher: localfetcher#33 about to shuffle output of map attempt_local145532399_0009_m_000000_0 decomp: 110 len: 114 to MEMORY
26/03/02 03:37:48 INFO reduce.InMemoryMapOutput: Read 110 bytes from map-output for attempt_local145532399_0009_m_000000_0
26/03/02 03:37:48 INFO reduce.MergeManagerImpl: closeInMemoryFile -> map-output of size: 110, inMemoryMapOutputs.size() -> 1, commitMemory -> 0, usedMemory ->110
26/03/02 03:37:48 INFO reduce.EventFetcher: EventFetcher is interrupted.. Returning
26/03/02 03:37:48 INFO mapred.LocalJobRunner: 1 / 1 copied.
26/03/02 03:37:48 INFO reduce.MergeManagerImpl: finalMerge called with 1 in-memory map-outputs and 0 on-disk map-outputs
26/03/02 03:37:48 INFO mapred.Merger: Merging 1 sorted segments
26/03/02 03:37:48 INFO mapred.Merger: Down to the last merge-pass, with 1 segments left of total size: 104 bytes
26/03/02 03:37:48 INFO reduce.MergeManagerImpl: Merged 1 segments, 110 bytes to disk to satisfy reduce memory limit
26/03/02 03:37:48 INFO reduce.MergeManagerImpl: Merging 1 files, 114 bytes from disk
26/03/02 03:37:48 INFO reduce.MergeManagerImpl: Merging 0 segments, 0 bytes from memory into reduce
26/03/02 03:37:48 INFO mapred.Merger: Merging 1 sorted segments
26/03/02 03:37:48 INFO mapred.Merger: Down to the last merge-pass, with 1 segments left of total size: 104 bytes
26/03/02 03:37:48 INFO mapred.LocalJobRunner: 1 / 1 copied.
26/03/02 03:37:48 INFO mapred.Task: Task:attempt_local145532399_0009_r_000000_0 is done. And is in the process of committing
26/03/02 03:37:48 INFO mapred.LocalJobRunner: 1 / 1 copied.
26/03/02 03:37:48 INFO mapred.Task: Task attempt_local145532399_0009_r_000000_0 is allowed to commit now
26/03/02 03:37:48 INFO output.FileOutputCommitter: Saved output of task 'attempt_local145532399_0009_r_000000_0' to hdfs://localhost:9000/project2/task2/runs_report_plus/scale100k_opt/iter_9/_temporary/0/task_local145532399_0009_r_000000
26/03/02 03:37:48 INFO mapred.LocalJobRunner: reduce > reduce
26/03/02 03:37:48 INFO mapred.Task: Task 'attempt_local145532399_0009_r_000000_0' done.
26/03/02 03:37:48 INFO mapred.Task: Final Counters for attempt_local145532399_0009_r_000000_0: Counters: 29
	File System Counters
		FILE: Number of bytes read=1312428
		FILE: Number of bytes written=3974860
		FILE: Number of read operations=0
		FILE: Number of large read operations=0
		FILE: Number of write operations=0
		HDFS: Number of bytes read=66057708
		HDFS: Number of bytes written=7672
		HDFS: Number of read operations=472
		HDFS: Number of large read operations=0
		HDFS: Number of write operations=152
	Map-Reduce Framework
		Combine input records=0
		Combine output records=0
		Reduce input groups=2
		Reduce shuffle bytes=114
		Reduce input records=2
		Reduce output records=2
		Spilled Records=2
		Shuffled Maps =1
		Failed Shuffles=0
		Merged Map outputs=1
		GC time elapsed (ms)=0
		Total committed heap usage (bytes)=506986496
	Shuffle Errors
		BAD_ID=0
		CONNECTION=0
		IO_ERROR=0
		WRONG_LENGTH=0
		WRONG_MAP=0
		WRONG_REDUCE=0
	File Output Format Counters 
		Bytes Written=205
26/03/02 03:37:48 INFO mapred.LocalJobRunner: Finishing task: attempt_local145532399_0009_r_000000_0
26/03/02 03:37:48 INFO mapred.LocalJobRunner: Starting task: attempt_local145532399_0009_r_000001_0
26/03/02 03:37:48 INFO output.FileOutputCommitter: File Output Committer Algorithm version is 1
26/03/02 03:37:48 INFO mapred.Task:  Using ResourceCalculatorProcessTree : [ ]
26/03/02 03:37:48 INFO mapred.ReduceTask: Using ShuffleConsumerPlugin: org.apache.hadoop.mapreduce.task.reduce.Shuffle@69eb9bd
26/03/02 03:37:48 INFO reduce.MergeManagerImpl: MergerManager: memoryLimit=354890528, maxSingleShuffleLimit=88722632, mergeThreshold=234227760, ioSortFactor=10, memToMemMergeOutputsThreshold=10
26/03/02 03:37:48 INFO reduce.EventFetcher: attempt_local145532399_0009_r_000001_0 Thread started: EventFetcher for fetching Map Completion Events
26/03/02 03:37:48 INFO reduce.LocalFetcher: localfetcher#34 about to shuffle output of map attempt_local145532399_0009_m_000000_0 decomp: 56 len: 60 to MEMORY
26/03/02 03:37:48 INFO reduce.InMemoryMapOutput: Read 56 bytes from map-output for attempt_local145532399_0009_m_000000_0
26/03/02 03:37:48 INFO reduce.MergeManagerImpl: closeInMemoryFile -> map-output of size: 56, inMemoryMapOutputs.size() -> 1, commitMemory -> 0, usedMemory ->56
26/03/02 03:37:48 INFO reduce.EventFetcher: EventFetcher is interrupted.. Returning
26/03/02 03:37:48 INFO mapred.LocalJobRunner: 1 / 1 copied.
26/03/02 03:37:48 INFO reduce.MergeManagerImpl: finalMerge called with 1 in-memory map-outputs and 0 on-disk map-outputs
26/03/02 03:37:48 INFO mapred.Merger: Merging 1 sorted segments
26/03/02 03:37:48 INFO mapred.Merger: Down to the last merge-pass, with 1 segments left of total size: 50 bytes
26/03/02 03:37:48 INFO reduce.MergeManagerImpl: Merged 1 segments, 56 bytes to disk to satisfy reduce memory limit
26/03/02 03:37:48 INFO reduce.MergeManagerImpl: Merging 1 files, 60 bytes from disk
26/03/02 03:37:48 INFO reduce.MergeManagerImpl: Merging 0 segments, 0 bytes from memory into reduce
26/03/02 03:37:48 INFO mapred.Merger: Merging 1 sorted segments
26/03/02 03:37:48 INFO mapred.Merger: Down to the last merge-pass, with 1 segments left of total size: 50 bytes
26/03/02 03:37:48 INFO mapred.LocalJobRunner: 1 / 1 copied.
26/03/02 03:37:48 INFO mapred.Task: Task:attempt_local145532399_0009_r_000001_0 is done. And is in the process of committing
26/03/02 03:37:48 INFO mapred.LocalJobRunner: 1 / 1 copied.
26/03/02 03:37:48 INFO mapred.Task: Task attempt_local145532399_0009_r_000001_0 is allowed to commit now
26/03/02 03:37:48 INFO output.FileOutputCommitter: Saved output of task 'attempt_local145532399_0009_r_000001_0' to hdfs://localhost:9000/project2/task2/runs_report_plus/scale100k_opt/iter_9/_temporary/0/task_local145532399_0009_r_000001
26/03/02 03:37:48 INFO mapred.LocalJobRunner: reduce > reduce
26/03/02 03:37:48 INFO mapred.Task: Task 'attempt_local145532399_0009_r_000001_0' done.
26/03/02 03:37:48 INFO mapred.Task: Final Counters for attempt_local145532399_0009_r_000001_0: Counters: 29
	File System Counters
		FILE: Number of bytes read=1312772
		FILE: Number of bytes written=3974920
		FILE: Number of read operations=0
		FILE: Number of large read operations=0
		FILE: Number of write operations=0
		HDFS: Number of bytes read=66057708
		HDFS: Number of bytes written=7774
		HDFS: Number of read operations=475
		HDFS: Number of large read operations=0
		HDFS: Number of write operations=154
	Map-Reduce Framework
		Combine input records=0
		Combine output records=0
		Reduce input groups=1
		Reduce shuffle bytes=60
		Reduce input records=1
		Reduce output records=1
		Spilled Records=1
		Shuffled Maps =1
		Failed Shuffles=0
		Merged Map outputs=1
		GC time elapsed (ms)=0
		Total committed heap usage (bytes)=506986496
	Shuffle Errors
		BAD_ID=0
		CONNECTION=0
		IO_ERROR=0
		WRONG_LENGTH=0
		WRONG_MAP=0
		WRONG_REDUCE=0
	File Output Format Counters 
		Bytes Written=102
26/03/02 03:37:48 INFO mapred.LocalJobRunner: Finishing task: attempt_local145532399_0009_r_000001_0
26/03/02 03:37:48 INFO mapred.LocalJobRunner: Starting task: attempt_local145532399_0009_r_000002_0
26/03/02 03:37:48 INFO output.FileOutputCommitter: File Output Committer Algorithm version is 1
26/03/02 03:37:48 INFO mapred.Task:  Using ResourceCalculatorProcessTree : [ ]
26/03/02 03:37:48 INFO mapred.ReduceTask: Using ShuffleConsumerPlugin: org.apache.hadoop.mapreduce.task.reduce.Shuffle@7e11ec9c
26/03/02 03:37:48 INFO reduce.MergeManagerImpl: MergerManager: memoryLimit=354890528, maxSingleShuffleLimit=88722632, mergeThreshold=234227760, ioSortFactor=10, memToMemMergeOutputsThreshold=10
26/03/02 03:37:48 INFO reduce.EventFetcher: attempt_local145532399_0009_r_000002_0 Thread started: EventFetcher for fetching Map Completion Events
26/03/02 03:37:48 INFO reduce.LocalFetcher: localfetcher#35 about to shuffle output of map attempt_local145532399_0009_m_000000_0 decomp: 56 len: 60 to MEMORY
26/03/02 03:37:48 INFO reduce.InMemoryMapOutput: Read 56 bytes from map-output for attempt_local145532399_0009_m_000000_0
26/03/02 03:37:48 INFO reduce.MergeManagerImpl: closeInMemoryFile -> map-output of size: 56, inMemoryMapOutputs.size() -> 1, commitMemory -> 0, usedMemory ->56
26/03/02 03:37:48 INFO reduce.EventFetcher: EventFetcher is interrupted.. Returning
26/03/02 03:37:48 INFO mapred.LocalJobRunner: 1 / 1 copied.
26/03/02 03:37:48 INFO reduce.MergeManagerImpl: finalMerge called with 1 in-memory map-outputs and 0 on-disk map-outputs
26/03/02 03:37:48 INFO mapred.Merger: Merging 1 sorted segments
26/03/02 03:37:48 INFO mapred.Merger: Down to the last merge-pass, with 1 segments left of total size: 50 bytes
26/03/02 03:37:48 INFO reduce.MergeManagerImpl: Merged 1 segments, 56 bytes to disk to satisfy reduce memory limit
26/03/02 03:37:48 INFO reduce.MergeManagerImpl: Merging 1 files, 60 bytes from disk
26/03/02 03:37:48 INFO reduce.MergeManagerImpl: Merging 0 segments, 0 bytes from memory into reduce
26/03/02 03:37:48 INFO mapred.Merger: Merging 1 sorted segments
26/03/02 03:37:48 INFO mapred.Merger: Down to the last merge-pass, with 1 segments left of total size: 50 bytes
26/03/02 03:37:48 INFO mapred.LocalJobRunner: 1 / 1 copied.
26/03/02 03:37:48 INFO mapred.Task: Task:attempt_local145532399_0009_r_000002_0 is done. And is in the process of committing
26/03/02 03:37:48 INFO mapred.LocalJobRunner: 1 / 1 copied.
26/03/02 03:37:48 INFO mapred.Task: Task attempt_local145532399_0009_r_000002_0 is allowed to commit now
26/03/02 03:37:48 INFO output.FileOutputCommitter: Saved output of task 'attempt_local145532399_0009_r_000002_0' to hdfs://localhost:9000/project2/task2/runs_report_plus/scale100k_opt/iter_9/_temporary/0/task_local145532399_0009_r_000002
26/03/02 03:37:48 INFO mapred.LocalJobRunner: reduce > reduce
26/03/02 03:37:48 INFO mapred.Task: Task 'attempt_local145532399_0009_r_000002_0' done.
26/03/02 03:37:48 INFO mapred.Task: Final Counters for attempt_local145532399_0009_r_000002_0: Counters: 29
	File System Counters
		FILE: Number of bytes read=1313056
		FILE: Number of bytes written=3974980
		FILE: Number of read operations=0
		FILE: Number of large read operations=0
		FILE: Number of write operations=0
		HDFS: Number of bytes read=66057708
		HDFS: Number of bytes written=7877
		HDFS: Number of read operations=478
		HDFS: Number of large read operations=0
		HDFS: Number of write operations=156
	Map-Reduce Framework
		Combine input records=0
		Combine output records=0
		Reduce input groups=1
		Reduce shuffle bytes=60
		Reduce input records=1
		Reduce output records=1
		Spilled Records=1
		Shuffled Maps =1
		Failed Shuffles=0
		Merged Map outputs=1
		GC time elapsed (ms)=0
		Total committed heap usage (bytes)=506986496
	Shuffle Errors
		BAD_ID=0
		CONNECTION=0
		IO_ERROR=0
		WRONG_LENGTH=0
		WRONG_MAP=0
		WRONG_REDUCE=0
	File Output Format Counters 
		Bytes Written=103
26/03/02 03:37:48 INFO mapred.LocalJobRunner: Finishing task: attempt_local145532399_0009_r_000002_0
26/03/02 03:37:48 INFO mapred.LocalJobRunner: Starting task: attempt_local145532399_0009_r_000003_0
26/03/02 03:37:48 INFO output.FileOutputCommitter: File Output Committer Algorithm version is 1
26/03/02 03:37:48 INFO mapred.Task:  Using ResourceCalculatorProcessTree : [ ]
26/03/02 03:37:48 INFO mapred.ReduceTask: Using ShuffleConsumerPlugin: org.apache.hadoop.mapreduce.task.reduce.Shuffle@3c5c35b4
26/03/02 03:37:48 INFO reduce.MergeManagerImpl: MergerManager: memoryLimit=354890528, maxSingleShuffleLimit=88722632, mergeThreshold=234227760, ioSortFactor=10, memToMemMergeOutputsThreshold=10
26/03/02 03:37:48 INFO reduce.EventFetcher: attempt_local145532399_0009_r_000003_0 Thread started: EventFetcher for fetching Map Completion Events
26/03/02 03:37:48 INFO reduce.LocalFetcher: localfetcher#36 about to shuffle output of map attempt_local145532399_0009_m_000000_0 decomp: 56 len: 60 to MEMORY
26/03/02 03:37:48 INFO reduce.InMemoryMapOutput: Read 56 bytes from map-output for attempt_local145532399_0009_m_000000_0
26/03/02 03:37:48 INFO reduce.MergeManagerImpl: closeInMemoryFile -> map-output of size: 56, inMemoryMapOutputs.size() -> 1, commitMemory -> 0, usedMemory ->56
26/03/02 03:37:48 INFO reduce.EventFetcher: EventFetcher is interrupted.. Returning
26/03/02 03:37:48 INFO mapred.LocalJobRunner: 1 / 1 copied.
26/03/02 03:37:48 INFO reduce.MergeManagerImpl: finalMerge called with 1 in-memory map-outputs and 0 on-disk map-outputs
26/03/02 03:37:48 INFO mapred.Merger: Merging 1 sorted segments
26/03/02 03:37:48 INFO mapred.Merger: Down to the last merge-pass, with 1 segments left of total size: 50 bytes
26/03/02 03:37:48 INFO reduce.MergeManagerImpl: Merged 1 segments, 56 bytes to disk to satisfy reduce memory limit
26/03/02 03:37:48 INFO reduce.MergeManagerImpl: Merging 1 files, 60 bytes from disk
26/03/02 03:37:48 INFO reduce.MergeManagerImpl: Merging 0 segments, 0 bytes from memory into reduce
26/03/02 03:37:48 INFO mapred.Merger: Merging 1 sorted segments
26/03/02 03:37:48 INFO mapred.Merger: Down to the last merge-pass, with 1 segments left of total size: 50 bytes
26/03/02 03:37:48 INFO mapred.LocalJobRunner: 1 / 1 copied.
26/03/02 03:37:48 INFO mapred.Task: Task:attempt_local145532399_0009_r_000003_0 is done. And is in the process of committing
26/03/02 03:37:48 INFO mapred.LocalJobRunner: 1 / 1 copied.
26/03/02 03:37:48 INFO mapred.Task: Task attempt_local145532399_0009_r_000003_0 is allowed to commit now
26/03/02 03:37:48 INFO output.FileOutputCommitter: Saved output of task 'attempt_local145532399_0009_r_000003_0' to hdfs://localhost:9000/project2/task2/runs_report_plus/scale100k_opt/iter_9/_temporary/0/task_local145532399_0009_r_000003
26/03/02 03:37:48 INFO mapred.LocalJobRunner: reduce > reduce
26/03/02 03:37:48 INFO mapred.Task: Task 'attempt_local145532399_0009_r_000003_0' done.
26/03/02 03:37:48 INFO mapred.Task: Final Counters for attempt_local145532399_0009_r_000003_0: Counters: 29
	File System Counters
		FILE: Number of bytes read=1313280
		FILE: Number of bytes written=3975040
		FILE: Number of read operations=0
		FILE: Number of large read operations=0
		FILE: Number of write operations=0
		HDFS: Number of bytes read=66057708
		HDFS: Number of bytes written=7980
		HDFS: Number of read operations=481
		HDFS: Number of large read operations=0
		HDFS: Number of write operations=158
	Map-Reduce Framework
		Combine input records=0
		Combine output records=0
		Reduce input groups=1
		Reduce shuffle bytes=60
		Reduce input records=1
		Reduce output records=1
		Spilled Records=1
		Shuffled Maps =1
		Failed Shuffles=0
		Merged Map outputs=1
		GC time elapsed (ms)=0
		Total committed heap usage (bytes)=506986496
	Shuffle Errors
		BAD_ID=0
		CONNECTION=0
		IO_ERROR=0
		WRONG_LENGTH=0
		WRONG_MAP=0
		WRONG_REDUCE=0
	File Output Format Counters 
		Bytes Written=103
26/03/02 03:37:48 INFO mapred.LocalJobRunner: Finishing task: attempt_local145532399_0009_r_000003_0
26/03/02 03:37:48 INFO mapred.LocalJobRunner: reduce task executor complete.
26/03/02 03:37:49 INFO mapreduce.Job: Job job_local145532399_0009 running in uber mode : false
26/03/02 03:37:49 INFO mapreduce.Job:  map 100% reduce 100%
26/03/02 03:37:49 INFO mapreduce.Job: Job job_local145532399_0009 completed successfully
26/03/02 03:37:49 INFO mapreduce.Job: Counters: 35
	File System Counters
		FILE: Number of bytes read=6563452
		FILE: Number of bytes written=19874546
		FILE: Number of read operations=0
		FILE: Number of large read operations=0
		FILE: Number of write operations=0
		HDFS: Number of bytes read=330288540
		HDFS: Number of bytes written=38770
		HDFS: Number of read operations=2375
		HDFS: Number of large read operations=0
		HDFS: Number of write operations=770
	Map-Reduce Framework
		Map input records=100000
		Map output records=100000
		Map output bytes=5200000
		Map output materialized bytes=294
		Input split bytes=123
		Combine input records=100000
		Combine output records=5
		Reduce input groups=5
		Reduce shuffle bytes=294
		Reduce input records=5
		Reduce output records=5
		Spilled Records=10
		Shuffled Maps =4
		Failed Shuffles=0
		Merged Map outputs=4
		GC time elapsed (ms)=21
		Total committed heap usage (bytes)=2534932480
	Shuffle Errors
		BAD_ID=0
		CONNECTION=0
		IO_ERROR=0
		WRONG_LENGTH=0
		WRONG_MAP=0
		WRONG_REDUCE=0
	File Input Format Counters 
		Bytes Read=7337711
	File Output Format Counters 
		Bytes Written=513
26/03/02 03:37:49 INFO jvm.JvmMetrics: Cannot initialize JVM Metrics with processName=JobTracker, sessionId= - already initialized
26/03/02 03:37:49 WARN mapreduce.JobResourceUploader: Hadoop command-line option parsing not performed. Implement the Tool interface and execute your application with ToolRunner to remedy this.
26/03/02 03:37:49 INFO input.FileInputFormat: Total input paths to process : 1
26/03/02 03:37:49 INFO mapreduce.JobSubmitter: number of splits:1
26/03/02 03:37:49 INFO mapreduce.JobSubmitter: Submitting tokens for job: job_local469083816_0010
26/03/02 03:37:49 INFO mapred.LocalDistributedCacheManager: Creating symlink: /tmp/hadoop-ds503/mapred/local/1772422669257/centers_iter_9.csv <- /home/ds503/centers_iter_9.csv
26/03/02 03:37:49 INFO mapred.LocalDistributedCacheManager: Localized hdfs://localhost:9000/project2/task2/runs_report_plus/scale100k_opt/centers_iter_9.csv as file:/tmp/hadoop-ds503/mapred/local/1772422669257/centers_iter_9.csv
26/03/02 03:37:49 INFO mapreduce.Job: The url to track the job: http://localhost:8080/
26/03/02 03:37:49 INFO mapreduce.Job: Running job: job_local469083816_0010
26/03/02 03:37:49 INFO mapred.LocalJobRunner: OutputCommitter set in config null
26/03/02 03:37:49 INFO output.FileOutputCommitter: File Output Committer Algorithm version is 1
26/03/02 03:37:49 INFO mapred.LocalJobRunner: OutputCommitter is org.apache.hadoop.mapreduce.lib.output.FileOutputCommitter
26/03/02 03:37:49 INFO mapred.LocalJobRunner: Waiting for map tasks
26/03/02 03:37:49 INFO mapred.LocalJobRunner: Starting task: attempt_local469083816_0010_m_000000_0
26/03/02 03:37:49 INFO output.FileOutputCommitter: File Output Committer Algorithm version is 1
26/03/02 03:37:49 INFO mapred.Task:  Using ResourceCalculatorProcessTree : [ ]
26/03/02 03:37:49 INFO mapred.MapTask: Processing split: hdfs://localhost:9000/project2/task2/input/points_100k.csv:0+7337711
26/03/02 03:37:49 INFO mapred.MapTask: (EQUATOR) 0 kvi 26214396(104857584)
26/03/02 03:37:49 INFO mapred.MapTask: mapreduce.task.io.sort.mb: 100
26/03/02 03:37:49 INFO mapred.MapTask: soft limit at 83886080
26/03/02 03:37:49 INFO mapred.MapTask: bufstart = 0; bufvoid = 104857600
26/03/02 03:37:49 INFO mapred.MapTask: kvstart = 26214396; length = 6553600
26/03/02 03:37:49 INFO mapred.MapTask: Map output collector class = org.apache.hadoop.mapred.MapTask$MapOutputBuffer
26/03/02 03:37:49 INFO mapred.LocalJobRunner: 
26/03/02 03:37:49 INFO mapred.MapTask: Starting flush of map output
26/03/02 03:37:49 INFO mapred.MapTask: Spilling map output
26/03/02 03:37:49 INFO mapred.MapTask: bufstart = 0; bufend = 5200000; bufvoid = 104857600
26/03/02 03:37:49 INFO mapred.MapTask: kvstart = 26214396(104857584); kvend = 25814400(103257600); length = 399997/6553600
26/03/02 03:37:49 INFO mapred.MapTask: Finished spill 0
26/03/02 03:37:49 INFO mapred.Task: Task:attempt_local469083816_0010_m_000000_0 is done. And is in the process of committing
26/03/02 03:37:49 INFO mapred.LocalJobRunner: map
26/03/02 03:37:49 INFO mapred.Task: Task 'attempt_local469083816_0010_m_000000_0' done.
26/03/02 03:37:49 INFO mapred.Task: Final Counters for attempt_local469083816_0010_m_000000_0: Counters: 23
	File System Counters
		FILE: Number of bytes read=1457836
		FILE: Number of bytes written=4415538
		FILE: Number of read operations=0
		FILE: Number of large read operations=0
		FILE: Number of write operations=0
		HDFS: Number of bytes read=73397574
		HDFS: Number of bytes written=8357
		HDFS: Number of read operations=525
		HDFS: Number of large read operations=0
		HDFS: Number of write operations=168
	Map-Reduce Framework
		Map input records=100000
		Map output records=100000
		Map output bytes=5200000
		Map output materialized bytes=294
		Input split bytes=123
		Combine input records=100000
		Combine output records=5
		Spilled Records=5
		Failed Shuffles=0
		Merged Map outputs=0
		GC time elapsed (ms)=23
		Total committed heap usage (bytes)=507510784
	File Input Format Counters 
		Bytes Read=7337711
26/03/02 03:37:49 INFO mapred.LocalJobRunner: Finishing task: attempt_local469083816_0010_m_000000_0
26/03/02 03:37:49 INFO mapred.LocalJobRunner: map task executor complete.
26/03/02 03:37:49 INFO mapred.LocalJobRunner: Waiting for reduce tasks
26/03/02 03:37:49 INFO mapred.LocalJobRunner: Starting task: attempt_local469083816_0010_r_000000_0
26/03/02 03:37:49 INFO output.FileOutputCommitter: File Output Committer Algorithm version is 1
26/03/02 03:37:49 INFO mapred.Task:  Using ResourceCalculatorProcessTree : [ ]
26/03/02 03:37:49 INFO mapred.ReduceTask: Using ShuffleConsumerPlugin: org.apache.hadoop.mapreduce.task.reduce.Shuffle@755cb44f
26/03/02 03:37:49 INFO reduce.MergeManagerImpl: MergerManager: memoryLimit=355257536, maxSingleShuffleLimit=88814384, mergeThreshold=234469984, ioSortFactor=10, memToMemMergeOutputsThreshold=10
26/03/02 03:37:49 INFO reduce.EventFetcher: attempt_local469083816_0010_r_000000_0 Thread started: EventFetcher for fetching Map Completion Events
26/03/02 03:37:49 INFO reduce.LocalFetcher: localfetcher#37 about to shuffle output of map attempt_local469083816_0010_m_000000_0 decomp: 110 len: 114 to MEMORY
26/03/02 03:37:49 INFO reduce.InMemoryMapOutput: Read 110 bytes from map-output for attempt_local469083816_0010_m_000000_0
26/03/02 03:37:49 INFO reduce.MergeManagerImpl: closeInMemoryFile -> map-output of size: 110, inMemoryMapOutputs.size() -> 1, commitMemory -> 0, usedMemory ->110
26/03/02 03:37:49 INFO reduce.EventFetcher: EventFetcher is interrupted.. Returning
26/03/02 03:37:49 INFO mapred.LocalJobRunner: 1 / 1 copied.
26/03/02 03:37:49 INFO reduce.MergeManagerImpl: finalMerge called with 1 in-memory map-outputs and 0 on-disk map-outputs
26/03/02 03:37:49 INFO mapred.Merger: Merging 1 sorted segments
26/03/02 03:37:49 INFO mapred.Merger: Down to the last merge-pass, with 1 segments left of total size: 104 bytes
26/03/02 03:37:49 INFO reduce.MergeManagerImpl: Merged 1 segments, 110 bytes to disk to satisfy reduce memory limit
26/03/02 03:37:49 INFO reduce.MergeManagerImpl: Merging 1 files, 114 bytes from disk
26/03/02 03:37:49 INFO reduce.MergeManagerImpl: Merging 0 segments, 0 bytes from memory into reduce
26/03/02 03:37:49 INFO mapred.Merger: Merging 1 sorted segments
26/03/02 03:37:49 INFO mapred.Merger: Down to the last merge-pass, with 1 segments left of total size: 104 bytes
26/03/02 03:37:49 INFO mapred.LocalJobRunner: 1 / 1 copied.
26/03/02 03:37:49 INFO mapred.Task: Task:attempt_local469083816_0010_r_000000_0 is done. And is in the process of committing
26/03/02 03:37:49 INFO mapred.LocalJobRunner: 1 / 1 copied.
26/03/02 03:37:49 INFO mapred.Task: Task attempt_local469083816_0010_r_000000_0 is allowed to commit now
26/03/02 03:37:49 INFO output.FileOutputCommitter: Saved output of task 'attempt_local469083816_0010_r_000000_0' to hdfs://localhost:9000/project2/task2/runs_report_plus/scale100k_opt/iter_10/_temporary/0/task_local469083816_0010_r_000000
26/03/02 03:37:49 INFO mapred.LocalJobRunner: reduce > reduce
26/03/02 03:37:49 INFO mapred.Task: Task 'attempt_local469083816_0010_r_000000_0' done.
26/03/02 03:37:49 INFO mapred.Task: Final Counters for attempt_local469083816_0010_r_000000_0: Counters: 29
	File System Counters
		FILE: Number of bytes read=1458348
		FILE: Number of bytes written=4415652
		FILE: Number of read operations=0
		FILE: Number of large read operations=0
		FILE: Number of write operations=0
		HDFS: Number of bytes read=73397574
		HDFS: Number of bytes written=8564
		HDFS: Number of read operations=528
		HDFS: Number of large read operations=0
		HDFS: Number of write operations=170
	Map-Reduce Framework
		Combine input records=0
		Combine output records=0
		Reduce input groups=2
		Reduce shuffle bytes=114
		Reduce input records=2
		Reduce output records=2
		Spilled Records=2
		Shuffled Maps =1
		Failed Shuffles=0
		Merged Map outputs=1
		GC time elapsed (ms)=0
		Total committed heap usage (bytes)=507510784
	Shuffle Errors
		BAD_ID=0
		CONNECTION=0
		IO_ERROR=0
		WRONG_LENGTH=0
		WRONG_MAP=0
		WRONG_REDUCE=0
	File Output Format Counters 
		Bytes Written=207
26/03/02 03:37:49 INFO mapred.LocalJobRunner: Finishing task: attempt_local469083816_0010_r_000000_0
26/03/02 03:37:49 INFO mapred.LocalJobRunner: Starting task: attempt_local469083816_0010_r_000001_0
26/03/02 03:37:49 INFO output.FileOutputCommitter: File Output Committer Algorithm version is 1
26/03/02 03:37:49 INFO mapred.Task:  Using ResourceCalculatorProcessTree : [ ]
26/03/02 03:37:49 INFO mapred.ReduceTask: Using ShuffleConsumerPlugin: org.apache.hadoop.mapreduce.task.reduce.Shuffle@2a486b78
26/03/02 03:37:49 INFO reduce.MergeManagerImpl: MergerManager: memoryLimit=355257536, maxSingleShuffleLimit=88814384, mergeThreshold=234469984, ioSortFactor=10, memToMemMergeOutputsThreshold=10
26/03/02 03:37:49 INFO reduce.EventFetcher: attempt_local469083816_0010_r_000001_0 Thread started: EventFetcher for fetching Map Completion Events
26/03/02 03:37:49 INFO reduce.LocalFetcher: localfetcher#38 about to shuffle output of map attempt_local469083816_0010_m_000000_0 decomp: 56 len: 60 to MEMORY
26/03/02 03:37:49 INFO reduce.InMemoryMapOutput: Read 56 bytes from map-output for attempt_local469083816_0010_m_000000_0
26/03/02 03:37:49 INFO reduce.MergeManagerImpl: closeInMemoryFile -> map-output of size: 56, inMemoryMapOutputs.size() -> 1, commitMemory -> 0, usedMemory ->56
26/03/02 03:37:49 INFO reduce.EventFetcher: EventFetcher is interrupted.. Returning
26/03/02 03:37:49 INFO mapred.LocalJobRunner: 1 / 1 copied.
26/03/02 03:37:49 INFO reduce.MergeManagerImpl: finalMerge called with 1 in-memory map-outputs and 0 on-disk map-outputs
26/03/02 03:37:49 INFO mapred.Merger: Merging 1 sorted segments
26/03/02 03:37:49 INFO mapred.Merger: Down to the last merge-pass, with 1 segments left of total size: 50 bytes
26/03/02 03:37:49 INFO reduce.MergeManagerImpl: Merged 1 segments, 56 bytes to disk to satisfy reduce memory limit
26/03/02 03:37:49 INFO reduce.MergeManagerImpl: Merging 1 files, 60 bytes from disk
26/03/02 03:37:49 INFO reduce.MergeManagerImpl: Merging 0 segments, 0 bytes from memory into reduce
26/03/02 03:37:49 INFO mapred.Merger: Merging 1 sorted segments
26/03/02 03:37:49 INFO mapred.Merger: Down to the last merge-pass, with 1 segments left of total size: 50 bytes
26/03/02 03:37:49 INFO mapred.LocalJobRunner: 1 / 1 copied.
26/03/02 03:37:49 INFO mapred.Task: Task:attempt_local469083816_0010_r_000001_0 is done. And is in the process of committing
26/03/02 03:37:49 INFO mapred.LocalJobRunner: 1 / 1 copied.
26/03/02 03:37:49 INFO mapred.Task: Task attempt_local469083816_0010_r_000001_0 is allowed to commit now
26/03/02 03:37:49 INFO output.FileOutputCommitter: Saved output of task 'attempt_local469083816_0010_r_000001_0' to hdfs://localhost:9000/project2/task2/runs_report_plus/scale100k_opt/iter_10/_temporary/0/task_local469083816_0010_r_000001
26/03/02 03:37:49 INFO mapred.LocalJobRunner: reduce > reduce
26/03/02 03:37:49 INFO mapred.Task: Task 'attempt_local469083816_0010_r_000001_0' done.
26/03/02 03:37:49 INFO mapred.Task: Final Counters for attempt_local469083816_0010_r_000001_0: Counters: 29
	File System Counters
		FILE: Number of bytes read=1458692
		FILE: Number of bytes written=4415712
		FILE: Number of read operations=0
		FILE: Number of large read operations=0
		FILE: Number of write operations=0
		HDFS: Number of bytes read=73397574
		HDFS: Number of bytes written=8665
		HDFS: Number of read operations=531
		HDFS: Number of large read operations=0
		HDFS: Number of write operations=172
	Map-Reduce Framework
		Combine input records=0
		Combine output records=0
		Reduce input groups=1
		Reduce shuffle bytes=60
		Reduce input records=1
		Reduce output records=1
		Spilled Records=1
		Shuffled Maps =1
		Failed Shuffles=0
		Merged Map outputs=1
		GC time elapsed (ms)=0
		Total committed heap usage (bytes)=507510784
	Shuffle Errors
		BAD_ID=0
		CONNECTION=0
		IO_ERROR=0
		WRONG_LENGTH=0
		WRONG_MAP=0
		WRONG_REDUCE=0
	File Output Format Counters 
		Bytes Written=101
26/03/02 03:37:49 INFO mapred.LocalJobRunner: Finishing task: attempt_local469083816_0010_r_000001_0
26/03/02 03:37:49 INFO mapred.LocalJobRunner: Starting task: attempt_local469083816_0010_r_000002_0
26/03/02 03:37:49 INFO output.FileOutputCommitter: File Output Committer Algorithm version is 1
26/03/02 03:37:49 INFO mapred.Task:  Using ResourceCalculatorProcessTree : [ ]
26/03/02 03:37:49 INFO mapred.ReduceTask: Using ShuffleConsumerPlugin: org.apache.hadoop.mapreduce.task.reduce.Shuffle@52d2ce33
26/03/02 03:37:49 INFO reduce.MergeManagerImpl: MergerManager: memoryLimit=355257536, maxSingleShuffleLimit=88814384, mergeThreshold=234469984, ioSortFactor=10, memToMemMergeOutputsThreshold=10
26/03/02 03:37:49 INFO reduce.EventFetcher: attempt_local469083816_0010_r_000002_0 Thread started: EventFetcher for fetching Map Completion Events
26/03/02 03:37:49 INFO reduce.LocalFetcher: localfetcher#39 about to shuffle output of map attempt_local469083816_0010_m_000000_0 decomp: 56 len: 60 to MEMORY
26/03/02 03:37:49 INFO reduce.InMemoryMapOutput: Read 56 bytes from map-output for attempt_local469083816_0010_m_000000_0
26/03/02 03:37:49 INFO reduce.MergeManagerImpl: closeInMemoryFile -> map-output of size: 56, inMemoryMapOutputs.size() -> 1, commitMemory -> 0, usedMemory ->56
26/03/02 03:37:49 INFO reduce.EventFetcher: EventFetcher is interrupted.. Returning
26/03/02 03:37:49 INFO mapred.LocalJobRunner: 1 / 1 copied.
26/03/02 03:37:49 INFO reduce.MergeManagerImpl: finalMerge called with 1 in-memory map-outputs and 0 on-disk map-outputs
26/03/02 03:37:49 INFO mapred.Merger: Merging 1 sorted segments
26/03/02 03:37:49 INFO mapred.Merger: Down to the last merge-pass, with 1 segments left of total size: 50 bytes
26/03/02 03:37:49 INFO reduce.MergeManagerImpl: Merged 1 segments, 56 bytes to disk to satisfy reduce memory limit
26/03/02 03:37:49 INFO reduce.MergeManagerImpl: Merging 1 files, 60 bytes from disk
26/03/02 03:37:49 INFO reduce.MergeManagerImpl: Merging 0 segments, 0 bytes from memory into reduce
26/03/02 03:37:49 INFO mapred.Merger: Merging 1 sorted segments
26/03/02 03:37:49 INFO mapred.Merger: Down to the last merge-pass, with 1 segments left of total size: 50 bytes
26/03/02 03:37:49 INFO mapred.LocalJobRunner: 1 / 1 copied.
26/03/02 03:37:49 INFO mapred.Task: Task:attempt_local469083816_0010_r_000002_0 is done. And is in the process of committing
26/03/02 03:37:49 INFO mapred.LocalJobRunner: 1 / 1 copied.
26/03/02 03:37:49 INFO mapred.Task: Task attempt_local469083816_0010_r_000002_0 is allowed to commit now
26/03/02 03:37:49 INFO output.FileOutputCommitter: Saved output of task 'attempt_local469083816_0010_r_000002_0' to hdfs://localhost:9000/project2/task2/runs_report_plus/scale100k_opt/iter_10/_temporary/0/task_local469083816_0010_r_000002
26/03/02 03:37:49 INFO mapred.LocalJobRunner: reduce > reduce
26/03/02 03:37:49 INFO mapred.Task: Task 'attempt_local469083816_0010_r_000002_0' done.
26/03/02 03:37:49 INFO mapred.Task: Final Counters for attempt_local469083816_0010_r_000002_0: Counters: 29
	File System Counters
		FILE: Number of bytes read=1458976
		FILE: Number of bytes written=4415772
		FILE: Number of read operations=0
		FILE: Number of large read operations=0
		FILE: Number of write operations=0
		HDFS: Number of bytes read=73397574
		HDFS: Number of bytes written=8769
		HDFS: Number of read operations=534
		HDFS: Number of large read operations=0
		HDFS: Number of write operations=174
	Map-Reduce Framework
		Combine input records=0
		Combine output records=0
		Reduce input groups=1
		Reduce shuffle bytes=60
		Reduce input records=1
		Reduce output records=1
		Spilled Records=1
		Shuffled Maps =1
		Failed Shuffles=0
		Merged Map outputs=1
		GC time elapsed (ms)=0
		Total committed heap usage (bytes)=507510784
	Shuffle Errors
		BAD_ID=0
		CONNECTION=0
		IO_ERROR=0
		WRONG_LENGTH=0
		WRONG_MAP=0
		WRONG_REDUCE=0
	File Output Format Counters 
		Bytes Written=104
26/03/02 03:37:49 INFO mapred.LocalJobRunner: Finishing task: attempt_local469083816_0010_r_000002_0
26/03/02 03:37:49 INFO mapred.LocalJobRunner: Starting task: attempt_local469083816_0010_r_000003_0
26/03/02 03:37:49 INFO output.FileOutputCommitter: File Output Committer Algorithm version is 1
26/03/02 03:37:49 INFO mapred.Task:  Using ResourceCalculatorProcessTree : [ ]
26/03/02 03:37:49 INFO mapred.ReduceTask: Using ShuffleConsumerPlugin: org.apache.hadoop.mapreduce.task.reduce.Shuffle@33f30262
26/03/02 03:37:49 INFO reduce.MergeManagerImpl: MergerManager: memoryLimit=355257536, maxSingleShuffleLimit=88814384, mergeThreshold=234469984, ioSortFactor=10, memToMemMergeOutputsThreshold=10
26/03/02 03:37:49 INFO reduce.EventFetcher: attempt_local469083816_0010_r_000003_0 Thread started: EventFetcher for fetching Map Completion Events
26/03/02 03:37:49 INFO reduce.LocalFetcher: localfetcher#40 about to shuffle output of map attempt_local469083816_0010_m_000000_0 decomp: 56 len: 60 to MEMORY
26/03/02 03:37:49 INFO reduce.InMemoryMapOutput: Read 56 bytes from map-output for attempt_local469083816_0010_m_000000_0
26/03/02 03:37:49 INFO reduce.MergeManagerImpl: closeInMemoryFile -> map-output of size: 56, inMemoryMapOutputs.size() -> 1, commitMemory -> 0, usedMemory ->56
26/03/02 03:37:49 INFO reduce.EventFetcher: EventFetcher is interrupted.. Returning
26/03/02 03:37:49 INFO mapred.LocalJobRunner: 1 / 1 copied.
26/03/02 03:37:49 INFO reduce.MergeManagerImpl: finalMerge called with 1 in-memory map-outputs and 0 on-disk map-outputs
26/03/02 03:37:49 INFO mapred.Merger: Merging 1 sorted segments
26/03/02 03:37:49 INFO mapred.Merger: Down to the last merge-pass, with 1 segments left of total size: 50 bytes
26/03/02 03:37:49 INFO reduce.MergeManagerImpl: Merged 1 segments, 56 bytes to disk to satisfy reduce memory limit
26/03/02 03:37:49 INFO reduce.MergeManagerImpl: Merging 1 files, 60 bytes from disk
26/03/02 03:37:49 INFO reduce.MergeManagerImpl: Merging 0 segments, 0 bytes from memory into reduce
26/03/02 03:37:49 INFO mapred.Merger: Merging 1 sorted segments
26/03/02 03:37:49 INFO mapred.Merger: Down to the last merge-pass, with 1 segments left of total size: 50 bytes
26/03/02 03:37:49 INFO mapred.LocalJobRunner: 1 / 1 copied.
26/03/02 03:37:49 INFO mapred.Task: Task:attempt_local469083816_0010_r_000003_0 is done. And is in the process of committing
26/03/02 03:37:49 INFO mapred.LocalJobRunner: 1 / 1 copied.
26/03/02 03:37:49 INFO mapred.Task: Task attempt_local469083816_0010_r_000003_0 is allowed to commit now
26/03/02 03:37:49 INFO output.FileOutputCommitter: Saved output of task 'attempt_local469083816_0010_r_000003_0' to hdfs://localhost:9000/project2/task2/runs_report_plus/scale100k_opt/iter_10/_temporary/0/task_local469083816_0010_r_000003
26/03/02 03:37:49 INFO mapred.LocalJobRunner: reduce > reduce
26/03/02 03:37:49 INFO mapred.Task: Task 'attempt_local469083816_0010_r_000003_0' done.
26/03/02 03:37:49 INFO mapred.Task: Final Counters for attempt_local469083816_0010_r_000003_0: Counters: 29
	File System Counters
		FILE: Number of bytes read=1459200
		FILE: Number of bytes written=4415832
		FILE: Number of read operations=0
		FILE: Number of large read operations=0
		FILE: Number of write operations=0
		HDFS: Number of bytes read=73397574
		HDFS: Number of bytes written=8870
		HDFS: Number of read operations=537
		HDFS: Number of large read operations=0
		HDFS: Number of write operations=176
	Map-Reduce Framework
		Combine input records=0
		Combine output records=0
		Reduce input groups=1
		Reduce shuffle bytes=60
		Reduce input records=1
		Reduce output records=1
		Spilled Records=1
		Shuffled Maps =1
		Failed Shuffles=0
		Merged Map outputs=1
		GC time elapsed (ms)=0
		Total committed heap usage (bytes)=507510784
	Shuffle Errors
		BAD_ID=0
		CONNECTION=0
		IO_ERROR=0
		WRONG_LENGTH=0
		WRONG_MAP=0
		WRONG_REDUCE=0
	File Output Format Counters 
		Bytes Written=101
26/03/02 03:37:49 INFO mapred.LocalJobRunner: Finishing task: attempt_local469083816_0010_r_000003_0
26/03/02 03:37:49 INFO mapred.LocalJobRunner: reduce task executor complete.
26/03/02 03:37:50 INFO mapreduce.Job: Job job_local469083816_0010 running in uber mode : false
26/03/02 03:37:50 INFO mapreduce.Job:  map 100% reduce 100%
26/03/02 03:37:50 INFO mapreduce.Job: Job job_local469083816_0010 completed successfully
26/03/02 03:37:50 INFO mapreduce.Job: Counters: 35
	File System Counters
		FILE: Number of bytes read=7293052
		FILE: Number of bytes written=22078506
		FILE: Number of read operations=0
		FILE: Number of large read operations=0
		FILE: Number of write operations=0
		HDFS: Number of bytes read=366987870
		HDFS: Number of bytes written=43225
		HDFS: Number of read operations=2655
		HDFS: Number of large read operations=0
		HDFS: Number of write operations=860
	Map-Reduce Framework
		Map input records=100000
		Map output records=100000
		Map output bytes=5200000
		Map output materialized bytes=294
		Input split bytes=123
		Combine input records=100000
		Combine output records=5
		Reduce input groups=5
		Reduce shuffle bytes=294
		Reduce input records=5
		Reduce output records=5
		Spilled Records=10
		Shuffled Maps =4
		Failed Shuffles=0
		Merged Map outputs=4
		GC time elapsed (ms)=23
		Total committed heap usage (bytes)=2537553920
	Shuffle Errors
		BAD_ID=0
		CONNECTION=0
		IO_ERROR=0
		WRONG_LENGTH=0
		WRONG_MAP=0
		WRONG_REDUCE=0
	File Input Format Counters 
		Bytes Read=7337711
	File Output Format Counters 
		Bytes Written=513
26/03/02 03:37:50 INFO jvm.JvmMetrics: Cannot initialize JVM Metrics with processName=JobTracker, sessionId= - already initialized
26/03/02 03:37:50 WARN mapreduce.JobResourceUploader: Hadoop command-line option parsing not performed. Implement the Tool interface and execute your application with ToolRunner to remedy this.
26/03/02 03:37:50 INFO input.FileInputFormat: Total input paths to process : 1
26/03/02 03:37:50 INFO mapreduce.JobSubmitter: number of splits:1
26/03/02 03:37:50 INFO mapreduce.JobSubmitter: Submitting tokens for job: job_local1103576502_0011
26/03/02 03:37:50 INFO mapred.LocalDistributedCacheManager: Creating symlink: /tmp/hadoop-ds503/mapred/local/1772422670739/centers_iter_10.csv <- /home/ds503/centers_iter_10.csv
26/03/02 03:37:50 INFO mapred.LocalDistributedCacheManager: Localized hdfs://localhost:9000/project2/task2/runs_report_plus/scale100k_opt/centers_iter_10.csv as file:/tmp/hadoop-ds503/mapred/local/1772422670739/centers_iter_10.csv
26/03/02 03:37:50 INFO mapreduce.Job: The url to track the job: http://localhost:8080/
26/03/02 03:37:50 INFO mapreduce.Job: Running job: job_local1103576502_0011
26/03/02 03:37:50 INFO mapred.LocalJobRunner: OutputCommitter set in config null
26/03/02 03:37:50 INFO output.FileOutputCommitter: File Output Committer Algorithm version is 1
26/03/02 03:37:50 INFO mapred.LocalJobRunner: OutputCommitter is org.apache.hadoop.mapreduce.lib.output.FileOutputCommitter
26/03/02 03:37:50 INFO mapred.LocalJobRunner: Waiting for map tasks
26/03/02 03:37:50 INFO mapred.LocalJobRunner: Starting task: attempt_local1103576502_0011_m_000000_0
26/03/02 03:37:50 INFO output.FileOutputCommitter: File Output Committer Algorithm version is 1
26/03/02 03:37:50 INFO mapred.Task:  Using ResourceCalculatorProcessTree : [ ]
26/03/02 03:37:50 INFO mapred.MapTask: Processing split: hdfs://localhost:9000/project2/task2/input/points_100k.csv:0+7337711
26/03/02 03:37:50 INFO mapred.MapTask: (EQUATOR) 0 kvi 26214396(104857584)
26/03/02 03:37:50 INFO mapred.MapTask: mapreduce.task.io.sort.mb: 100
26/03/02 03:37:50 INFO mapred.MapTask: soft limit at 83886080
26/03/02 03:37:50 INFO mapred.MapTask: bufstart = 0; bufvoid = 104857600
26/03/02 03:37:50 INFO mapred.MapTask: kvstart = 26214396; length = 6553600
26/03/02 03:37:50 INFO mapred.MapTask: Map output collector class = org.apache.hadoop.mapred.MapTask$MapOutputBuffer
26/03/02 03:37:50 INFO mapred.LocalJobRunner: 
26/03/02 03:37:50 INFO mapred.MapTask: Starting flush of map output
26/03/02 03:37:50 INFO mapred.MapTask: Spilling map output
26/03/02 03:37:50 INFO mapred.MapTask: bufstart = 0; bufend = 5200000; bufvoid = 104857600
26/03/02 03:37:50 INFO mapred.MapTask: kvstart = 26214396(104857584); kvend = 25814400(103257600); length = 399997/6553600
26/03/02 03:37:50 INFO mapred.MapTask: Finished spill 0
26/03/02 03:37:50 INFO mapred.Task: Task:attempt_local1103576502_0011_m_000000_0 is done. And is in the process of committing
26/03/02 03:37:50 INFO mapred.LocalJobRunner: map
26/03/02 03:37:50 INFO mapred.Task: Task 'attempt_local1103576502_0011_m_000000_0' done.
26/03/02 03:37:50 INFO mapred.Task: Final Counters for attempt_local1103576502_0011_m_000000_0: Counters: 23
	File System Counters
		FILE: Number of bytes read=1603756
		FILE: Number of bytes written=4857920
		FILE: Number of read operations=0
		FILE: Number of large read operations=0
		FILE: Number of write operations=0
		HDFS: Number of bytes read=80737440
		HDFS: Number of bytes written=9246
		HDFS: Number of read operations=581
		HDFS: Number of large read operations=0
		HDFS: Number of write operations=186
	Map-Reduce Framework
		Map input records=100000
		Map output records=100000
		Map output bytes=5200000
		Map output materialized bytes=294
		Input split bytes=123
		Combine input records=100000
		Combine output records=5
		Spilled Records=5
		Failed Shuffles=0
		Merged Map outputs=0
		GC time elapsed (ms)=22
		Total committed heap usage (bytes)=509607936
	File Input Format Counters 
		Bytes Read=7337711
26/03/02 03:37:50 INFO mapred.LocalJobRunner: Finishing task: attempt_local1103576502_0011_m_000000_0
26/03/02 03:37:50 INFO mapred.LocalJobRunner: map task executor complete.
26/03/02 03:37:50 INFO mapred.LocalJobRunner: Waiting for reduce tasks
26/03/02 03:37:50 INFO mapred.LocalJobRunner: Starting task: attempt_local1103576502_0011_r_000000_0
26/03/02 03:37:50 INFO output.FileOutputCommitter: File Output Committer Algorithm version is 1
26/03/02 03:37:50 INFO mapred.Task:  Using ResourceCalculatorProcessTree : [ ]
26/03/02 03:37:50 INFO mapred.ReduceTask: Using ShuffleConsumerPlugin: org.apache.hadoop.mapreduce.task.reduce.Shuffle@27e049d4
26/03/02 03:37:50 INFO reduce.MergeManagerImpl: MergerManager: memoryLimit=356725536, maxSingleShuffleLimit=89181384, mergeThreshold=235438864, ioSortFactor=10, memToMemMergeOutputsThreshold=10
26/03/02 03:37:50 INFO reduce.EventFetcher: attempt_local1103576502_0011_r_000000_0 Thread started: EventFetcher for fetching Map Completion Events
26/03/02 03:37:50 INFO reduce.LocalFetcher: localfetcher#41 about to shuffle output of map attempt_local1103576502_0011_m_000000_0 decomp: 110 len: 114 to MEMORY
26/03/02 03:37:50 INFO reduce.InMemoryMapOutput: Read 110 bytes from map-output for attempt_local1103576502_0011_m_000000_0
26/03/02 03:37:50 INFO reduce.MergeManagerImpl: closeInMemoryFile -> map-output of size: 110, inMemoryMapOutputs.size() -> 1, commitMemory -> 0, usedMemory ->110
26/03/02 03:37:50 INFO reduce.EventFetcher: EventFetcher is interrupted.. Returning
26/03/02 03:37:50 INFO mapred.LocalJobRunner: 1 / 1 copied.
26/03/02 03:37:50 INFO reduce.MergeManagerImpl: finalMerge called with 1 in-memory map-outputs and 0 on-disk map-outputs
26/03/02 03:37:50 INFO mapred.Merger: Merging 1 sorted segments
26/03/02 03:37:50 INFO mapred.Merger: Down to the last merge-pass, with 1 segments left of total size: 104 bytes
26/03/02 03:37:50 INFO reduce.MergeManagerImpl: Merged 1 segments, 110 bytes to disk to satisfy reduce memory limit
26/03/02 03:37:50 INFO reduce.MergeManagerImpl: Merging 1 files, 114 bytes from disk
26/03/02 03:37:50 INFO reduce.MergeManagerImpl: Merging 0 segments, 0 bytes from memory into reduce
26/03/02 03:37:50 INFO mapred.Merger: Merging 1 sorted segments
26/03/02 03:37:50 INFO mapred.Merger: Down to the last merge-pass, with 1 segments left of total size: 104 bytes
26/03/02 03:37:50 INFO mapred.LocalJobRunner: 1 / 1 copied.
26/03/02 03:37:50 INFO mapred.Task: Task:attempt_local1103576502_0011_r_000000_0 is done. And is in the process of committing
26/03/02 03:37:50 INFO mapred.LocalJobRunner: 1 / 1 copied.
26/03/02 03:37:50 INFO mapred.Task: Task attempt_local1103576502_0011_r_000000_0 is allowed to commit now
26/03/02 03:37:50 INFO output.FileOutputCommitter: Saved output of task 'attempt_local1103576502_0011_r_000000_0' to hdfs://localhost:9000/project2/task2/runs_report_plus/scale100k_opt/iter_11/_temporary/0/task_local1103576502_0011_r_000000
26/03/02 03:37:50 INFO mapred.LocalJobRunner: reduce > reduce
26/03/02 03:37:50 INFO mapred.Task: Task 'attempt_local1103576502_0011_r_000000_0' done.
26/03/02 03:37:50 INFO mapred.Task: Final Counters for attempt_local1103576502_0011_r_000000_0: Counters: 29
	File System Counters
		FILE: Number of bytes read=1604268
		FILE: Number of bytes written=4858034
		FILE: Number of read operations=0
		FILE: Number of large read operations=0
		FILE: Number of write operations=0
		HDFS: Number of bytes read=80737440
		HDFS: Number of bytes written=9456
		HDFS: Number of read operations=584
		HDFS: Number of large read operations=0
		HDFS: Number of write operations=188
	Map-Reduce Framework
		Combine input records=0
		Combine output records=0
		Reduce input groups=2
		Reduce shuffle bytes=114
		Reduce input records=2
		Reduce output records=2
		Spilled Records=2
		Shuffled Maps =1
		Failed Shuffles=0
		Merged Map outputs=1
		GC time elapsed (ms)=0
		Total committed heap usage (bytes)=509607936
	Shuffle Errors
		BAD_ID=0
		CONNECTION=0
		IO_ERROR=0
		WRONG_LENGTH=0
		WRONG_MAP=0
		WRONG_REDUCE=0
	File Output Format Counters 
		Bytes Written=210
26/03/02 03:37:50 INFO mapred.LocalJobRunner: Finishing task: attempt_local1103576502_0011_r_000000_0
26/03/02 03:37:50 INFO mapred.LocalJobRunner: Starting task: attempt_local1103576502_0011_r_000001_0
26/03/02 03:37:50 INFO output.FileOutputCommitter: File Output Committer Algorithm version is 1
26/03/02 03:37:50 INFO mapred.Task:  Using ResourceCalculatorProcessTree : [ ]
26/03/02 03:37:50 INFO mapred.ReduceTask: Using ShuffleConsumerPlugin: org.apache.hadoop.mapreduce.task.reduce.Shuffle@4d91e35d
26/03/02 03:37:50 INFO reduce.MergeManagerImpl: MergerManager: memoryLimit=356725536, maxSingleShuffleLimit=89181384, mergeThreshold=235438864, ioSortFactor=10, memToMemMergeOutputsThreshold=10
26/03/02 03:37:50 INFO reduce.EventFetcher: attempt_local1103576502_0011_r_000001_0 Thread started: EventFetcher for fetching Map Completion Events
26/03/02 03:37:50 INFO reduce.LocalFetcher: localfetcher#42 about to shuffle output of map attempt_local1103576502_0011_m_000000_0 decomp: 56 len: 60 to MEMORY
26/03/02 03:37:50 INFO reduce.InMemoryMapOutput: Read 56 bytes from map-output for attempt_local1103576502_0011_m_000000_0
26/03/02 03:37:50 INFO reduce.MergeManagerImpl: closeInMemoryFile -> map-output of size: 56, inMemoryMapOutputs.size() -> 1, commitMemory -> 0, usedMemory ->56
26/03/02 03:37:50 INFO reduce.EventFetcher: EventFetcher is interrupted.. Returning
26/03/02 03:37:50 INFO mapred.LocalJobRunner: 1 / 1 copied.
26/03/02 03:37:50 INFO reduce.MergeManagerImpl: finalMerge called with 1 in-memory map-outputs and 0 on-disk map-outputs
26/03/02 03:37:50 INFO mapred.Merger: Merging 1 sorted segments
26/03/02 03:37:50 INFO mapred.Merger: Down to the last merge-pass, with 1 segments left of total size: 50 bytes
26/03/02 03:37:50 INFO reduce.MergeManagerImpl: Merged 1 segments, 56 bytes to disk to satisfy reduce memory limit
26/03/02 03:37:50 INFO reduce.MergeManagerImpl: Merging 1 files, 60 bytes from disk
26/03/02 03:37:50 INFO reduce.MergeManagerImpl: Merging 0 segments, 0 bytes from memory into reduce
26/03/02 03:37:50 INFO mapred.Merger: Merging 1 sorted segments
26/03/02 03:37:50 INFO mapred.Merger: Down to the last merge-pass, with 1 segments left of total size: 50 bytes
26/03/02 03:37:50 INFO mapred.LocalJobRunner: 1 / 1 copied.
26/03/02 03:37:50 INFO mapred.Task: Task:attempt_local1103576502_0011_r_000001_0 is done. And is in the process of committing
26/03/02 03:37:50 INFO mapred.LocalJobRunner: 1 / 1 copied.
26/03/02 03:37:50 INFO mapred.Task: Task attempt_local1103576502_0011_r_000001_0 is allowed to commit now
26/03/02 03:37:50 INFO output.FileOutputCommitter: Saved output of task 'attempt_local1103576502_0011_r_000001_0' to hdfs://localhost:9000/project2/task2/runs_report_plus/scale100k_opt/iter_11/_temporary/0/task_local1103576502_0011_r_000001
26/03/02 03:37:50 INFO mapred.LocalJobRunner: reduce > reduce
26/03/02 03:37:50 INFO mapred.Task: Task 'attempt_local1103576502_0011_r_000001_0' done.
26/03/02 03:37:50 INFO mapred.Task: Final Counters for attempt_local1103576502_0011_r_000001_0: Counters: 29
	File System Counters
		FILE: Number of bytes read=1604612
		FILE: Number of bytes written=4858094
		FILE: Number of read operations=0
		FILE: Number of large read operations=0
		FILE: Number of write operations=0
		HDFS: Number of bytes read=80737440
		HDFS: Number of bytes written=9557
		HDFS: Number of read operations=587
		HDFS: Number of large read operations=0
		HDFS: Number of write operations=190
	Map-Reduce Framework
		Combine input records=0
		Combine output records=0
		Reduce input groups=1
		Reduce shuffle bytes=60
		Reduce input records=1
		Reduce output records=1
		Spilled Records=1
		Shuffled Maps =1
		Failed Shuffles=0
		Merged Map outputs=1
		GC time elapsed (ms)=0
		Total committed heap usage (bytes)=509607936
	Shuffle Errors
		BAD_ID=0
		CONNECTION=0
		IO_ERROR=0
		WRONG_LENGTH=0
		WRONG_MAP=0
		WRONG_REDUCE=0
	File Output Format Counters 
		Bytes Written=101
26/03/02 03:37:50 INFO mapred.LocalJobRunner: Finishing task: attempt_local1103576502_0011_r_000001_0
26/03/02 03:37:50 INFO mapred.LocalJobRunner: Starting task: attempt_local1103576502_0011_r_000002_0
26/03/02 03:37:50 INFO output.FileOutputCommitter: File Output Committer Algorithm version is 1
26/03/02 03:37:50 INFO mapred.Task:  Using ResourceCalculatorProcessTree : [ ]
26/03/02 03:37:50 INFO mapred.ReduceTask: Using ShuffleConsumerPlugin: org.apache.hadoop.mapreduce.task.reduce.Shuffle@35d93055
26/03/02 03:37:50 INFO reduce.MergeManagerImpl: MergerManager: memoryLimit=356725536, maxSingleShuffleLimit=89181384, mergeThreshold=235438864, ioSortFactor=10, memToMemMergeOutputsThreshold=10
26/03/02 03:37:50 INFO reduce.EventFetcher: attempt_local1103576502_0011_r_000002_0 Thread started: EventFetcher for fetching Map Completion Events
26/03/02 03:37:50 INFO reduce.LocalFetcher: localfetcher#43 about to shuffle output of map attempt_local1103576502_0011_m_000000_0 decomp: 56 len: 60 to MEMORY
26/03/02 03:37:50 INFO reduce.InMemoryMapOutput: Read 56 bytes from map-output for attempt_local1103576502_0011_m_000000_0
26/03/02 03:37:50 INFO reduce.MergeManagerImpl: closeInMemoryFile -> map-output of size: 56, inMemoryMapOutputs.size() -> 1, commitMemory -> 0, usedMemory ->56
26/03/02 03:37:50 INFO reduce.EventFetcher: EventFetcher is interrupted.. Returning
26/03/02 03:37:50 INFO mapred.LocalJobRunner: 1 / 1 copied.
26/03/02 03:37:50 INFO reduce.MergeManagerImpl: finalMerge called with 1 in-memory map-outputs and 0 on-disk map-outputs
26/03/02 03:37:50 INFO mapred.Merger: Merging 1 sorted segments
26/03/02 03:37:50 INFO mapred.Merger: Down to the last merge-pass, with 1 segments left of total size: 50 bytes
26/03/02 03:37:50 INFO reduce.MergeManagerImpl: Merged 1 segments, 56 bytes to disk to satisfy reduce memory limit
26/03/02 03:37:50 INFO reduce.MergeManagerImpl: Merging 1 files, 60 bytes from disk
26/03/02 03:37:50 INFO reduce.MergeManagerImpl: Merging 0 segments, 0 bytes from memory into reduce
26/03/02 03:37:50 INFO mapred.Merger: Merging 1 sorted segments
26/03/02 03:37:50 INFO mapred.Merger: Down to the last merge-pass, with 1 segments left of total size: 50 bytes
26/03/02 03:37:50 INFO mapred.LocalJobRunner: 1 / 1 copied.
26/03/02 03:37:50 INFO mapred.Task: Task:attempt_local1103576502_0011_r_000002_0 is done. And is in the process of committing
26/03/02 03:37:50 INFO mapred.LocalJobRunner: 1 / 1 copied.
26/03/02 03:37:50 INFO mapred.Task: Task attempt_local1103576502_0011_r_000002_0 is allowed to commit now
26/03/02 03:37:51 INFO output.FileOutputCommitter: Saved output of task 'attempt_local1103576502_0011_r_000002_0' to hdfs://localhost:9000/project2/task2/runs_report_plus/scale100k_opt/iter_11/_temporary/0/task_local1103576502_0011_r_000002
26/03/02 03:37:51 INFO mapred.LocalJobRunner: reduce > reduce
26/03/02 03:37:51 INFO mapred.Task: Task 'attempt_local1103576502_0011_r_000002_0' done.
26/03/02 03:37:51 INFO mapred.Task: Final Counters for attempt_local1103576502_0011_r_000002_0: Counters: 29
	File System Counters
		FILE: Number of bytes read=1604896
		FILE: Number of bytes written=4858154
		FILE: Number of read operations=0
		FILE: Number of large read operations=0
		FILE: Number of write operations=0
		HDFS: Number of bytes read=80737440
		HDFS: Number of bytes written=9661
		HDFS: Number of read operations=590
		HDFS: Number of large read operations=0
		HDFS: Number of write operations=192
	Map-Reduce Framework
		Combine input records=0
		Combine output records=0
		Reduce input groups=1
		Reduce shuffle bytes=60
		Reduce input records=1
		Reduce output records=1
		Spilled Records=1
		Shuffled Maps =1
		Failed Shuffles=0
		Merged Map outputs=1
		GC time elapsed (ms)=0
		Total committed heap usage (bytes)=509607936
	Shuffle Errors
		BAD_ID=0
		CONNECTION=0
		IO_ERROR=0
		WRONG_LENGTH=0
		WRONG_MAP=0
		WRONG_REDUCE=0
	File Output Format Counters 
		Bytes Written=104
26/03/02 03:37:51 INFO mapred.LocalJobRunner: Finishing task: attempt_local1103576502_0011_r_000002_0
26/03/02 03:37:51 INFO mapred.LocalJobRunner: Starting task: attempt_local1103576502_0011_r_000003_0
26/03/02 03:37:51 INFO output.FileOutputCommitter: File Output Committer Algorithm version is 1
26/03/02 03:37:51 INFO mapred.Task:  Using ResourceCalculatorProcessTree : [ ]
26/03/02 03:37:51 INFO mapred.ReduceTask: Using ShuffleConsumerPlugin: org.apache.hadoop.mapreduce.task.reduce.Shuffle@4afcc77c
26/03/02 03:37:51 INFO reduce.MergeManagerImpl: MergerManager: memoryLimit=356725536, maxSingleShuffleLimit=89181384, mergeThreshold=235438864, ioSortFactor=10, memToMemMergeOutputsThreshold=10
26/03/02 03:37:51 INFO reduce.EventFetcher: attempt_local1103576502_0011_r_000003_0 Thread started: EventFetcher for fetching Map Completion Events
26/03/02 03:37:51 INFO reduce.LocalFetcher: localfetcher#44 about to shuffle output of map attempt_local1103576502_0011_m_000000_0 decomp: 56 len: 60 to MEMORY
26/03/02 03:37:51 INFO reduce.InMemoryMapOutput: Read 56 bytes from map-output for attempt_local1103576502_0011_m_000000_0
26/03/02 03:37:51 INFO reduce.MergeManagerImpl: closeInMemoryFile -> map-output of size: 56, inMemoryMapOutputs.size() -> 1, commitMemory -> 0, usedMemory ->56
26/03/02 03:37:51 INFO reduce.EventFetcher: EventFetcher is interrupted.. Returning
26/03/02 03:37:51 INFO mapred.LocalJobRunner: 1 / 1 copied.
26/03/02 03:37:51 INFO reduce.MergeManagerImpl: finalMerge called with 1 in-memory map-outputs and 0 on-disk map-outputs
26/03/02 03:37:51 INFO mapred.Merger: Merging 1 sorted segments
26/03/02 03:37:51 INFO mapred.Merger: Down to the last merge-pass, with 1 segments left of total size: 50 bytes
26/03/02 03:37:51 INFO reduce.MergeManagerImpl: Merged 1 segments, 56 bytes to disk to satisfy reduce memory limit
26/03/02 03:37:51 INFO reduce.MergeManagerImpl: Merging 1 files, 60 bytes from disk
26/03/02 03:37:51 INFO reduce.MergeManagerImpl: Merging 0 segments, 0 bytes from memory into reduce
26/03/02 03:37:51 INFO mapred.Merger: Merging 1 sorted segments
26/03/02 03:37:51 INFO mapred.Merger: Down to the last merge-pass, with 1 segments left of total size: 50 bytes
26/03/02 03:37:51 INFO mapred.LocalJobRunner: 1 / 1 copied.
26/03/02 03:37:51 INFO mapred.Task: Task:attempt_local1103576502_0011_r_000003_0 is done. And is in the process of committing
26/03/02 03:37:51 INFO mapred.LocalJobRunner: 1 / 1 copied.
26/03/02 03:37:51 INFO mapred.Task: Task attempt_local1103576502_0011_r_000003_0 is allowed to commit now
26/03/02 03:37:51 INFO output.FileOutputCommitter: Saved output of task 'attempt_local1103576502_0011_r_000003_0' to hdfs://localhost:9000/project2/task2/runs_report_plus/scale100k_opt/iter_11/_temporary/0/task_local1103576502_0011_r_000003
26/03/02 03:37:51 INFO mapred.LocalJobRunner: reduce > reduce
26/03/02 03:37:51 INFO mapred.Task: Task 'attempt_local1103576502_0011_r_000003_0' done.
26/03/02 03:37:51 INFO mapred.Task: Final Counters for attempt_local1103576502_0011_r_000003_0: Counters: 29
	File System Counters
		FILE: Number of bytes read=1605120
		FILE: Number of bytes written=4858214
		FILE: Number of read operations=0
		FILE: Number of large read operations=0
		FILE: Number of write operations=0
		HDFS: Number of bytes read=80737440
		HDFS: Number of bytes written=9766
		HDFS: Number of read operations=593
		HDFS: Number of large read operations=0
		HDFS: Number of write operations=194
	Map-Reduce Framework
		Combine input records=0
		Combine output records=0
		Reduce input groups=1
		Reduce shuffle bytes=60
		Reduce input records=1
		Reduce output records=1
		Spilled Records=1
		Shuffled Maps =1
		Failed Shuffles=0
		Merged Map outputs=1
		GC time elapsed (ms)=0
		Total committed heap usage (bytes)=509607936
	Shuffle Errors
		BAD_ID=0
		CONNECTION=0
		IO_ERROR=0
		WRONG_LENGTH=0
		WRONG_MAP=0
		WRONG_REDUCE=0
	File Output Format Counters 
		Bytes Written=105
26/03/02 03:37:51 INFO mapred.LocalJobRunner: Finishing task: attempt_local1103576502_0011_r_000003_0
26/03/02 03:37:51 INFO mapred.LocalJobRunner: reduce task executor complete.
26/03/02 03:37:51 INFO mapreduce.Job: Job job_local1103576502_0011 running in uber mode : false
26/03/02 03:37:51 INFO mapreduce.Job:  map 100% reduce 100%
26/03/02 03:37:51 INFO mapreduce.Job: Job job_local1103576502_0011 completed successfully
26/03/02 03:37:51 INFO mapreduce.Job: Counters: 35
	File System Counters
		FILE: Number of bytes read=8022652
		FILE: Number of bytes written=24290416
		FILE: Number of read operations=0
		FILE: Number of large read operations=0
		FILE: Number of write operations=0
		HDFS: Number of bytes read=403687200
		HDFS: Number of bytes written=47686
		HDFS: Number of read operations=2935
		HDFS: Number of large read operations=0
		HDFS: Number of write operations=950
	Map-Reduce Framework
		Map input records=100000
		Map output records=100000
		Map output bytes=5200000
		Map output materialized bytes=294
		Input split bytes=123
		Combine input records=100000
		Combine output records=5
		Reduce input groups=5
		Reduce shuffle bytes=294
		Reduce input records=5
		Reduce output records=5
		Spilled Records=10
		Shuffled Maps =4
		Failed Shuffles=0
		Merged Map outputs=4
		GC time elapsed (ms)=22
		Total committed heap usage (bytes)=2548039680
	Shuffle Errors
		BAD_ID=0
		CONNECTION=0
		IO_ERROR=0
		WRONG_LENGTH=0
		WRONG_MAP=0
		WRONG_REDUCE=0
	File Input Format Counters 
		Bytes Read=7337711
	File Output Format Counters 
		Bytes Written=520
26/03/02 03:37:51 INFO jvm.JvmMetrics: Cannot initialize JVM Metrics with processName=JobTracker, sessionId= - already initialized
26/03/02 03:37:51 WARN mapreduce.JobResourceUploader: Hadoop command-line option parsing not performed. Implement the Tool interface and execute your application with ToolRunner to remedy this.
26/03/02 03:37:51 INFO input.FileInputFormat: Total input paths to process : 1
26/03/02 03:37:51 INFO mapreduce.JobSubmitter: number of splits:1
26/03/02 03:37:51 INFO mapreduce.JobSubmitter: Submitting tokens for job: job_local888050459_0012
26/03/02 03:37:51 INFO mapred.LocalDistributedCacheManager: Creating symlink: /tmp/hadoop-ds503/mapred/local/1772422671821/centers_iter_11.csv <- /home/ds503/centers_iter_11.csv
26/03/02 03:37:51 INFO mapred.LocalDistributedCacheManager: Localized hdfs://localhost:9000/project2/task2/runs_report_plus/scale100k_opt/centers_iter_11.csv as file:/tmp/hadoop-ds503/mapred/local/1772422671821/centers_iter_11.csv
26/03/02 03:37:51 INFO mapreduce.Job: The url to track the job: http://localhost:8080/
26/03/02 03:37:51 INFO mapreduce.Job: Running job: job_local888050459_0012
26/03/02 03:37:51 INFO mapred.LocalJobRunner: OutputCommitter set in config null
26/03/02 03:37:51 INFO output.FileOutputCommitter: File Output Committer Algorithm version is 1
26/03/02 03:37:51 INFO mapred.LocalJobRunner: OutputCommitter is org.apache.hadoop.mapreduce.lib.output.FileOutputCommitter
26/03/02 03:37:51 INFO mapred.LocalJobRunner: Waiting for map tasks
26/03/02 03:37:51 INFO mapred.LocalJobRunner: Starting task: attempt_local888050459_0012_m_000000_0
26/03/02 03:37:51 INFO output.FileOutputCommitter: File Output Committer Algorithm version is 1
26/03/02 03:37:51 INFO mapred.Task:  Using ResourceCalculatorProcessTree : [ ]
26/03/02 03:37:51 INFO mapred.MapTask: Processing split: hdfs://localhost:9000/project2/task2/input/points_100k.csv:0+7337711
26/03/02 03:37:51 INFO mapred.MapTask: (EQUATOR) 0 kvi 26214396(104857584)
26/03/02 03:37:51 INFO mapred.MapTask: mapreduce.task.io.sort.mb: 100
26/03/02 03:37:51 INFO mapred.MapTask: soft limit at 83886080
26/03/02 03:37:51 INFO mapred.MapTask: bufstart = 0; bufvoid = 104857600
26/03/02 03:37:51 INFO mapred.MapTask: kvstart = 26214396; length = 6553600
26/03/02 03:37:51 INFO mapred.MapTask: Map output collector class = org.apache.hadoop.mapred.MapTask$MapOutputBuffer
26/03/02 03:37:52 INFO mapred.LocalJobRunner: 
26/03/02 03:37:52 INFO mapred.MapTask: Starting flush of map output
26/03/02 03:37:52 INFO mapred.MapTask: Spilling map output
26/03/02 03:37:52 INFO mapred.MapTask: bufstart = 0; bufend = 5200000; bufvoid = 104857600
26/03/02 03:37:52 INFO mapred.MapTask: kvstart = 26214396(104857584); kvend = 25814400(103257600); length = 399997/6553600
26/03/02 03:37:52 INFO mapred.MapTask: Finished spill 0
26/03/02 03:37:52 INFO mapred.Task: Task:attempt_local888050459_0012_m_000000_0 is done. And is in the process of committing
26/03/02 03:37:52 INFO mapred.LocalJobRunner: map
26/03/02 03:37:52 INFO mapred.Task: Task 'attempt_local888050459_0012_m_000000_0' done.
26/03/02 03:37:52 INFO mapred.Task: Final Counters for attempt_local888050459_0012_m_000000_0: Counters: 23
	File System Counters
		FILE: Number of bytes read=1749676
		FILE: Number of bytes written=5298720
		FILE: Number of read operations=0
		FILE: Number of large read operations=0
		FILE: Number of write operations=0
		HDFS: Number of bytes read=88077331
		HDFS: Number of bytes written=10148
		HDFS: Number of read operations=637
		HDFS: Number of large read operations=0
		HDFS: Number of write operations=204
	Map-Reduce Framework
		Map input records=100000
		Map output records=100000
		Map output bytes=5200000
		Map output materialized bytes=294
		Input split bytes=123
		Combine input records=100000
		Combine output records=5
		Spilled Records=5
		Failed Shuffles=0
		Merged Map outputs=0
		GC time elapsed (ms)=22
		Total committed heap usage (bytes)=513802240
	File Input Format Counters 
		Bytes Read=7337711
26/03/02 03:37:52 INFO mapred.LocalJobRunner: Finishing task: attempt_local888050459_0012_m_000000_0
26/03/02 03:37:52 INFO mapred.LocalJobRunner: map task executor complete.
26/03/02 03:37:52 INFO mapred.LocalJobRunner: Waiting for reduce tasks
26/03/02 03:37:52 INFO mapred.LocalJobRunner: Starting task: attempt_local888050459_0012_r_000000_0
26/03/02 03:37:52 INFO output.FileOutputCommitter: File Output Committer Algorithm version is 1
26/03/02 03:37:52 INFO mapred.Task:  Using ResourceCalculatorProcessTree : [ ]
26/03/02 03:37:52 INFO mapred.ReduceTask: Using ShuffleConsumerPlugin: org.apache.hadoop.mapreduce.task.reduce.Shuffle@4d8196bf
26/03/02 03:37:52 INFO reduce.MergeManagerImpl: MergerManager: memoryLimit=359661568, maxSingleShuffleLimit=89915392, mergeThreshold=237376640, ioSortFactor=10, memToMemMergeOutputsThreshold=10
26/03/02 03:37:52 INFO reduce.EventFetcher: attempt_local888050459_0012_r_000000_0 Thread started: EventFetcher for fetching Map Completion Events
26/03/02 03:37:52 INFO reduce.LocalFetcher: localfetcher#45 about to shuffle output of map attempt_local888050459_0012_m_000000_0 decomp: 110 len: 114 to MEMORY
26/03/02 03:37:52 INFO reduce.InMemoryMapOutput: Read 110 bytes from map-output for attempt_local888050459_0012_m_000000_0
26/03/02 03:37:52 INFO reduce.MergeManagerImpl: closeInMemoryFile -> map-output of size: 110, inMemoryMapOutputs.size() -> 1, commitMemory -> 0, usedMemory ->110
26/03/02 03:37:52 INFO reduce.EventFetcher: EventFetcher is interrupted.. Returning
26/03/02 03:37:52 INFO mapred.LocalJobRunner: 1 / 1 copied.
26/03/02 03:37:52 INFO reduce.MergeManagerImpl: finalMerge called with 1 in-memory map-outputs and 0 on-disk map-outputs
26/03/02 03:37:52 INFO mapred.Merger: Merging 1 sorted segments
26/03/02 03:37:52 INFO mapred.Merger: Down to the last merge-pass, with 1 segments left of total size: 104 bytes
26/03/02 03:37:52 INFO reduce.MergeManagerImpl: Merged 1 segments, 110 bytes to disk to satisfy reduce memory limit
26/03/02 03:37:52 INFO reduce.MergeManagerImpl: Merging 1 files, 114 bytes from disk
26/03/02 03:37:52 INFO reduce.MergeManagerImpl: Merging 0 segments, 0 bytes from memory into reduce
26/03/02 03:37:52 INFO mapred.Merger: Merging 1 sorted segments
26/03/02 03:37:52 INFO mapred.Merger: Down to the last merge-pass, with 1 segments left of total size: 104 bytes
26/03/02 03:37:52 INFO mapred.LocalJobRunner: 1 / 1 copied.
26/03/02 03:37:52 INFO mapred.Task: Task:attempt_local888050459_0012_r_000000_0 is done. And is in the process of committing
26/03/02 03:37:52 INFO mapred.LocalJobRunner: 1 / 1 copied.
26/03/02 03:37:52 INFO mapred.Task: Task attempt_local888050459_0012_r_000000_0 is allowed to commit now
26/03/02 03:37:52 INFO output.FileOutputCommitter: Saved output of task 'attempt_local888050459_0012_r_000000_0' to hdfs://localhost:9000/project2/task2/runs_report_plus/scale100k_opt/iter_12/_temporary/0/task_local888050459_0012_r_000000
26/03/02 03:37:52 INFO mapred.LocalJobRunner: reduce > reduce
26/03/02 03:37:52 INFO mapred.Task: Task 'attempt_local888050459_0012_r_000000_0' done.
26/03/02 03:37:52 INFO mapred.Task: Final Counters for attempt_local888050459_0012_r_000000_0: Counters: 29
	File System Counters
		FILE: Number of bytes read=1750188
		FILE: Number of bytes written=5298834
		FILE: Number of read operations=0
		FILE: Number of large read operations=0
		FILE: Number of write operations=0
		HDFS: Number of bytes read=88077331
		HDFS: Number of bytes written=10355
		HDFS: Number of read operations=640
		HDFS: Number of large read operations=0
		HDFS: Number of write operations=206
	Map-Reduce Framework
		Combine input records=0
		Combine output records=0
		Reduce input groups=2
		Reduce shuffle bytes=114
		Reduce input records=2
		Reduce output records=2
		Spilled Records=2
		Shuffled Maps =1
		Failed Shuffles=0
		Merged Map outputs=1
		GC time elapsed (ms)=0
		Total committed heap usage (bytes)=513802240
	Shuffle Errors
		BAD_ID=0
		CONNECTION=0
		IO_ERROR=0
		WRONG_LENGTH=0
		WRONG_MAP=0
		WRONG_REDUCE=0
	File Output Format Counters 
		Bytes Written=207
26/03/02 03:37:52 INFO mapred.LocalJobRunner: Finishing task: attempt_local888050459_0012_r_000000_0
26/03/02 03:37:52 INFO mapred.LocalJobRunner: Starting task: attempt_local888050459_0012_r_000001_0
26/03/02 03:37:52 INFO output.FileOutputCommitter: File Output Committer Algorithm version is 1
26/03/02 03:37:52 INFO mapred.Task:  Using ResourceCalculatorProcessTree : [ ]
26/03/02 03:37:52 INFO mapred.ReduceTask: Using ShuffleConsumerPlugin: org.apache.hadoop.mapreduce.task.reduce.Shuffle@430e21da
26/03/02 03:37:52 INFO reduce.MergeManagerImpl: MergerManager: memoryLimit=359661568, maxSingleShuffleLimit=89915392, mergeThreshold=237376640, ioSortFactor=10, memToMemMergeOutputsThreshold=10
26/03/02 03:37:52 INFO reduce.EventFetcher: attempt_local888050459_0012_r_000001_0 Thread started: EventFetcher for fetching Map Completion Events
26/03/02 03:37:52 INFO reduce.LocalFetcher: localfetcher#46 about to shuffle output of map attempt_local888050459_0012_m_000000_0 decomp: 56 len: 60 to MEMORY
26/03/02 03:37:52 INFO reduce.InMemoryMapOutput: Read 56 bytes from map-output for attempt_local888050459_0012_m_000000_0
26/03/02 03:37:52 INFO reduce.MergeManagerImpl: closeInMemoryFile -> map-output of size: 56, inMemoryMapOutputs.size() -> 1, commitMemory -> 0, usedMemory ->56
26/03/02 03:37:52 INFO reduce.EventFetcher: EventFetcher is interrupted.. Returning
26/03/02 03:37:52 INFO mapred.LocalJobRunner: 1 / 1 copied.
26/03/02 03:37:52 INFO reduce.MergeManagerImpl: finalMerge called with 1 in-memory map-outputs and 0 on-disk map-outputs
26/03/02 03:37:52 INFO mapred.Merger: Merging 1 sorted segments
26/03/02 03:37:52 INFO mapred.Merger: Down to the last merge-pass, with 1 segments left of total size: 50 bytes
26/03/02 03:37:52 INFO reduce.MergeManagerImpl: Merged 1 segments, 56 bytes to disk to satisfy reduce memory limit
26/03/02 03:37:52 INFO reduce.MergeManagerImpl: Merging 1 files, 60 bytes from disk
26/03/02 03:37:52 INFO reduce.MergeManagerImpl: Merging 0 segments, 0 bytes from memory into reduce
26/03/02 03:37:52 INFO mapred.Merger: Merging 1 sorted segments
26/03/02 03:37:52 INFO mapred.Merger: Down to the last merge-pass, with 1 segments left of total size: 50 bytes
26/03/02 03:37:52 INFO mapred.LocalJobRunner: 1 / 1 copied.
26/03/02 03:37:52 INFO mapred.Task: Task:attempt_local888050459_0012_r_000001_0 is done. And is in the process of committing
26/03/02 03:37:52 INFO mapred.LocalJobRunner: 1 / 1 copied.
26/03/02 03:37:52 INFO mapred.Task: Task attempt_local888050459_0012_r_000001_0 is allowed to commit now
26/03/02 03:37:52 INFO output.FileOutputCommitter: Saved output of task 'attempt_local888050459_0012_r_000001_0' to hdfs://localhost:9000/project2/task2/runs_report_plus/scale100k_opt/iter_12/_temporary/0/task_local888050459_0012_r_000001
26/03/02 03:37:52 INFO mapred.LocalJobRunner: reduce > reduce
26/03/02 03:37:52 INFO mapred.Task: Task 'attempt_local888050459_0012_r_000001_0' done.
26/03/02 03:37:52 INFO mapred.Task: Final Counters for attempt_local888050459_0012_r_000001_0: Counters: 29
	File System Counters
		FILE: Number of bytes read=1750532
		FILE: Number of bytes written=5298894
		FILE: Number of read operations=0
		FILE: Number of large read operations=0
		FILE: Number of write operations=0
		HDFS: Number of bytes read=88077331
		HDFS: Number of bytes written=10458
		HDFS: Number of read operations=643
		HDFS: Number of large read operations=0
		HDFS: Number of write operations=208
	Map-Reduce Framework
		Combine input records=0
		Combine output records=0
		Reduce input groups=1
		Reduce shuffle bytes=60
		Reduce input records=1
		Reduce output records=1
		Spilled Records=1
		Shuffled Maps =1
		Failed Shuffles=0
		Merged Map outputs=1
		GC time elapsed (ms)=0
		Total committed heap usage (bytes)=513802240
	Shuffle Errors
		BAD_ID=0
		CONNECTION=0
		IO_ERROR=0
		WRONG_LENGTH=0
		WRONG_MAP=0
		WRONG_REDUCE=0
	File Output Format Counters 
		Bytes Written=103
26/03/02 03:37:52 INFO mapred.LocalJobRunner: Finishing task: attempt_local888050459_0012_r_000001_0
26/03/02 03:37:52 INFO mapred.LocalJobRunner: Starting task: attempt_local888050459_0012_r_000002_0
26/03/02 03:37:52 INFO output.FileOutputCommitter: File Output Committer Algorithm version is 1
26/03/02 03:37:52 INFO mapred.Task:  Using ResourceCalculatorProcessTree : [ ]
26/03/02 03:37:52 INFO mapred.ReduceTask: Using ShuffleConsumerPlugin: org.apache.hadoop.mapreduce.task.reduce.Shuffle@3b2cf961
26/03/02 03:37:52 INFO reduce.MergeManagerImpl: MergerManager: memoryLimit=359661568, maxSingleShuffleLimit=89915392, mergeThreshold=237376640, ioSortFactor=10, memToMemMergeOutputsThreshold=10
26/03/02 03:37:52 INFO reduce.EventFetcher: attempt_local888050459_0012_r_000002_0 Thread started: EventFetcher for fetching Map Completion Events
26/03/02 03:37:52 INFO reduce.LocalFetcher: localfetcher#47 about to shuffle output of map attempt_local888050459_0012_m_000000_0 decomp: 56 len: 60 to MEMORY
26/03/02 03:37:52 INFO reduce.InMemoryMapOutput: Read 56 bytes from map-output for attempt_local888050459_0012_m_000000_0
26/03/02 03:37:52 INFO reduce.MergeManagerImpl: closeInMemoryFile -> map-output of size: 56, inMemoryMapOutputs.size() -> 1, commitMemory -> 0, usedMemory ->56
26/03/02 03:37:52 WARN io.ReadaheadPool: Failed readahead on ifile
EBADF: Bad file descriptor
	at org.apache.hadoop.io.nativeio.NativeIO$POSIX.posix_fadvise(Native Method)
	at org.apache.hadoop.io.nativeio.NativeIO$POSIX.posixFadviseIfPossible(NativeIO.java:267)
	at org.apache.hadoop.io.nativeio.NativeIO$POSIX$CacheManipulator.posixFadviseIfPossible(NativeIO.java:146)
	at org.apache.hadoop.io.ReadaheadPool$ReadaheadRequestImpl.run(ReadaheadPool.java:206)
	at java.util.concurrent.ThreadPoolExecutor.runWorker(ThreadPoolExecutor.java:1149)
	at java.util.concurrent.ThreadPoolExecutor$Worker.run(ThreadPoolExecutor.java:624)
	at java.lang.Thread.run(Thread.java:748)
26/03/02 03:37:52 INFO reduce.EventFetcher: EventFetcher is interrupted.. Returning
26/03/02 03:37:52 INFO mapred.LocalJobRunner: 1 / 1 copied.
26/03/02 03:37:52 INFO reduce.MergeManagerImpl: finalMerge called with 1 in-memory map-outputs and 0 on-disk map-outputs
26/03/02 03:37:52 INFO mapred.Merger: Merging 1 sorted segments
26/03/02 03:37:52 INFO mapred.Merger: Down to the last merge-pass, with 1 segments left of total size: 50 bytes
26/03/02 03:37:52 INFO reduce.MergeManagerImpl: Merged 1 segments, 56 bytes to disk to satisfy reduce memory limit
26/03/02 03:37:52 INFO reduce.MergeManagerImpl: Merging 1 files, 60 bytes from disk
26/03/02 03:37:52 INFO reduce.MergeManagerImpl: Merging 0 segments, 0 bytes from memory into reduce
26/03/02 03:37:52 INFO mapred.Merger: Merging 1 sorted segments
26/03/02 03:37:52 INFO mapred.Merger: Down to the last merge-pass, with 1 segments left of total size: 50 bytes
26/03/02 03:37:52 INFO mapred.LocalJobRunner: 1 / 1 copied.
26/03/02 03:37:52 INFO mapred.Task: Task:attempt_local888050459_0012_r_000002_0 is done. And is in the process of committing
26/03/02 03:37:52 INFO mapred.LocalJobRunner: 1 / 1 copied.
26/03/02 03:37:52 INFO mapred.Task: Task attempt_local888050459_0012_r_000002_0 is allowed to commit now
26/03/02 03:37:52 INFO output.FileOutputCommitter: Saved output of task 'attempt_local888050459_0012_r_000002_0' to hdfs://localhost:9000/project2/task2/runs_report_plus/scale100k_opt/iter_12/_temporary/0/task_local888050459_0012_r_000002
26/03/02 03:37:52 INFO mapred.LocalJobRunner: reduce > reduce
26/03/02 03:37:52 INFO mapred.Task: Task 'attempt_local888050459_0012_r_000002_0' done.
26/03/02 03:37:52 INFO mapred.Task: Final Counters for attempt_local888050459_0012_r_000002_0: Counters: 29
	File System Counters
		FILE: Number of bytes read=1750816
		FILE: Number of bytes written=5298954
		FILE: Number of read operations=0
		FILE: Number of large read operations=0
		FILE: Number of write operations=0
		HDFS: Number of bytes read=88077331
		HDFS: Number of bytes written=10561
		HDFS: Number of read operations=646
		HDFS: Number of large read operations=0
		HDFS: Number of write operations=210
	Map-Reduce Framework
		Combine input records=0
		Combine output records=0
		Reduce input groups=1
		Reduce shuffle bytes=60
		Reduce input records=1
		Reduce output records=1
		Spilled Records=1
		Shuffled Maps =1
		Failed Shuffles=0
		Merged Map outputs=1
		GC time elapsed (ms)=0
		Total committed heap usage (bytes)=513802240
	Shuffle Errors
		BAD_ID=0
		CONNECTION=0
		IO_ERROR=0
		WRONG_LENGTH=0
		WRONG_MAP=0
		WRONG_REDUCE=0
	File Output Format Counters 
		Bytes Written=103
26/03/02 03:37:52 INFO mapred.LocalJobRunner: Finishing task: attempt_local888050459_0012_r_000002_0
26/03/02 03:37:52 INFO mapred.LocalJobRunner: Starting task: attempt_local888050459_0012_r_000003_0
26/03/02 03:37:52 INFO output.FileOutputCommitter: File Output Committer Algorithm version is 1
26/03/02 03:37:52 INFO mapred.Task:  Using ResourceCalculatorProcessTree : [ ]
26/03/02 03:37:52 INFO mapred.ReduceTask: Using ShuffleConsumerPlugin: org.apache.hadoop.mapreduce.task.reduce.Shuffle@50e6696a
26/03/02 03:37:52 INFO reduce.MergeManagerImpl: MergerManager: memoryLimit=359661568, maxSingleShuffleLimit=89915392, mergeThreshold=237376640, ioSortFactor=10, memToMemMergeOutputsThreshold=10
26/03/02 03:37:52 INFO reduce.EventFetcher: attempt_local888050459_0012_r_000003_0 Thread started: EventFetcher for fetching Map Completion Events
26/03/02 03:37:52 INFO reduce.LocalFetcher: localfetcher#48 about to shuffle output of map attempt_local888050459_0012_m_000000_0 decomp: 56 len: 60 to MEMORY
26/03/02 03:37:52 INFO reduce.InMemoryMapOutput: Read 56 bytes from map-output for attempt_local888050459_0012_m_000000_0
26/03/02 03:37:52 INFO reduce.MergeManagerImpl: closeInMemoryFile -> map-output of size: 56, inMemoryMapOutputs.size() -> 1, commitMemory -> 0, usedMemory ->56
26/03/02 03:37:52 WARN io.ReadaheadPool: Failed readahead on ifile
EBADF: Bad file descriptor
	at org.apache.hadoop.io.nativeio.NativeIO$POSIX.posix_fadvise(Native Method)
	at org.apache.hadoop.io.nativeio.NativeIO$POSIX.posixFadviseIfPossible(NativeIO.java:267)
	at org.apache.hadoop.io.nativeio.NativeIO$POSIX$CacheManipulator.posixFadviseIfPossible(NativeIO.java:146)
	at org.apache.hadoop.io.ReadaheadPool$ReadaheadRequestImpl.run(ReadaheadPool.java:206)
	at java.util.concurrent.ThreadPoolExecutor.runWorker(ThreadPoolExecutor.java:1149)
	at java.util.concurrent.ThreadPoolExecutor$Worker.run(ThreadPoolExecutor.java:624)
	at java.lang.Thread.run(Thread.java:748)
26/03/02 03:37:52 INFO reduce.EventFetcher: EventFetcher is interrupted.. Returning
26/03/02 03:37:52 INFO mapred.LocalJobRunner: 1 / 1 copied.
26/03/02 03:37:52 INFO reduce.MergeManagerImpl: finalMerge called with 1 in-memory map-outputs and 0 on-disk map-outputs
26/03/02 03:37:52 INFO mapred.Merger: Merging 1 sorted segments
26/03/02 03:37:52 INFO mapred.Merger: Down to the last merge-pass, with 1 segments left of total size: 50 bytes
26/03/02 03:37:52 INFO reduce.MergeManagerImpl: Merged 1 segments, 56 bytes to disk to satisfy reduce memory limit
26/03/02 03:37:52 INFO reduce.MergeManagerImpl: Merging 1 files, 60 bytes from disk
26/03/02 03:37:52 INFO reduce.MergeManagerImpl: Merging 0 segments, 0 bytes from memory into reduce
26/03/02 03:37:52 INFO mapred.Merger: Merging 1 sorted segments
26/03/02 03:37:52 INFO mapred.Merger: Down to the last merge-pass, with 1 segments left of total size: 50 bytes
26/03/02 03:37:52 INFO mapred.LocalJobRunner: 1 / 1 copied.
26/03/02 03:37:52 INFO mapred.Task: Task:attempt_local888050459_0012_r_000003_0 is done. And is in the process of committing
26/03/02 03:37:52 INFO mapred.LocalJobRunner: 1 / 1 copied.
26/03/02 03:37:52 INFO mapred.Task: Task attempt_local888050459_0012_r_000003_0 is allowed to commit now
26/03/02 03:37:52 INFO output.FileOutputCommitter: Saved output of task 'attempt_local888050459_0012_r_000003_0' to hdfs://localhost:9000/project2/task2/runs_report_plus/scale100k_opt/iter_12/_temporary/0/task_local888050459_0012_r_000003
26/03/02 03:37:52 INFO mapred.LocalJobRunner: reduce > reduce
26/03/02 03:37:52 INFO mapred.Task: Task 'attempt_local888050459_0012_r_000003_0' done.
26/03/02 03:37:52 INFO mapred.Task: Final Counters for attempt_local888050459_0012_r_000003_0: Counters: 29
	File System Counters
		FILE: Number of bytes read=1751040
		FILE: Number of bytes written=5299014
		FILE: Number of read operations=0
		FILE: Number of large read operations=0
		FILE: Number of write operations=0
		HDFS: Number of bytes read=88077331
		HDFS: Number of bytes written=10665
		HDFS: Number of read operations=649
		HDFS: Number of large read operations=0
		HDFS: Number of write operations=212
	Map-Reduce Framework
		Combine input records=0
		Combine output records=0
		Reduce input groups=1
		Reduce shuffle bytes=60
		Reduce input records=1
		Reduce output records=1
		Spilled Records=1
		Shuffled Maps =1
		Failed Shuffles=0
		Merged Map outputs=1
		GC time elapsed (ms)=0
		Total committed heap usage (bytes)=513802240
	Shuffle Errors
		BAD_ID=0
		CONNECTION=0
		IO_ERROR=0
		WRONG_LENGTH=0
		WRONG_MAP=0
		WRONG_REDUCE=0
	File Output Format Counters 
		Bytes Written=104
26/03/02 03:37:52 INFO mapred.LocalJobRunner: Finishing task: attempt_local888050459_0012_r_000003_0
26/03/02 03:37:52 INFO mapred.LocalJobRunner: reduce task executor complete.
26/03/02 03:37:52 INFO mapreduce.Job: Job job_local888050459_0012 running in uber mode : false
26/03/02 03:37:52 INFO mapreduce.Job:  map 100% reduce 100%
26/03/02 03:37:52 INFO mapreduce.Job: Job job_local888050459_0012 completed successfully
26/03/02 03:37:52 INFO mapreduce.Job: Counters: 35
	File System Counters
		FILE: Number of bytes read=8752252
		FILE: Number of bytes written=26494416
		FILE: Number of read operations=0
		FILE: Number of large read operations=0
		FILE: Number of write operations=0
		HDFS: Number of bytes read=440386655
		HDFS: Number of bytes written=52187
		HDFS: Number of read operations=3215
		HDFS: Number of large read operations=0
		HDFS: Number of write operations=1040
	Map-Reduce Framework
		Map input records=100000
		Map output records=100000
		Map output bytes=5200000
		Map output materialized bytes=294
		Input split bytes=123
		Combine input records=100000
		Combine output records=5
		Reduce input groups=5
		Reduce shuffle bytes=294
		Reduce input records=5
		Reduce output records=5
		Spilled Records=10
		Shuffled Maps =4
		Failed Shuffles=0
		Merged Map outputs=4
		GC time elapsed (ms)=22
		Total committed heap usage (bytes)=2569011200
	Shuffle Errors
		BAD_ID=0
		CONNECTION=0
		IO_ERROR=0
		WRONG_LENGTH=0
		WRONG_MAP=0
		WRONG_REDUCE=0
	File Input Format Counters 
		Bytes Read=7337711
	File Output Format Counters 
		Bytes Written=517
26/03/02 03:37:52 INFO jvm.JvmMetrics: Cannot initialize JVM Metrics with processName=JobTracker, sessionId= - already initialized
26/03/02 03:37:52 WARN mapreduce.JobResourceUploader: Hadoop command-line option parsing not performed. Implement the Tool interface and execute your application with ToolRunner to remedy this.
26/03/02 03:37:52 INFO input.FileInputFormat: Total input paths to process : 1
26/03/02 03:37:52 INFO mapreduce.JobSubmitter: number of splits:1
26/03/02 03:37:52 INFO mapreduce.JobSubmitter: Submitting tokens for job: job_local1252823860_0013
26/03/02 03:37:52 INFO mapred.LocalDistributedCacheManager: Creating symlink: /tmp/hadoop-ds503/mapred/local/1772422672900/centers_iter_12.csv <- /home/ds503/centers_iter_12.csv
26/03/02 03:37:52 INFO mapred.LocalDistributedCacheManager: Localized hdfs://localhost:9000/project2/task2/runs_report_plus/scale100k_opt/centers_iter_12.csv as file:/tmp/hadoop-ds503/mapred/local/1772422672900/centers_iter_12.csv
26/03/02 03:37:52 INFO mapreduce.Job: The url to track the job: http://localhost:8080/
26/03/02 03:37:52 INFO mapreduce.Job: Running job: job_local1252823860_0013
26/03/02 03:37:52 INFO mapred.LocalJobRunner: OutputCommitter set in config null
26/03/02 03:37:52 INFO output.FileOutputCommitter: File Output Committer Algorithm version is 1
26/03/02 03:37:52 INFO mapred.LocalJobRunner: OutputCommitter is org.apache.hadoop.mapreduce.lib.output.FileOutputCommitter
26/03/02 03:37:52 INFO mapred.LocalJobRunner: Waiting for map tasks
26/03/02 03:37:52 INFO mapred.LocalJobRunner: Starting task: attempt_local1252823860_0013_m_000000_0
26/03/02 03:37:52 INFO output.FileOutputCommitter: File Output Committer Algorithm version is 1
26/03/02 03:37:52 INFO mapred.Task:  Using ResourceCalculatorProcessTree : [ ]
26/03/02 03:37:52 INFO mapred.MapTask: Processing split: hdfs://localhost:9000/project2/task2/input/points_100k.csv:0+7337711
26/03/02 03:37:52 INFO mapred.MapTask: (EQUATOR) 0 kvi 26214396(104857584)
26/03/02 03:37:52 INFO mapred.MapTask: mapreduce.task.io.sort.mb: 100
26/03/02 03:37:52 INFO mapred.MapTask: soft limit at 83886080
26/03/02 03:37:52 INFO mapred.MapTask: bufstart = 0; bufvoid = 104857600
26/03/02 03:37:52 INFO mapred.MapTask: kvstart = 26214396; length = 6553600
26/03/02 03:37:52 INFO mapred.MapTask: Map output collector class = org.apache.hadoop.mapred.MapTask$MapOutputBuffer
26/03/02 03:37:53 INFO mapred.LocalJobRunner: 
26/03/02 03:37:53 INFO mapred.MapTask: Starting flush of map output
26/03/02 03:37:53 INFO mapred.MapTask: Spilling map output
26/03/02 03:37:53 INFO mapred.MapTask: bufstart = 0; bufend = 5200000; bufvoid = 104857600
26/03/02 03:37:53 INFO mapred.MapTask: kvstart = 26214396(104857584); kvend = 25814400(103257600); length = 399997/6553600
26/03/02 03:37:53 INFO mapred.MapTask: Finished spill 0
26/03/02 03:37:53 INFO mapred.Task: Task:attempt_local1252823860_0013_m_000000_0 is done. And is in the process of committing
26/03/02 03:37:53 INFO mapred.LocalJobRunner: map
26/03/02 03:37:53 INFO mapred.Task: Task 'attempt_local1252823860_0013_m_000000_0' done.
26/03/02 03:37:53 INFO mapred.Task: Final Counters for attempt_local1252823860_0013_m_000000_0: Counters: 23
	File System Counters
		FILE: Number of bytes read=1895596
		FILE: Number of bytes written=5741107
		FILE: Number of read operations=0
		FILE: Number of large read operations=0
		FILE: Number of write operations=0
		HDFS: Number of bytes read=95417220
		HDFS: Number of bytes written=11046
		HDFS: Number of read operations=693
		HDFS: Number of large read operations=0
		HDFS: Number of write operations=222
	Map-Reduce Framework
		Map input records=100000
		Map output records=100000
		Map output bytes=5200000
		Map output materialized bytes=294
		Input split bytes=123
		Combine input records=100000
		Combine output records=5
		Spilled Records=5
		Failed Shuffles=0
		Merged Map outputs=0
		GC time elapsed (ms)=4
		Total committed heap usage (bytes)=514850816
	File Input Format Counters 
		Bytes Read=7337711
26/03/02 03:37:53 INFO mapred.LocalJobRunner: Finishing task: attempt_local1252823860_0013_m_000000_0
26/03/02 03:37:53 INFO mapred.LocalJobRunner: map task executor complete.
26/03/02 03:37:53 INFO mapred.LocalJobRunner: Waiting for reduce tasks
26/03/02 03:37:53 INFO mapred.LocalJobRunner: Starting task: attempt_local1252823860_0013_r_000000_0
26/03/02 03:37:53 INFO output.FileOutputCommitter: File Output Committer Algorithm version is 1
26/03/02 03:37:53 INFO mapred.Task:  Using ResourceCalculatorProcessTree : [ ]
26/03/02 03:37:53 INFO mapred.ReduceTask: Using ShuffleConsumerPlugin: org.apache.hadoop.mapreduce.task.reduce.Shuffle@5cff7ce1
26/03/02 03:37:53 INFO reduce.MergeManagerImpl: MergerManager: memoryLimit=360395552, maxSingleShuffleLimit=90098888, mergeThreshold=237861072, ioSortFactor=10, memToMemMergeOutputsThreshold=10
26/03/02 03:37:53 INFO reduce.EventFetcher: attempt_local1252823860_0013_r_000000_0 Thread started: EventFetcher for fetching Map Completion Events
26/03/02 03:37:53 INFO reduce.LocalFetcher: localfetcher#49 about to shuffle output of map attempt_local1252823860_0013_m_000000_0 decomp: 110 len: 114 to MEMORY
26/03/02 03:37:53 INFO reduce.InMemoryMapOutput: Read 110 bytes from map-output for attempt_local1252823860_0013_m_000000_0
26/03/02 03:37:53 INFO reduce.MergeManagerImpl: closeInMemoryFile -> map-output of size: 110, inMemoryMapOutputs.size() -> 1, commitMemory -> 0, usedMemory ->110
26/03/02 03:37:53 WARN io.ReadaheadPool: Failed readahead on ifile
EBADF: Bad file descriptor
	at org.apache.hadoop.io.nativeio.NativeIO$POSIX.posix_fadvise(Native Method)
	at org.apache.hadoop.io.nativeio.NativeIO$POSIX.posixFadviseIfPossible(NativeIO.java:267)
	at org.apache.hadoop.io.nativeio.NativeIO$POSIX$CacheManipulator.posixFadviseIfPossible(NativeIO.java:146)
	at org.apache.hadoop.io.ReadaheadPool$ReadaheadRequestImpl.run(ReadaheadPool.java:206)
	at java.util.concurrent.ThreadPoolExecutor.runWorker(ThreadPoolExecutor.java:1149)
	at java.util.concurrent.ThreadPoolExecutor$Worker.run(ThreadPoolExecutor.java:624)
	at java.lang.Thread.run(Thread.java:748)
26/03/02 03:37:53 INFO reduce.EventFetcher: EventFetcher is interrupted.. Returning
26/03/02 03:37:53 INFO mapred.LocalJobRunner: 1 / 1 copied.
26/03/02 03:37:53 INFO reduce.MergeManagerImpl: finalMerge called with 1 in-memory map-outputs and 0 on-disk map-outputs
26/03/02 03:37:53 INFO mapred.Merger: Merging 1 sorted segments
26/03/02 03:37:53 INFO mapred.Merger: Down to the last merge-pass, with 1 segments left of total size: 104 bytes
26/03/02 03:37:53 INFO reduce.MergeManagerImpl: Merged 1 segments, 110 bytes to disk to satisfy reduce memory limit
26/03/02 03:37:53 INFO reduce.MergeManagerImpl: Merging 1 files, 114 bytes from disk
26/03/02 03:37:53 INFO reduce.MergeManagerImpl: Merging 0 segments, 0 bytes from memory into reduce
26/03/02 03:37:53 INFO mapred.Merger: Merging 1 sorted segments
26/03/02 03:37:53 INFO mapred.Merger: Down to the last merge-pass, with 1 segments left of total size: 104 bytes
26/03/02 03:37:53 INFO mapred.LocalJobRunner: 1 / 1 copied.
26/03/02 03:37:53 INFO mapred.Task: Task:attempt_local1252823860_0013_r_000000_0 is done. And is in the process of committing
26/03/02 03:37:53 INFO mapred.LocalJobRunner: 1 / 1 copied.
26/03/02 03:37:53 INFO mapred.Task: Task attempt_local1252823860_0013_r_000000_0 is allowed to commit now
26/03/02 03:37:53 INFO output.FileOutputCommitter: Saved output of task 'attempt_local1252823860_0013_r_000000_0' to hdfs://localhost:9000/project2/task2/runs_report_plus/scale100k_opt/iter_13/_temporary/0/task_local1252823860_0013_r_000000
26/03/02 03:37:53 INFO mapred.LocalJobRunner: reduce > reduce
26/03/02 03:37:53 INFO mapred.Task: Task 'attempt_local1252823860_0013_r_000000_0' done.
26/03/02 03:37:53 INFO mapred.Task: Final Counters for attempt_local1252823860_0013_r_000000_0: Counters: 29
	File System Counters
		FILE: Number of bytes read=1896108
		FILE: Number of bytes written=5741221
		FILE: Number of read operations=0
		FILE: Number of large read operations=0
		FILE: Number of write operations=0
		HDFS: Number of bytes read=95417220
		HDFS: Number of bytes written=11253
		HDFS: Number of read operations=696
		HDFS: Number of large read operations=0
		HDFS: Number of write operations=224
	Map-Reduce Framework
		Combine input records=0
		Combine output records=0
		Reduce input groups=2
		Reduce shuffle bytes=114
		Reduce input records=2
		Reduce output records=2
		Spilled Records=2
		Shuffled Maps =1
		Failed Shuffles=0
		Merged Map outputs=1
		GC time elapsed (ms)=0
		Total committed heap usage (bytes)=514850816
	Shuffle Errors
		BAD_ID=0
		CONNECTION=0
		IO_ERROR=0
		WRONG_LENGTH=0
		WRONG_MAP=0
		WRONG_REDUCE=0
	File Output Format Counters 
		Bytes Written=207
26/03/02 03:37:53 INFO mapred.LocalJobRunner: Finishing task: attempt_local1252823860_0013_r_000000_0
26/03/02 03:37:53 INFO mapred.LocalJobRunner: Starting task: attempt_local1252823860_0013_r_000001_0
26/03/02 03:37:53 INFO output.FileOutputCommitter: File Output Committer Algorithm version is 1
26/03/02 03:37:53 INFO mapred.Task:  Using ResourceCalculatorProcessTree : [ ]
26/03/02 03:37:53 INFO mapred.ReduceTask: Using ShuffleConsumerPlugin: org.apache.hadoop.mapreduce.task.reduce.Shuffle@34bafdc0
26/03/02 03:37:53 INFO reduce.MergeManagerImpl: MergerManager: memoryLimit=360395552, maxSingleShuffleLimit=90098888, mergeThreshold=237861072, ioSortFactor=10, memToMemMergeOutputsThreshold=10
26/03/02 03:37:53 INFO reduce.EventFetcher: attempt_local1252823860_0013_r_000001_0 Thread started: EventFetcher for fetching Map Completion Events
26/03/02 03:37:53 INFO reduce.LocalFetcher: localfetcher#50 about to shuffle output of map attempt_local1252823860_0013_m_000000_0 decomp: 56 len: 60 to MEMORY
26/03/02 03:37:53 INFO reduce.InMemoryMapOutput: Read 56 bytes from map-output for attempt_local1252823860_0013_m_000000_0
26/03/02 03:37:53 INFO reduce.MergeManagerImpl: closeInMemoryFile -> map-output of size: 56, inMemoryMapOutputs.size() -> 1, commitMemory -> 0, usedMemory ->56
26/03/02 03:37:53 WARN io.ReadaheadPool: Failed readahead on ifile
EBADF: Bad file descriptor
	at org.apache.hadoop.io.nativeio.NativeIO$POSIX.posix_fadvise(Native Method)
	at org.apache.hadoop.io.nativeio.NativeIO$POSIX.posixFadviseIfPossible(NativeIO.java:267)
	at org.apache.hadoop.io.nativeio.NativeIO$POSIX$CacheManipulator.posixFadviseIfPossible(NativeIO.java:146)
	at org.apache.hadoop.io.ReadaheadPool$ReadaheadRequestImpl.run(ReadaheadPool.java:206)
	at java.util.concurrent.ThreadPoolExecutor.runWorker(ThreadPoolExecutor.java:1149)
	at java.util.concurrent.ThreadPoolExecutor$Worker.run(ThreadPoolExecutor.java:624)
	at java.lang.Thread.run(Thread.java:748)
26/03/02 03:37:53 INFO reduce.EventFetcher: EventFetcher is interrupted.. Returning
26/03/02 03:37:53 INFO mapred.LocalJobRunner: 1 / 1 copied.
26/03/02 03:37:53 INFO reduce.MergeManagerImpl: finalMerge called with 1 in-memory map-outputs and 0 on-disk map-outputs
26/03/02 03:37:53 INFO mapred.Merger: Merging 1 sorted segments
26/03/02 03:37:53 INFO mapred.Merger: Down to the last merge-pass, with 1 segments left of total size: 50 bytes
26/03/02 03:37:53 INFO reduce.MergeManagerImpl: Merged 1 segments, 56 bytes to disk to satisfy reduce memory limit
26/03/02 03:37:53 INFO reduce.MergeManagerImpl: Merging 1 files, 60 bytes from disk
26/03/02 03:37:53 INFO reduce.MergeManagerImpl: Merging 0 segments, 0 bytes from memory into reduce
26/03/02 03:37:53 INFO mapred.Merger: Merging 1 sorted segments
26/03/02 03:37:53 INFO mapred.Merger: Down to the last merge-pass, with 1 segments left of total size: 50 bytes
26/03/02 03:37:53 INFO mapred.LocalJobRunner: 1 / 1 copied.
26/03/02 03:37:53 INFO mapred.Task: Task:attempt_local1252823860_0013_r_000001_0 is done. And is in the process of committing
26/03/02 03:37:53 INFO mapred.LocalJobRunner: 1 / 1 copied.
26/03/02 03:37:53 INFO mapred.Task: Task attempt_local1252823860_0013_r_000001_0 is allowed to commit now
26/03/02 03:37:53 INFO output.FileOutputCommitter: Saved output of task 'attempt_local1252823860_0013_r_000001_0' to hdfs://localhost:9000/project2/task2/runs_report_plus/scale100k_opt/iter_13/_temporary/0/task_local1252823860_0013_r_000001
26/03/02 03:37:53 INFO mapred.LocalJobRunner: reduce > reduce
26/03/02 03:37:53 INFO mapred.Task: Task 'attempt_local1252823860_0013_r_000001_0' done.
26/03/02 03:37:53 INFO mapred.Task: Final Counters for attempt_local1252823860_0013_r_000001_0: Counters: 29
	File System Counters
		FILE: Number of bytes read=1896452
		FILE: Number of bytes written=5741281
		FILE: Number of read operations=0
		FILE: Number of large read operations=0
		FILE: Number of write operations=0
		HDFS: Number of bytes read=95417220
		HDFS: Number of bytes written=11355
		HDFS: Number of read operations=699
		HDFS: Number of large read operations=0
		HDFS: Number of write operations=226
	Map-Reduce Framework
		Combine input records=0
		Combine output records=0
		Reduce input groups=1
		Reduce shuffle bytes=60
		Reduce input records=1
		Reduce output records=1
		Spilled Records=1
		Shuffled Maps =1
		Failed Shuffles=0
		Merged Map outputs=1
		GC time elapsed (ms)=0
		Total committed heap usage (bytes)=514850816
	Shuffle Errors
		BAD_ID=0
		CONNECTION=0
		IO_ERROR=0
		WRONG_LENGTH=0
		WRONG_MAP=0
		WRONG_REDUCE=0
	File Output Format Counters 
		Bytes Written=102
26/03/02 03:37:53 INFO mapred.LocalJobRunner: Finishing task: attempt_local1252823860_0013_r_000001_0
26/03/02 03:37:53 INFO mapred.LocalJobRunner: Starting task: attempt_local1252823860_0013_r_000002_0
26/03/02 03:37:53 INFO output.FileOutputCommitter: File Output Committer Algorithm version is 1
26/03/02 03:37:53 INFO mapred.Task:  Using ResourceCalculatorProcessTree : [ ]
26/03/02 03:37:53 INFO mapred.ReduceTask: Using ShuffleConsumerPlugin: org.apache.hadoop.mapreduce.task.reduce.Shuffle@4c8952f5
26/03/02 03:37:53 INFO reduce.MergeManagerImpl: MergerManager: memoryLimit=360395552, maxSingleShuffleLimit=90098888, mergeThreshold=237861072, ioSortFactor=10, memToMemMergeOutputsThreshold=10
26/03/02 03:37:53 INFO reduce.EventFetcher: attempt_local1252823860_0013_r_000002_0 Thread started: EventFetcher for fetching Map Completion Events
26/03/02 03:37:53 INFO reduce.LocalFetcher: localfetcher#51 about to shuffle output of map attempt_local1252823860_0013_m_000000_0 decomp: 56 len: 60 to MEMORY
26/03/02 03:37:53 INFO reduce.InMemoryMapOutput: Read 56 bytes from map-output for attempt_local1252823860_0013_m_000000_0
26/03/02 03:37:53 INFO reduce.MergeManagerImpl: closeInMemoryFile -> map-output of size: 56, inMemoryMapOutputs.size() -> 1, commitMemory -> 0, usedMemory ->56
26/03/02 03:37:53 WARN io.ReadaheadPool: Failed readahead on ifile
EBADF: Bad file descriptor
	at org.apache.hadoop.io.nativeio.NativeIO$POSIX.posix_fadvise(Native Method)
	at org.apache.hadoop.io.nativeio.NativeIO$POSIX.posixFadviseIfPossible(NativeIO.java:267)
	at org.apache.hadoop.io.nativeio.NativeIO$POSIX$CacheManipulator.posixFadviseIfPossible(NativeIO.java:146)
	at org.apache.hadoop.io.ReadaheadPool$ReadaheadRequestImpl.run(ReadaheadPool.java:206)
	at java.util.concurrent.ThreadPoolExecutor.runWorker(ThreadPoolExecutor.java:1149)
	at java.util.concurrent.ThreadPoolExecutor$Worker.run(ThreadPoolExecutor.java:624)
	at java.lang.Thread.run(Thread.java:748)
26/03/02 03:37:53 INFO reduce.EventFetcher: EventFetcher is interrupted.. Returning
26/03/02 03:37:53 INFO mapred.LocalJobRunner: 1 / 1 copied.
26/03/02 03:37:53 INFO reduce.MergeManagerImpl: finalMerge called with 1 in-memory map-outputs and 0 on-disk map-outputs
26/03/02 03:37:53 INFO mapred.Merger: Merging 1 sorted segments
26/03/02 03:37:53 INFO mapred.Merger: Down to the last merge-pass, with 1 segments left of total size: 50 bytes
26/03/02 03:37:53 INFO reduce.MergeManagerImpl: Merged 1 segments, 56 bytes to disk to satisfy reduce memory limit
26/03/02 03:37:53 INFO reduce.MergeManagerImpl: Merging 1 files, 60 bytes from disk
26/03/02 03:37:53 INFO reduce.MergeManagerImpl: Merging 0 segments, 0 bytes from memory into reduce
26/03/02 03:37:53 INFO mapred.Merger: Merging 1 sorted segments
26/03/02 03:37:53 INFO mapred.Merger: Down to the last merge-pass, with 1 segments left of total size: 50 bytes
26/03/02 03:37:53 INFO mapred.LocalJobRunner: 1 / 1 copied.
26/03/02 03:37:53 INFO mapred.Task: Task:attempt_local1252823860_0013_r_000002_0 is done. And is in the process of committing
26/03/02 03:37:53 INFO mapred.LocalJobRunner: 1 / 1 copied.
26/03/02 03:37:53 INFO mapred.Task: Task attempt_local1252823860_0013_r_000002_0 is allowed to commit now
26/03/02 03:37:53 INFO output.FileOutputCommitter: Saved output of task 'attempt_local1252823860_0013_r_000002_0' to hdfs://localhost:9000/project2/task2/runs_report_plus/scale100k_opt/iter_13/_temporary/0/task_local1252823860_0013_r_000002
26/03/02 03:37:53 INFO mapred.LocalJobRunner: reduce > reduce
26/03/02 03:37:53 INFO mapred.Task: Task 'attempt_local1252823860_0013_r_000002_0' done.
26/03/02 03:37:53 INFO mapred.Task: Final Counters for attempt_local1252823860_0013_r_000002_0: Counters: 29
	File System Counters
		FILE: Number of bytes read=1896736
		FILE: Number of bytes written=5741341
		FILE: Number of read operations=0
		FILE: Number of large read operations=0
		FILE: Number of write operations=0
		HDFS: Number of bytes read=95417220
		HDFS: Number of bytes written=11458
		HDFS: Number of read operations=702
		HDFS: Number of large read operations=0
		HDFS: Number of write operations=228
	Map-Reduce Framework
		Combine input records=0
		Combine output records=0
		Reduce input groups=1
		Reduce shuffle bytes=60
		Reduce input records=1
		Reduce output records=1
		Spilled Records=1
		Shuffled Maps =1
		Failed Shuffles=0
		Merged Map outputs=1
		GC time elapsed (ms)=0
		Total committed heap usage (bytes)=514850816
	Shuffle Errors
		BAD_ID=0
		CONNECTION=0
		IO_ERROR=0
		WRONG_LENGTH=0
		WRONG_MAP=0
		WRONG_REDUCE=0
	File Output Format Counters 
		Bytes Written=103
26/03/02 03:37:53 INFO mapred.LocalJobRunner: Finishing task: attempt_local1252823860_0013_r_000002_0
26/03/02 03:37:53 INFO mapred.LocalJobRunner: Starting task: attempt_local1252823860_0013_r_000003_0
26/03/02 03:37:53 INFO output.FileOutputCommitter: File Output Committer Algorithm version is 1
26/03/02 03:37:53 INFO mapred.Task:  Using ResourceCalculatorProcessTree : [ ]
26/03/02 03:37:53 INFO mapred.ReduceTask: Using ShuffleConsumerPlugin: org.apache.hadoop.mapreduce.task.reduce.Shuffle@109ddb22
26/03/02 03:37:53 INFO reduce.MergeManagerImpl: MergerManager: memoryLimit=360395552, maxSingleShuffleLimit=90098888, mergeThreshold=237861072, ioSortFactor=10, memToMemMergeOutputsThreshold=10
26/03/02 03:37:53 INFO reduce.EventFetcher: attempt_local1252823860_0013_r_000003_0 Thread started: EventFetcher for fetching Map Completion Events
26/03/02 03:37:53 INFO reduce.LocalFetcher: localfetcher#52 about to shuffle output of map attempt_local1252823860_0013_m_000000_0 decomp: 56 len: 60 to MEMORY
26/03/02 03:37:53 INFO reduce.InMemoryMapOutput: Read 56 bytes from map-output for attempt_local1252823860_0013_m_000000_0
26/03/02 03:37:53 INFO reduce.MergeManagerImpl: closeInMemoryFile -> map-output of size: 56, inMemoryMapOutputs.size() -> 1, commitMemory -> 0, usedMemory ->56
26/03/02 03:37:53 WARN io.ReadaheadPool: Failed readahead on ifile
EBADF: Bad file descriptor
	at org.apache.hadoop.io.nativeio.NativeIO$POSIX.posix_fadvise(Native Method)
	at org.apache.hadoop.io.nativeio.NativeIO$POSIX.posixFadviseIfPossible(NativeIO.java:267)
	at org.apache.hadoop.io.nativeio.NativeIO$POSIX$CacheManipulator.posixFadviseIfPossible(NativeIO.java:146)
	at org.apache.hadoop.io.ReadaheadPool$ReadaheadRequestImpl.run(ReadaheadPool.java:206)
	at java.util.concurrent.ThreadPoolExecutor.runWorker(ThreadPoolExecutor.java:1149)
	at java.util.concurrent.ThreadPoolExecutor$Worker.run(ThreadPoolExecutor.java:624)
	at java.lang.Thread.run(Thread.java:748)
26/03/02 03:37:53 INFO reduce.EventFetcher: EventFetcher is interrupted.. Returning
26/03/02 03:37:53 INFO mapred.LocalJobRunner: 1 / 1 copied.
26/03/02 03:37:53 INFO reduce.MergeManagerImpl: finalMerge called with 1 in-memory map-outputs and 0 on-disk map-outputs
26/03/02 03:37:53 INFO mapred.Merger: Merging 1 sorted segments
26/03/02 03:37:53 INFO mapred.Merger: Down to the last merge-pass, with 1 segments left of total size: 50 bytes
26/03/02 03:37:53 INFO reduce.MergeManagerImpl: Merged 1 segments, 56 bytes to disk to satisfy reduce memory limit
26/03/02 03:37:53 INFO reduce.MergeManagerImpl: Merging 1 files, 60 bytes from disk
26/03/02 03:37:53 INFO reduce.MergeManagerImpl: Merging 0 segments, 0 bytes from memory into reduce
26/03/02 03:37:53 INFO mapred.Merger: Merging 1 sorted segments
26/03/02 03:37:53 INFO mapred.Merger: Down to the last merge-pass, with 1 segments left of total size: 50 bytes
26/03/02 03:37:53 INFO mapred.LocalJobRunner: 1 / 1 copied.
26/03/02 03:37:53 INFO mapred.Task: Task:attempt_local1252823860_0013_r_000003_0 is done. And is in the process of committing
26/03/02 03:37:53 INFO mapred.LocalJobRunner: 1 / 1 copied.
26/03/02 03:37:53 INFO mapred.Task: Task attempt_local1252823860_0013_r_000003_0 is allowed to commit now
26/03/02 03:37:53 INFO output.FileOutputCommitter: Saved output of task 'attempt_local1252823860_0013_r_000003_0' to hdfs://localhost:9000/project2/task2/runs_report_plus/scale100k_opt/iter_13/_temporary/0/task_local1252823860_0013_r_000003
26/03/02 03:37:53 INFO mapred.LocalJobRunner: reduce > reduce
26/03/02 03:37:53 INFO mapred.Task: Task 'attempt_local1252823860_0013_r_000003_0' done.
26/03/02 03:37:53 INFO mapred.Task: Final Counters for attempt_local1252823860_0013_r_000003_0: Counters: 29
	File System Counters
		FILE: Number of bytes read=1896960
		FILE: Number of bytes written=5741401
		FILE: Number of read operations=0
		FILE: Number of large read operations=0
		FILE: Number of write operations=0
		HDFS: Number of bytes read=95417220
		HDFS: Number of bytes written=11559
		HDFS: Number of read operations=705
		HDFS: Number of large read operations=0
		HDFS: Number of write operations=230
	Map-Reduce Framework
		Combine input records=0
		Combine output records=0
		Reduce input groups=1
		Reduce shuffle bytes=60
		Reduce input records=1
		Reduce output records=1
		Spilled Records=1
		Shuffled Maps =1
		Failed Shuffles=0
		Merged Map outputs=1
		GC time elapsed (ms)=0
		Total committed heap usage (bytes)=514850816
	Shuffle Errors
		BAD_ID=0
		CONNECTION=0
		IO_ERROR=0
		WRONG_LENGTH=0
		WRONG_MAP=0
		WRONG_REDUCE=0
	File Output Format Counters 
		Bytes Written=101
26/03/02 03:37:53 INFO mapred.LocalJobRunner: Finishing task: attempt_local1252823860_0013_r_000003_0
26/03/02 03:37:53 INFO mapred.LocalJobRunner: reduce task executor complete.
26/03/02 03:37:53 INFO mapreduce.Job: Job job_local1252823860_0013 running in uber mode : false
26/03/02 03:37:53 INFO mapreduce.Job:  map 100% reduce 100%
26/03/02 03:37:53 INFO mapreduce.Job: Job job_local1252823860_0013 completed successfully
26/03/02 03:37:53 INFO mapreduce.Job: Counters: 35
	File System Counters
		FILE: Number of bytes read=9481852
		FILE: Number of bytes written=28706351
		FILE: Number of read operations=0
		FILE: Number of large read operations=0
		FILE: Number of write operations=0
		HDFS: Number of bytes read=477086100
		HDFS: Number of bytes written=56671
		HDFS: Number of read operations=3495
		HDFS: Number of large read operations=0
		HDFS: Number of write operations=1130
	Map-Reduce Framework
		Map input records=100000
		Map output records=100000
		Map output bytes=5200000
		Map output materialized bytes=294
		Input split bytes=123
		Combine input records=100000
		Combine output records=5
		Reduce input groups=5
		Reduce shuffle bytes=294
		Reduce input records=5
		Reduce output records=5
		Spilled Records=10
		Shuffled Maps =4
		Failed Shuffles=0
		Merged Map outputs=4
		GC time elapsed (ms)=4
		Total committed heap usage (bytes)=2574254080
	Shuffle Errors
		BAD_ID=0
		CONNECTION=0
		IO_ERROR=0
		WRONG_LENGTH=0
		WRONG_MAP=0
		WRONG_REDUCE=0
	File Input Format Counters 
		Bytes Read=7337711
	File Output Format Counters 
		Bytes Written=513
26/03/02 03:37:53 INFO jvm.JvmMetrics: Cannot initialize JVM Metrics with processName=JobTracker, sessionId= - already initialized
26/03/02 03:37:53 WARN mapreduce.JobResourceUploader: Hadoop command-line option parsing not performed. Implement the Tool interface and execute your application with ToolRunner to remedy this.
26/03/02 03:37:53 INFO input.FileInputFormat: Total input paths to process : 1
26/03/02 03:37:53 INFO mapreduce.JobSubmitter: number of splits:1
26/03/02 03:37:53 INFO mapreduce.JobSubmitter: Submitting tokens for job: job_local1217574109_0014
26/03/02 03:37:53 INFO mapred.LocalDistributedCacheManager: Creating symlink: /tmp/hadoop-ds503/mapred/local/1772422673975/centers_iter_13.csv <- /home/ds503/centers_iter_13.csv
26/03/02 03:37:54 INFO mapred.LocalDistributedCacheManager: Localized hdfs://localhost:9000/project2/task2/runs_report_plus/scale100k_opt/centers_iter_13.csv as file:/tmp/hadoop-ds503/mapred/local/1772422673975/centers_iter_13.csv
26/03/02 03:37:54 INFO mapreduce.Job: The url to track the job: http://localhost:8080/
26/03/02 03:37:54 INFO mapreduce.Job: Running job: job_local1217574109_0014
26/03/02 03:37:54 INFO mapred.LocalJobRunner: OutputCommitter set in config null
26/03/02 03:37:54 INFO output.FileOutputCommitter: File Output Committer Algorithm version is 1
26/03/02 03:37:54 INFO mapred.LocalJobRunner: OutputCommitter is org.apache.hadoop.mapreduce.lib.output.FileOutputCommitter
26/03/02 03:37:54 INFO mapred.LocalJobRunner: Waiting for map tasks
26/03/02 03:37:54 INFO mapred.LocalJobRunner: Starting task: attempt_local1217574109_0014_m_000000_0
26/03/02 03:37:54 INFO output.FileOutputCommitter: File Output Committer Algorithm version is 1
26/03/02 03:37:54 INFO mapred.Task:  Using ResourceCalculatorProcessTree : [ ]
26/03/02 03:37:54 INFO mapred.MapTask: Processing split: hdfs://localhost:9000/project2/task2/input/points_100k.csv:0+7337711
26/03/02 03:37:54 INFO mapred.MapTask: (EQUATOR) 0 kvi 26214396(104857584)
26/03/02 03:37:54 INFO mapred.MapTask: mapreduce.task.io.sort.mb: 100
26/03/02 03:37:54 INFO mapred.MapTask: soft limit at 83886080
26/03/02 03:37:54 INFO mapred.MapTask: bufstart = 0; bufvoid = 104857600
26/03/02 03:37:54 INFO mapred.MapTask: kvstart = 26214396; length = 6553600
26/03/02 03:37:54 INFO mapred.MapTask: Map output collector class = org.apache.hadoop.mapred.MapTask$MapOutputBuffer
26/03/02 03:37:54 INFO mapred.LocalJobRunner: 
26/03/02 03:37:54 INFO mapred.MapTask: Starting flush of map output
26/03/02 03:37:54 INFO mapred.MapTask: Spilling map output
26/03/02 03:37:54 INFO mapred.MapTask: bufstart = 0; bufend = 5200000; bufvoid = 104857600
26/03/02 03:37:54 INFO mapred.MapTask: kvstart = 26214396(104857584); kvend = 25814400(103257600); length = 399997/6553600
26/03/02 03:37:54 INFO mapred.MapTask: Finished spill 0
26/03/02 03:37:54 INFO mapred.Task: Task:attempt_local1217574109_0014_m_000000_0 is done. And is in the process of committing
26/03/02 03:37:54 INFO mapred.LocalJobRunner: map
26/03/02 03:37:54 INFO mapred.Task: Task 'attempt_local1217574109_0014_m_000000_0' done.
26/03/02 03:37:54 INFO mapred.Task: Final Counters for attempt_local1217574109_0014_m_000000_0: Counters: 23
	File System Counters
		FILE: Number of bytes read=2041516
		FILE: Number of bytes written=6183491
		FILE: Number of read operations=0
		FILE: Number of large read operations=0
		FILE: Number of write operations=0
		HDFS: Number of bytes read=102757094
		HDFS: Number of bytes written=11937
		HDFS: Number of read operations=749
		HDFS: Number of large read operations=0
		HDFS: Number of write operations=240
	Map-Reduce Framework
		Map input records=100000
		Map output records=100000
		Map output bytes=5200000
		Map output materialized bytes=294
		Input split bytes=123
		Combine input records=100000
		Combine output records=5
		Spilled Records=5
		Failed Shuffles=0
		Merged Map outputs=0
		GC time elapsed (ms)=21
		Total committed heap usage (bytes)=509607936
	File Input Format Counters 
		Bytes Read=7337711
26/03/02 03:37:54 INFO mapred.LocalJobRunner: Finishing task: attempt_local1217574109_0014_m_000000_0
26/03/02 03:37:54 INFO mapred.LocalJobRunner: map task executor complete.
26/03/02 03:37:54 INFO mapred.LocalJobRunner: Waiting for reduce tasks
26/03/02 03:37:54 INFO mapred.LocalJobRunner: Starting task: attempt_local1217574109_0014_r_000000_0
26/03/02 03:37:54 INFO output.FileOutputCommitter: File Output Committer Algorithm version is 1
26/03/02 03:37:54 INFO mapred.Task:  Using ResourceCalculatorProcessTree : [ ]
26/03/02 03:37:54 INFO mapred.ReduceTask: Using ShuffleConsumerPlugin: org.apache.hadoop.mapreduce.task.reduce.Shuffle@2cea6457
26/03/02 03:37:54 INFO reduce.MergeManagerImpl: MergerManager: memoryLimit=356725536, maxSingleShuffleLimit=89181384, mergeThreshold=235438864, ioSortFactor=10, memToMemMergeOutputsThreshold=10
26/03/02 03:37:54 INFO reduce.EventFetcher: attempt_local1217574109_0014_r_000000_0 Thread started: EventFetcher for fetching Map Completion Events
26/03/02 03:37:54 INFO reduce.LocalFetcher: localfetcher#53 about to shuffle output of map attempt_local1217574109_0014_m_000000_0 decomp: 110 len: 114 to MEMORY
26/03/02 03:37:54 INFO reduce.InMemoryMapOutput: Read 110 bytes from map-output for attempt_local1217574109_0014_m_000000_0
26/03/02 03:37:54 INFO reduce.MergeManagerImpl: closeInMemoryFile -> map-output of size: 110, inMemoryMapOutputs.size() -> 1, commitMemory -> 0, usedMemory ->110
26/03/02 03:37:54 INFO reduce.EventFetcher: EventFetcher is interrupted.. Returning
26/03/02 03:37:54 INFO mapred.LocalJobRunner: 1 / 1 copied.
26/03/02 03:37:54 INFO reduce.MergeManagerImpl: finalMerge called with 1 in-memory map-outputs and 0 on-disk map-outputs
26/03/02 03:37:54 INFO mapred.Merger: Merging 1 sorted segments
26/03/02 03:37:54 INFO mapred.Merger: Down to the last merge-pass, with 1 segments left of total size: 104 bytes
26/03/02 03:37:54 INFO reduce.MergeManagerImpl: Merged 1 segments, 110 bytes to disk to satisfy reduce memory limit
26/03/02 03:37:54 INFO reduce.MergeManagerImpl: Merging 1 files, 114 bytes from disk
26/03/02 03:37:54 INFO reduce.MergeManagerImpl: Merging 0 segments, 0 bytes from memory into reduce
26/03/02 03:37:54 INFO mapred.Merger: Merging 1 sorted segments
26/03/02 03:37:54 INFO mapred.Merger: Down to the last merge-pass, with 1 segments left of total size: 104 bytes
26/03/02 03:37:54 INFO mapred.LocalJobRunner: 1 / 1 copied.
26/03/02 03:37:54 INFO mapred.Task: Task:attempt_local1217574109_0014_r_000000_0 is done. And is in the process of committing
26/03/02 03:37:54 INFO mapred.LocalJobRunner: 1 / 1 copied.
26/03/02 03:37:54 INFO mapred.Task: Task attempt_local1217574109_0014_r_000000_0 is allowed to commit now
26/03/02 03:37:54 INFO output.FileOutputCommitter: Saved output of task 'attempt_local1217574109_0014_r_000000_0' to hdfs://localhost:9000/project2/task2/runs_report_plus/scale100k_opt/iter_14/_temporary/0/task_local1217574109_0014_r_000000
26/03/02 03:37:54 INFO mapred.LocalJobRunner: reduce > reduce
26/03/02 03:37:54 INFO mapred.Task: Task 'attempt_local1217574109_0014_r_000000_0' done.
26/03/02 03:37:54 INFO mapred.Task: Final Counters for attempt_local1217574109_0014_r_000000_0: Counters: 29
	File System Counters
		FILE: Number of bytes read=2042028
		FILE: Number of bytes written=6183605
		FILE: Number of read operations=0
		FILE: Number of large read operations=0
		FILE: Number of write operations=0
		HDFS: Number of bytes read=102757094
		HDFS: Number of bytes written=12142
		HDFS: Number of read operations=752
		HDFS: Number of large read operations=0
		HDFS: Number of write operations=242
	Map-Reduce Framework
		Combine input records=0
		Combine output records=0
		Reduce input groups=2
		Reduce shuffle bytes=114
		Reduce input records=2
		Reduce output records=2
		Spilled Records=2
		Shuffled Maps =1
		Failed Shuffles=0
		Merged Map outputs=1
		GC time elapsed (ms)=0
		Total committed heap usage (bytes)=509607936
	Shuffle Errors
		BAD_ID=0
		CONNECTION=0
		IO_ERROR=0
		WRONG_LENGTH=0
		WRONG_MAP=0
		WRONG_REDUCE=0
	File Output Format Counters 
		Bytes Written=205
26/03/02 03:37:54 INFO mapred.LocalJobRunner: Finishing task: attempt_local1217574109_0014_r_000000_0
26/03/02 03:37:54 INFO mapred.LocalJobRunner: Starting task: attempt_local1217574109_0014_r_000001_0
26/03/02 03:37:54 INFO output.FileOutputCommitter: File Output Committer Algorithm version is 1
26/03/02 03:37:54 INFO mapred.Task:  Using ResourceCalculatorProcessTree : [ ]
26/03/02 03:37:54 INFO mapred.ReduceTask: Using ShuffleConsumerPlugin: org.apache.hadoop.mapreduce.task.reduce.Shuffle@1ca79d68
26/03/02 03:37:54 INFO reduce.MergeManagerImpl: MergerManager: memoryLimit=356725536, maxSingleShuffleLimit=89181384, mergeThreshold=235438864, ioSortFactor=10, memToMemMergeOutputsThreshold=10
26/03/02 03:37:54 INFO reduce.EventFetcher: attempt_local1217574109_0014_r_000001_0 Thread started: EventFetcher for fetching Map Completion Events
26/03/02 03:37:54 INFO reduce.LocalFetcher: localfetcher#54 about to shuffle output of map attempt_local1217574109_0014_m_000000_0 decomp: 56 len: 60 to MEMORY
26/03/02 03:37:54 INFO reduce.InMemoryMapOutput: Read 56 bytes from map-output for attempt_local1217574109_0014_m_000000_0
26/03/02 03:37:54 INFO reduce.MergeManagerImpl: closeInMemoryFile -> map-output of size: 56, inMemoryMapOutputs.size() -> 1, commitMemory -> 0, usedMemory ->56
26/03/02 03:37:54 WARN io.ReadaheadPool: Failed readahead on ifile
EBADF: Bad file descriptor
	at org.apache.hadoop.io.nativeio.NativeIO$POSIX.posix_fadvise(Native Method)
	at org.apache.hadoop.io.nativeio.NativeIO$POSIX.posixFadviseIfPossible(NativeIO.java:267)
	at org.apache.hadoop.io.nativeio.NativeIO$POSIX$CacheManipulator.posixFadviseIfPossible(NativeIO.java:146)
	at org.apache.hadoop.io.ReadaheadPool$ReadaheadRequestImpl.run(ReadaheadPool.java:206)
	at java.util.concurrent.ThreadPoolExecutor.runWorker(ThreadPoolExecutor.java:1149)
	at java.util.concurrent.ThreadPoolExecutor$Worker.run(ThreadPoolExecutor.java:624)
	at java.lang.Thread.run(Thread.java:748)
26/03/02 03:37:54 INFO reduce.EventFetcher: EventFetcher is interrupted.. Returning
26/03/02 03:37:54 INFO mapred.LocalJobRunner: 1 / 1 copied.
26/03/02 03:37:54 INFO reduce.MergeManagerImpl: finalMerge called with 1 in-memory map-outputs and 0 on-disk map-outputs
26/03/02 03:37:54 INFO mapred.Merger: Merging 1 sorted segments
26/03/02 03:37:54 INFO mapred.Merger: Down to the last merge-pass, with 1 segments left of total size: 50 bytes
26/03/02 03:37:54 INFO reduce.MergeManagerImpl: Merged 1 segments, 56 bytes to disk to satisfy reduce memory limit
26/03/02 03:37:54 INFO reduce.MergeManagerImpl: Merging 1 files, 60 bytes from disk
26/03/02 03:37:54 INFO reduce.MergeManagerImpl: Merging 0 segments, 0 bytes from memory into reduce
26/03/02 03:37:54 INFO mapred.Merger: Merging 1 sorted segments
26/03/02 03:37:54 INFO mapred.Merger: Down to the last merge-pass, with 1 segments left of total size: 50 bytes
26/03/02 03:37:54 INFO mapred.LocalJobRunner: 1 / 1 copied.
26/03/02 03:37:54 INFO mapred.Task: Task:attempt_local1217574109_0014_r_000001_0 is done. And is in the process of committing
26/03/02 03:37:54 INFO mapred.LocalJobRunner: 1 / 1 copied.
26/03/02 03:37:54 INFO mapred.Task: Task attempt_local1217574109_0014_r_000001_0 is allowed to commit now
26/03/02 03:37:54 INFO output.FileOutputCommitter: Saved output of task 'attempt_local1217574109_0014_r_000001_0' to hdfs://localhost:9000/project2/task2/runs_report_plus/scale100k_opt/iter_14/_temporary/0/task_local1217574109_0014_r_000001
26/03/02 03:37:54 INFO mapred.LocalJobRunner: reduce > reduce
26/03/02 03:37:54 INFO mapred.Task: Task 'attempt_local1217574109_0014_r_000001_0' done.
26/03/02 03:37:54 INFO mapred.Task: Final Counters for attempt_local1217574109_0014_r_000001_0: Counters: 29
	File System Counters
		FILE: Number of bytes read=2042372
		FILE: Number of bytes written=6183665
		FILE: Number of read operations=0
		FILE: Number of large read operations=0
		FILE: Number of write operations=0
		HDFS: Number of bytes read=102757094
		HDFS: Number of bytes written=12244
		HDFS: Number of read operations=755
		HDFS: Number of large read operations=0
		HDFS: Number of write operations=244
	Map-Reduce Framework
		Combine input records=0
		Combine output records=0
		Reduce input groups=1
		Reduce shuffle bytes=60
		Reduce input records=1
		Reduce output records=1
		Spilled Records=1
		Shuffled Maps =1
		Failed Shuffles=0
		Merged Map outputs=1
		GC time elapsed (ms)=0
		Total committed heap usage (bytes)=509607936
	Shuffle Errors
		BAD_ID=0
		CONNECTION=0
		IO_ERROR=0
		WRONG_LENGTH=0
		WRONG_MAP=0
		WRONG_REDUCE=0
	File Output Format Counters 
		Bytes Written=102
26/03/02 03:37:54 INFO mapred.LocalJobRunner: Finishing task: attempt_local1217574109_0014_r_000001_0
26/03/02 03:37:54 INFO mapred.LocalJobRunner: Starting task: attempt_local1217574109_0014_r_000002_0
26/03/02 03:37:54 INFO output.FileOutputCommitter: File Output Committer Algorithm version is 1
26/03/02 03:37:54 INFO mapred.Task:  Using ResourceCalculatorProcessTree : [ ]
26/03/02 03:37:54 INFO mapred.ReduceTask: Using ShuffleConsumerPlugin: org.apache.hadoop.mapreduce.task.reduce.Shuffle@64e4474e
26/03/02 03:37:54 INFO reduce.MergeManagerImpl: MergerManager: memoryLimit=356725536, maxSingleShuffleLimit=89181384, mergeThreshold=235438864, ioSortFactor=10, memToMemMergeOutputsThreshold=10
26/03/02 03:37:54 INFO reduce.EventFetcher: attempt_local1217574109_0014_r_000002_0 Thread started: EventFetcher for fetching Map Completion Events
26/03/02 03:37:54 INFO reduce.LocalFetcher: localfetcher#55 about to shuffle output of map attempt_local1217574109_0014_m_000000_0 decomp: 56 len: 60 to MEMORY
26/03/02 03:37:54 INFO reduce.InMemoryMapOutput: Read 56 bytes from map-output for attempt_local1217574109_0014_m_000000_0
26/03/02 03:37:54 INFO reduce.MergeManagerImpl: closeInMemoryFile -> map-output of size: 56, inMemoryMapOutputs.size() -> 1, commitMemory -> 0, usedMemory ->56
26/03/02 03:37:54 WARN io.ReadaheadPool: Failed readahead on ifile
EBADF: Bad file descriptor
	at org.apache.hadoop.io.nativeio.NativeIO$POSIX.posix_fadvise(Native Method)
	at org.apache.hadoop.io.nativeio.NativeIO$POSIX.posixFadviseIfPossible(NativeIO.java:267)
	at org.apache.hadoop.io.nativeio.NativeIO$POSIX$CacheManipulator.posixFadviseIfPossible(NativeIO.java:146)
	at org.apache.hadoop.io.ReadaheadPool$ReadaheadRequestImpl.run(ReadaheadPool.java:206)
	at java.util.concurrent.ThreadPoolExecutor.runWorker(ThreadPoolExecutor.java:1149)
	at java.util.concurrent.ThreadPoolExecutor$Worker.run(ThreadPoolExecutor.java:624)
	at java.lang.Thread.run(Thread.java:748)
26/03/02 03:37:54 INFO reduce.EventFetcher: EventFetcher is interrupted.. Returning
26/03/02 03:37:54 INFO mapred.LocalJobRunner: 1 / 1 copied.
26/03/02 03:37:54 INFO reduce.MergeManagerImpl: finalMerge called with 1 in-memory map-outputs and 0 on-disk map-outputs
26/03/02 03:37:54 INFO mapred.Merger: Merging 1 sorted segments
26/03/02 03:37:54 INFO mapred.Merger: Down to the last merge-pass, with 1 segments left of total size: 50 bytes
26/03/02 03:37:54 INFO reduce.MergeManagerImpl: Merged 1 segments, 56 bytes to disk to satisfy reduce memory limit
26/03/02 03:37:54 INFO reduce.MergeManagerImpl: Merging 1 files, 60 bytes from disk
26/03/02 03:37:54 INFO reduce.MergeManagerImpl: Merging 0 segments, 0 bytes from memory into reduce
26/03/02 03:37:54 INFO mapred.Merger: Merging 1 sorted segments
26/03/02 03:37:54 INFO mapred.Merger: Down to the last merge-pass, with 1 segments left of total size: 50 bytes
26/03/02 03:37:54 INFO mapred.LocalJobRunner: 1 / 1 copied.
26/03/02 03:37:54 INFO mapred.Task: Task:attempt_local1217574109_0014_r_000002_0 is done. And is in the process of committing
26/03/02 03:37:54 INFO mapred.LocalJobRunner: 1 / 1 copied.
26/03/02 03:37:54 INFO mapred.Task: Task attempt_local1217574109_0014_r_000002_0 is allowed to commit now
26/03/02 03:37:54 INFO output.FileOutputCommitter: Saved output of task 'attempt_local1217574109_0014_r_000002_0' to hdfs://localhost:9000/project2/task2/runs_report_plus/scale100k_opt/iter_14/_temporary/0/task_local1217574109_0014_r_000002
26/03/02 03:37:54 INFO mapred.LocalJobRunner: reduce > reduce
26/03/02 03:37:54 INFO mapred.Task: Task 'attempt_local1217574109_0014_r_000002_0' done.
26/03/02 03:37:54 INFO mapred.Task: Final Counters for attempt_local1217574109_0014_r_000002_0: Counters: 29
	File System Counters
		FILE: Number of bytes read=2042656
		FILE: Number of bytes written=6183725
		FILE: Number of read operations=0
		FILE: Number of large read operations=0
		FILE: Number of write operations=0
		HDFS: Number of bytes read=102757094
		HDFS: Number of bytes written=12347
		HDFS: Number of read operations=758
		HDFS: Number of large read operations=0
		HDFS: Number of write operations=246
	Map-Reduce Framework
		Combine input records=0
		Combine output records=0
		Reduce input groups=1
		Reduce shuffle bytes=60
		Reduce input records=1
		Reduce output records=1
		Spilled Records=1
		Shuffled Maps =1
		Failed Shuffles=0
		Merged Map outputs=1
		GC time elapsed (ms)=0
		Total committed heap usage (bytes)=509607936
	Shuffle Errors
		BAD_ID=0
		CONNECTION=0
		IO_ERROR=0
		WRONG_LENGTH=0
		WRONG_MAP=0
		WRONG_REDUCE=0
	File Output Format Counters 
		Bytes Written=103
26/03/02 03:37:54 INFO mapred.LocalJobRunner: Finishing task: attempt_local1217574109_0014_r_000002_0
26/03/02 03:37:54 INFO mapred.LocalJobRunner: Starting task: attempt_local1217574109_0014_r_000003_0
26/03/02 03:37:54 INFO output.FileOutputCommitter: File Output Committer Algorithm version is 1
26/03/02 03:37:54 INFO mapred.Task:  Using ResourceCalculatorProcessTree : [ ]
26/03/02 03:37:54 INFO mapred.ReduceTask: Using ShuffleConsumerPlugin: org.apache.hadoop.mapreduce.task.reduce.Shuffle@23d3fb1c
26/03/02 03:37:54 INFO reduce.MergeManagerImpl: MergerManager: memoryLimit=356725536, maxSingleShuffleLimit=89181384, mergeThreshold=235438864, ioSortFactor=10, memToMemMergeOutputsThreshold=10
26/03/02 03:37:54 INFO reduce.EventFetcher: attempt_local1217574109_0014_r_000003_0 Thread started: EventFetcher for fetching Map Completion Events
26/03/02 03:37:54 INFO reduce.LocalFetcher: localfetcher#56 about to shuffle output of map attempt_local1217574109_0014_m_000000_0 decomp: 56 len: 60 to MEMORY
26/03/02 03:37:54 INFO reduce.InMemoryMapOutput: Read 56 bytes from map-output for attempt_local1217574109_0014_m_000000_0
26/03/02 03:37:54 INFO reduce.MergeManagerImpl: closeInMemoryFile -> map-output of size: 56, inMemoryMapOutputs.size() -> 1, commitMemory -> 0, usedMemory ->56
26/03/02 03:37:54 INFO reduce.EventFetcher: EventFetcher is interrupted.. Returning
26/03/02 03:37:54 INFO mapred.LocalJobRunner: 1 / 1 copied.
26/03/02 03:37:54 INFO reduce.MergeManagerImpl: finalMerge called with 1 in-memory map-outputs and 0 on-disk map-outputs
26/03/02 03:37:54 INFO mapred.Merger: Merging 1 sorted segments
26/03/02 03:37:54 INFO mapred.Merger: Down to the last merge-pass, with 1 segments left of total size: 50 bytes
26/03/02 03:37:54 INFO reduce.MergeManagerImpl: Merged 1 segments, 56 bytes to disk to satisfy reduce memory limit
26/03/02 03:37:54 INFO reduce.MergeManagerImpl: Merging 1 files, 60 bytes from disk
26/03/02 03:37:54 INFO reduce.MergeManagerImpl: Merging 0 segments, 0 bytes from memory into reduce
26/03/02 03:37:54 INFO mapred.Merger: Merging 1 sorted segments
26/03/02 03:37:54 INFO mapred.Merger: Down to the last merge-pass, with 1 segments left of total size: 50 bytes
26/03/02 03:37:54 INFO mapred.LocalJobRunner: 1 / 1 copied.
26/03/02 03:37:54 INFO mapred.Task: Task:attempt_local1217574109_0014_r_000003_0 is done. And is in the process of committing
26/03/02 03:37:54 INFO mapred.LocalJobRunner: 1 / 1 copied.
26/03/02 03:37:54 INFO mapred.Task: Task attempt_local1217574109_0014_r_000003_0 is allowed to commit now
26/03/02 03:37:54 INFO output.FileOutputCommitter: Saved output of task 'attempt_local1217574109_0014_r_000003_0' to hdfs://localhost:9000/project2/task2/runs_report_plus/scale100k_opt/iter_14/_temporary/0/task_local1217574109_0014_r_000003
26/03/02 03:37:54 INFO mapred.LocalJobRunner: reduce > reduce
26/03/02 03:37:54 INFO mapred.Task: Task 'attempt_local1217574109_0014_r_000003_0' done.
26/03/02 03:37:54 INFO mapred.Task: Final Counters for attempt_local1217574109_0014_r_000003_0: Counters: 29
	File System Counters
		FILE: Number of bytes read=2042880
		FILE: Number of bytes written=6183785
		FILE: Number of read operations=0
		FILE: Number of large read operations=0
		FILE: Number of write operations=0
		HDFS: Number of bytes read=102757094
		HDFS: Number of bytes written=12450
		HDFS: Number of read operations=761
		HDFS: Number of large read operations=0
		HDFS: Number of write operations=248
	Map-Reduce Framework
		Combine input records=0
		Combine output records=0
		Reduce input groups=1
		Reduce shuffle bytes=60
		Reduce input records=1
		Reduce output records=1
		Spilled Records=1
		Shuffled Maps =1
		Failed Shuffles=0
		Merged Map outputs=1
		GC time elapsed (ms)=0
		Total committed heap usage (bytes)=509607936
	Shuffle Errors
		BAD_ID=0
		CONNECTION=0
		IO_ERROR=0
		WRONG_LENGTH=0
		WRONG_MAP=0
		WRONG_REDUCE=0
	File Output Format Counters 
		Bytes Written=103
26/03/02 03:37:54 INFO mapred.LocalJobRunner: Finishing task: attempt_local1217574109_0014_r_000003_0
26/03/02 03:37:54 INFO mapred.LocalJobRunner: reduce task executor complete.
26/03/02 03:37:55 INFO mapreduce.Job: Job job_local1217574109_0014 running in uber mode : false
26/03/02 03:37:55 INFO mapreduce.Job:  map 100% reduce 100%
26/03/02 03:37:55 INFO mapreduce.Job: Job job_local1217574109_0014 completed successfully
26/03/02 03:37:55 INFO mapreduce.Job: Counters: 35
	File System Counters
		FILE: Number of bytes read=10211452
		FILE: Number of bytes written=30918271
		FILE: Number of read operations=0
		FILE: Number of large read operations=0
		FILE: Number of write operations=0
		HDFS: Number of bytes read=513785470
		HDFS: Number of bytes written=61120
		HDFS: Number of read operations=3775
		HDFS: Number of large read operations=0
		HDFS: Number of write operations=1220
	Map-Reduce Framework
		Map input records=100000
		Map output records=100000
		Map output bytes=5200000
		Map output materialized bytes=294
		Input split bytes=123
		Combine input records=100000
		Combine output records=5
		Reduce input groups=5
		Reduce shuffle bytes=294
		Reduce input records=5
		Reduce output records=5
		Spilled Records=10
		Shuffled Maps =4
		Failed Shuffles=0
		Merged Map outputs=4
		GC time elapsed (ms)=21
		Total committed heap usage (bytes)=2548039680
	Shuffle Errors
		BAD_ID=0
		CONNECTION=0
		IO_ERROR=0
		WRONG_LENGTH=0
		WRONG_MAP=0
		WRONG_REDUCE=0
	File Input Format Counters 
		Bytes Read=7337711
	File Output Format Counters 
		Bytes Written=513
26/03/02 03:37:55 INFO jvm.JvmMetrics: Cannot initialize JVM Metrics with processName=JobTracker, sessionId= - already initialized
26/03/02 03:37:55 WARN mapreduce.JobResourceUploader: Hadoop command-line option parsing not performed. Implement the Tool interface and execute your application with ToolRunner to remedy this.
26/03/02 03:37:55 INFO input.FileInputFormat: Total input paths to process : 1
26/03/02 03:37:55 INFO mapreduce.JobSubmitter: number of splits:1
26/03/02 03:37:55 INFO mapreduce.JobSubmitter: Submitting tokens for job: job_local1409114627_0015
26/03/02 03:37:55 INFO mapred.LocalDistributedCacheManager: Creating symlink: /tmp/hadoop-ds503/mapred/local/1772422675051/centers_iter_14.csv <- /home/ds503/centers_iter_14.csv
26/03/02 03:37:55 INFO mapred.LocalDistributedCacheManager: Localized hdfs://localhost:9000/project2/task2/runs_report_plus/scale100k_opt/centers_iter_14.csv as file:/tmp/hadoop-ds503/mapred/local/1772422675051/centers_iter_14.csv
26/03/02 03:37:55 INFO mapreduce.Job: The url to track the job: http://localhost:8080/
26/03/02 03:37:55 INFO mapreduce.Job: Running job: job_local1409114627_0015
26/03/02 03:37:55 INFO mapred.LocalJobRunner: OutputCommitter set in config null
26/03/02 03:37:55 INFO output.FileOutputCommitter: File Output Committer Algorithm version is 1
26/03/02 03:37:55 INFO mapred.LocalJobRunner: OutputCommitter is org.apache.hadoop.mapreduce.lib.output.FileOutputCommitter
26/03/02 03:37:55 INFO mapred.LocalJobRunner: Waiting for map tasks
26/03/02 03:37:55 INFO mapred.LocalJobRunner: Starting task: attempt_local1409114627_0015_m_000000_0
26/03/02 03:37:55 INFO output.FileOutputCommitter: File Output Committer Algorithm version is 1
26/03/02 03:37:55 INFO mapred.Task:  Using ResourceCalculatorProcessTree : [ ]
26/03/02 03:37:55 INFO mapred.MapTask: Processing split: hdfs://localhost:9000/project2/task2/input/points_100k.csv:0+7337711
26/03/02 03:37:55 INFO mapred.MapTask: (EQUATOR) 0 kvi 26214396(104857584)
26/03/02 03:37:55 INFO mapred.MapTask: mapreduce.task.io.sort.mb: 100
26/03/02 03:37:55 INFO mapred.MapTask: soft limit at 83886080
26/03/02 03:37:55 INFO mapred.MapTask: bufstart = 0; bufvoid = 104857600
26/03/02 03:37:55 INFO mapred.MapTask: kvstart = 26214396; length = 6553600
26/03/02 03:37:55 INFO mapred.MapTask: Map output collector class = org.apache.hadoop.mapred.MapTask$MapOutputBuffer
26/03/02 03:37:55 INFO mapred.LocalJobRunner: 
26/03/02 03:37:55 INFO mapred.MapTask: Starting flush of map output
26/03/02 03:37:55 INFO mapred.MapTask: Spilling map output
26/03/02 03:37:55 INFO mapred.MapTask: bufstart = 0; bufend = 5200000; bufvoid = 104857600
26/03/02 03:37:55 INFO mapred.MapTask: kvstart = 26214396(104857584); kvend = 25814400(103257600); length = 399997/6553600
26/03/02 03:37:55 INFO mapred.MapTask: Finished spill 0
26/03/02 03:37:55 INFO mapred.Task: Task:attempt_local1409114627_0015_m_000000_0 is done. And is in the process of committing
26/03/02 03:37:55 INFO mapred.LocalJobRunner: map
26/03/02 03:37:55 INFO mapred.Task: Task 'attempt_local1409114627_0015_m_000000_0' done.
26/03/02 03:37:55 INFO mapred.Task: Final Counters for attempt_local1409114627_0015_m_000000_0: Counters: 23
	File System Counters
		FILE: Number of bytes read=2187436
		FILE: Number of bytes written=6625873
		FILE: Number of read operations=0
		FILE: Number of large read operations=0
		FILE: Number of write operations=0
		HDFS: Number of bytes read=110096961
		HDFS: Number of bytes written=12826
		HDFS: Number of read operations=805
		HDFS: Number of large read operations=0
		HDFS: Number of write operations=258
	Map-Reduce Framework
		Map input records=100000
		Map output records=100000
		Map output bytes=5200000
		Map output materialized bytes=294
		Input split bytes=123
		Combine input records=100000
		Combine output records=5
		Spilled Records=5
		Failed Shuffles=0
		Merged Map outputs=0
		GC time elapsed (ms)=33
		Total committed heap usage (bytes)=529006592
	File Input Format Counters 
		Bytes Read=7337711
26/03/02 03:37:55 INFO mapred.LocalJobRunner: Finishing task: attempt_local1409114627_0015_m_000000_0
26/03/02 03:37:55 INFO mapred.LocalJobRunner: map task executor complete.
26/03/02 03:37:55 INFO mapred.LocalJobRunner: Waiting for reduce tasks
26/03/02 03:37:55 INFO mapred.LocalJobRunner: Starting task: attempt_local1409114627_0015_r_000000_0
26/03/02 03:37:55 INFO output.FileOutputCommitter: File Output Committer Algorithm version is 1
26/03/02 03:37:55 INFO mapred.Task:  Using ResourceCalculatorProcessTree : [ ]
26/03/02 03:37:55 INFO mapred.ReduceTask: Using ShuffleConsumerPlugin: org.apache.hadoop.mapreduce.task.reduce.Shuffle@206476b2
26/03/02 03:37:55 INFO reduce.MergeManagerImpl: MergerManager: memoryLimit=370304608, maxSingleShuffleLimit=92576152, mergeThreshold=244401056, ioSortFactor=10, memToMemMergeOutputsThreshold=10
26/03/02 03:37:55 INFO reduce.EventFetcher: attempt_local1409114627_0015_r_000000_0 Thread started: EventFetcher for fetching Map Completion Events
26/03/02 03:37:55 INFO reduce.LocalFetcher: localfetcher#57 about to shuffle output of map attempt_local1409114627_0015_m_000000_0 decomp: 110 len: 114 to MEMORY
26/03/02 03:37:55 INFO reduce.InMemoryMapOutput: Read 110 bytes from map-output for attempt_local1409114627_0015_m_000000_0
26/03/02 03:37:55 INFO reduce.MergeManagerImpl: closeInMemoryFile -> map-output of size: 110, inMemoryMapOutputs.size() -> 1, commitMemory -> 0, usedMemory ->110
26/03/02 03:37:55 INFO reduce.EventFetcher: EventFetcher is interrupted.. Returning
26/03/02 03:37:55 INFO mapred.LocalJobRunner: 1 / 1 copied.
26/03/02 03:37:55 INFO reduce.MergeManagerImpl: finalMerge called with 1 in-memory map-outputs and 0 on-disk map-outputs
26/03/02 03:37:55 INFO mapred.Merger: Merging 1 sorted segments
26/03/02 03:37:55 INFO mapred.Merger: Down to the last merge-pass, with 1 segments left of total size: 104 bytes
26/03/02 03:37:55 INFO reduce.MergeManagerImpl: Merged 1 segments, 110 bytes to disk to satisfy reduce memory limit
26/03/02 03:37:55 INFO reduce.MergeManagerImpl: Merging 1 files, 114 bytes from disk
26/03/02 03:37:55 INFO reduce.MergeManagerImpl: Merging 0 segments, 0 bytes from memory into reduce
26/03/02 03:37:55 INFO mapred.Merger: Merging 1 sorted segments
26/03/02 03:37:55 INFO mapred.Merger: Down to the last merge-pass, with 1 segments left of total size: 104 bytes
26/03/02 03:37:55 INFO mapred.LocalJobRunner: 1 / 1 copied.
26/03/02 03:37:55 INFO mapred.Task: Task:attempt_local1409114627_0015_r_000000_0 is done. And is in the process of committing
26/03/02 03:37:55 INFO mapred.LocalJobRunner: 1 / 1 copied.
26/03/02 03:37:55 INFO mapred.Task: Task attempt_local1409114627_0015_r_000000_0 is allowed to commit now
26/03/02 03:37:55 INFO output.FileOutputCommitter: Saved output of task 'attempt_local1409114627_0015_r_000000_0' to hdfs://localhost:9000/project2/task2/runs_report_plus/scale100k_opt/iter_15/_temporary/0/task_local1409114627_0015_r_000000
26/03/02 03:37:55 INFO mapred.LocalJobRunner: reduce > reduce
26/03/02 03:37:55 INFO mapred.Task: Task 'attempt_local1409114627_0015_r_000000_0' done.
26/03/02 03:37:55 INFO mapred.Task: Final Counters for attempt_local1409114627_0015_r_000000_0: Counters: 29
	File System Counters
		FILE: Number of bytes read=2187948
		FILE: Number of bytes written=6625987
		FILE: Number of read operations=0
		FILE: Number of large read operations=0
		FILE: Number of write operations=0
		HDFS: Number of bytes read=110096961
		HDFS: Number of bytes written=13033
		HDFS: Number of read operations=808
		HDFS: Number of large read operations=0
		HDFS: Number of write operations=260
	Map-Reduce Framework
		Combine input records=0
		Combine output records=0
		Reduce input groups=2
		Reduce shuffle bytes=114
		Reduce input records=2
		Reduce output records=2
		Spilled Records=2
		Shuffled Maps =1
		Failed Shuffles=0
		Merged Map outputs=1
		GC time elapsed (ms)=0
		Total committed heap usage (bytes)=529006592
	Shuffle Errors
		BAD_ID=0
		CONNECTION=0
		IO_ERROR=0
		WRONG_LENGTH=0
		WRONG_MAP=0
		WRONG_REDUCE=0
	File Output Format Counters 
		Bytes Written=207
26/03/02 03:37:55 INFO mapred.LocalJobRunner: Finishing task: attempt_local1409114627_0015_r_000000_0
26/03/02 03:37:55 INFO mapred.LocalJobRunner: Starting task: attempt_local1409114627_0015_r_000001_0
26/03/02 03:37:55 INFO output.FileOutputCommitter: File Output Committer Algorithm version is 1
26/03/02 03:37:55 INFO mapred.Task:  Using ResourceCalculatorProcessTree : [ ]
26/03/02 03:37:55 INFO mapred.ReduceTask: Using ShuffleConsumerPlugin: org.apache.hadoop.mapreduce.task.reduce.Shuffle@6c4cac52
26/03/02 03:37:55 INFO reduce.MergeManagerImpl: MergerManager: memoryLimit=370304608, maxSingleShuffleLimit=92576152, mergeThreshold=244401056, ioSortFactor=10, memToMemMergeOutputsThreshold=10
26/03/02 03:37:55 INFO reduce.EventFetcher: attempt_local1409114627_0015_r_000001_0 Thread started: EventFetcher for fetching Map Completion Events
26/03/02 03:37:55 INFO reduce.LocalFetcher: localfetcher#58 about to shuffle output of map attempt_local1409114627_0015_m_000000_0 decomp: 56 len: 60 to MEMORY
26/03/02 03:37:55 INFO reduce.InMemoryMapOutput: Read 56 bytes from map-output for attempt_local1409114627_0015_m_000000_0
26/03/02 03:37:55 INFO reduce.MergeManagerImpl: closeInMemoryFile -> map-output of size: 56, inMemoryMapOutputs.size() -> 1, commitMemory -> 0, usedMemory ->56
26/03/02 03:37:55 WARN io.ReadaheadPool: Failed readahead on ifile
EBADF: Bad file descriptor
	at org.apache.hadoop.io.nativeio.NativeIO$POSIX.posix_fadvise(Native Method)
	at org.apache.hadoop.io.nativeio.NativeIO$POSIX.posixFadviseIfPossible(NativeIO.java:267)
	at org.apache.hadoop.io.nativeio.NativeIO$POSIX$CacheManipulator.posixFadviseIfPossible(NativeIO.java:146)
	at org.apache.hadoop.io.ReadaheadPool$ReadaheadRequestImpl.run(ReadaheadPool.java:206)
	at java.util.concurrent.ThreadPoolExecutor.runWorker(ThreadPoolExecutor.java:1149)
	at java.util.concurrent.ThreadPoolExecutor$Worker.run(ThreadPoolExecutor.java:624)
	at java.lang.Thread.run(Thread.java:748)
26/03/02 03:37:55 INFO reduce.EventFetcher: EventFetcher is interrupted.. Returning
26/03/02 03:37:55 INFO mapred.LocalJobRunner: 1 / 1 copied.
26/03/02 03:37:55 INFO reduce.MergeManagerImpl: finalMerge called with 1 in-memory map-outputs and 0 on-disk map-outputs
26/03/02 03:37:55 INFO mapred.Merger: Merging 1 sorted segments
26/03/02 03:37:55 INFO mapred.Merger: Down to the last merge-pass, with 1 segments left of total size: 50 bytes
26/03/02 03:37:55 INFO reduce.MergeManagerImpl: Merged 1 segments, 56 bytes to disk to satisfy reduce memory limit
26/03/02 03:37:55 INFO reduce.MergeManagerImpl: Merging 1 files, 60 bytes from disk
26/03/02 03:37:55 INFO reduce.MergeManagerImpl: Merging 0 segments, 0 bytes from memory into reduce
26/03/02 03:37:55 INFO mapred.Merger: Merging 1 sorted segments
26/03/02 03:37:55 INFO mapred.Merger: Down to the last merge-pass, with 1 segments left of total size: 50 bytes
26/03/02 03:37:55 INFO mapred.LocalJobRunner: 1 / 1 copied.
26/03/02 03:37:55 INFO mapred.Task: Task:attempt_local1409114627_0015_r_000001_0 is done. And is in the process of committing
26/03/02 03:37:55 INFO mapred.LocalJobRunner: 1 / 1 copied.
26/03/02 03:37:55 INFO mapred.Task: Task attempt_local1409114627_0015_r_000001_0 is allowed to commit now
26/03/02 03:37:55 INFO output.FileOutputCommitter: Saved output of task 'attempt_local1409114627_0015_r_000001_0' to hdfs://localhost:9000/project2/task2/runs_report_plus/scale100k_opt/iter_15/_temporary/0/task_local1409114627_0015_r_000001
26/03/02 03:37:55 INFO mapred.LocalJobRunner: reduce > reduce
26/03/02 03:37:55 INFO mapred.Task: Task 'attempt_local1409114627_0015_r_000001_0' done.
26/03/02 03:37:55 INFO mapred.Task: Final Counters for attempt_local1409114627_0015_r_000001_0: Counters: 29
	File System Counters
		FILE: Number of bytes read=2188292
		FILE: Number of bytes written=6626047
		FILE: Number of read operations=0
		FILE: Number of large read operations=0
		FILE: Number of write operations=0
		HDFS: Number of bytes read=110096961
		HDFS: Number of bytes written=13135
		HDFS: Number of read operations=811
		HDFS: Number of large read operations=0
		HDFS: Number of write operations=262
	Map-Reduce Framework
		Combine input records=0
		Combine output records=0
		Reduce input groups=1
		Reduce shuffle bytes=60
		Reduce input records=1
		Reduce output records=1
		Spilled Records=1
		Shuffled Maps =1
		Failed Shuffles=0
		Merged Map outputs=1
		GC time elapsed (ms)=0
		Total committed heap usage (bytes)=529006592
	Shuffle Errors
		BAD_ID=0
		CONNECTION=0
		IO_ERROR=0
		WRONG_LENGTH=0
		WRONG_MAP=0
		WRONG_REDUCE=0
	File Output Format Counters 
		Bytes Written=102
26/03/02 03:37:55 INFO mapred.LocalJobRunner: Finishing task: attempt_local1409114627_0015_r_000001_0
26/03/02 03:37:55 INFO mapred.LocalJobRunner: Starting task: attempt_local1409114627_0015_r_000002_0
26/03/02 03:37:55 INFO output.FileOutputCommitter: File Output Committer Algorithm version is 1
26/03/02 03:37:55 INFO mapred.Task:  Using ResourceCalculatorProcessTree : [ ]
26/03/02 03:37:55 INFO mapred.ReduceTask: Using ShuffleConsumerPlugin: org.apache.hadoop.mapreduce.task.reduce.Shuffle@1403fce1
26/03/02 03:37:55 INFO reduce.MergeManagerImpl: MergerManager: memoryLimit=370304608, maxSingleShuffleLimit=92576152, mergeThreshold=244401056, ioSortFactor=10, memToMemMergeOutputsThreshold=10
26/03/02 03:37:55 INFO reduce.EventFetcher: attempt_local1409114627_0015_r_000002_0 Thread started: EventFetcher for fetching Map Completion Events
26/03/02 03:37:55 INFO reduce.LocalFetcher: localfetcher#59 about to shuffle output of map attempt_local1409114627_0015_m_000000_0 decomp: 56 len: 60 to MEMORY
26/03/02 03:37:55 INFO reduce.InMemoryMapOutput: Read 56 bytes from map-output for attempt_local1409114627_0015_m_000000_0
26/03/02 03:37:55 INFO reduce.MergeManagerImpl: closeInMemoryFile -> map-output of size: 56, inMemoryMapOutputs.size() -> 1, commitMemory -> 0, usedMemory ->56
26/03/02 03:37:55 WARN io.ReadaheadPool: Failed readahead on ifile
EBADF: Bad file descriptor
	at org.apache.hadoop.io.nativeio.NativeIO$POSIX.posix_fadvise(Native Method)
	at org.apache.hadoop.io.nativeio.NativeIO$POSIX.posixFadviseIfPossible(NativeIO.java:267)
	at org.apache.hadoop.io.nativeio.NativeIO$POSIX$CacheManipulator.posixFadviseIfPossible(NativeIO.java:146)
	at org.apache.hadoop.io.ReadaheadPool$ReadaheadRequestImpl.run(ReadaheadPool.java:206)
	at java.util.concurrent.ThreadPoolExecutor.runWorker(ThreadPoolExecutor.java:1149)
	at java.util.concurrent.ThreadPoolExecutor$Worker.run(ThreadPoolExecutor.java:624)
	at java.lang.Thread.run(Thread.java:748)
26/03/02 03:37:55 INFO reduce.EventFetcher: EventFetcher is interrupted.. Returning
26/03/02 03:37:55 INFO mapred.LocalJobRunner: 1 / 1 copied.
26/03/02 03:37:55 INFO reduce.MergeManagerImpl: finalMerge called with 1 in-memory map-outputs and 0 on-disk map-outputs
26/03/02 03:37:55 INFO mapred.Merger: Merging 1 sorted segments
26/03/02 03:37:55 INFO mapred.Merger: Down to the last merge-pass, with 1 segments left of total size: 50 bytes
26/03/02 03:37:55 INFO reduce.MergeManagerImpl: Merged 1 segments, 56 bytes to disk to satisfy reduce memory limit
26/03/02 03:37:55 INFO reduce.MergeManagerImpl: Merging 1 files, 60 bytes from disk
26/03/02 03:37:55 INFO reduce.MergeManagerImpl: Merging 0 segments, 0 bytes from memory into reduce
26/03/02 03:37:55 INFO mapred.Merger: Merging 1 sorted segments
26/03/02 03:37:55 INFO mapred.Merger: Down to the last merge-pass, with 1 segments left of total size: 50 bytes
26/03/02 03:37:55 INFO mapred.LocalJobRunner: 1 / 1 copied.
26/03/02 03:37:55 INFO mapred.Task: Task:attempt_local1409114627_0015_r_000002_0 is done. And is in the process of committing
26/03/02 03:37:55 INFO mapred.LocalJobRunner: 1 / 1 copied.
26/03/02 03:37:55 INFO mapred.Task: Task attempt_local1409114627_0015_r_000002_0 is allowed to commit now
26/03/02 03:37:55 INFO output.FileOutputCommitter: Saved output of task 'attempt_local1409114627_0015_r_000002_0' to hdfs://localhost:9000/project2/task2/runs_report_plus/scale100k_opt/iter_15/_temporary/0/task_local1409114627_0015_r_000002
26/03/02 03:37:55 INFO mapred.LocalJobRunner: reduce > reduce
26/03/02 03:37:55 INFO mapred.Task: Task 'attempt_local1409114627_0015_r_000002_0' done.
26/03/02 03:37:55 INFO mapred.Task: Final Counters for attempt_local1409114627_0015_r_000002_0: Counters: 29
	File System Counters
		FILE: Number of bytes read=2188576
		FILE: Number of bytes written=6626107
		FILE: Number of read operations=0
		FILE: Number of large read operations=0
		FILE: Number of write operations=0
		HDFS: Number of bytes read=110096961
		HDFS: Number of bytes written=13237
		HDFS: Number of read operations=814
		HDFS: Number of large read operations=0
		HDFS: Number of write operations=264
	Map-Reduce Framework
		Combine input records=0
		Combine output records=0
		Reduce input groups=1
		Reduce shuffle bytes=60
		Reduce input records=1
		Reduce output records=1
		Spilled Records=1
		Shuffled Maps =1
		Failed Shuffles=0
		Merged Map outputs=1
		GC time elapsed (ms)=0
		Total committed heap usage (bytes)=529006592
	Shuffle Errors
		BAD_ID=0
		CONNECTION=0
		IO_ERROR=0
		WRONG_LENGTH=0
		WRONG_MAP=0
		WRONG_REDUCE=0
	File Output Format Counters 
		Bytes Written=102
26/03/02 03:37:55 INFO mapred.LocalJobRunner: Finishing task: attempt_local1409114627_0015_r_000002_0
26/03/02 03:37:55 INFO mapred.LocalJobRunner: Starting task: attempt_local1409114627_0015_r_000003_0
26/03/02 03:37:55 INFO output.FileOutputCommitter: File Output Committer Algorithm version is 1
26/03/02 03:37:55 INFO mapred.Task:  Using ResourceCalculatorProcessTree : [ ]
26/03/02 03:37:55 INFO mapred.ReduceTask: Using ShuffleConsumerPlugin: org.apache.hadoop.mapreduce.task.reduce.Shuffle@6166a22
26/03/02 03:37:55 INFO reduce.MergeManagerImpl: MergerManager: memoryLimit=370304608, maxSingleShuffleLimit=92576152, mergeThreshold=244401056, ioSortFactor=10, memToMemMergeOutputsThreshold=10
26/03/02 03:37:55 INFO reduce.EventFetcher: attempt_local1409114627_0015_r_000003_0 Thread started: EventFetcher for fetching Map Completion Events
26/03/02 03:37:55 INFO reduce.LocalFetcher: localfetcher#60 about to shuffle output of map attempt_local1409114627_0015_m_000000_0 decomp: 56 len: 60 to MEMORY
26/03/02 03:37:55 INFO reduce.InMemoryMapOutput: Read 56 bytes from map-output for attempt_local1409114627_0015_m_000000_0
26/03/02 03:37:55 INFO reduce.MergeManagerImpl: closeInMemoryFile -> map-output of size: 56, inMemoryMapOutputs.size() -> 1, commitMemory -> 0, usedMemory ->56
26/03/02 03:37:55 WARN io.ReadaheadPool: Failed readahead on ifile
EBADF: Bad file descriptor
	at org.apache.hadoop.io.nativeio.NativeIO$POSIX.posix_fadvise(Native Method)
	at org.apache.hadoop.io.nativeio.NativeIO$POSIX.posixFadviseIfPossible(NativeIO.java:267)
	at org.apache.hadoop.io.nativeio.NativeIO$POSIX$CacheManipulator.posixFadviseIfPossible(NativeIO.java:146)
	at org.apache.hadoop.io.ReadaheadPool$ReadaheadRequestImpl.run(ReadaheadPool.java:206)
	at java.util.concurrent.ThreadPoolExecutor.runWorker(ThreadPoolExecutor.java:1149)
	at java.util.concurrent.ThreadPoolExecutor$Worker.run(ThreadPoolExecutor.java:624)
	at java.lang.Thread.run(Thread.java:748)
26/03/02 03:37:55 INFO reduce.EventFetcher: EventFetcher is interrupted.. Returning
26/03/02 03:37:55 INFO mapred.LocalJobRunner: 1 / 1 copied.
26/03/02 03:37:55 INFO reduce.MergeManagerImpl: finalMerge called with 1 in-memory map-outputs and 0 on-disk map-outputs
26/03/02 03:37:55 INFO mapred.Merger: Merging 1 sorted segments
26/03/02 03:37:55 INFO mapred.Merger: Down to the last merge-pass, with 1 segments left of total size: 50 bytes
26/03/02 03:37:55 INFO reduce.MergeManagerImpl: Merged 1 segments, 56 bytes to disk to satisfy reduce memory limit
26/03/02 03:37:55 INFO reduce.MergeManagerImpl: Merging 1 files, 60 bytes from disk
26/03/02 03:37:55 INFO reduce.MergeManagerImpl: Merging 0 segments, 0 bytes from memory into reduce
26/03/02 03:37:55 INFO mapred.Merger: Merging 1 sorted segments
26/03/02 03:37:55 INFO mapred.Merger: Down to the last merge-pass, with 1 segments left of total size: 50 bytes
26/03/02 03:37:55 INFO mapred.LocalJobRunner: 1 / 1 copied.
26/03/02 03:37:55 INFO mapred.Task: Task:attempt_local1409114627_0015_r_000003_0 is done. And is in the process of committing
26/03/02 03:37:55 INFO mapred.LocalJobRunner: 1 / 1 copied.
26/03/02 03:37:55 INFO mapred.Task: Task attempt_local1409114627_0015_r_000003_0 is allowed to commit now
26/03/02 03:37:55 INFO output.FileOutputCommitter: Saved output of task 'attempt_local1409114627_0015_r_000003_0' to hdfs://localhost:9000/project2/task2/runs_report_plus/scale100k_opt/iter_15/_temporary/0/task_local1409114627_0015_r_000003
26/03/02 03:37:55 INFO mapred.LocalJobRunner: reduce > reduce
26/03/02 03:37:55 INFO mapred.Task: Task 'attempt_local1409114627_0015_r_000003_0' done.
26/03/02 03:37:55 INFO mapred.Task: Final Counters for attempt_local1409114627_0015_r_000003_0: Counters: 29
	File System Counters
		FILE: Number of bytes read=2188800
		FILE: Number of bytes written=6626167
		FILE: Number of read operations=0
		FILE: Number of large read operations=0
		FILE: Number of write operations=0
		HDFS: Number of bytes read=110096961
		HDFS: Number of bytes written=13340
		HDFS: Number of read operations=817
		HDFS: Number of large read operations=0
		HDFS: Number of write operations=266
	Map-Reduce Framework
		Combine input records=0
		Combine output records=0
		Reduce input groups=1
		Reduce shuffle bytes=60
		Reduce input records=1
		Reduce output records=1
		Spilled Records=1
		Shuffled Maps =1
		Failed Shuffles=0
		Merged Map outputs=1
		GC time elapsed (ms)=0
		Total committed heap usage (bytes)=529006592
	Shuffle Errors
		BAD_ID=0
		CONNECTION=0
		IO_ERROR=0
		WRONG_LENGTH=0
		WRONG_MAP=0
		WRONG_REDUCE=0
	File Output Format Counters 
		Bytes Written=103
26/03/02 03:37:55 INFO mapred.LocalJobRunner: Finishing task: attempt_local1409114627_0015_r_000003_0
26/03/02 03:37:55 INFO mapred.LocalJobRunner: reduce task executor complete.
26/03/02 03:37:56 INFO mapreduce.Job: Job job_local1409114627_0015 running in uber mode : false
26/03/02 03:37:56 INFO mapreduce.Job:  map 100% reduce 100%
26/03/02 03:37:56 INFO mapreduce.Job: Job job_local1409114627_0015 completed successfully
26/03/02 03:37:56 INFO mapreduce.Job: Counters: 35
	File System Counters
		FILE: Number of bytes read=10941052
		FILE: Number of bytes written=33130181
		FILE: Number of read operations=0
		FILE: Number of large read operations=0
		FILE: Number of write operations=0
		HDFS: Number of bytes read=550484805
		HDFS: Number of bytes written=65571
		HDFS: Number of read operations=4055
		HDFS: Number of large read operations=0
		HDFS: Number of write operations=1310
	Map-Reduce Framework
		Map input records=100000
		Map output records=100000
		Map output bytes=5200000
		Map output materialized bytes=294
		Input split bytes=123
		Combine input records=100000
		Combine output records=5
		Reduce input groups=5
		Reduce shuffle bytes=294
		Reduce input records=5
		Reduce output records=5
		Spilled Records=10
		Shuffled Maps =4
		Failed Shuffles=0
		Merged Map outputs=4
		GC time elapsed (ms)=33
		Total committed heap usage (bytes)=2645032960
	Shuffle Errors
		BAD_ID=0
		CONNECTION=0
		IO_ERROR=0
		WRONG_LENGTH=0
		WRONG_MAP=0
		WRONG_REDUCE=0
	File Input Format Counters 
		Bytes Read=7337711
	File Output Format Counters 
		Bytes Written=514
26/03/02 03:37:56 INFO jvm.JvmMetrics: Cannot initialize JVM Metrics with processName=JobTracker, sessionId= - already initialized
26/03/02 03:37:56 WARN mapreduce.JobResourceUploader: Hadoop command-line option parsing not performed. Implement the Tool interface and execute your application with ToolRunner to remedy this.
26/03/02 03:37:56 INFO input.FileInputFormat: Total input paths to process : 1
26/03/02 03:37:56 INFO mapreduce.JobSubmitter: number of splits:1
26/03/02 03:37:56 INFO mapreduce.JobSubmitter: Submitting tokens for job: job_local924165890_0016
26/03/02 03:37:56 INFO mapred.LocalDistributedCacheManager: Creating symlink: /tmp/hadoop-ds503/mapred/local/1772422676133/centers_iter_15.csv <- /home/ds503/centers_iter_15.csv
26/03/02 03:37:56 INFO mapred.LocalDistributedCacheManager: Localized hdfs://localhost:9000/project2/task2/runs_report_plus/scale100k_opt/centers_iter_15.csv as file:/tmp/hadoop-ds503/mapred/local/1772422676133/centers_iter_15.csv
26/03/02 03:37:56 INFO mapreduce.Job: The url to track the job: http://localhost:8080/
26/03/02 03:37:56 INFO mapreduce.Job: Running job: job_local924165890_0016
26/03/02 03:37:56 INFO mapred.LocalJobRunner: OutputCommitter set in config null
26/03/02 03:37:56 INFO output.FileOutputCommitter: File Output Committer Algorithm version is 1
26/03/02 03:37:56 INFO mapred.LocalJobRunner: OutputCommitter is org.apache.hadoop.mapreduce.lib.output.FileOutputCommitter
26/03/02 03:37:56 INFO mapred.LocalJobRunner: Waiting for map tasks
26/03/02 03:37:56 INFO mapred.LocalJobRunner: Starting task: attempt_local924165890_0016_m_000000_0
26/03/02 03:37:56 INFO output.FileOutputCommitter: File Output Committer Algorithm version is 1
26/03/02 03:37:56 INFO mapred.Task:  Using ResourceCalculatorProcessTree : [ ]
26/03/02 03:37:56 INFO mapred.MapTask: Processing split: hdfs://localhost:9000/project2/task2/input/points_100k.csv:0+7337711
26/03/02 03:37:56 INFO mapred.MapTask: (EQUATOR) 0 kvi 26214396(104857584)
26/03/02 03:37:56 INFO mapred.MapTask: mapreduce.task.io.sort.mb: 100
26/03/02 03:37:56 INFO mapred.MapTask: soft limit at 83886080
26/03/02 03:37:56 INFO mapred.MapTask: bufstart = 0; bufvoid = 104857600
26/03/02 03:37:56 INFO mapred.MapTask: kvstart = 26214396; length = 6553600
26/03/02 03:37:56 INFO mapred.MapTask: Map output collector class = org.apache.hadoop.mapred.MapTask$MapOutputBuffer
26/03/02 03:37:56 INFO mapred.LocalJobRunner: 
26/03/02 03:37:56 INFO mapred.MapTask: Starting flush of map output
26/03/02 03:37:56 INFO mapred.MapTask: Spilling map output
26/03/02 03:37:56 INFO mapred.MapTask: bufstart = 0; bufend = 5200000; bufvoid = 104857600
26/03/02 03:37:56 INFO mapred.MapTask: kvstart = 26214396(104857584); kvend = 25814400(103257600); length = 399997/6553600
26/03/02 03:37:56 INFO mapred.MapTask: Finished spill 0
26/03/02 03:37:56 INFO mapred.Task: Task:attempt_local924165890_0016_m_000000_0 is done. And is in the process of committing
26/03/02 03:37:56 INFO mapred.LocalJobRunner: map
26/03/02 03:37:56 INFO mapred.Task: Task 'attempt_local924165890_0016_m_000000_0' done.
26/03/02 03:37:56 INFO mapred.Task: Final Counters for attempt_local924165890_0016_m_000000_0: Counters: 23
	File System Counters
		FILE: Number of bytes read=2333356
		FILE: Number of bytes written=7066669
		FILE: Number of read operations=0
		FILE: Number of large read operations=0
		FILE: Number of write operations=0
		HDFS: Number of bytes read=117436832
		HDFS: Number of bytes written=13718
		HDFS: Number of read operations=861
		HDFS: Number of large read operations=0
		HDFS: Number of write operations=276
	Map-Reduce Framework
		Map input records=100000
		Map output records=100000
		Map output bytes=5200000
		Map output materialized bytes=294
		Input split bytes=123
		Combine input records=100000
		Combine output records=5
		Spilled Records=5
		Failed Shuffles=0
		Merged Map outputs=0
		GC time elapsed (ms)=23
		Total committed heap usage (bytes)=529530880
	File Input Format Counters 
		Bytes Read=7337711
26/03/02 03:37:56 INFO mapred.LocalJobRunner: Finishing task: attempt_local924165890_0016_m_000000_0
26/03/02 03:37:56 INFO mapred.LocalJobRunner: map task executor complete.
26/03/02 03:37:56 INFO mapred.LocalJobRunner: Waiting for reduce tasks
26/03/02 03:37:56 INFO mapred.LocalJobRunner: Starting task: attempt_local924165890_0016_r_000000_0
26/03/02 03:37:56 INFO output.FileOutputCommitter: File Output Committer Algorithm version is 1
26/03/02 03:37:56 INFO mapred.Task:  Using ResourceCalculatorProcessTree : [ ]
26/03/02 03:37:56 INFO mapred.ReduceTask: Using ShuffleConsumerPlugin: org.apache.hadoop.mapreduce.task.reduce.Shuffle@de79c67
26/03/02 03:37:56 INFO reduce.MergeManagerImpl: MergerManager: memoryLimit=370671616, maxSingleShuffleLimit=92667904, mergeThreshold=244643280, ioSortFactor=10, memToMemMergeOutputsThreshold=10
26/03/02 03:37:56 INFO reduce.EventFetcher: attempt_local924165890_0016_r_000000_0 Thread started: EventFetcher for fetching Map Completion Events
26/03/02 03:37:56 INFO reduce.LocalFetcher: localfetcher#61 about to shuffle output of map attempt_local924165890_0016_m_000000_0 decomp: 110 len: 114 to MEMORY
26/03/02 03:37:56 INFO reduce.InMemoryMapOutput: Read 110 bytes from map-output for attempt_local924165890_0016_m_000000_0
26/03/02 03:37:56 INFO reduce.MergeManagerImpl: closeInMemoryFile -> map-output of size: 110, inMemoryMapOutputs.size() -> 1, commitMemory -> 0, usedMemory ->110
26/03/02 03:37:56 INFO reduce.EventFetcher: EventFetcher is interrupted.. Returning
26/03/02 03:37:56 INFO mapred.LocalJobRunner: 1 / 1 copied.
26/03/02 03:37:56 INFO reduce.MergeManagerImpl: finalMerge called with 1 in-memory map-outputs and 0 on-disk map-outputs
26/03/02 03:37:56 INFO mapred.Merger: Merging 1 sorted segments
26/03/02 03:37:56 INFO mapred.Merger: Down to the last merge-pass, with 1 segments left of total size: 104 bytes
26/03/02 03:37:56 INFO reduce.MergeManagerImpl: Merged 1 segments, 110 bytes to disk to satisfy reduce memory limit
26/03/02 03:37:56 INFO reduce.MergeManagerImpl: Merging 1 files, 114 bytes from disk
26/03/02 03:37:56 INFO reduce.MergeManagerImpl: Merging 0 segments, 0 bytes from memory into reduce
26/03/02 03:37:56 INFO mapred.Merger: Merging 1 sorted segments
26/03/02 03:37:56 INFO mapred.Merger: Down to the last merge-pass, with 1 segments left of total size: 104 bytes
26/03/02 03:37:56 INFO mapred.LocalJobRunner: 1 / 1 copied.
26/03/02 03:37:56 INFO mapred.Task: Task:attempt_local924165890_0016_r_000000_0 is done. And is in the process of committing
26/03/02 03:37:56 INFO mapred.LocalJobRunner: 1 / 1 copied.
26/03/02 03:37:56 INFO mapred.Task: Task attempt_local924165890_0016_r_000000_0 is allowed to commit now
26/03/02 03:37:56 INFO output.FileOutputCommitter: Saved output of task 'attempt_local924165890_0016_r_000000_0' to hdfs://localhost:9000/project2/task2/runs_report_plus/scale100k_opt/iter_16/_temporary/0/task_local924165890_0016_r_000000
26/03/02 03:37:56 INFO mapred.LocalJobRunner: reduce > reduce
26/03/02 03:37:56 INFO mapred.Task: Task 'attempt_local924165890_0016_r_000000_0' done.
26/03/02 03:37:56 INFO mapred.Task: Final Counters for attempt_local924165890_0016_r_000000_0: Counters: 29
	File System Counters
		FILE: Number of bytes read=2333868
		FILE: Number of bytes written=7066783
		FILE: Number of read operations=0
		FILE: Number of large read operations=0
		FILE: Number of write operations=0
		HDFS: Number of bytes read=117436832
		HDFS: Number of bytes written=13926
		HDFS: Number of read operations=864
		HDFS: Number of large read operations=0
		HDFS: Number of write operations=278
	Map-Reduce Framework
		Combine input records=0
		Combine output records=0
		Reduce input groups=2
		Reduce shuffle bytes=114
		Reduce input records=2
		Reduce output records=2
		Spilled Records=2
		Shuffled Maps =1
		Failed Shuffles=0
		Merged Map outputs=1
		GC time elapsed (ms)=0
		Total committed heap usage (bytes)=529530880
	Shuffle Errors
		BAD_ID=0
		CONNECTION=0
		IO_ERROR=0
		WRONG_LENGTH=0
		WRONG_MAP=0
		WRONG_REDUCE=0
	File Output Format Counters 
		Bytes Written=208
26/03/02 03:37:56 INFO mapred.LocalJobRunner: Finishing task: attempt_local924165890_0016_r_000000_0
26/03/02 03:37:56 INFO mapred.LocalJobRunner: Starting task: attempt_local924165890_0016_r_000001_0
26/03/02 03:37:56 INFO output.FileOutputCommitter: File Output Committer Algorithm version is 1
26/03/02 03:37:56 INFO mapred.Task:  Using ResourceCalculatorProcessTree : [ ]
26/03/02 03:37:56 INFO mapred.ReduceTask: Using ShuffleConsumerPlugin: org.apache.hadoop.mapreduce.task.reduce.Shuffle@7328d110
26/03/02 03:37:56 INFO reduce.MergeManagerImpl: MergerManager: memoryLimit=370671616, maxSingleShuffleLimit=92667904, mergeThreshold=244643280, ioSortFactor=10, memToMemMergeOutputsThreshold=10
26/03/02 03:37:56 INFO reduce.EventFetcher: attempt_local924165890_0016_r_000001_0 Thread started: EventFetcher for fetching Map Completion Events
26/03/02 03:37:56 INFO reduce.LocalFetcher: localfetcher#62 about to shuffle output of map attempt_local924165890_0016_m_000000_0 decomp: 56 len: 60 to MEMORY
26/03/02 03:37:56 INFO reduce.InMemoryMapOutput: Read 56 bytes from map-output for attempt_local924165890_0016_m_000000_0
26/03/02 03:37:56 INFO reduce.MergeManagerImpl: closeInMemoryFile -> map-output of size: 56, inMemoryMapOutputs.size() -> 1, commitMemory -> 0, usedMemory ->56
26/03/02 03:37:56 INFO reduce.EventFetcher: EventFetcher is interrupted.. Returning
26/03/02 03:37:56 INFO mapred.LocalJobRunner: 1 / 1 copied.
26/03/02 03:37:56 INFO reduce.MergeManagerImpl: finalMerge called with 1 in-memory map-outputs and 0 on-disk map-outputs
26/03/02 03:37:56 INFO mapred.Merger: Merging 1 sorted segments
26/03/02 03:37:56 INFO mapred.Merger: Down to the last merge-pass, with 1 segments left of total size: 50 bytes
26/03/02 03:37:56 INFO reduce.MergeManagerImpl: Merged 1 segments, 56 bytes to disk to satisfy reduce memory limit
26/03/02 03:37:56 INFO reduce.MergeManagerImpl: Merging 1 files, 60 bytes from disk
26/03/02 03:37:56 INFO reduce.MergeManagerImpl: Merging 0 segments, 0 bytes from memory into reduce
26/03/02 03:37:56 INFO mapred.Merger: Merging 1 sorted segments
26/03/02 03:37:56 INFO mapred.Merger: Down to the last merge-pass, with 1 segments left of total size: 50 bytes
26/03/02 03:37:56 INFO mapred.LocalJobRunner: 1 / 1 copied.
26/03/02 03:37:56 INFO mapred.Task: Task:attempt_local924165890_0016_r_000001_0 is done. And is in the process of committing
26/03/02 03:37:56 INFO mapred.LocalJobRunner: 1 / 1 copied.
26/03/02 03:37:56 INFO mapred.Task: Task attempt_local924165890_0016_r_000001_0 is allowed to commit now
26/03/02 03:37:56 INFO output.FileOutputCommitter: Saved output of task 'attempt_local924165890_0016_r_000001_0' to hdfs://localhost:9000/project2/task2/runs_report_plus/scale100k_opt/iter_16/_temporary/0/task_local924165890_0016_r_000001
26/03/02 03:37:56 INFO mapred.LocalJobRunner: reduce > reduce
26/03/02 03:37:56 INFO mapred.Task: Task 'attempt_local924165890_0016_r_000001_0' done.
26/03/02 03:37:56 INFO mapred.Task: Final Counters for attempt_local924165890_0016_r_000001_0: Counters: 29
	File System Counters
		FILE: Number of bytes read=2334212
		FILE: Number of bytes written=7066843
		FILE: Number of read operations=0
		FILE: Number of large read operations=0
		FILE: Number of write operations=0
		HDFS: Number of bytes read=117436832
		HDFS: Number of bytes written=14027
		HDFS: Number of read operations=867
		HDFS: Number of large read operations=0
		HDFS: Number of write operations=280
	Map-Reduce Framework
		Combine input records=0
		Combine output records=0
		Reduce input groups=1
		Reduce shuffle bytes=60
		Reduce input records=1
		Reduce output records=1
		Spilled Records=1
		Shuffled Maps =1
		Failed Shuffles=0
		Merged Map outputs=1
		GC time elapsed (ms)=0
		Total committed heap usage (bytes)=529530880
	Shuffle Errors
		BAD_ID=0
		CONNECTION=0
		IO_ERROR=0
		WRONG_LENGTH=0
		WRONG_MAP=0
		WRONG_REDUCE=0
	File Output Format Counters 
		Bytes Written=101
26/03/02 03:37:56 INFO mapred.LocalJobRunner: Finishing task: attempt_local924165890_0016_r_000001_0
26/03/02 03:37:56 INFO mapred.LocalJobRunner: Starting task: attempt_local924165890_0016_r_000002_0
26/03/02 03:37:56 INFO output.FileOutputCommitter: File Output Committer Algorithm version is 1
26/03/02 03:37:56 INFO mapred.Task:  Using ResourceCalculatorProcessTree : [ ]
26/03/02 03:37:56 INFO mapred.ReduceTask: Using ShuffleConsumerPlugin: org.apache.hadoop.mapreduce.task.reduce.Shuffle@b4a2fcf
26/03/02 03:37:56 INFO reduce.MergeManagerImpl: MergerManager: memoryLimit=370671616, maxSingleShuffleLimit=92667904, mergeThreshold=244643280, ioSortFactor=10, memToMemMergeOutputsThreshold=10
26/03/02 03:37:56 INFO reduce.EventFetcher: attempt_local924165890_0016_r_000002_0 Thread started: EventFetcher for fetching Map Completion Events
26/03/02 03:37:56 INFO reduce.LocalFetcher: localfetcher#63 about to shuffle output of map attempt_local924165890_0016_m_000000_0 decomp: 56 len: 60 to MEMORY
26/03/02 03:37:56 INFO reduce.InMemoryMapOutput: Read 56 bytes from map-output for attempt_local924165890_0016_m_000000_0
26/03/02 03:37:56 INFO reduce.MergeManagerImpl: closeInMemoryFile -> map-output of size: 56, inMemoryMapOutputs.size() -> 1, commitMemory -> 0, usedMemory ->56
26/03/02 03:37:56 INFO reduce.EventFetcher: EventFetcher is interrupted.. Returning
26/03/02 03:37:56 INFO mapred.LocalJobRunner: 1 / 1 copied.
26/03/02 03:37:56 INFO reduce.MergeManagerImpl: finalMerge called with 1 in-memory map-outputs and 0 on-disk map-outputs
26/03/02 03:37:56 INFO mapred.Merger: Merging 1 sorted segments
26/03/02 03:37:56 INFO mapred.Merger: Down to the last merge-pass, with 1 segments left of total size: 50 bytes
26/03/02 03:37:56 INFO reduce.MergeManagerImpl: Merged 1 segments, 56 bytes to disk to satisfy reduce memory limit
26/03/02 03:37:56 INFO reduce.MergeManagerImpl: Merging 1 files, 60 bytes from disk
26/03/02 03:37:56 INFO reduce.MergeManagerImpl: Merging 0 segments, 0 bytes from memory into reduce
26/03/02 03:37:56 INFO mapred.Merger: Merging 1 sorted segments
26/03/02 03:37:56 INFO mapred.Merger: Down to the last merge-pass, with 1 segments left of total size: 50 bytes
26/03/02 03:37:56 INFO mapred.LocalJobRunner: 1 / 1 copied.
26/03/02 03:37:56 INFO mapred.Task: Task:attempt_local924165890_0016_r_000002_0 is done. And is in the process of committing
26/03/02 03:37:56 INFO mapred.LocalJobRunner: 1 / 1 copied.
26/03/02 03:37:56 INFO mapred.Task: Task attempt_local924165890_0016_r_000002_0 is allowed to commit now
26/03/02 03:37:56 INFO output.FileOutputCommitter: Saved output of task 'attempt_local924165890_0016_r_000002_0' to hdfs://localhost:9000/project2/task2/runs_report_plus/scale100k_opt/iter_16/_temporary/0/task_local924165890_0016_r_000002
26/03/02 03:37:56 INFO mapred.LocalJobRunner: reduce > reduce
26/03/02 03:37:56 INFO mapred.Task: Task 'attempt_local924165890_0016_r_000002_0' done.
26/03/02 03:37:56 INFO mapred.Task: Final Counters for attempt_local924165890_0016_r_000002_0: Counters: 29
	File System Counters
		FILE: Number of bytes read=2334496
		FILE: Number of bytes written=7066903
		FILE: Number of read operations=0
		FILE: Number of large read operations=0
		FILE: Number of write operations=0
		HDFS: Number of bytes read=117436832
		HDFS: Number of bytes written=14130
		HDFS: Number of read operations=870
		HDFS: Number of large read operations=0
		HDFS: Number of write operations=282
	Map-Reduce Framework
		Combine input records=0
		Combine output records=0
		Reduce input groups=1
		Reduce shuffle bytes=60
		Reduce input records=1
		Reduce output records=1
		Spilled Records=1
		Shuffled Maps =1
		Failed Shuffles=0
		Merged Map outputs=1
		GC time elapsed (ms)=0
		Total committed heap usage (bytes)=529530880
	Shuffle Errors
		BAD_ID=0
		CONNECTION=0
		IO_ERROR=0
		WRONG_LENGTH=0
		WRONG_MAP=0
		WRONG_REDUCE=0
	File Output Format Counters 
		Bytes Written=103
26/03/02 03:37:56 INFO mapred.LocalJobRunner: Finishing task: attempt_local924165890_0016_r_000002_0
26/03/02 03:37:56 INFO mapred.LocalJobRunner: Starting task: attempt_local924165890_0016_r_000003_0
26/03/02 03:37:56 INFO output.FileOutputCommitter: File Output Committer Algorithm version is 1
26/03/02 03:37:56 INFO mapred.Task:  Using ResourceCalculatorProcessTree : [ ]
26/03/02 03:37:56 INFO mapred.ReduceTask: Using ShuffleConsumerPlugin: org.apache.hadoop.mapreduce.task.reduce.Shuffle@172763d8
26/03/02 03:37:56 INFO reduce.MergeManagerImpl: MergerManager: memoryLimit=370671616, maxSingleShuffleLimit=92667904, mergeThreshold=244643280, ioSortFactor=10, memToMemMergeOutputsThreshold=10
26/03/02 03:37:56 INFO reduce.EventFetcher: attempt_local924165890_0016_r_000003_0 Thread started: EventFetcher for fetching Map Completion Events
26/03/02 03:37:56 INFO reduce.LocalFetcher: localfetcher#64 about to shuffle output of map attempt_local924165890_0016_m_000000_0 decomp: 56 len: 60 to MEMORY
26/03/02 03:37:56 INFO reduce.InMemoryMapOutput: Read 56 bytes from map-output for attempt_local924165890_0016_m_000000_0
26/03/02 03:37:56 WARN io.ReadaheadPool: Failed readahead on ifile
EBADF: Bad file descriptor
	at org.apache.hadoop.io.nativeio.NativeIO$POSIX.posix_fadvise(Native Method)
	at org.apache.hadoop.io.nativeio.NativeIO$POSIX.posixFadviseIfPossible(NativeIO.java:267)
	at org.apache.hadoop.io.nativeio.NativeIO$POSIX$CacheManipulator.posixFadviseIfPossible(NativeIO.java:146)
	at org.apache.hadoop.io.ReadaheadPool$ReadaheadRequestImpl.run(ReadaheadPool.java:206)
	at java.util.concurrent.ThreadPoolExecutor.runWorker(ThreadPoolExecutor.java:1149)
	at java.util.concurrent.ThreadPoolExecutor$Worker.run(ThreadPoolExecutor.java:624)
	at java.lang.Thread.run(Thread.java:748)
26/03/02 03:37:56 INFO reduce.MergeManagerImpl: closeInMemoryFile -> map-output of size: 56, inMemoryMapOutputs.size() -> 1, commitMemory -> 0, usedMemory ->56
26/03/02 03:37:56 INFO reduce.EventFetcher: EventFetcher is interrupted.. Returning
26/03/02 03:37:56 INFO mapred.LocalJobRunner: 1 / 1 copied.
26/03/02 03:37:56 INFO reduce.MergeManagerImpl: finalMerge called with 1 in-memory map-outputs and 0 on-disk map-outputs
26/03/02 03:37:56 INFO mapred.Merger: Merging 1 sorted segments
26/03/02 03:37:56 INFO mapred.Merger: Down to the last merge-pass, with 1 segments left of total size: 50 bytes
26/03/02 03:37:56 INFO reduce.MergeManagerImpl: Merged 1 segments, 56 bytes to disk to satisfy reduce memory limit
26/03/02 03:37:56 INFO reduce.MergeManagerImpl: Merging 1 files, 60 bytes from disk
26/03/02 03:37:56 INFO reduce.MergeManagerImpl: Merging 0 segments, 0 bytes from memory into reduce
26/03/02 03:37:56 INFO mapred.Merger: Merging 1 sorted segments
26/03/02 03:37:56 INFO mapred.Merger: Down to the last merge-pass, with 1 segments left of total size: 50 bytes
26/03/02 03:37:56 INFO mapred.LocalJobRunner: 1 / 1 copied.
26/03/02 03:37:56 INFO mapred.Task: Task:attempt_local924165890_0016_r_000003_0 is done. And is in the process of committing
26/03/02 03:37:56 INFO mapred.LocalJobRunner: 1 / 1 copied.
26/03/02 03:37:56 INFO mapred.Task: Task attempt_local924165890_0016_r_000003_0 is allowed to commit now
26/03/02 03:37:56 INFO output.FileOutputCommitter: Saved output of task 'attempt_local924165890_0016_r_000003_0' to hdfs://localhost:9000/project2/task2/runs_report_plus/scale100k_opt/iter_16/_temporary/0/task_local924165890_0016_r_000003
26/03/02 03:37:56 INFO mapred.LocalJobRunner: reduce > reduce
26/03/02 03:37:56 INFO mapred.Task: Task 'attempt_local924165890_0016_r_000003_0' done.
26/03/02 03:37:56 INFO mapred.Task: Final Counters for attempt_local924165890_0016_r_000003_0: Counters: 29
	File System Counters
		FILE: Number of bytes read=2334720
		FILE: Number of bytes written=7066963
		FILE: Number of read operations=0
		FILE: Number of large read operations=0
		FILE: Number of write operations=0
		HDFS: Number of bytes read=117436832
		HDFS: Number of bytes written=14235
		HDFS: Number of read operations=873
		HDFS: Number of large read operations=0
		HDFS: Number of write operations=284
	Map-Reduce Framework
		Combine input records=0
		Combine output records=0
		Reduce input groups=1
		Reduce shuffle bytes=60
		Reduce input records=1
		Reduce output records=1
		Spilled Records=1
		Shuffled Maps =1
		Failed Shuffles=0
		Merged Map outputs=1
		GC time elapsed (ms)=0
		Total committed heap usage (bytes)=529530880
	Shuffle Errors
		BAD_ID=0
		CONNECTION=0
		IO_ERROR=0
		WRONG_LENGTH=0
		WRONG_MAP=0
		WRONG_REDUCE=0
	File Output Format Counters 
		Bytes Written=105
26/03/02 03:37:56 INFO mapred.LocalJobRunner: Finishing task: attempt_local924165890_0016_r_000003_0
26/03/02 03:37:56 INFO mapred.LocalJobRunner: reduce task executor complete.
26/03/02 03:37:57 INFO mapreduce.Job: Job job_local924165890_0016 running in uber mode : false
26/03/02 03:37:57 INFO mapreduce.Job:  map 100% reduce 100%
26/03/02 03:37:57 INFO mapreduce.Job: Job job_local924165890_0016 completed successfully
26/03/02 03:37:57 INFO mapreduce.Job: Counters: 35
	File System Counters
		FILE: Number of bytes read=11670652
		FILE: Number of bytes written=35334161
		FILE: Number of read operations=0
		FILE: Number of large read operations=0
		FILE: Number of write operations=0
		HDFS: Number of bytes read=587184160
		HDFS: Number of bytes written=70036
		HDFS: Number of read operations=4335
		HDFS: Number of large read operations=0
		HDFS: Number of write operations=1400
	Map-Reduce Framework
		Map input records=100000
		Map output records=100000
		Map output bytes=5200000
		Map output materialized bytes=294
		Input split bytes=123
		Combine input records=100000
		Combine output records=5
		Reduce input groups=5
		Reduce shuffle bytes=294
		Reduce input records=5
		Reduce output records=5
		Spilled Records=10
		Shuffled Maps =4
		Failed Shuffles=0
		Merged Map outputs=4
		GC time elapsed (ms)=23
		Total committed heap usage (bytes)=2647654400
	Shuffle Errors
		BAD_ID=0
		CONNECTION=0
		IO_ERROR=0
		WRONG_LENGTH=0
		WRONG_MAP=0
		WRONG_REDUCE=0
	File Input Format Counters 
		Bytes Read=7337711
	File Output Format Counters 
		Bytes Written=517
26/03/02 03:37:57 INFO jvm.JvmMetrics: Cannot initialize JVM Metrics with processName=JobTracker, sessionId= - already initialized
26/03/02 03:37:57 WARN mapreduce.JobResourceUploader: Hadoop command-line option parsing not performed. Implement the Tool interface and execute your application with ToolRunner to remedy this.
26/03/02 03:37:57 INFO input.FileInputFormat: Total input paths to process : 1
26/03/02 03:37:57 INFO mapreduce.JobSubmitter: number of splits:1
26/03/02 03:37:57 INFO mapreduce.JobSubmitter: Submitting tokens for job: job_local1147852352_0017
26/03/02 03:37:57 INFO mapred.LocalDistributedCacheManager: Creating symlink: /tmp/hadoop-ds503/mapred/local/1772422677209/centers_iter_16.csv <- /home/ds503/centers_iter_16.csv
26/03/02 03:37:57 INFO mapred.LocalDistributedCacheManager: Localized hdfs://localhost:9000/project2/task2/runs_report_plus/scale100k_opt/centers_iter_16.csv as file:/tmp/hadoop-ds503/mapred/local/1772422677209/centers_iter_16.csv
26/03/02 03:37:57 INFO mapreduce.Job: The url to track the job: http://localhost:8080/
26/03/02 03:37:57 INFO mapreduce.Job: Running job: job_local1147852352_0017
26/03/02 03:37:57 INFO mapred.LocalJobRunner: OutputCommitter set in config null
26/03/02 03:37:57 INFO output.FileOutputCommitter: File Output Committer Algorithm version is 1
26/03/02 03:37:57 INFO mapred.LocalJobRunner: OutputCommitter is org.apache.hadoop.mapreduce.lib.output.FileOutputCommitter
26/03/02 03:37:57 INFO mapred.LocalJobRunner: Waiting for map tasks
26/03/02 03:37:57 INFO mapred.LocalJobRunner: Starting task: attempt_local1147852352_0017_m_000000_0
26/03/02 03:37:57 INFO output.FileOutputCommitter: File Output Committer Algorithm version is 1
26/03/02 03:37:57 INFO mapred.Task:  Using ResourceCalculatorProcessTree : [ ]
26/03/02 03:37:57 INFO mapred.MapTask: Processing split: hdfs://localhost:9000/project2/task2/input/points_100k.csv:0+7337711
26/03/02 03:37:57 INFO mapred.MapTask: (EQUATOR) 0 kvi 26214396(104857584)
26/03/02 03:37:57 INFO mapred.MapTask: mapreduce.task.io.sort.mb: 100
26/03/02 03:37:57 INFO mapred.MapTask: soft limit at 83886080
26/03/02 03:37:57 INFO mapred.MapTask: bufstart = 0; bufvoid = 104857600
26/03/02 03:37:57 INFO mapred.MapTask: kvstart = 26214396; length = 6553600
26/03/02 03:37:57 INFO mapred.MapTask: Map output collector class = org.apache.hadoop.mapred.MapTask$MapOutputBuffer
26/03/02 03:37:57 INFO mapred.LocalJobRunner: 
26/03/02 03:37:57 INFO mapred.MapTask: Starting flush of map output
26/03/02 03:37:57 INFO mapred.MapTask: Spilling map output
26/03/02 03:37:57 INFO mapred.MapTask: bufstart = 0; bufend = 5200000; bufvoid = 104857600
26/03/02 03:37:57 INFO mapred.MapTask: kvstart = 26214396(104857584); kvend = 25814400(103257600); length = 399997/6553600
26/03/02 03:37:57 INFO mapred.MapTask: Finished spill 0
26/03/02 03:37:57 INFO mapred.Task: Task:attempt_local1147852352_0017_m_000000_0 is done. And is in the process of committing
26/03/02 03:37:57 INFO mapred.LocalJobRunner: map
26/03/02 03:37:57 INFO mapred.Task: Task 'attempt_local1147852352_0017_m_000000_0' done.
26/03/02 03:37:57 INFO mapred.Task: Final Counters for attempt_local1147852352_0017_m_000000_0: Counters: 23
	File System Counters
		FILE: Number of bytes read=2479276
		FILE: Number of bytes written=7509053
		FILE: Number of read operations=0
		FILE: Number of large read operations=0
		FILE: Number of write operations=0
		HDFS: Number of bytes read=124776711
		HDFS: Number of bytes written=14613
		HDFS: Number of read operations=917
		HDFS: Number of large read operations=0
		HDFS: Number of write operations=294
	Map-Reduce Framework
		Map input records=100000
		Map output records=100000
		Map output bytes=5200000
		Map output materialized bytes=294
		Input split bytes=123
		Combine input records=100000
		Combine output records=5
		Spilled Records=5
		Failed Shuffles=0
		Merged Map outputs=0
		GC time elapsed (ms)=24
		Total committed heap usage (bytes)=530055168
	File Input Format Counters 
		Bytes Read=7337711
26/03/02 03:37:57 INFO mapred.LocalJobRunner: Finishing task: attempt_local1147852352_0017_m_000000_0
26/03/02 03:37:57 INFO mapred.LocalJobRunner: map task executor complete.
26/03/02 03:37:57 INFO mapred.LocalJobRunner: Waiting for reduce tasks
26/03/02 03:37:57 INFO mapred.LocalJobRunner: Starting task: attempt_local1147852352_0017_r_000000_0
26/03/02 03:37:57 INFO output.FileOutputCommitter: File Output Committer Algorithm version is 1
26/03/02 03:37:57 INFO mapred.Task:  Using ResourceCalculatorProcessTree : [ ]
26/03/02 03:37:57 INFO mapred.ReduceTask: Using ShuffleConsumerPlugin: org.apache.hadoop.mapreduce.task.reduce.Shuffle@29626aff
26/03/02 03:37:57 INFO reduce.MergeManagerImpl: MergerManager: memoryLimit=371038624, maxSingleShuffleLimit=92759656, mergeThreshold=244885504, ioSortFactor=10, memToMemMergeOutputsThreshold=10
26/03/02 03:37:57 INFO reduce.EventFetcher: attempt_local1147852352_0017_r_000000_0 Thread started: EventFetcher for fetching Map Completion Events
26/03/02 03:37:57 INFO reduce.LocalFetcher: localfetcher#65 about to shuffle output of map attempt_local1147852352_0017_m_000000_0 decomp: 110 len: 114 to MEMORY
26/03/02 03:37:57 INFO reduce.InMemoryMapOutput: Read 110 bytes from map-output for attempt_local1147852352_0017_m_000000_0
26/03/02 03:37:57 INFO reduce.MergeManagerImpl: closeInMemoryFile -> map-output of size: 110, inMemoryMapOutputs.size() -> 1, commitMemory -> 0, usedMemory ->110
26/03/02 03:37:57 WARN io.ReadaheadPool: Failed readahead on ifile
EBADF: Bad file descriptor
	at org.apache.hadoop.io.nativeio.NativeIO$POSIX.posix_fadvise(Native Method)
	at org.apache.hadoop.io.nativeio.NativeIO$POSIX.posixFadviseIfPossible(NativeIO.java:267)
	at org.apache.hadoop.io.nativeio.NativeIO$POSIX$CacheManipulator.posixFadviseIfPossible(NativeIO.java:146)
	at org.apache.hadoop.io.ReadaheadPool$ReadaheadRequestImpl.run(ReadaheadPool.java:206)
	at java.util.concurrent.ThreadPoolExecutor.runWorker(ThreadPoolExecutor.java:1149)
	at java.util.concurrent.ThreadPoolExecutor$Worker.run(ThreadPoolExecutor.java:624)
	at java.lang.Thread.run(Thread.java:748)
26/03/02 03:37:57 INFO reduce.EventFetcher: EventFetcher is interrupted.. Returning
26/03/02 03:37:57 INFO mapred.LocalJobRunner: 1 / 1 copied.
26/03/02 03:37:57 INFO reduce.MergeManagerImpl: finalMerge called with 1 in-memory map-outputs and 0 on-disk map-outputs
26/03/02 03:37:57 INFO mapred.Merger: Merging 1 sorted segments
26/03/02 03:37:57 INFO mapred.Merger: Down to the last merge-pass, with 1 segments left of total size: 104 bytes
26/03/02 03:37:57 INFO reduce.MergeManagerImpl: Merged 1 segments, 110 bytes to disk to satisfy reduce memory limit
26/03/02 03:37:57 INFO reduce.MergeManagerImpl: Merging 1 files, 114 bytes from disk
26/03/02 03:37:57 INFO reduce.MergeManagerImpl: Merging 0 segments, 0 bytes from memory into reduce
26/03/02 03:37:57 INFO mapred.Merger: Merging 1 sorted segments
26/03/02 03:37:57 INFO mapred.Merger: Down to the last merge-pass, with 1 segments left of total size: 104 bytes
26/03/02 03:37:57 INFO mapred.LocalJobRunner: 1 / 1 copied.
26/03/02 03:37:57 INFO mapred.Task: Task:attempt_local1147852352_0017_r_000000_0 is done. And is in the process of committing
26/03/02 03:37:57 INFO mapred.LocalJobRunner: 1 / 1 copied.
26/03/02 03:37:57 INFO mapred.Task: Task attempt_local1147852352_0017_r_000000_0 is allowed to commit now
26/03/02 03:37:57 INFO output.FileOutputCommitter: Saved output of task 'attempt_local1147852352_0017_r_000000_0' to hdfs://localhost:9000/project2/task2/runs_report_plus/scale100k_opt/iter_17/_temporary/0/task_local1147852352_0017_r_000000
26/03/02 03:37:57 INFO mapred.LocalJobRunner: reduce > reduce
26/03/02 03:37:57 INFO mapred.Task: Task 'attempt_local1147852352_0017_r_000000_0' done.
26/03/02 03:37:57 INFO mapred.Task: Final Counters for attempt_local1147852352_0017_r_000000_0: Counters: 29
	File System Counters
		FILE: Number of bytes read=2479788
		FILE: Number of bytes written=7509167
		FILE: Number of read operations=0
		FILE: Number of large read operations=0
		FILE: Number of write operations=0
		HDFS: Number of bytes read=124776711
		HDFS: Number of bytes written=14818
		HDFS: Number of read operations=920
		HDFS: Number of large read operations=0
		HDFS: Number of write operations=296
	Map-Reduce Framework
		Combine input records=0
		Combine output records=0
		Reduce input groups=2
		Reduce shuffle bytes=114
		Reduce input records=2
		Reduce output records=2
		Spilled Records=2
		Shuffled Maps =1
		Failed Shuffles=0
		Merged Map outputs=1
		GC time elapsed (ms)=0
		Total committed heap usage (bytes)=530055168
	Shuffle Errors
		BAD_ID=0
		CONNECTION=0
		IO_ERROR=0
		WRONG_LENGTH=0
		WRONG_MAP=0
		WRONG_REDUCE=0
	File Output Format Counters 
		Bytes Written=205
26/03/02 03:37:57 INFO mapred.LocalJobRunner: Finishing task: attempt_local1147852352_0017_r_000000_0
26/03/02 03:37:57 INFO mapred.LocalJobRunner: Starting task: attempt_local1147852352_0017_r_000001_0
26/03/02 03:37:57 INFO output.FileOutputCommitter: File Output Committer Algorithm version is 1
26/03/02 03:37:57 INFO mapred.Task:  Using ResourceCalculatorProcessTree : [ ]
26/03/02 03:37:57 INFO mapred.ReduceTask: Using ShuffleConsumerPlugin: org.apache.hadoop.mapreduce.task.reduce.Shuffle@5c172026
26/03/02 03:37:57 INFO reduce.MergeManagerImpl: MergerManager: memoryLimit=371038624, maxSingleShuffleLimit=92759656, mergeThreshold=244885504, ioSortFactor=10, memToMemMergeOutputsThreshold=10
26/03/02 03:37:57 INFO reduce.EventFetcher: attempt_local1147852352_0017_r_000001_0 Thread started: EventFetcher for fetching Map Completion Events
26/03/02 03:37:57 INFO reduce.LocalFetcher: localfetcher#66 about to shuffle output of map attempt_local1147852352_0017_m_000000_0 decomp: 56 len: 60 to MEMORY
26/03/02 03:37:57 INFO reduce.InMemoryMapOutput: Read 56 bytes from map-output for attempt_local1147852352_0017_m_000000_0
26/03/02 03:37:57 INFO reduce.MergeManagerImpl: closeInMemoryFile -> map-output of size: 56, inMemoryMapOutputs.size() -> 1, commitMemory -> 0, usedMemory ->56
26/03/02 03:37:57 WARN io.ReadaheadPool: Failed readahead on ifile
EBADF: Bad file descriptor
	at org.apache.hadoop.io.nativeio.NativeIO$POSIX.posix_fadvise(Native Method)
	at org.apache.hadoop.io.nativeio.NativeIO$POSIX.posixFadviseIfPossible(NativeIO.java:267)
	at org.apache.hadoop.io.nativeio.NativeIO$POSIX$CacheManipulator.posixFadviseIfPossible(NativeIO.java:146)
	at org.apache.hadoop.io.ReadaheadPool$ReadaheadRequestImpl.run(ReadaheadPool.java:206)
	at java.util.concurrent.ThreadPoolExecutor.runWorker(ThreadPoolExecutor.java:1149)
	at java.util.concurrent.ThreadPoolExecutor$Worker.run(ThreadPoolExecutor.java:624)
	at java.lang.Thread.run(Thread.java:748)
26/03/02 03:37:57 INFO reduce.EventFetcher: EventFetcher is interrupted.. Returning
26/03/02 03:37:57 INFO mapred.LocalJobRunner: 1 / 1 copied.
26/03/02 03:37:57 INFO reduce.MergeManagerImpl: finalMerge called with 1 in-memory map-outputs and 0 on-disk map-outputs
26/03/02 03:37:57 INFO mapred.Merger: Merging 1 sorted segments
26/03/02 03:37:57 INFO mapred.Merger: Down to the last merge-pass, with 1 segments left of total size: 50 bytes
26/03/02 03:37:57 INFO reduce.MergeManagerImpl: Merged 1 segments, 56 bytes to disk to satisfy reduce memory limit
26/03/02 03:37:57 INFO reduce.MergeManagerImpl: Merging 1 files, 60 bytes from disk
26/03/02 03:37:57 INFO reduce.MergeManagerImpl: Merging 0 segments, 0 bytes from memory into reduce
26/03/02 03:37:57 INFO mapred.Merger: Merging 1 sorted segments
26/03/02 03:37:57 INFO mapred.Merger: Down to the last merge-pass, with 1 segments left of total size: 50 bytes
26/03/02 03:37:57 INFO mapred.LocalJobRunner: 1 / 1 copied.
26/03/02 03:37:57 INFO mapred.Task: Task:attempt_local1147852352_0017_r_000001_0 is done. And is in the process of committing
26/03/02 03:37:57 INFO mapred.LocalJobRunner: 1 / 1 copied.
26/03/02 03:37:57 INFO mapred.Task: Task attempt_local1147852352_0017_r_000001_0 is allowed to commit now
26/03/02 03:37:57 INFO output.FileOutputCommitter: Saved output of task 'attempt_local1147852352_0017_r_000001_0' to hdfs://localhost:9000/project2/task2/runs_report_plus/scale100k_opt/iter_17/_temporary/0/task_local1147852352_0017_r_000001
26/03/02 03:37:57 INFO mapred.LocalJobRunner: reduce > reduce
26/03/02 03:37:57 INFO mapred.Task: Task 'attempt_local1147852352_0017_r_000001_0' done.
26/03/02 03:37:57 INFO mapred.Task: Final Counters for attempt_local1147852352_0017_r_000001_0: Counters: 29
	File System Counters
		FILE: Number of bytes read=2480132
		FILE: Number of bytes written=7509227
		FILE: Number of read operations=0
		FILE: Number of large read operations=0
		FILE: Number of write operations=0
		HDFS: Number of bytes read=124776711
		HDFS: Number of bytes written=14919
		HDFS: Number of read operations=923
		HDFS: Number of large read operations=0
		HDFS: Number of write operations=298
	Map-Reduce Framework
		Combine input records=0
		Combine output records=0
		Reduce input groups=1
		Reduce shuffle bytes=60
		Reduce input records=1
		Reduce output records=1
		Spilled Records=1
		Shuffled Maps =1
		Failed Shuffles=0
		Merged Map outputs=1
		GC time elapsed (ms)=0
		Total committed heap usage (bytes)=530055168
	Shuffle Errors
		BAD_ID=0
		CONNECTION=0
		IO_ERROR=0
		WRONG_LENGTH=0
		WRONG_MAP=0
		WRONG_REDUCE=0
	File Output Format Counters 
		Bytes Written=101
26/03/02 03:37:57 INFO mapred.LocalJobRunner: Finishing task: attempt_local1147852352_0017_r_000001_0
26/03/02 03:37:57 INFO mapred.LocalJobRunner: Starting task: attempt_local1147852352_0017_r_000002_0
26/03/02 03:37:57 INFO output.FileOutputCommitter: File Output Committer Algorithm version is 1
26/03/02 03:37:57 INFO mapred.Task:  Using ResourceCalculatorProcessTree : [ ]
26/03/02 03:37:57 INFO mapred.ReduceTask: Using ShuffleConsumerPlugin: org.apache.hadoop.mapreduce.task.reduce.Shuffle@24d1ff9e
26/03/02 03:37:57 INFO reduce.MergeManagerImpl: MergerManager: memoryLimit=371038624, maxSingleShuffleLimit=92759656, mergeThreshold=244885504, ioSortFactor=10, memToMemMergeOutputsThreshold=10
26/03/02 03:37:57 INFO reduce.EventFetcher: attempt_local1147852352_0017_r_000002_0 Thread started: EventFetcher for fetching Map Completion Events
26/03/02 03:37:57 INFO reduce.LocalFetcher: localfetcher#67 about to shuffle output of map attempt_local1147852352_0017_m_000000_0 decomp: 56 len: 60 to MEMORY
26/03/02 03:37:57 INFO reduce.InMemoryMapOutput: Read 56 bytes from map-output for attempt_local1147852352_0017_m_000000_0
26/03/02 03:37:57 INFO reduce.MergeManagerImpl: closeInMemoryFile -> map-output of size: 56, inMemoryMapOutputs.size() -> 1, commitMemory -> 0, usedMemory ->56
26/03/02 03:37:57 INFO reduce.EventFetcher: EventFetcher is interrupted.. Returning
26/03/02 03:37:57 INFO mapred.LocalJobRunner: 1 / 1 copied.
26/03/02 03:37:57 INFO reduce.MergeManagerImpl: finalMerge called with 1 in-memory map-outputs and 0 on-disk map-outputs
26/03/02 03:37:57 INFO mapred.Merger: Merging 1 sorted segments
26/03/02 03:37:57 INFO mapred.Merger: Down to the last merge-pass, with 1 segments left of total size: 50 bytes
26/03/02 03:37:57 INFO reduce.MergeManagerImpl: Merged 1 segments, 56 bytes to disk to satisfy reduce memory limit
26/03/02 03:37:57 INFO reduce.MergeManagerImpl: Merging 1 files, 60 bytes from disk
26/03/02 03:37:57 INFO reduce.MergeManagerImpl: Merging 0 segments, 0 bytes from memory into reduce
26/03/02 03:37:57 INFO mapred.Merger: Merging 1 sorted segments
26/03/02 03:37:57 INFO mapred.Merger: Down to the last merge-pass, with 1 segments left of total size: 50 bytes
26/03/02 03:37:57 INFO mapred.LocalJobRunner: 1 / 1 copied.
26/03/02 03:37:57 INFO mapred.Task: Task:attempt_local1147852352_0017_r_000002_0 is done. And is in the process of committing
26/03/02 03:37:57 INFO mapred.LocalJobRunner: 1 / 1 copied.
26/03/02 03:37:57 INFO mapred.Task: Task attempt_local1147852352_0017_r_000002_0 is allowed to commit now
26/03/02 03:37:57 INFO output.FileOutputCommitter: Saved output of task 'attempt_local1147852352_0017_r_000002_0' to hdfs://localhost:9000/project2/task2/runs_report_plus/scale100k_opt/iter_17/_temporary/0/task_local1147852352_0017_r_000002
26/03/02 03:37:57 INFO mapred.LocalJobRunner: reduce > reduce
26/03/02 03:37:57 INFO mapred.Task: Task 'attempt_local1147852352_0017_r_000002_0' done.
26/03/02 03:37:57 INFO mapred.Task: Final Counters for attempt_local1147852352_0017_r_000002_0: Counters: 29
	File System Counters
		FILE: Number of bytes read=2480416
		FILE: Number of bytes written=7509287
		FILE: Number of read operations=0
		FILE: Number of large read operations=0
		FILE: Number of write operations=0
		HDFS: Number of bytes read=124776711
		HDFS: Number of bytes written=15023
		HDFS: Number of read operations=926
		HDFS: Number of large read operations=0
		HDFS: Number of write operations=300
	Map-Reduce Framework
		Combine input records=0
		Combine output records=0
		Reduce input groups=1
		Reduce shuffle bytes=60
		Reduce input records=1
		Reduce output records=1
		Spilled Records=1
		Shuffled Maps =1
		Failed Shuffles=0
		Merged Map outputs=1
		GC time elapsed (ms)=0
		Total committed heap usage (bytes)=530055168
	Shuffle Errors
		BAD_ID=0
		CONNECTION=0
		IO_ERROR=0
		WRONG_LENGTH=0
		WRONG_MAP=0
		WRONG_REDUCE=0
	File Output Format Counters 
		Bytes Written=104
26/03/02 03:37:57 INFO mapred.LocalJobRunner: Finishing task: attempt_local1147852352_0017_r_000002_0
26/03/02 03:37:57 INFO mapred.LocalJobRunner: Starting task: attempt_local1147852352_0017_r_000003_0
26/03/02 03:37:57 INFO output.FileOutputCommitter: File Output Committer Algorithm version is 1
26/03/02 03:37:57 INFO mapred.Task:  Using ResourceCalculatorProcessTree : [ ]
26/03/02 03:37:57 INFO mapred.ReduceTask: Using ShuffleConsumerPlugin: org.apache.hadoop.mapreduce.task.reduce.Shuffle@63c46237
26/03/02 03:37:57 INFO reduce.MergeManagerImpl: MergerManager: memoryLimit=371038624, maxSingleShuffleLimit=92759656, mergeThreshold=244885504, ioSortFactor=10, memToMemMergeOutputsThreshold=10
26/03/02 03:37:57 INFO reduce.EventFetcher: attempt_local1147852352_0017_r_000003_0 Thread started: EventFetcher for fetching Map Completion Events
26/03/02 03:37:57 INFO reduce.LocalFetcher: localfetcher#68 about to shuffle output of map attempt_local1147852352_0017_m_000000_0 decomp: 56 len: 60 to MEMORY
26/03/02 03:37:57 INFO reduce.InMemoryMapOutput: Read 56 bytes from map-output for attempt_local1147852352_0017_m_000000_0
26/03/02 03:37:57 INFO reduce.MergeManagerImpl: closeInMemoryFile -> map-output of size: 56, inMemoryMapOutputs.size() -> 1, commitMemory -> 0, usedMemory ->56
26/03/02 03:37:57 WARN io.ReadaheadPool: Failed readahead on ifile
EBADF: Bad file descriptor
	at org.apache.hadoop.io.nativeio.NativeIO$POSIX.posix_fadvise(Native Method)
	at org.apache.hadoop.io.nativeio.NativeIO$POSIX.posixFadviseIfPossible(NativeIO.java:267)
	at org.apache.hadoop.io.nativeio.NativeIO$POSIX$CacheManipulator.posixFadviseIfPossible(NativeIO.java:146)
	at org.apache.hadoop.io.ReadaheadPool$ReadaheadRequestImpl.run(ReadaheadPool.java:206)
	at java.util.concurrent.ThreadPoolExecutor.runWorker(ThreadPoolExecutor.java:1149)
	at java.util.concurrent.ThreadPoolExecutor$Worker.run(ThreadPoolExecutor.java:624)
	at java.lang.Thread.run(Thread.java:748)
26/03/02 03:37:57 INFO reduce.EventFetcher: EventFetcher is interrupted.. Returning
26/03/02 03:37:57 INFO mapred.LocalJobRunner: 1 / 1 copied.
26/03/02 03:37:57 INFO reduce.MergeManagerImpl: finalMerge called with 1 in-memory map-outputs and 0 on-disk map-outputs
26/03/02 03:37:57 INFO mapred.Merger: Merging 1 sorted segments
26/03/02 03:37:57 INFO mapred.Merger: Down to the last merge-pass, with 1 segments left of total size: 50 bytes
26/03/02 03:37:57 INFO reduce.MergeManagerImpl: Merged 1 segments, 56 bytes to disk to satisfy reduce memory limit
26/03/02 03:37:57 INFO reduce.MergeManagerImpl: Merging 1 files, 60 bytes from disk
26/03/02 03:37:57 INFO reduce.MergeManagerImpl: Merging 0 segments, 0 bytes from memory into reduce
26/03/02 03:37:57 INFO mapred.Merger: Merging 1 sorted segments
26/03/02 03:37:57 INFO mapred.Merger: Down to the last merge-pass, with 1 segments left of total size: 50 bytes
26/03/02 03:37:57 INFO mapred.LocalJobRunner: 1 / 1 copied.
26/03/02 03:37:57 INFO mapred.Task: Task:attempt_local1147852352_0017_r_000003_0 is done. And is in the process of committing
26/03/02 03:37:57 INFO mapred.LocalJobRunner: 1 / 1 copied.
26/03/02 03:37:57 INFO mapred.Task: Task attempt_local1147852352_0017_r_000003_0 is allowed to commit now
26/03/02 03:37:57 INFO output.FileOutputCommitter: Saved output of task 'attempt_local1147852352_0017_r_000003_0' to hdfs://localhost:9000/project2/task2/runs_report_plus/scale100k_opt/iter_17/_temporary/0/task_local1147852352_0017_r_000003
26/03/02 03:37:57 INFO mapred.LocalJobRunner: reduce > reduce
26/03/02 03:37:57 INFO mapred.Task: Task 'attempt_local1147852352_0017_r_000003_0' done.
26/03/02 03:37:57 INFO mapred.Task: Final Counters for attempt_local1147852352_0017_r_000003_0: Counters: 29
	File System Counters
		FILE: Number of bytes read=2480640
		FILE: Number of bytes written=7509347
		FILE: Number of read operations=0
		FILE: Number of large read operations=0
		FILE: Number of write operations=0
		HDFS: Number of bytes read=124776711
		HDFS: Number of bytes written=15127
		HDFS: Number of read operations=929
		HDFS: Number of large read operations=0
		HDFS: Number of write operations=302
	Map-Reduce Framework
		Combine input records=0
		Combine output records=0
		Reduce input groups=1
		Reduce shuffle bytes=60
		Reduce input records=1
		Reduce output records=1
		Spilled Records=1
		Shuffled Maps =1
		Failed Shuffles=0
		Merged Map outputs=1
		GC time elapsed (ms)=0
		Total committed heap usage (bytes)=530055168
	Shuffle Errors
		BAD_ID=0
		CONNECTION=0
		IO_ERROR=0
		WRONG_LENGTH=0
		WRONG_MAP=0
		WRONG_REDUCE=0
	File Output Format Counters 
		Bytes Written=104
26/03/02 03:37:57 INFO mapred.LocalJobRunner: Finishing task: attempt_local1147852352_0017_r_000003_0
26/03/02 03:37:57 INFO mapred.LocalJobRunner: reduce task executor complete.
26/03/02 03:37:58 INFO mapreduce.Job: Job job_local1147852352_0017 running in uber mode : false
26/03/02 03:37:58 INFO mapreduce.Job:  map 100% reduce 100%
26/03/02 03:37:58 INFO mapreduce.Job: Job job_local1147852352_0017 completed successfully
26/03/02 03:37:58 INFO mapreduce.Job: Counters: 35
	File System Counters
		FILE: Number of bytes read=12400252
		FILE: Number of bytes written=37546081
		FILE: Number of read operations=0
		FILE: Number of large read operations=0
		FILE: Number of write operations=0
		HDFS: Number of bytes read=623883555
		HDFS: Number of bytes written=74500
		HDFS: Number of read operations=4615
		HDFS: Number of large read operations=0
		HDFS: Number of write operations=1490
	Map-Reduce Framework
		Map input records=100000
		Map output records=100000
		Map output bytes=5200000
		Map output materialized bytes=294
		Input split bytes=123
		Combine input records=100000
		Combine output records=5
		Reduce input groups=5
		Reduce shuffle bytes=294
		Reduce input records=5
		Reduce output records=5
		Spilled Records=10
		Shuffled Maps =4
		Failed Shuffles=0
		Merged Map outputs=4
		GC time elapsed (ms)=24
		Total committed heap usage (bytes)=2650275840
	Shuffle Errors
		BAD_ID=0
		CONNECTION=0
		IO_ERROR=0
		WRONG_LENGTH=0
		WRONG_MAP=0
		WRONG_REDUCE=0
	File Input Format Counters 
		Bytes Read=7337711
	File Output Format Counters 
		Bytes Written=514
26/03/02 03:37:58 INFO jvm.JvmMetrics: Cannot initialize JVM Metrics with processName=JobTracker, sessionId= - already initialized
26/03/02 03:37:58 WARN mapreduce.JobResourceUploader: Hadoop command-line option parsing not performed. Implement the Tool interface and execute your application with ToolRunner to remedy this.
26/03/02 03:37:58 INFO input.FileInputFormat: Total input paths to process : 1
26/03/02 03:37:58 INFO mapreduce.JobSubmitter: number of splits:1
26/03/02 03:37:58 INFO mapreduce.JobSubmitter: Submitting tokens for job: job_local482626047_0018
26/03/02 03:37:58 INFO mapred.LocalDistributedCacheManager: Creating symlink: /tmp/hadoop-ds503/mapred/local/1772422678286/centers_iter_17.csv <- /home/ds503/centers_iter_17.csv
26/03/02 03:37:58 INFO mapred.LocalDistributedCacheManager: Localized hdfs://localhost:9000/project2/task2/runs_report_plus/scale100k_opt/centers_iter_17.csv as file:/tmp/hadoop-ds503/mapred/local/1772422678286/centers_iter_17.csv
26/03/02 03:37:58 INFO mapreduce.Job: The url to track the job: http://localhost:8080/
26/03/02 03:37:58 INFO mapreduce.Job: Running job: job_local482626047_0018
26/03/02 03:37:58 INFO mapred.LocalJobRunner: OutputCommitter set in config null
26/03/02 03:37:58 INFO output.FileOutputCommitter: File Output Committer Algorithm version is 1
26/03/02 03:37:58 INFO mapred.LocalJobRunner: OutputCommitter is org.apache.hadoop.mapreduce.lib.output.FileOutputCommitter
26/03/02 03:37:58 INFO mapred.LocalJobRunner: Waiting for map tasks
26/03/02 03:37:58 INFO mapred.LocalJobRunner: Starting task: attempt_local482626047_0018_m_000000_0
26/03/02 03:37:58 INFO output.FileOutputCommitter: File Output Committer Algorithm version is 1
26/03/02 03:37:58 INFO mapred.Task:  Using ResourceCalculatorProcessTree : [ ]
26/03/02 03:37:58 INFO mapred.MapTask: Processing split: hdfs://localhost:9000/project2/task2/input/points_100k.csv:0+7337711
26/03/02 03:37:58 INFO mapred.MapTask: (EQUATOR) 0 kvi 26214396(104857584)
26/03/02 03:37:58 INFO mapred.MapTask: mapreduce.task.io.sort.mb: 100
26/03/02 03:37:58 INFO mapred.MapTask: soft limit at 83886080
26/03/02 03:37:58 INFO mapred.MapTask: bufstart = 0; bufvoid = 104857600
26/03/02 03:37:58 INFO mapred.MapTask: kvstart = 26214396; length = 6553600
26/03/02 03:37:58 INFO mapred.MapTask: Map output collector class = org.apache.hadoop.mapred.MapTask$MapOutputBuffer
26/03/02 03:37:58 INFO mapred.LocalJobRunner: 
26/03/02 03:37:58 INFO mapred.MapTask: Starting flush of map output
26/03/02 03:37:58 INFO mapred.MapTask: Spilling map output
26/03/02 03:37:58 INFO mapred.MapTask: bufstart = 0; bufend = 5200000; bufvoid = 104857600
26/03/02 03:37:58 INFO mapred.MapTask: kvstart = 26214396(104857584); kvend = 25814400(103257600); length = 399997/6553600
26/03/02 03:37:58 INFO mapred.MapTask: Finished spill 0
26/03/02 03:37:58 INFO mapred.Task: Task:attempt_local482626047_0018_m_000000_0 is done. And is in the process of committing
26/03/02 03:37:58 INFO mapred.LocalJobRunner: map
26/03/02 03:37:58 INFO mapred.Task: Task 'attempt_local482626047_0018_m_000000_0' done.
26/03/02 03:37:58 INFO mapred.Task: Final Counters for attempt_local482626047_0018_m_000000_0: Counters: 23
	File System Counters
		FILE: Number of bytes read=2625196
		FILE: Number of bytes written=7949847
		FILE: Number of read operations=0
		FILE: Number of large read operations=0
		FILE: Number of write operations=0
		HDFS: Number of bytes read=132116580
		HDFS: Number of bytes written=15503
		HDFS: Number of read operations=973
		HDFS: Number of large read operations=0
		HDFS: Number of write operations=312
	Map-Reduce Framework
		Map input records=100000
		Map output records=100000
		Map output bytes=5200000
		Map output materialized bytes=294
		Input split bytes=123
		Combine input records=100000
		Combine output records=5
		Spilled Records=5
		Failed Shuffles=0
		Merged Map outputs=0
		GC time elapsed (ms)=22
		Total committed heap usage (bytes)=530055168
	File Input Format Counters 
		Bytes Read=7337711
26/03/02 03:37:58 INFO mapred.LocalJobRunner: Finishing task: attempt_local482626047_0018_m_000000_0
26/03/02 03:37:58 INFO mapred.LocalJobRunner: map task executor complete.
26/03/02 03:37:58 INFO mapred.LocalJobRunner: Waiting for reduce tasks
26/03/02 03:37:58 INFO mapred.LocalJobRunner: Starting task: attempt_local482626047_0018_r_000000_0
26/03/02 03:37:58 INFO output.FileOutputCommitter: File Output Committer Algorithm version is 1
26/03/02 03:37:58 INFO mapred.Task:  Using ResourceCalculatorProcessTree : [ ]
26/03/02 03:37:58 INFO mapred.ReduceTask: Using ShuffleConsumerPlugin: org.apache.hadoop.mapreduce.task.reduce.Shuffle@da552c
26/03/02 03:37:58 INFO reduce.MergeManagerImpl: MergerManager: memoryLimit=371038624, maxSingleShuffleLimit=92759656, mergeThreshold=244885504, ioSortFactor=10, memToMemMergeOutputsThreshold=10
26/03/02 03:37:58 INFO reduce.EventFetcher: attempt_local482626047_0018_r_000000_0 Thread started: EventFetcher for fetching Map Completion Events
26/03/02 03:37:58 INFO reduce.LocalFetcher: localfetcher#69 about to shuffle output of map attempt_local482626047_0018_m_000000_0 decomp: 110 len: 114 to MEMORY
26/03/02 03:37:58 INFO reduce.InMemoryMapOutput: Read 110 bytes from map-output for attempt_local482626047_0018_m_000000_0
26/03/02 03:37:58 INFO reduce.MergeManagerImpl: closeInMemoryFile -> map-output of size: 110, inMemoryMapOutputs.size() -> 1, commitMemory -> 0, usedMemory ->110
26/03/02 03:37:58 INFO reduce.EventFetcher: EventFetcher is interrupted.. Returning
26/03/02 03:37:58 INFO mapred.LocalJobRunner: 1 / 1 copied.
26/03/02 03:37:58 INFO reduce.MergeManagerImpl: finalMerge called with 1 in-memory map-outputs and 0 on-disk map-outputs
26/03/02 03:37:58 INFO mapred.Merger: Merging 1 sorted segments
26/03/02 03:37:58 INFO mapred.Merger: Down to the last merge-pass, with 1 segments left of total size: 104 bytes
26/03/02 03:37:58 INFO reduce.MergeManagerImpl: Merged 1 segments, 110 bytes to disk to satisfy reduce memory limit
26/03/02 03:37:58 INFO reduce.MergeManagerImpl: Merging 1 files, 114 bytes from disk
26/03/02 03:37:58 INFO reduce.MergeManagerImpl: Merging 0 segments, 0 bytes from memory into reduce
26/03/02 03:37:58 INFO mapred.Merger: Merging 1 sorted segments
26/03/02 03:37:58 INFO mapred.Merger: Down to the last merge-pass, with 1 segments left of total size: 104 bytes
26/03/02 03:37:58 INFO mapred.LocalJobRunner: 1 / 1 copied.
26/03/02 03:37:58 INFO mapred.Task: Task:attempt_local482626047_0018_r_000000_0 is done. And is in the process of committing
26/03/02 03:37:58 INFO mapred.LocalJobRunner: 1 / 1 copied.
26/03/02 03:37:58 INFO mapred.Task: Task attempt_local482626047_0018_r_000000_0 is allowed to commit now
26/03/02 03:37:58 INFO output.FileOutputCommitter: Saved output of task 'attempt_local482626047_0018_r_000000_0' to hdfs://localhost:9000/project2/task2/runs_report_plus/scale100k_opt/iter_18/_temporary/0/task_local482626047_0018_r_000000
26/03/02 03:37:58 INFO mapred.LocalJobRunner: reduce > reduce
26/03/02 03:37:58 INFO mapred.Task: Task 'attempt_local482626047_0018_r_000000_0' done.
26/03/02 03:37:58 INFO mapred.Task: Final Counters for attempt_local482626047_0018_r_000000_0: Counters: 29
	File System Counters
		FILE: Number of bytes read=2625708
		FILE: Number of bytes written=7949961
		FILE: Number of read operations=0
		FILE: Number of large read operations=0
		FILE: Number of write operations=0
		HDFS: Number of bytes read=132116580
		HDFS: Number of bytes written=15708
		HDFS: Number of read operations=976
		HDFS: Number of large read operations=0
		HDFS: Number of write operations=314
	Map-Reduce Framework
		Combine input records=0
		Combine output records=0
		Reduce input groups=2
		Reduce shuffle bytes=114
		Reduce input records=2
		Reduce output records=2
		Spilled Records=2
		Shuffled Maps =1
		Failed Shuffles=0
		Merged Map outputs=1
		GC time elapsed (ms)=0
		Total committed heap usage (bytes)=530055168
	Shuffle Errors
		BAD_ID=0
		CONNECTION=0
		IO_ERROR=0
		WRONG_LENGTH=0
		WRONG_MAP=0
		WRONG_REDUCE=0
	File Output Format Counters 
		Bytes Written=205
26/03/02 03:37:58 INFO mapred.LocalJobRunner: Finishing task: attempt_local482626047_0018_r_000000_0
26/03/02 03:37:58 INFO mapred.LocalJobRunner: Starting task: attempt_local482626047_0018_r_000001_0
26/03/02 03:37:58 INFO output.FileOutputCommitter: File Output Committer Algorithm version is 1
26/03/02 03:37:58 INFO mapred.Task:  Using ResourceCalculatorProcessTree : [ ]
26/03/02 03:37:58 INFO mapred.ReduceTask: Using ShuffleConsumerPlugin: org.apache.hadoop.mapreduce.task.reduce.Shuffle@1d01fe81
26/03/02 03:37:58 INFO reduce.MergeManagerImpl: MergerManager: memoryLimit=371038624, maxSingleShuffleLimit=92759656, mergeThreshold=244885504, ioSortFactor=10, memToMemMergeOutputsThreshold=10
26/03/02 03:37:58 INFO reduce.EventFetcher: attempt_local482626047_0018_r_000001_0 Thread started: EventFetcher for fetching Map Completion Events
26/03/02 03:37:58 INFO reduce.LocalFetcher: localfetcher#70 about to shuffle output of map attempt_local482626047_0018_m_000000_0 decomp: 56 len: 60 to MEMORY
26/03/02 03:37:58 INFO reduce.InMemoryMapOutput: Read 56 bytes from map-output for attempt_local482626047_0018_m_000000_0
26/03/02 03:37:58 INFO reduce.MergeManagerImpl: closeInMemoryFile -> map-output of size: 56, inMemoryMapOutputs.size() -> 1, commitMemory -> 0, usedMemory ->56
26/03/02 03:37:58 INFO reduce.EventFetcher: EventFetcher is interrupted.. Returning
26/03/02 03:37:58 INFO mapred.LocalJobRunner: 1 / 1 copied.
26/03/02 03:37:58 INFO reduce.MergeManagerImpl: finalMerge called with 1 in-memory map-outputs and 0 on-disk map-outputs
26/03/02 03:37:58 INFO mapred.Merger: Merging 1 sorted segments
26/03/02 03:37:58 INFO mapred.Merger: Down to the last merge-pass, with 1 segments left of total size: 50 bytes
26/03/02 03:37:58 INFO reduce.MergeManagerImpl: Merged 1 segments, 56 bytes to disk to satisfy reduce memory limit
26/03/02 03:37:58 INFO reduce.MergeManagerImpl: Merging 1 files, 60 bytes from disk
26/03/02 03:37:58 INFO reduce.MergeManagerImpl: Merging 0 segments, 0 bytes from memory into reduce
26/03/02 03:37:58 INFO mapred.Merger: Merging 1 sorted segments
26/03/02 03:37:58 INFO mapred.Merger: Down to the last merge-pass, with 1 segments left of total size: 50 bytes
26/03/02 03:37:58 INFO mapred.LocalJobRunner: 1 / 1 copied.
26/03/02 03:37:58 INFO mapred.Task: Task:attempt_local482626047_0018_r_000001_0 is done. And is in the process of committing
26/03/02 03:37:58 INFO mapred.LocalJobRunner: 1 / 1 copied.
26/03/02 03:37:58 INFO mapred.Task: Task attempt_local482626047_0018_r_000001_0 is allowed to commit now
26/03/02 03:37:58 INFO output.FileOutputCommitter: Saved output of task 'attempt_local482626047_0018_r_000001_0' to hdfs://localhost:9000/project2/task2/runs_report_plus/scale100k_opt/iter_18/_temporary/0/task_local482626047_0018_r_000001
26/03/02 03:37:58 INFO mapred.LocalJobRunner: reduce > reduce
26/03/02 03:37:58 INFO mapred.Task: Task 'attempt_local482626047_0018_r_000001_0' done.
26/03/02 03:37:58 INFO mapred.Task: Final Counters for attempt_local482626047_0018_r_000001_0: Counters: 29
	File System Counters
		FILE: Number of bytes read=2626052
		FILE: Number of bytes written=7950021
		FILE: Number of read operations=0
		FILE: Number of large read operations=0
		FILE: Number of write operations=0
		HDFS: Number of bytes read=132116580
		HDFS: Number of bytes written=15810
		HDFS: Number of read operations=979
		HDFS: Number of large read operations=0
		HDFS: Number of write operations=316
	Map-Reduce Framework
		Combine input records=0
		Combine output records=0
		Reduce input groups=1
		Reduce shuffle bytes=60
		Reduce input records=1
		Reduce output records=1
		Spilled Records=1
		Shuffled Maps =1
		Failed Shuffles=0
		Merged Map outputs=1
		GC time elapsed (ms)=0
		Total committed heap usage (bytes)=530055168
	Shuffle Errors
		BAD_ID=0
		CONNECTION=0
		IO_ERROR=0
		WRONG_LENGTH=0
		WRONG_MAP=0
		WRONG_REDUCE=0
	File Output Format Counters 
		Bytes Written=102
26/03/02 03:37:58 INFO mapred.LocalJobRunner: Finishing task: attempt_local482626047_0018_r_000001_0
26/03/02 03:37:58 INFO mapred.LocalJobRunner: Starting task: attempt_local482626047_0018_r_000002_0
26/03/02 03:37:58 INFO output.FileOutputCommitter: File Output Committer Algorithm version is 1
26/03/02 03:37:58 INFO mapred.Task:  Using ResourceCalculatorProcessTree : [ ]
26/03/02 03:37:58 INFO mapred.ReduceTask: Using ShuffleConsumerPlugin: org.apache.hadoop.mapreduce.task.reduce.Shuffle@65eea8a3
26/03/02 03:37:58 INFO reduce.MergeManagerImpl: MergerManager: memoryLimit=371038624, maxSingleShuffleLimit=92759656, mergeThreshold=244885504, ioSortFactor=10, memToMemMergeOutputsThreshold=10
26/03/02 03:37:58 INFO reduce.EventFetcher: attempt_local482626047_0018_r_000002_0 Thread started: EventFetcher for fetching Map Completion Events
26/03/02 03:37:58 INFO reduce.LocalFetcher: localfetcher#71 about to shuffle output of map attempt_local482626047_0018_m_000000_0 decomp: 56 len: 60 to MEMORY
26/03/02 03:37:58 INFO reduce.InMemoryMapOutput: Read 56 bytes from map-output for attempt_local482626047_0018_m_000000_0
26/03/02 03:37:58 INFO reduce.MergeManagerImpl: closeInMemoryFile -> map-output of size: 56, inMemoryMapOutputs.size() -> 1, commitMemory -> 0, usedMemory ->56
26/03/02 03:37:58 WARN io.ReadaheadPool: Failed readahead on ifile
EBADF: Bad file descriptor
	at org.apache.hadoop.io.nativeio.NativeIO$POSIX.posix_fadvise(Native Method)
	at org.apache.hadoop.io.nativeio.NativeIO$POSIX.posixFadviseIfPossible(NativeIO.java:267)
	at org.apache.hadoop.io.nativeio.NativeIO$POSIX$CacheManipulator.posixFadviseIfPossible(NativeIO.java:146)
	at org.apache.hadoop.io.ReadaheadPool$ReadaheadRequestImpl.run(ReadaheadPool.java:206)
	at java.util.concurrent.ThreadPoolExecutor.runWorker(ThreadPoolExecutor.java:1149)
	at java.util.concurrent.ThreadPoolExecutor$Worker.run(ThreadPoolExecutor.java:624)
	at java.lang.Thread.run(Thread.java:748)
26/03/02 03:37:58 INFO reduce.EventFetcher: EventFetcher is interrupted.. Returning
26/03/02 03:37:58 INFO mapred.LocalJobRunner: 1 / 1 copied.
26/03/02 03:37:58 INFO reduce.MergeManagerImpl: finalMerge called with 1 in-memory map-outputs and 0 on-disk map-outputs
26/03/02 03:37:58 INFO mapred.Merger: Merging 1 sorted segments
26/03/02 03:37:58 INFO mapred.Merger: Down to the last merge-pass, with 1 segments left of total size: 50 bytes
26/03/02 03:37:58 INFO reduce.MergeManagerImpl: Merged 1 segments, 56 bytes to disk to satisfy reduce memory limit
26/03/02 03:37:58 INFO reduce.MergeManagerImpl: Merging 1 files, 60 bytes from disk
26/03/02 03:37:58 INFO reduce.MergeManagerImpl: Merging 0 segments, 0 bytes from memory into reduce
26/03/02 03:37:58 INFO mapred.Merger: Merging 1 sorted segments
26/03/02 03:37:58 INFO mapred.Merger: Down to the last merge-pass, with 1 segments left of total size: 50 bytes
26/03/02 03:37:58 INFO mapred.LocalJobRunner: 1 / 1 copied.
26/03/02 03:37:58 INFO mapred.Task: Task:attempt_local482626047_0018_r_000002_0 is done. And is in the process of committing
26/03/02 03:37:58 INFO mapred.LocalJobRunner: 1 / 1 copied.
26/03/02 03:37:58 INFO mapred.Task: Task attempt_local482626047_0018_r_000002_0 is allowed to commit now
26/03/02 03:37:58 INFO output.FileOutputCommitter: Saved output of task 'attempt_local482626047_0018_r_000002_0' to hdfs://localhost:9000/project2/task2/runs_report_plus/scale100k_opt/iter_18/_temporary/0/task_local482626047_0018_r_000002
26/03/02 03:37:58 INFO mapred.LocalJobRunner: reduce > reduce
26/03/02 03:37:58 INFO mapred.Task: Task 'attempt_local482626047_0018_r_000002_0' done.
26/03/02 03:37:58 INFO mapred.Task: Final Counters for attempt_local482626047_0018_r_000002_0: Counters: 29
	File System Counters
		FILE: Number of bytes read=2626336
		FILE: Number of bytes written=7950081
		FILE: Number of read operations=0
		FILE: Number of large read operations=0
		FILE: Number of write operations=0
		HDFS: Number of bytes read=132116580
		HDFS: Number of bytes written=15913
		HDFS: Number of read operations=982
		HDFS: Number of large read operations=0
		HDFS: Number of write operations=318
	Map-Reduce Framework
		Combine input records=0
		Combine output records=0
		Reduce input groups=1
		Reduce shuffle bytes=60
		Reduce input records=1
		Reduce output records=1
		Spilled Records=1
		Shuffled Maps =1
		Failed Shuffles=0
		Merged Map outputs=1
		GC time elapsed (ms)=0
		Total committed heap usage (bytes)=530055168
	Shuffle Errors
		BAD_ID=0
		CONNECTION=0
		IO_ERROR=0
		WRONG_LENGTH=0
		WRONG_MAP=0
		WRONG_REDUCE=0
	File Output Format Counters 
		Bytes Written=103
26/03/02 03:37:58 INFO mapred.LocalJobRunner: Finishing task: attempt_local482626047_0018_r_000002_0
26/03/02 03:37:58 INFO mapred.LocalJobRunner: Starting task: attempt_local482626047_0018_r_000003_0
26/03/02 03:37:58 INFO output.FileOutputCommitter: File Output Committer Algorithm version is 1
26/03/02 03:37:58 INFO mapred.Task:  Using ResourceCalculatorProcessTree : [ ]
26/03/02 03:37:58 INFO mapred.ReduceTask: Using ShuffleConsumerPlugin: org.apache.hadoop.mapreduce.task.reduce.Shuffle@3de858a5
26/03/02 03:37:58 INFO reduce.MergeManagerImpl: MergerManager: memoryLimit=371038624, maxSingleShuffleLimit=92759656, mergeThreshold=244885504, ioSortFactor=10, memToMemMergeOutputsThreshold=10
26/03/02 03:37:58 INFO reduce.EventFetcher: attempt_local482626047_0018_r_000003_0 Thread started: EventFetcher for fetching Map Completion Events
26/03/02 03:37:58 INFO reduce.LocalFetcher: localfetcher#72 about to shuffle output of map attempt_local482626047_0018_m_000000_0 decomp: 56 len: 60 to MEMORY
26/03/02 03:37:58 INFO reduce.InMemoryMapOutput: Read 56 bytes from map-output for attempt_local482626047_0018_m_000000_0
26/03/02 03:37:58 INFO reduce.MergeManagerImpl: closeInMemoryFile -> map-output of size: 56, inMemoryMapOutputs.size() -> 1, commitMemory -> 0, usedMemory ->56
26/03/02 03:37:58 WARN io.ReadaheadPool: Failed readahead on ifile
EBADF: Bad file descriptor
	at org.apache.hadoop.io.nativeio.NativeIO$POSIX.posix_fadvise(Native Method)
	at org.apache.hadoop.io.nativeio.NativeIO$POSIX.posixFadviseIfPossible(NativeIO.java:267)
	at org.apache.hadoop.io.nativeio.NativeIO$POSIX$CacheManipulator.posixFadviseIfPossible(NativeIO.java:146)
	at org.apache.hadoop.io.ReadaheadPool$ReadaheadRequestImpl.run(ReadaheadPool.java:206)
	at java.util.concurrent.ThreadPoolExecutor.runWorker(ThreadPoolExecutor.java:1149)
	at java.util.concurrent.ThreadPoolExecutor$Worker.run(ThreadPoolExecutor.java:624)
	at java.lang.Thread.run(Thread.java:748)
26/03/02 03:37:58 INFO reduce.EventFetcher: EventFetcher is interrupted.. Returning
26/03/02 03:37:58 INFO mapred.LocalJobRunner: 1 / 1 copied.
26/03/02 03:37:58 INFO reduce.MergeManagerImpl: finalMerge called with 1 in-memory map-outputs and 0 on-disk map-outputs
26/03/02 03:37:58 INFO mapred.Merger: Merging 1 sorted segments
26/03/02 03:37:58 INFO mapred.Merger: Down to the last merge-pass, with 1 segments left of total size: 50 bytes
26/03/02 03:37:58 INFO reduce.MergeManagerImpl: Merged 1 segments, 56 bytes to disk to satisfy reduce memory limit
26/03/02 03:37:58 INFO reduce.MergeManagerImpl: Merging 1 files, 60 bytes from disk
26/03/02 03:37:58 INFO reduce.MergeManagerImpl: Merging 0 segments, 0 bytes from memory into reduce
26/03/02 03:37:58 INFO mapred.Merger: Merging 1 sorted segments
26/03/02 03:37:58 INFO mapred.Merger: Down to the last merge-pass, with 1 segments left of total size: 50 bytes
26/03/02 03:37:58 INFO mapred.LocalJobRunner: 1 / 1 copied.
26/03/02 03:37:58 INFO mapred.Task: Task:attempt_local482626047_0018_r_000003_0 is done. And is in the process of committing
26/03/02 03:37:58 INFO mapred.LocalJobRunner: 1 / 1 copied.
26/03/02 03:37:58 INFO mapred.Task: Task attempt_local482626047_0018_r_000003_0 is allowed to commit now
26/03/02 03:37:58 INFO output.FileOutputCommitter: Saved output of task 'attempt_local482626047_0018_r_000003_0' to hdfs://localhost:9000/project2/task2/runs_report_plus/scale100k_opt/iter_18/_temporary/0/task_local482626047_0018_r_000003
26/03/02 03:37:58 INFO mapred.LocalJobRunner: reduce > reduce
26/03/02 03:37:58 INFO mapred.Task: Task 'attempt_local482626047_0018_r_000003_0' done.
26/03/02 03:37:58 INFO mapred.Task: Final Counters for attempt_local482626047_0018_r_000003_0: Counters: 29
	File System Counters
		FILE: Number of bytes read=2626560
		FILE: Number of bytes written=7950141
		FILE: Number of read operations=0
		FILE: Number of large read operations=0
		FILE: Number of write operations=0
		HDFS: Number of bytes read=132116580
		HDFS: Number of bytes written=16017
		HDFS: Number of read operations=985
		HDFS: Number of large read operations=0
		HDFS: Number of write operations=320
	Map-Reduce Framework
		Combine input records=0
		Combine output records=0
		Reduce input groups=1
		Reduce shuffle bytes=60
		Reduce input records=1
		Reduce output records=1
		Spilled Records=1
		Shuffled Maps =1
		Failed Shuffles=0
		Merged Map outputs=1
		GC time elapsed (ms)=0
		Total committed heap usage (bytes)=530055168
	Shuffle Errors
		BAD_ID=0
		CONNECTION=0
		IO_ERROR=0
		WRONG_LENGTH=0
		WRONG_MAP=0
		WRONG_REDUCE=0
	File Output Format Counters 
		Bytes Written=104
26/03/02 03:37:58 INFO mapred.LocalJobRunner: Finishing task: attempt_local482626047_0018_r_000003_0
26/03/02 03:37:58 INFO mapred.LocalJobRunner: reduce task executor complete.
26/03/02 03:37:59 INFO mapreduce.Job: Job job_local482626047_0018 running in uber mode : false
26/03/02 03:37:59 INFO mapreduce.Job:  map 100% reduce 100%
26/03/02 03:37:59 INFO mapreduce.Job: Job job_local482626047_0018 completed successfully
26/03/02 03:37:59 INFO mapreduce.Job: Counters: 35
	File System Counters
		FILE: Number of bytes read=13129852
		FILE: Number of bytes written=39750051
		FILE: Number of read operations=0
		FILE: Number of large read operations=0
		FILE: Number of write operations=0
		HDFS: Number of bytes read=660582900
		HDFS: Number of bytes written=78951
		HDFS: Number of read operations=4895
		HDFS: Number of large read operations=0
		HDFS: Number of write operations=1580
	Map-Reduce Framework
		Map input records=100000
		Map output records=100000
		Map output bytes=5200000
		Map output materialized bytes=294
		Input split bytes=123
		Combine input records=100000
		Combine output records=5
		Reduce input groups=5
		Reduce shuffle bytes=294
		Reduce input records=5
		Reduce output records=5
		Spilled Records=10
		Shuffled Maps =4
		Failed Shuffles=0
		Merged Map outputs=4
		GC time elapsed (ms)=22
		Total committed heap usage (bytes)=2650275840
	Shuffle Errors
		BAD_ID=0
		CONNECTION=0
		IO_ERROR=0
		WRONG_LENGTH=0
		WRONG_MAP=0
		WRONG_REDUCE=0
	File Input Format Counters 
		Bytes Read=7337711
	File Output Format Counters 
		Bytes Written=514
26/03/02 03:37:59 INFO jvm.JvmMetrics: Cannot initialize JVM Metrics with processName=JobTracker, sessionId= - already initialized
26/03/02 03:37:59 WARN mapreduce.JobResourceUploader: Hadoop command-line option parsing not performed. Implement the Tool interface and execute your application with ToolRunner to remedy this.
26/03/02 03:37:59 INFO input.FileInputFormat: Total input paths to process : 1
26/03/02 03:37:59 INFO mapreduce.JobSubmitter: number of splits:1
26/03/02 03:37:59 INFO mapreduce.JobSubmitter: Submitting tokens for job: job_local915453601_0019
26/03/02 03:37:59 INFO mapred.LocalDistributedCacheManager: Creating symlink: /tmp/hadoop-ds503/mapred/local/1772422679366/centers_iter_18.csv <- /home/ds503/centers_iter_18.csv
26/03/02 03:37:59 INFO mapred.LocalDistributedCacheManager: Localized hdfs://localhost:9000/project2/task2/runs_report_plus/scale100k_opt/centers_iter_18.csv as file:/tmp/hadoop-ds503/mapred/local/1772422679366/centers_iter_18.csv
26/03/02 03:37:59 INFO mapreduce.Job: The url to track the job: http://localhost:8080/
26/03/02 03:37:59 INFO mapreduce.Job: Running job: job_local915453601_0019
26/03/02 03:37:59 INFO mapred.LocalJobRunner: OutputCommitter set in config null
26/03/02 03:37:59 INFO output.FileOutputCommitter: File Output Committer Algorithm version is 1
26/03/02 03:37:59 INFO mapred.LocalJobRunner: OutputCommitter is org.apache.hadoop.mapreduce.lib.output.FileOutputCommitter
26/03/02 03:37:59 INFO mapred.LocalJobRunner: Waiting for map tasks
26/03/02 03:37:59 INFO mapred.LocalJobRunner: Starting task: attempt_local915453601_0019_m_000000_0
26/03/02 03:37:59 INFO output.FileOutputCommitter: File Output Committer Algorithm version is 1
26/03/02 03:37:59 INFO mapred.Task:  Using ResourceCalculatorProcessTree : [ ]
26/03/02 03:37:59 INFO mapred.MapTask: Processing split: hdfs://localhost:9000/project2/task2/input/points_100k.csv:0+7337711
26/03/02 03:37:59 INFO mapred.MapTask: (EQUATOR) 0 kvi 26214396(104857584)
26/03/02 03:37:59 INFO mapred.MapTask: mapreduce.task.io.sort.mb: 100
26/03/02 03:37:59 INFO mapred.MapTask: soft limit at 83886080
26/03/02 03:37:59 INFO mapred.MapTask: bufstart = 0; bufvoid = 104857600
26/03/02 03:37:59 INFO mapred.MapTask: kvstart = 26214396; length = 6553600
26/03/02 03:37:59 INFO mapred.MapTask: Map output collector class = org.apache.hadoop.mapred.MapTask$MapOutputBuffer
26/03/02 03:37:59 INFO mapred.LocalJobRunner: 
26/03/02 03:37:59 INFO mapred.MapTask: Starting flush of map output
26/03/02 03:37:59 INFO mapred.MapTask: Spilling map output
26/03/02 03:37:59 INFO mapred.MapTask: bufstart = 0; bufend = 5200000; bufvoid = 104857600
26/03/02 03:37:59 INFO mapred.MapTask: kvstart = 26214396(104857584); kvend = 25814400(103257600); length = 399997/6553600
26/03/02 03:37:59 INFO mapred.MapTask: Finished spill 0
26/03/02 03:37:59 INFO mapred.Task: Task:attempt_local915453601_0019_m_000000_0 is done. And is in the process of committing
26/03/02 03:37:59 INFO mapred.LocalJobRunner: map
26/03/02 03:37:59 INFO mapred.Task: Task 'attempt_local915453601_0019_m_000000_0' done.
26/03/02 03:37:59 INFO mapred.Task: Final Counters for attempt_local915453601_0019_m_000000_0: Counters: 23
	File System Counters
		FILE: Number of bytes read=2771116
		FILE: Number of bytes written=8390644
		FILE: Number of read operations=0
		FILE: Number of large read operations=0
		FILE: Number of write operations=0
		HDFS: Number of bytes read=139456453
		HDFS: Number of bytes written=16396
		HDFS: Number of read operations=1029
		HDFS: Number of large read operations=0
		HDFS: Number of write operations=330
	Map-Reduce Framework
		Map input records=100000
		Map output records=100000
		Map output bytes=5200000
		Map output materialized bytes=294
		Input split bytes=123
		Combine input records=100000
		Combine output records=5
		Spilled Records=5
		Failed Shuffles=0
		Merged Map outputs=0
		GC time elapsed (ms)=34
		Total committed heap usage (bytes)=531103744
	File Input Format Counters 
		Bytes Read=7337711
26/03/02 03:37:59 INFO mapred.LocalJobRunner: Finishing task: attempt_local915453601_0019_m_000000_0
26/03/02 03:37:59 INFO mapred.LocalJobRunner: map task executor complete.
26/03/02 03:37:59 INFO mapred.LocalJobRunner: Waiting for reduce tasks
26/03/02 03:37:59 INFO mapred.LocalJobRunner: Starting task: attempt_local915453601_0019_r_000000_0
26/03/02 03:37:59 INFO output.FileOutputCommitter: File Output Committer Algorithm version is 1
26/03/02 03:37:59 INFO mapred.Task:  Using ResourceCalculatorProcessTree : [ ]
26/03/02 03:37:59 INFO mapred.ReduceTask: Using ShuffleConsumerPlugin: org.apache.hadoop.mapreduce.task.reduce.Shuffle@2fcbd59f
26/03/02 03:37:59 INFO reduce.MergeManagerImpl: MergerManager: memoryLimit=371772608, maxSingleShuffleLimit=92943152, mergeThreshold=245369936, ioSortFactor=10, memToMemMergeOutputsThreshold=10
26/03/02 03:37:59 INFO reduce.EventFetcher: attempt_local915453601_0019_r_000000_0 Thread started: EventFetcher for fetching Map Completion Events
26/03/02 03:37:59 INFO reduce.LocalFetcher: localfetcher#73 about to shuffle output of map attempt_local915453601_0019_m_000000_0 decomp: 110 len: 114 to MEMORY
26/03/02 03:37:59 INFO reduce.InMemoryMapOutput: Read 110 bytes from map-output for attempt_local915453601_0019_m_000000_0
26/03/02 03:37:59 INFO reduce.MergeManagerImpl: closeInMemoryFile -> map-output of size: 110, inMemoryMapOutputs.size() -> 1, commitMemory -> 0, usedMemory ->110
26/03/02 03:37:59 INFO reduce.EventFetcher: EventFetcher is interrupted.. Returning
26/03/02 03:37:59 INFO mapred.LocalJobRunner: 1 / 1 copied.
26/03/02 03:37:59 INFO reduce.MergeManagerImpl: finalMerge called with 1 in-memory map-outputs and 0 on-disk map-outputs
26/03/02 03:37:59 INFO mapred.Merger: Merging 1 sorted segments
26/03/02 03:37:59 INFO mapred.Merger: Down to the last merge-pass, with 1 segments left of total size: 104 bytes
26/03/02 03:37:59 INFO reduce.MergeManagerImpl: Merged 1 segments, 110 bytes to disk to satisfy reduce memory limit
26/03/02 03:37:59 INFO reduce.MergeManagerImpl: Merging 1 files, 114 bytes from disk
26/03/02 03:37:59 INFO reduce.MergeManagerImpl: Merging 0 segments, 0 bytes from memory into reduce
26/03/02 03:37:59 INFO mapred.Merger: Merging 1 sorted segments
26/03/02 03:37:59 INFO mapred.Merger: Down to the last merge-pass, with 1 segments left of total size: 104 bytes
26/03/02 03:37:59 INFO mapred.LocalJobRunner: 1 / 1 copied.
26/03/02 03:37:59 INFO mapred.Task: Task:attempt_local915453601_0019_r_000000_0 is done. And is in the process of committing
26/03/02 03:37:59 INFO mapred.LocalJobRunner: 1 / 1 copied.
26/03/02 03:37:59 INFO mapred.Task: Task attempt_local915453601_0019_r_000000_0 is allowed to commit now
26/03/02 03:37:59 INFO output.FileOutputCommitter: Saved output of task 'attempt_local915453601_0019_r_000000_0' to hdfs://localhost:9000/project2/task2/runs_report_plus/scale100k_opt/iter_19/_temporary/0/task_local915453601_0019_r_000000
26/03/02 03:37:59 INFO mapred.LocalJobRunner: reduce > reduce
26/03/02 03:37:59 INFO mapred.Task: Task 'attempt_local915453601_0019_r_000000_0' done.
26/03/02 03:37:59 INFO mapred.Task: Final Counters for attempt_local915453601_0019_r_000000_0: Counters: 29
	File System Counters
		FILE: Number of bytes read=2771628
		FILE: Number of bytes written=8390758
		FILE: Number of read operations=0
		FILE: Number of large read operations=0
		FILE: Number of write operations=0
		HDFS: Number of bytes read=139456453
		HDFS: Number of bytes written=16604
		HDFS: Number of read operations=1032
		HDFS: Number of large read operations=0
		HDFS: Number of write operations=332
	Map-Reduce Framework
		Combine input records=0
		Combine output records=0
		Reduce input groups=2
		Reduce shuffle bytes=114
		Reduce input records=2
		Reduce output records=2
		Spilled Records=2
		Shuffled Maps =1
		Failed Shuffles=0
		Merged Map outputs=1
		GC time elapsed (ms)=0
		Total committed heap usage (bytes)=531103744
	Shuffle Errors
		BAD_ID=0
		CONNECTION=0
		IO_ERROR=0
		WRONG_LENGTH=0
		WRONG_MAP=0
		WRONG_REDUCE=0
	File Output Format Counters 
		Bytes Written=208
26/03/02 03:37:59 INFO mapred.LocalJobRunner: Finishing task: attempt_local915453601_0019_r_000000_0
26/03/02 03:37:59 INFO mapred.LocalJobRunner: Starting task: attempt_local915453601_0019_r_000001_0
26/03/02 03:37:59 INFO output.FileOutputCommitter: File Output Committer Algorithm version is 1
26/03/02 03:37:59 INFO mapred.Task:  Using ResourceCalculatorProcessTree : [ ]
26/03/02 03:37:59 INFO mapred.ReduceTask: Using ShuffleConsumerPlugin: org.apache.hadoop.mapreduce.task.reduce.Shuffle@11a77299
26/03/02 03:37:59 INFO reduce.MergeManagerImpl: MergerManager: memoryLimit=371772608, maxSingleShuffleLimit=92943152, mergeThreshold=245369936, ioSortFactor=10, memToMemMergeOutputsThreshold=10
26/03/02 03:37:59 INFO reduce.EventFetcher: attempt_local915453601_0019_r_000001_0 Thread started: EventFetcher for fetching Map Completion Events
26/03/02 03:37:59 INFO reduce.LocalFetcher: localfetcher#74 about to shuffle output of map attempt_local915453601_0019_m_000000_0 decomp: 56 len: 60 to MEMORY
26/03/02 03:37:59 INFO reduce.InMemoryMapOutput: Read 56 bytes from map-output for attempt_local915453601_0019_m_000000_0
26/03/02 03:37:59 INFO reduce.MergeManagerImpl: closeInMemoryFile -> map-output of size: 56, inMemoryMapOutputs.size() -> 1, commitMemory -> 0, usedMemory ->56
26/03/02 03:37:59 INFO reduce.EventFetcher: EventFetcher is interrupted.. Returning
26/03/02 03:37:59 INFO mapred.LocalJobRunner: 1 / 1 copied.
26/03/02 03:37:59 INFO reduce.MergeManagerImpl: finalMerge called with 1 in-memory map-outputs and 0 on-disk map-outputs
26/03/02 03:37:59 INFO mapred.Merger: Merging 1 sorted segments
26/03/02 03:37:59 INFO mapred.Merger: Down to the last merge-pass, with 1 segments left of total size: 50 bytes
26/03/02 03:37:59 INFO reduce.MergeManagerImpl: Merged 1 segments, 56 bytes to disk to satisfy reduce memory limit
26/03/02 03:37:59 INFO reduce.MergeManagerImpl: Merging 1 files, 60 bytes from disk
26/03/02 03:37:59 INFO reduce.MergeManagerImpl: Merging 0 segments, 0 bytes from memory into reduce
26/03/02 03:37:59 INFO mapred.Merger: Merging 1 sorted segments
26/03/02 03:37:59 INFO mapred.Merger: Down to the last merge-pass, with 1 segments left of total size: 50 bytes
26/03/02 03:37:59 INFO mapred.LocalJobRunner: 1 / 1 copied.
26/03/02 03:37:59 INFO mapred.Task: Task:attempt_local915453601_0019_r_000001_0 is done. And is in the process of committing
26/03/02 03:37:59 INFO mapred.LocalJobRunner: 1 / 1 copied.
26/03/02 03:37:59 INFO mapred.Task: Task attempt_local915453601_0019_r_000001_0 is allowed to commit now
26/03/02 03:37:59 INFO output.FileOutputCommitter: Saved output of task 'attempt_local915453601_0019_r_000001_0' to hdfs://localhost:9000/project2/task2/runs_report_plus/scale100k_opt/iter_19/_temporary/0/task_local915453601_0019_r_000001
26/03/02 03:37:59 INFO mapred.LocalJobRunner: reduce > reduce
26/03/02 03:37:59 INFO mapred.Task: Task 'attempt_local915453601_0019_r_000001_0' done.
26/03/02 03:37:59 INFO mapred.Task: Final Counters for attempt_local915453601_0019_r_000001_0: Counters: 29
	File System Counters
		FILE: Number of bytes read=2771972
		FILE: Number of bytes written=8390818
		FILE: Number of read operations=0
		FILE: Number of large read operations=0
		FILE: Number of write operations=0
		HDFS: Number of bytes read=139456453
		HDFS: Number of bytes written=16703
		HDFS: Number of read operations=1035
		HDFS: Number of large read operations=0
		HDFS: Number of write operations=334
	Map-Reduce Framework
		Combine input records=0
		Combine output records=0
		Reduce input groups=1
		Reduce shuffle bytes=60
		Reduce input records=1
		Reduce output records=1
		Spilled Records=1
		Shuffled Maps =1
		Failed Shuffles=0
		Merged Map outputs=1
		GC time elapsed (ms)=0
		Total committed heap usage (bytes)=531103744
	Shuffle Errors
		BAD_ID=0
		CONNECTION=0
		IO_ERROR=0
		WRONG_LENGTH=0
		WRONG_MAP=0
		WRONG_REDUCE=0
	File Output Format Counters 
		Bytes Written=99
26/03/02 03:37:59 INFO mapred.LocalJobRunner: Finishing task: attempt_local915453601_0019_r_000001_0
26/03/02 03:37:59 INFO mapred.LocalJobRunner: Starting task: attempt_local915453601_0019_r_000002_0
26/03/02 03:37:59 INFO output.FileOutputCommitter: File Output Committer Algorithm version is 1
26/03/02 03:37:59 INFO mapred.Task:  Using ResourceCalculatorProcessTree : [ ]
26/03/02 03:37:59 INFO mapred.ReduceTask: Using ShuffleConsumerPlugin: org.apache.hadoop.mapreduce.task.reduce.Shuffle@69670a3f
26/03/02 03:37:59 INFO reduce.MergeManagerImpl: MergerManager: memoryLimit=371772608, maxSingleShuffleLimit=92943152, mergeThreshold=245369936, ioSortFactor=10, memToMemMergeOutputsThreshold=10
26/03/02 03:37:59 INFO reduce.EventFetcher: attempt_local915453601_0019_r_000002_0 Thread started: EventFetcher for fetching Map Completion Events
26/03/02 03:37:59 INFO reduce.LocalFetcher: localfetcher#75 about to shuffle output of map attempt_local915453601_0019_m_000000_0 decomp: 56 len: 60 to MEMORY
26/03/02 03:37:59 INFO reduce.InMemoryMapOutput: Read 56 bytes from map-output for attempt_local915453601_0019_m_000000_0
26/03/02 03:37:59 INFO reduce.MergeManagerImpl: closeInMemoryFile -> map-output of size: 56, inMemoryMapOutputs.size() -> 1, commitMemory -> 0, usedMemory ->56
26/03/02 03:37:59 WARN io.ReadaheadPool: Failed readahead on ifile
EBADF: Bad file descriptor
	at org.apache.hadoop.io.nativeio.NativeIO$POSIX.posix_fadvise(Native Method)
	at org.apache.hadoop.io.nativeio.NativeIO$POSIX.posixFadviseIfPossible(NativeIO.java:267)
	at org.apache.hadoop.io.nativeio.NativeIO$POSIX$CacheManipulator.posixFadviseIfPossible(NativeIO.java:146)
	at org.apache.hadoop.io.ReadaheadPool$ReadaheadRequestImpl.run(ReadaheadPool.java:206)
	at java.util.concurrent.ThreadPoolExecutor.runWorker(ThreadPoolExecutor.java:1149)
	at java.util.concurrent.ThreadPoolExecutor$Worker.run(ThreadPoolExecutor.java:624)
	at java.lang.Thread.run(Thread.java:748)
26/03/02 03:37:59 INFO reduce.EventFetcher: EventFetcher is interrupted.. Returning
26/03/02 03:37:59 INFO mapred.LocalJobRunner: 1 / 1 copied.
26/03/02 03:37:59 INFO reduce.MergeManagerImpl: finalMerge called with 1 in-memory map-outputs and 0 on-disk map-outputs
26/03/02 03:37:59 INFO mapred.Merger: Merging 1 sorted segments
26/03/02 03:37:59 INFO mapred.Merger: Down to the last merge-pass, with 1 segments left of total size: 50 bytes
26/03/02 03:37:59 INFO reduce.MergeManagerImpl: Merged 1 segments, 56 bytes to disk to satisfy reduce memory limit
26/03/02 03:37:59 INFO reduce.MergeManagerImpl: Merging 1 files, 60 bytes from disk
26/03/02 03:37:59 INFO reduce.MergeManagerImpl: Merging 0 segments, 0 bytes from memory into reduce
26/03/02 03:37:59 INFO mapred.Merger: Merging 1 sorted segments
26/03/02 03:37:59 INFO mapred.Merger: Down to the last merge-pass, with 1 segments left of total size: 50 bytes
26/03/02 03:37:59 INFO mapred.LocalJobRunner: 1 / 1 copied.
26/03/02 03:37:59 INFO mapred.Task: Task:attempt_local915453601_0019_r_000002_0 is done. And is in the process of committing
26/03/02 03:37:59 INFO mapred.LocalJobRunner: 1 / 1 copied.
26/03/02 03:37:59 INFO mapred.Task: Task attempt_local915453601_0019_r_000002_0 is allowed to commit now
26/03/02 03:37:59 INFO output.FileOutputCommitter: Saved output of task 'attempt_local915453601_0019_r_000002_0' to hdfs://localhost:9000/project2/task2/runs_report_plus/scale100k_opt/iter_19/_temporary/0/task_local915453601_0019_r_000002
26/03/02 03:37:59 INFO mapred.LocalJobRunner: reduce > reduce
26/03/02 03:37:59 INFO mapred.Task: Task 'attempt_local915453601_0019_r_000002_0' done.
26/03/02 03:37:59 INFO mapred.Task: Final Counters for attempt_local915453601_0019_r_000002_0: Counters: 29
	File System Counters
		FILE: Number of bytes read=2772256
		FILE: Number of bytes written=8390878
		FILE: Number of read operations=0
		FILE: Number of large read operations=0
		FILE: Number of write operations=0
		HDFS: Number of bytes read=139456453
		HDFS: Number of bytes written=16806
		HDFS: Number of read operations=1038
		HDFS: Number of large read operations=0
		HDFS: Number of write operations=336
	Map-Reduce Framework
		Combine input records=0
		Combine output records=0
		Reduce input groups=1
		Reduce shuffle bytes=60
		Reduce input records=1
		Reduce output records=1
		Spilled Records=1
		Shuffled Maps =1
		Failed Shuffles=0
		Merged Map outputs=1
		GC time elapsed (ms)=0
		Total committed heap usage (bytes)=531103744
	Shuffle Errors
		BAD_ID=0
		CONNECTION=0
		IO_ERROR=0
		WRONG_LENGTH=0
		WRONG_MAP=0
		WRONG_REDUCE=0
	File Output Format Counters 
		Bytes Written=103
26/03/02 03:37:59 INFO mapred.LocalJobRunner: Finishing task: attempt_local915453601_0019_r_000002_0
26/03/02 03:37:59 INFO mapred.LocalJobRunner: Starting task: attempt_local915453601_0019_r_000003_0
26/03/02 03:37:59 INFO output.FileOutputCommitter: File Output Committer Algorithm version is 1
26/03/02 03:37:59 INFO mapred.Task:  Using ResourceCalculatorProcessTree : [ ]
26/03/02 03:37:59 INFO mapred.ReduceTask: Using ShuffleConsumerPlugin: org.apache.hadoop.mapreduce.task.reduce.Shuffle@2a875242
26/03/02 03:37:59 INFO reduce.MergeManagerImpl: MergerManager: memoryLimit=371772608, maxSingleShuffleLimit=92943152, mergeThreshold=245369936, ioSortFactor=10, memToMemMergeOutputsThreshold=10
26/03/02 03:37:59 INFO reduce.EventFetcher: attempt_local915453601_0019_r_000003_0 Thread started: EventFetcher for fetching Map Completion Events
26/03/02 03:37:59 INFO reduce.LocalFetcher: localfetcher#76 about to shuffle output of map attempt_local915453601_0019_m_000000_0 decomp: 56 len: 60 to MEMORY
26/03/02 03:37:59 INFO reduce.InMemoryMapOutput: Read 56 bytes from map-output for attempt_local915453601_0019_m_000000_0
26/03/02 03:37:59 INFO reduce.MergeManagerImpl: closeInMemoryFile -> map-output of size: 56, inMemoryMapOutputs.size() -> 1, commitMemory -> 0, usedMemory ->56
26/03/02 03:37:59 WARN io.ReadaheadPool: Failed readahead on ifile
EBADF: Bad file descriptor
	at org.apache.hadoop.io.nativeio.NativeIO$POSIX.posix_fadvise(Native Method)
	at org.apache.hadoop.io.nativeio.NativeIO$POSIX.posixFadviseIfPossible(NativeIO.java:267)
	at org.apache.hadoop.io.nativeio.NativeIO$POSIX$CacheManipulator.posixFadviseIfPossible(NativeIO.java:146)
	at org.apache.hadoop.io.ReadaheadPool$ReadaheadRequestImpl.run(ReadaheadPool.java:206)
	at java.util.concurrent.ThreadPoolExecutor.runWorker(ThreadPoolExecutor.java:1149)
	at java.util.concurrent.ThreadPoolExecutor$Worker.run(ThreadPoolExecutor.java:624)
	at java.lang.Thread.run(Thread.java:748)
26/03/02 03:37:59 INFO reduce.EventFetcher: EventFetcher is interrupted.. Returning
26/03/02 03:37:59 INFO mapred.LocalJobRunner: 1 / 1 copied.
26/03/02 03:37:59 INFO reduce.MergeManagerImpl: finalMerge called with 1 in-memory map-outputs and 0 on-disk map-outputs
26/03/02 03:37:59 INFO mapred.Merger: Merging 1 sorted segments
26/03/02 03:37:59 INFO mapred.Merger: Down to the last merge-pass, with 1 segments left of total size: 50 bytes
26/03/02 03:37:59 INFO reduce.MergeManagerImpl: Merged 1 segments, 56 bytes to disk to satisfy reduce memory limit
26/03/02 03:37:59 INFO reduce.MergeManagerImpl: Merging 1 files, 60 bytes from disk
26/03/02 03:37:59 INFO reduce.MergeManagerImpl: Merging 0 segments, 0 bytes from memory into reduce
26/03/02 03:37:59 INFO mapred.Merger: Merging 1 sorted segments
26/03/02 03:37:59 INFO mapred.Merger: Down to the last merge-pass, with 1 segments left of total size: 50 bytes
26/03/02 03:37:59 INFO mapred.LocalJobRunner: 1 / 1 copied.
26/03/02 03:37:59 INFO mapred.Task: Task:attempt_local915453601_0019_r_000003_0 is done. And is in the process of committing
26/03/02 03:37:59 INFO mapred.LocalJobRunner: 1 / 1 copied.
26/03/02 03:37:59 INFO mapred.Task: Task attempt_local915453601_0019_r_000003_0 is allowed to commit now
26/03/02 03:37:59 INFO output.FileOutputCommitter: Saved output of task 'attempt_local915453601_0019_r_000003_0' to hdfs://localhost:9000/project2/task2/runs_report_plus/scale100k_opt/iter_19/_temporary/0/task_local915453601_0019_r_000003
26/03/02 03:37:59 INFO mapred.LocalJobRunner: reduce > reduce
26/03/02 03:37:59 INFO mapred.Task: Task 'attempt_local915453601_0019_r_000003_0' done.
26/03/02 03:37:59 INFO mapred.Task: Final Counters for attempt_local915453601_0019_r_000003_0: Counters: 29
	File System Counters
		FILE: Number of bytes read=2772480
		FILE: Number of bytes written=8390938
		FILE: Number of read operations=0
		FILE: Number of large read operations=0
		FILE: Number of write operations=0
		HDFS: Number of bytes read=139456453
		HDFS: Number of bytes written=16910
		HDFS: Number of read operations=1041
		HDFS: Number of large read operations=0
		HDFS: Number of write operations=338
	Map-Reduce Framework
		Combine input records=0
		Combine output records=0
		Reduce input groups=1
		Reduce shuffle bytes=60
		Reduce input records=1
		Reduce output records=1
		Spilled Records=1
		Shuffled Maps =1
		Failed Shuffles=0
		Merged Map outputs=1
		GC time elapsed (ms)=0
		Total committed heap usage (bytes)=531103744
	Shuffle Errors
		BAD_ID=0
		CONNECTION=0
		IO_ERROR=0
		WRONG_LENGTH=0
		WRONG_MAP=0
		WRONG_REDUCE=0
	File Output Format Counters 
		Bytes Written=104
26/03/02 03:37:59 INFO mapred.LocalJobRunner: Finishing task: attempt_local915453601_0019_r_000003_0
26/03/02 03:37:59 INFO mapred.LocalJobRunner: reduce task executor complete.
26/03/02 03:38:00 INFO mapreduce.Job: Job job_local915453601_0019 running in uber mode : false
26/03/02 03:38:00 INFO mapreduce.Job:  map 100% reduce 100%
26/03/02 03:38:00 INFO mapreduce.Job: Job job_local915453601_0019 completed successfully
26/03/02 03:38:00 INFO mapreduce.Job: Counters: 35
	File System Counters
		FILE: Number of bytes read=13859452
		FILE: Number of bytes written=41954036
		FILE: Number of read operations=0
		FILE: Number of large read operations=0
		FILE: Number of write operations=0
		HDFS: Number of bytes read=697282265
		HDFS: Number of bytes written=83419
		HDFS: Number of read operations=5175
		HDFS: Number of large read operations=0
		HDFS: Number of write operations=1670
	Map-Reduce Framework
		Map input records=100000
		Map output records=100000
		Map output bytes=5200000
		Map output materialized bytes=294
		Input split bytes=123
		Combine input records=100000
		Combine output records=5
		Reduce input groups=5
		Reduce shuffle bytes=294
		Reduce input records=5
		Reduce output records=5
		Spilled Records=10
		Shuffled Maps =4
		Failed Shuffles=0
		Merged Map outputs=4
		GC time elapsed (ms)=34
		Total committed heap usage (bytes)=2655518720
	Shuffle Errors
		BAD_ID=0
		CONNECTION=0
		IO_ERROR=0
		WRONG_LENGTH=0
		WRONG_MAP=0
		WRONG_REDUCE=0
	File Input Format Counters 
		Bytes Read=7337711
	File Output Format Counters 
		Bytes Written=514
26/03/02 03:38:00 INFO jvm.JvmMetrics: Cannot initialize JVM Metrics with processName=JobTracker, sessionId= - already initialized
26/03/02 03:38:00 WARN mapreduce.JobResourceUploader: Hadoop command-line option parsing not performed. Implement the Tool interface and execute your application with ToolRunner to remedy this.
26/03/02 03:38:00 INFO input.FileInputFormat: Total input paths to process : 1
26/03/02 03:38:00 INFO mapreduce.JobSubmitter: number of splits:1
26/03/02 03:38:00 INFO mapreduce.JobSubmitter: Submitting tokens for job: job_local1655781214_0020
26/03/02 03:38:00 INFO mapred.LocalDistributedCacheManager: Creating symlink: /tmp/hadoop-ds503/mapred/local/1772422680438/centers_iter_19.csv <- /home/ds503/centers_iter_19.csv
26/03/02 03:38:00 INFO mapred.LocalDistributedCacheManager: Localized hdfs://localhost:9000/project2/task2/runs_report_plus/scale100k_opt/centers_iter_19.csv as file:/tmp/hadoop-ds503/mapred/local/1772422680438/centers_iter_19.csv
26/03/02 03:38:00 INFO mapreduce.Job: The url to track the job: http://localhost:8080/
26/03/02 03:38:00 INFO mapreduce.Job: Running job: job_local1655781214_0020
26/03/02 03:38:00 INFO mapred.LocalJobRunner: OutputCommitter set in config null
26/03/02 03:38:00 INFO output.FileOutputCommitter: File Output Committer Algorithm version is 1
26/03/02 03:38:00 INFO mapred.LocalJobRunner: OutputCommitter is org.apache.hadoop.mapreduce.lib.output.FileOutputCommitter
26/03/02 03:38:00 INFO mapred.LocalJobRunner: Waiting for map tasks
26/03/02 03:38:00 INFO mapred.LocalJobRunner: Starting task: attempt_local1655781214_0020_m_000000_0
26/03/02 03:38:00 INFO output.FileOutputCommitter: File Output Committer Algorithm version is 1
26/03/02 03:38:00 INFO mapred.Task:  Using ResourceCalculatorProcessTree : [ ]
26/03/02 03:38:00 INFO mapred.MapTask: Processing split: hdfs://localhost:9000/project2/task2/input/points_100k.csv:0+7337711
26/03/02 03:38:00 INFO mapred.MapTask: (EQUATOR) 0 kvi 26214396(104857584)
26/03/02 03:38:00 INFO mapred.MapTask: mapreduce.task.io.sort.mb: 100
26/03/02 03:38:00 INFO mapred.MapTask: soft limit at 83886080
26/03/02 03:38:00 INFO mapred.MapTask: bufstart = 0; bufvoid = 104857600
26/03/02 03:38:00 INFO mapred.MapTask: kvstart = 26214396; length = 6553600
26/03/02 03:38:00 INFO mapred.MapTask: Map output collector class = org.apache.hadoop.mapred.MapTask$MapOutputBuffer
26/03/02 03:38:00 INFO mapred.LocalJobRunner: 
26/03/02 03:38:00 INFO mapred.MapTask: Starting flush of map output
26/03/02 03:38:00 INFO mapred.MapTask: Spilling map output
26/03/02 03:38:00 INFO mapred.MapTask: bufstart = 0; bufend = 5200000; bufvoid = 104857600
26/03/02 03:38:00 INFO mapred.MapTask: kvstart = 26214396(104857584); kvend = 25814400(103257600); length = 399997/6553600
26/03/02 03:38:00 INFO mapred.MapTask: Finished spill 0
26/03/02 03:38:00 INFO mapred.Task: Task:attempt_local1655781214_0020_m_000000_0 is done. And is in the process of committing
26/03/02 03:38:00 INFO mapred.LocalJobRunner: map
26/03/02 03:38:00 INFO mapred.Task: Task 'attempt_local1655781214_0020_m_000000_0' done.
26/03/02 03:38:00 INFO mapred.Task: Final Counters for attempt_local1655781214_0020_m_000000_0: Counters: 23
	File System Counters
		FILE: Number of bytes read=2917036
		FILE: Number of bytes written=8833028
		FILE: Number of read operations=0
		FILE: Number of large read operations=0
		FILE: Number of write operations=0
		HDFS: Number of bytes read=146796327
		HDFS: Number of bytes written=17288
		HDFS: Number of read operations=1085
		HDFS: Number of large read operations=0
		HDFS: Number of write operations=348
	Map-Reduce Framework
		Map input records=100000
		Map output records=100000
		Map output bytes=5200000
		Map output materialized bytes=294
		Input split bytes=123
		Combine input records=100000
		Combine output records=5
		Spilled Records=5
		Failed Shuffles=0
		Merged Map outputs=0
		GC time elapsed (ms)=23
		Total committed heap usage (bytes)=531103744
	File Input Format Counters 
		Bytes Read=7337711
26/03/02 03:38:00 INFO mapred.LocalJobRunner: Finishing task: attempt_local1655781214_0020_m_000000_0
26/03/02 03:38:00 INFO mapred.LocalJobRunner: map task executor complete.
26/03/02 03:38:00 INFO mapred.LocalJobRunner: Waiting for reduce tasks
26/03/02 03:38:00 INFO mapred.LocalJobRunner: Starting task: attempt_local1655781214_0020_r_000000_0
26/03/02 03:38:00 INFO output.FileOutputCommitter: File Output Committer Algorithm version is 1
26/03/02 03:38:00 INFO mapred.Task:  Using ResourceCalculatorProcessTree : [ ]
26/03/02 03:38:00 INFO mapred.ReduceTask: Using ShuffleConsumerPlugin: org.apache.hadoop.mapreduce.task.reduce.Shuffle@3adae095
26/03/02 03:38:00 INFO reduce.MergeManagerImpl: MergerManager: memoryLimit=371772608, maxSingleShuffleLimit=92943152, mergeThreshold=245369936, ioSortFactor=10, memToMemMergeOutputsThreshold=10
26/03/02 03:38:00 INFO reduce.EventFetcher: attempt_local1655781214_0020_r_000000_0 Thread started: EventFetcher for fetching Map Completion Events
26/03/02 03:38:00 INFO reduce.LocalFetcher: localfetcher#77 about to shuffle output of map attempt_local1655781214_0020_m_000000_0 decomp: 110 len: 114 to MEMORY
26/03/02 03:38:00 INFO reduce.InMemoryMapOutput: Read 110 bytes from map-output for attempt_local1655781214_0020_m_000000_0
26/03/02 03:38:00 INFO reduce.MergeManagerImpl: closeInMemoryFile -> map-output of size: 110, inMemoryMapOutputs.size() -> 1, commitMemory -> 0, usedMemory ->110
26/03/02 03:38:00 INFO reduce.EventFetcher: EventFetcher is interrupted.. Returning
26/03/02 03:38:00 INFO mapred.LocalJobRunner: 1 / 1 copied.
26/03/02 03:38:00 INFO reduce.MergeManagerImpl: finalMerge called with 1 in-memory map-outputs and 0 on-disk map-outputs
26/03/02 03:38:00 INFO mapred.Merger: Merging 1 sorted segments
26/03/02 03:38:00 INFO mapred.Merger: Down to the last merge-pass, with 1 segments left of total size: 104 bytes
26/03/02 03:38:00 INFO reduce.MergeManagerImpl: Merged 1 segments, 110 bytes to disk to satisfy reduce memory limit
26/03/02 03:38:00 INFO reduce.MergeManagerImpl: Merging 1 files, 114 bytes from disk
26/03/02 03:38:00 INFO reduce.MergeManagerImpl: Merging 0 segments, 0 bytes from memory into reduce
26/03/02 03:38:00 INFO mapred.Merger: Merging 1 sorted segments
26/03/02 03:38:00 INFO mapred.Merger: Down to the last merge-pass, with 1 segments left of total size: 104 bytes
26/03/02 03:38:00 INFO mapred.LocalJobRunner: 1 / 1 copied.
26/03/02 03:38:00 INFO mapred.Task: Task:attempt_local1655781214_0020_r_000000_0 is done. And is in the process of committing
26/03/02 03:38:00 INFO mapred.LocalJobRunner: 1 / 1 copied.
26/03/02 03:38:00 INFO mapred.Task: Task attempt_local1655781214_0020_r_000000_0 is allowed to commit now
26/03/02 03:38:00 INFO output.FileOutputCommitter: Saved output of task 'attempt_local1655781214_0020_r_000000_0' to hdfs://localhost:9000/project2/task2/runs_report_plus/scale100k_opt/iter_20/_temporary/0/task_local1655781214_0020_r_000000
26/03/02 03:38:00 INFO mapred.LocalJobRunner: reduce > reduce
26/03/02 03:38:00 INFO mapred.Task: Task 'attempt_local1655781214_0020_r_000000_0' done.
26/03/02 03:38:00 INFO mapred.Task: Final Counters for attempt_local1655781214_0020_r_000000_0: Counters: 29
	File System Counters
		FILE: Number of bytes read=2917548
		FILE: Number of bytes written=8833142
		FILE: Number of read operations=0
		FILE: Number of large read operations=0
		FILE: Number of write operations=0
		HDFS: Number of bytes read=146796327
		HDFS: Number of bytes written=17496
		HDFS: Number of read operations=1088
		HDFS: Number of large read operations=0
		HDFS: Number of write operations=350
	Map-Reduce Framework
		Combine input records=0
		Combine output records=0
		Reduce input groups=2
		Reduce shuffle bytes=114
		Reduce input records=2
		Reduce output records=2
		Spilled Records=2
		Shuffled Maps =1
		Failed Shuffles=0
		Merged Map outputs=1
		GC time elapsed (ms)=0
		Total committed heap usage (bytes)=531103744
	Shuffle Errors
		BAD_ID=0
		CONNECTION=0
		IO_ERROR=0
		WRONG_LENGTH=0
		WRONG_MAP=0
		WRONG_REDUCE=0
	File Output Format Counters 
		Bytes Written=208
26/03/02 03:38:00 INFO mapred.LocalJobRunner: Finishing task: attempt_local1655781214_0020_r_000000_0
26/03/02 03:38:00 INFO mapred.LocalJobRunner: Starting task: attempt_local1655781214_0020_r_000001_0
26/03/02 03:38:00 INFO output.FileOutputCommitter: File Output Committer Algorithm version is 1
26/03/02 03:38:00 INFO mapred.Task:  Using ResourceCalculatorProcessTree : [ ]
26/03/02 03:38:00 INFO mapred.ReduceTask: Using ShuffleConsumerPlugin: org.apache.hadoop.mapreduce.task.reduce.Shuffle@18939bfc
26/03/02 03:38:00 INFO reduce.MergeManagerImpl: MergerManager: memoryLimit=371772608, maxSingleShuffleLimit=92943152, mergeThreshold=245369936, ioSortFactor=10, memToMemMergeOutputsThreshold=10
26/03/02 03:38:00 INFO reduce.EventFetcher: attempt_local1655781214_0020_r_000001_0 Thread started: EventFetcher for fetching Map Completion Events
26/03/02 03:38:00 INFO reduce.LocalFetcher: localfetcher#78 about to shuffle output of map attempt_local1655781214_0020_m_000000_0 decomp: 56 len: 60 to MEMORY
26/03/02 03:38:00 INFO reduce.InMemoryMapOutput: Read 56 bytes from map-output for attempt_local1655781214_0020_m_000000_0
26/03/02 03:38:00 INFO reduce.MergeManagerImpl: closeInMemoryFile -> map-output of size: 56, inMemoryMapOutputs.size() -> 1, commitMemory -> 0, usedMemory ->56
26/03/02 03:38:00 INFO reduce.EventFetcher: EventFetcher is interrupted.. Returning
26/03/02 03:38:00 INFO mapred.LocalJobRunner: 1 / 1 copied.
26/03/02 03:38:00 INFO reduce.MergeManagerImpl: finalMerge called with 1 in-memory map-outputs and 0 on-disk map-outputs
26/03/02 03:38:00 INFO mapred.Merger: Merging 1 sorted segments
26/03/02 03:38:00 INFO mapred.Merger: Down to the last merge-pass, with 1 segments left of total size: 50 bytes
26/03/02 03:38:00 INFO reduce.MergeManagerImpl: Merged 1 segments, 56 bytes to disk to satisfy reduce memory limit
26/03/02 03:38:00 INFO reduce.MergeManagerImpl: Merging 1 files, 60 bytes from disk
26/03/02 03:38:00 INFO reduce.MergeManagerImpl: Merging 0 segments, 0 bytes from memory into reduce
26/03/02 03:38:00 INFO mapred.Merger: Merging 1 sorted segments
26/03/02 03:38:00 INFO mapred.Merger: Down to the last merge-pass, with 1 segments left of total size: 50 bytes
26/03/02 03:38:00 INFO mapred.LocalJobRunner: 1 / 1 copied.
26/03/02 03:38:00 INFO mapred.Task: Task:attempt_local1655781214_0020_r_000001_0 is done. And is in the process of committing
26/03/02 03:38:00 INFO mapred.LocalJobRunner: 1 / 1 copied.
26/03/02 03:38:00 INFO mapred.Task: Task attempt_local1655781214_0020_r_000001_0 is allowed to commit now
26/03/02 03:38:00 INFO output.FileOutputCommitter: Saved output of task 'attempt_local1655781214_0020_r_000001_0' to hdfs://localhost:9000/project2/task2/runs_report_plus/scale100k_opt/iter_20/_temporary/0/task_local1655781214_0020_r_000001
26/03/02 03:38:00 INFO mapred.LocalJobRunner: reduce > reduce
26/03/02 03:38:00 INFO mapred.Task: Task 'attempt_local1655781214_0020_r_000001_0' done.
26/03/02 03:38:00 INFO mapred.Task: Final Counters for attempt_local1655781214_0020_r_000001_0: Counters: 29
	File System Counters
		FILE: Number of bytes read=2917892
		FILE: Number of bytes written=8833202
		FILE: Number of read operations=0
		FILE: Number of large read operations=0
		FILE: Number of write operations=0
		HDFS: Number of bytes read=146796327
		HDFS: Number of bytes written=17597
		HDFS: Number of read operations=1091
		HDFS: Number of large read operations=0
		HDFS: Number of write operations=352
	Map-Reduce Framework
		Combine input records=0
		Combine output records=0
		Reduce input groups=1
		Reduce shuffle bytes=60
		Reduce input records=1
		Reduce output records=1
		Spilled Records=1
		Shuffled Maps =1
		Failed Shuffles=0
		Merged Map outputs=1
		GC time elapsed (ms)=0
		Total committed heap usage (bytes)=531103744
	Shuffle Errors
		BAD_ID=0
		CONNECTION=0
		IO_ERROR=0
		WRONG_LENGTH=0
		WRONG_MAP=0
		WRONG_REDUCE=0
	File Output Format Counters 
		Bytes Written=101
26/03/02 03:38:00 INFO mapred.LocalJobRunner: Finishing task: attempt_local1655781214_0020_r_000001_0
26/03/02 03:38:00 INFO mapred.LocalJobRunner: Starting task: attempt_local1655781214_0020_r_000002_0
26/03/02 03:38:00 INFO output.FileOutputCommitter: File Output Committer Algorithm version is 1
26/03/02 03:38:00 INFO mapred.Task:  Using ResourceCalculatorProcessTree : [ ]
26/03/02 03:38:00 INFO mapred.ReduceTask: Using ShuffleConsumerPlugin: org.apache.hadoop.mapreduce.task.reduce.Shuffle@6046f76c
26/03/02 03:38:00 INFO reduce.MergeManagerImpl: MergerManager: memoryLimit=371772608, maxSingleShuffleLimit=92943152, mergeThreshold=245369936, ioSortFactor=10, memToMemMergeOutputsThreshold=10
26/03/02 03:38:00 INFO reduce.EventFetcher: attempt_local1655781214_0020_r_000002_0 Thread started: EventFetcher for fetching Map Completion Events
26/03/02 03:38:00 INFO reduce.LocalFetcher: localfetcher#79 about to shuffle output of map attempt_local1655781214_0020_m_000000_0 decomp: 56 len: 60 to MEMORY
26/03/02 03:38:00 INFO reduce.InMemoryMapOutput: Read 56 bytes from map-output for attempt_local1655781214_0020_m_000000_0
26/03/02 03:38:00 INFO reduce.MergeManagerImpl: closeInMemoryFile -> map-output of size: 56, inMemoryMapOutputs.size() -> 1, commitMemory -> 0, usedMemory ->56
26/03/02 03:38:00 INFO reduce.EventFetcher: EventFetcher is interrupted.. Returning
26/03/02 03:38:00 INFO mapred.LocalJobRunner: 1 / 1 copied.
26/03/02 03:38:00 INFO reduce.MergeManagerImpl: finalMerge called with 1 in-memory map-outputs and 0 on-disk map-outputs
26/03/02 03:38:00 INFO mapred.Merger: Merging 1 sorted segments
26/03/02 03:38:00 INFO mapred.Merger: Down to the last merge-pass, with 1 segments left of total size: 50 bytes
26/03/02 03:38:00 INFO reduce.MergeManagerImpl: Merged 1 segments, 56 bytes to disk to satisfy reduce memory limit
26/03/02 03:38:00 INFO reduce.MergeManagerImpl: Merging 1 files, 60 bytes from disk
26/03/02 03:38:00 INFO reduce.MergeManagerImpl: Merging 0 segments, 0 bytes from memory into reduce
26/03/02 03:38:00 INFO mapred.Merger: Merging 1 sorted segments
26/03/02 03:38:00 INFO mapred.Merger: Down to the last merge-pass, with 1 segments left of total size: 50 bytes
26/03/02 03:38:00 INFO mapred.LocalJobRunner: 1 / 1 copied.
26/03/02 03:38:00 INFO mapred.Task: Task:attempt_local1655781214_0020_r_000002_0 is done. And is in the process of committing
26/03/02 03:38:00 INFO mapred.LocalJobRunner: 1 / 1 copied.
26/03/02 03:38:00 INFO mapred.Task: Task attempt_local1655781214_0020_r_000002_0 is allowed to commit now
26/03/02 03:38:00 INFO output.FileOutputCommitter: Saved output of task 'attempt_local1655781214_0020_r_000002_0' to hdfs://localhost:9000/project2/task2/runs_report_plus/scale100k_opt/iter_20/_temporary/0/task_local1655781214_0020_r_000002
26/03/02 03:38:00 INFO mapred.LocalJobRunner: reduce > reduce
26/03/02 03:38:00 INFO mapred.Task: Task 'attempt_local1655781214_0020_r_000002_0' done.
26/03/02 03:38:00 INFO mapred.Task: Final Counters for attempt_local1655781214_0020_r_000002_0: Counters: 29
	File System Counters
		FILE: Number of bytes read=2918176
		FILE: Number of bytes written=8833262
		FILE: Number of read operations=0
		FILE: Number of large read operations=0
		FILE: Number of write operations=0
		HDFS: Number of bytes read=146796327
		HDFS: Number of bytes written=17701
		HDFS: Number of read operations=1094
		HDFS: Number of large read operations=0
		HDFS: Number of write operations=354
	Map-Reduce Framework
		Combine input records=0
		Combine output records=0
		Reduce input groups=1
		Reduce shuffle bytes=60
		Reduce input records=1
		Reduce output records=1
		Spilled Records=1
		Shuffled Maps =1
		Failed Shuffles=0
		Merged Map outputs=1
		GC time elapsed (ms)=0
		Total committed heap usage (bytes)=531103744
	Shuffle Errors
		BAD_ID=0
		CONNECTION=0
		IO_ERROR=0
		WRONG_LENGTH=0
		WRONG_MAP=0
		WRONG_REDUCE=0
	File Output Format Counters 
		Bytes Written=104
26/03/02 03:38:00 INFO mapred.LocalJobRunner: Finishing task: attempt_local1655781214_0020_r_000002_0
26/03/02 03:38:00 INFO mapred.LocalJobRunner: Starting task: attempt_local1655781214_0020_r_000003_0
26/03/02 03:38:00 INFO output.FileOutputCommitter: File Output Committer Algorithm version is 1
26/03/02 03:38:00 INFO mapred.Task:  Using ResourceCalculatorProcessTree : [ ]
26/03/02 03:38:00 INFO mapred.ReduceTask: Using ShuffleConsumerPlugin: org.apache.hadoop.mapreduce.task.reduce.Shuffle@11c7d9ec
26/03/02 03:38:00 INFO reduce.MergeManagerImpl: MergerManager: memoryLimit=371772608, maxSingleShuffleLimit=92943152, mergeThreshold=245369936, ioSortFactor=10, memToMemMergeOutputsThreshold=10
26/03/02 03:38:00 INFO reduce.EventFetcher: attempt_local1655781214_0020_r_000003_0 Thread started: EventFetcher for fetching Map Completion Events
26/03/02 03:38:00 INFO reduce.LocalFetcher: localfetcher#80 about to shuffle output of map attempt_local1655781214_0020_m_000000_0 decomp: 56 len: 60 to MEMORY
26/03/02 03:38:00 INFO reduce.InMemoryMapOutput: Read 56 bytes from map-output for attempt_local1655781214_0020_m_000000_0
26/03/02 03:38:00 INFO reduce.MergeManagerImpl: closeInMemoryFile -> map-output of size: 56, inMemoryMapOutputs.size() -> 1, commitMemory -> 0, usedMemory ->56
26/03/02 03:38:00 INFO reduce.EventFetcher: EventFetcher is interrupted.. Returning
26/03/02 03:38:00 INFO mapred.LocalJobRunner: 1 / 1 copied.
26/03/02 03:38:00 INFO reduce.MergeManagerImpl: finalMerge called with 1 in-memory map-outputs and 0 on-disk map-outputs
26/03/02 03:38:00 INFO mapred.Merger: Merging 1 sorted segments
26/03/02 03:38:00 INFO mapred.Merger: Down to the last merge-pass, with 1 segments left of total size: 50 bytes
26/03/02 03:38:00 INFO reduce.MergeManagerImpl: Merged 1 segments, 56 bytes to disk to satisfy reduce memory limit
26/03/02 03:38:00 INFO reduce.MergeManagerImpl: Merging 1 files, 60 bytes from disk
26/03/02 03:38:00 INFO reduce.MergeManagerImpl: Merging 0 segments, 0 bytes from memory into reduce
26/03/02 03:38:00 INFO mapred.Merger: Merging 1 sorted segments
26/03/02 03:38:00 INFO mapred.Merger: Down to the last merge-pass, with 1 segments left of total size: 50 bytes
26/03/02 03:38:00 INFO mapred.LocalJobRunner: 1 / 1 copied.
26/03/02 03:38:00 INFO mapred.Task: Task:attempt_local1655781214_0020_r_000003_0 is done. And is in the process of committing
26/03/02 03:38:00 INFO mapred.LocalJobRunner: 1 / 1 copied.
26/03/02 03:38:00 INFO mapred.Task: Task attempt_local1655781214_0020_r_000003_0 is allowed to commit now
26/03/02 03:38:00 INFO output.FileOutputCommitter: Saved output of task 'attempt_local1655781214_0020_r_000003_0' to hdfs://localhost:9000/project2/task2/runs_report_plus/scale100k_opt/iter_20/_temporary/0/task_local1655781214_0020_r_000003
26/03/02 03:38:00 INFO mapred.LocalJobRunner: reduce > reduce
26/03/02 03:38:00 INFO mapred.Task: Task 'attempt_local1655781214_0020_r_000003_0' done.
26/03/02 03:38:00 INFO mapred.Task: Final Counters for attempt_local1655781214_0020_r_000003_0: Counters: 29
	File System Counters
		FILE: Number of bytes read=2918400
		FILE: Number of bytes written=8833322
		FILE: Number of read operations=0
		FILE: Number of large read operations=0
		FILE: Number of write operations=0
		HDFS: Number of bytes read=146796327
		HDFS: Number of bytes written=17805
		HDFS: Number of read operations=1097
		HDFS: Number of large read operations=0
		HDFS: Number of write operations=356
	Map-Reduce Framework
		Combine input records=0
		Combine output records=0
		Reduce input groups=1
		Reduce shuffle bytes=60
		Reduce input records=1
		Reduce output records=1
		Spilled Records=1
		Shuffled Maps =1
		Failed Shuffles=0
		Merged Map outputs=1
		GC time elapsed (ms)=0
		Total committed heap usage (bytes)=531103744
	Shuffle Errors
		BAD_ID=0
		CONNECTION=0
		IO_ERROR=0
		WRONG_LENGTH=0
		WRONG_MAP=0
		WRONG_REDUCE=0
	File Output Format Counters 
		Bytes Written=104
26/03/02 03:38:00 INFO mapred.LocalJobRunner: Finishing task: attempt_local1655781214_0020_r_000003_0
26/03/02 03:38:00 INFO mapred.LocalJobRunner: reduce task executor complete.
26/03/02 03:38:01 INFO mapreduce.Job: Job job_local1655781214_0020 running in uber mode : false
26/03/02 03:38:01 INFO mapreduce.Job:  map 100% reduce 100%
26/03/02 03:38:01 INFO mapreduce.Job: Job job_local1655781214_0020 completed successfully
26/03/02 03:38:01 INFO mapreduce.Job: Counters: 35
	File System Counters
		FILE: Number of bytes read=14589052
		FILE: Number of bytes written=44165956
		FILE: Number of read operations=0
		FILE: Number of large read operations=0
		FILE: Number of write operations=0
		HDFS: Number of bytes read=733981635
		HDFS: Number of bytes written=87887
		HDFS: Number of read operations=5455
		HDFS: Number of large read operations=0
		HDFS: Number of write operations=1760
	Map-Reduce Framework
		Map input records=100000
		Map output records=100000
		Map output bytes=5200000
		Map output materialized bytes=294
		Input split bytes=123
		Combine input records=100000
		Combine output records=5
		Reduce input groups=5
		Reduce shuffle bytes=294
		Reduce input records=5
		Reduce output records=5
		Spilled Records=10
		Shuffled Maps =4
		Failed Shuffles=0
		Merged Map outputs=4
		GC time elapsed (ms)=23
		Total committed heap usage (bytes)=2655518720
	Shuffle Errors
		BAD_ID=0
		CONNECTION=0
		IO_ERROR=0
		WRONG_LENGTH=0
		WRONG_MAP=0
		WRONG_REDUCE=0
	File Input Format Counters 
		Bytes Read=7337711
	File Output Format Counters 
		Bytes Written=517
Done. mode=OPT_CENTERS, rounds=20, converged=false
