26/03/02 03:39:12 INFO Configuration.deprecation: session.id is deprecated. Instead, use dfs.metrics.session-id
26/03/02 03:39:12 INFO jvm.JvmMetrics: Initializing JVM Metrics with processName=JobTracker, sessionId=
26/03/02 03:39:12 WARN mapreduce.JobResourceUploader: Hadoop command-line option parsing not performed. Implement the Tool interface and execute your application with ToolRunner to remedy this.
26/03/02 03:39:12 INFO input.FileInputFormat: Total input paths to process : 1
26/03/02 03:39:12 INFO mapreduce.JobSubmitter: number of splits:1
26/03/02 03:39:12 INFO mapreduce.JobSubmitter: Submitting tokens for job: job_local1336112611_0001
26/03/02 03:39:12 INFO mapred.LocalDistributedCacheManager: Creating symlink: /tmp/hadoop-ds503/mapred/local/1772422752364/centers_initial.csv <- /home/ds503/centers_initial.csv
26/03/02 03:39:12 INFO mapred.LocalDistributedCacheManager: Localized hdfs://localhost:9000/project2/task2/runs_report_plus/scale500k_basic/centers_initial.csv as file:/tmp/hadoop-ds503/mapred/local/1772422752364/centers_initial.csv
26/03/02 03:39:12 INFO mapreduce.Job: The url to track the job: http://localhost:8080/
26/03/02 03:39:12 INFO mapreduce.Job: Running job: job_local1336112611_0001
26/03/02 03:39:12 INFO mapred.LocalJobRunner: OutputCommitter set in config null
26/03/02 03:39:12 INFO output.FileOutputCommitter: File Output Committer Algorithm version is 1
26/03/02 03:39:12 INFO mapred.LocalJobRunner: OutputCommitter is org.apache.hadoop.mapreduce.lib.output.FileOutputCommitter
26/03/02 03:39:12 INFO mapred.LocalJobRunner: Waiting for map tasks
26/03/02 03:39:12 INFO mapred.LocalJobRunner: Starting task: attempt_local1336112611_0001_m_000000_0
26/03/02 03:39:12 INFO output.FileOutputCommitter: File Output Committer Algorithm version is 1
26/03/02 03:39:12 INFO mapred.Task:  Using ResourceCalculatorProcessTree : [ ]
26/03/02 03:39:12 INFO mapred.MapTask: Processing split: hdfs://localhost:9000/project2/task2/input/points_500k.csv:0+36688385
26/03/02 03:39:12 INFO mapred.MapTask: (EQUATOR) 0 kvi 26214396(104857584)
26/03/02 03:39:12 INFO mapred.MapTask: mapreduce.task.io.sort.mb: 100
26/03/02 03:39:12 INFO mapred.MapTask: soft limit at 83886080
26/03/02 03:39:12 INFO mapred.MapTask: bufstart = 0; bufvoid = 104857600
26/03/02 03:39:12 INFO mapred.MapTask: kvstart = 26214396; length = 6553600
26/03/02 03:39:12 INFO mapred.MapTask: Map output collector class = org.apache.hadoop.mapred.MapTask$MapOutputBuffer
26/03/02 03:39:13 INFO mapreduce.Job: Job job_local1336112611_0001 running in uber mode : false
26/03/02 03:39:13 INFO mapreduce.Job:  map 0% reduce 0%
26/03/02 03:39:13 INFO mapred.LocalJobRunner: 
26/03/02 03:39:13 INFO mapred.MapTask: Starting flush of map output
26/03/02 03:39:13 INFO mapred.MapTask: Spilling map output
26/03/02 03:39:13 INFO mapred.MapTask: bufstart = 0; bufend = 26000000; bufvoid = 104857600
26/03/02 03:39:13 INFO mapred.MapTask: kvstart = 26214396(104857584); kvend = 24214400(96857600); length = 1999997/6553600
26/03/02 03:39:13 INFO mapred.MapTask: Finished spill 0
26/03/02 03:39:13 INFO mapred.Task: Task:attempt_local1336112611_0001_m_000000_0 is done. And is in the process of committing
26/03/02 03:39:13 INFO mapred.LocalJobRunner: map
26/03/02 03:39:13 INFO mapred.Task: Task 'attempt_local1336112611_0001_m_000000_0' done.
26/03/02 03:39:13 INFO mapred.Task: Final Counters for attempt_local1336112611_0001_m_000000_0: Counters: 22
	File System Counters
		FILE: Number of bytes read=144557
		FILE: Number of bytes written=27441408
		FILE: Number of read operations=0
		FILE: Number of large read operations=0
		FILE: Number of write operations=0
		HDFS: Number of bytes read=36689522
		HDFS: Number of bytes written=379
		HDFS: Number of read operations=21
		HDFS: Number of large read operations=0
		HDFS: Number of write operations=6
	Map-Reduce Framework
		Map input records=500000
		Map output records=500000
		Map output bytes=26000000
		Map output materialized bytes=27000024
		Input split bytes=123
		Combine input records=0
		Spilled Records=500000
		Failed Shuffles=0
		Merged Map outputs=0
		GC time elapsed (ms)=24
		Total committed heap usage (bytes)=325058560
	File Input Format Counters 
		Bytes Read=36688385
26/03/02 03:39:13 INFO mapred.LocalJobRunner: Finishing task: attempt_local1336112611_0001_m_000000_0
26/03/02 03:39:13 INFO mapred.LocalJobRunner: map task executor complete.
26/03/02 03:39:13 INFO mapred.LocalJobRunner: Waiting for reduce tasks
26/03/02 03:39:13 INFO mapred.LocalJobRunner: Starting task: attempt_local1336112611_0001_r_000000_0
26/03/02 03:39:13 INFO output.FileOutputCommitter: File Output Committer Algorithm version is 1
26/03/02 03:39:13 INFO mapred.Task:  Using ResourceCalculatorProcessTree : [ ]
26/03/02 03:39:13 INFO mapred.ReduceTask: Using ShuffleConsumerPlugin: org.apache.hadoop.mapreduce.task.reduce.Shuffle@615fa37
26/03/02 03:39:13 INFO reduce.MergeManagerImpl: MergerManager: memoryLimit=334338464, maxSingleShuffleLimit=83584616, mergeThreshold=220663392, ioSortFactor=10, memToMemMergeOutputsThreshold=10
26/03/02 03:39:13 INFO reduce.EventFetcher: attempt_local1336112611_0001_r_000000_0 Thread started: EventFetcher for fetching Map Completion Events
26/03/02 03:39:13 INFO reduce.LocalFetcher: localfetcher#1 about to shuffle output of map attempt_local1336112611_0001_m_000000_0 decomp: 7544288 len: 7544292 to MEMORY
26/03/02 03:39:13 INFO reduce.InMemoryMapOutput: Read 7544288 bytes from map-output for attempt_local1336112611_0001_m_000000_0
26/03/02 03:39:13 INFO reduce.MergeManagerImpl: closeInMemoryFile -> map-output of size: 7544288, inMemoryMapOutputs.size() -> 1, commitMemory -> 0, usedMemory ->7544288
26/03/02 03:39:13 INFO reduce.EventFetcher: EventFetcher is interrupted.. Returning
26/03/02 03:39:13 INFO mapred.LocalJobRunner: 1 / 1 copied.
26/03/02 03:39:13 INFO reduce.MergeManagerImpl: finalMerge called with 1 in-memory map-outputs and 0 on-disk map-outputs
26/03/02 03:39:13 INFO mapred.Merger: Merging 1 sorted segments
26/03/02 03:39:13 INFO mapred.Merger: Down to the last merge-pass, with 1 segments left of total size: 7544282 bytes
26/03/02 03:39:13 INFO reduce.MergeManagerImpl: Merged 1 segments, 7544288 bytes to disk to satisfy reduce memory limit
26/03/02 03:39:13 INFO reduce.MergeManagerImpl: Merging 1 files, 7544292 bytes from disk
26/03/02 03:39:13 INFO reduce.MergeManagerImpl: Merging 0 segments, 0 bytes from memory into reduce
26/03/02 03:39:13 INFO mapred.Merger: Merging 1 sorted segments
26/03/02 03:39:13 INFO mapred.Merger: Down to the last merge-pass, with 1 segments left of total size: 7544282 bytes
26/03/02 03:39:13 INFO mapred.LocalJobRunner: 1 / 1 copied.
26/03/02 03:39:13 INFO Configuration.deprecation: mapred.skip.on is deprecated. Instead, use mapreduce.job.skiprecords
26/03/02 03:39:14 INFO mapred.Task: Task:attempt_local1336112611_0001_r_000000_0 is done. And is in the process of committing
26/03/02 03:39:14 INFO mapred.LocalJobRunner: 1 / 1 copied.
26/03/02 03:39:14 INFO mapred.Task: Task attempt_local1336112611_0001_r_000000_0 is allowed to commit now
26/03/02 03:39:14 INFO output.FileOutputCommitter: Saved output of task 'attempt_local1336112611_0001_r_000000_0' to hdfs://localhost:9000/project2/task2/runs_report_plus/scale500k_basic/iter_1/_temporary/0/task_local1336112611_0001_r_000000
26/03/02 03:39:14 INFO mapred.LocalJobRunner: reduce > reduce
26/03/02 03:39:14 INFO mapred.Task: Task 'attempt_local1336112611_0001_r_000000_0' done.
26/03/02 03:39:14 INFO mapred.Task: Final Counters for attempt_local1336112611_0001_r_000000_0: Counters: 29
	File System Counters
		FILE: Number of bytes read=15237337
		FILE: Number of bytes written=34985700
		FILE: Number of read operations=0
		FILE: Number of large read operations=0
		FILE: Number of write operations=0
		HDFS: Number of bytes read=36689522
		HDFS: Number of bytes written=585
		HDFS: Number of read operations=24
		HDFS: Number of large read operations=0
		HDFS: Number of write operations=8
	Map-Reduce Framework
		Combine input records=0
		Combine output records=0
		Reduce input groups=2
		Reduce shuffle bytes=7544292
		Reduce input records=139709
		Reduce output records=2
		Spilled Records=139709
		Shuffled Maps =1
		Failed Shuffles=0
		Merged Map outputs=1
		GC time elapsed (ms)=0
		Total committed heap usage (bytes)=325058560
	Shuffle Errors
		BAD_ID=0
		CONNECTION=0
		IO_ERROR=0
		WRONG_LENGTH=0
		WRONG_MAP=0
		WRONG_REDUCE=0
	File Output Format Counters 
		Bytes Written=206
26/03/02 03:39:14 INFO mapred.LocalJobRunner: Finishing task: attempt_local1336112611_0001_r_000000_0
26/03/02 03:39:14 INFO mapred.LocalJobRunner: Starting task: attempt_local1336112611_0001_r_000001_0
26/03/02 03:39:14 INFO output.FileOutputCommitter: File Output Committer Algorithm version is 1
26/03/02 03:39:14 INFO mapred.Task:  Using ResourceCalculatorProcessTree : [ ]
26/03/02 03:39:14 INFO mapred.ReduceTask: Using ShuffleConsumerPlugin: org.apache.hadoop.mapreduce.task.reduce.Shuffle@273d7577
26/03/02 03:39:14 INFO reduce.MergeManagerImpl: MergerManager: memoryLimit=334338464, maxSingleShuffleLimit=83584616, mergeThreshold=220663392, ioSortFactor=10, memToMemMergeOutputsThreshold=10
26/03/02 03:39:14 INFO reduce.EventFetcher: attempt_local1336112611_0001_r_000001_0 Thread started: EventFetcher for fetching Map Completion Events
26/03/02 03:39:14 INFO reduce.LocalFetcher: localfetcher#2 about to shuffle output of map attempt_local1336112611_0001_m_000000_0 decomp: 10752644 len: 10752648 to MEMORY
26/03/02 03:39:14 INFO reduce.InMemoryMapOutput: Read 10752644 bytes from map-output for attempt_local1336112611_0001_m_000000_0
26/03/02 03:39:14 INFO reduce.MergeManagerImpl: closeInMemoryFile -> map-output of size: 10752644, inMemoryMapOutputs.size() -> 1, commitMemory -> 0, usedMemory ->10752644
26/03/02 03:39:14 INFO reduce.EventFetcher: EventFetcher is interrupted.. Returning
26/03/02 03:39:14 INFO mapred.LocalJobRunner: 1 / 1 copied.
26/03/02 03:39:14 INFO reduce.MergeManagerImpl: finalMerge called with 1 in-memory map-outputs and 0 on-disk map-outputs
26/03/02 03:39:14 INFO mapred.Merger: Merging 1 sorted segments
26/03/02 03:39:14 INFO mapred.Merger: Down to the last merge-pass, with 1 segments left of total size: 10752638 bytes
26/03/02 03:39:14 INFO reduce.MergeManagerImpl: Merged 1 segments, 10752644 bytes to disk to satisfy reduce memory limit
26/03/02 03:39:14 INFO reduce.MergeManagerImpl: Merging 1 files, 10752648 bytes from disk
26/03/02 03:39:14 INFO reduce.MergeManagerImpl: Merging 0 segments, 0 bytes from memory into reduce
26/03/02 03:39:14 INFO mapred.Merger: Merging 1 sorted segments
26/03/02 03:39:14 INFO mapred.Merger: Down to the last merge-pass, with 1 segments left of total size: 10752638 bytes
26/03/02 03:39:14 INFO mapred.LocalJobRunner: 1 / 1 copied.
26/03/02 03:39:14 INFO mapred.Task: Task:attempt_local1336112611_0001_r_000001_0 is done. And is in the process of committing
26/03/02 03:39:14 INFO mapred.LocalJobRunner: 1 / 1 copied.
26/03/02 03:39:14 INFO mapred.Task: Task attempt_local1336112611_0001_r_000001_0 is allowed to commit now
26/03/02 03:39:14 INFO output.FileOutputCommitter: Saved output of task 'attempt_local1336112611_0001_r_000001_0' to hdfs://localhost:9000/project2/task2/runs_report_plus/scale500k_basic/iter_1/_temporary/0/task_local1336112611_0001_r_000001
26/03/02 03:39:14 INFO mapred.LocalJobRunner: reduce > reduce
26/03/02 03:39:14 INFO mapred.Task: Task 'attempt_local1336112611_0001_r_000001_0' done.
26/03/02 03:39:14 INFO mapred.Task: Final Counters for attempt_local1336112611_0001_r_000001_0: Counters: 29
	File System Counters
		FILE: Number of bytes read=36746829
		FILE: Number of bytes written=45738348
		FILE: Number of read operations=0
		FILE: Number of large read operations=0
		FILE: Number of write operations=0
		HDFS: Number of bytes read=36689522
		HDFS: Number of bytes written=687
		HDFS: Number of read operations=27
		HDFS: Number of large read operations=0
		HDFS: Number of write operations=10
	Map-Reduce Framework
		Combine input records=0
		Combine output records=0
		Reduce input groups=1
		Reduce shuffle bytes=10752648
		Reduce input records=199123
		Reduce output records=1
		Spilled Records=199123
		Shuffled Maps =1
		Failed Shuffles=0
		Merged Map outputs=1
		GC time elapsed (ms)=0
		Total committed heap usage (bytes)=325058560
	Shuffle Errors
		BAD_ID=0
		CONNECTION=0
		IO_ERROR=0
		WRONG_LENGTH=0
		WRONG_MAP=0
		WRONG_REDUCE=0
	File Output Format Counters 
		Bytes Written=102
26/03/02 03:39:14 INFO mapred.LocalJobRunner: Finishing task: attempt_local1336112611_0001_r_000001_0
26/03/02 03:39:14 INFO mapred.LocalJobRunner: Starting task: attempt_local1336112611_0001_r_000002_0
26/03/02 03:39:14 INFO output.FileOutputCommitter: File Output Committer Algorithm version is 1
26/03/02 03:39:14 INFO mapred.Task:  Using ResourceCalculatorProcessTree : [ ]
26/03/02 03:39:14 INFO mapred.ReduceTask: Using ShuffleConsumerPlugin: org.apache.hadoop.mapreduce.task.reduce.Shuffle@50f2f93b
26/03/02 03:39:14 INFO reduce.MergeManagerImpl: MergerManager: memoryLimit=334338464, maxSingleShuffleLimit=83584616, mergeThreshold=220663392, ioSortFactor=10, memToMemMergeOutputsThreshold=10
26/03/02 03:39:14 INFO reduce.EventFetcher: attempt_local1336112611_0001_r_000002_0 Thread started: EventFetcher for fetching Map Completion Events
26/03/02 03:39:14 INFO reduce.LocalFetcher: localfetcher#3 about to shuffle output of map attempt_local1336112611_0001_m_000000_0 decomp: 5546504 len: 5546508 to MEMORY
26/03/02 03:39:14 INFO reduce.InMemoryMapOutput: Read 5546504 bytes from map-output for attempt_local1336112611_0001_m_000000_0
26/03/02 03:39:14 INFO reduce.MergeManagerImpl: closeInMemoryFile -> map-output of size: 5546504, inMemoryMapOutputs.size() -> 1, commitMemory -> 0, usedMemory ->5546504
26/03/02 03:39:14 INFO reduce.EventFetcher: EventFetcher is interrupted.. Returning
26/03/02 03:39:14 INFO mapred.LocalJobRunner: 1 / 1 copied.
26/03/02 03:39:14 INFO reduce.MergeManagerImpl: finalMerge called with 1 in-memory map-outputs and 0 on-disk map-outputs
26/03/02 03:39:14 INFO mapred.Merger: Merging 1 sorted segments
26/03/02 03:39:14 INFO mapred.Merger: Down to the last merge-pass, with 1 segments left of total size: 5546498 bytes
26/03/02 03:39:14 INFO reduce.MergeManagerImpl: Merged 1 segments, 5546504 bytes to disk to satisfy reduce memory limit
26/03/02 03:39:14 INFO reduce.MergeManagerImpl: Merging 1 files, 5546508 bytes from disk
26/03/02 03:39:14 INFO reduce.MergeManagerImpl: Merging 0 segments, 0 bytes from memory into reduce
26/03/02 03:39:14 INFO mapred.Merger: Merging 1 sorted segments
26/03/02 03:39:14 INFO mapred.Merger: Down to the last merge-pass, with 1 segments left of total size: 5546498 bytes
26/03/02 03:39:14 INFO mapred.LocalJobRunner: 1 / 1 copied.
26/03/02 03:39:14 INFO mapred.Task: Task:attempt_local1336112611_0001_r_000002_0 is done. And is in the process of committing
26/03/02 03:39:14 INFO mapred.LocalJobRunner: 1 / 1 copied.
26/03/02 03:39:14 INFO mapred.Task: Task attempt_local1336112611_0001_r_000002_0 is allowed to commit now
26/03/02 03:39:14 INFO output.FileOutputCommitter: Saved output of task 'attempt_local1336112611_0001_r_000002_0' to hdfs://localhost:9000/project2/task2/runs_report_plus/scale500k_basic/iter_1/_temporary/0/task_local1336112611_0001_r_000002
26/03/02 03:39:14 INFO mapred.LocalJobRunner: reduce > reduce
26/03/02 03:39:14 INFO mapred.Task: Task 'attempt_local1336112611_0001_r_000002_0' done.
26/03/02 03:39:14 INFO mapred.Task: Final Counters for attempt_local1336112611_0001_r_000002_0: Counters: 29
	File System Counters
		FILE: Number of bytes read=47844041
		FILE: Number of bytes written=51284856
		FILE: Number of read operations=0
		FILE: Number of large read operations=0
		FILE: Number of write operations=0
		HDFS: Number of bytes read=36689522
		HDFS: Number of bytes written=789
		HDFS: Number of read operations=30
		HDFS: Number of large read operations=0
		HDFS: Number of write operations=12
	Map-Reduce Framework
		Combine input records=0
		Combine output records=0
		Reduce input groups=1
		Reduce shuffle bytes=5546508
		Reduce input records=102713
		Reduce output records=1
		Spilled Records=102713
		Shuffled Maps =1
		Failed Shuffles=0
		Merged Map outputs=1
		GC time elapsed (ms)=10
		Total committed heap usage (bytes)=321912832
	Shuffle Errors
		BAD_ID=0
		CONNECTION=0
		IO_ERROR=0
		WRONG_LENGTH=0
		WRONG_MAP=0
		WRONG_REDUCE=0
	File Output Format Counters 
		Bytes Written=102
26/03/02 03:39:14 INFO mapred.LocalJobRunner: Finishing task: attempt_local1336112611_0001_r_000002_0
26/03/02 03:39:14 INFO mapred.LocalJobRunner: Starting task: attempt_local1336112611_0001_r_000003_0
26/03/02 03:39:14 INFO output.FileOutputCommitter: File Output Committer Algorithm version is 1
26/03/02 03:39:14 INFO mapred.Task:  Using ResourceCalculatorProcessTree : [ ]
26/03/02 03:39:14 INFO mapred.ReduceTask: Using ShuffleConsumerPlugin: org.apache.hadoop.mapreduce.task.reduce.Shuffle@2f67b1d6
26/03/02 03:39:14 INFO reduce.MergeManagerImpl: MergerManager: memoryLimit=334338464, maxSingleShuffleLimit=83584616, mergeThreshold=220663392, ioSortFactor=10, memToMemMergeOutputsThreshold=10
26/03/02 03:39:14 INFO reduce.EventFetcher: attempt_local1336112611_0001_r_000003_0 Thread started: EventFetcher for fetching Map Completion Events
26/03/02 03:39:14 INFO reduce.LocalFetcher: localfetcher#4 about to shuffle output of map attempt_local1336112611_0001_m_000000_0 decomp: 3156572 len: 3156576 to MEMORY
26/03/02 03:39:14 INFO reduce.InMemoryMapOutput: Read 3156572 bytes from map-output for attempt_local1336112611_0001_m_000000_0
26/03/02 03:39:14 INFO reduce.MergeManagerImpl: closeInMemoryFile -> map-output of size: 3156572, inMemoryMapOutputs.size() -> 1, commitMemory -> 0, usedMemory ->3156572
26/03/02 03:39:14 INFO reduce.EventFetcher: EventFetcher is interrupted.. Returning
26/03/02 03:39:14 INFO mapred.LocalJobRunner: 1 / 1 copied.
26/03/02 03:39:14 INFO reduce.MergeManagerImpl: finalMerge called with 1 in-memory map-outputs and 0 on-disk map-outputs
26/03/02 03:39:14 INFO mapred.Merger: Merging 1 sorted segments
26/03/02 03:39:14 INFO mapred.Merger: Down to the last merge-pass, with 1 segments left of total size: 3156566 bytes
26/03/02 03:39:14 INFO reduce.MergeManagerImpl: Merged 1 segments, 3156572 bytes to disk to satisfy reduce memory limit
26/03/02 03:39:14 INFO reduce.MergeManagerImpl: Merging 1 files, 3156576 bytes from disk
26/03/02 03:39:14 INFO reduce.MergeManagerImpl: Merging 0 segments, 0 bytes from memory into reduce
26/03/02 03:39:14 INFO mapred.Merger: Merging 1 sorted segments
26/03/02 03:39:14 INFO mapred.Merger: Down to the last merge-pass, with 1 segments left of total size: 3156566 bytes
26/03/02 03:39:14 INFO mapred.LocalJobRunner: 1 / 1 copied.
26/03/02 03:39:14 INFO mapred.Task: Task:attempt_local1336112611_0001_r_000003_0 is done. And is in the process of committing
26/03/02 03:39:14 INFO mapred.LocalJobRunner: 1 / 1 copied.
26/03/02 03:39:14 INFO mapred.Task: Task attempt_local1336112611_0001_r_000003_0 is allowed to commit now
26/03/02 03:39:14 INFO output.FileOutputCommitter: Saved output of task 'attempt_local1336112611_0001_r_000003_0' to hdfs://localhost:9000/project2/task2/runs_report_plus/scale500k_basic/iter_1/_temporary/0/task_local1336112611_0001_r_000003
26/03/02 03:39:14 INFO mapred.LocalJobRunner: reduce > reduce
26/03/02 03:39:14 INFO mapred.Task: Task 'attempt_local1336112611_0001_r_000003_0' done.
26/03/02 03:39:14 INFO mapred.Task: Final Counters for attempt_local1336112611_0001_r_000003_0: Counters: 29
	File System Counters
		FILE: Number of bytes read=54157297
		FILE: Number of bytes written=54441432
		FILE: Number of read operations=0
		FILE: Number of large read operations=0
		FILE: Number of write operations=0
		HDFS: Number of bytes read=36689522
		HDFS: Number of bytes written=893
		HDFS: Number of read operations=33
		HDFS: Number of large read operations=0
		HDFS: Number of write operations=14
	Map-Reduce Framework
		Combine input records=0
		Combine output records=0
		Reduce input groups=1
		Reduce shuffle bytes=3156576
		Reduce input records=58455
		Reduce output records=1
		Spilled Records=58455
		Shuffled Maps =1
		Failed Shuffles=0
		Merged Map outputs=1
		GC time elapsed (ms)=0
		Total committed heap usage (bytes)=321912832
	Shuffle Errors
		BAD_ID=0
		CONNECTION=0
		IO_ERROR=0
		WRONG_LENGTH=0
		WRONG_MAP=0
		WRONG_REDUCE=0
	File Output Format Counters 
		Bytes Written=104
26/03/02 03:39:14 INFO mapred.LocalJobRunner: Finishing task: attempt_local1336112611_0001_r_000003_0
26/03/02 03:39:14 INFO mapred.LocalJobRunner: reduce task executor complete.
26/03/02 03:39:14 INFO mapreduce.Job:  map 100% reduce 100%
26/03/02 03:39:14 INFO mapreduce.Job: Job job_local1336112611_0001 completed successfully
26/03/02 03:39:14 INFO mapreduce.Job: Counters: 35
	File System Counters
		FILE: Number of bytes read=154130061
		FILE: Number of bytes written=213891744
		FILE: Number of read operations=0
		FILE: Number of large read operations=0
		FILE: Number of write operations=0
		HDFS: Number of bytes read=183447610
		HDFS: Number of bytes written=3333
		HDFS: Number of read operations=135
		HDFS: Number of large read operations=0
		HDFS: Number of write operations=50
	Map-Reduce Framework
		Map input records=500000
		Map output records=500000
		Map output bytes=26000000
		Map output materialized bytes=27000024
		Input split bytes=123
		Combine input records=0
		Combine output records=0
		Reduce input groups=5
		Reduce shuffle bytes=27000024
		Reduce input records=500000
		Reduce output records=5
		Spilled Records=1000000
		Shuffled Maps =4
		Failed Shuffles=0
		Merged Map outputs=4
		GC time elapsed (ms)=34
		Total committed heap usage (bytes)=1619001344
	Shuffle Errors
		BAD_ID=0
		CONNECTION=0
		IO_ERROR=0
		WRONG_LENGTH=0
		WRONG_MAP=0
		WRONG_REDUCE=0
	File Input Format Counters 
		Bytes Read=36688385
	File Output Format Counters 
		Bytes Written=514
26/03/02 03:39:14 INFO jvm.JvmMetrics: Cannot initialize JVM Metrics with processName=JobTracker, sessionId= - already initialized
26/03/02 03:39:14 WARN mapreduce.JobResourceUploader: Hadoop command-line option parsing not performed. Implement the Tool interface and execute your application with ToolRunner to remedy this.
26/03/02 03:39:14 INFO input.FileInputFormat: Total input paths to process : 1
26/03/02 03:39:14 INFO mapreduce.JobSubmitter: number of splits:1
26/03/02 03:39:14 INFO mapreduce.JobSubmitter: Submitting tokens for job: job_local58329047_0002
26/03/02 03:39:14 INFO mapred.LocalDistributedCacheManager: Creating symlink: /tmp/hadoop-ds503/mapred/local/1772422754529/centers_iter_1.csv <- /home/ds503/centers_iter_1.csv
26/03/02 03:39:14 INFO mapred.LocalDistributedCacheManager: Localized hdfs://localhost:9000/project2/task2/runs_report_plus/scale500k_basic/centers_iter_1.csv as file:/tmp/hadoop-ds503/mapred/local/1772422754529/centers_iter_1.csv
26/03/02 03:39:14 INFO mapreduce.Job: The url to track the job: http://localhost:8080/
26/03/02 03:39:14 INFO mapreduce.Job: Running job: job_local58329047_0002
26/03/02 03:39:14 INFO mapred.LocalJobRunner: OutputCommitter set in config null
26/03/02 03:39:14 INFO output.FileOutputCommitter: File Output Committer Algorithm version is 1
26/03/02 03:39:14 INFO mapred.LocalJobRunner: OutputCommitter is org.apache.hadoop.mapreduce.lib.output.FileOutputCommitter
26/03/02 03:39:14 INFO mapred.LocalJobRunner: Waiting for map tasks
26/03/02 03:39:14 INFO mapred.LocalJobRunner: Starting task: attempt_local58329047_0002_m_000000_0
26/03/02 03:39:14 INFO output.FileOutputCommitter: File Output Committer Algorithm version is 1
26/03/02 03:39:14 INFO mapred.Task:  Using ResourceCalculatorProcessTree : [ ]
26/03/02 03:39:14 INFO mapred.MapTask: Processing split: hdfs://localhost:9000/project2/task2/input/points_500k.csv:0+36688385
26/03/02 03:39:14 INFO mapred.MapTask: (EQUATOR) 0 kvi 26214396(104857584)
26/03/02 03:39:14 INFO mapred.MapTask: mapreduce.task.io.sort.mb: 100
26/03/02 03:39:14 INFO mapred.MapTask: soft limit at 83886080
26/03/02 03:39:14 INFO mapred.MapTask: bufstart = 0; bufvoid = 104857600
26/03/02 03:39:14 INFO mapred.MapTask: kvstart = 26214396; length = 6553600
26/03/02 03:39:14 INFO mapred.MapTask: Map output collector class = org.apache.hadoop.mapred.MapTask$MapOutputBuffer
26/03/02 03:39:15 INFO mapred.LocalJobRunner: 
26/03/02 03:39:15 INFO mapred.MapTask: Starting flush of map output
26/03/02 03:39:15 INFO mapred.MapTask: Spilling map output
26/03/02 03:39:15 INFO mapred.MapTask: bufstart = 0; bufend = 26000000; bufvoid = 104857600
26/03/02 03:39:15 INFO mapred.MapTask: kvstart = 26214396(104857584); kvend = 24214400(96857600); length = 1999997/6553600
26/03/02 03:39:15 INFO mapred.MapTask: Finished spill 0
26/03/02 03:39:15 INFO mapred.Task: Task:attempt_local58329047_0002_m_000000_0 is done. And is in the process of committing
26/03/02 03:39:15 INFO mapred.LocalJobRunner: map
26/03/02 03:39:15 INFO mapred.Task: Task 'attempt_local58329047_0002_m_000000_0' done.
26/03/02 03:39:15 INFO mapred.Task: Final Counters for attempt_local58329047_0002_m_000000_0: Counters: 22
	File System Counters
		FILE: Number of bytes read=54301854
		FILE: Number of bytes written=81879660
		FILE: Number of read operations=0
		FILE: Number of large read operations=0
		FILE: Number of write operations=0
		HDFS: Number of bytes read=73380062
		HDFS: Number of bytes written=1267
		HDFS: Number of read operations=77
		HDFS: Number of large read operations=0
		HDFS: Number of write operations=24
	Map-Reduce Framework
		Map input records=500000
		Map output records=500000
		Map output bytes=26000000
		Map output materialized bytes=27000024
		Input split bytes=123
		Combine input records=0
		Spilled Records=500000
		Failed Shuffles=0
		Merged Map outputs=0
		GC time elapsed (ms)=13
		Total committed heap usage (bytes)=430440448
	File Input Format Counters 
		Bytes Read=36688385
26/03/02 03:39:15 INFO mapred.LocalJobRunner: Finishing task: attempt_local58329047_0002_m_000000_0
26/03/02 03:39:15 INFO mapred.LocalJobRunner: map task executor complete.
26/03/02 03:39:15 INFO mapred.LocalJobRunner: Waiting for reduce tasks
26/03/02 03:39:15 INFO mapred.LocalJobRunner: Starting task: attempt_local58329047_0002_r_000000_0
26/03/02 03:39:15 INFO output.FileOutputCommitter: File Output Committer Algorithm version is 1
26/03/02 03:39:15 INFO mapred.Task:  Using ResourceCalculatorProcessTree : [ ]
26/03/02 03:39:15 INFO mapred.ReduceTask: Using ShuffleConsumerPlugin: org.apache.hadoop.mapreduce.task.reduce.Shuffle@62344bca
26/03/02 03:39:15 INFO reduce.MergeManagerImpl: MergerManager: memoryLimit=334338464, maxSingleShuffleLimit=83584616, mergeThreshold=220663392, ioSortFactor=10, memToMemMergeOutputsThreshold=10
26/03/02 03:39:15 INFO reduce.EventFetcher: attempt_local58329047_0002_r_000000_0 Thread started: EventFetcher for fetching Map Completion Events
26/03/02 03:39:15 INFO reduce.LocalFetcher: localfetcher#5 about to shuffle output of map attempt_local58329047_0002_m_000000_0 decomp: 9903332 len: 9903336 to MEMORY
26/03/02 03:39:15 INFO reduce.InMemoryMapOutput: Read 9903332 bytes from map-output for attempt_local58329047_0002_m_000000_0
26/03/02 03:39:15 INFO reduce.MergeManagerImpl: closeInMemoryFile -> map-output of size: 9903332, inMemoryMapOutputs.size() -> 1, commitMemory -> 0, usedMemory ->9903332
26/03/02 03:39:15 INFO reduce.EventFetcher: EventFetcher is interrupted.. Returning
26/03/02 03:39:15 INFO mapred.LocalJobRunner: 1 / 1 copied.
26/03/02 03:39:15 INFO reduce.MergeManagerImpl: finalMerge called with 1 in-memory map-outputs and 0 on-disk map-outputs
26/03/02 03:39:15 INFO mapred.Merger: Merging 1 sorted segments
26/03/02 03:39:15 INFO mapred.Merger: Down to the last merge-pass, with 1 segments left of total size: 9903326 bytes
26/03/02 03:39:15 INFO mapreduce.Job: Job job_local58329047_0002 running in uber mode : false
26/03/02 03:39:15 INFO mapreduce.Job:  map 100% reduce 0%
26/03/02 03:39:15 INFO reduce.MergeManagerImpl: Merged 1 segments, 9903332 bytes to disk to satisfy reduce memory limit
26/03/02 03:39:15 INFO reduce.MergeManagerImpl: Merging 1 files, 9903336 bytes from disk
26/03/02 03:39:15 INFO reduce.MergeManagerImpl: Merging 0 segments, 0 bytes from memory into reduce
26/03/02 03:39:15 INFO mapred.Merger: Merging 1 sorted segments
26/03/02 03:39:15 INFO mapred.Merger: Down to the last merge-pass, with 1 segments left of total size: 9903326 bytes
26/03/02 03:39:15 INFO mapred.LocalJobRunner: 1 / 1 copied.
26/03/02 03:39:15 INFO mapred.Task: Task:attempt_local58329047_0002_r_000000_0 is done. And is in the process of committing
26/03/02 03:39:15 INFO mapred.LocalJobRunner: 1 / 1 copied.
26/03/02 03:39:15 INFO mapred.Task: Task attempt_local58329047_0002_r_000000_0 is allowed to commit now
26/03/02 03:39:15 INFO output.FileOutputCommitter: Saved output of task 'attempt_local58329047_0002_r_000000_0' to hdfs://localhost:9000/project2/task2/runs_report_plus/scale500k_basic/iter_2/_temporary/0/task_local58329047_0002_r_000000
26/03/02 03:39:15 INFO mapred.LocalJobRunner: reduce > reduce
26/03/02 03:39:15 INFO mapred.Task: Task 'attempt_local58329047_0002_r_000000_0' done.
26/03/02 03:39:15 INFO mapred.Task: Final Counters for attempt_local58329047_0002_r_000000_0: Counters: 29
	File System Counters
		FILE: Number of bytes read=74112722
		FILE: Number of bytes written=91782996
		FILE: Number of read operations=0
		FILE: Number of large read operations=0
		FILE: Number of write operations=0
		HDFS: Number of bytes read=73380062
		HDFS: Number of bytes written=1472
		HDFS: Number of read operations=80
		HDFS: Number of large read operations=0
		HDFS: Number of write operations=26
	Map-Reduce Framework
		Combine input records=0
		Combine output records=0
		Reduce input groups=2
		Reduce shuffle bytes=9903336
		Reduce input records=183395
		Reduce output records=2
		Spilled Records=183395
		Shuffled Maps =1
		Failed Shuffles=0
		Merged Map outputs=1
		GC time elapsed (ms)=0
		Total committed heap usage (bytes)=430440448
	Shuffle Errors
		BAD_ID=0
		CONNECTION=0
		IO_ERROR=0
		WRONG_LENGTH=0
		WRONG_MAP=0
		WRONG_REDUCE=0
	File Output Format Counters 
		Bytes Written=205
26/03/02 03:39:15 INFO mapred.LocalJobRunner: Finishing task: attempt_local58329047_0002_r_000000_0
26/03/02 03:39:15 INFO mapred.LocalJobRunner: Starting task: attempt_local58329047_0002_r_000001_0
26/03/02 03:39:15 INFO output.FileOutputCommitter: File Output Committer Algorithm version is 1
26/03/02 03:39:15 INFO mapred.Task:  Using ResourceCalculatorProcessTree : [ ]
26/03/02 03:39:15 INFO mapred.ReduceTask: Using ShuffleConsumerPlugin: org.apache.hadoop.mapreduce.task.reduce.Shuffle@6d64d7af
26/03/02 03:39:15 INFO reduce.MergeManagerImpl: MergerManager: memoryLimit=334338464, maxSingleShuffleLimit=83584616, mergeThreshold=220663392, ioSortFactor=10, memToMemMergeOutputsThreshold=10
26/03/02 03:39:15 INFO reduce.EventFetcher: attempt_local58329047_0002_r_000001_0 Thread started: EventFetcher for fetching Map Completion Events
26/03/02 03:39:15 INFO reduce.LocalFetcher: localfetcher#6 about to shuffle output of map attempt_local58329047_0002_m_000000_0 decomp: 8686280 len: 8686284 to MEMORY
26/03/02 03:39:15 INFO reduce.InMemoryMapOutput: Read 8686280 bytes from map-output for attempt_local58329047_0002_m_000000_0
26/03/02 03:39:15 INFO reduce.MergeManagerImpl: closeInMemoryFile -> map-output of size: 8686280, inMemoryMapOutputs.size() -> 1, commitMemory -> 0, usedMemory ->8686280
26/03/02 03:39:15 INFO reduce.EventFetcher: EventFetcher is interrupted.. Returning
26/03/02 03:39:15 INFO mapred.LocalJobRunner: 1 / 1 copied.
26/03/02 03:39:15 INFO reduce.MergeManagerImpl: finalMerge called with 1 in-memory map-outputs and 0 on-disk map-outputs
26/03/02 03:39:15 INFO mapred.Merger: Merging 1 sorted segments
26/03/02 03:39:15 INFO mapred.Merger: Down to the last merge-pass, with 1 segments left of total size: 8686274 bytes
26/03/02 03:39:15 INFO reduce.MergeManagerImpl: Merged 1 segments, 8686280 bytes to disk to satisfy reduce memory limit
26/03/02 03:39:15 INFO reduce.MergeManagerImpl: Merging 1 files, 8686284 bytes from disk
26/03/02 03:39:15 INFO reduce.MergeManagerImpl: Merging 0 segments, 0 bytes from memory into reduce
26/03/02 03:39:15 INFO mapred.Merger: Merging 1 sorted segments
26/03/02 03:39:15 INFO mapred.Merger: Down to the last merge-pass, with 1 segments left of total size: 8686274 bytes
26/03/02 03:39:15 INFO mapred.LocalJobRunner: 1 / 1 copied.
26/03/02 03:39:15 INFO mapred.Task: Task:attempt_local58329047_0002_r_000001_0 is done. And is in the process of committing
26/03/02 03:39:15 INFO mapred.LocalJobRunner: 1 / 1 copied.
26/03/02 03:39:15 INFO mapred.Task: Task attempt_local58329047_0002_r_000001_0 is allowed to commit now
26/03/02 03:39:15 INFO output.FileOutputCommitter: Saved output of task 'attempt_local58329047_0002_r_000001_0' to hdfs://localhost:9000/project2/task2/runs_report_plus/scale500k_basic/iter_2/_temporary/0/task_local58329047_0002_r_000001
26/03/02 03:39:15 INFO mapred.LocalJobRunner: reduce > reduce
26/03/02 03:39:15 INFO mapred.Task: Task 'attempt_local58329047_0002_r_000001_0' done.
26/03/02 03:39:15 INFO mapred.Task: Final Counters for attempt_local58329047_0002_r_000001_0: Counters: 29
	File System Counters
		FILE: Number of bytes read=91489486
		FILE: Number of bytes written=100469280
		FILE: Number of read operations=0
		FILE: Number of large read operations=0
		FILE: Number of write operations=0
		HDFS: Number of bytes read=73380062
		HDFS: Number of bytes written=1576
		HDFS: Number of read operations=83
		HDFS: Number of large read operations=0
		HDFS: Number of write operations=28
	Map-Reduce Framework
		Combine input records=0
		Combine output records=0
		Reduce input groups=1
		Reduce shuffle bytes=8686284
		Reduce input records=160857
		Reduce output records=1
		Spilled Records=160857
		Shuffled Maps =1
		Failed Shuffles=0
		Merged Map outputs=1
		GC time elapsed (ms)=0
		Total committed heap usage (bytes)=430440448
	Shuffle Errors
		BAD_ID=0
		CONNECTION=0
		IO_ERROR=0
		WRONG_LENGTH=0
		WRONG_MAP=0
		WRONG_REDUCE=0
	File Output Format Counters 
		Bytes Written=104
26/03/02 03:39:15 INFO mapred.LocalJobRunner: Finishing task: attempt_local58329047_0002_r_000001_0
26/03/02 03:39:15 INFO mapred.LocalJobRunner: Starting task: attempt_local58329047_0002_r_000002_0
26/03/02 03:39:15 INFO output.FileOutputCommitter: File Output Committer Algorithm version is 1
26/03/02 03:39:15 INFO mapred.Task:  Using ResourceCalculatorProcessTree : [ ]
26/03/02 03:39:15 INFO mapred.ReduceTask: Using ShuffleConsumerPlugin: org.apache.hadoop.mapreduce.task.reduce.Shuffle@15698569
26/03/02 03:39:15 INFO reduce.MergeManagerImpl: MergerManager: memoryLimit=334338464, maxSingleShuffleLimit=83584616, mergeThreshold=220663392, ioSortFactor=10, memToMemMergeOutputsThreshold=10
26/03/02 03:39:15 INFO reduce.EventFetcher: attempt_local58329047_0002_r_000002_0 Thread started: EventFetcher for fetching Map Completion Events
26/03/02 03:39:15 INFO reduce.LocalFetcher: localfetcher#7 about to shuffle output of map attempt_local58329047_0002_m_000000_0 decomp: 5021624 len: 5021628 to MEMORY
26/03/02 03:39:15 INFO reduce.InMemoryMapOutput: Read 5021624 bytes from map-output for attempt_local58329047_0002_m_000000_0
26/03/02 03:39:15 INFO reduce.MergeManagerImpl: closeInMemoryFile -> map-output of size: 5021624, inMemoryMapOutputs.size() -> 1, commitMemory -> 0, usedMemory ->5021624
26/03/02 03:39:15 INFO reduce.EventFetcher: EventFetcher is interrupted.. Returning
26/03/02 03:39:15 INFO mapred.LocalJobRunner: 1 / 1 copied.
26/03/02 03:39:15 INFO reduce.MergeManagerImpl: finalMerge called with 1 in-memory map-outputs and 0 on-disk map-outputs
26/03/02 03:39:15 INFO mapred.Merger: Merging 1 sorted segments
26/03/02 03:39:15 INFO mapred.Merger: Down to the last merge-pass, with 1 segments left of total size: 5021618 bytes
26/03/02 03:39:15 INFO reduce.MergeManagerImpl: Merged 1 segments, 5021624 bytes to disk to satisfy reduce memory limit
26/03/02 03:39:15 INFO reduce.MergeManagerImpl: Merging 1 files, 5021628 bytes from disk
26/03/02 03:39:15 INFO reduce.MergeManagerImpl: Merging 0 segments, 0 bytes from memory into reduce
26/03/02 03:39:15 INFO mapred.Merger: Merging 1 sorted segments
26/03/02 03:39:15 INFO mapred.Merger: Down to the last merge-pass, with 1 segments left of total size: 5021618 bytes
26/03/02 03:39:15 INFO mapred.LocalJobRunner: 1 / 1 copied.
26/03/02 03:39:15 INFO mapred.Task: Task:attempt_local58329047_0002_r_000002_0 is done. And is in the process of committing
26/03/02 03:39:15 INFO mapred.LocalJobRunner: 1 / 1 copied.
26/03/02 03:39:15 INFO mapred.Task: Task attempt_local58329047_0002_r_000002_0 is allowed to commit now
26/03/02 03:39:15 INFO output.FileOutputCommitter: Saved output of task 'attempt_local58329047_0002_r_000002_0' to hdfs://localhost:9000/project2/task2/runs_report_plus/scale500k_basic/iter_2/_temporary/0/task_local58329047_0002_r_000002
26/03/02 03:39:15 INFO mapred.LocalJobRunner: reduce > reduce
26/03/02 03:39:15 INFO mapred.Task: Task 'attempt_local58329047_0002_r_000002_0' done.
26/03/02 03:39:15 INFO mapred.Task: Final Counters for attempt_local58329047_0002_r_000002_0: Counters: 29
	File System Counters
		FILE: Number of bytes read=101536938
		FILE: Number of bytes written=105490908
		FILE: Number of read operations=0
		FILE: Number of large read operations=0
		FILE: Number of write operations=0
		HDFS: Number of bytes read=73380062
		HDFS: Number of bytes written=1680
		HDFS: Number of read operations=86
		HDFS: Number of large read operations=0
		HDFS: Number of write operations=30
	Map-Reduce Framework
		Combine input records=0
		Combine output records=0
		Reduce input groups=1
		Reduce shuffle bytes=5021628
		Reduce input records=92993
		Reduce output records=1
		Spilled Records=92993
		Shuffled Maps =1
		Failed Shuffles=0
		Merged Map outputs=1
		GC time elapsed (ms)=2
		Total committed heap usage (bytes)=431489024
	Shuffle Errors
		BAD_ID=0
		CONNECTION=0
		IO_ERROR=0
		WRONG_LENGTH=0
		WRONG_MAP=0
		WRONG_REDUCE=0
	File Output Format Counters 
		Bytes Written=104
26/03/02 03:39:15 INFO mapred.LocalJobRunner: Finishing task: attempt_local58329047_0002_r_000002_0
26/03/02 03:39:15 INFO mapred.LocalJobRunner: Starting task: attempt_local58329047_0002_r_000003_0
26/03/02 03:39:15 INFO output.FileOutputCommitter: File Output Committer Algorithm version is 1
26/03/02 03:39:15 INFO mapred.Task:  Using ResourceCalculatorProcessTree : [ ]
26/03/02 03:39:15 INFO mapred.ReduceTask: Using ShuffleConsumerPlugin: org.apache.hadoop.mapreduce.task.reduce.Shuffle@6733334
26/03/02 03:39:15 INFO reduce.MergeManagerImpl: MergerManager: memoryLimit=334338464, maxSingleShuffleLimit=83584616, mergeThreshold=220663392, ioSortFactor=10, memToMemMergeOutputsThreshold=10
26/03/02 03:39:15 INFO reduce.EventFetcher: attempt_local58329047_0002_r_000003_0 Thread started: EventFetcher for fetching Map Completion Events
26/03/02 03:39:15 INFO reduce.LocalFetcher: localfetcher#8 about to shuffle output of map attempt_local58329047_0002_m_000000_0 decomp: 3388772 len: 3388776 to MEMORY
26/03/02 03:39:15 INFO reduce.InMemoryMapOutput: Read 3388772 bytes from map-output for attempt_local58329047_0002_m_000000_0
26/03/02 03:39:15 INFO reduce.MergeManagerImpl: closeInMemoryFile -> map-output of size: 3388772, inMemoryMapOutputs.size() -> 1, commitMemory -> 0, usedMemory ->3388772
26/03/02 03:39:15 INFO reduce.EventFetcher: EventFetcher is interrupted.. Returning
26/03/02 03:39:15 INFO mapred.LocalJobRunner: 1 / 1 copied.
26/03/02 03:39:15 INFO reduce.MergeManagerImpl: finalMerge called with 1 in-memory map-outputs and 0 on-disk map-outputs
26/03/02 03:39:15 INFO mapred.Merger: Merging 1 sorted segments
26/03/02 03:39:15 INFO mapred.Merger: Down to the last merge-pass, with 1 segments left of total size: 3388766 bytes
26/03/02 03:39:15 INFO reduce.MergeManagerImpl: Merged 1 segments, 3388772 bytes to disk to satisfy reduce memory limit
26/03/02 03:39:15 INFO reduce.MergeManagerImpl: Merging 1 files, 3388776 bytes from disk
26/03/02 03:39:15 INFO reduce.MergeManagerImpl: Merging 0 segments, 0 bytes from memory into reduce
26/03/02 03:39:15 INFO mapred.Merger: Merging 1 sorted segments
26/03/02 03:39:15 INFO mapred.Merger: Down to the last merge-pass, with 1 segments left of total size: 3388766 bytes
26/03/02 03:39:15 INFO mapred.LocalJobRunner: 1 / 1 copied.
26/03/02 03:39:15 INFO mapred.Task: Task:attempt_local58329047_0002_r_000003_0 is done. And is in the process of committing
26/03/02 03:39:15 INFO mapred.LocalJobRunner: 1 / 1 copied.
26/03/02 03:39:15 INFO mapred.Task: Task attempt_local58329047_0002_r_000003_0 is allowed to commit now
26/03/02 03:39:15 INFO output.FileOutputCommitter: Saved output of task 'attempt_local58329047_0002_r_000003_0' to hdfs://localhost:9000/project2/task2/runs_report_plus/scale500k_basic/iter_2/_temporary/0/task_local58329047_0002_r_000003
26/03/02 03:39:15 INFO mapred.LocalJobRunner: reduce > reduce
26/03/02 03:39:15 INFO mapred.Task: Task 'attempt_local58329047_0002_r_000003_0' done.
26/03/02 03:39:15 INFO mapred.Task: Final Counters for attempt_local58329047_0002_r_000003_0: Counters: 29
	File System Counters
		FILE: Number of bytes read=108314594
		FILE: Number of bytes written=108879684
		FILE: Number of read operations=0
		FILE: Number of large read operations=0
		FILE: Number of write operations=0
		HDFS: Number of bytes read=73380062
		HDFS: Number of bytes written=1782
		HDFS: Number of read operations=89
		HDFS: Number of large read operations=0
		HDFS: Number of write operations=32
	Map-Reduce Framework
		Combine input records=0
		Combine output records=0
		Reduce input groups=1
		Reduce shuffle bytes=3388776
		Reduce input records=62755
		Reduce output records=1
		Spilled Records=62755
		Shuffled Maps =1
		Failed Shuffles=0
		Merged Map outputs=1
		GC time elapsed (ms)=0
		Total committed heap usage (bytes)=431489024
	Shuffle Errors
		BAD_ID=0
		CONNECTION=0
		IO_ERROR=0
		WRONG_LENGTH=0
		WRONG_MAP=0
		WRONG_REDUCE=0
	File Output Format Counters 
		Bytes Written=102
26/03/02 03:39:15 INFO mapred.LocalJobRunner: Finishing task: attempt_local58329047_0002_r_000003_0
26/03/02 03:39:15 INFO mapred.LocalJobRunner: reduce task executor complete.
26/03/02 03:39:16 INFO mapreduce.Job:  map 100% reduce 100%
26/03/02 03:39:16 INFO mapreduce.Job: Job job_local58329047_0002 completed successfully
26/03/02 03:39:16 INFO mapreduce.Job: Counters: 35
	File System Counters
		FILE: Number of bytes read=429755594
		FILE: Number of bytes written=488502528
		FILE: Number of read operations=0
		FILE: Number of large read operations=0
		FILE: Number of write operations=0
		HDFS: Number of bytes read=366900310
		HDFS: Number of bytes written=7777
		HDFS: Number of read operations=415
		HDFS: Number of large read operations=0
		HDFS: Number of write operations=140
	Map-Reduce Framework
		Map input records=500000
		Map output records=500000
		Map output bytes=26000000
		Map output materialized bytes=27000024
		Input split bytes=123
		Combine input records=0
		Combine output records=0
		Reduce input groups=5
		Reduce shuffle bytes=27000024
		Reduce input records=500000
		Reduce output records=5
		Spilled Records=1000000
		Shuffled Maps =4
		Failed Shuffles=0
		Merged Map outputs=4
		GC time elapsed (ms)=15
		Total committed heap usage (bytes)=2154299392
	Shuffle Errors
		BAD_ID=0
		CONNECTION=0
		IO_ERROR=0
		WRONG_LENGTH=0
		WRONG_MAP=0
		WRONG_REDUCE=0
	File Input Format Counters 
		Bytes Read=36688385
	File Output Format Counters 
		Bytes Written=515
26/03/02 03:39:16 INFO jvm.JvmMetrics: Cannot initialize JVM Metrics with processName=JobTracker, sessionId= - already initialized
26/03/02 03:39:16 WARN mapreduce.JobResourceUploader: Hadoop command-line option parsing not performed. Implement the Tool interface and execute your application with ToolRunner to remedy this.
26/03/02 03:39:16 INFO input.FileInputFormat: Total input paths to process : 1
26/03/02 03:39:16 INFO mapreduce.JobSubmitter: number of splits:1
26/03/02 03:39:16 INFO mapreduce.JobSubmitter: Submitting tokens for job: job_local388814589_0003
26/03/02 03:39:16 INFO mapred.LocalDistributedCacheManager: Creating symlink: /tmp/hadoop-ds503/mapred/local/1772422756631/centers_iter_2.csv <- /home/ds503/centers_iter_2.csv
26/03/02 03:39:16 INFO mapred.LocalDistributedCacheManager: Localized hdfs://localhost:9000/project2/task2/runs_report_plus/scale500k_basic/centers_iter_2.csv as file:/tmp/hadoop-ds503/mapred/local/1772422756631/centers_iter_2.csv
26/03/02 03:39:16 INFO mapreduce.Job: The url to track the job: http://localhost:8080/
26/03/02 03:39:16 INFO mapreduce.Job: Running job: job_local388814589_0003
26/03/02 03:39:16 INFO mapred.LocalJobRunner: OutputCommitter set in config null
26/03/02 03:39:16 INFO output.FileOutputCommitter: File Output Committer Algorithm version is 1
26/03/02 03:39:16 INFO mapred.LocalJobRunner: OutputCommitter is org.apache.hadoop.mapreduce.lib.output.FileOutputCommitter
26/03/02 03:39:16 INFO mapred.LocalJobRunner: Waiting for map tasks
26/03/02 03:39:16 INFO mapred.LocalJobRunner: Starting task: attempt_local388814589_0003_m_000000_0
26/03/02 03:39:16 INFO output.FileOutputCommitter: File Output Committer Algorithm version is 1
26/03/02 03:39:16 INFO mapred.Task:  Using ResourceCalculatorProcessTree : [ ]
26/03/02 03:39:16 INFO mapred.MapTask: Processing split: hdfs://localhost:9000/project2/task2/input/points_500k.csv:0+36688385
26/03/02 03:39:16 INFO mapred.MapTask: (EQUATOR) 0 kvi 26214396(104857584)
26/03/02 03:39:16 INFO mapred.MapTask: mapreduce.task.io.sort.mb: 100
26/03/02 03:39:16 INFO mapred.MapTask: soft limit at 83886080
26/03/02 03:39:16 INFO mapred.MapTask: bufstart = 0; bufvoid = 104857600
26/03/02 03:39:16 INFO mapred.MapTask: kvstart = 26214396; length = 6553600
26/03/02 03:39:16 INFO mapred.MapTask: Map output collector class = org.apache.hadoop.mapred.MapTask$MapOutputBuffer
26/03/02 03:39:17 INFO mapred.LocalJobRunner: 
26/03/02 03:39:17 INFO mapred.MapTask: Starting flush of map output
26/03/02 03:39:17 INFO mapred.MapTask: Spilling map output
26/03/02 03:39:17 INFO mapred.MapTask: bufstart = 0; bufend = 26000000; bufvoid = 104857600
26/03/02 03:39:17 INFO mapred.MapTask: kvstart = 26214396(104857584); kvend = 24214400(96857600); length = 1999997/6553600
26/03/02 03:39:17 INFO mapred.MapTask: Finished spill 0
26/03/02 03:39:17 INFO mapred.Task: Task:attempt_local388814589_0003_m_000000_0 is done. And is in the process of committing
26/03/02 03:39:17 INFO mapred.LocalJobRunner: map
26/03/02 03:39:17 INFO mapred.Task: Task 'attempt_local388814589_0003_m_000000_0' done.
26/03/02 03:39:17 INFO mapred.Task: Final Counters for attempt_local388814589_0003_m_000000_0: Counters: 22
	File System Counters
		FILE: Number of bytes read=108459151
		FILE: Number of bytes written=136319499
		FILE: Number of read operations=0
		FILE: Number of large read operations=0
		FILE: Number of write operations=0
		HDFS: Number of bytes read=110070601
		HDFS: Number of bytes written=2157
		HDFS: Number of read operations=133
		HDFS: Number of large read operations=0
		HDFS: Number of write operations=42
	Map-Reduce Framework
		Map input records=500000
		Map output records=500000
		Map output bytes=26000000
		Map output materialized bytes=27000024
		Input split bytes=123
		Combine input records=0
		Spilled Records=500000
		Failed Shuffles=0
		Merged Map outputs=0
		GC time elapsed (ms)=12
		Total committed heap usage (bytes)=530055168
	File Input Format Counters 
		Bytes Read=36688385
26/03/02 03:39:17 INFO mapred.LocalJobRunner: Finishing task: attempt_local388814589_0003_m_000000_0
26/03/02 03:39:17 INFO mapred.LocalJobRunner: map task executor complete.
26/03/02 03:39:17 INFO mapred.LocalJobRunner: Waiting for reduce tasks
26/03/02 03:39:17 INFO mapred.LocalJobRunner: Starting task: attempt_local388814589_0003_r_000000_0
26/03/02 03:39:17 INFO output.FileOutputCommitter: File Output Committer Algorithm version is 1
26/03/02 03:39:17 INFO mapred.Task:  Using ResourceCalculatorProcessTree : [ ]
26/03/02 03:39:17 INFO mapred.ReduceTask: Using ShuffleConsumerPlugin: org.apache.hadoop.mapreduce.task.reduce.Shuffle@7518aba9
26/03/02 03:39:17 INFO reduce.MergeManagerImpl: MergerManager: memoryLimit=371038624, maxSingleShuffleLimit=92759656, mergeThreshold=244885504, ioSortFactor=10, memToMemMergeOutputsThreshold=10
26/03/02 03:39:17 INFO reduce.EventFetcher: attempt_local388814589_0003_r_000000_0 Thread started: EventFetcher for fetching Map Completion Events
26/03/02 03:39:17 INFO reduce.LocalFetcher: localfetcher#9 about to shuffle output of map attempt_local388814589_0003_m_000000_0 decomp: 10607870 len: 10607874 to MEMORY
26/03/02 03:39:17 INFO reduce.InMemoryMapOutput: Read 10607870 bytes from map-output for attempt_local388814589_0003_m_000000_0
26/03/02 03:39:17 INFO reduce.MergeManagerImpl: closeInMemoryFile -> map-output of size: 10607870, inMemoryMapOutputs.size() -> 1, commitMemory -> 0, usedMemory ->10607870
26/03/02 03:39:17 INFO reduce.EventFetcher: EventFetcher is interrupted.. Returning
26/03/02 03:39:17 INFO mapred.LocalJobRunner: 1 / 1 copied.
26/03/02 03:39:17 INFO reduce.MergeManagerImpl: finalMerge called with 1 in-memory map-outputs and 0 on-disk map-outputs
26/03/02 03:39:17 INFO mapred.Merger: Merging 1 sorted segments
26/03/02 03:39:17 INFO mapred.Merger: Down to the last merge-pass, with 1 segments left of total size: 10607864 bytes
26/03/02 03:39:17 INFO reduce.MergeManagerImpl: Merged 1 segments, 10607870 bytes to disk to satisfy reduce memory limit
26/03/02 03:39:17 INFO reduce.MergeManagerImpl: Merging 1 files, 10607874 bytes from disk
26/03/02 03:39:17 INFO reduce.MergeManagerImpl: Merging 0 segments, 0 bytes from memory into reduce
26/03/02 03:39:17 INFO mapred.Merger: Merging 1 sorted segments
26/03/02 03:39:17 INFO mapred.Merger: Down to the last merge-pass, with 1 segments left of total size: 10607864 bytes
26/03/02 03:39:17 INFO mapred.LocalJobRunner: 1 / 1 copied.
26/03/02 03:39:17 INFO mapreduce.Job: Job job_local388814589_0003 running in uber mode : false
26/03/02 03:39:17 INFO mapreduce.Job:  map 100% reduce 0%
26/03/02 03:39:17 INFO mapred.Task: Task:attempt_local388814589_0003_r_000000_0 is done. And is in the process of committing
26/03/02 03:39:17 INFO mapred.LocalJobRunner: 1 / 1 copied.
26/03/02 03:39:17 INFO mapred.Task: Task attempt_local388814589_0003_r_000000_0 is allowed to commit now
26/03/02 03:39:17 INFO output.FileOutputCommitter: Saved output of task 'attempt_local388814589_0003_r_000000_0' to hdfs://localhost:9000/project2/task2/runs_report_plus/scale500k_basic/iter_3/_temporary/0/task_local388814589_0003_r_000000
26/03/02 03:39:17 INFO mapred.LocalJobRunner: reduce > reduce
26/03/02 03:39:17 INFO mapred.Task: Task 'attempt_local388814589_0003_r_000000_0' done.
26/03/02 03:39:17 INFO mapred.Task: Final Counters for attempt_local388814589_0003_r_000000_0: Counters: 29
	File System Counters
		FILE: Number of bytes read=129679095
		FILE: Number of bytes written=146927373
		FILE: Number of read operations=0
		FILE: Number of large read operations=0
		FILE: Number of write operations=0
		HDFS: Number of bytes read=110070601
		HDFS: Number of bytes written=2364
		HDFS: Number of read operations=136
		HDFS: Number of large read operations=0
		HDFS: Number of write operations=44
	Map-Reduce Framework
		Combine input records=0
		Combine output records=0
		Reduce input groups=2
		Reduce shuffle bytes=10607874
		Reduce input records=196442
		Reduce output records=2
		Spilled Records=196442
		Shuffled Maps =1
		Failed Shuffles=0
		Merged Map outputs=1
		GC time elapsed (ms)=2
		Total committed heap usage (bytes)=530055168
	Shuffle Errors
		BAD_ID=0
		CONNECTION=0
		IO_ERROR=0
		WRONG_LENGTH=0
		WRONG_MAP=0
		WRONG_REDUCE=0
	File Output Format Counters 
		Bytes Written=207
26/03/02 03:39:17 INFO mapred.LocalJobRunner: Finishing task: attempt_local388814589_0003_r_000000_0
26/03/02 03:39:17 INFO mapred.LocalJobRunner: Starting task: attempt_local388814589_0003_r_000001_0
26/03/02 03:39:17 INFO output.FileOutputCommitter: File Output Committer Algorithm version is 1
26/03/02 03:39:17 INFO mapred.Task:  Using ResourceCalculatorProcessTree : [ ]
26/03/02 03:39:17 INFO mapred.ReduceTask: Using ShuffleConsumerPlugin: org.apache.hadoop.mapreduce.task.reduce.Shuffle@a17e057
26/03/02 03:39:17 INFO reduce.MergeManagerImpl: MergerManager: memoryLimit=371038624, maxSingleShuffleLimit=92759656, mergeThreshold=244885504, ioSortFactor=10, memToMemMergeOutputsThreshold=10
26/03/02 03:39:17 INFO reduce.EventFetcher: attempt_local388814589_0003_r_000001_0 Thread started: EventFetcher for fetching Map Completion Events
26/03/02 03:39:17 INFO reduce.LocalFetcher: localfetcher#10 about to shuffle output of map attempt_local388814589_0003_m_000000_0 decomp: 7606172 len: 7606176 to MEMORY
26/03/02 03:39:17 INFO reduce.InMemoryMapOutput: Read 7606172 bytes from map-output for attempt_local388814589_0003_m_000000_0
26/03/02 03:39:17 INFO reduce.MergeManagerImpl: closeInMemoryFile -> map-output of size: 7606172, inMemoryMapOutputs.size() -> 1, commitMemory -> 0, usedMemory ->7606172
26/03/02 03:39:17 INFO reduce.EventFetcher: EventFetcher is interrupted.. Returning
26/03/02 03:39:17 INFO mapred.LocalJobRunner: 1 / 1 copied.
26/03/02 03:39:17 INFO reduce.MergeManagerImpl: finalMerge called with 1 in-memory map-outputs and 0 on-disk map-outputs
26/03/02 03:39:17 INFO mapred.Merger: Merging 1 sorted segments
26/03/02 03:39:17 INFO mapred.Merger: Down to the last merge-pass, with 1 segments left of total size: 7606166 bytes
26/03/02 03:39:17 INFO reduce.MergeManagerImpl: Merged 1 segments, 7606172 bytes to disk to satisfy reduce memory limit
26/03/02 03:39:17 INFO reduce.MergeManagerImpl: Merging 1 files, 7606176 bytes from disk
26/03/02 03:39:17 INFO reduce.MergeManagerImpl: Merging 0 segments, 0 bytes from memory into reduce
26/03/02 03:39:17 INFO mapred.Merger: Merging 1 sorted segments
26/03/02 03:39:17 INFO mapred.Merger: Down to the last merge-pass, with 1 segments left of total size: 7606166 bytes
26/03/02 03:39:17 INFO mapred.LocalJobRunner: 1 / 1 copied.
26/03/02 03:39:17 INFO mapred.Task: Task:attempt_local388814589_0003_r_000001_0 is done. And is in the process of committing
26/03/02 03:39:17 INFO mapred.LocalJobRunner: 1 / 1 copied.
26/03/02 03:39:17 INFO mapred.Task: Task attempt_local388814589_0003_r_000001_0 is allowed to commit now
26/03/02 03:39:17 INFO output.FileOutputCommitter: Saved output of task 'attempt_local388814589_0003_r_000001_0' to hdfs://localhost:9000/project2/task2/runs_report_plus/scale500k_basic/iter_3/_temporary/0/task_local388814589_0003_r_000001
26/03/02 03:39:17 INFO mapred.LocalJobRunner: reduce > reduce
26/03/02 03:39:17 INFO mapred.Task: Task 'attempt_local388814589_0003_r_000001_0' done.
26/03/02 03:39:17 INFO mapred.Task: Final Counters for attempt_local388814589_0003_r_000001_0: Counters: 29
	File System Counters
		FILE: Number of bytes read=144895643
		FILE: Number of bytes written=154533549
		FILE: Number of read operations=0
		FILE: Number of large read operations=0
		FILE: Number of write operations=0
		HDFS: Number of bytes read=110070601
		HDFS: Number of bytes written=2469
		HDFS: Number of read operations=139
		HDFS: Number of large read operations=0
		HDFS: Number of write operations=46
	Map-Reduce Framework
		Combine input records=0
		Combine output records=0
		Reduce input groups=1
		Reduce shuffle bytes=7606176
		Reduce input records=140855
		Reduce output records=1
		Spilled Records=140855
		Shuffled Maps =1
		Failed Shuffles=0
		Merged Map outputs=1
		GC time elapsed (ms)=0
		Total committed heap usage (bytes)=530055168
	Shuffle Errors
		BAD_ID=0
		CONNECTION=0
		IO_ERROR=0
		WRONG_LENGTH=0
		WRONG_MAP=0
		WRONG_REDUCE=0
	File Output Format Counters 
		Bytes Written=105
26/03/02 03:39:17 INFO mapred.LocalJobRunner: Finishing task: attempt_local388814589_0003_r_000001_0
26/03/02 03:39:17 INFO mapred.LocalJobRunner: Starting task: attempt_local388814589_0003_r_000002_0
26/03/02 03:39:17 INFO output.FileOutputCommitter: File Output Committer Algorithm version is 1
26/03/02 03:39:17 INFO mapred.Task:  Using ResourceCalculatorProcessTree : [ ]
26/03/02 03:39:17 INFO mapred.ReduceTask: Using ShuffleConsumerPlugin: org.apache.hadoop.mapreduce.task.reduce.Shuffle@720d8157
26/03/02 03:39:17 INFO reduce.MergeManagerImpl: MergerManager: memoryLimit=371038624, maxSingleShuffleLimit=92759656, mergeThreshold=244885504, ioSortFactor=10, memToMemMergeOutputsThreshold=10
26/03/02 03:39:17 INFO reduce.EventFetcher: attempt_local388814589_0003_r_000002_0 Thread started: EventFetcher for fetching Map Completion Events
26/03/02 03:39:17 INFO reduce.LocalFetcher: localfetcher#11 about to shuffle output of map attempt_local388814589_0003_m_000000_0 decomp: 4748978 len: 4748982 to MEMORY
26/03/02 03:39:17 INFO reduce.InMemoryMapOutput: Read 4748978 bytes from map-output for attempt_local388814589_0003_m_000000_0
26/03/02 03:39:17 INFO reduce.MergeManagerImpl: closeInMemoryFile -> map-output of size: 4748978, inMemoryMapOutputs.size() -> 1, commitMemory -> 0, usedMemory ->4748978
26/03/02 03:39:17 INFO reduce.EventFetcher: EventFetcher is interrupted.. Returning
26/03/02 03:39:17 INFO mapred.LocalJobRunner: 1 / 1 copied.
26/03/02 03:39:17 INFO reduce.MergeManagerImpl: finalMerge called with 1 in-memory map-outputs and 0 on-disk map-outputs
26/03/02 03:39:17 INFO mapred.Merger: Merging 1 sorted segments
26/03/02 03:39:17 INFO mapred.Merger: Down to the last merge-pass, with 1 segments left of total size: 4748972 bytes
26/03/02 03:39:17 INFO reduce.MergeManagerImpl: Merged 1 segments, 4748978 bytes to disk to satisfy reduce memory limit
26/03/02 03:39:17 INFO reduce.MergeManagerImpl: Merging 1 files, 4748982 bytes from disk
26/03/02 03:39:17 INFO reduce.MergeManagerImpl: Merging 0 segments, 0 bytes from memory into reduce
26/03/02 03:39:17 INFO mapred.Merger: Merging 1 sorted segments
26/03/02 03:39:17 INFO mapred.Merger: Down to the last merge-pass, with 1 segments left of total size: 4748972 bytes
26/03/02 03:39:17 INFO mapred.LocalJobRunner: 1 / 1 copied.
26/03/02 03:39:17 INFO mapred.Task: Task:attempt_local388814589_0003_r_000002_0 is done. And is in the process of committing
26/03/02 03:39:17 INFO mapred.LocalJobRunner: 1 / 1 copied.
26/03/02 03:39:17 INFO mapred.Task: Task attempt_local388814589_0003_r_000002_0 is allowed to commit now
26/03/02 03:39:17 INFO output.FileOutputCommitter: Saved output of task 'attempt_local388814589_0003_r_000002_0' to hdfs://localhost:9000/project2/task2/runs_report_plus/scale500k_basic/iter_3/_temporary/0/task_local388814589_0003_r_000002
26/03/02 03:39:17 INFO mapred.LocalJobRunner: reduce > reduce
26/03/02 03:39:17 INFO mapred.Task: Task 'attempt_local388814589_0003_r_000002_0' done.
26/03/02 03:39:17 INFO mapred.Task: Final Counters for attempt_local388814589_0003_r_000002_0: Counters: 29
	File System Counters
		FILE: Number of bytes read=154397803
		FILE: Number of bytes written=159282531
		FILE: Number of read operations=0
		FILE: Number of large read operations=0
		FILE: Number of write operations=0
		HDFS: Number of bytes read=110070601
		HDFS: Number of bytes written=2573
		HDFS: Number of read operations=142
		HDFS: Number of large read operations=0
		HDFS: Number of write operations=48
	Map-Reduce Framework
		Combine input records=0
		Combine output records=0
		Reduce input groups=1
		Reduce shuffle bytes=4748982
		Reduce input records=87944
		Reduce output records=1
		Spilled Records=87944
		Shuffled Maps =1
		Failed Shuffles=0
		Merged Map outputs=1
		GC time elapsed (ms)=0
		Total committed heap usage (bytes)=530055168
	Shuffle Errors
		BAD_ID=0
		CONNECTION=0
		IO_ERROR=0
		WRONG_LENGTH=0
		WRONG_MAP=0
		WRONG_REDUCE=0
	File Output Format Counters 
		Bytes Written=104
26/03/02 03:39:17 INFO mapred.LocalJobRunner: Finishing task: attempt_local388814589_0003_r_000002_0
26/03/02 03:39:17 INFO mapred.LocalJobRunner: Starting task: attempt_local388814589_0003_r_000003_0
26/03/02 03:39:17 INFO output.FileOutputCommitter: File Output Committer Algorithm version is 1
26/03/02 03:39:17 INFO mapred.Task:  Using ResourceCalculatorProcessTree : [ ]
26/03/02 03:39:17 INFO mapred.ReduceTask: Using ShuffleConsumerPlugin: org.apache.hadoop.mapreduce.task.reduce.Shuffle@6909ee83
26/03/02 03:39:17 INFO reduce.MergeManagerImpl: MergerManager: memoryLimit=371038624, maxSingleShuffleLimit=92759656, mergeThreshold=244885504, ioSortFactor=10, memToMemMergeOutputsThreshold=10
26/03/02 03:39:17 INFO reduce.EventFetcher: attempt_local388814589_0003_r_000003_0 Thread started: EventFetcher for fetching Map Completion Events
26/03/02 03:39:17 INFO reduce.LocalFetcher: localfetcher#12 about to shuffle output of map attempt_local388814589_0003_m_000000_0 decomp: 4036988 len: 4036992 to MEMORY
26/03/02 03:39:17 INFO reduce.InMemoryMapOutput: Read 4036988 bytes from map-output for attempt_local388814589_0003_m_000000_0
26/03/02 03:39:17 INFO reduce.MergeManagerImpl: closeInMemoryFile -> map-output of size: 4036988, inMemoryMapOutputs.size() -> 1, commitMemory -> 0, usedMemory ->4036988
26/03/02 03:39:17 INFO reduce.EventFetcher: EventFetcher is interrupted.. Returning
26/03/02 03:39:17 INFO mapred.LocalJobRunner: 1 / 1 copied.
26/03/02 03:39:17 INFO reduce.MergeManagerImpl: finalMerge called with 1 in-memory map-outputs and 0 on-disk map-outputs
26/03/02 03:39:17 INFO mapred.Merger: Merging 1 sorted segments
26/03/02 03:39:17 INFO mapred.Merger: Down to the last merge-pass, with 1 segments left of total size: 4036982 bytes
26/03/02 03:39:17 INFO reduce.MergeManagerImpl: Merged 1 segments, 4036988 bytes to disk to satisfy reduce memory limit
26/03/02 03:39:17 INFO reduce.MergeManagerImpl: Merging 1 files, 4036992 bytes from disk
26/03/02 03:39:17 INFO reduce.MergeManagerImpl: Merging 0 segments, 0 bytes from memory into reduce
26/03/02 03:39:17 INFO mapred.Merger: Merging 1 sorted segments
26/03/02 03:39:17 INFO mapred.Merger: Down to the last merge-pass, with 1 segments left of total size: 4036982 bytes
26/03/02 03:39:17 INFO mapred.LocalJobRunner: 1 / 1 copied.
26/03/02 03:39:17 INFO mapred.Task: Task:attempt_local388814589_0003_r_000003_0 is done. And is in the process of committing
26/03/02 03:39:17 INFO mapred.LocalJobRunner: 1 / 1 copied.
26/03/02 03:39:17 INFO mapred.Task: Task attempt_local388814589_0003_r_000003_0 is allowed to commit now
26/03/02 03:39:17 INFO output.FileOutputCommitter: Saved output of task 'attempt_local388814589_0003_r_000003_0' to hdfs://localhost:9000/project2/task2/runs_report_plus/scale500k_basic/iter_3/_temporary/0/task_local388814589_0003_r_000003
26/03/02 03:39:17 INFO mapred.LocalJobRunner: reduce > reduce
26/03/02 03:39:17 INFO mapred.Task: Task 'attempt_local388814589_0003_r_000003_0' done.
26/03/02 03:39:17 INFO mapred.Task: Final Counters for attempt_local388814589_0003_r_000003_0: Counters: 29
	File System Counters
		FILE: Number of bytes read=162471891
		FILE: Number of bytes written=163319523
		FILE: Number of read operations=0
		FILE: Number of large read operations=0
		FILE: Number of write operations=0
		HDFS: Number of bytes read=110070601
		HDFS: Number of bytes written=2677
		HDFS: Number of read operations=145
		HDFS: Number of large read operations=0
		HDFS: Number of write operations=50
	Map-Reduce Framework
		Combine input records=0
		Combine output records=0
		Reduce input groups=1
		Reduce shuffle bytes=4036992
		Reduce input records=74759
		Reduce output records=1
		Spilled Records=74759
		Shuffled Maps =1
		Failed Shuffles=0
		Merged Map outputs=1
		GC time elapsed (ms)=0
		Total committed heap usage (bytes)=530055168
	Shuffle Errors
		BAD_ID=0
		CONNECTION=0
		IO_ERROR=0
		WRONG_LENGTH=0
		WRONG_MAP=0
		WRONG_REDUCE=0
	File Output Format Counters 
		Bytes Written=104
26/03/02 03:39:17 INFO mapred.LocalJobRunner: Finishing task: attempt_local388814589_0003_r_000003_0
26/03/02 03:39:17 INFO mapred.LocalJobRunner: reduce task executor complete.
26/03/02 03:39:18 INFO mapreduce.Job:  map 100% reduce 100%
26/03/02 03:39:18 INFO mapreduce.Job: Job job_local388814589_0003 completed successfully
26/03/02 03:39:18 INFO mapreduce.Job: Counters: 35
	File System Counters
		FILE: Number of bytes read=699903583
		FILE: Number of bytes written=760382475
		FILE: Number of read operations=0
		FILE: Number of large read operations=0
		FILE: Number of write operations=0
		HDFS: Number of bytes read=550353005
		HDFS: Number of bytes written=12240
		HDFS: Number of read operations=695
		HDFS: Number of large read operations=0
		HDFS: Number of write operations=230
	Map-Reduce Framework
		Map input records=500000
		Map output records=500000
		Map output bytes=26000000
		Map output materialized bytes=27000024
		Input split bytes=123
		Combine input records=0
		Combine output records=0
		Reduce input groups=5
		Reduce shuffle bytes=27000024
		Reduce input records=500000
		Reduce output records=5
		Spilled Records=1000000
		Shuffled Maps =4
		Failed Shuffles=0
		Merged Map outputs=4
		GC time elapsed (ms)=14
		Total committed heap usage (bytes)=2650275840
	Shuffle Errors
		BAD_ID=0
		CONNECTION=0
		IO_ERROR=0
		WRONG_LENGTH=0
		WRONG_MAP=0
		WRONG_REDUCE=0
	File Input Format Counters 
		Bytes Read=36688385
	File Output Format Counters 
		Bytes Written=520
26/03/02 03:39:18 INFO jvm.JvmMetrics: Cannot initialize JVM Metrics with processName=JobTracker, sessionId= - already initialized
26/03/02 03:39:18 WARN mapreduce.JobResourceUploader: Hadoop command-line option parsing not performed. Implement the Tool interface and execute your application with ToolRunner to remedy this.
26/03/02 03:39:18 INFO input.FileInputFormat: Total input paths to process : 1
26/03/02 03:39:18 INFO mapreduce.JobSubmitter: number of splits:1
26/03/02 03:39:18 INFO mapreduce.JobSubmitter: Submitting tokens for job: job_local1472459067_0004
26/03/02 03:39:18 INFO mapred.LocalDistributedCacheManager: Creating symlink: /tmp/hadoop-ds503/mapred/local/1772422758730/centers_iter_3.csv <- /home/ds503/centers_iter_3.csv
26/03/02 03:39:18 INFO mapred.LocalDistributedCacheManager: Localized hdfs://localhost:9000/project2/task2/runs_report_plus/scale500k_basic/centers_iter_3.csv as file:/tmp/hadoop-ds503/mapred/local/1772422758730/centers_iter_3.csv
26/03/02 03:39:18 INFO mapreduce.Job: The url to track the job: http://localhost:8080/
26/03/02 03:39:18 INFO mapreduce.Job: Running job: job_local1472459067_0004
26/03/02 03:39:18 INFO mapred.LocalJobRunner: OutputCommitter set in config null
26/03/02 03:39:18 INFO output.FileOutputCommitter: File Output Committer Algorithm version is 1
26/03/02 03:39:18 INFO mapred.LocalJobRunner: OutputCommitter is org.apache.hadoop.mapreduce.lib.output.FileOutputCommitter
26/03/02 03:39:18 INFO mapred.LocalJobRunner: Waiting for map tasks
26/03/02 03:39:18 INFO mapred.LocalJobRunner: Starting task: attempt_local1472459067_0004_m_000000_0
26/03/02 03:39:18 INFO output.FileOutputCommitter: File Output Committer Algorithm version is 1
26/03/02 03:39:18 INFO mapred.Task:  Using ResourceCalculatorProcessTree : [ ]
26/03/02 03:39:18 INFO mapred.MapTask: Processing split: hdfs://localhost:9000/project2/task2/input/points_500k.csv:0+36688385
26/03/02 03:39:18 INFO mapred.MapTask: (EQUATOR) 0 kvi 26214396(104857584)
26/03/02 03:39:18 INFO mapred.MapTask: mapreduce.task.io.sort.mb: 100
26/03/02 03:39:18 INFO mapred.MapTask: soft limit at 83886080
26/03/02 03:39:18 INFO mapred.MapTask: bufstart = 0; bufvoid = 104857600
26/03/02 03:39:18 INFO mapred.MapTask: kvstart = 26214396; length = 6553600
26/03/02 03:39:18 INFO mapred.MapTask: Map output collector class = org.apache.hadoop.mapred.MapTask$MapOutputBuffer
26/03/02 03:39:19 INFO mapred.LocalJobRunner: 
26/03/02 03:39:19 INFO mapred.MapTask: Starting flush of map output
26/03/02 03:39:19 INFO mapred.MapTask: Spilling map output
26/03/02 03:39:19 INFO mapred.MapTask: bufstart = 0; bufend = 26000000; bufvoid = 104857600
26/03/02 03:39:19 INFO mapred.MapTask: kvstart = 26214396(104857584); kvend = 24214400(96857600); length = 1999997/6553600
26/03/02 03:39:19 INFO mapred.MapTask: Finished spill 0
26/03/02 03:39:19 INFO mapred.Task: Task:attempt_local1472459067_0004_m_000000_0 is done. And is in the process of committing
26/03/02 03:39:19 INFO mapred.LocalJobRunner: map
26/03/02 03:39:19 INFO mapred.Task: Task 'attempt_local1472459067_0004_m_000000_0' done.
26/03/02 03:39:19 INFO mapred.Task: Final Counters for attempt_local1472459067_0004_m_000000_0: Counters: 22
	File System Counters
		FILE: Number of bytes read=162616448
		FILE: Number of bytes written=190760929
		FILE: Number of read operations=0
		FILE: Number of large read operations=0
		FILE: Number of write operations=0
		HDFS: Number of bytes read=146761161
		HDFS: Number of bytes written=3057
		HDFS: Number of read operations=189
		HDFS: Number of large read operations=0
		HDFS: Number of write operations=60
	Map-Reduce Framework
		Map input records=500000
		Map output records=500000
		Map output bytes=26000000
		Map output materialized bytes=27000024
		Input split bytes=123
		Combine input records=0
		Spilled Records=500000
		Failed Shuffles=0
		Merged Map outputs=0
		GC time elapsed (ms)=84
		Total committed heap usage (bytes)=352321536
	File Input Format Counters 
		Bytes Read=36688385
26/03/02 03:39:19 INFO mapred.LocalJobRunner: Finishing task: attempt_local1472459067_0004_m_000000_0
26/03/02 03:39:19 INFO mapred.LocalJobRunner: map task executor complete.
26/03/02 03:39:19 INFO mapred.LocalJobRunner: Waiting for reduce tasks
26/03/02 03:39:19 INFO mapred.LocalJobRunner: Starting task: attempt_local1472459067_0004_r_000000_0
26/03/02 03:39:19 INFO output.FileOutputCommitter: File Output Committer Algorithm version is 1
26/03/02 03:39:19 INFO mapred.Task:  Using ResourceCalculatorProcessTree : [ ]
26/03/02 03:39:19 INFO mapred.ReduceTask: Using ShuffleConsumerPlugin: org.apache.hadoop.mapreduce.task.reduce.Shuffle@3ab39092
26/03/02 03:39:19 INFO reduce.MergeManagerImpl: MergerManager: memoryLimit=334338464, maxSingleShuffleLimit=83584616, mergeThreshold=220663392, ioSortFactor=10, memToMemMergeOutputsThreshold=10
26/03/02 03:39:19 INFO reduce.EventFetcher: attempt_local1472459067_0004_r_000000_0 Thread started: EventFetcher for fetching Map Completion Events
26/03/02 03:39:19 INFO reduce.LocalFetcher: localfetcher#13 about to shuffle output of map attempt_local1472459067_0004_m_000000_0 decomp: 10748324 len: 10748328 to MEMORY
26/03/02 03:39:19 INFO reduce.InMemoryMapOutput: Read 10748324 bytes from map-output for attempt_local1472459067_0004_m_000000_0
26/03/02 03:39:19 INFO reduce.MergeManagerImpl: closeInMemoryFile -> map-output of size: 10748324, inMemoryMapOutputs.size() -> 1, commitMemory -> 0, usedMemory ->10748324
26/03/02 03:39:19 INFO reduce.EventFetcher: EventFetcher is interrupted.. Returning
26/03/02 03:39:19 INFO mapred.LocalJobRunner: 1 / 1 copied.
26/03/02 03:39:19 INFO reduce.MergeManagerImpl: finalMerge called with 1 in-memory map-outputs and 0 on-disk map-outputs
26/03/02 03:39:19 INFO mapred.Merger: Merging 1 sorted segments
26/03/02 03:39:19 INFO mapred.Merger: Down to the last merge-pass, with 1 segments left of total size: 10748318 bytes
26/03/02 03:39:19 INFO reduce.MergeManagerImpl: Merged 1 segments, 10748324 bytes to disk to satisfy reduce memory limit
26/03/02 03:39:19 INFO reduce.MergeManagerImpl: Merging 1 files, 10748328 bytes from disk
26/03/02 03:39:19 INFO reduce.MergeManagerImpl: Merging 0 segments, 0 bytes from memory into reduce
26/03/02 03:39:19 INFO mapred.Merger: Merging 1 sorted segments
26/03/02 03:39:19 INFO mapred.Merger: Down to the last merge-pass, with 1 segments left of total size: 10748318 bytes
26/03/02 03:39:19 INFO mapred.LocalJobRunner: 1 / 1 copied.
26/03/02 03:39:19 INFO mapred.Task: Task:attempt_local1472459067_0004_r_000000_0 is done. And is in the process of committing
26/03/02 03:39:19 INFO mapred.LocalJobRunner: 1 / 1 copied.
26/03/02 03:39:19 INFO mapred.Task: Task attempt_local1472459067_0004_r_000000_0 is allowed to commit now
26/03/02 03:39:19 INFO output.FileOutputCommitter: Saved output of task 'attempt_local1472459067_0004_r_000000_0' to hdfs://localhost:9000/project2/task2/runs_report_plus/scale500k_basic/iter_4/_temporary/0/task_local1472459067_0004_r_000000
26/03/02 03:39:19 INFO mapred.LocalJobRunner: reduce > reduce
26/03/02 03:39:19 INFO mapred.Task: Task 'attempt_local1472459067_0004_r_000000_0' done.
26/03/02 03:39:19 INFO mapred.Task: Final Counters for attempt_local1472459067_0004_r_000000_0: Counters: 29
	File System Counters
		FILE: Number of bytes read=184117300
		FILE: Number of bytes written=201509257
		FILE: Number of read operations=0
		FILE: Number of large read operations=0
		FILE: Number of write operations=0
		HDFS: Number of bytes read=146761161
		HDFS: Number of bytes written=3262
		HDFS: Number of read operations=192
		HDFS: Number of large read operations=0
		HDFS: Number of write operations=62
	Map-Reduce Framework
		Combine input records=0
		Combine output records=0
		Reduce input groups=2
		Reduce shuffle bytes=10748328
		Reduce input records=199043
		Reduce output records=2
		Spilled Records=199043
		Shuffled Maps =1
		Failed Shuffles=0
		Merged Map outputs=1
		GC time elapsed (ms)=1
		Total committed heap usage (bytes)=352845824
	Shuffle Errors
		BAD_ID=0
		CONNECTION=0
		IO_ERROR=0
		WRONG_LENGTH=0
		WRONG_MAP=0
		WRONG_REDUCE=0
	File Output Format Counters 
		Bytes Written=205
26/03/02 03:39:19 INFO mapred.LocalJobRunner: Finishing task: attempt_local1472459067_0004_r_000000_0
26/03/02 03:39:19 INFO mapred.LocalJobRunner: Starting task: attempt_local1472459067_0004_r_000001_0
26/03/02 03:39:19 INFO output.FileOutputCommitter: File Output Committer Algorithm version is 1
26/03/02 03:39:19 INFO mapred.Task:  Using ResourceCalculatorProcessTree : [ ]
26/03/02 03:39:19 INFO mapred.ReduceTask: Using ShuffleConsumerPlugin: org.apache.hadoop.mapreduce.task.reduce.Shuffle@53584ab4
26/03/02 03:39:19 INFO reduce.MergeManagerImpl: MergerManager: memoryLimit=334338464, maxSingleShuffleLimit=83584616, mergeThreshold=220663392, ioSortFactor=10, memToMemMergeOutputsThreshold=10
26/03/02 03:39:19 INFO reduce.EventFetcher: attempt_local1472459067_0004_r_000001_0 Thread started: EventFetcher for fetching Map Completion Events
26/03/02 03:39:19 INFO reduce.LocalFetcher: localfetcher#14 about to shuffle output of map attempt_local1472459067_0004_m_000000_0 decomp: 7005692 len: 7005696 to MEMORY
26/03/02 03:39:19 INFO reduce.InMemoryMapOutput: Read 7005692 bytes from map-output for attempt_local1472459067_0004_m_000000_0
26/03/02 03:39:19 INFO reduce.MergeManagerImpl: closeInMemoryFile -> map-output of size: 7005692, inMemoryMapOutputs.size() -> 1, commitMemory -> 0, usedMemory ->7005692
26/03/02 03:39:19 INFO reduce.EventFetcher: EventFetcher is interrupted.. Returning
26/03/02 03:39:19 INFO mapred.LocalJobRunner: 1 / 1 copied.
26/03/02 03:39:19 INFO reduce.MergeManagerImpl: finalMerge called with 1 in-memory map-outputs and 0 on-disk map-outputs
26/03/02 03:39:19 INFO mapred.Merger: Merging 1 sorted segments
26/03/02 03:39:19 INFO mapred.Merger: Down to the last merge-pass, with 1 segments left of total size: 7005686 bytes
26/03/02 03:39:19 INFO mapreduce.Job: Job job_local1472459067_0004 running in uber mode : false
26/03/02 03:39:19 INFO mapreduce.Job:  map 100% reduce 25%
26/03/02 03:39:19 INFO reduce.MergeManagerImpl: Merged 1 segments, 7005692 bytes to disk to satisfy reduce memory limit
26/03/02 03:39:19 INFO reduce.MergeManagerImpl: Merging 1 files, 7005696 bytes from disk
26/03/02 03:39:19 INFO reduce.MergeManagerImpl: Merging 0 segments, 0 bytes from memory into reduce
26/03/02 03:39:19 INFO mapred.Merger: Merging 1 sorted segments
26/03/02 03:39:19 INFO mapred.Merger: Down to the last merge-pass, with 1 segments left of total size: 7005686 bytes
26/03/02 03:39:19 INFO mapred.LocalJobRunner: 1 / 1 copied.
26/03/02 03:39:19 INFO mapred.Task: Task:attempt_local1472459067_0004_r_000001_0 is done. And is in the process of committing
26/03/02 03:39:19 INFO mapred.LocalJobRunner: 1 / 1 copied.
26/03/02 03:39:19 INFO mapred.Task: Task attempt_local1472459067_0004_r_000001_0 is allowed to commit now
26/03/02 03:39:19 INFO output.FileOutputCommitter: Saved output of task 'attempt_local1472459067_0004_r_000001_0' to hdfs://localhost:9000/project2/task2/runs_report_plus/scale500k_basic/iter_4/_temporary/0/task_local1472459067_0004_r_000001
26/03/02 03:39:19 INFO mapred.LocalJobRunner: reduce > reduce
26/03/02 03:39:19 INFO mapred.Task: Task 'attempt_local1472459067_0004_r_000001_0' done.
26/03/02 03:39:19 INFO mapred.Task: Final Counters for attempt_local1472459067_0004_r_000001_0: Counters: 29
	File System Counters
		FILE: Number of bytes read=198132888
		FILE: Number of bytes written=208514953
		FILE: Number of read operations=0
		FILE: Number of large read operations=0
		FILE: Number of write operations=0
		HDFS: Number of bytes read=146761161
		HDFS: Number of bytes written=3366
		HDFS: Number of read operations=195
		HDFS: Number of large read operations=0
		HDFS: Number of write operations=64
	Map-Reduce Framework
		Combine input records=0
		Combine output records=0
		Reduce input groups=1
		Reduce shuffle bytes=7005696
		Reduce input records=129735
		Reduce output records=1
		Spilled Records=129735
		Shuffled Maps =1
		Failed Shuffles=0
		Merged Map outputs=1
		GC time elapsed (ms)=0
		Total committed heap usage (bytes)=352845824
	Shuffle Errors
		BAD_ID=0
		CONNECTION=0
		IO_ERROR=0
		WRONG_LENGTH=0
		WRONG_MAP=0
		WRONG_REDUCE=0
	File Output Format Counters 
		Bytes Written=104
26/03/02 03:39:19 INFO mapred.LocalJobRunner: Finishing task: attempt_local1472459067_0004_r_000001_0
26/03/02 03:39:19 INFO mapred.LocalJobRunner: Starting task: attempt_local1472459067_0004_r_000002_0
26/03/02 03:39:19 INFO output.FileOutputCommitter: File Output Committer Algorithm version is 1
26/03/02 03:39:19 INFO mapred.Task:  Using ResourceCalculatorProcessTree : [ ]
26/03/02 03:39:19 INFO mapred.ReduceTask: Using ShuffleConsumerPlugin: org.apache.hadoop.mapreduce.task.reduce.Shuffle@2b8d4735
26/03/02 03:39:19 INFO reduce.MergeManagerImpl: MergerManager: memoryLimit=334338464, maxSingleShuffleLimit=83584616, mergeThreshold=220663392, ioSortFactor=10, memToMemMergeOutputsThreshold=10
26/03/02 03:39:19 INFO reduce.EventFetcher: attempt_local1472459067_0004_r_000002_0 Thread started: EventFetcher for fetching Map Completion Events
26/03/02 03:39:19 INFO reduce.LocalFetcher: localfetcher#15 about to shuffle output of map attempt_local1472459067_0004_m_000000_0 decomp: 4730996 len: 4731000 to MEMORY
26/03/02 03:39:19 INFO reduce.InMemoryMapOutput: Read 4730996 bytes from map-output for attempt_local1472459067_0004_m_000000_0
26/03/02 03:39:19 INFO reduce.MergeManagerImpl: closeInMemoryFile -> map-output of size: 4730996, inMemoryMapOutputs.size() -> 1, commitMemory -> 0, usedMemory ->4730996
26/03/02 03:39:19 INFO reduce.EventFetcher: EventFetcher is interrupted.. Returning
26/03/02 03:39:19 INFO mapred.LocalJobRunner: 1 / 1 copied.
26/03/02 03:39:19 INFO reduce.MergeManagerImpl: finalMerge called with 1 in-memory map-outputs and 0 on-disk map-outputs
26/03/02 03:39:19 INFO mapred.Merger: Merging 1 sorted segments
26/03/02 03:39:19 INFO mapred.Merger: Down to the last merge-pass, with 1 segments left of total size: 4730990 bytes
26/03/02 03:39:19 INFO reduce.MergeManagerImpl: Merged 1 segments, 4730996 bytes to disk to satisfy reduce memory limit
26/03/02 03:39:19 INFO reduce.MergeManagerImpl: Merging 1 files, 4731000 bytes from disk
26/03/02 03:39:19 INFO reduce.MergeManagerImpl: Merging 0 segments, 0 bytes from memory into reduce
26/03/02 03:39:19 INFO mapred.Merger: Merging 1 sorted segments
26/03/02 03:39:19 INFO mapred.Merger: Down to the last merge-pass, with 1 segments left of total size: 4730990 bytes
26/03/02 03:39:19 INFO mapred.LocalJobRunner: 1 / 1 copied.
26/03/02 03:39:19 INFO mapred.Task: Task:attempt_local1472459067_0004_r_000002_0 is done. And is in the process of committing
26/03/02 03:39:19 INFO mapred.LocalJobRunner: 1 / 1 copied.
26/03/02 03:39:19 INFO mapred.Task: Task attempt_local1472459067_0004_r_000002_0 is allowed to commit now
26/03/02 03:39:19 INFO output.FileOutputCommitter: Saved output of task 'attempt_local1472459067_0004_r_000002_0' to hdfs://localhost:9000/project2/task2/runs_report_plus/scale500k_basic/iter_4/_temporary/0/task_local1472459067_0004_r_000002
26/03/02 03:39:19 INFO mapred.LocalJobRunner: reduce > reduce
26/03/02 03:39:19 INFO mapred.Task: Task 'attempt_local1472459067_0004_r_000002_0' done.
26/03/02 03:39:19 INFO mapred.Task: Final Counters for attempt_local1472459067_0004_r_000002_0: Counters: 29
	File System Counters
		FILE: Number of bytes read=207599084
		FILE: Number of bytes written=213245953
		FILE: Number of read operations=0
		FILE: Number of large read operations=0
		FILE: Number of write operations=0
		HDFS: Number of bytes read=146761161
		HDFS: Number of bytes written=3469
		HDFS: Number of read operations=198
		HDFS: Number of large read operations=0
		HDFS: Number of write operations=66
	Map-Reduce Framework
		Combine input records=0
		Combine output records=0
		Reduce input groups=1
		Reduce shuffle bytes=4731000
		Reduce input records=87611
		Reduce output records=1
		Spilled Records=87611
		Shuffled Maps =1
		Failed Shuffles=0
		Merged Map outputs=1
		GC time elapsed (ms)=0
		Total committed heap usage (bytes)=352845824
	Shuffle Errors
		BAD_ID=0
		CONNECTION=0
		IO_ERROR=0
		WRONG_LENGTH=0
		WRONG_MAP=0
		WRONG_REDUCE=0
	File Output Format Counters 
		Bytes Written=103
26/03/02 03:39:19 INFO mapred.LocalJobRunner: Finishing task: attempt_local1472459067_0004_r_000002_0
26/03/02 03:39:19 INFO mapred.LocalJobRunner: Starting task: attempt_local1472459067_0004_r_000003_0
26/03/02 03:39:19 INFO output.FileOutputCommitter: File Output Committer Algorithm version is 1
26/03/02 03:39:19 INFO mapred.Task:  Using ResourceCalculatorProcessTree : [ ]
26/03/02 03:39:19 INFO mapred.ReduceTask: Using ShuffleConsumerPlugin: org.apache.hadoop.mapreduce.task.reduce.Shuffle@71fcbaaf
26/03/02 03:39:19 INFO reduce.MergeManagerImpl: MergerManager: memoryLimit=334338464, maxSingleShuffleLimit=83584616, mergeThreshold=220663392, ioSortFactor=10, memToMemMergeOutputsThreshold=10
26/03/02 03:39:19 INFO reduce.EventFetcher: attempt_local1472459067_0004_r_000003_0 Thread started: EventFetcher for fetching Map Completion Events
26/03/02 03:39:19 INFO reduce.LocalFetcher: localfetcher#16 about to shuffle output of map attempt_local1472459067_0004_m_000000_0 decomp: 4514996 len: 4515000 to MEMORY
26/03/02 03:39:19 INFO reduce.InMemoryMapOutput: Read 4514996 bytes from map-output for attempt_local1472459067_0004_m_000000_0
26/03/02 03:39:19 INFO reduce.MergeManagerImpl: closeInMemoryFile -> map-output of size: 4514996, inMemoryMapOutputs.size() -> 1, commitMemory -> 0, usedMemory ->4514996
26/03/02 03:39:19 INFO reduce.EventFetcher: EventFetcher is interrupted.. Returning
26/03/02 03:39:19 INFO mapred.LocalJobRunner: 1 / 1 copied.
26/03/02 03:39:19 INFO reduce.MergeManagerImpl: finalMerge called with 1 in-memory map-outputs and 0 on-disk map-outputs
26/03/02 03:39:19 INFO mapred.Merger: Merging 1 sorted segments
26/03/02 03:39:19 INFO mapred.Merger: Down to the last merge-pass, with 1 segments left of total size: 4514990 bytes
26/03/02 03:39:19 INFO reduce.MergeManagerImpl: Merged 1 segments, 4514996 bytes to disk to satisfy reduce memory limit
26/03/02 03:39:19 INFO reduce.MergeManagerImpl: Merging 1 files, 4515000 bytes from disk
26/03/02 03:39:19 INFO reduce.MergeManagerImpl: Merging 0 segments, 0 bytes from memory into reduce
26/03/02 03:39:19 INFO mapred.Merger: Merging 1 sorted segments
26/03/02 03:39:19 INFO mapred.Merger: Down to the last merge-pass, with 1 segments left of total size: 4514990 bytes
26/03/02 03:39:19 INFO mapred.LocalJobRunner: 1 / 1 copied.
26/03/02 03:39:19 INFO mapred.Task: Task:attempt_local1472459067_0004_r_000003_0 is done. And is in the process of committing
26/03/02 03:39:19 INFO mapred.LocalJobRunner: 1 / 1 copied.
26/03/02 03:39:19 INFO mapred.Task: Task attempt_local1472459067_0004_r_000003_0 is allowed to commit now
26/03/02 03:39:19 INFO output.FileOutputCommitter: Saved output of task 'attempt_local1472459067_0004_r_000003_0' to hdfs://localhost:9000/project2/task2/runs_report_plus/scale500k_basic/iter_4/_temporary/0/task_local1472459067_0004_r_000003
26/03/02 03:39:19 INFO mapred.LocalJobRunner: reduce > reduce
26/03/02 03:39:19 INFO mapred.Task: Task 'attempt_local1472459067_0004_r_000003_0' done.
26/03/02 03:39:19 INFO mapred.Task: Final Counters for attempt_local1472459067_0004_r_000003_0: Counters: 29
	File System Counters
		FILE: Number of bytes read=216629188
		FILE: Number of bytes written=217760953
		FILE: Number of read operations=0
		FILE: Number of large read operations=0
		FILE: Number of write operations=0
		HDFS: Number of bytes read=146761161
		HDFS: Number of bytes written=3571
		HDFS: Number of read operations=201
		HDFS: Number of large read operations=0
		HDFS: Number of write operations=68
	Map-Reduce Framework
		Combine input records=0
		Combine output records=0
		Reduce input groups=1
		Reduce shuffle bytes=4515000
		Reduce input records=83611
		Reduce output records=1
		Spilled Records=83611
		Shuffled Maps =1
		Failed Shuffles=0
		Merged Map outputs=1
		GC time elapsed (ms)=0
		Total committed heap usage (bytes)=352845824
	Shuffle Errors
		BAD_ID=0
		CONNECTION=0
		IO_ERROR=0
		WRONG_LENGTH=0
		WRONG_MAP=0
		WRONG_REDUCE=0
	File Output Format Counters 
		Bytes Written=102
26/03/02 03:39:19 INFO mapred.LocalJobRunner: Finishing task: attempt_local1472459067_0004_r_000003_0
26/03/02 03:39:19 INFO mapred.LocalJobRunner: reduce task executor complete.
26/03/02 03:39:20 INFO mapreduce.Job:  map 100% reduce 100%
26/03/02 03:39:20 INFO mapreduce.Job: Job job_local1472459067_0004 completed successfully
26/03/02 03:39:20 INFO mapreduce.Job: Counters: 35
	File System Counters
		FILE: Number of bytes read=969094908
		FILE: Number of bytes written=1031792045
		FILE: Number of read operations=0
		FILE: Number of large read operations=0
		FILE: Number of write operations=0
		HDFS: Number of bytes read=733805805
		HDFS: Number of bytes written=16725
		HDFS: Number of read operations=975
		HDFS: Number of large read operations=0
		HDFS: Number of write operations=320
	Map-Reduce Framework
		Map input records=500000
		Map output records=500000
		Map output bytes=26000000
		Map output materialized bytes=27000024
		Input split bytes=123
		Combine input records=0
		Combine output records=0
		Reduce input groups=5
		Reduce shuffle bytes=27000024
		Reduce input records=500000
		Reduce output records=5
		Spilled Records=1000000
		Shuffled Maps =4
		Failed Shuffles=0
		Merged Map outputs=4
		GC time elapsed (ms)=85
		Total committed heap usage (bytes)=1763704832
	Shuffle Errors
		BAD_ID=0
		CONNECTION=0
		IO_ERROR=0
		WRONG_LENGTH=0
		WRONG_MAP=0
		WRONG_REDUCE=0
	File Input Format Counters 
		Bytes Read=36688385
	File Output Format Counters 
		Bytes Written=514
26/03/02 03:39:20 INFO jvm.JvmMetrics: Cannot initialize JVM Metrics with processName=JobTracker, sessionId= - already initialized
26/03/02 03:39:20 WARN mapreduce.JobResourceUploader: Hadoop command-line option parsing not performed. Implement the Tool interface and execute your application with ToolRunner to remedy this.
26/03/02 03:39:20 INFO input.FileInputFormat: Total input paths to process : 1
26/03/02 03:39:20 INFO mapreduce.JobSubmitter: number of splits:1
26/03/02 03:39:20 INFO mapreduce.JobSubmitter: Submitting tokens for job: job_local705482409_0005
26/03/02 03:39:20 INFO mapred.LocalDistributedCacheManager: Creating symlink: /tmp/hadoop-ds503/mapred/local/1772422760826/centers_iter_4.csv <- /home/ds503/centers_iter_4.csv
26/03/02 03:39:20 INFO mapred.LocalDistributedCacheManager: Localized hdfs://localhost:9000/project2/task2/runs_report_plus/scale500k_basic/centers_iter_4.csv as file:/tmp/hadoop-ds503/mapred/local/1772422760826/centers_iter_4.csv
26/03/02 03:39:20 INFO mapreduce.Job: The url to track the job: http://localhost:8080/
26/03/02 03:39:20 INFO mapreduce.Job: Running job: job_local705482409_0005
26/03/02 03:39:20 INFO mapred.LocalJobRunner: OutputCommitter set in config null
26/03/02 03:39:20 INFO output.FileOutputCommitter: File Output Committer Algorithm version is 1
26/03/02 03:39:20 INFO mapred.LocalJobRunner: OutputCommitter is org.apache.hadoop.mapreduce.lib.output.FileOutputCommitter
26/03/02 03:39:20 INFO mapred.LocalJobRunner: Waiting for map tasks
26/03/02 03:39:20 INFO mapred.LocalJobRunner: Starting task: attempt_local705482409_0005_m_000000_0
26/03/02 03:39:20 INFO output.FileOutputCommitter: File Output Committer Algorithm version is 1
26/03/02 03:39:20 INFO mapred.Task:  Using ResourceCalculatorProcessTree : [ ]
26/03/02 03:39:20 INFO mapred.MapTask: Processing split: hdfs://localhost:9000/project2/task2/input/points_500k.csv:0+36688385
26/03/02 03:39:20 INFO mapred.MapTask: (EQUATOR) 0 kvi 26214396(104857584)
26/03/02 03:39:20 INFO mapred.MapTask: mapreduce.task.io.sort.mb: 100
26/03/02 03:39:20 INFO mapred.MapTask: soft limit at 83886080
26/03/02 03:39:20 INFO mapred.MapTask: bufstart = 0; bufvoid = 104857600
26/03/02 03:39:20 INFO mapred.MapTask: kvstart = 26214396; length = 6553600
26/03/02 03:39:20 INFO mapred.MapTask: Map output collector class = org.apache.hadoop.mapred.MapTask$MapOutputBuffer
26/03/02 03:39:21 INFO mapred.LocalJobRunner: 
26/03/02 03:39:21 INFO mapred.MapTask: Starting flush of map output
26/03/02 03:39:21 INFO mapred.MapTask: Spilling map output
26/03/02 03:39:21 INFO mapred.MapTask: bufstart = 0; bufend = 26000000; bufvoid = 104857600
26/03/02 03:39:21 INFO mapred.MapTask: kvstart = 26214396(104857584); kvend = 24214400(96857600); length = 1999997/6553600
26/03/02 03:39:21 INFO mapred.MapTask: Finished spill 0
26/03/02 03:39:21 INFO mapred.Task: Task:attempt_local705482409_0005_m_000000_0 is done. And is in the process of committing
26/03/02 03:39:21 INFO mapred.LocalJobRunner: map
26/03/02 03:39:21 INFO mapred.Task: Task 'attempt_local705482409_0005_m_000000_0' done.
26/03/02 03:39:21 INFO mapred.Task: Final Counters for attempt_local705482409_0005_m_000000_0: Counters: 22
	File System Counters
		FILE: Number of bytes read=216773745
		FILE: Number of bytes written=245200771
		FILE: Number of read operations=0
		FILE: Number of large read operations=0
		FILE: Number of write operations=0
		HDFS: Number of bytes read=183451710
		HDFS: Number of bytes written=3949
		HDFS: Number of read operations=245
		HDFS: Number of large read operations=0
		HDFS: Number of write operations=78
	Map-Reduce Framework
		Map input records=500000
		Map output records=500000
		Map output bytes=26000000
		Map output materialized bytes=27000024
		Input split bytes=123
		Combine input records=0
		Spilled Records=500000
		Failed Shuffles=0
		Merged Map outputs=0
		GC time elapsed (ms)=12
		Total committed heap usage (bytes)=459276288
	File Input Format Counters 
		Bytes Read=36688385
26/03/02 03:39:21 INFO mapred.LocalJobRunner: Finishing task: attempt_local705482409_0005_m_000000_0
26/03/02 03:39:21 INFO mapred.LocalJobRunner: map task executor complete.
26/03/02 03:39:21 INFO mapred.LocalJobRunner: Waiting for reduce tasks
26/03/02 03:39:21 INFO mapred.LocalJobRunner: Starting task: attempt_local705482409_0005_r_000000_0
26/03/02 03:39:21 INFO output.FileOutputCommitter: File Output Committer Algorithm version is 1
26/03/02 03:39:21 INFO mapred.Task:  Using ResourceCalculatorProcessTree : [ ]
26/03/02 03:39:21 INFO mapred.ReduceTask: Using ShuffleConsumerPlugin: org.apache.hadoop.mapreduce.task.reduce.Shuffle@6dc6ad07
26/03/02 03:39:21 INFO reduce.MergeManagerImpl: MergerManager: memoryLimit=334338464, maxSingleShuffleLimit=83584616, mergeThreshold=220663392, ioSortFactor=10, memToMemMergeOutputsThreshold=10
26/03/02 03:39:21 INFO reduce.EventFetcher: attempt_local705482409_0005_r_000000_0 Thread started: EventFetcher for fetching Map Completion Events
26/03/02 03:39:21 INFO reduce.LocalFetcher: localfetcher#17 about to shuffle output of map attempt_local705482409_0005_m_000000_0 decomp: 10740494 len: 10740498 to MEMORY
26/03/02 03:39:21 INFO reduce.InMemoryMapOutput: Read 10740494 bytes from map-output for attempt_local705482409_0005_m_000000_0
26/03/02 03:39:21 INFO reduce.MergeManagerImpl: closeInMemoryFile -> map-output of size: 10740494, inMemoryMapOutputs.size() -> 1, commitMemory -> 0, usedMemory ->10740494
26/03/02 03:39:21 INFO reduce.EventFetcher: EventFetcher is interrupted.. Returning
26/03/02 03:39:21 INFO mapred.LocalJobRunner: 1 / 1 copied.
26/03/02 03:39:21 INFO reduce.MergeManagerImpl: finalMerge called with 1 in-memory map-outputs and 0 on-disk map-outputs
26/03/02 03:39:21 INFO mapred.Merger: Merging 1 sorted segments
26/03/02 03:39:21 INFO mapred.Merger: Down to the last merge-pass, with 1 segments left of total size: 10740488 bytes
26/03/02 03:39:21 INFO reduce.MergeManagerImpl: Merged 1 segments, 10740494 bytes to disk to satisfy reduce memory limit
26/03/02 03:39:21 INFO reduce.MergeManagerImpl: Merging 1 files, 10740498 bytes from disk
26/03/02 03:39:21 INFO reduce.MergeManagerImpl: Merging 0 segments, 0 bytes from memory into reduce
26/03/02 03:39:21 INFO mapred.Merger: Merging 1 sorted segments
26/03/02 03:39:21 INFO mapred.Merger: Down to the last merge-pass, with 1 segments left of total size: 10740488 bytes
26/03/02 03:39:21 INFO mapred.LocalJobRunner: 1 / 1 copied.
26/03/02 03:39:21 INFO mapreduce.Job: Job job_local705482409_0005 running in uber mode : false
26/03/02 03:39:21 INFO mapreduce.Job:  map 100% reduce 0%
26/03/02 03:39:21 INFO mapred.Task: Task:attempt_local705482409_0005_r_000000_0 is done. And is in the process of committing
26/03/02 03:39:21 INFO mapred.LocalJobRunner: 1 / 1 copied.
26/03/02 03:39:21 INFO mapred.Task: Task attempt_local705482409_0005_r_000000_0 is allowed to commit now
26/03/02 03:39:21 INFO output.FileOutputCommitter: Saved output of task 'attempt_local705482409_0005_r_000000_0' to hdfs://localhost:9000/project2/task2/runs_report_plus/scale500k_basic/iter_5/_temporary/0/task_local705482409_0005_r_000000
26/03/02 03:39:21 INFO mapred.LocalJobRunner: reduce > reduce
26/03/02 03:39:21 INFO mapred.Task: Task 'attempt_local705482409_0005_r_000000_0' done.
26/03/02 03:39:21 INFO mapred.Task: Final Counters for attempt_local705482409_0005_r_000000_0: Counters: 29
	File System Counters
		FILE: Number of bytes read=238258937
		FILE: Number of bytes written=255941269
		FILE: Number of read operations=0
		FILE: Number of large read operations=0
		FILE: Number of write operations=0
		HDFS: Number of bytes read=183451710
		HDFS: Number of bytes written=4154
		HDFS: Number of read operations=248
		HDFS: Number of large read operations=0
		HDFS: Number of write operations=80
	Map-Reduce Framework
		Combine input records=0
		Combine output records=0
		Reduce input groups=2
		Reduce shuffle bytes=10740498
		Reduce input records=198898
		Reduce output records=2
		Spilled Records=198898
		Shuffled Maps =1
		Failed Shuffles=0
		Merged Map outputs=1
		GC time elapsed (ms)=2
		Total committed heap usage (bytes)=460324864
	Shuffle Errors
		BAD_ID=0
		CONNECTION=0
		IO_ERROR=0
		WRONG_LENGTH=0
		WRONG_MAP=0
		WRONG_REDUCE=0
	File Output Format Counters 
		Bytes Written=205
26/03/02 03:39:21 INFO mapred.LocalJobRunner: Finishing task: attempt_local705482409_0005_r_000000_0
26/03/02 03:39:21 INFO mapred.LocalJobRunner: Starting task: attempt_local705482409_0005_r_000001_0
26/03/02 03:39:21 INFO output.FileOutputCommitter: File Output Committer Algorithm version is 1
26/03/02 03:39:21 INFO mapred.Task:  Using ResourceCalculatorProcessTree : [ ]
26/03/02 03:39:21 INFO mapred.ReduceTask: Using ShuffleConsumerPlugin: org.apache.hadoop.mapreduce.task.reduce.Shuffle@7aca7b21
26/03/02 03:39:21 INFO reduce.MergeManagerImpl: MergerManager: memoryLimit=334338464, maxSingleShuffleLimit=83584616, mergeThreshold=220663392, ioSortFactor=10, memToMemMergeOutputsThreshold=10
26/03/02 03:39:21 INFO reduce.EventFetcher: attempt_local705482409_0005_r_000001_0 Thread started: EventFetcher for fetching Map Completion Events
26/03/02 03:39:21 INFO reduce.LocalFetcher: localfetcher#18 about to shuffle output of map attempt_local705482409_0005_m_000000_0 decomp: 6634658 len: 6634662 to MEMORY
26/03/02 03:39:21 INFO reduce.InMemoryMapOutput: Read 6634658 bytes from map-output for attempt_local705482409_0005_m_000000_0
26/03/02 03:39:21 INFO reduce.MergeManagerImpl: closeInMemoryFile -> map-output of size: 6634658, inMemoryMapOutputs.size() -> 1, commitMemory -> 0, usedMemory ->6634658
26/03/02 03:39:21 INFO reduce.EventFetcher: EventFetcher is interrupted.. Returning
26/03/02 03:39:21 INFO mapred.LocalJobRunner: 1 / 1 copied.
26/03/02 03:39:21 INFO reduce.MergeManagerImpl: finalMerge called with 1 in-memory map-outputs and 0 on-disk map-outputs
26/03/02 03:39:21 INFO mapred.Merger: Merging 1 sorted segments
26/03/02 03:39:21 INFO mapred.Merger: Down to the last merge-pass, with 1 segments left of total size: 6634652 bytes
26/03/02 03:39:21 INFO reduce.MergeManagerImpl: Merged 1 segments, 6634658 bytes to disk to satisfy reduce memory limit
26/03/02 03:39:21 INFO reduce.MergeManagerImpl: Merging 1 files, 6634662 bytes from disk
26/03/02 03:39:21 INFO reduce.MergeManagerImpl: Merging 0 segments, 0 bytes from memory into reduce
26/03/02 03:39:21 INFO mapred.Merger: Merging 1 sorted segments
26/03/02 03:39:21 INFO mapred.Merger: Down to the last merge-pass, with 1 segments left of total size: 6634652 bytes
26/03/02 03:39:21 INFO mapred.LocalJobRunner: 1 / 1 copied.
26/03/02 03:39:21 INFO mapred.Task: Task:attempt_local705482409_0005_r_000001_0 is done. And is in the process of committing
26/03/02 03:39:21 INFO mapred.LocalJobRunner: 1 / 1 copied.
26/03/02 03:39:21 INFO mapred.Task: Task attempt_local705482409_0005_r_000001_0 is allowed to commit now
26/03/02 03:39:21 INFO output.FileOutputCommitter: Saved output of task 'attempt_local705482409_0005_r_000001_0' to hdfs://localhost:9000/project2/task2/runs_report_plus/scale500k_basic/iter_5/_temporary/0/task_local705482409_0005_r_000001
26/03/02 03:39:21 INFO mapred.LocalJobRunner: reduce > reduce
26/03/02 03:39:21 INFO mapred.Task: Task 'attempt_local705482409_0005_r_000001_0' done.
26/03/02 03:39:21 INFO mapred.Task: Final Counters for attempt_local705482409_0005_r_000001_0: Counters: 29
	File System Counters
		FILE: Number of bytes read=251532457
		FILE: Number of bytes written=262575931
		FILE: Number of read operations=0
		FILE: Number of large read operations=0
		FILE: Number of write operations=0
		HDFS: Number of bytes read=183451710
		HDFS: Number of bytes written=4257
		HDFS: Number of read operations=251
		HDFS: Number of large read operations=0
		HDFS: Number of write operations=82
	Map-Reduce Framework
		Combine input records=0
		Combine output records=0
		Reduce input groups=1
		Reduce shuffle bytes=6634662
		Reduce input records=122864
		Reduce output records=1
		Spilled Records=122864
		Shuffled Maps =1
		Failed Shuffles=0
		Merged Map outputs=1
		GC time elapsed (ms)=0
		Total committed heap usage (bytes)=460324864
	Shuffle Errors
		BAD_ID=0
		CONNECTION=0
		IO_ERROR=0
		WRONG_LENGTH=0
		WRONG_MAP=0
		WRONG_REDUCE=0
	File Output Format Counters 
		Bytes Written=103
26/03/02 03:39:21 INFO mapred.LocalJobRunner: Finishing task: attempt_local705482409_0005_r_000001_0
26/03/02 03:39:21 INFO mapred.LocalJobRunner: Starting task: attempt_local705482409_0005_r_000002_0
26/03/02 03:39:21 INFO output.FileOutputCommitter: File Output Committer Algorithm version is 1
26/03/02 03:39:21 INFO mapred.Task:  Using ResourceCalculatorProcessTree : [ ]
26/03/02 03:39:21 INFO mapred.ReduceTask: Using ShuffleConsumerPlugin: org.apache.hadoop.mapreduce.task.reduce.Shuffle@2c8c4e2
26/03/02 03:39:21 INFO reduce.MergeManagerImpl: MergerManager: memoryLimit=334338464, maxSingleShuffleLimit=83584616, mergeThreshold=220663392, ioSortFactor=10, memToMemMergeOutputsThreshold=10
26/03/02 03:39:21 INFO reduce.EventFetcher: attempt_local705482409_0005_r_000002_0 Thread started: EventFetcher for fetching Map Completion Events
26/03/02 03:39:21 INFO reduce.LocalFetcher: localfetcher#19 about to shuffle output of map attempt_local705482409_0005_m_000000_0 decomp: 4800602 len: 4800606 to MEMORY
26/03/02 03:39:21 INFO reduce.InMemoryMapOutput: Read 4800602 bytes from map-output for attempt_local705482409_0005_m_000000_0
26/03/02 03:39:21 INFO reduce.MergeManagerImpl: closeInMemoryFile -> map-output of size: 4800602, inMemoryMapOutputs.size() -> 1, commitMemory -> 0, usedMemory ->4800602
26/03/02 03:39:21 INFO reduce.EventFetcher: EventFetcher is interrupted.. Returning
26/03/02 03:39:21 INFO mapred.LocalJobRunner: 1 / 1 copied.
26/03/02 03:39:21 INFO reduce.MergeManagerImpl: finalMerge called with 1 in-memory map-outputs and 0 on-disk map-outputs
26/03/02 03:39:21 INFO mapred.Merger: Merging 1 sorted segments
26/03/02 03:39:21 INFO mapred.Merger: Down to the last merge-pass, with 1 segments left of total size: 4800596 bytes
26/03/02 03:39:22 INFO reduce.MergeManagerImpl: Merged 1 segments, 4800602 bytes to disk to satisfy reduce memory limit
26/03/02 03:39:22 INFO reduce.MergeManagerImpl: Merging 1 files, 4800606 bytes from disk
26/03/02 03:39:22 INFO reduce.MergeManagerImpl: Merging 0 segments, 0 bytes from memory into reduce
26/03/02 03:39:22 INFO mapred.Merger: Merging 1 sorted segments
26/03/02 03:39:22 INFO mapred.Merger: Down to the last merge-pass, with 1 segments left of total size: 4800596 bytes
26/03/02 03:39:22 INFO mapred.LocalJobRunner: 1 / 1 copied.
26/03/02 03:39:22 INFO mapred.Task: Task:attempt_local705482409_0005_r_000002_0 is done. And is in the process of committing
26/03/02 03:39:22 INFO mapred.LocalJobRunner: 1 / 1 copied.
26/03/02 03:39:22 INFO mapred.Task: Task attempt_local705482409_0005_r_000002_0 is allowed to commit now
26/03/02 03:39:22 INFO output.FileOutputCommitter: Saved output of task 'attempt_local705482409_0005_r_000002_0' to hdfs://localhost:9000/project2/task2/runs_report_plus/scale500k_basic/iter_5/_temporary/0/task_local705482409_0005_r_000002
26/03/02 03:39:22 INFO mapred.LocalJobRunner: reduce > reduce
26/03/02 03:39:22 INFO mapred.Task: Task 'attempt_local705482409_0005_r_000002_0' done.
26/03/02 03:39:22 INFO mapred.Task: Final Counters for attempt_local705482409_0005_r_000002_0: Counters: 29
	File System Counters
		FILE: Number of bytes read=261137865
		FILE: Number of bytes written=267376537
		FILE: Number of read operations=0
		FILE: Number of large read operations=0
		FILE: Number of write operations=0
		HDFS: Number of bytes read=183451710
		HDFS: Number of bytes written=4360
		HDFS: Number of read operations=254
		HDFS: Number of large read operations=0
		HDFS: Number of write operations=84
	Map-Reduce Framework
		Combine input records=0
		Combine output records=0
		Reduce input groups=1
		Reduce shuffle bytes=4800606
		Reduce input records=88900
		Reduce output records=1
		Spilled Records=88900
		Shuffled Maps =1
		Failed Shuffles=0
		Merged Map outputs=1
		GC time elapsed (ms)=0
		Total committed heap usage (bytes)=460324864
	Shuffle Errors
		BAD_ID=0
		CONNECTION=0
		IO_ERROR=0
		WRONG_LENGTH=0
		WRONG_MAP=0
		WRONG_REDUCE=0
	File Output Format Counters 
		Bytes Written=103
26/03/02 03:39:22 INFO mapred.LocalJobRunner: Finishing task: attempt_local705482409_0005_r_000002_0
26/03/02 03:39:22 INFO mapred.LocalJobRunner: Starting task: attempt_local705482409_0005_r_000003_0
26/03/02 03:39:22 INFO output.FileOutputCommitter: File Output Committer Algorithm version is 1
26/03/02 03:39:22 INFO mapred.Task:  Using ResourceCalculatorProcessTree : [ ]
26/03/02 03:39:22 INFO mapred.ReduceTask: Using ShuffleConsumerPlugin: org.apache.hadoop.mapreduce.task.reduce.Shuffle@6ba9c3ab
26/03/02 03:39:22 INFO reduce.MergeManagerImpl: MergerManager: memoryLimit=334338464, maxSingleShuffleLimit=83584616, mergeThreshold=220663392, ioSortFactor=10, memToMemMergeOutputsThreshold=10
26/03/02 03:39:22 INFO reduce.EventFetcher: attempt_local705482409_0005_r_000003_0 Thread started: EventFetcher for fetching Map Completion Events
26/03/02 03:39:22 INFO reduce.LocalFetcher: localfetcher#20 about to shuffle output of map attempt_local705482409_0005_m_000000_0 decomp: 4824254 len: 4824258 to MEMORY
26/03/02 03:39:22 INFO reduce.InMemoryMapOutput: Read 4824254 bytes from map-output for attempt_local705482409_0005_m_000000_0
26/03/02 03:39:22 INFO reduce.MergeManagerImpl: closeInMemoryFile -> map-output of size: 4824254, inMemoryMapOutputs.size() -> 1, commitMemory -> 0, usedMemory ->4824254
26/03/02 03:39:22 INFO reduce.EventFetcher: EventFetcher is interrupted.. Returning
26/03/02 03:39:22 INFO mapred.LocalJobRunner: 1 / 1 copied.
26/03/02 03:39:22 INFO reduce.MergeManagerImpl: finalMerge called with 1 in-memory map-outputs and 0 on-disk map-outputs
26/03/02 03:39:22 INFO mapred.Merger: Merging 1 sorted segments
26/03/02 03:39:22 INFO mapred.Merger: Down to the last merge-pass, with 1 segments left of total size: 4824248 bytes
26/03/02 03:39:22 INFO reduce.MergeManagerImpl: Merged 1 segments, 4824254 bytes to disk to satisfy reduce memory limit
26/03/02 03:39:22 INFO reduce.MergeManagerImpl: Merging 1 files, 4824258 bytes from disk
26/03/02 03:39:22 INFO reduce.MergeManagerImpl: Merging 0 segments, 0 bytes from memory into reduce
26/03/02 03:39:22 INFO mapred.Merger: Merging 1 sorted segments
26/03/02 03:39:22 INFO mapred.Merger: Down to the last merge-pass, with 1 segments left of total size: 4824248 bytes
26/03/02 03:39:22 INFO mapred.LocalJobRunner: 1 / 1 copied.
26/03/02 03:39:22 INFO mapred.Task: Task:attempt_local705482409_0005_r_000003_0 is done. And is in the process of committing
26/03/02 03:39:22 INFO mapred.LocalJobRunner: 1 / 1 copied.
26/03/02 03:39:22 INFO mapred.Task: Task attempt_local705482409_0005_r_000003_0 is allowed to commit now
26/03/02 03:39:22 INFO output.FileOutputCommitter: Saved output of task 'attempt_local705482409_0005_r_000003_0' to hdfs://localhost:9000/project2/task2/runs_report_plus/scale500k_basic/iter_5/_temporary/0/task_local705482409_0005_r_000003
26/03/02 03:39:22 INFO mapred.LocalJobRunner: reduce > reduce
26/03/02 03:39:22 INFO mapred.Task: Task 'attempt_local705482409_0005_r_000003_0' done.
26/03/02 03:39:22 INFO mapred.Task: Final Counters for attempt_local705482409_0005_r_000003_0: Counters: 29
	File System Counters
		FILE: Number of bytes read=270786485
		FILE: Number of bytes written=272200795
		FILE: Number of read operations=0
		FILE: Number of large read operations=0
		FILE: Number of write operations=0
		HDFS: Number of bytes read=183451710
		HDFS: Number of bytes written=4463
		HDFS: Number of read operations=257
		HDFS: Number of large read operations=0
		HDFS: Number of write operations=86
	Map-Reduce Framework
		Combine input records=0
		Combine output records=0
		Reduce input groups=1
		Reduce shuffle bytes=4824258
		Reduce input records=89338
		Reduce output records=1
		Spilled Records=89338
		Shuffled Maps =1
		Failed Shuffles=0
		Merged Map outputs=1
		GC time elapsed (ms)=0
		Total committed heap usage (bytes)=460324864
	Shuffle Errors
		BAD_ID=0
		CONNECTION=0
		IO_ERROR=0
		WRONG_LENGTH=0
		WRONG_MAP=0
		WRONG_REDUCE=0
	File Output Format Counters 
		Bytes Written=103
26/03/02 03:39:22 INFO mapred.LocalJobRunner: Finishing task: attempt_local705482409_0005_r_000003_0
26/03/02 03:39:22 INFO mapred.LocalJobRunner: reduce task executor complete.
26/03/02 03:39:22 INFO mapreduce.Job:  map 100% reduce 100%
26/03/02 03:39:22 INFO mapreduce.Job: Job job_local705482409_0005 completed successfully
26/03/02 03:39:22 INFO mapreduce.Job: Counters: 35
	File System Counters
		FILE: Number of bytes read=1238489489
		FILE: Number of bytes written=1303295303
		FILE: Number of read operations=0
		FILE: Number of large read operations=0
		FILE: Number of write operations=0
		HDFS: Number of bytes read=917258550
		HDFS: Number of bytes written=21183
		HDFS: Number of read operations=1255
		HDFS: Number of large read operations=0
		HDFS: Number of write operations=410
	Map-Reduce Framework
		Map input records=500000
		Map output records=500000
		Map output bytes=26000000
		Map output materialized bytes=27000024
		Input split bytes=123
		Combine input records=0
		Combine output records=0
		Reduce input groups=5
		Reduce shuffle bytes=27000024
		Reduce input records=500000
		Reduce output records=5
		Spilled Records=1000000
		Shuffled Maps =4
		Failed Shuffles=0
		Merged Map outputs=4
		GC time elapsed (ms)=14
		Total committed heap usage (bytes)=2300575744
	Shuffle Errors
		BAD_ID=0
		CONNECTION=0
		IO_ERROR=0
		WRONG_LENGTH=0
		WRONG_MAP=0
		WRONG_REDUCE=0
	File Input Format Counters 
		Bytes Read=36688385
	File Output Format Counters 
		Bytes Written=514
26/03/02 03:39:22 INFO jvm.JvmMetrics: Cannot initialize JVM Metrics with processName=JobTracker, sessionId= - already initialized
26/03/02 03:39:22 WARN mapreduce.JobResourceUploader: Hadoop command-line option parsing not performed. Implement the Tool interface and execute your application with ToolRunner to remedy this.
26/03/02 03:39:22 INFO input.FileInputFormat: Total input paths to process : 1
26/03/02 03:39:22 INFO mapreduce.JobSubmitter: number of splits:1
26/03/02 03:39:22 INFO mapreduce.JobSubmitter: Submitting tokens for job: job_local1395426250_0006
26/03/02 03:39:22 INFO mapred.LocalDistributedCacheManager: Creating symlink: /tmp/hadoop-ds503/mapred/local/1772422762943/centers_iter_5.csv <- /home/ds503/centers_iter_5.csv
26/03/02 03:39:22 INFO mapred.LocalDistributedCacheManager: Localized hdfs://localhost:9000/project2/task2/runs_report_plus/scale500k_basic/centers_iter_5.csv as file:/tmp/hadoop-ds503/mapred/local/1772422762943/centers_iter_5.csv
26/03/02 03:39:23 INFO mapreduce.Job: The url to track the job: http://localhost:8080/
26/03/02 03:39:23 INFO mapreduce.Job: Running job: job_local1395426250_0006
26/03/02 03:39:23 INFO mapred.LocalJobRunner: OutputCommitter set in config null
26/03/02 03:39:23 INFO output.FileOutputCommitter: File Output Committer Algorithm version is 1
26/03/02 03:39:23 INFO mapred.LocalJobRunner: OutputCommitter is org.apache.hadoop.mapreduce.lib.output.FileOutputCommitter
26/03/02 03:39:23 INFO mapred.LocalJobRunner: Waiting for map tasks
26/03/02 03:39:23 INFO mapred.LocalJobRunner: Starting task: attempt_local1395426250_0006_m_000000_0
26/03/02 03:39:23 INFO output.FileOutputCommitter: File Output Committer Algorithm version is 1
26/03/02 03:39:23 INFO mapred.Task:  Using ResourceCalculatorProcessTree : [ ]
26/03/02 03:39:23 INFO mapred.MapTask: Processing split: hdfs://localhost:9000/project2/task2/input/points_500k.csv:0+36688385
26/03/02 03:39:23 INFO mapred.MapTask: (EQUATOR) 0 kvi 26214396(104857584)
26/03/02 03:39:23 INFO mapred.MapTask: mapreduce.task.io.sort.mb: 100
26/03/02 03:39:23 INFO mapred.MapTask: soft limit at 83886080
26/03/02 03:39:23 INFO mapred.MapTask: bufstart = 0; bufvoid = 104857600
26/03/02 03:39:23 INFO mapred.MapTask: kvstart = 26214396; length = 6553600
26/03/02 03:39:23 INFO mapred.MapTask: Map output collector class = org.apache.hadoop.mapred.MapTask$MapOutputBuffer
26/03/02 03:39:23 INFO mapred.LocalJobRunner: 
26/03/02 03:39:23 INFO mapred.MapTask: Starting flush of map output
26/03/02 03:39:23 INFO mapred.MapTask: Spilling map output
26/03/02 03:39:23 INFO mapred.MapTask: bufstart = 0; bufend = 26000000; bufvoid = 104857600
26/03/02 03:39:23 INFO mapred.MapTask: kvstart = 26214396(104857584); kvend = 24214400(96857600); length = 1999997/6553600
26/03/02 03:39:24 INFO mapreduce.Job: Job job_local1395426250_0006 running in uber mode : false
26/03/02 03:39:24 INFO mapreduce.Job:  map 0% reduce 0%
26/03/02 03:39:24 INFO mapred.MapTask: Finished spill 0
26/03/02 03:39:24 INFO mapred.Task: Task:attempt_local1395426250_0006_m_000000_0 is done. And is in the process of committing
26/03/02 03:39:24 INFO mapred.LocalJobRunner: map
26/03/02 03:39:24 INFO mapred.Task: Task 'attempt_local1395426250_0006_m_000000_0' done.
26/03/02 03:39:24 INFO mapred.Task: Final Counters for attempt_local1395426250_0006_m_000000_0: Counters: 22
	File System Counters
		FILE: Number of bytes read=270931042
		FILE: Number of bytes written=299642197
		FILE: Number of read operations=0
		FILE: Number of large read operations=0
		FILE: Number of write operations=0
		HDFS: Number of bytes read=220142253
		HDFS: Number of bytes written=4839
		HDFS: Number of read operations=301
		HDFS: Number of large read operations=0
		HDFS: Number of write operations=96
	Map-Reduce Framework
		Map input records=500000
		Map output records=500000
		Map output bytes=26000000
		Map output materialized bytes=27000024
		Input split bytes=123
		Combine input records=0
		Spilled Records=500000
		Failed Shuffles=0
		Merged Map outputs=0
		GC time elapsed (ms)=14
		Total committed heap usage (bytes)=534249472
	File Input Format Counters 
		Bytes Read=36688385
26/03/02 03:39:24 INFO mapred.LocalJobRunner: Finishing task: attempt_local1395426250_0006_m_000000_0
26/03/02 03:39:24 INFO mapred.LocalJobRunner: map task executor complete.
26/03/02 03:39:24 INFO mapred.LocalJobRunner: Waiting for reduce tasks
26/03/02 03:39:24 INFO mapred.LocalJobRunner: Starting task: attempt_local1395426250_0006_r_000000_0
26/03/02 03:39:24 INFO output.FileOutputCommitter: File Output Committer Algorithm version is 1
26/03/02 03:39:24 INFO mapred.Task:  Using ResourceCalculatorProcessTree : [ ]
26/03/02 03:39:24 INFO mapred.ReduceTask: Using ShuffleConsumerPlugin: org.apache.hadoop.mapreduce.task.reduce.Shuffle@6e4e9191
26/03/02 03:39:24 INFO reduce.MergeManagerImpl: MergerManager: memoryLimit=373974624, maxSingleShuffleLimit=93493656, mergeThreshold=246823264, ioSortFactor=10, memToMemMergeOutputsThreshold=10
26/03/02 03:39:24 INFO reduce.EventFetcher: attempt_local1395426250_0006_r_000000_0 Thread started: EventFetcher for fetching Map Completion Events
26/03/02 03:39:24 INFO reduce.LocalFetcher: localfetcher#21 about to shuffle output of map attempt_local1395426250_0006_m_000000_0 decomp: 10700480 len: 10700484 to MEMORY
26/03/02 03:39:24 INFO reduce.InMemoryMapOutput: Read 10700480 bytes from map-output for attempt_local1395426250_0006_m_000000_0
26/03/02 03:39:24 INFO reduce.MergeManagerImpl: closeInMemoryFile -> map-output of size: 10700480, inMemoryMapOutputs.size() -> 1, commitMemory -> 0, usedMemory ->10700480
26/03/02 03:39:24 INFO reduce.EventFetcher: EventFetcher is interrupted.. Returning
26/03/02 03:39:24 INFO mapred.LocalJobRunner: 1 / 1 copied.
26/03/02 03:39:24 INFO reduce.MergeManagerImpl: finalMerge called with 1 in-memory map-outputs and 0 on-disk map-outputs
26/03/02 03:39:24 INFO mapred.Merger: Merging 1 sorted segments
26/03/02 03:39:24 INFO mapred.Merger: Down to the last merge-pass, with 1 segments left of total size: 10700474 bytes
26/03/02 03:39:24 INFO reduce.MergeManagerImpl: Merged 1 segments, 10700480 bytes to disk to satisfy reduce memory limit
26/03/02 03:39:24 INFO reduce.MergeManagerImpl: Merging 1 files, 10700484 bytes from disk
26/03/02 03:39:24 INFO reduce.MergeManagerImpl: Merging 0 segments, 0 bytes from memory into reduce
26/03/02 03:39:24 INFO mapred.Merger: Merging 1 sorted segments
26/03/02 03:39:24 INFO mapred.Merger: Down to the last merge-pass, with 1 segments left of total size: 10700474 bytes
26/03/02 03:39:24 INFO mapred.LocalJobRunner: 1 / 1 copied.
26/03/02 03:39:24 INFO mapred.Task: Task:attempt_local1395426250_0006_r_000000_0 is done. And is in the process of committing
26/03/02 03:39:24 INFO mapred.LocalJobRunner: 1 / 1 copied.
26/03/02 03:39:24 INFO mapred.Task: Task attempt_local1395426250_0006_r_000000_0 is allowed to commit now
26/03/02 03:39:24 INFO output.FileOutputCommitter: Saved output of task 'attempt_local1395426250_0006_r_000000_0' to hdfs://localhost:9000/project2/task2/runs_report_plus/scale500k_basic/iter_6/_temporary/0/task_local1395426250_0006_r_000000
26/03/02 03:39:24 INFO mapred.LocalJobRunner: reduce > reduce
26/03/02 03:39:24 INFO mapred.Task: Task 'attempt_local1395426250_0006_r_000000_0' done.
26/03/02 03:39:24 INFO mapred.Task: Final Counters for attempt_local1395426250_0006_r_000000_0: Counters: 29
	File System Counters
		FILE: Number of bytes read=292336206
		FILE: Number of bytes written=310342681
		FILE: Number of read operations=0
		FILE: Number of large read operations=0
		FILE: Number of write operations=0
		HDFS: Number of bytes read=220142253
		HDFS: Number of bytes written=5046
		HDFS: Number of read operations=304
		HDFS: Number of large read operations=0
		HDFS: Number of write operations=98
	Map-Reduce Framework
		Combine input records=0
		Combine output records=0
		Reduce input groups=2
		Reduce shuffle bytes=10700484
		Reduce input records=198157
		Reduce output records=2
		Spilled Records=198157
		Shuffled Maps =1
		Failed Shuffles=0
		Merged Map outputs=1
		GC time elapsed (ms)=1
		Total committed heap usage (bytes)=535298048
	Shuffle Errors
		BAD_ID=0
		CONNECTION=0
		IO_ERROR=0
		WRONG_LENGTH=0
		WRONG_MAP=0
		WRONG_REDUCE=0
	File Output Format Counters 
		Bytes Written=207
26/03/02 03:39:24 INFO mapred.LocalJobRunner: Finishing task: attempt_local1395426250_0006_r_000000_0
26/03/02 03:39:24 INFO mapred.LocalJobRunner: Starting task: attempt_local1395426250_0006_r_000001_0
26/03/02 03:39:24 INFO output.FileOutputCommitter: File Output Committer Algorithm version is 1
26/03/02 03:39:24 INFO mapred.Task:  Using ResourceCalculatorProcessTree : [ ]
26/03/02 03:39:24 INFO mapred.ReduceTask: Using ShuffleConsumerPlugin: org.apache.hadoop.mapreduce.task.reduce.Shuffle@3beca7ad
26/03/02 03:39:24 INFO reduce.MergeManagerImpl: MergerManager: memoryLimit=374708640, maxSingleShuffleLimit=93677160, mergeThreshold=247307712, ioSortFactor=10, memToMemMergeOutputsThreshold=10
26/03/02 03:39:24 INFO reduce.EventFetcher: attempt_local1395426250_0006_r_000001_0 Thread started: EventFetcher for fetching Map Completion Events
26/03/02 03:39:24 INFO reduce.LocalFetcher: localfetcher#22 about to shuffle output of map attempt_local1395426250_0006_m_000000_0 decomp: 6392036 len: 6392040 to MEMORY
26/03/02 03:39:24 INFO reduce.InMemoryMapOutput: Read 6392036 bytes from map-output for attempt_local1395426250_0006_m_000000_0
26/03/02 03:39:24 INFO reduce.MergeManagerImpl: closeInMemoryFile -> map-output of size: 6392036, inMemoryMapOutputs.size() -> 1, commitMemory -> 0, usedMemory ->6392036
26/03/02 03:39:24 INFO reduce.EventFetcher: EventFetcher is interrupted.. Returning
26/03/02 03:39:24 INFO mapred.LocalJobRunner: 1 / 1 copied.
26/03/02 03:39:24 INFO reduce.MergeManagerImpl: finalMerge called with 1 in-memory map-outputs and 0 on-disk map-outputs
26/03/02 03:39:24 INFO mapred.Merger: Merging 1 sorted segments
26/03/02 03:39:24 INFO mapred.Merger: Down to the last merge-pass, with 1 segments left of total size: 6392030 bytes
26/03/02 03:39:24 INFO reduce.MergeManagerImpl: Merged 1 segments, 6392036 bytes to disk to satisfy reduce memory limit
26/03/02 03:39:24 INFO reduce.MergeManagerImpl: Merging 1 files, 6392040 bytes from disk
26/03/02 03:39:24 INFO reduce.MergeManagerImpl: Merging 0 segments, 0 bytes from memory into reduce
26/03/02 03:39:24 INFO mapred.Merger: Merging 1 sorted segments
26/03/02 03:39:24 INFO mapred.Merger: Down to the last merge-pass, with 1 segments left of total size: 6392030 bytes
26/03/02 03:39:24 INFO mapred.LocalJobRunner: 1 / 1 copied.
26/03/02 03:39:24 INFO mapred.Task: Task:attempt_local1395426250_0006_r_000001_0 is done. And is in the process of committing
26/03/02 03:39:24 INFO mapred.LocalJobRunner: 1 / 1 copied.
26/03/02 03:39:24 INFO mapred.Task: Task attempt_local1395426250_0006_r_000001_0 is allowed to commit now
26/03/02 03:39:24 INFO output.FileOutputCommitter: Saved output of task 'attempt_local1395426250_0006_r_000001_0' to hdfs://localhost:9000/project2/task2/runs_report_plus/scale500k_basic/iter_6/_temporary/0/task_local1395426250_0006_r_000001
26/03/02 03:39:24 INFO mapred.LocalJobRunner: reduce > reduce
26/03/02 03:39:24 INFO mapred.Task: Task 'attempt_local1395426250_0006_r_000001_0' done.
26/03/02 03:39:24 INFO mapred.Task: Final Counters for attempt_local1395426250_0006_r_000001_0: Counters: 29
	File System Counters
		FILE: Number of bytes read=305124482
		FILE: Number of bytes written=316734721
		FILE: Number of read operations=0
		FILE: Number of large read operations=0
		FILE: Number of write operations=0
		HDFS: Number of bytes read=220142253
		HDFS: Number of bytes written=5149
		HDFS: Number of read operations=307
		HDFS: Number of large read operations=0
		HDFS: Number of write operations=100
	Map-Reduce Framework
		Combine input records=0
		Combine output records=0
		Reduce input groups=1
		Reduce shuffle bytes=6392040
		Reduce input records=118371
		Reduce output records=1
		Spilled Records=118371
		Shuffled Maps =1
		Failed Shuffles=0
		Merged Map outputs=1
		GC time elapsed (ms)=0
		Total committed heap usage (bytes)=535298048
	Shuffle Errors
		BAD_ID=0
		CONNECTION=0
		IO_ERROR=0
		WRONG_LENGTH=0
		WRONG_MAP=0
		WRONG_REDUCE=0
	File Output Format Counters 
		Bytes Written=103
26/03/02 03:39:24 INFO mapred.LocalJobRunner: Finishing task: attempt_local1395426250_0006_r_000001_0
26/03/02 03:39:24 INFO mapred.LocalJobRunner: Starting task: attempt_local1395426250_0006_r_000002_0
26/03/02 03:39:24 INFO output.FileOutputCommitter: File Output Committer Algorithm version is 1
26/03/02 03:39:24 INFO mapred.Task:  Using ResourceCalculatorProcessTree : [ ]
26/03/02 03:39:24 INFO mapred.ReduceTask: Using ShuffleConsumerPlugin: org.apache.hadoop.mapreduce.task.reduce.Shuffle@436d1bc2
26/03/02 03:39:24 INFO reduce.MergeManagerImpl: MergerManager: memoryLimit=374708640, maxSingleShuffleLimit=93677160, mergeThreshold=247307712, ioSortFactor=10, memToMemMergeOutputsThreshold=10
26/03/02 03:39:24 INFO reduce.EventFetcher: attempt_local1395426250_0006_r_000002_0 Thread started: EventFetcher for fetching Map Completion Events
26/03/02 03:39:24 INFO reduce.LocalFetcher: localfetcher#23 about to shuffle output of map attempt_local1395426250_0006_m_000000_0 decomp: 4878362 len: 4878366 to MEMORY
26/03/02 03:39:24 INFO reduce.InMemoryMapOutput: Read 4878362 bytes from map-output for attempt_local1395426250_0006_m_000000_0
26/03/02 03:39:24 INFO reduce.MergeManagerImpl: closeInMemoryFile -> map-output of size: 4878362, inMemoryMapOutputs.size() -> 1, commitMemory -> 0, usedMemory ->4878362
26/03/02 03:39:24 INFO reduce.EventFetcher: EventFetcher is interrupted.. Returning
26/03/02 03:39:24 INFO mapred.LocalJobRunner: 1 / 1 copied.
26/03/02 03:39:24 INFO reduce.MergeManagerImpl: finalMerge called with 1 in-memory map-outputs and 0 on-disk map-outputs
26/03/02 03:39:24 INFO mapred.Merger: Merging 1 sorted segments
26/03/02 03:39:24 INFO mapred.Merger: Down to the last merge-pass, with 1 segments left of total size: 4878356 bytes
26/03/02 03:39:24 INFO reduce.MergeManagerImpl: Merged 1 segments, 4878362 bytes to disk to satisfy reduce memory limit
26/03/02 03:39:24 INFO reduce.MergeManagerImpl: Merging 1 files, 4878366 bytes from disk
26/03/02 03:39:24 INFO reduce.MergeManagerImpl: Merging 0 segments, 0 bytes from memory into reduce
26/03/02 03:39:24 INFO mapred.Merger: Merging 1 sorted segments
26/03/02 03:39:24 INFO mapred.Merger: Down to the last merge-pass, with 1 segments left of total size: 4878356 bytes
26/03/02 03:39:24 INFO mapred.LocalJobRunner: 1 / 1 copied.
26/03/02 03:39:24 INFO mapred.Task: Task:attempt_local1395426250_0006_r_000002_0 is done. And is in the process of committing
26/03/02 03:39:24 INFO mapred.LocalJobRunner: 1 / 1 copied.
26/03/02 03:39:24 INFO mapred.Task: Task attempt_local1395426250_0006_r_000002_0 is allowed to commit now
26/03/02 03:39:24 INFO output.FileOutputCommitter: Saved output of task 'attempt_local1395426250_0006_r_000002_0' to hdfs://localhost:9000/project2/task2/runs_report_plus/scale500k_basic/iter_6/_temporary/0/task_local1395426250_0006_r_000002
26/03/02 03:39:24 INFO mapred.LocalJobRunner: reduce > reduce
26/03/02 03:39:24 INFO mapred.Task: Task 'attempt_local1395426250_0006_r_000002_0' done.
26/03/02 03:39:24 INFO mapred.Task: Final Counters for attempt_local1395426250_0006_r_000002_0: Counters: 29
	File System Counters
		FILE: Number of bytes read=314885410
		FILE: Number of bytes written=321613087
		FILE: Number of read operations=0
		FILE: Number of large read operations=0
		FILE: Number of write operations=0
		HDFS: Number of bytes read=220142253
		HDFS: Number of bytes written=5253
		HDFS: Number of read operations=310
		HDFS: Number of large read operations=0
		HDFS: Number of write operations=102
	Map-Reduce Framework
		Combine input records=0
		Combine output records=0
		Reduce input groups=1
		Reduce shuffle bytes=4878366
		Reduce input records=90340
		Reduce output records=1
		Spilled Records=90340
		Shuffled Maps =1
		Failed Shuffles=0
		Merged Map outputs=1
		GC time elapsed (ms)=0
		Total committed heap usage (bytes)=535298048
	Shuffle Errors
		BAD_ID=0
		CONNECTION=0
		IO_ERROR=0
		WRONG_LENGTH=0
		WRONG_MAP=0
		WRONG_REDUCE=0
	File Output Format Counters 
		Bytes Written=104
26/03/02 03:39:24 INFO mapred.LocalJobRunner: Finishing task: attempt_local1395426250_0006_r_000002_0
26/03/02 03:39:24 INFO mapred.LocalJobRunner: Starting task: attempt_local1395426250_0006_r_000003_0
26/03/02 03:39:24 INFO output.FileOutputCommitter: File Output Committer Algorithm version is 1
26/03/02 03:39:24 INFO mapred.Task:  Using ResourceCalculatorProcessTree : [ ]
26/03/02 03:39:24 INFO mapred.ReduceTask: Using ShuffleConsumerPlugin: org.apache.hadoop.mapreduce.task.reduce.Shuffle@1f94810d
26/03/02 03:39:24 INFO reduce.MergeManagerImpl: MergerManager: memoryLimit=374708640, maxSingleShuffleLimit=93677160, mergeThreshold=247307712, ioSortFactor=10, memToMemMergeOutputsThreshold=10
26/03/02 03:39:24 INFO reduce.EventFetcher: attempt_local1395426250_0006_r_000003_0 Thread started: EventFetcher for fetching Map Completion Events
26/03/02 03:39:24 INFO reduce.LocalFetcher: localfetcher#24 about to shuffle output of map attempt_local1395426250_0006_m_000000_0 decomp: 5029130 len: 5029134 to MEMORY
26/03/02 03:39:24 INFO reduce.InMemoryMapOutput: Read 5029130 bytes from map-output for attempt_local1395426250_0006_m_000000_0
26/03/02 03:39:24 INFO reduce.MergeManagerImpl: closeInMemoryFile -> map-output of size: 5029130, inMemoryMapOutputs.size() -> 1, commitMemory -> 0, usedMemory ->5029130
26/03/02 03:39:24 INFO reduce.EventFetcher: EventFetcher is interrupted.. Returning
26/03/02 03:39:24 INFO mapred.LocalJobRunner: 1 / 1 copied.
26/03/02 03:39:24 INFO reduce.MergeManagerImpl: finalMerge called with 1 in-memory map-outputs and 0 on-disk map-outputs
26/03/02 03:39:24 INFO mapred.Merger: Merging 1 sorted segments
26/03/02 03:39:24 INFO mapred.Merger: Down to the last merge-pass, with 1 segments left of total size: 5029124 bytes
26/03/02 03:39:24 INFO reduce.MergeManagerImpl: Merged 1 segments, 5029130 bytes to disk to satisfy reduce memory limit
26/03/02 03:39:24 INFO reduce.MergeManagerImpl: Merging 1 files, 5029134 bytes from disk
26/03/02 03:39:24 INFO reduce.MergeManagerImpl: Merging 0 segments, 0 bytes from memory into reduce
26/03/02 03:39:24 INFO mapred.Merger: Merging 1 sorted segments
26/03/02 03:39:24 INFO mapred.Merger: Down to the last merge-pass, with 1 segments left of total size: 5029124 bytes
26/03/02 03:39:24 INFO mapred.LocalJobRunner: 1 / 1 copied.
26/03/02 03:39:24 INFO mapred.Task: Task:attempt_local1395426250_0006_r_000003_0 is done. And is in the process of committing
26/03/02 03:39:24 INFO mapred.LocalJobRunner: 1 / 1 copied.
26/03/02 03:39:24 INFO mapred.Task: Task attempt_local1395426250_0006_r_000003_0 is allowed to commit now
26/03/02 03:39:24 INFO output.FileOutputCommitter: Saved output of task 'attempt_local1395426250_0006_r_000003_0' to hdfs://localhost:9000/project2/task2/runs_report_plus/scale500k_basic/iter_6/_temporary/0/task_local1395426250_0006_r_000003
26/03/02 03:39:24 INFO mapred.LocalJobRunner: reduce > reduce
26/03/02 03:39:24 INFO mapred.Task: Task 'attempt_local1395426250_0006_r_000003_0' done.
26/03/02 03:39:24 INFO mapred.Task: Final Counters for attempt_local1395426250_0006_r_000003_0: Counters: 29
	File System Counters
		FILE: Number of bytes read=324943782
		FILE: Number of bytes written=326642221
		FILE: Number of read operations=0
		FILE: Number of large read operations=0
		FILE: Number of write operations=0
		HDFS: Number of bytes read=220142253
		HDFS: Number of bytes written=5357
		HDFS: Number of read operations=313
		HDFS: Number of large read operations=0
		HDFS: Number of write operations=104
	Map-Reduce Framework
		Combine input records=0
		Combine output records=0
		Reduce input groups=1
		Reduce shuffle bytes=5029134
		Reduce input records=93132
		Reduce output records=1
		Spilled Records=93132
		Shuffled Maps =1
		Failed Shuffles=0
		Merged Map outputs=1
		GC time elapsed (ms)=0
		Total committed heap usage (bytes)=535298048
	Shuffle Errors
		BAD_ID=0
		CONNECTION=0
		IO_ERROR=0
		WRONG_LENGTH=0
		WRONG_MAP=0
		WRONG_REDUCE=0
	File Output Format Counters 
		Bytes Written=104
26/03/02 03:39:24 INFO mapred.LocalJobRunner: Finishing task: attempt_local1395426250_0006_r_000003_0
26/03/02 03:39:24 INFO mapred.LocalJobRunner: reduce task executor complete.
26/03/02 03:39:25 INFO mapreduce.Job:  map 100% reduce 100%
26/03/02 03:39:25 INFO mapreduce.Job: Job job_local1395426250_0006 completed successfully
26/03/02 03:39:25 INFO mapreduce.Job: Counters: 35
	File System Counters
		FILE: Number of bytes read=1508220922
		FILE: Number of bytes written=1574974907
		FILE: Number of read operations=0
		FILE: Number of large read operations=0
		FILE: Number of write operations=0
		HDFS: Number of bytes read=1100711265
		HDFS: Number of bytes written=25644
		HDFS: Number of read operations=1535
		HDFS: Number of large read operations=0
		HDFS: Number of write operations=500
	Map-Reduce Framework
		Map input records=500000
		Map output records=500000
		Map output bytes=26000000
		Map output materialized bytes=27000024
		Input split bytes=123
		Combine input records=0
		Combine output records=0
		Reduce input groups=5
		Reduce shuffle bytes=27000024
		Reduce input records=500000
		Reduce output records=5
		Spilled Records=1000000
		Shuffled Maps =4
		Failed Shuffles=0
		Merged Map outputs=4
		GC time elapsed (ms)=15
		Total committed heap usage (bytes)=2675441664
	Shuffle Errors
		BAD_ID=0
		CONNECTION=0
		IO_ERROR=0
		WRONG_LENGTH=0
		WRONG_MAP=0
		WRONG_REDUCE=0
	File Input Format Counters 
		Bytes Read=36688385
	File Output Format Counters 
		Bytes Written=518
26/03/02 03:39:25 INFO jvm.JvmMetrics: Cannot initialize JVM Metrics with processName=JobTracker, sessionId= - already initialized
26/03/02 03:39:25 WARN mapreduce.JobResourceUploader: Hadoop command-line option parsing not performed. Implement the Tool interface and execute your application with ToolRunner to remedy this.
26/03/02 03:39:25 INFO input.FileInputFormat: Total input paths to process : 1
26/03/02 03:39:25 INFO mapreduce.JobSubmitter: number of splits:1
26/03/02 03:39:25 INFO mapreduce.JobSubmitter: Submitting tokens for job: job_local1611829590_0007
26/03/02 03:39:25 INFO mapred.LocalDistributedCacheManager: Creating symlink: /tmp/hadoop-ds503/mapred/local/1772422765077/centers_iter_6.csv <- /home/ds503/centers_iter_6.csv
26/03/02 03:39:25 INFO mapred.LocalDistributedCacheManager: Localized hdfs://localhost:9000/project2/task2/runs_report_plus/scale500k_basic/centers_iter_6.csv as file:/tmp/hadoop-ds503/mapred/local/1772422765077/centers_iter_6.csv
26/03/02 03:39:25 INFO mapreduce.Job: The url to track the job: http://localhost:8080/
26/03/02 03:39:25 INFO mapreduce.Job: Running job: job_local1611829590_0007
26/03/02 03:39:25 INFO mapred.LocalJobRunner: OutputCommitter set in config null
26/03/02 03:39:25 INFO output.FileOutputCommitter: File Output Committer Algorithm version is 1
26/03/02 03:39:25 INFO mapred.LocalJobRunner: OutputCommitter is org.apache.hadoop.mapreduce.lib.output.FileOutputCommitter
26/03/02 03:39:25 INFO mapred.LocalJobRunner: Waiting for map tasks
26/03/02 03:39:25 INFO mapred.LocalJobRunner: Starting task: attempt_local1611829590_0007_m_000000_0
26/03/02 03:39:25 INFO output.FileOutputCommitter: File Output Committer Algorithm version is 1
26/03/02 03:39:25 INFO mapred.Task:  Using ResourceCalculatorProcessTree : [ ]
26/03/02 03:39:25 INFO mapred.MapTask: Processing split: hdfs://localhost:9000/project2/task2/input/points_500k.csv:0+36688385
26/03/02 03:39:25 INFO mapred.MapTask: (EQUATOR) 0 kvi 26214396(104857584)
26/03/02 03:39:25 INFO mapred.MapTask: mapreduce.task.io.sort.mb: 100
26/03/02 03:39:25 INFO mapred.MapTask: soft limit at 83886080
26/03/02 03:39:25 INFO mapred.MapTask: bufstart = 0; bufvoid = 104857600
26/03/02 03:39:25 INFO mapred.MapTask: kvstart = 26214396; length = 6553600
26/03/02 03:39:25 INFO mapred.MapTask: Map output collector class = org.apache.hadoop.mapred.MapTask$MapOutputBuffer
26/03/02 03:39:25 INFO mapred.LocalJobRunner: 
26/03/02 03:39:25 INFO mapred.MapTask: Starting flush of map output
26/03/02 03:39:25 INFO mapred.MapTask: Spilling map output
26/03/02 03:39:25 INFO mapred.MapTask: bufstart = 0; bufend = 26000000; bufvoid = 104857600
26/03/02 03:39:25 INFO mapred.MapTask: kvstart = 26214396(104857584); kvend = 24214400(96857600); length = 1999997/6553600
26/03/02 03:39:26 INFO mapred.MapTask: Finished spill 0
26/03/02 03:39:26 INFO mapred.Task: Task:attempt_local1611829590_0007_m_000000_0 is done. And is in the process of committing
26/03/02 03:39:26 INFO mapred.LocalJobRunner: map
26/03/02 03:39:26 INFO mapred.Task: Task 'attempt_local1611829590_0007_m_000000_0' done.
26/03/02 03:39:26 INFO mapred.Task: Final Counters for attempt_local1611829590_0007_m_000000_0: Counters: 22
	File System Counters
		FILE: Number of bytes read=325088339
		FILE: Number of bytes written=354083626
		FILE: Number of read operations=0
		FILE: Number of large read operations=0
		FILE: Number of write operations=0
		HDFS: Number of bytes read=256832808
		HDFS: Number of bytes written=5736
		HDFS: Number of read operations=357
		HDFS: Number of large read operations=0
		HDFS: Number of write operations=114
	Map-Reduce Framework
		Map input records=500000
		Map output records=500000
		Map output bytes=26000000
		Map output materialized bytes=27000024
		Input split bytes=123
		Combine input records=0
		Spilled Records=500000
		Failed Shuffles=0
		Merged Map outputs=0
		GC time elapsed (ms)=80
		Total committed heap usage (bytes)=354418688
	File Input Format Counters 
		Bytes Read=36688385
26/03/02 03:39:26 INFO mapred.LocalJobRunner: Finishing task: attempt_local1611829590_0007_m_000000_0
26/03/02 03:39:26 INFO mapred.LocalJobRunner: map task executor complete.
26/03/02 03:39:26 INFO mapred.LocalJobRunner: Waiting for reduce tasks
26/03/02 03:39:26 INFO mapred.LocalJobRunner: Starting task: attempt_local1611829590_0007_r_000000_0
26/03/02 03:39:26 INFO output.FileOutputCommitter: File Output Committer Algorithm version is 1
26/03/02 03:39:26 INFO mapred.Task:  Using ResourceCalculatorProcessTree : [ ]
26/03/02 03:39:26 INFO mapred.ReduceTask: Using ShuffleConsumerPlugin: org.apache.hadoop.mapreduce.task.reduce.Shuffle@4424deba
26/03/02 03:39:26 INFO reduce.MergeManagerImpl: MergerManager: memoryLimit=334338464, maxSingleShuffleLimit=83584616, mergeThreshold=220663392, ioSortFactor=10, memToMemMergeOutputsThreshold=10
26/03/02 03:39:26 INFO reduce.EventFetcher: attempt_local1611829590_0007_r_000000_0 Thread started: EventFetcher for fetching Map Completion Events
26/03/02 03:39:26 INFO reduce.LocalFetcher: localfetcher#25 about to shuffle output of map attempt_local1611829590_0007_m_000000_0 decomp: 10668242 len: 10668246 to MEMORY
26/03/02 03:39:26 INFO reduce.InMemoryMapOutput: Read 10668242 bytes from map-output for attempt_local1611829590_0007_m_000000_0
26/03/02 03:39:26 INFO reduce.MergeManagerImpl: closeInMemoryFile -> map-output of size: 10668242, inMemoryMapOutputs.size() -> 1, commitMemory -> 0, usedMemory ->10668242
26/03/02 03:39:26 INFO reduce.EventFetcher: EventFetcher is interrupted.. Returning
26/03/02 03:39:26 INFO mapred.LocalJobRunner: 1 / 1 copied.
26/03/02 03:39:26 INFO reduce.MergeManagerImpl: finalMerge called with 1 in-memory map-outputs and 0 on-disk map-outputs
26/03/02 03:39:26 INFO mapred.Merger: Merging 1 sorted segments
26/03/02 03:39:26 INFO mapred.Merger: Down to the last merge-pass, with 1 segments left of total size: 10668236 bytes
26/03/02 03:39:26 INFO reduce.MergeManagerImpl: Merged 1 segments, 10668242 bytes to disk to satisfy reduce memory limit
26/03/02 03:39:26 INFO reduce.MergeManagerImpl: Merging 1 files, 10668246 bytes from disk
26/03/02 03:39:26 INFO reduce.MergeManagerImpl: Merging 0 segments, 0 bytes from memory into reduce
26/03/02 03:39:26 INFO mapred.Merger: Merging 1 sorted segments
26/03/02 03:39:26 INFO mapred.Merger: Down to the last merge-pass, with 1 segments left of total size: 10668236 bytes
26/03/02 03:39:26 INFO mapred.LocalJobRunner: 1 / 1 copied.
26/03/02 03:39:26 INFO mapreduce.Job: Job job_local1611829590_0007 running in uber mode : false
26/03/02 03:39:26 INFO mapreduce.Job:  map 100% reduce 0%
26/03/02 03:39:26 INFO mapred.Task: Task:attempt_local1611829590_0007_r_000000_0 is done. And is in the process of committing
26/03/02 03:39:26 INFO mapred.LocalJobRunner: 1 / 1 copied.
26/03/02 03:39:26 INFO mapred.Task: Task attempt_local1611829590_0007_r_000000_0 is allowed to commit now
26/03/02 03:39:26 INFO output.FileOutputCommitter: Saved output of task 'attempt_local1611829590_0007_r_000000_0' to hdfs://localhost:9000/project2/task2/runs_report_plus/scale500k_basic/iter_7/_temporary/0/task_local1611829590_0007_r_000000
26/03/02 03:39:26 INFO mapred.LocalJobRunner: reduce > reduce
26/03/02 03:39:26 INFO mapred.Task: Task 'attempt_local1611829590_0007_r_000000_0' done.
26/03/02 03:39:26 INFO mapred.Task: Final Counters for attempt_local1611829590_0007_r_000000_0: Counters: 29
	File System Counters
		FILE: Number of bytes read=346429027
		FILE: Number of bytes written=364751872
		FILE: Number of read operations=0
		FILE: Number of large read operations=0
		FILE: Number of write operations=0
		HDFS: Number of bytes read=256832808
		HDFS: Number of bytes written=5940
		HDFS: Number of read operations=360
		HDFS: Number of large read operations=0
		HDFS: Number of write operations=116
	Map-Reduce Framework
		Combine input records=0
		Combine output records=0
		Reduce input groups=2
		Reduce shuffle bytes=10668246
		Reduce input records=197560
		Reduce output records=2
		Spilled Records=197560
		Shuffled Maps =1
		Failed Shuffles=0
		Merged Map outputs=1
		GC time elapsed (ms)=0
		Total committed heap usage (bytes)=354418688
	Shuffle Errors
		BAD_ID=0
		CONNECTION=0
		IO_ERROR=0
		WRONG_LENGTH=0
		WRONG_MAP=0
		WRONG_REDUCE=0
	File Output Format Counters 
		Bytes Written=204
26/03/02 03:39:26 INFO mapred.LocalJobRunner: Finishing task: attempt_local1611829590_0007_r_000000_0
26/03/02 03:39:26 INFO mapred.LocalJobRunner: Starting task: attempt_local1611829590_0007_r_000001_0
26/03/02 03:39:26 INFO output.FileOutputCommitter: File Output Committer Algorithm version is 1
26/03/02 03:39:26 INFO mapred.Task:  Using ResourceCalculatorProcessTree : [ ]
26/03/02 03:39:26 INFO mapred.ReduceTask: Using ShuffleConsumerPlugin: org.apache.hadoop.mapreduce.task.reduce.Shuffle@696decba
26/03/02 03:39:26 INFO reduce.MergeManagerImpl: MergerManager: memoryLimit=334338464, maxSingleShuffleLimit=83584616, mergeThreshold=220663392, ioSortFactor=10, memToMemMergeOutputsThreshold=10
26/03/02 03:39:26 INFO reduce.EventFetcher: attempt_local1611829590_0007_r_000001_0 Thread started: EventFetcher for fetching Map Completion Events
26/03/02 03:39:26 INFO reduce.LocalFetcher: localfetcher#26 about to shuffle output of map attempt_local1611829590_0007_m_000000_0 decomp: 6223502 len: 6223506 to MEMORY
26/03/02 03:39:26 INFO reduce.InMemoryMapOutput: Read 6223502 bytes from map-output for attempt_local1611829590_0007_m_000000_0
26/03/02 03:39:26 INFO reduce.MergeManagerImpl: closeInMemoryFile -> map-output of size: 6223502, inMemoryMapOutputs.size() -> 1, commitMemory -> 0, usedMemory ->6223502
26/03/02 03:39:26 INFO reduce.EventFetcher: EventFetcher is interrupted.. Returning
26/03/02 03:39:26 INFO mapred.LocalJobRunner: 1 / 1 copied.
26/03/02 03:39:26 INFO reduce.MergeManagerImpl: finalMerge called with 1 in-memory map-outputs and 0 on-disk map-outputs
26/03/02 03:39:26 INFO mapred.Merger: Merging 1 sorted segments
26/03/02 03:39:26 INFO mapred.Merger: Down to the last merge-pass, with 1 segments left of total size: 6223496 bytes
26/03/02 03:39:26 INFO reduce.MergeManagerImpl: Merged 1 segments, 6223502 bytes to disk to satisfy reduce memory limit
26/03/02 03:39:26 INFO reduce.MergeManagerImpl: Merging 1 files, 6223506 bytes from disk
26/03/02 03:39:26 INFO reduce.MergeManagerImpl: Merging 0 segments, 0 bytes from memory into reduce
26/03/02 03:39:26 INFO mapred.Merger: Merging 1 sorted segments
26/03/02 03:39:26 INFO mapred.Merger: Down to the last merge-pass, with 1 segments left of total size: 6223496 bytes
26/03/02 03:39:26 INFO mapred.LocalJobRunner: 1 / 1 copied.
26/03/02 03:39:26 INFO mapred.Task: Task:attempt_local1611829590_0007_r_000001_0 is done. And is in the process of committing
26/03/02 03:39:26 INFO mapred.LocalJobRunner: 1 / 1 copied.
26/03/02 03:39:26 INFO mapred.Task: Task attempt_local1611829590_0007_r_000001_0 is allowed to commit now
26/03/02 03:39:26 INFO output.FileOutputCommitter: Saved output of task 'attempt_local1611829590_0007_r_000001_0' to hdfs://localhost:9000/project2/task2/runs_report_plus/scale500k_basic/iter_7/_temporary/0/task_local1611829590_0007_r_000001
26/03/02 03:39:26 INFO mapred.LocalJobRunner: reduce > reduce
26/03/02 03:39:26 INFO mapred.Task: Task 'attempt_local1611829590_0007_r_000001_0' done.
26/03/02 03:39:26 INFO mapred.Task: Final Counters for attempt_local1611829590_0007_r_000001_0: Counters: 29
	File System Counters
		FILE: Number of bytes read=358880235
		FILE: Number of bytes written=370975378
		FILE: Number of read operations=0
		FILE: Number of large read operations=0
		FILE: Number of write operations=0
		HDFS: Number of bytes read=256832808
		HDFS: Number of bytes written=6042
		HDFS: Number of read operations=363
		HDFS: Number of large read operations=0
		HDFS: Number of write operations=118
	Map-Reduce Framework
		Combine input records=0
		Combine output records=0
		Reduce input groups=1
		Reduce shuffle bytes=6223506
		Reduce input records=115250
		Reduce output records=1
		Spilled Records=115250
		Shuffled Maps =1
		Failed Shuffles=0
		Merged Map outputs=1
		GC time elapsed (ms)=2
		Total committed heap usage (bytes)=354418688
	Shuffle Errors
		BAD_ID=0
		CONNECTION=0
		IO_ERROR=0
		WRONG_LENGTH=0
		WRONG_MAP=0
		WRONG_REDUCE=0
	File Output Format Counters 
		Bytes Written=102
26/03/02 03:39:26 INFO mapred.LocalJobRunner: Finishing task: attempt_local1611829590_0007_r_000001_0
26/03/02 03:39:26 INFO mapred.LocalJobRunner: Starting task: attempt_local1611829590_0007_r_000002_0
26/03/02 03:39:26 INFO output.FileOutputCommitter: File Output Committer Algorithm version is 1
26/03/02 03:39:26 INFO mapred.Task:  Using ResourceCalculatorProcessTree : [ ]
26/03/02 03:39:26 INFO mapred.ReduceTask: Using ShuffleConsumerPlugin: org.apache.hadoop.mapreduce.task.reduce.Shuffle@114698ed
26/03/02 03:39:26 INFO reduce.MergeManagerImpl: MergerManager: memoryLimit=334338464, maxSingleShuffleLimit=83584616, mergeThreshold=220663392, ioSortFactor=10, memToMemMergeOutputsThreshold=10
26/03/02 03:39:26 INFO reduce.EventFetcher: attempt_local1611829590_0007_r_000002_0 Thread started: EventFetcher for fetching Map Completion Events
26/03/02 03:39:26 INFO reduce.LocalFetcher: localfetcher#27 about to shuffle output of map attempt_local1611829590_0007_m_000000_0 decomp: 4946078 len: 4946082 to MEMORY
26/03/02 03:39:26 INFO reduce.InMemoryMapOutput: Read 4946078 bytes from map-output for attempt_local1611829590_0007_m_000000_0
26/03/02 03:39:26 INFO reduce.MergeManagerImpl: closeInMemoryFile -> map-output of size: 4946078, inMemoryMapOutputs.size() -> 1, commitMemory -> 0, usedMemory ->4946078
26/03/02 03:39:26 INFO reduce.EventFetcher: EventFetcher is interrupted.. Returning
26/03/02 03:39:26 INFO mapred.LocalJobRunner: 1 / 1 copied.
26/03/02 03:39:26 INFO reduce.MergeManagerImpl: finalMerge called with 1 in-memory map-outputs and 0 on-disk map-outputs
26/03/02 03:39:26 INFO mapred.Merger: Merging 1 sorted segments
26/03/02 03:39:26 INFO mapred.Merger: Down to the last merge-pass, with 1 segments left of total size: 4946072 bytes
26/03/02 03:39:26 INFO reduce.MergeManagerImpl: Merged 1 segments, 4946078 bytes to disk to satisfy reduce memory limit
26/03/02 03:39:26 INFO reduce.MergeManagerImpl: Merging 1 files, 4946082 bytes from disk
26/03/02 03:39:26 INFO reduce.MergeManagerImpl: Merging 0 segments, 0 bytes from memory into reduce
26/03/02 03:39:26 INFO mapred.Merger: Merging 1 sorted segments
26/03/02 03:39:26 INFO mapred.Merger: Down to the last merge-pass, with 1 segments left of total size: 4946072 bytes
26/03/02 03:39:26 INFO mapred.LocalJobRunner: 1 / 1 copied.
26/03/02 03:39:26 INFO mapred.Task: Task:attempt_local1611829590_0007_r_000002_0 is done. And is in the process of committing
26/03/02 03:39:26 INFO mapred.LocalJobRunner: 1 / 1 copied.
26/03/02 03:39:26 INFO mapred.Task: Task attempt_local1611829590_0007_r_000002_0 is allowed to commit now
26/03/02 03:39:26 INFO output.FileOutputCommitter: Saved output of task 'attempt_local1611829590_0007_r_000002_0' to hdfs://localhost:9000/project2/task2/runs_report_plus/scale500k_basic/iter_7/_temporary/0/task_local1611829590_0007_r_000002
26/03/02 03:39:26 INFO mapred.LocalJobRunner: reduce > reduce
26/03/02 03:39:26 INFO mapred.Task: Task 'attempt_local1611829590_0007_r_000002_0' done.
26/03/02 03:39:26 INFO mapred.Task: Final Counters for attempt_local1611829590_0007_r_000002_0: Counters: 29
	File System Counters
		FILE: Number of bytes read=368776595
		FILE: Number of bytes written=375921460
		FILE: Number of read operations=0
		FILE: Number of large read operations=0
		FILE: Number of write operations=0
		HDFS: Number of bytes read=256832808
		HDFS: Number of bytes written=6145
		HDFS: Number of read operations=366
		HDFS: Number of large read operations=0
		HDFS: Number of write operations=120
	Map-Reduce Framework
		Combine input records=0
		Combine output records=0
		Reduce input groups=1
		Reduce shuffle bytes=4946082
		Reduce input records=91594
		Reduce output records=1
		Spilled Records=91594
		Shuffled Maps =1
		Failed Shuffles=0
		Merged Map outputs=1
		GC time elapsed (ms)=0
		Total committed heap usage (bytes)=354418688
	Shuffle Errors
		BAD_ID=0
		CONNECTION=0
		IO_ERROR=0
		WRONG_LENGTH=0
		WRONG_MAP=0
		WRONG_REDUCE=0
	File Output Format Counters 
		Bytes Written=103
26/03/02 03:39:26 INFO mapred.LocalJobRunner: Finishing task: attempt_local1611829590_0007_r_000002_0
26/03/02 03:39:26 INFO mapred.LocalJobRunner: Starting task: attempt_local1611829590_0007_r_000003_0
26/03/02 03:39:26 INFO output.FileOutputCommitter: File Output Committer Algorithm version is 1
26/03/02 03:39:26 INFO mapred.Task:  Using ResourceCalculatorProcessTree : [ ]
26/03/02 03:39:26 INFO mapred.ReduceTask: Using ShuffleConsumerPlugin: org.apache.hadoop.mapreduce.task.reduce.Shuffle@6d7fe4c2
26/03/02 03:39:26 INFO reduce.MergeManagerImpl: MergerManager: memoryLimit=334338464, maxSingleShuffleLimit=83584616, mergeThreshold=220663392, ioSortFactor=10, memToMemMergeOutputsThreshold=10
26/03/02 03:39:26 INFO reduce.EventFetcher: attempt_local1611829590_0007_r_000003_0 Thread started: EventFetcher for fetching Map Completion Events
26/03/02 03:39:26 INFO reduce.LocalFetcher: localfetcher#28 about to shuffle output of map attempt_local1611829590_0007_m_000000_0 decomp: 5162186 len: 5162190 to MEMORY
26/03/02 03:39:26 INFO reduce.InMemoryMapOutput: Read 5162186 bytes from map-output for attempt_local1611829590_0007_m_000000_0
26/03/02 03:39:26 INFO reduce.MergeManagerImpl: closeInMemoryFile -> map-output of size: 5162186, inMemoryMapOutputs.size() -> 1, commitMemory -> 0, usedMemory ->5162186
26/03/02 03:39:26 INFO reduce.EventFetcher: EventFetcher is interrupted.. Returning
26/03/02 03:39:26 INFO mapred.LocalJobRunner: 1 / 1 copied.
26/03/02 03:39:26 INFO reduce.MergeManagerImpl: finalMerge called with 1 in-memory map-outputs and 0 on-disk map-outputs
26/03/02 03:39:26 INFO mapred.Merger: Merging 1 sorted segments
26/03/02 03:39:26 INFO mapred.Merger: Down to the last merge-pass, with 1 segments left of total size: 5162180 bytes
26/03/02 03:39:26 INFO reduce.MergeManagerImpl: Merged 1 segments, 5162186 bytes to disk to satisfy reduce memory limit
26/03/02 03:39:26 INFO reduce.MergeManagerImpl: Merging 1 files, 5162190 bytes from disk
26/03/02 03:39:26 INFO reduce.MergeManagerImpl: Merging 0 segments, 0 bytes from memory into reduce
26/03/02 03:39:26 INFO mapred.Merger: Merging 1 sorted segments
26/03/02 03:39:26 INFO mapred.Merger: Down to the last merge-pass, with 1 segments left of total size: 5162180 bytes
26/03/02 03:39:26 INFO mapred.LocalJobRunner: 1 / 1 copied.
26/03/02 03:39:26 INFO mapred.Task: Task:attempt_local1611829590_0007_r_000003_0 is done. And is in the process of committing
26/03/02 03:39:26 INFO mapred.LocalJobRunner: 1 / 1 copied.
26/03/02 03:39:26 INFO mapred.Task: Task attempt_local1611829590_0007_r_000003_0 is allowed to commit now
26/03/02 03:39:26 INFO output.FileOutputCommitter: Saved output of task 'attempt_local1611829590_0007_r_000003_0' to hdfs://localhost:9000/project2/task2/runs_report_plus/scale500k_basic/iter_7/_temporary/0/task_local1611829590_0007_r_000003
26/03/02 03:39:26 INFO mapred.LocalJobRunner: reduce > reduce
26/03/02 03:39:26 INFO mapred.Task: Task 'attempt_local1611829590_0007_r_000003_0' done.
26/03/02 03:39:26 INFO mapred.Task: Final Counters for attempt_local1611829590_0007_r_000003_0: Counters: 29
	File System Counters
		FILE: Number of bytes read=379101079
		FILE: Number of bytes written=381083650
		FILE: Number of read operations=0
		FILE: Number of large read operations=0
		FILE: Number of write operations=0
		HDFS: Number of bytes read=256832808
		HDFS: Number of bytes written=6247
		HDFS: Number of read operations=369
		HDFS: Number of large read operations=0
		HDFS: Number of write operations=122
	Map-Reduce Framework
		Combine input records=0
		Combine output records=0
		Reduce input groups=1
		Reduce shuffle bytes=5162190
		Reduce input records=95596
		Reduce output records=1
		Spilled Records=95596
		Shuffled Maps =1
		Failed Shuffles=0
		Merged Map outputs=1
		GC time elapsed (ms)=0
		Total committed heap usage (bytes)=354418688
	Shuffle Errors
		BAD_ID=0
		CONNECTION=0
		IO_ERROR=0
		WRONG_LENGTH=0
		WRONG_MAP=0
		WRONG_REDUCE=0
	File Output Format Counters 
		Bytes Written=102
26/03/02 03:39:26 INFO mapred.LocalJobRunner: Finishing task: attempt_local1611829590_0007_r_000003_0
26/03/02 03:39:26 INFO mapred.LocalJobRunner: reduce task executor complete.
26/03/02 03:39:27 INFO mapreduce.Job:  map 100% reduce 100%
26/03/02 03:39:27 INFO mapreduce.Job: Job job_local1611829590_0007 completed successfully
26/03/02 03:39:27 INFO mapreduce.Job: Counters: 35
	File System Counters
		FILE: Number of bytes read=1778275275
		FILE: Number of bytes written=1846815986
		FILE: Number of read operations=0
		FILE: Number of large read operations=0
		FILE: Number of write operations=0
		HDFS: Number of bytes read=1284164040
		HDFS: Number of bytes written=30110
		HDFS: Number of read operations=1815
		HDFS: Number of large read operations=0
		HDFS: Number of write operations=590
	Map-Reduce Framework
		Map input records=500000
		Map output records=500000
		Map output bytes=26000000
		Map output materialized bytes=27000024
		Input split bytes=123
		Combine input records=0
		Combine output records=0
		Reduce input groups=5
		Reduce shuffle bytes=27000024
		Reduce input records=500000
		Reduce output records=5
		Spilled Records=1000000
		Shuffled Maps =4
		Failed Shuffles=0
		Merged Map outputs=4
		GC time elapsed (ms)=82
		Total committed heap usage (bytes)=1772093440
	Shuffle Errors
		BAD_ID=0
		CONNECTION=0
		IO_ERROR=0
		WRONG_LENGTH=0
		WRONG_MAP=0
		WRONG_REDUCE=0
	File Input Format Counters 
		Bytes Read=36688385
	File Output Format Counters 
		Bytes Written=511
26/03/02 03:39:27 INFO jvm.JvmMetrics: Cannot initialize JVM Metrics with processName=JobTracker, sessionId= - already initialized
26/03/02 03:39:27 WARN mapreduce.JobResourceUploader: Hadoop command-line option parsing not performed. Implement the Tool interface and execute your application with ToolRunner to remedy this.
26/03/02 03:39:27 INFO input.FileInputFormat: Total input paths to process : 1
26/03/02 03:39:27 INFO mapreduce.JobSubmitter: number of splits:1
26/03/02 03:39:27 INFO mapreduce.JobSubmitter: Submitting tokens for job: job_local1837057535_0008
26/03/02 03:39:27 INFO mapred.LocalDistributedCacheManager: Creating symlink: /tmp/hadoop-ds503/mapred/local/1772422767167/centers_iter_7.csv <- /home/ds503/centers_iter_7.csv
26/03/02 03:39:27 INFO mapred.LocalDistributedCacheManager: Localized hdfs://localhost:9000/project2/task2/runs_report_plus/scale500k_basic/centers_iter_7.csv as file:/tmp/hadoop-ds503/mapred/local/1772422767167/centers_iter_7.csv
26/03/02 03:39:27 INFO mapreduce.Job: The url to track the job: http://localhost:8080/
26/03/02 03:39:27 INFO mapreduce.Job: Running job: job_local1837057535_0008
26/03/02 03:39:27 INFO mapred.LocalJobRunner: OutputCommitter set in config null
26/03/02 03:39:27 INFO output.FileOutputCommitter: File Output Committer Algorithm version is 1
26/03/02 03:39:27 INFO mapred.LocalJobRunner: OutputCommitter is org.apache.hadoop.mapreduce.lib.output.FileOutputCommitter
26/03/02 03:39:27 INFO mapred.LocalJobRunner: Waiting for map tasks
26/03/02 03:39:27 INFO mapred.LocalJobRunner: Starting task: attempt_local1837057535_0008_m_000000_0
26/03/02 03:39:27 INFO output.FileOutputCommitter: File Output Committer Algorithm version is 1
26/03/02 03:39:27 INFO mapred.Task:  Using ResourceCalculatorProcessTree : [ ]
26/03/02 03:39:27 INFO mapred.MapTask: Processing split: hdfs://localhost:9000/project2/task2/input/points_500k.csv:0+36688385
26/03/02 03:39:27 INFO mapred.MapTask: (EQUATOR) 0 kvi 26214396(104857584)
26/03/02 03:39:27 INFO mapred.MapTask: mapreduce.task.io.sort.mb: 100
26/03/02 03:39:27 INFO mapred.MapTask: soft limit at 83886080
26/03/02 03:39:27 INFO mapred.MapTask: bufstart = 0; bufvoid = 104857600
26/03/02 03:39:27 INFO mapred.MapTask: kvstart = 26214396; length = 6553600
26/03/02 03:39:27 INFO mapred.MapTask: Map output collector class = org.apache.hadoop.mapred.MapTask$MapOutputBuffer
26/03/02 03:39:27 INFO mapred.LocalJobRunner: 
26/03/02 03:39:27 INFO mapred.MapTask: Starting flush of map output
26/03/02 03:39:27 INFO mapred.MapTask: Spilling map output
26/03/02 03:39:27 INFO mapred.MapTask: bufstart = 0; bufend = 26000000; bufvoid = 104857600
26/03/02 03:39:27 INFO mapred.MapTask: kvstart = 26214396(104857584); kvend = 24214400(96857600); length = 1999997/6553600
26/03/02 03:39:28 INFO mapred.MapTask: Finished spill 0
26/03/02 03:39:28 INFO mapred.Task: Task:attempt_local1837057535_0008_m_000000_0 is done. And is in the process of committing
26/03/02 03:39:28 INFO mapred.LocalJobRunner: map
26/03/02 03:39:28 INFO mapred.Task: Task 'attempt_local1837057535_0008_m_000000_0' done.
26/03/02 03:39:28 INFO mapred.Task: Final Counters for attempt_local1837057535_0008_m_000000_0: Counters: 22
	File System Counters
		FILE: Number of bytes read=379245636
		FILE: Number of bytes written=408525051
		FILE: Number of read operations=0
		FILE: Number of large read operations=0
		FILE: Number of write operations=0
		HDFS: Number of bytes read=293523344
		HDFS: Number of bytes written=6622
		HDFS: Number of read operations=413
		HDFS: Number of large read operations=0
		HDFS: Number of write operations=132
	Map-Reduce Framework
		Map input records=500000
		Map output records=500000
		Map output bytes=26000000
		Map output materialized bytes=27000024
		Input split bytes=123
		Combine input records=0
		Spilled Records=500000
		Failed Shuffles=0
		Merged Map outputs=0
		GC time elapsed (ms)=12
		Total committed heap usage (bytes)=459276288
	File Input Format Counters 
		Bytes Read=36688385
26/03/02 03:39:28 INFO mapred.LocalJobRunner: Finishing task: attempt_local1837057535_0008_m_000000_0
26/03/02 03:39:28 INFO mapred.LocalJobRunner: map task executor complete.
26/03/02 03:39:28 INFO mapred.LocalJobRunner: Waiting for reduce tasks
26/03/02 03:39:28 INFO mapred.LocalJobRunner: Starting task: attempt_local1837057535_0008_r_000000_0
26/03/02 03:39:28 INFO output.FileOutputCommitter: File Output Committer Algorithm version is 1
26/03/02 03:39:28 INFO mapred.Task:  Using ResourceCalculatorProcessTree : [ ]
26/03/02 03:39:28 INFO mapred.ReduceTask: Using ShuffleConsumerPlugin: org.apache.hadoop.mapreduce.task.reduce.Shuffle@6933109a
26/03/02 03:39:28 INFO reduce.MergeManagerImpl: MergerManager: memoryLimit=334338464, maxSingleShuffleLimit=83584616, mergeThreshold=220663392, ioSortFactor=10, memToMemMergeOutputsThreshold=10
26/03/02 03:39:28 INFO reduce.EventFetcher: attempt_local1837057535_0008_r_000000_0 Thread started: EventFetcher for fetching Map Completion Events
26/03/02 03:39:28 INFO reduce.LocalFetcher: localfetcher#29 about to shuffle output of map attempt_local1837057535_0008_m_000000_0 decomp: 10657712 len: 10657716 to MEMORY
26/03/02 03:39:28 INFO reduce.InMemoryMapOutput: Read 10657712 bytes from map-output for attempt_local1837057535_0008_m_000000_0
26/03/02 03:39:28 INFO reduce.MergeManagerImpl: closeInMemoryFile -> map-output of size: 10657712, inMemoryMapOutputs.size() -> 1, commitMemory -> 0, usedMemory ->10657712
26/03/02 03:39:28 INFO reduce.EventFetcher: EventFetcher is interrupted.. Returning
26/03/02 03:39:28 INFO mapred.LocalJobRunner: 1 / 1 copied.
26/03/02 03:39:28 INFO reduce.MergeManagerImpl: finalMerge called with 1 in-memory map-outputs and 0 on-disk map-outputs
26/03/02 03:39:28 INFO mapred.Merger: Merging 1 sorted segments
26/03/02 03:39:28 INFO mapred.Merger: Down to the last merge-pass, with 1 segments left of total size: 10657706 bytes
26/03/02 03:39:28 INFO reduce.MergeManagerImpl: Merged 1 segments, 10657712 bytes to disk to satisfy reduce memory limit
26/03/02 03:39:28 INFO reduce.MergeManagerImpl: Merging 1 files, 10657716 bytes from disk
26/03/02 03:39:28 INFO reduce.MergeManagerImpl: Merging 0 segments, 0 bytes from memory into reduce
26/03/02 03:39:28 INFO mapred.Merger: Merging 1 sorted segments
26/03/02 03:39:28 INFO mapred.Merger: Down to the last merge-pass, with 1 segments left of total size: 10657706 bytes
26/03/02 03:39:28 INFO mapred.LocalJobRunner: 1 / 1 copied.
26/03/02 03:39:28 INFO mapred.Task: Task:attempt_local1837057535_0008_r_000000_0 is done. And is in the process of committing
26/03/02 03:39:28 INFO mapred.LocalJobRunner: 1 / 1 copied.
26/03/02 03:39:28 INFO mapred.Task: Task attempt_local1837057535_0008_r_000000_0 is allowed to commit now
26/03/02 03:39:28 INFO output.FileOutputCommitter: Saved output of task 'attempt_local1837057535_0008_r_000000_0' to hdfs://localhost:9000/project2/task2/runs_report_plus/scale500k_basic/iter_8/_temporary/0/task_local1837057535_0008_r_000000
26/03/02 03:39:28 INFO mapred.LocalJobRunner: reduce > reduce
26/03/02 03:39:28 INFO mapred.Task: Task 'attempt_local1837057535_0008_r_000000_0' done.
26/03/02 03:39:28 INFO mapred.Task: Final Counters for attempt_local1837057535_0008_r_000000_0: Counters: 29
	File System Counters
		FILE: Number of bytes read=400565264
		FILE: Number of bytes written=419182767
		FILE: Number of read operations=0
		FILE: Number of large read operations=0
		FILE: Number of write operations=0
		HDFS: Number of bytes read=293523344
		HDFS: Number of bytes written=6828
		HDFS: Number of read operations=416
		HDFS: Number of large read operations=0
		HDFS: Number of write operations=134
	Map-Reduce Framework
		Combine input records=0
		Combine output records=0
		Reduce input groups=2
		Reduce shuffle bytes=10657716
		Reduce input records=197365
		Reduce output records=2
		Spilled Records=197365
		Shuffled Maps =1
		Failed Shuffles=0
		Merged Map outputs=1
		GC time elapsed (ms)=0
		Total committed heap usage (bytes)=459276288
	Shuffle Errors
		BAD_ID=0
		CONNECTION=0
		IO_ERROR=0
		WRONG_LENGTH=0
		WRONG_MAP=0
		WRONG_REDUCE=0
	File Output Format Counters 
		Bytes Written=206
26/03/02 03:39:28 INFO mapred.LocalJobRunner: Finishing task: attempt_local1837057535_0008_r_000000_0
26/03/02 03:39:28 INFO mapred.LocalJobRunner: Starting task: attempt_local1837057535_0008_r_000001_0
26/03/02 03:39:28 INFO output.FileOutputCommitter: File Output Committer Algorithm version is 1
26/03/02 03:39:28 INFO mapred.Task:  Using ResourceCalculatorProcessTree : [ ]
26/03/02 03:39:28 INFO mapred.ReduceTask: Using ShuffleConsumerPlugin: org.apache.hadoop.mapreduce.task.reduce.Shuffle@570f8a74
26/03/02 03:39:28 INFO reduce.MergeManagerImpl: MergerManager: memoryLimit=334338464, maxSingleShuffleLimit=83584616, mergeThreshold=220663392, ioSortFactor=10, memToMemMergeOutputsThreshold=10
26/03/02 03:39:28 INFO reduce.EventFetcher: attempt_local1837057535_0008_r_000001_0 Thread started: EventFetcher for fetching Map Completion Events
26/03/02 03:39:28 INFO reduce.LocalFetcher: localfetcher#30 about to shuffle output of map attempt_local1837057535_0008_m_000000_0 decomp: 6095306 len: 6095310 to MEMORY
26/03/02 03:39:28 INFO reduce.InMemoryMapOutput: Read 6095306 bytes from map-output for attempt_local1837057535_0008_m_000000_0
26/03/02 03:39:28 INFO reduce.MergeManagerImpl: closeInMemoryFile -> map-output of size: 6095306, inMemoryMapOutputs.size() -> 1, commitMemory -> 0, usedMemory ->6095306
26/03/02 03:39:28 INFO reduce.EventFetcher: EventFetcher is interrupted.. Returning
26/03/02 03:39:28 INFO mapred.LocalJobRunner: 1 / 1 copied.
26/03/02 03:39:28 INFO reduce.MergeManagerImpl: finalMerge called with 1 in-memory map-outputs and 0 on-disk map-outputs
26/03/02 03:39:28 INFO mapred.Merger: Merging 1 sorted segments
26/03/02 03:39:28 INFO mapred.Merger: Down to the last merge-pass, with 1 segments left of total size: 6095300 bytes
26/03/02 03:39:28 INFO mapreduce.Job: Job job_local1837057535_0008 running in uber mode : false
26/03/02 03:39:28 INFO mapreduce.Job:  map 100% reduce 25%
26/03/02 03:39:28 INFO reduce.MergeManagerImpl: Merged 1 segments, 6095306 bytes to disk to satisfy reduce memory limit
26/03/02 03:39:28 INFO reduce.MergeManagerImpl: Merging 1 files, 6095310 bytes from disk
26/03/02 03:39:28 INFO reduce.MergeManagerImpl: Merging 0 segments, 0 bytes from memory into reduce
26/03/02 03:39:28 INFO mapred.Merger: Merging 1 sorted segments
26/03/02 03:39:28 INFO mapred.Merger: Down to the last merge-pass, with 1 segments left of total size: 6095300 bytes
26/03/02 03:39:28 INFO mapred.LocalJobRunner: 1 / 1 copied.
26/03/02 03:39:28 INFO mapred.Task: Task:attempt_local1837057535_0008_r_000001_0 is done. And is in the process of committing
26/03/02 03:39:28 INFO mapred.LocalJobRunner: 1 / 1 copied.
26/03/02 03:39:28 INFO mapred.Task: Task attempt_local1837057535_0008_r_000001_0 is allowed to commit now
26/03/02 03:39:28 INFO output.FileOutputCommitter: Saved output of task 'attempt_local1837057535_0008_r_000001_0' to hdfs://localhost:9000/project2/task2/runs_report_plus/scale500k_basic/iter_8/_temporary/0/task_local1837057535_0008_r_000001
26/03/02 03:39:28 INFO mapred.LocalJobRunner: reduce > reduce
26/03/02 03:39:28 INFO mapred.Task: Task 'attempt_local1837057535_0008_r_000001_0' done.
26/03/02 03:39:28 INFO mapred.Task: Final Counters for attempt_local1837057535_0008_r_000001_0: Counters: 29
	File System Counters
		FILE: Number of bytes read=412760080
		FILE: Number of bytes written=425278077
		FILE: Number of read operations=0
		FILE: Number of large read operations=0
		FILE: Number of write operations=0
		HDFS: Number of bytes read=293523344
		HDFS: Number of bytes written=6931
		HDFS: Number of read operations=419
		HDFS: Number of large read operations=0
		HDFS: Number of write operations=136
	Map-Reduce Framework
		Combine input records=0
		Combine output records=0
		Reduce input groups=1
		Reduce shuffle bytes=6095310
		Reduce input records=112876
		Reduce output records=1
		Spilled Records=112876
		Shuffled Maps =1
		Failed Shuffles=0
		Merged Map outputs=1
		GC time elapsed (ms)=0
		Total committed heap usage (bytes)=459276288
	Shuffle Errors
		BAD_ID=0
		CONNECTION=0
		IO_ERROR=0
		WRONG_LENGTH=0
		WRONG_MAP=0
		WRONG_REDUCE=0
	File Output Format Counters 
		Bytes Written=103
26/03/02 03:39:28 INFO mapred.LocalJobRunner: Finishing task: attempt_local1837057535_0008_r_000001_0
26/03/02 03:39:28 INFO mapred.LocalJobRunner: Starting task: attempt_local1837057535_0008_r_000002_0
26/03/02 03:39:28 INFO output.FileOutputCommitter: File Output Committer Algorithm version is 1
26/03/02 03:39:28 INFO mapred.Task:  Using ResourceCalculatorProcessTree : [ ]
26/03/02 03:39:28 INFO mapred.ReduceTask: Using ShuffleConsumerPlugin: org.apache.hadoop.mapreduce.task.reduce.Shuffle@2f8954ff
26/03/02 03:39:28 INFO reduce.MergeManagerImpl: MergerManager: memoryLimit=334338464, maxSingleShuffleLimit=83584616, mergeThreshold=220663392, ioSortFactor=10, memToMemMergeOutputsThreshold=10
26/03/02 03:39:28 INFO reduce.EventFetcher: attempt_local1837057535_0008_r_000002_0 Thread started: EventFetcher for fetching Map Completion Events
26/03/02 03:39:28 INFO reduce.LocalFetcher: localfetcher#31 about to shuffle output of map attempt_local1837057535_0008_m_000000_0 decomp: 5002616 len: 5002620 to MEMORY
26/03/02 03:39:28 INFO reduce.InMemoryMapOutput: Read 5002616 bytes from map-output for attempt_local1837057535_0008_m_000000_0
26/03/02 03:39:28 INFO reduce.MergeManagerImpl: closeInMemoryFile -> map-output of size: 5002616, inMemoryMapOutputs.size() -> 1, commitMemory -> 0, usedMemory ->5002616
26/03/02 03:39:28 INFO reduce.EventFetcher: EventFetcher is interrupted.. Returning
26/03/02 03:39:28 INFO mapred.LocalJobRunner: 1 / 1 copied.
26/03/02 03:39:28 INFO reduce.MergeManagerImpl: finalMerge called with 1 in-memory map-outputs and 0 on-disk map-outputs
26/03/02 03:39:28 INFO mapred.Merger: Merging 1 sorted segments
26/03/02 03:39:28 INFO mapred.Merger: Down to the last merge-pass, with 1 segments left of total size: 5002610 bytes
26/03/02 03:39:28 INFO reduce.MergeManagerImpl: Merged 1 segments, 5002616 bytes to disk to satisfy reduce memory limit
26/03/02 03:39:28 INFO reduce.MergeManagerImpl: Merging 1 files, 5002620 bytes from disk
26/03/02 03:39:28 INFO reduce.MergeManagerImpl: Merging 0 segments, 0 bytes from memory into reduce
26/03/02 03:39:28 INFO mapred.Merger: Merging 1 sorted segments
26/03/02 03:39:28 INFO mapred.Merger: Down to the last merge-pass, with 1 segments left of total size: 5002610 bytes
26/03/02 03:39:28 INFO mapred.LocalJobRunner: 1 / 1 copied.
26/03/02 03:39:28 INFO mapred.Task: Task:attempt_local1837057535_0008_r_000002_0 is done. And is in the process of committing
26/03/02 03:39:28 INFO mapred.LocalJobRunner: 1 / 1 copied.
26/03/02 03:39:28 INFO mapred.Task: Task attempt_local1837057535_0008_r_000002_0 is allowed to commit now
26/03/02 03:39:28 INFO output.FileOutputCommitter: Saved output of task 'attempt_local1837057535_0008_r_000002_0' to hdfs://localhost:9000/project2/task2/runs_report_plus/scale500k_basic/iter_8/_temporary/0/task_local1837057535_0008_r_000002
26/03/02 03:39:28 INFO mapred.LocalJobRunner: reduce > reduce
26/03/02 03:39:28 INFO mapred.Task: Task 'attempt_local1837057535_0008_r_000002_0' done.
26/03/02 03:39:28 INFO mapred.Task: Final Counters for attempt_local1837057535_0008_r_000002_0: Counters: 29
	File System Counters
		FILE: Number of bytes read=422769516
		FILE: Number of bytes written=430280697
		FILE: Number of read operations=0
		FILE: Number of large read operations=0
		FILE: Number of write operations=0
		HDFS: Number of bytes read=293523344
		HDFS: Number of bytes written=7034
		HDFS: Number of read operations=422
		HDFS: Number of large read operations=0
		HDFS: Number of write operations=138
	Map-Reduce Framework
		Combine input records=0
		Combine output records=0
		Reduce input groups=1
		Reduce shuffle bytes=5002620
		Reduce input records=92641
		Reduce output records=1
		Spilled Records=92641
		Shuffled Maps =1
		Failed Shuffles=0
		Merged Map outputs=1
		GC time elapsed (ms)=1
		Total committed heap usage (bytes)=460324864
	Shuffle Errors
		BAD_ID=0
		CONNECTION=0
		IO_ERROR=0
		WRONG_LENGTH=0
		WRONG_MAP=0
		WRONG_REDUCE=0
	File Output Format Counters 
		Bytes Written=103
26/03/02 03:39:28 INFO mapred.LocalJobRunner: Finishing task: attempt_local1837057535_0008_r_000002_0
26/03/02 03:39:28 INFO mapred.LocalJobRunner: Starting task: attempt_local1837057535_0008_r_000003_0
26/03/02 03:39:28 INFO output.FileOutputCommitter: File Output Committer Algorithm version is 1
26/03/02 03:39:28 INFO mapred.Task:  Using ResourceCalculatorProcessTree : [ ]
26/03/02 03:39:28 INFO mapred.ReduceTask: Using ShuffleConsumerPlugin: org.apache.hadoop.mapreduce.task.reduce.Shuffle@6d91683a
26/03/02 03:39:28 INFO reduce.MergeManagerImpl: MergerManager: memoryLimit=334338464, maxSingleShuffleLimit=83584616, mergeThreshold=220663392, ioSortFactor=10, memToMemMergeOutputsThreshold=10
26/03/02 03:39:28 INFO reduce.EventFetcher: attempt_local1837057535_0008_r_000003_0 Thread started: EventFetcher for fetching Map Completion Events
26/03/02 03:39:28 INFO reduce.LocalFetcher: localfetcher#32 about to shuffle output of map attempt_local1837057535_0008_m_000000_0 decomp: 5244374 len: 5244378 to MEMORY
26/03/02 03:39:28 INFO reduce.InMemoryMapOutput: Read 5244374 bytes from map-output for attempt_local1837057535_0008_m_000000_0
26/03/02 03:39:28 INFO reduce.MergeManagerImpl: closeInMemoryFile -> map-output of size: 5244374, inMemoryMapOutputs.size() -> 1, commitMemory -> 0, usedMemory ->5244374
26/03/02 03:39:28 INFO reduce.EventFetcher: EventFetcher is interrupted.. Returning
26/03/02 03:39:28 INFO mapred.LocalJobRunner: 1 / 1 copied.
26/03/02 03:39:28 INFO reduce.MergeManagerImpl: finalMerge called with 1 in-memory map-outputs and 0 on-disk map-outputs
26/03/02 03:39:28 INFO mapred.Merger: Merging 1 sorted segments
26/03/02 03:39:28 INFO mapred.Merger: Down to the last merge-pass, with 1 segments left of total size: 5244368 bytes
26/03/02 03:39:28 INFO reduce.MergeManagerImpl: Merged 1 segments, 5244374 bytes to disk to satisfy reduce memory limit
26/03/02 03:39:28 INFO reduce.MergeManagerImpl: Merging 1 files, 5244378 bytes from disk
26/03/02 03:39:28 INFO reduce.MergeManagerImpl: Merging 0 segments, 0 bytes from memory into reduce
26/03/02 03:39:28 INFO mapred.Merger: Merging 1 sorted segments
26/03/02 03:39:28 INFO mapred.Merger: Down to the last merge-pass, with 1 segments left of total size: 5244368 bytes
26/03/02 03:39:28 INFO mapred.LocalJobRunner: 1 / 1 copied.
26/03/02 03:39:28 INFO mapred.Task: Task:attempt_local1837057535_0008_r_000003_0 is done. And is in the process of committing
26/03/02 03:39:28 INFO mapred.LocalJobRunner: 1 / 1 copied.
26/03/02 03:39:28 INFO mapred.Task: Task attempt_local1837057535_0008_r_000003_0 is allowed to commit now
26/03/02 03:39:28 INFO output.FileOutputCommitter: Saved output of task 'attempt_local1837057535_0008_r_000003_0' to hdfs://localhost:9000/project2/task2/runs_report_plus/scale500k_basic/iter_8/_temporary/0/task_local1837057535_0008_r_000003
26/03/02 03:39:28 INFO mapred.LocalJobRunner: reduce > reduce
26/03/02 03:39:28 INFO mapred.Task: Task 'attempt_local1837057535_0008_r_000003_0' done.
26/03/02 03:39:28 INFO mapred.Task: Final Counters for attempt_local1837057535_0008_r_000003_0: Counters: 29
	File System Counters
		FILE: Number of bytes read=433258376
		FILE: Number of bytes written=435525075
		FILE: Number of read operations=0
		FILE: Number of large read operations=0
		FILE: Number of write operations=0
		HDFS: Number of bytes read=293523344
		HDFS: Number of bytes written=7137
		HDFS: Number of read operations=425
		HDFS: Number of large read operations=0
		HDFS: Number of write operations=140
	Map-Reduce Framework
		Combine input records=0
		Combine output records=0
		Reduce input groups=1
		Reduce shuffle bytes=5244378
		Reduce input records=97118
		Reduce output records=1
		Spilled Records=97118
		Shuffled Maps =1
		Failed Shuffles=0
		Merged Map outputs=1
		GC time elapsed (ms)=0
		Total committed heap usage (bytes)=460324864
	Shuffle Errors
		BAD_ID=0
		CONNECTION=0
		IO_ERROR=0
		WRONG_LENGTH=0
		WRONG_MAP=0
		WRONG_REDUCE=0
	File Output Format Counters 
		Bytes Written=103
26/03/02 03:39:28 INFO mapred.LocalJobRunner: Finishing task: attempt_local1837057535_0008_r_000003_0
26/03/02 03:39:28 INFO mapred.LocalJobRunner: reduce task executor complete.
26/03/02 03:39:29 INFO mapreduce.Job:  map 100% reduce 100%
26/03/02 03:39:29 INFO mapreduce.Job: Job job_local1837057535_0008 completed successfully
26/03/02 03:39:29 INFO mapreduce.Job: Counters: 35
	File System Counters
		FILE: Number of bytes read=2048598872
		FILE: Number of bytes written=2118791667
		FILE: Number of read operations=0
		FILE: Number of large read operations=0
		FILE: Number of write operations=0
		HDFS: Number of bytes read=1467616720
		HDFS: Number of bytes written=34552
		HDFS: Number of read operations=2095
		HDFS: Number of large read operations=0
		HDFS: Number of write operations=680
	Map-Reduce Framework
		Map input records=500000
		Map output records=500000
		Map output bytes=26000000
		Map output materialized bytes=27000024
		Input split bytes=123
		Combine input records=0
		Combine output records=0
		Reduce input groups=5
		Reduce shuffle bytes=27000024
		Reduce input records=500000
		Reduce output records=5
		Spilled Records=1000000
		Shuffled Maps =4
		Failed Shuffles=0
		Merged Map outputs=4
		GC time elapsed (ms)=13
		Total committed heap usage (bytes)=2298478592
	Shuffle Errors
		BAD_ID=0
		CONNECTION=0
		IO_ERROR=0
		WRONG_LENGTH=0
		WRONG_MAP=0
		WRONG_REDUCE=0
	File Input Format Counters 
		Bytes Read=36688385
	File Output Format Counters 
		Bytes Written=515
26/03/02 03:39:29 INFO jvm.JvmMetrics: Cannot initialize JVM Metrics with processName=JobTracker, sessionId= - already initialized
26/03/02 03:39:29 WARN mapreduce.JobResourceUploader: Hadoop command-line option parsing not performed. Implement the Tool interface and execute your application with ToolRunner to remedy this.
26/03/02 03:39:29 INFO input.FileInputFormat: Total input paths to process : 1
26/03/02 03:39:29 INFO mapreduce.JobSubmitter: number of splits:1
26/03/02 03:39:29 INFO mapreduce.JobSubmitter: Submitting tokens for job: job_local1146075124_0009
26/03/02 03:39:29 INFO mapred.LocalDistributedCacheManager: Creating symlink: /tmp/hadoop-ds503/mapred/local/1772422769250/centers_iter_8.csv <- /home/ds503/centers_iter_8.csv
26/03/02 03:39:29 INFO mapred.LocalDistributedCacheManager: Localized hdfs://localhost:9000/project2/task2/runs_report_plus/scale500k_basic/centers_iter_8.csv as file:/tmp/hadoop-ds503/mapred/local/1772422769250/centers_iter_8.csv
26/03/02 03:39:29 INFO mapreduce.Job: The url to track the job: http://localhost:8080/
26/03/02 03:39:29 INFO mapreduce.Job: Running job: job_local1146075124_0009
26/03/02 03:39:29 INFO mapred.LocalJobRunner: OutputCommitter set in config null
26/03/02 03:39:29 INFO output.FileOutputCommitter: File Output Committer Algorithm version is 1
26/03/02 03:39:29 INFO mapred.LocalJobRunner: OutputCommitter is org.apache.hadoop.mapreduce.lib.output.FileOutputCommitter
26/03/02 03:39:29 INFO mapred.LocalJobRunner: Waiting for map tasks
26/03/02 03:39:29 INFO mapred.LocalJobRunner: Starting task: attempt_local1146075124_0009_m_000000_0
26/03/02 03:39:29 INFO output.FileOutputCommitter: File Output Committer Algorithm version is 1
26/03/02 03:39:29 INFO mapred.Task:  Using ResourceCalculatorProcessTree : [ ]
26/03/02 03:39:29 INFO mapred.MapTask: Processing split: hdfs://localhost:9000/project2/task2/input/points_500k.csv:0+36688385
26/03/02 03:39:29 INFO mapred.MapTask: (EQUATOR) 0 kvi 26214396(104857584)
26/03/02 03:39:29 INFO mapred.MapTask: mapreduce.task.io.sort.mb: 100
26/03/02 03:39:29 INFO mapred.MapTask: soft limit at 83886080
26/03/02 03:39:29 INFO mapred.MapTask: bufstart = 0; bufvoid = 104857600
26/03/02 03:39:29 INFO mapred.MapTask: kvstart = 26214396; length = 6553600
26/03/02 03:39:29 INFO mapred.MapTask: Map output collector class = org.apache.hadoop.mapred.MapTask$MapOutputBuffer
26/03/02 03:39:29 INFO mapred.LocalJobRunner: 
26/03/02 03:39:29 INFO mapred.MapTask: Starting flush of map output
26/03/02 03:39:29 INFO mapred.MapTask: Spilling map output
26/03/02 03:39:29 INFO mapred.MapTask: bufstart = 0; bufend = 26000000; bufvoid = 104857600
26/03/02 03:39:29 INFO mapred.MapTask: kvstart = 26214396(104857584); kvend = 24214400(96857600); length = 1999997/6553600
26/03/02 03:39:30 INFO mapred.MapTask: Finished spill 0
26/03/02 03:39:30 INFO mapred.Task: Task:attempt_local1146075124_0009_m_000000_0 is done. And is in the process of committing
26/03/02 03:39:30 INFO mapred.LocalJobRunner: map
26/03/02 03:39:30 INFO mapred.Task: Task 'attempt_local1146075124_0009_m_000000_0' done.
26/03/02 03:39:30 INFO mapred.Task: Final Counters for attempt_local1146075124_0009_m_000000_0: Counters: 22
	File System Counters
		FILE: Number of bytes read=433402933
		FILE: Number of bytes written=462966477
		FILE: Number of read operations=0
		FILE: Number of large read operations=0
		FILE: Number of write operations=0
		HDFS: Number of bytes read=330213886
		HDFS: Number of bytes written=7513
		HDFS: Number of read operations=469
		HDFS: Number of large read operations=0
		HDFS: Number of write operations=150
	Map-Reduce Framework
		Map input records=500000
		Map output records=500000
		Map output bytes=26000000
		Map output materialized bytes=27000024
		Input split bytes=123
		Combine input records=0
		Spilled Records=500000
		Failed Shuffles=0
		Merged Map outputs=0
		GC time elapsed (ms)=13
		Total committed heap usage (bytes)=535822336
	File Input Format Counters 
		Bytes Read=36688385
26/03/02 03:39:30 INFO mapred.LocalJobRunner: Finishing task: attempt_local1146075124_0009_m_000000_0
26/03/02 03:39:30 INFO mapred.LocalJobRunner: map task executor complete.
26/03/02 03:39:30 INFO mapred.LocalJobRunner: Waiting for reduce tasks
26/03/02 03:39:30 INFO mapred.LocalJobRunner: Starting task: attempt_local1146075124_0009_r_000000_0
26/03/02 03:39:30 INFO output.FileOutputCommitter: File Output Committer Algorithm version is 1
26/03/02 03:39:30 INFO mapred.Task:  Using ResourceCalculatorProcessTree : [ ]
26/03/02 03:39:30 INFO mapred.ReduceTask: Using ShuffleConsumerPlugin: org.apache.hadoop.mapreduce.task.reduce.Shuffle@30d7d48c
26/03/02 03:39:30 INFO reduce.MergeManagerImpl: MergerManager: memoryLimit=375075616, maxSingleShuffleLimit=93768904, mergeThreshold=247549920, ioSortFactor=10, memToMemMergeOutputsThreshold=10
26/03/02 03:39:30 INFO reduce.EventFetcher: attempt_local1146075124_0009_r_000000_0 Thread started: EventFetcher for fetching Map Completion Events
26/03/02 03:39:30 INFO reduce.LocalFetcher: localfetcher#33 about to shuffle output of map attempt_local1146075124_0009_m_000000_0 decomp: 10649882 len: 10649886 to MEMORY
26/03/02 03:39:30 INFO reduce.InMemoryMapOutput: Read 10649882 bytes from map-output for attempt_local1146075124_0009_m_000000_0
26/03/02 03:39:30 INFO reduce.MergeManagerImpl: closeInMemoryFile -> map-output of size: 10649882, inMemoryMapOutputs.size() -> 1, commitMemory -> 0, usedMemory ->10649882
26/03/02 03:39:30 INFO reduce.EventFetcher: EventFetcher is interrupted.. Returning
26/03/02 03:39:30 INFO mapred.LocalJobRunner: 1 / 1 copied.
26/03/02 03:39:30 INFO reduce.MergeManagerImpl: finalMerge called with 1 in-memory map-outputs and 0 on-disk map-outputs
26/03/02 03:39:30 INFO mapred.Merger: Merging 1 sorted segments
26/03/02 03:39:30 INFO mapred.Merger: Down to the last merge-pass, with 1 segments left of total size: 10649876 bytes
26/03/02 03:39:30 INFO reduce.MergeManagerImpl: Merged 1 segments, 10649882 bytes to disk to satisfy reduce memory limit
26/03/02 03:39:30 INFO reduce.MergeManagerImpl: Merging 1 files, 10649886 bytes from disk
26/03/02 03:39:30 INFO reduce.MergeManagerImpl: Merging 0 segments, 0 bytes from memory into reduce
26/03/02 03:39:30 INFO mapred.Merger: Merging 1 sorted segments
26/03/02 03:39:30 INFO mapred.Merger: Down to the last merge-pass, with 1 segments left of total size: 10649876 bytes
26/03/02 03:39:30 INFO mapred.LocalJobRunner: 1 / 1 copied.
26/03/02 03:39:30 INFO mapreduce.Job: Job job_local1146075124_0009 running in uber mode : false
26/03/02 03:39:30 INFO mapreduce.Job:  map 100% reduce 0%
26/03/02 03:39:30 INFO mapred.Task: Task:attempt_local1146075124_0009_r_000000_0 is done. And is in the process of committing
26/03/02 03:39:30 INFO mapred.LocalJobRunner: 1 / 1 copied.
26/03/02 03:39:30 INFO mapred.Task: Task attempt_local1146075124_0009_r_000000_0 is allowed to commit now
26/03/02 03:39:30 INFO output.FileOutputCommitter: Saved output of task 'attempt_local1146075124_0009_r_000000_0' to hdfs://localhost:9000/project2/task2/runs_report_plus/scale500k_basic/iter_9/_temporary/0/task_local1146075124_0009_r_000000
26/03/02 03:39:30 INFO mapred.LocalJobRunner: reduce > reduce
26/03/02 03:39:30 INFO mapred.Task: Task 'attempt_local1146075124_0009_r_000000_0' done.
26/03/02 03:39:30 INFO mapred.Task: Final Counters for attempt_local1146075124_0009_r_000000_0: Counters: 29
	File System Counters
		FILE: Number of bytes read=454706901
		FILE: Number of bytes written=473616363
		FILE: Number of read operations=0
		FILE: Number of large read operations=0
		FILE: Number of write operations=0
		HDFS: Number of bytes read=330213886
		HDFS: Number of bytes written=7720
		HDFS: Number of read operations=472
		HDFS: Number of large read operations=0
		HDFS: Number of write operations=152
	Map-Reduce Framework
		Combine input records=0
		Combine output records=0
		Reduce input groups=2
		Reduce shuffle bytes=10649886
		Reduce input records=197220
		Reduce output records=2
		Spilled Records=197220
		Shuffled Maps =1
		Failed Shuffles=0
		Merged Map outputs=1
		GC time elapsed (ms)=0
		Total committed heap usage (bytes)=535822336
	Shuffle Errors
		BAD_ID=0
		CONNECTION=0
		IO_ERROR=0
		WRONG_LENGTH=0
		WRONG_MAP=0
		WRONG_REDUCE=0
	File Output Format Counters 
		Bytes Written=207
26/03/02 03:39:30 INFO mapred.LocalJobRunner: Finishing task: attempt_local1146075124_0009_r_000000_0
26/03/02 03:39:30 INFO mapred.LocalJobRunner: Starting task: attempt_local1146075124_0009_r_000001_0
26/03/02 03:39:30 INFO output.FileOutputCommitter: File Output Committer Algorithm version is 1
26/03/02 03:39:30 INFO mapred.Task:  Using ResourceCalculatorProcessTree : [ ]
26/03/02 03:39:30 INFO mapred.ReduceTask: Using ShuffleConsumerPlugin: org.apache.hadoop.mapreduce.task.reduce.Shuffle@71d0fe00
26/03/02 03:39:30 INFO reduce.MergeManagerImpl: MergerManager: memoryLimit=375075616, maxSingleShuffleLimit=93768904, mergeThreshold=247549920, ioSortFactor=10, memToMemMergeOutputsThreshold=10
26/03/02 03:39:30 INFO reduce.EventFetcher: attempt_local1146075124_0009_r_000001_0 Thread started: EventFetcher for fetching Map Completion Events
26/03/02 03:39:30 INFO reduce.LocalFetcher: localfetcher#34 about to shuffle output of map attempt_local1146075124_0009_m_000000_0 decomp: 6001238 len: 6001242 to MEMORY
26/03/02 03:39:30 INFO reduce.InMemoryMapOutput: Read 6001238 bytes from map-output for attempt_local1146075124_0009_m_000000_0
26/03/02 03:39:30 INFO reduce.MergeManagerImpl: closeInMemoryFile -> map-output of size: 6001238, inMemoryMapOutputs.size() -> 1, commitMemory -> 0, usedMemory ->6001238
26/03/02 03:39:30 INFO reduce.EventFetcher: EventFetcher is interrupted.. Returning
26/03/02 03:39:30 INFO mapred.LocalJobRunner: 1 / 1 copied.
26/03/02 03:39:30 INFO reduce.MergeManagerImpl: finalMerge called with 1 in-memory map-outputs and 0 on-disk map-outputs
26/03/02 03:39:30 INFO mapred.Merger: Merging 1 sorted segments
26/03/02 03:39:30 INFO mapred.Merger: Down to the last merge-pass, with 1 segments left of total size: 6001232 bytes
26/03/02 03:39:30 INFO reduce.MergeManagerImpl: Merged 1 segments, 6001238 bytes to disk to satisfy reduce memory limit
26/03/02 03:39:30 INFO reduce.MergeManagerImpl: Merging 1 files, 6001242 bytes from disk
26/03/02 03:39:30 INFO reduce.MergeManagerImpl: Merging 0 segments, 0 bytes from memory into reduce
26/03/02 03:39:30 INFO mapred.Merger: Merging 1 sorted segments
26/03/02 03:39:30 INFO mapred.Merger: Down to the last merge-pass, with 1 segments left of total size: 6001232 bytes
26/03/02 03:39:30 INFO mapred.LocalJobRunner: 1 / 1 copied.
26/03/02 03:39:30 INFO mapred.Task: Task:attempt_local1146075124_0009_r_000001_0 is done. And is in the process of committing
26/03/02 03:39:30 INFO mapred.LocalJobRunner: 1 / 1 copied.
26/03/02 03:39:30 INFO mapred.Task: Task attempt_local1146075124_0009_r_000001_0 is allowed to commit now
26/03/02 03:39:30 INFO output.FileOutputCommitter: Saved output of task 'attempt_local1146075124_0009_r_000001_0' to hdfs://localhost:9000/project2/task2/runs_report_plus/scale500k_basic/iter_9/_temporary/0/task_local1146075124_0009_r_000001
26/03/02 03:39:30 INFO mapred.LocalJobRunner: reduce > reduce
26/03/02 03:39:30 INFO mapred.Task: Task 'attempt_local1146075124_0009_r_000001_0' done.
26/03/02 03:39:30 INFO mapred.Task: Final Counters for attempt_local1146075124_0009_r_000001_0: Counters: 29
	File System Counters
		FILE: Number of bytes read=466713581
		FILE: Number of bytes written=479617605
		FILE: Number of read operations=0
		FILE: Number of large read operations=0
		FILE: Number of write operations=0
		HDFS: Number of bytes read=330213886
		HDFS: Number of bytes written=7823
		HDFS: Number of read operations=475
		HDFS: Number of large read operations=0
		HDFS: Number of write operations=154
	Map-Reduce Framework
		Combine input records=0
		Combine output records=0
		Reduce input groups=1
		Reduce shuffle bytes=6001242
		Reduce input records=111134
		Reduce output records=1
		Spilled Records=111134
		Shuffled Maps =1
		Failed Shuffles=0
		Merged Map outputs=1
		GC time elapsed (ms)=0
		Total committed heap usage (bytes)=535822336
	Shuffle Errors
		BAD_ID=0
		CONNECTION=0
		IO_ERROR=0
		WRONG_LENGTH=0
		WRONG_MAP=0
		WRONG_REDUCE=0
	File Output Format Counters 
		Bytes Written=103
26/03/02 03:39:30 INFO mapred.LocalJobRunner: Finishing task: attempt_local1146075124_0009_r_000001_0
26/03/02 03:39:30 INFO mapred.LocalJobRunner: Starting task: attempt_local1146075124_0009_r_000002_0
26/03/02 03:39:30 INFO output.FileOutputCommitter: File Output Committer Algorithm version is 1
26/03/02 03:39:30 INFO mapred.Task:  Using ResourceCalculatorProcessTree : [ ]
26/03/02 03:39:30 INFO mapred.ReduceTask: Using ShuffleConsumerPlugin: org.apache.hadoop.mapreduce.task.reduce.Shuffle@98f1db0
26/03/02 03:39:30 INFO reduce.MergeManagerImpl: MergerManager: memoryLimit=375075616, maxSingleShuffleLimit=93768904, mergeThreshold=247549920, ioSortFactor=10, memToMemMergeOutputsThreshold=10
26/03/02 03:39:30 INFO reduce.EventFetcher: attempt_local1146075124_0009_r_000002_0 Thread started: EventFetcher for fetching Map Completion Events
26/03/02 03:39:30 INFO reduce.LocalFetcher: localfetcher#35 about to shuffle output of map attempt_local1146075124_0009_m_000000_0 decomp: 5049812 len: 5049816 to MEMORY
26/03/02 03:39:30 INFO reduce.InMemoryMapOutput: Read 5049812 bytes from map-output for attempt_local1146075124_0009_m_000000_0
26/03/02 03:39:30 INFO reduce.MergeManagerImpl: closeInMemoryFile -> map-output of size: 5049812, inMemoryMapOutputs.size() -> 1, commitMemory -> 0, usedMemory ->5049812
26/03/02 03:39:30 INFO reduce.EventFetcher: EventFetcher is interrupted.. Returning
26/03/02 03:39:30 INFO mapred.LocalJobRunner: 1 / 1 copied.
26/03/02 03:39:30 INFO reduce.MergeManagerImpl: finalMerge called with 1 in-memory map-outputs and 0 on-disk map-outputs
26/03/02 03:39:30 INFO mapred.Merger: Merging 1 sorted segments
26/03/02 03:39:30 INFO mapred.Merger: Down to the last merge-pass, with 1 segments left of total size: 5049806 bytes
26/03/02 03:39:30 INFO reduce.MergeManagerImpl: Merged 1 segments, 5049812 bytes to disk to satisfy reduce memory limit
26/03/02 03:39:30 INFO reduce.MergeManagerImpl: Merging 1 files, 5049816 bytes from disk
26/03/02 03:39:30 INFO reduce.MergeManagerImpl: Merging 0 segments, 0 bytes from memory into reduce
26/03/02 03:39:30 INFO mapred.Merger: Merging 1 sorted segments
26/03/02 03:39:30 INFO mapred.Merger: Down to the last merge-pass, with 1 segments left of total size: 5049806 bytes
26/03/02 03:39:30 INFO mapred.LocalJobRunner: 1 / 1 copied.
26/03/02 03:39:30 INFO mapred.Task: Task:attempt_local1146075124_0009_r_000002_0 is done. And is in the process of committing
26/03/02 03:39:30 INFO mapred.LocalJobRunner: 1 / 1 copied.
26/03/02 03:39:30 INFO mapred.Task: Task attempt_local1146075124_0009_r_000002_0 is allowed to commit now
26/03/02 03:39:30 INFO output.FileOutputCommitter: Saved output of task 'attempt_local1146075124_0009_r_000002_0' to hdfs://localhost:9000/project2/task2/runs_report_plus/scale500k_basic/iter_9/_temporary/0/task_local1146075124_0009_r_000002
26/03/02 03:39:30 INFO mapred.LocalJobRunner: reduce > reduce
26/03/02 03:39:30 INFO mapred.Task: Task 'attempt_local1146075124_0009_r_000002_0' done.
26/03/02 03:39:30 INFO mapred.Task: Final Counters for attempt_local1146075124_0009_r_000002_0: Counters: 29
	File System Counters
		FILE: Number of bytes read=476817409
		FILE: Number of bytes written=484667421
		FILE: Number of read operations=0
		FILE: Number of large read operations=0
		FILE: Number of write operations=0
		HDFS: Number of bytes read=330213886
		HDFS: Number of bytes written=7926
		HDFS: Number of read operations=478
		HDFS: Number of large read operations=0
		HDFS: Number of write operations=156
	Map-Reduce Framework
		Combine input records=0
		Combine output records=0
		Reduce input groups=1
		Reduce shuffle bytes=5049816
		Reduce input records=93515
		Reduce output records=1
		Spilled Records=93515
		Shuffled Maps =1
		Failed Shuffles=0
		Merged Map outputs=1
		GC time elapsed (ms)=1
		Total committed heap usage (bytes)=535822336
	Shuffle Errors
		BAD_ID=0
		CONNECTION=0
		IO_ERROR=0
		WRONG_LENGTH=0
		WRONG_MAP=0
		WRONG_REDUCE=0
	File Output Format Counters 
		Bytes Written=103
26/03/02 03:39:30 INFO mapred.LocalJobRunner: Finishing task: attempt_local1146075124_0009_r_000002_0
26/03/02 03:39:30 INFO mapred.LocalJobRunner: Starting task: attempt_local1146075124_0009_r_000003_0
26/03/02 03:39:30 INFO output.FileOutputCommitter: File Output Committer Algorithm version is 1
26/03/02 03:39:30 INFO mapred.Task:  Using ResourceCalculatorProcessTree : [ ]
26/03/02 03:39:30 INFO mapred.ReduceTask: Using ShuffleConsumerPlugin: org.apache.hadoop.mapreduce.task.reduce.Shuffle@69d4048c
26/03/02 03:39:30 INFO reduce.MergeManagerImpl: MergerManager: memoryLimit=375075616, maxSingleShuffleLimit=93768904, mergeThreshold=247549920, ioSortFactor=10, memToMemMergeOutputsThreshold=10
26/03/02 03:39:30 INFO reduce.EventFetcher: attempt_local1146075124_0009_r_000003_0 Thread started: EventFetcher for fetching Map Completion Events
26/03/02 03:39:30 INFO reduce.LocalFetcher: localfetcher#36 about to shuffle output of map attempt_local1146075124_0009_m_000000_0 decomp: 5299076 len: 5299080 to MEMORY
26/03/02 03:39:30 INFO reduce.InMemoryMapOutput: Read 5299076 bytes from map-output for attempt_local1146075124_0009_m_000000_0
26/03/02 03:39:30 INFO reduce.MergeManagerImpl: closeInMemoryFile -> map-output of size: 5299076, inMemoryMapOutputs.size() -> 1, commitMemory -> 0, usedMemory ->5299076
26/03/02 03:39:30 INFO reduce.EventFetcher: EventFetcher is interrupted.. Returning
26/03/02 03:39:30 INFO mapred.LocalJobRunner: 1 / 1 copied.
26/03/02 03:39:30 INFO reduce.MergeManagerImpl: finalMerge called with 1 in-memory map-outputs and 0 on-disk map-outputs
26/03/02 03:39:30 INFO mapred.Merger: Merging 1 sorted segments
26/03/02 03:39:30 INFO mapred.Merger: Down to the last merge-pass, with 1 segments left of total size: 5299070 bytes
26/03/02 03:39:30 INFO reduce.MergeManagerImpl: Merged 1 segments, 5299076 bytes to disk to satisfy reduce memory limit
26/03/02 03:39:30 INFO reduce.MergeManagerImpl: Merging 1 files, 5299080 bytes from disk
26/03/02 03:39:30 INFO reduce.MergeManagerImpl: Merging 0 segments, 0 bytes from memory into reduce
26/03/02 03:39:30 INFO mapred.Merger: Merging 1 sorted segments
26/03/02 03:39:30 INFO mapred.Merger: Down to the last merge-pass, with 1 segments left of total size: 5299070 bytes
26/03/02 03:39:30 INFO mapred.LocalJobRunner: 1 / 1 copied.
26/03/02 03:39:30 INFO mapred.Task: Task:attempt_local1146075124_0009_r_000003_0 is done. And is in the process of committing
26/03/02 03:39:30 INFO mapred.LocalJobRunner: 1 / 1 copied.
26/03/02 03:39:30 INFO mapred.Task: Task attempt_local1146075124_0009_r_000003_0 is allowed to commit now
26/03/02 03:39:30 INFO output.FileOutputCommitter: Saved output of task 'attempt_local1146075124_0009_r_000003_0' to hdfs://localhost:9000/project2/task2/runs_report_plus/scale500k_basic/iter_9/_temporary/0/task_local1146075124_0009_r_000003
26/03/02 03:39:30 INFO mapred.LocalJobRunner: reduce > reduce
26/03/02 03:39:30 INFO mapred.Task: Task 'attempt_local1146075124_0009_r_000003_0' done.
26/03/02 03:39:30 INFO mapred.Task: Final Counters for attempt_local1146075124_0009_r_000003_0: Counters: 29
	File System Counters
		FILE: Number of bytes read=487415673
		FILE: Number of bytes written=489966501
		FILE: Number of read operations=0
		FILE: Number of large read operations=0
		FILE: Number of write operations=0
		HDFS: Number of bytes read=330213886
		HDFS: Number of bytes written=8031
		HDFS: Number of read operations=481
		HDFS: Number of large read operations=0
		HDFS: Number of write operations=158
	Map-Reduce Framework
		Combine input records=0
		Combine output records=0
		Reduce input groups=1
		Reduce shuffle bytes=5299080
		Reduce input records=98131
		Reduce output records=1
		Spilled Records=98131
		Shuffled Maps =1
		Failed Shuffles=0
		Merged Map outputs=1
		GC time elapsed (ms)=0
		Total committed heap usage (bytes)=535822336
	Shuffle Errors
		BAD_ID=0
		CONNECTION=0
		IO_ERROR=0
		WRONG_LENGTH=0
		WRONG_MAP=0
		WRONG_REDUCE=0
	File Output Format Counters 
		Bytes Written=105
26/03/02 03:39:30 INFO mapred.LocalJobRunner: Finishing task: attempt_local1146075124_0009_r_000003_0
26/03/02 03:39:30 INFO mapred.LocalJobRunner: reduce task executor complete.
26/03/02 03:39:31 INFO mapreduce.Job:  map 100% reduce 100%
26/03/02 03:39:31 INFO mapreduce.Job: Job job_local1146075124_0009 completed successfully
26/03/02 03:39:31 INFO mapreduce.Job: Counters: 35
	File System Counters
		FILE: Number of bytes read=2319056497
		FILE: Number of bytes written=2390834367
		FILE: Number of read operations=0
		FILE: Number of large read operations=0
		FILE: Number of write operations=0
		HDFS: Number of bytes read=1651069430
		HDFS: Number of bytes written=39013
		HDFS: Number of read operations=2375
		HDFS: Number of large read operations=0
		HDFS: Number of write operations=770
	Map-Reduce Framework
		Map input records=500000
		Map output records=500000
		Map output bytes=26000000
		Map output materialized bytes=27000024
		Input split bytes=123
		Combine input records=0
		Combine output records=0
		Reduce input groups=5
		Reduce shuffle bytes=27000024
		Reduce input records=500000
		Reduce output records=5
		Spilled Records=1000000
		Shuffled Maps =4
		Failed Shuffles=0
		Merged Map outputs=4
		GC time elapsed (ms)=14
		Total committed heap usage (bytes)=2679111680
	Shuffle Errors
		BAD_ID=0
		CONNECTION=0
		IO_ERROR=0
		WRONG_LENGTH=0
		WRONG_MAP=0
		WRONG_REDUCE=0
	File Input Format Counters 
		Bytes Read=36688385
	File Output Format Counters 
		Bytes Written=518
26/03/02 03:39:31 INFO jvm.JvmMetrics: Cannot initialize JVM Metrics with processName=JobTracker, sessionId= - already initialized
26/03/02 03:39:31 WARN mapreduce.JobResourceUploader: Hadoop command-line option parsing not performed. Implement the Tool interface and execute your application with ToolRunner to remedy this.
26/03/02 03:39:31 INFO input.FileInputFormat: Total input paths to process : 1
26/03/02 03:39:31 INFO mapreduce.JobSubmitter: number of splits:1
26/03/02 03:39:31 INFO mapreduce.JobSubmitter: Submitting tokens for job: job_local703667372_0010
26/03/02 03:39:31 INFO mapred.LocalDistributedCacheManager: Creating symlink: /tmp/hadoop-ds503/mapred/local/1772422771333/centers_iter_9.csv <- /home/ds503/centers_iter_9.csv
26/03/02 03:39:31 INFO mapred.LocalDistributedCacheManager: Localized hdfs://localhost:9000/project2/task2/runs_report_plus/scale500k_basic/centers_iter_9.csv as file:/tmp/hadoop-ds503/mapred/local/1772422771333/centers_iter_9.csv
26/03/02 03:39:31 INFO mapreduce.Job: The url to track the job: http://localhost:8080/
26/03/02 03:39:31 INFO mapreduce.Job: Running job: job_local703667372_0010
26/03/02 03:39:31 INFO mapred.LocalJobRunner: OutputCommitter set in config null
26/03/02 03:39:31 INFO output.FileOutputCommitter: File Output Committer Algorithm version is 1
26/03/02 03:39:31 INFO mapred.LocalJobRunner: OutputCommitter is org.apache.hadoop.mapreduce.lib.output.FileOutputCommitter
26/03/02 03:39:31 INFO mapred.LocalJobRunner: Waiting for map tasks
26/03/02 03:39:31 INFO mapred.LocalJobRunner: Starting task: attempt_local703667372_0010_m_000000_0
26/03/02 03:39:31 INFO output.FileOutputCommitter: File Output Committer Algorithm version is 1
26/03/02 03:39:31 INFO mapred.Task:  Using ResourceCalculatorProcessTree : [ ]
26/03/02 03:39:31 INFO mapred.MapTask: Processing split: hdfs://localhost:9000/project2/task2/input/points_500k.csv:0+36688385
26/03/02 03:39:31 INFO mapred.MapTask: (EQUATOR) 0 kvi 26214396(104857584)
26/03/02 03:39:31 INFO mapred.MapTask: mapreduce.task.io.sort.mb: 100
26/03/02 03:39:31 INFO mapred.MapTask: soft limit at 83886080
26/03/02 03:39:31 INFO mapred.MapTask: bufstart = 0; bufvoid = 104857600
26/03/02 03:39:31 INFO mapred.MapTask: kvstart = 26214396; length = 6553600
26/03/02 03:39:31 INFO mapred.MapTask: Map output collector class = org.apache.hadoop.mapred.MapTask$MapOutputBuffer
26/03/02 03:39:32 INFO mapred.LocalJobRunner: 
26/03/02 03:39:32 INFO mapred.MapTask: Starting flush of map output
26/03/02 03:39:32 INFO mapred.MapTask: Spilling map output
26/03/02 03:39:32 INFO mapred.MapTask: bufstart = 0; bufend = 26000000; bufvoid = 104857600
26/03/02 03:39:32 INFO mapred.MapTask: kvstart = 26214396(104857584); kvend = 24214400(96857600); length = 1999997/6553600
26/03/02 03:39:32 INFO mapred.MapTask: Finished spill 0
26/03/02 03:39:32 INFO mapred.Task: Task:attempt_local703667372_0010_m_000000_0 is done. And is in the process of committing
26/03/02 03:39:32 INFO mapred.LocalJobRunner: map
26/03/02 03:39:32 INFO mapred.Task: Task 'attempt_local703667372_0010_m_000000_0' done.
26/03/02 03:39:32 INFO mapred.Task: Final Counters for attempt_local703667372_0010_m_000000_0: Counters: 22
	File System Counters
		FILE: Number of bytes read=487560230
		FILE: Number of bytes written=517406323
		FILE: Number of read operations=0
		FILE: Number of large read operations=0
		FILE: Number of write operations=0
		HDFS: Number of bytes read=366904443
		HDFS: Number of bytes written=8411
		HDFS: Number of read operations=525
		HDFS: Number of large read operations=0
		HDFS: Number of write operations=168
	Map-Reduce Framework
		Map input records=500000
		Map output records=500000
		Map output bytes=26000000
		Map output materialized bytes=27000024
		Input split bytes=123
		Combine input records=0
		Spilled Records=500000
		Failed Shuffles=0
		Merged Map outputs=0
		GC time elapsed (ms)=59
		Total committed heap usage (bytes)=359137280
	File Input Format Counters 
		Bytes Read=36688385
26/03/02 03:39:32 INFO mapred.LocalJobRunner: Finishing task: attempt_local703667372_0010_m_000000_0
26/03/02 03:39:32 INFO mapred.LocalJobRunner: map task executor complete.
26/03/02 03:39:32 INFO mapred.LocalJobRunner: Waiting for reduce tasks
26/03/02 03:39:32 INFO mapred.LocalJobRunner: Starting task: attempt_local703667372_0010_r_000000_0
26/03/02 03:39:32 INFO output.FileOutputCommitter: File Output Committer Algorithm version is 1
26/03/02 03:39:32 INFO mapred.Task:  Using ResourceCalculatorProcessTree : [ ]
26/03/02 03:39:32 INFO mapred.ReduceTask: Using ShuffleConsumerPlugin: org.apache.hadoop.mapreduce.task.reduce.Shuffle@19385298
26/03/02 03:39:32 INFO reduce.MergeManagerImpl: MergerManager: memoryLimit=334338464, maxSingleShuffleLimit=83584616, mergeThreshold=220663392, ioSortFactor=10, memToMemMergeOutputsThreshold=10
26/03/02 03:39:32 INFO reduce.EventFetcher: attempt_local703667372_0010_r_000000_0 Thread started: EventFetcher for fetching Map Completion Events
26/03/02 03:39:32 INFO reduce.LocalFetcher: localfetcher#37 about to shuffle output of map attempt_local703667372_0010_m_000000_0 decomp: 10654040 len: 10654044 to MEMORY
26/03/02 03:39:32 INFO reduce.InMemoryMapOutput: Read 10654040 bytes from map-output for attempt_local703667372_0010_m_000000_0
26/03/02 03:39:32 INFO reduce.MergeManagerImpl: closeInMemoryFile -> map-output of size: 10654040, inMemoryMapOutputs.size() -> 1, commitMemory -> 0, usedMemory ->10654040
26/03/02 03:39:32 INFO reduce.EventFetcher: EventFetcher is interrupted.. Returning
26/03/02 03:39:32 INFO mapred.LocalJobRunner: 1 / 1 copied.
26/03/02 03:39:32 INFO reduce.MergeManagerImpl: finalMerge called with 1 in-memory map-outputs and 0 on-disk map-outputs
26/03/02 03:39:32 INFO mapred.Merger: Merging 1 sorted segments
26/03/02 03:39:32 INFO mapred.Merger: Down to the last merge-pass, with 1 segments left of total size: 10654034 bytes
26/03/02 03:39:32 INFO reduce.MergeManagerImpl: Merged 1 segments, 10654040 bytes to disk to satisfy reduce memory limit
26/03/02 03:39:32 INFO reduce.MergeManagerImpl: Merging 1 files, 10654044 bytes from disk
26/03/02 03:39:32 INFO reduce.MergeManagerImpl: Merging 0 segments, 0 bytes from memory into reduce
26/03/02 03:39:32 INFO mapred.Merger: Merging 1 sorted segments
26/03/02 03:39:32 INFO mapred.Merger: Down to the last merge-pass, with 1 segments left of total size: 10654034 bytes
26/03/02 03:39:32 INFO mapred.LocalJobRunner: 1 / 1 copied.
26/03/02 03:39:32 INFO mapred.Task: Task:attempt_local703667372_0010_r_000000_0 is done. And is in the process of committing
26/03/02 03:39:32 INFO mapred.LocalJobRunner: 1 / 1 copied.
26/03/02 03:39:32 INFO mapred.Task: Task attempt_local703667372_0010_r_000000_0 is allowed to commit now
26/03/02 03:39:32 INFO output.FileOutputCommitter: Saved output of task 'attempt_local703667372_0010_r_000000_0' to hdfs://localhost:9000/project2/task2/runs_report_plus/scale500k_basic/iter_10/_temporary/0/task_local703667372_0010_r_000000
26/03/02 03:39:32 INFO mapred.LocalJobRunner: reduce > reduce
26/03/02 03:39:32 INFO mapred.Task: Task 'attempt_local703667372_0010_r_000000_0' done.
26/03/02 03:39:32 INFO mapred.Task: Final Counters for attempt_local703667372_0010_r_000000_0: Counters: 29
	File System Counters
		FILE: Number of bytes read=508872514
		FILE: Number of bytes written=528060367
		FILE: Number of read operations=0
		FILE: Number of large read operations=0
		FILE: Number of write operations=0
		HDFS: Number of bytes read=366904443
		HDFS: Number of bytes written=8616
		HDFS: Number of read operations=528
		HDFS: Number of large read operations=0
		HDFS: Number of write operations=170
	Map-Reduce Framework
		Combine input records=0
		Combine output records=0
		Reduce input groups=2
		Reduce shuffle bytes=10654044
		Reduce input records=197297
		Reduce output records=2
		Spilled Records=197297
		Shuffled Maps =1
		Failed Shuffles=0
		Merged Map outputs=1
		GC time elapsed (ms)=0
		Total committed heap usage (bytes)=359137280
	Shuffle Errors
		BAD_ID=0
		CONNECTION=0
		IO_ERROR=0
		WRONG_LENGTH=0
		WRONG_MAP=0
		WRONG_REDUCE=0
	File Output Format Counters 
		Bytes Written=205
26/03/02 03:39:32 INFO mapred.LocalJobRunner: Finishing task: attempt_local703667372_0010_r_000000_0
26/03/02 03:39:32 INFO mapred.LocalJobRunner: Starting task: attempt_local703667372_0010_r_000001_0
26/03/02 03:39:32 INFO output.FileOutputCommitter: File Output Committer Algorithm version is 1
26/03/02 03:39:32 INFO mapred.Task:  Using ResourceCalculatorProcessTree : [ ]
26/03/02 03:39:32 INFO mapred.ReduceTask: Using ShuffleConsumerPlugin: org.apache.hadoop.mapreduce.task.reduce.Shuffle@db58126
26/03/02 03:39:32 INFO reduce.MergeManagerImpl: MergerManager: memoryLimit=334338464, maxSingleShuffleLimit=83584616, mergeThreshold=220663392, ioSortFactor=10, memToMemMergeOutputsThreshold=10
26/03/02 03:39:32 INFO reduce.EventFetcher: attempt_local703667372_0010_r_000001_0 Thread started: EventFetcher for fetching Map Completion Events
26/03/02 03:39:32 INFO reduce.LocalFetcher: localfetcher#38 about to shuffle output of map attempt_local703667372_0010_m_000000_0 decomp: 5925044 len: 5925048 to MEMORY
26/03/02 03:39:32 INFO reduce.InMemoryMapOutput: Read 5925044 bytes from map-output for attempt_local703667372_0010_m_000000_0
26/03/02 03:39:32 INFO reduce.MergeManagerImpl: closeInMemoryFile -> map-output of size: 5925044, inMemoryMapOutputs.size() -> 1, commitMemory -> 0, usedMemory ->5925044
26/03/02 03:39:32 INFO reduce.EventFetcher: EventFetcher is interrupted.. Returning
26/03/02 03:39:32 INFO mapred.LocalJobRunner: 1 / 1 copied.
26/03/02 03:39:32 INFO reduce.MergeManagerImpl: finalMerge called with 1 in-memory map-outputs and 0 on-disk map-outputs
26/03/02 03:39:32 INFO mapred.Merger: Merging 1 sorted segments
26/03/02 03:39:32 INFO mapred.Merger: Down to the last merge-pass, with 1 segments left of total size: 5925038 bytes
26/03/02 03:39:32 INFO reduce.MergeManagerImpl: Merged 1 segments, 5925044 bytes to disk to satisfy reduce memory limit
26/03/02 03:39:32 INFO reduce.MergeManagerImpl: Merging 1 files, 5925048 bytes from disk
26/03/02 03:39:32 INFO reduce.MergeManagerImpl: Merging 0 segments, 0 bytes from memory into reduce
26/03/02 03:39:32 INFO mapred.Merger: Merging 1 sorted segments
26/03/02 03:39:32 INFO mapred.Merger: Down to the last merge-pass, with 1 segments left of total size: 5925038 bytes
26/03/02 03:39:32 INFO mapred.LocalJobRunner: 1 / 1 copied.
26/03/02 03:39:32 INFO mapreduce.Job: Job job_local703667372_0010 running in uber mode : false
26/03/02 03:39:32 INFO mapreduce.Job:  map 100% reduce 25%
26/03/02 03:39:32 INFO mapred.Task: Task:attempt_local703667372_0010_r_000001_0 is done. And is in the process of committing
26/03/02 03:39:32 INFO mapred.LocalJobRunner: 1 / 1 copied.
26/03/02 03:39:32 INFO mapred.Task: Task attempt_local703667372_0010_r_000001_0 is allowed to commit now
26/03/02 03:39:32 INFO output.FileOutputCommitter: Saved output of task 'attempt_local703667372_0010_r_000001_0' to hdfs://localhost:9000/project2/task2/runs_report_plus/scale500k_basic/iter_10/_temporary/0/task_local703667372_0010_r_000001
26/03/02 03:39:32 INFO mapred.LocalJobRunner: reduce > reduce
26/03/02 03:39:32 INFO mapred.Task: Task 'attempt_local703667372_0010_r_000001_0' done.
26/03/02 03:39:32 INFO mapred.Task: Final Counters for attempt_local703667372_0010_r_000001_0: Counters: 29
	File System Counters
		FILE: Number of bytes read=520726806
		FILE: Number of bytes written=533985415
		FILE: Number of read operations=0
		FILE: Number of large read operations=0
		FILE: Number of write operations=0
		HDFS: Number of bytes read=366904443
		HDFS: Number of bytes written=8719
		HDFS: Number of read operations=531
		HDFS: Number of large read operations=0
		HDFS: Number of write operations=172
	Map-Reduce Framework
		Combine input records=0
		Combine output records=0
		Reduce input groups=1
		Reduce shuffle bytes=5925048
		Reduce input records=109723
		Reduce output records=1
		Spilled Records=109723
		Shuffled Maps =1
		Failed Shuffles=0
		Merged Map outputs=1
		GC time elapsed (ms)=1
		Total committed heap usage (bytes)=359137280
	Shuffle Errors
		BAD_ID=0
		CONNECTION=0
		IO_ERROR=0
		WRONG_LENGTH=0
		WRONG_MAP=0
		WRONG_REDUCE=0
	File Output Format Counters 
		Bytes Written=103
26/03/02 03:39:32 INFO mapred.LocalJobRunner: Finishing task: attempt_local703667372_0010_r_000001_0
26/03/02 03:39:32 INFO mapred.LocalJobRunner: Starting task: attempt_local703667372_0010_r_000002_0
26/03/02 03:39:32 INFO output.FileOutputCommitter: File Output Committer Algorithm version is 1
26/03/02 03:39:32 INFO mapred.Task:  Using ResourceCalculatorProcessTree : [ ]
26/03/02 03:39:32 INFO mapred.ReduceTask: Using ShuffleConsumerPlugin: org.apache.hadoop.mapreduce.task.reduce.Shuffle@75c3acf2
26/03/02 03:39:32 INFO reduce.MergeManagerImpl: MergerManager: memoryLimit=334338464, maxSingleShuffleLimit=83584616, mergeThreshold=220663392, ioSortFactor=10, memToMemMergeOutputsThreshold=10
26/03/02 03:39:32 INFO reduce.EventFetcher: attempt_local703667372_0010_r_000002_0 Thread started: EventFetcher for fetching Map Completion Events
26/03/02 03:39:32 INFO reduce.LocalFetcher: localfetcher#39 about to shuffle output of map attempt_local703667372_0010_m_000000_0 decomp: 5092202 len: 5092206 to MEMORY
26/03/02 03:39:32 INFO reduce.InMemoryMapOutput: Read 5092202 bytes from map-output for attempt_local703667372_0010_m_000000_0
26/03/02 03:39:32 INFO reduce.MergeManagerImpl: closeInMemoryFile -> map-output of size: 5092202, inMemoryMapOutputs.size() -> 1, commitMemory -> 0, usedMemory ->5092202
26/03/02 03:39:32 INFO reduce.EventFetcher: EventFetcher is interrupted.. Returning
26/03/02 03:39:32 INFO mapred.LocalJobRunner: 1 / 1 copied.
26/03/02 03:39:32 INFO reduce.MergeManagerImpl: finalMerge called with 1 in-memory map-outputs and 0 on-disk map-outputs
26/03/02 03:39:32 INFO mapred.Merger: Merging 1 sorted segments
26/03/02 03:39:32 INFO mapred.Merger: Down to the last merge-pass, with 1 segments left of total size: 5092196 bytes
26/03/02 03:39:32 INFO reduce.MergeManagerImpl: Merged 1 segments, 5092202 bytes to disk to satisfy reduce memory limit
26/03/02 03:39:32 INFO reduce.MergeManagerImpl: Merging 1 files, 5092206 bytes from disk
26/03/02 03:39:32 INFO reduce.MergeManagerImpl: Merging 0 segments, 0 bytes from memory into reduce
26/03/02 03:39:32 INFO mapred.Merger: Merging 1 sorted segments
26/03/02 03:39:32 INFO mapred.Merger: Down to the last merge-pass, with 1 segments left of total size: 5092196 bytes
26/03/02 03:39:32 INFO mapred.LocalJobRunner: 1 / 1 copied.
26/03/02 03:39:32 INFO mapred.Task: Task:attempt_local703667372_0010_r_000002_0 is done. And is in the process of committing
26/03/02 03:39:32 INFO mapred.LocalJobRunner: 1 / 1 copied.
26/03/02 03:39:32 INFO mapred.Task: Task attempt_local703667372_0010_r_000002_0 is allowed to commit now
26/03/02 03:39:32 INFO output.FileOutputCommitter: Saved output of task 'attempt_local703667372_0010_r_000002_0' to hdfs://localhost:9000/project2/task2/runs_report_plus/scale500k_basic/iter_10/_temporary/0/task_local703667372_0010_r_000002
26/03/02 03:39:32 INFO mapred.LocalJobRunner: reduce > reduce
26/03/02 03:39:32 INFO mapred.Task: Task 'attempt_local703667372_0010_r_000002_0' done.
26/03/02 03:39:32 INFO mapred.Task: Final Counters for attempt_local703667372_0010_r_000002_0: Counters: 29
	File System Counters
		FILE: Number of bytes read=530915414
		FILE: Number of bytes written=539077621
		FILE: Number of read operations=0
		FILE: Number of large read operations=0
		FILE: Number of write operations=0
		HDFS: Number of bytes read=366904443
		HDFS: Number of bytes written=8820
		HDFS: Number of read operations=534
		HDFS: Number of large read operations=0
		HDFS: Number of write operations=174
	Map-Reduce Framework
		Combine input records=0
		Combine output records=0
		Reduce input groups=1
		Reduce shuffle bytes=5092206
		Reduce input records=94300
		Reduce output records=1
		Spilled Records=94300
		Shuffled Maps =1
		Failed Shuffles=0
		Merged Map outputs=1
		GC time elapsed (ms)=0
		Total committed heap usage (bytes)=359137280
	Shuffle Errors
		BAD_ID=0
		CONNECTION=0
		IO_ERROR=0
		WRONG_LENGTH=0
		WRONG_MAP=0
		WRONG_REDUCE=0
	File Output Format Counters 
		Bytes Written=101
26/03/02 03:39:32 INFO mapred.LocalJobRunner: Finishing task: attempt_local703667372_0010_r_000002_0
26/03/02 03:39:32 INFO mapred.LocalJobRunner: Starting task: attempt_local703667372_0010_r_000003_0
26/03/02 03:39:32 INFO output.FileOutputCommitter: File Output Committer Algorithm version is 1
26/03/02 03:39:32 INFO mapred.Task:  Using ResourceCalculatorProcessTree : [ ]
26/03/02 03:39:32 INFO mapred.ReduceTask: Using ShuffleConsumerPlugin: org.apache.hadoop.mapreduce.task.reduce.Shuffle@17f051f1
26/03/02 03:39:32 INFO reduce.MergeManagerImpl: MergerManager: memoryLimit=334338464, maxSingleShuffleLimit=83584616, mergeThreshold=220663392, ioSortFactor=10, memToMemMergeOutputsThreshold=10
26/03/02 03:39:32 INFO reduce.EventFetcher: attempt_local703667372_0010_r_000003_0 Thread started: EventFetcher for fetching Map Completion Events
26/03/02 03:39:32 INFO reduce.LocalFetcher: localfetcher#40 about to shuffle output of map attempt_local703667372_0010_m_000000_0 decomp: 5328722 len: 5328726 to MEMORY
26/03/02 03:39:32 INFO reduce.InMemoryMapOutput: Read 5328722 bytes from map-output for attempt_local703667372_0010_m_000000_0
26/03/02 03:39:32 INFO reduce.MergeManagerImpl: closeInMemoryFile -> map-output of size: 5328722, inMemoryMapOutputs.size() -> 1, commitMemory -> 0, usedMemory ->5328722
26/03/02 03:39:32 INFO reduce.EventFetcher: EventFetcher is interrupted.. Returning
26/03/02 03:39:32 INFO mapred.LocalJobRunner: 1 / 1 copied.
26/03/02 03:39:32 INFO reduce.MergeManagerImpl: finalMerge called with 1 in-memory map-outputs and 0 on-disk map-outputs
26/03/02 03:39:32 INFO mapred.Merger: Merging 1 sorted segments
26/03/02 03:39:32 INFO mapred.Merger: Down to the last merge-pass, with 1 segments left of total size: 5328716 bytes
26/03/02 03:39:32 INFO reduce.MergeManagerImpl: Merged 1 segments, 5328722 bytes to disk to satisfy reduce memory limit
26/03/02 03:39:32 INFO reduce.MergeManagerImpl: Merging 1 files, 5328726 bytes from disk
26/03/02 03:39:32 INFO reduce.MergeManagerImpl: Merging 0 segments, 0 bytes from memory into reduce
26/03/02 03:39:32 INFO mapred.Merger: Merging 1 sorted segments
26/03/02 03:39:32 INFO mapred.Merger: Down to the last merge-pass, with 1 segments left of total size: 5328716 bytes
26/03/02 03:39:32 INFO mapred.LocalJobRunner: 1 / 1 copied.
26/03/02 03:39:32 INFO mapred.Task: Task:attempt_local703667372_0010_r_000003_0 is done. And is in the process of committing
26/03/02 03:39:32 INFO mapred.LocalJobRunner: 1 / 1 copied.
26/03/02 03:39:32 INFO mapred.Task: Task attempt_local703667372_0010_r_000003_0 is allowed to commit now
26/03/02 03:39:32 INFO output.FileOutputCommitter: Saved output of task 'attempt_local703667372_0010_r_000003_0' to hdfs://localhost:9000/project2/task2/runs_report_plus/scale500k_basic/iter_10/_temporary/0/task_local703667372_0010_r_000003
26/03/02 03:39:32 INFO mapred.LocalJobRunner: reduce > reduce
26/03/02 03:39:32 INFO mapred.Task: Task 'attempt_local703667372_0010_r_000003_0' done.
26/03/02 03:39:32 INFO mapred.Task: Final Counters for attempt_local703667372_0010_r_000003_0: Counters: 29
	File System Counters
		FILE: Number of bytes read=541572970
		FILE: Number of bytes written=544406347
		FILE: Number of read operations=0
		FILE: Number of large read operations=0
		FILE: Number of write operations=0
		HDFS: Number of bytes read=366904443
		HDFS: Number of bytes written=8922
		HDFS: Number of read operations=537
		HDFS: Number of large read operations=0
		HDFS: Number of write operations=176
	Map-Reduce Framework
		Combine input records=0
		Combine output records=0
		Reduce input groups=1
		Reduce shuffle bytes=5328726
		Reduce input records=98680
		Reduce output records=1
		Spilled Records=98680
		Shuffled Maps =1
		Failed Shuffles=0
		Merged Map outputs=1
		GC time elapsed (ms)=0
		Total committed heap usage (bytes)=359137280
	Shuffle Errors
		BAD_ID=0
		CONNECTION=0
		IO_ERROR=0
		WRONG_LENGTH=0
		WRONG_MAP=0
		WRONG_REDUCE=0
	File Output Format Counters 
		Bytes Written=102
26/03/02 03:39:32 INFO mapred.LocalJobRunner: Finishing task: attempt_local703667372_0010_r_000003_0
26/03/02 03:39:32 INFO mapred.LocalJobRunner: reduce task executor complete.
26/03/02 03:39:33 INFO mapreduce.Job:  map 100% reduce 100%
26/03/02 03:39:33 INFO mapreduce.Job: Job job_local703667372_0010 completed successfully
26/03/02 03:39:33 INFO mapreduce.Job: Counters: 35
	File System Counters
		FILE: Number of bytes read=2589647934
		FILE: Number of bytes written=2662936073
		FILE: Number of read operations=0
		FILE: Number of large read operations=0
		FILE: Number of write operations=0
		HDFS: Number of bytes read=1834522215
		HDFS: Number of bytes written=43488
		HDFS: Number of read operations=2655
		HDFS: Number of large read operations=0
		HDFS: Number of write operations=860
	Map-Reduce Framework
		Map input records=500000
		Map output records=500000
		Map output bytes=26000000
		Map output materialized bytes=27000024
		Input split bytes=123
		Combine input records=0
		Combine output records=0
		Reduce input groups=5
		Reduce shuffle bytes=27000024
		Reduce input records=500000
		Reduce output records=5
		Spilled Records=1000000
		Shuffled Maps =4
		Failed Shuffles=0
		Merged Map outputs=4
		GC time elapsed (ms)=60
		Total committed heap usage (bytes)=1795686400
	Shuffle Errors
		BAD_ID=0
		CONNECTION=0
		IO_ERROR=0
		WRONG_LENGTH=0
		WRONG_MAP=0
		WRONG_REDUCE=0
	File Input Format Counters 
		Bytes Read=36688385
	File Output Format Counters 
		Bytes Written=511
26/03/02 03:39:33 INFO jvm.JvmMetrics: Cannot initialize JVM Metrics with processName=JobTracker, sessionId= - already initialized
26/03/02 03:39:33 WARN mapreduce.JobResourceUploader: Hadoop command-line option parsing not performed. Implement the Tool interface and execute your application with ToolRunner to remedy this.
26/03/02 03:39:33 INFO input.FileInputFormat: Total input paths to process : 1
26/03/02 03:39:33 INFO mapreduce.JobSubmitter: number of splits:1
26/03/02 03:39:33 INFO mapreduce.JobSubmitter: Submitting tokens for job: job_local269308443_0011
26/03/02 03:39:33 INFO mapred.LocalDistributedCacheManager: Creating symlink: /tmp/hadoop-ds503/mapred/local/1772422773412/centers_iter_10.csv <- /home/ds503/centers_iter_10.csv
26/03/02 03:39:33 INFO mapred.LocalDistributedCacheManager: Localized hdfs://localhost:9000/project2/task2/runs_report_plus/scale500k_basic/centers_iter_10.csv as file:/tmp/hadoop-ds503/mapred/local/1772422773412/centers_iter_10.csv
26/03/02 03:39:33 INFO mapreduce.Job: The url to track the job: http://localhost:8080/
26/03/02 03:39:33 INFO mapreduce.Job: Running job: job_local269308443_0011
26/03/02 03:39:33 INFO mapred.LocalJobRunner: OutputCommitter set in config null
26/03/02 03:39:33 INFO output.FileOutputCommitter: File Output Committer Algorithm version is 1
26/03/02 03:39:33 INFO mapred.LocalJobRunner: OutputCommitter is org.apache.hadoop.mapreduce.lib.output.FileOutputCommitter
26/03/02 03:39:33 INFO mapred.LocalJobRunner: Waiting for map tasks
26/03/02 03:39:33 INFO mapred.LocalJobRunner: Starting task: attempt_local269308443_0011_m_000000_0
26/03/02 03:39:33 INFO output.FileOutputCommitter: File Output Committer Algorithm version is 1
26/03/02 03:39:33 INFO mapred.Task:  Using ResourceCalculatorProcessTree : [ ]
26/03/02 03:39:33 INFO mapred.MapTask: Processing split: hdfs://localhost:9000/project2/task2/input/points_500k.csv:0+36688385
26/03/02 03:39:33 INFO mapred.MapTask: (EQUATOR) 0 kvi 26214396(104857584)
26/03/02 03:39:33 INFO mapred.MapTask: mapreduce.task.io.sort.mb: 100
26/03/02 03:39:33 INFO mapred.MapTask: soft limit at 83886080
26/03/02 03:39:33 INFO mapred.MapTask: bufstart = 0; bufvoid = 104857600
26/03/02 03:39:33 INFO mapred.MapTask: kvstart = 26214396; length = 6553600
26/03/02 03:39:33 INFO mapred.MapTask: Map output collector class = org.apache.hadoop.mapred.MapTask$MapOutputBuffer
26/03/02 03:39:34 INFO mapred.LocalJobRunner: 
26/03/02 03:39:34 INFO mapred.MapTask: Starting flush of map output
26/03/02 03:39:34 INFO mapred.MapTask: Spilling map output
26/03/02 03:39:34 INFO mapred.MapTask: bufstart = 0; bufend = 26000000; bufvoid = 104857600
26/03/02 03:39:34 INFO mapred.MapTask: kvstart = 26214396(104857584); kvend = 24214400(96857600); length = 1999997/6553600
26/03/02 03:39:34 INFO mapred.MapTask: Finished spill 0
26/03/02 03:39:34 INFO mapred.Task: Task:attempt_local269308443_0011_m_000000_0 is done. And is in the process of committing
26/03/02 03:39:34 INFO mapred.LocalJobRunner: map
26/03/02 03:39:34 INFO mapred.Task: Task 'attempt_local269308443_0011_m_000000_0' done.
26/03/02 03:39:34 INFO mapred.Task: Final Counters for attempt_local269308443_0011_m_000000_0: Counters: 22
	File System Counters
		FILE: Number of bytes read=541717527
		FILE: Number of bytes written=571846166
		FILE: Number of read operations=0
		FILE: Number of large read operations=0
		FILE: Number of write operations=0
		HDFS: Number of bytes read=403594978
		HDFS: Number of bytes written=9296
		HDFS: Number of read operations=581
		HDFS: Number of large read operations=0
		HDFS: Number of write operations=186
	Map-Reduce Framework
		Map input records=500000
		Map output records=500000
		Map output bytes=26000000
		Map output materialized bytes=27000024
		Input split bytes=123
		Combine input records=0
		Spilled Records=500000
		Failed Shuffles=0
		Merged Map outputs=0
		GC time elapsed (ms)=12
		Total committed heap usage (bytes)=464519168
	File Input Format Counters 
		Bytes Read=36688385
26/03/02 03:39:34 INFO mapred.LocalJobRunner: Finishing task: attempt_local269308443_0011_m_000000_0
26/03/02 03:39:34 INFO mapred.LocalJobRunner: map task executor complete.
26/03/02 03:39:34 INFO mapred.LocalJobRunner: Waiting for reduce tasks
26/03/02 03:39:34 INFO mapred.LocalJobRunner: Starting task: attempt_local269308443_0011_r_000000_0
26/03/02 03:39:34 INFO output.FileOutputCommitter: File Output Committer Algorithm version is 1
26/03/02 03:39:34 INFO mapred.Task:  Using ResourceCalculatorProcessTree : [ ]
26/03/02 03:39:34 INFO mapred.ReduceTask: Using ShuffleConsumerPlugin: org.apache.hadoop.mapreduce.task.reduce.Shuffle@69fe1b54
26/03/02 03:39:34 INFO reduce.MergeManagerImpl: MergerManager: memoryLimit=334338464, maxSingleShuffleLimit=83584616, mergeThreshold=220663392, ioSortFactor=10, memToMemMergeOutputsThreshold=10
26/03/02 03:39:34 INFO reduce.EventFetcher: attempt_local269308443_0011_r_000000_0 Thread started: EventFetcher for fetching Map Completion Events
26/03/02 03:39:34 INFO reduce.LocalFetcher: localfetcher#41 about to shuffle output of map attempt_local269308443_0011_m_000000_0 decomp: 10654634 len: 10654638 to MEMORY
26/03/02 03:39:34 INFO reduce.InMemoryMapOutput: Read 10654634 bytes from map-output for attempt_local269308443_0011_m_000000_0
26/03/02 03:39:34 INFO reduce.MergeManagerImpl: closeInMemoryFile -> map-output of size: 10654634, inMemoryMapOutputs.size() -> 1, commitMemory -> 0, usedMemory ->10654634
26/03/02 03:39:34 INFO reduce.EventFetcher: EventFetcher is interrupted.. Returning
26/03/02 03:39:34 INFO mapred.LocalJobRunner: 1 / 1 copied.
26/03/02 03:39:34 INFO reduce.MergeManagerImpl: finalMerge called with 1 in-memory map-outputs and 0 on-disk map-outputs
26/03/02 03:39:34 INFO mapred.Merger: Merging 1 sorted segments
26/03/02 03:39:34 INFO mapred.Merger: Down to the last merge-pass, with 1 segments left of total size: 10654628 bytes
26/03/02 03:39:34 INFO reduce.MergeManagerImpl: Merged 1 segments, 10654634 bytes to disk to satisfy reduce memory limit
26/03/02 03:39:34 INFO reduce.MergeManagerImpl: Merging 1 files, 10654638 bytes from disk
26/03/02 03:39:34 INFO reduce.MergeManagerImpl: Merging 0 segments, 0 bytes from memory into reduce
26/03/02 03:39:34 INFO mapred.Merger: Merging 1 sorted segments
26/03/02 03:39:34 INFO mapred.Merger: Down to the last merge-pass, with 1 segments left of total size: 10654628 bytes
26/03/02 03:39:34 INFO mapred.LocalJobRunner: 1 / 1 copied.
26/03/02 03:39:34 INFO mapred.Task: Task:attempt_local269308443_0011_r_000000_0 is done. And is in the process of committing
26/03/02 03:39:34 INFO mapred.LocalJobRunner: 1 / 1 copied.
26/03/02 03:39:34 INFO mapred.Task: Task attempt_local269308443_0011_r_000000_0 is allowed to commit now
26/03/02 03:39:34 INFO output.FileOutputCommitter: Saved output of task 'attempt_local269308443_0011_r_000000_0' to hdfs://localhost:9000/project2/task2/runs_report_plus/scale500k_basic/iter_11/_temporary/0/task_local269308443_0011_r_000000
26/03/02 03:39:34 INFO mapred.LocalJobRunner: reduce > reduce
26/03/02 03:39:34 INFO mapred.Task: Task 'attempt_local269308443_0011_r_000000_0' done.
26/03/02 03:39:34 INFO mapred.Task: Final Counters for attempt_local269308443_0011_r_000000_0: Counters: 29
	File System Counters
		FILE: Number of bytes read=563030999
		FILE: Number of bytes written=582500804
		FILE: Number of read operations=0
		FILE: Number of large read operations=0
		FILE: Number of write operations=0
		HDFS: Number of bytes read=403594978
		HDFS: Number of bytes written=9501
		HDFS: Number of read operations=584
		HDFS: Number of large read operations=0
		HDFS: Number of write operations=188
	Map-Reduce Framework
		Combine input records=0
		Combine output records=0
		Reduce input groups=2
		Reduce shuffle bytes=10654638
		Reduce input records=197308
		Reduce output records=2
		Spilled Records=197308
		Shuffled Maps =1
		Failed Shuffles=0
		Merged Map outputs=1
		GC time elapsed (ms)=0
		Total committed heap usage (bytes)=464519168
	Shuffle Errors
		BAD_ID=0
		CONNECTION=0
		IO_ERROR=0
		WRONG_LENGTH=0
		WRONG_MAP=0
		WRONG_REDUCE=0
	File Output Format Counters 
		Bytes Written=205
26/03/02 03:39:34 INFO mapred.LocalJobRunner: Finishing task: attempt_local269308443_0011_r_000000_0
26/03/02 03:39:34 INFO mapred.LocalJobRunner: Starting task: attempt_local269308443_0011_r_000001_0
26/03/02 03:39:34 INFO output.FileOutputCommitter: File Output Committer Algorithm version is 1
26/03/02 03:39:34 INFO mapred.Task:  Using ResourceCalculatorProcessTree : [ ]
26/03/02 03:39:34 INFO mapred.ReduceTask: Using ShuffleConsumerPlugin: org.apache.hadoop.mapreduce.task.reduce.Shuffle@3fb9690f
26/03/02 03:39:34 INFO reduce.MergeManagerImpl: MergerManager: memoryLimit=334338464, maxSingleShuffleLimit=83584616, mergeThreshold=220663392, ioSortFactor=10, memToMemMergeOutputsThreshold=10
26/03/02 03:39:34 INFO reduce.EventFetcher: attempt_local269308443_0011_r_000001_0 Thread started: EventFetcher for fetching Map Completion Events
26/03/02 03:39:34 INFO reduce.LocalFetcher: localfetcher#42 about to shuffle output of map attempt_local269308443_0011_m_000000_0 decomp: 5864942 len: 5864946 to MEMORY
26/03/02 03:39:34 INFO reduce.InMemoryMapOutput: Read 5864942 bytes from map-output for attempt_local269308443_0011_m_000000_0
26/03/02 03:39:34 INFO reduce.MergeManagerImpl: closeInMemoryFile -> map-output of size: 5864942, inMemoryMapOutputs.size() -> 1, commitMemory -> 0, usedMemory ->5864942
26/03/02 03:39:34 INFO reduce.EventFetcher: EventFetcher is interrupted.. Returning
26/03/02 03:39:34 INFO mapred.LocalJobRunner: 1 / 1 copied.
26/03/02 03:39:34 INFO reduce.MergeManagerImpl: finalMerge called with 1 in-memory map-outputs and 0 on-disk map-outputs
26/03/02 03:39:34 INFO mapred.Merger: Merging 1 sorted segments
26/03/02 03:39:34 INFO mapred.Merger: Down to the last merge-pass, with 1 segments left of total size: 5864936 bytes
26/03/02 03:39:34 INFO reduce.MergeManagerImpl: Merged 1 segments, 5864942 bytes to disk to satisfy reduce memory limit
26/03/02 03:39:34 INFO reduce.MergeManagerImpl: Merging 1 files, 5864946 bytes from disk
26/03/02 03:39:34 INFO reduce.MergeManagerImpl: Merging 0 segments, 0 bytes from memory into reduce
26/03/02 03:39:34 INFO mapred.Merger: Merging 1 sorted segments
26/03/02 03:39:34 INFO mapred.Merger: Down to the last merge-pass, with 1 segments left of total size: 5864936 bytes
26/03/02 03:39:34 INFO mapred.LocalJobRunner: 1 / 1 copied.
26/03/02 03:39:34 INFO mapred.Task: Task:attempt_local269308443_0011_r_000001_0 is done. And is in the process of committing
26/03/02 03:39:34 INFO mapred.LocalJobRunner: 1 / 1 copied.
26/03/02 03:39:34 INFO mapred.Task: Task attempt_local269308443_0011_r_000001_0 is allowed to commit now
26/03/02 03:39:34 INFO output.FileOutputCommitter: Saved output of task 'attempt_local269308443_0011_r_000001_0' to hdfs://localhost:9000/project2/task2/runs_report_plus/scale500k_basic/iter_11/_temporary/0/task_local269308443_0011_r_000001
26/03/02 03:39:34 INFO mapred.LocalJobRunner: reduce > reduce
26/03/02 03:39:34 INFO mapred.Task: Task 'attempt_local269308443_0011_r_000001_0' done.
26/03/02 03:39:34 INFO mapred.Task: Final Counters for attempt_local269308443_0011_r_000001_0: Counters: 29
	File System Counters
		FILE: Number of bytes read=574765087
		FILE: Number of bytes written=588365750
		FILE: Number of read operations=0
		FILE: Number of large read operations=0
		FILE: Number of write operations=0
		HDFS: Number of bytes read=403594978
		HDFS: Number of bytes written=9604
		HDFS: Number of read operations=587
		HDFS: Number of large read operations=0
		HDFS: Number of write operations=190
	Map-Reduce Framework
		Combine input records=0
		Combine output records=0
		Reduce input groups=1
		Reduce shuffle bytes=5864946
		Reduce input records=108610
		Reduce output records=1
		Spilled Records=108610
		Shuffled Maps =1
		Failed Shuffles=0
		Merged Map outputs=1
		GC time elapsed (ms)=0
		Total committed heap usage (bytes)=464519168
	Shuffle Errors
		BAD_ID=0
		CONNECTION=0
		IO_ERROR=0
		WRONG_LENGTH=0
		WRONG_MAP=0
		WRONG_REDUCE=0
	File Output Format Counters 
		Bytes Written=103
26/03/02 03:39:34 INFO mapred.LocalJobRunner: Finishing task: attempt_local269308443_0011_r_000001_0
26/03/02 03:39:34 INFO mapred.LocalJobRunner: Starting task: attempt_local269308443_0011_r_000002_0
26/03/02 03:39:34 INFO output.FileOutputCommitter: File Output Committer Algorithm version is 1
26/03/02 03:39:34 INFO mapred.Task:  Using ResourceCalculatorProcessTree : [ ]
26/03/02 03:39:34 INFO mapred.ReduceTask: Using ShuffleConsumerPlugin: org.apache.hadoop.mapreduce.task.reduce.Shuffle@47bff25a
26/03/02 03:39:34 INFO reduce.MergeManagerImpl: MergerManager: memoryLimit=334338464, maxSingleShuffleLimit=83584616, mergeThreshold=220663392, ioSortFactor=10, memToMemMergeOutputsThreshold=10
26/03/02 03:39:34 INFO reduce.EventFetcher: attempt_local269308443_0011_r_000002_0 Thread started: EventFetcher for fetching Map Completion Events
26/03/02 03:39:34 INFO reduce.LocalFetcher: localfetcher#43 about to shuffle output of map attempt_local269308443_0011_m_000000_0 decomp: 5128220 len: 5128224 to MEMORY
26/03/02 03:39:34 INFO reduce.InMemoryMapOutput: Read 5128220 bytes from map-output for attempt_local269308443_0011_m_000000_0
26/03/02 03:39:34 INFO reduce.MergeManagerImpl: closeInMemoryFile -> map-output of size: 5128220, inMemoryMapOutputs.size() -> 1, commitMemory -> 0, usedMemory ->5128220
26/03/02 03:39:34 INFO reduce.EventFetcher: EventFetcher is interrupted.. Returning
26/03/02 03:39:34 INFO mapred.LocalJobRunner: 1 / 1 copied.
26/03/02 03:39:34 INFO reduce.MergeManagerImpl: finalMerge called with 1 in-memory map-outputs and 0 on-disk map-outputs
26/03/02 03:39:34 INFO mapred.Merger: Merging 1 sorted segments
26/03/02 03:39:34 INFO mapred.Merger: Down to the last merge-pass, with 1 segments left of total size: 5128214 bytes
26/03/02 03:39:34 INFO mapreduce.Job: Job job_local269308443_0011 running in uber mode : false
26/03/02 03:39:34 INFO mapreduce.Job:  map 100% reduce 50%
26/03/02 03:39:34 INFO reduce.MergeManagerImpl: Merged 1 segments, 5128220 bytes to disk to satisfy reduce memory limit
26/03/02 03:39:34 INFO reduce.MergeManagerImpl: Merging 1 files, 5128224 bytes from disk
26/03/02 03:39:34 INFO reduce.MergeManagerImpl: Merging 0 segments, 0 bytes from memory into reduce
26/03/02 03:39:34 INFO mapred.Merger: Merging 1 sorted segments
26/03/02 03:39:34 INFO mapred.Merger: Down to the last merge-pass, with 1 segments left of total size: 5128214 bytes
26/03/02 03:39:34 INFO mapred.LocalJobRunner: 1 / 1 copied.
26/03/02 03:39:34 INFO mapred.Task: Task:attempt_local269308443_0011_r_000002_0 is done. And is in the process of committing
26/03/02 03:39:34 INFO mapred.LocalJobRunner: 1 / 1 copied.
26/03/02 03:39:34 INFO mapred.Task: Task attempt_local269308443_0011_r_000002_0 is allowed to commit now
26/03/02 03:39:34 INFO output.FileOutputCommitter: Saved output of task 'attempt_local269308443_0011_r_000002_0' to hdfs://localhost:9000/project2/task2/runs_report_plus/scale500k_basic/iter_11/_temporary/0/task_local269308443_0011_r_000002
26/03/02 03:39:34 INFO mapred.LocalJobRunner: reduce > reduce
26/03/02 03:39:34 INFO mapred.Task: Task 'attempt_local269308443_0011_r_000002_0' done.
26/03/02 03:39:34 INFO mapred.Task: Final Counters for attempt_local269308443_0011_r_000002_0: Counters: 29
	File System Counters
		FILE: Number of bytes read=585025731
		FILE: Number of bytes written=593493974
		FILE: Number of read operations=0
		FILE: Number of large read operations=0
		FILE: Number of write operations=0
		HDFS: Number of bytes read=403594978
		HDFS: Number of bytes written=9708
		HDFS: Number of read operations=590
		HDFS: Number of large read operations=0
		HDFS: Number of write operations=192
	Map-Reduce Framework
		Combine input records=0
		Combine output records=0
		Reduce input groups=1
		Reduce shuffle bytes=5128224
		Reduce input records=94967
		Reduce output records=1
		Spilled Records=94967
		Shuffled Maps =1
		Failed Shuffles=0
		Merged Map outputs=1
		GC time elapsed (ms)=0
		Total committed heap usage (bytes)=464519168
	Shuffle Errors
		BAD_ID=0
		CONNECTION=0
		IO_ERROR=0
		WRONG_LENGTH=0
		WRONG_MAP=0
		WRONG_REDUCE=0
	File Output Format Counters 
		Bytes Written=104
26/03/02 03:39:34 INFO mapred.LocalJobRunner: Finishing task: attempt_local269308443_0011_r_000002_0
26/03/02 03:39:34 INFO mapred.LocalJobRunner: Starting task: attempt_local269308443_0011_r_000003_0
26/03/02 03:39:34 INFO output.FileOutputCommitter: File Output Committer Algorithm version is 1
26/03/02 03:39:34 INFO mapred.Task:  Using ResourceCalculatorProcessTree : [ ]
26/03/02 03:39:34 INFO mapred.ReduceTask: Using ShuffleConsumerPlugin: org.apache.hadoop.mapreduce.task.reduce.Shuffle@322ef5b4
26/03/02 03:39:34 INFO reduce.MergeManagerImpl: MergerManager: memoryLimit=334338464, maxSingleShuffleLimit=83584616, mergeThreshold=220663392, ioSortFactor=10, memToMemMergeOutputsThreshold=10
26/03/02 03:39:34 INFO reduce.EventFetcher: attempt_local269308443_0011_r_000003_0 Thread started: EventFetcher for fetching Map Completion Events
26/03/02 03:39:34 INFO reduce.LocalFetcher: localfetcher#44 about to shuffle output of map attempt_local269308443_0011_m_000000_0 decomp: 5352212 len: 5352216 to MEMORY
26/03/02 03:39:34 INFO reduce.InMemoryMapOutput: Read 5352212 bytes from map-output for attempt_local269308443_0011_m_000000_0
26/03/02 03:39:34 INFO reduce.MergeManagerImpl: closeInMemoryFile -> map-output of size: 5352212, inMemoryMapOutputs.size() -> 1, commitMemory -> 0, usedMemory ->5352212
26/03/02 03:39:34 INFO reduce.EventFetcher: EventFetcher is interrupted.. Returning
26/03/02 03:39:34 INFO mapred.LocalJobRunner: 1 / 1 copied.
26/03/02 03:39:34 INFO reduce.MergeManagerImpl: finalMerge called with 1 in-memory map-outputs and 0 on-disk map-outputs
26/03/02 03:39:34 INFO mapred.Merger: Merging 1 sorted segments
26/03/02 03:39:34 INFO mapred.Merger: Down to the last merge-pass, with 1 segments left of total size: 5352206 bytes
26/03/02 03:39:34 INFO reduce.MergeManagerImpl: Merged 1 segments, 5352212 bytes to disk to satisfy reduce memory limit
26/03/02 03:39:34 INFO reduce.MergeManagerImpl: Merging 1 files, 5352216 bytes from disk
26/03/02 03:39:34 INFO reduce.MergeManagerImpl: Merging 0 segments, 0 bytes from memory into reduce
26/03/02 03:39:34 INFO mapred.Merger: Merging 1 sorted segments
26/03/02 03:39:34 INFO mapred.Merger: Down to the last merge-pass, with 1 segments left of total size: 5352206 bytes
26/03/02 03:39:34 INFO mapred.LocalJobRunner: 1 / 1 copied.
26/03/02 03:39:34 INFO mapred.Task: Task:attempt_local269308443_0011_r_000003_0 is done. And is in the process of committing
26/03/02 03:39:34 INFO mapred.LocalJobRunner: 1 / 1 copied.
26/03/02 03:39:34 INFO mapred.Task: Task attempt_local269308443_0011_r_000003_0 is allowed to commit now
26/03/02 03:39:34 INFO output.FileOutputCommitter: Saved output of task 'attempt_local269308443_0011_r_000003_0' to hdfs://localhost:9000/project2/task2/runs_report_plus/scale500k_basic/iter_11/_temporary/0/task_local269308443_0011_r_000003
26/03/02 03:39:34 INFO mapred.LocalJobRunner: reduce > reduce
26/03/02 03:39:34 INFO mapred.Task: Task 'attempt_local269308443_0011_r_000003_0' done.
26/03/02 03:39:34 INFO mapred.Task: Final Counters for attempt_local269308443_0011_r_000003_0: Counters: 29
	File System Counters
		FILE: Number of bytes read=595730267
		FILE: Number of bytes written=598846190
		FILE: Number of read operations=0
		FILE: Number of large read operations=0
		FILE: Number of write operations=0
		HDFS: Number of bytes read=403594978
		HDFS: Number of bytes written=9811
		HDFS: Number of read operations=593
		HDFS: Number of large read operations=0
		HDFS: Number of write operations=194
	Map-Reduce Framework
		Combine input records=0
		Combine output records=0
		Reduce input groups=1
		Reduce shuffle bytes=5352216
		Reduce input records=99115
		Reduce output records=1
		Spilled Records=99115
		Shuffled Maps =1
		Failed Shuffles=0
		Merged Map outputs=1
		GC time elapsed (ms)=7
		Total committed heap usage (bytes)=464519168
	Shuffle Errors
		BAD_ID=0
		CONNECTION=0
		IO_ERROR=0
		WRONG_LENGTH=0
		WRONG_MAP=0
		WRONG_REDUCE=0
	File Output Format Counters 
		Bytes Written=103
26/03/02 03:39:34 INFO mapred.LocalJobRunner: Finishing task: attempt_local269308443_0011_r_000003_0
26/03/02 03:39:34 INFO mapred.LocalJobRunner: reduce task executor complete.
26/03/02 03:39:35 INFO mapreduce.Job:  map 100% reduce 100%
26/03/02 03:39:35 INFO mapreduce.Job: Job job_local269308443_0011 completed successfully
26/03/02 03:39:35 INFO mapreduce.Job: Counters: 35
	File System Counters
		FILE: Number of bytes read=2860269611
		FILE: Number of bytes written=2935052884
		FILE: Number of read operations=0
		FILE: Number of large read operations=0
		FILE: Number of write operations=0
		HDFS: Number of bytes read=2017974890
		HDFS: Number of bytes written=47920
		HDFS: Number of read operations=2935
		HDFS: Number of large read operations=0
		HDFS: Number of write operations=950
	Map-Reduce Framework
		Map input records=500000
		Map output records=500000
		Map output bytes=26000000
		Map output materialized bytes=27000024
		Input split bytes=123
		Combine input records=0
		Combine output records=0
		Reduce input groups=5
		Reduce shuffle bytes=27000024
		Reduce input records=500000
		Reduce output records=5
		Spilled Records=1000000
		Shuffled Maps =4
		Failed Shuffles=0
		Merged Map outputs=4
		GC time elapsed (ms)=19
		Total committed heap usage (bytes)=2322595840
	Shuffle Errors
		BAD_ID=0
		CONNECTION=0
		IO_ERROR=0
		WRONG_LENGTH=0
		WRONG_MAP=0
		WRONG_REDUCE=0
	File Input Format Counters 
		Bytes Read=36688385
	File Output Format Counters 
		Bytes Written=515
26/03/02 03:39:35 INFO jvm.JvmMetrics: Cannot initialize JVM Metrics with processName=JobTracker, sessionId= - already initialized
26/03/02 03:39:35 WARN mapreduce.JobResourceUploader: Hadoop command-line option parsing not performed. Implement the Tool interface and execute your application with ToolRunner to remedy this.
26/03/02 03:39:35 INFO input.FileInputFormat: Total input paths to process : 1
26/03/02 03:39:35 INFO mapreduce.JobSubmitter: number of splits:1
26/03/02 03:39:35 INFO mapreduce.JobSubmitter: Submitting tokens for job: job_local490368769_0012
26/03/02 03:39:35 INFO mapred.LocalDistributedCacheManager: Creating symlink: /tmp/hadoop-ds503/mapred/local/1772422775492/centers_iter_11.csv <- /home/ds503/centers_iter_11.csv
26/03/02 03:39:35 INFO mapred.LocalDistributedCacheManager: Localized hdfs://localhost:9000/project2/task2/runs_report_plus/scale500k_basic/centers_iter_11.csv as file:/tmp/hadoop-ds503/mapred/local/1772422775492/centers_iter_11.csv
26/03/02 03:39:35 INFO mapreduce.Job: The url to track the job: http://localhost:8080/
26/03/02 03:39:35 INFO mapreduce.Job: Running job: job_local490368769_0012
26/03/02 03:39:35 INFO mapred.LocalJobRunner: OutputCommitter set in config null
26/03/02 03:39:35 INFO output.FileOutputCommitter: File Output Committer Algorithm version is 1
26/03/02 03:39:35 INFO mapred.LocalJobRunner: OutputCommitter is org.apache.hadoop.mapreduce.lib.output.FileOutputCommitter
26/03/02 03:39:35 INFO mapred.LocalJobRunner: Waiting for map tasks
26/03/02 03:39:35 INFO mapred.LocalJobRunner: Starting task: attempt_local490368769_0012_m_000000_0
26/03/02 03:39:35 INFO output.FileOutputCommitter: File Output Committer Algorithm version is 1
26/03/02 03:39:35 INFO mapred.Task:  Using ResourceCalculatorProcessTree : [ ]
26/03/02 03:39:35 INFO mapred.MapTask: Processing split: hdfs://localhost:9000/project2/task2/input/points_500k.csv:0+36688385
26/03/02 03:39:35 INFO mapred.MapTask: (EQUATOR) 0 kvi 26214396(104857584)
26/03/02 03:39:35 INFO mapred.MapTask: mapreduce.task.io.sort.mb: 100
26/03/02 03:39:35 INFO mapred.MapTask: soft limit at 83886080
26/03/02 03:39:35 INFO mapred.MapTask: bufstart = 0; bufvoid = 104857600
26/03/02 03:39:35 INFO mapred.MapTask: kvstart = 26214396; length = 6553600
26/03/02 03:39:35 INFO mapred.MapTask: Map output collector class = org.apache.hadoop.mapred.MapTask$MapOutputBuffer
26/03/02 03:39:36 INFO mapred.LocalJobRunner: 
26/03/02 03:39:36 INFO mapred.MapTask: Starting flush of map output
26/03/02 03:39:36 INFO mapred.MapTask: Spilling map output
26/03/02 03:39:36 INFO mapred.MapTask: bufstart = 0; bufend = 26000000; bufvoid = 104857600
26/03/02 03:39:36 INFO mapred.MapTask: kvstart = 26214396(104857584); kvend = 24214400(96857600); length = 1999997/6553600
26/03/02 03:39:36 INFO mapred.MapTask: Finished spill 0
26/03/02 03:39:36 INFO mapred.Task: Task:attempt_local490368769_0012_m_000000_0 is done. And is in the process of committing
26/03/02 03:39:36 INFO mapred.LocalJobRunner: map
26/03/02 03:39:36 INFO mapred.Task: Task 'attempt_local490368769_0012_m_000000_0' done.
26/03/02 03:39:36 INFO mapred.Task: Final Counters for attempt_local490368769_0012_m_000000_0: Counters: 22
	File System Counters
		FILE: Number of bytes read=595874824
		FILE: Number of bytes written=626286009
		FILE: Number of read operations=0
		FILE: Number of large read operations=0
		FILE: Number of write operations=0
		HDFS: Number of bytes read=440285515
		HDFS: Number of bytes written=10185
		HDFS: Number of read operations=637
		HDFS: Number of large read operations=0
		HDFS: Number of write operations=204
	Map-Reduce Framework
		Map input records=500000
		Map output records=500000
		Map output bytes=26000000
		Map output materialized bytes=27000024
		Input split bytes=123
		Combine input records=0
		Spilled Records=500000
		Failed Shuffles=0
		Merged Map outputs=0
		GC time elapsed (ms)=176
		Total committed heap usage (bytes)=366477312
	File Input Format Counters 
		Bytes Read=36688385
26/03/02 03:39:36 INFO mapred.LocalJobRunner: Finishing task: attempt_local490368769_0012_m_000000_0
26/03/02 03:39:36 INFO mapred.LocalJobRunner: map task executor complete.
26/03/02 03:39:36 INFO mapred.LocalJobRunner: Waiting for reduce tasks
26/03/02 03:39:36 INFO mapred.LocalJobRunner: Starting task: attempt_local490368769_0012_r_000000_0
26/03/02 03:39:36 INFO output.FileOutputCommitter: File Output Committer Algorithm version is 1
26/03/02 03:39:36 INFO mapred.Task:  Using ResourceCalculatorProcessTree : [ ]
26/03/02 03:39:36 INFO mapred.ReduceTask: Using ShuffleConsumerPlugin: org.apache.hadoop.mapreduce.task.reduce.Shuffle@3fd9f0ac
26/03/02 03:39:36 INFO reduce.MergeManagerImpl: MergerManager: memoryLimit=334338464, maxSingleShuffleLimit=83584616, mergeThreshold=220663392, ioSortFactor=10, memToMemMergeOutputsThreshold=10
26/03/02 03:39:36 INFO reduce.EventFetcher: attempt_local490368769_0012_r_000000_0 Thread started: EventFetcher for fetching Map Completion Events
26/03/02 03:39:36 INFO reduce.LocalFetcher: localfetcher#45 about to shuffle output of map attempt_local490368769_0012_m_000000_0 decomp: 10665002 len: 10665006 to MEMORY
26/03/02 03:39:36 INFO reduce.InMemoryMapOutput: Read 10665002 bytes from map-output for attempt_local490368769_0012_m_000000_0
26/03/02 03:39:36 INFO reduce.MergeManagerImpl: closeInMemoryFile -> map-output of size: 10665002, inMemoryMapOutputs.size() -> 1, commitMemory -> 0, usedMemory ->10665002
26/03/02 03:39:36 INFO reduce.EventFetcher: EventFetcher is interrupted.. Returning
26/03/02 03:39:36 INFO mapred.LocalJobRunner: 1 / 1 copied.
26/03/02 03:39:36 INFO reduce.MergeManagerImpl: finalMerge called with 1 in-memory map-outputs and 0 on-disk map-outputs
26/03/02 03:39:36 INFO mapred.Merger: Merging 1 sorted segments
26/03/02 03:39:36 INFO mapred.Merger: Down to the last merge-pass, with 1 segments left of total size: 10664996 bytes
26/03/02 03:39:36 INFO mapreduce.Job: Job job_local490368769_0012 running in uber mode : false
26/03/02 03:39:36 INFO mapreduce.Job:  map 100% reduce 0%
26/03/02 03:39:36 INFO reduce.MergeManagerImpl: Merged 1 segments, 10665002 bytes to disk to satisfy reduce memory limit
26/03/02 03:39:36 INFO reduce.MergeManagerImpl: Merging 1 files, 10665006 bytes from disk
26/03/02 03:39:36 INFO reduce.MergeManagerImpl: Merging 0 segments, 0 bytes from memory into reduce
26/03/02 03:39:36 INFO mapred.Merger: Merging 1 sorted segments
26/03/02 03:39:36 INFO mapred.Merger: Down to the last merge-pass, with 1 segments left of total size: 10664996 bytes
26/03/02 03:39:36 INFO mapred.LocalJobRunner: 1 / 1 copied.
26/03/02 03:39:36 INFO mapred.Task: Task:attempt_local490368769_0012_r_000000_0 is done. And is in the process of committing
26/03/02 03:39:36 INFO mapred.LocalJobRunner: 1 / 1 copied.
26/03/02 03:39:36 INFO mapred.Task: Task attempt_local490368769_0012_r_000000_0 is allowed to commit now
26/03/02 03:39:36 INFO output.FileOutputCommitter: Saved output of task 'attempt_local490368769_0012_r_000000_0' to hdfs://localhost:9000/project2/task2/runs_report_plus/scale500k_basic/iter_12/_temporary/0/task_local490368769_0012_r_000000
26/03/02 03:39:36 INFO mapred.LocalJobRunner: reduce > reduce
26/03/02 03:39:36 INFO mapred.Task: Task 'attempt_local490368769_0012_r_000000_0' done.
26/03/02 03:39:36 INFO mapred.Task: Final Counters for attempt_local490368769_0012_r_000000_0: Counters: 29
	File System Counters
		FILE: Number of bytes read=617209032
		FILE: Number of bytes written=636951015
		FILE: Number of read operations=0
		FILE: Number of large read operations=0
		FILE: Number of write operations=0
		HDFS: Number of bytes read=440285515
		HDFS: Number of bytes written=10392
		HDFS: Number of read operations=640
		HDFS: Number of large read operations=0
		HDFS: Number of write operations=206
	Map-Reduce Framework
		Combine input records=0
		Combine output records=0
		Reduce input groups=2
		Reduce shuffle bytes=10665006
		Reduce input records=197500
		Reduce output records=2
		Spilled Records=197500
		Shuffled Maps =1
		Failed Shuffles=0
		Merged Map outputs=1
		GC time elapsed (ms)=1
		Total committed heap usage (bytes)=366477312
	Shuffle Errors
		BAD_ID=0
		CONNECTION=0
		IO_ERROR=0
		WRONG_LENGTH=0
		WRONG_MAP=0
		WRONG_REDUCE=0
	File Output Format Counters 
		Bytes Written=207
26/03/02 03:39:36 INFO mapred.LocalJobRunner: Finishing task: attempt_local490368769_0012_r_000000_0
26/03/02 03:39:36 INFO mapred.LocalJobRunner: Starting task: attempt_local490368769_0012_r_000001_0
26/03/02 03:39:36 INFO output.FileOutputCommitter: File Output Committer Algorithm version is 1
26/03/02 03:39:36 INFO mapred.Task:  Using ResourceCalculatorProcessTree : [ ]
26/03/02 03:39:36 INFO mapred.ReduceTask: Using ShuffleConsumerPlugin: org.apache.hadoop.mapreduce.task.reduce.Shuffle@8fd124
26/03/02 03:39:36 INFO reduce.MergeManagerImpl: MergerManager: memoryLimit=334338464, maxSingleShuffleLimit=83584616, mergeThreshold=220663392, ioSortFactor=10, memToMemMergeOutputsThreshold=10
26/03/02 03:39:36 INFO reduce.EventFetcher: attempt_local490368769_0012_r_000001_0 Thread started: EventFetcher for fetching Map Completion Events
26/03/02 03:39:36 INFO reduce.LocalFetcher: localfetcher#46 about to shuffle output of map attempt_local490368769_0012_m_000000_0 decomp: 5810078 len: 5810082 to MEMORY
26/03/02 03:39:36 INFO reduce.InMemoryMapOutput: Read 5810078 bytes from map-output for attempt_local490368769_0012_m_000000_0
26/03/02 03:39:36 INFO reduce.MergeManagerImpl: closeInMemoryFile -> map-output of size: 5810078, inMemoryMapOutputs.size() -> 1, commitMemory -> 0, usedMemory ->5810078
26/03/02 03:39:36 INFO reduce.EventFetcher: EventFetcher is interrupted.. Returning
26/03/02 03:39:36 INFO mapred.LocalJobRunner: 1 / 1 copied.
26/03/02 03:39:36 INFO reduce.MergeManagerImpl: finalMerge called with 1 in-memory map-outputs and 0 on-disk map-outputs
26/03/02 03:39:36 INFO mapred.Merger: Merging 1 sorted segments
26/03/02 03:39:36 INFO mapred.Merger: Down to the last merge-pass, with 1 segments left of total size: 5810072 bytes
26/03/02 03:39:36 INFO reduce.MergeManagerImpl: Merged 1 segments, 5810078 bytes to disk to satisfy reduce memory limit
26/03/02 03:39:36 INFO reduce.MergeManagerImpl: Merging 1 files, 5810082 bytes from disk
26/03/02 03:39:36 INFO reduce.MergeManagerImpl: Merging 0 segments, 0 bytes from memory into reduce
26/03/02 03:39:36 INFO mapred.Merger: Merging 1 sorted segments
26/03/02 03:39:36 INFO mapred.Merger: Down to the last merge-pass, with 1 segments left of total size: 5810072 bytes
26/03/02 03:39:36 INFO mapred.LocalJobRunner: 1 / 1 copied.
26/03/02 03:39:36 INFO mapred.Task: Task:attempt_local490368769_0012_r_000001_0 is done. And is in the process of committing
26/03/02 03:39:36 INFO mapred.LocalJobRunner: 1 / 1 copied.
26/03/02 03:39:36 INFO mapred.Task: Task attempt_local490368769_0012_r_000001_0 is allowed to commit now
26/03/02 03:39:36 INFO output.FileOutputCommitter: Saved output of task 'attempt_local490368769_0012_r_000001_0' to hdfs://localhost:9000/project2/task2/runs_report_plus/scale500k_basic/iter_12/_temporary/0/task_local490368769_0012_r_000001
26/03/02 03:39:36 INFO mapred.LocalJobRunner: reduce > reduce
26/03/02 03:39:36 INFO mapred.Task: Task 'attempt_local490368769_0012_r_000001_0' done.
26/03/02 03:39:36 INFO mapred.Task: Final Counters for attempt_local490368769_0012_r_000001_0: Counters: 29
	File System Counters
		FILE: Number of bytes read=628833392
		FILE: Number of bytes written=642761097
		FILE: Number of read operations=0
		FILE: Number of large read operations=0
		FILE: Number of write operations=0
		HDFS: Number of bytes read=440285515
		HDFS: Number of bytes written=10494
		HDFS: Number of read operations=643
		HDFS: Number of large read operations=0
		HDFS: Number of write operations=208
	Map-Reduce Framework
		Combine input records=0
		Combine output records=0
		Reduce input groups=1
		Reduce shuffle bytes=5810082
		Reduce input records=107594
		Reduce output records=1
		Spilled Records=107594
		Shuffled Maps =1
		Failed Shuffles=0
		Merged Map outputs=1
		GC time elapsed (ms)=0
		Total committed heap usage (bytes)=366477312
	Shuffle Errors
		BAD_ID=0
		CONNECTION=0
		IO_ERROR=0
		WRONG_LENGTH=0
		WRONG_MAP=0
		WRONG_REDUCE=0
	File Output Format Counters 
		Bytes Written=102
26/03/02 03:39:36 INFO mapred.LocalJobRunner: Finishing task: attempt_local490368769_0012_r_000001_0
26/03/02 03:39:36 INFO mapred.LocalJobRunner: Starting task: attempt_local490368769_0012_r_000002_0
26/03/02 03:39:36 INFO output.FileOutputCommitter: File Output Committer Algorithm version is 1
26/03/02 03:39:36 INFO mapred.Task:  Using ResourceCalculatorProcessTree : [ ]
26/03/02 03:39:36 INFO mapred.ReduceTask: Using ShuffleConsumerPlugin: org.apache.hadoop.mapreduce.task.reduce.Shuffle@78df3bb7
26/03/02 03:39:36 INFO reduce.MergeManagerImpl: MergerManager: memoryLimit=334338464, maxSingleShuffleLimit=83584616, mergeThreshold=220663392, ioSortFactor=10, memToMemMergeOutputsThreshold=10
26/03/02 03:39:36 INFO reduce.EventFetcher: attempt_local490368769_0012_r_000002_0 Thread started: EventFetcher for fetching Map Completion Events
26/03/02 03:39:36 INFO reduce.LocalFetcher: localfetcher#47 about to shuffle output of map attempt_local490368769_0012_m_000000_0 decomp: 5157272 len: 5157276 to MEMORY
26/03/02 03:39:36 INFO reduce.InMemoryMapOutput: Read 5157272 bytes from map-output for attempt_local490368769_0012_m_000000_0
26/03/02 03:39:36 INFO reduce.MergeManagerImpl: closeInMemoryFile -> map-output of size: 5157272, inMemoryMapOutputs.size() -> 1, commitMemory -> 0, usedMemory ->5157272
26/03/02 03:39:36 INFO reduce.EventFetcher: EventFetcher is interrupted.. Returning
26/03/02 03:39:36 INFO mapred.LocalJobRunner: 1 / 1 copied.
26/03/02 03:39:36 INFO reduce.MergeManagerImpl: finalMerge called with 1 in-memory map-outputs and 0 on-disk map-outputs
26/03/02 03:39:36 INFO mapred.Merger: Merging 1 sorted segments
26/03/02 03:39:36 INFO mapred.Merger: Down to the last merge-pass, with 1 segments left of total size: 5157266 bytes
26/03/02 03:39:36 INFO reduce.MergeManagerImpl: Merged 1 segments, 5157272 bytes to disk to satisfy reduce memory limit
26/03/02 03:39:36 INFO reduce.MergeManagerImpl: Merging 1 files, 5157276 bytes from disk
26/03/02 03:39:36 INFO reduce.MergeManagerImpl: Merging 0 segments, 0 bytes from memory into reduce
26/03/02 03:39:36 INFO mapred.Merger: Merging 1 sorted segments
26/03/02 03:39:36 INFO mapred.Merger: Down to the last merge-pass, with 1 segments left of total size: 5157266 bytes
26/03/02 03:39:36 INFO mapred.LocalJobRunner: 1 / 1 copied.
26/03/02 03:39:36 INFO mapred.Task: Task:attempt_local490368769_0012_r_000002_0 is done. And is in the process of committing
26/03/02 03:39:36 INFO mapred.LocalJobRunner: 1 / 1 copied.
26/03/02 03:39:36 INFO mapred.Task: Task attempt_local490368769_0012_r_000002_0 is allowed to commit now
26/03/02 03:39:36 INFO output.FileOutputCommitter: Saved output of task 'attempt_local490368769_0012_r_000002_0' to hdfs://localhost:9000/project2/task2/runs_report_plus/scale500k_basic/iter_12/_temporary/0/task_local490368769_0012_r_000002
26/03/02 03:39:36 INFO mapred.LocalJobRunner: reduce > reduce
26/03/02 03:39:36 INFO mapred.Task: Task 'attempt_local490368769_0012_r_000002_0' done.
26/03/02 03:39:36 INFO mapred.Task: Final Counters for attempt_local490368769_0012_r_000002_0: Counters: 29
	File System Counters
		FILE: Number of bytes read=639152140
		FILE: Number of bytes written=647918373
		FILE: Number of read operations=0
		FILE: Number of large read operations=0
		FILE: Number of write operations=0
		HDFS: Number of bytes read=440285515
		HDFS: Number of bytes written=10598
		HDFS: Number of read operations=646
		HDFS: Number of large read operations=0
		HDFS: Number of write operations=210
	Map-Reduce Framework
		Combine input records=0
		Combine output records=0
		Reduce input groups=1
		Reduce shuffle bytes=5157276
		Reduce input records=95505
		Reduce output records=1
		Spilled Records=95505
		Shuffled Maps =1
		Failed Shuffles=0
		Merged Map outputs=1
		GC time elapsed (ms)=0
		Total committed heap usage (bytes)=366477312
	Shuffle Errors
		BAD_ID=0
		CONNECTION=0
		IO_ERROR=0
		WRONG_LENGTH=0
		WRONG_MAP=0
		WRONG_REDUCE=0
	File Output Format Counters 
		Bytes Written=104
26/03/02 03:39:36 INFO mapred.LocalJobRunner: Finishing task: attempt_local490368769_0012_r_000002_0
26/03/02 03:39:36 INFO mapred.LocalJobRunner: Starting task: attempt_local490368769_0012_r_000003_0
26/03/02 03:39:36 INFO output.FileOutputCommitter: File Output Committer Algorithm version is 1
26/03/02 03:39:36 INFO mapred.Task:  Using ResourceCalculatorProcessTree : [ ]
26/03/02 03:39:36 INFO mapred.ReduceTask: Using ShuffleConsumerPlugin: org.apache.hadoop.mapreduce.task.reduce.Shuffle@6e740987
26/03/02 03:39:36 INFO reduce.MergeManagerImpl: MergerManager: memoryLimit=334338464, maxSingleShuffleLimit=83584616, mergeThreshold=220663392, ioSortFactor=10, memToMemMergeOutputsThreshold=10
26/03/02 03:39:36 INFO reduce.EventFetcher: attempt_local490368769_0012_r_000003_0 Thread started: EventFetcher for fetching Map Completion Events
26/03/02 03:39:36 INFO reduce.LocalFetcher: localfetcher#48 about to shuffle output of map attempt_local490368769_0012_m_000000_0 decomp: 5367656 len: 5367660 to MEMORY
26/03/02 03:39:36 INFO reduce.InMemoryMapOutput: Read 5367656 bytes from map-output for attempt_local490368769_0012_m_000000_0
26/03/02 03:39:36 INFO reduce.MergeManagerImpl: closeInMemoryFile -> map-output of size: 5367656, inMemoryMapOutputs.size() -> 1, commitMemory -> 0, usedMemory ->5367656
26/03/02 03:39:36 INFO reduce.EventFetcher: EventFetcher is interrupted.. Returning
26/03/02 03:39:36 INFO mapred.LocalJobRunner: 1 / 1 copied.
26/03/02 03:39:36 INFO reduce.MergeManagerImpl: finalMerge called with 1 in-memory map-outputs and 0 on-disk map-outputs
26/03/02 03:39:36 INFO mapred.Merger: Merging 1 sorted segments
26/03/02 03:39:36 INFO mapred.Merger: Down to the last merge-pass, with 1 segments left of total size: 5367650 bytes
26/03/02 03:39:36 INFO reduce.MergeManagerImpl: Merged 1 segments, 5367656 bytes to disk to satisfy reduce memory limit
26/03/02 03:39:36 INFO reduce.MergeManagerImpl: Merging 1 files, 5367660 bytes from disk
26/03/02 03:39:36 INFO reduce.MergeManagerImpl: Merging 0 segments, 0 bytes from memory into reduce
26/03/02 03:39:36 INFO mapred.Merger: Merging 1 sorted segments
26/03/02 03:39:36 INFO mapred.Merger: Down to the last merge-pass, with 1 segments left of total size: 5367650 bytes
26/03/02 03:39:36 INFO mapred.LocalJobRunner: 1 / 1 copied.
26/03/02 03:39:36 INFO mapred.Task: Task:attempt_local490368769_0012_r_000003_0 is done. And is in the process of committing
26/03/02 03:39:36 INFO mapred.LocalJobRunner: 1 / 1 copied.
26/03/02 03:39:36 INFO mapred.Task: Task attempt_local490368769_0012_r_000003_0 is allowed to commit now
26/03/02 03:39:36 INFO output.FileOutputCommitter: Saved output of task 'attempt_local490368769_0012_r_000003_0' to hdfs://localhost:9000/project2/task2/runs_report_plus/scale500k_basic/iter_12/_temporary/0/task_local490368769_0012_r_000003
26/03/02 03:39:36 INFO mapred.LocalJobRunner: reduce > reduce
26/03/02 03:39:36 INFO mapred.Task: Task 'attempt_local490368769_0012_r_000003_0' done.
26/03/02 03:39:36 INFO mapred.Task: Final Counters for attempt_local490368769_0012_r_000003_0: Counters: 29
	File System Counters
		FILE: Number of bytes read=649887564
		FILE: Number of bytes written=653286033
		FILE: Number of read operations=0
		FILE: Number of large read operations=0
		FILE: Number of write operations=0
		HDFS: Number of bytes read=440285515
		HDFS: Number of bytes written=10698
		HDFS: Number of read operations=649
		HDFS: Number of large read operations=0
		HDFS: Number of write operations=212
	Map-Reduce Framework
		Combine input records=0
		Combine output records=0
		Reduce input groups=1
		Reduce shuffle bytes=5367660
		Reduce input records=99401
		Reduce output records=1
		Spilled Records=99401
		Shuffled Maps =1
		Failed Shuffles=0
		Merged Map outputs=1
		GC time elapsed (ms)=0
		Total committed heap usage (bytes)=366477312
	Shuffle Errors
		BAD_ID=0
		CONNECTION=0
		IO_ERROR=0
		WRONG_LENGTH=0
		WRONG_MAP=0
		WRONG_REDUCE=0
	File Output Format Counters 
		Bytes Written=100
26/03/02 03:39:36 INFO mapred.LocalJobRunner: Finishing task: attempt_local490368769_0012_r_000003_0
26/03/02 03:39:36 INFO mapred.LocalJobRunner: reduce task executor complete.
26/03/02 03:39:39 INFO mapreduce.Job:  map 100% reduce 100%
26/03/02 03:39:39 INFO mapreduce.Job: Job job_local490368769_0012 completed successfully
26/03/02 03:39:39 INFO mapreduce.Job: Counters: 35
	File System Counters
		FILE: Number of bytes read=3130956952
		FILE: Number of bytes written=3207202527
		FILE: Number of read operations=0
		FILE: Number of large read operations=0
		FILE: Number of write operations=0
		HDFS: Number of bytes read=2201427575
		HDFS: Number of bytes written=52367
		HDFS: Number of read operations=3215
		HDFS: Number of large read operations=0
		HDFS: Number of write operations=1040
	Map-Reduce Framework
		Map input records=500000
		Map output records=500000
		Map output bytes=26000000
		Map output materialized bytes=27000024
		Input split bytes=123
		Combine input records=0
		Combine output records=0
		Reduce input groups=5
		Reduce shuffle bytes=27000024
		Reduce input records=500000
		Reduce output records=5
		Spilled Records=1000000
		Shuffled Maps =4
		Failed Shuffles=0
		Merged Map outputs=4
		GC time elapsed (ms)=177
		Total committed heap usage (bytes)=1832386560
	Shuffle Errors
		BAD_ID=0
		CONNECTION=0
		IO_ERROR=0
		WRONG_LENGTH=0
		WRONG_MAP=0
		WRONG_REDUCE=0
	File Input Format Counters 
		Bytes Read=36688385
	File Output Format Counters 
		Bytes Written=513
26/03/02 03:39:39 INFO jvm.JvmMetrics: Cannot initialize JVM Metrics with processName=JobTracker, sessionId= - already initialized
26/03/02 03:39:39 WARN mapreduce.JobResourceUploader: Hadoop command-line option parsing not performed. Implement the Tool interface and execute your application with ToolRunner to remedy this.
26/03/02 03:39:39 INFO input.FileInputFormat: Total input paths to process : 1
26/03/02 03:39:39 INFO mapreduce.JobSubmitter: number of splits:1
26/03/02 03:39:39 INFO mapreduce.JobSubmitter: Submitting tokens for job: job_local1428693665_0013
26/03/02 03:39:39 INFO mapred.LocalDistributedCacheManager: Creating symlink: /tmp/hadoop-ds503/mapred/local/1772422779180/centers_iter_12.csv <- /home/ds503/centers_iter_12.csv
26/03/02 03:39:39 INFO mapred.LocalDistributedCacheManager: Localized hdfs://localhost:9000/project2/task2/runs_report_plus/scale500k_basic/centers_iter_12.csv as file:/tmp/hadoop-ds503/mapred/local/1772422779180/centers_iter_12.csv
26/03/02 03:39:39 INFO mapreduce.Job: The url to track the job: http://localhost:8080/
26/03/02 03:39:39 INFO mapreduce.Job: Running job: job_local1428693665_0013
26/03/02 03:39:39 INFO mapred.LocalJobRunner: OutputCommitter set in config null
26/03/02 03:39:39 INFO output.FileOutputCommitter: File Output Committer Algorithm version is 1
26/03/02 03:39:39 INFO mapred.LocalJobRunner: OutputCommitter is org.apache.hadoop.mapreduce.lib.output.FileOutputCommitter
26/03/02 03:39:39 INFO mapred.LocalJobRunner: Waiting for map tasks
26/03/02 03:39:39 INFO mapred.LocalJobRunner: Starting task: attempt_local1428693665_0013_m_000000_0
26/03/02 03:39:39 INFO output.FileOutputCommitter: File Output Committer Algorithm version is 1
26/03/02 03:39:39 INFO mapred.Task:  Using ResourceCalculatorProcessTree : [ ]
26/03/02 03:39:39 INFO mapred.MapTask: Processing split: hdfs://localhost:9000/project2/task2/input/points_500k.csv:0+36688385
26/03/02 03:39:39 INFO mapred.MapTask: (EQUATOR) 0 kvi 26214396(104857584)
26/03/02 03:39:39 INFO mapred.MapTask: mapreduce.task.io.sort.mb: 100
26/03/02 03:39:39 INFO mapred.MapTask: soft limit at 83886080
26/03/02 03:39:39 INFO mapred.MapTask: bufstart = 0; bufvoid = 104857600
26/03/02 03:39:39 INFO mapred.MapTask: kvstart = 26214396; length = 6553600
26/03/02 03:39:39 INFO mapred.MapTask: Map output collector class = org.apache.hadoop.mapred.MapTask$MapOutputBuffer
26/03/02 03:39:39 INFO mapred.LocalJobRunner: 
26/03/02 03:39:39 INFO mapred.MapTask: Starting flush of map output
26/03/02 03:39:39 INFO mapred.MapTask: Spilling map output
26/03/02 03:39:39 INFO mapred.MapTask: bufstart = 0; bufend = 26000000; bufvoid = 104857600
26/03/02 03:39:39 INFO mapred.MapTask: kvstart = 26214396(104857584); kvend = 24214400(96857600); length = 1999997/6553600
26/03/02 03:39:40 INFO mapred.MapTask: Finished spill 0
26/03/02 03:39:40 INFO mapred.Task: Task:attempt_local1428693665_0013_m_000000_0 is done. And is in the process of committing
26/03/02 03:39:40 INFO mapred.LocalJobRunner: map
26/03/02 03:39:40 INFO mapred.Task: Task 'attempt_local1428693665_0013_m_000000_0' done.
26/03/02 03:39:40 INFO mapred.Task: Final Counters for attempt_local1428693665_0013_m_000000_0: Counters: 22
	File System Counters
		FILE: Number of bytes read=650032121
		FILE: Number of bytes written=680727438
		FILE: Number of read operations=0
		FILE: Number of large read operations=0
		FILE: Number of write operations=0
		HDFS: Number of bytes read=476976048
		HDFS: Number of bytes written=11072
		HDFS: Number of read operations=693
		HDFS: Number of large read operations=0
		HDFS: Number of write operations=222
	Map-Reduce Framework
		Map input records=500000
		Map output records=500000
		Map output bytes=26000000
		Map output materialized bytes=27000024
		Input split bytes=123
		Combine input records=0
		Spilled Records=500000
		Failed Shuffles=0
		Merged Map outputs=0
		GC time elapsed (ms)=12
		Total committed heap usage (bytes)=471859200
	File Input Format Counters 
		Bytes Read=36688385
26/03/02 03:39:40 INFO mapred.LocalJobRunner: Finishing task: attempt_local1428693665_0013_m_000000_0
26/03/02 03:39:40 INFO mapred.LocalJobRunner: map task executor complete.
26/03/02 03:39:40 INFO mapred.LocalJobRunner: Waiting for reduce tasks
26/03/02 03:39:40 INFO mapred.LocalJobRunner: Starting task: attempt_local1428693665_0013_r_000000_0
26/03/02 03:39:40 INFO output.FileOutputCommitter: File Output Committer Algorithm version is 1
26/03/02 03:39:40 INFO mapred.Task:  Using ResourceCalculatorProcessTree : [ ]
26/03/02 03:39:40 INFO mapred.ReduceTask: Using ShuffleConsumerPlugin: org.apache.hadoop.mapreduce.task.reduce.Shuffle@436b81a
26/03/02 03:39:40 INFO reduce.MergeManagerImpl: MergerManager: memoryLimit=334338464, maxSingleShuffleLimit=83584616, mergeThreshold=220663392, ioSortFactor=10, memToMemMergeOutputsThreshold=10
26/03/02 03:39:40 INFO reduce.EventFetcher: attempt_local1428693665_0013_r_000000_0 Thread started: EventFetcher for fetching Map Completion Events
26/03/02 03:39:40 INFO reduce.LocalFetcher: localfetcher#49 about to shuffle output of map attempt_local1428693665_0013_m_000000_0 decomp: 10670510 len: 10670514 to MEMORY
26/03/02 03:39:40 INFO reduce.InMemoryMapOutput: Read 10670510 bytes from map-output for attempt_local1428693665_0013_m_000000_0
26/03/02 03:39:40 INFO reduce.MergeManagerImpl: closeInMemoryFile -> map-output of size: 10670510, inMemoryMapOutputs.size() -> 1, commitMemory -> 0, usedMemory ->10670510
26/03/02 03:39:40 INFO reduce.EventFetcher: EventFetcher is interrupted.. Returning
26/03/02 03:39:40 INFO mapred.LocalJobRunner: 1 / 1 copied.
26/03/02 03:39:40 INFO reduce.MergeManagerImpl: finalMerge called with 1 in-memory map-outputs and 0 on-disk map-outputs
26/03/02 03:39:40 INFO mapred.Merger: Merging 1 sorted segments
26/03/02 03:39:40 INFO mapred.Merger: Down to the last merge-pass, with 1 segments left of total size: 10670504 bytes
26/03/02 03:39:40 INFO reduce.MergeManagerImpl: Merged 1 segments, 10670510 bytes to disk to satisfy reduce memory limit
26/03/02 03:39:40 INFO reduce.MergeManagerImpl: Merging 1 files, 10670514 bytes from disk
26/03/02 03:39:40 INFO reduce.MergeManagerImpl: Merging 0 segments, 0 bytes from memory into reduce
26/03/02 03:39:40 INFO mapred.Merger: Merging 1 sorted segments
26/03/02 03:39:40 INFO mapred.Merger: Down to the last merge-pass, with 1 segments left of total size: 10670504 bytes
26/03/02 03:39:40 INFO mapred.LocalJobRunner: 1 / 1 copied.
26/03/02 03:39:40 INFO mapred.Task: Task:attempt_local1428693665_0013_r_000000_0 is done. And is in the process of committing
26/03/02 03:39:40 INFO mapred.LocalJobRunner: 1 / 1 copied.
26/03/02 03:39:40 INFO mapred.Task: Task attempt_local1428693665_0013_r_000000_0 is allowed to commit now
26/03/02 03:39:40 INFO output.FileOutputCommitter: Saved output of task 'attempt_local1428693665_0013_r_000000_0' to hdfs://localhost:9000/project2/task2/runs_report_plus/scale500k_basic/iter_13/_temporary/0/task_local1428693665_0013_r_000000
26/03/02 03:39:40 INFO mapred.LocalJobRunner: reduce > reduce
26/03/02 03:39:40 INFO mapred.Task: Task 'attempt_local1428693665_0013_r_000000_0' done.
26/03/02 03:39:40 INFO mapred.Task: Final Counters for attempt_local1428693665_0013_r_000000_0: Counters: 29
	File System Counters
		FILE: Number of bytes read=671377345
		FILE: Number of bytes written=691397952
		FILE: Number of read operations=0
		FILE: Number of large read operations=0
		FILE: Number of write operations=0
		HDFS: Number of bytes read=476976048
		HDFS: Number of bytes written=11280
		HDFS: Number of read operations=696
		HDFS: Number of large read operations=0
		HDFS: Number of write operations=224
	Map-Reduce Framework
		Combine input records=0
		Combine output records=0
		Reduce input groups=2
		Reduce shuffle bytes=10670514
		Reduce input records=197602
		Reduce output records=2
		Spilled Records=197602
		Shuffled Maps =1
		Failed Shuffles=0
		Merged Map outputs=1
		GC time elapsed (ms)=0
		Total committed heap usage (bytes)=471859200
	Shuffle Errors
		BAD_ID=0
		CONNECTION=0
		IO_ERROR=0
		WRONG_LENGTH=0
		WRONG_MAP=0
		WRONG_REDUCE=0
	File Output Format Counters 
		Bytes Written=208
26/03/02 03:39:40 INFO mapred.LocalJobRunner: Finishing task: attempt_local1428693665_0013_r_000000_0
26/03/02 03:39:40 INFO mapred.LocalJobRunner: Starting task: attempt_local1428693665_0013_r_000001_0
26/03/02 03:39:40 INFO output.FileOutputCommitter: File Output Committer Algorithm version is 1
26/03/02 03:39:40 INFO mapred.Task:  Using ResourceCalculatorProcessTree : [ ]
26/03/02 03:39:40 INFO mapred.ReduceTask: Using ShuffleConsumerPlugin: org.apache.hadoop.mapreduce.task.reduce.Shuffle@7a0bcbdc
26/03/02 03:39:40 INFO reduce.MergeManagerImpl: MergerManager: memoryLimit=334338464, maxSingleShuffleLimit=83584616, mergeThreshold=220663392, ioSortFactor=10, memToMemMergeOutputsThreshold=10
26/03/02 03:39:40 INFO reduce.EventFetcher: attempt_local1428693665_0013_r_000001_0 Thread started: EventFetcher for fetching Map Completion Events
26/03/02 03:39:40 INFO reduce.LocalFetcher: localfetcher#50 about to shuffle output of map attempt_local1428693665_0013_m_000000_0 decomp: 5766284 len: 5766288 to MEMORY
26/03/02 03:39:40 INFO reduce.InMemoryMapOutput: Read 5766284 bytes from map-output for attempt_local1428693665_0013_m_000000_0
26/03/02 03:39:40 INFO reduce.MergeManagerImpl: closeInMemoryFile -> map-output of size: 5766284, inMemoryMapOutputs.size() -> 1, commitMemory -> 0, usedMemory ->5766284
26/03/02 03:39:40 INFO reduce.EventFetcher: EventFetcher is interrupted.. Returning
26/03/02 03:39:40 INFO mapred.LocalJobRunner: 1 / 1 copied.
26/03/02 03:39:40 INFO reduce.MergeManagerImpl: finalMerge called with 1 in-memory map-outputs and 0 on-disk map-outputs
26/03/02 03:39:40 INFO mapred.Merger: Merging 1 sorted segments
26/03/02 03:39:40 INFO mapred.Merger: Down to the last merge-pass, with 1 segments left of total size: 5766278 bytes
26/03/02 03:39:40 INFO reduce.MergeManagerImpl: Merged 1 segments, 5766284 bytes to disk to satisfy reduce memory limit
26/03/02 03:39:40 INFO reduce.MergeManagerImpl: Merging 1 files, 5766288 bytes from disk
26/03/02 03:39:40 INFO reduce.MergeManagerImpl: Merging 0 segments, 0 bytes from memory into reduce
26/03/02 03:39:40 INFO mapred.Merger: Merging 1 sorted segments
26/03/02 03:39:40 INFO mapred.Merger: Down to the last merge-pass, with 1 segments left of total size: 5766278 bytes
26/03/02 03:39:40 INFO mapred.LocalJobRunner: 1 / 1 copied.
26/03/02 03:39:40 INFO mapred.Task: Task:attempt_local1428693665_0013_r_000001_0 is done. And is in the process of committing
26/03/02 03:39:40 INFO mapred.LocalJobRunner: 1 / 1 copied.
26/03/02 03:39:40 INFO mapred.Task: Task attempt_local1428693665_0013_r_000001_0 is allowed to commit now
26/03/02 03:39:40 INFO output.FileOutputCommitter: Saved output of task 'attempt_local1428693665_0013_r_000001_0' to hdfs://localhost:9000/project2/task2/runs_report_plus/scale500k_basic/iter_13/_temporary/0/task_local1428693665_0013_r_000001
26/03/02 03:39:40 INFO mapred.LocalJobRunner: reduce > reduce
26/03/02 03:39:40 INFO mapred.Task: Task 'attempt_local1428693665_0013_r_000001_0' done.
26/03/02 03:39:40 INFO mapred.Task: Final Counters for attempt_local1428693665_0013_r_000001_0: Counters: 29
	File System Counters
		FILE: Number of bytes read=682914117
		FILE: Number of bytes written=697164240
		FILE: Number of read operations=0
		FILE: Number of large read operations=0
		FILE: Number of write operations=0
		HDFS: Number of bytes read=476976048
		HDFS: Number of bytes written=11383
		HDFS: Number of read operations=699
		HDFS: Number of large read operations=0
		HDFS: Number of write operations=226
	Map-Reduce Framework
		Combine input records=0
		Combine output records=0
		Reduce input groups=1
		Reduce shuffle bytes=5766288
		Reduce input records=106783
		Reduce output records=1
		Spilled Records=106783
		Shuffled Maps =1
		Failed Shuffles=0
		Merged Map outputs=1
		GC time elapsed (ms)=0
		Total committed heap usage (bytes)=471859200
	Shuffle Errors
		BAD_ID=0
		CONNECTION=0
		IO_ERROR=0
		WRONG_LENGTH=0
		WRONG_MAP=0
		WRONG_REDUCE=0
	File Output Format Counters 
		Bytes Written=103
26/03/02 03:39:40 INFO mapred.LocalJobRunner: Finishing task: attempt_local1428693665_0013_r_000001_0
26/03/02 03:39:40 INFO mapred.LocalJobRunner: Starting task: attempt_local1428693665_0013_r_000002_0
26/03/02 03:39:40 INFO output.FileOutputCommitter: File Output Committer Algorithm version is 1
26/03/02 03:39:40 INFO mapred.Task:  Using ResourceCalculatorProcessTree : [ ]
26/03/02 03:39:40 INFO mapred.ReduceTask: Using ShuffleConsumerPlugin: org.apache.hadoop.mapreduce.task.reduce.Shuffle@2e07df7
26/03/02 03:39:40 INFO reduce.MergeManagerImpl: MergerManager: memoryLimit=334338464, maxSingleShuffleLimit=83584616, mergeThreshold=220663392, ioSortFactor=10, memToMemMergeOutputsThreshold=10
26/03/02 03:39:40 INFO reduce.EventFetcher: attempt_local1428693665_0013_r_000002_0 Thread started: EventFetcher for fetching Map Completion Events
26/03/02 03:39:40 INFO reduce.LocalFetcher: localfetcher#51 about to shuffle output of map attempt_local1428693665_0013_m_000000_0 decomp: 5185730 len: 5185734 to MEMORY
26/03/02 03:39:40 INFO reduce.InMemoryMapOutput: Read 5185730 bytes from map-output for attempt_local1428693665_0013_m_000000_0
26/03/02 03:39:40 INFO reduce.MergeManagerImpl: closeInMemoryFile -> map-output of size: 5185730, inMemoryMapOutputs.size() -> 1, commitMemory -> 0, usedMemory ->5185730
26/03/02 03:39:40 INFO reduce.EventFetcher: EventFetcher is interrupted.. Returning
26/03/02 03:39:40 INFO mapred.LocalJobRunner: 1 / 1 copied.
26/03/02 03:39:40 INFO reduce.MergeManagerImpl: finalMerge called with 1 in-memory map-outputs and 0 on-disk map-outputs
26/03/02 03:39:40 INFO mapred.Merger: Merging 1 sorted segments
26/03/02 03:39:40 INFO mapred.Merger: Down to the last merge-pass, with 1 segments left of total size: 5185724 bytes
26/03/02 03:39:40 INFO mapreduce.Job: Job job_local1428693665_0013 running in uber mode : false
26/03/02 03:39:40 INFO mapreduce.Job:  map 100% reduce 50%
26/03/02 03:39:40 INFO reduce.MergeManagerImpl: Merged 1 segments, 5185730 bytes to disk to satisfy reduce memory limit
26/03/02 03:39:40 INFO reduce.MergeManagerImpl: Merging 1 files, 5185734 bytes from disk
26/03/02 03:39:40 INFO reduce.MergeManagerImpl: Merging 0 segments, 0 bytes from memory into reduce
26/03/02 03:39:40 INFO mapred.Merger: Merging 1 sorted segments
26/03/02 03:39:40 INFO mapred.Merger: Down to the last merge-pass, with 1 segments left of total size: 5185724 bytes
26/03/02 03:39:40 INFO mapred.LocalJobRunner: 1 / 1 copied.
26/03/02 03:39:40 INFO mapred.Task: Task:attempt_local1428693665_0013_r_000002_0 is done. And is in the process of committing
26/03/02 03:39:40 INFO mapred.LocalJobRunner: 1 / 1 copied.
26/03/02 03:39:40 INFO mapred.Task: Task attempt_local1428693665_0013_r_000002_0 is allowed to commit now
26/03/02 03:39:40 INFO output.FileOutputCommitter: Saved output of task 'attempt_local1428693665_0013_r_000002_0' to hdfs://localhost:9000/project2/task2/runs_report_plus/scale500k_basic/iter_13/_temporary/0/task_local1428693665_0013_r_000002
26/03/02 03:39:40 INFO mapred.LocalJobRunner: reduce > reduce
26/03/02 03:39:40 INFO mapred.Task: Task 'attempt_local1428693665_0013_r_000002_0' done.
26/03/02 03:39:40 INFO mapred.Task: Final Counters for attempt_local1428693665_0013_r_000002_0: Counters: 29
	File System Counters
		FILE: Number of bytes read=693289781
		FILE: Number of bytes written=702349974
		FILE: Number of read operations=0
		FILE: Number of large read operations=0
		FILE: Number of write operations=0
		HDFS: Number of bytes read=476976048
		HDFS: Number of bytes written=11485
		HDFS: Number of read operations=702
		HDFS: Number of large read operations=0
		HDFS: Number of write operations=228
	Map-Reduce Framework
		Combine input records=0
		Combine output records=0
		Reduce input groups=1
		Reduce shuffle bytes=5185734
		Reduce input records=96032
		Reduce output records=1
		Spilled Records=96032
		Shuffled Maps =1
		Failed Shuffles=0
		Merged Map outputs=1
		GC time elapsed (ms)=1
		Total committed heap usage (bytes)=471859200
	Shuffle Errors
		BAD_ID=0
		CONNECTION=0
		IO_ERROR=0
		WRONG_LENGTH=0
		WRONG_MAP=0
		WRONG_REDUCE=0
	File Output Format Counters 
		Bytes Written=102
26/03/02 03:39:40 INFO mapred.LocalJobRunner: Finishing task: attempt_local1428693665_0013_r_000002_0
26/03/02 03:39:40 INFO mapred.LocalJobRunner: Starting task: attempt_local1428693665_0013_r_000003_0
26/03/02 03:39:40 INFO output.FileOutputCommitter: File Output Committer Algorithm version is 1
26/03/02 03:39:40 INFO mapred.Task:  Using ResourceCalculatorProcessTree : [ ]
26/03/02 03:39:40 INFO mapred.ReduceTask: Using ShuffleConsumerPlugin: org.apache.hadoop.mapreduce.task.reduce.Shuffle@f92c813
26/03/02 03:39:40 INFO reduce.MergeManagerImpl: MergerManager: memoryLimit=334338464, maxSingleShuffleLimit=83584616, mergeThreshold=220663392, ioSortFactor=10, memToMemMergeOutputsThreshold=10
26/03/02 03:39:40 INFO reduce.EventFetcher: attempt_local1428693665_0013_r_000003_0 Thread started: EventFetcher for fetching Map Completion Events
26/03/02 03:39:40 INFO reduce.LocalFetcher: localfetcher#52 about to shuffle output of map attempt_local1428693665_0013_m_000000_0 decomp: 5377484 len: 5377488 to MEMORY
26/03/02 03:39:40 INFO reduce.InMemoryMapOutput: Read 5377484 bytes from map-output for attempt_local1428693665_0013_m_000000_0
26/03/02 03:39:40 INFO reduce.MergeManagerImpl: closeInMemoryFile -> map-output of size: 5377484, inMemoryMapOutputs.size() -> 1, commitMemory -> 0, usedMemory ->5377484
26/03/02 03:39:40 INFO reduce.EventFetcher: EventFetcher is interrupted.. Returning
26/03/02 03:39:40 INFO mapred.LocalJobRunner: 1 / 1 copied.
26/03/02 03:39:40 INFO reduce.MergeManagerImpl: finalMerge called with 1 in-memory map-outputs and 0 on-disk map-outputs
26/03/02 03:39:40 INFO mapred.Merger: Merging 1 sorted segments
26/03/02 03:39:40 INFO mapred.Merger: Down to the last merge-pass, with 1 segments left of total size: 5377478 bytes
26/03/02 03:39:40 INFO reduce.MergeManagerImpl: Merged 1 segments, 5377484 bytes to disk to satisfy reduce memory limit
26/03/02 03:39:40 INFO reduce.MergeManagerImpl: Merging 1 files, 5377488 bytes from disk
26/03/02 03:39:40 INFO reduce.MergeManagerImpl: Merging 0 segments, 0 bytes from memory into reduce
26/03/02 03:39:40 INFO mapred.Merger: Merging 1 sorted segments
26/03/02 03:39:40 INFO mapred.Merger: Down to the last merge-pass, with 1 segments left of total size: 5377478 bytes
26/03/02 03:39:40 INFO mapred.LocalJobRunner: 1 / 1 copied.
26/03/02 03:39:40 INFO mapred.Task: Task:attempt_local1428693665_0013_r_000003_0 is done. And is in the process of committing
26/03/02 03:39:40 INFO mapred.LocalJobRunner: 1 / 1 copied.
26/03/02 03:39:40 INFO mapred.Task: Task attempt_local1428693665_0013_r_000003_0 is allowed to commit now
26/03/02 03:39:40 INFO output.FileOutputCommitter: Saved output of task 'attempt_local1428693665_0013_r_000003_0' to hdfs://localhost:9000/project2/task2/runs_report_plus/scale500k_basic/iter_13/_temporary/0/task_local1428693665_0013_r_000003
26/03/02 03:39:40 INFO mapred.LocalJobRunner: reduce > reduce
26/03/02 03:39:40 INFO mapred.Task: Task 'attempt_local1428693665_0013_r_000003_0' done.
26/03/02 03:39:40 INFO mapred.Task: Final Counters for attempt_local1428693665_0013_r_000003_0: Counters: 29
	File System Counters
		FILE: Number of bytes read=704044861
		FILE: Number of bytes written=707727462
		FILE: Number of read operations=0
		FILE: Number of large read operations=0
		FILE: Number of write operations=0
		HDFS: Number of bytes read=476976048
		HDFS: Number of bytes written=11587
		HDFS: Number of read operations=705
		HDFS: Number of large read operations=0
		HDFS: Number of write operations=230
	Map-Reduce Framework
		Combine input records=0
		Combine output records=0
		Reduce input groups=1
		Reduce shuffle bytes=5377488
		Reduce input records=99583
		Reduce output records=1
		Spilled Records=99583
		Shuffled Maps =1
		Failed Shuffles=0
		Merged Map outputs=1
		GC time elapsed (ms)=0
		Total committed heap usage (bytes)=471859200
	Shuffle Errors
		BAD_ID=0
		CONNECTION=0
		IO_ERROR=0
		WRONG_LENGTH=0
		WRONG_MAP=0
		WRONG_REDUCE=0
	File Output Format Counters 
		Bytes Written=102
26/03/02 03:39:40 INFO mapred.LocalJobRunner: Finishing task: attempt_local1428693665_0013_r_000003_0
26/03/02 03:39:40 INFO mapred.LocalJobRunner: reduce task executor complete.
26/03/02 03:39:41 INFO mapreduce.Job:  map 100% reduce 100%
26/03/02 03:39:41 INFO mapreduce.Job: Job job_local1428693665_0013 completed successfully
26/03/02 03:39:41 INFO mapreduce.Job: Counters: 35
	File System Counters
		FILE: Number of bytes read=3401658225
		FILE: Number of bytes written=3479367066
		FILE: Number of read operations=0
		FILE: Number of large read operations=0
		FILE: Number of write operations=0
		HDFS: Number of bytes read=2384880240
		HDFS: Number of bytes written=56807
		HDFS: Number of read operations=3495
		HDFS: Number of large read operations=0
		HDFS: Number of write operations=1130
	Map-Reduce Framework
		Map input records=500000
		Map output records=500000
		Map output bytes=26000000
		Map output materialized bytes=27000024
		Input split bytes=123
		Combine input records=0
		Combine output records=0
		Reduce input groups=5
		Reduce shuffle bytes=27000024
		Reduce input records=500000
		Reduce output records=5
		Spilled Records=1000000
		Shuffled Maps =4
		Failed Shuffles=0
		Merged Map outputs=4
		GC time elapsed (ms)=13
		Total committed heap usage (bytes)=2359296000
	Shuffle Errors
		BAD_ID=0
		CONNECTION=0
		IO_ERROR=0
		WRONG_LENGTH=0
		WRONG_MAP=0
		WRONG_REDUCE=0
	File Input Format Counters 
		Bytes Read=36688385
	File Output Format Counters 
		Bytes Written=515
26/03/02 03:39:41 INFO jvm.JvmMetrics: Cannot initialize JVM Metrics with processName=JobTracker, sessionId= - already initialized
26/03/02 03:39:41 WARN mapreduce.JobResourceUploader: Hadoop command-line option parsing not performed. Implement the Tool interface and execute your application with ToolRunner to remedy this.
26/03/02 03:39:41 INFO input.FileInputFormat: Total input paths to process : 1
26/03/02 03:39:41 INFO mapreduce.JobSubmitter: number of splits:1
26/03/02 03:39:41 INFO mapreduce.JobSubmitter: Submitting tokens for job: job_local1481331249_0014
26/03/02 03:39:41 INFO mapred.LocalDistributedCacheManager: Creating symlink: /tmp/hadoop-ds503/mapred/local/1772422781258/centers_iter_13.csv <- /home/ds503/centers_iter_13.csv
26/03/02 03:39:41 INFO mapred.LocalDistributedCacheManager: Localized hdfs://localhost:9000/project2/task2/runs_report_plus/scale500k_basic/centers_iter_13.csv as file:/tmp/hadoop-ds503/mapred/local/1772422781258/centers_iter_13.csv
26/03/02 03:39:41 INFO mapreduce.Job: The url to track the job: http://localhost:8080/
26/03/02 03:39:41 INFO mapreduce.Job: Running job: job_local1481331249_0014
26/03/02 03:39:41 INFO mapred.LocalJobRunner: OutputCommitter set in config null
26/03/02 03:39:41 INFO output.FileOutputCommitter: File Output Committer Algorithm version is 1
26/03/02 03:39:41 INFO mapred.LocalJobRunner: OutputCommitter is org.apache.hadoop.mapreduce.lib.output.FileOutputCommitter
26/03/02 03:39:41 INFO mapred.LocalJobRunner: Waiting for map tasks
26/03/02 03:39:41 INFO mapred.LocalJobRunner: Starting task: attempt_local1481331249_0014_m_000000_0
26/03/02 03:39:41 INFO output.FileOutputCommitter: File Output Committer Algorithm version is 1
26/03/02 03:39:41 INFO mapred.Task:  Using ResourceCalculatorProcessTree : [ ]
26/03/02 03:39:41 INFO mapred.MapTask: Processing split: hdfs://localhost:9000/project2/task2/input/points_500k.csv:0+36688385
26/03/02 03:39:41 INFO mapred.MapTask: (EQUATOR) 0 kvi 26214396(104857584)
26/03/02 03:39:41 INFO mapred.MapTask: mapreduce.task.io.sort.mb: 100
26/03/02 03:39:41 INFO mapred.MapTask: soft limit at 83886080
26/03/02 03:39:41 INFO mapred.MapTask: bufstart = 0; bufvoid = 104857600
26/03/02 03:39:41 INFO mapred.MapTask: kvstart = 26214396; length = 6553600
26/03/02 03:39:41 INFO mapred.MapTask: Map output collector class = org.apache.hadoop.mapred.MapTask$MapOutputBuffer
26/03/02 03:39:42 INFO mapred.LocalJobRunner: 
26/03/02 03:39:42 INFO mapred.MapTask: Starting flush of map output
26/03/02 03:39:42 INFO mapred.MapTask: Spilling map output
26/03/02 03:39:42 INFO mapred.MapTask: bufstart = 0; bufend = 26000000; bufvoid = 104857600
26/03/02 03:39:42 INFO mapred.MapTask: kvstart = 26214396(104857584); kvend = 24214400(96857600); length = 1999997/6553600
26/03/02 03:39:42 INFO mapreduce.Job: Job job_local1481331249_0014 running in uber mode : false
26/03/02 03:39:42 INFO mapreduce.Job:  map 0% reduce 0%
26/03/02 03:39:42 INFO mapred.MapTask: Finished spill 0
26/03/02 03:39:42 INFO mapred.Task: Task:attempt_local1481331249_0014_m_000000_0 is done. And is in the process of committing
26/03/02 03:39:42 INFO mapred.LocalJobRunner: map
26/03/02 03:39:42 INFO mapred.Task: Task 'attempt_local1481331249_0014_m_000000_0' done.
26/03/02 03:39:42 INFO mapred.Task: Final Counters for attempt_local1481331249_0014_m_000000_0: Counters: 22
	File System Counters
		FILE: Number of bytes read=704189418
		FILE: Number of bytes written=735168869
		FILE: Number of read operations=0
		FILE: Number of large read operations=0
		FILE: Number of write operations=0
		HDFS: Number of bytes read=513666589
		HDFS: Number of bytes written=11963
		HDFS: Number of read operations=749
		HDFS: Number of large read operations=0
		HDFS: Number of write operations=240
	Map-Reduce Framework
		Map input records=500000
		Map output records=500000
		Map output bytes=26000000
		Map output materialized bytes=27000024
		Input split bytes=123
		Combine input records=0
		Spilled Records=500000
		Failed Shuffles=0
		Merged Map outputs=0
		GC time elapsed (ms)=181
		Total committed heap usage (bytes)=367525888
	File Input Format Counters 
		Bytes Read=36688385
26/03/02 03:39:42 INFO mapred.LocalJobRunner: Finishing task: attempt_local1481331249_0014_m_000000_0
26/03/02 03:39:42 INFO mapred.LocalJobRunner: map task executor complete.
26/03/02 03:39:42 INFO mapred.LocalJobRunner: Waiting for reduce tasks
26/03/02 03:39:42 INFO mapred.LocalJobRunner: Starting task: attempt_local1481331249_0014_r_000000_0
26/03/02 03:39:42 INFO output.FileOutputCommitter: File Output Committer Algorithm version is 1
26/03/02 03:39:42 INFO mapred.Task:  Using ResourceCalculatorProcessTree : [ ]
26/03/02 03:39:42 INFO mapred.ReduceTask: Using ShuffleConsumerPlugin: org.apache.hadoop.mapreduce.task.reduce.Shuffle@51fddea9
26/03/02 03:39:42 INFO reduce.MergeManagerImpl: MergerManager: memoryLimit=334338464, maxSingleShuffleLimit=83584616, mergeThreshold=220663392, ioSortFactor=10, memToMemMergeOutputsThreshold=10
26/03/02 03:39:42 INFO reduce.EventFetcher: attempt_local1481331249_0014_r_000000_0 Thread started: EventFetcher for fetching Map Completion Events
26/03/02 03:39:42 INFO reduce.LocalFetcher: localfetcher#53 about to shuffle output of map attempt_local1481331249_0014_m_000000_0 decomp: 10677962 len: 10677966 to MEMORY
26/03/02 03:39:42 INFO reduce.InMemoryMapOutput: Read 10677962 bytes from map-output for attempt_local1481331249_0014_m_000000_0
26/03/02 03:39:42 INFO reduce.MergeManagerImpl: closeInMemoryFile -> map-output of size: 10677962, inMemoryMapOutputs.size() -> 1, commitMemory -> 0, usedMemory ->10677962
26/03/02 03:39:42 INFO reduce.EventFetcher: EventFetcher is interrupted.. Returning
26/03/02 03:39:42 INFO mapred.LocalJobRunner: 1 / 1 copied.
26/03/02 03:39:42 INFO reduce.MergeManagerImpl: finalMerge called with 1 in-memory map-outputs and 0 on-disk map-outputs
26/03/02 03:39:42 INFO mapred.Merger: Merging 1 sorted segments
26/03/02 03:39:42 INFO mapred.Merger: Down to the last merge-pass, with 1 segments left of total size: 10677956 bytes
26/03/02 03:39:42 INFO reduce.MergeManagerImpl: Merged 1 segments, 10677962 bytes to disk to satisfy reduce memory limit
26/03/02 03:39:42 INFO reduce.MergeManagerImpl: Merging 1 files, 10677966 bytes from disk
26/03/02 03:39:42 INFO reduce.MergeManagerImpl: Merging 0 segments, 0 bytes from memory into reduce
26/03/02 03:39:42 INFO mapred.Merger: Merging 1 sorted segments
26/03/02 03:39:42 INFO mapred.Merger: Down to the last merge-pass, with 1 segments left of total size: 10677956 bytes
26/03/02 03:39:42 INFO mapred.LocalJobRunner: 1 / 1 copied.
26/03/02 03:39:42 INFO mapred.Task: Task:attempt_local1481331249_0014_r_000000_0 is done. And is in the process of committing
26/03/02 03:39:42 INFO mapred.LocalJobRunner: 1 / 1 copied.
26/03/02 03:39:42 INFO mapred.Task: Task attempt_local1481331249_0014_r_000000_0 is allowed to commit now
26/03/02 03:39:42 INFO output.FileOutputCommitter: Saved output of task 'attempt_local1481331249_0014_r_000000_0' to hdfs://localhost:9000/project2/task2/runs_report_plus/scale500k_basic/iter_14/_temporary/0/task_local1481331249_0014_r_000000
26/03/02 03:39:42 INFO mapred.LocalJobRunner: reduce > reduce
26/03/02 03:39:42 INFO mapred.Task: Task 'attempt_local1481331249_0014_r_000000_0' done.
26/03/02 03:39:42 INFO mapred.Task: Final Counters for attempt_local1481331249_0014_r_000000_0: Counters: 29
	File System Counters
		FILE: Number of bytes read=725549546
		FILE: Number of bytes written=745846835
		FILE: Number of read operations=0
		FILE: Number of large read operations=0
		FILE: Number of write operations=0
		HDFS: Number of bytes read=513666589
		HDFS: Number of bytes written=12167
		HDFS: Number of read operations=752
		HDFS: Number of large read operations=0
		HDFS: Number of write operations=242
	Map-Reduce Framework
		Combine input records=0
		Combine output records=0
		Reduce input groups=2
		Reduce shuffle bytes=10677966
		Reduce input records=197740
		Reduce output records=2
		Spilled Records=197740
		Shuffled Maps =1
		Failed Shuffles=0
		Merged Map outputs=1
		GC time elapsed (ms)=2
		Total committed heap usage (bytes)=367525888
	Shuffle Errors
		BAD_ID=0
		CONNECTION=0
		IO_ERROR=0
		WRONG_LENGTH=0
		WRONG_MAP=0
		WRONG_REDUCE=0
	File Output Format Counters 
		Bytes Written=204
26/03/02 03:39:42 INFO mapred.LocalJobRunner: Finishing task: attempt_local1481331249_0014_r_000000_0
26/03/02 03:39:42 INFO mapred.LocalJobRunner: Starting task: attempt_local1481331249_0014_r_000001_0
26/03/02 03:39:42 INFO output.FileOutputCommitter: File Output Committer Algorithm version is 1
26/03/02 03:39:42 INFO mapred.Task:  Using ResourceCalculatorProcessTree : [ ]
26/03/02 03:39:42 INFO mapred.ReduceTask: Using ShuffleConsumerPlugin: org.apache.hadoop.mapreduce.task.reduce.Shuffle@21b0ad22
26/03/02 03:39:42 INFO reduce.MergeManagerImpl: MergerManager: memoryLimit=334338464, maxSingleShuffleLimit=83584616, mergeThreshold=220663392, ioSortFactor=10, memToMemMergeOutputsThreshold=10
26/03/02 03:39:42 INFO reduce.EventFetcher: attempt_local1481331249_0014_r_000001_0 Thread started: EventFetcher for fetching Map Completion Events
26/03/02 03:39:42 INFO reduce.LocalFetcher: localfetcher#54 about to shuffle output of map attempt_local1481331249_0014_m_000000_0 decomp: 5727188 len: 5727192 to MEMORY
26/03/02 03:39:42 INFO reduce.InMemoryMapOutput: Read 5727188 bytes from map-output for attempt_local1481331249_0014_m_000000_0
26/03/02 03:39:42 INFO reduce.MergeManagerImpl: closeInMemoryFile -> map-output of size: 5727188, inMemoryMapOutputs.size() -> 1, commitMemory -> 0, usedMemory ->5727188
26/03/02 03:39:42 INFO reduce.EventFetcher: EventFetcher is interrupted.. Returning
26/03/02 03:39:42 INFO mapred.LocalJobRunner: 1 / 1 copied.
26/03/02 03:39:42 INFO reduce.MergeManagerImpl: finalMerge called with 1 in-memory map-outputs and 0 on-disk map-outputs
26/03/02 03:39:42 INFO mapred.Merger: Merging 1 sorted segments
26/03/02 03:39:42 INFO mapred.Merger: Down to the last merge-pass, with 1 segments left of total size: 5727182 bytes
26/03/02 03:39:42 INFO reduce.MergeManagerImpl: Merged 1 segments, 5727188 bytes to disk to satisfy reduce memory limit
26/03/02 03:39:42 INFO reduce.MergeManagerImpl: Merging 1 files, 5727192 bytes from disk
26/03/02 03:39:42 INFO reduce.MergeManagerImpl: Merging 0 segments, 0 bytes from memory into reduce
26/03/02 03:39:42 INFO mapred.Merger: Merging 1 sorted segments
26/03/02 03:39:42 INFO mapred.Merger: Down to the last merge-pass, with 1 segments left of total size: 5727182 bytes
26/03/02 03:39:42 INFO mapred.LocalJobRunner: 1 / 1 copied.
26/03/02 03:39:42 INFO mapred.Task: Task:attempt_local1481331249_0014_r_000001_0 is done. And is in the process of committing
26/03/02 03:39:42 INFO mapred.LocalJobRunner: 1 / 1 copied.
26/03/02 03:39:42 INFO mapred.Task: Task attempt_local1481331249_0014_r_000001_0 is allowed to commit now
26/03/02 03:39:42 INFO output.FileOutputCommitter: Saved output of task 'attempt_local1481331249_0014_r_000001_0' to hdfs://localhost:9000/project2/task2/runs_report_plus/scale500k_basic/iter_14/_temporary/0/task_local1481331249_0014_r_000001
26/03/02 03:39:42 INFO mapred.LocalJobRunner: reduce > reduce
26/03/02 03:39:42 INFO mapred.Task: Task 'attempt_local1481331249_0014_r_000001_0' done.
26/03/02 03:39:42 INFO mapred.Task: Final Counters for attempt_local1481331249_0014_r_000001_0: Counters: 29
	File System Counters
		FILE: Number of bytes read=737008126
		FILE: Number of bytes written=751574027
		FILE: Number of read operations=0
		FILE: Number of large read operations=0
		FILE: Number of write operations=0
		HDFS: Number of bytes read=513666589
		HDFS: Number of bytes written=12270
		HDFS: Number of read operations=755
		HDFS: Number of large read operations=0
		HDFS: Number of write operations=244
	Map-Reduce Framework
		Combine input records=0
		Combine output records=0
		Reduce input groups=1
		Reduce shuffle bytes=5727192
		Reduce input records=106059
		Reduce output records=1
		Spilled Records=106059
		Shuffled Maps =1
		Failed Shuffles=0
		Merged Map outputs=1
		GC time elapsed (ms)=0
		Total committed heap usage (bytes)=367525888
	Shuffle Errors
		BAD_ID=0
		CONNECTION=0
		IO_ERROR=0
		WRONG_LENGTH=0
		WRONG_MAP=0
		WRONG_REDUCE=0
	File Output Format Counters 
		Bytes Written=103
26/03/02 03:39:42 INFO mapred.LocalJobRunner: Finishing task: attempt_local1481331249_0014_r_000001_0
26/03/02 03:39:42 INFO mapred.LocalJobRunner: Starting task: attempt_local1481331249_0014_r_000002_0
26/03/02 03:39:42 INFO output.FileOutputCommitter: File Output Committer Algorithm version is 1
26/03/02 03:39:42 INFO mapred.Task:  Using ResourceCalculatorProcessTree : [ ]
26/03/02 03:39:42 INFO mapred.ReduceTask: Using ShuffleConsumerPlugin: org.apache.hadoop.mapreduce.task.reduce.Shuffle@598e0db6
26/03/02 03:39:42 INFO reduce.MergeManagerImpl: MergerManager: memoryLimit=334338464, maxSingleShuffleLimit=83584616, mergeThreshold=220663392, ioSortFactor=10, memToMemMergeOutputsThreshold=10
26/03/02 03:39:42 INFO reduce.EventFetcher: attempt_local1481331249_0014_r_000002_0 Thread started: EventFetcher for fetching Map Completion Events
26/03/02 03:39:42 INFO reduce.LocalFetcher: localfetcher#55 about to shuffle output of map attempt_local1481331249_0014_m_000000_0 decomp: 5209760 len: 5209764 to MEMORY
26/03/02 03:39:42 INFO reduce.InMemoryMapOutput: Read 5209760 bytes from map-output for attempt_local1481331249_0014_m_000000_0
26/03/02 03:39:42 INFO reduce.MergeManagerImpl: closeInMemoryFile -> map-output of size: 5209760, inMemoryMapOutputs.size() -> 1, commitMemory -> 0, usedMemory ->5209760
26/03/02 03:39:42 INFO reduce.EventFetcher: EventFetcher is interrupted.. Returning
26/03/02 03:39:42 INFO mapred.LocalJobRunner: 1 / 1 copied.
26/03/02 03:39:42 INFO reduce.MergeManagerImpl: finalMerge called with 1 in-memory map-outputs and 0 on-disk map-outputs
26/03/02 03:39:42 INFO mapred.Merger: Merging 1 sorted segments
26/03/02 03:39:42 INFO mapred.Merger: Down to the last merge-pass, with 1 segments left of total size: 5209754 bytes
26/03/02 03:39:42 INFO reduce.MergeManagerImpl: Merged 1 segments, 5209760 bytes to disk to satisfy reduce memory limit
26/03/02 03:39:42 INFO reduce.MergeManagerImpl: Merging 1 files, 5209764 bytes from disk
26/03/02 03:39:42 INFO reduce.MergeManagerImpl: Merging 0 segments, 0 bytes from memory into reduce
26/03/02 03:39:42 INFO mapred.Merger: Merging 1 sorted segments
26/03/02 03:39:42 INFO mapred.Merger: Down to the last merge-pass, with 1 segments left of total size: 5209754 bytes
26/03/02 03:39:42 INFO mapred.LocalJobRunner: 1 / 1 copied.
26/03/02 03:39:42 INFO mapred.Task: Task:attempt_local1481331249_0014_r_000002_0 is done. And is in the process of committing
26/03/02 03:39:42 INFO mapred.LocalJobRunner: 1 / 1 copied.
26/03/02 03:39:42 INFO mapred.Task: Task attempt_local1481331249_0014_r_000002_0 is allowed to commit now
26/03/02 03:39:42 INFO output.FileOutputCommitter: Saved output of task 'attempt_local1481331249_0014_r_000002_0' to hdfs://localhost:9000/project2/task2/runs_report_plus/scale500k_basic/iter_14/_temporary/0/task_local1481331249_0014_r_000002
26/03/02 03:39:42 INFO mapred.LocalJobRunner: reduce > reduce
26/03/02 03:39:42 INFO mapred.Task: Task 'attempt_local1481331249_0014_r_000002_0' done.
26/03/02 03:39:42 INFO mapred.Task: Final Counters for attempt_local1481331249_0014_r_000002_0: Counters: 29
	File System Counters
		FILE: Number of bytes read=747431850
		FILE: Number of bytes written=756783791
		FILE: Number of read operations=0
		FILE: Number of large read operations=0
		FILE: Number of write operations=0
		HDFS: Number of bytes read=513666589
		HDFS: Number of bytes written=12373
		HDFS: Number of read operations=758
		HDFS: Number of large read operations=0
		HDFS: Number of write operations=246
	Map-Reduce Framework
		Combine input records=0
		Combine output records=0
		Reduce input groups=1
		Reduce shuffle bytes=5209764
		Reduce input records=96477
		Reduce output records=1
		Spilled Records=96477
		Shuffled Maps =1
		Failed Shuffles=0
		Merged Map outputs=1
		GC time elapsed (ms)=0
		Total committed heap usage (bytes)=367525888
	Shuffle Errors
		BAD_ID=0
		CONNECTION=0
		IO_ERROR=0
		WRONG_LENGTH=0
		WRONG_MAP=0
		WRONG_REDUCE=0
	File Output Format Counters 
		Bytes Written=103
26/03/02 03:39:42 INFO mapred.LocalJobRunner: Finishing task: attempt_local1481331249_0014_r_000002_0
26/03/02 03:39:42 INFO mapred.LocalJobRunner: Starting task: attempt_local1481331249_0014_r_000003_0
26/03/02 03:39:42 INFO output.FileOutputCommitter: File Output Committer Algorithm version is 1
26/03/02 03:39:42 INFO mapred.Task:  Using ResourceCalculatorProcessTree : [ ]
26/03/02 03:39:42 INFO mapred.ReduceTask: Using ShuffleConsumerPlugin: org.apache.hadoop.mapreduce.task.reduce.Shuffle@5a55b4c8
26/03/02 03:39:42 INFO reduce.MergeManagerImpl: MergerManager: memoryLimit=334338464, maxSingleShuffleLimit=83584616, mergeThreshold=220663392, ioSortFactor=10, memToMemMergeOutputsThreshold=10
26/03/02 03:39:42 INFO reduce.EventFetcher: attempt_local1481331249_0014_r_000003_0 Thread started: EventFetcher for fetching Map Completion Events
26/03/02 03:39:42 INFO reduce.LocalFetcher: localfetcher#56 about to shuffle output of map attempt_local1481331249_0014_m_000000_0 decomp: 5385098 len: 5385102 to MEMORY
26/03/02 03:39:42 INFO reduce.InMemoryMapOutput: Read 5385098 bytes from map-output for attempt_local1481331249_0014_m_000000_0
26/03/02 03:39:42 INFO reduce.MergeManagerImpl: closeInMemoryFile -> map-output of size: 5385098, inMemoryMapOutputs.size() -> 1, commitMemory -> 0, usedMemory ->5385098
26/03/02 03:39:42 INFO reduce.EventFetcher: EventFetcher is interrupted.. Returning
26/03/02 03:39:42 INFO mapred.LocalJobRunner: 1 / 1 copied.
26/03/02 03:39:42 INFO reduce.MergeManagerImpl: finalMerge called with 1 in-memory map-outputs and 0 on-disk map-outputs
26/03/02 03:39:42 INFO mapred.Merger: Merging 1 sorted segments
26/03/02 03:39:42 INFO mapred.Merger: Down to the last merge-pass, with 1 segments left of total size: 5385092 bytes
26/03/02 03:39:42 INFO reduce.MergeManagerImpl: Merged 1 segments, 5385098 bytes to disk to satisfy reduce memory limit
26/03/02 03:39:42 INFO reduce.MergeManagerImpl: Merging 1 files, 5385102 bytes from disk
26/03/02 03:39:42 INFO reduce.MergeManagerImpl: Merging 0 segments, 0 bytes from memory into reduce
26/03/02 03:39:42 INFO mapred.Merger: Merging 1 sorted segments
26/03/02 03:39:42 INFO mapred.Merger: Down to the last merge-pass, with 1 segments left of total size: 5385092 bytes
26/03/02 03:39:42 INFO mapred.LocalJobRunner: 1 / 1 copied.
26/03/02 03:39:42 INFO mapred.Task: Task:attempt_local1481331249_0014_r_000003_0 is done. And is in the process of committing
26/03/02 03:39:42 INFO mapred.LocalJobRunner: 1 / 1 copied.
26/03/02 03:39:42 INFO mapred.Task: Task attempt_local1481331249_0014_r_000003_0 is allowed to commit now
26/03/02 03:39:42 INFO output.FileOutputCommitter: Saved output of task 'attempt_local1481331249_0014_r_000003_0' to hdfs://localhost:9000/project2/task2/runs_report_plus/scale500k_basic/iter_14/_temporary/0/task_local1481331249_0014_r_000003
26/03/02 03:39:42 INFO mapred.LocalJobRunner: reduce > reduce
26/03/02 03:39:42 INFO mapred.Task: Task 'attempt_local1481331249_0014_r_000003_0' done.
26/03/02 03:39:42 INFO mapred.Task: Final Counters for attempt_local1481331249_0014_r_000003_0: Counters: 29
	File System Counters
		FILE: Number of bytes read=758202158
		FILE: Number of bytes written=762168893
		FILE: Number of read operations=0
		FILE: Number of large read operations=0
		FILE: Number of write operations=0
		HDFS: Number of bytes read=513666589
		HDFS: Number of bytes written=12477
		HDFS: Number of read operations=761
		HDFS: Number of large read operations=0
		HDFS: Number of write operations=248
	Map-Reduce Framework
		Combine input records=0
		Combine output records=0
		Reduce input groups=1
		Reduce shuffle bytes=5385102
		Reduce input records=99724
		Reduce output records=1
		Spilled Records=99724
		Shuffled Maps =1
		Failed Shuffles=0
		Merged Map outputs=1
		GC time elapsed (ms)=0
		Total committed heap usage (bytes)=367525888
	Shuffle Errors
		BAD_ID=0
		CONNECTION=0
		IO_ERROR=0
		WRONG_LENGTH=0
		WRONG_MAP=0
		WRONG_REDUCE=0
	File Output Format Counters 
		Bytes Written=104
26/03/02 03:39:42 INFO mapred.LocalJobRunner: Finishing task: attempt_local1481331249_0014_r_000003_0
26/03/02 03:39:42 INFO mapred.LocalJobRunner: reduce task executor complete.
26/03/02 03:39:43 INFO mapreduce.Job:  map 100% reduce 100%
26/03/02 03:39:43 INFO mapreduce.Job: Job job_local1481331249_0014 completed successfully
26/03/02 03:39:43 INFO mapreduce.Job: Counters: 35
	File System Counters
		FILE: Number of bytes read=3672381098
		FILE: Number of bytes written=3751542415
		FILE: Number of read operations=0
		FILE: Number of large read operations=0
		FILE: Number of write operations=0
		HDFS: Number of bytes read=2568332945
		HDFS: Number of bytes written=61250
		HDFS: Number of read operations=3775
		HDFS: Number of large read operations=0
		HDFS: Number of write operations=1220
	Map-Reduce Framework
		Map input records=500000
		Map output records=500000
		Map output bytes=26000000
		Map output materialized bytes=27000024
		Input split bytes=123
		Combine input records=0
		Combine output records=0
		Reduce input groups=5
		Reduce shuffle bytes=27000024
		Reduce input records=500000
		Reduce output records=5
		Spilled Records=1000000
		Shuffled Maps =4
		Failed Shuffles=0
		Merged Map outputs=4
		GC time elapsed (ms)=183
		Total committed heap usage (bytes)=1837629440
	Shuffle Errors
		BAD_ID=0
		CONNECTION=0
		IO_ERROR=0
		WRONG_LENGTH=0
		WRONG_MAP=0
		WRONG_REDUCE=0
	File Input Format Counters 
		Bytes Read=36688385
	File Output Format Counters 
		Bytes Written=514
26/03/02 03:39:43 INFO jvm.JvmMetrics: Cannot initialize JVM Metrics with processName=JobTracker, sessionId= - already initialized
26/03/02 03:39:43 WARN mapreduce.JobResourceUploader: Hadoop command-line option parsing not performed. Implement the Tool interface and execute your application with ToolRunner to remedy this.
26/03/02 03:39:43 INFO input.FileInputFormat: Total input paths to process : 1
26/03/02 03:39:43 INFO mapreduce.JobSubmitter: number of splits:1
26/03/02 03:39:43 INFO mapreduce.JobSubmitter: Submitting tokens for job: job_local194721512_0015
26/03/02 03:39:43 INFO mapred.LocalDistributedCacheManager: Creating symlink: /tmp/hadoop-ds503/mapred/local/1772422783338/centers_iter_14.csv <- /home/ds503/centers_iter_14.csv
26/03/02 03:39:43 INFO mapred.LocalDistributedCacheManager: Localized hdfs://localhost:9000/project2/task2/runs_report_plus/scale500k_basic/centers_iter_14.csv as file:/tmp/hadoop-ds503/mapred/local/1772422783338/centers_iter_14.csv
26/03/02 03:39:43 INFO mapreduce.Job: The url to track the job: http://localhost:8080/
26/03/02 03:39:43 INFO mapreduce.Job: Running job: job_local194721512_0015
26/03/02 03:39:43 INFO mapred.LocalJobRunner: OutputCommitter set in config null
26/03/02 03:39:43 INFO output.FileOutputCommitter: File Output Committer Algorithm version is 1
26/03/02 03:39:43 INFO mapred.LocalJobRunner: OutputCommitter is org.apache.hadoop.mapreduce.lib.output.FileOutputCommitter
26/03/02 03:39:43 INFO mapred.LocalJobRunner: Waiting for map tasks
26/03/02 03:39:43 INFO mapred.LocalJobRunner: Starting task: attempt_local194721512_0015_m_000000_0
26/03/02 03:39:43 INFO output.FileOutputCommitter: File Output Committer Algorithm version is 1
26/03/02 03:39:43 INFO mapred.Task:  Using ResourceCalculatorProcessTree : [ ]
26/03/02 03:39:43 INFO mapred.MapTask: Processing split: hdfs://localhost:9000/project2/task2/input/points_500k.csv:0+36688385
26/03/02 03:39:43 INFO mapred.MapTask: (EQUATOR) 0 kvi 26214396(104857584)
26/03/02 03:39:43 INFO mapred.MapTask: mapreduce.task.io.sort.mb: 100
26/03/02 03:39:43 INFO mapred.MapTask: soft limit at 83886080
26/03/02 03:39:43 INFO mapred.MapTask: bufstart = 0; bufvoid = 104857600
26/03/02 03:39:43 INFO mapred.MapTask: kvstart = 26214396; length = 6553600
26/03/02 03:39:43 INFO mapred.MapTask: Map output collector class = org.apache.hadoop.mapred.MapTask$MapOutputBuffer
26/03/02 03:39:44 INFO mapred.LocalJobRunner: 
26/03/02 03:39:44 INFO mapred.MapTask: Starting flush of map output
26/03/02 03:39:44 INFO mapred.MapTask: Spilling map output
26/03/02 03:39:44 INFO mapred.MapTask: bufstart = 0; bufend = 26000000; bufvoid = 104857600
26/03/02 03:39:44 INFO mapred.MapTask: kvstart = 26214396(104857584); kvend = 24214400(96857600); length = 1999997/6553600
26/03/02 03:39:44 INFO mapred.MapTask: Finished spill 0
26/03/02 03:39:44 INFO mapred.Task: Task:attempt_local194721512_0015_m_000000_0 is done. And is in the process of committing
26/03/02 03:39:44 INFO mapred.LocalJobRunner: map
26/03/02 03:39:44 INFO mapred.Task: Task 'attempt_local194721512_0015_m_000000_0' done.
26/03/02 03:39:44 INFO mapred.Task: Final Counters for attempt_local194721512_0015_m_000000_0: Counters: 22
	File System Counters
		FILE: Number of bytes read=758346715
		FILE: Number of bytes written=789608713
		FILE: Number of read operations=0
		FILE: Number of large read operations=0
		FILE: Number of write operations=0
		HDFS: Number of bytes read=550357128
		HDFS: Number of bytes written=12852
		HDFS: Number of read operations=805
		HDFS: Number of large read operations=0
		HDFS: Number of write operations=258
	Map-Reduce Framework
		Map input records=500000
		Map output records=500000
		Map output bytes=26000000
		Map output materialized bytes=27000024
		Input split bytes=123
		Combine input records=0
		Spilled Records=500000
		Failed Shuffles=0
		Merged Map outputs=0
		GC time elapsed (ms)=12
		Total committed heap usage (bytes)=472907776
	File Input Format Counters 
		Bytes Read=36688385
26/03/02 03:39:44 INFO mapred.LocalJobRunner: Finishing task: attempt_local194721512_0015_m_000000_0
26/03/02 03:39:44 INFO mapred.LocalJobRunner: map task executor complete.
26/03/02 03:39:44 INFO mapred.LocalJobRunner: Waiting for reduce tasks
26/03/02 03:39:44 INFO mapred.LocalJobRunner: Starting task: attempt_local194721512_0015_r_000000_0
26/03/02 03:39:44 INFO output.FileOutputCommitter: File Output Committer Algorithm version is 1
26/03/02 03:39:44 INFO mapred.Task:  Using ResourceCalculatorProcessTree : [ ]
26/03/02 03:39:44 INFO mapred.ReduceTask: Using ShuffleConsumerPlugin: org.apache.hadoop.mapreduce.task.reduce.Shuffle@7d8d8005
26/03/02 03:39:44 INFO reduce.MergeManagerImpl: MergerManager: memoryLimit=334338464, maxSingleShuffleLimit=83584616, mergeThreshold=220663392, ioSortFactor=10, memToMemMergeOutputsThreshold=10
26/03/02 03:39:44 INFO reduce.EventFetcher: attempt_local194721512_0015_r_000000_0 Thread started: EventFetcher for fetching Map Completion Events
26/03/02 03:39:44 INFO reduce.LocalFetcher: localfetcher#57 about to shuffle output of map attempt_local194721512_0015_m_000000_0 decomp: 10687088 len: 10687092 to MEMORY
26/03/02 03:39:44 INFO reduce.InMemoryMapOutput: Read 10687088 bytes from map-output for attempt_local194721512_0015_m_000000_0
26/03/02 03:39:44 INFO reduce.MergeManagerImpl: closeInMemoryFile -> map-output of size: 10687088, inMemoryMapOutputs.size() -> 1, commitMemory -> 0, usedMemory ->10687088
26/03/02 03:39:44 INFO reduce.EventFetcher: EventFetcher is interrupted.. Returning
26/03/02 03:39:44 INFO mapred.LocalJobRunner: 1 / 1 copied.
26/03/02 03:39:44 INFO reduce.MergeManagerImpl: finalMerge called with 1 in-memory map-outputs and 0 on-disk map-outputs
26/03/02 03:39:44 INFO mapred.Merger: Merging 1 sorted segments
26/03/02 03:39:44 INFO mapred.Merger: Down to the last merge-pass, with 1 segments left of total size: 10687082 bytes
26/03/02 03:39:44 INFO reduce.MergeManagerImpl: Merged 1 segments, 10687088 bytes to disk to satisfy reduce memory limit
26/03/02 03:39:44 INFO reduce.MergeManagerImpl: Merging 1 files, 10687092 bytes from disk
26/03/02 03:39:44 INFO reduce.MergeManagerImpl: Merging 0 segments, 0 bytes from memory into reduce
26/03/02 03:39:44 INFO mapred.Merger: Merging 1 sorted segments
26/03/02 03:39:44 INFO mapred.Merger: Down to the last merge-pass, with 1 segments left of total size: 10687082 bytes
26/03/02 03:39:44 INFO mapred.LocalJobRunner: 1 / 1 copied.
26/03/02 03:39:44 INFO mapred.Task: Task:attempt_local194721512_0015_r_000000_0 is done. And is in the process of committing
26/03/02 03:39:44 INFO mapred.LocalJobRunner: 1 / 1 copied.
26/03/02 03:39:44 INFO mapred.Task: Task attempt_local194721512_0015_r_000000_0 is allowed to commit now
26/03/02 03:39:44 INFO output.FileOutputCommitter: Saved output of task 'attempt_local194721512_0015_r_000000_0' to hdfs://localhost:9000/project2/task2/runs_report_plus/scale500k_basic/iter_15/_temporary/0/task_local194721512_0015_r_000000
26/03/02 03:39:44 INFO mapred.LocalJobRunner: reduce > reduce
26/03/02 03:39:44 INFO mapred.Task: Task 'attempt_local194721512_0015_r_000000_0' done.
26/03/02 03:39:44 INFO mapred.Task: Final Counters for attempt_local194721512_0015_r_000000_0: Counters: 29
	File System Counters
		FILE: Number of bytes read=779725095
		FILE: Number of bytes written=800295805
		FILE: Number of read operations=0
		FILE: Number of large read operations=0
		FILE: Number of write operations=0
		HDFS: Number of bytes read=550357128
		HDFS: Number of bytes written=13055
		HDFS: Number of read operations=808
		HDFS: Number of large read operations=0
		HDFS: Number of write operations=260
	Map-Reduce Framework
		Combine input records=0
		Combine output records=0
		Reduce input groups=2
		Reduce shuffle bytes=10687092
		Reduce input records=197909
		Reduce output records=2
		Spilled Records=197909
		Shuffled Maps =1
		Failed Shuffles=0
		Merged Map outputs=1
		GC time elapsed (ms)=0
		Total committed heap usage (bytes)=472907776
	Shuffle Errors
		BAD_ID=0
		CONNECTION=0
		IO_ERROR=0
		WRONG_LENGTH=0
		WRONG_MAP=0
		WRONG_REDUCE=0
	File Output Format Counters 
		Bytes Written=203
26/03/02 03:39:44 INFO mapred.LocalJobRunner: Finishing task: attempt_local194721512_0015_r_000000_0
26/03/02 03:39:44 INFO mapred.LocalJobRunner: Starting task: attempt_local194721512_0015_r_000001_0
26/03/02 03:39:44 INFO output.FileOutputCommitter: File Output Committer Algorithm version is 1
26/03/02 03:39:44 INFO mapred.Task:  Using ResourceCalculatorProcessTree : [ ]
26/03/02 03:39:44 INFO mapred.ReduceTask: Using ShuffleConsumerPlugin: org.apache.hadoop.mapreduce.task.reduce.Shuffle@23eb481c
26/03/02 03:39:44 INFO reduce.MergeManagerImpl: MergerManager: memoryLimit=334338464, maxSingleShuffleLimit=83584616, mergeThreshold=220663392, ioSortFactor=10, memToMemMergeOutputsThreshold=10
26/03/02 03:39:44 INFO reduce.EventFetcher: attempt_local194721512_0015_r_000001_0 Thread started: EventFetcher for fetching Map Completion Events
26/03/02 03:39:44 INFO reduce.LocalFetcher: localfetcher#58 about to shuffle output of map attempt_local194721512_0015_m_000000_0 decomp: 5692466 len: 5692470 to MEMORY
26/03/02 03:39:44 INFO reduce.InMemoryMapOutput: Read 5692466 bytes from map-output for attempt_local194721512_0015_m_000000_0
26/03/02 03:39:44 INFO reduce.MergeManagerImpl: closeInMemoryFile -> map-output of size: 5692466, inMemoryMapOutputs.size() -> 1, commitMemory -> 0, usedMemory ->5692466
26/03/02 03:39:44 INFO reduce.EventFetcher: EventFetcher is interrupted.. Returning
26/03/02 03:39:44 INFO mapred.LocalJobRunner: 1 / 1 copied.
26/03/02 03:39:44 INFO reduce.MergeManagerImpl: finalMerge called with 1 in-memory map-outputs and 0 on-disk map-outputs
26/03/02 03:39:44 INFO mapred.Merger: Merging 1 sorted segments
26/03/02 03:39:44 INFO mapred.Merger: Down to the last merge-pass, with 1 segments left of total size: 5692460 bytes
26/03/02 03:39:44 INFO mapreduce.Job: Job job_local194721512_0015 running in uber mode : false
26/03/02 03:39:44 INFO mapreduce.Job:  map 100% reduce 25%
26/03/02 03:39:44 INFO reduce.MergeManagerImpl: Merged 1 segments, 5692466 bytes to disk to satisfy reduce memory limit
26/03/02 03:39:44 INFO reduce.MergeManagerImpl: Merging 1 files, 5692470 bytes from disk
26/03/02 03:39:44 INFO reduce.MergeManagerImpl: Merging 0 segments, 0 bytes from memory into reduce
26/03/02 03:39:44 INFO mapred.Merger: Merging 1 sorted segments
26/03/02 03:39:44 INFO mapred.Merger: Down to the last merge-pass, with 1 segments left of total size: 5692460 bytes
26/03/02 03:39:44 INFO mapred.LocalJobRunner: 1 / 1 copied.
26/03/02 03:39:44 INFO mapred.Task: Task:attempt_local194721512_0015_r_000001_0 is done. And is in the process of committing
26/03/02 03:39:44 INFO mapred.LocalJobRunner: 1 / 1 copied.
26/03/02 03:39:44 INFO mapred.Task: Task attempt_local194721512_0015_r_000001_0 is allowed to commit now
26/03/02 03:39:44 INFO output.FileOutputCommitter: Saved output of task 'attempt_local194721512_0015_r_000001_0' to hdfs://localhost:9000/project2/task2/runs_report_plus/scale500k_basic/iter_15/_temporary/0/task_local194721512_0015_r_000001
26/03/02 03:39:44 INFO mapred.LocalJobRunner: reduce > reduce
26/03/02 03:39:44 INFO mapred.Task: Task 'attempt_local194721512_0015_r_000001_0' done.
26/03/02 03:39:44 INFO mapred.Task: Final Counters for attempt_local194721512_0015_r_000001_0: Counters: 29
	File System Counters
		FILE: Number of bytes read=791114231
		FILE: Number of bytes written=805988275
		FILE: Number of read operations=0
		FILE: Number of large read operations=0
		FILE: Number of write operations=0
		HDFS: Number of bytes read=550357128
		HDFS: Number of bytes written=13159
		HDFS: Number of read operations=811
		HDFS: Number of large read operations=0
		HDFS: Number of write operations=262
	Map-Reduce Framework
		Combine input records=0
		Combine output records=0
		Reduce input groups=1
		Reduce shuffle bytes=5692470
		Reduce input records=105416
		Reduce output records=1
		Spilled Records=105416
		Shuffled Maps =1
		Failed Shuffles=0
		Merged Map outputs=1
		GC time elapsed (ms)=0
		Total committed heap usage (bytes)=472907776
	Shuffle Errors
		BAD_ID=0
		CONNECTION=0
		IO_ERROR=0
		WRONG_LENGTH=0
		WRONG_MAP=0
		WRONG_REDUCE=0
	File Output Format Counters 
		Bytes Written=104
26/03/02 03:39:44 INFO mapred.LocalJobRunner: Finishing task: attempt_local194721512_0015_r_000001_0
26/03/02 03:39:44 INFO mapred.LocalJobRunner: Starting task: attempt_local194721512_0015_r_000002_0
26/03/02 03:39:44 INFO output.FileOutputCommitter: File Output Committer Algorithm version is 1
26/03/02 03:39:44 INFO mapred.Task:  Using ResourceCalculatorProcessTree : [ ]
26/03/02 03:39:44 INFO mapred.ReduceTask: Using ShuffleConsumerPlugin: org.apache.hadoop.mapreduce.task.reduce.Shuffle@5bf9a4b3
26/03/02 03:39:44 INFO reduce.MergeManagerImpl: MergerManager: memoryLimit=334338464, maxSingleShuffleLimit=83584616, mergeThreshold=220663392, ioSortFactor=10, memToMemMergeOutputsThreshold=10
26/03/02 03:39:44 INFO reduce.EventFetcher: attempt_local194721512_0015_r_000002_0 Thread started: EventFetcher for fetching Map Completion Events
26/03/02 03:39:44 INFO reduce.LocalFetcher: localfetcher#59 about to shuffle output of map attempt_local194721512_0015_m_000000_0 decomp: 5226986 len: 5226990 to MEMORY
26/03/02 03:39:44 INFO reduce.InMemoryMapOutput: Read 5226986 bytes from map-output for attempt_local194721512_0015_m_000000_0
26/03/02 03:39:44 INFO reduce.MergeManagerImpl: closeInMemoryFile -> map-output of size: 5226986, inMemoryMapOutputs.size() -> 1, commitMemory -> 0, usedMemory ->5226986
26/03/02 03:39:44 INFO reduce.EventFetcher: EventFetcher is interrupted.. Returning
26/03/02 03:39:44 INFO mapred.LocalJobRunner: 1 / 1 copied.
26/03/02 03:39:44 INFO reduce.MergeManagerImpl: finalMerge called with 1 in-memory map-outputs and 0 on-disk map-outputs
26/03/02 03:39:44 INFO mapred.Merger: Merging 1 sorted segments
26/03/02 03:39:44 INFO mapred.Merger: Down to the last merge-pass, with 1 segments left of total size: 5226980 bytes
26/03/02 03:39:44 INFO reduce.MergeManagerImpl: Merged 1 segments, 5226986 bytes to disk to satisfy reduce memory limit
26/03/02 03:39:44 INFO reduce.MergeManagerImpl: Merging 1 files, 5226990 bytes from disk
26/03/02 03:39:44 INFO reduce.MergeManagerImpl: Merging 0 segments, 0 bytes from memory into reduce
26/03/02 03:39:44 INFO mapred.Merger: Merging 1 sorted segments
26/03/02 03:39:44 INFO mapred.Merger: Down to the last merge-pass, with 1 segments left of total size: 5226980 bytes
26/03/02 03:39:44 INFO mapred.LocalJobRunner: 1 / 1 copied.
26/03/02 03:39:44 INFO mapred.Task: Task:attempt_local194721512_0015_r_000002_0 is done. And is in the process of committing
26/03/02 03:39:44 INFO mapred.LocalJobRunner: 1 / 1 copied.
26/03/02 03:39:44 INFO mapred.Task: Task attempt_local194721512_0015_r_000002_0 is allowed to commit now
26/03/02 03:39:44 INFO output.FileOutputCommitter: Saved output of task 'attempt_local194721512_0015_r_000002_0' to hdfs://localhost:9000/project2/task2/runs_report_plus/scale500k_basic/iter_15/_temporary/0/task_local194721512_0015_r_000002
26/03/02 03:39:44 INFO mapred.LocalJobRunner: reduce > reduce
26/03/02 03:39:44 INFO mapred.Task: Task 'attempt_local194721512_0015_r_000002_0' done.
26/03/02 03:39:44 INFO mapred.Task: Final Counters for attempt_local194721512_0015_r_000002_0: Counters: 29
	File System Counters
		FILE: Number of bytes read=801572407
		FILE: Number of bytes written=811215265
		FILE: Number of read operations=0
		FILE: Number of large read operations=0
		FILE: Number of write operations=0
		HDFS: Number of bytes read=550357128
		HDFS: Number of bytes written=13259
		HDFS: Number of read operations=814
		HDFS: Number of large read operations=0
		HDFS: Number of write operations=264
	Map-Reduce Framework
		Combine input records=0
		Combine output records=0
		Reduce input groups=1
		Reduce shuffle bytes=5226990
		Reduce input records=96796
		Reduce output records=1
		Spilled Records=96796
		Shuffled Maps =1
		Failed Shuffles=0
		Merged Map outputs=1
		GC time elapsed (ms)=1
		Total committed heap usage (bytes)=472907776
	Shuffle Errors
		BAD_ID=0
		CONNECTION=0
		IO_ERROR=0
		WRONG_LENGTH=0
		WRONG_MAP=0
		WRONG_REDUCE=0
	File Output Format Counters 
		Bytes Written=100
26/03/02 03:39:44 INFO mapred.LocalJobRunner: Finishing task: attempt_local194721512_0015_r_000002_0
26/03/02 03:39:44 INFO mapred.LocalJobRunner: Starting task: attempt_local194721512_0015_r_000003_0
26/03/02 03:39:44 INFO output.FileOutputCommitter: File Output Committer Algorithm version is 1
26/03/02 03:39:44 INFO mapred.Task:  Using ResourceCalculatorProcessTree : [ ]
26/03/02 03:39:44 INFO mapred.ReduceTask: Using ShuffleConsumerPlugin: org.apache.hadoop.mapreduce.task.reduce.Shuffle@2b0a8d4f
26/03/02 03:39:44 INFO reduce.MergeManagerImpl: MergerManager: memoryLimit=334338464, maxSingleShuffleLimit=83584616, mergeThreshold=220663392, ioSortFactor=10, memToMemMergeOutputsThreshold=10
26/03/02 03:39:44 INFO reduce.EventFetcher: attempt_local194721512_0015_r_000003_0 Thread started: EventFetcher for fetching Map Completion Events
26/03/02 03:39:44 INFO reduce.LocalFetcher: localfetcher#60 about to shuffle output of map attempt_local194721512_0015_m_000000_0 decomp: 5393468 len: 5393472 to MEMORY
26/03/02 03:39:44 INFO reduce.InMemoryMapOutput: Read 5393468 bytes from map-output for attempt_local194721512_0015_m_000000_0
26/03/02 03:39:44 INFO reduce.MergeManagerImpl: closeInMemoryFile -> map-output of size: 5393468, inMemoryMapOutputs.size() -> 1, commitMemory -> 0, usedMemory ->5393468
26/03/02 03:39:44 INFO reduce.EventFetcher: EventFetcher is interrupted.. Returning
26/03/02 03:39:44 INFO mapred.LocalJobRunner: 1 / 1 copied.
26/03/02 03:39:44 INFO reduce.MergeManagerImpl: finalMerge called with 1 in-memory map-outputs and 0 on-disk map-outputs
26/03/02 03:39:44 INFO mapred.Merger: Merging 1 sorted segments
26/03/02 03:39:44 INFO mapred.Merger: Down to the last merge-pass, with 1 segments left of total size: 5393462 bytes
26/03/02 03:39:44 INFO reduce.MergeManagerImpl: Merged 1 segments, 5393468 bytes to disk to satisfy reduce memory limit
26/03/02 03:39:44 INFO reduce.MergeManagerImpl: Merging 1 files, 5393472 bytes from disk
26/03/02 03:39:44 INFO reduce.MergeManagerImpl: Merging 0 segments, 0 bytes from memory into reduce
26/03/02 03:39:44 INFO mapred.Merger: Merging 1 sorted segments
26/03/02 03:39:44 INFO mapred.Merger: Down to the last merge-pass, with 1 segments left of total size: 5393462 bytes
26/03/02 03:39:44 INFO mapred.LocalJobRunner: 1 / 1 copied.
26/03/02 03:39:44 INFO mapred.Task: Task:attempt_local194721512_0015_r_000003_0 is done. And is in the process of committing
26/03/02 03:39:44 INFO mapred.LocalJobRunner: 1 / 1 copied.
26/03/02 03:39:44 INFO mapred.Task: Task attempt_local194721512_0015_r_000003_0 is allowed to commit now
26/03/02 03:39:44 INFO output.FileOutputCommitter: Saved output of task 'attempt_local194721512_0015_r_000003_0' to hdfs://localhost:9000/project2/task2/runs_report_plus/scale500k_basic/iter_15/_temporary/0/task_local194721512_0015_r_000003
26/03/02 03:39:44 INFO mapred.LocalJobRunner: reduce > reduce
26/03/02 03:39:44 INFO mapred.Task: Task 'attempt_local194721512_0015_r_000003_0' done.
26/03/02 03:39:44 INFO mapred.Task: Final Counters for attempt_local194721512_0015_r_000003_0: Counters: 29
	File System Counters
		FILE: Number of bytes read=812359455
		FILE: Number of bytes written=816608737
		FILE: Number of read operations=0
		FILE: Number of large read operations=0
		FILE: Number of write operations=0
		HDFS: Number of bytes read=550357128
		HDFS: Number of bytes written=13362
		HDFS: Number of read operations=817
		HDFS: Number of large read operations=0
		HDFS: Number of write operations=266
	Map-Reduce Framework
		Combine input records=0
		Combine output records=0
		Reduce input groups=1
		Reduce shuffle bytes=5393472
		Reduce input records=99879
		Reduce output records=1
		Spilled Records=99879
		Shuffled Maps =1
		Failed Shuffles=0
		Merged Map outputs=1
		GC time elapsed (ms)=0
		Total committed heap usage (bytes)=472907776
	Shuffle Errors
		BAD_ID=0
		CONNECTION=0
		IO_ERROR=0
		WRONG_LENGTH=0
		WRONG_MAP=0
		WRONG_REDUCE=0
	File Output Format Counters 
		Bytes Written=103
26/03/02 03:39:44 INFO mapred.LocalJobRunner: Finishing task: attempt_local194721512_0015_r_000003_0
26/03/02 03:39:44 INFO mapred.LocalJobRunner: reduce task executor complete.
26/03/02 03:39:45 INFO mapreduce.Job:  map 100% reduce 100%
26/03/02 03:39:45 INFO mapreduce.Job: Job job_local194721512_0015 completed successfully
26/03/02 03:39:45 INFO mapreduce.Job: Counters: 35
	File System Counters
		FILE: Number of bytes read=3943117903
		FILE: Number of bytes written=4023716795
		FILE: Number of read operations=0
		FILE: Number of large read operations=0
		FILE: Number of write operations=0
		HDFS: Number of bytes read=2751785640
		HDFS: Number of bytes written=65687
		HDFS: Number of read operations=4055
		HDFS: Number of large read operations=0
		HDFS: Number of write operations=1310
	Map-Reduce Framework
		Map input records=500000
		Map output records=500000
		Map output bytes=26000000
		Map output materialized bytes=27000024
		Input split bytes=123
		Combine input records=0
		Combine output records=0
		Reduce input groups=5
		Reduce shuffle bytes=27000024
		Reduce input records=500000
		Reduce output records=5
		Spilled Records=1000000
		Shuffled Maps =4
		Failed Shuffles=0
		Merged Map outputs=4
		GC time elapsed (ms)=13
		Total committed heap usage (bytes)=2364538880
	Shuffle Errors
		BAD_ID=0
		CONNECTION=0
		IO_ERROR=0
		WRONG_LENGTH=0
		WRONG_MAP=0
		WRONG_REDUCE=0
	File Input Format Counters 
		Bytes Read=36688385
	File Output Format Counters 
		Bytes Written=510
26/03/02 03:39:45 INFO jvm.JvmMetrics: Cannot initialize JVM Metrics with processName=JobTracker, sessionId= - already initialized
26/03/02 03:39:45 WARN mapreduce.JobResourceUploader: Hadoop command-line option parsing not performed. Implement the Tool interface and execute your application with ToolRunner to remedy this.
26/03/02 03:39:45 INFO input.FileInputFormat: Total input paths to process : 1
26/03/02 03:39:45 INFO mapreduce.JobSubmitter: number of splits:1
26/03/02 03:39:45 INFO mapreduce.JobSubmitter: Submitting tokens for job: job_local1660499146_0016
26/03/02 03:39:45 INFO mapred.LocalDistributedCacheManager: Creating symlink: /tmp/hadoop-ds503/mapred/local/1772422785419/centers_iter_15.csv <- /home/ds503/centers_iter_15.csv
26/03/02 03:39:45 INFO mapred.LocalDistributedCacheManager: Localized hdfs://localhost:9000/project2/task2/runs_report_plus/scale500k_basic/centers_iter_15.csv as file:/tmp/hadoop-ds503/mapred/local/1772422785419/centers_iter_15.csv
26/03/02 03:39:45 INFO mapreduce.Job: The url to track the job: http://localhost:8080/
26/03/02 03:39:45 INFO mapreduce.Job: Running job: job_local1660499146_0016
26/03/02 03:39:45 INFO mapred.LocalJobRunner: OutputCommitter set in config null
26/03/02 03:39:45 INFO output.FileOutputCommitter: File Output Committer Algorithm version is 1
26/03/02 03:39:45 INFO mapred.LocalJobRunner: OutputCommitter is org.apache.hadoop.mapreduce.lib.output.FileOutputCommitter
26/03/02 03:39:45 INFO mapred.LocalJobRunner: Waiting for map tasks
26/03/02 03:39:45 INFO mapred.LocalJobRunner: Starting task: attempt_local1660499146_0016_m_000000_0
26/03/02 03:39:45 INFO output.FileOutputCommitter: File Output Committer Algorithm version is 1
26/03/02 03:39:45 INFO mapred.Task:  Using ResourceCalculatorProcessTree : [ ]
26/03/02 03:39:45 INFO mapred.MapTask: Processing split: hdfs://localhost:9000/project2/task2/input/points_500k.csv:0+36688385
26/03/02 03:39:45 INFO mapred.MapTask: (EQUATOR) 0 kvi 26214396(104857584)
26/03/02 03:39:45 INFO mapred.MapTask: mapreduce.task.io.sort.mb: 100
26/03/02 03:39:45 INFO mapred.MapTask: soft limit at 83886080
26/03/02 03:39:45 INFO mapred.MapTask: bufstart = 0; bufvoid = 104857600
26/03/02 03:39:45 INFO mapred.MapTask: kvstart = 26214396; length = 6553600
26/03/02 03:39:45 INFO mapred.MapTask: Map output collector class = org.apache.hadoop.mapred.MapTask$MapOutputBuffer
26/03/02 03:39:46 INFO mapred.LocalJobRunner: 
26/03/02 03:39:46 INFO mapred.MapTask: Starting flush of map output
26/03/02 03:39:46 INFO mapred.MapTask: Spilling map output
26/03/02 03:39:46 INFO mapred.MapTask: bufstart = 0; bufend = 26000000; bufvoid = 104857600
26/03/02 03:39:46 INFO mapred.MapTask: kvstart = 26214396(104857584); kvend = 24214400(96857600); length = 1999997/6553600
26/03/02 03:39:46 INFO mapred.MapTask: Finished spill 0
26/03/02 03:39:46 INFO mapred.Task: Task:attempt_local1660499146_0016_m_000000_0 is done. And is in the process of committing
26/03/02 03:39:46 INFO mapred.LocalJobRunner: map
26/03/02 03:39:46 INFO mapred.Task: Task 'attempt_local1660499146_0016_m_000000_0' done.
26/03/02 03:39:46 INFO mapred.Task: Final Counters for attempt_local1660499146_0016_m_000000_0: Counters: 22
	File System Counters
		FILE: Number of bytes read=812504012
		FILE: Number of bytes written=844050137
		FILE: Number of read operations=0
		FILE: Number of large read operations=0
		FILE: Number of write operations=0
		HDFS: Number of bytes read=587047646
		HDFS: Number of bytes written=13731
		HDFS: Number of read operations=861
		HDFS: Number of large read operations=0
		HDFS: Number of write operations=276
	Map-Reduce Framework
		Map input records=500000
		Map output records=500000
		Map output bytes=26000000
		Map output materialized bytes=27000024
		Input split bytes=123
		Combine input records=0
		Spilled Records=500000
		Failed Shuffles=0
		Merged Map outputs=0
		GC time elapsed (ms)=12
		Total committed heap usage (bytes)=535822336
	File Input Format Counters 
		Bytes Read=36688385
26/03/02 03:39:46 INFO mapred.LocalJobRunner: Finishing task: attempt_local1660499146_0016_m_000000_0
26/03/02 03:39:46 INFO mapred.LocalJobRunner: map task executor complete.
26/03/02 03:39:46 INFO mapred.LocalJobRunner: Waiting for reduce tasks
26/03/02 03:39:46 INFO mapred.LocalJobRunner: Starting task: attempt_local1660499146_0016_r_000000_0
26/03/02 03:39:46 INFO output.FileOutputCommitter: File Output Committer Algorithm version is 1
26/03/02 03:39:46 INFO mapred.Task:  Using ResourceCalculatorProcessTree : [ ]
26/03/02 03:39:46 INFO mapred.ReduceTask: Using ShuffleConsumerPlugin: org.apache.hadoop.mapreduce.task.reduce.Shuffle@43f8a207
26/03/02 03:39:46 INFO reduce.MergeManagerImpl: MergerManager: memoryLimit=375075616, maxSingleShuffleLimit=93768904, mergeThreshold=247549920, ioSortFactor=10, memToMemMergeOutputsThreshold=10
26/03/02 03:39:46 INFO reduce.EventFetcher: attempt_local1660499146_0016_r_000000_0 Thread started: EventFetcher for fetching Map Completion Events
26/03/02 03:39:46 INFO reduce.LocalFetcher: localfetcher#61 about to shuffle output of map attempt_local1660499146_0016_m_000000_0 decomp: 10695296 len: 10695300 to MEMORY
26/03/02 03:39:46 INFO reduce.InMemoryMapOutput: Read 10695296 bytes from map-output for attempt_local1660499146_0016_m_000000_0
26/03/02 03:39:46 INFO reduce.MergeManagerImpl: closeInMemoryFile -> map-output of size: 10695296, inMemoryMapOutputs.size() -> 1, commitMemory -> 0, usedMemory ->10695296
26/03/02 03:39:46 INFO reduce.EventFetcher: EventFetcher is interrupted.. Returning
26/03/02 03:39:46 INFO mapred.LocalJobRunner: 1 / 1 copied.
26/03/02 03:39:46 INFO reduce.MergeManagerImpl: finalMerge called with 1 in-memory map-outputs and 0 on-disk map-outputs
26/03/02 03:39:46 INFO mapred.Merger: Merging 1 sorted segments
26/03/02 03:39:46 INFO mapred.Merger: Down to the last merge-pass, with 1 segments left of total size: 10695290 bytes
26/03/02 03:39:46 INFO reduce.MergeManagerImpl: Merged 1 segments, 10695296 bytes to disk to satisfy reduce memory limit
26/03/02 03:39:46 INFO reduce.MergeManagerImpl: Merging 1 files, 10695300 bytes from disk
26/03/02 03:39:46 INFO reduce.MergeManagerImpl: Merging 0 segments, 0 bytes from memory into reduce
26/03/02 03:39:46 INFO mapred.Merger: Merging 1 sorted segments
26/03/02 03:39:46 INFO mapred.Merger: Down to the last merge-pass, with 1 segments left of total size: 10695290 bytes
26/03/02 03:39:46 INFO mapred.LocalJobRunner: 1 / 1 copied.
26/03/02 03:39:46 INFO mapreduce.Job: Job job_local1660499146_0016 running in uber mode : false
26/03/02 03:39:46 INFO mapreduce.Job:  map 100% reduce 0%
26/03/02 03:39:46 INFO mapred.Task: Task:attempt_local1660499146_0016_r_000000_0 is done. And is in the process of committing
26/03/02 03:39:46 INFO mapred.LocalJobRunner: 1 / 1 copied.
26/03/02 03:39:46 INFO mapred.Task: Task attempt_local1660499146_0016_r_000000_0 is allowed to commit now
26/03/02 03:39:46 INFO output.FileOutputCommitter: Saved output of task 'attempt_local1660499146_0016_r_000000_0' to hdfs://localhost:9000/project2/task2/runs_report_plus/scale500k_basic/iter_16/_temporary/0/task_local1660499146_0016_r_000000
26/03/02 03:39:46 INFO mapred.LocalJobRunner: reduce > reduce
26/03/02 03:39:46 INFO mapred.Task: Task 'attempt_local1660499146_0016_r_000000_0' done.
26/03/02 03:39:46 INFO mapred.Task: Final Counters for attempt_local1660499146_0016_r_000000_0: Counters: 29
	File System Counters
		FILE: Number of bytes read=833898808
		FILE: Number of bytes written=854745437
		FILE: Number of read operations=0
		FILE: Number of large read operations=0
		FILE: Number of write operations=0
		HDFS: Number of bytes read=587047646
		HDFS: Number of bytes written=13938
		HDFS: Number of read operations=864
		HDFS: Number of large read operations=0
		HDFS: Number of write operations=278
	Map-Reduce Framework
		Combine input records=0
		Combine output records=0
		Reduce input groups=2
		Reduce shuffle bytes=10695300
		Reduce input records=198061
		Reduce output records=2
		Spilled Records=198061
		Shuffled Maps =1
		Failed Shuffles=0
		Merged Map outputs=1
		GC time elapsed (ms)=0
		Total committed heap usage (bytes)=535822336
	Shuffle Errors
		BAD_ID=0
		CONNECTION=0
		IO_ERROR=0
		WRONG_LENGTH=0
		WRONG_MAP=0
		WRONG_REDUCE=0
	File Output Format Counters 
		Bytes Written=207
26/03/02 03:39:46 INFO mapred.LocalJobRunner: Finishing task: attempt_local1660499146_0016_r_000000_0
26/03/02 03:39:46 INFO mapred.LocalJobRunner: Starting task: attempt_local1660499146_0016_r_000001_0
26/03/02 03:39:46 INFO output.FileOutputCommitter: File Output Committer Algorithm version is 1
26/03/02 03:39:46 INFO mapred.Task:  Using ResourceCalculatorProcessTree : [ ]
26/03/02 03:39:46 INFO mapred.ReduceTask: Using ShuffleConsumerPlugin: org.apache.hadoop.mapreduce.task.reduce.Shuffle@a6c3d2e
26/03/02 03:39:46 INFO reduce.MergeManagerImpl: MergerManager: memoryLimit=375075616, maxSingleShuffleLimit=93768904, mergeThreshold=247549920, ioSortFactor=10, memToMemMergeOutputsThreshold=10
26/03/02 03:39:46 INFO reduce.EventFetcher: attempt_local1660499146_0016_r_000001_0 Thread started: EventFetcher for fetching Map Completion Events
26/03/02 03:39:46 INFO reduce.LocalFetcher: localfetcher#62 about to shuffle output of map attempt_local1660499146_0016_m_000000_0 decomp: 5661254 len: 5661258 to MEMORY
26/03/02 03:39:46 INFO reduce.InMemoryMapOutput: Read 5661254 bytes from map-output for attempt_local1660499146_0016_m_000000_0
26/03/02 03:39:46 INFO reduce.MergeManagerImpl: closeInMemoryFile -> map-output of size: 5661254, inMemoryMapOutputs.size() -> 1, commitMemory -> 0, usedMemory ->5661254
26/03/02 03:39:46 INFO reduce.EventFetcher: EventFetcher is interrupted.. Returning
26/03/02 03:39:46 INFO mapred.LocalJobRunner: 1 / 1 copied.
26/03/02 03:39:46 INFO reduce.MergeManagerImpl: finalMerge called with 1 in-memory map-outputs and 0 on-disk map-outputs
26/03/02 03:39:46 INFO mapred.Merger: Merging 1 sorted segments
26/03/02 03:39:46 INFO mapred.Merger: Down to the last merge-pass, with 1 segments left of total size: 5661248 bytes
26/03/02 03:39:46 INFO reduce.MergeManagerImpl: Merged 1 segments, 5661254 bytes to disk to satisfy reduce memory limit
26/03/02 03:39:46 INFO reduce.MergeManagerImpl: Merging 1 files, 5661258 bytes from disk
26/03/02 03:39:46 INFO reduce.MergeManagerImpl: Merging 0 segments, 0 bytes from memory into reduce
26/03/02 03:39:46 INFO mapred.Merger: Merging 1 sorted segments
26/03/02 03:39:46 INFO mapred.Merger: Down to the last merge-pass, with 1 segments left of total size: 5661248 bytes
26/03/02 03:39:46 INFO mapred.LocalJobRunner: 1 / 1 copied.
26/03/02 03:39:46 INFO mapred.Task: Task:attempt_local1660499146_0016_r_000001_0 is done. And is in the process of committing
26/03/02 03:39:46 INFO mapred.LocalJobRunner: 1 / 1 copied.
26/03/02 03:39:46 INFO mapred.Task: Task attempt_local1660499146_0016_r_000001_0 is allowed to commit now
26/03/02 03:39:46 INFO output.FileOutputCommitter: Saved output of task 'attempt_local1660499146_0016_r_000001_0' to hdfs://localhost:9000/project2/task2/runs_report_plus/scale500k_basic/iter_16/_temporary/0/task_local1660499146_0016_r_000001
26/03/02 03:39:46 INFO mapred.LocalJobRunner: reduce > reduce
26/03/02 03:39:46 INFO mapred.Task: Task 'attempt_local1660499146_0016_r_000001_0' done.
26/03/02 03:39:46 INFO mapred.Task: Final Counters for attempt_local1660499146_0016_r_000001_0: Counters: 29
	File System Counters
		FILE: Number of bytes read=845225520
		FILE: Number of bytes written=860406695
		FILE: Number of read operations=0
		FILE: Number of large read operations=0
		FILE: Number of write operations=0
		HDFS: Number of bytes read=587047646
		HDFS: Number of bytes written=14041
		HDFS: Number of read operations=867
		HDFS: Number of large read operations=0
		HDFS: Number of write operations=280
	Map-Reduce Framework
		Combine input records=0
		Combine output records=0
		Reduce input groups=1
		Reduce shuffle bytes=5661258
		Reduce input records=104838
		Reduce output records=1
		Spilled Records=104838
		Shuffled Maps =1
		Failed Shuffles=0
		Merged Map outputs=1
		GC time elapsed (ms)=0
		Total committed heap usage (bytes)=535822336
	Shuffle Errors
		BAD_ID=0
		CONNECTION=0
		IO_ERROR=0
		WRONG_LENGTH=0
		WRONG_MAP=0
		WRONG_REDUCE=0
	File Output Format Counters 
		Bytes Written=103
26/03/02 03:39:46 INFO mapred.LocalJobRunner: Finishing task: attempt_local1660499146_0016_r_000001_0
26/03/02 03:39:46 INFO mapred.LocalJobRunner: Starting task: attempt_local1660499146_0016_r_000002_0
26/03/02 03:39:46 INFO output.FileOutputCommitter: File Output Committer Algorithm version is 1
26/03/02 03:39:46 INFO mapred.Task:  Using ResourceCalculatorProcessTree : [ ]
26/03/02 03:39:46 INFO mapred.ReduceTask: Using ShuffleConsumerPlugin: org.apache.hadoop.mapreduce.task.reduce.Shuffle@72408ac1
26/03/02 03:39:46 INFO reduce.MergeManagerImpl: MergerManager: memoryLimit=375075616, maxSingleShuffleLimit=93768904, mergeThreshold=247549920, ioSortFactor=10, memToMemMergeOutputsThreshold=10
26/03/02 03:39:46 INFO reduce.EventFetcher: attempt_local1660499146_0016_r_000002_0 Thread started: EventFetcher for fetching Map Completion Events
26/03/02 03:39:46 INFO reduce.LocalFetcher: localfetcher#63 about to shuffle output of map attempt_local1660499146_0016_m_000000_0 decomp: 5244590 len: 5244594 to MEMORY
26/03/02 03:39:46 INFO reduce.InMemoryMapOutput: Read 5244590 bytes from map-output for attempt_local1660499146_0016_m_000000_0
26/03/02 03:39:46 INFO reduce.MergeManagerImpl: closeInMemoryFile -> map-output of size: 5244590, inMemoryMapOutputs.size() -> 1, commitMemory -> 0, usedMemory ->5244590
26/03/02 03:39:46 INFO reduce.EventFetcher: EventFetcher is interrupted.. Returning
26/03/02 03:39:46 INFO mapred.LocalJobRunner: 1 / 1 copied.
26/03/02 03:39:46 INFO reduce.MergeManagerImpl: finalMerge called with 1 in-memory map-outputs and 0 on-disk map-outputs
26/03/02 03:39:46 INFO mapred.Merger: Merging 1 sorted segments
26/03/02 03:39:46 INFO mapred.Merger: Down to the last merge-pass, with 1 segments left of total size: 5244584 bytes
26/03/02 03:39:46 INFO reduce.MergeManagerImpl: Merged 1 segments, 5244590 bytes to disk to satisfy reduce memory limit
26/03/02 03:39:46 INFO reduce.MergeManagerImpl: Merging 1 files, 5244594 bytes from disk
26/03/02 03:39:46 INFO reduce.MergeManagerImpl: Merging 0 segments, 0 bytes from memory into reduce
26/03/02 03:39:46 INFO mapred.Merger: Merging 1 sorted segments
26/03/02 03:39:46 INFO mapred.Merger: Down to the last merge-pass, with 1 segments left of total size: 5244584 bytes
26/03/02 03:39:46 INFO mapred.LocalJobRunner: 1 / 1 copied.
26/03/02 03:39:46 INFO mapred.Task: Task:attempt_local1660499146_0016_r_000002_0 is done. And is in the process of committing
26/03/02 03:39:46 INFO mapred.LocalJobRunner: 1 / 1 copied.
26/03/02 03:39:46 INFO mapred.Task: Task attempt_local1660499146_0016_r_000002_0 is allowed to commit now
26/03/02 03:39:46 INFO output.FileOutputCommitter: Saved output of task 'attempt_local1660499146_0016_r_000002_0' to hdfs://localhost:9000/project2/task2/runs_report_plus/scale500k_basic/iter_16/_temporary/0/task_local1660499146_0016_r_000002
26/03/02 03:39:46 INFO mapred.LocalJobRunner: reduce > reduce
26/03/02 03:39:46 INFO mapred.Task: Task 'attempt_local1660499146_0016_r_000002_0' done.
26/03/02 03:39:46 INFO mapred.Task: Final Counters for attempt_local1660499146_0016_r_000002_0: Counters: 29
	File System Counters
		FILE: Number of bytes read=855718904
		FILE: Number of bytes written=865651289
		FILE: Number of read operations=0
		FILE: Number of large read operations=0
		FILE: Number of write operations=0
		HDFS: Number of bytes read=587047646
		HDFS: Number of bytes written=14144
		HDFS: Number of read operations=870
		HDFS: Number of large read operations=0
		HDFS: Number of write operations=282
	Map-Reduce Framework
		Combine input records=0
		Combine output records=0
		Reduce input groups=1
		Reduce shuffle bytes=5244594
		Reduce input records=97122
		Reduce output records=1
		Spilled Records=97122
		Shuffled Maps =1
		Failed Shuffles=0
		Merged Map outputs=1
		GC time elapsed (ms)=0
		Total committed heap usage (bytes)=535822336
	Shuffle Errors
		BAD_ID=0
		CONNECTION=0
		IO_ERROR=0
		WRONG_LENGTH=0
		WRONG_MAP=0
		WRONG_REDUCE=0
	File Output Format Counters 
		Bytes Written=103
26/03/02 03:39:46 INFO mapred.LocalJobRunner: Finishing task: attempt_local1660499146_0016_r_000002_0
26/03/02 03:39:46 INFO mapred.LocalJobRunner: Starting task: attempt_local1660499146_0016_r_000003_0
26/03/02 03:39:46 INFO output.FileOutputCommitter: File Output Committer Algorithm version is 1
26/03/02 03:39:46 INFO mapred.Task:  Using ResourceCalculatorProcessTree : [ ]
26/03/02 03:39:46 INFO mapred.ReduceTask: Using ShuffleConsumerPlugin: org.apache.hadoop.mapreduce.task.reduce.Shuffle@7c3649a
26/03/02 03:39:46 INFO reduce.MergeManagerImpl: MergerManager: memoryLimit=375075616, maxSingleShuffleLimit=93768904, mergeThreshold=247549920, ioSortFactor=10, memToMemMergeOutputsThreshold=10
26/03/02 03:39:46 INFO reduce.EventFetcher: attempt_local1660499146_0016_r_000003_0 Thread started: EventFetcher for fetching Map Completion Events
26/03/02 03:39:46 INFO reduce.LocalFetcher: localfetcher#64 about to shuffle output of map attempt_local1660499146_0016_m_000000_0 decomp: 5398868 len: 5398872 to MEMORY
26/03/02 03:39:46 INFO reduce.InMemoryMapOutput: Read 5398868 bytes from map-output for attempt_local1660499146_0016_m_000000_0
26/03/02 03:39:46 INFO reduce.MergeManagerImpl: closeInMemoryFile -> map-output of size: 5398868, inMemoryMapOutputs.size() -> 1, commitMemory -> 0, usedMemory ->5398868
26/03/02 03:39:46 INFO reduce.EventFetcher: EventFetcher is interrupted.. Returning
26/03/02 03:39:46 INFO mapred.LocalJobRunner: 1 / 1 copied.
26/03/02 03:39:46 INFO reduce.MergeManagerImpl: finalMerge called with 1 in-memory map-outputs and 0 on-disk map-outputs
26/03/02 03:39:46 INFO mapred.Merger: Merging 1 sorted segments
26/03/02 03:39:46 INFO mapred.Merger: Down to the last merge-pass, with 1 segments left of total size: 5398862 bytes
26/03/02 03:39:46 INFO reduce.MergeManagerImpl: Merged 1 segments, 5398868 bytes to disk to satisfy reduce memory limit
26/03/02 03:39:46 INFO reduce.MergeManagerImpl: Merging 1 files, 5398872 bytes from disk
26/03/02 03:39:46 INFO reduce.MergeManagerImpl: Merging 0 segments, 0 bytes from memory into reduce
26/03/02 03:39:46 INFO mapred.Merger: Merging 1 sorted segments
26/03/02 03:39:46 INFO mapred.Merger: Down to the last merge-pass, with 1 segments left of total size: 5398862 bytes
26/03/02 03:39:46 INFO mapred.LocalJobRunner: 1 / 1 copied.
26/03/02 03:39:46 INFO mapred.Task: Task:attempt_local1660499146_0016_r_000003_0 is done. And is in the process of committing
26/03/02 03:39:46 INFO mapred.LocalJobRunner: 1 / 1 copied.
26/03/02 03:39:46 INFO mapred.Task: Task attempt_local1660499146_0016_r_000003_0 is allowed to commit now
26/03/02 03:39:46 INFO output.FileOutputCommitter: Saved output of task 'attempt_local1660499146_0016_r_000003_0' to hdfs://localhost:9000/project2/task2/runs_report_plus/scale500k_basic/iter_16/_temporary/0/task_local1660499146_0016_r_000003
26/03/02 03:39:46 INFO mapred.LocalJobRunner: reduce > reduce
26/03/02 03:39:46 INFO mapred.Task: Task 'attempt_local1660499146_0016_r_000003_0' done.
26/03/02 03:39:46 INFO mapred.Task: Final Counters for attempt_local1660499146_0016_r_000003_0: Counters: 29
	File System Counters
		FILE: Number of bytes read=866516752
		FILE: Number of bytes written=871050161
		FILE: Number of read operations=0
		FILE: Number of large read operations=0
		FILE: Number of write operations=0
		HDFS: Number of bytes read=587047646
		HDFS: Number of bytes written=14248
		HDFS: Number of read operations=873
		HDFS: Number of large read operations=0
		HDFS: Number of write operations=284
	Map-Reduce Framework
		Combine input records=0
		Combine output records=0
		Reduce input groups=1
		Reduce shuffle bytes=5398872
		Reduce input records=99979
		Reduce output records=1
		Spilled Records=99979
		Shuffled Maps =1
		Failed Shuffles=0
		Merged Map outputs=1
		GC time elapsed (ms)=2
		Total committed heap usage (bytes)=535822336
	Shuffle Errors
		BAD_ID=0
		CONNECTION=0
		IO_ERROR=0
		WRONG_LENGTH=0
		WRONG_MAP=0
		WRONG_REDUCE=0
	File Output Format Counters 
		Bytes Written=104
26/03/02 03:39:46 INFO mapred.LocalJobRunner: Finishing task: attempt_local1660499146_0016_r_000003_0
26/03/02 03:39:46 INFO mapred.LocalJobRunner: reduce task executor complete.
26/03/02 03:39:47 INFO mapreduce.Job:  map 100% reduce 100%
26/03/02 03:39:47 INFO mapreduce.Job: Job job_local1660499146_0016 completed successfully
26/03/02 03:39:47 INFO mapreduce.Job: Counters: 35
	File System Counters
		FILE: Number of bytes read=4213863996
		FILE: Number of bytes written=4295903719
		FILE: Number of read operations=0
		FILE: Number of large read operations=0
		FILE: Number of write operations=0
		HDFS: Number of bytes read=2935238230
		HDFS: Number of bytes written=70102
		HDFS: Number of read operations=4335
		HDFS: Number of large read operations=0
		HDFS: Number of write operations=1400
	Map-Reduce Framework
		Map input records=500000
		Map output records=500000
		Map output bytes=26000000
		Map output materialized bytes=27000024
		Input split bytes=123
		Combine input records=0
		Combine output records=0
		Reduce input groups=5
		Reduce shuffle bytes=27000024
		Reduce input records=500000
		Reduce output records=5
		Spilled Records=1000000
		Shuffled Maps =4
		Failed Shuffles=0
		Merged Map outputs=4
		GC time elapsed (ms)=14
		Total committed heap usage (bytes)=2679111680
	Shuffle Errors
		BAD_ID=0
		CONNECTION=0
		IO_ERROR=0
		WRONG_LENGTH=0
		WRONG_MAP=0
		WRONG_REDUCE=0
	File Input Format Counters 
		Bytes Read=36688385
	File Output Format Counters 
		Bytes Written=517
26/03/02 03:39:47 INFO jvm.JvmMetrics: Cannot initialize JVM Metrics with processName=JobTracker, sessionId= - already initialized
26/03/02 03:39:47 WARN mapreduce.JobResourceUploader: Hadoop command-line option parsing not performed. Implement the Tool interface and execute your application with ToolRunner to remedy this.
26/03/02 03:39:47 INFO input.FileInputFormat: Total input paths to process : 1
26/03/02 03:39:47 INFO mapreduce.JobSubmitter: number of splits:1
26/03/02 03:39:47 INFO mapreduce.JobSubmitter: Submitting tokens for job: job_local49713317_0017
26/03/02 03:39:47 INFO mapred.LocalDistributedCacheManager: Creating symlink: /tmp/hadoop-ds503/mapred/local/1772422787494/centers_iter_16.csv <- /home/ds503/centers_iter_16.csv
26/03/02 03:39:47 INFO mapred.LocalDistributedCacheManager: Localized hdfs://localhost:9000/project2/task2/runs_report_plus/scale500k_basic/centers_iter_16.csv as file:/tmp/hadoop-ds503/mapred/local/1772422787494/centers_iter_16.csv
26/03/02 03:39:47 INFO mapreduce.Job: The url to track the job: http://localhost:8080/
26/03/02 03:39:47 INFO mapreduce.Job: Running job: job_local49713317_0017
26/03/02 03:39:47 INFO mapred.LocalJobRunner: OutputCommitter set in config null
26/03/02 03:39:47 INFO output.FileOutputCommitter: File Output Committer Algorithm version is 1
26/03/02 03:39:47 INFO mapred.LocalJobRunner: OutputCommitter is org.apache.hadoop.mapreduce.lib.output.FileOutputCommitter
26/03/02 03:39:47 INFO mapred.LocalJobRunner: Waiting for map tasks
26/03/02 03:39:47 INFO mapred.LocalJobRunner: Starting task: attempt_local49713317_0017_m_000000_0
26/03/02 03:39:47 INFO output.FileOutputCommitter: File Output Committer Algorithm version is 1
26/03/02 03:39:47 INFO mapred.Task:  Using ResourceCalculatorProcessTree : [ ]
26/03/02 03:39:47 INFO mapred.MapTask: Processing split: hdfs://localhost:9000/project2/task2/input/points_500k.csv:0+36688385
26/03/02 03:39:47 INFO mapred.MapTask: (EQUATOR) 0 kvi 26214396(104857584)
26/03/02 03:39:47 INFO mapred.MapTask: mapreduce.task.io.sort.mb: 100
26/03/02 03:39:47 INFO mapred.MapTask: soft limit at 83886080
26/03/02 03:39:47 INFO mapred.MapTask: bufstart = 0; bufvoid = 104857600
26/03/02 03:39:47 INFO mapred.MapTask: kvstart = 26214396; length = 6553600
26/03/02 03:39:47 INFO mapred.MapTask: Map output collector class = org.apache.hadoop.mapred.MapTask$MapOutputBuffer
26/03/02 03:39:48 INFO mapred.LocalJobRunner: 
26/03/02 03:39:48 INFO mapred.MapTask: Starting flush of map output
26/03/02 03:39:48 INFO mapred.MapTask: Spilling map output
26/03/02 03:39:48 INFO mapred.MapTask: bufstart = 0; bufend = 26000000; bufvoid = 104857600
26/03/02 03:39:48 INFO mapred.MapTask: kvstart = 26214396(104857584); kvend = 24214400(96857600); length = 1999997/6553600
26/03/02 03:39:48 INFO mapred.MapTask: Finished spill 0
26/03/02 03:39:48 INFO mapred.Task: Task:attempt_local49713317_0017_m_000000_0 is done. And is in the process of committing
26/03/02 03:39:48 INFO mapred.LocalJobRunner: map
26/03/02 03:39:48 INFO mapred.Task: Task 'attempt_local49713317_0017_m_000000_0' done.
26/03/02 03:39:48 INFO mapred.Task: Final Counters for attempt_local49713317_0017_m_000000_0: Counters: 22
	File System Counters
		FILE: Number of bytes read=866661309
		FILE: Number of bytes written=898488396
		FILE: Number of read operations=0
		FILE: Number of large read operations=0
		FILE: Number of write operations=0
		HDFS: Number of bytes read=623738186
		HDFS: Number of bytes written=14624
		HDFS: Number of read operations=917
		HDFS: Number of large read operations=0
		HDFS: Number of write operations=294
	Map-Reduce Framework
		Map input records=500000
		Map output records=500000
		Map output bytes=26000000
		Map output materialized bytes=27000024
		Input split bytes=123
		Combine input records=0
		Spilled Records=500000
		Failed Shuffles=0
		Merged Map outputs=0
		GC time elapsed (ms)=67
		Total committed heap usage (bytes)=373293056
	File Input Format Counters 
		Bytes Read=36688385
26/03/02 03:39:48 INFO mapred.LocalJobRunner: Finishing task: attempt_local49713317_0017_m_000000_0
26/03/02 03:39:48 INFO mapred.LocalJobRunner: map task executor complete.
26/03/02 03:39:48 INFO mapred.LocalJobRunner: Waiting for reduce tasks
26/03/02 03:39:48 INFO mapred.LocalJobRunner: Starting task: attempt_local49713317_0017_r_000000_0
26/03/02 03:39:48 INFO output.FileOutputCommitter: File Output Committer Algorithm version is 1
26/03/02 03:39:48 INFO mapred.Task:  Using ResourceCalculatorProcessTree : [ ]
26/03/02 03:39:48 INFO mapred.ReduceTask: Using ShuffleConsumerPlugin: org.apache.hadoop.mapreduce.task.reduce.Shuffle@4296d01
26/03/02 03:39:48 INFO reduce.MergeManagerImpl: MergerManager: memoryLimit=334338464, maxSingleShuffleLimit=83584616, mergeThreshold=220663392, ioSortFactor=10, memToMemMergeOutputsThreshold=10
26/03/02 03:39:48 INFO reduce.EventFetcher: attempt_local49713317_0017_r_000000_0 Thread started: EventFetcher for fetching Map Completion Events
26/03/02 03:39:48 INFO reduce.LocalFetcher: localfetcher#65 about to shuffle output of map attempt_local49713317_0017_m_000000_0 decomp: 10701884 len: 10701888 to MEMORY
26/03/02 03:39:48 INFO reduce.InMemoryMapOutput: Read 10701884 bytes from map-output for attempt_local49713317_0017_m_000000_0
26/03/02 03:39:48 INFO reduce.MergeManagerImpl: closeInMemoryFile -> map-output of size: 10701884, inMemoryMapOutputs.size() -> 1, commitMemory -> 0, usedMemory ->10701884
26/03/02 03:39:48 INFO reduce.EventFetcher: EventFetcher is interrupted.. Returning
26/03/02 03:39:48 INFO mapred.LocalJobRunner: 1 / 1 copied.
26/03/02 03:39:48 INFO reduce.MergeManagerImpl: finalMerge called with 1 in-memory map-outputs and 0 on-disk map-outputs
26/03/02 03:39:48 INFO mapred.Merger: Merging 1 sorted segments
26/03/02 03:39:48 INFO mapred.Merger: Down to the last merge-pass, with 1 segments left of total size: 10701878 bytes
26/03/02 03:39:48 INFO reduce.MergeManagerImpl: Merged 1 segments, 10701884 bytes to disk to satisfy reduce memory limit
26/03/02 03:39:48 INFO reduce.MergeManagerImpl: Merging 1 files, 10701888 bytes from disk
26/03/02 03:39:48 INFO reduce.MergeManagerImpl: Merging 0 segments, 0 bytes from memory into reduce
26/03/02 03:39:48 INFO mapred.Merger: Merging 1 sorted segments
26/03/02 03:39:48 INFO mapred.Merger: Down to the last merge-pass, with 1 segments left of total size: 10701878 bytes
26/03/02 03:39:48 INFO mapred.LocalJobRunner: 1 / 1 copied.
26/03/02 03:39:48 INFO mapreduce.Job: Job job_local49713317_0017 running in uber mode : false
26/03/02 03:39:48 INFO mapreduce.Job:  map 100% reduce 0%
26/03/02 03:39:48 INFO mapred.Task: Task:attempt_local49713317_0017_r_000000_0 is done. And is in the process of committing
26/03/02 03:39:48 INFO mapred.LocalJobRunner: 1 / 1 copied.
26/03/02 03:39:48 INFO mapred.Task: Task attempt_local49713317_0017_r_000000_0 is allowed to commit now
26/03/02 03:39:48 INFO output.FileOutputCommitter: Saved output of task 'attempt_local49713317_0017_r_000000_0' to hdfs://localhost:9000/project2/task2/runs_report_plus/scale500k_basic/iter_17/_temporary/0/task_local49713317_0017_r_000000
26/03/02 03:39:48 INFO mapred.LocalJobRunner: reduce > reduce
26/03/02 03:39:48 INFO mapred.Task: Task 'attempt_local49713317_0017_r_000000_0' done.
26/03/02 03:39:48 INFO mapred.Task: Final Counters for attempt_local49713317_0017_r_000000_0: Counters: 29
	File System Counters
		FILE: Number of bytes read=888069281
		FILE: Number of bytes written=909190284
		FILE: Number of read operations=0
		FILE: Number of large read operations=0
		FILE: Number of write operations=0
		HDFS: Number of bytes read=623738186
		HDFS: Number of bytes written=14827
		HDFS: Number of read operations=920
		HDFS: Number of large read operations=0
		HDFS: Number of write operations=296
	Map-Reduce Framework
		Combine input records=0
		Combine output records=0
		Reduce input groups=2
		Reduce shuffle bytes=10701888
		Reduce input records=198183
		Reduce output records=2
		Spilled Records=198183
		Shuffled Maps =1
		Failed Shuffles=0
		Merged Map outputs=1
		GC time elapsed (ms)=1
		Total committed heap usage (bytes)=373293056
	Shuffle Errors
		BAD_ID=0
		CONNECTION=0
		IO_ERROR=0
		WRONG_LENGTH=0
		WRONG_MAP=0
		WRONG_REDUCE=0
	File Output Format Counters 
		Bytes Written=203
26/03/02 03:39:48 INFO mapred.LocalJobRunner: Finishing task: attempt_local49713317_0017_r_000000_0
26/03/02 03:39:48 INFO mapred.LocalJobRunner: Starting task: attempt_local49713317_0017_r_000001_0
26/03/02 03:39:48 INFO output.FileOutputCommitter: File Output Committer Algorithm version is 1
26/03/02 03:39:48 INFO mapred.Task:  Using ResourceCalculatorProcessTree : [ ]
26/03/02 03:39:48 INFO mapred.ReduceTask: Using ShuffleConsumerPlugin: org.apache.hadoop.mapreduce.task.reduce.Shuffle@45da4d1
26/03/02 03:39:48 INFO reduce.MergeManagerImpl: MergerManager: memoryLimit=334338464, maxSingleShuffleLimit=83584616, mergeThreshold=220663392, ioSortFactor=10, memToMemMergeOutputsThreshold=10
26/03/02 03:39:48 INFO reduce.EventFetcher: attempt_local49713317_0017_r_000001_0 Thread started: EventFetcher for fetching Map Completion Events
26/03/02 03:39:48 INFO reduce.LocalFetcher: localfetcher#66 about to shuffle output of map attempt_local49713317_0017_m_000000_0 decomp: 5634308 len: 5634312 to MEMORY
26/03/02 03:39:48 INFO reduce.InMemoryMapOutput: Read 5634308 bytes from map-output for attempt_local49713317_0017_m_000000_0
26/03/02 03:39:48 INFO reduce.MergeManagerImpl: closeInMemoryFile -> map-output of size: 5634308, inMemoryMapOutputs.size() -> 1, commitMemory -> 0, usedMemory ->5634308
26/03/02 03:39:48 INFO reduce.EventFetcher: EventFetcher is interrupted.. Returning
26/03/02 03:39:48 INFO mapred.LocalJobRunner: 1 / 1 copied.
26/03/02 03:39:48 INFO reduce.MergeManagerImpl: finalMerge called with 1 in-memory map-outputs and 0 on-disk map-outputs
26/03/02 03:39:48 INFO mapred.Merger: Merging 1 sorted segments
26/03/02 03:39:48 INFO mapred.Merger: Down to the last merge-pass, with 1 segments left of total size: 5634302 bytes
26/03/02 03:39:48 INFO reduce.MergeManagerImpl: Merged 1 segments, 5634308 bytes to disk to satisfy reduce memory limit
26/03/02 03:39:48 INFO reduce.MergeManagerImpl: Merging 1 files, 5634312 bytes from disk
26/03/02 03:39:48 INFO reduce.MergeManagerImpl: Merging 0 segments, 0 bytes from memory into reduce
26/03/02 03:39:48 INFO mapred.Merger: Merging 1 sorted segments
26/03/02 03:39:48 INFO mapred.Merger: Down to the last merge-pass, with 1 segments left of total size: 5634302 bytes
26/03/02 03:39:48 INFO mapred.LocalJobRunner: 1 / 1 copied.
26/03/02 03:39:48 INFO mapred.Task: Task:attempt_local49713317_0017_r_000001_0 is done. And is in the process of committing
26/03/02 03:39:48 INFO mapred.LocalJobRunner: 1 / 1 copied.
26/03/02 03:39:48 INFO mapred.Task: Task attempt_local49713317_0017_r_000001_0 is allowed to commit now
26/03/02 03:39:48 INFO output.FileOutputCommitter: Saved output of task 'attempt_local49713317_0017_r_000001_0' to hdfs://localhost:9000/project2/task2/runs_report_plus/scale500k_basic/iter_17/_temporary/0/task_local49713317_0017_r_000001
26/03/02 03:39:48 INFO mapred.LocalJobRunner: reduce > reduce
26/03/02 03:39:48 INFO mapred.Task: Task 'attempt_local49713317_0017_r_000001_0' done.
26/03/02 03:39:48 INFO mapred.Task: Final Counters for attempt_local49713317_0017_r_000001_0: Counters: 29
	File System Counters
		FILE: Number of bytes read=899342101
		FILE: Number of bytes written=914824596
		FILE: Number of read operations=0
		FILE: Number of large read operations=0
		FILE: Number of write operations=0
		HDFS: Number of bytes read=623738186
		HDFS: Number of bytes written=14932
		HDFS: Number of read operations=923
		HDFS: Number of large read operations=0
		HDFS: Number of write operations=298
	Map-Reduce Framework
		Combine input records=0
		Combine output records=0
		Reduce input groups=1
		Reduce shuffle bytes=5634312
		Reduce input records=104339
		Reduce output records=1
		Spilled Records=104339
		Shuffled Maps =1
		Failed Shuffles=0
		Merged Map outputs=1
		GC time elapsed (ms)=0
		Total committed heap usage (bytes)=373293056
	Shuffle Errors
		BAD_ID=0
		CONNECTION=0
		IO_ERROR=0
		WRONG_LENGTH=0
		WRONG_MAP=0
		WRONG_REDUCE=0
	File Output Format Counters 
		Bytes Written=105
26/03/02 03:39:48 INFO mapred.LocalJobRunner: Finishing task: attempt_local49713317_0017_r_000001_0
26/03/02 03:39:48 INFO mapred.LocalJobRunner: Starting task: attempt_local49713317_0017_r_000002_0
26/03/02 03:39:48 INFO output.FileOutputCommitter: File Output Committer Algorithm version is 1
26/03/02 03:39:48 INFO mapred.Task:  Using ResourceCalculatorProcessTree : [ ]
26/03/02 03:39:48 INFO mapred.ReduceTask: Using ShuffleConsumerPlugin: org.apache.hadoop.mapreduce.task.reduce.Shuffle@7cb61528
26/03/02 03:39:48 INFO reduce.MergeManagerImpl: MergerManager: memoryLimit=334338464, maxSingleShuffleLimit=83584616, mergeThreshold=220663392, ioSortFactor=10, memToMemMergeOutputsThreshold=10
26/03/02 03:39:48 INFO reduce.EventFetcher: attempt_local49713317_0017_r_000002_0 Thread started: EventFetcher for fetching Map Completion Events
26/03/02 03:39:48 INFO reduce.LocalFetcher: localfetcher#67 about to shuffle output of map attempt_local49713317_0017_m_000000_0 decomp: 5260790 len: 5260794 to MEMORY
26/03/02 03:39:48 INFO reduce.InMemoryMapOutput: Read 5260790 bytes from map-output for attempt_local49713317_0017_m_000000_0
26/03/02 03:39:48 INFO reduce.MergeManagerImpl: closeInMemoryFile -> map-output of size: 5260790, inMemoryMapOutputs.size() -> 1, commitMemory -> 0, usedMemory ->5260790
26/03/02 03:39:48 INFO reduce.EventFetcher: EventFetcher is interrupted.. Returning
26/03/02 03:39:48 INFO mapred.LocalJobRunner: 1 / 1 copied.
26/03/02 03:39:48 INFO reduce.MergeManagerImpl: finalMerge called with 1 in-memory map-outputs and 0 on-disk map-outputs
26/03/02 03:39:48 INFO mapred.Merger: Merging 1 sorted segments
26/03/02 03:39:48 INFO mapred.Merger: Down to the last merge-pass, with 1 segments left of total size: 5260784 bytes
26/03/02 03:39:48 INFO reduce.MergeManagerImpl: Merged 1 segments, 5260790 bytes to disk to satisfy reduce memory limit
26/03/02 03:39:48 INFO reduce.MergeManagerImpl: Merging 1 files, 5260794 bytes from disk
26/03/02 03:39:48 INFO reduce.MergeManagerImpl: Merging 0 segments, 0 bytes from memory into reduce
26/03/02 03:39:48 INFO mapred.Merger: Merging 1 sorted segments
26/03/02 03:39:48 INFO mapred.Merger: Down to the last merge-pass, with 1 segments left of total size: 5260784 bytes
26/03/02 03:39:48 INFO mapred.LocalJobRunner: 1 / 1 copied.
26/03/02 03:39:48 INFO mapred.Task: Task:attempt_local49713317_0017_r_000002_0 is done. And is in the process of committing
26/03/02 03:39:48 INFO mapred.LocalJobRunner: 1 / 1 copied.
26/03/02 03:39:48 INFO mapred.Task: Task attempt_local49713317_0017_r_000002_0 is allowed to commit now
26/03/02 03:39:48 INFO output.FileOutputCommitter: Saved output of task 'attempt_local49713317_0017_r_000002_0' to hdfs://localhost:9000/project2/task2/runs_report_plus/scale500k_basic/iter_17/_temporary/0/task_local49713317_0017_r_000002
26/03/02 03:39:48 INFO mapred.LocalJobRunner: reduce > reduce
26/03/02 03:39:48 INFO mapred.Task: Task 'attempt_local49713317_0017_r_000002_0' done.
26/03/02 03:39:48 INFO mapred.Task: Final Counters for attempt_local49713317_0017_r_000002_0: Counters: 29
	File System Counters
		FILE: Number of bytes read=909867885
		FILE: Number of bytes written=920085390
		FILE: Number of read operations=0
		FILE: Number of large read operations=0
		FILE: Number of write operations=0
		HDFS: Number of bytes read=623738186
		HDFS: Number of bytes written=15033
		HDFS: Number of read operations=926
		HDFS: Number of large read operations=0
		HDFS: Number of write operations=300
	Map-Reduce Framework
		Combine input records=0
		Combine output records=0
		Reduce input groups=1
		Reduce shuffle bytes=5260794
		Reduce input records=97422
		Reduce output records=1
		Spilled Records=97422
		Shuffled Maps =1
		Failed Shuffles=0
		Merged Map outputs=1
		GC time elapsed (ms)=0
		Total committed heap usage (bytes)=373293056
	Shuffle Errors
		BAD_ID=0
		CONNECTION=0
		IO_ERROR=0
		WRONG_LENGTH=0
		WRONG_MAP=0
		WRONG_REDUCE=0
	File Output Format Counters 
		Bytes Written=101
26/03/02 03:39:48 INFO mapred.LocalJobRunner: Finishing task: attempt_local49713317_0017_r_000002_0
26/03/02 03:39:48 INFO mapred.LocalJobRunner: Starting task: attempt_local49713317_0017_r_000003_0
26/03/02 03:39:48 INFO output.FileOutputCommitter: File Output Committer Algorithm version is 1
26/03/02 03:39:48 INFO mapred.Task:  Using ResourceCalculatorProcessTree : [ ]
26/03/02 03:39:48 INFO mapred.ReduceTask: Using ShuffleConsumerPlugin: org.apache.hadoop.mapreduce.task.reduce.Shuffle@42ee3402
26/03/02 03:39:48 INFO reduce.MergeManagerImpl: MergerManager: memoryLimit=334338464, maxSingleShuffleLimit=83584616, mergeThreshold=220663392, ioSortFactor=10, memToMemMergeOutputsThreshold=10
26/03/02 03:39:48 INFO reduce.EventFetcher: attempt_local49713317_0017_r_000003_0 Thread started: EventFetcher for fetching Map Completion Events
26/03/02 03:39:48 INFO reduce.LocalFetcher: localfetcher#68 about to shuffle output of map attempt_local49713317_0017_m_000000_0 decomp: 5403026 len: 5403030 to MEMORY
26/03/02 03:39:48 INFO reduce.InMemoryMapOutput: Read 5403026 bytes from map-output for attempt_local49713317_0017_m_000000_0
26/03/02 03:39:48 INFO reduce.MergeManagerImpl: closeInMemoryFile -> map-output of size: 5403026, inMemoryMapOutputs.size() -> 1, commitMemory -> 0, usedMemory ->5403026
26/03/02 03:39:48 INFO reduce.EventFetcher: EventFetcher is interrupted.. Returning
26/03/02 03:39:48 INFO mapred.LocalJobRunner: 1 / 1 copied.
26/03/02 03:39:48 INFO reduce.MergeManagerImpl: finalMerge called with 1 in-memory map-outputs and 0 on-disk map-outputs
26/03/02 03:39:48 INFO mapred.Merger: Merging 1 sorted segments
26/03/02 03:39:48 INFO mapred.Merger: Down to the last merge-pass, with 1 segments left of total size: 5403020 bytes
26/03/02 03:39:48 INFO reduce.MergeManagerImpl: Merged 1 segments, 5403026 bytes to disk to satisfy reduce memory limit
26/03/02 03:39:48 INFO reduce.MergeManagerImpl: Merging 1 files, 5403030 bytes from disk
26/03/02 03:39:48 INFO reduce.MergeManagerImpl: Merging 0 segments, 0 bytes from memory into reduce
26/03/02 03:39:48 INFO mapred.Merger: Merging 1 sorted segments
26/03/02 03:39:48 INFO mapred.Merger: Down to the last merge-pass, with 1 segments left of total size: 5403020 bytes
26/03/02 03:39:48 INFO mapred.LocalJobRunner: 1 / 1 copied.
26/03/02 03:39:48 INFO mapred.Task: Task:attempt_local49713317_0017_r_000003_0 is done. And is in the process of committing
26/03/02 03:39:48 INFO mapred.LocalJobRunner: 1 / 1 copied.
26/03/02 03:39:48 INFO mapred.Task: Task attempt_local49713317_0017_r_000003_0 is allowed to commit now
26/03/02 03:39:48 INFO output.FileOutputCommitter: Saved output of task 'attempt_local49713317_0017_r_000003_0' to hdfs://localhost:9000/project2/task2/runs_report_plus/scale500k_basic/iter_17/_temporary/0/task_local49713317_0017_r_000003
26/03/02 03:39:48 INFO mapred.LocalJobRunner: reduce > reduce
26/03/02 03:39:48 INFO mapred.Task: Task 'attempt_local49713317_0017_r_000003_0' done.
26/03/02 03:39:48 INFO mapred.Task: Final Counters for attempt_local49713317_0017_r_000003_0: Counters: 29
	File System Counters
		FILE: Number of bytes read=920674049
		FILE: Number of bytes written=925488420
		FILE: Number of read operations=0
		FILE: Number of large read operations=0
		FILE: Number of write operations=0
		HDFS: Number of bytes read=623738186
		HDFS: Number of bytes written=15137
		HDFS: Number of read operations=929
		HDFS: Number of large read operations=0
		HDFS: Number of write operations=302
	Map-Reduce Framework
		Combine input records=0
		Combine output records=0
		Reduce input groups=1
		Reduce shuffle bytes=5403030
		Reduce input records=100056
		Reduce output records=1
		Spilled Records=100056
		Shuffled Maps =1
		Failed Shuffles=0
		Merged Map outputs=1
		GC time elapsed (ms)=0
		Total committed heap usage (bytes)=373293056
	Shuffle Errors
		BAD_ID=0
		CONNECTION=0
		IO_ERROR=0
		WRONG_LENGTH=0
		WRONG_MAP=0
		WRONG_REDUCE=0
	File Output Format Counters 
		Bytes Written=104
26/03/02 03:39:48 INFO mapred.LocalJobRunner: Finishing task: attempt_local49713317_0017_r_000003_0
26/03/02 03:39:48 INFO mapred.LocalJobRunner: reduce task executor complete.
26/03/02 03:39:49 INFO mapreduce.Job:  map 100% reduce 100%
26/03/02 03:39:49 INFO mapreduce.Job: Job job_local49713317_0017 completed successfully
26/03/02 03:39:49 INFO mapreduce.Job: Counters: 35
	File System Counters
		FILE: Number of bytes read=4484614625
		FILE: Number of bytes written=4568077086
		FILE: Number of read operations=0
		FILE: Number of large read operations=0
		FILE: Number of write operations=0
		HDFS: Number of bytes read=3118690930
		HDFS: Number of bytes written=74553
		HDFS: Number of read operations=4615
		HDFS: Number of large read operations=0
		HDFS: Number of write operations=1490
	Map-Reduce Framework
		Map input records=500000
		Map output records=500000
		Map output bytes=26000000
		Map output materialized bytes=27000024
		Input split bytes=123
		Combine input records=0
		Combine output records=0
		Reduce input groups=5
		Reduce shuffle bytes=27000024
		Reduce input records=500000
		Reduce output records=5
		Spilled Records=1000000
		Shuffled Maps =4
		Failed Shuffles=0
		Merged Map outputs=4
		GC time elapsed (ms)=68
		Total committed heap usage (bytes)=1866465280
	Shuffle Errors
		BAD_ID=0
		CONNECTION=0
		IO_ERROR=0
		WRONG_LENGTH=0
		WRONG_MAP=0
		WRONG_REDUCE=0
	File Input Format Counters 
		Bytes Read=36688385
	File Output Format Counters 
		Bytes Written=513
26/03/02 03:39:49 INFO jvm.JvmMetrics: Cannot initialize JVM Metrics with processName=JobTracker, sessionId= - already initialized
26/03/02 03:39:49 WARN mapreduce.JobResourceUploader: Hadoop command-line option parsing not performed. Implement the Tool interface and execute your application with ToolRunner to remedy this.
26/03/02 03:39:49 INFO input.FileInputFormat: Total input paths to process : 1
26/03/02 03:39:49 INFO mapreduce.JobSubmitter: number of splits:1
26/03/02 03:39:49 INFO mapreduce.JobSubmitter: Submitting tokens for job: job_local975056287_0018
26/03/02 03:39:49 INFO mapred.LocalDistributedCacheManager: Creating symlink: /tmp/hadoop-ds503/mapred/local/1772422789571/centers_iter_17.csv <- /home/ds503/centers_iter_17.csv
26/03/02 03:39:49 INFO mapred.LocalDistributedCacheManager: Localized hdfs://localhost:9000/project2/task2/runs_report_plus/scale500k_basic/centers_iter_17.csv as file:/tmp/hadoop-ds503/mapred/local/1772422789571/centers_iter_17.csv
26/03/02 03:39:49 INFO mapreduce.Job: The url to track the job: http://localhost:8080/
26/03/02 03:39:49 INFO mapreduce.Job: Running job: job_local975056287_0018
26/03/02 03:39:49 INFO mapred.LocalJobRunner: OutputCommitter set in config null
26/03/02 03:39:49 INFO output.FileOutputCommitter: File Output Committer Algorithm version is 1
26/03/02 03:39:49 INFO mapred.LocalJobRunner: OutputCommitter is org.apache.hadoop.mapreduce.lib.output.FileOutputCommitter
26/03/02 03:39:49 INFO mapred.LocalJobRunner: Waiting for map tasks
26/03/02 03:39:49 INFO mapred.LocalJobRunner: Starting task: attempt_local975056287_0018_m_000000_0
26/03/02 03:39:49 INFO output.FileOutputCommitter: File Output Committer Algorithm version is 1
26/03/02 03:39:49 INFO mapred.Task:  Using ResourceCalculatorProcessTree : [ ]
26/03/02 03:39:49 INFO mapred.MapTask: Processing split: hdfs://localhost:9000/project2/task2/input/points_500k.csv:0+36688385
26/03/02 03:39:49 INFO mapred.MapTask: (EQUATOR) 0 kvi 26214396(104857584)
26/03/02 03:39:49 INFO mapred.MapTask: mapreduce.task.io.sort.mb: 100
26/03/02 03:39:49 INFO mapred.MapTask: soft limit at 83886080
26/03/02 03:39:49 INFO mapred.MapTask: bufstart = 0; bufvoid = 104857600
26/03/02 03:39:49 INFO mapred.MapTask: kvstart = 26214396; length = 6553600
26/03/02 03:39:49 INFO mapred.MapTask: Map output collector class = org.apache.hadoop.mapred.MapTask$MapOutputBuffer
26/03/02 03:39:50 INFO mapred.LocalJobRunner: 
26/03/02 03:39:50 INFO mapred.MapTask: Starting flush of map output
26/03/02 03:39:50 INFO mapred.MapTask: Spilling map output
26/03/02 03:39:50 INFO mapred.MapTask: bufstart = 0; bufend = 26000000; bufvoid = 104857600
26/03/02 03:39:50 INFO mapred.MapTask: kvstart = 26214396(104857584); kvend = 24214400(96857600); length = 1999997/6553600
26/03/02 03:39:50 INFO mapred.MapTask: Finished spill 0
26/03/02 03:39:50 INFO mapred.Task: Task:attempt_local975056287_0018_m_000000_0 is done. And is in the process of committing
26/03/02 03:39:50 INFO mapred.LocalJobRunner: map
26/03/02 03:39:50 INFO mapred.Task: Task 'attempt_local975056287_0018_m_000000_0' done.
26/03/02 03:39:50 INFO mapred.Task: Final Counters for attempt_local975056287_0018_m_000000_0: Counters: 22
	File System Counters
		FILE: Number of bytes read=920818606
		FILE: Number of bytes written=952928236
		FILE: Number of read operations=0
		FILE: Number of large read operations=0
		FILE: Number of write operations=0
		HDFS: Number of bytes read=660428715
		HDFS: Number of bytes written=15508
		HDFS: Number of read operations=973
		HDFS: Number of large read operations=0
		HDFS: Number of write operations=312
	Map-Reduce Framework
		Map input records=500000
		Map output records=500000
		Map output bytes=26000000
		Map output materialized bytes=27000024
		Input split bytes=123
		Combine input records=0
		Spilled Records=500000
		Failed Shuffles=0
		Merged Map outputs=0
		GC time elapsed (ms)=12
		Total committed heap usage (bytes)=478674944
	File Input Format Counters 
		Bytes Read=36688385
26/03/02 03:39:50 INFO mapred.LocalJobRunner: Finishing task: attempt_local975056287_0018_m_000000_0
26/03/02 03:39:50 INFO mapred.LocalJobRunner: map task executor complete.
26/03/02 03:39:50 INFO mapred.LocalJobRunner: Waiting for reduce tasks
26/03/02 03:39:50 INFO mapred.LocalJobRunner: Starting task: attempt_local975056287_0018_r_000000_0
26/03/02 03:39:50 INFO output.FileOutputCommitter: File Output Committer Algorithm version is 1
26/03/02 03:39:50 INFO mapred.Task:  Using ResourceCalculatorProcessTree : [ ]
26/03/02 03:39:50 INFO mapred.ReduceTask: Using ShuffleConsumerPlugin: org.apache.hadoop.mapreduce.task.reduce.Shuffle@25010bad
26/03/02 03:39:50 INFO reduce.MergeManagerImpl: MergerManager: memoryLimit=335072448, maxSingleShuffleLimit=83768112, mergeThreshold=221147824, ioSortFactor=10, memToMemMergeOutputsThreshold=10
26/03/02 03:39:50 INFO reduce.EventFetcher: attempt_local975056287_0018_r_000000_0 Thread started: EventFetcher for fetching Map Completion Events
26/03/02 03:39:50 INFO reduce.LocalFetcher: localfetcher#69 about to shuffle output of map attempt_local975056287_0018_m_000000_0 decomp: 10709120 len: 10709124 to MEMORY
26/03/02 03:39:50 INFO reduce.InMemoryMapOutput: Read 10709120 bytes from map-output for attempt_local975056287_0018_m_000000_0
26/03/02 03:39:50 INFO reduce.MergeManagerImpl: closeInMemoryFile -> map-output of size: 10709120, inMemoryMapOutputs.size() -> 1, commitMemory -> 0, usedMemory ->10709120
26/03/02 03:39:50 INFO reduce.EventFetcher: EventFetcher is interrupted.. Returning
26/03/02 03:39:50 INFO mapred.LocalJobRunner: 1 / 1 copied.
26/03/02 03:39:50 INFO reduce.MergeManagerImpl: finalMerge called with 1 in-memory map-outputs and 0 on-disk map-outputs
26/03/02 03:39:50 INFO mapred.Merger: Merging 1 sorted segments
26/03/02 03:39:50 INFO mapred.Merger: Down to the last merge-pass, with 1 segments left of total size: 10709114 bytes
26/03/02 03:39:50 INFO reduce.MergeManagerImpl: Merged 1 segments, 10709120 bytes to disk to satisfy reduce memory limit
26/03/02 03:39:50 INFO reduce.MergeManagerImpl: Merging 1 files, 10709124 bytes from disk
26/03/02 03:39:50 INFO reduce.MergeManagerImpl: Merging 0 segments, 0 bytes from memory into reduce
26/03/02 03:39:50 INFO mapred.Merger: Merging 1 sorted segments
26/03/02 03:39:50 INFO mapred.Merger: Down to the last merge-pass, with 1 segments left of total size: 10709114 bytes
26/03/02 03:39:50 INFO mapred.LocalJobRunner: 1 / 1 copied.
26/03/02 03:39:50 INFO mapred.Task: Task:attempt_local975056287_0018_r_000000_0 is done. And is in the process of committing
26/03/02 03:39:50 INFO mapred.LocalJobRunner: 1 / 1 copied.
26/03/02 03:39:50 INFO mapred.Task: Task attempt_local975056287_0018_r_000000_0 is allowed to commit now
26/03/02 03:39:50 INFO output.FileOutputCommitter: Saved output of task 'attempt_local975056287_0018_r_000000_0' to hdfs://localhost:9000/project2/task2/runs_report_plus/scale500k_basic/iter_18/_temporary/0/task_local975056287_0018_r_000000
26/03/02 03:39:50 INFO mapred.LocalJobRunner: reduce > reduce
26/03/02 03:39:50 INFO mapred.Task: Task 'attempt_local975056287_0018_r_000000_0' done.
26/03/02 03:39:50 INFO mapred.Task: Final Counters for attempt_local975056287_0018_r_000000_0: Counters: 29
	File System Counters
		FILE: Number of bytes read=942241050
		FILE: Number of bytes written=963637360
		FILE: Number of read operations=0
		FILE: Number of large read operations=0
		FILE: Number of write operations=0
		HDFS: Number of bytes read=660428715
		HDFS: Number of bytes written=15714
		HDFS: Number of read operations=976
		HDFS: Number of large read operations=0
		HDFS: Number of write operations=314
	Map-Reduce Framework
		Combine input records=0
		Combine output records=0
		Reduce input groups=2
		Reduce shuffle bytes=10709124
		Reduce input records=198317
		Reduce output records=2
		Spilled Records=198317
		Shuffled Maps =1
		Failed Shuffles=0
		Merged Map outputs=1
		GC time elapsed (ms)=0
		Total committed heap usage (bytes)=478674944
	Shuffle Errors
		BAD_ID=0
		CONNECTION=0
		IO_ERROR=0
		WRONG_LENGTH=0
		WRONG_MAP=0
		WRONG_REDUCE=0
	File Output Format Counters 
		Bytes Written=206
26/03/02 03:39:50 INFO mapred.LocalJobRunner: Finishing task: attempt_local975056287_0018_r_000000_0
26/03/02 03:39:50 INFO mapred.LocalJobRunner: Starting task: attempt_local975056287_0018_r_000001_0
26/03/02 03:39:50 INFO output.FileOutputCommitter: File Output Committer Algorithm version is 1
26/03/02 03:39:50 INFO mapred.Task:  Using ResourceCalculatorProcessTree : [ ]
26/03/02 03:39:50 INFO mapred.ReduceTask: Using ShuffleConsumerPlugin: org.apache.hadoop.mapreduce.task.reduce.Shuffle@478ad9d7
26/03/02 03:39:50 INFO reduce.MergeManagerImpl: MergerManager: memoryLimit=335072448, maxSingleShuffleLimit=83768112, mergeThreshold=221147824, ioSortFactor=10, memToMemMergeOutputsThreshold=10
26/03/02 03:39:50 INFO reduce.EventFetcher: attempt_local975056287_0018_r_000001_0 Thread started: EventFetcher for fetching Map Completion Events
26/03/02 03:39:50 INFO reduce.LocalFetcher: localfetcher#70 about to shuffle output of map attempt_local975056287_0018_m_000000_0 decomp: 5609684 len: 5609688 to MEMORY
26/03/02 03:39:50 INFO reduce.InMemoryMapOutput: Read 5609684 bytes from map-output for attempt_local975056287_0018_m_000000_0
26/03/02 03:39:50 INFO reduce.MergeManagerImpl: closeInMemoryFile -> map-output of size: 5609684, inMemoryMapOutputs.size() -> 1, commitMemory -> 0, usedMemory ->5609684
26/03/02 03:39:50 INFO reduce.EventFetcher: EventFetcher is interrupted.. Returning
26/03/02 03:39:50 INFO mapred.LocalJobRunner: 1 / 1 copied.
26/03/02 03:39:50 INFO reduce.MergeManagerImpl: finalMerge called with 1 in-memory map-outputs and 0 on-disk map-outputs
26/03/02 03:39:50 INFO mapred.Merger: Merging 1 sorted segments
26/03/02 03:39:50 INFO mapred.Merger: Down to the last merge-pass, with 1 segments left of total size: 5609678 bytes
26/03/02 03:39:50 INFO reduce.MergeManagerImpl: Merged 1 segments, 5609684 bytes to disk to satisfy reduce memory limit
26/03/02 03:39:50 INFO reduce.MergeManagerImpl: Merging 1 files, 5609688 bytes from disk
26/03/02 03:39:50 INFO reduce.MergeManagerImpl: Merging 0 segments, 0 bytes from memory into reduce
26/03/02 03:39:50 INFO mapred.Merger: Merging 1 sorted segments
26/03/02 03:39:50 INFO mapred.Merger: Down to the last merge-pass, with 1 segments left of total size: 5609678 bytes
26/03/02 03:39:50 INFO mapred.LocalJobRunner: 1 / 1 copied.
26/03/02 03:39:50 INFO mapreduce.Job: Job job_local975056287_0018 running in uber mode : false
26/03/02 03:39:50 INFO mapreduce.Job:  map 100% reduce 25%
26/03/02 03:39:50 INFO mapred.Task: Task:attempt_local975056287_0018_r_000001_0 is done. And is in the process of committing
26/03/02 03:39:50 INFO mapred.LocalJobRunner: 1 / 1 copied.
26/03/02 03:39:50 INFO mapred.Task: Task attempt_local975056287_0018_r_000001_0 is allowed to commit now
26/03/02 03:39:50 INFO output.FileOutputCommitter: Saved output of task 'attempt_local975056287_0018_r_000001_0' to hdfs://localhost:9000/project2/task2/runs_report_plus/scale500k_basic/iter_18/_temporary/0/task_local975056287_0018_r_000001
26/03/02 03:39:50 INFO mapred.LocalJobRunner: reduce > reduce
26/03/02 03:39:50 INFO mapred.Task: Task 'attempt_local975056287_0018_r_000001_0' done.
26/03/02 03:39:50 INFO mapred.Task: Final Counters for attempt_local975056287_0018_r_000001_0: Counters: 29
	File System Counters
		FILE: Number of bytes read=953464622
		FILE: Number of bytes written=969247048
		FILE: Number of read operations=0
		FILE: Number of large read operations=0
		FILE: Number of write operations=0
		HDFS: Number of bytes read=660428715
		HDFS: Number of bytes written=15817
		HDFS: Number of read operations=979
		HDFS: Number of large read operations=0
		HDFS: Number of write operations=316
	Map-Reduce Framework
		Combine input records=0
		Combine output records=0
		Reduce input groups=1
		Reduce shuffle bytes=5609688
		Reduce input records=103883
		Reduce output records=1
		Spilled Records=103883
		Shuffled Maps =1
		Failed Shuffles=0
		Merged Map outputs=1
		GC time elapsed (ms)=0
		Total committed heap usage (bytes)=478674944
	Shuffle Errors
		BAD_ID=0
		CONNECTION=0
		IO_ERROR=0
		WRONG_LENGTH=0
		WRONG_MAP=0
		WRONG_REDUCE=0
	File Output Format Counters 
		Bytes Written=103
26/03/02 03:39:50 INFO mapred.LocalJobRunner: Finishing task: attempt_local975056287_0018_r_000001_0
26/03/02 03:39:50 INFO mapred.LocalJobRunner: Starting task: attempt_local975056287_0018_r_000002_0
26/03/02 03:39:50 INFO output.FileOutputCommitter: File Output Committer Algorithm version is 1
26/03/02 03:39:50 INFO mapred.Task:  Using ResourceCalculatorProcessTree : [ ]
26/03/02 03:39:50 INFO mapred.ReduceTask: Using ShuffleConsumerPlugin: org.apache.hadoop.mapreduce.task.reduce.Shuffle@3fc0e97c
26/03/02 03:39:50 INFO reduce.MergeManagerImpl: MergerManager: memoryLimit=335072448, maxSingleShuffleLimit=83768112, mergeThreshold=221147824, ioSortFactor=10, memToMemMergeOutputsThreshold=10
26/03/02 03:39:50 INFO reduce.EventFetcher: attempt_local975056287_0018_r_000002_0 Thread started: EventFetcher for fetching Map Completion Events
26/03/02 03:39:50 INFO reduce.LocalFetcher: localfetcher#71 about to shuffle output of map attempt_local975056287_0018_m_000000_0 decomp: 5273642 len: 5273646 to MEMORY
26/03/02 03:39:50 INFO reduce.InMemoryMapOutput: Read 5273642 bytes from map-output for attempt_local975056287_0018_m_000000_0
26/03/02 03:39:50 INFO reduce.MergeManagerImpl: closeInMemoryFile -> map-output of size: 5273642, inMemoryMapOutputs.size() -> 1, commitMemory -> 0, usedMemory ->5273642
26/03/02 03:39:50 INFO reduce.EventFetcher: EventFetcher is interrupted.. Returning
26/03/02 03:39:50 INFO mapred.LocalJobRunner: 1 / 1 copied.
26/03/02 03:39:50 INFO reduce.MergeManagerImpl: finalMerge called with 1 in-memory map-outputs and 0 on-disk map-outputs
26/03/02 03:39:50 INFO mapred.Merger: Merging 1 sorted segments
26/03/02 03:39:50 INFO mapred.Merger: Down to the last merge-pass, with 1 segments left of total size: 5273636 bytes
26/03/02 03:39:50 INFO reduce.MergeManagerImpl: Merged 1 segments, 5273642 bytes to disk to satisfy reduce memory limit
26/03/02 03:39:50 INFO reduce.MergeManagerImpl: Merging 1 files, 5273646 bytes from disk
26/03/02 03:39:50 INFO reduce.MergeManagerImpl: Merging 0 segments, 0 bytes from memory into reduce
26/03/02 03:39:50 INFO mapred.Merger: Merging 1 sorted segments
26/03/02 03:39:50 INFO mapred.Merger: Down to the last merge-pass, with 1 segments left of total size: 5273636 bytes
26/03/02 03:39:50 INFO mapred.LocalJobRunner: 1 / 1 copied.
26/03/02 03:39:50 INFO mapred.Task: Task:attempt_local975056287_0018_r_000002_0 is done. And is in the process of committing
26/03/02 03:39:50 INFO mapred.LocalJobRunner: 1 / 1 copied.
26/03/02 03:39:50 INFO mapred.Task: Task attempt_local975056287_0018_r_000002_0 is allowed to commit now
26/03/02 03:39:50 INFO output.FileOutputCommitter: Saved output of task 'attempt_local975056287_0018_r_000002_0' to hdfs://localhost:9000/project2/task2/runs_report_plus/scale500k_basic/iter_18/_temporary/0/task_local975056287_0018_r_000002
26/03/02 03:39:50 INFO mapred.LocalJobRunner: reduce > reduce
26/03/02 03:39:50 INFO mapred.Task: Task 'attempt_local975056287_0018_r_000002_0' done.
26/03/02 03:39:50 INFO mapred.Task: Final Counters for attempt_local975056287_0018_r_000002_0: Counters: 29
	File System Counters
		FILE: Number of bytes read=964016110
		FILE: Number of bytes written=974520694
		FILE: Number of read operations=0
		FILE: Number of large read operations=0
		FILE: Number of write operations=0
		HDFS: Number of bytes read=660428715
		HDFS: Number of bytes written=15920
		HDFS: Number of read operations=982
		HDFS: Number of large read operations=0
		HDFS: Number of write operations=318
	Map-Reduce Framework
		Combine input records=0
		Combine output records=0
		Reduce input groups=1
		Reduce shuffle bytes=5273646
		Reduce input records=97660
		Reduce output records=1
		Spilled Records=97660
		Shuffled Maps =1
		Failed Shuffles=0
		Merged Map outputs=1
		GC time elapsed (ms)=1
		Total committed heap usage (bytes)=478674944
	Shuffle Errors
		BAD_ID=0
		CONNECTION=0
		IO_ERROR=0
		WRONG_LENGTH=0
		WRONG_MAP=0
		WRONG_REDUCE=0
	File Output Format Counters 
		Bytes Written=103
26/03/02 03:39:50 INFO mapred.LocalJobRunner: Finishing task: attempt_local975056287_0018_r_000002_0
26/03/02 03:39:50 INFO mapred.LocalJobRunner: Starting task: attempt_local975056287_0018_r_000003_0
26/03/02 03:39:50 INFO output.FileOutputCommitter: File Output Committer Algorithm version is 1
26/03/02 03:39:50 INFO mapred.Task:  Using ResourceCalculatorProcessTree : [ ]
26/03/02 03:39:50 INFO mapred.ReduceTask: Using ShuffleConsumerPlugin: org.apache.hadoop.mapreduce.task.reduce.Shuffle@1b0120e5
26/03/02 03:39:50 INFO reduce.MergeManagerImpl: MergerManager: memoryLimit=335072448, maxSingleShuffleLimit=83768112, mergeThreshold=221147824, ioSortFactor=10, memToMemMergeOutputsThreshold=10
26/03/02 03:39:50 INFO reduce.EventFetcher: attempt_local975056287_0018_r_000003_0 Thread started: EventFetcher for fetching Map Completion Events
26/03/02 03:39:50 INFO reduce.LocalFetcher: localfetcher#72 about to shuffle output of map attempt_local975056287_0018_m_000000_0 decomp: 5407562 len: 5407566 to MEMORY
26/03/02 03:39:50 INFO reduce.InMemoryMapOutput: Read 5407562 bytes from map-output for attempt_local975056287_0018_m_000000_0
26/03/02 03:39:50 INFO reduce.MergeManagerImpl: closeInMemoryFile -> map-output of size: 5407562, inMemoryMapOutputs.size() -> 1, commitMemory -> 0, usedMemory ->5407562
26/03/02 03:39:50 INFO reduce.EventFetcher: EventFetcher is interrupted.. Returning
26/03/02 03:39:50 INFO mapred.LocalJobRunner: 1 / 1 copied.
26/03/02 03:39:50 INFO reduce.MergeManagerImpl: finalMerge called with 1 in-memory map-outputs and 0 on-disk map-outputs
26/03/02 03:39:50 INFO mapred.Merger: Merging 1 sorted segments
26/03/02 03:39:50 INFO mapred.Merger: Down to the last merge-pass, with 1 segments left of total size: 5407556 bytes
26/03/02 03:39:50 INFO reduce.MergeManagerImpl: Merged 1 segments, 5407562 bytes to disk to satisfy reduce memory limit
26/03/02 03:39:50 INFO reduce.MergeManagerImpl: Merging 1 files, 5407566 bytes from disk
26/03/02 03:39:50 INFO reduce.MergeManagerImpl: Merging 0 segments, 0 bytes from memory into reduce
26/03/02 03:39:50 INFO mapred.Merger: Merging 1 sorted segments
26/03/02 03:39:50 INFO mapred.Merger: Down to the last merge-pass, with 1 segments left of total size: 5407556 bytes
26/03/02 03:39:50 INFO mapred.LocalJobRunner: 1 / 1 copied.
26/03/02 03:39:50 INFO mapred.Task: Task:attempt_local975056287_0018_r_000003_0 is done. And is in the process of committing
26/03/02 03:39:50 INFO mapred.LocalJobRunner: 1 / 1 copied.
26/03/02 03:39:50 INFO mapred.Task: Task attempt_local975056287_0018_r_000003_0 is allowed to commit now
26/03/02 03:39:50 INFO output.FileOutputCommitter: Saved output of task 'attempt_local975056287_0018_r_000003_0' to hdfs://localhost:9000/project2/task2/runs_report_plus/scale500k_basic/iter_18/_temporary/0/task_local975056287_0018_r_000003
26/03/02 03:39:50 INFO mapred.LocalJobRunner: reduce > reduce
26/03/02 03:39:50 INFO mapred.Task: Task 'attempt_local975056287_0018_r_000003_0' done.
26/03/02 03:39:50 INFO mapred.Task: Final Counters for attempt_local975056287_0018_r_000003_0: Counters: 29
	File System Counters
		FILE: Number of bytes read=974831346
		FILE: Number of bytes written=979928260
		FILE: Number of read operations=0
		FILE: Number of large read operations=0
		FILE: Number of write operations=0
		HDFS: Number of bytes read=660428715
		HDFS: Number of bytes written=16022
		HDFS: Number of read operations=985
		HDFS: Number of large read operations=0
		HDFS: Number of write operations=320
	Map-Reduce Framework
		Combine input records=0
		Combine output records=0
		Reduce input groups=1
		Reduce shuffle bytes=5407566
		Reduce input records=100140
		Reduce output records=1
		Spilled Records=100140
		Shuffled Maps =1
		Failed Shuffles=0
		Merged Map outputs=1
		GC time elapsed (ms)=0
		Total committed heap usage (bytes)=478674944
	Shuffle Errors
		BAD_ID=0
		CONNECTION=0
		IO_ERROR=0
		WRONG_LENGTH=0
		WRONG_MAP=0
		WRONG_REDUCE=0
	File Output Format Counters 
		Bytes Written=102
26/03/02 03:39:50 INFO mapred.LocalJobRunner: Finishing task: attempt_local975056287_0018_r_000003_0
26/03/02 03:39:50 INFO mapred.LocalJobRunner: reduce task executor complete.
26/03/02 03:39:51 INFO mapreduce.Job:  map 100% reduce 100%
26/03/02 03:39:51 INFO mapreduce.Job: Job job_local975056287_0018 completed successfully
26/03/02 03:39:51 INFO mapreduce.Job: Counters: 35
	File System Counters
		FILE: Number of bytes read=4755371734
		FILE: Number of bytes written=4840261598
		FILE: Number of read operations=0
		FILE: Number of large read operations=0
		FILE: Number of write operations=0
		HDFS: Number of bytes read=3302143575
		HDFS: Number of bytes written=78981
		HDFS: Number of read operations=4895
		HDFS: Number of large read operations=0
		HDFS: Number of write operations=1580
	Map-Reduce Framework
		Map input records=500000
		Map output records=500000
		Map output bytes=26000000
		Map output materialized bytes=27000024
		Input split bytes=123
		Combine input records=0
		Combine output records=0
		Reduce input groups=5
		Reduce shuffle bytes=27000024
		Reduce input records=500000
		Reduce output records=5
		Spilled Records=1000000
		Shuffled Maps =4
		Failed Shuffles=0
		Merged Map outputs=4
		GC time elapsed (ms)=13
		Total committed heap usage (bytes)=2393374720
	Shuffle Errors
		BAD_ID=0
		CONNECTION=0
		IO_ERROR=0
		WRONG_LENGTH=0
		WRONG_MAP=0
		WRONG_REDUCE=0
	File Input Format Counters 
		Bytes Read=36688385
	File Output Format Counters 
		Bytes Written=514
26/03/02 03:39:51 INFO jvm.JvmMetrics: Cannot initialize JVM Metrics with processName=JobTracker, sessionId= - already initialized
26/03/02 03:39:51 WARN mapreduce.JobResourceUploader: Hadoop command-line option parsing not performed. Implement the Tool interface and execute your application with ToolRunner to remedy this.
26/03/02 03:39:51 INFO input.FileInputFormat: Total input paths to process : 1
26/03/02 03:39:51 INFO mapreduce.JobSubmitter: number of splits:1
26/03/02 03:39:51 INFO mapreduce.JobSubmitter: Submitting tokens for job: job_local374449351_0019
26/03/02 03:39:51 INFO mapred.LocalDistributedCacheManager: Creating symlink: /tmp/hadoop-ds503/mapred/local/1772422791652/centers_iter_18.csv <- /home/ds503/centers_iter_18.csv
26/03/02 03:39:51 INFO mapred.LocalDistributedCacheManager: Localized hdfs://localhost:9000/project2/task2/runs_report_plus/scale500k_basic/centers_iter_18.csv as file:/tmp/hadoop-ds503/mapred/local/1772422791652/centers_iter_18.csv
26/03/02 03:39:51 INFO mapreduce.Job: The url to track the job: http://localhost:8080/
26/03/02 03:39:51 INFO mapreduce.Job: Running job: job_local374449351_0019
26/03/02 03:39:51 INFO mapred.LocalJobRunner: OutputCommitter set in config null
26/03/02 03:39:51 INFO output.FileOutputCommitter: File Output Committer Algorithm version is 1
26/03/02 03:39:51 INFO mapred.LocalJobRunner: OutputCommitter is org.apache.hadoop.mapreduce.lib.output.FileOutputCommitter
26/03/02 03:39:51 INFO mapred.LocalJobRunner: Waiting for map tasks
26/03/02 03:39:51 INFO mapred.LocalJobRunner: Starting task: attempt_local374449351_0019_m_000000_0
26/03/02 03:39:51 INFO output.FileOutputCommitter: File Output Committer Algorithm version is 1
26/03/02 03:39:51 INFO mapred.Task:  Using ResourceCalculatorProcessTree : [ ]
26/03/02 03:39:51 INFO mapred.MapTask: Processing split: hdfs://localhost:9000/project2/task2/input/points_500k.csv:0+36688385
26/03/02 03:39:51 INFO mapred.MapTask: (EQUATOR) 0 kvi 26214396(104857584)
26/03/02 03:39:51 INFO mapred.MapTask: mapreduce.task.io.sort.mb: 100
26/03/02 03:39:51 INFO mapred.MapTask: soft limit at 83886080
26/03/02 03:39:51 INFO mapred.MapTask: bufstart = 0; bufvoid = 104857600
26/03/02 03:39:51 INFO mapred.MapTask: kvstart = 26214396; length = 6553600
26/03/02 03:39:51 INFO mapred.MapTask: Map output collector class = org.apache.hadoop.mapred.MapTask$MapOutputBuffer
26/03/02 03:39:52 INFO mapred.LocalJobRunner: 
26/03/02 03:39:52 INFO mapred.MapTask: Starting flush of map output
26/03/02 03:39:52 INFO mapred.MapTask: Spilling map output
26/03/02 03:39:52 INFO mapred.MapTask: bufstart = 0; bufend = 26000000; bufvoid = 104857600
26/03/02 03:39:52 INFO mapred.MapTask: kvstart = 26214396(104857584); kvend = 24214400(96857600); length = 1999997/6553600
26/03/02 03:39:52 INFO mapred.MapTask: Finished spill 0
26/03/02 03:39:52 INFO mapred.Task: Task:attempt_local374449351_0019_m_000000_0 is done. And is in the process of committing
26/03/02 03:39:52 INFO mapred.LocalJobRunner: map
26/03/02 03:39:52 INFO mapred.Task: Task 'attempt_local374449351_0019_m_000000_0' done.
26/03/02 03:39:52 INFO mapred.Task: Final Counters for attempt_local374449351_0019_m_000000_0: Counters: 22
	File System Counters
		FILE: Number of bytes read=974975903
		FILE: Number of bytes written=1007368079
		FILE: Number of read operations=0
		FILE: Number of large read operations=0
		FILE: Number of write operations=0
		HDFS: Number of bytes read=697119247
		HDFS: Number of bytes written=16396
		HDFS: Number of read operations=1029
		HDFS: Number of large read operations=0
		HDFS: Number of write operations=330
	Map-Reduce Framework
		Map input records=500000
		Map output records=500000
		Map output bytes=26000000
		Map output materialized bytes=27000024
		Input split bytes=123
		Combine input records=0
		Spilled Records=500000
		Failed Shuffles=0
		Merged Map outputs=0
		GC time elapsed (ms)=12
		Total committed heap usage (bytes)=535822336
	File Input Format Counters 
		Bytes Read=36688385
26/03/02 03:39:52 INFO mapred.LocalJobRunner: Finishing task: attempt_local374449351_0019_m_000000_0
26/03/02 03:39:52 INFO mapred.LocalJobRunner: map task executor complete.
26/03/02 03:39:52 INFO mapred.LocalJobRunner: Waiting for reduce tasks
26/03/02 03:39:52 INFO mapred.LocalJobRunner: Starting task: attempt_local374449351_0019_r_000000_0
26/03/02 03:39:52 INFO output.FileOutputCommitter: File Output Committer Algorithm version is 1
26/03/02 03:39:52 INFO mapred.Task:  Using ResourceCalculatorProcessTree : [ ]
26/03/02 03:39:52 INFO mapred.ReduceTask: Using ShuffleConsumerPlugin: org.apache.hadoop.mapreduce.task.reduce.Shuffle@4adbe1b3
26/03/02 03:39:52 INFO reduce.MergeManagerImpl: MergerManager: memoryLimit=375075616, maxSingleShuffleLimit=93768904, mergeThreshold=247549920, ioSortFactor=10, memToMemMergeOutputsThreshold=10
26/03/02 03:39:52 INFO reduce.EventFetcher: attempt_local374449351_0019_r_000000_0 Thread started: EventFetcher for fetching Map Completion Events
26/03/02 03:39:52 INFO reduce.LocalFetcher: localfetcher#73 about to shuffle output of map attempt_local374449351_0019_m_000000_0 decomp: 10719002 len: 10719006 to MEMORY
26/03/02 03:39:52 INFO reduce.InMemoryMapOutput: Read 10719002 bytes from map-output for attempt_local374449351_0019_m_000000_0
26/03/02 03:39:52 INFO reduce.MergeManagerImpl: closeInMemoryFile -> map-output of size: 10719002, inMemoryMapOutputs.size() -> 1, commitMemory -> 0, usedMemory ->10719002
26/03/02 03:39:52 INFO reduce.EventFetcher: EventFetcher is interrupted.. Returning
26/03/02 03:39:52 INFO mapred.LocalJobRunner: 1 / 1 copied.
26/03/02 03:39:52 INFO reduce.MergeManagerImpl: finalMerge called with 1 in-memory map-outputs and 0 on-disk map-outputs
26/03/02 03:39:52 INFO mapred.Merger: Merging 1 sorted segments
26/03/02 03:39:52 INFO mapred.Merger: Down to the last merge-pass, with 1 segments left of total size: 10718996 bytes
26/03/02 03:39:52 INFO mapreduce.Job: Job job_local374449351_0019 running in uber mode : false
26/03/02 03:39:52 INFO mapreduce.Job:  map 100% reduce 0%
26/03/02 03:39:52 INFO reduce.MergeManagerImpl: Merged 1 segments, 10719002 bytes to disk to satisfy reduce memory limit
26/03/02 03:39:52 INFO reduce.MergeManagerImpl: Merging 1 files, 10719006 bytes from disk
26/03/02 03:39:52 INFO reduce.MergeManagerImpl: Merging 0 segments, 0 bytes from memory into reduce
26/03/02 03:39:52 INFO mapred.Merger: Merging 1 sorted segments
26/03/02 03:39:52 INFO mapred.Merger: Down to the last merge-pass, with 1 segments left of total size: 10718996 bytes
26/03/02 03:39:52 INFO mapred.LocalJobRunner: 1 / 1 copied.
26/03/02 03:39:52 INFO mapred.Task: Task:attempt_local374449351_0019_r_000000_0 is done. And is in the process of committing
26/03/02 03:39:52 INFO mapred.LocalJobRunner: 1 / 1 copied.
26/03/02 03:39:52 INFO mapred.Task: Task attempt_local374449351_0019_r_000000_0 is allowed to commit now
26/03/02 03:39:52 INFO output.FileOutputCommitter: Saved output of task 'attempt_local374449351_0019_r_000000_0' to hdfs://localhost:9000/project2/task2/runs_report_plus/scale500k_basic/iter_19/_temporary/0/task_local374449351_0019_r_000000
26/03/02 03:39:52 INFO mapred.LocalJobRunner: reduce > reduce
26/03/02 03:39:52 INFO mapred.Task: Task 'attempt_local374449351_0019_r_000000_0' done.
26/03/02 03:39:52 INFO mapred.Task: Final Counters for attempt_local374449351_0019_r_000000_0: Counters: 29
	File System Counters
		FILE: Number of bytes read=996418111
		FILE: Number of bytes written=1018087085
		FILE: Number of read operations=0
		FILE: Number of large read operations=0
		FILE: Number of write operations=0
		HDFS: Number of bytes read=697119247
		HDFS: Number of bytes written=16601
		HDFS: Number of read operations=1032
		HDFS: Number of large read operations=0
		HDFS: Number of write operations=332
	Map-Reduce Framework
		Combine input records=0
		Combine output records=0
		Reduce input groups=2
		Reduce shuffle bytes=10719006
		Reduce input records=198500
		Reduce output records=2
		Spilled Records=198500
		Shuffled Maps =1
		Failed Shuffles=0
		Merged Map outputs=1
		GC time elapsed (ms)=0
		Total committed heap usage (bytes)=535822336
	Shuffle Errors
		BAD_ID=0
		CONNECTION=0
		IO_ERROR=0
		WRONG_LENGTH=0
		WRONG_MAP=0
		WRONG_REDUCE=0
	File Output Format Counters 
		Bytes Written=205
26/03/02 03:39:52 INFO mapred.LocalJobRunner: Finishing task: attempt_local374449351_0019_r_000000_0
26/03/02 03:39:52 INFO mapred.LocalJobRunner: Starting task: attempt_local374449351_0019_r_000001_0
26/03/02 03:39:52 INFO output.FileOutputCommitter: File Output Committer Algorithm version is 1
26/03/02 03:39:52 INFO mapred.Task:  Using ResourceCalculatorProcessTree : [ ]
26/03/02 03:39:52 INFO mapred.ReduceTask: Using ShuffleConsumerPlugin: org.apache.hadoop.mapreduce.task.reduce.Shuffle@1062a3cd
26/03/02 03:39:52 INFO reduce.MergeManagerImpl: MergerManager: memoryLimit=375075616, maxSingleShuffleLimit=93768904, mergeThreshold=247549920, ioSortFactor=10, memToMemMergeOutputsThreshold=10
26/03/02 03:39:52 INFO reduce.EventFetcher: attempt_local374449351_0019_r_000001_0 Thread started: EventFetcher for fetching Map Completion Events
26/03/02 03:39:52 INFO reduce.LocalFetcher: localfetcher#74 about to shuffle output of map attempt_local374449351_0019_m_000000_0 decomp: 5587868 len: 5587872 to MEMORY
26/03/02 03:39:52 INFO reduce.InMemoryMapOutput: Read 5587868 bytes from map-output for attempt_local374449351_0019_m_000000_0
26/03/02 03:39:52 INFO reduce.MergeManagerImpl: closeInMemoryFile -> map-output of size: 5587868, inMemoryMapOutputs.size() -> 1, commitMemory -> 0, usedMemory ->5587868
26/03/02 03:39:52 INFO reduce.EventFetcher: EventFetcher is interrupted.. Returning
26/03/02 03:39:52 INFO mapred.LocalJobRunner: 1 / 1 copied.
26/03/02 03:39:52 INFO reduce.MergeManagerImpl: finalMerge called with 1 in-memory map-outputs and 0 on-disk map-outputs
26/03/02 03:39:52 INFO mapred.Merger: Merging 1 sorted segments
26/03/02 03:39:52 INFO mapred.Merger: Down to the last merge-pass, with 1 segments left of total size: 5587862 bytes
26/03/02 03:39:52 INFO reduce.MergeManagerImpl: Merged 1 segments, 5587868 bytes to disk to satisfy reduce memory limit
26/03/02 03:39:52 INFO reduce.MergeManagerImpl: Merging 1 files, 5587872 bytes from disk
26/03/02 03:39:52 INFO reduce.MergeManagerImpl: Merging 0 segments, 0 bytes from memory into reduce
26/03/02 03:39:52 INFO mapred.Merger: Merging 1 sorted segments
26/03/02 03:39:52 INFO mapred.Merger: Down to the last merge-pass, with 1 segments left of total size: 5587862 bytes
26/03/02 03:39:52 INFO mapred.LocalJobRunner: 1 / 1 copied.
26/03/02 03:39:53 INFO mapred.Task: Task:attempt_local374449351_0019_r_000001_0 is done. And is in the process of committing
26/03/02 03:39:53 INFO mapred.LocalJobRunner: 1 / 1 copied.
26/03/02 03:39:53 INFO mapred.Task: Task attempt_local374449351_0019_r_000001_0 is allowed to commit now
26/03/02 03:39:53 INFO output.FileOutputCommitter: Saved output of task 'attempt_local374449351_0019_r_000001_0' to hdfs://localhost:9000/project2/task2/runs_report_plus/scale500k_basic/iter_19/_temporary/0/task_local374449351_0019_r_000001
26/03/02 03:39:53 INFO mapred.LocalJobRunner: reduce > reduce
26/03/02 03:39:53 INFO mapred.Task: Task 'attempt_local374449351_0019_r_000001_0' done.
26/03/02 03:39:53 INFO mapred.Task: Final Counters for attempt_local374449351_0019_r_000001_0: Counters: 29
	File System Counters
		FILE: Number of bytes read=1007598051
		FILE: Number of bytes written=1023674957
		FILE: Number of read operations=0
		FILE: Number of large read operations=0
		FILE: Number of write operations=0
		HDFS: Number of bytes read=697119247
		HDFS: Number of bytes written=16704
		HDFS: Number of read operations=1035
		HDFS: Number of large read operations=0
		HDFS: Number of write operations=334
	Map-Reduce Framework
		Combine input records=0
		Combine output records=0
		Reduce input groups=1
		Reduce shuffle bytes=5587872
		Reduce input records=103479
		Reduce output records=1
		Spilled Records=103479
		Shuffled Maps =1
		Failed Shuffles=0
		Merged Map outputs=1
		GC time elapsed (ms)=0
		Total committed heap usage (bytes)=535822336
	Shuffle Errors
		BAD_ID=0
		CONNECTION=0
		IO_ERROR=0
		WRONG_LENGTH=0
		WRONG_MAP=0
		WRONG_REDUCE=0
	File Output Format Counters 
		Bytes Written=103
26/03/02 03:39:53 INFO mapred.LocalJobRunner: Finishing task: attempt_local374449351_0019_r_000001_0
26/03/02 03:39:53 INFO mapred.LocalJobRunner: Starting task: attempt_local374449351_0019_r_000002_0
26/03/02 03:39:53 INFO output.FileOutputCommitter: File Output Committer Algorithm version is 1
26/03/02 03:39:53 INFO mapred.Task:  Using ResourceCalculatorProcessTree : [ ]
26/03/02 03:39:53 INFO mapred.ReduceTask: Using ShuffleConsumerPlugin: org.apache.hadoop.mapreduce.task.reduce.Shuffle@68473e43
26/03/02 03:39:53 INFO reduce.MergeManagerImpl: MergerManager: memoryLimit=375075616, maxSingleShuffleLimit=93768904, mergeThreshold=247549920, ioSortFactor=10, memToMemMergeOutputsThreshold=10
26/03/02 03:39:53 INFO reduce.EventFetcher: attempt_local374449351_0019_r_000002_0 Thread started: EventFetcher for fetching Map Completion Events
26/03/02 03:39:53 INFO reduce.LocalFetcher: localfetcher#75 about to shuffle output of map attempt_local374449351_0019_m_000000_0 decomp: 5283524 len: 5283528 to MEMORY
26/03/02 03:39:53 INFO reduce.InMemoryMapOutput: Read 5283524 bytes from map-output for attempt_local374449351_0019_m_000000_0
26/03/02 03:39:53 INFO reduce.MergeManagerImpl: closeInMemoryFile -> map-output of size: 5283524, inMemoryMapOutputs.size() -> 1, commitMemory -> 0, usedMemory ->5283524
26/03/02 03:39:53 INFO reduce.EventFetcher: EventFetcher is interrupted.. Returning
26/03/02 03:39:53 INFO mapred.LocalJobRunner: 1 / 1 copied.
26/03/02 03:39:53 INFO reduce.MergeManagerImpl: finalMerge called with 1 in-memory map-outputs and 0 on-disk map-outputs
26/03/02 03:39:53 INFO mapred.Merger: Merging 1 sorted segments
26/03/02 03:39:53 INFO mapred.Merger: Down to the last merge-pass, with 1 segments left of total size: 5283518 bytes
26/03/02 03:39:53 INFO reduce.MergeManagerImpl: Merged 1 segments, 5283524 bytes to disk to satisfy reduce memory limit
26/03/02 03:39:53 INFO reduce.MergeManagerImpl: Merging 1 files, 5283528 bytes from disk
26/03/02 03:39:53 INFO reduce.MergeManagerImpl: Merging 0 segments, 0 bytes from memory into reduce
26/03/02 03:39:53 INFO mapred.Merger: Merging 1 sorted segments
26/03/02 03:39:53 INFO mapred.Merger: Down to the last merge-pass, with 1 segments left of total size: 5283518 bytes
26/03/02 03:39:53 INFO mapred.LocalJobRunner: 1 / 1 copied.
26/03/02 03:39:53 INFO mapred.Task: Task:attempt_local374449351_0019_r_000002_0 is done. And is in the process of committing
26/03/02 03:39:53 INFO mapred.LocalJobRunner: 1 / 1 copied.
26/03/02 03:39:53 INFO mapred.Task: Task attempt_local374449351_0019_r_000002_0 is allowed to commit now
26/03/02 03:39:53 INFO output.FileOutputCommitter: Saved output of task 'attempt_local374449351_0019_r_000002_0' to hdfs://localhost:9000/project2/task2/runs_report_plus/scale500k_basic/iter_19/_temporary/0/task_local374449351_0019_r_000002
26/03/02 03:39:53 INFO mapred.LocalJobRunner: reduce > reduce
26/03/02 03:39:53 INFO mapred.Task: Task 'attempt_local374449351_0019_r_000002_0' done.
26/03/02 03:39:53 INFO mapred.Task: Final Counters for attempt_local374449351_0019_r_000002_0: Counters: 29
	File System Counters
		FILE: Number of bytes read=1018169303
		FILE: Number of bytes written=1028958485
		FILE: Number of read operations=0
		FILE: Number of large read operations=0
		FILE: Number of write operations=0
		HDFS: Number of bytes read=697119247
		HDFS: Number of bytes written=16806
		HDFS: Number of read operations=1038
		HDFS: Number of large read operations=0
		HDFS: Number of write operations=336
	Map-Reduce Framework
		Combine input records=0
		Combine output records=0
		Reduce input groups=1
		Reduce shuffle bytes=5283528
		Reduce input records=97843
		Reduce output records=1
		Spilled Records=97843
		Shuffled Maps =1
		Failed Shuffles=0
		Merged Map outputs=1
		GC time elapsed (ms)=0
		Total committed heap usage (bytes)=535822336
	Shuffle Errors
		BAD_ID=0
		CONNECTION=0
		IO_ERROR=0
		WRONG_LENGTH=0
		WRONG_MAP=0
		WRONG_REDUCE=0
	File Output Format Counters 
		Bytes Written=102
26/03/02 03:39:53 INFO mapred.LocalJobRunner: Finishing task: attempt_local374449351_0019_r_000002_0
26/03/02 03:39:53 INFO mapred.LocalJobRunner: Starting task: attempt_local374449351_0019_r_000003_0
26/03/02 03:39:53 INFO output.FileOutputCommitter: File Output Committer Algorithm version is 1
26/03/02 03:39:53 INFO mapred.Task:  Using ResourceCalculatorProcessTree : [ ]
26/03/02 03:39:53 INFO mapred.ReduceTask: Using ShuffleConsumerPlugin: org.apache.hadoop.mapreduce.task.reduce.Shuffle@6077584b
26/03/02 03:39:53 INFO reduce.MergeManagerImpl: MergerManager: memoryLimit=375075616, maxSingleShuffleLimit=93768904, mergeThreshold=247549920, ioSortFactor=10, memToMemMergeOutputsThreshold=10
26/03/02 03:39:53 INFO reduce.EventFetcher: attempt_local374449351_0019_r_000003_0 Thread started: EventFetcher for fetching Map Completion Events
26/03/02 03:39:53 INFO reduce.LocalFetcher: localfetcher#76 about to shuffle output of map attempt_local374449351_0019_m_000000_0 decomp: 5409614 len: 5409618 to MEMORY
26/03/02 03:39:53 INFO reduce.InMemoryMapOutput: Read 5409614 bytes from map-output for attempt_local374449351_0019_m_000000_0
26/03/02 03:39:53 INFO reduce.MergeManagerImpl: closeInMemoryFile -> map-output of size: 5409614, inMemoryMapOutputs.size() -> 1, commitMemory -> 0, usedMemory ->5409614
26/03/02 03:39:53 INFO reduce.EventFetcher: EventFetcher is interrupted.. Returning
26/03/02 03:39:53 INFO mapred.LocalJobRunner: 1 / 1 copied.
26/03/02 03:39:53 INFO reduce.MergeManagerImpl: finalMerge called with 1 in-memory map-outputs and 0 on-disk map-outputs
26/03/02 03:39:53 INFO mapred.Merger: Merging 1 sorted segments
26/03/02 03:39:53 INFO mapred.Merger: Down to the last merge-pass, with 1 segments left of total size: 5409608 bytes
26/03/02 03:39:53 INFO reduce.MergeManagerImpl: Merged 1 segments, 5409614 bytes to disk to satisfy reduce memory limit
26/03/02 03:39:53 INFO reduce.MergeManagerImpl: Merging 1 files, 5409618 bytes from disk
26/03/02 03:39:53 INFO reduce.MergeManagerImpl: Merging 0 segments, 0 bytes from memory into reduce
26/03/02 03:39:53 INFO mapred.Merger: Merging 1 sorted segments
26/03/02 03:39:53 INFO mapred.Merger: Down to the last merge-pass, with 1 segments left of total size: 5409608 bytes
26/03/02 03:39:53 INFO mapred.LocalJobRunner: 1 / 1 copied.
26/03/02 03:39:53 INFO mapred.Task: Task:attempt_local374449351_0019_r_000003_0 is done. And is in the process of committing
26/03/02 03:39:53 INFO mapred.LocalJobRunner: 1 / 1 copied.
26/03/02 03:39:53 INFO mapred.Task: Task attempt_local374449351_0019_r_000003_0 is allowed to commit now
26/03/02 03:39:53 INFO output.FileOutputCommitter: Saved output of task 'attempt_local374449351_0019_r_000003_0' to hdfs://localhost:9000/project2/task2/runs_report_plus/scale500k_basic/iter_19/_temporary/0/task_local374449351_0019_r_000003
26/03/02 03:39:53 INFO mapred.LocalJobRunner: reduce > reduce
26/03/02 03:39:53 INFO mapred.Task: Task 'attempt_local374449351_0019_r_000003_0' done.
26/03/02 03:39:53 INFO mapred.Task: Final Counters for attempt_local374449351_0019_r_000003_0: Counters: 29
	File System Counters
		FILE: Number of bytes read=1028988643
		FILE: Number of bytes written=1034368103
		FILE: Number of read operations=0
		FILE: Number of large read operations=0
		FILE: Number of write operations=0
		HDFS: Number of bytes read=697119247
		HDFS: Number of bytes written=16910
		HDFS: Number of read operations=1041
		HDFS: Number of large read operations=0
		HDFS: Number of write operations=338
	Map-Reduce Framework
		Combine input records=0
		Combine output records=0
		Reduce input groups=1
		Reduce shuffle bytes=5409618
		Reduce input records=100178
		Reduce output records=1
		Spilled Records=100178
		Shuffled Maps =1
		Failed Shuffles=0
		Merged Map outputs=1
		GC time elapsed (ms)=2
		Total committed heap usage (bytes)=535822336
	Shuffle Errors
		BAD_ID=0
		CONNECTION=0
		IO_ERROR=0
		WRONG_LENGTH=0
		WRONG_MAP=0
		WRONG_REDUCE=0
	File Output Format Counters 
		Bytes Written=104
26/03/02 03:39:53 INFO mapred.LocalJobRunner: Finishing task: attempt_local374449351_0019_r_000003_0
26/03/02 03:39:53 INFO mapred.LocalJobRunner: reduce task executor complete.
26/03/02 03:39:53 INFO mapreduce.Job:  map 100% reduce 100%
26/03/02 03:39:53 INFO mapreduce.Job: Job job_local374449351_0019 completed successfully
26/03/02 03:39:53 INFO mapreduce.Job: Counters: 35
	File System Counters
		FILE: Number of bytes read=5026150011
		FILE: Number of bytes written=5112456709
		FILE: Number of read operations=0
		FILE: Number of large read operations=0
		FILE: Number of write operations=0
		HDFS: Number of bytes read=3485596235
		HDFS: Number of bytes written=83417
		HDFS: Number of read operations=5175
		HDFS: Number of large read operations=0
		HDFS: Number of write operations=1670
	Map-Reduce Framework
		Map input records=500000
		Map output records=500000
		Map output bytes=26000000
		Map output materialized bytes=27000024
		Input split bytes=123
		Combine input records=0
		Combine output records=0
		Reduce input groups=5
		Reduce shuffle bytes=27000024
		Reduce input records=500000
		Reduce output records=5
		Spilled Records=1000000
		Shuffled Maps =4
		Failed Shuffles=0
		Merged Map outputs=4
		GC time elapsed (ms)=14
		Total committed heap usage (bytes)=2679111680
	Shuffle Errors
		BAD_ID=0
		CONNECTION=0
		IO_ERROR=0
		WRONG_LENGTH=0
		WRONG_MAP=0
		WRONG_REDUCE=0
	File Input Format Counters 
		Bytes Read=36688385
	File Output Format Counters 
		Bytes Written=514
26/03/02 03:39:53 INFO jvm.JvmMetrics: Cannot initialize JVM Metrics with processName=JobTracker, sessionId= - already initialized
26/03/02 03:39:53 WARN mapreduce.JobResourceUploader: Hadoop command-line option parsing not performed. Implement the Tool interface and execute your application with ToolRunner to remedy this.
26/03/02 03:39:53 INFO input.FileInputFormat: Total input paths to process : 1
26/03/02 03:39:53 INFO mapreduce.JobSubmitter: number of splits:1
26/03/02 03:39:53 INFO mapreduce.JobSubmitter: Submitting tokens for job: job_local346895387_0020
26/03/02 03:39:53 INFO mapred.LocalDistributedCacheManager: Creating symlink: /tmp/hadoop-ds503/mapred/local/1772422793732/centers_iter_19.csv <- /home/ds503/centers_iter_19.csv
26/03/02 03:39:53 INFO mapred.LocalDistributedCacheManager: Localized hdfs://localhost:9000/project2/task2/runs_report_plus/scale500k_basic/centers_iter_19.csv as file:/tmp/hadoop-ds503/mapred/local/1772422793732/centers_iter_19.csv
26/03/02 03:39:53 INFO mapreduce.Job: The url to track the job: http://localhost:8080/
26/03/02 03:39:53 INFO mapreduce.Job: Running job: job_local346895387_0020
26/03/02 03:39:53 INFO mapred.LocalJobRunner: OutputCommitter set in config null
26/03/02 03:39:53 INFO output.FileOutputCommitter: File Output Committer Algorithm version is 1
26/03/02 03:39:53 INFO mapred.LocalJobRunner: OutputCommitter is org.apache.hadoop.mapreduce.lib.output.FileOutputCommitter
26/03/02 03:39:53 INFO mapred.LocalJobRunner: Waiting for map tasks
26/03/02 03:39:53 INFO mapred.LocalJobRunner: Starting task: attempt_local346895387_0020_m_000000_0
26/03/02 03:39:53 INFO output.FileOutputCommitter: File Output Committer Algorithm version is 1
26/03/02 03:39:53 INFO mapred.Task:  Using ResourceCalculatorProcessTree : [ ]
26/03/02 03:39:53 INFO mapred.MapTask: Processing split: hdfs://localhost:9000/project2/task2/input/points_500k.csv:0+36688385
26/03/02 03:39:53 INFO mapred.MapTask: (EQUATOR) 0 kvi 26214396(104857584)
26/03/02 03:39:53 INFO mapred.MapTask: mapreduce.task.io.sort.mb: 100
26/03/02 03:39:53 INFO mapred.MapTask: soft limit at 83886080
26/03/02 03:39:53 INFO mapred.MapTask: bufstart = 0; bufvoid = 104857600
26/03/02 03:39:53 INFO mapred.MapTask: kvstart = 26214396; length = 6553600
26/03/02 03:39:53 INFO mapred.MapTask: Map output collector class = org.apache.hadoop.mapred.MapTask$MapOutputBuffer
26/03/02 03:39:54 INFO mapred.LocalJobRunner: 
26/03/02 03:39:54 INFO mapred.MapTask: Starting flush of map output
26/03/02 03:39:54 INFO mapred.MapTask: Spilling map output
26/03/02 03:39:54 INFO mapred.MapTask: bufstart = 0; bufend = 26000000; bufvoid = 104857600
26/03/02 03:39:54 INFO mapred.MapTask: kvstart = 26214396(104857584); kvend = 24214400(96857600); length = 1999997/6553600
26/03/02 03:39:54 INFO mapred.MapTask: Finished spill 0
26/03/02 03:39:54 INFO mapred.Task: Task:attempt_local346895387_0020_m_000000_0 is done. And is in the process of committing
26/03/02 03:39:54 INFO mapred.LocalJobRunner: map
26/03/02 03:39:54 INFO mapred.Task: Task 'attempt_local346895387_0020_m_000000_0' done.
26/03/02 03:39:54 INFO mapred.Task: Final Counters for attempt_local346895387_0020_m_000000_0: Counters: 22
	File System Counters
		FILE: Number of bytes read=1029133200
		FILE: Number of bytes written=1061807920
		FILE: Number of read operations=0
		FILE: Number of large read operations=0
		FILE: Number of write operations=0
		HDFS: Number of bytes read=733809778
		HDFS: Number of bytes written=17282
		HDFS: Number of read operations=1085
		HDFS: Number of large read operations=0
		HDFS: Number of write operations=348
	Map-Reduce Framework
		Map input records=500000
		Map output records=500000
		Map output bytes=26000000
		Map output materialized bytes=27000024
		Input split bytes=123
		Combine input records=0
		Spilled Records=500000
		Failed Shuffles=0
		Merged Map outputs=0
		GC time elapsed (ms)=53
		Total committed heap usage (bytes)=379060224
	File Input Format Counters 
		Bytes Read=36688385
26/03/02 03:39:54 INFO mapred.LocalJobRunner: Finishing task: attempt_local346895387_0020_m_000000_0
26/03/02 03:39:54 INFO mapred.LocalJobRunner: map task executor complete.
26/03/02 03:39:54 INFO mapred.LocalJobRunner: Waiting for reduce tasks
26/03/02 03:39:54 INFO mapred.LocalJobRunner: Starting task: attempt_local346895387_0020_r_000000_0
26/03/02 03:39:54 INFO output.FileOutputCommitter: File Output Committer Algorithm version is 1
26/03/02 03:39:54 INFO mapred.Task:  Using ResourceCalculatorProcessTree : [ ]
26/03/02 03:39:54 INFO mapred.ReduceTask: Using ShuffleConsumerPlugin: org.apache.hadoop.mapreduce.task.reduce.Shuffle@582ba885
26/03/02 03:39:54 INFO reduce.MergeManagerImpl: MergerManager: memoryLimit=334338464, maxSingleShuffleLimit=83584616, mergeThreshold=220663392, ioSortFactor=10, memToMemMergeOutputsThreshold=10
26/03/02 03:39:54 INFO reduce.EventFetcher: attempt_local346895387_0020_r_000000_0 Thread started: EventFetcher for fetching Map Completion Events
26/03/02 03:39:54 INFO reduce.LocalFetcher: localfetcher#77 about to shuffle output of map attempt_local346895387_0020_m_000000_0 decomp: 10726346 len: 10726350 to MEMORY
26/03/02 03:39:54 INFO reduce.InMemoryMapOutput: Read 10726346 bytes from map-output for attempt_local346895387_0020_m_000000_0
26/03/02 03:39:54 INFO reduce.MergeManagerImpl: closeInMemoryFile -> map-output of size: 10726346, inMemoryMapOutputs.size() -> 1, commitMemory -> 0, usedMemory ->10726346
26/03/02 03:39:54 INFO reduce.EventFetcher: EventFetcher is interrupted.. Returning
26/03/02 03:39:54 INFO mapred.LocalJobRunner: 1 / 1 copied.
26/03/02 03:39:54 INFO reduce.MergeManagerImpl: finalMerge called with 1 in-memory map-outputs and 0 on-disk map-outputs
26/03/02 03:39:54 INFO mapred.Merger: Merging 1 sorted segments
26/03/02 03:39:54 INFO mapred.Merger: Down to the last merge-pass, with 1 segments left of total size: 10726340 bytes
26/03/02 03:39:54 INFO reduce.MergeManagerImpl: Merged 1 segments, 10726346 bytes to disk to satisfy reduce memory limit
26/03/02 03:39:54 INFO reduce.MergeManagerImpl: Merging 1 files, 10726350 bytes from disk
26/03/02 03:39:54 INFO reduce.MergeManagerImpl: Merging 0 segments, 0 bytes from memory into reduce
26/03/02 03:39:54 INFO mapred.Merger: Merging 1 sorted segments
26/03/02 03:39:54 INFO mapred.Merger: Down to the last merge-pass, with 1 segments left of total size: 10726340 bytes
26/03/02 03:39:54 INFO mapred.LocalJobRunner: 1 / 1 copied.
26/03/02 03:39:54 INFO mapred.Task: Task:attempt_local346895387_0020_r_000000_0 is done. And is in the process of committing
26/03/02 03:39:54 INFO mapred.LocalJobRunner: 1 / 1 copied.
26/03/02 03:39:54 INFO mapred.Task: Task attempt_local346895387_0020_r_000000_0 is allowed to commit now
26/03/02 03:39:54 INFO output.FileOutputCommitter: Saved output of task 'attempt_local346895387_0020_r_000000_0' to hdfs://localhost:9000/project2/task2/runs_report_plus/scale500k_basic/iter_20/_temporary/0/task_local346895387_0020_r_000000
26/03/02 03:39:54 INFO mapred.LocalJobRunner: reduce > reduce
26/03/02 03:39:54 INFO mapred.Task: Task 'attempt_local346895387_0020_r_000000_0' done.
26/03/02 03:39:54 INFO mapred.Task: Final Counters for attempt_local346895387_0020_r_000000_0: Counters: 29
	File System Counters
		FILE: Number of bytes read=1050590096
		FILE: Number of bytes written=1072534270
		FILE: Number of read operations=0
		FILE: Number of large read operations=0
		FILE: Number of write operations=0
		HDFS: Number of bytes read=733809778
		HDFS: Number of bytes written=17489
		HDFS: Number of read operations=1088
		HDFS: Number of large read operations=0
		HDFS: Number of write operations=350
	Map-Reduce Framework
		Combine input records=0
		Combine output records=0
		Reduce input groups=2
		Reduce shuffle bytes=10726350
		Reduce input records=198636
		Reduce output records=2
		Spilled Records=198636
		Shuffled Maps =1
		Failed Shuffles=0
		Merged Map outputs=1
		GC time elapsed (ms)=1
		Total committed heap usage (bytes)=379060224
	Shuffle Errors
		BAD_ID=0
		CONNECTION=0
		IO_ERROR=0
		WRONG_LENGTH=0
		WRONG_MAP=0
		WRONG_REDUCE=0
	File Output Format Counters 
		Bytes Written=207
26/03/02 03:39:54 INFO mapred.LocalJobRunner: Finishing task: attempt_local346895387_0020_r_000000_0
26/03/02 03:39:54 INFO mapred.LocalJobRunner: Starting task: attempt_local346895387_0020_r_000001_0
26/03/02 03:39:54 INFO output.FileOutputCommitter: File Output Committer Algorithm version is 1
26/03/02 03:39:54 INFO mapred.Task:  Using ResourceCalculatorProcessTree : [ ]
26/03/02 03:39:54 INFO mapred.ReduceTask: Using ShuffleConsumerPlugin: org.apache.hadoop.mapreduce.task.reduce.Shuffle@123baa34
26/03/02 03:39:54 INFO reduce.MergeManagerImpl: MergerManager: memoryLimit=334338464, maxSingleShuffleLimit=83584616, mergeThreshold=220663392, ioSortFactor=10, memToMemMergeOutputsThreshold=10
26/03/02 03:39:54 INFO reduce.EventFetcher: attempt_local346895387_0020_r_000001_0 Thread started: EventFetcher for fetching Map Completion Events
26/03/02 03:39:54 INFO reduce.LocalFetcher: localfetcher#78 about to shuffle output of map attempt_local346895387_0020_m_000000_0 decomp: 5570048 len: 5570052 to MEMORY
26/03/02 03:39:54 INFO reduce.InMemoryMapOutput: Read 5570048 bytes from map-output for attempt_local346895387_0020_m_000000_0
26/03/02 03:39:54 INFO reduce.MergeManagerImpl: closeInMemoryFile -> map-output of size: 5570048, inMemoryMapOutputs.size() -> 1, commitMemory -> 0, usedMemory ->5570048
26/03/02 03:39:54 INFO reduce.EventFetcher: EventFetcher is interrupted.. Returning
26/03/02 03:39:54 INFO mapred.LocalJobRunner: 1 / 1 copied.
26/03/02 03:39:54 INFO reduce.MergeManagerImpl: finalMerge called with 1 in-memory map-outputs and 0 on-disk map-outputs
26/03/02 03:39:54 INFO mapred.Merger: Merging 1 sorted segments
26/03/02 03:39:54 INFO mapred.Merger: Down to the last merge-pass, with 1 segments left of total size: 5570042 bytes
26/03/02 03:39:54 INFO reduce.MergeManagerImpl: Merged 1 segments, 5570048 bytes to disk to satisfy reduce memory limit
26/03/02 03:39:54 INFO reduce.MergeManagerImpl: Merging 1 files, 5570052 bytes from disk
26/03/02 03:39:54 INFO reduce.MergeManagerImpl: Merging 0 segments, 0 bytes from memory into reduce
26/03/02 03:39:54 INFO mapred.Merger: Merging 1 sorted segments
26/03/02 03:39:54 INFO mapred.Merger: Down to the last merge-pass, with 1 segments left of total size: 5570042 bytes
26/03/02 03:39:54 INFO mapred.LocalJobRunner: 1 / 1 copied.
26/03/02 03:39:54 INFO mapreduce.Job: Job job_local346895387_0020 running in uber mode : false
26/03/02 03:39:54 INFO mapreduce.Job:  map 100% reduce 25%
26/03/02 03:39:54 INFO mapred.Task: Task:attempt_local346895387_0020_r_000001_0 is done. And is in the process of committing
26/03/02 03:39:54 INFO mapred.LocalJobRunner: 1 / 1 copied.
26/03/02 03:39:54 INFO mapred.Task: Task attempt_local346895387_0020_r_000001_0 is allowed to commit now
26/03/02 03:39:54 INFO output.FileOutputCommitter: Saved output of task 'attempt_local346895387_0020_r_000001_0' to hdfs://localhost:9000/project2/task2/runs_report_plus/scale500k_basic/iter_20/_temporary/0/task_local346895387_0020_r_000001
26/03/02 03:39:54 INFO mapred.LocalJobRunner: reduce > reduce
26/03/02 03:39:54 INFO mapred.Task: Task 'attempt_local346895387_0020_r_000001_0' done.
26/03/02 03:39:54 INFO mapred.Task: Final Counters for attempt_local346895387_0020_r_000001_0: Counters: 29
	File System Counters
		FILE: Number of bytes read=1061734396
		FILE: Number of bytes written=1078104322
		FILE: Number of read operations=0
		FILE: Number of large read operations=0
		FILE: Number of write operations=0
		HDFS: Number of bytes read=733809778
		HDFS: Number of bytes written=17595
		HDFS: Number of read operations=1091
		HDFS: Number of large read operations=0
		HDFS: Number of write operations=352
	Map-Reduce Framework
		Combine input records=0
		Combine output records=0
		Reduce input groups=1
		Reduce shuffle bytes=5570052
		Reduce input records=103149
		Reduce output records=1
		Spilled Records=103149
		Shuffled Maps =1
		Failed Shuffles=0
		Merged Map outputs=1
		GC time elapsed (ms)=0
		Total committed heap usage (bytes)=379060224
	Shuffle Errors
		BAD_ID=0
		CONNECTION=0
		IO_ERROR=0
		WRONG_LENGTH=0
		WRONG_MAP=0
		WRONG_REDUCE=0
	File Output Format Counters 
		Bytes Written=106
26/03/02 03:39:54 INFO mapred.LocalJobRunner: Finishing task: attempt_local346895387_0020_r_000001_0
26/03/02 03:39:54 INFO mapred.LocalJobRunner: Starting task: attempt_local346895387_0020_r_000002_0
26/03/02 03:39:54 INFO output.FileOutputCommitter: File Output Committer Algorithm version is 1
26/03/02 03:39:54 INFO mapred.Task:  Using ResourceCalculatorProcessTree : [ ]
26/03/02 03:39:54 INFO mapred.ReduceTask: Using ShuffleConsumerPlugin: org.apache.hadoop.mapreduce.task.reduce.Shuffle@6a8c4501
26/03/02 03:39:54 INFO reduce.MergeManagerImpl: MergerManager: memoryLimit=334338464, maxSingleShuffleLimit=83584616, mergeThreshold=220663392, ioSortFactor=10, memToMemMergeOutputsThreshold=10
26/03/02 03:39:54 INFO reduce.EventFetcher: attempt_local346895387_0020_r_000002_0 Thread started: EventFetcher for fetching Map Completion Events
26/03/02 03:39:54 INFO reduce.LocalFetcher: localfetcher#79 about to shuffle output of map attempt_local346895387_0020_m_000000_0 decomp: 5291840 len: 5291844 to MEMORY
26/03/02 03:39:54 INFO reduce.InMemoryMapOutput: Read 5291840 bytes from map-output for attempt_local346895387_0020_m_000000_0
26/03/02 03:39:54 INFO reduce.MergeManagerImpl: closeInMemoryFile -> map-output of size: 5291840, inMemoryMapOutputs.size() -> 1, commitMemory -> 0, usedMemory ->5291840
26/03/02 03:39:54 INFO reduce.EventFetcher: EventFetcher is interrupted.. Returning
26/03/02 03:39:54 INFO mapred.LocalJobRunner: 1 / 1 copied.
26/03/02 03:39:54 INFO reduce.MergeManagerImpl: finalMerge called with 1 in-memory map-outputs and 0 on-disk map-outputs
26/03/02 03:39:54 INFO mapred.Merger: Merging 1 sorted segments
26/03/02 03:39:54 INFO mapred.Merger: Down to the last merge-pass, with 1 segments left of total size: 5291834 bytes
26/03/02 03:39:54 INFO reduce.MergeManagerImpl: Merged 1 segments, 5291840 bytes to disk to satisfy reduce memory limit
26/03/02 03:39:54 INFO reduce.MergeManagerImpl: Merging 1 files, 5291844 bytes from disk
26/03/02 03:39:54 INFO reduce.MergeManagerImpl: Merging 0 segments, 0 bytes from memory into reduce
26/03/02 03:39:54 INFO mapred.Merger: Merging 1 sorted segments
26/03/02 03:39:54 INFO mapred.Merger: Down to the last merge-pass, with 1 segments left of total size: 5291834 bytes
26/03/02 03:39:54 INFO mapred.LocalJobRunner: 1 / 1 copied.
26/03/02 03:39:54 INFO mapred.Task: Task:attempt_local346895387_0020_r_000002_0 is done. And is in the process of committing
26/03/02 03:39:54 INFO mapred.LocalJobRunner: 1 / 1 copied.
26/03/02 03:39:54 INFO mapred.Task: Task attempt_local346895387_0020_r_000002_0 is allowed to commit now
26/03/02 03:39:54 INFO output.FileOutputCommitter: Saved output of task 'attempt_local346895387_0020_r_000002_0' to hdfs://localhost:9000/project2/task2/runs_report_plus/scale500k_basic/iter_20/_temporary/0/task_local346895387_0020_r_000002
26/03/02 03:39:54 INFO mapred.LocalJobRunner: reduce > reduce
26/03/02 03:39:54 INFO mapred.Task: Task 'attempt_local346895387_0020_r_000002_0' done.
26/03/02 03:39:54 INFO mapred.Task: Final Counters for attempt_local346895387_0020_r_000002_0: Counters: 29
	File System Counters
		FILE: Number of bytes read=1072322280
		FILE: Number of bytes written=1083396166
		FILE: Number of read operations=0
		FILE: Number of large read operations=0
		FILE: Number of write operations=0
		HDFS: Number of bytes read=733809778
		HDFS: Number of bytes written=17697
		HDFS: Number of read operations=1094
		HDFS: Number of large read operations=0
		HDFS: Number of write operations=354
	Map-Reduce Framework
		Combine input records=0
		Combine output records=0
		Reduce input groups=1
		Reduce shuffle bytes=5291844
		Reduce input records=97997
		Reduce output records=1
		Spilled Records=97997
		Shuffled Maps =1
		Failed Shuffles=0
		Merged Map outputs=1
		GC time elapsed (ms)=0
		Total committed heap usage (bytes)=379060224
	Shuffle Errors
		BAD_ID=0
		CONNECTION=0
		IO_ERROR=0
		WRONG_LENGTH=0
		WRONG_MAP=0
		WRONG_REDUCE=0
	File Output Format Counters 
		Bytes Written=102
26/03/02 03:39:54 INFO mapred.LocalJobRunner: Finishing task: attempt_local346895387_0020_r_000002_0
26/03/02 03:39:54 INFO mapred.LocalJobRunner: Starting task: attempt_local346895387_0020_r_000003_0
26/03/02 03:39:54 INFO output.FileOutputCommitter: File Output Committer Algorithm version is 1
26/03/02 03:39:54 INFO mapred.Task:  Using ResourceCalculatorProcessTree : [ ]
26/03/02 03:39:54 INFO mapred.ReduceTask: Using ShuffleConsumerPlugin: org.apache.hadoop.mapreduce.task.reduce.Shuffle@38dbc645
26/03/02 03:39:54 INFO reduce.MergeManagerImpl: MergerManager: memoryLimit=334338464, maxSingleShuffleLimit=83584616, mergeThreshold=220663392, ioSortFactor=10, memToMemMergeOutputsThreshold=10
26/03/02 03:39:54 INFO reduce.EventFetcher: attempt_local346895387_0020_r_000003_0 Thread started: EventFetcher for fetching Map Completion Events
26/03/02 03:39:54 INFO reduce.LocalFetcher: localfetcher#80 about to shuffle output of map attempt_local346895387_0020_m_000000_0 decomp: 5411774 len: 5411778 to MEMORY
26/03/02 03:39:54 INFO reduce.InMemoryMapOutput: Read 5411774 bytes from map-output for attempt_local346895387_0020_m_000000_0
26/03/02 03:39:54 INFO reduce.MergeManagerImpl: closeInMemoryFile -> map-output of size: 5411774, inMemoryMapOutputs.size() -> 1, commitMemory -> 0, usedMemory ->5411774
26/03/02 03:39:54 INFO reduce.EventFetcher: EventFetcher is interrupted.. Returning
26/03/02 03:39:54 INFO mapred.LocalJobRunner: 1 / 1 copied.
26/03/02 03:39:54 INFO reduce.MergeManagerImpl: finalMerge called with 1 in-memory map-outputs and 0 on-disk map-outputs
26/03/02 03:39:54 INFO mapred.Merger: Merging 1 sorted segments
26/03/02 03:39:54 INFO mapred.Merger: Down to the last merge-pass, with 1 segments left of total size: 5411768 bytes
26/03/02 03:39:54 INFO reduce.MergeManagerImpl: Merged 1 segments, 5411774 bytes to disk to satisfy reduce memory limit
26/03/02 03:39:54 INFO reduce.MergeManagerImpl: Merging 1 files, 5411778 bytes from disk
26/03/02 03:39:54 INFO reduce.MergeManagerImpl: Merging 0 segments, 0 bytes from memory into reduce
26/03/02 03:39:54 INFO mapred.Merger: Merging 1 sorted segments
26/03/02 03:39:54 INFO mapred.Merger: Down to the last merge-pass, with 1 segments left of total size: 5411768 bytes
26/03/02 03:39:54 INFO mapred.LocalJobRunner: 1 / 1 copied.
26/03/02 03:39:54 INFO mapred.Task: Task:attempt_local346895387_0020_r_000003_0 is done. And is in the process of committing
26/03/02 03:39:54 INFO mapred.LocalJobRunner: 1 / 1 copied.
26/03/02 03:39:54 INFO mapred.Task: Task attempt_local346895387_0020_r_000003_0 is allowed to commit now
26/03/02 03:39:54 INFO output.FileOutputCommitter: Saved output of task 'attempt_local346895387_0020_r_000003_0' to hdfs://localhost:9000/project2/task2/runs_report_plus/scale500k_basic/iter_20/_temporary/0/task_local346895387_0020_r_000003
26/03/02 03:39:54 INFO mapred.LocalJobRunner: reduce > reduce
26/03/02 03:39:54 INFO mapred.Task: Task 'attempt_local346895387_0020_r_000003_0' done.
26/03/02 03:39:54 INFO mapred.Task: Final Counters for attempt_local346895387_0020_r_000003_0: Counters: 29
	File System Counters
		FILE: Number of bytes read=1083145940
		FILE: Number of bytes written=1088807944
		FILE: Number of read operations=0
		FILE: Number of large read operations=0
		FILE: Number of write operations=0
		HDFS: Number of bytes read=733809778
		HDFS: Number of bytes written=17800
		HDFS: Number of read operations=1097
		HDFS: Number of large read operations=0
		HDFS: Number of write operations=356
	Map-Reduce Framework
		Combine input records=0
		Combine output records=0
		Reduce input groups=1
		Reduce shuffle bytes=5411778
		Reduce input records=100218
		Reduce output records=1
		Spilled Records=100218
		Shuffled Maps =1
		Failed Shuffles=0
		Merged Map outputs=1
		GC time elapsed (ms)=0
		Total committed heap usage (bytes)=379060224
	Shuffle Errors
		BAD_ID=0
		CONNECTION=0
		IO_ERROR=0
		WRONG_LENGTH=0
		WRONG_MAP=0
		WRONG_REDUCE=0
	File Output Format Counters 
		Bytes Written=103
26/03/02 03:39:54 INFO mapred.LocalJobRunner: Finishing task: attempt_local346895387_0020_r_000003_0
26/03/02 03:39:54 INFO mapred.LocalJobRunner: reduce task executor complete.
26/03/02 03:39:55 INFO mapreduce.Job:  map 100% reduce 100%
26/03/02 03:39:55 INFO mapreduce.Job: Job job_local346895387_0020 completed successfully
26/03/02 03:39:55 INFO mapreduce.Job: Counters: 35
	File System Counters
		FILE: Number of bytes read=5296925912
		FILE: Number of bytes written=5384650622
		FILE: Number of read operations=0
		FILE: Number of large read operations=0
		FILE: Number of write operations=0
		HDFS: Number of bytes read=3669048890
		HDFS: Number of bytes written=87863
		HDFS: Number of read operations=5455
		HDFS: Number of large read operations=0
		HDFS: Number of write operations=1760
	Map-Reduce Framework
		Map input records=500000
		Map output records=500000
		Map output bytes=26000000
		Map output materialized bytes=27000024
		Input split bytes=123
		Combine input records=0
		Combine output records=0
		Reduce input groups=5
		Reduce shuffle bytes=27000024
		Reduce input records=500000
		Reduce output records=5
		Spilled Records=1000000
		Shuffled Maps =4
		Failed Shuffles=0
		Merged Map outputs=4
		GC time elapsed (ms)=54
		Total committed heap usage (bytes)=1895301120
	Shuffle Errors
		BAD_ID=0
		CONNECTION=0
		IO_ERROR=0
		WRONG_LENGTH=0
		WRONG_MAP=0
		WRONG_REDUCE=0
	File Input Format Counters 
		Bytes Read=36688385
	File Output Format Counters 
		Bytes Written=518
Done. mode=BASIC, rounds=20, converged=false
