26/03/02 03:36:48 INFO Configuration.deprecation: session.id is deprecated. Instead, use dfs.metrics.session-id
26/03/02 03:36:48 INFO jvm.JvmMetrics: Initializing JVM Metrics with processName=JobTracker, sessionId=
26/03/02 03:36:48 WARN mapreduce.JobResourceUploader: Hadoop command-line option parsing not performed. Implement the Tool interface and execute your application with ToolRunner to remedy this.
26/03/02 03:36:48 INFO input.FileInputFormat: Total input paths to process : 1
26/03/02 03:36:48 INFO mapreduce.JobSubmitter: number of splits:1
26/03/02 03:36:48 INFO mapreduce.JobSubmitter: Submitting tokens for job: job_local379403295_0001
26/03/02 03:36:48 INFO mapred.LocalDistributedCacheManager: Creating symlink: /tmp/hadoop-ds503/mapred/local/1772422608714/centers_initial.csv <- /home/ds503/centers_initial.csv
26/03/02 03:36:48 INFO mapred.LocalDistributedCacheManager: Localized hdfs://localhost:9000/project2/task2/runs_report_plus/scale100k_basic/centers_initial.csv as file:/tmp/hadoop-ds503/mapred/local/1772422608714/centers_initial.csv
26/03/02 03:36:48 INFO mapreduce.Job: The url to track the job: http://localhost:8080/
26/03/02 03:36:48 INFO mapreduce.Job: Running job: job_local379403295_0001
26/03/02 03:36:48 INFO mapred.LocalJobRunner: OutputCommitter set in config null
26/03/02 03:36:48 INFO output.FileOutputCommitter: File Output Committer Algorithm version is 1
26/03/02 03:36:48 INFO mapred.LocalJobRunner: OutputCommitter is org.apache.hadoop.mapreduce.lib.output.FileOutputCommitter
26/03/02 03:36:48 INFO mapred.LocalJobRunner: Waiting for map tasks
26/03/02 03:36:48 INFO mapred.LocalJobRunner: Starting task: attempt_local379403295_0001_m_000000_0
26/03/02 03:36:48 INFO output.FileOutputCommitter: File Output Committer Algorithm version is 1
26/03/02 03:36:48 INFO mapred.Task:  Using ResourceCalculatorProcessTree : [ ]
26/03/02 03:36:48 INFO mapred.MapTask: Processing split: hdfs://localhost:9000/project2/task2/input/points_100k.csv:0+7337711
26/03/02 03:36:48 INFO mapred.MapTask: (EQUATOR) 0 kvi 26214396(104857584)
26/03/02 03:36:48 INFO mapred.MapTask: mapreduce.task.io.sort.mb: 100
26/03/02 03:36:48 INFO mapred.MapTask: soft limit at 83886080
26/03/02 03:36:48 INFO mapred.MapTask: bufstart = 0; bufvoid = 104857600
26/03/02 03:36:48 INFO mapred.MapTask: kvstart = 26214396; length = 6553600
26/03/02 03:36:48 INFO mapred.MapTask: Map output collector class = org.apache.hadoop.mapred.MapTask$MapOutputBuffer
26/03/02 03:36:49 INFO mapred.LocalJobRunner: 
26/03/02 03:36:49 INFO mapred.MapTask: Starting flush of map output
26/03/02 03:36:49 INFO mapred.MapTask: Spilling map output
26/03/02 03:36:49 INFO mapred.MapTask: bufstart = 0; bufend = 5200000; bufvoid = 104857600
26/03/02 03:36:49 INFO mapred.MapTask: kvstart = 26214396(104857584); kvend = 25814400(103257600); length = 399997/6553600
26/03/02 03:36:49 INFO mapred.MapTask: Finished spill 0
26/03/02 03:36:49 INFO mapred.Task: Task:attempt_local379403295_0001_m_000000_0 is done. And is in the process of committing
26/03/02 03:36:49 INFO mapred.LocalJobRunner: map
26/03/02 03:36:49 INFO mapred.Task: Task 'attempt_local379403295_0001_m_000000_0' done.
26/03/02 03:36:49 INFO mapred.Task: Final Counters for attempt_local379403295_0001_m_000000_0: Counters: 22
	File System Counters
		FILE: Number of bytes read=144556
		FILE: Number of bytes written=5839812
		FILE: Number of read operations=0
		FILE: Number of large read operations=0
		FILE: Number of write operations=0
		HDFS: Number of bytes read=7338821
		HDFS: Number of bytes written=370
		HDFS: Number of read operations=21
		HDFS: Number of large read operations=0
		HDFS: Number of write operations=6
	Map-Reduce Framework
		Map input records=100000
		Map output records=100000
		Map output bytes=5200000
		Map output materialized bytes=5400024
		Input split bytes=123
		Combine input records=0
		Spilled Records=100000
		Failed Shuffles=0
		Merged Map outputs=0
		GC time elapsed (ms)=9
		Total committed heap usage (bytes)=325582848
	File Input Format Counters 
		Bytes Read=7337711
26/03/02 03:36:49 INFO mapred.LocalJobRunner: Finishing task: attempt_local379403295_0001_m_000000_0
26/03/02 03:36:49 INFO mapred.LocalJobRunner: map task executor complete.
26/03/02 03:36:49 INFO mapred.LocalJobRunner: Waiting for reduce tasks
26/03/02 03:36:49 INFO mapred.LocalJobRunner: Starting task: attempt_local379403295_0001_r_000000_0
26/03/02 03:36:49 INFO output.FileOutputCommitter: File Output Committer Algorithm version is 1
26/03/02 03:36:49 INFO mapred.Task:  Using ResourceCalculatorProcessTree : [ ]
26/03/02 03:36:49 INFO mapred.ReduceTask: Using ShuffleConsumerPlugin: org.apache.hadoop.mapreduce.task.reduce.Shuffle@19a1767c
26/03/02 03:36:49 INFO reduce.MergeManagerImpl: MergerManager: memoryLimit=334338464, maxSingleShuffleLimit=83584616, mergeThreshold=220663392, ioSortFactor=10, memToMemMergeOutputsThreshold=10
26/03/02 03:36:49 INFO reduce.EventFetcher: attempt_local379403295_0001_r_000000_0 Thread started: EventFetcher for fetching Map Completion Events
26/03/02 03:36:49 INFO reduce.LocalFetcher: localfetcher#1 about to shuffle output of map attempt_local379403295_0001_m_000000_0 decomp: 3891296 len: 3891300 to MEMORY
26/03/02 03:36:49 INFO reduce.InMemoryMapOutput: Read 3891296 bytes from map-output for attempt_local379403295_0001_m_000000_0
26/03/02 03:36:49 INFO reduce.MergeManagerImpl: closeInMemoryFile -> map-output of size: 3891296, inMemoryMapOutputs.size() -> 1, commitMemory -> 0, usedMemory ->3891296
26/03/02 03:36:49 INFO reduce.EventFetcher: EventFetcher is interrupted.. Returning
26/03/02 03:36:49 INFO mapred.LocalJobRunner: 1 / 1 copied.
26/03/02 03:36:49 INFO reduce.MergeManagerImpl: finalMerge called with 1 in-memory map-outputs and 0 on-disk map-outputs
26/03/02 03:36:49 INFO mapred.Merger: Merging 1 sorted segments
26/03/02 03:36:49 INFO mapred.Merger: Down to the last merge-pass, with 1 segments left of total size: 3891290 bytes
26/03/02 03:36:49 INFO reduce.MergeManagerImpl: Merged 1 segments, 3891296 bytes to disk to satisfy reduce memory limit
26/03/02 03:36:49 INFO reduce.MergeManagerImpl: Merging 1 files, 3891300 bytes from disk
26/03/02 03:36:49 INFO reduce.MergeManagerImpl: Merging 0 segments, 0 bytes from memory into reduce
26/03/02 03:36:49 INFO mapred.Merger: Merging 1 sorted segments
26/03/02 03:36:49 INFO mapred.Merger: Down to the last merge-pass, with 1 segments left of total size: 3891290 bytes
26/03/02 03:36:49 INFO mapred.LocalJobRunner: 1 / 1 copied.
26/03/02 03:36:49 INFO Configuration.deprecation: mapred.skip.on is deprecated. Instead, use mapreduce.job.skiprecords
26/03/02 03:36:49 INFO mapred.Task: Task:attempt_local379403295_0001_r_000000_0 is done. And is in the process of committing
26/03/02 03:36:49 INFO mapred.LocalJobRunner: 1 / 1 copied.
26/03/02 03:36:49 INFO mapred.Task: Task attempt_local379403295_0001_r_000000_0 is allowed to commit now
26/03/02 03:36:49 INFO output.FileOutputCommitter: Saved output of task 'attempt_local379403295_0001_r_000000_0' to hdfs://localhost:9000/project2/task2/runs_report_plus/scale100k_basic/iter_1/_temporary/0/task_local379403295_0001_r_000000
26/03/02 03:36:49 INFO mapred.LocalJobRunner: reduce > reduce
26/03/02 03:36:49 INFO mapred.Task: Task 'attempt_local379403295_0001_r_000000_0' done.
26/03/02 03:36:49 INFO mapred.Task: Final Counters for attempt_local379403295_0001_r_000000_0: Counters: 29
	File System Counters
		FILE: Number of bytes read=7931352
		FILE: Number of bytes written=9731112
		FILE: Number of read operations=0
		FILE: Number of large read operations=0
		FILE: Number of write operations=0
		HDFS: Number of bytes read=7338821
		HDFS: Number of bytes written=571
		HDFS: Number of read operations=24
		HDFS: Number of large read operations=0
		HDFS: Number of write operations=8
	Map-Reduce Framework
		Combine input records=0
		Combine output records=0
		Reduce input groups=2
		Reduce shuffle bytes=3891300
		Reduce input records=72061
		Reduce output records=2
		Spilled Records=72061
		Shuffled Maps =1
		Failed Shuffles=0
		Merged Map outputs=1
		GC time elapsed (ms)=0
		Total committed heap usage (bytes)=325582848
	Shuffle Errors
		BAD_ID=0
		CONNECTION=0
		IO_ERROR=0
		WRONG_LENGTH=0
		WRONG_MAP=0
		WRONG_REDUCE=0
	File Output Format Counters 
		Bytes Written=201
26/03/02 03:36:49 INFO mapred.LocalJobRunner: Finishing task: attempt_local379403295_0001_r_000000_0
26/03/02 03:36:49 INFO mapred.LocalJobRunner: Starting task: attempt_local379403295_0001_r_000001_0
26/03/02 03:36:49 INFO output.FileOutputCommitter: File Output Committer Algorithm version is 1
26/03/02 03:36:49 INFO mapred.Task:  Using ResourceCalculatorProcessTree : [ ]
26/03/02 03:36:49 INFO mapred.ReduceTask: Using ShuffleConsumerPlugin: org.apache.hadoop.mapreduce.task.reduce.Shuffle@39aeab14
26/03/02 03:36:49 INFO reduce.MergeManagerImpl: MergerManager: memoryLimit=334338464, maxSingleShuffleLimit=83584616, mergeThreshold=220663392, ioSortFactor=10, memToMemMergeOutputsThreshold=10
26/03/02 03:36:49 INFO reduce.EventFetcher: attempt_local379403295_0001_r_000001_0 Thread started: EventFetcher for fetching Map Completion Events
26/03/02 03:36:49 INFO reduce.LocalFetcher: localfetcher#2 about to shuffle output of map attempt_local379403295_0001_m_000000_0 decomp: 432974 len: 432978 to MEMORY
26/03/02 03:36:49 INFO reduce.InMemoryMapOutput: Read 432974 bytes from map-output for attempt_local379403295_0001_m_000000_0
26/03/02 03:36:49 INFO reduce.MergeManagerImpl: closeInMemoryFile -> map-output of size: 432974, inMemoryMapOutputs.size() -> 1, commitMemory -> 0, usedMemory ->432974
26/03/02 03:36:49 INFO reduce.EventFetcher: EventFetcher is interrupted.. Returning
26/03/02 03:36:49 INFO mapred.LocalJobRunner: 1 / 1 copied.
26/03/02 03:36:49 INFO reduce.MergeManagerImpl: finalMerge called with 1 in-memory map-outputs and 0 on-disk map-outputs
26/03/02 03:36:49 INFO mapred.Merger: Merging 1 sorted segments
26/03/02 03:36:49 INFO mapred.Merger: Down to the last merge-pass, with 1 segments left of total size: 432968 bytes
26/03/02 03:36:49 INFO reduce.MergeManagerImpl: Merged 1 segments, 432974 bytes to disk to satisfy reduce memory limit
26/03/02 03:36:49 INFO reduce.MergeManagerImpl: Merging 1 files, 432978 bytes from disk
26/03/02 03:36:49 INFO reduce.MergeManagerImpl: Merging 0 segments, 0 bytes from memory into reduce
26/03/02 03:36:49 INFO mapred.Merger: Merging 1 sorted segments
26/03/02 03:36:49 INFO mapred.Merger: Down to the last merge-pass, with 1 segments left of total size: 432968 bytes
26/03/02 03:36:49 INFO mapred.LocalJobRunner: 1 / 1 copied.
26/03/02 03:36:49 INFO mapred.Task: Task:attempt_local379403295_0001_r_000001_0 is done. And is in the process of committing
26/03/02 03:36:49 INFO mapred.LocalJobRunner: 1 / 1 copied.
26/03/02 03:36:49 INFO mapred.Task: Task attempt_local379403295_0001_r_000001_0 is allowed to commit now
26/03/02 03:36:49 INFO output.FileOutputCommitter: Saved output of task 'attempt_local379403295_0001_r_000001_0' to hdfs://localhost:9000/project2/task2/runs_report_plus/scale100k_basic/iter_1/_temporary/0/task_local379403295_0001_r_000001
26/03/02 03:36:49 INFO mapred.LocalJobRunner: reduce > reduce
26/03/02 03:36:49 INFO mapred.Task: Task 'attempt_local379403295_0001_r_000001_0' done.
26/03/02 03:36:49 INFO mapred.Task: Final Counters for attempt_local379403295_0001_r_000001_0: Counters: 29
	File System Counters
		FILE: Number of bytes read=8801504
		FILE: Number of bytes written=10164090
		FILE: Number of read operations=0
		FILE: Number of large read operations=0
		FILE: Number of write operations=0
		HDFS: Number of bytes read=7338821
		HDFS: Number of bytes written=672
		HDFS: Number of read operations=27
		HDFS: Number of large read operations=0
		HDFS: Number of write operations=10
	Map-Reduce Framework
		Combine input records=0
		Combine output records=0
		Reduce input groups=1
		Reduce shuffle bytes=432978
		Reduce input records=8018
		Reduce output records=1
		Spilled Records=8018
		Shuffled Maps =1
		Failed Shuffles=0
		Merged Map outputs=1
		GC time elapsed (ms)=0
		Total committed heap usage (bytes)=325582848
	Shuffle Errors
		BAD_ID=0
		CONNECTION=0
		IO_ERROR=0
		WRONG_LENGTH=0
		WRONG_MAP=0
		WRONG_REDUCE=0
	File Output Format Counters 
		Bytes Written=101
26/03/02 03:36:49 INFO mapred.LocalJobRunner: Finishing task: attempt_local379403295_0001_r_000001_0
26/03/02 03:36:49 INFO mapred.LocalJobRunner: Starting task: attempt_local379403295_0001_r_000002_0
26/03/02 03:36:49 INFO output.FileOutputCommitter: File Output Committer Algorithm version is 1
26/03/02 03:36:49 INFO mapred.Task:  Using ResourceCalculatorProcessTree : [ ]
26/03/02 03:36:49 INFO mapred.ReduceTask: Using ShuffleConsumerPlugin: org.apache.hadoop.mapreduce.task.reduce.Shuffle@206cb797
26/03/02 03:36:49 INFO reduce.MergeManagerImpl: MergerManager: memoryLimit=334338464, maxSingleShuffleLimit=83584616, mergeThreshold=220663392, ioSortFactor=10, memToMemMergeOutputsThreshold=10
26/03/02 03:36:49 INFO reduce.EventFetcher: attempt_local379403295_0001_r_000002_0 Thread started: EventFetcher for fetching Map Completion Events
26/03/02 03:36:49 INFO reduce.LocalFetcher: localfetcher#3 about to shuffle output of map attempt_local379403295_0001_m_000000_0 decomp: 561062 len: 561066 to MEMORY
26/03/02 03:36:49 INFO reduce.InMemoryMapOutput: Read 561062 bytes from map-output for attempt_local379403295_0001_m_000000_0
26/03/02 03:36:49 INFO reduce.MergeManagerImpl: closeInMemoryFile -> map-output of size: 561062, inMemoryMapOutputs.size() -> 1, commitMemory -> 0, usedMemory ->561062
26/03/02 03:36:49 INFO reduce.EventFetcher: EventFetcher is interrupted.. Returning
26/03/02 03:36:49 INFO mapred.LocalJobRunner: 1 / 1 copied.
26/03/02 03:36:49 INFO reduce.MergeManagerImpl: finalMerge called with 1 in-memory map-outputs and 0 on-disk map-outputs
26/03/02 03:36:49 INFO mapred.Merger: Merging 1 sorted segments
26/03/02 03:36:49 INFO mapred.Merger: Down to the last merge-pass, with 1 segments left of total size: 561056 bytes
26/03/02 03:36:49 INFO reduce.MergeManagerImpl: Merged 1 segments, 561062 bytes to disk to satisfy reduce memory limit
26/03/02 03:36:49 INFO reduce.MergeManagerImpl: Merging 1 files, 561066 bytes from disk
26/03/02 03:36:49 INFO reduce.MergeManagerImpl: Merging 0 segments, 0 bytes from memory into reduce
26/03/02 03:36:49 INFO mapred.Merger: Merging 1 sorted segments
26/03/02 03:36:49 INFO mapred.Merger: Down to the last merge-pass, with 1 segments left of total size: 561056 bytes
26/03/02 03:36:49 INFO mapred.LocalJobRunner: 1 / 1 copied.
26/03/02 03:36:49 INFO mapred.Task: Task:attempt_local379403295_0001_r_000002_0 is done. And is in the process of committing
26/03/02 03:36:49 INFO mapred.LocalJobRunner: 1 / 1 copied.
26/03/02 03:36:49 INFO mapred.Task: Task attempt_local379403295_0001_r_000002_0 is allowed to commit now
26/03/02 03:36:49 INFO output.FileOutputCommitter: Saved output of task 'attempt_local379403295_0001_r_000002_0' to hdfs://localhost:9000/project2/task2/runs_report_plus/scale100k_basic/iter_1/_temporary/0/task_local379403295_0001_r_000002
26/03/02 03:36:49 INFO mapred.LocalJobRunner: reduce > reduce
26/03/02 03:36:49 INFO mapred.Task: Task 'attempt_local379403295_0001_r_000002_0' done.
26/03/02 03:36:49 INFO mapred.Task: Final Counters for attempt_local379403295_0001_r_000002_0: Counters: 29
	File System Counters
		FILE: Number of bytes read=9927832
		FILE: Number of bytes written=10725156
		FILE: Number of read operations=0
		FILE: Number of large read operations=0
		FILE: Number of write operations=0
		HDFS: Number of bytes read=7338821
		HDFS: Number of bytes written=773
		HDFS: Number of read operations=30
		HDFS: Number of large read operations=0
		HDFS: Number of write operations=12
	Map-Reduce Framework
		Combine input records=0
		Combine output records=0
		Reduce input groups=1
		Reduce shuffle bytes=561066
		Reduce input records=10390
		Reduce output records=1
		Spilled Records=10390
		Shuffled Maps =1
		Failed Shuffles=0
		Merged Map outputs=1
		GC time elapsed (ms)=0
		Total committed heap usage (bytes)=325582848
	Shuffle Errors
		BAD_ID=0
		CONNECTION=0
		IO_ERROR=0
		WRONG_LENGTH=0
		WRONG_MAP=0
		WRONG_REDUCE=0
	File Output Format Counters 
		Bytes Written=101
26/03/02 03:36:49 INFO mapred.LocalJobRunner: Finishing task: attempt_local379403295_0001_r_000002_0
26/03/02 03:36:49 INFO mapred.LocalJobRunner: Starting task: attempt_local379403295_0001_r_000003_0
26/03/02 03:36:49 INFO output.FileOutputCommitter: File Output Committer Algorithm version is 1
26/03/02 03:36:49 INFO mapred.Task:  Using ResourceCalculatorProcessTree : [ ]
26/03/02 03:36:49 INFO mapred.ReduceTask: Using ShuffleConsumerPlugin: org.apache.hadoop.mapreduce.task.reduce.Shuffle@595332fb
26/03/02 03:36:49 INFO reduce.MergeManagerImpl: MergerManager: memoryLimit=334338464, maxSingleShuffleLimit=83584616, mergeThreshold=220663392, ioSortFactor=10, memToMemMergeOutputsThreshold=10
26/03/02 03:36:49 INFO reduce.EventFetcher: attempt_local379403295_0001_r_000003_0 Thread started: EventFetcher for fetching Map Completion Events
26/03/02 03:36:49 INFO reduce.LocalFetcher: localfetcher#4 about to shuffle output of map attempt_local379403295_0001_m_000000_0 decomp: 514676 len: 514680 to MEMORY
26/03/02 03:36:49 INFO reduce.InMemoryMapOutput: Read 514676 bytes from map-output for attempt_local379403295_0001_m_000000_0
26/03/02 03:36:49 INFO reduce.MergeManagerImpl: closeInMemoryFile -> map-output of size: 514676, inMemoryMapOutputs.size() -> 1, commitMemory -> 0, usedMemory ->514676
26/03/02 03:36:49 INFO reduce.EventFetcher: EventFetcher is interrupted.. Returning
26/03/02 03:36:49 INFO mapred.LocalJobRunner: 1 / 1 copied.
26/03/02 03:36:49 INFO reduce.MergeManagerImpl: finalMerge called with 1 in-memory map-outputs and 0 on-disk map-outputs
26/03/02 03:36:49 INFO mapred.Merger: Merging 1 sorted segments
26/03/02 03:36:49 INFO mapred.Merger: Down to the last merge-pass, with 1 segments left of total size: 514670 bytes
26/03/02 03:36:49 INFO reduce.MergeManagerImpl: Merged 1 segments, 514676 bytes to disk to satisfy reduce memory limit
26/03/02 03:36:49 INFO reduce.MergeManagerImpl: Merging 1 files, 514680 bytes from disk
26/03/02 03:36:49 INFO reduce.MergeManagerImpl: Merging 0 segments, 0 bytes from memory into reduce
26/03/02 03:36:49 INFO mapred.Merger: Merging 1 sorted segments
26/03/02 03:36:49 INFO mapred.Merger: Down to the last merge-pass, with 1 segments left of total size: 514670 bytes
26/03/02 03:36:49 INFO mapred.LocalJobRunner: 1 / 1 copied.
26/03/02 03:36:49 INFO mapred.Task: Task:attempt_local379403295_0001_r_000003_0 is done. And is in the process of committing
26/03/02 03:36:49 INFO mapred.LocalJobRunner: 1 / 1 copied.
26/03/02 03:36:49 INFO mapred.Task: Task attempt_local379403295_0001_r_000003_0 is allowed to commit now
26/03/02 03:36:49 INFO output.FileOutputCommitter: Saved output of task 'attempt_local379403295_0001_r_000003_0' to hdfs://localhost:9000/project2/task2/runs_report_plus/scale100k_basic/iter_1/_temporary/0/task_local379403295_0001_r_000003
26/03/02 03:36:49 INFO mapred.LocalJobRunner: reduce > reduce
26/03/02 03:36:49 INFO mapred.Task: Task 'attempt_local379403295_0001_r_000003_0' done.
26/03/02 03:36:49 INFO mapred.Task: Final Counters for attempt_local379403295_0001_r_000003_0: Counters: 29
	File System Counters
		FILE: Number of bytes read=10957296
		FILE: Number of bytes written=11239836
		FILE: Number of read operations=0
		FILE: Number of large read operations=0
		FILE: Number of write operations=0
		HDFS: Number of bytes read=7338821
		HDFS: Number of bytes written=875
		HDFS: Number of read operations=33
		HDFS: Number of large read operations=0
		HDFS: Number of write operations=14
	Map-Reduce Framework
		Combine input records=0
		Combine output records=0
		Reduce input groups=1
		Reduce shuffle bytes=514680
		Reduce input records=9531
		Reduce output records=1
		Spilled Records=9531
		Shuffled Maps =1
		Failed Shuffles=0
		Merged Map outputs=1
		GC time elapsed (ms)=0
		Total committed heap usage (bytes)=325582848
	Shuffle Errors
		BAD_ID=0
		CONNECTION=0
		IO_ERROR=0
		WRONG_LENGTH=0
		WRONG_MAP=0
		WRONG_REDUCE=0
	File Output Format Counters 
		Bytes Written=102
26/03/02 03:36:49 INFO mapred.LocalJobRunner: Finishing task: attempt_local379403295_0001_r_000003_0
26/03/02 03:36:49 INFO mapred.LocalJobRunner: reduce task executor complete.
26/03/02 03:36:49 INFO mapreduce.Job: Job job_local379403295_0001 running in uber mode : false
26/03/02 03:36:49 INFO mapreduce.Job:  map 100% reduce 100%
26/03/02 03:36:49 INFO mapreduce.Job: Job job_local379403295_0001 completed successfully
26/03/02 03:36:49 INFO mapreduce.Job: Counters: 35
	File System Counters
		FILE: Number of bytes read=37762540
		FILE: Number of bytes written=47700006
		FILE: Number of read operations=0
		FILE: Number of large read operations=0
		FILE: Number of write operations=0
		HDFS: Number of bytes read=36694105
		HDFS: Number of bytes written=3261
		HDFS: Number of read operations=135
		HDFS: Number of large read operations=0
		HDFS: Number of write operations=50
	Map-Reduce Framework
		Map input records=100000
		Map output records=100000
		Map output bytes=5200000
		Map output materialized bytes=5400024
		Input split bytes=123
		Combine input records=0
		Combine output records=0
		Reduce input groups=5
		Reduce shuffle bytes=5400024
		Reduce input records=100000
		Reduce output records=5
		Spilled Records=200000
		Shuffled Maps =4
		Failed Shuffles=0
		Merged Map outputs=4
		GC time elapsed (ms)=9
		Total committed heap usage (bytes)=1627914240
	Shuffle Errors
		BAD_ID=0
		CONNECTION=0
		IO_ERROR=0
		WRONG_LENGTH=0
		WRONG_MAP=0
		WRONG_REDUCE=0
	File Input Format Counters 
		Bytes Read=7337711
	File Output Format Counters 
		Bytes Written=505
26/03/02 03:36:49 INFO jvm.JvmMetrics: Cannot initialize JVM Metrics with processName=JobTracker, sessionId= - already initialized
26/03/02 03:36:49 WARN mapreduce.JobResourceUploader: Hadoop command-line option parsing not performed. Implement the Tool interface and execute your application with ToolRunner to remedy this.
26/03/02 03:36:49 INFO input.FileInputFormat: Total input paths to process : 1
26/03/02 03:36:49 INFO mapreduce.JobSubmitter: number of splits:1
26/03/02 03:36:49 INFO mapreduce.JobSubmitter: Submitting tokens for job: job_local1497143314_0002
26/03/02 03:36:49 INFO mapred.LocalDistributedCacheManager: Creating symlink: /tmp/hadoop-ds503/mapred/local/1772422609885/centers_iter_1.csv <- /home/ds503/centers_iter_1.csv
26/03/02 03:36:49 INFO mapred.LocalDistributedCacheManager: Localized hdfs://localhost:9000/project2/task2/runs_report_plus/scale100k_basic/centers_iter_1.csv as file:/tmp/hadoop-ds503/mapred/local/1772422609885/centers_iter_1.csv
26/03/02 03:36:49 INFO mapreduce.Job: The url to track the job: http://localhost:8080/
26/03/02 03:36:49 INFO mapreduce.Job: Running job: job_local1497143314_0002
26/03/02 03:36:49 INFO mapred.LocalJobRunner: OutputCommitter set in config null
26/03/02 03:36:49 INFO output.FileOutputCommitter: File Output Committer Algorithm version is 1
26/03/02 03:36:49 INFO mapred.LocalJobRunner: OutputCommitter is org.apache.hadoop.mapreduce.lib.output.FileOutputCommitter
26/03/02 03:36:49 INFO mapred.LocalJobRunner: Waiting for map tasks
26/03/02 03:36:49 INFO mapred.LocalJobRunner: Starting task: attempt_local1497143314_0002_m_000000_0
26/03/02 03:36:49 INFO output.FileOutputCommitter: File Output Committer Algorithm version is 1
26/03/02 03:36:49 INFO mapred.Task:  Using ResourceCalculatorProcessTree : [ ]
26/03/02 03:36:49 INFO mapred.MapTask: Processing split: hdfs://localhost:9000/project2/task2/input/points_100k.csv:0+7337711
26/03/02 03:36:49 INFO mapred.MapTask: (EQUATOR) 0 kvi 26214396(104857584)
26/03/02 03:36:49 INFO mapred.MapTask: mapreduce.task.io.sort.mb: 100
26/03/02 03:36:49 INFO mapred.MapTask: soft limit at 83886080
26/03/02 03:36:49 INFO mapred.MapTask: bufstart = 0; bufvoid = 104857600
26/03/02 03:36:49 INFO mapred.MapTask: kvstart = 26214396; length = 6553600
26/03/02 03:36:49 INFO mapred.MapTask: Map output collector class = org.apache.hadoop.mapred.MapTask$MapOutputBuffer
26/03/02 03:36:50 INFO mapred.LocalJobRunner: 
26/03/02 03:36:50 INFO mapred.MapTask: Starting flush of map output
26/03/02 03:36:50 INFO mapred.MapTask: Spilling map output
26/03/02 03:36:50 INFO mapred.MapTask: bufstart = 0; bufend = 5200000; bufvoid = 104857600
26/03/02 03:36:50 INFO mapred.MapTask: kvstart = 26214396(104857584); kvend = 25814400(103257600); length = 399997/6553600
26/03/02 03:36:50 INFO mapred.MapTask: Finished spill 0
26/03/02 03:36:50 INFO mapred.Task: Task:attempt_local1497143314_0002_m_000000_0 is done. And is in the process of committing
26/03/02 03:36:50 INFO mapred.LocalJobRunner: map
26/03/02 03:36:50 INFO mapred.Task: Task 'attempt_local1497143314_0002_m_000000_0' done.
26/03/02 03:36:50 INFO mapred.Task: Final Counters for attempt_local1497143314_0002_m_000000_0: Counters: 22
	File System Counters
		FILE: Number of bytes read=11101852
		FILE: Number of bytes written=17081235
		FILE: Number of read operations=0
		FILE: Number of large read operations=0
		FILE: Number of write operations=0
		HDFS: Number of bytes read=14678660
		HDFS: Number of bytes written=1249
		HDFS: Number of read operations=77
		HDFS: Number of large read operations=0
		HDFS: Number of write operations=24
	Map-Reduce Framework
		Map input records=100000
		Map output records=100000
		Map output bytes=5200000
		Map output materialized bytes=5400024
		Input split bytes=123
		Combine input records=0
		Spilled Records=100000
		Failed Shuffles=0
		Merged Map outputs=0
		GC time elapsed (ms)=179
		Total committed heap usage (bytes)=427819008
	File Input Format Counters 
		Bytes Read=7337711
26/03/02 03:36:50 INFO mapred.LocalJobRunner: Finishing task: attempt_local1497143314_0002_m_000000_0
26/03/02 03:36:50 INFO mapred.LocalJobRunner: map task executor complete.
26/03/02 03:36:50 INFO mapred.LocalJobRunner: Waiting for reduce tasks
26/03/02 03:36:50 INFO mapred.LocalJobRunner: Starting task: attempt_local1497143314_0002_r_000000_0
26/03/02 03:36:50 INFO output.FileOutputCommitter: File Output Committer Algorithm version is 1
26/03/02 03:36:50 INFO mapred.Task:  Using ResourceCalculatorProcessTree : [ ]
26/03/02 03:36:50 INFO mapred.ReduceTask: Using ShuffleConsumerPlugin: org.apache.hadoop.mapreduce.task.reduce.Shuffle@3d639d6a
26/03/02 03:36:50 INFO reduce.MergeManagerImpl: MergerManager: memoryLimit=334338464, maxSingleShuffleLimit=83584616, mergeThreshold=220663392, ioSortFactor=10, memToMemMergeOutputsThreshold=10
26/03/02 03:36:50 INFO reduce.EventFetcher: attempt_local1497143314_0002_r_000000_0 Thread started: EventFetcher for fetching Map Completion Events
26/03/02 03:36:50 INFO reduce.LocalFetcher: localfetcher#5 about to shuffle output of map attempt_local1497143314_0002_m_000000_0 decomp: 3160244 len: 3160248 to MEMORY
26/03/02 03:36:50 INFO reduce.InMemoryMapOutput: Read 3160244 bytes from map-output for attempt_local1497143314_0002_m_000000_0
26/03/02 03:36:50 INFO reduce.MergeManagerImpl: closeInMemoryFile -> map-output of size: 3160244, inMemoryMapOutputs.size() -> 1, commitMemory -> 0, usedMemory ->3160244
26/03/02 03:36:50 INFO reduce.EventFetcher: EventFetcher is interrupted.. Returning
26/03/02 03:36:50 INFO mapred.LocalJobRunner: 1 / 1 copied.
26/03/02 03:36:50 INFO reduce.MergeManagerImpl: finalMerge called with 1 in-memory map-outputs and 0 on-disk map-outputs
26/03/02 03:36:50 INFO mapred.Merger: Merging 1 sorted segments
26/03/02 03:36:50 INFO mapred.Merger: Down to the last merge-pass, with 1 segments left of total size: 3160238 bytes
26/03/02 03:36:50 INFO reduce.MergeManagerImpl: Merged 1 segments, 3160244 bytes to disk to satisfy reduce memory limit
26/03/02 03:36:50 INFO reduce.MergeManagerImpl: Merging 1 files, 3160248 bytes from disk
26/03/02 03:36:50 INFO reduce.MergeManagerImpl: Merging 0 segments, 0 bytes from memory into reduce
26/03/02 03:36:50 INFO mapred.Merger: Merging 1 sorted segments
26/03/02 03:36:50 INFO mapred.Merger: Down to the last merge-pass, with 1 segments left of total size: 3160238 bytes
26/03/02 03:36:50 INFO mapred.LocalJobRunner: 1 / 1 copied.
26/03/02 03:36:50 INFO mapred.Task: Task:attempt_local1497143314_0002_r_000000_0 is done. And is in the process of committing
26/03/02 03:36:50 INFO mapred.LocalJobRunner: 1 / 1 copied.
26/03/02 03:36:50 INFO mapred.Task: Task attempt_local1497143314_0002_r_000000_0 is allowed to commit now
26/03/02 03:36:50 INFO output.FileOutputCommitter: Saved output of task 'attempt_local1497143314_0002_r_000000_0' to hdfs://localhost:9000/project2/task2/runs_report_plus/scale100k_basic/iter_2/_temporary/0/task_local1497143314_0002_r_000000
26/03/02 03:36:50 INFO mapred.LocalJobRunner: reduce > reduce
26/03/02 03:36:50 INFO mapred.Task: Task 'attempt_local1497143314_0002_r_000000_0' done.
26/03/02 03:36:50 INFO mapred.Task: Final Counters for attempt_local1497143314_0002_r_000000_0: Counters: 29
	File System Counters
		FILE: Number of bytes read=17426544
		FILE: Number of bytes written=20241483
		FILE: Number of read operations=0
		FILE: Number of large read operations=0
		FILE: Number of write operations=0
		HDFS: Number of bytes read=14678660
		HDFS: Number of bytes written=1454
		HDFS: Number of read operations=80
		HDFS: Number of large read operations=0
		HDFS: Number of write operations=26
	Map-Reduce Framework
		Combine input records=0
		Combine output records=0
		Reduce input groups=2
		Reduce shuffle bytes=3160248
		Reduce input records=58523
		Reduce output records=2
		Spilled Records=58523
		Shuffled Maps =1
		Failed Shuffles=0
		Merged Map outputs=1
		GC time elapsed (ms)=0
		Total committed heap usage (bytes)=427819008
	Shuffle Errors
		BAD_ID=0
		CONNECTION=0
		IO_ERROR=0
		WRONG_LENGTH=0
		WRONG_MAP=0
		WRONG_REDUCE=0
	File Output Format Counters 
		Bytes Written=205
26/03/02 03:36:50 INFO mapred.LocalJobRunner: Finishing task: attempt_local1497143314_0002_r_000000_0
26/03/02 03:36:50 INFO mapred.LocalJobRunner: Starting task: attempt_local1497143314_0002_r_000001_0
26/03/02 03:36:50 INFO output.FileOutputCommitter: File Output Committer Algorithm version is 1
26/03/02 03:36:50 INFO mapred.Task:  Using ResourceCalculatorProcessTree : [ ]
26/03/02 03:36:50 INFO mapred.ReduceTask: Using ShuffleConsumerPlugin: org.apache.hadoop.mapreduce.task.reduce.Shuffle@53b03579
26/03/02 03:36:50 INFO reduce.MergeManagerImpl: MergerManager: memoryLimit=334338464, maxSingleShuffleLimit=83584616, mergeThreshold=220663392, ioSortFactor=10, memToMemMergeOutputsThreshold=10
26/03/02 03:36:50 INFO reduce.EventFetcher: attempt_local1497143314_0002_r_000001_0 Thread started: EventFetcher for fetching Map Completion Events
26/03/02 03:36:50 INFO reduce.LocalFetcher: localfetcher#6 about to shuffle output of map attempt_local1497143314_0002_m_000000_0 decomp: 460784 len: 460788 to MEMORY
26/03/02 03:36:50 INFO reduce.InMemoryMapOutput: Read 460784 bytes from map-output for attempt_local1497143314_0002_m_000000_0
26/03/02 03:36:50 INFO reduce.MergeManagerImpl: closeInMemoryFile -> map-output of size: 460784, inMemoryMapOutputs.size() -> 1, commitMemory -> 0, usedMemory ->460784
26/03/02 03:36:50 INFO reduce.EventFetcher: EventFetcher is interrupted.. Returning
26/03/02 03:36:50 INFO mapred.LocalJobRunner: 1 / 1 copied.
26/03/02 03:36:50 INFO reduce.MergeManagerImpl: finalMerge called with 1 in-memory map-outputs and 0 on-disk map-outputs
26/03/02 03:36:50 INFO mapred.Merger: Merging 1 sorted segments
26/03/02 03:36:50 INFO mapred.Merger: Down to the last merge-pass, with 1 segments left of total size: 460778 bytes
26/03/02 03:36:50 INFO reduce.MergeManagerImpl: Merged 1 segments, 460784 bytes to disk to satisfy reduce memory limit
26/03/02 03:36:50 INFO reduce.MergeManagerImpl: Merging 1 files, 460788 bytes from disk
26/03/02 03:36:50 INFO reduce.MergeManagerImpl: Merging 0 segments, 0 bytes from memory into reduce
26/03/02 03:36:50 INFO mapred.Merger: Merging 1 sorted segments
26/03/02 03:36:50 INFO mapred.Merger: Down to the last merge-pass, with 1 segments left of total size: 460778 bytes
26/03/02 03:36:50 INFO mapred.LocalJobRunner: 1 / 1 copied.
26/03/02 03:36:50 INFO mapred.Task: Task:attempt_local1497143314_0002_r_000001_0 is done. And is in the process of committing
26/03/02 03:36:50 INFO mapred.LocalJobRunner: 1 / 1 copied.
26/03/02 03:36:50 INFO mapred.Task: Task attempt_local1497143314_0002_r_000001_0 is allowed to commit now
26/03/02 03:36:50 INFO output.FileOutputCommitter: Saved output of task 'attempt_local1497143314_0002_r_000001_0' to hdfs://localhost:9000/project2/task2/runs_report_plus/scale100k_basic/iter_2/_temporary/0/task_local1497143314_0002_r_000001
26/03/02 03:36:50 INFO mapred.LocalJobRunner: reduce > reduce
26/03/02 03:36:50 INFO mapred.Task: Task 'attempt_local1497143314_0002_r_000001_0' done.
26/03/02 03:36:50 INFO mapred.Task: Final Counters for attempt_local1497143314_0002_r_000001_0: Counters: 29
	File System Counters
		FILE: Number of bytes read=18352316
		FILE: Number of bytes written=20702271
		FILE: Number of read operations=0
		FILE: Number of large read operations=0
		FILE: Number of write operations=0
		HDFS: Number of bytes read=14678660
		HDFS: Number of bytes written=1554
		HDFS: Number of read operations=83
		HDFS: Number of large read operations=0
		HDFS: Number of write operations=28
	Map-Reduce Framework
		Combine input records=0
		Combine output records=0
		Reduce input groups=1
		Reduce shuffle bytes=460788
		Reduce input records=8533
		Reduce output records=1
		Spilled Records=8533
		Shuffled Maps =1
		Failed Shuffles=0
		Merged Map outputs=1
		GC time elapsed (ms)=0
		Total committed heap usage (bytes)=427819008
	Shuffle Errors
		BAD_ID=0
		CONNECTION=0
		IO_ERROR=0
		WRONG_LENGTH=0
		WRONG_MAP=0
		WRONG_REDUCE=0
	File Output Format Counters 
		Bytes Written=100
26/03/02 03:36:50 INFO mapred.LocalJobRunner: Finishing task: attempt_local1497143314_0002_r_000001_0
26/03/02 03:36:50 INFO mapred.LocalJobRunner: Starting task: attempt_local1497143314_0002_r_000002_0
26/03/02 03:36:50 INFO output.FileOutputCommitter: File Output Committer Algorithm version is 1
26/03/02 03:36:50 INFO mapred.Task:  Using ResourceCalculatorProcessTree : [ ]
26/03/02 03:36:50 INFO mapred.ReduceTask: Using ShuffleConsumerPlugin: org.apache.hadoop.mapreduce.task.reduce.Shuffle@2b62ff35
26/03/02 03:36:50 INFO reduce.MergeManagerImpl: MergerManager: memoryLimit=334338464, maxSingleShuffleLimit=83584616, mergeThreshold=220663392, ioSortFactor=10, memToMemMergeOutputsThreshold=10
26/03/02 03:36:50 INFO reduce.EventFetcher: attempt_local1497143314_0002_r_000002_0 Thread started: EventFetcher for fetching Map Completion Events
26/03/02 03:36:50 INFO reduce.LocalFetcher: localfetcher#7 about to shuffle output of map attempt_local1497143314_0002_m_000000_0 decomp: 488756 len: 488760 to MEMORY
26/03/02 03:36:50 INFO reduce.InMemoryMapOutput: Read 488756 bytes from map-output for attempt_local1497143314_0002_m_000000_0
26/03/02 03:36:50 INFO reduce.MergeManagerImpl: closeInMemoryFile -> map-output of size: 488756, inMemoryMapOutputs.size() -> 1, commitMemory -> 0, usedMemory ->488756
26/03/02 03:36:50 INFO reduce.EventFetcher: EventFetcher is interrupted.. Returning
26/03/02 03:36:50 INFO mapred.LocalJobRunner: 1 / 1 copied.
26/03/02 03:36:50 INFO reduce.MergeManagerImpl: finalMerge called with 1 in-memory map-outputs and 0 on-disk map-outputs
26/03/02 03:36:50 INFO mapred.Merger: Merging 1 sorted segments
26/03/02 03:36:50 INFO mapred.Merger: Down to the last merge-pass, with 1 segments left of total size: 488750 bytes
26/03/02 03:36:50 INFO reduce.MergeManagerImpl: Merged 1 segments, 488756 bytes to disk to satisfy reduce memory limit
26/03/02 03:36:50 INFO reduce.MergeManagerImpl: Merging 1 files, 488760 bytes from disk
26/03/02 03:36:50 INFO reduce.MergeManagerImpl: Merging 0 segments, 0 bytes from memory into reduce
26/03/02 03:36:50 INFO mapred.Merger: Merging 1 sorted segments
26/03/02 03:36:50 INFO mapred.Merger: Down to the last merge-pass, with 1 segments left of total size: 488750 bytes
26/03/02 03:36:50 INFO mapred.LocalJobRunner: 1 / 1 copied.
26/03/02 03:36:50 INFO mapred.Task: Task:attempt_local1497143314_0002_r_000002_0 is done. And is in the process of committing
26/03/02 03:36:50 INFO mapred.LocalJobRunner: 1 / 1 copied.
26/03/02 03:36:50 INFO mapred.Task: Task attempt_local1497143314_0002_r_000002_0 is allowed to commit now
26/03/02 03:36:50 INFO output.FileOutputCommitter: Saved output of task 'attempt_local1497143314_0002_r_000002_0' to hdfs://localhost:9000/project2/task2/runs_report_plus/scale100k_basic/iter_2/_temporary/0/task_local1497143314_0002_r_000002
26/03/02 03:36:50 INFO mapred.LocalJobRunner: reduce > reduce
26/03/02 03:36:50 INFO mapred.Task: Task 'attempt_local1497143314_0002_r_000002_0' done.
26/03/02 03:36:50 INFO mapred.Task: Final Counters for attempt_local1497143314_0002_r_000002_0: Counters: 29
	File System Counters
		FILE: Number of bytes read=19334032
		FILE: Number of bytes written=21191031
		FILE: Number of read operations=0
		FILE: Number of large read operations=0
		FILE: Number of write operations=0
		HDFS: Number of bytes read=14678660
		HDFS: Number of bytes written=1657
		HDFS: Number of read operations=86
		HDFS: Number of large read operations=0
		HDFS: Number of write operations=30
	Map-Reduce Framework
		Combine input records=0
		Combine output records=0
		Reduce input groups=1
		Reduce shuffle bytes=488760
		Reduce input records=9051
		Reduce output records=1
		Spilled Records=9051
		Shuffled Maps =1
		Failed Shuffles=0
		Merged Map outputs=1
		GC time elapsed (ms)=0
		Total committed heap usage (bytes)=427819008
	Shuffle Errors
		BAD_ID=0
		CONNECTION=0
		IO_ERROR=0
		WRONG_LENGTH=0
		WRONG_MAP=0
		WRONG_REDUCE=0
	File Output Format Counters 
		Bytes Written=103
26/03/02 03:36:50 INFO mapred.LocalJobRunner: Finishing task: attempt_local1497143314_0002_r_000002_0
26/03/02 03:36:50 INFO mapred.LocalJobRunner: Starting task: attempt_local1497143314_0002_r_000003_0
26/03/02 03:36:50 INFO output.FileOutputCommitter: File Output Committer Algorithm version is 1
26/03/02 03:36:50 INFO mapred.Task:  Using ResourceCalculatorProcessTree : [ ]
26/03/02 03:36:50 INFO mapred.ReduceTask: Using ShuffleConsumerPlugin: org.apache.hadoop.mapreduce.task.reduce.Shuffle@40ff7510
26/03/02 03:36:50 INFO reduce.MergeManagerImpl: MergerManager: memoryLimit=334338464, maxSingleShuffleLimit=83584616, mergeThreshold=220663392, ioSortFactor=10, memToMemMergeOutputsThreshold=10
26/03/02 03:36:50 INFO reduce.EventFetcher: attempt_local1497143314_0002_r_000003_0 Thread started: EventFetcher for fetching Map Completion Events
26/03/02 03:36:50 INFO reduce.LocalFetcher: localfetcher#8 about to shuffle output of map attempt_local1497143314_0002_m_000000_0 decomp: 1290224 len: 1290228 to MEMORY
26/03/02 03:36:50 INFO reduce.InMemoryMapOutput: Read 1290224 bytes from map-output for attempt_local1497143314_0002_m_000000_0
26/03/02 03:36:50 INFO reduce.MergeManagerImpl: closeInMemoryFile -> map-output of size: 1290224, inMemoryMapOutputs.size() -> 1, commitMemory -> 0, usedMemory ->1290224
26/03/02 03:36:50 INFO reduce.EventFetcher: EventFetcher is interrupted.. Returning
26/03/02 03:36:50 INFO mapred.LocalJobRunner: 1 / 1 copied.
26/03/02 03:36:50 INFO reduce.MergeManagerImpl: finalMerge called with 1 in-memory map-outputs and 0 on-disk map-outputs
26/03/02 03:36:50 INFO mapred.Merger: Merging 1 sorted segments
26/03/02 03:36:50 INFO mapred.Merger: Down to the last merge-pass, with 1 segments left of total size: 1290218 bytes
26/03/02 03:36:50 INFO reduce.MergeManagerImpl: Merged 1 segments, 1290224 bytes to disk to satisfy reduce memory limit
26/03/02 03:36:50 INFO reduce.MergeManagerImpl: Merging 1 files, 1290228 bytes from disk
26/03/02 03:36:50 INFO reduce.MergeManagerImpl: Merging 0 segments, 0 bytes from memory into reduce
26/03/02 03:36:50 INFO mapred.Merger: Merging 1 sorted segments
26/03/02 03:36:50 INFO mapred.Merger: Down to the last merge-pass, with 1 segments left of total size: 1290218 bytes
26/03/02 03:36:50 INFO mapred.LocalJobRunner: 1 / 1 copied.
26/03/02 03:36:50 INFO mapred.Task: Task:attempt_local1497143314_0002_r_000003_0 is done. And is in the process of committing
26/03/02 03:36:50 INFO mapred.LocalJobRunner: 1 / 1 copied.
26/03/02 03:36:50 INFO mapred.Task: Task attempt_local1497143314_0002_r_000003_0 is allowed to commit now
26/03/02 03:36:50 INFO output.FileOutputCommitter: Saved output of task 'attempt_local1497143314_0002_r_000003_0' to hdfs://localhost:9000/project2/task2/runs_report_plus/scale100k_basic/iter_2/_temporary/0/task_local1497143314_0002_r_000003
26/03/02 03:36:50 INFO mapred.LocalJobRunner: reduce > reduce
26/03/02 03:36:50 INFO mapred.Task: Task 'attempt_local1497143314_0002_r_000003_0' done.
26/03/02 03:36:50 INFO mapred.Task: Final Counters for attempt_local1497143314_0002_r_000003_0: Counters: 29
	File System Counters
		FILE: Number of bytes read=21914592
		FILE: Number of bytes written=22481259
		FILE: Number of read operations=0
		FILE: Number of large read operations=0
		FILE: Number of write operations=0
		HDFS: Number of bytes read=14678660
		HDFS: Number of bytes written=1760
		HDFS: Number of read operations=89
		HDFS: Number of large read operations=0
		HDFS: Number of write operations=32
	Map-Reduce Framework
		Combine input records=0
		Combine output records=0
		Reduce input groups=1
		Reduce shuffle bytes=1290228
		Reduce input records=23893
		Reduce output records=1
		Spilled Records=23893
		Shuffled Maps =1
		Failed Shuffles=0
		Merged Map outputs=1
		GC time elapsed (ms)=0
		Total committed heap usage (bytes)=427819008
	Shuffle Errors
		BAD_ID=0
		CONNECTION=0
		IO_ERROR=0
		WRONG_LENGTH=0
		WRONG_MAP=0
		WRONG_REDUCE=0
	File Output Format Counters 
		Bytes Written=103
26/03/02 03:36:50 INFO mapred.LocalJobRunner: Finishing task: attempt_local1497143314_0002_r_000003_0
26/03/02 03:36:50 INFO mapred.LocalJobRunner: reduce task executor complete.
26/03/02 03:36:50 INFO mapreduce.Job: Job job_local1497143314_0002 running in uber mode : false
26/03/02 03:36:50 INFO mapreduce.Job:  map 100% reduce 100%
26/03/02 03:36:50 INFO mapreduce.Job: Job job_local1497143314_0002 completed successfully
26/03/02 03:36:50 INFO mapreduce.Job: Counters: 35
	File System Counters
		FILE: Number of bytes read=88129336
		FILE: Number of bytes written=101697279
		FILE: Number of read operations=0
		FILE: Number of large read operations=0
		FILE: Number of write operations=0
		HDFS: Number of bytes read=73393300
		HDFS: Number of bytes written=7674
		HDFS: Number of read operations=415
		HDFS: Number of large read operations=0
		HDFS: Number of write operations=140
	Map-Reduce Framework
		Map input records=100000
		Map output records=100000
		Map output bytes=5200000
		Map output materialized bytes=5400024
		Input split bytes=123
		Combine input records=0
		Combine output records=0
		Reduce input groups=5
		Reduce shuffle bytes=5400024
		Reduce input records=100000
		Reduce output records=5
		Spilled Records=200000
		Shuffled Maps =4
		Failed Shuffles=0
		Merged Map outputs=4
		GC time elapsed (ms)=179
		Total committed heap usage (bytes)=2139095040
	Shuffle Errors
		BAD_ID=0
		CONNECTION=0
		IO_ERROR=0
		WRONG_LENGTH=0
		WRONG_MAP=0
		WRONG_REDUCE=0
	File Input Format Counters 
		Bytes Read=7337711
	File Output Format Counters 
		Bytes Written=511
26/03/02 03:36:50 INFO jvm.JvmMetrics: Cannot initialize JVM Metrics with processName=JobTracker, sessionId= - already initialized
26/03/02 03:36:50 WARN mapreduce.JobResourceUploader: Hadoop command-line option parsing not performed. Implement the Tool interface and execute your application with ToolRunner to remedy this.
26/03/02 03:36:50 INFO input.FileInputFormat: Total input paths to process : 1
26/03/02 03:36:50 INFO mapreduce.JobSubmitter: number of splits:1
26/03/02 03:36:50 INFO mapreduce.JobSubmitter: Submitting tokens for job: job_local109555066_0003
26/03/02 03:36:51 INFO mapred.LocalDistributedCacheManager: Creating symlink: /tmp/hadoop-ds503/mapred/local/1772422610984/centers_iter_2.csv <- /home/ds503/centers_iter_2.csv
26/03/02 03:36:51 INFO mapred.LocalDistributedCacheManager: Localized hdfs://localhost:9000/project2/task2/runs_report_plus/scale100k_basic/centers_iter_2.csv as file:/tmp/hadoop-ds503/mapred/local/1772422610984/centers_iter_2.csv
26/03/02 03:36:51 INFO mapreduce.Job: The url to track the job: http://localhost:8080/
26/03/02 03:36:51 INFO mapreduce.Job: Running job: job_local109555066_0003
26/03/02 03:36:51 INFO mapred.LocalJobRunner: OutputCommitter set in config null
26/03/02 03:36:51 INFO output.FileOutputCommitter: File Output Committer Algorithm version is 1
26/03/02 03:36:51 INFO mapred.LocalJobRunner: OutputCommitter is org.apache.hadoop.mapreduce.lib.output.FileOutputCommitter
26/03/02 03:36:51 INFO mapred.LocalJobRunner: Waiting for map tasks
26/03/02 03:36:51 INFO mapred.LocalJobRunner: Starting task: attempt_local109555066_0003_m_000000_0
26/03/02 03:36:51 INFO output.FileOutputCommitter: File Output Committer Algorithm version is 1
26/03/02 03:36:51 INFO mapred.Task:  Using ResourceCalculatorProcessTree : [ ]
26/03/02 03:36:51 INFO mapred.MapTask: Processing split: hdfs://localhost:9000/project2/task2/input/points_100k.csv:0+7337711
26/03/02 03:36:51 INFO mapred.MapTask: (EQUATOR) 0 kvi 26214396(104857584)
26/03/02 03:36:51 INFO mapred.MapTask: mapreduce.task.io.sort.mb: 100
26/03/02 03:36:51 INFO mapred.MapTask: soft limit at 83886080
26/03/02 03:36:51 INFO mapred.MapTask: bufstart = 0; bufvoid = 104857600
26/03/02 03:36:51 INFO mapred.MapTask: kvstart = 26214396; length = 6553600
26/03/02 03:36:51 INFO mapred.MapTask: Map output collector class = org.apache.hadoop.mapred.MapTask$MapOutputBuffer
26/03/02 03:36:51 INFO mapred.LocalJobRunner: 
26/03/02 03:36:51 INFO mapred.MapTask: Starting flush of map output
26/03/02 03:36:51 INFO mapred.MapTask: Spilling map output
26/03/02 03:36:51 INFO mapred.MapTask: bufstart = 0; bufend = 5200000; bufvoid = 104857600
26/03/02 03:36:51 INFO mapred.MapTask: kvstart = 26214396(104857584); kvend = 25814400(103257600); length = 399997/6553600
26/03/02 03:36:51 INFO mapred.MapTask: Finished spill 0
26/03/02 03:36:51 INFO mapred.Task: Task:attempt_local109555066_0003_m_000000_0 is done. And is in the process of committing
26/03/02 03:36:51 INFO mapred.LocalJobRunner: map
26/03/02 03:36:51 INFO mapred.Task: Task 'attempt_local109555066_0003_m_000000_0' done.
26/03/02 03:36:51 INFO mapred.Task: Final Counters for attempt_local109555066_0003_m_000000_0: Counters: 22
	File System Counters
		FILE: Number of bytes read=22059148
		FILE: Number of bytes written=28321073
		FILE: Number of read operations=0
		FILE: Number of large read operations=0
		FILE: Number of write operations=0
		HDFS: Number of bytes read=22018517
		HDFS: Number of bytes written=2135
		HDFS: Number of read operations=133
		HDFS: Number of large read operations=0
		HDFS: Number of write operations=42
	Map-Reduce Framework
		Map input records=100000
		Map output records=100000
		Map output bytes=5200000
		Map output materialized bytes=5400024
		Input split bytes=123
		Combine input records=0
		Spilled Records=100000
		Failed Shuffles=0
		Merged Map outputs=0
		GC time elapsed (ms)=30
		Total committed heap usage (bytes)=434110464
	File Input Format Counters 
		Bytes Read=7337711
26/03/02 03:36:51 INFO mapred.LocalJobRunner: Finishing task: attempt_local109555066_0003_m_000000_0
26/03/02 03:36:51 INFO mapred.LocalJobRunner: map task executor complete.
26/03/02 03:36:51 INFO mapred.LocalJobRunner: Waiting for reduce tasks
26/03/02 03:36:51 INFO mapred.LocalJobRunner: Starting task: attempt_local109555066_0003_r_000000_0
26/03/02 03:36:51 INFO output.FileOutputCommitter: File Output Committer Algorithm version is 1
26/03/02 03:36:51 INFO mapred.Task:  Using ResourceCalculatorProcessTree : [ ]
26/03/02 03:36:51 INFO mapred.ReduceTask: Using ShuffleConsumerPlugin: org.apache.hadoop.mapreduce.task.reduce.Shuffle@754935da
26/03/02 03:36:51 INFO reduce.MergeManagerImpl: MergerManager: memoryLimit=334338464, maxSingleShuffleLimit=83584616, mergeThreshold=220663392, ioSortFactor=10, memToMemMergeOutputsThreshold=10
26/03/02 03:36:51 INFO reduce.EventFetcher: attempt_local109555066_0003_r_000000_0 Thread started: EventFetcher for fetching Map Completion Events
26/03/02 03:36:51 INFO reduce.LocalFetcher: localfetcher#9 about to shuffle output of map attempt_local109555066_0003_m_000000_0 decomp: 2820206 len: 2820210 to MEMORY
26/03/02 03:36:51 INFO reduce.InMemoryMapOutput: Read 2820206 bytes from map-output for attempt_local109555066_0003_m_000000_0
26/03/02 03:36:51 INFO reduce.MergeManagerImpl: closeInMemoryFile -> map-output of size: 2820206, inMemoryMapOutputs.size() -> 1, commitMemory -> 0, usedMemory ->2820206
26/03/02 03:36:51 INFO reduce.EventFetcher: EventFetcher is interrupted.. Returning
26/03/02 03:36:51 INFO mapred.LocalJobRunner: 1 / 1 copied.
26/03/02 03:36:51 INFO reduce.MergeManagerImpl: finalMerge called with 1 in-memory map-outputs and 0 on-disk map-outputs
26/03/02 03:36:51 INFO mapred.Merger: Merging 1 sorted segments
26/03/02 03:36:51 INFO mapred.Merger: Down to the last merge-pass, with 1 segments left of total size: 2820200 bytes
26/03/02 03:36:51 INFO reduce.MergeManagerImpl: Merged 1 segments, 2820206 bytes to disk to satisfy reduce memory limit
26/03/02 03:36:51 INFO reduce.MergeManagerImpl: Merging 1 files, 2820210 bytes from disk
26/03/02 03:36:51 INFO reduce.MergeManagerImpl: Merging 0 segments, 0 bytes from memory into reduce
26/03/02 03:36:51 INFO mapred.Merger: Merging 1 sorted segments
26/03/02 03:36:51 INFO mapred.Merger: Down to the last merge-pass, with 1 segments left of total size: 2820200 bytes
26/03/02 03:36:51 INFO mapred.LocalJobRunner: 1 / 1 copied.
26/03/02 03:36:51 INFO mapred.Task: Task:attempt_local109555066_0003_r_000000_0 is done. And is in the process of committing
26/03/02 03:36:51 INFO mapred.LocalJobRunner: 1 / 1 copied.
26/03/02 03:36:51 INFO mapred.Task: Task attempt_local109555066_0003_r_000000_0 is allowed to commit now
26/03/02 03:36:51 INFO output.FileOutputCommitter: Saved output of task 'attempt_local109555066_0003_r_000000_0' to hdfs://localhost:9000/project2/task2/runs_report_plus/scale100k_basic/iter_3/_temporary/0/task_local109555066_0003_r_000000
26/03/02 03:36:51 INFO mapred.LocalJobRunner: reduce > reduce
26/03/02 03:36:51 INFO mapred.Task: Task 'attempt_local109555066_0003_r_000000_0' done.
26/03/02 03:36:51 INFO mapred.Task: Final Counters for attempt_local109555066_0003_r_000000_0: Counters: 29
	File System Counters
		FILE: Number of bytes read=27703764
		FILE: Number of bytes written=31141283
		FILE: Number of read operations=0
		FILE: Number of large read operations=0
		FILE: Number of write operations=0
		HDFS: Number of bytes read=22018517
		HDFS: Number of bytes written=2339
		HDFS: Number of read operations=136
		HDFS: Number of large read operations=0
		HDFS: Number of write operations=44
	Map-Reduce Framework
		Combine input records=0
		Combine output records=0
		Reduce input groups=2
		Reduce shuffle bytes=2820210
		Reduce input records=52226
		Reduce output records=2
		Spilled Records=52226
		Shuffled Maps =1
		Failed Shuffles=0
		Merged Map outputs=1
		GC time elapsed (ms)=0
		Total committed heap usage (bytes)=434110464
	Shuffle Errors
		BAD_ID=0
		CONNECTION=0
		IO_ERROR=0
		WRONG_LENGTH=0
		WRONG_MAP=0
		WRONG_REDUCE=0
	File Output Format Counters 
		Bytes Written=204
26/03/02 03:36:51 INFO mapred.LocalJobRunner: Finishing task: attempt_local109555066_0003_r_000000_0
26/03/02 03:36:51 INFO mapred.LocalJobRunner: Starting task: attempt_local109555066_0003_r_000001_0
26/03/02 03:36:51 INFO output.FileOutputCommitter: File Output Committer Algorithm version is 1
26/03/02 03:36:51 INFO mapred.Task:  Using ResourceCalculatorProcessTree : [ ]
26/03/02 03:36:51 INFO mapred.ReduceTask: Using ShuffleConsumerPlugin: org.apache.hadoop.mapreduce.task.reduce.Shuffle@668da51
26/03/02 03:36:51 INFO reduce.MergeManagerImpl: MergerManager: memoryLimit=334338464, maxSingleShuffleLimit=83584616, mergeThreshold=220663392, ioSortFactor=10, memToMemMergeOutputsThreshold=10
26/03/02 03:36:51 INFO reduce.EventFetcher: attempt_local109555066_0003_r_000001_0 Thread started: EventFetcher for fetching Map Completion Events
26/03/02 03:36:51 INFO reduce.LocalFetcher: localfetcher#10 about to shuffle output of map attempt_local109555066_0003_m_000000_0 decomp: 639956 len: 639960 to MEMORY
26/03/02 03:36:51 INFO reduce.InMemoryMapOutput: Read 639956 bytes from map-output for attempt_local109555066_0003_m_000000_0
26/03/02 03:36:51 INFO reduce.MergeManagerImpl: closeInMemoryFile -> map-output of size: 639956, inMemoryMapOutputs.size() -> 1, commitMemory -> 0, usedMemory ->639956
26/03/02 03:36:51 INFO reduce.EventFetcher: EventFetcher is interrupted.. Returning
26/03/02 03:36:51 INFO mapred.LocalJobRunner: 1 / 1 copied.
26/03/02 03:36:51 INFO reduce.MergeManagerImpl: finalMerge called with 1 in-memory map-outputs and 0 on-disk map-outputs
26/03/02 03:36:51 INFO mapred.Merger: Merging 1 sorted segments
26/03/02 03:36:51 INFO mapred.Merger: Down to the last merge-pass, with 1 segments left of total size: 639950 bytes
26/03/02 03:36:51 INFO reduce.MergeManagerImpl: Merged 1 segments, 639956 bytes to disk to satisfy reduce memory limit
26/03/02 03:36:51 INFO reduce.MergeManagerImpl: Merging 1 files, 639960 bytes from disk
26/03/02 03:36:51 INFO reduce.MergeManagerImpl: Merging 0 segments, 0 bytes from memory into reduce
26/03/02 03:36:51 INFO mapred.Merger: Merging 1 sorted segments
26/03/02 03:36:51 INFO mapred.Merger: Down to the last merge-pass, with 1 segments left of total size: 639950 bytes
26/03/02 03:36:51 INFO mapred.LocalJobRunner: 1 / 1 copied.
26/03/02 03:36:51 INFO mapred.Task: Task:attempt_local109555066_0003_r_000001_0 is done. And is in the process of committing
26/03/02 03:36:51 INFO mapred.LocalJobRunner: 1 / 1 copied.
26/03/02 03:36:51 INFO mapred.Task: Task attempt_local109555066_0003_r_000001_0 is allowed to commit now
26/03/02 03:36:51 INFO output.FileOutputCommitter: Saved output of task 'attempt_local109555066_0003_r_000001_0' to hdfs://localhost:9000/project2/task2/runs_report_plus/scale100k_basic/iter_3/_temporary/0/task_local109555066_0003_r_000001
26/03/02 03:36:51 INFO mapred.LocalJobRunner: reduce > reduce
26/03/02 03:36:51 INFO mapred.Task: Task 'attempt_local109555066_0003_r_000001_0' done.
26/03/02 03:36:51 INFO mapred.Task: Final Counters for attempt_local109555066_0003_r_000001_0: Counters: 29
	File System Counters
		FILE: Number of bytes read=28987880
		FILE: Number of bytes written=31781243
		FILE: Number of read operations=0
		FILE: Number of large read operations=0
		FILE: Number of write operations=0
		HDFS: Number of bytes read=22018517
		HDFS: Number of bytes written=2443
		HDFS: Number of read operations=139
		HDFS: Number of large read operations=0
		HDFS: Number of write operations=46
	Map-Reduce Framework
		Combine input records=0
		Combine output records=0
		Reduce input groups=1
		Reduce shuffle bytes=639960
		Reduce input records=11851
		Reduce output records=1
		Spilled Records=11851
		Shuffled Maps =1
		Failed Shuffles=0
		Merged Map outputs=1
		GC time elapsed (ms)=0
		Total committed heap usage (bytes)=434110464
	Shuffle Errors
		BAD_ID=0
		CONNECTION=0
		IO_ERROR=0
		WRONG_LENGTH=0
		WRONG_MAP=0
		WRONG_REDUCE=0
	File Output Format Counters 
		Bytes Written=104
26/03/02 03:36:51 INFO mapred.LocalJobRunner: Finishing task: attempt_local109555066_0003_r_000001_0
26/03/02 03:36:51 INFO mapred.LocalJobRunner: Starting task: attempt_local109555066_0003_r_000002_0
26/03/02 03:36:51 INFO output.FileOutputCommitter: File Output Committer Algorithm version is 1
26/03/02 03:36:51 INFO mapred.Task:  Using ResourceCalculatorProcessTree : [ ]
26/03/02 03:36:51 INFO mapred.ReduceTask: Using ShuffleConsumerPlugin: org.apache.hadoop.mapreduce.task.reduce.Shuffle@7e72fa8e
26/03/02 03:36:51 INFO reduce.MergeManagerImpl: MergerManager: memoryLimit=334338464, maxSingleShuffleLimit=83584616, mergeThreshold=220663392, ioSortFactor=10, memToMemMergeOutputsThreshold=10
26/03/02 03:36:51 INFO reduce.EventFetcher: attempt_local109555066_0003_r_000002_0 Thread started: EventFetcher for fetching Map Completion Events
26/03/02 03:36:51 INFO reduce.LocalFetcher: localfetcher#11 about to shuffle output of map attempt_local109555066_0003_m_000000_0 decomp: 446690 len: 446694 to MEMORY
26/03/02 03:36:51 INFO reduce.InMemoryMapOutput: Read 446690 bytes from map-output for attempt_local109555066_0003_m_000000_0
26/03/02 03:36:51 INFO reduce.MergeManagerImpl: closeInMemoryFile -> map-output of size: 446690, inMemoryMapOutputs.size() -> 1, commitMemory -> 0, usedMemory ->446690
26/03/02 03:36:51 INFO reduce.EventFetcher: EventFetcher is interrupted.. Returning
26/03/02 03:36:51 INFO mapred.LocalJobRunner: 1 / 1 copied.
26/03/02 03:36:51 INFO reduce.MergeManagerImpl: finalMerge called with 1 in-memory map-outputs and 0 on-disk map-outputs
26/03/02 03:36:51 INFO mapred.Merger: Merging 1 sorted segments
26/03/02 03:36:51 INFO mapred.Merger: Down to the last merge-pass, with 1 segments left of total size: 446684 bytes
26/03/02 03:36:51 INFO reduce.MergeManagerImpl: Merged 1 segments, 446690 bytes to disk to satisfy reduce memory limit
26/03/02 03:36:51 INFO reduce.MergeManagerImpl: Merging 1 files, 446694 bytes from disk
26/03/02 03:36:51 INFO reduce.MergeManagerImpl: Merging 0 segments, 0 bytes from memory into reduce
26/03/02 03:36:51 INFO mapred.Merger: Merging 1 sorted segments
26/03/02 03:36:51 INFO mapred.Merger: Down to the last merge-pass, with 1 segments left of total size: 446684 bytes
26/03/02 03:36:51 INFO mapred.LocalJobRunner: 1 / 1 copied.
26/03/02 03:36:51 INFO mapred.Task: Task:attempt_local109555066_0003_r_000002_0 is done. And is in the process of committing
26/03/02 03:36:51 INFO mapred.LocalJobRunner: 1 / 1 copied.
26/03/02 03:36:51 INFO mapred.Task: Task attempt_local109555066_0003_r_000002_0 is allowed to commit now
26/03/02 03:36:51 INFO output.FileOutputCommitter: Saved output of task 'attempt_local109555066_0003_r_000002_0' to hdfs://localhost:9000/project2/task2/runs_report_plus/scale100k_basic/iter_3/_temporary/0/task_local109555066_0003_r_000002
26/03/02 03:36:51 INFO mapred.LocalJobRunner: reduce > reduce
26/03/02 03:36:51 INFO mapred.Task: Task 'attempt_local109555066_0003_r_000002_0' done.
26/03/02 03:36:51 INFO mapred.Task: Final Counters for attempt_local109555066_0003_r_000002_0: Counters: 29
	File System Counters
		FILE: Number of bytes read=29885464
		FILE: Number of bytes written=32227937
		FILE: Number of read operations=0
		FILE: Number of large read operations=0
		FILE: Number of write operations=0
		HDFS: Number of bytes read=22018517
		HDFS: Number of bytes written=2545
		HDFS: Number of read operations=142
		HDFS: Number of large read operations=0
		HDFS: Number of write operations=48
	Map-Reduce Framework
		Combine input records=0
		Combine output records=0
		Reduce input groups=1
		Reduce shuffle bytes=446694
		Reduce input records=8272
		Reduce output records=1
		Spilled Records=8272
		Shuffled Maps =1
		Failed Shuffles=0
		Merged Map outputs=1
		GC time elapsed (ms)=0
		Total committed heap usage (bytes)=434110464
	Shuffle Errors
		BAD_ID=0
		CONNECTION=0
		IO_ERROR=0
		WRONG_LENGTH=0
		WRONG_MAP=0
		WRONG_REDUCE=0
	File Output Format Counters 
		Bytes Written=102
26/03/02 03:36:51 INFO mapred.LocalJobRunner: Finishing task: attempt_local109555066_0003_r_000002_0
26/03/02 03:36:51 INFO mapred.LocalJobRunner: Starting task: attempt_local109555066_0003_r_000003_0
26/03/02 03:36:51 INFO output.FileOutputCommitter: File Output Committer Algorithm version is 1
26/03/02 03:36:51 INFO mapred.Task:  Using ResourceCalculatorProcessTree : [ ]
26/03/02 03:36:51 INFO mapred.ReduceTask: Using ShuffleConsumerPlugin: org.apache.hadoop.mapreduce.task.reduce.Shuffle@6576951b
26/03/02 03:36:51 INFO reduce.MergeManagerImpl: MergerManager: memoryLimit=334338464, maxSingleShuffleLimit=83584616, mergeThreshold=220663392, ioSortFactor=10, memToMemMergeOutputsThreshold=10
26/03/02 03:36:51 INFO reduce.EventFetcher: attempt_local109555066_0003_r_000003_0 Thread started: EventFetcher for fetching Map Completion Events
26/03/02 03:36:51 INFO reduce.LocalFetcher: localfetcher#12 about to shuffle output of map attempt_local109555066_0003_m_000000_0 decomp: 1493156 len: 1493160 to MEMORY
26/03/02 03:36:51 INFO reduce.InMemoryMapOutput: Read 1493156 bytes from map-output for attempt_local109555066_0003_m_000000_0
26/03/02 03:36:51 INFO reduce.MergeManagerImpl: closeInMemoryFile -> map-output of size: 1493156, inMemoryMapOutputs.size() -> 1, commitMemory -> 0, usedMemory ->1493156
26/03/02 03:36:51 INFO reduce.EventFetcher: EventFetcher is interrupted.. Returning
26/03/02 03:36:51 INFO mapred.LocalJobRunner: 1 / 1 copied.
26/03/02 03:36:51 INFO reduce.MergeManagerImpl: finalMerge called with 1 in-memory map-outputs and 0 on-disk map-outputs
26/03/02 03:36:51 INFO mapred.Merger: Merging 1 sorted segments
26/03/02 03:36:51 INFO mapred.Merger: Down to the last merge-pass, with 1 segments left of total size: 1493150 bytes
26/03/02 03:36:51 INFO reduce.MergeManagerImpl: Merged 1 segments, 1493156 bytes to disk to satisfy reduce memory limit
26/03/02 03:36:51 INFO reduce.MergeManagerImpl: Merging 1 files, 1493160 bytes from disk
26/03/02 03:36:51 INFO reduce.MergeManagerImpl: Merging 0 segments, 0 bytes from memory into reduce
26/03/02 03:36:51 INFO mapred.Merger: Merging 1 sorted segments
26/03/02 03:36:51 INFO mapred.Merger: Down to the last merge-pass, with 1 segments left of total size: 1493150 bytes
26/03/02 03:36:51 INFO mapred.LocalJobRunner: 1 / 1 copied.
26/03/02 03:36:51 INFO mapred.Task: Task:attempt_local109555066_0003_r_000003_0 is done. And is in the process of committing
26/03/02 03:36:51 INFO mapred.LocalJobRunner: 1 / 1 copied.
26/03/02 03:36:51 INFO mapred.Task: Task attempt_local109555066_0003_r_000003_0 is allowed to commit now
26/03/02 03:36:51 INFO output.FileOutputCommitter: Saved output of task 'attempt_local109555066_0003_r_000003_0' to hdfs://localhost:9000/project2/task2/runs_report_plus/scale100k_basic/iter_3/_temporary/0/task_local109555066_0003_r_000003
26/03/02 03:36:51 INFO mapred.LocalJobRunner: reduce > reduce
26/03/02 03:36:51 INFO mapred.Task: Task 'attempt_local109555066_0003_r_000003_0' done.
26/03/02 03:36:51 INFO mapred.Task: Final Counters for attempt_local109555066_0003_r_000003_0: Counters: 29
	File System Counters
		FILE: Number of bytes read=32871888
		FILE: Number of bytes written=33721097
		FILE: Number of read operations=0
		FILE: Number of large read operations=0
		FILE: Number of write operations=0
		HDFS: Number of bytes read=22018517
		HDFS: Number of bytes written=2646
		HDFS: Number of read operations=145
		HDFS: Number of large read operations=0
		HDFS: Number of write operations=50
	Map-Reduce Framework
		Combine input records=0
		Combine output records=0
		Reduce input groups=1
		Reduce shuffle bytes=1493160
		Reduce input records=27651
		Reduce output records=1
		Spilled Records=27651
		Shuffled Maps =1
		Failed Shuffles=0
		Merged Map outputs=1
		GC time elapsed (ms)=0
		Total committed heap usage (bytes)=434110464
	Shuffle Errors
		BAD_ID=0
		CONNECTION=0
		IO_ERROR=0
		WRONG_LENGTH=0
		WRONG_MAP=0
		WRONG_REDUCE=0
	File Output Format Counters 
		Bytes Written=101
26/03/02 03:36:51 INFO mapred.LocalJobRunner: Finishing task: attempt_local109555066_0003_r_000003_0
26/03/02 03:36:51 INFO mapred.LocalJobRunner: reduce task executor complete.
26/03/02 03:36:52 INFO mapreduce.Job: Job job_local109555066_0003 running in uber mode : false
26/03/02 03:36:52 INFO mapreduce.Job:  map 100% reduce 100%
26/03/02 03:36:52 INFO mapreduce.Job: Job job_local109555066_0003 completed successfully
26/03/02 03:36:52 INFO mapreduce.Job: Counters: 35
	File System Counters
		FILE: Number of bytes read=141508144
		FILE: Number of bytes written=157192633
		FILE: Number of read operations=0
		FILE: Number of large read operations=0
		FILE: Number of write operations=0
		HDFS: Number of bytes read=110092585
		HDFS: Number of bytes written=12108
		HDFS: Number of read operations=695
		HDFS: Number of large read operations=0
		HDFS: Number of write operations=230
	Map-Reduce Framework
		Map input records=100000
		Map output records=100000
		Map output bytes=5200000
		Map output materialized bytes=5400024
		Input split bytes=123
		Combine input records=0
		Combine output records=0
		Reduce input groups=5
		Reduce shuffle bytes=5400024
		Reduce input records=100000
		Reduce output records=5
		Spilled Records=200000
		Shuffled Maps =4
		Failed Shuffles=0
		Merged Map outputs=4
		GC time elapsed (ms)=30
		Total committed heap usage (bytes)=2170552320
	Shuffle Errors
		BAD_ID=0
		CONNECTION=0
		IO_ERROR=0
		WRONG_LENGTH=0
		WRONG_MAP=0
		WRONG_REDUCE=0
	File Input Format Counters 
		Bytes Read=7337711
	File Output Format Counters 
		Bytes Written=511
26/03/02 03:36:52 INFO jvm.JvmMetrics: Cannot initialize JVM Metrics with processName=JobTracker, sessionId= - already initialized
26/03/02 03:36:52 WARN mapreduce.JobResourceUploader: Hadoop command-line option parsing not performed. Implement the Tool interface and execute your application with ToolRunner to remedy this.
26/03/02 03:36:52 INFO input.FileInputFormat: Total input paths to process : 1
26/03/02 03:36:52 INFO mapreduce.JobSubmitter: number of splits:1
26/03/02 03:36:52 INFO mapreduce.JobSubmitter: Submitting tokens for job: job_local1370038794_0004
26/03/02 03:36:52 INFO mapred.LocalDistributedCacheManager: Creating symlink: /tmp/hadoop-ds503/mapred/local/1772422612076/centers_iter_3.csv <- /home/ds503/centers_iter_3.csv
26/03/02 03:36:52 INFO mapred.LocalDistributedCacheManager: Localized hdfs://localhost:9000/project2/task2/runs_report_plus/scale100k_basic/centers_iter_3.csv as file:/tmp/hadoop-ds503/mapred/local/1772422612076/centers_iter_3.csv
26/03/02 03:36:52 INFO mapreduce.Job: The url to track the job: http://localhost:8080/
26/03/02 03:36:52 INFO mapreduce.Job: Running job: job_local1370038794_0004
26/03/02 03:36:52 INFO mapred.LocalJobRunner: OutputCommitter set in config null
26/03/02 03:36:52 INFO output.FileOutputCommitter: File Output Committer Algorithm version is 1
26/03/02 03:36:52 INFO mapred.LocalJobRunner: OutputCommitter is org.apache.hadoop.mapreduce.lib.output.FileOutputCommitter
26/03/02 03:36:52 INFO mapred.LocalJobRunner: Waiting for map tasks
26/03/02 03:36:52 INFO mapred.LocalJobRunner: Starting task: attempt_local1370038794_0004_m_000000_0
26/03/02 03:36:52 INFO output.FileOutputCommitter: File Output Committer Algorithm version is 1
26/03/02 03:36:52 INFO mapred.Task:  Using ResourceCalculatorProcessTree : [ ]
26/03/02 03:36:52 INFO mapred.MapTask: Processing split: hdfs://localhost:9000/project2/task2/input/points_100k.csv:0+7337711
26/03/02 03:36:52 INFO mapred.MapTask: (EQUATOR) 0 kvi 26214396(104857584)
26/03/02 03:36:52 INFO mapred.MapTask: mapreduce.task.io.sort.mb: 100
26/03/02 03:36:52 INFO mapred.MapTask: soft limit at 83886080
26/03/02 03:36:52 INFO mapred.MapTask: bufstart = 0; bufvoid = 104857600
26/03/02 03:36:52 INFO mapred.MapTask: kvstart = 26214396; length = 6553600
26/03/02 03:36:52 INFO mapred.MapTask: Map output collector class = org.apache.hadoop.mapred.MapTask$MapOutputBuffer
26/03/02 03:36:52 INFO mapred.LocalJobRunner: 
26/03/02 03:36:52 INFO mapred.MapTask: Starting flush of map output
26/03/02 03:36:52 INFO mapred.MapTask: Spilling map output
26/03/02 03:36:52 INFO mapred.MapTask: bufstart = 0; bufend = 5200000; bufvoid = 104857600
26/03/02 03:36:52 INFO mapred.MapTask: kvstart = 26214396(104857584); kvend = 25814400(103257600); length = 399997/6553600
26/03/02 03:36:52 INFO mapred.MapTask: Finished spill 0
26/03/02 03:36:52 INFO mapred.Task: Task:attempt_local1370038794_0004_m_000000_0 is done. And is in the process of committing
26/03/02 03:36:52 INFO mapred.LocalJobRunner: map
26/03/02 03:36:52 INFO mapred.Task: Task 'attempt_local1370038794_0004_m_000000_0' done.
26/03/02 03:36:52 INFO mapred.Task: Final Counters for attempt_local1370038794_0004_m_000000_0: Counters: 22
	File System Counters
		FILE: Number of bytes read=33016444
		FILE: Number of bytes written=39562499
		FILE: Number of read operations=0
		FILE: Number of large read operations=0
		FILE: Number of write operations=0
		HDFS: Number of bytes read=29358379
		HDFS: Number of bytes written=3023
		HDFS: Number of read operations=189
		HDFS: Number of large read operations=0
		HDFS: Number of write operations=60
	Map-Reduce Framework
		Map input records=100000
		Map output records=100000
		Map output bytes=5200000
		Map output materialized bytes=5400024
		Input split bytes=123
		Combine input records=0
		Spilled Records=100000
		Failed Shuffles=0
		Merged Map outputs=0
		GC time elapsed (ms)=20
		Total committed heap usage (bytes)=436207616
	File Input Format Counters 
		Bytes Read=7337711
26/03/02 03:36:52 INFO mapred.LocalJobRunner: Finishing task: attempt_local1370038794_0004_m_000000_0
26/03/02 03:36:52 INFO mapred.LocalJobRunner: map task executor complete.
26/03/02 03:36:52 INFO mapred.LocalJobRunner: Waiting for reduce tasks
26/03/02 03:36:52 INFO mapred.LocalJobRunner: Starting task: attempt_local1370038794_0004_r_000000_0
26/03/02 03:36:52 INFO output.FileOutputCommitter: File Output Committer Algorithm version is 1
26/03/02 03:36:52 INFO mapred.Task:  Using ResourceCalculatorProcessTree : [ ]
26/03/02 03:36:52 INFO mapred.ReduceTask: Using ShuffleConsumerPlugin: org.apache.hadoop.mapreduce.task.reduce.Shuffle@73dc5fdc
26/03/02 03:36:52 INFO reduce.MergeManagerImpl: MergerManager: memoryLimit=334338464, maxSingleShuffleLimit=83584616, mergeThreshold=220663392, ioSortFactor=10, memToMemMergeOutputsThreshold=10
26/03/02 03:36:52 INFO reduce.EventFetcher: attempt_local1370038794_0004_r_000000_0 Thread started: EventFetcher for fetching Map Completion Events
26/03/02 03:36:52 INFO reduce.LocalFetcher: localfetcher#13 about to shuffle output of map attempt_local1370038794_0004_m_000000_0 decomp: 2661014 len: 2661018 to MEMORY
26/03/02 03:36:52 INFO reduce.InMemoryMapOutput: Read 2661014 bytes from map-output for attempt_local1370038794_0004_m_000000_0
26/03/02 03:36:52 INFO reduce.MergeManagerImpl: closeInMemoryFile -> map-output of size: 2661014, inMemoryMapOutputs.size() -> 1, commitMemory -> 0, usedMemory ->2661014
26/03/02 03:36:52 INFO reduce.EventFetcher: EventFetcher is interrupted.. Returning
26/03/02 03:36:52 INFO mapred.LocalJobRunner: 1 / 1 copied.
26/03/02 03:36:52 INFO reduce.MergeManagerImpl: finalMerge called with 1 in-memory map-outputs and 0 on-disk map-outputs
26/03/02 03:36:52 INFO mapred.Merger: Merging 1 sorted segments
26/03/02 03:36:52 INFO mapred.Merger: Down to the last merge-pass, with 1 segments left of total size: 2661008 bytes
26/03/02 03:36:52 INFO reduce.MergeManagerImpl: Merged 1 segments, 2661014 bytes to disk to satisfy reduce memory limit
26/03/02 03:36:52 INFO reduce.MergeManagerImpl: Merging 1 files, 2661018 bytes from disk
26/03/02 03:36:52 INFO reduce.MergeManagerImpl: Merging 0 segments, 0 bytes from memory into reduce
26/03/02 03:36:52 INFO mapred.Merger: Merging 1 sorted segments
26/03/02 03:36:52 INFO mapred.Merger: Down to the last merge-pass, with 1 segments left of total size: 2661008 bytes
26/03/02 03:36:52 INFO mapred.LocalJobRunner: 1 / 1 copied.
26/03/02 03:36:52 INFO mapred.Task: Task:attempt_local1370038794_0004_r_000000_0 is done. And is in the process of committing
26/03/02 03:36:52 INFO mapred.LocalJobRunner: 1 / 1 copied.
26/03/02 03:36:52 INFO mapred.Task: Task attempt_local1370038794_0004_r_000000_0 is allowed to commit now
26/03/02 03:36:52 INFO output.FileOutputCommitter: Saved output of task 'attempt_local1370038794_0004_r_000000_0' to hdfs://localhost:9000/project2/task2/runs_report_plus/scale100k_basic/iter_4/_temporary/0/task_local1370038794_0004_r_000000
26/03/02 03:36:52 INFO mapred.LocalJobRunner: reduce > reduce
26/03/02 03:36:52 INFO mapred.Task: Task 'attempt_local1370038794_0004_r_000000_0' done.
26/03/02 03:36:52 INFO mapred.Task: Final Counters for attempt_local1370038794_0004_r_000000_0: Counters: 29
	File System Counters
		FILE: Number of bytes read=38342676
		FILE: Number of bytes written=42223517
		FILE: Number of read operations=0
		FILE: Number of large read operations=0
		FILE: Number of write operations=0
		HDFS: Number of bytes read=29358379
		HDFS: Number of bytes written=3229
		HDFS: Number of read operations=192
		HDFS: Number of large read operations=0
		HDFS: Number of write operations=62
	Map-Reduce Framework
		Combine input records=0
		Combine output records=0
		Reduce input groups=2
		Reduce shuffle bytes=2661018
		Reduce input records=49278
		Reduce output records=2
		Spilled Records=49278
		Shuffled Maps =1
		Failed Shuffles=0
		Merged Map outputs=1
		GC time elapsed (ms)=0
		Total committed heap usage (bytes)=436207616
	Shuffle Errors
		BAD_ID=0
		CONNECTION=0
		IO_ERROR=0
		WRONG_LENGTH=0
		WRONG_MAP=0
		WRONG_REDUCE=0
	File Output Format Counters 
		Bytes Written=206
26/03/02 03:36:52 INFO mapred.LocalJobRunner: Finishing task: attempt_local1370038794_0004_r_000000_0
26/03/02 03:36:52 INFO mapred.LocalJobRunner: Starting task: attempt_local1370038794_0004_r_000001_0
26/03/02 03:36:52 INFO output.FileOutputCommitter: File Output Committer Algorithm version is 1
26/03/02 03:36:52 INFO mapred.Task:  Using ResourceCalculatorProcessTree : [ ]
26/03/02 03:36:52 INFO mapred.ReduceTask: Using ShuffleConsumerPlugin: org.apache.hadoop.mapreduce.task.reduce.Shuffle@2d152f0b
26/03/02 03:36:52 INFO reduce.MergeManagerImpl: MergerManager: memoryLimit=334338464, maxSingleShuffleLimit=83584616, mergeThreshold=220663392, ioSortFactor=10, memToMemMergeOutputsThreshold=10
26/03/02 03:36:52 INFO reduce.EventFetcher: attempt_local1370038794_0004_r_000001_0 Thread started: EventFetcher for fetching Map Completion Events
26/03/02 03:36:52 INFO reduce.LocalFetcher: localfetcher#14 about to shuffle output of map attempt_local1370038794_0004_m_000000_0 decomp: 783488 len: 783492 to MEMORY
26/03/02 03:36:52 INFO reduce.InMemoryMapOutput: Read 783488 bytes from map-output for attempt_local1370038794_0004_m_000000_0
26/03/02 03:36:52 INFO reduce.MergeManagerImpl: closeInMemoryFile -> map-output of size: 783488, inMemoryMapOutputs.size() -> 1, commitMemory -> 0, usedMemory ->783488
26/03/02 03:36:52 INFO reduce.EventFetcher: EventFetcher is interrupted.. Returning
26/03/02 03:36:52 INFO mapred.LocalJobRunner: 1 / 1 copied.
26/03/02 03:36:52 INFO reduce.MergeManagerImpl: finalMerge called with 1 in-memory map-outputs and 0 on-disk map-outputs
26/03/02 03:36:52 INFO mapred.Merger: Merging 1 sorted segments
26/03/02 03:36:52 INFO mapred.Merger: Down to the last merge-pass, with 1 segments left of total size: 783482 bytes
26/03/02 03:36:52 INFO reduce.MergeManagerImpl: Merged 1 segments, 783488 bytes to disk to satisfy reduce memory limit
26/03/02 03:36:52 INFO reduce.MergeManagerImpl: Merging 1 files, 783492 bytes from disk
26/03/02 03:36:52 INFO reduce.MergeManagerImpl: Merging 0 segments, 0 bytes from memory into reduce
26/03/02 03:36:52 INFO mapred.Merger: Merging 1 sorted segments
26/03/02 03:36:52 INFO mapred.Merger: Down to the last merge-pass, with 1 segments left of total size: 783482 bytes
26/03/02 03:36:52 INFO mapred.LocalJobRunner: 1 / 1 copied.
26/03/02 03:36:52 INFO mapred.Task: Task:attempt_local1370038794_0004_r_000001_0 is done. And is in the process of committing
26/03/02 03:36:52 INFO mapred.LocalJobRunner: 1 / 1 copied.
26/03/02 03:36:52 INFO mapred.Task: Task attempt_local1370038794_0004_r_000001_0 is allowed to commit now
26/03/02 03:36:52 INFO output.FileOutputCommitter: Saved output of task 'attempt_local1370038794_0004_r_000001_0' to hdfs://localhost:9000/project2/task2/runs_report_plus/scale100k_basic/iter_4/_temporary/0/task_local1370038794_0004_r_000001
26/03/02 03:36:52 INFO mapred.LocalJobRunner: reduce > reduce
26/03/02 03:36:52 INFO mapred.Task: Task 'attempt_local1370038794_0004_r_000001_0' done.
26/03/02 03:36:52 INFO mapred.Task: Final Counters for attempt_local1370038794_0004_r_000001_0: Counters: 29
	File System Counters
		FILE: Number of bytes read=39913856
		FILE: Number of bytes written=43007009
		FILE: Number of read operations=0
		FILE: Number of large read operations=0
		FILE: Number of write operations=0
		HDFS: Number of bytes read=29358379
		HDFS: Number of bytes written=3332
		HDFS: Number of read operations=195
		HDFS: Number of large read operations=0
		HDFS: Number of write operations=64
	Map-Reduce Framework
		Combine input records=0
		Combine output records=0
		Reduce input groups=1
		Reduce shuffle bytes=783492
		Reduce input records=14509
		Reduce output records=1
		Spilled Records=14509
		Shuffled Maps =1
		Failed Shuffles=0
		Merged Map outputs=1
		GC time elapsed (ms)=0
		Total committed heap usage (bytes)=436207616
	Shuffle Errors
		BAD_ID=0
		CONNECTION=0
		IO_ERROR=0
		WRONG_LENGTH=0
		WRONG_MAP=0
		WRONG_REDUCE=0
	File Output Format Counters 
		Bytes Written=103
26/03/02 03:36:52 INFO mapred.LocalJobRunner: Finishing task: attempt_local1370038794_0004_r_000001_0
26/03/02 03:36:52 INFO mapred.LocalJobRunner: Starting task: attempt_local1370038794_0004_r_000002_0
26/03/02 03:36:52 INFO output.FileOutputCommitter: File Output Committer Algorithm version is 1
26/03/02 03:36:52 INFO mapred.Task:  Using ResourceCalculatorProcessTree : [ ]
26/03/02 03:36:52 INFO mapred.ReduceTask: Using ShuffleConsumerPlugin: org.apache.hadoop.mapreduce.task.reduce.Shuffle@55890c2b
26/03/02 03:36:52 INFO reduce.MergeManagerImpl: MergerManager: memoryLimit=334338464, maxSingleShuffleLimit=83584616, mergeThreshold=220663392, ioSortFactor=10, memToMemMergeOutputsThreshold=10
26/03/02 03:36:52 INFO reduce.EventFetcher: attempt_local1370038794_0004_r_000002_0 Thread started: EventFetcher for fetching Map Completion Events
26/03/02 03:36:52 INFO reduce.LocalFetcher: localfetcher#15 about to shuffle output of map attempt_local1370038794_0004_m_000000_0 decomp: 419744 len: 419748 to MEMORY
26/03/02 03:36:52 INFO reduce.InMemoryMapOutput: Read 419744 bytes from map-output for attempt_local1370038794_0004_m_000000_0
26/03/02 03:36:52 INFO reduce.MergeManagerImpl: closeInMemoryFile -> map-output of size: 419744, inMemoryMapOutputs.size() -> 1, commitMemory -> 0, usedMemory ->419744
26/03/02 03:36:52 INFO reduce.EventFetcher: EventFetcher is interrupted.. Returning
26/03/02 03:36:52 INFO mapred.LocalJobRunner: 1 / 1 copied.
26/03/02 03:36:52 INFO reduce.MergeManagerImpl: finalMerge called with 1 in-memory map-outputs and 0 on-disk map-outputs
26/03/02 03:36:52 INFO mapred.Merger: Merging 1 sorted segments
26/03/02 03:36:52 INFO mapred.Merger: Down to the last merge-pass, with 1 segments left of total size: 419738 bytes
26/03/02 03:36:52 INFO reduce.MergeManagerImpl: Merged 1 segments, 419744 bytes to disk to satisfy reduce memory limit
26/03/02 03:36:52 INFO reduce.MergeManagerImpl: Merging 1 files, 419748 bytes from disk
26/03/02 03:36:52 INFO reduce.MergeManagerImpl: Merging 0 segments, 0 bytes from memory into reduce
26/03/02 03:36:52 INFO mapred.Merger: Merging 1 sorted segments
26/03/02 03:36:52 INFO mapred.Merger: Down to the last merge-pass, with 1 segments left of total size: 419738 bytes
26/03/02 03:36:52 INFO mapred.LocalJobRunner: 1 / 1 copied.
26/03/02 03:36:52 INFO mapred.Task: Task:attempt_local1370038794_0004_r_000002_0 is done. And is in the process of committing
26/03/02 03:36:52 INFO mapred.LocalJobRunner: 1 / 1 copied.
26/03/02 03:36:52 INFO mapred.Task: Task attempt_local1370038794_0004_r_000002_0 is allowed to commit now
26/03/02 03:36:52 INFO output.FileOutputCommitter: Saved output of task 'attempt_local1370038794_0004_r_000002_0' to hdfs://localhost:9000/project2/task2/runs_report_plus/scale100k_basic/iter_4/_temporary/0/task_local1370038794_0004_r_000002
26/03/02 03:36:52 INFO mapred.LocalJobRunner: reduce > reduce
26/03/02 03:36:52 INFO mapred.Task: Task 'attempt_local1370038794_0004_r_000002_0' done.
26/03/02 03:36:52 INFO mapred.Task: Final Counters for attempt_local1370038794_0004_r_000002_0: Counters: 29
	File System Counters
		FILE: Number of bytes read=40757548
		FILE: Number of bytes written=43426757
		FILE: Number of read operations=0
		FILE: Number of large read operations=0
		FILE: Number of write operations=0
		HDFS: Number of bytes read=29358379
		HDFS: Number of bytes written=3435
		HDFS: Number of read operations=198
		HDFS: Number of large read operations=0
		HDFS: Number of write operations=66
	Map-Reduce Framework
		Combine input records=0
		Combine output records=0
		Reduce input groups=1
		Reduce shuffle bytes=419748
		Reduce input records=7773
		Reduce output records=1
		Spilled Records=7773
		Shuffled Maps =1
		Failed Shuffles=0
		Merged Map outputs=1
		GC time elapsed (ms)=0
		Total committed heap usage (bytes)=436207616
	Shuffle Errors
		BAD_ID=0
		CONNECTION=0
		IO_ERROR=0
		WRONG_LENGTH=0
		WRONG_MAP=0
		WRONG_REDUCE=0
	File Output Format Counters 
		Bytes Written=103
26/03/02 03:36:52 INFO mapred.LocalJobRunner: Finishing task: attempt_local1370038794_0004_r_000002_0
26/03/02 03:36:52 INFO mapred.LocalJobRunner: Starting task: attempt_local1370038794_0004_r_000003_0
26/03/02 03:36:52 INFO output.FileOutputCommitter: File Output Committer Algorithm version is 1
26/03/02 03:36:52 INFO mapred.Task:  Using ResourceCalculatorProcessTree : [ ]
26/03/02 03:36:52 INFO mapred.ReduceTask: Using ShuffleConsumerPlugin: org.apache.hadoop.mapreduce.task.reduce.Shuffle@53f8533b
26/03/02 03:36:52 INFO reduce.MergeManagerImpl: MergerManager: memoryLimit=334338464, maxSingleShuffleLimit=83584616, mergeThreshold=220663392, ioSortFactor=10, memToMemMergeOutputsThreshold=10
26/03/02 03:36:52 INFO reduce.EventFetcher: attempt_local1370038794_0004_r_000003_0 Thread started: EventFetcher for fetching Map Completion Events
26/03/02 03:36:52 INFO reduce.LocalFetcher: localfetcher#16 about to shuffle output of map attempt_local1370038794_0004_m_000000_0 decomp: 1535762 len: 1535766 to MEMORY
26/03/02 03:36:52 INFO reduce.InMemoryMapOutput: Read 1535762 bytes from map-output for attempt_local1370038794_0004_m_000000_0
26/03/02 03:36:52 INFO reduce.MergeManagerImpl: closeInMemoryFile -> map-output of size: 1535762, inMemoryMapOutputs.size() -> 1, commitMemory -> 0, usedMemory ->1535762
26/03/02 03:36:52 INFO reduce.EventFetcher: EventFetcher is interrupted.. Returning
26/03/02 03:36:52 INFO mapred.LocalJobRunner: 1 / 1 copied.
26/03/02 03:36:52 INFO reduce.MergeManagerImpl: finalMerge called with 1 in-memory map-outputs and 0 on-disk map-outputs
26/03/02 03:36:52 INFO mapred.Merger: Merging 1 sorted segments
26/03/02 03:36:52 INFO mapred.Merger: Down to the last merge-pass, with 1 segments left of total size: 1535756 bytes
26/03/02 03:36:52 INFO reduce.MergeManagerImpl: Merged 1 segments, 1535762 bytes to disk to satisfy reduce memory limit
26/03/02 03:36:52 INFO reduce.MergeManagerImpl: Merging 1 files, 1535766 bytes from disk
26/03/02 03:36:52 INFO reduce.MergeManagerImpl: Merging 0 segments, 0 bytes from memory into reduce
26/03/02 03:36:52 INFO mapred.Merger: Merging 1 sorted segments
26/03/02 03:36:52 INFO mapred.Merger: Down to the last merge-pass, with 1 segments left of total size: 1535756 bytes
26/03/02 03:36:52 INFO mapred.LocalJobRunner: 1 / 1 copied.
26/03/02 03:36:52 INFO mapred.Task: Task:attempt_local1370038794_0004_r_000003_0 is done. And is in the process of committing
26/03/02 03:36:52 INFO mapred.LocalJobRunner: 1 / 1 copied.
26/03/02 03:36:52 INFO mapred.Task: Task attempt_local1370038794_0004_r_000003_0 is allowed to commit now
26/03/02 03:36:52 INFO output.FileOutputCommitter: Saved output of task 'attempt_local1370038794_0004_r_000003_0' to hdfs://localhost:9000/project2/task2/runs_report_plus/scale100k_basic/iter_4/_temporary/0/task_local1370038794_0004_r_000003
26/03/02 03:36:52 INFO mapred.LocalJobRunner: reduce > reduce
26/03/02 03:36:52 INFO mapred.Task: Task 'attempt_local1370038794_0004_r_000003_0' done.
26/03/02 03:36:52 INFO mapred.Task: Final Counters for attempt_local1370038794_0004_r_000003_0: Counters: 29
	File System Counters
		FILE: Number of bytes read=43829184
		FILE: Number of bytes written=44962523
		FILE: Number of read operations=0
		FILE: Number of large read operations=0
		FILE: Number of write operations=0
		HDFS: Number of bytes read=29358379
		HDFS: Number of bytes written=3538
		HDFS: Number of read operations=201
		HDFS: Number of large read operations=0
		HDFS: Number of write operations=68
	Map-Reduce Framework
		Combine input records=0
		Combine output records=0
		Reduce input groups=1
		Reduce shuffle bytes=1535766
		Reduce input records=28440
		Reduce output records=1
		Spilled Records=28440
		Shuffled Maps =1
		Failed Shuffles=0
		Merged Map outputs=1
		GC time elapsed (ms)=0
		Total committed heap usage (bytes)=436207616
	Shuffle Errors
		BAD_ID=0
		CONNECTION=0
		IO_ERROR=0
		WRONG_LENGTH=0
		WRONG_MAP=0
		WRONG_REDUCE=0
	File Output Format Counters 
		Bytes Written=103
26/03/02 03:36:52 INFO mapred.LocalJobRunner: Finishing task: attempt_local1370038794_0004_r_000003_0
26/03/02 03:36:52 INFO mapred.LocalJobRunner: reduce task executor complete.
26/03/02 03:36:53 INFO mapreduce.Job: Job job_local1370038794_0004 running in uber mode : false
26/03/02 03:36:53 INFO mapreduce.Job:  map 100% reduce 100%
26/03/02 03:36:53 INFO mapreduce.Job: Job job_local1370038794_0004 completed successfully
26/03/02 03:36:53 INFO mapreduce.Job: Counters: 35
	File System Counters
		FILE: Number of bytes read=195859708
		FILE: Number of bytes written=213182305
		FILE: Number of read operations=0
		FILE: Number of large read operations=0
		FILE: Number of write operations=0
		HDFS: Number of bytes read=146791895
		HDFS: Number of bytes written=16557
		HDFS: Number of read operations=975
		HDFS: Number of large read operations=0
		HDFS: Number of write operations=320
	Map-Reduce Framework
		Map input records=100000
		Map output records=100000
		Map output bytes=5200000
		Map output materialized bytes=5400024
		Input split bytes=123
		Combine input records=0
		Combine output records=0
		Reduce input groups=5
		Reduce shuffle bytes=5400024
		Reduce input records=100000
		Reduce output records=5
		Spilled Records=200000
		Shuffled Maps =4
		Failed Shuffles=0
		Merged Map outputs=4
		GC time elapsed (ms)=20
		Total committed heap usage (bytes)=2181038080
	Shuffle Errors
		BAD_ID=0
		CONNECTION=0
		IO_ERROR=0
		WRONG_LENGTH=0
		WRONG_MAP=0
		WRONG_REDUCE=0
	File Input Format Counters 
		Bytes Read=7337711
	File Output Format Counters 
		Bytes Written=515
26/03/02 03:36:53 INFO jvm.JvmMetrics: Cannot initialize JVM Metrics with processName=JobTracker, sessionId= - already initialized
26/03/02 03:36:53 WARN mapreduce.JobResourceUploader: Hadoop command-line option parsing not performed. Implement the Tool interface and execute your application with ToolRunner to remedy this.
26/03/02 03:36:53 INFO input.FileInputFormat: Total input paths to process : 1
26/03/02 03:36:53 INFO mapreduce.JobSubmitter: number of splits:1
26/03/02 03:36:53 INFO mapreduce.JobSubmitter: Submitting tokens for job: job_local380067103_0005
26/03/02 03:36:53 INFO mapred.LocalDistributedCacheManager: Creating symlink: /tmp/hadoop-ds503/mapred/local/1772422613176/centers_iter_4.csv <- /home/ds503/centers_iter_4.csv
26/03/02 03:36:53 INFO mapred.LocalDistributedCacheManager: Localized hdfs://localhost:9000/project2/task2/runs_report_plus/scale100k_basic/centers_iter_4.csv as file:/tmp/hadoop-ds503/mapred/local/1772422613176/centers_iter_4.csv
26/03/02 03:36:53 INFO mapreduce.Job: The url to track the job: http://localhost:8080/
26/03/02 03:36:53 INFO mapreduce.Job: Running job: job_local380067103_0005
26/03/02 03:36:53 INFO mapred.LocalJobRunner: OutputCommitter set in config null
26/03/02 03:36:53 INFO output.FileOutputCommitter: File Output Committer Algorithm version is 1
26/03/02 03:36:53 INFO mapred.LocalJobRunner: OutputCommitter is org.apache.hadoop.mapreduce.lib.output.FileOutputCommitter
26/03/02 03:36:53 INFO mapred.LocalJobRunner: Waiting for map tasks
26/03/02 03:36:53 INFO mapred.LocalJobRunner: Starting task: attempt_local380067103_0005_m_000000_0
26/03/02 03:36:53 INFO output.FileOutputCommitter: File Output Committer Algorithm version is 1
26/03/02 03:36:53 INFO mapred.Task:  Using ResourceCalculatorProcessTree : [ ]
26/03/02 03:36:53 INFO mapred.MapTask: Processing split: hdfs://localhost:9000/project2/task2/input/points_100k.csv:0+7337711
26/03/02 03:36:53 INFO mapred.MapTask: (EQUATOR) 0 kvi 26214396(104857584)
26/03/02 03:36:53 INFO mapred.MapTask: mapreduce.task.io.sort.mb: 100
26/03/02 03:36:53 INFO mapred.MapTask: soft limit at 83886080
26/03/02 03:36:53 INFO mapred.MapTask: bufstart = 0; bufvoid = 104857600
26/03/02 03:36:53 INFO mapred.MapTask: kvstart = 26214396; length = 6553600
26/03/02 03:36:53 INFO mapred.MapTask: Map output collector class = org.apache.hadoop.mapred.MapTask$MapOutputBuffer
26/03/02 03:36:53 INFO mapred.LocalJobRunner: 
26/03/02 03:36:53 INFO mapred.MapTask: Starting flush of map output
26/03/02 03:36:53 INFO mapred.MapTask: Spilling map output
26/03/02 03:36:53 INFO mapred.MapTask: bufstart = 0; bufend = 5200000; bufvoid = 104857600
26/03/02 03:36:53 INFO mapred.MapTask: kvstart = 26214396(104857584); kvend = 25814400(103257600); length = 399997/6553600
26/03/02 03:36:53 INFO mapred.MapTask: Finished spill 0
26/03/02 03:36:53 INFO mapred.Task: Task:attempt_local380067103_0005_m_000000_0 is done. And is in the process of committing
26/03/02 03:36:53 INFO mapred.LocalJobRunner: map
26/03/02 03:36:53 INFO mapred.Task: Task 'attempt_local380067103_0005_m_000000_0' done.
26/03/02 03:36:53 INFO mapred.Task: Final Counters for attempt_local380067103_0005_m_000000_0: Counters: 22
	File System Counters
		FILE: Number of bytes read=43973740
		FILE: Number of bytes written=50802342
		FILE: Number of read operations=0
		FILE: Number of large read operations=0
		FILE: Number of write operations=0
		HDFS: Number of bytes read=36698257
		HDFS: Number of bytes written=3918
		HDFS: Number of read operations=245
		HDFS: Number of large read operations=0
		HDFS: Number of write operations=78
	Map-Reduce Framework
		Map input records=100000
		Map output records=100000
		Map output bytes=5200000
		Map output materialized bytes=5400024
		Input split bytes=123
		Combine input records=0
		Spilled Records=100000
		Failed Shuffles=0
		Merged Map outputs=0
		GC time elapsed (ms)=21
		Total committed heap usage (bytes)=436731904
	File Input Format Counters 
		Bytes Read=7337711
26/03/02 03:36:53 INFO mapred.LocalJobRunner: Finishing task: attempt_local380067103_0005_m_000000_0
26/03/02 03:36:53 INFO mapred.LocalJobRunner: map task executor complete.
26/03/02 03:36:53 INFO mapred.LocalJobRunner: Waiting for reduce tasks
26/03/02 03:36:53 INFO mapred.LocalJobRunner: Starting task: attempt_local380067103_0005_r_000000_0
26/03/02 03:36:53 INFO output.FileOutputCommitter: File Output Committer Algorithm version is 1
26/03/02 03:36:53 INFO mapred.Task:  Using ResourceCalculatorProcessTree : [ ]
26/03/02 03:36:53 INFO mapred.ReduceTask: Using ShuffleConsumerPlugin: org.apache.hadoop.mapreduce.task.reduce.Shuffle@51492bd6
26/03/02 03:36:53 INFO reduce.MergeManagerImpl: MergerManager: memoryLimit=334338464, maxSingleShuffleLimit=83584616, mergeThreshold=220663392, ioSortFactor=10, memToMemMergeOutputsThreshold=10
26/03/02 03:36:53 INFO reduce.EventFetcher: attempt_local380067103_0005_r_000000_0 Thread started: EventFetcher for fetching Map Completion Events
26/03/02 03:36:53 INFO reduce.LocalFetcher: localfetcher#17 about to shuffle output of map attempt_local380067103_0005_m_000000_0 decomp: 2571698 len: 2571702 to MEMORY
26/03/02 03:36:53 INFO reduce.InMemoryMapOutput: Read 2571698 bytes from map-output for attempt_local380067103_0005_m_000000_0
26/03/02 03:36:53 INFO reduce.MergeManagerImpl: closeInMemoryFile -> map-output of size: 2571698, inMemoryMapOutputs.size() -> 1, commitMemory -> 0, usedMemory ->2571698
26/03/02 03:36:53 INFO reduce.EventFetcher: EventFetcher is interrupted.. Returning
26/03/02 03:36:53 INFO mapred.LocalJobRunner: 1 / 1 copied.
26/03/02 03:36:53 INFO reduce.MergeManagerImpl: finalMerge called with 1 in-memory map-outputs and 0 on-disk map-outputs
26/03/02 03:36:53 INFO mapred.Merger: Merging 1 sorted segments
26/03/02 03:36:53 INFO mapred.Merger: Down to the last merge-pass, with 1 segments left of total size: 2571692 bytes
26/03/02 03:36:53 INFO reduce.MergeManagerImpl: Merged 1 segments, 2571698 bytes to disk to satisfy reduce memory limit
26/03/02 03:36:53 INFO reduce.MergeManagerImpl: Merging 1 files, 2571702 bytes from disk
26/03/02 03:36:53 INFO reduce.MergeManagerImpl: Merging 0 segments, 0 bytes from memory into reduce
26/03/02 03:36:53 INFO mapred.Merger: Merging 1 sorted segments
26/03/02 03:36:53 INFO mapred.Merger: Down to the last merge-pass, with 1 segments left of total size: 2571692 bytes
26/03/02 03:36:53 INFO mapred.LocalJobRunner: 1 / 1 copied.
26/03/02 03:36:53 INFO mapred.Task: Task:attempt_local380067103_0005_r_000000_0 is done. And is in the process of committing
26/03/02 03:36:53 INFO mapred.LocalJobRunner: 1 / 1 copied.
26/03/02 03:36:53 INFO mapred.Task: Task attempt_local380067103_0005_r_000000_0 is allowed to commit now
26/03/02 03:36:53 INFO output.FileOutputCommitter: Saved output of task 'attempt_local380067103_0005_r_000000_0' to hdfs://localhost:9000/project2/task2/runs_report_plus/scale100k_basic/iter_5/_temporary/0/task_local380067103_0005_r_000000
26/03/02 03:36:53 INFO mapred.LocalJobRunner: reduce > reduce
26/03/02 03:36:53 INFO mapred.Task: Task 'attempt_local380067103_0005_r_000000_0' done.
26/03/02 03:36:53 INFO mapred.Task: Final Counters for attempt_local380067103_0005_r_000000_0: Counters: 29
	File System Counters
		FILE: Number of bytes read=49121340
		FILE: Number of bytes written=53374044
		FILE: Number of read operations=0
		FILE: Number of large read operations=0
		FILE: Number of write operations=0
		HDFS: Number of bytes read=36698257
		HDFS: Number of bytes written=4122
		HDFS: Number of read operations=248
		HDFS: Number of large read operations=0
		HDFS: Number of write operations=80
	Map-Reduce Framework
		Combine input records=0
		Combine output records=0
		Reduce input groups=2
		Reduce shuffle bytes=2571702
		Reduce input records=47624
		Reduce output records=2
		Spilled Records=47624
		Shuffled Maps =1
		Failed Shuffles=0
		Merged Map outputs=1
		GC time elapsed (ms)=0
		Total committed heap usage (bytes)=436731904
	Shuffle Errors
		BAD_ID=0
		CONNECTION=0
		IO_ERROR=0
		WRONG_LENGTH=0
		WRONG_MAP=0
		WRONG_REDUCE=0
	File Output Format Counters 
		Bytes Written=204
26/03/02 03:36:53 INFO mapred.LocalJobRunner: Finishing task: attempt_local380067103_0005_r_000000_0
26/03/02 03:36:53 INFO mapred.LocalJobRunner: Starting task: attempt_local380067103_0005_r_000001_0
26/03/02 03:36:53 INFO output.FileOutputCommitter: File Output Committer Algorithm version is 1
26/03/02 03:36:53 INFO mapred.Task:  Using ResourceCalculatorProcessTree : [ ]
26/03/02 03:36:53 INFO mapred.ReduceTask: Using ShuffleConsumerPlugin: org.apache.hadoop.mapreduce.task.reduce.Shuffle@63c4a2f
26/03/02 03:36:53 INFO reduce.MergeManagerImpl: MergerManager: memoryLimit=334338464, maxSingleShuffleLimit=83584616, mergeThreshold=220663392, ioSortFactor=10, memToMemMergeOutputsThreshold=10
26/03/02 03:36:53 INFO reduce.EventFetcher: attempt_local380067103_0005_r_000001_0 Thread started: EventFetcher for fetching Map Completion Events
26/03/02 03:36:53 INFO reduce.LocalFetcher: localfetcher#18 about to shuffle output of map attempt_local380067103_0005_m_000000_0 decomp: 889274 len: 889278 to MEMORY
26/03/02 03:36:53 INFO reduce.InMemoryMapOutput: Read 889274 bytes from map-output for attempt_local380067103_0005_m_000000_0
26/03/02 03:36:53 INFO reduce.MergeManagerImpl: closeInMemoryFile -> map-output of size: 889274, inMemoryMapOutputs.size() -> 1, commitMemory -> 0, usedMemory ->889274
26/03/02 03:36:53 INFO reduce.EventFetcher: EventFetcher is interrupted.. Returning
26/03/02 03:36:53 INFO mapred.LocalJobRunner: 1 / 1 copied.
26/03/02 03:36:53 INFO reduce.MergeManagerImpl: finalMerge called with 1 in-memory map-outputs and 0 on-disk map-outputs
26/03/02 03:36:53 INFO mapred.Merger: Merging 1 sorted segments
26/03/02 03:36:53 INFO mapred.Merger: Down to the last merge-pass, with 1 segments left of total size: 889268 bytes
26/03/02 03:36:53 INFO reduce.MergeManagerImpl: Merged 1 segments, 889274 bytes to disk to satisfy reduce memory limit
26/03/02 03:36:53 INFO reduce.MergeManagerImpl: Merging 1 files, 889278 bytes from disk
26/03/02 03:36:53 INFO reduce.MergeManagerImpl: Merging 0 segments, 0 bytes from memory into reduce
26/03/02 03:36:53 INFO mapred.Merger: Merging 1 sorted segments
26/03/02 03:36:53 INFO mapred.Merger: Down to the last merge-pass, with 1 segments left of total size: 889268 bytes
26/03/02 03:36:53 INFO mapred.LocalJobRunner: 1 / 1 copied.
26/03/02 03:36:53 INFO mapred.Task: Task:attempt_local380067103_0005_r_000001_0 is done. And is in the process of committing
26/03/02 03:36:53 INFO mapred.LocalJobRunner: 1 / 1 copied.
26/03/02 03:36:53 INFO mapred.Task: Task attempt_local380067103_0005_r_000001_0 is allowed to commit now
26/03/02 03:36:53 INFO output.FileOutputCommitter: Saved output of task 'attempt_local380067103_0005_r_000001_0' to hdfs://localhost:9000/project2/task2/runs_report_plus/scale100k_basic/iter_5/_temporary/0/task_local380067103_0005_r_000001
26/03/02 03:36:53 INFO mapred.LocalJobRunner: reduce > reduce
26/03/02 03:36:53 INFO mapred.Task: Task 'attempt_local380067103_0005_r_000001_0' done.
26/03/02 03:36:53 INFO mapred.Task: Final Counters for attempt_local380067103_0005_r_000001_0: Counters: 29
	File System Counters
		FILE: Number of bytes read=50904092
		FILE: Number of bytes written=54263322
		FILE: Number of read operations=0
		FILE: Number of large read operations=0
		FILE: Number of write operations=0
		HDFS: Number of bytes read=36698257
		HDFS: Number of bytes written=4224
		HDFS: Number of read operations=251
		HDFS: Number of large read operations=0
		HDFS: Number of write operations=82
	Map-Reduce Framework
		Combine input records=0
		Combine output records=0
		Reduce input groups=1
		Reduce shuffle bytes=889278
		Reduce input records=16468
		Reduce output records=1
		Spilled Records=16468
		Shuffled Maps =1
		Failed Shuffles=0
		Merged Map outputs=1
		GC time elapsed (ms)=0
		Total committed heap usage (bytes)=436731904
	Shuffle Errors
		BAD_ID=0
		CONNECTION=0
		IO_ERROR=0
		WRONG_LENGTH=0
		WRONG_MAP=0
		WRONG_REDUCE=0
	File Output Format Counters 
		Bytes Written=102
26/03/02 03:36:53 INFO mapred.LocalJobRunner: Finishing task: attempt_local380067103_0005_r_000001_0
26/03/02 03:36:53 INFO mapred.LocalJobRunner: Starting task: attempt_local380067103_0005_r_000002_0
26/03/02 03:36:53 INFO output.FileOutputCommitter: File Output Committer Algorithm version is 1
26/03/02 03:36:53 INFO mapred.Task:  Using ResourceCalculatorProcessTree : [ ]
26/03/02 03:36:53 INFO mapred.ReduceTask: Using ShuffleConsumerPlugin: org.apache.hadoop.mapreduce.task.reduce.Shuffle@7e82cefa
26/03/02 03:36:53 INFO reduce.MergeManagerImpl: MergerManager: memoryLimit=334338464, maxSingleShuffleLimit=83584616, mergeThreshold=220663392, ioSortFactor=10, memToMemMergeOutputsThreshold=10
26/03/02 03:36:53 INFO reduce.EventFetcher: attempt_local380067103_0005_r_000002_0 Thread started: EventFetcher for fetching Map Completion Events
26/03/02 03:36:53 INFO reduce.LocalFetcher: localfetcher#19 about to shuffle output of map attempt_local380067103_0005_m_000000_0 decomp: 416774 len: 416778 to MEMORY
26/03/02 03:36:53 INFO reduce.InMemoryMapOutput: Read 416774 bytes from map-output for attempt_local380067103_0005_m_000000_0
26/03/02 03:36:53 INFO reduce.MergeManagerImpl: closeInMemoryFile -> map-output of size: 416774, inMemoryMapOutputs.size() -> 1, commitMemory -> 0, usedMemory ->416774
26/03/02 03:36:53 INFO reduce.EventFetcher: EventFetcher is interrupted.. Returning
26/03/02 03:36:53 INFO mapred.LocalJobRunner: 1 / 1 copied.
26/03/02 03:36:53 INFO reduce.MergeManagerImpl: finalMerge called with 1 in-memory map-outputs and 0 on-disk map-outputs
26/03/02 03:36:53 INFO mapred.Merger: Merging 1 sorted segments
26/03/02 03:36:53 INFO mapred.Merger: Down to the last merge-pass, with 1 segments left of total size: 416768 bytes
26/03/02 03:36:53 INFO reduce.MergeManagerImpl: Merged 1 segments, 416774 bytes to disk to satisfy reduce memory limit
26/03/02 03:36:53 INFO reduce.MergeManagerImpl: Merging 1 files, 416778 bytes from disk
26/03/02 03:36:53 INFO reduce.MergeManagerImpl: Merging 0 segments, 0 bytes from memory into reduce
26/03/02 03:36:53 INFO mapred.Merger: Merging 1 sorted segments
26/03/02 03:36:53 INFO mapred.Merger: Down to the last merge-pass, with 1 segments left of total size: 416768 bytes
26/03/02 03:36:53 INFO mapred.LocalJobRunner: 1 / 1 copied.
26/03/02 03:36:53 INFO mapred.Task: Task:attempt_local380067103_0005_r_000002_0 is done. And is in the process of committing
26/03/02 03:36:53 INFO mapred.LocalJobRunner: 1 / 1 copied.
26/03/02 03:36:53 INFO mapred.Task: Task attempt_local380067103_0005_r_000002_0 is allowed to commit now
26/03/02 03:36:53 INFO output.FileOutputCommitter: Saved output of task 'attempt_local380067103_0005_r_000002_0' to hdfs://localhost:9000/project2/task2/runs_report_plus/scale100k_basic/iter_5/_temporary/0/task_local380067103_0005_r_000002
26/03/02 03:36:53 INFO mapred.LocalJobRunner: reduce > reduce
26/03/02 03:36:53 INFO mapred.Task: Task 'attempt_local380067103_0005_r_000002_0' done.
26/03/02 03:36:53 INFO mapred.Task: Final Counters for attempt_local380067103_0005_r_000002_0: Counters: 29
	File System Counters
		FILE: Number of bytes read=51741844
		FILE: Number of bytes written=54680100
		FILE: Number of read operations=0
		FILE: Number of large read operations=0
		FILE: Number of write operations=0
		HDFS: Number of bytes read=36698257
		HDFS: Number of bytes written=4327
		HDFS: Number of read operations=254
		HDFS: Number of large read operations=0
		HDFS: Number of write operations=84
	Map-Reduce Framework
		Combine input records=0
		Combine output records=0
		Reduce input groups=1
		Reduce shuffle bytes=416778
		Reduce input records=7718
		Reduce output records=1
		Spilled Records=7718
		Shuffled Maps =1
		Failed Shuffles=0
		Merged Map outputs=1
		GC time elapsed (ms)=0
		Total committed heap usage (bytes)=436731904
	Shuffle Errors
		BAD_ID=0
		CONNECTION=0
		IO_ERROR=0
		WRONG_LENGTH=0
		WRONG_MAP=0
		WRONG_REDUCE=0
	File Output Format Counters 
		Bytes Written=103
26/03/02 03:36:53 INFO mapred.LocalJobRunner: Finishing task: attempt_local380067103_0005_r_000002_0
26/03/02 03:36:53 INFO mapred.LocalJobRunner: Starting task: attempt_local380067103_0005_r_000003_0
26/03/02 03:36:53 INFO output.FileOutputCommitter: File Output Committer Algorithm version is 1
26/03/02 03:36:53 INFO mapred.Task:  Using ResourceCalculatorProcessTree : [ ]
26/03/02 03:36:53 INFO mapred.ReduceTask: Using ShuffleConsumerPlugin: org.apache.hadoop.mapreduce.task.reduce.Shuffle@1a957a35
26/03/02 03:36:53 INFO reduce.MergeManagerImpl: MergerManager: memoryLimit=334338464, maxSingleShuffleLimit=83584616, mergeThreshold=220663392, ioSortFactor=10, memToMemMergeOutputsThreshold=10
26/03/02 03:36:53 INFO reduce.EventFetcher: attempt_local380067103_0005_r_000003_0 Thread started: EventFetcher for fetching Map Completion Events
26/03/02 03:36:53 INFO reduce.LocalFetcher: localfetcher#20 about to shuffle output of map attempt_local380067103_0005_m_000000_0 decomp: 1522262 len: 1522266 to MEMORY
26/03/02 03:36:53 INFO reduce.InMemoryMapOutput: Read 1522262 bytes from map-output for attempt_local380067103_0005_m_000000_0
26/03/02 03:36:53 INFO reduce.MergeManagerImpl: closeInMemoryFile -> map-output of size: 1522262, inMemoryMapOutputs.size() -> 1, commitMemory -> 0, usedMemory ->1522262
26/03/02 03:36:53 INFO reduce.EventFetcher: EventFetcher is interrupted.. Returning
26/03/02 03:36:53 INFO mapred.LocalJobRunner: 1 / 1 copied.
26/03/02 03:36:53 INFO reduce.MergeManagerImpl: finalMerge called with 1 in-memory map-outputs and 0 on-disk map-outputs
26/03/02 03:36:53 INFO mapred.Merger: Merging 1 sorted segments
26/03/02 03:36:53 INFO mapred.Merger: Down to the last merge-pass, with 1 segments left of total size: 1522256 bytes
26/03/02 03:36:53 INFO reduce.MergeManagerImpl: Merged 1 segments, 1522262 bytes to disk to satisfy reduce memory limit
26/03/02 03:36:53 INFO reduce.MergeManagerImpl: Merging 1 files, 1522266 bytes from disk
26/03/02 03:36:53 INFO reduce.MergeManagerImpl: Merging 0 segments, 0 bytes from memory into reduce
26/03/02 03:36:53 INFO mapred.Merger: Merging 1 sorted segments
26/03/02 03:36:53 INFO mapred.Merger: Down to the last merge-pass, with 1 segments left of total size: 1522256 bytes
26/03/02 03:36:53 INFO mapred.LocalJobRunner: 1 / 1 copied.
26/03/02 03:36:53 INFO mapred.Task: Task:attempt_local380067103_0005_r_000003_0 is done. And is in the process of committing
26/03/02 03:36:53 INFO mapred.LocalJobRunner: 1 / 1 copied.
26/03/02 03:36:53 INFO mapred.Task: Task attempt_local380067103_0005_r_000003_0 is allowed to commit now
26/03/02 03:36:53 INFO output.FileOutputCommitter: Saved output of task 'attempt_local380067103_0005_r_000003_0' to hdfs://localhost:9000/project2/task2/runs_report_plus/scale100k_basic/iter_5/_temporary/0/task_local380067103_0005_r_000003
26/03/02 03:36:53 INFO mapred.LocalJobRunner: reduce > reduce
26/03/02 03:36:53 INFO mapred.Task: Task 'attempt_local380067103_0005_r_000003_0' done.
26/03/02 03:36:53 INFO mapred.Task: Final Counters for attempt_local380067103_0005_r_000003_0: Counters: 29
	File System Counters
		FILE: Number of bytes read=54786480
		FILE: Number of bytes written=56202366
		FILE: Number of read operations=0
		FILE: Number of large read operations=0
		FILE: Number of write operations=0
		HDFS: Number of bytes read=36698257
		HDFS: Number of bytes written=4430
		HDFS: Number of read operations=257
		HDFS: Number of large read operations=0
		HDFS: Number of write operations=86
	Map-Reduce Framework
		Combine input records=0
		Combine output records=0
		Reduce input groups=1
		Reduce shuffle bytes=1522266
		Reduce input records=28190
		Reduce output records=1
		Spilled Records=28190
		Shuffled Maps =1
		Failed Shuffles=0
		Merged Map outputs=1
		GC time elapsed (ms)=0
		Total committed heap usage (bytes)=436731904
	Shuffle Errors
		BAD_ID=0
		CONNECTION=0
		IO_ERROR=0
		WRONG_LENGTH=0
		WRONG_MAP=0
		WRONG_REDUCE=0
	File Output Format Counters 
		Bytes Written=103
26/03/02 03:36:53 INFO mapred.LocalJobRunner: Finishing task: attempt_local380067103_0005_r_000003_0
26/03/02 03:36:53 INFO mapred.LocalJobRunner: reduce task executor complete.
26/03/02 03:36:54 INFO mapreduce.Job: Job job_local380067103_0005 running in uber mode : false
26/03/02 03:36:54 INFO mapreduce.Job:  map 100% reduce 100%
26/03/02 03:36:54 INFO mapreduce.Job: Job job_local380067103_0005 completed successfully
26/03/02 03:36:54 INFO mapreduce.Job: Counters: 35
	File System Counters
		FILE: Number of bytes read=250527496
		FILE: Number of bytes written=269322174
		FILE: Number of read operations=0
		FILE: Number of large read operations=0
		FILE: Number of write operations=0
		HDFS: Number of bytes read=183491285
		HDFS: Number of bytes written=21021
		HDFS: Number of read operations=1255
		HDFS: Number of large read operations=0
		HDFS: Number of write operations=410
	Map-Reduce Framework
		Map input records=100000
		Map output records=100000
		Map output bytes=5200000
		Map output materialized bytes=5400024
		Input split bytes=123
		Combine input records=0
		Combine output records=0
		Reduce input groups=5
		Reduce shuffle bytes=5400024
		Reduce input records=100000
		Reduce output records=5
		Spilled Records=200000
		Shuffled Maps =4
		Failed Shuffles=0
		Merged Map outputs=4
		GC time elapsed (ms)=21
		Total committed heap usage (bytes)=2183659520
	Shuffle Errors
		BAD_ID=0
		CONNECTION=0
		IO_ERROR=0
		WRONG_LENGTH=0
		WRONG_MAP=0
		WRONG_REDUCE=0
	File Input Format Counters 
		Bytes Read=7337711
	File Output Format Counters 
		Bytes Written=512
26/03/02 03:36:54 INFO jvm.JvmMetrics: Cannot initialize JVM Metrics with processName=JobTracker, sessionId= - already initialized
26/03/02 03:36:54 WARN mapreduce.JobResourceUploader: Hadoop command-line option parsing not performed. Implement the Tool interface and execute your application with ToolRunner to remedy this.
26/03/02 03:36:54 INFO input.FileInputFormat: Total input paths to process : 1
26/03/02 03:36:54 INFO mapreduce.JobSubmitter: number of splits:1
26/03/02 03:36:54 INFO mapreduce.JobSubmitter: Submitting tokens for job: job_local2118951298_0006
26/03/02 03:36:54 INFO mapred.LocalDistributedCacheManager: Creating symlink: /tmp/hadoop-ds503/mapred/local/1772422614269/centers_iter_5.csv <- /home/ds503/centers_iter_5.csv
26/03/02 03:36:54 INFO mapred.LocalDistributedCacheManager: Localized hdfs://localhost:9000/project2/task2/runs_report_plus/scale100k_basic/centers_iter_5.csv as file:/tmp/hadoop-ds503/mapred/local/1772422614269/centers_iter_5.csv
26/03/02 03:36:54 INFO mapreduce.Job: The url to track the job: http://localhost:8080/
26/03/02 03:36:54 INFO mapreduce.Job: Running job: job_local2118951298_0006
26/03/02 03:36:54 INFO mapred.LocalJobRunner: OutputCommitter set in config null
26/03/02 03:36:54 INFO output.FileOutputCommitter: File Output Committer Algorithm version is 1
26/03/02 03:36:54 INFO mapred.LocalJobRunner: OutputCommitter is org.apache.hadoop.mapreduce.lib.output.FileOutputCommitter
26/03/02 03:36:54 INFO mapred.LocalJobRunner: Waiting for map tasks
26/03/02 03:36:54 INFO mapred.LocalJobRunner: Starting task: attempt_local2118951298_0006_m_000000_0
26/03/02 03:36:54 INFO output.FileOutputCommitter: File Output Committer Algorithm version is 1
26/03/02 03:36:54 INFO mapred.Task:  Using ResourceCalculatorProcessTree : [ ]
26/03/02 03:36:54 INFO mapred.MapTask: Processing split: hdfs://localhost:9000/project2/task2/input/points_100k.csv:0+7337711
26/03/02 03:36:54 INFO mapred.MapTask: (EQUATOR) 0 kvi 26214396(104857584)
26/03/02 03:36:54 INFO mapred.MapTask: mapreduce.task.io.sort.mb: 100
26/03/02 03:36:54 INFO mapred.MapTask: soft limit at 83886080
26/03/02 03:36:54 INFO mapred.MapTask: bufstart = 0; bufvoid = 104857600
26/03/02 03:36:54 INFO mapred.MapTask: kvstart = 26214396; length = 6553600
26/03/02 03:36:54 INFO mapred.MapTask: Map output collector class = org.apache.hadoop.mapred.MapTask$MapOutputBuffer
26/03/02 03:36:54 INFO mapred.LocalJobRunner: 
26/03/02 03:36:54 INFO mapred.MapTask: Starting flush of map output
26/03/02 03:36:54 INFO mapred.MapTask: Spilling map output
26/03/02 03:36:54 INFO mapred.MapTask: bufstart = 0; bufend = 5200000; bufvoid = 104857600
26/03/02 03:36:54 INFO mapred.MapTask: kvstart = 26214396(104857584); kvend = 25814400(103257600); length = 399997/6553600
26/03/02 03:36:54 INFO mapred.MapTask: Finished spill 0
26/03/02 03:36:54 INFO mapred.Task: Task:attempt_local2118951298_0006_m_000000_0 is done. And is in the process of committing
26/03/02 03:36:54 INFO mapred.LocalJobRunner: map
26/03/02 03:36:54 INFO mapred.Task: Task 'attempt_local2118951298_0006_m_000000_0' done.
26/03/02 03:36:54 INFO mapred.Task: Final Counters for attempt_local2118951298_0006_m_000000_0: Counters: 22
	File System Counters
		FILE: Number of bytes read=54931036
		FILE: Number of bytes written=62043767
		FILE: Number of read operations=0
		FILE: Number of large read operations=0
		FILE: Number of write operations=0
		HDFS: Number of bytes read=44038124
		HDFS: Number of bytes written=4806
		HDFS: Number of read operations=301
		HDFS: Number of large read operations=0
		HDFS: Number of write operations=96
	Map-Reduce Framework
		Map input records=100000
		Map output records=100000
		Map output bytes=5200000
		Map output materialized bytes=5400024
		Input split bytes=123
		Combine input records=0
		Spilled Records=100000
		Failed Shuffles=0
		Merged Map outputs=0
		GC time elapsed (ms)=22
		Total committed heap usage (bytes)=438829056
	File Input Format Counters 
		Bytes Read=7337711
26/03/02 03:36:54 INFO mapred.LocalJobRunner: Finishing task: attempt_local2118951298_0006_m_000000_0
26/03/02 03:36:54 INFO mapred.LocalJobRunner: map task executor complete.
26/03/02 03:36:54 INFO mapred.LocalJobRunner: Waiting for reduce tasks
26/03/02 03:36:54 INFO mapred.LocalJobRunner: Starting task: attempt_local2118951298_0006_r_000000_0
26/03/02 03:36:54 INFO output.FileOutputCommitter: File Output Committer Algorithm version is 1
26/03/02 03:36:54 INFO mapred.Task:  Using ResourceCalculatorProcessTree : [ ]
26/03/02 03:36:54 INFO mapred.ReduceTask: Using ShuffleConsumerPlugin: org.apache.hadoop.mapreduce.task.reduce.Shuffle@415ede3e
26/03/02 03:36:54 INFO reduce.MergeManagerImpl: MergerManager: memoryLimit=334338464, maxSingleShuffleLimit=83584616, mergeThreshold=220663392, ioSortFactor=10, memToMemMergeOutputsThreshold=10
26/03/02 03:36:54 INFO reduce.EventFetcher: attempt_local2118951298_0006_r_000000_0 Thread started: EventFetcher for fetching Map Completion Events
26/03/02 03:36:54 INFO reduce.LocalFetcher: localfetcher#21 about to shuffle output of map attempt_local2118951298_0006_m_000000_0 decomp: 2503982 len: 2503986 to MEMORY
26/03/02 03:36:54 INFO reduce.InMemoryMapOutput: Read 2503982 bytes from map-output for attempt_local2118951298_0006_m_000000_0
26/03/02 03:36:54 INFO reduce.MergeManagerImpl: closeInMemoryFile -> map-output of size: 2503982, inMemoryMapOutputs.size() -> 1, commitMemory -> 0, usedMemory ->2503982
26/03/02 03:36:54 INFO reduce.EventFetcher: EventFetcher is interrupted.. Returning
26/03/02 03:36:54 INFO mapred.LocalJobRunner: 1 / 1 copied.
26/03/02 03:36:54 INFO reduce.MergeManagerImpl: finalMerge called with 1 in-memory map-outputs and 0 on-disk map-outputs
26/03/02 03:36:54 INFO mapred.Merger: Merging 1 sorted segments
26/03/02 03:36:54 INFO mapred.Merger: Down to the last merge-pass, with 1 segments left of total size: 2503976 bytes
26/03/02 03:36:54 INFO reduce.MergeManagerImpl: Merged 1 segments, 2503982 bytes to disk to satisfy reduce memory limit
26/03/02 03:36:54 INFO reduce.MergeManagerImpl: Merging 1 files, 2503986 bytes from disk
26/03/02 03:36:54 INFO reduce.MergeManagerImpl: Merging 0 segments, 0 bytes from memory into reduce
26/03/02 03:36:54 INFO mapred.Merger: Merging 1 sorted segments
26/03/02 03:36:54 INFO mapred.Merger: Down to the last merge-pass, with 1 segments left of total size: 2503976 bytes
26/03/02 03:36:54 INFO mapred.LocalJobRunner: 1 / 1 copied.
26/03/02 03:36:54 INFO mapred.Task: Task:attempt_local2118951298_0006_r_000000_0 is done. And is in the process of committing
26/03/02 03:36:54 INFO mapred.LocalJobRunner: 1 / 1 copied.
26/03/02 03:36:54 INFO mapred.Task: Task attempt_local2118951298_0006_r_000000_0 is allowed to commit now
26/03/02 03:36:54 INFO output.FileOutputCommitter: Saved output of task 'attempt_local2118951298_0006_r_000000_0' to hdfs://localhost:9000/project2/task2/runs_report_plus/scale100k_basic/iter_6/_temporary/0/task_local2118951298_0006_r_000000
26/03/02 03:36:54 INFO mapred.LocalJobRunner: reduce > reduce
26/03/02 03:36:54 INFO mapred.Task: Task 'attempt_local2118951298_0006_r_000000_0' done.
26/03/02 03:36:54 INFO mapred.Task: Final Counters for attempt_local2118951298_0006_r_000000_0: Counters: 29
	File System Counters
		FILE: Number of bytes read=59943204
		FILE: Number of bytes written=64547753
		FILE: Number of read operations=0
		FILE: Number of large read operations=0
		FILE: Number of write operations=0
		HDFS: Number of bytes read=44038124
		HDFS: Number of bytes written=5014
		HDFS: Number of read operations=304
		HDFS: Number of large read operations=0
		HDFS: Number of write operations=98
	Map-Reduce Framework
		Combine input records=0
		Combine output records=0
		Reduce input groups=2
		Reduce shuffle bytes=2503986
		Reduce input records=46370
		Reduce output records=2
		Spilled Records=46370
		Shuffled Maps =1
		Failed Shuffles=0
		Merged Map outputs=1
		GC time elapsed (ms)=0
		Total committed heap usage (bytes)=438829056
	Shuffle Errors
		BAD_ID=0
		CONNECTION=0
		IO_ERROR=0
		WRONG_LENGTH=0
		WRONG_MAP=0
		WRONG_REDUCE=0
	File Output Format Counters 
		Bytes Written=208
26/03/02 03:36:54 INFO mapred.LocalJobRunner: Finishing task: attempt_local2118951298_0006_r_000000_0
26/03/02 03:36:54 INFO mapred.LocalJobRunner: Starting task: attempt_local2118951298_0006_r_000001_0
26/03/02 03:36:54 INFO output.FileOutputCommitter: File Output Committer Algorithm version is 1
26/03/02 03:36:54 INFO mapred.Task:  Using ResourceCalculatorProcessTree : [ ]
26/03/02 03:36:54 INFO mapred.ReduceTask: Using ShuffleConsumerPlugin: org.apache.hadoop.mapreduce.task.reduce.Shuffle@39bcb29a
26/03/02 03:36:54 INFO reduce.MergeManagerImpl: MergerManager: memoryLimit=334338464, maxSingleShuffleLimit=83584616, mergeThreshold=220663392, ioSortFactor=10, memToMemMergeOutputsThreshold=10
26/03/02 03:36:54 INFO reduce.EventFetcher: attempt_local2118951298_0006_r_000001_0 Thread started: EventFetcher for fetching Map Completion Events
26/03/02 03:36:54 INFO reduce.LocalFetcher: localfetcher#22 about to shuffle output of map attempt_local2118951298_0006_m_000000_0 decomp: 953534 len: 953538 to MEMORY
26/03/02 03:36:54 INFO reduce.InMemoryMapOutput: Read 953534 bytes from map-output for attempt_local2118951298_0006_m_000000_0
26/03/02 03:36:54 INFO reduce.MergeManagerImpl: closeInMemoryFile -> map-output of size: 953534, inMemoryMapOutputs.size() -> 1, commitMemory -> 0, usedMemory ->953534
26/03/02 03:36:54 INFO reduce.EventFetcher: EventFetcher is interrupted.. Returning
26/03/02 03:36:54 INFO mapred.LocalJobRunner: 1 / 1 copied.
26/03/02 03:36:54 INFO reduce.MergeManagerImpl: finalMerge called with 1 in-memory map-outputs and 0 on-disk map-outputs
26/03/02 03:36:54 INFO mapred.Merger: Merging 1 sorted segments
26/03/02 03:36:54 INFO mapred.Merger: Down to the last merge-pass, with 1 segments left of total size: 953528 bytes
26/03/02 03:36:54 INFO reduce.MergeManagerImpl: Merged 1 segments, 953534 bytes to disk to satisfy reduce memory limit
26/03/02 03:36:54 INFO reduce.MergeManagerImpl: Merging 1 files, 953538 bytes from disk
26/03/02 03:36:54 INFO reduce.MergeManagerImpl: Merging 0 segments, 0 bytes from memory into reduce
26/03/02 03:36:54 INFO mapred.Merger: Merging 1 sorted segments
26/03/02 03:36:54 INFO mapred.Merger: Down to the last merge-pass, with 1 segments left of total size: 953528 bytes
26/03/02 03:36:54 INFO mapred.LocalJobRunner: 1 / 1 copied.
26/03/02 03:36:54 INFO mapred.Task: Task:attempt_local2118951298_0006_r_000001_0 is done. And is in the process of committing
26/03/02 03:36:54 INFO mapred.LocalJobRunner: 1 / 1 copied.
26/03/02 03:36:54 INFO mapred.Task: Task attempt_local2118951298_0006_r_000001_0 is allowed to commit now
26/03/02 03:36:54 INFO output.FileOutputCommitter: Saved output of task 'attempt_local2118951298_0006_r_000001_0' to hdfs://localhost:9000/project2/task2/runs_report_plus/scale100k_basic/iter_6/_temporary/0/task_local2118951298_0006_r_000001
26/03/02 03:36:54 INFO mapred.LocalJobRunner: reduce > reduce
26/03/02 03:36:54 INFO mapred.Task: Task 'attempt_local2118951298_0006_r_000001_0' done.
26/03/02 03:36:54 INFO mapred.Task: Final Counters for attempt_local2118951298_0006_r_000001_0: Counters: 29
	File System Counters
		FILE: Number of bytes read=61854476
		FILE: Number of bytes written=65501291
		FILE: Number of read operations=0
		FILE: Number of large read operations=0
		FILE: Number of write operations=0
		HDFS: Number of bytes read=44038124
		HDFS: Number of bytes written=5115
		HDFS: Number of read operations=307
		HDFS: Number of large read operations=0
		HDFS: Number of write operations=100
	Map-Reduce Framework
		Combine input records=0
		Combine output records=0
		Reduce input groups=1
		Reduce shuffle bytes=953538
		Reduce input records=17658
		Reduce output records=1
		Spilled Records=17658
		Shuffled Maps =1
		Failed Shuffles=0
		Merged Map outputs=1
		GC time elapsed (ms)=0
		Total committed heap usage (bytes)=438829056
	Shuffle Errors
		BAD_ID=0
		CONNECTION=0
		IO_ERROR=0
		WRONG_LENGTH=0
		WRONG_MAP=0
		WRONG_REDUCE=0
	File Output Format Counters 
		Bytes Written=101
26/03/02 03:36:54 INFO mapred.LocalJobRunner: Finishing task: attempt_local2118951298_0006_r_000001_0
26/03/02 03:36:54 INFO mapred.LocalJobRunner: Starting task: attempt_local2118951298_0006_r_000002_0
26/03/02 03:36:54 INFO output.FileOutputCommitter: File Output Committer Algorithm version is 1
26/03/02 03:36:54 INFO mapred.Task:  Using ResourceCalculatorProcessTree : [ ]
26/03/02 03:36:54 INFO mapred.ReduceTask: Using ShuffleConsumerPlugin: org.apache.hadoop.mapreduce.task.reduce.Shuffle@4192a1af
26/03/02 03:36:54 INFO reduce.MergeManagerImpl: MergerManager: memoryLimit=334338464, maxSingleShuffleLimit=83584616, mergeThreshold=220663392, ioSortFactor=10, memToMemMergeOutputsThreshold=10
26/03/02 03:36:54 INFO reduce.EventFetcher: attempt_local2118951298_0006_r_000002_0 Thread started: EventFetcher for fetching Map Completion Events
26/03/02 03:36:54 INFO reduce.LocalFetcher: localfetcher#23 about to shuffle output of map attempt_local2118951298_0006_m_000000_0 decomp: 436916 len: 436920 to MEMORY
26/03/02 03:36:54 INFO reduce.InMemoryMapOutput: Read 436916 bytes from map-output for attempt_local2118951298_0006_m_000000_0
26/03/02 03:36:54 INFO reduce.MergeManagerImpl: closeInMemoryFile -> map-output of size: 436916, inMemoryMapOutputs.size() -> 1, commitMemory -> 0, usedMemory ->436916
26/03/02 03:36:54 INFO reduce.EventFetcher: EventFetcher is interrupted.. Returning
26/03/02 03:36:54 INFO mapred.LocalJobRunner: 1 / 1 copied.
26/03/02 03:36:54 INFO reduce.MergeManagerImpl: finalMerge called with 1 in-memory map-outputs and 0 on-disk map-outputs
26/03/02 03:36:54 INFO mapred.Merger: Merging 1 sorted segments
26/03/02 03:36:54 INFO mapred.Merger: Down to the last merge-pass, with 1 segments left of total size: 436910 bytes
26/03/02 03:36:54 INFO reduce.MergeManagerImpl: Merged 1 segments, 436916 bytes to disk to satisfy reduce memory limit
26/03/02 03:36:54 INFO reduce.MergeManagerImpl: Merging 1 files, 436920 bytes from disk
26/03/02 03:36:54 INFO reduce.MergeManagerImpl: Merging 0 segments, 0 bytes from memory into reduce
26/03/02 03:36:54 INFO mapred.Merger: Merging 1 sorted segments
26/03/02 03:36:54 INFO mapred.Merger: Down to the last merge-pass, with 1 segments left of total size: 436910 bytes
26/03/02 03:36:54 INFO mapred.LocalJobRunner: 1 / 1 copied.
26/03/02 03:36:54 INFO mapred.Task: Task:attempt_local2118951298_0006_r_000002_0 is done. And is in the process of committing
26/03/02 03:36:54 INFO mapred.LocalJobRunner: 1 / 1 copied.
26/03/02 03:36:54 INFO mapred.Task: Task attempt_local2118951298_0006_r_000002_0 is allowed to commit now
26/03/02 03:36:54 INFO output.FileOutputCommitter: Saved output of task 'attempt_local2118951298_0006_r_000002_0' to hdfs://localhost:9000/project2/task2/runs_report_plus/scale100k_basic/iter_6/_temporary/0/task_local2118951298_0006_r_000002
26/03/02 03:36:54 INFO mapred.LocalJobRunner: reduce > reduce
26/03/02 03:36:54 INFO mapred.Task: Task 'attempt_local2118951298_0006_r_000002_0' done.
26/03/02 03:36:54 INFO mapred.Task: Final Counters for attempt_local2118951298_0006_r_000002_0: Counters: 29
	File System Counters
		FILE: Number of bytes read=62732512
		FILE: Number of bytes written=65938211
		FILE: Number of read operations=0
		FILE: Number of large read operations=0
		FILE: Number of write operations=0
		HDFS: Number of bytes read=44038124
		HDFS: Number of bytes written=5215
		HDFS: Number of read operations=310
		HDFS: Number of large read operations=0
		HDFS: Number of write operations=102
	Map-Reduce Framework
		Combine input records=0
		Combine output records=0
		Reduce input groups=1
		Reduce shuffle bytes=436920
		Reduce input records=8091
		Reduce output records=1
		Spilled Records=8091
		Shuffled Maps =1
		Failed Shuffles=0
		Merged Map outputs=1
		GC time elapsed (ms)=0
		Total committed heap usage (bytes)=438829056
	Shuffle Errors
		BAD_ID=0
		CONNECTION=0
		IO_ERROR=0
		WRONG_LENGTH=0
		WRONG_MAP=0
		WRONG_REDUCE=0
	File Output Format Counters 
		Bytes Written=100
26/03/02 03:36:54 INFO mapred.LocalJobRunner: Finishing task: attempt_local2118951298_0006_r_000002_0
26/03/02 03:36:54 INFO mapred.LocalJobRunner: Starting task: attempt_local2118951298_0006_r_000003_0
26/03/02 03:36:54 INFO output.FileOutputCommitter: File Output Committer Algorithm version is 1
26/03/02 03:36:54 INFO mapred.Task:  Using ResourceCalculatorProcessTree : [ ]
26/03/02 03:36:54 INFO mapred.ReduceTask: Using ShuffleConsumerPlugin: org.apache.hadoop.mapreduce.task.reduce.Shuffle@327f9a38
26/03/02 03:36:54 INFO reduce.MergeManagerImpl: MergerManager: memoryLimit=334338464, maxSingleShuffleLimit=83584616, mergeThreshold=220663392, ioSortFactor=10, memToMemMergeOutputsThreshold=10
26/03/02 03:36:54 INFO reduce.EventFetcher: attempt_local2118951298_0006_r_000003_0 Thread started: EventFetcher for fetching Map Completion Events
26/03/02 03:36:54 INFO reduce.LocalFetcher: localfetcher#24 about to shuffle output of map attempt_local2118951298_0006_m_000000_0 decomp: 1505576 len: 1505580 to MEMORY
26/03/02 03:36:54 INFO reduce.InMemoryMapOutput: Read 1505576 bytes from map-output for attempt_local2118951298_0006_m_000000_0
26/03/02 03:36:54 INFO reduce.MergeManagerImpl: closeInMemoryFile -> map-output of size: 1505576, inMemoryMapOutputs.size() -> 1, commitMemory -> 0, usedMemory ->1505576
26/03/02 03:36:54 INFO reduce.EventFetcher: EventFetcher is interrupted.. Returning
26/03/02 03:36:54 INFO mapred.LocalJobRunner: 1 / 1 copied.
26/03/02 03:36:54 INFO reduce.MergeManagerImpl: finalMerge called with 1 in-memory map-outputs and 0 on-disk map-outputs
26/03/02 03:36:54 INFO mapred.Merger: Merging 1 sorted segments
26/03/02 03:36:54 INFO mapred.Merger: Down to the last merge-pass, with 1 segments left of total size: 1505570 bytes
26/03/02 03:36:54 INFO reduce.MergeManagerImpl: Merged 1 segments, 1505576 bytes to disk to satisfy reduce memory limit
26/03/02 03:36:54 INFO reduce.MergeManagerImpl: Merging 1 files, 1505580 bytes from disk
26/03/02 03:36:54 INFO reduce.MergeManagerImpl: Merging 0 segments, 0 bytes from memory into reduce
26/03/02 03:36:54 INFO mapred.Merger: Merging 1 sorted segments
26/03/02 03:36:54 INFO mapred.Merger: Down to the last merge-pass, with 1 segments left of total size: 1505570 bytes
26/03/02 03:36:54 INFO mapred.LocalJobRunner: 1 / 1 copied.
26/03/02 03:36:54 INFO mapred.Task: Task:attempt_local2118951298_0006_r_000003_0 is done. And is in the process of committing
26/03/02 03:36:54 INFO mapred.LocalJobRunner: 1 / 1 copied.
26/03/02 03:36:54 INFO mapred.Task: Task attempt_local2118951298_0006_r_000003_0 is allowed to commit now
26/03/02 03:36:54 INFO output.FileOutputCommitter: Saved output of task 'attempt_local2118951298_0006_r_000003_0' to hdfs://localhost:9000/project2/task2/runs_report_plus/scale100k_basic/iter_6/_temporary/0/task_local2118951298_0006_r_000003
26/03/02 03:36:54 INFO mapred.LocalJobRunner: reduce > reduce
26/03/02 03:36:54 INFO mapred.Task: Task 'attempt_local2118951298_0006_r_000003_0' done.
26/03/02 03:36:54 INFO mapred.Task: Final Counters for attempt_local2118951298_0006_r_000003_0: Counters: 29
	File System Counters
		FILE: Number of bytes read=65743776
		FILE: Number of bytes written=67443791
		FILE: Number of read operations=0
		FILE: Number of large read operations=0
		FILE: Number of write operations=0
		HDFS: Number of bytes read=44038124
		HDFS: Number of bytes written=5317
		HDFS: Number of read operations=313
		HDFS: Number of large read operations=0
		HDFS: Number of write operations=104
	Map-Reduce Framework
		Combine input records=0
		Combine output records=0
		Reduce input groups=1
		Reduce shuffle bytes=1505580
		Reduce input records=27881
		Reduce output records=1
		Spilled Records=27881
		Shuffled Maps =1
		Failed Shuffles=0
		Merged Map outputs=1
		GC time elapsed (ms)=0
		Total committed heap usage (bytes)=438829056
	Shuffle Errors
		BAD_ID=0
		CONNECTION=0
		IO_ERROR=0
		WRONG_LENGTH=0
		WRONG_MAP=0
		WRONG_REDUCE=0
	File Output Format Counters 
		Bytes Written=102
26/03/02 03:36:54 INFO mapred.LocalJobRunner: Finishing task: attempt_local2118951298_0006_r_000003_0
26/03/02 03:36:54 INFO mapred.LocalJobRunner: reduce task executor complete.
26/03/02 03:36:55 INFO mapreduce.Job: Job job_local2118951298_0006 running in uber mode : false
26/03/02 03:36:55 INFO mapreduce.Job:  map 100% reduce 100%
26/03/02 03:36:55 INFO mapreduce.Job: Job job_local2118951298_0006 completed successfully
26/03/02 03:36:55 INFO mapreduce.Job: Counters: 35
	File System Counters
		FILE: Number of bytes read=305205004
		FILE: Number of bytes written=325474813
		FILE: Number of read operations=0
		FILE: Number of large read operations=0
		FILE: Number of write operations=0
		HDFS: Number of bytes read=220190620
		HDFS: Number of bytes written=25467
		HDFS: Number of read operations=1535
		HDFS: Number of large read operations=0
		HDFS: Number of write operations=500
	Map-Reduce Framework
		Map input records=100000
		Map output records=100000
		Map output bytes=5200000
		Map output materialized bytes=5400024
		Input split bytes=123
		Combine input records=0
		Combine output records=0
		Reduce input groups=5
		Reduce shuffle bytes=5400024
		Reduce input records=100000
		Reduce output records=5
		Spilled Records=200000
		Shuffled Maps =4
		Failed Shuffles=0
		Merged Map outputs=4
		GC time elapsed (ms)=22
		Total committed heap usage (bytes)=2194145280
	Shuffle Errors
		BAD_ID=0
		CONNECTION=0
		IO_ERROR=0
		WRONG_LENGTH=0
		WRONG_MAP=0
		WRONG_REDUCE=0
	File Input Format Counters 
		Bytes Read=7337711
	File Output Format Counters 
		Bytes Written=511
26/03/02 03:36:55 INFO jvm.JvmMetrics: Cannot initialize JVM Metrics with processName=JobTracker, sessionId= - already initialized
26/03/02 03:36:55 WARN mapreduce.JobResourceUploader: Hadoop command-line option parsing not performed. Implement the Tool interface and execute your application with ToolRunner to remedy this.
26/03/02 03:36:55 INFO input.FileInputFormat: Total input paths to process : 1
26/03/02 03:36:55 INFO mapreduce.JobSubmitter: number of splits:1
26/03/02 03:36:55 INFO mapreduce.JobSubmitter: Submitting tokens for job: job_local502945855_0007
26/03/02 03:36:55 INFO mapred.LocalDistributedCacheManager: Creating symlink: /tmp/hadoop-ds503/mapred/local/1772422615359/centers_iter_6.csv <- /home/ds503/centers_iter_6.csv
26/03/02 03:36:55 INFO mapred.LocalDistributedCacheManager: Localized hdfs://localhost:9000/project2/task2/runs_report_plus/scale100k_basic/centers_iter_6.csv as file:/tmp/hadoop-ds503/mapred/local/1772422615359/centers_iter_6.csv
26/03/02 03:36:55 INFO mapreduce.Job: The url to track the job: http://localhost:8080/
26/03/02 03:36:55 INFO mapreduce.Job: Running job: job_local502945855_0007
26/03/02 03:36:55 INFO mapred.LocalJobRunner: OutputCommitter set in config null
26/03/02 03:36:55 INFO output.FileOutputCommitter: File Output Committer Algorithm version is 1
26/03/02 03:36:55 INFO mapred.LocalJobRunner: OutputCommitter is org.apache.hadoop.mapreduce.lib.output.FileOutputCommitter
26/03/02 03:36:55 INFO mapred.LocalJobRunner: Waiting for map tasks
26/03/02 03:36:55 INFO mapred.LocalJobRunner: Starting task: attempt_local502945855_0007_m_000000_0
26/03/02 03:36:55 INFO output.FileOutputCommitter: File Output Committer Algorithm version is 1
26/03/02 03:36:55 INFO mapred.Task:  Using ResourceCalculatorProcessTree : [ ]
26/03/02 03:36:55 INFO mapred.MapTask: Processing split: hdfs://localhost:9000/project2/task2/input/points_100k.csv:0+7337711
26/03/02 03:36:55 INFO mapred.MapTask: (EQUATOR) 0 kvi 26214396(104857584)
26/03/02 03:36:55 INFO mapred.MapTask: mapreduce.task.io.sort.mb: 100
26/03/02 03:36:55 INFO mapred.MapTask: soft limit at 83886080
26/03/02 03:36:55 INFO mapred.MapTask: bufstart = 0; bufvoid = 104857600
26/03/02 03:36:55 INFO mapred.MapTask: kvstart = 26214396; length = 6553600
26/03/02 03:36:55 INFO mapred.MapTask: Map output collector class = org.apache.hadoop.mapred.MapTask$MapOutputBuffer
26/03/02 03:36:55 INFO mapred.LocalJobRunner: 
26/03/02 03:36:55 INFO mapred.MapTask: Starting flush of map output
26/03/02 03:36:55 INFO mapred.MapTask: Spilling map output
26/03/02 03:36:55 INFO mapred.MapTask: bufstart = 0; bufend = 5200000; bufvoid = 104857600
26/03/02 03:36:55 INFO mapred.MapTask: kvstart = 26214396(104857584); kvend = 25814400(103257600); length = 399997/6553600
26/03/02 03:36:55 INFO mapred.MapTask: Finished spill 0
26/03/02 03:36:55 INFO mapred.Task: Task:attempt_local502945855_0007_m_000000_0 is done. And is in the process of committing
26/03/02 03:36:55 INFO mapred.LocalJobRunner: map
26/03/02 03:36:55 INFO mapred.Task: Task 'attempt_local502945855_0007_m_000000_0' done.
26/03/02 03:36:55 INFO mapred.Task: Final Counters for attempt_local502945855_0007_m_000000_0: Counters: 22
	File System Counters
		FILE: Number of bytes read=65888332
		FILE: Number of bytes written=73283606
		FILE: Number of read operations=0
		FILE: Number of large read operations=0
		FILE: Number of write operations=0
		HDFS: Number of bytes read=51377985
		HDFS: Number of bytes written=5693
		HDFS: Number of read operations=357
		HDFS: Number of large read operations=0
		HDFS: Number of write operations=114
	Map-Reduce Framework
		Map input records=100000
		Map output records=100000
		Map output bytes=5200000
		Map output materialized bytes=5400024
		Input split bytes=123
		Combine input records=0
		Spilled Records=100000
		Failed Shuffles=0
		Merged Map outputs=0
		GC time elapsed (ms)=21
		Total committed heap usage (bytes)=439877632
	File Input Format Counters 
		Bytes Read=7337711
26/03/02 03:36:55 INFO mapred.LocalJobRunner: Finishing task: attempt_local502945855_0007_m_000000_0
26/03/02 03:36:55 INFO mapred.LocalJobRunner: map task executor complete.
26/03/02 03:36:55 INFO mapred.LocalJobRunner: Waiting for reduce tasks
26/03/02 03:36:55 INFO mapred.LocalJobRunner: Starting task: attempt_local502945855_0007_r_000000_0
26/03/02 03:36:55 INFO output.FileOutputCommitter: File Output Committer Algorithm version is 1
26/03/02 03:36:55 INFO mapred.Task:  Using ResourceCalculatorProcessTree : [ ]
26/03/02 03:36:55 INFO mapred.ReduceTask: Using ShuffleConsumerPlugin: org.apache.hadoop.mapreduce.task.reduce.Shuffle@4edad1d6
26/03/02 03:36:55 INFO reduce.MergeManagerImpl: MergerManager: memoryLimit=334338464, maxSingleShuffleLimit=83584616, mergeThreshold=220663392, ioSortFactor=10, memToMemMergeOutputsThreshold=10
26/03/02 03:36:55 INFO reduce.EventFetcher: attempt_local502945855_0007_r_000000_0 Thread started: EventFetcher for fetching Map Completion Events
26/03/02 03:36:55 INFO reduce.LocalFetcher: localfetcher#25 about to shuffle output of map attempt_local502945855_0007_m_000000_0 decomp: 2456624 len: 2456628 to MEMORY
26/03/02 03:36:55 INFO reduce.InMemoryMapOutput: Read 2456624 bytes from map-output for attempt_local502945855_0007_m_000000_0
26/03/02 03:36:55 INFO reduce.MergeManagerImpl: closeInMemoryFile -> map-output of size: 2456624, inMemoryMapOutputs.size() -> 1, commitMemory -> 0, usedMemory ->2456624
26/03/02 03:36:55 INFO reduce.EventFetcher: EventFetcher is interrupted.. Returning
26/03/02 03:36:55 INFO mapred.LocalJobRunner: 1 / 1 copied.
26/03/02 03:36:55 INFO reduce.MergeManagerImpl: finalMerge called with 1 in-memory map-outputs and 0 on-disk map-outputs
26/03/02 03:36:55 INFO mapred.Merger: Merging 1 sorted segments
26/03/02 03:36:55 INFO mapred.Merger: Down to the last merge-pass, with 1 segments left of total size: 2456618 bytes
26/03/02 03:36:55 INFO reduce.MergeManagerImpl: Merged 1 segments, 2456624 bytes to disk to satisfy reduce memory limit
26/03/02 03:36:55 INFO reduce.MergeManagerImpl: Merging 1 files, 2456628 bytes from disk
26/03/02 03:36:55 INFO reduce.MergeManagerImpl: Merging 0 segments, 0 bytes from memory into reduce
26/03/02 03:36:55 INFO mapred.Merger: Merging 1 sorted segments
26/03/02 03:36:55 INFO mapred.Merger: Down to the last merge-pass, with 1 segments left of total size: 2456618 bytes
26/03/02 03:36:55 INFO mapred.LocalJobRunner: 1 / 1 copied.
26/03/02 03:36:55 INFO mapred.Task: Task:attempt_local502945855_0007_r_000000_0 is done. And is in the process of committing
26/03/02 03:36:55 INFO mapred.LocalJobRunner: 1 / 1 copied.
26/03/02 03:36:55 INFO mapred.Task: Task attempt_local502945855_0007_r_000000_0 is allowed to commit now
26/03/02 03:36:55 INFO output.FileOutputCommitter: Saved output of task 'attempt_local502945855_0007_r_000000_0' to hdfs://localhost:9000/project2/task2/runs_report_plus/scale100k_basic/iter_7/_temporary/0/task_local502945855_0007_r_000000
26/03/02 03:36:55 INFO mapred.LocalJobRunner: reduce > reduce
26/03/02 03:36:55 INFO mapred.Task: Task 'attempt_local502945855_0007_r_000000_0' done.
26/03/02 03:36:55 INFO mapred.Task: Final Counters for attempt_local502945855_0007_r_000000_0: Counters: 29
	File System Counters
		FILE: Number of bytes read=70805784
		FILE: Number of bytes written=75740234
		FILE: Number of read operations=0
		FILE: Number of large read operations=0
		FILE: Number of write operations=0
		HDFS: Number of bytes read=51377985
		HDFS: Number of bytes written=5900
		HDFS: Number of read operations=360
		HDFS: Number of large read operations=0
		HDFS: Number of write operations=116
	Map-Reduce Framework
		Combine input records=0
		Combine output records=0
		Reduce input groups=2
		Reduce shuffle bytes=2456628
		Reduce input records=45493
		Reduce output records=2
		Spilled Records=45493
		Shuffled Maps =1
		Failed Shuffles=0
		Merged Map outputs=1
		GC time elapsed (ms)=0
		Total committed heap usage (bytes)=439877632
	Shuffle Errors
		BAD_ID=0
		CONNECTION=0
		IO_ERROR=0
		WRONG_LENGTH=0
		WRONG_MAP=0
		WRONG_REDUCE=0
	File Output Format Counters 
		Bytes Written=207
26/03/02 03:36:55 INFO mapred.LocalJobRunner: Finishing task: attempt_local502945855_0007_r_000000_0
26/03/02 03:36:55 INFO mapred.LocalJobRunner: Starting task: attempt_local502945855_0007_r_000001_0
26/03/02 03:36:55 INFO output.FileOutputCommitter: File Output Committer Algorithm version is 1
26/03/02 03:36:55 INFO mapred.Task:  Using ResourceCalculatorProcessTree : [ ]
26/03/02 03:36:55 INFO mapred.ReduceTask: Using ShuffleConsumerPlugin: org.apache.hadoop.mapreduce.task.reduce.Shuffle@19ec09d5
26/03/02 03:36:55 INFO reduce.MergeManagerImpl: MergerManager: memoryLimit=334338464, maxSingleShuffleLimit=83584616, mergeThreshold=220663392, ioSortFactor=10, memToMemMergeOutputsThreshold=10
26/03/02 03:36:55 INFO reduce.EventFetcher: attempt_local502945855_0007_r_000001_0 Thread started: EventFetcher for fetching Map Completion Events
26/03/02 03:36:55 INFO reduce.LocalFetcher: localfetcher#26 about to shuffle output of map attempt_local502945855_0007_m_000000_0 decomp: 993008 len: 993012 to MEMORY
26/03/02 03:36:55 INFO reduce.InMemoryMapOutput: Read 993008 bytes from map-output for attempt_local502945855_0007_m_000000_0
26/03/02 03:36:55 INFO reduce.MergeManagerImpl: closeInMemoryFile -> map-output of size: 993008, inMemoryMapOutputs.size() -> 1, commitMemory -> 0, usedMemory ->993008
26/03/02 03:36:55 INFO reduce.EventFetcher: EventFetcher is interrupted.. Returning
26/03/02 03:36:55 INFO mapred.LocalJobRunner: 1 / 1 copied.
26/03/02 03:36:55 INFO reduce.MergeManagerImpl: finalMerge called with 1 in-memory map-outputs and 0 on-disk map-outputs
26/03/02 03:36:55 INFO mapred.Merger: Merging 1 sorted segments
26/03/02 03:36:55 INFO mapred.Merger: Down to the last merge-pass, with 1 segments left of total size: 993002 bytes
26/03/02 03:36:55 INFO reduce.MergeManagerImpl: Merged 1 segments, 993008 bytes to disk to satisfy reduce memory limit
26/03/02 03:36:55 INFO reduce.MergeManagerImpl: Merging 1 files, 993012 bytes from disk
26/03/02 03:36:55 INFO reduce.MergeManagerImpl: Merging 0 segments, 0 bytes from memory into reduce
26/03/02 03:36:55 INFO mapred.Merger: Merging 1 sorted segments
26/03/02 03:36:55 INFO mapred.Merger: Down to the last merge-pass, with 1 segments left of total size: 993002 bytes
26/03/02 03:36:55 INFO mapred.LocalJobRunner: 1 / 1 copied.
26/03/02 03:36:55 INFO mapred.Task: Task:attempt_local502945855_0007_r_000001_0 is done. And is in the process of committing
26/03/02 03:36:55 INFO mapred.LocalJobRunner: 1 / 1 copied.
26/03/02 03:36:55 INFO mapred.Task: Task attempt_local502945855_0007_r_000001_0 is allowed to commit now
26/03/02 03:36:55 INFO output.FileOutputCommitter: Saved output of task 'attempt_local502945855_0007_r_000001_0' to hdfs://localhost:9000/project2/task2/runs_report_plus/scale100k_basic/iter_7/_temporary/0/task_local502945855_0007_r_000001
26/03/02 03:36:55 INFO mapred.LocalJobRunner: reduce > reduce
26/03/02 03:36:55 INFO mapred.Task: Task 'attempt_local502945855_0007_r_000001_0' done.
26/03/02 03:36:55 INFO mapred.Task: Final Counters for attempt_local502945855_0007_r_000001_0: Counters: 29
	File System Counters
		FILE: Number of bytes read=72796004
		FILE: Number of bytes written=76733246
		FILE: Number of read operations=0
		FILE: Number of large read operations=0
		FILE: Number of write operations=0
		HDFS: Number of bytes read=51377985
		HDFS: Number of bytes written=6003
		HDFS: Number of read operations=363
		HDFS: Number of large read operations=0
		HDFS: Number of write operations=118
	Map-Reduce Framework
		Combine input records=0
		Combine output records=0
		Reduce input groups=1
		Reduce shuffle bytes=993012
		Reduce input records=18389
		Reduce output records=1
		Spilled Records=18389
		Shuffled Maps =1
		Failed Shuffles=0
		Merged Map outputs=1
		GC time elapsed (ms)=0
		Total committed heap usage (bytes)=439877632
	Shuffle Errors
		BAD_ID=0
		CONNECTION=0
		IO_ERROR=0
		WRONG_LENGTH=0
		WRONG_MAP=0
		WRONG_REDUCE=0
	File Output Format Counters 
		Bytes Written=103
26/03/02 03:36:55 INFO mapred.LocalJobRunner: Finishing task: attempt_local502945855_0007_r_000001_0
26/03/02 03:36:55 INFO mapred.LocalJobRunner: Starting task: attempt_local502945855_0007_r_000002_0
26/03/02 03:36:55 INFO output.FileOutputCommitter: File Output Committer Algorithm version is 1
26/03/02 03:36:55 INFO mapred.Task:  Using ResourceCalculatorProcessTree : [ ]
26/03/02 03:36:55 INFO mapred.ReduceTask: Using ShuffleConsumerPlugin: org.apache.hadoop.mapreduce.task.reduce.Shuffle@61cd916a
26/03/02 03:36:55 INFO reduce.MergeManagerImpl: MergerManager: memoryLimit=334338464, maxSingleShuffleLimit=83584616, mergeThreshold=220663392, ioSortFactor=10, memToMemMergeOutputsThreshold=10
26/03/02 03:36:55 INFO reduce.EventFetcher: attempt_local502945855_0007_r_000002_0 Thread started: EventFetcher for fetching Map Completion Events
26/03/02 03:36:55 INFO reduce.LocalFetcher: localfetcher#27 about to shuffle output of map attempt_local502945855_0007_m_000000_0 decomp: 471368 len: 471372 to MEMORY
26/03/02 03:36:55 INFO reduce.InMemoryMapOutput: Read 471368 bytes from map-output for attempt_local502945855_0007_m_000000_0
26/03/02 03:36:55 INFO reduce.MergeManagerImpl: closeInMemoryFile -> map-output of size: 471368, inMemoryMapOutputs.size() -> 1, commitMemory -> 0, usedMemory ->471368
26/03/02 03:36:55 INFO reduce.EventFetcher: EventFetcher is interrupted.. Returning
26/03/02 03:36:55 INFO mapred.LocalJobRunner: 1 / 1 copied.
26/03/02 03:36:55 INFO reduce.MergeManagerImpl: finalMerge called with 1 in-memory map-outputs and 0 on-disk map-outputs
26/03/02 03:36:55 INFO mapred.Merger: Merging 1 sorted segments
26/03/02 03:36:55 INFO mapred.Merger: Down to the last merge-pass, with 1 segments left of total size: 471362 bytes
26/03/02 03:36:55 INFO reduce.MergeManagerImpl: Merged 1 segments, 471368 bytes to disk to satisfy reduce memory limit
26/03/02 03:36:55 INFO reduce.MergeManagerImpl: Merging 1 files, 471372 bytes from disk
26/03/02 03:36:55 INFO reduce.MergeManagerImpl: Merging 0 segments, 0 bytes from memory into reduce
26/03/02 03:36:55 INFO mapred.Merger: Merging 1 sorted segments
26/03/02 03:36:55 INFO mapred.Merger: Down to the last merge-pass, with 1 segments left of total size: 471362 bytes
26/03/02 03:36:55 INFO mapred.LocalJobRunner: 1 / 1 copied.
26/03/02 03:36:55 INFO mapred.Task: Task:attempt_local502945855_0007_r_000002_0 is done. And is in the process of committing
26/03/02 03:36:55 INFO mapred.LocalJobRunner: 1 / 1 copied.
26/03/02 03:36:55 INFO mapred.Task: Task attempt_local502945855_0007_r_000002_0 is allowed to commit now
26/03/02 03:36:55 INFO output.FileOutputCommitter: Saved output of task 'attempt_local502945855_0007_r_000002_0' to hdfs://localhost:9000/project2/task2/runs_report_plus/scale100k_basic/iter_7/_temporary/0/task_local502945855_0007_r_000002
26/03/02 03:36:55 INFO mapred.LocalJobRunner: reduce > reduce
26/03/02 03:36:55 INFO mapred.Task: Task 'attempt_local502945855_0007_r_000002_0' done.
26/03/02 03:36:55 INFO mapred.Task: Final Counters for attempt_local502945855_0007_r_000002_0: Counters: 29
	File System Counters
		FILE: Number of bytes read=73742944
		FILE: Number of bytes written=77204618
		FILE: Number of read operations=0
		FILE: Number of large read operations=0
		FILE: Number of write operations=0
		HDFS: Number of bytes read=51377985
		HDFS: Number of bytes written=6103
		HDFS: Number of read operations=366
		HDFS: Number of large read operations=0
		HDFS: Number of write operations=120
	Map-Reduce Framework
		Combine input records=0
		Combine output records=0
		Reduce input groups=1
		Reduce shuffle bytes=471372
		Reduce input records=8729
		Reduce output records=1
		Spilled Records=8729
		Shuffled Maps =1
		Failed Shuffles=0
		Merged Map outputs=1
		GC time elapsed (ms)=0
		Total committed heap usage (bytes)=439877632
	Shuffle Errors
		BAD_ID=0
		CONNECTION=0
		IO_ERROR=0
		WRONG_LENGTH=0
		WRONG_MAP=0
		WRONG_REDUCE=0
	File Output Format Counters 
		Bytes Written=100
26/03/02 03:36:55 INFO mapred.LocalJobRunner: Finishing task: attempt_local502945855_0007_r_000002_0
26/03/02 03:36:55 INFO mapred.LocalJobRunner: Starting task: attempt_local502945855_0007_r_000003_0
26/03/02 03:36:55 INFO output.FileOutputCommitter: File Output Committer Algorithm version is 1
26/03/02 03:36:55 INFO mapred.Task:  Using ResourceCalculatorProcessTree : [ ]
26/03/02 03:36:55 INFO mapred.ReduceTask: Using ShuffleConsumerPlugin: org.apache.hadoop.mapreduce.task.reduce.Shuffle@18d4dc5c
26/03/02 03:36:55 INFO reduce.MergeManagerImpl: MergerManager: memoryLimit=334338464, maxSingleShuffleLimit=83584616, mergeThreshold=220663392, ioSortFactor=10, memToMemMergeOutputsThreshold=10
26/03/02 03:36:55 INFO reduce.EventFetcher: attempt_local502945855_0007_r_000003_0 Thread started: EventFetcher for fetching Map Completion Events
26/03/02 03:36:55 INFO reduce.LocalFetcher: localfetcher#28 about to shuffle output of map attempt_local502945855_0007_m_000000_0 decomp: 1479008 len: 1479012 to MEMORY
26/03/02 03:36:55 INFO reduce.InMemoryMapOutput: Read 1479008 bytes from map-output for attempt_local502945855_0007_m_000000_0
26/03/02 03:36:55 INFO reduce.MergeManagerImpl: closeInMemoryFile -> map-output of size: 1479008, inMemoryMapOutputs.size() -> 1, commitMemory -> 0, usedMemory ->1479008
26/03/02 03:36:55 INFO reduce.EventFetcher: EventFetcher is interrupted.. Returning
26/03/02 03:36:55 INFO mapred.LocalJobRunner: 1 / 1 copied.
26/03/02 03:36:55 INFO reduce.MergeManagerImpl: finalMerge called with 1 in-memory map-outputs and 0 on-disk map-outputs
26/03/02 03:36:55 INFO mapred.Merger: Merging 1 sorted segments
26/03/02 03:36:55 INFO mapred.Merger: Down to the last merge-pass, with 1 segments left of total size: 1479002 bytes
26/03/02 03:36:55 INFO reduce.MergeManagerImpl: Merged 1 segments, 1479008 bytes to disk to satisfy reduce memory limit
26/03/02 03:36:55 INFO reduce.MergeManagerImpl: Merging 1 files, 1479012 bytes from disk
26/03/02 03:36:55 INFO reduce.MergeManagerImpl: Merging 0 segments, 0 bytes from memory into reduce
26/03/02 03:36:55 INFO mapred.Merger: Merging 1 sorted segments
26/03/02 03:36:55 INFO mapred.Merger: Down to the last merge-pass, with 1 segments left of total size: 1479002 bytes
26/03/02 03:36:55 INFO mapred.LocalJobRunner: 1 / 1 copied.
26/03/02 03:36:55 INFO mapred.Task: Task:attempt_local502945855_0007_r_000003_0 is done. And is in the process of committing
26/03/02 03:36:55 INFO mapred.LocalJobRunner: 1 / 1 copied.
26/03/02 03:36:55 INFO mapred.Task: Task attempt_local502945855_0007_r_000003_0 is allowed to commit now
26/03/02 03:36:55 INFO output.FileOutputCommitter: Saved output of task 'attempt_local502945855_0007_r_000003_0' to hdfs://localhost:9000/project2/task2/runs_report_plus/scale100k_basic/iter_7/_temporary/0/task_local502945855_0007_r_000003
26/03/02 03:36:55 INFO mapred.LocalJobRunner: reduce > reduce
26/03/02 03:36:55 INFO mapred.Task: Task 'attempt_local502945855_0007_r_000003_0' done.
26/03/02 03:36:55 INFO mapred.Task: Final Counters for attempt_local502945855_0007_r_000003_0: Counters: 29
	File System Counters
		FILE: Number of bytes read=76701072
		FILE: Number of bytes written=78683630
		FILE: Number of read operations=0
		FILE: Number of large read operations=0
		FILE: Number of write operations=0
		HDFS: Number of bytes read=51377985
		HDFS: Number of bytes written=6205
		HDFS: Number of read operations=369
		HDFS: Number of large read operations=0
		HDFS: Number of write operations=122
	Map-Reduce Framework
		Combine input records=0
		Combine output records=0
		Reduce input groups=1
		Reduce shuffle bytes=1479012
		Reduce input records=27389
		Reduce output records=1
		Spilled Records=27389
		Shuffled Maps =1
		Failed Shuffles=0
		Merged Map outputs=1
		GC time elapsed (ms)=0
		Total committed heap usage (bytes)=439877632
	Shuffle Errors
		BAD_ID=0
		CONNECTION=0
		IO_ERROR=0
		WRONG_LENGTH=0
		WRONG_MAP=0
		WRONG_REDUCE=0
	File Output Format Counters 
		Bytes Written=102
26/03/02 03:36:55 INFO mapred.LocalJobRunner: Finishing task: attempt_local502945855_0007_r_000003_0
26/03/02 03:36:55 INFO mapred.LocalJobRunner: reduce task executor complete.
26/03/02 03:36:56 INFO mapreduce.Job: Job job_local502945855_0007 running in uber mode : false
26/03/02 03:36:56 INFO mapreduce.Job:  map 100% reduce 100%
26/03/02 03:36:56 INFO mapreduce.Job: Job job_local502945855_0007 completed successfully
26/03/02 03:36:56 INFO mapreduce.Job: Counters: 35
	File System Counters
		FILE: Number of bytes read=359934136
		FILE: Number of bytes written=381645334
		FILE: Number of read operations=0
		FILE: Number of large read operations=0
		FILE: Number of write operations=0
		HDFS: Number of bytes read=256889925
		HDFS: Number of bytes written=29904
		HDFS: Number of read operations=1815
		HDFS: Number of large read operations=0
		HDFS: Number of write operations=590
	Map-Reduce Framework
		Map input records=100000
		Map output records=100000
		Map output bytes=5200000
		Map output materialized bytes=5400024
		Input split bytes=123
		Combine input records=0
		Combine output records=0
		Reduce input groups=5
		Reduce shuffle bytes=5400024
		Reduce input records=100000
		Reduce output records=5
		Spilled Records=200000
		Shuffled Maps =4
		Failed Shuffles=0
		Merged Map outputs=4
		GC time elapsed (ms)=21
		Total committed heap usage (bytes)=2199388160
	Shuffle Errors
		BAD_ID=0
		CONNECTION=0
		IO_ERROR=0
		WRONG_LENGTH=0
		WRONG_MAP=0
		WRONG_REDUCE=0
	File Input Format Counters 
		Bytes Read=7337711
	File Output Format Counters 
		Bytes Written=512
26/03/02 03:36:56 INFO jvm.JvmMetrics: Cannot initialize JVM Metrics with processName=JobTracker, sessionId= - already initialized
26/03/02 03:36:56 WARN mapreduce.JobResourceUploader: Hadoop command-line option parsing not performed. Implement the Tool interface and execute your application with ToolRunner to remedy this.
26/03/02 03:36:56 INFO input.FileInputFormat: Total input paths to process : 1
26/03/02 03:36:56 INFO mapreduce.JobSubmitter: number of splits:1
26/03/02 03:36:56 INFO mapreduce.JobSubmitter: Submitting tokens for job: job_local379934214_0008
26/03/02 03:36:56 INFO mapred.LocalDistributedCacheManager: Creating symlink: /tmp/hadoop-ds503/mapred/local/1772422616448/centers_iter_7.csv <- /home/ds503/centers_iter_7.csv
26/03/02 03:36:56 INFO mapred.LocalDistributedCacheManager: Localized hdfs://localhost:9000/project2/task2/runs_report_plus/scale100k_basic/centers_iter_7.csv as file:/tmp/hadoop-ds503/mapred/local/1772422616448/centers_iter_7.csv
26/03/02 03:36:56 INFO mapreduce.Job: The url to track the job: http://localhost:8080/
26/03/02 03:36:56 INFO mapreduce.Job: Running job: job_local379934214_0008
26/03/02 03:36:56 INFO mapred.LocalJobRunner: OutputCommitter set in config null
26/03/02 03:36:56 INFO output.FileOutputCommitter: File Output Committer Algorithm version is 1
26/03/02 03:36:56 INFO mapred.LocalJobRunner: OutputCommitter is org.apache.hadoop.mapreduce.lib.output.FileOutputCommitter
26/03/02 03:36:56 INFO mapred.LocalJobRunner: Waiting for map tasks
26/03/02 03:36:56 INFO mapred.LocalJobRunner: Starting task: attempt_local379934214_0008_m_000000_0
26/03/02 03:36:56 INFO output.FileOutputCommitter: File Output Committer Algorithm version is 1
26/03/02 03:36:56 INFO mapred.Task:  Using ResourceCalculatorProcessTree : [ ]
26/03/02 03:36:56 INFO mapred.MapTask: Processing split: hdfs://localhost:9000/project2/task2/input/points_100k.csv:0+7337711
26/03/02 03:36:56 INFO mapred.MapTask: (EQUATOR) 0 kvi 26214396(104857584)
26/03/02 03:36:56 INFO mapred.MapTask: mapreduce.task.io.sort.mb: 100
26/03/02 03:36:56 INFO mapred.MapTask: soft limit at 83886080
26/03/02 03:36:56 INFO mapred.MapTask: bufstart = 0; bufvoid = 104857600
26/03/02 03:36:56 INFO mapred.MapTask: kvstart = 26214396; length = 6553600
26/03/02 03:36:56 INFO mapred.MapTask: Map output collector class = org.apache.hadoop.mapred.MapTask$MapOutputBuffer
26/03/02 03:36:56 INFO mapred.LocalJobRunner: 
26/03/02 03:36:56 INFO mapred.MapTask: Starting flush of map output
26/03/02 03:36:56 INFO mapred.MapTask: Spilling map output
26/03/02 03:36:56 INFO mapred.MapTask: bufstart = 0; bufend = 5200000; bufvoid = 104857600
26/03/02 03:36:56 INFO mapred.MapTask: kvstart = 26214396(104857584); kvend = 25814400(103257600); length = 399997/6553600
26/03/02 03:36:56 INFO mapred.MapTask: Finished spill 0
26/03/02 03:36:56 INFO mapred.Task: Task:attempt_local379934214_0008_m_000000_0 is done. And is in the process of committing
26/03/02 03:36:56 INFO mapred.LocalJobRunner: map
26/03/02 03:36:56 INFO mapred.Task: Task 'attempt_local379934214_0008_m_000000_0' done.
26/03/02 03:36:56 INFO mapred.Task: Final Counters for attempt_local379934214_0008_m_000000_0: Counters: 22
	File System Counters
		FILE: Number of bytes read=76845628
		FILE: Number of bytes written=84523446
		FILE: Number of read operations=0
		FILE: Number of large read operations=0
		FILE: Number of write operations=0
		HDFS: Number of bytes read=58717850
		HDFS: Number of bytes written=6582
		HDFS: Number of read operations=413
		HDFS: Number of large read operations=0
		HDFS: Number of write operations=132
	Map-Reduce Framework
		Map input records=100000
		Map output records=100000
		Map output bytes=5200000
		Map output materialized bytes=5400024
		Input split bytes=123
		Combine input records=0
		Spilled Records=100000
		Failed Shuffles=0
		Merged Map outputs=0
		GC time elapsed (ms)=22
		Total committed heap usage (bytes)=445120512
	File Input Format Counters 
		Bytes Read=7337711
26/03/02 03:36:56 INFO mapred.LocalJobRunner: Finishing task: attempt_local379934214_0008_m_000000_0
26/03/02 03:36:56 INFO mapred.LocalJobRunner: map task executor complete.
26/03/02 03:36:56 INFO mapred.LocalJobRunner: Waiting for reduce tasks
26/03/02 03:36:56 INFO mapred.LocalJobRunner: Starting task: attempt_local379934214_0008_r_000000_0
26/03/02 03:36:56 INFO output.FileOutputCommitter: File Output Committer Algorithm version is 1
26/03/02 03:36:56 INFO mapred.Task:  Using ResourceCalculatorProcessTree : [ ]
26/03/02 03:36:56 INFO mapred.ReduceTask: Using ShuffleConsumerPlugin: org.apache.hadoop.mapreduce.task.reduce.Shuffle@6cacceae
26/03/02 03:36:56 INFO reduce.MergeManagerImpl: MergerManager: memoryLimit=334338464, maxSingleShuffleLimit=83584616, mergeThreshold=220663392, ioSortFactor=10, memToMemMergeOutputsThreshold=10
26/03/02 03:36:56 INFO reduce.EventFetcher: attempt_local379934214_0008_r_000000_0 Thread started: EventFetcher for fetching Map Completion Events
26/03/02 03:36:56 INFO reduce.LocalFetcher: localfetcher#29 about to shuffle output of map attempt_local379934214_0008_m_000000_0 decomp: 2430650 len: 2430654 to MEMORY
26/03/02 03:36:56 INFO reduce.InMemoryMapOutput: Read 2430650 bytes from map-output for attempt_local379934214_0008_m_000000_0
26/03/02 03:36:56 INFO reduce.MergeManagerImpl: closeInMemoryFile -> map-output of size: 2430650, inMemoryMapOutputs.size() -> 1, commitMemory -> 0, usedMemory ->2430650
26/03/02 03:36:56 INFO reduce.EventFetcher: EventFetcher is interrupted.. Returning
26/03/02 03:36:56 INFO mapred.LocalJobRunner: 1 / 1 copied.
26/03/02 03:36:56 INFO reduce.MergeManagerImpl: finalMerge called with 1 in-memory map-outputs and 0 on-disk map-outputs
26/03/02 03:36:56 INFO mapred.Merger: Merging 1 sorted segments
26/03/02 03:36:56 INFO mapred.Merger: Down to the last merge-pass, with 1 segments left of total size: 2430644 bytes
26/03/02 03:36:56 INFO reduce.MergeManagerImpl: Merged 1 segments, 2430650 bytes to disk to satisfy reduce memory limit
26/03/02 03:36:56 INFO reduce.MergeManagerImpl: Merging 1 files, 2430654 bytes from disk
26/03/02 03:36:56 INFO reduce.MergeManagerImpl: Merging 0 segments, 0 bytes from memory into reduce
26/03/02 03:36:56 INFO mapred.Merger: Merging 1 sorted segments
26/03/02 03:36:56 INFO mapred.Merger: Down to the last merge-pass, with 1 segments left of total size: 2430644 bytes
26/03/02 03:36:56 INFO mapred.LocalJobRunner: 1 / 1 copied.
26/03/02 03:36:56 INFO mapred.Task: Task:attempt_local379934214_0008_r_000000_0 is done. And is in the process of committing
26/03/02 03:36:56 INFO mapred.LocalJobRunner: 1 / 1 copied.
26/03/02 03:36:56 INFO mapred.Task: Task attempt_local379934214_0008_r_000000_0 is allowed to commit now
26/03/02 03:36:56 INFO output.FileOutputCommitter: Saved output of task 'attempt_local379934214_0008_r_000000_0' to hdfs://localhost:9000/project2/task2/runs_report_plus/scale100k_basic/iter_8/_temporary/0/task_local379934214_0008_r_000000
26/03/02 03:36:56 INFO mapred.LocalJobRunner: reduce > reduce
26/03/02 03:36:56 INFO mapred.Task: Task 'attempt_local379934214_0008_r_000000_0' done.
26/03/02 03:36:56 INFO mapred.Task: Final Counters for attempt_local379934214_0008_r_000000_0: Counters: 29
	File System Counters
		FILE: Number of bytes read=81711132
		FILE: Number of bytes written=86954100
		FILE: Number of read operations=0
		FILE: Number of large read operations=0
		FILE: Number of write operations=0
		HDFS: Number of bytes read=58717850
		HDFS: Number of bytes written=6789
		HDFS: Number of read operations=416
		HDFS: Number of large read operations=0
		HDFS: Number of write operations=134
	Map-Reduce Framework
		Combine input records=0
		Combine output records=0
		Reduce input groups=2
		Reduce shuffle bytes=2430654
		Reduce input records=45012
		Reduce output records=2
		Spilled Records=45012
		Shuffled Maps =1
		Failed Shuffles=0
		Merged Map outputs=1
		GC time elapsed (ms)=0
		Total committed heap usage (bytes)=445120512
	Shuffle Errors
		BAD_ID=0
		CONNECTION=0
		IO_ERROR=0
		WRONG_LENGTH=0
		WRONG_MAP=0
		WRONG_REDUCE=0
	File Output Format Counters 
		Bytes Written=207
26/03/02 03:36:56 INFO mapred.LocalJobRunner: Finishing task: attempt_local379934214_0008_r_000000_0
26/03/02 03:36:56 INFO mapred.LocalJobRunner: Starting task: attempt_local379934214_0008_r_000001_0
26/03/02 03:36:56 INFO output.FileOutputCommitter: File Output Committer Algorithm version is 1
26/03/02 03:36:56 INFO mapred.Task:  Using ResourceCalculatorProcessTree : [ ]
26/03/02 03:36:56 INFO mapred.ReduceTask: Using ShuffleConsumerPlugin: org.apache.hadoop.mapreduce.task.reduce.Shuffle@2985440a
26/03/02 03:36:56 INFO reduce.MergeManagerImpl: MergerManager: memoryLimit=334338464, maxSingleShuffleLimit=83584616, mergeThreshold=220663392, ioSortFactor=10, memToMemMergeOutputsThreshold=10
26/03/02 03:36:56 INFO reduce.EventFetcher: attempt_local379934214_0008_r_000001_0 Thread started: EventFetcher for fetching Map Completion Events
26/03/02 03:36:56 INFO reduce.LocalFetcher: localfetcher#30 about to shuffle output of map attempt_local379934214_0008_m_000000_0 decomp: 1016930 len: 1016934 to MEMORY
26/03/02 03:36:56 INFO reduce.InMemoryMapOutput: Read 1016930 bytes from map-output for attempt_local379934214_0008_m_000000_0
26/03/02 03:36:56 INFO reduce.MergeManagerImpl: closeInMemoryFile -> map-output of size: 1016930, inMemoryMapOutputs.size() -> 1, commitMemory -> 0, usedMemory ->1016930
26/03/02 03:36:56 INFO reduce.EventFetcher: EventFetcher is interrupted.. Returning
26/03/02 03:36:56 INFO mapred.LocalJobRunner: 1 / 1 copied.
26/03/02 03:36:56 INFO reduce.MergeManagerImpl: finalMerge called with 1 in-memory map-outputs and 0 on-disk map-outputs
26/03/02 03:36:56 INFO mapred.Merger: Merging 1 sorted segments
26/03/02 03:36:56 INFO mapred.Merger: Down to the last merge-pass, with 1 segments left of total size: 1016924 bytes
26/03/02 03:36:56 INFO reduce.MergeManagerImpl: Merged 1 segments, 1016930 bytes to disk to satisfy reduce memory limit
26/03/02 03:36:56 INFO reduce.MergeManagerImpl: Merging 1 files, 1016934 bytes from disk
26/03/02 03:36:56 INFO reduce.MergeManagerImpl: Merging 0 segments, 0 bytes from memory into reduce
26/03/02 03:36:56 INFO mapred.Merger: Merging 1 sorted segments
26/03/02 03:36:56 INFO mapred.Merger: Down to the last merge-pass, with 1 segments left of total size: 1016924 bytes
26/03/02 03:36:56 INFO mapred.LocalJobRunner: 1 / 1 copied.
26/03/02 03:36:56 INFO mapred.Task: Task:attempt_local379934214_0008_r_000001_0 is done. And is in the process of committing
26/03/02 03:36:56 INFO mapred.LocalJobRunner: 1 / 1 copied.
26/03/02 03:36:56 INFO mapred.Task: Task attempt_local379934214_0008_r_000001_0 is allowed to commit now
26/03/02 03:36:56 INFO output.FileOutputCommitter: Saved output of task 'attempt_local379934214_0008_r_000001_0' to hdfs://localhost:9000/project2/task2/runs_report_plus/scale100k_basic/iter_8/_temporary/0/task_local379934214_0008_r_000001
26/03/02 03:36:56 INFO mapred.LocalJobRunner: reduce > reduce
26/03/02 03:36:56 INFO mapred.Task: Task 'attempt_local379934214_0008_r_000001_0' done.
26/03/02 03:36:56 INFO mapred.Task: Final Counters for attempt_local379934214_0008_r_000001_0: Counters: 29
	File System Counters
		FILE: Number of bytes read=83749196
		FILE: Number of bytes written=87971034
		FILE: Number of read operations=0
		FILE: Number of large read operations=0
		FILE: Number of write operations=0
		HDFS: Number of bytes read=58717850
		HDFS: Number of bytes written=6891
		HDFS: Number of read operations=419
		HDFS: Number of large read operations=0
		HDFS: Number of write operations=136
	Map-Reduce Framework
		Combine input records=0
		Combine output records=0
		Reduce input groups=1
		Reduce shuffle bytes=1016934
		Reduce input records=18832
		Reduce output records=1
		Spilled Records=18832
		Shuffled Maps =1
		Failed Shuffles=0
		Merged Map outputs=1
		GC time elapsed (ms)=0
		Total committed heap usage (bytes)=445120512
	Shuffle Errors
		BAD_ID=0
		CONNECTION=0
		IO_ERROR=0
		WRONG_LENGTH=0
		WRONG_MAP=0
		WRONG_REDUCE=0
	File Output Format Counters 
		Bytes Written=102
26/03/02 03:36:56 INFO mapred.LocalJobRunner: Finishing task: attempt_local379934214_0008_r_000001_0
26/03/02 03:36:56 INFO mapred.LocalJobRunner: Starting task: attempt_local379934214_0008_r_000002_0
26/03/02 03:36:56 INFO output.FileOutputCommitter: File Output Committer Algorithm version is 1
26/03/02 03:36:56 INFO mapred.Task:  Using ResourceCalculatorProcessTree : [ ]
26/03/02 03:36:56 INFO mapred.ReduceTask: Using ShuffleConsumerPlugin: org.apache.hadoop.mapreduce.task.reduce.Shuffle@518698c8
26/03/02 03:36:56 INFO reduce.MergeManagerImpl: MergerManager: memoryLimit=334338464, maxSingleShuffleLimit=83584616, mergeThreshold=220663392, ioSortFactor=10, memToMemMergeOutputsThreshold=10
26/03/02 03:36:56 INFO reduce.EventFetcher: attempt_local379934214_0008_r_000002_0 Thread started: EventFetcher for fetching Map Completion Events
26/03/02 03:36:56 INFO reduce.LocalFetcher: localfetcher#31 about to shuffle output of map attempt_local379934214_0008_m_000000_0 decomp: 510680 len: 510684 to MEMORY
26/03/02 03:36:56 INFO reduce.InMemoryMapOutput: Read 510680 bytes from map-output for attempt_local379934214_0008_m_000000_0
26/03/02 03:36:56 INFO reduce.MergeManagerImpl: closeInMemoryFile -> map-output of size: 510680, inMemoryMapOutputs.size() -> 1, commitMemory -> 0, usedMemory ->510680
26/03/02 03:36:56 INFO reduce.EventFetcher: EventFetcher is interrupted.. Returning
26/03/02 03:36:56 INFO mapred.LocalJobRunner: 1 / 1 copied.
26/03/02 03:36:56 INFO reduce.MergeManagerImpl: finalMerge called with 1 in-memory map-outputs and 0 on-disk map-outputs
26/03/02 03:36:56 INFO mapred.Merger: Merging 1 sorted segments
26/03/02 03:36:56 INFO mapred.Merger: Down to the last merge-pass, with 1 segments left of total size: 510674 bytes
26/03/02 03:36:56 INFO reduce.MergeManagerImpl: Merged 1 segments, 510680 bytes to disk to satisfy reduce memory limit
26/03/02 03:36:56 INFO reduce.MergeManagerImpl: Merging 1 files, 510684 bytes from disk
26/03/02 03:36:56 INFO reduce.MergeManagerImpl: Merging 0 segments, 0 bytes from memory into reduce
26/03/02 03:36:56 INFO mapred.Merger: Merging 1 sorted segments
26/03/02 03:36:56 INFO mapred.Merger: Down to the last merge-pass, with 1 segments left of total size: 510674 bytes
26/03/02 03:36:56 INFO mapred.LocalJobRunner: 1 / 1 copied.
26/03/02 03:36:56 INFO mapred.Task: Task:attempt_local379934214_0008_r_000002_0 is done. And is in the process of committing
26/03/02 03:36:56 INFO mapred.LocalJobRunner: 1 / 1 copied.
26/03/02 03:36:56 INFO mapred.Task: Task attempt_local379934214_0008_r_000002_0 is allowed to commit now
26/03/02 03:36:56 INFO output.FileOutputCommitter: Saved output of task 'attempt_local379934214_0008_r_000002_0' to hdfs://localhost:9000/project2/task2/runs_report_plus/scale100k_basic/iter_8/_temporary/0/task_local379934214_0008_r_000002
26/03/02 03:36:56 INFO mapred.LocalJobRunner: reduce > reduce
26/03/02 03:36:56 INFO mapred.Task: Task 'attempt_local379934214_0008_r_000002_0' done.
26/03/02 03:36:56 INFO mapred.Task: Final Counters for attempt_local379934214_0008_r_000002_0: Counters: 29
	File System Counters
		FILE: Number of bytes read=84774760
		FILE: Number of bytes written=88481718
		FILE: Number of read operations=0
		FILE: Number of large read operations=0
		FILE: Number of write operations=0
		HDFS: Number of bytes read=58717850
		HDFS: Number of bytes written=6991
		HDFS: Number of read operations=422
		HDFS: Number of large read operations=0
		HDFS: Number of write operations=138
	Map-Reduce Framework
		Combine input records=0
		Combine output records=0
		Reduce input groups=1
		Reduce shuffle bytes=510684
		Reduce input records=9457
		Reduce output records=1
		Spilled Records=9457
		Shuffled Maps =1
		Failed Shuffles=0
		Merged Map outputs=1
		GC time elapsed (ms)=0
		Total committed heap usage (bytes)=445120512
	Shuffle Errors
		BAD_ID=0
		CONNECTION=0
		IO_ERROR=0
		WRONG_LENGTH=0
		WRONG_MAP=0
		WRONG_REDUCE=0
	File Output Format Counters 
		Bytes Written=100
26/03/02 03:36:56 INFO mapred.LocalJobRunner: Finishing task: attempt_local379934214_0008_r_000002_0
26/03/02 03:36:56 INFO mapred.LocalJobRunner: Starting task: attempt_local379934214_0008_r_000003_0
26/03/02 03:36:56 INFO output.FileOutputCommitter: File Output Committer Algorithm version is 1
26/03/02 03:36:56 INFO mapred.Task:  Using ResourceCalculatorProcessTree : [ ]
26/03/02 03:36:56 INFO mapred.ReduceTask: Using ShuffleConsumerPlugin: org.apache.hadoop.mapreduce.task.reduce.Shuffle@405f714e
26/03/02 03:36:56 INFO reduce.MergeManagerImpl: MergerManager: memoryLimit=334338464, maxSingleShuffleLimit=83584616, mergeThreshold=220663392, ioSortFactor=10, memToMemMergeOutputsThreshold=10
26/03/02 03:36:56 INFO reduce.EventFetcher: attempt_local379934214_0008_r_000003_0 Thread started: EventFetcher for fetching Map Completion Events
26/03/02 03:36:56 INFO reduce.LocalFetcher: localfetcher#32 about to shuffle output of map attempt_local379934214_0008_m_000000_0 decomp: 1441748 len: 1441752 to MEMORY
26/03/02 03:36:56 INFO reduce.InMemoryMapOutput: Read 1441748 bytes from map-output for attempt_local379934214_0008_m_000000_0
26/03/02 03:36:56 INFO reduce.MergeManagerImpl: closeInMemoryFile -> map-output of size: 1441748, inMemoryMapOutputs.size() -> 1, commitMemory -> 0, usedMemory ->1441748
26/03/02 03:36:56 INFO reduce.EventFetcher: EventFetcher is interrupted.. Returning
26/03/02 03:36:56 INFO mapred.LocalJobRunner: 1 / 1 copied.
26/03/02 03:36:56 INFO reduce.MergeManagerImpl: finalMerge called with 1 in-memory map-outputs and 0 on-disk map-outputs
26/03/02 03:36:56 INFO mapred.Merger: Merging 1 sorted segments
26/03/02 03:36:56 INFO mapred.Merger: Down to the last merge-pass, with 1 segments left of total size: 1441742 bytes
26/03/02 03:36:56 INFO reduce.MergeManagerImpl: Merged 1 segments, 1441748 bytes to disk to satisfy reduce memory limit
26/03/02 03:36:56 INFO reduce.MergeManagerImpl: Merging 1 files, 1441752 bytes from disk
26/03/02 03:36:56 INFO reduce.MergeManagerImpl: Merging 0 segments, 0 bytes from memory into reduce
26/03/02 03:36:56 INFO mapred.Merger: Merging 1 sorted segments
26/03/02 03:36:56 INFO mapred.Merger: Down to the last merge-pass, with 1 segments left of total size: 1441742 bytes
26/03/02 03:36:56 INFO mapred.LocalJobRunner: 1 / 1 copied.
26/03/02 03:36:56 INFO mapred.Task: Task:attempt_local379934214_0008_r_000003_0 is done. And is in the process of committing
26/03/02 03:36:56 INFO mapred.LocalJobRunner: 1 / 1 copied.
26/03/02 03:36:56 INFO mapred.Task: Task attempt_local379934214_0008_r_000003_0 is allowed to commit now
26/03/02 03:36:56 INFO output.FileOutputCommitter: Saved output of task 'attempt_local379934214_0008_r_000003_0' to hdfs://localhost:9000/project2/task2/runs_report_plus/scale100k_basic/iter_8/_temporary/0/task_local379934214_0008_r_000003
26/03/02 03:36:56 INFO mapred.LocalJobRunner: reduce > reduce
26/03/02 03:36:56 INFO mapred.Task: Task 'attempt_local379934214_0008_r_000003_0' done.
26/03/02 03:36:56 INFO mapred.Task: Final Counters for attempt_local379934214_0008_r_000003_0: Counters: 29
	File System Counters
		FILE: Number of bytes read=87658368
		FILE: Number of bytes written=89923470
		FILE: Number of read operations=0
		FILE: Number of large read operations=0
		FILE: Number of write operations=0
		HDFS: Number of bytes read=58717850
		HDFS: Number of bytes written=7092
		HDFS: Number of read operations=425
		HDFS: Number of large read operations=0
		HDFS: Number of write operations=140
	Map-Reduce Framework
		Combine input records=0
		Combine output records=0
		Reduce input groups=1
		Reduce shuffle bytes=1441752
		Reduce input records=26699
		Reduce output records=1
		Spilled Records=26699
		Shuffled Maps =1
		Failed Shuffles=0
		Merged Map outputs=1
		GC time elapsed (ms)=0
		Total committed heap usage (bytes)=445120512
	Shuffle Errors
		BAD_ID=0
		CONNECTION=0
		IO_ERROR=0
		WRONG_LENGTH=0
		WRONG_MAP=0
		WRONG_REDUCE=0
	File Output Format Counters 
		Bytes Written=101
26/03/02 03:36:56 INFO mapred.LocalJobRunner: Finishing task: attempt_local379934214_0008_r_000003_0
26/03/02 03:36:56 INFO mapred.LocalJobRunner: reduce task executor complete.
26/03/02 03:36:57 INFO mapreduce.Job: Job job_local379934214_0008 running in uber mode : false
26/03/02 03:36:57 INFO mapreduce.Job:  map 100% reduce 100%
26/03/02 03:36:57 INFO mapreduce.Job: Job job_local379934214_0008 completed successfully
26/03/02 03:36:57 INFO mapreduce.Job: Counters: 35
	File System Counters
		FILE: Number of bytes read=414739084
		FILE: Number of bytes written=437853768
		FILE: Number of read operations=0
		FILE: Number of large read operations=0
		FILE: Number of write operations=0
		HDFS: Number of bytes read=293589250
		HDFS: Number of bytes written=34345
		HDFS: Number of read operations=2095
		HDFS: Number of large read operations=0
		HDFS: Number of write operations=680
	Map-Reduce Framework
		Map input records=100000
		Map output records=100000
		Map output bytes=5200000
		Map output materialized bytes=5400024
		Input split bytes=123
		Combine input records=0
		Combine output records=0
		Reduce input groups=5
		Reduce shuffle bytes=5400024
		Reduce input records=100000
		Reduce output records=5
		Spilled Records=200000
		Shuffled Maps =4
		Failed Shuffles=0
		Merged Map outputs=4
		GC time elapsed (ms)=22
		Total committed heap usage (bytes)=2225602560
	Shuffle Errors
		BAD_ID=0
		CONNECTION=0
		IO_ERROR=0
		WRONG_LENGTH=0
		WRONG_MAP=0
		WRONG_REDUCE=0
	File Input Format Counters 
		Bytes Read=7337711
	File Output Format Counters 
		Bytes Written=510
26/03/02 03:36:57 INFO jvm.JvmMetrics: Cannot initialize JVM Metrics with processName=JobTracker, sessionId= - already initialized
26/03/02 03:36:57 WARN mapreduce.JobResourceUploader: Hadoop command-line option parsing not performed. Implement the Tool interface and execute your application with ToolRunner to remedy this.
26/03/02 03:36:57 INFO input.FileInputFormat: Total input paths to process : 1
26/03/02 03:36:57 INFO mapreduce.JobSubmitter: number of splits:1
26/03/02 03:36:57 INFO mapreduce.JobSubmitter: Submitting tokens for job: job_local1751647491_0009
26/03/02 03:36:57 INFO mapred.LocalDistributedCacheManager: Creating symlink: /tmp/hadoop-ds503/mapred/local/1772422617935/centers_iter_8.csv <- /home/ds503/centers_iter_8.csv
26/03/02 03:36:57 INFO mapred.LocalDistributedCacheManager: Localized hdfs://localhost:9000/project2/task2/runs_report_plus/scale100k_basic/centers_iter_8.csv as file:/tmp/hadoop-ds503/mapred/local/1772422617935/centers_iter_8.csv
26/03/02 03:36:57 INFO mapreduce.Job: The url to track the job: http://localhost:8080/
26/03/02 03:36:57 INFO mapreduce.Job: Running job: job_local1751647491_0009
26/03/02 03:36:57 INFO mapred.LocalJobRunner: OutputCommitter set in config null
26/03/02 03:36:57 INFO output.FileOutputCommitter: File Output Committer Algorithm version is 1
26/03/02 03:36:57 INFO mapred.LocalJobRunner: OutputCommitter is org.apache.hadoop.mapreduce.lib.output.FileOutputCommitter
26/03/02 03:36:57 INFO mapred.LocalJobRunner: Waiting for map tasks
26/03/02 03:36:57 INFO mapred.LocalJobRunner: Starting task: attempt_local1751647491_0009_m_000000_0
26/03/02 03:36:57 INFO output.FileOutputCommitter: File Output Committer Algorithm version is 1
26/03/02 03:36:57 INFO mapred.Task:  Using ResourceCalculatorProcessTree : [ ]
26/03/02 03:36:57 INFO mapred.MapTask: Processing split: hdfs://localhost:9000/project2/task2/input/points_100k.csv:0+7337711
26/03/02 03:36:57 INFO mapred.MapTask: (EQUATOR) 0 kvi 26214396(104857584)
26/03/02 03:36:57 INFO mapred.MapTask: mapreduce.task.io.sort.mb: 100
26/03/02 03:36:57 INFO mapred.MapTask: soft limit at 83886080
26/03/02 03:36:57 INFO mapred.MapTask: bufstart = 0; bufvoid = 104857600
26/03/02 03:36:57 INFO mapred.MapTask: kvstart = 26214396; length = 6553600
26/03/02 03:36:57 INFO mapred.MapTask: Map output collector class = org.apache.hadoop.mapred.MapTask$MapOutputBuffer
26/03/02 03:36:58 INFO mapred.LocalJobRunner: 
26/03/02 03:36:58 INFO mapred.MapTask: Starting flush of map output
26/03/02 03:36:58 INFO mapred.MapTask: Spilling map output
26/03/02 03:36:58 INFO mapred.MapTask: bufstart = 0; bufend = 5200000; bufvoid = 104857600
26/03/02 03:36:58 INFO mapred.MapTask: kvstart = 26214396(104857584); kvend = 25814400(103257600); length = 399997/6553600
26/03/02 03:36:58 INFO mapred.MapTask: Finished spill 0
26/03/02 03:36:58 INFO mapred.Task: Task:attempt_local1751647491_0009_m_000000_0 is done. And is in the process of committing
26/03/02 03:36:58 INFO mapred.LocalJobRunner: map
26/03/02 03:36:58 INFO mapred.Task: Task 'attempt_local1751647491_0009_m_000000_0' done.
26/03/02 03:36:58 INFO mapred.Task: Final Counters for attempt_local1751647491_0009_m_000000_0: Counters: 22
	File System Counters
		FILE: Number of bytes read=87802924
		FILE: Number of bytes written=95764870
		FILE: Number of read operations=0
		FILE: Number of large read operations=0
		FILE: Number of write operations=0
		HDFS: Number of bytes read=66057708
		HDFS: Number of bytes written=7467
		HDFS: Number of read operations=469
		HDFS: Number of large read operations=0
		HDFS: Number of write operations=150
	Map-Reduce Framework
		Map input records=100000
		Map output records=100000
		Map output bytes=5200000
		Map output materialized bytes=5400024
		Input split bytes=123
		Combine input records=0
		Spilled Records=100000
		Failed Shuffles=0
		Merged Map outputs=0
		GC time elapsed (ms)=127
		Total committed heap usage (bytes)=509083648
	File Input Format Counters 
		Bytes Read=7337711
26/03/02 03:36:58 INFO mapred.LocalJobRunner: Finishing task: attempt_local1751647491_0009_m_000000_0
26/03/02 03:36:58 INFO mapred.LocalJobRunner: map task executor complete.
26/03/02 03:36:58 INFO mapred.LocalJobRunner: Waiting for reduce tasks
26/03/02 03:36:58 INFO mapred.LocalJobRunner: Starting task: attempt_local1751647491_0009_r_000000_0
26/03/02 03:36:58 INFO output.FileOutputCommitter: File Output Committer Algorithm version is 1
26/03/02 03:36:58 INFO mapred.Task:  Using ResourceCalculatorProcessTree : [ ]
26/03/02 03:36:58 INFO mapred.ReduceTask: Using ShuffleConsumerPlugin: org.apache.hadoop.mapreduce.task.reduce.Shuffle@6c9ebe6d
26/03/02 03:36:58 INFO reduce.MergeManagerImpl: MergerManager: memoryLimit=356358560, maxSingleShuffleLimit=89089640, mergeThreshold=235196656, ioSortFactor=10, memToMemMergeOutputsThreshold=10
26/03/02 03:36:58 INFO reduce.EventFetcher: attempt_local1751647491_0009_r_000000_0 Thread started: EventFetcher for fetching Map Completion Events
26/03/02 03:36:58 INFO reduce.LocalFetcher: localfetcher#33 about to shuffle output of map attempt_local1751647491_0009_m_000000_0 decomp: 2407754 len: 2407758 to MEMORY
26/03/02 03:36:58 INFO reduce.InMemoryMapOutput: Read 2407754 bytes from map-output for attempt_local1751647491_0009_m_000000_0
26/03/02 03:36:58 INFO reduce.MergeManagerImpl: closeInMemoryFile -> map-output of size: 2407754, inMemoryMapOutputs.size() -> 1, commitMemory -> 0, usedMemory ->2407754
26/03/02 03:36:58 INFO reduce.EventFetcher: EventFetcher is interrupted.. Returning
26/03/02 03:36:58 INFO mapred.LocalJobRunner: 1 / 1 copied.
26/03/02 03:36:58 INFO reduce.MergeManagerImpl: finalMerge called with 1 in-memory map-outputs and 0 on-disk map-outputs
26/03/02 03:36:58 INFO mapred.Merger: Merging 1 sorted segments
26/03/02 03:36:58 INFO mapred.Merger: Down to the last merge-pass, with 1 segments left of total size: 2407748 bytes
26/03/02 03:36:58 INFO reduce.MergeManagerImpl: Merged 1 segments, 2407754 bytes to disk to satisfy reduce memory limit
26/03/02 03:36:58 INFO reduce.MergeManagerImpl: Merging 1 files, 2407758 bytes from disk
26/03/02 03:36:58 INFO reduce.MergeManagerImpl: Merging 0 segments, 0 bytes from memory into reduce
26/03/02 03:36:58 INFO mapred.Merger: Merging 1 sorted segments
26/03/02 03:36:58 INFO mapred.Merger: Down to the last merge-pass, with 1 segments left of total size: 2407748 bytes
26/03/02 03:36:58 INFO mapred.LocalJobRunner: 1 / 1 copied.
26/03/02 03:36:58 INFO mapred.Task: Task:attempt_local1751647491_0009_r_000000_0 is done. And is in the process of committing
26/03/02 03:36:58 INFO mapred.LocalJobRunner: 1 / 1 copied.
26/03/02 03:36:58 INFO mapred.Task: Task attempt_local1751647491_0009_r_000000_0 is allowed to commit now
26/03/02 03:36:58 INFO output.FileOutputCommitter: Saved output of task 'attempt_local1751647491_0009_r_000000_0' to hdfs://localhost:9000/project2/task2/runs_report_plus/scale100k_basic/iter_9/_temporary/0/task_local1751647491_0009_r_000000
26/03/02 03:36:58 INFO mapred.LocalJobRunner: reduce > reduce
26/03/02 03:36:58 INFO mapred.Task: Task 'attempt_local1751647491_0009_r_000000_0' done.
26/03/02 03:36:58 INFO mapred.Task: Final Counters for attempt_local1751647491_0009_r_000000_0: Counters: 29
	File System Counters
		FILE: Number of bytes read=92622636
		FILE: Number of bytes written=98172628
		FILE: Number of read operations=0
		FILE: Number of large read operations=0
		FILE: Number of write operations=0
		HDFS: Number of bytes read=66057708
		HDFS: Number of bytes written=7672
		HDFS: Number of read operations=472
		HDFS: Number of large read operations=0
		HDFS: Number of write operations=152
	Map-Reduce Framework
		Combine input records=0
		Combine output records=0
		Reduce input groups=2
		Reduce shuffle bytes=2407758
		Reduce input records=44588
		Reduce output records=2
		Spilled Records=44588
		Shuffled Maps =1
		Failed Shuffles=0
		Merged Map outputs=1
		GC time elapsed (ms)=0
		Total committed heap usage (bytes)=509083648
	Shuffle Errors
		BAD_ID=0
		CONNECTION=0
		IO_ERROR=0
		WRONG_LENGTH=0
		WRONG_MAP=0
		WRONG_REDUCE=0
	File Output Format Counters 
		Bytes Written=205
26/03/02 03:36:58 INFO mapred.LocalJobRunner: Finishing task: attempt_local1751647491_0009_r_000000_0
26/03/02 03:36:58 INFO mapred.LocalJobRunner: Starting task: attempt_local1751647491_0009_r_000001_0
26/03/02 03:36:58 INFO output.FileOutputCommitter: File Output Committer Algorithm version is 1
26/03/02 03:36:58 INFO mapred.Task:  Using ResourceCalculatorProcessTree : [ ]
26/03/02 03:36:58 INFO mapred.ReduceTask: Using ShuffleConsumerPlugin: org.apache.hadoop.mapreduce.task.reduce.Shuffle@3a90e862
26/03/02 03:36:58 INFO reduce.MergeManagerImpl: MergerManager: memoryLimit=356358560, maxSingleShuffleLimit=89089640, mergeThreshold=235196656, ioSortFactor=10, memToMemMergeOutputsThreshold=10
26/03/02 03:36:58 INFO reduce.EventFetcher: attempt_local1751647491_0009_r_000001_0 Thread started: EventFetcher for fetching Map Completion Events
26/03/02 03:36:58 INFO reduce.LocalFetcher: localfetcher#34 about to shuffle output of map attempt_local1751647491_0009_m_000000_0 decomp: 1034966 len: 1034970 to MEMORY
26/03/02 03:36:58 INFO reduce.InMemoryMapOutput: Read 1034966 bytes from map-output for attempt_local1751647491_0009_m_000000_0
26/03/02 03:36:58 INFO reduce.MergeManagerImpl: closeInMemoryFile -> map-output of size: 1034966, inMemoryMapOutputs.size() -> 1, commitMemory -> 0, usedMemory ->1034966
26/03/02 03:36:58 INFO reduce.EventFetcher: EventFetcher is interrupted.. Returning
26/03/02 03:36:58 INFO mapred.LocalJobRunner: 1 / 1 copied.
26/03/02 03:36:58 INFO reduce.MergeManagerImpl: finalMerge called with 1 in-memory map-outputs and 0 on-disk map-outputs
26/03/02 03:36:58 INFO mapred.Merger: Merging 1 sorted segments
26/03/02 03:36:58 INFO mapred.Merger: Down to the last merge-pass, with 1 segments left of total size: 1034960 bytes
26/03/02 03:36:58 INFO reduce.MergeManagerImpl: Merged 1 segments, 1034966 bytes to disk to satisfy reduce memory limit
26/03/02 03:36:58 INFO reduce.MergeManagerImpl: Merging 1 files, 1034970 bytes from disk
26/03/02 03:36:58 INFO reduce.MergeManagerImpl: Merging 0 segments, 0 bytes from memory into reduce
26/03/02 03:36:58 INFO mapred.Merger: Merging 1 sorted segments
26/03/02 03:36:58 INFO mapred.Merger: Down to the last merge-pass, with 1 segments left of total size: 1034960 bytes
26/03/02 03:36:58 INFO mapred.LocalJobRunner: 1 / 1 copied.
26/03/02 03:36:58 INFO mapred.Task: Task:attempt_local1751647491_0009_r_000001_0 is done. And is in the process of committing
26/03/02 03:36:58 INFO mapred.LocalJobRunner: 1 / 1 copied.
26/03/02 03:36:58 INFO mapred.Task: Task attempt_local1751647491_0009_r_000001_0 is allowed to commit now
26/03/02 03:36:58 INFO output.FileOutputCommitter: Saved output of task 'attempt_local1751647491_0009_r_000001_0' to hdfs://localhost:9000/project2/task2/runs_report_plus/scale100k_basic/iter_9/_temporary/0/task_local1751647491_0009_r_000001
26/03/02 03:36:58 INFO mapred.LocalJobRunner: reduce > reduce
26/03/02 03:36:58 INFO mapred.Task: Task 'attempt_local1751647491_0009_r_000001_0' done.
26/03/02 03:36:58 INFO mapred.Task: Final Counters for attempt_local1751647491_0009_r_000001_0: Counters: 29
	File System Counters
		FILE: Number of bytes read=94696772
		FILE: Number of bytes written=99207598
		FILE: Number of read operations=0
		FILE: Number of large read operations=0
		FILE: Number of write operations=0
		HDFS: Number of bytes read=66057708
		HDFS: Number of bytes written=7774
		HDFS: Number of read operations=475
		HDFS: Number of large read operations=0
		HDFS: Number of write operations=154
	Map-Reduce Framework
		Combine input records=0
		Combine output records=0
		Reduce input groups=1
		Reduce shuffle bytes=1034970
		Reduce input records=19166
		Reduce output records=1
		Spilled Records=19166
		Shuffled Maps =1
		Failed Shuffles=0
		Merged Map outputs=1
		GC time elapsed (ms)=0
		Total committed heap usage (bytes)=509083648
	Shuffle Errors
		BAD_ID=0
		CONNECTION=0
		IO_ERROR=0
		WRONG_LENGTH=0
		WRONG_MAP=0
		WRONG_REDUCE=0
	File Output Format Counters 
		Bytes Written=102
26/03/02 03:36:58 INFO mapred.LocalJobRunner: Finishing task: attempt_local1751647491_0009_r_000001_0
26/03/02 03:36:58 INFO mapred.LocalJobRunner: Starting task: attempt_local1751647491_0009_r_000002_0
26/03/02 03:36:58 INFO output.FileOutputCommitter: File Output Committer Algorithm version is 1
26/03/02 03:36:58 INFO mapred.Task:  Using ResourceCalculatorProcessTree : [ ]
26/03/02 03:36:58 INFO mapred.ReduceTask: Using ShuffleConsumerPlugin: org.apache.hadoop.mapreduce.task.reduce.Shuffle@429316f2
26/03/02 03:36:58 INFO reduce.MergeManagerImpl: MergerManager: memoryLimit=356358560, maxSingleShuffleLimit=89089640, mergeThreshold=235196656, ioSortFactor=10, memToMemMergeOutputsThreshold=10
26/03/02 03:36:58 INFO reduce.EventFetcher: attempt_local1751647491_0009_r_000002_0 Thread started: EventFetcher for fetching Map Completion Events
26/03/02 03:36:58 INFO reduce.LocalFetcher: localfetcher#35 about to shuffle output of map attempt_local1751647491_0009_m_000000_0 decomp: 551882 len: 551886 to MEMORY
26/03/02 03:36:58 INFO reduce.InMemoryMapOutput: Read 551882 bytes from map-output for attempt_local1751647491_0009_m_000000_0
26/03/02 03:36:58 INFO reduce.MergeManagerImpl: closeInMemoryFile -> map-output of size: 551882, inMemoryMapOutputs.size() -> 1, commitMemory -> 0, usedMemory ->551882
26/03/02 03:36:58 INFO reduce.EventFetcher: EventFetcher is interrupted.. Returning
26/03/02 03:36:58 INFO mapred.LocalJobRunner: 1 / 1 copied.
26/03/02 03:36:58 INFO reduce.MergeManagerImpl: finalMerge called with 1 in-memory map-outputs and 0 on-disk map-outputs
26/03/02 03:36:58 INFO mapred.Merger: Merging 1 sorted segments
26/03/02 03:36:58 INFO mapred.Merger: Down to the last merge-pass, with 1 segments left of total size: 551876 bytes
26/03/02 03:36:58 INFO reduce.MergeManagerImpl: Merged 1 segments, 551882 bytes to disk to satisfy reduce memory limit
26/03/02 03:36:58 INFO reduce.MergeManagerImpl: Merging 1 files, 551886 bytes from disk
26/03/02 03:36:58 INFO reduce.MergeManagerImpl: Merging 0 segments, 0 bytes from memory into reduce
26/03/02 03:36:58 INFO mapred.Merger: Merging 1 sorted segments
26/03/02 03:36:58 INFO mapred.Merger: Down to the last merge-pass, with 1 segments left of total size: 551876 bytes
26/03/02 03:36:58 INFO mapred.LocalJobRunner: 1 / 1 copied.
26/03/02 03:36:59 INFO mapred.Task: Task:attempt_local1751647491_0009_r_000002_0 is done. And is in the process of committing
26/03/02 03:36:59 INFO mapred.LocalJobRunner: 1 / 1 copied.
26/03/02 03:36:59 INFO mapred.Task: Task attempt_local1751647491_0009_r_000002_0 is allowed to commit now
26/03/02 03:36:59 INFO output.FileOutputCommitter: Saved output of task 'attempt_local1751647491_0009_r_000002_0' to hdfs://localhost:9000/project2/task2/runs_report_plus/scale100k_basic/iter_9/_temporary/0/task_local1751647491_0009_r_000002
26/03/02 03:36:59 INFO mapred.LocalJobRunner: reduce > reduce
26/03/02 03:36:59 INFO mapred.Task: Task 'attempt_local1751647491_0009_r_000002_0' done.
26/03/02 03:36:59 INFO mapred.Task: Final Counters for attempt_local1751647491_0009_r_000002_0: Counters: 29
	File System Counters
		FILE: Number of bytes read=95804740
		FILE: Number of bytes written=99759484
		FILE: Number of read operations=0
		FILE: Number of large read operations=0
		FILE: Number of write operations=0
		HDFS: Number of bytes read=66057708
		HDFS: Number of bytes written=7877
		HDFS: Number of read operations=478
		HDFS: Number of large read operations=0
		HDFS: Number of write operations=156
	Map-Reduce Framework
		Combine input records=0
		Combine output records=0
		Reduce input groups=1
		Reduce shuffle bytes=551886
		Reduce input records=10220
		Reduce output records=1
		Spilled Records=10220
		Shuffled Maps =1
		Failed Shuffles=0
		Merged Map outputs=1
		GC time elapsed (ms)=0
		Total committed heap usage (bytes)=509083648
	Shuffle Errors
		BAD_ID=0
		CONNECTION=0
		IO_ERROR=0
		WRONG_LENGTH=0
		WRONG_MAP=0
		WRONG_REDUCE=0
	File Output Format Counters 
		Bytes Written=103
26/03/02 03:36:59 INFO mapred.LocalJobRunner: Finishing task: attempt_local1751647491_0009_r_000002_0
26/03/02 03:36:59 INFO mapred.LocalJobRunner: Starting task: attempt_local1751647491_0009_r_000003_0
26/03/02 03:36:59 INFO output.FileOutputCommitter: File Output Committer Algorithm version is 1
26/03/02 03:36:59 INFO mapred.Task:  Using ResourceCalculatorProcessTree : [ ]
26/03/02 03:36:59 INFO mapred.ReduceTask: Using ShuffleConsumerPlugin: org.apache.hadoop.mapreduce.task.reduce.Shuffle@7e259b09
26/03/02 03:36:59 INFO reduce.MergeManagerImpl: MergerManager: memoryLimit=356358560, maxSingleShuffleLimit=89089640, mergeThreshold=235196656, ioSortFactor=10, memToMemMergeOutputsThreshold=10
26/03/02 03:36:59 INFO reduce.EventFetcher: attempt_local1751647491_0009_r_000003_0 Thread started: EventFetcher for fetching Map Completion Events
26/03/02 03:36:59 INFO reduce.LocalFetcher: localfetcher#36 about to shuffle output of map attempt_local1751647491_0009_m_000000_0 decomp: 1405406 len: 1405410 to MEMORY
26/03/02 03:36:59 INFO reduce.InMemoryMapOutput: Read 1405406 bytes from map-output for attempt_local1751647491_0009_m_000000_0
26/03/02 03:36:59 INFO reduce.MergeManagerImpl: closeInMemoryFile -> map-output of size: 1405406, inMemoryMapOutputs.size() -> 1, commitMemory -> 0, usedMemory ->1405406
26/03/02 03:36:59 INFO reduce.EventFetcher: EventFetcher is interrupted.. Returning
26/03/02 03:36:59 INFO mapred.LocalJobRunner: 1 / 1 copied.
26/03/02 03:36:59 INFO reduce.MergeManagerImpl: finalMerge called with 1 in-memory map-outputs and 0 on-disk map-outputs
26/03/02 03:36:59 INFO mapred.Merger: Merging 1 sorted segments
26/03/02 03:36:59 INFO mapred.Merger: Down to the last merge-pass, with 1 segments left of total size: 1405400 bytes
26/03/02 03:36:59 INFO reduce.MergeManagerImpl: Merged 1 segments, 1405406 bytes to disk to satisfy reduce memory limit
26/03/02 03:36:59 INFO reduce.MergeManagerImpl: Merging 1 files, 1405410 bytes from disk
26/03/02 03:36:59 INFO reduce.MergeManagerImpl: Merging 0 segments, 0 bytes from memory into reduce
26/03/02 03:36:59 INFO mapred.Merger: Merging 1 sorted segments
26/03/02 03:36:59 INFO mapred.Merger: Down to the last merge-pass, with 1 segments left of total size: 1405400 bytes
26/03/02 03:36:59 INFO mapred.LocalJobRunner: 1 / 1 copied.
26/03/02 03:36:59 INFO mapred.Task: Task:attempt_local1751647491_0009_r_000003_0 is done. And is in the process of committing
26/03/02 03:36:59 INFO mapred.LocalJobRunner: 1 / 1 copied.
26/03/02 03:36:59 INFO mapred.Task: Task attempt_local1751647491_0009_r_000003_0 is allowed to commit now
26/03/02 03:36:59 INFO output.FileOutputCommitter: Saved output of task 'attempt_local1751647491_0009_r_000003_0' to hdfs://localhost:9000/project2/task2/runs_report_plus/scale100k_basic/iter_9/_temporary/0/task_local1751647491_0009_r_000003
26/03/02 03:36:59 INFO mapred.LocalJobRunner: reduce > reduce
26/03/02 03:36:59 INFO mapred.Task: Task 'attempt_local1751647491_0009_r_000003_0' done.
26/03/02 03:36:59 INFO mapred.Task: Final Counters for attempt_local1751647491_0009_r_000003_0: Counters: 29
	File System Counters
		FILE: Number of bytes read=98615664
		FILE: Number of bytes written=101164894
		FILE: Number of read operations=0
		FILE: Number of large read operations=0
		FILE: Number of write operations=0
		HDFS: Number of bytes read=66057708
		HDFS: Number of bytes written=7980
		HDFS: Number of read operations=481
		HDFS: Number of large read operations=0
		HDFS: Number of write operations=158
	Map-Reduce Framework
		Combine input records=0
		Combine output records=0
		Reduce input groups=1
		Reduce shuffle bytes=1405410
		Reduce input records=26026
		Reduce output records=1
		Spilled Records=26026
		Shuffled Maps =1
		Failed Shuffles=0
		Merged Map outputs=1
		GC time elapsed (ms)=0
		Total committed heap usage (bytes)=509083648
	Shuffle Errors
		BAD_ID=0
		CONNECTION=0
		IO_ERROR=0
		WRONG_LENGTH=0
		WRONG_MAP=0
		WRONG_REDUCE=0
	File Output Format Counters 
		Bytes Written=103
26/03/02 03:36:59 INFO mapred.LocalJobRunner: Finishing task: attempt_local1751647491_0009_r_000003_0
26/03/02 03:36:59 INFO mapred.LocalJobRunner: reduce task executor complete.
26/03/02 03:37:00 INFO mapreduce.Job: Job job_local1751647491_0009 running in uber mode : false
26/03/02 03:37:00 INFO mapreduce.Job:  map 100% reduce 100%
26/03/02 03:37:00 INFO mapreduce.Job: Job job_local1751647491_0009 completed successfully
26/03/02 03:37:00 INFO mapreduce.Job: Counters: 35
	File System Counters
		FILE: Number of bytes read=469542736
		FILE: Number of bytes written=494069474
		FILE: Number of read operations=0
		FILE: Number of large read operations=0
		FILE: Number of write operations=0
		HDFS: Number of bytes read=330288540
		HDFS: Number of bytes written=38770
		HDFS: Number of read operations=2375
		HDFS: Number of large read operations=0
		HDFS: Number of write operations=770
	Map-Reduce Framework
		Map input records=100000
		Map output records=100000
		Map output bytes=5200000
		Map output materialized bytes=5400024
		Input split bytes=123
		Combine input records=0
		Combine output records=0
		Reduce input groups=5
		Reduce shuffle bytes=5400024
		Reduce input records=100000
		Reduce output records=5
		Spilled Records=200000
		Shuffled Maps =4
		Failed Shuffles=0
		Merged Map outputs=4
		GC time elapsed (ms)=127
		Total committed heap usage (bytes)=2545418240
	Shuffle Errors
		BAD_ID=0
		CONNECTION=0
		IO_ERROR=0
		WRONG_LENGTH=0
		WRONG_MAP=0
		WRONG_REDUCE=0
	File Input Format Counters 
		Bytes Read=7337711
	File Output Format Counters 
		Bytes Written=513
26/03/02 03:37:00 INFO jvm.JvmMetrics: Cannot initialize JVM Metrics with processName=JobTracker, sessionId= - already initialized
26/03/02 03:37:00 WARN mapreduce.JobResourceUploader: Hadoop command-line option parsing not performed. Implement the Tool interface and execute your application with ToolRunner to remedy this.
26/03/02 03:37:00 INFO input.FileInputFormat: Total input paths to process : 1
26/03/02 03:37:00 INFO mapreduce.JobSubmitter: number of splits:1
26/03/02 03:37:00 INFO mapreduce.JobSubmitter: Submitting tokens for job: job_local1761127727_0010
26/03/02 03:37:00 INFO mapred.LocalDistributedCacheManager: Creating symlink: /tmp/hadoop-ds503/mapred/local/1772422620624/centers_iter_9.csv <- /home/ds503/centers_iter_9.csv
26/03/02 03:37:00 INFO mapred.LocalDistributedCacheManager: Localized hdfs://localhost:9000/project2/task2/runs_report_plus/scale100k_basic/centers_iter_9.csv as file:/tmp/hadoop-ds503/mapred/local/1772422620624/centers_iter_9.csv
26/03/02 03:37:00 INFO mapreduce.Job: The url to track the job: http://localhost:8080/
26/03/02 03:37:00 INFO mapreduce.Job: Running job: job_local1761127727_0010
26/03/02 03:37:00 INFO mapred.LocalJobRunner: OutputCommitter set in config null
26/03/02 03:37:00 INFO output.FileOutputCommitter: File Output Committer Algorithm version is 1
26/03/02 03:37:00 INFO mapred.LocalJobRunner: OutputCommitter is org.apache.hadoop.mapreduce.lib.output.FileOutputCommitter
26/03/02 03:37:00 INFO mapred.LocalJobRunner: Waiting for map tasks
26/03/02 03:37:00 INFO mapred.LocalJobRunner: Starting task: attempt_local1761127727_0010_m_000000_0
26/03/02 03:37:00 INFO output.FileOutputCommitter: File Output Committer Algorithm version is 1
26/03/02 03:37:00 INFO mapred.Task:  Using ResourceCalculatorProcessTree : [ ]
26/03/02 03:37:00 INFO mapred.MapTask: Processing split: hdfs://localhost:9000/project2/task2/input/points_100k.csv:0+7337711
26/03/02 03:37:00 INFO mapred.MapTask: (EQUATOR) 0 kvi 26214396(104857584)
26/03/02 03:37:00 INFO mapred.MapTask: mapreduce.task.io.sort.mb: 100
26/03/02 03:37:00 INFO mapred.MapTask: soft limit at 83886080
26/03/02 03:37:00 INFO mapred.MapTask: bufstart = 0; bufvoid = 104857600
26/03/02 03:37:00 INFO mapred.MapTask: kvstart = 26214396; length = 6553600
26/03/02 03:37:00 INFO mapred.MapTask: Map output collector class = org.apache.hadoop.mapred.MapTask$MapOutputBuffer
26/03/02 03:37:00 INFO mapred.LocalJobRunner: 
26/03/02 03:37:00 INFO mapred.MapTask: Starting flush of map output
26/03/02 03:37:00 INFO mapred.MapTask: Spilling map output
26/03/02 03:37:00 INFO mapred.MapTask: bufstart = 0; bufend = 5200000; bufvoid = 104857600
26/03/02 03:37:00 INFO mapred.MapTask: kvstart = 26214396(104857584); kvend = 25814400(103257600); length = 399997/6553600
26/03/02 03:37:00 INFO mapred.MapTask: Finished spill 0
26/03/02 03:37:00 INFO mapred.Task: Task:attempt_local1761127727_0010_m_000000_0 is done. And is in the process of committing
26/03/02 03:37:00 INFO mapred.LocalJobRunner: map
26/03/02 03:37:00 INFO mapred.Task: Task 'attempt_local1761127727_0010_m_000000_0' done.
26/03/02 03:37:00 INFO mapred.Task: Final Counters for attempt_local1761127727_0010_m_000000_0: Counters: 22
	File System Counters
		FILE: Number of bytes read=98760220
		FILE: Number of bytes written=107006298
		FILE: Number of read operations=0
		FILE: Number of large read operations=0
		FILE: Number of write operations=0
		HDFS: Number of bytes read=73397574
		HDFS: Number of bytes written=8357
		HDFS: Number of read operations=525
		HDFS: Number of large read operations=0
		HDFS: Number of write operations=168
	Map-Reduce Framework
		Map input records=100000
		Map output records=100000
		Map output bytes=5200000
		Map output materialized bytes=5400024
		Input split bytes=123
		Combine input records=0
		Spilled Records=100000
		Failed Shuffles=0
		Merged Map outputs=0
		GC time elapsed (ms)=22
		Total committed heap usage (bytes)=506986496
	File Input Format Counters 
		Bytes Read=7337711
26/03/02 03:37:00 INFO mapred.LocalJobRunner: Finishing task: attempt_local1761127727_0010_m_000000_0
26/03/02 03:37:00 INFO mapred.LocalJobRunner: map task executor complete.
26/03/02 03:37:00 INFO mapred.LocalJobRunner: Waiting for reduce tasks
26/03/02 03:37:00 INFO mapred.LocalJobRunner: Starting task: attempt_local1761127727_0010_r_000000_0
26/03/02 03:37:00 INFO output.FileOutputCommitter: File Output Committer Algorithm version is 1
26/03/02 03:37:00 INFO mapred.Task:  Using ResourceCalculatorProcessTree : [ ]
26/03/02 03:37:00 INFO mapred.ReduceTask: Using ShuffleConsumerPlugin: org.apache.hadoop.mapreduce.task.reduce.Shuffle@524ea32b
26/03/02 03:37:00 INFO reduce.MergeManagerImpl: MergerManager: memoryLimit=354890528, maxSingleShuffleLimit=88722632, mergeThreshold=234227760, ioSortFactor=10, memToMemMergeOutputsThreshold=10
26/03/02 03:37:00 INFO reduce.EventFetcher: attempt_local1761127727_0010_r_000000_0 Thread started: EventFetcher for fetching Map Completion Events
26/03/02 03:37:00 INFO reduce.LocalFetcher: localfetcher#37 about to shuffle output of map attempt_local1761127727_0010_m_000000_0 decomp: 2379782 len: 2379786 to MEMORY
26/03/02 03:37:00 INFO reduce.InMemoryMapOutput: Read 2379782 bytes from map-output for attempt_local1761127727_0010_m_000000_0
26/03/02 03:37:00 INFO reduce.MergeManagerImpl: closeInMemoryFile -> map-output of size: 2379782, inMemoryMapOutputs.size() -> 1, commitMemory -> 0, usedMemory ->2379782
26/03/02 03:37:00 INFO reduce.EventFetcher: EventFetcher is interrupted.. Returning
26/03/02 03:37:00 INFO mapred.LocalJobRunner: 1 / 1 copied.
26/03/02 03:37:00 INFO reduce.MergeManagerImpl: finalMerge called with 1 in-memory map-outputs and 0 on-disk map-outputs
26/03/02 03:37:00 INFO mapred.Merger: Merging 1 sorted segments
26/03/02 03:37:00 INFO mapred.Merger: Down to the last merge-pass, with 1 segments left of total size: 2379776 bytes
26/03/02 03:37:00 INFO reduce.MergeManagerImpl: Merged 1 segments, 2379782 bytes to disk to satisfy reduce memory limit
26/03/02 03:37:00 INFO reduce.MergeManagerImpl: Merging 1 files, 2379786 bytes from disk
26/03/02 03:37:00 INFO reduce.MergeManagerImpl: Merging 0 segments, 0 bytes from memory into reduce
26/03/02 03:37:00 INFO mapred.Merger: Merging 1 sorted segments
26/03/02 03:37:00 INFO mapred.Merger: Down to the last merge-pass, with 1 segments left of total size: 2379776 bytes
26/03/02 03:37:00 INFO mapred.LocalJobRunner: 1 / 1 copied.
26/03/02 03:37:00 INFO mapred.Task: Task:attempt_local1761127727_0010_r_000000_0 is done. And is in the process of committing
26/03/02 03:37:00 INFO mapred.LocalJobRunner: 1 / 1 copied.
26/03/02 03:37:00 INFO mapred.Task: Task attempt_local1761127727_0010_r_000000_0 is allowed to commit now
26/03/02 03:37:00 INFO output.FileOutputCommitter: Saved output of task 'attempt_local1761127727_0010_r_000000_0' to hdfs://localhost:9000/project2/task2/runs_report_plus/scale100k_basic/iter_10/_temporary/0/task_local1761127727_0010_r_000000
26/03/02 03:37:00 INFO mapred.LocalJobRunner: reduce > reduce
26/03/02 03:37:00 INFO mapred.Task: Task 'attempt_local1761127727_0010_r_000000_0' done.
26/03/02 03:37:00 INFO mapred.Task: Final Counters for attempt_local1761127727_0010_r_000000_0: Counters: 29
	File System Counters
		FILE: Number of bytes read=103523988
		FILE: Number of bytes written=109386084
		FILE: Number of read operations=0
		FILE: Number of large read operations=0
		FILE: Number of write operations=0
		HDFS: Number of bytes read=73397574
		HDFS: Number of bytes written=8564
		HDFS: Number of read operations=528
		HDFS: Number of large read operations=0
		HDFS: Number of write operations=170
	Map-Reduce Framework
		Combine input records=0
		Combine output records=0
		Reduce input groups=2
		Reduce shuffle bytes=2379786
		Reduce input records=44070
		Reduce output records=2
		Spilled Records=44070
		Shuffled Maps =1
		Failed Shuffles=0
		Merged Map outputs=1
		GC time elapsed (ms)=0
		Total committed heap usage (bytes)=506986496
	Shuffle Errors
		BAD_ID=0
		CONNECTION=0
		IO_ERROR=0
		WRONG_LENGTH=0
		WRONG_MAP=0
		WRONG_REDUCE=0
	File Output Format Counters 
		Bytes Written=207
26/03/02 03:37:00 INFO mapred.LocalJobRunner: Finishing task: attempt_local1761127727_0010_r_000000_0
26/03/02 03:37:00 INFO mapred.LocalJobRunner: Starting task: attempt_local1761127727_0010_r_000001_0
26/03/02 03:37:00 INFO output.FileOutputCommitter: File Output Committer Algorithm version is 1
26/03/02 03:37:00 INFO mapred.Task:  Using ResourceCalculatorProcessTree : [ ]
26/03/02 03:37:00 INFO mapred.ReduceTask: Using ShuffleConsumerPlugin: org.apache.hadoop.mapreduce.task.reduce.Shuffle@3a44e24f
26/03/02 03:37:00 INFO reduce.MergeManagerImpl: MergerManager: memoryLimit=354890528, maxSingleShuffleLimit=88722632, mergeThreshold=234227760, ioSortFactor=10, memToMemMergeOutputsThreshold=10
26/03/02 03:37:00 INFO reduce.EventFetcher: attempt_local1761127727_0010_r_000001_0 Thread started: EventFetcher for fetching Map Completion Events
26/03/02 03:37:00 INFO reduce.LocalFetcher: localfetcher#38 about to shuffle output of map attempt_local1761127727_0010_m_000000_0 decomp: 1050950 len: 1050954 to MEMORY
26/03/02 03:37:00 INFO reduce.InMemoryMapOutput: Read 1050950 bytes from map-output for attempt_local1761127727_0010_m_000000_0
26/03/02 03:37:00 INFO reduce.MergeManagerImpl: closeInMemoryFile -> map-output of size: 1050950, inMemoryMapOutputs.size() -> 1, commitMemory -> 0, usedMemory ->1050950
26/03/02 03:37:00 INFO reduce.EventFetcher: EventFetcher is interrupted.. Returning
26/03/02 03:37:00 INFO mapred.LocalJobRunner: 1 / 1 copied.
26/03/02 03:37:00 INFO reduce.MergeManagerImpl: finalMerge called with 1 in-memory map-outputs and 0 on-disk map-outputs
26/03/02 03:37:00 INFO mapred.Merger: Merging 1 sorted segments
26/03/02 03:37:00 INFO mapred.Merger: Down to the last merge-pass, with 1 segments left of total size: 1050944 bytes
26/03/02 03:37:00 INFO reduce.MergeManagerImpl: Merged 1 segments, 1050950 bytes to disk to satisfy reduce memory limit
26/03/02 03:37:00 INFO reduce.MergeManagerImpl: Merging 1 files, 1050954 bytes from disk
26/03/02 03:37:00 INFO reduce.MergeManagerImpl: Merging 0 segments, 0 bytes from memory into reduce
26/03/02 03:37:00 INFO mapred.Merger: Merging 1 sorted segments
26/03/02 03:37:00 INFO mapred.Merger: Down to the last merge-pass, with 1 segments left of total size: 1050944 bytes
26/03/02 03:37:00 INFO mapred.LocalJobRunner: 1 / 1 copied.
26/03/02 03:37:00 INFO mapred.Task: Task:attempt_local1761127727_0010_r_000001_0 is done. And is in the process of committing
26/03/02 03:37:00 INFO mapred.LocalJobRunner: 1 / 1 copied.
26/03/02 03:37:00 INFO mapred.Task: Task attempt_local1761127727_0010_r_000001_0 is allowed to commit now
26/03/02 03:37:00 INFO output.FileOutputCommitter: Saved output of task 'attempt_local1761127727_0010_r_000001_0' to hdfs://localhost:9000/project2/task2/runs_report_plus/scale100k_basic/iter_10/_temporary/0/task_local1761127727_0010_r_000001
26/03/02 03:37:00 INFO mapred.LocalJobRunner: reduce > reduce
26/03/02 03:37:00 INFO mapred.Task: Task 'attempt_local1761127727_0010_r_000001_0' done.
26/03/02 03:37:00 INFO mapred.Task: Final Counters for attempt_local1761127727_0010_r_000001_0: Counters: 29
	File System Counters
		FILE: Number of bytes read=105630092
		FILE: Number of bytes written=110437038
		FILE: Number of read operations=0
		FILE: Number of large read operations=0
		FILE: Number of write operations=0
		HDFS: Number of bytes read=73397574
		HDFS: Number of bytes written=8665
		HDFS: Number of read operations=531
		HDFS: Number of large read operations=0
		HDFS: Number of write operations=172
	Map-Reduce Framework
		Combine input records=0
		Combine output records=0
		Reduce input groups=1
		Reduce shuffle bytes=1050954
		Reduce input records=19462
		Reduce output records=1
		Spilled Records=19462
		Shuffled Maps =1
		Failed Shuffles=0
		Merged Map outputs=1
		GC time elapsed (ms)=0
		Total committed heap usage (bytes)=506986496
	Shuffle Errors
		BAD_ID=0
		CONNECTION=0
		IO_ERROR=0
		WRONG_LENGTH=0
		WRONG_MAP=0
		WRONG_REDUCE=0
	File Output Format Counters 
		Bytes Written=101
26/03/02 03:37:00 INFO mapred.LocalJobRunner: Finishing task: attempt_local1761127727_0010_r_000001_0
26/03/02 03:37:00 INFO mapred.LocalJobRunner: Starting task: attempt_local1761127727_0010_r_000002_0
26/03/02 03:37:00 INFO output.FileOutputCommitter: File Output Committer Algorithm version is 1
26/03/02 03:37:00 INFO mapred.Task:  Using ResourceCalculatorProcessTree : [ ]
26/03/02 03:37:00 INFO mapred.ReduceTask: Using ShuffleConsumerPlugin: org.apache.hadoop.mapreduce.task.reduce.Shuffle@42f96215
26/03/02 03:37:00 INFO reduce.MergeManagerImpl: MergerManager: memoryLimit=354890528, maxSingleShuffleLimit=88722632, mergeThreshold=234227760, ioSortFactor=10, memToMemMergeOutputsThreshold=10
26/03/02 03:37:00 INFO reduce.EventFetcher: attempt_local1761127727_0010_r_000002_0 Thread started: EventFetcher for fetching Map Completion Events
26/03/02 03:37:00 INFO reduce.LocalFetcher: localfetcher#39 about to shuffle output of map attempt_local1761127727_0010_m_000000_0 decomp: 593732 len: 593736 to MEMORY
26/03/02 03:37:00 INFO reduce.InMemoryMapOutput: Read 593732 bytes from map-output for attempt_local1761127727_0010_m_000000_0
26/03/02 03:37:00 INFO reduce.MergeManagerImpl: closeInMemoryFile -> map-output of size: 593732, inMemoryMapOutputs.size() -> 1, commitMemory -> 0, usedMemory ->593732
26/03/02 03:37:00 INFO reduce.EventFetcher: EventFetcher is interrupted.. Returning
26/03/02 03:37:00 INFO mapred.LocalJobRunner: 1 / 1 copied.
26/03/02 03:37:00 INFO reduce.MergeManagerImpl: finalMerge called with 1 in-memory map-outputs and 0 on-disk map-outputs
26/03/02 03:37:00 INFO mapred.Merger: Merging 1 sorted segments
26/03/02 03:37:00 INFO mapred.Merger: Down to the last merge-pass, with 1 segments left of total size: 593726 bytes
26/03/02 03:37:00 INFO reduce.MergeManagerImpl: Merged 1 segments, 593732 bytes to disk to satisfy reduce memory limit
26/03/02 03:37:00 INFO reduce.MergeManagerImpl: Merging 1 files, 593736 bytes from disk
26/03/02 03:37:00 INFO reduce.MergeManagerImpl: Merging 0 segments, 0 bytes from memory into reduce
26/03/02 03:37:00 INFO mapred.Merger: Merging 1 sorted segments
26/03/02 03:37:00 INFO mapred.Merger: Down to the last merge-pass, with 1 segments left of total size: 593726 bytes
26/03/02 03:37:00 INFO mapred.LocalJobRunner: 1 / 1 copied.
26/03/02 03:37:00 INFO mapred.Task: Task:attempt_local1761127727_0010_r_000002_0 is done. And is in the process of committing
26/03/02 03:37:00 INFO mapred.LocalJobRunner: 1 / 1 copied.
26/03/02 03:37:00 INFO mapred.Task: Task attempt_local1761127727_0010_r_000002_0 is allowed to commit now
26/03/02 03:37:00 INFO output.FileOutputCommitter: Saved output of task 'attempt_local1761127727_0010_r_000002_0' to hdfs://localhost:9000/project2/task2/runs_report_plus/scale100k_basic/iter_10/_temporary/0/task_local1761127727_0010_r_000002
26/03/02 03:37:00 INFO mapred.LocalJobRunner: reduce > reduce
26/03/02 03:37:00 INFO mapred.Task: Task 'attempt_local1761127727_0010_r_000002_0' done.
26/03/02 03:37:00 INFO mapred.Task: Final Counters for attempt_local1761127727_0010_r_000002_0: Counters: 29
	File System Counters
		FILE: Number of bytes read=106821760
		FILE: Number of bytes written=111030774
		FILE: Number of read operations=0
		FILE: Number of large read operations=0
		FILE: Number of write operations=0
		HDFS: Number of bytes read=73397574
		HDFS: Number of bytes written=8769
		HDFS: Number of read operations=534
		HDFS: Number of large read operations=0
		HDFS: Number of write operations=174
	Map-Reduce Framework
		Combine input records=0
		Combine output records=0
		Reduce input groups=1
		Reduce shuffle bytes=593736
		Reduce input records=10995
		Reduce output records=1
		Spilled Records=10995
		Shuffled Maps =1
		Failed Shuffles=0
		Merged Map outputs=1
		GC time elapsed (ms)=0
		Total committed heap usage (bytes)=506986496
	Shuffle Errors
		BAD_ID=0
		CONNECTION=0
		IO_ERROR=0
		WRONG_LENGTH=0
		WRONG_MAP=0
		WRONG_REDUCE=0
	File Output Format Counters 
		Bytes Written=104
26/03/02 03:37:00 INFO mapred.LocalJobRunner: Finishing task: attempt_local1761127727_0010_r_000002_0
26/03/02 03:37:00 INFO mapred.LocalJobRunner: Starting task: attempt_local1761127727_0010_r_000003_0
26/03/02 03:37:00 INFO output.FileOutputCommitter: File Output Committer Algorithm version is 1
26/03/02 03:37:00 INFO mapred.Task:  Using ResourceCalculatorProcessTree : [ ]
26/03/02 03:37:00 INFO mapred.ReduceTask: Using ShuffleConsumerPlugin: org.apache.hadoop.mapreduce.task.reduce.Shuffle@60506100
26/03/02 03:37:00 INFO reduce.MergeManagerImpl: MergerManager: memoryLimit=354890528, maxSingleShuffleLimit=88722632, mergeThreshold=234227760, ioSortFactor=10, memToMemMergeOutputsThreshold=10
26/03/02 03:37:00 INFO reduce.EventFetcher: attempt_local1761127727_0010_r_000003_0 Thread started: EventFetcher for fetching Map Completion Events
26/03/02 03:37:00 INFO reduce.LocalFetcher: localfetcher#40 about to shuffle output of map attempt_local1761127727_0010_m_000000_0 decomp: 1375544 len: 1375548 to MEMORY
26/03/02 03:37:00 INFO reduce.InMemoryMapOutput: Read 1375544 bytes from map-output for attempt_local1761127727_0010_m_000000_0
26/03/02 03:37:00 INFO reduce.MergeManagerImpl: closeInMemoryFile -> map-output of size: 1375544, inMemoryMapOutputs.size() -> 1, commitMemory -> 0, usedMemory ->1375544
26/03/02 03:37:00 INFO reduce.EventFetcher: EventFetcher is interrupted.. Returning
26/03/02 03:37:00 INFO mapred.LocalJobRunner: 1 / 1 copied.
26/03/02 03:37:00 INFO reduce.MergeManagerImpl: finalMerge called with 1 in-memory map-outputs and 0 on-disk map-outputs
26/03/02 03:37:00 INFO mapred.Merger: Merging 1 sorted segments
26/03/02 03:37:00 INFO mapred.Merger: Down to the last merge-pass, with 1 segments left of total size: 1375538 bytes
26/03/02 03:37:00 INFO reduce.MergeManagerImpl: Merged 1 segments, 1375544 bytes to disk to satisfy reduce memory limit
26/03/02 03:37:00 INFO reduce.MergeManagerImpl: Merging 1 files, 1375548 bytes from disk
26/03/02 03:37:00 INFO reduce.MergeManagerImpl: Merging 0 segments, 0 bytes from memory into reduce
26/03/02 03:37:00 INFO mapred.Merger: Merging 1 sorted segments
26/03/02 03:37:00 INFO mapred.Merger: Down to the last merge-pass, with 1 segments left of total size: 1375538 bytes
26/03/02 03:37:00 INFO mapred.LocalJobRunner: 1 / 1 copied.
26/03/02 03:37:00 INFO mapred.Task: Task:attempt_local1761127727_0010_r_000003_0 is done. And is in the process of committing
26/03/02 03:37:00 INFO mapred.LocalJobRunner: 1 / 1 copied.
26/03/02 03:37:00 INFO mapred.Task: Task attempt_local1761127727_0010_r_000003_0 is allowed to commit now
26/03/02 03:37:00 INFO output.FileOutputCommitter: Saved output of task 'attempt_local1761127727_0010_r_000003_0' to hdfs://localhost:9000/project2/task2/runs_report_plus/scale100k_basic/iter_10/_temporary/0/task_local1761127727_0010_r_000003
26/03/02 03:37:00 INFO mapred.LocalJobRunner: reduce > reduce
26/03/02 03:37:00 INFO mapred.Task: Task 'attempt_local1761127727_0010_r_000003_0' done.
26/03/02 03:37:00 INFO mapred.Task: Final Counters for attempt_local1761127727_0010_r_000003_0: Counters: 29
	File System Counters
		FILE: Number of bytes read=109572960
		FILE: Number of bytes written=112406322
		FILE: Number of read operations=0
		FILE: Number of large read operations=0
		FILE: Number of write operations=0
		HDFS: Number of bytes read=73397574
		HDFS: Number of bytes written=8870
		HDFS: Number of read operations=537
		HDFS: Number of large read operations=0
		HDFS: Number of write operations=176
	Map-Reduce Framework
		Combine input records=0
		Combine output records=0
		Reduce input groups=1
		Reduce shuffle bytes=1375548
		Reduce input records=25473
		Reduce output records=1
		Spilled Records=25473
		Shuffled Maps =1
		Failed Shuffles=0
		Merged Map outputs=1
		GC time elapsed (ms)=0
		Total committed heap usage (bytes)=506986496
	Shuffle Errors
		BAD_ID=0
		CONNECTION=0
		IO_ERROR=0
		WRONG_LENGTH=0
		WRONG_MAP=0
		WRONG_REDUCE=0
	File Output Format Counters 
		Bytes Written=101
26/03/02 03:37:00 INFO mapred.LocalJobRunner: Finishing task: attempt_local1761127727_0010_r_000003_0
26/03/02 03:37:00 INFO mapred.LocalJobRunner: reduce task executor complete.
26/03/02 03:37:01 INFO mapreduce.Job: Job job_local1761127727_0010 running in uber mode : false
26/03/02 03:37:01 INFO mapreduce.Job:  map 100% reduce 100%
26/03/02 03:37:01 INFO mapreduce.Job: Job job_local1761127727_0010 completed successfully
26/03/02 03:37:01 INFO mapreduce.Job: Counters: 35
	File System Counters
		FILE: Number of bytes read=524309020
		FILE: Number of bytes written=550266516
		FILE: Number of read operations=0
		FILE: Number of large read operations=0
		FILE: Number of write operations=0
		HDFS: Number of bytes read=366987870
		HDFS: Number of bytes written=43225
		HDFS: Number of read operations=2655
		HDFS: Number of large read operations=0
		HDFS: Number of write operations=860
	Map-Reduce Framework
		Map input records=100000
		Map output records=100000
		Map output bytes=5200000
		Map output materialized bytes=5400024
		Input split bytes=123
		Combine input records=0
		Combine output records=0
		Reduce input groups=5
		Reduce shuffle bytes=5400024
		Reduce input records=100000
		Reduce output records=5
		Spilled Records=200000
		Shuffled Maps =4
		Failed Shuffles=0
		Merged Map outputs=4
		GC time elapsed (ms)=22
		Total committed heap usage (bytes)=2534932480
	Shuffle Errors
		BAD_ID=0
		CONNECTION=0
		IO_ERROR=0
		WRONG_LENGTH=0
		WRONG_MAP=0
		WRONG_REDUCE=0
	File Input Format Counters 
		Bytes Read=7337711
	File Output Format Counters 
		Bytes Written=513
26/03/02 03:37:01 INFO jvm.JvmMetrics: Cannot initialize JVM Metrics with processName=JobTracker, sessionId= - already initialized
26/03/02 03:37:01 WARN mapreduce.JobResourceUploader: Hadoop command-line option parsing not performed. Implement the Tool interface and execute your application with ToolRunner to remedy this.
26/03/02 03:37:01 INFO input.FileInputFormat: Total input paths to process : 1
26/03/02 03:37:01 INFO mapreduce.JobSubmitter: number of splits:1
26/03/02 03:37:01 INFO mapreduce.JobSubmitter: Submitting tokens for job: job_local1832144950_0011
26/03/02 03:37:01 INFO mapred.LocalDistributedCacheManager: Creating symlink: /tmp/hadoop-ds503/mapred/local/1772422621728/centers_iter_10.csv <- /home/ds503/centers_iter_10.csv
26/03/02 03:37:01 INFO mapred.LocalDistributedCacheManager: Localized hdfs://localhost:9000/project2/task2/runs_report_plus/scale100k_basic/centers_iter_10.csv as file:/tmp/hadoop-ds503/mapred/local/1772422621728/centers_iter_10.csv
26/03/02 03:37:01 INFO mapreduce.Job: The url to track the job: http://localhost:8080/
26/03/02 03:37:01 INFO mapreduce.Job: Running job: job_local1832144950_0011
26/03/02 03:37:01 INFO mapred.LocalJobRunner: OutputCommitter set in config null
26/03/02 03:37:01 INFO output.FileOutputCommitter: File Output Committer Algorithm version is 1
26/03/02 03:37:01 INFO mapred.LocalJobRunner: OutputCommitter is org.apache.hadoop.mapreduce.lib.output.FileOutputCommitter
26/03/02 03:37:01 INFO mapred.LocalJobRunner: Waiting for map tasks
26/03/02 03:37:01 INFO mapred.LocalJobRunner: Starting task: attempt_local1832144950_0011_m_000000_0
26/03/02 03:37:01 INFO output.FileOutputCommitter: File Output Committer Algorithm version is 1
26/03/02 03:37:01 INFO mapred.Task:  Using ResourceCalculatorProcessTree : [ ]
26/03/02 03:37:01 INFO mapred.MapTask: Processing split: hdfs://localhost:9000/project2/task2/input/points_100k.csv:0+7337711
26/03/02 03:37:01 INFO mapred.MapTask: (EQUATOR) 0 kvi 26214396(104857584)
26/03/02 03:37:01 INFO mapred.MapTask: mapreduce.task.io.sort.mb: 100
26/03/02 03:37:01 INFO mapred.MapTask: soft limit at 83886080
26/03/02 03:37:01 INFO mapred.MapTask: bufstart = 0; bufvoid = 104857600
26/03/02 03:37:01 INFO mapred.MapTask: kvstart = 26214396; length = 6553600
26/03/02 03:37:01 INFO mapred.MapTask: Map output collector class = org.apache.hadoop.mapred.MapTask$MapOutputBuffer
26/03/02 03:37:01 INFO mapred.LocalJobRunner: 
26/03/02 03:37:01 INFO mapred.MapTask: Starting flush of map output
26/03/02 03:37:01 INFO mapred.MapTask: Spilling map output
26/03/02 03:37:01 INFO mapred.MapTask: bufstart = 0; bufend = 5200000; bufvoid = 104857600
26/03/02 03:37:01 INFO mapred.MapTask: kvstart = 26214396(104857584); kvend = 25814400(103257600); length = 399997/6553600
26/03/02 03:37:01 INFO mapred.MapTask: Finished spill 0
26/03/02 03:37:01 INFO mapred.Task: Task:attempt_local1832144950_0011_m_000000_0 is done. And is in the process of committing
26/03/02 03:37:01 INFO mapred.LocalJobRunner: map
26/03/02 03:37:01 INFO mapred.Task: Task 'attempt_local1832144950_0011_m_000000_0' done.
26/03/02 03:37:01 INFO mapred.Task: Final Counters for attempt_local1832144950_0011_m_000000_0: Counters: 22
	File System Counters
		FILE: Number of bytes read=109717516
		FILE: Number of bytes written=118247728
		FILE: Number of read operations=0
		FILE: Number of large read operations=0
		FILE: Number of write operations=0
		HDFS: Number of bytes read=80737440
		HDFS: Number of bytes written=9246
		HDFS: Number of read operations=581
		HDFS: Number of large read operations=0
		HDFS: Number of write operations=186
	Map-Reduce Framework
		Map input records=100000
		Map output records=100000
		Map output bytes=5200000
		Map output materialized bytes=5400024
		Input split bytes=123
		Combine input records=0
		Spilled Records=100000
		Failed Shuffles=0
		Merged Map outputs=0
		GC time elapsed (ms)=23
		Total committed heap usage (bytes)=504365056
	File Input Format Counters 
		Bytes Read=7337711
26/03/02 03:37:01 INFO mapred.LocalJobRunner: Finishing task: attempt_local1832144950_0011_m_000000_0
26/03/02 03:37:01 INFO mapred.LocalJobRunner: map task executor complete.
26/03/02 03:37:01 INFO mapred.LocalJobRunner: Waiting for reduce tasks
26/03/02 03:37:01 INFO mapred.LocalJobRunner: Starting task: attempt_local1832144950_0011_r_000000_0
26/03/02 03:37:01 INFO output.FileOutputCommitter: File Output Committer Algorithm version is 1
26/03/02 03:37:01 INFO mapred.Task:  Using ResourceCalculatorProcessTree : [ ]
26/03/02 03:37:01 INFO mapred.ReduceTask: Using ShuffleConsumerPlugin: org.apache.hadoop.mapreduce.task.reduce.Shuffle@c3924b0
26/03/02 03:37:01 INFO reduce.MergeManagerImpl: MergerManager: memoryLimit=353055520, maxSingleShuffleLimit=88263880, mergeThreshold=233016656, ioSortFactor=10, memToMemMergeOutputsThreshold=10
26/03/02 03:37:02 INFO reduce.EventFetcher: attempt_local1832144950_0011_r_000000_0 Thread started: EventFetcher for fetching Map Completion Events
26/03/02 03:37:02 INFO reduce.LocalFetcher: localfetcher#41 about to shuffle output of map attempt_local1832144950_0011_m_000000_0 decomp: 2356454 len: 2356458 to MEMORY
26/03/02 03:37:02 INFO reduce.InMemoryMapOutput: Read 2356454 bytes from map-output for attempt_local1832144950_0011_m_000000_0
26/03/02 03:37:02 INFO reduce.MergeManagerImpl: closeInMemoryFile -> map-output of size: 2356454, inMemoryMapOutputs.size() -> 1, commitMemory -> 0, usedMemory ->2356454
26/03/02 03:37:02 INFO reduce.EventFetcher: EventFetcher is interrupted.. Returning
26/03/02 03:37:02 INFO mapred.LocalJobRunner: 1 / 1 copied.
26/03/02 03:37:02 INFO reduce.MergeManagerImpl: finalMerge called with 1 in-memory map-outputs and 0 on-disk map-outputs
26/03/02 03:37:02 INFO mapred.Merger: Merging 1 sorted segments
26/03/02 03:37:02 INFO mapred.Merger: Down to the last merge-pass, with 1 segments left of total size: 2356448 bytes
26/03/02 03:37:02 INFO reduce.MergeManagerImpl: Merged 1 segments, 2356454 bytes to disk to satisfy reduce memory limit
26/03/02 03:37:02 INFO reduce.MergeManagerImpl: Merging 1 files, 2356458 bytes from disk
26/03/02 03:37:02 INFO reduce.MergeManagerImpl: Merging 0 segments, 0 bytes from memory into reduce
26/03/02 03:37:02 INFO mapred.Merger: Merging 1 sorted segments
26/03/02 03:37:02 INFO mapred.Merger: Down to the last merge-pass, with 1 segments left of total size: 2356448 bytes
26/03/02 03:37:02 INFO mapred.LocalJobRunner: 1 / 1 copied.
26/03/02 03:37:02 INFO mapred.Task: Task:attempt_local1832144950_0011_r_000000_0 is done. And is in the process of committing
26/03/02 03:37:02 INFO mapred.LocalJobRunner: 1 / 1 copied.
26/03/02 03:37:02 INFO mapred.Task: Task attempt_local1832144950_0011_r_000000_0 is allowed to commit now
26/03/02 03:37:02 INFO output.FileOutputCommitter: Saved output of task 'attempt_local1832144950_0011_r_000000_0' to hdfs://localhost:9000/project2/task2/runs_report_plus/scale100k_basic/iter_11/_temporary/0/task_local1832144950_0011_r_000000
26/03/02 03:37:02 INFO mapred.LocalJobRunner: reduce > reduce
26/03/02 03:37:02 INFO mapred.Task: Task 'attempt_local1832144950_0011_r_000000_0' done.
26/03/02 03:37:02 INFO mapred.Task: Final Counters for attempt_local1832144950_0011_r_000000_0: Counters: 29
	File System Counters
		FILE: Number of bytes read=114434628
		FILE: Number of bytes written=120604186
		FILE: Number of read operations=0
		FILE: Number of large read operations=0
		FILE: Number of write operations=0
		HDFS: Number of bytes read=80737440
		HDFS: Number of bytes written=9456
		HDFS: Number of read operations=584
		HDFS: Number of large read operations=0
		HDFS: Number of write operations=188
	Map-Reduce Framework
		Combine input records=0
		Combine output records=0
		Reduce input groups=2
		Reduce shuffle bytes=2356458
		Reduce input records=43638
		Reduce output records=2
		Spilled Records=43638
		Shuffled Maps =1
		Failed Shuffles=0
		Merged Map outputs=1
		GC time elapsed (ms)=0
		Total committed heap usage (bytes)=504365056
	Shuffle Errors
		BAD_ID=0
		CONNECTION=0
		IO_ERROR=0
		WRONG_LENGTH=0
		WRONG_MAP=0
		WRONG_REDUCE=0
	File Output Format Counters 
		Bytes Written=210
26/03/02 03:37:02 INFO mapred.LocalJobRunner: Finishing task: attempt_local1832144950_0011_r_000000_0
26/03/02 03:37:02 INFO mapred.LocalJobRunner: Starting task: attempt_local1832144950_0011_r_000001_0
26/03/02 03:37:02 INFO output.FileOutputCommitter: File Output Committer Algorithm version is 1
26/03/02 03:37:02 INFO mapred.Task:  Using ResourceCalculatorProcessTree : [ ]
26/03/02 03:37:02 INFO mapred.ReduceTask: Using ShuffleConsumerPlugin: org.apache.hadoop.mapreduce.task.reduce.Shuffle@61a7110
26/03/02 03:37:02 INFO reduce.MergeManagerImpl: MergerManager: memoryLimit=353055520, maxSingleShuffleLimit=88263880, mergeThreshold=233016656, ioSortFactor=10, memToMemMergeOutputsThreshold=10
26/03/02 03:37:02 INFO reduce.EventFetcher: attempt_local1832144950_0011_r_000001_0 Thread started: EventFetcher for fetching Map Completion Events
26/03/02 03:37:02 INFO reduce.LocalFetcher: localfetcher#42 about to shuffle output of map attempt_local1832144950_0011_m_000000_0 decomp: 1060670 len: 1060674 to MEMORY
26/03/02 03:37:02 INFO reduce.InMemoryMapOutput: Read 1060670 bytes from map-output for attempt_local1832144950_0011_m_000000_0
26/03/02 03:37:02 INFO reduce.MergeManagerImpl: closeInMemoryFile -> map-output of size: 1060670, inMemoryMapOutputs.size() -> 1, commitMemory -> 0, usedMemory ->1060670
26/03/02 03:37:02 INFO reduce.EventFetcher: EventFetcher is interrupted.. Returning
26/03/02 03:37:02 INFO mapred.LocalJobRunner: 1 / 1 copied.
26/03/02 03:37:02 INFO reduce.MergeManagerImpl: finalMerge called with 1 in-memory map-outputs and 0 on-disk map-outputs
26/03/02 03:37:02 INFO mapred.Merger: Merging 1 sorted segments
26/03/02 03:37:02 INFO mapred.Merger: Down to the last merge-pass, with 1 segments left of total size: 1060664 bytes
26/03/02 03:37:02 INFO reduce.MergeManagerImpl: Merged 1 segments, 1060670 bytes to disk to satisfy reduce memory limit
26/03/02 03:37:02 INFO reduce.MergeManagerImpl: Merging 1 files, 1060674 bytes from disk
26/03/02 03:37:02 INFO reduce.MergeManagerImpl: Merging 0 segments, 0 bytes from memory into reduce
26/03/02 03:37:02 INFO mapred.Merger: Merging 1 sorted segments
26/03/02 03:37:02 INFO mapred.Merger: Down to the last merge-pass, with 1 segments left of total size: 1060664 bytes
26/03/02 03:37:02 INFO mapred.LocalJobRunner: 1 / 1 copied.
26/03/02 03:37:02 INFO mapred.Task: Task:attempt_local1832144950_0011_r_000001_0 is done. And is in the process of committing
26/03/02 03:37:02 INFO mapred.LocalJobRunner: 1 / 1 copied.
26/03/02 03:37:02 INFO mapred.Task: Task attempt_local1832144950_0011_r_000001_0 is allowed to commit now
26/03/02 03:37:02 INFO output.FileOutputCommitter: Saved output of task 'attempt_local1832144950_0011_r_000001_0' to hdfs://localhost:9000/project2/task2/runs_report_plus/scale100k_basic/iter_11/_temporary/0/task_local1832144950_0011_r_000001
26/03/02 03:37:02 INFO mapred.LocalJobRunner: reduce > reduce
26/03/02 03:37:02 INFO mapred.Task: Task 'attempt_local1832144950_0011_r_000001_0' done.
26/03/02 03:37:02 INFO mapred.Task: Final Counters for attempt_local1832144950_0011_r_000001_0: Counters: 29
	File System Counters
		FILE: Number of bytes read=116560172
		FILE: Number of bytes written=121664860
		FILE: Number of read operations=0
		FILE: Number of large read operations=0
		FILE: Number of write operations=0
		HDFS: Number of bytes read=80737440
		HDFS: Number of bytes written=9557
		HDFS: Number of read operations=587
		HDFS: Number of large read operations=0
		HDFS: Number of write operations=190
	Map-Reduce Framework
		Combine input records=0
		Combine output records=0
		Reduce input groups=1
		Reduce shuffle bytes=1060674
		Reduce input records=19642
		Reduce output records=1
		Spilled Records=19642
		Shuffled Maps =1
		Failed Shuffles=0
		Merged Map outputs=1
		GC time elapsed (ms)=0
		Total committed heap usage (bytes)=504365056
	Shuffle Errors
		BAD_ID=0
		CONNECTION=0
		IO_ERROR=0
		WRONG_LENGTH=0
		WRONG_MAP=0
		WRONG_REDUCE=0
	File Output Format Counters 
		Bytes Written=101
26/03/02 03:37:02 INFO mapred.LocalJobRunner: Finishing task: attempt_local1832144950_0011_r_000001_0
26/03/02 03:37:02 INFO mapred.LocalJobRunner: Starting task: attempt_local1832144950_0011_r_000002_0
26/03/02 03:37:02 INFO output.FileOutputCommitter: File Output Committer Algorithm version is 1
26/03/02 03:37:02 INFO mapred.Task:  Using ResourceCalculatorProcessTree : [ ]
26/03/02 03:37:02 INFO mapred.ReduceTask: Using ShuffleConsumerPlugin: org.apache.hadoop.mapreduce.task.reduce.Shuffle@7e7948b1
26/03/02 03:37:02 INFO reduce.MergeManagerImpl: MergerManager: memoryLimit=353055520, maxSingleShuffleLimit=88263880, mergeThreshold=233016656, ioSortFactor=10, memToMemMergeOutputsThreshold=10
26/03/02 03:37:02 INFO reduce.EventFetcher: attempt_local1832144950_0011_r_000002_0 Thread started: EventFetcher for fetching Map Completion Events
26/03/02 03:37:02 INFO reduce.LocalFetcher: localfetcher#43 about to shuffle output of map attempt_local1832144950_0011_m_000000_0 decomp: 633476 len: 633480 to MEMORY
26/03/02 03:37:02 INFO reduce.InMemoryMapOutput: Read 633476 bytes from map-output for attempt_local1832144950_0011_m_000000_0
26/03/02 03:37:02 INFO reduce.MergeManagerImpl: closeInMemoryFile -> map-output of size: 633476, inMemoryMapOutputs.size() -> 1, commitMemory -> 0, usedMemory ->633476
26/03/02 03:37:02 INFO reduce.EventFetcher: EventFetcher is interrupted.. Returning
26/03/02 03:37:02 INFO mapred.LocalJobRunner: 1 / 1 copied.
26/03/02 03:37:02 INFO reduce.MergeManagerImpl: finalMerge called with 1 in-memory map-outputs and 0 on-disk map-outputs
26/03/02 03:37:02 INFO mapred.Merger: Merging 1 sorted segments
26/03/02 03:37:02 INFO mapred.Merger: Down to the last merge-pass, with 1 segments left of total size: 633470 bytes
26/03/02 03:37:02 INFO reduce.MergeManagerImpl: Merged 1 segments, 633476 bytes to disk to satisfy reduce memory limit
26/03/02 03:37:02 INFO reduce.MergeManagerImpl: Merging 1 files, 633480 bytes from disk
26/03/02 03:37:02 INFO reduce.MergeManagerImpl: Merging 0 segments, 0 bytes from memory into reduce
26/03/02 03:37:02 INFO mapred.Merger: Merging 1 sorted segments
26/03/02 03:37:02 INFO mapred.Merger: Down to the last merge-pass, with 1 segments left of total size: 633470 bytes
26/03/02 03:37:02 INFO mapred.LocalJobRunner: 1 / 1 copied.
26/03/02 03:37:02 INFO mapred.Task: Task:attempt_local1832144950_0011_r_000002_0 is done. And is in the process of committing
26/03/02 03:37:02 INFO mapred.LocalJobRunner: 1 / 1 copied.
26/03/02 03:37:02 INFO mapred.Task: Task attempt_local1832144950_0011_r_000002_0 is allowed to commit now
26/03/02 03:37:02 INFO output.FileOutputCommitter: Saved output of task 'attempt_local1832144950_0011_r_000002_0' to hdfs://localhost:9000/project2/task2/runs_report_plus/scale100k_basic/iter_11/_temporary/0/task_local1832144950_0011_r_000002
26/03/02 03:37:02 INFO mapred.LocalJobRunner: reduce > reduce
26/03/02 03:37:02 INFO mapred.Task: Task 'attempt_local1832144950_0011_r_000002_0' done.
26/03/02 03:37:02 INFO mapred.Task: Final Counters for attempt_local1832144950_0011_r_000002_0: Counters: 29
	File System Counters
		FILE: Number of bytes read=117831328
		FILE: Number of bytes written=122298340
		FILE: Number of read operations=0
		FILE: Number of large read operations=0
		FILE: Number of write operations=0
		HDFS: Number of bytes read=80737440
		HDFS: Number of bytes written=9661
		HDFS: Number of read operations=590
		HDFS: Number of large read operations=0
		HDFS: Number of write operations=192
	Map-Reduce Framework
		Combine input records=0
		Combine output records=0
		Reduce input groups=1
		Reduce shuffle bytes=633480
		Reduce input records=11731
		Reduce output records=1
		Spilled Records=11731
		Shuffled Maps =1
		Failed Shuffles=0
		Merged Map outputs=1
		GC time elapsed (ms)=0
		Total committed heap usage (bytes)=504365056
	Shuffle Errors
		BAD_ID=0
		CONNECTION=0
		IO_ERROR=0
		WRONG_LENGTH=0
		WRONG_MAP=0
		WRONG_REDUCE=0
	File Output Format Counters 
		Bytes Written=104
26/03/02 03:37:02 INFO mapred.LocalJobRunner: Finishing task: attempt_local1832144950_0011_r_000002_0
26/03/02 03:37:02 INFO mapred.LocalJobRunner: Starting task: attempt_local1832144950_0011_r_000003_0
26/03/02 03:37:02 INFO output.FileOutputCommitter: File Output Committer Algorithm version is 1
26/03/02 03:37:02 INFO mapred.Task:  Using ResourceCalculatorProcessTree : [ ]
26/03/02 03:37:02 INFO mapred.ReduceTask: Using ShuffleConsumerPlugin: org.apache.hadoop.mapreduce.task.reduce.Shuffle@76ab49af
26/03/02 03:37:02 INFO reduce.MergeManagerImpl: MergerManager: memoryLimit=353055520, maxSingleShuffleLimit=88263880, mergeThreshold=233016656, ioSortFactor=10, memToMemMergeOutputsThreshold=10
26/03/02 03:37:02 INFO reduce.EventFetcher: attempt_local1832144950_0011_r_000003_0 Thread started: EventFetcher for fetching Map Completion Events
26/03/02 03:37:02 INFO reduce.LocalFetcher: localfetcher#44 about to shuffle output of map attempt_local1832144950_0011_m_000000_0 decomp: 1349408 len: 1349412 to MEMORY
26/03/02 03:37:02 INFO reduce.InMemoryMapOutput: Read 1349408 bytes from map-output for attempt_local1832144950_0011_m_000000_0
26/03/02 03:37:02 INFO reduce.MergeManagerImpl: closeInMemoryFile -> map-output of size: 1349408, inMemoryMapOutputs.size() -> 1, commitMemory -> 0, usedMemory ->1349408
26/03/02 03:37:02 INFO reduce.EventFetcher: EventFetcher is interrupted.. Returning
26/03/02 03:37:02 INFO mapred.LocalJobRunner: 1 / 1 copied.
26/03/02 03:37:02 INFO reduce.MergeManagerImpl: finalMerge called with 1 in-memory map-outputs and 0 on-disk map-outputs
26/03/02 03:37:02 INFO mapred.Merger: Merging 1 sorted segments
26/03/02 03:37:02 INFO mapred.Merger: Down to the last merge-pass, with 1 segments left of total size: 1349402 bytes
26/03/02 03:37:02 INFO reduce.MergeManagerImpl: Merged 1 segments, 1349408 bytes to disk to satisfy reduce memory limit
26/03/02 03:37:02 INFO reduce.MergeManagerImpl: Merging 1 files, 1349412 bytes from disk
26/03/02 03:37:02 INFO reduce.MergeManagerImpl: Merging 0 segments, 0 bytes from memory into reduce
26/03/02 03:37:02 INFO mapred.Merger: Merging 1 sorted segments
26/03/02 03:37:02 INFO mapred.Merger: Down to the last merge-pass, with 1 segments left of total size: 1349402 bytes
26/03/02 03:37:02 INFO mapred.LocalJobRunner: 1 / 1 copied.
26/03/02 03:37:02 INFO mapred.Task: Task:attempt_local1832144950_0011_r_000003_0 is done. And is in the process of committing
26/03/02 03:37:02 INFO mapred.LocalJobRunner: 1 / 1 copied.
26/03/02 03:37:02 INFO mapred.Task: Task attempt_local1832144950_0011_r_000003_0 is allowed to commit now
26/03/02 03:37:02 INFO output.FileOutputCommitter: Saved output of task 'attempt_local1832144950_0011_r_000003_0' to hdfs://localhost:9000/project2/task2/runs_report_plus/scale100k_basic/iter_11/_temporary/0/task_local1832144950_0011_r_000003
26/03/02 03:37:02 INFO mapred.LocalJobRunner: reduce > reduce
26/03/02 03:37:02 INFO mapred.Task: Task 'attempt_local1832144950_0011_r_000003_0' done.
26/03/02 03:37:02 INFO mapred.Task: Final Counters for attempt_local1832144950_0011_r_000003_0: Counters: 29
	File System Counters
		FILE: Number of bytes read=120530256
		FILE: Number of bytes written=123647752
		FILE: Number of read operations=0
		FILE: Number of large read operations=0
		FILE: Number of write operations=0
		HDFS: Number of bytes read=80737440
		HDFS: Number of bytes written=9766
		HDFS: Number of read operations=593
		HDFS: Number of large read operations=0
		HDFS: Number of write operations=194
	Map-Reduce Framework
		Combine input records=0
		Combine output records=0
		Reduce input groups=1
		Reduce shuffle bytes=1349412
		Reduce input records=24989
		Reduce output records=1
		Spilled Records=24989
		Shuffled Maps =1
		Failed Shuffles=0
		Merged Map outputs=1
		GC time elapsed (ms)=0
		Total committed heap usage (bytes)=504365056
	Shuffle Errors
		BAD_ID=0
		CONNECTION=0
		IO_ERROR=0
		WRONG_LENGTH=0
		WRONG_MAP=0
		WRONG_REDUCE=0
	File Output Format Counters 
		Bytes Written=105
26/03/02 03:37:02 INFO mapred.LocalJobRunner: Finishing task: attempt_local1832144950_0011_r_000003_0
26/03/02 03:37:02 INFO mapred.LocalJobRunner: reduce task executor complete.
26/03/02 03:37:02 INFO mapreduce.Job: Job job_local1832144950_0011 running in uber mode : false
26/03/02 03:37:02 INFO mapreduce.Job:  map 100% reduce 100%
26/03/02 03:37:02 INFO mapreduce.Job: Job job_local1832144950_0011 completed successfully
26/03/02 03:37:02 INFO mapreduce.Job: Counters: 35
	File System Counters
		FILE: Number of bytes read=579073900
		FILE: Number of bytes written=606462866
		FILE: Number of read operations=0
		FILE: Number of large read operations=0
		FILE: Number of write operations=0
		HDFS: Number of bytes read=403687200
		HDFS: Number of bytes written=47686
		HDFS: Number of read operations=2935
		HDFS: Number of large read operations=0
		HDFS: Number of write operations=950
	Map-Reduce Framework
		Map input records=100000
		Map output records=100000
		Map output bytes=5200000
		Map output materialized bytes=5400024
		Input split bytes=123
		Combine input records=0
		Combine output records=0
		Reduce input groups=5
		Reduce shuffle bytes=5400024
		Reduce input records=100000
		Reduce output records=5
		Spilled Records=200000
		Shuffled Maps =4
		Failed Shuffles=0
		Merged Map outputs=4
		GC time elapsed (ms)=23
		Total committed heap usage (bytes)=2521825280
	Shuffle Errors
		BAD_ID=0
		CONNECTION=0
		IO_ERROR=0
		WRONG_LENGTH=0
		WRONG_MAP=0
		WRONG_REDUCE=0
	File Input Format Counters 
		Bytes Read=7337711
	File Output Format Counters 
		Bytes Written=520
26/03/02 03:37:02 INFO jvm.JvmMetrics: Cannot initialize JVM Metrics with processName=JobTracker, sessionId= - already initialized
26/03/02 03:37:02 WARN mapreduce.JobResourceUploader: Hadoop command-line option parsing not performed. Implement the Tool interface and execute your application with ToolRunner to remedy this.
26/03/02 03:37:02 INFO input.FileInputFormat: Total input paths to process : 1
26/03/02 03:37:02 INFO mapreduce.JobSubmitter: number of splits:1
26/03/02 03:37:02 INFO mapreduce.JobSubmitter: Submitting tokens for job: job_local3131554_0012
26/03/02 03:37:02 INFO mapred.LocalDistributedCacheManager: Creating symlink: /tmp/hadoop-ds503/mapred/local/1772422622812/centers_iter_11.csv <- /home/ds503/centers_iter_11.csv
26/03/02 03:37:02 INFO mapred.LocalDistributedCacheManager: Localized hdfs://localhost:9000/project2/task2/runs_report_plus/scale100k_basic/centers_iter_11.csv as file:/tmp/hadoop-ds503/mapred/local/1772422622812/centers_iter_11.csv
26/03/02 03:37:02 INFO mapreduce.Job: The url to track the job: http://localhost:8080/
26/03/02 03:37:02 INFO mapreduce.Job: Running job: job_local3131554_0012
26/03/02 03:37:02 INFO mapred.LocalJobRunner: OutputCommitter set in config null
26/03/02 03:37:02 INFO output.FileOutputCommitter: File Output Committer Algorithm version is 1
26/03/02 03:37:02 INFO mapred.LocalJobRunner: OutputCommitter is org.apache.hadoop.mapreduce.lib.output.FileOutputCommitter
26/03/02 03:37:02 INFO mapred.LocalJobRunner: Waiting for map tasks
26/03/02 03:37:02 INFO mapred.LocalJobRunner: Starting task: attempt_local3131554_0012_m_000000_0
26/03/02 03:37:02 INFO output.FileOutputCommitter: File Output Committer Algorithm version is 1
26/03/02 03:37:02 INFO mapred.Task:  Using ResourceCalculatorProcessTree : [ ]
26/03/02 03:37:02 INFO mapred.MapTask: Processing split: hdfs://localhost:9000/project2/task2/input/points_100k.csv:0+7337711
26/03/02 03:37:02 INFO mapred.MapTask: (EQUATOR) 0 kvi 26214396(104857584)
26/03/02 03:37:02 INFO mapred.MapTask: mapreduce.task.io.sort.mb: 100
26/03/02 03:37:02 INFO mapred.MapTask: soft limit at 83886080
26/03/02 03:37:02 INFO mapred.MapTask: bufstart = 0; bufvoid = 104857600
26/03/02 03:37:02 INFO mapred.MapTask: kvstart = 26214396; length = 6553600
26/03/02 03:37:02 INFO mapred.MapTask: Map output collector class = org.apache.hadoop.mapred.MapTask$MapOutputBuffer
26/03/02 03:37:03 INFO mapred.LocalJobRunner: 
26/03/02 03:37:03 INFO mapred.MapTask: Starting flush of map output
26/03/02 03:37:03 INFO mapred.MapTask: Spilling map output
26/03/02 03:37:03 INFO mapred.MapTask: bufstart = 0; bufend = 5200000; bufvoid = 104857600
26/03/02 03:37:03 INFO mapred.MapTask: kvstart = 26214396(104857584); kvend = 25814400(103257600); length = 399997/6553600
26/03/02 03:37:03 INFO mapred.MapTask: Finished spill 0
26/03/02 03:37:03 INFO mapred.Task: Task:attempt_local3131554_0012_m_000000_0 is done. And is in the process of committing
26/03/02 03:37:03 INFO mapred.LocalJobRunner: map
26/03/02 03:37:03 INFO mapred.Task: Task 'attempt_local3131554_0012_m_000000_0' done.
26/03/02 03:37:03 INFO mapred.Task: Final Counters for attempt_local3131554_0012_m_000000_0: Counters: 22
	File System Counters
		FILE: Number of bytes read=120674812
		FILE: Number of bytes written=129484406
		FILE: Number of read operations=0
		FILE: Number of large read operations=0
		FILE: Number of write operations=0
		HDFS: Number of bytes read=88077331
		HDFS: Number of bytes written=10148
		HDFS: Number of read operations=637
		HDFS: Number of large read operations=0
		HDFS: Number of write operations=204
	Map-Reduce Framework
		Map input records=100000
		Map output records=100000
		Map output bytes=5200000
		Map output materialized bytes=5400024
		Input split bytes=123
		Combine input records=0
		Spilled Records=100000
		Failed Shuffles=0
		Merged Map outputs=0
		GC time elapsed (ms)=23
		Total committed heap usage (bytes)=502267904
	File Input Format Counters 
		Bytes Read=7337711
26/03/02 03:37:03 INFO mapred.LocalJobRunner: Finishing task: attempt_local3131554_0012_m_000000_0
26/03/02 03:37:03 INFO mapred.LocalJobRunner: map task executor complete.
26/03/02 03:37:03 INFO mapred.LocalJobRunner: Waiting for reduce tasks
26/03/02 03:37:03 INFO mapred.LocalJobRunner: Starting task: attempt_local3131554_0012_r_000000_0
26/03/02 03:37:03 INFO output.FileOutputCommitter: File Output Committer Algorithm version is 1
26/03/02 03:37:03 INFO mapred.Task:  Using ResourceCalculatorProcessTree : [ ]
26/03/02 03:37:03 INFO mapred.ReduceTask: Using ShuffleConsumerPlugin: org.apache.hadoop.mapreduce.task.reduce.Shuffle@2a82c9f3
26/03/02 03:37:03 INFO reduce.MergeManagerImpl: MergerManager: memoryLimit=351587520, maxSingleShuffleLimit=87896880, mergeThreshold=232047776, ioSortFactor=10, memToMemMergeOutputsThreshold=10
26/03/02 03:37:03 INFO reduce.EventFetcher: attempt_local3131554_0012_r_000000_0 Thread started: EventFetcher for fetching Map Completion Events
26/03/02 03:37:03 INFO reduce.LocalFetcher: localfetcher#45 about to shuffle output of map attempt_local3131554_0012_m_000000_0 decomp: 2336366 len: 2336370 to MEMORY
26/03/02 03:37:03 INFO reduce.InMemoryMapOutput: Read 2336366 bytes from map-output for attempt_local3131554_0012_m_000000_0
26/03/02 03:37:03 INFO reduce.MergeManagerImpl: closeInMemoryFile -> map-output of size: 2336366, inMemoryMapOutputs.size() -> 1, commitMemory -> 0, usedMemory ->2336366
26/03/02 03:37:03 INFO reduce.EventFetcher: EventFetcher is interrupted.. Returning
26/03/02 03:37:03 INFO mapred.LocalJobRunner: 1 / 1 copied.
26/03/02 03:37:03 INFO reduce.MergeManagerImpl: finalMerge called with 1 in-memory map-outputs and 0 on-disk map-outputs
26/03/02 03:37:03 INFO mapred.Merger: Merging 1 sorted segments
26/03/02 03:37:03 INFO mapred.Merger: Down to the last merge-pass, with 1 segments left of total size: 2336360 bytes
26/03/02 03:37:03 INFO reduce.MergeManagerImpl: Merged 1 segments, 2336366 bytes to disk to satisfy reduce memory limit
26/03/02 03:37:03 INFO reduce.MergeManagerImpl: Merging 1 files, 2336370 bytes from disk
26/03/02 03:37:03 INFO reduce.MergeManagerImpl: Merging 0 segments, 0 bytes from memory into reduce
26/03/02 03:37:03 INFO mapred.Merger: Merging 1 sorted segments
26/03/02 03:37:03 INFO mapred.Merger: Down to the last merge-pass, with 1 segments left of total size: 2336360 bytes
26/03/02 03:37:03 INFO mapred.LocalJobRunner: 1 / 1 copied.
26/03/02 03:37:03 INFO mapred.Task: Task:attempt_local3131554_0012_r_000000_0 is done. And is in the process of committing
26/03/02 03:37:03 INFO mapred.LocalJobRunner: 1 / 1 copied.
26/03/02 03:37:03 INFO mapred.Task: Task attempt_local3131554_0012_r_000000_0 is allowed to commit now
26/03/02 03:37:03 INFO output.FileOutputCommitter: Saved output of task 'attempt_local3131554_0012_r_000000_0' to hdfs://localhost:9000/project2/task2/runs_report_plus/scale100k_basic/iter_12/_temporary/0/task_local3131554_0012_r_000000
26/03/02 03:37:03 INFO mapred.LocalJobRunner: reduce > reduce
26/03/02 03:37:03 INFO mapred.Task: Task 'attempt_local3131554_0012_r_000000_0' done.
26/03/02 03:37:03 INFO mapred.Task: Final Counters for attempt_local3131554_0012_r_000000_0: Counters: 29
	File System Counters
		FILE: Number of bytes read=125351748
		FILE: Number of bytes written=131820776
		FILE: Number of read operations=0
		FILE: Number of large read operations=0
		FILE: Number of write operations=0
		HDFS: Number of bytes read=88077331
		HDFS: Number of bytes written=10355
		HDFS: Number of read operations=640
		HDFS: Number of large read operations=0
		HDFS: Number of write operations=206
	Map-Reduce Framework
		Combine input records=0
		Combine output records=0
		Reduce input groups=2
		Reduce shuffle bytes=2336370
		Reduce input records=43266
		Reduce output records=2
		Spilled Records=43266
		Shuffled Maps =1
		Failed Shuffles=0
		Merged Map outputs=1
		GC time elapsed (ms)=0
		Total committed heap usage (bytes)=502267904
	Shuffle Errors
		BAD_ID=0
		CONNECTION=0
		IO_ERROR=0
		WRONG_LENGTH=0
		WRONG_MAP=0
		WRONG_REDUCE=0
	File Output Format Counters 
		Bytes Written=207
26/03/02 03:37:03 INFO mapred.LocalJobRunner: Finishing task: attempt_local3131554_0012_r_000000_0
26/03/02 03:37:03 INFO mapred.LocalJobRunner: Starting task: attempt_local3131554_0012_r_000001_0
26/03/02 03:37:03 INFO output.FileOutputCommitter: File Output Committer Algorithm version is 1
26/03/02 03:37:03 INFO mapred.Task:  Using ResourceCalculatorProcessTree : [ ]
26/03/02 03:37:03 INFO mapred.ReduceTask: Using ShuffleConsumerPlugin: org.apache.hadoop.mapreduce.task.reduce.Shuffle@5909b8e5
26/03/02 03:37:03 INFO reduce.MergeManagerImpl: MergerManager: memoryLimit=351587520, maxSingleShuffleLimit=87896880, mergeThreshold=232047776, ioSortFactor=10, memToMemMergeOutputsThreshold=10
26/03/02 03:37:03 INFO reduce.EventFetcher: attempt_local3131554_0012_r_000001_0 Thread started: EventFetcher for fetching Map Completion Events
26/03/02 03:37:03 INFO reduce.LocalFetcher: localfetcher#46 about to shuffle output of map attempt_local3131554_0012_m_000000_0 decomp: 1067258 len: 1067262 to MEMORY
26/03/02 03:37:03 INFO reduce.InMemoryMapOutput: Read 1067258 bytes from map-output for attempt_local3131554_0012_m_000000_0
26/03/02 03:37:03 INFO reduce.MergeManagerImpl: closeInMemoryFile -> map-output of size: 1067258, inMemoryMapOutputs.size() -> 1, commitMemory -> 0, usedMemory ->1067258
26/03/02 03:37:03 INFO reduce.EventFetcher: EventFetcher is interrupted.. Returning
26/03/02 03:37:03 INFO mapred.LocalJobRunner: 1 / 1 copied.
26/03/02 03:37:03 INFO reduce.MergeManagerImpl: finalMerge called with 1 in-memory map-outputs and 0 on-disk map-outputs
26/03/02 03:37:03 INFO mapred.Merger: Merging 1 sorted segments
26/03/02 03:37:03 INFO mapred.Merger: Down to the last merge-pass, with 1 segments left of total size: 1067252 bytes
26/03/02 03:37:03 INFO reduce.MergeManagerImpl: Merged 1 segments, 1067258 bytes to disk to satisfy reduce memory limit
26/03/02 03:37:03 INFO reduce.MergeManagerImpl: Merging 1 files, 1067262 bytes from disk
26/03/02 03:37:03 INFO reduce.MergeManagerImpl: Merging 0 segments, 0 bytes from memory into reduce
26/03/02 03:37:03 INFO mapred.Merger: Merging 1 sorted segments
26/03/02 03:37:03 INFO mapred.Merger: Down to the last merge-pass, with 1 segments left of total size: 1067252 bytes
26/03/02 03:37:03 INFO mapred.LocalJobRunner: 1 / 1 copied.
26/03/02 03:37:03 INFO mapred.Task: Task:attempt_local3131554_0012_r_000001_0 is done. And is in the process of committing
26/03/02 03:37:03 INFO mapred.LocalJobRunner: 1 / 1 copied.
26/03/02 03:37:03 INFO mapred.Task: Task attempt_local3131554_0012_r_000001_0 is allowed to commit now
26/03/02 03:37:03 INFO output.FileOutputCommitter: Saved output of task 'attempt_local3131554_0012_r_000001_0' to hdfs://localhost:9000/project2/task2/runs_report_plus/scale100k_basic/iter_12/_temporary/0/task_local3131554_0012_r_000001
26/03/02 03:37:03 INFO mapred.LocalJobRunner: reduce > reduce
26/03/02 03:37:03 INFO mapred.Task: Task 'attempt_local3131554_0012_r_000001_0' done.
26/03/02 03:37:03 INFO mapred.Task: Final Counters for attempt_local3131554_0012_r_000001_0: Counters: 29
	File System Counters
		FILE: Number of bytes read=127490468
		FILE: Number of bytes written=132888038
		FILE: Number of read operations=0
		FILE: Number of large read operations=0
		FILE: Number of write operations=0
		HDFS: Number of bytes read=88077331
		HDFS: Number of bytes written=10458
		HDFS: Number of read operations=643
		HDFS: Number of large read operations=0
		HDFS: Number of write operations=208
	Map-Reduce Framework
		Combine input records=0
		Combine output records=0
		Reduce input groups=1
		Reduce shuffle bytes=1067262
		Reduce input records=19764
		Reduce output records=1
		Spilled Records=19764
		Shuffled Maps =1
		Failed Shuffles=0
		Merged Map outputs=1
		GC time elapsed (ms)=0
		Total committed heap usage (bytes)=502267904
	Shuffle Errors
		BAD_ID=0
		CONNECTION=0
		IO_ERROR=0
		WRONG_LENGTH=0
		WRONG_MAP=0
		WRONG_REDUCE=0
	File Output Format Counters 
		Bytes Written=103
26/03/02 03:37:03 INFO mapred.LocalJobRunner: Finishing task: attempt_local3131554_0012_r_000001_0
26/03/02 03:37:03 INFO mapred.LocalJobRunner: Starting task: attempt_local3131554_0012_r_000002_0
26/03/02 03:37:03 INFO output.FileOutputCommitter: File Output Committer Algorithm version is 1
26/03/02 03:37:03 INFO mapred.Task:  Using ResourceCalculatorProcessTree : [ ]
26/03/02 03:37:03 INFO mapred.ReduceTask: Using ShuffleConsumerPlugin: org.apache.hadoop.mapreduce.task.reduce.Shuffle@21cc841e
26/03/02 03:37:03 INFO reduce.MergeManagerImpl: MergerManager: memoryLimit=351587520, maxSingleShuffleLimit=87896880, mergeThreshold=232047776, ioSortFactor=10, memToMemMergeOutputsThreshold=10
26/03/02 03:37:03 INFO reduce.EventFetcher: attempt_local3131554_0012_r_000002_0 Thread started: EventFetcher for fetching Map Completion Events
26/03/02 03:37:03 INFO reduce.LocalFetcher: localfetcher#47 about to shuffle output of map attempt_local3131554_0012_m_000000_0 decomp: 672086 len: 672090 to MEMORY
26/03/02 03:37:03 INFO reduce.InMemoryMapOutput: Read 672086 bytes from map-output for attempt_local3131554_0012_m_000000_0
26/03/02 03:37:03 INFO reduce.MergeManagerImpl: closeInMemoryFile -> map-output of size: 672086, inMemoryMapOutputs.size() -> 1, commitMemory -> 0, usedMemory ->672086
26/03/02 03:37:03 INFO reduce.EventFetcher: EventFetcher is interrupted.. Returning
26/03/02 03:37:03 INFO mapred.LocalJobRunner: 1 / 1 copied.
26/03/02 03:37:03 INFO reduce.MergeManagerImpl: finalMerge called with 1 in-memory map-outputs and 0 on-disk map-outputs
26/03/02 03:37:03 INFO mapred.Merger: Merging 1 sorted segments
26/03/02 03:37:03 INFO mapred.Merger: Down to the last merge-pass, with 1 segments left of total size: 672080 bytes
26/03/02 03:37:03 INFO reduce.MergeManagerImpl: Merged 1 segments, 672086 bytes to disk to satisfy reduce memory limit
26/03/02 03:37:03 INFO reduce.MergeManagerImpl: Merging 1 files, 672090 bytes from disk
26/03/02 03:37:03 INFO reduce.MergeManagerImpl: Merging 0 segments, 0 bytes from memory into reduce
26/03/02 03:37:03 INFO mapred.Merger: Merging 1 sorted segments
26/03/02 03:37:03 INFO mapred.Merger: Down to the last merge-pass, with 1 segments left of total size: 672080 bytes
26/03/02 03:37:03 INFO mapred.LocalJobRunner: 1 / 1 copied.
26/03/02 03:37:03 INFO mapred.Task: Task:attempt_local3131554_0012_r_000002_0 is done. And is in the process of committing
26/03/02 03:37:03 INFO mapred.LocalJobRunner: 1 / 1 copied.
26/03/02 03:37:03 INFO mapred.Task: Task attempt_local3131554_0012_r_000002_0 is allowed to commit now
26/03/02 03:37:03 INFO output.FileOutputCommitter: Saved output of task 'attempt_local3131554_0012_r_000002_0' to hdfs://localhost:9000/project2/task2/runs_report_plus/scale100k_basic/iter_12/_temporary/0/task_local3131554_0012_r_000002
26/03/02 03:37:03 INFO mapred.LocalJobRunner: reduce > reduce
26/03/02 03:37:03 INFO mapred.Task: Task 'attempt_local3131554_0012_r_000002_0' done.
26/03/02 03:37:03 INFO mapred.Task: Final Counters for attempt_local3131554_0012_r_000002_0: Counters: 29
	File System Counters
		FILE: Number of bytes read=128838844
		FILE: Number of bytes written=133560128
		FILE: Number of read operations=0
		FILE: Number of large read operations=0
		FILE: Number of write operations=0
		HDFS: Number of bytes read=88077331
		HDFS: Number of bytes written=10561
		HDFS: Number of read operations=646
		HDFS: Number of large read operations=0
		HDFS: Number of write operations=210
	Map-Reduce Framework
		Combine input records=0
		Combine output records=0
		Reduce input groups=1
		Reduce shuffle bytes=672090
		Reduce input records=12446
		Reduce output records=1
		Spilled Records=12446
		Shuffled Maps =1
		Failed Shuffles=0
		Merged Map outputs=1
		GC time elapsed (ms)=0
		Total committed heap usage (bytes)=502267904
	Shuffle Errors
		BAD_ID=0
		CONNECTION=0
		IO_ERROR=0
		WRONG_LENGTH=0
		WRONG_MAP=0
		WRONG_REDUCE=0
	File Output Format Counters 
		Bytes Written=103
26/03/02 03:37:03 INFO mapred.LocalJobRunner: Finishing task: attempt_local3131554_0012_r_000002_0
26/03/02 03:37:03 INFO mapred.LocalJobRunner: Starting task: attempt_local3131554_0012_r_000003_0
26/03/02 03:37:03 INFO output.FileOutputCommitter: File Output Committer Algorithm version is 1
26/03/02 03:37:03 INFO mapred.Task:  Using ResourceCalculatorProcessTree : [ ]
26/03/02 03:37:03 INFO mapred.ReduceTask: Using ShuffleConsumerPlugin: org.apache.hadoop.mapreduce.task.reduce.Shuffle@110d9978
26/03/02 03:37:03 INFO reduce.MergeManagerImpl: MergerManager: memoryLimit=351587520, maxSingleShuffleLimit=87896880, mergeThreshold=232047776, ioSortFactor=10, memToMemMergeOutputsThreshold=10
26/03/02 03:37:03 INFO reduce.EventFetcher: attempt_local3131554_0012_r_000003_0 Thread started: EventFetcher for fetching Map Completion Events
26/03/02 03:37:03 INFO reduce.LocalFetcher: localfetcher#48 about to shuffle output of map attempt_local3131554_0012_m_000000_0 decomp: 1324298 len: 1324302 to MEMORY
26/03/02 03:37:03 INFO reduce.InMemoryMapOutput: Read 1324298 bytes from map-output for attempt_local3131554_0012_m_000000_0
26/03/02 03:37:03 INFO reduce.MergeManagerImpl: closeInMemoryFile -> map-output of size: 1324298, inMemoryMapOutputs.size() -> 1, commitMemory -> 0, usedMemory ->1324298
26/03/02 03:37:03 INFO reduce.EventFetcher: EventFetcher is interrupted.. Returning
26/03/02 03:37:03 INFO mapred.LocalJobRunner: 1 / 1 copied.
26/03/02 03:37:03 INFO reduce.MergeManagerImpl: finalMerge called with 1 in-memory map-outputs and 0 on-disk map-outputs
26/03/02 03:37:03 INFO mapred.Merger: Merging 1 sorted segments
26/03/02 03:37:03 INFO mapred.Merger: Down to the last merge-pass, with 1 segments left of total size: 1324292 bytes
26/03/02 03:37:03 INFO reduce.MergeManagerImpl: Merged 1 segments, 1324298 bytes to disk to satisfy reduce memory limit
26/03/02 03:37:03 INFO reduce.MergeManagerImpl: Merging 1 files, 1324302 bytes from disk
26/03/02 03:37:03 INFO reduce.MergeManagerImpl: Merging 0 segments, 0 bytes from memory into reduce
26/03/02 03:37:03 INFO mapred.Merger: Merging 1 sorted segments
26/03/02 03:37:03 INFO mapred.Merger: Down to the last merge-pass, with 1 segments left of total size: 1324292 bytes
26/03/02 03:37:03 INFO mapred.LocalJobRunner: 1 / 1 copied.
26/03/02 03:37:03 INFO mapred.Task: Task:attempt_local3131554_0012_r_000003_0 is done. And is in the process of committing
26/03/02 03:37:03 INFO mapred.LocalJobRunner: 1 / 1 copied.
26/03/02 03:37:03 INFO mapred.Task: Task attempt_local3131554_0012_r_000003_0 is allowed to commit now
26/03/02 03:37:03 INFO output.FileOutputCommitter: Saved output of task 'attempt_local3131554_0012_r_000003_0' to hdfs://localhost:9000/project2/task2/runs_report_plus/scale100k_basic/iter_12/_temporary/0/task_local3131554_0012_r_000003
26/03/02 03:37:03 INFO mapred.LocalJobRunner: reduce > reduce
26/03/02 03:37:03 INFO mapred.Task: Task 'attempt_local3131554_0012_r_000003_0' done.
26/03/02 03:37:03 INFO mapred.Task: Final Counters for attempt_local3131554_0012_r_000003_0: Counters: 29
	File System Counters
		FILE: Number of bytes read=131487552
		FILE: Number of bytes written=134884430
		FILE: Number of read operations=0
		FILE: Number of large read operations=0
		FILE: Number of write operations=0
		HDFS: Number of bytes read=88077331
		HDFS: Number of bytes written=10665
		HDFS: Number of read operations=649
		HDFS: Number of large read operations=0
		HDFS: Number of write operations=212
	Map-Reduce Framework
		Combine input records=0
		Combine output records=0
		Reduce input groups=1
		Reduce shuffle bytes=1324302
		Reduce input records=24524
		Reduce output records=1
		Spilled Records=24524
		Shuffled Maps =1
		Failed Shuffles=0
		Merged Map outputs=1
		GC time elapsed (ms)=0
		Total committed heap usage (bytes)=502267904
	Shuffle Errors
		BAD_ID=0
		CONNECTION=0
		IO_ERROR=0
		WRONG_LENGTH=0
		WRONG_MAP=0
		WRONG_REDUCE=0
	File Output Format Counters 
		Bytes Written=104
26/03/02 03:37:03 INFO mapred.LocalJobRunner: Finishing task: attempt_local3131554_0012_r_000003_0
26/03/02 03:37:03 INFO mapred.LocalJobRunner: reduce task executor complete.
26/03/02 03:37:03 INFO mapreduce.Job: Job job_local3131554_0012 running in uber mode : false
26/03/02 03:37:03 INFO mapreduce.Job:  map 100% reduce 100%
26/03/02 03:37:03 INFO mapreduce.Job: Job job_local3131554_0012 completed successfully
26/03/02 03:37:03 INFO mapreduce.Job: Counters: 35
	File System Counters
		FILE: Number of bytes read=633843424
		FILE: Number of bytes written=662637778
		FILE: Number of read operations=0
		FILE: Number of large read operations=0
		FILE: Number of write operations=0
		HDFS: Number of bytes read=440386655
		HDFS: Number of bytes written=52187
		HDFS: Number of read operations=3215
		HDFS: Number of large read operations=0
		HDFS: Number of write operations=1040
	Map-Reduce Framework
		Map input records=100000
		Map output records=100000
		Map output bytes=5200000
		Map output materialized bytes=5400024
		Input split bytes=123
		Combine input records=0
		Combine output records=0
		Reduce input groups=5
		Reduce shuffle bytes=5400024
		Reduce input records=100000
		Reduce output records=5
		Spilled Records=200000
		Shuffled Maps =4
		Failed Shuffles=0
		Merged Map outputs=4
		GC time elapsed (ms)=23
		Total committed heap usage (bytes)=2511339520
	Shuffle Errors
		BAD_ID=0
		CONNECTION=0
		IO_ERROR=0
		WRONG_LENGTH=0
		WRONG_MAP=0
		WRONG_REDUCE=0
	File Input Format Counters 
		Bytes Read=7337711
	File Output Format Counters 
		Bytes Written=517
26/03/02 03:37:03 INFO jvm.JvmMetrics: Cannot initialize JVM Metrics with processName=JobTracker, sessionId= - already initialized
26/03/02 03:37:03 WARN mapreduce.JobResourceUploader: Hadoop command-line option parsing not performed. Implement the Tool interface and execute your application with ToolRunner to remedy this.
26/03/02 03:37:03 INFO input.FileInputFormat: Total input paths to process : 1
26/03/02 03:37:03 INFO mapreduce.JobSubmitter: number of splits:1
26/03/02 03:37:03 INFO mapreduce.JobSubmitter: Submitting tokens for job: job_local1378512011_0013
26/03/02 03:37:03 INFO mapred.LocalDistributedCacheManager: Creating symlink: /tmp/hadoop-ds503/mapred/local/1772422623893/centers_iter_12.csv <- /home/ds503/centers_iter_12.csv
26/03/02 03:37:03 INFO mapred.LocalDistributedCacheManager: Localized hdfs://localhost:9000/project2/task2/runs_report_plus/scale100k_basic/centers_iter_12.csv as file:/tmp/hadoop-ds503/mapred/local/1772422623893/centers_iter_12.csv
26/03/02 03:37:03 INFO mapreduce.Job: The url to track the job: http://localhost:8080/
26/03/02 03:37:03 INFO mapreduce.Job: Running job: job_local1378512011_0013
26/03/02 03:37:03 INFO mapred.LocalJobRunner: OutputCommitter set in config null
26/03/02 03:37:03 INFO output.FileOutputCommitter: File Output Committer Algorithm version is 1
26/03/02 03:37:03 INFO mapred.LocalJobRunner: OutputCommitter is org.apache.hadoop.mapreduce.lib.output.FileOutputCommitter
26/03/02 03:37:03 INFO mapred.LocalJobRunner: Waiting for map tasks
26/03/02 03:37:03 INFO mapred.LocalJobRunner: Starting task: attempt_local1378512011_0013_m_000000_0
26/03/02 03:37:03 INFO output.FileOutputCommitter: File Output Committer Algorithm version is 1
26/03/02 03:37:03 INFO mapred.Task:  Using ResourceCalculatorProcessTree : [ ]
26/03/02 03:37:03 INFO mapred.MapTask: Processing split: hdfs://localhost:9000/project2/task2/input/points_100k.csv:0+7337711
26/03/02 03:37:03 INFO mapred.MapTask: (EQUATOR) 0 kvi 26214396(104857584)
26/03/02 03:37:03 INFO mapred.MapTask: mapreduce.task.io.sort.mb: 100
26/03/02 03:37:03 INFO mapred.MapTask: soft limit at 83886080
26/03/02 03:37:03 INFO mapred.MapTask: bufstart = 0; bufvoid = 104857600
26/03/02 03:37:03 INFO mapred.MapTask: kvstart = 26214396; length = 6553600
26/03/02 03:37:03 INFO mapred.MapTask: Map output collector class = org.apache.hadoop.mapred.MapTask$MapOutputBuffer
26/03/02 03:37:04 INFO mapred.LocalJobRunner: 
26/03/02 03:37:04 INFO mapred.MapTask: Starting flush of map output
26/03/02 03:37:04 INFO mapred.MapTask: Spilling map output
26/03/02 03:37:04 INFO mapred.MapTask: bufstart = 0; bufend = 5200000; bufvoid = 104857600
26/03/02 03:37:04 INFO mapred.MapTask: kvstart = 26214396(104857584); kvend = 25814400(103257600); length = 399997/6553600
26/03/02 03:37:04 INFO mapred.MapTask: Finished spill 0
26/03/02 03:37:04 INFO mapred.Task: Task:attempt_local1378512011_0013_m_000000_0 is done. And is in the process of committing
26/03/02 03:37:04 INFO mapred.LocalJobRunner: map
26/03/02 03:37:04 INFO mapred.Task: Task 'attempt_local1378512011_0013_m_000000_0' done.
26/03/02 03:37:04 INFO mapred.Task: Final Counters for attempt_local1378512011_0013_m_000000_0: Counters: 22
	File System Counters
		FILE: Number of bytes read=131632108
		FILE: Number of bytes written=140725841
		FILE: Number of read operations=0
		FILE: Number of large read operations=0
		FILE: Number of write operations=0
		HDFS: Number of bytes read=95417220
		HDFS: Number of bytes written=11046
		HDFS: Number of read operations=693
		HDFS: Number of large read operations=0
		HDFS: Number of write operations=222
	Map-Reduce Framework
		Map input records=100000
		Map output records=100000
		Map output bytes=5200000
		Map output materialized bytes=5400024
		Input split bytes=123
		Combine input records=0
		Spilled Records=100000
		Failed Shuffles=0
		Merged Map outputs=0
		GC time elapsed (ms)=24
		Total committed heap usage (bytes)=501743616
	File Input Format Counters 
		Bytes Read=7337711
26/03/02 03:37:04 INFO mapred.LocalJobRunner: Finishing task: attempt_local1378512011_0013_m_000000_0
26/03/02 03:37:04 INFO mapred.LocalJobRunner: map task executor complete.
26/03/02 03:37:04 INFO mapred.LocalJobRunner: Waiting for reduce tasks
26/03/02 03:37:04 INFO mapred.LocalJobRunner: Starting task: attempt_local1378512011_0013_r_000000_0
26/03/02 03:37:04 INFO output.FileOutputCommitter: File Output Committer Algorithm version is 1
26/03/02 03:37:04 INFO mapred.Task:  Using ResourceCalculatorProcessTree : [ ]
26/03/02 03:37:04 INFO mapred.ReduceTask: Using ShuffleConsumerPlugin: org.apache.hadoop.mapreduce.task.reduce.Shuffle@5f062970
26/03/02 03:37:04 INFO reduce.MergeManagerImpl: MergerManager: memoryLimit=351220512, maxSingleShuffleLimit=87805128, mergeThreshold=231805552, ioSortFactor=10, memToMemMergeOutputsThreshold=10
26/03/02 03:37:04 INFO reduce.EventFetcher: attempt_local1378512011_0013_r_000000_0 Thread started: EventFetcher for fetching Map Completion Events
26/03/02 03:37:04 INFO reduce.LocalFetcher: localfetcher#49 about to shuffle output of map attempt_local1378512011_0013_m_000000_0 decomp: 2318978 len: 2318982 to MEMORY
26/03/02 03:37:04 INFO reduce.InMemoryMapOutput: Read 2318978 bytes from map-output for attempt_local1378512011_0013_m_000000_0
26/03/02 03:37:04 INFO reduce.MergeManagerImpl: closeInMemoryFile -> map-output of size: 2318978, inMemoryMapOutputs.size() -> 1, commitMemory -> 0, usedMemory ->2318978
26/03/02 03:37:04 INFO reduce.EventFetcher: EventFetcher is interrupted.. Returning
26/03/02 03:37:04 INFO mapred.LocalJobRunner: 1 / 1 copied.
26/03/02 03:37:04 INFO reduce.MergeManagerImpl: finalMerge called with 1 in-memory map-outputs and 0 on-disk map-outputs
26/03/02 03:37:04 INFO mapred.Merger: Merging 1 sorted segments
26/03/02 03:37:04 INFO mapred.Merger: Down to the last merge-pass, with 1 segments left of total size: 2318972 bytes
26/03/02 03:37:04 INFO reduce.MergeManagerImpl: Merged 1 segments, 2318978 bytes to disk to satisfy reduce memory limit
26/03/02 03:37:04 INFO reduce.MergeManagerImpl: Merging 1 files, 2318982 bytes from disk
26/03/02 03:37:04 INFO reduce.MergeManagerImpl: Merging 0 segments, 0 bytes from memory into reduce
26/03/02 03:37:04 INFO mapred.Merger: Merging 1 sorted segments
26/03/02 03:37:04 INFO mapred.Merger: Down to the last merge-pass, with 1 segments left of total size: 2318972 bytes
26/03/02 03:37:04 INFO mapred.LocalJobRunner: 1 / 1 copied.
26/03/02 03:37:04 INFO mapred.Task: Task:attempt_local1378512011_0013_r_000000_0 is done. And is in the process of committing
26/03/02 03:37:04 INFO mapred.LocalJobRunner: 1 / 1 copied.
26/03/02 03:37:04 INFO mapred.Task: Task attempt_local1378512011_0013_r_000000_0 is allowed to commit now
26/03/02 03:37:04 INFO output.FileOutputCommitter: Saved output of task 'attempt_local1378512011_0013_r_000000_0' to hdfs://localhost:9000/project2/task2/runs_report_plus/scale100k_basic/iter_13/_temporary/0/task_local1378512011_0013_r_000000
26/03/02 03:37:04 INFO mapred.LocalJobRunner: reduce > reduce
26/03/02 03:37:04 INFO mapred.Task: Task 'attempt_local1378512011_0013_r_000000_0' done.
26/03/02 03:37:04 INFO mapred.Task: Final Counters for attempt_local1378512011_0013_r_000000_0: Counters: 29
	File System Counters
		FILE: Number of bytes read=136274268
		FILE: Number of bytes written=143044823
		FILE: Number of read operations=0
		FILE: Number of large read operations=0
		FILE: Number of write operations=0
		HDFS: Number of bytes read=95417220
		HDFS: Number of bytes written=11253
		HDFS: Number of read operations=696
		HDFS: Number of large read operations=0
		HDFS: Number of write operations=224
	Map-Reduce Framework
		Combine input records=0
		Combine output records=0
		Reduce input groups=2
		Reduce shuffle bytes=2318982
		Reduce input records=42944
		Reduce output records=2
		Spilled Records=42944
		Shuffled Maps =1
		Failed Shuffles=0
		Merged Map outputs=1
		GC time elapsed (ms)=0
		Total committed heap usage (bytes)=501743616
	Shuffle Errors
		BAD_ID=0
		CONNECTION=0
		IO_ERROR=0
		WRONG_LENGTH=0
		WRONG_MAP=0
		WRONG_REDUCE=0
	File Output Format Counters 
		Bytes Written=207
26/03/02 03:37:04 INFO mapred.LocalJobRunner: Finishing task: attempt_local1378512011_0013_r_000000_0
26/03/02 03:37:04 INFO mapred.LocalJobRunner: Starting task: attempt_local1378512011_0013_r_000001_0
26/03/02 03:37:04 INFO output.FileOutputCommitter: File Output Committer Algorithm version is 1
26/03/02 03:37:04 INFO mapred.Task:  Using ResourceCalculatorProcessTree : [ ]
26/03/02 03:37:04 INFO mapred.ReduceTask: Using ShuffleConsumerPlugin: org.apache.hadoop.mapreduce.task.reduce.Shuffle@7edf201d
26/03/02 03:37:04 INFO reduce.MergeManagerImpl: MergerManager: memoryLimit=351220512, maxSingleShuffleLimit=87805128, mergeThreshold=231805552, ioSortFactor=10, memToMemMergeOutputsThreshold=10
26/03/02 03:37:04 INFO reduce.EventFetcher: attempt_local1378512011_0013_r_000001_0 Thread started: EventFetcher for fetching Map Completion Events
26/03/02 03:37:04 INFO reduce.LocalFetcher: localfetcher#50 about to shuffle output of map attempt_local1378512011_0013_m_000000_0 decomp: 1069526 len: 1069530 to MEMORY
26/03/02 03:37:04 INFO reduce.InMemoryMapOutput: Read 1069526 bytes from map-output for attempt_local1378512011_0013_m_000000_0
26/03/02 03:37:04 INFO reduce.MergeManagerImpl: closeInMemoryFile -> map-output of size: 1069526, inMemoryMapOutputs.size() -> 1, commitMemory -> 0, usedMemory ->1069526
26/03/02 03:37:04 INFO reduce.EventFetcher: EventFetcher is interrupted.. Returning
26/03/02 03:37:04 INFO mapred.LocalJobRunner: 1 / 1 copied.
26/03/02 03:37:04 INFO reduce.MergeManagerImpl: finalMerge called with 1 in-memory map-outputs and 0 on-disk map-outputs
26/03/02 03:37:04 INFO mapred.Merger: Merging 1 sorted segments
26/03/02 03:37:04 INFO mapred.Merger: Down to the last merge-pass, with 1 segments left of total size: 1069520 bytes
26/03/02 03:37:04 INFO reduce.MergeManagerImpl: Merged 1 segments, 1069526 bytes to disk to satisfy reduce memory limit
26/03/02 03:37:04 INFO reduce.MergeManagerImpl: Merging 1 files, 1069530 bytes from disk
26/03/02 03:37:04 INFO reduce.MergeManagerImpl: Merging 0 segments, 0 bytes from memory into reduce
26/03/02 03:37:04 INFO mapred.Merger: Merging 1 sorted segments
26/03/02 03:37:04 INFO mapred.Merger: Down to the last merge-pass, with 1 segments left of total size: 1069520 bytes
26/03/02 03:37:04 INFO mapred.LocalJobRunner: 1 / 1 copied.
26/03/02 03:37:04 INFO mapred.Task: Task:attempt_local1378512011_0013_r_000001_0 is done. And is in the process of committing
26/03/02 03:37:04 INFO mapred.LocalJobRunner: 1 / 1 copied.
26/03/02 03:37:04 INFO mapred.Task: Task attempt_local1378512011_0013_r_000001_0 is allowed to commit now
26/03/02 03:37:04 INFO output.FileOutputCommitter: Saved output of task 'attempt_local1378512011_0013_r_000001_0' to hdfs://localhost:9000/project2/task2/runs_report_plus/scale100k_basic/iter_13/_temporary/0/task_local1378512011_0013_r_000001
26/03/02 03:37:04 INFO mapred.LocalJobRunner: reduce > reduce
26/03/02 03:37:04 INFO mapred.Task: Task 'attempt_local1378512011_0013_r_000001_0' done.
26/03/02 03:37:04 INFO mapred.Task: Final Counters for attempt_local1378512011_0013_r_000001_0: Counters: 29
	File System Counters
		FILE: Number of bytes read=138417524
		FILE: Number of bytes written=144114353
		FILE: Number of read operations=0
		FILE: Number of large read operations=0
		FILE: Number of write operations=0
		HDFS: Number of bytes read=95417220
		HDFS: Number of bytes written=11355
		HDFS: Number of read operations=699
		HDFS: Number of large read operations=0
		HDFS: Number of write operations=226
	Map-Reduce Framework
		Combine input records=0
		Combine output records=0
		Reduce input groups=1
		Reduce shuffle bytes=1069530
		Reduce input records=19806
		Reduce output records=1
		Spilled Records=19806
		Shuffled Maps =1
		Failed Shuffles=0
		Merged Map outputs=1
		GC time elapsed (ms)=0
		Total committed heap usage (bytes)=501743616
	Shuffle Errors
		BAD_ID=0
		CONNECTION=0
		IO_ERROR=0
		WRONG_LENGTH=0
		WRONG_MAP=0
		WRONG_REDUCE=0
	File Output Format Counters 
		Bytes Written=102
26/03/02 03:37:04 INFO mapred.LocalJobRunner: Finishing task: attempt_local1378512011_0013_r_000001_0
26/03/02 03:37:04 INFO mapred.LocalJobRunner: Starting task: attempt_local1378512011_0013_r_000002_0
26/03/02 03:37:04 INFO output.FileOutputCommitter: File Output Committer Algorithm version is 1
26/03/02 03:37:04 INFO mapred.Task:  Using ResourceCalculatorProcessTree : [ ]
26/03/02 03:37:04 INFO mapred.ReduceTask: Using ShuffleConsumerPlugin: org.apache.hadoop.mapreduce.task.reduce.Shuffle@6ef6d9c
26/03/02 03:37:04 INFO reduce.MergeManagerImpl: MergerManager: memoryLimit=351220512, maxSingleShuffleLimit=87805128, mergeThreshold=231805552, ioSortFactor=10, memToMemMergeOutputsThreshold=10
26/03/02 03:37:04 INFO reduce.EventFetcher: attempt_local1378512011_0013_r_000002_0 Thread started: EventFetcher for fetching Map Completion Events
26/03/02 03:37:04 INFO reduce.LocalFetcher: localfetcher#51 about to shuffle output of map attempt_local1378512011_0013_m_000000_0 decomp: 709670 len: 709674 to MEMORY
26/03/02 03:37:04 INFO reduce.InMemoryMapOutput: Read 709670 bytes from map-output for attempt_local1378512011_0013_m_000000_0
26/03/02 03:37:04 INFO reduce.MergeManagerImpl: closeInMemoryFile -> map-output of size: 709670, inMemoryMapOutputs.size() -> 1, commitMemory -> 0, usedMemory ->709670
26/03/02 03:37:04 INFO reduce.EventFetcher: EventFetcher is interrupted.. Returning
26/03/02 03:37:04 INFO mapred.LocalJobRunner: 1 / 1 copied.
26/03/02 03:37:04 INFO reduce.MergeManagerImpl: finalMerge called with 1 in-memory map-outputs and 0 on-disk map-outputs
26/03/02 03:37:04 INFO mapred.Merger: Merging 1 sorted segments
26/03/02 03:37:04 INFO mapred.Merger: Down to the last merge-pass, with 1 segments left of total size: 709664 bytes
26/03/02 03:37:04 INFO reduce.MergeManagerImpl: Merged 1 segments, 709670 bytes to disk to satisfy reduce memory limit
26/03/02 03:37:04 INFO reduce.MergeManagerImpl: Merging 1 files, 709674 bytes from disk
26/03/02 03:37:04 INFO reduce.MergeManagerImpl: Merging 0 segments, 0 bytes from memory into reduce
26/03/02 03:37:04 INFO mapred.Merger: Merging 1 sorted segments
26/03/02 03:37:04 INFO mapred.Merger: Down to the last merge-pass, with 1 segments left of total size: 709664 bytes
26/03/02 03:37:04 INFO mapred.LocalJobRunner: 1 / 1 copied.
26/03/02 03:37:04 INFO mapred.Task: Task:attempt_local1378512011_0013_r_000002_0 is done. And is in the process of committing
26/03/02 03:37:04 INFO mapred.LocalJobRunner: 1 / 1 copied.
26/03/02 03:37:04 INFO mapred.Task: Task attempt_local1378512011_0013_r_000002_0 is allowed to commit now
26/03/02 03:37:04 INFO output.FileOutputCommitter: Saved output of task 'attempt_local1378512011_0013_r_000002_0' to hdfs://localhost:9000/project2/task2/runs_report_plus/scale100k_basic/iter_13/_temporary/0/task_local1378512011_0013_r_000002
26/03/02 03:37:04 INFO mapred.LocalJobRunner: reduce > reduce
26/03/02 03:37:04 INFO mapred.Task: Task 'attempt_local1378512011_0013_r_000002_0' done.
26/03/02 03:37:04 INFO mapred.Task: Final Counters for attempt_local1378512011_0013_r_000002_0: Counters: 29
	File System Counters
		FILE: Number of bytes read=139841068
		FILE: Number of bytes written=144824027
		FILE: Number of read operations=0
		FILE: Number of large read operations=0
		FILE: Number of write operations=0
		HDFS: Number of bytes read=95417220
		HDFS: Number of bytes written=11458
		HDFS: Number of read operations=702
		HDFS: Number of large read operations=0
		HDFS: Number of write operations=228
	Map-Reduce Framework
		Combine input records=0
		Combine output records=0
		Reduce input groups=1
		Reduce shuffle bytes=709674
		Reduce input records=13142
		Reduce output records=1
		Spilled Records=13142
		Shuffled Maps =1
		Failed Shuffles=0
		Merged Map outputs=1
		GC time elapsed (ms)=0
		Total committed heap usage (bytes)=501743616
	Shuffle Errors
		BAD_ID=0
		CONNECTION=0
		IO_ERROR=0
		WRONG_LENGTH=0
		WRONG_MAP=0
		WRONG_REDUCE=0
	File Output Format Counters 
		Bytes Written=103
26/03/02 03:37:04 INFO mapred.LocalJobRunner: Finishing task: attempt_local1378512011_0013_r_000002_0
26/03/02 03:37:04 INFO mapred.LocalJobRunner: Starting task: attempt_local1378512011_0013_r_000003_0
26/03/02 03:37:04 INFO output.FileOutputCommitter: File Output Committer Algorithm version is 1
26/03/02 03:37:04 INFO mapred.Task:  Using ResourceCalculatorProcessTree : [ ]
26/03/02 03:37:04 INFO mapred.ReduceTask: Using ShuffleConsumerPlugin: org.apache.hadoop.mapreduce.task.reduce.Shuffle@770b305b
26/03/02 03:37:04 INFO reduce.MergeManagerImpl: MergerManager: memoryLimit=351220512, maxSingleShuffleLimit=87805128, mergeThreshold=231805552, ioSortFactor=10, memToMemMergeOutputsThreshold=10
26/03/02 03:37:04 INFO reduce.EventFetcher: attempt_local1378512011_0013_r_000003_0 Thread started: EventFetcher for fetching Map Completion Events
26/03/02 03:37:04 INFO reduce.LocalFetcher: localfetcher#52 about to shuffle output of map attempt_local1378512011_0013_m_000000_0 decomp: 1301834 len: 1301838 to MEMORY
26/03/02 03:37:04 INFO reduce.InMemoryMapOutput: Read 1301834 bytes from map-output for attempt_local1378512011_0013_m_000000_0
26/03/02 03:37:04 INFO reduce.MergeManagerImpl: closeInMemoryFile -> map-output of size: 1301834, inMemoryMapOutputs.size() -> 1, commitMemory -> 0, usedMemory ->1301834
26/03/02 03:37:04 INFO reduce.EventFetcher: EventFetcher is interrupted.. Returning
26/03/02 03:37:04 INFO mapred.LocalJobRunner: 1 / 1 copied.
26/03/02 03:37:04 INFO reduce.MergeManagerImpl: finalMerge called with 1 in-memory map-outputs and 0 on-disk map-outputs
26/03/02 03:37:04 INFO mapred.Merger: Merging 1 sorted segments
26/03/02 03:37:04 INFO mapred.Merger: Down to the last merge-pass, with 1 segments left of total size: 1301828 bytes
26/03/02 03:37:04 INFO reduce.MergeManagerImpl: Merged 1 segments, 1301834 bytes to disk to satisfy reduce memory limit
26/03/02 03:37:04 INFO reduce.MergeManagerImpl: Merging 1 files, 1301838 bytes from disk
26/03/02 03:37:04 INFO reduce.MergeManagerImpl: Merging 0 segments, 0 bytes from memory into reduce
26/03/02 03:37:04 INFO mapred.Merger: Merging 1 sorted segments
26/03/02 03:37:04 INFO mapred.Merger: Down to the last merge-pass, with 1 segments left of total size: 1301828 bytes
26/03/02 03:37:04 INFO mapred.LocalJobRunner: 1 / 1 copied.
26/03/02 03:37:04 INFO mapred.Task: Task:attempt_local1378512011_0013_r_000003_0 is done. And is in the process of committing
26/03/02 03:37:04 INFO mapred.LocalJobRunner: 1 / 1 copied.
26/03/02 03:37:04 INFO mapred.Task: Task attempt_local1378512011_0013_r_000003_0 is allowed to commit now
26/03/02 03:37:04 INFO output.FileOutputCommitter: Saved output of task 'attempt_local1378512011_0013_r_000003_0' to hdfs://localhost:9000/project2/task2/runs_report_plus/scale100k_basic/iter_13/_temporary/0/task_local1378512011_0013_r_000003
26/03/02 03:37:04 INFO mapred.LocalJobRunner: reduce > reduce
26/03/02 03:37:04 INFO mapred.Task: Task 'attempt_local1378512011_0013_r_000003_0' done.
26/03/02 03:37:04 INFO mapred.Task: Final Counters for attempt_local1378512011_0013_r_000003_0: Counters: 29
	File System Counters
		FILE: Number of bytes read=142444848
		FILE: Number of bytes written=146125865
		FILE: Number of read operations=0
		FILE: Number of large read operations=0
		FILE: Number of write operations=0
		HDFS: Number of bytes read=95417220
		HDFS: Number of bytes written=11559
		HDFS: Number of read operations=705
		HDFS: Number of large read operations=0
		HDFS: Number of write operations=230
	Map-Reduce Framework
		Combine input records=0
		Combine output records=0
		Reduce input groups=1
		Reduce shuffle bytes=1301838
		Reduce input records=24108
		Reduce output records=1
		Spilled Records=24108
		Shuffled Maps =1
		Failed Shuffles=0
		Merged Map outputs=1
		GC time elapsed (ms)=0
		Total committed heap usage (bytes)=501743616
	Shuffle Errors
		BAD_ID=0
		CONNECTION=0
		IO_ERROR=0
		WRONG_LENGTH=0
		WRONG_MAP=0
		WRONG_REDUCE=0
	File Output Format Counters 
		Bytes Written=101
26/03/02 03:37:04 INFO mapred.LocalJobRunner: Finishing task: attempt_local1378512011_0013_r_000003_0
26/03/02 03:37:04 INFO mapred.LocalJobRunner: reduce task executor complete.
26/03/02 03:37:04 INFO mapreduce.Job: Job job_local1378512011_0013 running in uber mode : false
26/03/02 03:37:04 INFO mapreduce.Job:  map 100% reduce 100%
26/03/02 03:37:04 INFO mapreduce.Job: Job job_local1378512011_0013 completed successfully
26/03/02 03:37:04 INFO mapreduce.Job: Counters: 35
	File System Counters
		FILE: Number of bytes read=688609816
		FILE: Number of bytes written=718834909
		FILE: Number of read operations=0
		FILE: Number of large read operations=0
		FILE: Number of write operations=0
		HDFS: Number of bytes read=477086100
		HDFS: Number of bytes written=56671
		HDFS: Number of read operations=3495
		HDFS: Number of large read operations=0
		HDFS: Number of write operations=1130
	Map-Reduce Framework
		Map input records=100000
		Map output records=100000
		Map output bytes=5200000
		Map output materialized bytes=5400024
		Input split bytes=123
		Combine input records=0
		Combine output records=0
		Reduce input groups=5
		Reduce shuffle bytes=5400024
		Reduce input records=100000
		Reduce output records=5
		Spilled Records=200000
		Shuffled Maps =4
		Failed Shuffles=0
		Merged Map outputs=4
		GC time elapsed (ms)=24
		Total committed heap usage (bytes)=2508718080
	Shuffle Errors
		BAD_ID=0
		CONNECTION=0
		IO_ERROR=0
		WRONG_LENGTH=0
		WRONG_MAP=0
		WRONG_REDUCE=0
	File Input Format Counters 
		Bytes Read=7337711
	File Output Format Counters 
		Bytes Written=513
26/03/02 03:37:04 INFO jvm.JvmMetrics: Cannot initialize JVM Metrics with processName=JobTracker, sessionId= - already initialized
26/03/02 03:37:04 WARN mapreduce.JobResourceUploader: Hadoop command-line option parsing not performed. Implement the Tool interface and execute your application with ToolRunner to remedy this.
26/03/02 03:37:04 INFO input.FileInputFormat: Total input paths to process : 1
26/03/02 03:37:04 INFO mapreduce.JobSubmitter: number of splits:1
26/03/02 03:37:04 INFO mapreduce.JobSubmitter: Submitting tokens for job: job_local2123832344_0014
26/03/02 03:37:05 INFO mapred.LocalDistributedCacheManager: Creating symlink: /tmp/hadoop-ds503/mapred/local/1772422624979/centers_iter_13.csv <- /home/ds503/centers_iter_13.csv
26/03/02 03:37:05 INFO mapred.LocalDistributedCacheManager: Localized hdfs://localhost:9000/project2/task2/runs_report_plus/scale100k_basic/centers_iter_13.csv as file:/tmp/hadoop-ds503/mapred/local/1772422624979/centers_iter_13.csv
26/03/02 03:37:05 INFO mapreduce.Job: The url to track the job: http://localhost:8080/
26/03/02 03:37:05 INFO mapreduce.Job: Running job: job_local2123832344_0014
26/03/02 03:37:05 INFO mapred.LocalJobRunner: OutputCommitter set in config null
26/03/02 03:37:05 INFO output.FileOutputCommitter: File Output Committer Algorithm version is 1
26/03/02 03:37:05 INFO mapred.LocalJobRunner: OutputCommitter is org.apache.hadoop.mapreduce.lib.output.FileOutputCommitter
26/03/02 03:37:05 INFO mapred.LocalJobRunner: Waiting for map tasks
26/03/02 03:37:05 INFO mapred.LocalJobRunner: Starting task: attempt_local2123832344_0014_m_000000_0
26/03/02 03:37:05 INFO output.FileOutputCommitter: File Output Committer Algorithm version is 1
26/03/02 03:37:05 INFO mapred.Task:  Using ResourceCalculatorProcessTree : [ ]
26/03/02 03:37:05 INFO mapred.MapTask: Processing split: hdfs://localhost:9000/project2/task2/input/points_100k.csv:0+7337711
26/03/02 03:37:05 INFO mapred.MapTask: (EQUATOR) 0 kvi 26214396(104857584)
26/03/02 03:37:05 INFO mapred.MapTask: mapreduce.task.io.sort.mb: 100
26/03/02 03:37:05 INFO mapred.MapTask: soft limit at 83886080
26/03/02 03:37:05 INFO mapred.MapTask: bufstart = 0; bufvoid = 104857600
26/03/02 03:37:05 INFO mapred.MapTask: kvstart = 26214396; length = 6553600
26/03/02 03:37:05 INFO mapred.MapTask: Map output collector class = org.apache.hadoop.mapred.MapTask$MapOutputBuffer
26/03/02 03:37:05 INFO mapred.LocalJobRunner: 
26/03/02 03:37:05 INFO mapred.MapTask: Starting flush of map output
26/03/02 03:37:05 INFO mapred.MapTask: Spilling map output
26/03/02 03:37:05 INFO mapred.MapTask: bufstart = 0; bufend = 5200000; bufvoid = 104857600
26/03/02 03:37:05 INFO mapred.MapTask: kvstart = 26214396(104857584); kvend = 25814400(103257600); length = 399997/6553600
26/03/02 03:37:05 INFO mapred.MapTask: Finished spill 0
26/03/02 03:37:05 INFO mapred.Task: Task:attempt_local2123832344_0014_m_000000_0 is done. And is in the process of committing
26/03/02 03:37:05 INFO mapred.LocalJobRunner: map
26/03/02 03:37:05 INFO mapred.Task: Task 'attempt_local2123832344_0014_m_000000_0' done.
26/03/02 03:37:05 INFO mapred.Task: Final Counters for attempt_local2123832344_0014_m_000000_0: Counters: 22
	File System Counters
		FILE: Number of bytes read=142589404
		FILE: Number of bytes written=151967273
		FILE: Number of read operations=0
		FILE: Number of large read operations=0
		FILE: Number of write operations=0
		HDFS: Number of bytes read=102757094
		HDFS: Number of bytes written=11937
		HDFS: Number of read operations=749
		HDFS: Number of large read operations=0
		HDFS: Number of write operations=240
	Map-Reduce Framework
		Map input records=100000
		Map output records=100000
		Map output bytes=5200000
		Map output materialized bytes=5400024
		Input split bytes=123
		Combine input records=0
		Spilled Records=100000
		Failed Shuffles=0
		Merged Map outputs=0
		GC time elapsed (ms)=22
		Total committed heap usage (bytes)=502792192
	File Input Format Counters 
		Bytes Read=7337711
26/03/02 03:37:05 INFO mapred.LocalJobRunner: Finishing task: attempt_local2123832344_0014_m_000000_0
26/03/02 03:37:05 INFO mapred.LocalJobRunner: map task executor complete.
26/03/02 03:37:05 INFO mapred.LocalJobRunner: Waiting for reduce tasks
26/03/02 03:37:05 INFO mapred.LocalJobRunner: Starting task: attempt_local2123832344_0014_r_000000_0
26/03/02 03:37:05 INFO output.FileOutputCommitter: File Output Committer Algorithm version is 1
26/03/02 03:37:05 INFO mapred.Task:  Using ResourceCalculatorProcessTree : [ ]
26/03/02 03:37:05 INFO mapred.ReduceTask: Using ShuffleConsumerPlugin: org.apache.hadoop.mapreduce.task.reduce.Shuffle@3857aaf9
26/03/02 03:37:05 INFO reduce.MergeManagerImpl: MergerManager: memoryLimit=351954528, maxSingleShuffleLimit=87988632, mergeThreshold=232290000, ioSortFactor=10, memToMemMergeOutputsThreshold=10
26/03/02 03:37:05 INFO reduce.EventFetcher: attempt_local2123832344_0014_r_000000_0 Thread started: EventFetcher for fetching Map Completion Events
26/03/02 03:37:05 INFO reduce.LocalFetcher: localfetcher#53 about to shuffle output of map attempt_local2123832344_0014_m_000000_0 decomp: 2308664 len: 2308668 to MEMORY
26/03/02 03:37:05 INFO reduce.InMemoryMapOutput: Read 2308664 bytes from map-output for attempt_local2123832344_0014_m_000000_0
26/03/02 03:37:05 INFO reduce.MergeManagerImpl: closeInMemoryFile -> map-output of size: 2308664, inMemoryMapOutputs.size() -> 1, commitMemory -> 0, usedMemory ->2308664
26/03/02 03:37:05 INFO reduce.EventFetcher: EventFetcher is interrupted.. Returning
26/03/02 03:37:05 INFO mapred.LocalJobRunner: 1 / 1 copied.
26/03/02 03:37:05 INFO reduce.MergeManagerImpl: finalMerge called with 1 in-memory map-outputs and 0 on-disk map-outputs
26/03/02 03:37:05 INFO mapred.Merger: Merging 1 sorted segments
26/03/02 03:37:05 INFO mapred.Merger: Down to the last merge-pass, with 1 segments left of total size: 2308658 bytes
26/03/02 03:37:05 INFO reduce.MergeManagerImpl: Merged 1 segments, 2308664 bytes to disk to satisfy reduce memory limit
26/03/02 03:37:05 INFO reduce.MergeManagerImpl: Merging 1 files, 2308668 bytes from disk
26/03/02 03:37:05 INFO reduce.MergeManagerImpl: Merging 0 segments, 0 bytes from memory into reduce
26/03/02 03:37:05 INFO mapred.Merger: Merging 1 sorted segments
26/03/02 03:37:05 INFO mapred.Merger: Down to the last merge-pass, with 1 segments left of total size: 2308658 bytes
26/03/02 03:37:05 INFO mapred.LocalJobRunner: 1 / 1 copied.
26/03/02 03:37:05 INFO mapred.Task: Task:attempt_local2123832344_0014_r_000000_0 is done. And is in the process of committing
26/03/02 03:37:05 INFO mapred.LocalJobRunner: 1 / 1 copied.
26/03/02 03:37:05 INFO mapred.Task: Task attempt_local2123832344_0014_r_000000_0 is allowed to commit now
26/03/02 03:37:05 INFO output.FileOutputCommitter: Saved output of task 'attempt_local2123832344_0014_r_000000_0' to hdfs://localhost:9000/project2/task2/runs_report_plus/scale100k_basic/iter_14/_temporary/0/task_local2123832344_0014_r_000000
26/03/02 03:37:05 INFO mapred.LocalJobRunner: reduce > reduce
26/03/02 03:37:05 INFO mapred.Task: Task 'attempt_local2123832344_0014_r_000000_0' done.
26/03/02 03:37:05 INFO mapred.Task: Final Counters for attempt_local2123832344_0014_r_000000_0: Counters: 29
	File System Counters
		FILE: Number of bytes read=147210936
		FILE: Number of bytes written=154275941
		FILE: Number of read operations=0
		FILE: Number of large read operations=0
		FILE: Number of write operations=0
		HDFS: Number of bytes read=102757094
		HDFS: Number of bytes written=12142
		HDFS: Number of read operations=752
		HDFS: Number of large read operations=0
		HDFS: Number of write operations=242
	Map-Reduce Framework
		Combine input records=0
		Combine output records=0
		Reduce input groups=2
		Reduce shuffle bytes=2308668
		Reduce input records=42753
		Reduce output records=2
		Spilled Records=42753
		Shuffled Maps =1
		Failed Shuffles=0
		Merged Map outputs=1
		GC time elapsed (ms)=0
		Total committed heap usage (bytes)=502792192
	Shuffle Errors
		BAD_ID=0
		CONNECTION=0
		IO_ERROR=0
		WRONG_LENGTH=0
		WRONG_MAP=0
		WRONG_REDUCE=0
	File Output Format Counters 
		Bytes Written=205
26/03/02 03:37:05 INFO mapred.LocalJobRunner: Finishing task: attempt_local2123832344_0014_r_000000_0
26/03/02 03:37:05 INFO mapred.LocalJobRunner: Starting task: attempt_local2123832344_0014_r_000001_0
26/03/02 03:37:05 INFO output.FileOutputCommitter: File Output Committer Algorithm version is 1
26/03/02 03:37:05 INFO mapred.Task:  Using ResourceCalculatorProcessTree : [ ]
26/03/02 03:37:05 INFO mapred.ReduceTask: Using ShuffleConsumerPlugin: org.apache.hadoop.mapreduce.task.reduce.Shuffle@72a825d6
26/03/02 03:37:05 INFO reduce.MergeManagerImpl: MergerManager: memoryLimit=351954528, maxSingleShuffleLimit=87988632, mergeThreshold=232290000, ioSortFactor=10, memToMemMergeOutputsThreshold=10
26/03/02 03:37:05 INFO reduce.EventFetcher: attempt_local2123832344_0014_r_000001_0 Thread started: EventFetcher for fetching Map Completion Events
26/03/02 03:37:05 INFO reduce.LocalFetcher: localfetcher#54 about to shuffle output of map attempt_local2123832344_0014_m_000000_0 decomp: 1068068 len: 1068072 to MEMORY
26/03/02 03:37:05 INFO reduce.InMemoryMapOutput: Read 1068068 bytes from map-output for attempt_local2123832344_0014_m_000000_0
26/03/02 03:37:05 INFO reduce.MergeManagerImpl: closeInMemoryFile -> map-output of size: 1068068, inMemoryMapOutputs.size() -> 1, commitMemory -> 0, usedMemory ->1068068
26/03/02 03:37:05 INFO reduce.EventFetcher: EventFetcher is interrupted.. Returning
26/03/02 03:37:05 INFO mapred.LocalJobRunner: 1 / 1 copied.
26/03/02 03:37:05 INFO reduce.MergeManagerImpl: finalMerge called with 1 in-memory map-outputs and 0 on-disk map-outputs
26/03/02 03:37:05 INFO mapred.Merger: Merging 1 sorted segments
26/03/02 03:37:05 INFO mapred.Merger: Down to the last merge-pass, with 1 segments left of total size: 1068062 bytes
26/03/02 03:37:05 INFO reduce.MergeManagerImpl: Merged 1 segments, 1068068 bytes to disk to satisfy reduce memory limit
26/03/02 03:37:05 INFO reduce.MergeManagerImpl: Merging 1 files, 1068072 bytes from disk
26/03/02 03:37:05 INFO reduce.MergeManagerImpl: Merging 0 segments, 0 bytes from memory into reduce
26/03/02 03:37:05 INFO mapred.Merger: Merging 1 sorted segments
26/03/02 03:37:05 INFO mapred.Merger: Down to the last merge-pass, with 1 segments left of total size: 1068062 bytes
26/03/02 03:37:05 INFO mapred.LocalJobRunner: 1 / 1 copied.
26/03/02 03:37:05 INFO mapred.Task: Task:attempt_local2123832344_0014_r_000001_0 is done. And is in the process of committing
26/03/02 03:37:05 INFO mapred.LocalJobRunner: 1 / 1 copied.
26/03/02 03:37:05 INFO mapred.Task: Task attempt_local2123832344_0014_r_000001_0 is allowed to commit now
26/03/02 03:37:05 INFO output.FileOutputCommitter: Saved output of task 'attempt_local2123832344_0014_r_000001_0' to hdfs://localhost:9000/project2/task2/runs_report_plus/scale100k_basic/iter_14/_temporary/0/task_local2123832344_0014_r_000001
26/03/02 03:37:05 INFO mapred.LocalJobRunner: reduce > reduce
26/03/02 03:37:05 INFO mapred.Task: Task 'attempt_local2123832344_0014_r_000001_0' done.
26/03/02 03:37:05 INFO mapred.Task: Final Counters for attempt_local2123832344_0014_r_000001_0: Counters: 29
	File System Counters
		FILE: Number of bytes read=149351276
		FILE: Number of bytes written=155344013
		FILE: Number of read operations=0
		FILE: Number of large read operations=0
		FILE: Number of write operations=0
		HDFS: Number of bytes read=102757094
		HDFS: Number of bytes written=12244
		HDFS: Number of read operations=755
		HDFS: Number of large read operations=0
		HDFS: Number of write operations=244
	Map-Reduce Framework
		Combine input records=0
		Combine output records=0
		Reduce input groups=1
		Reduce shuffle bytes=1068072
		Reduce input records=19779
		Reduce output records=1
		Spilled Records=19779
		Shuffled Maps =1
		Failed Shuffles=0
		Merged Map outputs=1
		GC time elapsed (ms)=0
		Total committed heap usage (bytes)=502792192
	Shuffle Errors
		BAD_ID=0
		CONNECTION=0
		IO_ERROR=0
		WRONG_LENGTH=0
		WRONG_MAP=0
		WRONG_REDUCE=0
	File Output Format Counters 
		Bytes Written=102
26/03/02 03:37:05 INFO mapred.LocalJobRunner: Finishing task: attempt_local2123832344_0014_r_000001_0
26/03/02 03:37:05 INFO mapred.LocalJobRunner: Starting task: attempt_local2123832344_0014_r_000002_0
26/03/02 03:37:05 INFO output.FileOutputCommitter: File Output Committer Algorithm version is 1
26/03/02 03:37:05 INFO mapred.Task:  Using ResourceCalculatorProcessTree : [ ]
26/03/02 03:37:05 INFO mapred.ReduceTask: Using ShuffleConsumerPlugin: org.apache.hadoop.mapreduce.task.reduce.Shuffle@a7fce89
26/03/02 03:37:05 INFO reduce.MergeManagerImpl: MergerManager: memoryLimit=351954528, maxSingleShuffleLimit=87988632, mergeThreshold=232290000, ioSortFactor=10, memToMemMergeOutputsThreshold=10
26/03/02 03:37:05 INFO reduce.EventFetcher: attempt_local2123832344_0014_r_000002_0 Thread started: EventFetcher for fetching Map Completion Events
26/03/02 03:37:05 INFO reduce.LocalFetcher: localfetcher#55 about to shuffle output of map attempt_local2123832344_0014_m_000000_0 decomp: 740450 len: 740454 to MEMORY
26/03/02 03:37:05 INFO reduce.InMemoryMapOutput: Read 740450 bytes from map-output for attempt_local2123832344_0014_m_000000_0
26/03/02 03:37:05 INFO reduce.MergeManagerImpl: closeInMemoryFile -> map-output of size: 740450, inMemoryMapOutputs.size() -> 1, commitMemory -> 0, usedMemory ->740450
26/03/02 03:37:05 INFO reduce.EventFetcher: EventFetcher is interrupted.. Returning
26/03/02 03:37:05 INFO mapred.LocalJobRunner: 1 / 1 copied.
26/03/02 03:37:05 INFO reduce.MergeManagerImpl: finalMerge called with 1 in-memory map-outputs and 0 on-disk map-outputs
26/03/02 03:37:05 INFO mapred.Merger: Merging 1 sorted segments
26/03/02 03:37:05 INFO mapred.Merger: Down to the last merge-pass, with 1 segments left of total size: 740444 bytes
26/03/02 03:37:05 INFO reduce.MergeManagerImpl: Merged 1 segments, 740450 bytes to disk to satisfy reduce memory limit
26/03/02 03:37:05 INFO reduce.MergeManagerImpl: Merging 1 files, 740454 bytes from disk
26/03/02 03:37:05 INFO reduce.MergeManagerImpl: Merging 0 segments, 0 bytes from memory into reduce
26/03/02 03:37:05 INFO mapred.Merger: Merging 1 sorted segments
26/03/02 03:37:05 INFO mapred.Merger: Down to the last merge-pass, with 1 segments left of total size: 740444 bytes
26/03/02 03:37:05 INFO mapred.LocalJobRunner: 1 / 1 copied.
26/03/02 03:37:05 INFO mapred.Task: Task:attempt_local2123832344_0014_r_000002_0 is done. And is in the process of committing
26/03/02 03:37:05 INFO mapred.LocalJobRunner: 1 / 1 copied.
26/03/02 03:37:05 INFO mapred.Task: Task attempt_local2123832344_0014_r_000002_0 is allowed to commit now
26/03/02 03:37:05 INFO output.FileOutputCommitter: Saved output of task 'attempt_local2123832344_0014_r_000002_0' to hdfs://localhost:9000/project2/task2/runs_report_plus/scale100k_basic/iter_14/_temporary/0/task_local2123832344_0014_r_000002
26/03/02 03:37:05 INFO mapred.LocalJobRunner: reduce > reduce
26/03/02 03:37:05 INFO mapred.Task: Task 'attempt_local2123832344_0014_r_000002_0' done.
26/03/02 03:37:05 INFO mapred.Task: Final Counters for attempt_local2123832344_0014_r_000002_0: Counters: 29
	File System Counters
		FILE: Number of bytes read=150836380
		FILE: Number of bytes written=156084467
		FILE: Number of read operations=0
		FILE: Number of large read operations=0
		FILE: Number of write operations=0
		HDFS: Number of bytes read=102757094
		HDFS: Number of bytes written=12347
		HDFS: Number of read operations=758
		HDFS: Number of large read operations=0
		HDFS: Number of write operations=246
	Map-Reduce Framework
		Combine input records=0
		Combine output records=0
		Reduce input groups=1
		Reduce shuffle bytes=740454
		Reduce input records=13712
		Reduce output records=1
		Spilled Records=13712
		Shuffled Maps =1
		Failed Shuffles=0
		Merged Map outputs=1
		GC time elapsed (ms)=0
		Total committed heap usage (bytes)=502792192
	Shuffle Errors
		BAD_ID=0
		CONNECTION=0
		IO_ERROR=0
		WRONG_LENGTH=0
		WRONG_MAP=0
		WRONG_REDUCE=0
	File Output Format Counters 
		Bytes Written=103
26/03/02 03:37:05 INFO mapred.LocalJobRunner: Finishing task: attempt_local2123832344_0014_r_000002_0
26/03/02 03:37:05 INFO mapred.LocalJobRunner: Starting task: attempt_local2123832344_0014_r_000003_0
26/03/02 03:37:05 INFO output.FileOutputCommitter: File Output Committer Algorithm version is 1
26/03/02 03:37:05 INFO mapred.Task:  Using ResourceCalculatorProcessTree : [ ]
26/03/02 03:37:05 INFO mapred.ReduceTask: Using ShuffleConsumerPlugin: org.apache.hadoop.mapreduce.task.reduce.Shuffle@2437b744
26/03/02 03:37:05 INFO reduce.MergeManagerImpl: MergerManager: memoryLimit=351954528, maxSingleShuffleLimit=87988632, mergeThreshold=232290000, ioSortFactor=10, memToMemMergeOutputsThreshold=10
26/03/02 03:37:05 INFO reduce.EventFetcher: attempt_local2123832344_0014_r_000003_0 Thread started: EventFetcher for fetching Map Completion Events
26/03/02 03:37:05 INFO reduce.LocalFetcher: localfetcher#56 about to shuffle output of map attempt_local2123832344_0014_m_000000_0 decomp: 1282826 len: 1282830 to MEMORY
26/03/02 03:37:05 INFO reduce.InMemoryMapOutput: Read 1282826 bytes from map-output for attempt_local2123832344_0014_m_000000_0
26/03/02 03:37:05 INFO reduce.MergeManagerImpl: closeInMemoryFile -> map-output of size: 1282826, inMemoryMapOutputs.size() -> 1, commitMemory -> 0, usedMemory ->1282826
26/03/02 03:37:05 INFO reduce.EventFetcher: EventFetcher is interrupted.. Returning
26/03/02 03:37:05 INFO mapred.LocalJobRunner: 1 / 1 copied.
26/03/02 03:37:05 INFO reduce.MergeManagerImpl: finalMerge called with 1 in-memory map-outputs and 0 on-disk map-outputs
26/03/02 03:37:05 INFO mapred.Merger: Merging 1 sorted segments
26/03/02 03:37:05 INFO mapred.Merger: Down to the last merge-pass, with 1 segments left of total size: 1282820 bytes
26/03/02 03:37:05 INFO reduce.MergeManagerImpl: Merged 1 segments, 1282826 bytes to disk to satisfy reduce memory limit
26/03/02 03:37:05 INFO reduce.MergeManagerImpl: Merging 1 files, 1282830 bytes from disk
26/03/02 03:37:05 INFO reduce.MergeManagerImpl: Merging 0 segments, 0 bytes from memory into reduce
26/03/02 03:37:05 INFO mapred.Merger: Merging 1 sorted segments
26/03/02 03:37:05 INFO mapred.Merger: Down to the last merge-pass, with 1 segments left of total size: 1282820 bytes
26/03/02 03:37:05 INFO mapred.LocalJobRunner: 1 / 1 copied.
26/03/02 03:37:05 INFO mapred.Task: Task:attempt_local2123832344_0014_r_000003_0 is done. And is in the process of committing
26/03/02 03:37:05 INFO mapred.LocalJobRunner: 1 / 1 copied.
26/03/02 03:37:05 INFO mapred.Task: Task attempt_local2123832344_0014_r_000003_0 is allowed to commit now
26/03/02 03:37:05 INFO output.FileOutputCommitter: Saved output of task 'attempt_local2123832344_0014_r_000003_0' to hdfs://localhost:9000/project2/task2/runs_report_plus/scale100k_basic/iter_14/_temporary/0/task_local2123832344_0014_r_000003
26/03/02 03:37:05 INFO mapred.LocalJobRunner: reduce > reduce
26/03/02 03:37:05 INFO mapred.Task: Task 'attempt_local2123832344_0014_r_000003_0' done.
26/03/02 03:37:05 INFO mapred.Task: Final Counters for attempt_local2123832344_0014_r_000003_0: Counters: 29
	File System Counters
		FILE: Number of bytes read=153402144
		FILE: Number of bytes written=157367297
		FILE: Number of read operations=0
		FILE: Number of large read operations=0
		FILE: Number of write operations=0
		HDFS: Number of bytes read=102757094
		HDFS: Number of bytes written=12450
		HDFS: Number of read operations=761
		HDFS: Number of large read operations=0
		HDFS: Number of write operations=248
	Map-Reduce Framework
		Combine input records=0
		Combine output records=0
		Reduce input groups=1
		Reduce shuffle bytes=1282830
		Reduce input records=23756
		Reduce output records=1
		Spilled Records=23756
		Shuffled Maps =1
		Failed Shuffles=0
		Merged Map outputs=1
		GC time elapsed (ms)=0
		Total committed heap usage (bytes)=502792192
	Shuffle Errors
		BAD_ID=0
		CONNECTION=0
		IO_ERROR=0
		WRONG_LENGTH=0
		WRONG_MAP=0
		WRONG_REDUCE=0
	File Output Format Counters 
		Bytes Written=103
26/03/02 03:37:05 INFO mapred.LocalJobRunner: Finishing task: attempt_local2123832344_0014_r_000003_0
26/03/02 03:37:05 INFO mapred.LocalJobRunner: reduce task executor complete.
26/03/02 03:37:06 INFO mapreduce.Job: Job job_local2123832344_0014 running in uber mode : false
26/03/02 03:37:06 INFO mapreduce.Job:  map 100% reduce 100%
26/03/02 03:37:06 INFO mapreduce.Job: Job job_local2123832344_0014 completed successfully
26/03/02 03:37:06 INFO mapreduce.Job: Counters: 35
	File System Counters
		FILE: Number of bytes read=743390140
		FILE: Number of bytes written=775038991
		FILE: Number of read operations=0
		FILE: Number of large read operations=0
		FILE: Number of write operations=0
		HDFS: Number of bytes read=513785470
		HDFS: Number of bytes written=61120
		HDFS: Number of read operations=3775
		HDFS: Number of large read operations=0
		HDFS: Number of write operations=1220
	Map-Reduce Framework
		Map input records=100000
		Map output records=100000
		Map output bytes=5200000
		Map output materialized bytes=5400024
		Input split bytes=123
		Combine input records=0
		Combine output records=0
		Reduce input groups=5
		Reduce shuffle bytes=5400024
		Reduce input records=100000
		Reduce output records=5
		Spilled Records=200000
		Shuffled Maps =4
		Failed Shuffles=0
		Merged Map outputs=4
		GC time elapsed (ms)=22
		Total committed heap usage (bytes)=2513960960
	Shuffle Errors
		BAD_ID=0
		CONNECTION=0
		IO_ERROR=0
		WRONG_LENGTH=0
		WRONG_MAP=0
		WRONG_REDUCE=0
	File Input Format Counters 
		Bytes Read=7337711
	File Output Format Counters 
		Bytes Written=513
26/03/02 03:37:06 INFO jvm.JvmMetrics: Cannot initialize JVM Metrics with processName=JobTracker, sessionId= - already initialized
26/03/02 03:37:06 WARN mapreduce.JobResourceUploader: Hadoop command-line option parsing not performed. Implement the Tool interface and execute your application with ToolRunner to remedy this.
26/03/02 03:37:06 INFO input.FileInputFormat: Total input paths to process : 1
26/03/02 03:37:06 INFO mapreduce.JobSubmitter: number of splits:1
26/03/02 03:37:06 INFO mapreduce.JobSubmitter: Submitting tokens for job: job_local478168277_0015
26/03/02 03:37:06 INFO mapred.LocalDistributedCacheManager: Creating symlink: /tmp/hadoop-ds503/mapred/local/1772422626061/centers_iter_14.csv <- /home/ds503/centers_iter_14.csv
26/03/02 03:37:06 INFO mapred.LocalDistributedCacheManager: Localized hdfs://localhost:9000/project2/task2/runs_report_plus/scale100k_basic/centers_iter_14.csv as file:/tmp/hadoop-ds503/mapred/local/1772422626061/centers_iter_14.csv
26/03/02 03:37:06 INFO mapreduce.Job: The url to track the job: http://localhost:8080/
26/03/02 03:37:06 INFO mapreduce.Job: Running job: job_local478168277_0015
26/03/02 03:37:06 INFO mapred.LocalJobRunner: OutputCommitter set in config null
26/03/02 03:37:06 INFO output.FileOutputCommitter: File Output Committer Algorithm version is 1
26/03/02 03:37:06 INFO mapred.LocalJobRunner: OutputCommitter is org.apache.hadoop.mapreduce.lib.output.FileOutputCommitter
26/03/02 03:37:06 INFO mapred.LocalJobRunner: Waiting for map tasks
26/03/02 03:37:06 INFO mapred.LocalJobRunner: Starting task: attempt_local478168277_0015_m_000000_0
26/03/02 03:37:06 INFO output.FileOutputCommitter: File Output Committer Algorithm version is 1
26/03/02 03:37:06 INFO mapred.Task:  Using ResourceCalculatorProcessTree : [ ]
26/03/02 03:37:06 INFO mapred.MapTask: Processing split: hdfs://localhost:9000/project2/task2/input/points_100k.csv:0+7337711
26/03/02 03:37:06 INFO mapred.MapTask: (EQUATOR) 0 kvi 26214396(104857584)
26/03/02 03:37:06 INFO mapred.MapTask: mapreduce.task.io.sort.mb: 100
26/03/02 03:37:06 INFO mapred.MapTask: soft limit at 83886080
26/03/02 03:37:06 INFO mapred.MapTask: bufstart = 0; bufvoid = 104857600
26/03/02 03:37:06 INFO mapred.MapTask: kvstart = 26214396; length = 6553600
26/03/02 03:37:06 INFO mapred.MapTask: Map output collector class = org.apache.hadoop.mapred.MapTask$MapOutputBuffer
26/03/02 03:37:06 INFO mapred.LocalJobRunner: 
26/03/02 03:37:06 INFO mapred.MapTask: Starting flush of map output
26/03/02 03:37:06 INFO mapred.MapTask: Spilling map output
26/03/02 03:37:06 INFO mapred.MapTask: bufstart = 0; bufend = 5200000; bufvoid = 104857600
26/03/02 03:37:06 INFO mapred.MapTask: kvstart = 26214396(104857584); kvend = 25814400(103257600); length = 399997/6553600
26/03/02 03:37:06 INFO mapred.MapTask: Finished spill 0
26/03/02 03:37:06 INFO mapred.Task: Task:attempt_local478168277_0015_m_000000_0 is done. And is in the process of committing
26/03/02 03:37:06 INFO mapred.LocalJobRunner: map
26/03/02 03:37:06 INFO mapred.Task: Task 'attempt_local478168277_0015_m_000000_0' done.
26/03/02 03:37:06 INFO mapred.Task: Final Counters for attempt_local478168277_0015_m_000000_0: Counters: 22
	File System Counters
		FILE: Number of bytes read=153546700
		FILE: Number of bytes written=163207117
		FILE: Number of read operations=0
		FILE: Number of large read operations=0
		FILE: Number of write operations=0
		HDFS: Number of bytes read=110096961
		HDFS: Number of bytes written=12826
		HDFS: Number of read operations=805
		HDFS: Number of large read operations=0
		HDFS: Number of write operations=258
	Map-Reduce Framework
		Map input records=100000
		Map output records=100000
		Map output bytes=5200000
		Map output materialized bytes=5400024
		Input split bytes=123
		Combine input records=0
		Spilled Records=100000
		Failed Shuffles=0
		Merged Map outputs=0
		GC time elapsed (ms)=3
		Total committed heap usage (bytes)=503316480
	File Input Format Counters 
		Bytes Read=7337711
26/03/02 03:37:06 INFO mapred.LocalJobRunner: Finishing task: attempt_local478168277_0015_m_000000_0
26/03/02 03:37:06 INFO mapred.LocalJobRunner: map task executor complete.
26/03/02 03:37:06 INFO mapred.LocalJobRunner: Waiting for reduce tasks
26/03/02 03:37:06 INFO mapred.LocalJobRunner: Starting task: attempt_local478168277_0015_r_000000_0
26/03/02 03:37:06 INFO output.FileOutputCommitter: File Output Committer Algorithm version is 1
26/03/02 03:37:06 INFO mapred.Task:  Using ResourceCalculatorProcessTree : [ ]
26/03/02 03:37:06 INFO mapred.ReduceTask: Using ShuffleConsumerPlugin: org.apache.hadoop.mapreduce.task.reduce.Shuffle@38e48ab2
26/03/02 03:37:06 INFO reduce.MergeManagerImpl: MergerManager: memoryLimit=352321536, maxSingleShuffleLimit=88080384, mergeThreshold=232532224, ioSortFactor=10, memToMemMergeOutputsThreshold=10
26/03/02 03:37:06 INFO reduce.EventFetcher: attempt_local478168277_0015_r_000000_0 Thread started: EventFetcher for fetching Map Completion Events
26/03/02 03:37:06 INFO reduce.LocalFetcher: localfetcher#57 about to shuffle output of map attempt_local478168277_0015_m_000000_0 decomp: 2302346 len: 2302350 to MEMORY
26/03/02 03:37:06 INFO reduce.InMemoryMapOutput: Read 2302346 bytes from map-output for attempt_local478168277_0015_m_000000_0
26/03/02 03:37:06 INFO reduce.MergeManagerImpl: closeInMemoryFile -> map-output of size: 2302346, inMemoryMapOutputs.size() -> 1, commitMemory -> 0, usedMemory ->2302346
26/03/02 03:37:06 INFO reduce.EventFetcher: EventFetcher is interrupted.. Returning
26/03/02 03:37:06 INFO mapred.LocalJobRunner: 1 / 1 copied.
26/03/02 03:37:06 INFO reduce.MergeManagerImpl: finalMerge called with 1 in-memory map-outputs and 0 on-disk map-outputs
26/03/02 03:37:06 INFO mapred.Merger: Merging 1 sorted segments
26/03/02 03:37:06 INFO mapred.Merger: Down to the last merge-pass, with 1 segments left of total size: 2302340 bytes
26/03/02 03:37:06 INFO reduce.MergeManagerImpl: Merged 1 segments, 2302346 bytes to disk to satisfy reduce memory limit
26/03/02 03:37:06 INFO reduce.MergeManagerImpl: Merging 1 files, 2302350 bytes from disk
26/03/02 03:37:06 INFO reduce.MergeManagerImpl: Merging 0 segments, 0 bytes from memory into reduce
26/03/02 03:37:06 INFO mapred.Merger: Merging 1 sorted segments
26/03/02 03:37:06 INFO mapred.Merger: Down to the last merge-pass, with 1 segments left of total size: 2302340 bytes
26/03/02 03:37:06 INFO mapred.LocalJobRunner: 1 / 1 copied.
26/03/02 03:37:06 INFO mapred.Task: Task:attempt_local478168277_0015_r_000000_0 is done. And is in the process of committing
26/03/02 03:37:06 INFO mapred.LocalJobRunner: 1 / 1 copied.
26/03/02 03:37:06 INFO mapred.Task: Task attempt_local478168277_0015_r_000000_0 is allowed to commit now
26/03/02 03:37:06 INFO output.FileOutputCommitter: Saved output of task 'attempt_local478168277_0015_r_000000_0' to hdfs://localhost:9000/project2/task2/runs_report_plus/scale100k_basic/iter_15/_temporary/0/task_local478168277_0015_r_000000
26/03/02 03:37:06 INFO mapred.LocalJobRunner: reduce > reduce
26/03/02 03:37:06 INFO mapred.Task: Task 'attempt_local478168277_0015_r_000000_0' done.
26/03/02 03:37:06 INFO mapred.Task: Final Counters for attempt_local478168277_0015_r_000000_0: Counters: 29
	File System Counters
		FILE: Number of bytes read=158155596
		FILE: Number of bytes written=165509467
		FILE: Number of read operations=0
		FILE: Number of large read operations=0
		FILE: Number of write operations=0
		HDFS: Number of bytes read=110096961
		HDFS: Number of bytes written=13033
		HDFS: Number of read operations=808
		HDFS: Number of large read operations=0
		HDFS: Number of write operations=260
	Map-Reduce Framework
		Combine input records=0
		Combine output records=0
		Reduce input groups=2
		Reduce shuffle bytes=2302350
		Reduce input records=42636
		Reduce output records=2
		Spilled Records=42636
		Shuffled Maps =1
		Failed Shuffles=0
		Merged Map outputs=1
		GC time elapsed (ms)=0
		Total committed heap usage (bytes)=503316480
	Shuffle Errors
		BAD_ID=0
		CONNECTION=0
		IO_ERROR=0
		WRONG_LENGTH=0
		WRONG_MAP=0
		WRONG_REDUCE=0
	File Output Format Counters 
		Bytes Written=207
26/03/02 03:37:06 INFO mapred.LocalJobRunner: Finishing task: attempt_local478168277_0015_r_000000_0
26/03/02 03:37:06 INFO mapred.LocalJobRunner: Starting task: attempt_local478168277_0015_r_000001_0
26/03/02 03:37:06 INFO output.FileOutputCommitter: File Output Committer Algorithm version is 1
26/03/02 03:37:06 INFO mapred.Task:  Using ResourceCalculatorProcessTree : [ ]
26/03/02 03:37:06 INFO mapred.ReduceTask: Using ShuffleConsumerPlugin: org.apache.hadoop.mapreduce.task.reduce.Shuffle@6b33ccae
26/03/02 03:37:06 INFO reduce.MergeManagerImpl: MergerManager: memoryLimit=352321536, maxSingleShuffleLimit=88080384, mergeThreshold=232532224, ioSortFactor=10, memToMemMergeOutputsThreshold=10
26/03/02 03:37:06 INFO reduce.EventFetcher: attempt_local478168277_0015_r_000001_0 Thread started: EventFetcher for fetching Map Completion Events
26/03/02 03:37:06 INFO reduce.LocalFetcher: localfetcher#58 about to shuffle output of map attempt_local478168277_0015_m_000000_0 decomp: 1066880 len: 1066884 to MEMORY
26/03/02 03:37:06 INFO reduce.InMemoryMapOutput: Read 1066880 bytes from map-output for attempt_local478168277_0015_m_000000_0
26/03/02 03:37:06 INFO reduce.MergeManagerImpl: closeInMemoryFile -> map-output of size: 1066880, inMemoryMapOutputs.size() -> 1, commitMemory -> 0, usedMemory ->1066880
26/03/02 03:37:06 INFO reduce.EventFetcher: EventFetcher is interrupted.. Returning
26/03/02 03:37:06 INFO mapred.LocalJobRunner: 1 / 1 copied.
26/03/02 03:37:06 INFO reduce.MergeManagerImpl: finalMerge called with 1 in-memory map-outputs and 0 on-disk map-outputs
26/03/02 03:37:06 INFO mapred.Merger: Merging 1 sorted segments
26/03/02 03:37:06 INFO mapred.Merger: Down to the last merge-pass, with 1 segments left of total size: 1066874 bytes
26/03/02 03:37:06 INFO reduce.MergeManagerImpl: Merged 1 segments, 1066880 bytes to disk to satisfy reduce memory limit
26/03/02 03:37:06 INFO reduce.MergeManagerImpl: Merging 1 files, 1066884 bytes from disk
26/03/02 03:37:06 INFO reduce.MergeManagerImpl: Merging 0 segments, 0 bytes from memory into reduce
26/03/02 03:37:06 INFO mapred.Merger: Merging 1 sorted segments
26/03/02 03:37:06 INFO mapred.Merger: Down to the last merge-pass, with 1 segments left of total size: 1066874 bytes
26/03/02 03:37:06 INFO mapred.LocalJobRunner: 1 / 1 copied.
26/03/02 03:37:06 INFO mapred.Task: Task:attempt_local478168277_0015_r_000001_0 is done. And is in the process of committing
26/03/02 03:37:06 INFO mapred.LocalJobRunner: 1 / 1 copied.
26/03/02 03:37:06 INFO mapred.Task: Task attempt_local478168277_0015_r_000001_0 is allowed to commit now
26/03/02 03:37:06 INFO output.FileOutputCommitter: Saved output of task 'attempt_local478168277_0015_r_000001_0' to hdfs://localhost:9000/project2/task2/runs_report_plus/scale100k_basic/iter_15/_temporary/0/task_local478168277_0015_r_000001
26/03/02 03:37:06 INFO mapred.LocalJobRunner: reduce > reduce
26/03/02 03:37:06 INFO mapred.Task: Task 'attempt_local478168277_0015_r_000001_0' done.
26/03/02 03:37:06 INFO mapred.Task: Final Counters for attempt_local478168277_0015_r_000001_0: Counters: 29
	File System Counters
		FILE: Number of bytes read=160293560
		FILE: Number of bytes written=166576351
		FILE: Number of read operations=0
		FILE: Number of large read operations=0
		FILE: Number of write operations=0
		HDFS: Number of bytes read=110096961
		HDFS: Number of bytes written=13135
		HDFS: Number of read operations=811
		HDFS: Number of large read operations=0
		HDFS: Number of write operations=262
	Map-Reduce Framework
		Combine input records=0
		Combine output records=0
		Reduce input groups=1
		Reduce shuffle bytes=1066884
		Reduce input records=19757
		Reduce output records=1
		Spilled Records=19757
		Shuffled Maps =1
		Failed Shuffles=0
		Merged Map outputs=1
		GC time elapsed (ms)=0
		Total committed heap usage (bytes)=503316480
	Shuffle Errors
		BAD_ID=0
		CONNECTION=0
		IO_ERROR=0
		WRONG_LENGTH=0
		WRONG_MAP=0
		WRONG_REDUCE=0
	File Output Format Counters 
		Bytes Written=102
26/03/02 03:37:06 INFO mapred.LocalJobRunner: Finishing task: attempt_local478168277_0015_r_000001_0
26/03/02 03:37:06 INFO mapred.LocalJobRunner: Starting task: attempt_local478168277_0015_r_000002_0
26/03/02 03:37:06 INFO output.FileOutputCommitter: File Output Committer Algorithm version is 1
26/03/02 03:37:06 INFO mapred.Task:  Using ResourceCalculatorProcessTree : [ ]
26/03/02 03:37:06 INFO mapred.ReduceTask: Using ShuffleConsumerPlugin: org.apache.hadoop.mapreduce.task.reduce.Shuffle@13e48472
26/03/02 03:37:06 INFO reduce.MergeManagerImpl: MergerManager: memoryLimit=352321536, maxSingleShuffleLimit=88080384, mergeThreshold=232532224, ioSortFactor=10, memToMemMergeOutputsThreshold=10
26/03/02 03:37:06 INFO reduce.EventFetcher: attempt_local478168277_0015_r_000002_0 Thread started: EventFetcher for fetching Map Completion Events
26/03/02 03:37:06 INFO reduce.LocalFetcher: localfetcher#59 about to shuffle output of map attempt_local478168277_0015_m_000000_0 decomp: 768206 len: 768210 to MEMORY
26/03/02 03:37:06 INFO reduce.InMemoryMapOutput: Read 768206 bytes from map-output for attempt_local478168277_0015_m_000000_0
26/03/02 03:37:06 INFO reduce.MergeManagerImpl: closeInMemoryFile -> map-output of size: 768206, inMemoryMapOutputs.size() -> 1, commitMemory -> 0, usedMemory ->768206
26/03/02 03:37:06 INFO reduce.EventFetcher: EventFetcher is interrupted.. Returning
26/03/02 03:37:06 INFO mapred.LocalJobRunner: 1 / 1 copied.
26/03/02 03:37:06 INFO reduce.MergeManagerImpl: finalMerge called with 1 in-memory map-outputs and 0 on-disk map-outputs
26/03/02 03:37:06 INFO mapred.Merger: Merging 1 sorted segments
26/03/02 03:37:06 INFO mapred.Merger: Down to the last merge-pass, with 1 segments left of total size: 768200 bytes
26/03/02 03:37:06 INFO reduce.MergeManagerImpl: Merged 1 segments, 768206 bytes to disk to satisfy reduce memory limit
26/03/02 03:37:06 INFO reduce.MergeManagerImpl: Merging 1 files, 768210 bytes from disk
26/03/02 03:37:06 INFO reduce.MergeManagerImpl: Merging 0 segments, 0 bytes from memory into reduce
26/03/02 03:37:06 INFO mapred.Merger: Merging 1 sorted segments
26/03/02 03:37:06 INFO mapred.Merger: Down to the last merge-pass, with 1 segments left of total size: 768200 bytes
26/03/02 03:37:06 INFO mapred.LocalJobRunner: 1 / 1 copied.
26/03/02 03:37:06 INFO mapred.Task: Task:attempt_local478168277_0015_r_000002_0 is done. And is in the process of committing
26/03/02 03:37:06 INFO mapred.LocalJobRunner: 1 / 1 copied.
26/03/02 03:37:06 INFO mapred.Task: Task attempt_local478168277_0015_r_000002_0 is allowed to commit now
26/03/02 03:37:06 INFO output.FileOutputCommitter: Saved output of task 'attempt_local478168277_0015_r_000002_0' to hdfs://localhost:9000/project2/task2/runs_report_plus/scale100k_basic/iter_15/_temporary/0/task_local478168277_0015_r_000002
26/03/02 03:37:06 INFO mapred.LocalJobRunner: reduce > reduce
26/03/02 03:37:06 INFO mapred.Task: Task 'attempt_local478168277_0015_r_000002_0' done.
26/03/02 03:37:06 INFO mapred.Task: Final Counters for attempt_local478168277_0015_r_000002_0: Counters: 29
	File System Counters
		FILE: Number of bytes read=161834176
		FILE: Number of bytes written=167344561
		FILE: Number of read operations=0
		FILE: Number of large read operations=0
		FILE: Number of write operations=0
		HDFS: Number of bytes read=110096961
		HDFS: Number of bytes written=13237
		HDFS: Number of read operations=814
		HDFS: Number of large read operations=0
		HDFS: Number of write operations=264
	Map-Reduce Framework
		Combine input records=0
		Combine output records=0
		Reduce input groups=1
		Reduce shuffle bytes=768210
		Reduce input records=14226
		Reduce output records=1
		Spilled Records=14226
		Shuffled Maps =1
		Failed Shuffles=0
		Merged Map outputs=1
		GC time elapsed (ms)=0
		Total committed heap usage (bytes)=503316480
	Shuffle Errors
		BAD_ID=0
		CONNECTION=0
		IO_ERROR=0
		WRONG_LENGTH=0
		WRONG_MAP=0
		WRONG_REDUCE=0
	File Output Format Counters 
		Bytes Written=102
26/03/02 03:37:06 INFO mapred.LocalJobRunner: Finishing task: attempt_local478168277_0015_r_000002_0
26/03/02 03:37:06 INFO mapred.LocalJobRunner: Starting task: attempt_local478168277_0015_r_000003_0
26/03/02 03:37:06 INFO output.FileOutputCommitter: File Output Committer Algorithm version is 1
26/03/02 03:37:06 INFO mapred.Task:  Using ResourceCalculatorProcessTree : [ ]
26/03/02 03:37:06 INFO mapred.ReduceTask: Using ShuffleConsumerPlugin: org.apache.hadoop.mapreduce.task.reduce.Shuffle@62126e5e
26/03/02 03:37:06 INFO reduce.MergeManagerImpl: MergerManager: memoryLimit=352321536, maxSingleShuffleLimit=88080384, mergeThreshold=232532224, ioSortFactor=10, memToMemMergeOutputsThreshold=10
26/03/02 03:37:06 INFO reduce.EventFetcher: attempt_local478168277_0015_r_000003_0 Thread started: EventFetcher for fetching Map Completion Events
26/03/02 03:37:06 INFO reduce.LocalFetcher: localfetcher#60 about to shuffle output of map attempt_local478168277_0015_m_000000_0 decomp: 1262576 len: 1262580 to MEMORY
26/03/02 03:37:06 INFO reduce.InMemoryMapOutput: Read 1262576 bytes from map-output for attempt_local478168277_0015_m_000000_0
26/03/02 03:37:06 INFO reduce.MergeManagerImpl: closeInMemoryFile -> map-output of size: 1262576, inMemoryMapOutputs.size() -> 1, commitMemory -> 0, usedMemory ->1262576
26/03/02 03:37:06 INFO reduce.EventFetcher: EventFetcher is interrupted.. Returning
26/03/02 03:37:06 INFO mapred.LocalJobRunner: 1 / 1 copied.
26/03/02 03:37:06 INFO reduce.MergeManagerImpl: finalMerge called with 1 in-memory map-outputs and 0 on-disk map-outputs
26/03/02 03:37:06 INFO mapred.Merger: Merging 1 sorted segments
26/03/02 03:37:06 INFO mapred.Merger: Down to the last merge-pass, with 1 segments left of total size: 1262570 bytes
26/03/02 03:37:06 INFO reduce.MergeManagerImpl: Merged 1 segments, 1262576 bytes to disk to satisfy reduce memory limit
26/03/02 03:37:06 INFO reduce.MergeManagerImpl: Merging 1 files, 1262580 bytes from disk
26/03/02 03:37:06 INFO reduce.MergeManagerImpl: Merging 0 segments, 0 bytes from memory into reduce
26/03/02 03:37:06 INFO mapred.Merger: Merging 1 sorted segments
26/03/02 03:37:06 INFO mapred.Merger: Down to the last merge-pass, with 1 segments left of total size: 1262570 bytes
26/03/02 03:37:06 INFO mapred.LocalJobRunner: 1 / 1 copied.
26/03/02 03:37:06 INFO mapred.Task: Task:attempt_local478168277_0015_r_000003_0 is done. And is in the process of committing
26/03/02 03:37:06 INFO mapred.LocalJobRunner: 1 / 1 copied.
26/03/02 03:37:06 INFO mapred.Task: Task attempt_local478168277_0015_r_000003_0 is allowed to commit now
26/03/02 03:37:06 INFO output.FileOutputCommitter: Saved output of task 'attempt_local478168277_0015_r_000003_0' to hdfs://localhost:9000/project2/task2/runs_report_plus/scale100k_basic/iter_15/_temporary/0/task_local478168277_0015_r_000003
26/03/02 03:37:06 INFO mapred.LocalJobRunner: reduce > reduce
26/03/02 03:37:06 INFO mapred.Task: Task 'attempt_local478168277_0015_r_000003_0' done.
26/03/02 03:37:06 INFO mapred.Task: Final Counters for attempt_local478168277_0015_r_000003_0: Counters: 29
	File System Counters
		FILE: Number of bytes read=164359440
		FILE: Number of bytes written=168607141
		FILE: Number of read operations=0
		FILE: Number of large read operations=0
		FILE: Number of write operations=0
		HDFS: Number of bytes read=110096961
		HDFS: Number of bytes written=13340
		HDFS: Number of read operations=817
		HDFS: Number of large read operations=0
		HDFS: Number of write operations=266
	Map-Reduce Framework
		Combine input records=0
		Combine output records=0
		Reduce input groups=1
		Reduce shuffle bytes=1262580
		Reduce input records=23381
		Reduce output records=1
		Spilled Records=23381
		Shuffled Maps =1
		Failed Shuffles=0
		Merged Map outputs=1
		GC time elapsed (ms)=0
		Total committed heap usage (bytes)=503316480
	Shuffle Errors
		BAD_ID=0
		CONNECTION=0
		IO_ERROR=0
		WRONG_LENGTH=0
		WRONG_MAP=0
		WRONG_REDUCE=0
	File Output Format Counters 
		Bytes Written=103
26/03/02 03:37:06 INFO mapred.LocalJobRunner: Finishing task: attempt_local478168277_0015_r_000003_0
26/03/02 03:37:06 INFO mapred.LocalJobRunner: reduce task executor complete.
26/03/02 03:37:07 INFO mapreduce.Job: Job job_local478168277_0015 running in uber mode : false
26/03/02 03:37:07 INFO mapreduce.Job:  map 100% reduce 100%
26/03/02 03:37:07 INFO mapreduce.Job: Job job_local478168277_0015 completed successfully
26/03/02 03:37:07 INFO mapreduce.Job: Counters: 35
	File System Counters
		FILE: Number of bytes read=798189472
		FILE: Number of bytes written=831244637
		FILE: Number of read operations=0
		FILE: Number of large read operations=0
		FILE: Number of write operations=0
		HDFS: Number of bytes read=550484805
		HDFS: Number of bytes written=65571
		HDFS: Number of read operations=4055
		HDFS: Number of large read operations=0
		HDFS: Number of write operations=1310
	Map-Reduce Framework
		Map input records=100000
		Map output records=100000
		Map output bytes=5200000
		Map output materialized bytes=5400024
		Input split bytes=123
		Combine input records=0
		Combine output records=0
		Reduce input groups=5
		Reduce shuffle bytes=5400024
		Reduce input records=100000
		Reduce output records=5
		Spilled Records=200000
		Shuffled Maps =4
		Failed Shuffles=0
		Merged Map outputs=4
		GC time elapsed (ms)=3
		Total committed heap usage (bytes)=2516582400
	Shuffle Errors
		BAD_ID=0
		CONNECTION=0
		IO_ERROR=0
		WRONG_LENGTH=0
		WRONG_MAP=0
		WRONG_REDUCE=0
	File Input Format Counters 
		Bytes Read=7337711
	File Output Format Counters 
		Bytes Written=514
26/03/02 03:37:07 INFO jvm.JvmMetrics: Cannot initialize JVM Metrics with processName=JobTracker, sessionId= - already initialized
26/03/02 03:37:07 WARN mapreduce.JobResourceUploader: Hadoop command-line option parsing not performed. Implement the Tool interface and execute your application with ToolRunner to remedy this.
26/03/02 03:37:07 INFO input.FileInputFormat: Total input paths to process : 1
26/03/02 03:37:07 INFO mapreduce.JobSubmitter: number of splits:1
26/03/02 03:37:07 INFO mapreduce.JobSubmitter: Submitting tokens for job: job_local1975017743_0016
26/03/02 03:37:07 INFO mapred.LocalDistributedCacheManager: Creating symlink: /tmp/hadoop-ds503/mapred/local/1772422627143/centers_iter_15.csv <- /home/ds503/centers_iter_15.csv
26/03/02 03:37:07 INFO mapred.LocalDistributedCacheManager: Localized hdfs://localhost:9000/project2/task2/runs_report_plus/scale100k_basic/centers_iter_15.csv as file:/tmp/hadoop-ds503/mapred/local/1772422627143/centers_iter_15.csv
26/03/02 03:37:07 INFO mapreduce.Job: The url to track the job: http://localhost:8080/
26/03/02 03:37:07 INFO mapreduce.Job: Running job: job_local1975017743_0016
26/03/02 03:37:07 INFO mapred.LocalJobRunner: OutputCommitter set in config null
26/03/02 03:37:07 INFO output.FileOutputCommitter: File Output Committer Algorithm version is 1
26/03/02 03:37:07 INFO mapred.LocalJobRunner: OutputCommitter is org.apache.hadoop.mapreduce.lib.output.FileOutputCommitter
26/03/02 03:37:07 INFO mapred.LocalJobRunner: Waiting for map tasks
26/03/02 03:37:07 INFO mapred.LocalJobRunner: Starting task: attempt_local1975017743_0016_m_000000_0
26/03/02 03:37:07 INFO output.FileOutputCommitter: File Output Committer Algorithm version is 1
26/03/02 03:37:07 INFO mapred.Task:  Using ResourceCalculatorProcessTree : [ ]
26/03/02 03:37:07 INFO mapred.MapTask: Processing split: hdfs://localhost:9000/project2/task2/input/points_100k.csv:0+7337711
26/03/02 03:37:07 INFO mapred.MapTask: (EQUATOR) 0 kvi 26214396(104857584)
26/03/02 03:37:07 INFO mapred.MapTask: mapreduce.task.io.sort.mb: 100
26/03/02 03:37:07 INFO mapred.MapTask: soft limit at 83886080
26/03/02 03:37:07 INFO mapred.MapTask: bufstart = 0; bufvoid = 104857600
26/03/02 03:37:07 INFO mapred.MapTask: kvstart = 26214396; length = 6553600
26/03/02 03:37:07 INFO mapred.MapTask: Map output collector class = org.apache.hadoop.mapred.MapTask$MapOutputBuffer
26/03/02 03:37:07 INFO mapred.LocalJobRunner: 
26/03/02 03:37:07 INFO mapred.MapTask: Starting flush of map output
26/03/02 03:37:07 INFO mapred.MapTask: Spilling map output
26/03/02 03:37:07 INFO mapred.MapTask: bufstart = 0; bufend = 5200000; bufvoid = 104857600
26/03/02 03:37:07 INFO mapred.MapTask: kvstart = 26214396(104857584); kvend = 25814400(103257600); length = 399997/6553600
26/03/02 03:37:07 INFO mapred.MapTask: Finished spill 0
26/03/02 03:37:07 INFO mapred.Task: Task:attempt_local1975017743_0016_m_000000_0 is done. And is in the process of committing
26/03/02 03:37:07 INFO mapred.LocalJobRunner: map
26/03/02 03:37:07 INFO mapred.Task: Task 'attempt_local1975017743_0016_m_000000_0' done.
26/03/02 03:37:07 INFO mapred.Task: Final Counters for attempt_local1975017743_0016_m_000000_0: Counters: 22
	File System Counters
		FILE: Number of bytes read=164503996
		FILE: Number of bytes written=174448549
		FILE: Number of read operations=0
		FILE: Number of large read operations=0
		FILE: Number of write operations=0
		HDFS: Number of bytes read=117436832
		HDFS: Number of bytes written=13718
		HDFS: Number of read operations=861
		HDFS: Number of large read operations=0
		HDFS: Number of write operations=276
	Map-Reduce Framework
		Map input records=100000
		Map output records=100000
		Map output bytes=5200000
		Map output materialized bytes=5400024
		Input split bytes=123
		Combine input records=0
		Spilled Records=100000
		Failed Shuffles=0
		Merged Map outputs=0
		GC time elapsed (ms)=24
		Total committed heap usage (bytes)=494927872
	File Input Format Counters 
		Bytes Read=7337711
26/03/02 03:37:07 INFO mapred.LocalJobRunner: Finishing task: attempt_local1975017743_0016_m_000000_0
26/03/02 03:37:07 INFO mapred.LocalJobRunner: map task executor complete.
26/03/02 03:37:07 INFO mapred.LocalJobRunner: Waiting for reduce tasks
26/03/02 03:37:07 INFO mapred.LocalJobRunner: Starting task: attempt_local1975017743_0016_r_000000_0
26/03/02 03:37:07 INFO output.FileOutputCommitter: File Output Committer Algorithm version is 1
26/03/02 03:37:07 INFO mapred.Task:  Using ResourceCalculatorProcessTree : [ ]
26/03/02 03:37:07 INFO mapred.ReduceTask: Using ShuffleConsumerPlugin: org.apache.hadoop.mapreduce.task.reduce.Shuffle@463e9d85
26/03/02 03:37:07 INFO reduce.MergeManagerImpl: MergerManager: memoryLimit=346449504, maxSingleShuffleLimit=86612376, mergeThreshold=228656688, ioSortFactor=10, memToMemMergeOutputsThreshold=10
26/03/02 03:37:07 INFO reduce.EventFetcher: attempt_local1975017743_0016_r_000000_0 Thread started: EventFetcher for fetching Map Completion Events
26/03/02 03:37:07 INFO reduce.LocalFetcher: localfetcher#61 about to shuffle output of map attempt_local1975017743_0016_m_000000_0 decomp: 2292302 len: 2292306 to MEMORY
26/03/02 03:37:07 INFO reduce.InMemoryMapOutput: Read 2292302 bytes from map-output for attempt_local1975017743_0016_m_000000_0
26/03/02 03:37:07 INFO reduce.MergeManagerImpl: closeInMemoryFile -> map-output of size: 2292302, inMemoryMapOutputs.size() -> 1, commitMemory -> 0, usedMemory ->2292302
26/03/02 03:37:07 INFO reduce.EventFetcher: EventFetcher is interrupted.. Returning
26/03/02 03:37:07 INFO mapred.LocalJobRunner: 1 / 1 copied.
26/03/02 03:37:07 INFO reduce.MergeManagerImpl: finalMerge called with 1 in-memory map-outputs and 0 on-disk map-outputs
26/03/02 03:37:07 INFO mapred.Merger: Merging 1 sorted segments
26/03/02 03:37:07 INFO mapred.Merger: Down to the last merge-pass, with 1 segments left of total size: 2292296 bytes
26/03/02 03:37:07 INFO reduce.MergeManagerImpl: Merged 1 segments, 2292302 bytes to disk to satisfy reduce memory limit
26/03/02 03:37:07 INFO reduce.MergeManagerImpl: Merging 1 files, 2292306 bytes from disk
26/03/02 03:37:07 INFO reduce.MergeManagerImpl: Merging 0 segments, 0 bytes from memory into reduce
26/03/02 03:37:07 INFO mapred.Merger: Merging 1 sorted segments
26/03/02 03:37:07 INFO mapred.Merger: Down to the last merge-pass, with 1 segments left of total size: 2292296 bytes
26/03/02 03:37:07 INFO mapred.LocalJobRunner: 1 / 1 copied.
26/03/02 03:37:07 INFO mapred.Task: Task:attempt_local1975017743_0016_r_000000_0 is done. And is in the process of committing
26/03/02 03:37:07 INFO mapred.LocalJobRunner: 1 / 1 copied.
26/03/02 03:37:07 INFO mapred.Task: Task attempt_local1975017743_0016_r_000000_0 is allowed to commit now
26/03/02 03:37:07 INFO output.FileOutputCommitter: Saved output of task 'attempt_local1975017743_0016_r_000000_0' to hdfs://localhost:9000/project2/task2/runs_report_plus/scale100k_basic/iter_16/_temporary/0/task_local1975017743_0016_r_000000
26/03/02 03:37:07 INFO mapred.LocalJobRunner: reduce > reduce
26/03/02 03:37:07 INFO mapred.Task: Task 'attempt_local1975017743_0016_r_000000_0' done.
26/03/02 03:37:07 INFO mapred.Task: Final Counters for attempt_local1975017743_0016_r_000000_0: Counters: 29
	File System Counters
		FILE: Number of bytes read=169092804
		FILE: Number of bytes written=176740855
		FILE: Number of read operations=0
		FILE: Number of large read operations=0
		FILE: Number of write operations=0
		HDFS: Number of bytes read=117436832
		HDFS: Number of bytes written=13926
		HDFS: Number of read operations=864
		HDFS: Number of large read operations=0
		HDFS: Number of write operations=278
	Map-Reduce Framework
		Combine input records=0
		Combine output records=0
		Reduce input groups=2
		Reduce shuffle bytes=2292306
		Reduce input records=42450
		Reduce output records=2
		Spilled Records=42450
		Shuffled Maps =1
		Failed Shuffles=0
		Merged Map outputs=1
		GC time elapsed (ms)=0
		Total committed heap usage (bytes)=494927872
	Shuffle Errors
		BAD_ID=0
		CONNECTION=0
		IO_ERROR=0
		WRONG_LENGTH=0
		WRONG_MAP=0
		WRONG_REDUCE=0
	File Output Format Counters 
		Bytes Written=208
26/03/02 03:37:07 INFO mapred.LocalJobRunner: Finishing task: attempt_local1975017743_0016_r_000000_0
26/03/02 03:37:07 INFO mapred.LocalJobRunner: Starting task: attempt_local1975017743_0016_r_000001_0
26/03/02 03:37:07 INFO output.FileOutputCommitter: File Output Committer Algorithm version is 1
26/03/02 03:37:07 INFO mapred.Task:  Using ResourceCalculatorProcessTree : [ ]
26/03/02 03:37:07 INFO mapred.ReduceTask: Using ShuffleConsumerPlugin: org.apache.hadoop.mapreduce.task.reduce.Shuffle@3ba41701
26/03/02 03:37:07 INFO reduce.MergeManagerImpl: MergerManager: memoryLimit=346449504, maxSingleShuffleLimit=86612376, mergeThreshold=228656688, ioSortFactor=10, memToMemMergeOutputsThreshold=10
26/03/02 03:37:07 INFO reduce.EventFetcher: attempt_local1975017743_0016_r_000001_0 Thread started: EventFetcher for fetching Map Completion Events
26/03/02 03:37:07 INFO reduce.LocalFetcher: localfetcher#62 about to shuffle output of map attempt_local1975017743_0016_m_000000_0 decomp: 1069850 len: 1069854 to MEMORY
26/03/02 03:37:07 INFO reduce.InMemoryMapOutput: Read 1069850 bytes from map-output for attempt_local1975017743_0016_m_000000_0
26/03/02 03:37:07 INFO reduce.MergeManagerImpl: closeInMemoryFile -> map-output of size: 1069850, inMemoryMapOutputs.size() -> 1, commitMemory -> 0, usedMemory ->1069850
26/03/02 03:37:07 INFO reduce.EventFetcher: EventFetcher is interrupted.. Returning
26/03/02 03:37:07 INFO mapred.LocalJobRunner: 1 / 1 copied.
26/03/02 03:37:07 INFO reduce.MergeManagerImpl: finalMerge called with 1 in-memory map-outputs and 0 on-disk map-outputs
26/03/02 03:37:07 INFO mapred.Merger: Merging 1 sorted segments
26/03/02 03:37:07 INFO mapred.Merger: Down to the last merge-pass, with 1 segments left of total size: 1069844 bytes
26/03/02 03:37:07 INFO reduce.MergeManagerImpl: Merged 1 segments, 1069850 bytes to disk to satisfy reduce memory limit
26/03/02 03:37:07 INFO reduce.MergeManagerImpl: Merging 1 files, 1069854 bytes from disk
26/03/02 03:37:07 INFO reduce.MergeManagerImpl: Merging 0 segments, 0 bytes from memory into reduce
26/03/02 03:37:07 INFO mapred.Merger: Merging 1 sorted segments
26/03/02 03:37:07 INFO mapred.Merger: Down to the last merge-pass, with 1 segments left of total size: 1069844 bytes
26/03/02 03:37:07 INFO mapred.LocalJobRunner: 1 / 1 copied.
26/03/02 03:37:07 INFO mapred.Task: Task:attempt_local1975017743_0016_r_000001_0 is done. And is in the process of committing
26/03/02 03:37:07 INFO mapred.LocalJobRunner: 1 / 1 copied.
26/03/02 03:37:07 INFO mapred.Task: Task attempt_local1975017743_0016_r_000001_0 is allowed to commit now
26/03/02 03:37:07 INFO output.FileOutputCommitter: Saved output of task 'attempt_local1975017743_0016_r_000001_0' to hdfs://localhost:9000/project2/task2/runs_report_plus/scale100k_basic/iter_16/_temporary/0/task_local1975017743_0016_r_000001
26/03/02 03:37:07 INFO mapred.LocalJobRunner: reduce > reduce
26/03/02 03:37:07 INFO mapred.Task: Task 'attempt_local1975017743_0016_r_000001_0' done.
26/03/02 03:37:07 INFO mapred.Task: Final Counters for attempt_local1975017743_0016_r_000001_0: Counters: 29
	File System Counters
		FILE: Number of bytes read=171236708
		FILE: Number of bytes written=177810709
		FILE: Number of read operations=0
		FILE: Number of large read operations=0
		FILE: Number of write operations=0
		HDFS: Number of bytes read=117436832
		HDFS: Number of bytes written=14027
		HDFS: Number of read operations=867
		HDFS: Number of large read operations=0
		HDFS: Number of write operations=280
	Map-Reduce Framework
		Combine input records=0
		Combine output records=0
		Reduce input groups=1
		Reduce shuffle bytes=1069854
		Reduce input records=19812
		Reduce output records=1
		Spilled Records=19812
		Shuffled Maps =1
		Failed Shuffles=0
		Merged Map outputs=1
		GC time elapsed (ms)=0
		Total committed heap usage (bytes)=494927872
	Shuffle Errors
		BAD_ID=0
		CONNECTION=0
		IO_ERROR=0
		WRONG_LENGTH=0
		WRONG_MAP=0
		WRONG_REDUCE=0
	File Output Format Counters 
		Bytes Written=101
26/03/02 03:37:07 INFO mapred.LocalJobRunner: Finishing task: attempt_local1975017743_0016_r_000001_0
26/03/02 03:37:07 INFO mapred.LocalJobRunner: Starting task: attempt_local1975017743_0016_r_000002_0
26/03/02 03:37:07 INFO output.FileOutputCommitter: File Output Committer Algorithm version is 1
26/03/02 03:37:07 INFO mapred.Task:  Using ResourceCalculatorProcessTree : [ ]
26/03/02 03:37:07 INFO mapred.ReduceTask: Using ShuffleConsumerPlugin: org.apache.hadoop.mapreduce.task.reduce.Shuffle@438d6317
26/03/02 03:37:07 INFO reduce.MergeManagerImpl: MergerManager: memoryLimit=346449504, maxSingleShuffleLimit=86612376, mergeThreshold=228656688, ioSortFactor=10, memToMemMergeOutputsThreshold=10
26/03/02 03:37:07 INFO reduce.EventFetcher: attempt_local1975017743_0016_r_000002_0 Thread started: EventFetcher for fetching Map Completion Events
26/03/02 03:37:07 INFO reduce.LocalFetcher: localfetcher#63 about to shuffle output of map attempt_local1975017743_0016_m_000000_0 decomp: 794126 len: 794130 to MEMORY
26/03/02 03:37:07 INFO reduce.InMemoryMapOutput: Read 794126 bytes from map-output for attempt_local1975017743_0016_m_000000_0
26/03/02 03:37:07 INFO reduce.MergeManagerImpl: closeInMemoryFile -> map-output of size: 794126, inMemoryMapOutputs.size() -> 1, commitMemory -> 0, usedMemory ->794126
26/03/02 03:37:07 INFO reduce.EventFetcher: EventFetcher is interrupted.. Returning
26/03/02 03:37:07 INFO mapred.LocalJobRunner: 1 / 1 copied.
26/03/02 03:37:07 INFO reduce.MergeManagerImpl: finalMerge called with 1 in-memory map-outputs and 0 on-disk map-outputs
26/03/02 03:37:07 INFO mapred.Merger: Merging 1 sorted segments
26/03/02 03:37:07 INFO mapred.Merger: Down to the last merge-pass, with 1 segments left of total size: 794120 bytes
26/03/02 03:37:07 INFO reduce.MergeManagerImpl: Merged 1 segments, 794126 bytes to disk to satisfy reduce memory limit
26/03/02 03:37:07 INFO reduce.MergeManagerImpl: Merging 1 files, 794130 bytes from disk
26/03/02 03:37:07 INFO reduce.MergeManagerImpl: Merging 0 segments, 0 bytes from memory into reduce
26/03/02 03:37:07 INFO mapred.Merger: Merging 1 sorted segments
26/03/02 03:37:07 INFO mapred.Merger: Down to the last merge-pass, with 1 segments left of total size: 794120 bytes
26/03/02 03:37:07 INFO mapred.LocalJobRunner: 1 / 1 copied.
26/03/02 03:37:07 INFO mapred.Task: Task:attempt_local1975017743_0016_r_000002_0 is done. And is in the process of committing
26/03/02 03:37:07 INFO mapred.LocalJobRunner: 1 / 1 copied.
26/03/02 03:37:07 INFO mapred.Task: Task attempt_local1975017743_0016_r_000002_0 is allowed to commit now
26/03/02 03:37:07 INFO output.FileOutputCommitter: Saved output of task 'attempt_local1975017743_0016_r_000002_0' to hdfs://localhost:9000/project2/task2/runs_report_plus/scale100k_basic/iter_16/_temporary/0/task_local1975017743_0016_r_000002
26/03/02 03:37:07 INFO mapred.LocalJobRunner: reduce > reduce
26/03/02 03:37:07 INFO mapred.Task: Task 'attempt_local1975017743_0016_r_000002_0' done.
26/03/02 03:37:07 INFO mapred.Task: Final Counters for attempt_local1975017743_0016_r_000002_0: Counters: 29
	File System Counters
		FILE: Number of bytes read=172829164
		FILE: Number of bytes written=178604839
		FILE: Number of read operations=0
		FILE: Number of large read operations=0
		FILE: Number of write operations=0
		HDFS: Number of bytes read=117436832
		HDFS: Number of bytes written=14130
		HDFS: Number of read operations=870
		HDFS: Number of large read operations=0
		HDFS: Number of write operations=282
	Map-Reduce Framework
		Combine input records=0
		Combine output records=0
		Reduce input groups=1
		Reduce shuffle bytes=794130
		Reduce input records=14706
		Reduce output records=1
		Spilled Records=14706
		Shuffled Maps =1
		Failed Shuffles=0
		Merged Map outputs=1
		GC time elapsed (ms)=0
		Total committed heap usage (bytes)=494927872
	Shuffle Errors
		BAD_ID=0
		CONNECTION=0
		IO_ERROR=0
		WRONG_LENGTH=0
		WRONG_MAP=0
		WRONG_REDUCE=0
	File Output Format Counters 
		Bytes Written=103
26/03/02 03:37:07 INFO mapred.LocalJobRunner: Finishing task: attempt_local1975017743_0016_r_000002_0
26/03/02 03:37:07 INFO mapred.LocalJobRunner: Starting task: attempt_local1975017743_0016_r_000003_0
26/03/02 03:37:07 INFO output.FileOutputCommitter: File Output Committer Algorithm version is 1
26/03/02 03:37:07 INFO mapred.Task:  Using ResourceCalculatorProcessTree : [ ]
26/03/02 03:37:07 INFO mapred.ReduceTask: Using ShuffleConsumerPlugin: org.apache.hadoop.mapreduce.task.reduce.Shuffle@72ec9065
26/03/02 03:37:07 INFO reduce.MergeManagerImpl: MergerManager: memoryLimit=346449504, maxSingleShuffleLimit=86612376, mergeThreshold=228656688, ioSortFactor=10, memToMemMergeOutputsThreshold=10
26/03/02 03:37:07 INFO reduce.EventFetcher: attempt_local1975017743_0016_r_000003_0 Thread started: EventFetcher for fetching Map Completion Events
26/03/02 03:37:07 INFO reduce.LocalFetcher: localfetcher#64 about to shuffle output of map attempt_local1975017743_0016_m_000000_0 decomp: 1243730 len: 1243734 to MEMORY
26/03/02 03:37:07 INFO reduce.InMemoryMapOutput: Read 1243730 bytes from map-output for attempt_local1975017743_0016_m_000000_0
26/03/02 03:37:07 INFO reduce.MergeManagerImpl: closeInMemoryFile -> map-output of size: 1243730, inMemoryMapOutputs.size() -> 1, commitMemory -> 0, usedMemory ->1243730
26/03/02 03:37:07 INFO reduce.EventFetcher: EventFetcher is interrupted.. Returning
26/03/02 03:37:07 INFO mapred.LocalJobRunner: 1 / 1 copied.
26/03/02 03:37:07 INFO reduce.MergeManagerImpl: finalMerge called with 1 in-memory map-outputs and 0 on-disk map-outputs
26/03/02 03:37:07 INFO mapred.Merger: Merging 1 sorted segments
26/03/02 03:37:07 INFO mapred.Merger: Down to the last merge-pass, with 1 segments left of total size: 1243724 bytes
26/03/02 03:37:07 INFO reduce.MergeManagerImpl: Merged 1 segments, 1243730 bytes to disk to satisfy reduce memory limit
26/03/02 03:37:07 INFO reduce.MergeManagerImpl: Merging 1 files, 1243734 bytes from disk
26/03/02 03:37:07 INFO reduce.MergeManagerImpl: Merging 0 segments, 0 bytes from memory into reduce
26/03/02 03:37:07 INFO mapred.Merger: Merging 1 sorted segments
26/03/02 03:37:07 INFO mapred.Merger: Down to the last merge-pass, with 1 segments left of total size: 1243724 bytes
26/03/02 03:37:07 INFO mapred.LocalJobRunner: 1 / 1 copied.
26/03/02 03:37:07 INFO mapred.Task: Task:attempt_local1975017743_0016_r_000003_0 is done. And is in the process of committing
26/03/02 03:37:07 INFO mapred.LocalJobRunner: 1 / 1 copied.
26/03/02 03:37:07 INFO mapred.Task: Task attempt_local1975017743_0016_r_000003_0 is allowed to commit now
26/03/02 03:37:07 INFO output.FileOutputCommitter: Saved output of task 'attempt_local1975017743_0016_r_000003_0' to hdfs://localhost:9000/project2/task2/runs_report_plus/scale100k_basic/iter_16/_temporary/0/task_local1975017743_0016_r_000003
26/03/02 03:37:07 INFO mapred.LocalJobRunner: reduce > reduce
26/03/02 03:37:07 INFO mapred.Task: Task 'attempt_local1975017743_0016_r_000003_0' done.
26/03/02 03:37:07 INFO mapred.Task: Final Counters for attempt_local1975017743_0016_r_000003_0: Counters: 29
	File System Counters
		FILE: Number of bytes read=175316736
		FILE: Number of bytes written=179848573
		FILE: Number of read operations=0
		FILE: Number of large read operations=0
		FILE: Number of write operations=0
		HDFS: Number of bytes read=117436832
		HDFS: Number of bytes written=14235
		HDFS: Number of read operations=873
		HDFS: Number of large read operations=0
		HDFS: Number of write operations=284
	Map-Reduce Framework
		Combine input records=0
		Combine output records=0
		Reduce input groups=1
		Reduce shuffle bytes=1243734
		Reduce input records=23032
		Reduce output records=1
		Spilled Records=23032
		Shuffled Maps =1
		Failed Shuffles=0
		Merged Map outputs=1
		GC time elapsed (ms)=0
		Total committed heap usage (bytes)=494927872
	Shuffle Errors
		BAD_ID=0
		CONNECTION=0
		IO_ERROR=0
		WRONG_LENGTH=0
		WRONG_MAP=0
		WRONG_REDUCE=0
	File Output Format Counters 
		Bytes Written=105
26/03/02 03:37:07 INFO mapred.LocalJobRunner: Finishing task: attempt_local1975017743_0016_r_000003_0
26/03/02 03:37:07 INFO mapred.LocalJobRunner: reduce task executor complete.
26/03/02 03:37:08 INFO mapreduce.Job: Job job_local1975017743_0016 running in uber mode : false
26/03/02 03:37:08 INFO mapreduce.Job:  map 100% reduce 100%
26/03/02 03:37:08 INFO mapreduce.Job: Job job_local1975017743_0016 completed successfully
26/03/02 03:37:08 INFO mapreduce.Job: Counters: 35
	File System Counters
		FILE: Number of bytes read=852979408
		FILE: Number of bytes written=887453525
		FILE: Number of read operations=0
		FILE: Number of large read operations=0
		FILE: Number of write operations=0
		HDFS: Number of bytes read=587184160
		HDFS: Number of bytes written=70036
		HDFS: Number of read operations=4335
		HDFS: Number of large read operations=0
		HDFS: Number of write operations=1400
	Map-Reduce Framework
		Map input records=100000
		Map output records=100000
		Map output bytes=5200000
		Map output materialized bytes=5400024
		Input split bytes=123
		Combine input records=0
		Combine output records=0
		Reduce input groups=5
		Reduce shuffle bytes=5400024
		Reduce input records=100000
		Reduce output records=5
		Spilled Records=200000
		Shuffled Maps =4
		Failed Shuffles=0
		Merged Map outputs=4
		GC time elapsed (ms)=24
		Total committed heap usage (bytes)=2474639360
	Shuffle Errors
		BAD_ID=0
		CONNECTION=0
		IO_ERROR=0
		WRONG_LENGTH=0
		WRONG_MAP=0
		WRONG_REDUCE=0
	File Input Format Counters 
		Bytes Read=7337711
	File Output Format Counters 
		Bytes Written=517
26/03/02 03:37:08 INFO jvm.JvmMetrics: Cannot initialize JVM Metrics with processName=JobTracker, sessionId= - already initialized
26/03/02 03:37:08 WARN mapreduce.JobResourceUploader: Hadoop command-line option parsing not performed. Implement the Tool interface and execute your application with ToolRunner to remedy this.
26/03/02 03:37:08 INFO input.FileInputFormat: Total input paths to process : 1
26/03/02 03:37:08 INFO mapreduce.JobSubmitter: number of splits:1
26/03/02 03:37:08 INFO mapreduce.JobSubmitter: Submitting tokens for job: job_local1265068751_0017
26/03/02 03:37:08 INFO mapred.LocalDistributedCacheManager: Creating symlink: /tmp/hadoop-ds503/mapred/local/1772422628218/centers_iter_16.csv <- /home/ds503/centers_iter_16.csv
26/03/02 03:37:08 INFO mapred.LocalDistributedCacheManager: Localized hdfs://localhost:9000/project2/task2/runs_report_plus/scale100k_basic/centers_iter_16.csv as file:/tmp/hadoop-ds503/mapred/local/1772422628218/centers_iter_16.csv
26/03/02 03:37:08 INFO mapreduce.Job: The url to track the job: http://localhost:8080/
26/03/02 03:37:08 INFO mapreduce.Job: Running job: job_local1265068751_0017
26/03/02 03:37:08 INFO mapred.LocalJobRunner: OutputCommitter set in config null
26/03/02 03:37:08 INFO output.FileOutputCommitter: File Output Committer Algorithm version is 1
26/03/02 03:37:08 INFO mapred.LocalJobRunner: OutputCommitter is org.apache.hadoop.mapreduce.lib.output.FileOutputCommitter
26/03/02 03:37:08 INFO mapred.LocalJobRunner: Waiting for map tasks
26/03/02 03:37:08 INFO mapred.LocalJobRunner: Starting task: attempt_local1265068751_0017_m_000000_0
26/03/02 03:37:08 INFO output.FileOutputCommitter: File Output Committer Algorithm version is 1
26/03/02 03:37:08 INFO mapred.Task:  Using ResourceCalculatorProcessTree : [ ]
26/03/02 03:37:08 INFO mapred.MapTask: Processing split: hdfs://localhost:9000/project2/task2/input/points_100k.csv:0+7337711
26/03/02 03:37:08 INFO mapred.MapTask: (EQUATOR) 0 kvi 26214396(104857584)
26/03/02 03:37:08 INFO mapred.MapTask: mapreduce.task.io.sort.mb: 100
26/03/02 03:37:08 INFO mapred.MapTask: soft limit at 83886080
26/03/02 03:37:08 INFO mapred.MapTask: bufstart = 0; bufvoid = 104857600
26/03/02 03:37:08 INFO mapred.MapTask: kvstart = 26214396; length = 6553600
26/03/02 03:37:08 INFO mapred.MapTask: Map output collector class = org.apache.hadoop.mapred.MapTask$MapOutputBuffer
26/03/02 03:37:08 INFO mapred.LocalJobRunner: 
26/03/02 03:37:08 INFO mapred.MapTask: Starting flush of map output
26/03/02 03:37:08 INFO mapred.MapTask: Spilling map output
26/03/02 03:37:08 INFO mapred.MapTask: bufstart = 0; bufend = 5200000; bufvoid = 104857600
26/03/02 03:37:08 INFO mapred.MapTask: kvstart = 26214396(104857584); kvend = 25814400(103257600); length = 399997/6553600
26/03/02 03:37:08 INFO mapred.MapTask: Finished spill 0
26/03/02 03:37:08 INFO mapred.Task: Task:attempt_local1265068751_0017_m_000000_0 is done. And is in the process of committing
26/03/02 03:37:08 INFO mapred.LocalJobRunner: map
26/03/02 03:37:08 INFO mapred.Task: Task 'attempt_local1265068751_0017_m_000000_0' done.
26/03/02 03:37:08 INFO mapred.Task: Final Counters for attempt_local1265068751_0017_m_000000_0: Counters: 22
	File System Counters
		FILE: Number of bytes read=175461292
		FILE: Number of bytes written=185689981
		FILE: Number of read operations=0
		FILE: Number of large read operations=0
		FILE: Number of write operations=0
		HDFS: Number of bytes read=124776711
		HDFS: Number of bytes written=14613
		HDFS: Number of read operations=917
		HDFS: Number of large read operations=0
		HDFS: Number of write operations=294
	Map-Reduce Framework
		Map input records=100000
		Map output records=100000
		Map output bytes=5200000
		Map output materialized bytes=5400024
		Input split bytes=123
		Combine input records=0
		Spilled Records=100000
		Failed Shuffles=0
		Merged Map outputs=0
		GC time elapsed (ms)=3
		Total committed heap usage (bytes)=496500736
	File Input Format Counters 
		Bytes Read=7337711
26/03/02 03:37:08 INFO mapred.LocalJobRunner: Finishing task: attempt_local1265068751_0017_m_000000_0
26/03/02 03:37:08 INFO mapred.LocalJobRunner: map task executor complete.
26/03/02 03:37:08 INFO mapred.LocalJobRunner: Waiting for reduce tasks
26/03/02 03:37:08 INFO mapred.LocalJobRunner: Starting task: attempt_local1265068751_0017_r_000000_0
26/03/02 03:37:08 INFO output.FileOutputCommitter: File Output Committer Algorithm version is 1
26/03/02 03:37:08 INFO mapred.Task:  Using ResourceCalculatorProcessTree : [ ]
26/03/02 03:37:08 INFO mapred.ReduceTask: Using ShuffleConsumerPlugin: org.apache.hadoop.mapreduce.task.reduce.Shuffle@4d99c9e6
26/03/02 03:37:08 INFO reduce.MergeManagerImpl: MergerManager: memoryLimit=347550496, maxSingleShuffleLimit=86887624, mergeThreshold=229383344, ioSortFactor=10, memToMemMergeOutputsThreshold=10
26/03/02 03:37:08 INFO reduce.EventFetcher: attempt_local1265068751_0017_r_000000_0 Thread started: EventFetcher for fetching Map Completion Events
26/03/02 03:37:08 INFO reduce.LocalFetcher: localfetcher#65 about to shuffle output of map attempt_local1265068751_0017_m_000000_0 decomp: 2281232 len: 2281236 to MEMORY
26/03/02 03:37:08 INFO reduce.InMemoryMapOutput: Read 2281232 bytes from map-output for attempt_local1265068751_0017_m_000000_0
26/03/02 03:37:08 INFO reduce.MergeManagerImpl: closeInMemoryFile -> map-output of size: 2281232, inMemoryMapOutputs.size() -> 1, commitMemory -> 0, usedMemory ->2281232
26/03/02 03:37:08 INFO reduce.EventFetcher: EventFetcher is interrupted.. Returning
26/03/02 03:37:08 INFO mapred.LocalJobRunner: 1 / 1 copied.
26/03/02 03:37:08 INFO reduce.MergeManagerImpl: finalMerge called with 1 in-memory map-outputs and 0 on-disk map-outputs
26/03/02 03:37:08 INFO mapred.Merger: Merging 1 sorted segments
26/03/02 03:37:08 INFO mapred.Merger: Down to the last merge-pass, with 1 segments left of total size: 2281226 bytes
26/03/02 03:37:08 INFO reduce.MergeManagerImpl: Merged 1 segments, 2281232 bytes to disk to satisfy reduce memory limit
26/03/02 03:37:08 INFO reduce.MergeManagerImpl: Merging 1 files, 2281236 bytes from disk
26/03/02 03:37:08 INFO reduce.MergeManagerImpl: Merging 0 segments, 0 bytes from memory into reduce
26/03/02 03:37:08 INFO mapred.Merger: Merging 1 sorted segments
26/03/02 03:37:08 INFO mapred.Merger: Down to the last merge-pass, with 1 segments left of total size: 2281226 bytes
26/03/02 03:37:08 INFO mapred.LocalJobRunner: 1 / 1 copied.
26/03/02 03:37:08 INFO mapred.Task: Task:attempt_local1265068751_0017_r_000000_0 is done. And is in the process of committing
26/03/02 03:37:08 INFO mapred.LocalJobRunner: 1 / 1 copied.
26/03/02 03:37:08 INFO mapred.Task: Task attempt_local1265068751_0017_r_000000_0 is allowed to commit now
26/03/02 03:37:08 INFO output.FileOutputCommitter: Saved output of task 'attempt_local1265068751_0017_r_000000_0' to hdfs://localhost:9000/project2/task2/runs_report_plus/scale100k_basic/iter_17/_temporary/0/task_local1265068751_0017_r_000000
26/03/02 03:37:08 INFO mapred.LocalJobRunner: reduce > reduce
26/03/02 03:37:08 INFO mapred.Task: Task 'attempt_local1265068751_0017_r_000000_0' done.
26/03/02 03:37:08 INFO mapred.Task: Final Counters for attempt_local1265068751_0017_r_000000_0: Counters: 29
	File System Counters
		FILE: Number of bytes read=180027960
		FILE: Number of bytes written=187971217
		FILE: Number of read operations=0
		FILE: Number of large read operations=0
		FILE: Number of write operations=0
		HDFS: Number of bytes read=124776711
		HDFS: Number of bytes written=14818
		HDFS: Number of read operations=920
		HDFS: Number of large read operations=0
		HDFS: Number of write operations=296
	Map-Reduce Framework
		Combine input records=0
		Combine output records=0
		Reduce input groups=2
		Reduce shuffle bytes=2281236
		Reduce input records=42245
		Reduce output records=2
		Spilled Records=42245
		Shuffled Maps =1
		Failed Shuffles=0
		Merged Map outputs=1
		GC time elapsed (ms)=0
		Total committed heap usage (bytes)=496500736
	Shuffle Errors
		BAD_ID=0
		CONNECTION=0
		IO_ERROR=0
		WRONG_LENGTH=0
		WRONG_MAP=0
		WRONG_REDUCE=0
	File Output Format Counters 
		Bytes Written=205
26/03/02 03:37:08 INFO mapred.LocalJobRunner: Finishing task: attempt_local1265068751_0017_r_000000_0
26/03/02 03:37:08 INFO mapred.LocalJobRunner: Starting task: attempt_local1265068751_0017_r_000001_0
26/03/02 03:37:08 INFO output.FileOutputCommitter: File Output Committer Algorithm version is 1
26/03/02 03:37:08 INFO mapred.Task:  Using ResourceCalculatorProcessTree : [ ]
26/03/02 03:37:08 INFO mapred.ReduceTask: Using ShuffleConsumerPlugin: org.apache.hadoop.mapreduce.task.reduce.Shuffle@1360b4d
26/03/02 03:37:08 INFO reduce.MergeManagerImpl: MergerManager: memoryLimit=347550496, maxSingleShuffleLimit=86887624, mergeThreshold=229383344, ioSortFactor=10, memToMemMergeOutputsThreshold=10
26/03/02 03:37:08 INFO reduce.EventFetcher: attempt_local1265068751_0017_r_000001_0 Thread started: EventFetcher for fetching Map Completion Events
26/03/02 03:37:08 INFO reduce.LocalFetcher: localfetcher#66 about to shuffle output of map attempt_local1265068751_0017_m_000000_0 decomp: 1072874 len: 1072878 to MEMORY
26/03/02 03:37:08 INFO reduce.InMemoryMapOutput: Read 1072874 bytes from map-output for attempt_local1265068751_0017_m_000000_0
26/03/02 03:37:08 INFO reduce.MergeManagerImpl: closeInMemoryFile -> map-output of size: 1072874, inMemoryMapOutputs.size() -> 1, commitMemory -> 0, usedMemory ->1072874
26/03/02 03:37:08 INFO reduce.EventFetcher: EventFetcher is interrupted.. Returning
26/03/02 03:37:08 INFO mapred.LocalJobRunner: 1 / 1 copied.
26/03/02 03:37:08 INFO reduce.MergeManagerImpl: finalMerge called with 1 in-memory map-outputs and 0 on-disk map-outputs
26/03/02 03:37:08 INFO mapred.Merger: Merging 1 sorted segments
26/03/02 03:37:08 INFO mapred.Merger: Down to the last merge-pass, with 1 segments left of total size: 1072868 bytes
26/03/02 03:37:08 INFO reduce.MergeManagerImpl: Merged 1 segments, 1072874 bytes to disk to satisfy reduce memory limit
26/03/02 03:37:08 INFO reduce.MergeManagerImpl: Merging 1 files, 1072878 bytes from disk
26/03/02 03:37:08 INFO reduce.MergeManagerImpl: Merging 0 segments, 0 bytes from memory into reduce
26/03/02 03:37:08 INFO mapred.Merger: Merging 1 sorted segments
26/03/02 03:37:08 INFO mapred.Merger: Down to the last merge-pass, with 1 segments left of total size: 1072868 bytes
26/03/02 03:37:08 INFO mapred.LocalJobRunner: 1 / 1 copied.
26/03/02 03:37:08 INFO mapred.Task: Task:attempt_local1265068751_0017_r_000001_0 is done. And is in the process of committing
26/03/02 03:37:08 INFO mapred.LocalJobRunner: 1 / 1 copied.
26/03/02 03:37:08 INFO mapred.Task: Task attempt_local1265068751_0017_r_000001_0 is allowed to commit now
26/03/02 03:37:08 INFO output.FileOutputCommitter: Saved output of task 'attempt_local1265068751_0017_r_000001_0' to hdfs://localhost:9000/project2/task2/runs_report_plus/scale100k_basic/iter_17/_temporary/0/task_local1265068751_0017_r_000001
26/03/02 03:37:08 INFO mapred.LocalJobRunner: reduce > reduce
26/03/02 03:37:08 INFO mapred.Task: Task 'attempt_local1265068751_0017_r_000001_0' done.
26/03/02 03:37:08 INFO mapred.Task: Final Counters for attempt_local1265068751_0017_r_000001_0: Counters: 29
	File System Counters
		FILE: Number of bytes read=182177912
		FILE: Number of bytes written=189044095
		FILE: Number of read operations=0
		FILE: Number of large read operations=0
		FILE: Number of write operations=0
		HDFS: Number of bytes read=124776711
		HDFS: Number of bytes written=14919
		HDFS: Number of read operations=923
		HDFS: Number of large read operations=0
		HDFS: Number of write operations=298
	Map-Reduce Framework
		Combine input records=0
		Combine output records=0
		Reduce input groups=1
		Reduce shuffle bytes=1072878
		Reduce input records=19868
		Reduce output records=1
		Spilled Records=19868
		Shuffled Maps =1
		Failed Shuffles=0
		Merged Map outputs=1
		GC time elapsed (ms)=0
		Total committed heap usage (bytes)=496500736
	Shuffle Errors
		BAD_ID=0
		CONNECTION=0
		IO_ERROR=0
		WRONG_LENGTH=0
		WRONG_MAP=0
		WRONG_REDUCE=0
	File Output Format Counters 
		Bytes Written=101
26/03/02 03:37:08 INFO mapred.LocalJobRunner: Finishing task: attempt_local1265068751_0017_r_000001_0
26/03/02 03:37:08 INFO mapred.LocalJobRunner: Starting task: attempt_local1265068751_0017_r_000002_0
26/03/02 03:37:08 INFO output.FileOutputCommitter: File Output Committer Algorithm version is 1
26/03/02 03:37:08 INFO mapred.Task:  Using ResourceCalculatorProcessTree : [ ]
26/03/02 03:37:08 INFO mapred.ReduceTask: Using ShuffleConsumerPlugin: org.apache.hadoop.mapreduce.task.reduce.Shuffle@7914d3a9
26/03/02 03:37:08 INFO reduce.MergeManagerImpl: MergerManager: memoryLimit=347550496, maxSingleShuffleLimit=86887624, mergeThreshold=229383344, ioSortFactor=10, memToMemMergeOutputsThreshold=10
26/03/02 03:37:08 INFO reduce.EventFetcher: attempt_local1265068751_0017_r_000002_0 Thread started: EventFetcher for fetching Map Completion Events
26/03/02 03:37:08 INFO reduce.LocalFetcher: localfetcher#67 about to shuffle output of map attempt_local1265068751_0017_m_000000_0 decomp: 819344 len: 819348 to MEMORY
26/03/02 03:37:08 INFO reduce.InMemoryMapOutput: Read 819344 bytes from map-output for attempt_local1265068751_0017_m_000000_0
26/03/02 03:37:08 INFO reduce.MergeManagerImpl: closeInMemoryFile -> map-output of size: 819344, inMemoryMapOutputs.size() -> 1, commitMemory -> 0, usedMemory ->819344
26/03/02 03:37:08 INFO reduce.EventFetcher: EventFetcher is interrupted.. Returning
26/03/02 03:37:08 INFO mapred.LocalJobRunner: 1 / 1 copied.
26/03/02 03:37:08 INFO reduce.MergeManagerImpl: finalMerge called with 1 in-memory map-outputs and 0 on-disk map-outputs
26/03/02 03:37:08 INFO mapred.Merger: Merging 1 sorted segments
26/03/02 03:37:08 INFO mapred.Merger: Down to the last merge-pass, with 1 segments left of total size: 819338 bytes
26/03/02 03:37:08 INFO reduce.MergeManagerImpl: Merged 1 segments, 819344 bytes to disk to satisfy reduce memory limit
26/03/02 03:37:08 INFO reduce.MergeManagerImpl: Merging 1 files, 819348 bytes from disk
26/03/02 03:37:08 INFO reduce.MergeManagerImpl: Merging 0 segments, 0 bytes from memory into reduce
26/03/02 03:37:08 INFO mapred.Merger: Merging 1 sorted segments
26/03/02 03:37:08 INFO mapred.Merger: Down to the last merge-pass, with 1 segments left of total size: 819338 bytes
26/03/02 03:37:08 INFO mapred.LocalJobRunner: 1 / 1 copied.
26/03/02 03:37:08 INFO mapred.Task: Task:attempt_local1265068751_0017_r_000002_0 is done. And is in the process of committing
26/03/02 03:37:08 INFO mapred.LocalJobRunner: 1 / 1 copied.
26/03/02 03:37:08 INFO mapred.Task: Task attempt_local1265068751_0017_r_000002_0 is allowed to commit now
26/03/02 03:37:08 INFO output.FileOutputCommitter: Saved output of task 'attempt_local1265068751_0017_r_000002_0' to hdfs://localhost:9000/project2/task2/runs_report_plus/scale100k_basic/iter_17/_temporary/0/task_local1265068751_0017_r_000002
26/03/02 03:37:08 INFO mapred.LocalJobRunner: reduce > reduce
26/03/02 03:37:08 INFO mapred.Task: Task 'attempt_local1265068751_0017_r_000002_0' done.
26/03/02 03:37:08 INFO mapred.Task: Final Counters for attempt_local1265068751_0017_r_000002_0: Counters: 29
	File System Counters
		FILE: Number of bytes read=183820804
		FILE: Number of bytes written=189863443
		FILE: Number of read operations=0
		FILE: Number of large read operations=0
		FILE: Number of write operations=0
		HDFS: Number of bytes read=124776711
		HDFS: Number of bytes written=15023
		HDFS: Number of read operations=926
		HDFS: Number of large read operations=0
		HDFS: Number of write operations=300
	Map-Reduce Framework
		Combine input records=0
		Combine output records=0
		Reduce input groups=1
		Reduce shuffle bytes=819348
		Reduce input records=15173
		Reduce output records=1
		Spilled Records=15173
		Shuffled Maps =1
		Failed Shuffles=0
		Merged Map outputs=1
		GC time elapsed (ms)=0
		Total committed heap usage (bytes)=496500736
	Shuffle Errors
		BAD_ID=0
		CONNECTION=0
		IO_ERROR=0
		WRONG_LENGTH=0
		WRONG_MAP=0
		WRONG_REDUCE=0
	File Output Format Counters 
		Bytes Written=104
26/03/02 03:37:08 INFO mapred.LocalJobRunner: Finishing task: attempt_local1265068751_0017_r_000002_0
26/03/02 03:37:08 INFO mapred.LocalJobRunner: Starting task: attempt_local1265068751_0017_r_000003_0
26/03/02 03:37:08 INFO output.FileOutputCommitter: File Output Committer Algorithm version is 1
26/03/02 03:37:08 INFO mapred.Task:  Using ResourceCalculatorProcessTree : [ ]
26/03/02 03:37:08 INFO mapred.ReduceTask: Using ShuffleConsumerPlugin: org.apache.hadoop.mapreduce.task.reduce.Shuffle@5391c836
26/03/02 03:37:08 INFO reduce.MergeManagerImpl: MergerManager: memoryLimit=347550496, maxSingleShuffleLimit=86887624, mergeThreshold=229383344, ioSortFactor=10, memToMemMergeOutputsThreshold=10
26/03/02 03:37:08 INFO reduce.EventFetcher: attempt_local1265068751_0017_r_000003_0 Thread started: EventFetcher for fetching Map Completion Events
26/03/02 03:37:08 INFO reduce.LocalFetcher: localfetcher#68 about to shuffle output of map attempt_local1265068751_0017_m_000000_0 decomp: 1226558 len: 1226562 to MEMORY
26/03/02 03:37:08 INFO reduce.InMemoryMapOutput: Read 1226558 bytes from map-output for attempt_local1265068751_0017_m_000000_0
26/03/02 03:37:08 INFO reduce.MergeManagerImpl: closeInMemoryFile -> map-output of size: 1226558, inMemoryMapOutputs.size() -> 1, commitMemory -> 0, usedMemory ->1226558
26/03/02 03:37:08 INFO reduce.EventFetcher: EventFetcher is interrupted.. Returning
26/03/02 03:37:08 INFO mapred.LocalJobRunner: 1 / 1 copied.
26/03/02 03:37:08 INFO reduce.MergeManagerImpl: finalMerge called with 1 in-memory map-outputs and 0 on-disk map-outputs
26/03/02 03:37:08 INFO mapred.Merger: Merging 1 sorted segments
26/03/02 03:37:08 INFO mapred.Merger: Down to the last merge-pass, with 1 segments left of total size: 1226552 bytes
26/03/02 03:37:08 INFO reduce.MergeManagerImpl: Merged 1 segments, 1226558 bytes to disk to satisfy reduce memory limit
26/03/02 03:37:08 INFO reduce.MergeManagerImpl: Merging 1 files, 1226562 bytes from disk
26/03/02 03:37:08 INFO reduce.MergeManagerImpl: Merging 0 segments, 0 bytes from memory into reduce
26/03/02 03:37:08 INFO mapred.Merger: Merging 1 sorted segments
26/03/02 03:37:08 INFO mapred.Merger: Down to the last merge-pass, with 1 segments left of total size: 1226552 bytes
26/03/02 03:37:08 INFO mapred.LocalJobRunner: 1 / 1 copied.
26/03/02 03:37:08 INFO mapred.Task: Task:attempt_local1265068751_0017_r_000003_0 is done. And is in the process of committing
26/03/02 03:37:08 INFO mapred.LocalJobRunner: 1 / 1 copied.
26/03/02 03:37:08 INFO mapred.Task: Task attempt_local1265068751_0017_r_000003_0 is allowed to commit now
26/03/02 03:37:08 INFO output.FileOutputCommitter: Saved output of task 'attempt_local1265068751_0017_r_000003_0' to hdfs://localhost:9000/project2/task2/runs_report_plus/scale100k_basic/iter_17/_temporary/0/task_local1265068751_0017_r_000003
26/03/02 03:37:08 INFO mapred.LocalJobRunner: reduce > reduce
26/03/02 03:37:08 INFO mapred.Task: Task 'attempt_local1265068751_0017_r_000003_0' done.
26/03/02 03:37:08 INFO mapred.Task: Final Counters for attempt_local1265068751_0017_r_000003_0: Counters: 29
	File System Counters
		FILE: Number of bytes read=186274032
		FILE: Number of bytes written=191090005
		FILE: Number of read operations=0
		FILE: Number of large read operations=0
		FILE: Number of write operations=0
		HDFS: Number of bytes read=124776711
		HDFS: Number of bytes written=15127
		HDFS: Number of read operations=929
		HDFS: Number of large read operations=0
		HDFS: Number of write operations=302
	Map-Reduce Framework
		Combine input records=0
		Combine output records=0
		Reduce input groups=1
		Reduce shuffle bytes=1226562
		Reduce input records=22714
		Reduce output records=1
		Spilled Records=22714
		Shuffled Maps =1
		Failed Shuffles=0
		Merged Map outputs=1
		GC time elapsed (ms)=0
		Total committed heap usage (bytes)=496500736
	Shuffle Errors
		BAD_ID=0
		CONNECTION=0
		IO_ERROR=0
		WRONG_LENGTH=0
		WRONG_MAP=0
		WRONG_REDUCE=0
	File Output Format Counters 
		Bytes Written=104
26/03/02 03:37:08 INFO mapred.LocalJobRunner: Finishing task: attempt_local1265068751_0017_r_000003_0
26/03/02 03:37:08 INFO mapred.LocalJobRunner: reduce task executor complete.
26/03/02 03:37:09 INFO mapreduce.Job: Job job_local1265068751_0017 running in uber mode : false
26/03/02 03:37:09 INFO mapreduce.Job:  map 100% reduce 100%
26/03/02 03:37:09 INFO mapreduce.Job: Job job_local1265068751_0017 completed successfully
26/03/02 03:37:09 INFO mapreduce.Job: Counters: 35
	File System Counters
		FILE: Number of bytes read=907762000
		FILE: Number of bytes written=943658741
		FILE: Number of read operations=0
		FILE: Number of large read operations=0
		FILE: Number of write operations=0
		HDFS: Number of bytes read=623883555
		HDFS: Number of bytes written=74500
		HDFS: Number of read operations=4615
		HDFS: Number of large read operations=0
		HDFS: Number of write operations=1490
	Map-Reduce Framework
		Map input records=100000
		Map output records=100000
		Map output bytes=5200000
		Map output materialized bytes=5400024
		Input split bytes=123
		Combine input records=0
		Combine output records=0
		Reduce input groups=5
		Reduce shuffle bytes=5400024
		Reduce input records=100000
		Reduce output records=5
		Spilled Records=200000
		Shuffled Maps =4
		Failed Shuffles=0
		Merged Map outputs=4
		GC time elapsed (ms)=3
		Total committed heap usage (bytes)=2482503680
	Shuffle Errors
		BAD_ID=0
		CONNECTION=0
		IO_ERROR=0
		WRONG_LENGTH=0
		WRONG_MAP=0
		WRONG_REDUCE=0
	File Input Format Counters 
		Bytes Read=7337711
	File Output Format Counters 
		Bytes Written=514
26/03/02 03:37:09 INFO jvm.JvmMetrics: Cannot initialize JVM Metrics with processName=JobTracker, sessionId= - already initialized
26/03/02 03:37:09 WARN mapreduce.JobResourceUploader: Hadoop command-line option parsing not performed. Implement the Tool interface and execute your application with ToolRunner to remedy this.
26/03/02 03:37:09 INFO input.FileInputFormat: Total input paths to process : 1
26/03/02 03:37:09 INFO mapreduce.JobSubmitter: number of splits:1
26/03/02 03:37:09 INFO mapreduce.JobSubmitter: Submitting tokens for job: job_local1595225030_0018
26/03/02 03:37:09 INFO mapred.LocalDistributedCacheManager: Creating symlink: /tmp/hadoop-ds503/mapred/local/1772422629298/centers_iter_17.csv <- /home/ds503/centers_iter_17.csv
26/03/02 03:37:09 INFO mapred.LocalDistributedCacheManager: Localized hdfs://localhost:9000/project2/task2/runs_report_plus/scale100k_basic/centers_iter_17.csv as file:/tmp/hadoop-ds503/mapred/local/1772422629298/centers_iter_17.csv
26/03/02 03:37:09 INFO mapreduce.Job: The url to track the job: http://localhost:8080/
26/03/02 03:37:09 INFO mapreduce.Job: Running job: job_local1595225030_0018
26/03/02 03:37:09 INFO mapred.LocalJobRunner: OutputCommitter set in config null
26/03/02 03:37:09 INFO output.FileOutputCommitter: File Output Committer Algorithm version is 1
26/03/02 03:37:09 INFO mapred.LocalJobRunner: OutputCommitter is org.apache.hadoop.mapreduce.lib.output.FileOutputCommitter
26/03/02 03:37:09 INFO mapred.LocalJobRunner: Waiting for map tasks
26/03/02 03:37:09 INFO mapred.LocalJobRunner: Starting task: attempt_local1595225030_0018_m_000000_0
26/03/02 03:37:09 INFO output.FileOutputCommitter: File Output Committer Algorithm version is 1
26/03/02 03:37:09 INFO mapred.Task:  Using ResourceCalculatorProcessTree : [ ]
26/03/02 03:37:09 INFO mapred.MapTask: Processing split: hdfs://localhost:9000/project2/task2/input/points_100k.csv:0+7337711
26/03/02 03:37:09 INFO mapred.MapTask: (EQUATOR) 0 kvi 26214396(104857584)
26/03/02 03:37:09 INFO mapred.MapTask: mapreduce.task.io.sort.mb: 100
26/03/02 03:37:09 INFO mapred.MapTask: soft limit at 83886080
26/03/02 03:37:09 INFO mapred.MapTask: bufstart = 0; bufvoid = 104857600
26/03/02 03:37:09 INFO mapred.MapTask: kvstart = 26214396; length = 6553600
26/03/02 03:37:09 INFO mapred.MapTask: Map output collector class = org.apache.hadoop.mapred.MapTask$MapOutputBuffer
26/03/02 03:37:09 INFO mapred.LocalJobRunner: 
26/03/02 03:37:09 INFO mapred.MapTask: Starting flush of map output
26/03/02 03:37:09 INFO mapred.MapTask: Spilling map output
26/03/02 03:37:09 INFO mapred.MapTask: bufstart = 0; bufend = 5200000; bufvoid = 104857600
26/03/02 03:37:09 INFO mapred.MapTask: kvstart = 26214396(104857584); kvend = 25814400(103257600); length = 399997/6553600
26/03/02 03:37:09 INFO mapred.MapTask: Finished spill 0
26/03/02 03:37:09 INFO mapred.Task: Task:attempt_local1595225030_0018_m_000000_0 is done. And is in the process of committing
26/03/02 03:37:09 INFO mapred.LocalJobRunner: map
26/03/02 03:37:09 INFO mapred.Task: Task 'attempt_local1595225030_0018_m_000000_0' done.
26/03/02 03:37:09 INFO mapred.Task: Final Counters for attempt_local1595225030_0018_m_000000_0: Counters: 22
	File System Counters
		FILE: Number of bytes read=186418588
		FILE: Number of bytes written=196931411
		FILE: Number of read operations=0
		FILE: Number of large read operations=0
		FILE: Number of write operations=0
		HDFS: Number of bytes read=132116580
		HDFS: Number of bytes written=15503
		HDFS: Number of read operations=973
		HDFS: Number of large read operations=0
		HDFS: Number of write operations=312
	Map-Reduce Framework
		Map input records=100000
		Map output records=100000
		Map output bytes=5200000
		Map output materialized bytes=5400024
		Input split bytes=123
		Combine input records=0
		Spilled Records=100000
		Failed Shuffles=0
		Merged Map outputs=0
		GC time elapsed (ms)=23
		Total committed heap usage (bytes)=492306432
	File Input Format Counters 
		Bytes Read=7337711
26/03/02 03:37:09 INFO mapred.LocalJobRunner: Finishing task: attempt_local1595225030_0018_m_000000_0
26/03/02 03:37:09 INFO mapred.LocalJobRunner: map task executor complete.
26/03/02 03:37:09 INFO mapred.LocalJobRunner: Waiting for reduce tasks
26/03/02 03:37:09 INFO mapred.LocalJobRunner: Starting task: attempt_local1595225030_0018_r_000000_0
26/03/02 03:37:09 INFO output.FileOutputCommitter: File Output Committer Algorithm version is 1
26/03/02 03:37:09 INFO mapred.Task:  Using ResourceCalculatorProcessTree : [ ]
26/03/02 03:37:09 INFO mapred.ReduceTask: Using ShuffleConsumerPlugin: org.apache.hadoop.mapreduce.task.reduce.Shuffle@27359e44
26/03/02 03:37:09 INFO reduce.MergeManagerImpl: MergerManager: memoryLimit=344614496, maxSingleShuffleLimit=86153624, mergeThreshold=227445584, ioSortFactor=10, memToMemMergeOutputsThreshold=10
26/03/02 03:37:09 INFO reduce.EventFetcher: attempt_local1595225030_0018_r_000000_0 Thread started: EventFetcher for fetching Map Completion Events
26/03/02 03:37:09 INFO reduce.LocalFetcher: localfetcher#69 about to shuffle output of map attempt_local1595225030_0018_m_000000_0 decomp: 2271620 len: 2271624 to MEMORY
26/03/02 03:37:09 INFO reduce.InMemoryMapOutput: Read 2271620 bytes from map-output for attempt_local1595225030_0018_m_000000_0
26/03/02 03:37:09 INFO reduce.MergeManagerImpl: closeInMemoryFile -> map-output of size: 2271620, inMemoryMapOutputs.size() -> 1, commitMemory -> 0, usedMemory ->2271620
26/03/02 03:37:09 INFO reduce.EventFetcher: EventFetcher is interrupted.. Returning
26/03/02 03:37:09 INFO mapred.LocalJobRunner: 1 / 1 copied.
26/03/02 03:37:09 INFO reduce.MergeManagerImpl: finalMerge called with 1 in-memory map-outputs and 0 on-disk map-outputs
26/03/02 03:37:09 INFO mapred.Merger: Merging 1 sorted segments
26/03/02 03:37:09 INFO mapred.Merger: Down to the last merge-pass, with 1 segments left of total size: 2271614 bytes
26/03/02 03:37:09 INFO reduce.MergeManagerImpl: Merged 1 segments, 2271620 bytes to disk to satisfy reduce memory limit
26/03/02 03:37:09 INFO reduce.MergeManagerImpl: Merging 1 files, 2271624 bytes from disk
26/03/02 03:37:09 INFO reduce.MergeManagerImpl: Merging 0 segments, 0 bytes from memory into reduce
26/03/02 03:37:09 INFO mapred.Merger: Merging 1 sorted segments
26/03/02 03:37:09 INFO mapred.Merger: Down to the last merge-pass, with 1 segments left of total size: 2271614 bytes
26/03/02 03:37:09 INFO mapred.LocalJobRunner: 1 / 1 copied.
26/03/02 03:37:09 INFO mapred.Task: Task:attempt_local1595225030_0018_r_000000_0 is done. And is in the process of committing
26/03/02 03:37:09 INFO mapred.LocalJobRunner: 1 / 1 copied.
26/03/02 03:37:09 INFO mapred.Task: Task attempt_local1595225030_0018_r_000000_0 is allowed to commit now
26/03/02 03:37:09 INFO output.FileOutputCommitter: Saved output of task 'attempt_local1595225030_0018_r_000000_0' to hdfs://localhost:9000/project2/task2/runs_report_plus/scale100k_basic/iter_18/_temporary/0/task_local1595225030_0018_r_000000
26/03/02 03:37:09 INFO mapred.LocalJobRunner: reduce > reduce
26/03/02 03:37:09 INFO mapred.Task: Task 'attempt_local1595225030_0018_r_000000_0' done.
26/03/02 03:37:09 INFO mapred.Task: Final Counters for attempt_local1595225030_0018_r_000000_0: Counters: 29
	File System Counters
		FILE: Number of bytes read=190966032
		FILE: Number of bytes written=199203035
		FILE: Number of read operations=0
		FILE: Number of large read operations=0
		FILE: Number of write operations=0
		HDFS: Number of bytes read=132116580
		HDFS: Number of bytes written=15708
		HDFS: Number of read operations=976
		HDFS: Number of large read operations=0
		HDFS: Number of write operations=314
	Map-Reduce Framework
		Combine input records=0
		Combine output records=0
		Reduce input groups=2
		Reduce shuffle bytes=2271624
		Reduce input records=42067
		Reduce output records=2
		Spilled Records=42067
		Shuffled Maps =1
		Failed Shuffles=0
		Merged Map outputs=1
		GC time elapsed (ms)=0
		Total committed heap usage (bytes)=492306432
	Shuffle Errors
		BAD_ID=0
		CONNECTION=0
		IO_ERROR=0
		WRONG_LENGTH=0
		WRONG_MAP=0
		WRONG_REDUCE=0
	File Output Format Counters 
		Bytes Written=205
26/03/02 03:37:09 INFO mapred.LocalJobRunner: Finishing task: attempt_local1595225030_0018_r_000000_0
26/03/02 03:37:09 INFO mapred.LocalJobRunner: Starting task: attempt_local1595225030_0018_r_000001_0
26/03/02 03:37:09 INFO output.FileOutputCommitter: File Output Committer Algorithm version is 1
26/03/02 03:37:09 INFO mapred.Task:  Using ResourceCalculatorProcessTree : [ ]
26/03/02 03:37:09 INFO mapred.ReduceTask: Using ShuffleConsumerPlugin: org.apache.hadoop.mapreduce.task.reduce.Shuffle@63830a0a
26/03/02 03:37:09 INFO reduce.MergeManagerImpl: MergerManager: memoryLimit=344614496, maxSingleShuffleLimit=86153624, mergeThreshold=227445584, ioSortFactor=10, memToMemMergeOutputsThreshold=10
26/03/02 03:37:09 INFO reduce.EventFetcher: attempt_local1595225030_0018_r_000001_0 Thread started: EventFetcher for fetching Map Completion Events
26/03/02 03:37:09 INFO reduce.LocalFetcher: localfetcher#70 about to shuffle output of map attempt_local1595225030_0018_m_000000_0 decomp: 1072280 len: 1072284 to MEMORY
26/03/02 03:37:09 INFO reduce.InMemoryMapOutput: Read 1072280 bytes from map-output for attempt_local1595225030_0018_m_000000_0
26/03/02 03:37:09 INFO reduce.MergeManagerImpl: closeInMemoryFile -> map-output of size: 1072280, inMemoryMapOutputs.size() -> 1, commitMemory -> 0, usedMemory ->1072280
26/03/02 03:37:09 INFO reduce.EventFetcher: EventFetcher is interrupted.. Returning
26/03/02 03:37:09 INFO mapred.LocalJobRunner: 1 / 1 copied.
26/03/02 03:37:09 INFO reduce.MergeManagerImpl: finalMerge called with 1 in-memory map-outputs and 0 on-disk map-outputs
26/03/02 03:37:09 INFO mapred.Merger: Merging 1 sorted segments
26/03/02 03:37:09 INFO mapred.Merger: Down to the last merge-pass, with 1 segments left of total size: 1072274 bytes
26/03/02 03:37:09 INFO reduce.MergeManagerImpl: Merged 1 segments, 1072280 bytes to disk to satisfy reduce memory limit
26/03/02 03:37:09 INFO reduce.MergeManagerImpl: Merging 1 files, 1072284 bytes from disk
26/03/02 03:37:09 INFO reduce.MergeManagerImpl: Merging 0 segments, 0 bytes from memory into reduce
26/03/02 03:37:09 INFO mapred.Merger: Merging 1 sorted segments
26/03/02 03:37:09 INFO mapred.Merger: Down to the last merge-pass, with 1 segments left of total size: 1072274 bytes
26/03/02 03:37:09 INFO mapred.LocalJobRunner: 1 / 1 copied.
26/03/02 03:37:09 INFO mapred.Task: Task:attempt_local1595225030_0018_r_000001_0 is done. And is in the process of committing
26/03/02 03:37:09 INFO mapred.LocalJobRunner: 1 / 1 copied.
26/03/02 03:37:09 INFO mapred.Task: Task attempt_local1595225030_0018_r_000001_0 is allowed to commit now
26/03/02 03:37:09 INFO output.FileOutputCommitter: Saved output of task 'attempt_local1595225030_0018_r_000001_0' to hdfs://localhost:9000/project2/task2/runs_report_plus/scale100k_basic/iter_18/_temporary/0/task_local1595225030_0018_r_000001
26/03/02 03:37:09 INFO mapred.LocalJobRunner: reduce > reduce
26/03/02 03:37:09 INFO mapred.Task: Task 'attempt_local1595225030_0018_r_000001_0' done.
26/03/02 03:37:09 INFO mapred.Task: Final Counters for attempt_local1595225030_0018_r_000001_0: Counters: 29
	File System Counters
		FILE: Number of bytes read=193114796
		FILE: Number of bytes written=200275319
		FILE: Number of read operations=0
		FILE: Number of large read operations=0
		FILE: Number of write operations=0
		HDFS: Number of bytes read=132116580
		HDFS: Number of bytes written=15810
		HDFS: Number of read operations=979
		HDFS: Number of large read operations=0
		HDFS: Number of write operations=316
	Map-Reduce Framework
		Combine input records=0
		Combine output records=0
		Reduce input groups=1
		Reduce shuffle bytes=1072284
		Reduce input records=19857
		Reduce output records=1
		Spilled Records=19857
		Shuffled Maps =1
		Failed Shuffles=0
		Merged Map outputs=1
		GC time elapsed (ms)=0
		Total committed heap usage (bytes)=492306432
	Shuffle Errors
		BAD_ID=0
		CONNECTION=0
		IO_ERROR=0
		WRONG_LENGTH=0
		WRONG_MAP=0
		WRONG_REDUCE=0
	File Output Format Counters 
		Bytes Written=102
26/03/02 03:37:09 INFO mapred.LocalJobRunner: Finishing task: attempt_local1595225030_0018_r_000001_0
26/03/02 03:37:09 INFO mapred.LocalJobRunner: Starting task: attempt_local1595225030_0018_r_000002_0
26/03/02 03:37:09 INFO output.FileOutputCommitter: File Output Committer Algorithm version is 1
26/03/02 03:37:09 INFO mapred.Task:  Using ResourceCalculatorProcessTree : [ ]
26/03/02 03:37:09 INFO mapred.ReduceTask: Using ShuffleConsumerPlugin: org.apache.hadoop.mapreduce.task.reduce.Shuffle@1bcb1c10
26/03/02 03:37:09 INFO reduce.MergeManagerImpl: MergerManager: memoryLimit=344614496, maxSingleShuffleLimit=86153624, mergeThreshold=227445584, ioSortFactor=10, memToMemMergeOutputsThreshold=10
26/03/02 03:37:09 INFO reduce.EventFetcher: attempt_local1595225030_0018_r_000002_0 Thread started: EventFetcher for fetching Map Completion Events
26/03/02 03:37:09 INFO reduce.LocalFetcher: localfetcher#71 about to shuffle output of map attempt_local1595225030_0018_m_000000_0 decomp: 843428 len: 843432 to MEMORY
26/03/02 03:37:09 INFO reduce.InMemoryMapOutput: Read 843428 bytes from map-output for attempt_local1595225030_0018_m_000000_0
26/03/02 03:37:09 INFO reduce.MergeManagerImpl: closeInMemoryFile -> map-output of size: 843428, inMemoryMapOutputs.size() -> 1, commitMemory -> 0, usedMemory ->843428
26/03/02 03:37:09 INFO reduce.EventFetcher: EventFetcher is interrupted.. Returning
26/03/02 03:37:09 INFO mapred.LocalJobRunner: 1 / 1 copied.
26/03/02 03:37:09 INFO reduce.MergeManagerImpl: finalMerge called with 1 in-memory map-outputs and 0 on-disk map-outputs
26/03/02 03:37:09 INFO mapred.Merger: Merging 1 sorted segments
26/03/02 03:37:09 INFO mapred.Merger: Down to the last merge-pass, with 1 segments left of total size: 843422 bytes
26/03/02 03:37:10 INFO reduce.MergeManagerImpl: Merged 1 segments, 843428 bytes to disk to satisfy reduce memory limit
26/03/02 03:37:10 INFO reduce.MergeManagerImpl: Merging 1 files, 843432 bytes from disk
26/03/02 03:37:10 INFO reduce.MergeManagerImpl: Merging 0 segments, 0 bytes from memory into reduce
26/03/02 03:37:10 INFO mapred.Merger: Merging 1 sorted segments
26/03/02 03:37:10 INFO mapred.Merger: Down to the last merge-pass, with 1 segments left of total size: 843422 bytes
26/03/02 03:37:10 INFO mapred.LocalJobRunner: 1 / 1 copied.
26/03/02 03:37:10 INFO mapreduce.Job: Job job_local1595225030_0018 running in uber mode : false
26/03/02 03:37:10 INFO mapreduce.Job:  map 100% reduce 50%
26/03/02 03:37:10 INFO mapred.Task: Task:attempt_local1595225030_0018_r_000002_0 is done. And is in the process of committing
26/03/02 03:37:10 INFO mapred.LocalJobRunner: 1 / 1 copied.
26/03/02 03:37:10 INFO mapred.Task: Task attempt_local1595225030_0018_r_000002_0 is allowed to commit now
26/03/02 03:37:10 INFO output.FileOutputCommitter: Saved output of task 'attempt_local1595225030_0018_r_000002_0' to hdfs://localhost:9000/project2/task2/runs_report_plus/scale100k_basic/iter_18/_temporary/0/task_local1595225030_0018_r_000002
26/03/02 03:37:10 INFO mapred.LocalJobRunner: reduce > reduce
26/03/02 03:37:10 INFO mapred.Task: Task 'attempt_local1595225030_0018_r_000002_0' done.
26/03/02 03:37:10 INFO mapred.Task: Final Counters for attempt_local1595225030_0018_r_000002_0: Counters: 29
	File System Counters
		FILE: Number of bytes read=194805856
		FILE: Number of bytes written=201118751
		FILE: Number of read operations=0
		FILE: Number of large read operations=0
		FILE: Number of write operations=0
		HDFS: Number of bytes read=132116580
		HDFS: Number of bytes written=15913
		HDFS: Number of read operations=982
		HDFS: Number of large read operations=0
		HDFS: Number of write operations=318
	Map-Reduce Framework
		Combine input records=0
		Combine output records=0
		Reduce input groups=1
		Reduce shuffle bytes=843432
		Reduce input records=15619
		Reduce output records=1
		Spilled Records=15619
		Shuffled Maps =1
		Failed Shuffles=0
		Merged Map outputs=1
		GC time elapsed (ms)=0
		Total committed heap usage (bytes)=492306432
	Shuffle Errors
		BAD_ID=0
		CONNECTION=0
		IO_ERROR=0
		WRONG_LENGTH=0
		WRONG_MAP=0
		WRONG_REDUCE=0
	File Output Format Counters 
		Bytes Written=103
26/03/02 03:37:10 INFO mapred.LocalJobRunner: Finishing task: attempt_local1595225030_0018_r_000002_0
26/03/02 03:37:10 INFO mapred.LocalJobRunner: Starting task: attempt_local1595225030_0018_r_000003_0
26/03/02 03:37:10 INFO output.FileOutputCommitter: File Output Committer Algorithm version is 1
26/03/02 03:37:10 INFO mapred.Task:  Using ResourceCalculatorProcessTree : [ ]
26/03/02 03:37:10 INFO mapred.ReduceTask: Using ShuffleConsumerPlugin: org.apache.hadoop.mapreduce.task.reduce.Shuffle@734819ea
26/03/02 03:37:10 INFO reduce.MergeManagerImpl: MergerManager: memoryLimit=344614496, maxSingleShuffleLimit=86153624, mergeThreshold=227445584, ioSortFactor=10, memToMemMergeOutputsThreshold=10
26/03/02 03:37:10 INFO reduce.EventFetcher: attempt_local1595225030_0018_r_000003_0 Thread started: EventFetcher for fetching Map Completion Events
26/03/02 03:37:10 INFO reduce.LocalFetcher: localfetcher#72 about to shuffle output of map attempt_local1595225030_0018_m_000000_0 decomp: 1212680 len: 1212684 to MEMORY
26/03/02 03:37:10 INFO reduce.InMemoryMapOutput: Read 1212680 bytes from map-output for attempt_local1595225030_0018_m_000000_0
26/03/02 03:37:10 INFO reduce.MergeManagerImpl: closeInMemoryFile -> map-output of size: 1212680, inMemoryMapOutputs.size() -> 1, commitMemory -> 0, usedMemory ->1212680
26/03/02 03:37:10 INFO reduce.EventFetcher: EventFetcher is interrupted.. Returning
26/03/02 03:37:10 INFO mapred.LocalJobRunner: 1 / 1 copied.
26/03/02 03:37:10 INFO reduce.MergeManagerImpl: finalMerge called with 1 in-memory map-outputs and 0 on-disk map-outputs
26/03/02 03:37:10 INFO mapred.Merger: Merging 1 sorted segments
26/03/02 03:37:10 INFO mapred.Merger: Down to the last merge-pass, with 1 segments left of total size: 1212674 bytes
26/03/02 03:37:10 INFO reduce.MergeManagerImpl: Merged 1 segments, 1212680 bytes to disk to satisfy reduce memory limit
26/03/02 03:37:10 INFO reduce.MergeManagerImpl: Merging 1 files, 1212684 bytes from disk
26/03/02 03:37:10 INFO reduce.MergeManagerImpl: Merging 0 segments, 0 bytes from memory into reduce
26/03/02 03:37:10 INFO mapred.Merger: Merging 1 sorted segments
26/03/02 03:37:10 INFO mapred.Merger: Down to the last merge-pass, with 1 segments left of total size: 1212674 bytes
26/03/02 03:37:10 INFO mapred.LocalJobRunner: 1 / 1 copied.
26/03/02 03:37:10 INFO mapred.Task: Task:attempt_local1595225030_0018_r_000003_0 is done. And is in the process of committing
26/03/02 03:37:10 INFO mapred.LocalJobRunner: 1 / 1 copied.
26/03/02 03:37:10 INFO mapred.Task: Task attempt_local1595225030_0018_r_000003_0 is allowed to commit now
26/03/02 03:37:10 INFO output.FileOutputCommitter: Saved output of task 'attempt_local1595225030_0018_r_000003_0' to hdfs://localhost:9000/project2/task2/runs_report_plus/scale100k_basic/iter_18/_temporary/0/task_local1595225030_0018_r_000003
26/03/02 03:37:10 INFO mapred.LocalJobRunner: reduce > reduce
26/03/02 03:37:10 INFO mapred.Task: Task 'attempt_local1595225030_0018_r_000003_0' done.
26/03/02 03:37:10 INFO mapred.Task: Final Counters for attempt_local1595225030_0018_r_000003_0: Counters: 29
	File System Counters
		FILE: Number of bytes read=197231328
		FILE: Number of bytes written=202331435
		FILE: Number of read operations=0
		FILE: Number of large read operations=0
		FILE: Number of write operations=0
		HDFS: Number of bytes read=132116580
		HDFS: Number of bytes written=16017
		HDFS: Number of read operations=985
		HDFS: Number of large read operations=0
		HDFS: Number of write operations=320
	Map-Reduce Framework
		Combine input records=0
		Combine output records=0
		Reduce input groups=1
		Reduce shuffle bytes=1212684
		Reduce input records=22457
		Reduce output records=1
		Spilled Records=22457
		Shuffled Maps =1
		Failed Shuffles=0
		Merged Map outputs=1
		GC time elapsed (ms)=0
		Total committed heap usage (bytes)=492306432
	Shuffle Errors
		BAD_ID=0
		CONNECTION=0
		IO_ERROR=0
		WRONG_LENGTH=0
		WRONG_MAP=0
		WRONG_REDUCE=0
	File Output Format Counters 
		Bytes Written=104
26/03/02 03:37:10 INFO mapred.LocalJobRunner: Finishing task: attempt_local1595225030_0018_r_000003_0
26/03/02 03:37:10 INFO mapred.LocalJobRunner: reduce task executor complete.
26/03/02 03:37:11 INFO mapreduce.Job:  map 100% reduce 100%
26/03/02 03:37:11 INFO mapreduce.Job: Job job_local1595225030_0018 completed successfully
26/03/02 03:37:11 INFO mapreduce.Job: Counters: 35
	File System Counters
		FILE: Number of bytes read=962536600
		FILE: Number of bytes written=999859951
		FILE: Number of read operations=0
		FILE: Number of large read operations=0
		FILE: Number of write operations=0
		HDFS: Number of bytes read=660582900
		HDFS: Number of bytes written=78951
		HDFS: Number of read operations=4895
		HDFS: Number of large read operations=0
		HDFS: Number of write operations=1580
	Map-Reduce Framework
		Map input records=100000
		Map output records=100000
		Map output bytes=5200000
		Map output materialized bytes=5400024
		Input split bytes=123
		Combine input records=0
		Combine output records=0
		Reduce input groups=5
		Reduce shuffle bytes=5400024
		Reduce input records=100000
		Reduce output records=5
		Spilled Records=200000
		Shuffled Maps =4
		Failed Shuffles=0
		Merged Map outputs=4
		GC time elapsed (ms)=23
		Total committed heap usage (bytes)=2461532160
	Shuffle Errors
		BAD_ID=0
		CONNECTION=0
		IO_ERROR=0
		WRONG_LENGTH=0
		WRONG_MAP=0
		WRONG_REDUCE=0
	File Input Format Counters 
		Bytes Read=7337711
	File Output Format Counters 
		Bytes Written=514
26/03/02 03:37:11 INFO jvm.JvmMetrics: Cannot initialize JVM Metrics with processName=JobTracker, sessionId= - already initialized
26/03/02 03:37:11 WARN mapreduce.JobResourceUploader: Hadoop command-line option parsing not performed. Implement the Tool interface and execute your application with ToolRunner to remedy this.
26/03/02 03:37:11 INFO input.FileInputFormat: Total input paths to process : 1
26/03/02 03:37:11 INFO mapreduce.JobSubmitter: number of splits:1
26/03/02 03:37:11 INFO mapreduce.JobSubmitter: Submitting tokens for job: job_local1015435547_0019
26/03/02 03:37:11 INFO mapred.LocalDistributedCacheManager: Creating symlink: /tmp/hadoop-ds503/mapred/local/1772422631373/centers_iter_18.csv <- /home/ds503/centers_iter_18.csv
26/03/02 03:37:11 INFO mapred.LocalDistributedCacheManager: Localized hdfs://localhost:9000/project2/task2/runs_report_plus/scale100k_basic/centers_iter_18.csv as file:/tmp/hadoop-ds503/mapred/local/1772422631373/centers_iter_18.csv
26/03/02 03:37:11 INFO mapreduce.Job: The url to track the job: http://localhost:8080/
26/03/02 03:37:11 INFO mapreduce.Job: Running job: job_local1015435547_0019
26/03/02 03:37:11 INFO mapred.LocalJobRunner: OutputCommitter set in config null
26/03/02 03:37:11 INFO output.FileOutputCommitter: File Output Committer Algorithm version is 1
26/03/02 03:37:11 INFO mapred.LocalJobRunner: OutputCommitter is org.apache.hadoop.mapreduce.lib.output.FileOutputCommitter
26/03/02 03:37:11 INFO mapred.LocalJobRunner: Waiting for map tasks
26/03/02 03:37:11 INFO mapred.LocalJobRunner: Starting task: attempt_local1015435547_0019_m_000000_0
26/03/02 03:37:11 INFO output.FileOutputCommitter: File Output Committer Algorithm version is 1
26/03/02 03:37:11 INFO mapred.Task:  Using ResourceCalculatorProcessTree : [ ]
26/03/02 03:37:11 INFO mapred.MapTask: Processing split: hdfs://localhost:9000/project2/task2/input/points_100k.csv:0+7337711
26/03/02 03:37:11 INFO mapred.MapTask: (EQUATOR) 0 kvi 26214396(104857584)
26/03/02 03:37:11 INFO mapred.MapTask: mapreduce.task.io.sort.mb: 100
26/03/02 03:37:11 INFO mapred.MapTask: soft limit at 83886080
26/03/02 03:37:11 INFO mapred.MapTask: bufstart = 0; bufvoid = 104857600
26/03/02 03:37:11 INFO mapred.MapTask: kvstart = 26214396; length = 6553600
26/03/02 03:37:11 INFO mapred.MapTask: Map output collector class = org.apache.hadoop.mapred.MapTask$MapOutputBuffer
26/03/02 03:37:11 INFO mapred.LocalJobRunner: 
26/03/02 03:37:11 INFO mapred.MapTask: Starting flush of map output
26/03/02 03:37:11 INFO mapred.MapTask: Spilling map output
26/03/02 03:37:11 INFO mapred.MapTask: bufstart = 0; bufend = 5200000; bufvoid = 104857600
26/03/02 03:37:11 INFO mapred.MapTask: kvstart = 26214396(104857584); kvend = 25814400(103257600); length = 399997/6553600
26/03/02 03:37:11 INFO mapred.MapTask: Finished spill 0
26/03/02 03:37:11 INFO mapred.Task: Task:attempt_local1015435547_0019_m_000000_0 is done. And is in the process of committing
26/03/02 03:37:11 INFO mapred.LocalJobRunner: map
26/03/02 03:37:11 INFO mapred.Task: Task 'attempt_local1015435547_0019_m_000000_0' done.
26/03/02 03:37:11 INFO mapred.Task: Final Counters for attempt_local1015435547_0019_m_000000_0: Counters: 22
	File System Counters
		FILE: Number of bytes read=197375884
		FILE: Number of bytes written=208172844
		FILE: Number of read operations=0
		FILE: Number of large read operations=0
		FILE: Number of write operations=0
		HDFS: Number of bytes read=139456453
		HDFS: Number of bytes written=16396
		HDFS: Number of read operations=1029
		HDFS: Number of large read operations=0
		HDFS: Number of write operations=330
	Map-Reduce Framework
		Map input records=100000
		Map output records=100000
		Map output bytes=5200000
		Map output materialized bytes=5400024
		Input split bytes=123
		Combine input records=0
		Spilled Records=100000
		Failed Shuffles=0
		Merged Map outputs=0
		GC time elapsed (ms)=2
		Total committed heap usage (bytes)=492306432
	File Input Format Counters 
		Bytes Read=7337711
26/03/02 03:37:11 INFO mapred.LocalJobRunner: Finishing task: attempt_local1015435547_0019_m_000000_0
26/03/02 03:37:11 INFO mapred.LocalJobRunner: map task executor complete.
26/03/02 03:37:11 INFO mapred.LocalJobRunner: Waiting for reduce tasks
26/03/02 03:37:11 INFO mapred.LocalJobRunner: Starting task: attempt_local1015435547_0019_r_000000_0
26/03/02 03:37:11 INFO output.FileOutputCommitter: File Output Committer Algorithm version is 1
26/03/02 03:37:11 INFO mapred.Task:  Using ResourceCalculatorProcessTree : [ ]
26/03/02 03:37:11 INFO mapred.ReduceTask: Using ShuffleConsumerPlugin: org.apache.hadoop.mapreduce.task.reduce.Shuffle@1e16d233
26/03/02 03:37:11 INFO reduce.MergeManagerImpl: MergerManager: memoryLimit=344614496, maxSingleShuffleLimit=86153624, mergeThreshold=227445584, ioSortFactor=10, memToMemMergeOutputsThreshold=10
26/03/02 03:37:11 INFO reduce.EventFetcher: attempt_local1015435547_0019_r_000000_0 Thread started: EventFetcher for fetching Map Completion Events
26/03/02 03:37:11 INFO reduce.LocalFetcher: localfetcher#73 about to shuffle output of map attempt_local1015435547_0019_m_000000_0 decomp: 2264654 len: 2264658 to MEMORY
26/03/02 03:37:11 INFO reduce.InMemoryMapOutput: Read 2264654 bytes from map-output for attempt_local1015435547_0019_m_000000_0
26/03/02 03:37:11 INFO reduce.MergeManagerImpl: closeInMemoryFile -> map-output of size: 2264654, inMemoryMapOutputs.size() -> 1, commitMemory -> 0, usedMemory ->2264654
26/03/02 03:37:11 INFO reduce.EventFetcher: EventFetcher is interrupted.. Returning
26/03/02 03:37:11 INFO mapred.LocalJobRunner: 1 / 1 copied.
26/03/02 03:37:11 INFO reduce.MergeManagerImpl: finalMerge called with 1 in-memory map-outputs and 0 on-disk map-outputs
26/03/02 03:37:11 INFO mapred.Merger: Merging 1 sorted segments
26/03/02 03:37:11 INFO mapred.Merger: Down to the last merge-pass, with 1 segments left of total size: 2264648 bytes
26/03/02 03:37:11 INFO reduce.MergeManagerImpl: Merged 1 segments, 2264654 bytes to disk to satisfy reduce memory limit
26/03/02 03:37:11 INFO reduce.MergeManagerImpl: Merging 1 files, 2264658 bytes from disk
26/03/02 03:37:11 INFO reduce.MergeManagerImpl: Merging 0 segments, 0 bytes from memory into reduce
26/03/02 03:37:11 INFO mapred.Merger: Merging 1 sorted segments
26/03/02 03:37:11 INFO mapred.Merger: Down to the last merge-pass, with 1 segments left of total size: 2264648 bytes
26/03/02 03:37:11 INFO mapred.LocalJobRunner: 1 / 1 copied.
26/03/02 03:37:11 INFO mapred.Task: Task:attempt_local1015435547_0019_r_000000_0 is done. And is in the process of committing
26/03/02 03:37:11 INFO mapred.LocalJobRunner: 1 / 1 copied.
26/03/02 03:37:11 INFO mapred.Task: Task attempt_local1015435547_0019_r_000000_0 is allowed to commit now
26/03/02 03:37:11 INFO output.FileOutputCommitter: Saved output of task 'attempt_local1015435547_0019_r_000000_0' to hdfs://localhost:9000/project2/task2/runs_report_plus/scale100k_basic/iter_19/_temporary/0/task_local1015435547_0019_r_000000
26/03/02 03:37:11 INFO mapred.LocalJobRunner: reduce > reduce
26/03/02 03:37:11 INFO mapred.Task: Task 'attempt_local1015435547_0019_r_000000_0' done.
26/03/02 03:37:11 INFO mapred.Task: Final Counters for attempt_local1015435547_0019_r_000000_0: Counters: 29
	File System Counters
		FILE: Number of bytes read=201909396
		FILE: Number of bytes written=210437502
		FILE: Number of read operations=0
		FILE: Number of large read operations=0
		FILE: Number of write operations=0
		HDFS: Number of bytes read=139456453
		HDFS: Number of bytes written=16604
		HDFS: Number of read operations=1032
		HDFS: Number of large read operations=0
		HDFS: Number of write operations=332
	Map-Reduce Framework
		Combine input records=0
		Combine output records=0
		Reduce input groups=2
		Reduce shuffle bytes=2264658
		Reduce input records=41938
		Reduce output records=2
		Spilled Records=41938
		Shuffled Maps =1
		Failed Shuffles=0
		Merged Map outputs=1
		GC time elapsed (ms)=0
		Total committed heap usage (bytes)=492306432
	Shuffle Errors
		BAD_ID=0
		CONNECTION=0
		IO_ERROR=0
		WRONG_LENGTH=0
		WRONG_MAP=0
		WRONG_REDUCE=0
	File Output Format Counters 
		Bytes Written=208
26/03/02 03:37:11 INFO mapred.LocalJobRunner: Finishing task: attempt_local1015435547_0019_r_000000_0
26/03/02 03:37:11 INFO mapred.LocalJobRunner: Starting task: attempt_local1015435547_0019_r_000001_0
26/03/02 03:37:11 INFO output.FileOutputCommitter: File Output Committer Algorithm version is 1
26/03/02 03:37:11 INFO mapred.Task:  Using ResourceCalculatorProcessTree : [ ]
26/03/02 03:37:11 INFO mapred.ReduceTask: Using ShuffleConsumerPlugin: org.apache.hadoop.mapreduce.task.reduce.Shuffle@79c3f2fe
26/03/02 03:37:11 INFO reduce.MergeManagerImpl: MergerManager: memoryLimit=344614496, maxSingleShuffleLimit=86153624, mergeThreshold=227445584, ioSortFactor=10, memToMemMergeOutputsThreshold=10
26/03/02 03:37:11 INFO reduce.EventFetcher: attempt_local1015435547_0019_r_000001_0 Thread started: EventFetcher for fetching Map Completion Events
26/03/02 03:37:11 INFO reduce.LocalFetcher: localfetcher#74 about to shuffle output of map attempt_local1015435547_0019_m_000000_0 decomp: 1070066 len: 1070070 to MEMORY
26/03/02 03:37:11 INFO reduce.InMemoryMapOutput: Read 1070066 bytes from map-output for attempt_local1015435547_0019_m_000000_0
26/03/02 03:37:11 INFO reduce.MergeManagerImpl: closeInMemoryFile -> map-output of size: 1070066, inMemoryMapOutputs.size() -> 1, commitMemory -> 0, usedMemory ->1070066
26/03/02 03:37:11 INFO reduce.EventFetcher: EventFetcher is interrupted.. Returning
26/03/02 03:37:11 INFO mapred.LocalJobRunner: 1 / 1 copied.
26/03/02 03:37:11 INFO reduce.MergeManagerImpl: finalMerge called with 1 in-memory map-outputs and 0 on-disk map-outputs
26/03/02 03:37:11 INFO mapred.Merger: Merging 1 sorted segments
26/03/02 03:37:11 INFO mapred.Merger: Down to the last merge-pass, with 1 segments left of total size: 1070060 bytes
26/03/02 03:37:11 INFO reduce.MergeManagerImpl: Merged 1 segments, 1070066 bytes to disk to satisfy reduce memory limit
26/03/02 03:37:11 INFO reduce.MergeManagerImpl: Merging 1 files, 1070070 bytes from disk
26/03/02 03:37:11 INFO reduce.MergeManagerImpl: Merging 0 segments, 0 bytes from memory into reduce
26/03/02 03:37:11 INFO mapred.Merger: Merging 1 sorted segments
26/03/02 03:37:11 INFO mapred.Merger: Down to the last merge-pass, with 1 segments left of total size: 1070060 bytes
26/03/02 03:37:11 INFO mapred.LocalJobRunner: 1 / 1 copied.
26/03/02 03:37:11 INFO mapred.Task: Task:attempt_local1015435547_0019_r_000001_0 is done. And is in the process of committing
26/03/02 03:37:11 INFO mapred.LocalJobRunner: 1 / 1 copied.
26/03/02 03:37:11 INFO mapred.Task: Task attempt_local1015435547_0019_r_000001_0 is allowed to commit now
26/03/02 03:37:11 INFO output.FileOutputCommitter: Saved output of task 'attempt_local1015435547_0019_r_000001_0' to hdfs://localhost:9000/project2/task2/runs_report_plus/scale100k_basic/iter_19/_temporary/0/task_local1015435547_0019_r_000001
26/03/02 03:37:11 INFO mapred.LocalJobRunner: reduce > reduce
26/03/02 03:37:11 INFO mapred.Task: Task 'attempt_local1015435547_0019_r_000001_0' done.
26/03/02 03:37:11 INFO mapred.Task: Final Counters for attempt_local1015435547_0019_r_000001_0: Counters: 29
	File System Counters
		FILE: Number of bytes read=204053732
		FILE: Number of bytes written=211507572
		FILE: Number of read operations=0
		FILE: Number of large read operations=0
		FILE: Number of write operations=0
		HDFS: Number of bytes read=139456453
		HDFS: Number of bytes written=16703
		HDFS: Number of read operations=1035
		HDFS: Number of large read operations=0
		HDFS: Number of write operations=334
	Map-Reduce Framework
		Combine input records=0
		Combine output records=0
		Reduce input groups=1
		Reduce shuffle bytes=1070070
		Reduce input records=19816
		Reduce output records=1
		Spilled Records=19816
		Shuffled Maps =1
		Failed Shuffles=0
		Merged Map outputs=1
		GC time elapsed (ms)=1
		Total committed heap usage (bytes)=492306432
	Shuffle Errors
		BAD_ID=0
		CONNECTION=0
		IO_ERROR=0
		WRONG_LENGTH=0
		WRONG_MAP=0
		WRONG_REDUCE=0
	File Output Format Counters 
		Bytes Written=99
26/03/02 03:37:11 INFO mapred.LocalJobRunner: Finishing task: attempt_local1015435547_0019_r_000001_0
26/03/02 03:37:11 INFO mapred.LocalJobRunner: Starting task: attempt_local1015435547_0019_r_000002_0
26/03/02 03:37:11 INFO output.FileOutputCommitter: File Output Committer Algorithm version is 1
26/03/02 03:37:11 INFO mapred.Task:  Using ResourceCalculatorProcessTree : [ ]
26/03/02 03:37:11 INFO mapred.ReduceTask: Using ShuffleConsumerPlugin: org.apache.hadoop.mapreduce.task.reduce.Shuffle@1b2fe8c
26/03/02 03:37:11 INFO reduce.MergeManagerImpl: MergerManager: memoryLimit=344614496, maxSingleShuffleLimit=86153624, mergeThreshold=227445584, ioSortFactor=10, memToMemMergeOutputsThreshold=10
26/03/02 03:37:11 INFO reduce.EventFetcher: attempt_local1015435547_0019_r_000002_0 Thread started: EventFetcher for fetching Map Completion Events
26/03/02 03:37:11 INFO reduce.LocalFetcher: localfetcher#75 about to shuffle output of map attempt_local1015435547_0019_m_000000_0 decomp: 863732 len: 863736 to MEMORY
26/03/02 03:37:11 INFO reduce.InMemoryMapOutput: Read 863732 bytes from map-output for attempt_local1015435547_0019_m_000000_0
26/03/02 03:37:11 INFO reduce.MergeManagerImpl: closeInMemoryFile -> map-output of size: 863732, inMemoryMapOutputs.size() -> 1, commitMemory -> 0, usedMemory ->863732
26/03/02 03:37:11 INFO reduce.EventFetcher: EventFetcher is interrupted.. Returning
26/03/02 03:37:11 INFO mapred.LocalJobRunner: 1 / 1 copied.
26/03/02 03:37:11 INFO reduce.MergeManagerImpl: finalMerge called with 1 in-memory map-outputs and 0 on-disk map-outputs
26/03/02 03:37:11 INFO mapred.Merger: Merging 1 sorted segments
26/03/02 03:37:11 INFO mapred.Merger: Down to the last merge-pass, with 1 segments left of total size: 863726 bytes
26/03/02 03:37:11 INFO reduce.MergeManagerImpl: Merged 1 segments, 863732 bytes to disk to satisfy reduce memory limit
26/03/02 03:37:11 INFO reduce.MergeManagerImpl: Merging 1 files, 863736 bytes from disk
26/03/02 03:37:11 INFO reduce.MergeManagerImpl: Merging 0 segments, 0 bytes from memory into reduce
26/03/02 03:37:11 INFO mapred.Merger: Merging 1 sorted segments
26/03/02 03:37:11 INFO mapred.Merger: Down to the last merge-pass, with 1 segments left of total size: 863726 bytes
26/03/02 03:37:11 INFO mapred.LocalJobRunner: 1 / 1 copied.
26/03/02 03:37:11 INFO mapred.Task: Task:attempt_local1015435547_0019_r_000002_0 is done. And is in the process of committing
26/03/02 03:37:11 INFO mapred.LocalJobRunner: 1 / 1 copied.
26/03/02 03:37:11 INFO mapred.Task: Task attempt_local1015435547_0019_r_000002_0 is allowed to commit now
26/03/02 03:37:11 INFO output.FileOutputCommitter: Saved output of task 'attempt_local1015435547_0019_r_000002_0' to hdfs://localhost:9000/project2/task2/runs_report_plus/scale100k_basic/iter_19/_temporary/0/task_local1015435547_0019_r_000002
26/03/02 03:37:11 INFO mapred.LocalJobRunner: reduce > reduce
26/03/02 03:37:11 INFO mapred.Task: Task 'attempt_local1015435547_0019_r_000002_0' done.
26/03/02 03:37:11 INFO mapred.Task: Final Counters for attempt_local1015435547_0019_r_000002_0: Counters: 29
	File System Counters
		FILE: Number of bytes read=205785400
		FILE: Number of bytes written=212371308
		FILE: Number of read operations=0
		FILE: Number of large read operations=0
		FILE: Number of write operations=0
		HDFS: Number of bytes read=139456453
		HDFS: Number of bytes written=16806
		HDFS: Number of read operations=1038
		HDFS: Number of large read operations=0
		HDFS: Number of write operations=336
	Map-Reduce Framework
		Combine input records=0
		Combine output records=0
		Reduce input groups=1
		Reduce shuffle bytes=863736
		Reduce input records=15995
		Reduce output records=1
		Spilled Records=15995
		Shuffled Maps =1
		Failed Shuffles=0
		Merged Map outputs=1
		GC time elapsed (ms)=0
		Total committed heap usage (bytes)=492306432
	Shuffle Errors
		BAD_ID=0
		CONNECTION=0
		IO_ERROR=0
		WRONG_LENGTH=0
		WRONG_MAP=0
		WRONG_REDUCE=0
	File Output Format Counters 
		Bytes Written=103
26/03/02 03:37:11 INFO mapred.LocalJobRunner: Finishing task: attempt_local1015435547_0019_r_000002_0
26/03/02 03:37:11 INFO mapred.LocalJobRunner: Starting task: attempt_local1015435547_0019_r_000003_0
26/03/02 03:37:11 INFO output.FileOutputCommitter: File Output Committer Algorithm version is 1
26/03/02 03:37:11 INFO mapred.Task:  Using ResourceCalculatorProcessTree : [ ]
26/03/02 03:37:11 INFO mapred.ReduceTask: Using ShuffleConsumerPlugin: org.apache.hadoop.mapreduce.task.reduce.Shuffle@57f18a31
26/03/02 03:37:11 INFO reduce.MergeManagerImpl: MergerManager: memoryLimit=344614496, maxSingleShuffleLimit=86153624, mergeThreshold=227445584, ioSortFactor=10, memToMemMergeOutputsThreshold=10
26/03/02 03:37:11 INFO reduce.EventFetcher: attempt_local1015435547_0019_r_000003_0 Thread started: EventFetcher for fetching Map Completion Events
26/03/02 03:37:11 INFO reduce.LocalFetcher: localfetcher#76 about to shuffle output of map attempt_local1015435547_0019_m_000000_0 decomp: 1201556 len: 1201560 to MEMORY
26/03/02 03:37:11 INFO reduce.InMemoryMapOutput: Read 1201556 bytes from map-output for attempt_local1015435547_0019_m_000000_0
26/03/02 03:37:11 INFO reduce.MergeManagerImpl: closeInMemoryFile -> map-output of size: 1201556, inMemoryMapOutputs.size() -> 1, commitMemory -> 0, usedMemory ->1201556
26/03/02 03:37:11 INFO reduce.EventFetcher: EventFetcher is interrupted.. Returning
26/03/02 03:37:11 INFO mapred.LocalJobRunner: 1 / 1 copied.
26/03/02 03:37:11 INFO reduce.MergeManagerImpl: finalMerge called with 1 in-memory map-outputs and 0 on-disk map-outputs
26/03/02 03:37:11 INFO mapred.Merger: Merging 1 sorted segments
26/03/02 03:37:11 INFO mapred.Merger: Down to the last merge-pass, with 1 segments left of total size: 1201550 bytes
26/03/02 03:37:11 INFO reduce.MergeManagerImpl: Merged 1 segments, 1201556 bytes to disk to satisfy reduce memory limit
26/03/02 03:37:11 INFO reduce.MergeManagerImpl: Merging 1 files, 1201560 bytes from disk
26/03/02 03:37:11 INFO reduce.MergeManagerImpl: Merging 0 segments, 0 bytes from memory into reduce
26/03/02 03:37:11 INFO mapred.Merger: Merging 1 sorted segments
26/03/02 03:37:11 INFO mapred.Merger: Down to the last merge-pass, with 1 segments left of total size: 1201550 bytes
26/03/02 03:37:11 INFO mapred.LocalJobRunner: 1 / 1 copied.
26/03/02 03:37:11 INFO mapred.Task: Task:attempt_local1015435547_0019_r_000003_0 is done. And is in the process of committing
26/03/02 03:37:11 INFO mapred.LocalJobRunner: 1 / 1 copied.
26/03/02 03:37:11 INFO mapred.Task: Task attempt_local1015435547_0019_r_000003_0 is allowed to commit now
26/03/02 03:37:11 INFO output.FileOutputCommitter: Saved output of task 'attempt_local1015435547_0019_r_000003_0' to hdfs://localhost:9000/project2/task2/runs_report_plus/scale100k_basic/iter_19/_temporary/0/task_local1015435547_0019_r_000003
26/03/02 03:37:11 INFO mapred.LocalJobRunner: reduce > reduce
26/03/02 03:37:11 INFO mapred.Task: Task 'attempt_local1015435547_0019_r_000003_0' done.
26/03/02 03:37:11 INFO mapred.Task: Final Counters for attempt_local1015435547_0019_r_000003_0: Counters: 29
	File System Counters
		FILE: Number of bytes read=208188624
		FILE: Number of bytes written=213572868
		FILE: Number of read operations=0
		FILE: Number of large read operations=0
		FILE: Number of write operations=0
		HDFS: Number of bytes read=139456453
		HDFS: Number of bytes written=16910
		HDFS: Number of read operations=1041
		HDFS: Number of large read operations=0
		HDFS: Number of write operations=338
	Map-Reduce Framework
		Combine input records=0
		Combine output records=0
		Reduce input groups=1
		Reduce shuffle bytes=1201560
		Reduce input records=22251
		Reduce output records=1
		Spilled Records=22251
		Shuffled Maps =1
		Failed Shuffles=0
		Merged Map outputs=1
		GC time elapsed (ms)=0
		Total committed heap usage (bytes)=492306432
	Shuffle Errors
		BAD_ID=0
		CONNECTION=0
		IO_ERROR=0
		WRONG_LENGTH=0
		WRONG_MAP=0
		WRONG_REDUCE=0
	File Output Format Counters 
		Bytes Written=104
26/03/02 03:37:11 INFO mapred.LocalJobRunner: Finishing task: attempt_local1015435547_0019_r_000003_0
26/03/02 03:37:11 INFO mapred.LocalJobRunner: reduce task executor complete.
26/03/02 03:37:12 INFO mapreduce.Job: Job job_local1015435547_0019 running in uber mode : false
26/03/02 03:37:12 INFO mapreduce.Job:  map 100% reduce 100%
26/03/02 03:37:12 INFO mapreduce.Job: Job job_local1015435547_0019 completed successfully
26/03/02 03:37:12 INFO mapreduce.Job: Counters: 35
	File System Counters
		FILE: Number of bytes read=1017313036
		FILE: Number of bytes written=1056062094
		FILE: Number of read operations=0
		FILE: Number of large read operations=0
		FILE: Number of write operations=0
		HDFS: Number of bytes read=697282265
		HDFS: Number of bytes written=83419
		HDFS: Number of read operations=5175
		HDFS: Number of large read operations=0
		HDFS: Number of write operations=1670
	Map-Reduce Framework
		Map input records=100000
		Map output records=100000
		Map output bytes=5200000
		Map output materialized bytes=5400024
		Input split bytes=123
		Combine input records=0
		Combine output records=0
		Reduce input groups=5
		Reduce shuffle bytes=5400024
		Reduce input records=100000
		Reduce output records=5
		Spilled Records=200000
		Shuffled Maps =4
		Failed Shuffles=0
		Merged Map outputs=4
		GC time elapsed (ms)=3
		Total committed heap usage (bytes)=2461532160
	Shuffle Errors
		BAD_ID=0
		CONNECTION=0
		IO_ERROR=0
		WRONG_LENGTH=0
		WRONG_MAP=0
		WRONG_REDUCE=0
	File Input Format Counters 
		Bytes Read=7337711
	File Output Format Counters 
		Bytes Written=514
26/03/02 03:37:12 INFO jvm.JvmMetrics: Cannot initialize JVM Metrics with processName=JobTracker, sessionId= - already initialized
26/03/02 03:37:12 WARN mapreduce.JobResourceUploader: Hadoop command-line option parsing not performed. Implement the Tool interface and execute your application with ToolRunner to remedy this.
26/03/02 03:37:12 INFO input.FileInputFormat: Total input paths to process : 1
26/03/02 03:37:12 INFO mapreduce.JobSubmitter: number of splits:1
26/03/02 03:37:12 INFO mapreduce.JobSubmitter: Submitting tokens for job: job_local1636784167_0020
26/03/02 03:37:12 INFO mapred.LocalDistributedCacheManager: Creating symlink: /tmp/hadoop-ds503/mapred/local/1772422632449/centers_iter_19.csv <- /home/ds503/centers_iter_19.csv
26/03/02 03:37:12 INFO mapred.LocalDistributedCacheManager: Localized hdfs://localhost:9000/project2/task2/runs_report_plus/scale100k_basic/centers_iter_19.csv as file:/tmp/hadoop-ds503/mapred/local/1772422632449/centers_iter_19.csv
26/03/02 03:37:12 INFO mapreduce.Job: The url to track the job: http://localhost:8080/
26/03/02 03:37:12 INFO mapreduce.Job: Running job: job_local1636784167_0020
26/03/02 03:37:12 INFO mapred.LocalJobRunner: OutputCommitter set in config null
26/03/02 03:37:12 INFO output.FileOutputCommitter: File Output Committer Algorithm version is 1
26/03/02 03:37:12 INFO mapred.LocalJobRunner: OutputCommitter is org.apache.hadoop.mapreduce.lib.output.FileOutputCommitter
26/03/02 03:37:12 INFO mapred.LocalJobRunner: Waiting for map tasks
26/03/02 03:37:12 INFO mapred.LocalJobRunner: Starting task: attempt_local1636784167_0020_m_000000_0
26/03/02 03:37:12 INFO output.FileOutputCommitter: File Output Committer Algorithm version is 1
26/03/02 03:37:12 INFO mapred.Task:  Using ResourceCalculatorProcessTree : [ ]
26/03/02 03:37:12 INFO mapred.MapTask: Processing split: hdfs://localhost:9000/project2/task2/input/points_100k.csv:0+7337711
26/03/02 03:37:12 INFO mapred.MapTask: (EQUATOR) 0 kvi 26214396(104857584)
26/03/02 03:37:12 INFO mapred.MapTask: mapreduce.task.io.sort.mb: 100
26/03/02 03:37:12 INFO mapred.MapTask: soft limit at 83886080
26/03/02 03:37:12 INFO mapred.MapTask: bufstart = 0; bufvoid = 104857600
26/03/02 03:37:12 INFO mapred.MapTask: kvstart = 26214396; length = 6553600
26/03/02 03:37:12 INFO mapred.MapTask: Map output collector class = org.apache.hadoop.mapred.MapTask$MapOutputBuffer
26/03/02 03:37:12 INFO mapred.LocalJobRunner: 
26/03/02 03:37:12 INFO mapred.MapTask: Starting flush of map output
26/03/02 03:37:12 INFO mapred.MapTask: Spilling map output
26/03/02 03:37:12 INFO mapred.MapTask: bufstart = 0; bufend = 5200000; bufvoid = 104857600
26/03/02 03:37:12 INFO mapred.MapTask: kvstart = 26214396(104857584); kvend = 25814400(103257600); length = 399997/6553600
26/03/02 03:37:12 INFO mapred.MapTask: Finished spill 0
26/03/02 03:37:12 INFO mapred.Task: Task:attempt_local1636784167_0020_m_000000_0 is done. And is in the process of committing
26/03/02 03:37:12 INFO mapred.LocalJobRunner: map
26/03/02 03:37:12 INFO mapred.Task: Task 'attempt_local1636784167_0020_m_000000_0' done.
26/03/02 03:37:12 INFO mapred.Task: Final Counters for attempt_local1636784167_0020_m_000000_0: Counters: 22
	File System Counters
		FILE: Number of bytes read=208333180
		FILE: Number of bytes written=219414276
		FILE: Number of read operations=0
		FILE: Number of large read operations=0
		FILE: Number of write operations=0
		HDFS: Number of bytes read=146796327
		HDFS: Number of bytes written=17288
		HDFS: Number of read operations=1085
		HDFS: Number of large read operations=0
		HDFS: Number of write operations=348
	Map-Reduce Framework
		Map input records=100000
		Map output records=100000
		Map output bytes=5200000
		Map output materialized bytes=5400024
		Input split bytes=123
		Combine input records=0
		Spilled Records=100000
		Failed Shuffles=0
		Merged Map outputs=0
		GC time elapsed (ms)=38
		Total committed heap usage (bytes)=493879296
	File Input Format Counters 
		Bytes Read=7337711
26/03/02 03:37:12 INFO mapred.LocalJobRunner: Finishing task: attempt_local1636784167_0020_m_000000_0
26/03/02 03:37:12 INFO mapred.LocalJobRunner: map task executor complete.
26/03/02 03:37:12 INFO mapred.LocalJobRunner: Waiting for reduce tasks
26/03/02 03:37:12 INFO mapred.LocalJobRunner: Starting task: attempt_local1636784167_0020_r_000000_0
26/03/02 03:37:12 INFO output.FileOutputCommitter: File Output Committer Algorithm version is 1
26/03/02 03:37:12 INFO mapred.Task:  Using ResourceCalculatorProcessTree : [ ]
26/03/02 03:37:12 INFO mapred.ReduceTask: Using ShuffleConsumerPlugin: org.apache.hadoop.mapreduce.task.reduce.Shuffle@2fcbd59f
26/03/02 03:37:12 INFO reduce.MergeManagerImpl: MergerManager: memoryLimit=345715488, maxSingleShuffleLimit=86428872, mergeThreshold=228172224, ioSortFactor=10, memToMemMergeOutputsThreshold=10
26/03/02 03:37:12 INFO reduce.EventFetcher: attempt_local1636784167_0020_r_000000_0 Thread started: EventFetcher for fetching Map Completion Events
26/03/02 03:37:12 INFO reduce.LocalFetcher: localfetcher#77 about to shuffle output of map attempt_local1636784167_0020_m_000000_0 decomp: 2256824 len: 2256828 to MEMORY
26/03/02 03:37:12 INFO reduce.InMemoryMapOutput: Read 2256824 bytes from map-output for attempt_local1636784167_0020_m_000000_0
26/03/02 03:37:12 INFO reduce.MergeManagerImpl: closeInMemoryFile -> map-output of size: 2256824, inMemoryMapOutputs.size() -> 1, commitMemory -> 0, usedMemory ->2256824
26/03/02 03:37:12 INFO reduce.EventFetcher: EventFetcher is interrupted.. Returning
26/03/02 03:37:12 INFO mapred.LocalJobRunner: 1 / 1 copied.
26/03/02 03:37:12 INFO reduce.MergeManagerImpl: finalMerge called with 1 in-memory map-outputs and 0 on-disk map-outputs
26/03/02 03:37:12 INFO mapred.Merger: Merging 1 sorted segments
26/03/02 03:37:12 INFO mapred.Merger: Down to the last merge-pass, with 1 segments left of total size: 2256818 bytes
26/03/02 03:37:12 INFO reduce.MergeManagerImpl: Merged 1 segments, 2256824 bytes to disk to satisfy reduce memory limit
26/03/02 03:37:12 INFO reduce.MergeManagerImpl: Merging 1 files, 2256828 bytes from disk
26/03/02 03:37:12 INFO reduce.MergeManagerImpl: Merging 0 segments, 0 bytes from memory into reduce
26/03/02 03:37:12 INFO mapred.Merger: Merging 1 sorted segments
26/03/02 03:37:12 INFO mapred.Merger: Down to the last merge-pass, with 1 segments left of total size: 2256818 bytes
26/03/02 03:37:12 INFO mapred.LocalJobRunner: 1 / 1 copied.
26/03/02 03:37:12 INFO mapred.Task: Task:attempt_local1636784167_0020_r_000000_0 is done. And is in the process of committing
26/03/02 03:37:12 INFO mapred.LocalJobRunner: 1 / 1 copied.
26/03/02 03:37:12 INFO mapred.Task: Task attempt_local1636784167_0020_r_000000_0 is allowed to commit now
26/03/02 03:37:12 INFO output.FileOutputCommitter: Saved output of task 'attempt_local1636784167_0020_r_000000_0' to hdfs://localhost:9000/project2/task2/runs_report_plus/scale100k_basic/iter_20/_temporary/0/task_local1636784167_0020_r_000000
26/03/02 03:37:12 INFO mapred.LocalJobRunner: reduce > reduce
26/03/02 03:37:12 INFO mapred.Task: Task 'attempt_local1636784167_0020_r_000000_0' done.
26/03/02 03:37:12 INFO mapred.Task: Final Counters for attempt_local1636784167_0020_r_000000_0: Counters: 29
	File System Counters
		FILE: Number of bytes read=212851032
		FILE: Number of bytes written=221671104
		FILE: Number of read operations=0
		FILE: Number of large read operations=0
		FILE: Number of write operations=0
		HDFS: Number of bytes read=146796327
		HDFS: Number of bytes written=17496
		HDFS: Number of read operations=1088
		HDFS: Number of large read operations=0
		HDFS: Number of write operations=350
	Map-Reduce Framework
		Combine input records=0
		Combine output records=0
		Reduce input groups=2
		Reduce shuffle bytes=2256828
		Reduce input records=41793
		Reduce output records=2
		Spilled Records=41793
		Shuffled Maps =1
		Failed Shuffles=0
		Merged Map outputs=1
		GC time elapsed (ms)=0
		Total committed heap usage (bytes)=493879296
	Shuffle Errors
		BAD_ID=0
		CONNECTION=0
		IO_ERROR=0
		WRONG_LENGTH=0
		WRONG_MAP=0
		WRONG_REDUCE=0
	File Output Format Counters 
		Bytes Written=208
26/03/02 03:37:12 INFO mapred.LocalJobRunner: Finishing task: attempt_local1636784167_0020_r_000000_0
26/03/02 03:37:12 INFO mapred.LocalJobRunner: Starting task: attempt_local1636784167_0020_r_000001_0
26/03/02 03:37:12 INFO output.FileOutputCommitter: File Output Committer Algorithm version is 1
26/03/02 03:37:12 INFO mapred.Task:  Using ResourceCalculatorProcessTree : [ ]
26/03/02 03:37:12 INFO mapred.ReduceTask: Using ShuffleConsumerPlugin: org.apache.hadoop.mapreduce.task.reduce.Shuffle@11a77299
26/03/02 03:37:12 INFO reduce.MergeManagerImpl: MergerManager: memoryLimit=345715488, maxSingleShuffleLimit=86428872, mergeThreshold=228172224, ioSortFactor=10, memToMemMergeOutputsThreshold=10
26/03/02 03:37:12 INFO reduce.EventFetcher: attempt_local1636784167_0020_r_000001_0 Thread started: EventFetcher for fetching Map Completion Events
26/03/02 03:37:12 INFO reduce.LocalFetcher: localfetcher#78 about to shuffle output of map attempt_local1636784167_0020_m_000000_0 decomp: 1072064 len: 1072068 to MEMORY
26/03/02 03:37:12 INFO reduce.InMemoryMapOutput: Read 1072064 bytes from map-output for attempt_local1636784167_0020_m_000000_0
26/03/02 03:37:12 INFO reduce.MergeManagerImpl: closeInMemoryFile -> map-output of size: 1072064, inMemoryMapOutputs.size() -> 1, commitMemory -> 0, usedMemory ->1072064
26/03/02 03:37:12 INFO reduce.EventFetcher: EventFetcher is interrupted.. Returning
26/03/02 03:37:12 INFO mapred.LocalJobRunner: 1 / 1 copied.
26/03/02 03:37:12 INFO reduce.MergeManagerImpl: finalMerge called with 1 in-memory map-outputs and 0 on-disk map-outputs
26/03/02 03:37:12 INFO mapred.Merger: Merging 1 sorted segments
26/03/02 03:37:12 INFO mapred.Merger: Down to the last merge-pass, with 1 segments left of total size: 1072058 bytes
26/03/02 03:37:12 INFO reduce.MergeManagerImpl: Merged 1 segments, 1072064 bytes to disk to satisfy reduce memory limit
26/03/02 03:37:12 INFO reduce.MergeManagerImpl: Merging 1 files, 1072068 bytes from disk
26/03/02 03:37:12 INFO reduce.MergeManagerImpl: Merging 0 segments, 0 bytes from memory into reduce
26/03/02 03:37:12 INFO mapred.Merger: Merging 1 sorted segments
26/03/02 03:37:12 INFO mapred.Merger: Down to the last merge-pass, with 1 segments left of total size: 1072058 bytes
26/03/02 03:37:12 INFO mapred.LocalJobRunner: 1 / 1 copied.
26/03/02 03:37:12 INFO mapred.Task: Task:attempt_local1636784167_0020_r_000001_0 is done. And is in the process of committing
26/03/02 03:37:12 INFO mapred.LocalJobRunner: 1 / 1 copied.
26/03/02 03:37:12 INFO mapred.Task: Task attempt_local1636784167_0020_r_000001_0 is allowed to commit now
26/03/02 03:37:12 INFO output.FileOutputCommitter: Saved output of task 'attempt_local1636784167_0020_r_000001_0' to hdfs://localhost:9000/project2/task2/runs_report_plus/scale100k_basic/iter_20/_temporary/0/task_local1636784167_0020_r_000001
26/03/02 03:37:12 INFO mapred.LocalJobRunner: reduce > reduce
26/03/02 03:37:12 INFO mapred.Task: Task 'attempt_local1636784167_0020_r_000001_0' done.
26/03/02 03:37:12 INFO mapred.Task: Final Counters for attempt_local1636784167_0020_r_000001_0: Counters: 29
	File System Counters
		FILE: Number of bytes read=214999364
		FILE: Number of bytes written=222743172
		FILE: Number of read operations=0
		FILE: Number of large read operations=0
		FILE: Number of write operations=0
		HDFS: Number of bytes read=146796327
		HDFS: Number of bytes written=17597
		HDFS: Number of read operations=1091
		HDFS: Number of large read operations=0
		HDFS: Number of write operations=352
	Map-Reduce Framework
		Combine input records=0
		Combine output records=0
		Reduce input groups=1
		Reduce shuffle bytes=1072068
		Reduce input records=19853
		Reduce output records=1
		Spilled Records=19853
		Shuffled Maps =1
		Failed Shuffles=0
		Merged Map outputs=1
		GC time elapsed (ms)=0
		Total committed heap usage (bytes)=493879296
	Shuffle Errors
		BAD_ID=0
		CONNECTION=0
		IO_ERROR=0
		WRONG_LENGTH=0
		WRONG_MAP=0
		WRONG_REDUCE=0
	File Output Format Counters 
		Bytes Written=101
26/03/02 03:37:12 INFO mapred.LocalJobRunner: Finishing task: attempt_local1636784167_0020_r_000001_0
26/03/02 03:37:12 INFO mapred.LocalJobRunner: Starting task: attempt_local1636784167_0020_r_000002_0
26/03/02 03:37:12 INFO output.FileOutputCommitter: File Output Committer Algorithm version is 1
26/03/02 03:37:12 INFO mapred.Task:  Using ResourceCalculatorProcessTree : [ ]
26/03/02 03:37:12 INFO mapred.ReduceTask: Using ShuffleConsumerPlugin: org.apache.hadoop.mapreduce.task.reduce.Shuffle@69670a3f
26/03/02 03:37:12 INFO reduce.MergeManagerImpl: MergerManager: memoryLimit=345715488, maxSingleShuffleLimit=86428872, mergeThreshold=228172224, ioSortFactor=10, memToMemMergeOutputsThreshold=10
26/03/02 03:37:12 INFO reduce.EventFetcher: attempt_local1636784167_0020_r_000002_0 Thread started: EventFetcher for fetching Map Completion Events
26/03/02 03:37:12 INFO reduce.LocalFetcher: localfetcher#79 about to shuffle output of map attempt_local1636784167_0020_m_000000_0 decomp: 882470 len: 882474 to MEMORY
26/03/02 03:37:12 INFO reduce.InMemoryMapOutput: Read 882470 bytes from map-output for attempt_local1636784167_0020_m_000000_0
26/03/02 03:37:12 INFO reduce.MergeManagerImpl: closeInMemoryFile -> map-output of size: 882470, inMemoryMapOutputs.size() -> 1, commitMemory -> 0, usedMemory ->882470
26/03/02 03:37:12 INFO reduce.EventFetcher: EventFetcher is interrupted.. Returning
26/03/02 03:37:12 INFO mapred.LocalJobRunner: 1 / 1 copied.
26/03/02 03:37:12 INFO reduce.MergeManagerImpl: finalMerge called with 1 in-memory map-outputs and 0 on-disk map-outputs
26/03/02 03:37:12 INFO mapred.Merger: Merging 1 sorted segments
26/03/02 03:37:12 INFO mapred.Merger: Down to the last merge-pass, with 1 segments left of total size: 882464 bytes
26/03/02 03:37:12 INFO reduce.MergeManagerImpl: Merged 1 segments, 882470 bytes to disk to satisfy reduce memory limit
26/03/02 03:37:12 INFO reduce.MergeManagerImpl: Merging 1 files, 882474 bytes from disk
26/03/02 03:37:12 INFO reduce.MergeManagerImpl: Merging 0 segments, 0 bytes from memory into reduce
26/03/02 03:37:12 INFO mapred.Merger: Merging 1 sorted segments
26/03/02 03:37:12 INFO mapred.Merger: Down to the last merge-pass, with 1 segments left of total size: 882464 bytes
26/03/02 03:37:12 INFO mapred.LocalJobRunner: 1 / 1 copied.
26/03/02 03:37:13 INFO mapred.Task: Task:attempt_local1636784167_0020_r_000002_0 is done. And is in the process of committing
26/03/02 03:37:13 INFO mapred.LocalJobRunner: 1 / 1 copied.
26/03/02 03:37:13 INFO mapred.Task: Task attempt_local1636784167_0020_r_000002_0 is allowed to commit now
26/03/02 03:37:13 INFO output.FileOutputCommitter: Saved output of task 'attempt_local1636784167_0020_r_000002_0' to hdfs://localhost:9000/project2/task2/runs_report_plus/scale100k_basic/iter_20/_temporary/0/task_local1636784167_0020_r_000002
26/03/02 03:37:13 INFO mapred.LocalJobRunner: reduce > reduce
26/03/02 03:37:13 INFO mapred.Task: Task 'attempt_local1636784167_0020_r_000002_0' done.
26/03/02 03:37:13 INFO mapred.Task: Final Counters for attempt_local1636784167_0020_r_000002_0: Counters: 29
	File System Counters
		FILE: Number of bytes read=216768508
		FILE: Number of bytes written=223625646
		FILE: Number of read operations=0
		FILE: Number of large read operations=0
		FILE: Number of write operations=0
		HDFS: Number of bytes read=146796327
		HDFS: Number of bytes written=17701
		HDFS: Number of read operations=1094
		HDFS: Number of large read operations=0
		HDFS: Number of write operations=354
	Map-Reduce Framework
		Combine input records=0
		Combine output records=0
		Reduce input groups=1
		Reduce shuffle bytes=882474
		Reduce input records=16342
		Reduce output records=1
		Spilled Records=16342
		Shuffled Maps =1
		Failed Shuffles=0
		Merged Map outputs=1
		GC time elapsed (ms)=0
		Total committed heap usage (bytes)=493879296
	Shuffle Errors
		BAD_ID=0
		CONNECTION=0
		IO_ERROR=0
		WRONG_LENGTH=0
		WRONG_MAP=0
		WRONG_REDUCE=0
	File Output Format Counters 
		Bytes Written=104
26/03/02 03:37:13 INFO mapred.LocalJobRunner: Finishing task: attempt_local1636784167_0020_r_000002_0
26/03/02 03:37:13 INFO mapred.LocalJobRunner: Starting task: attempt_local1636784167_0020_r_000003_0
26/03/02 03:37:13 INFO output.FileOutputCommitter: File Output Committer Algorithm version is 1
26/03/02 03:37:13 INFO mapred.Task:  Using ResourceCalculatorProcessTree : [ ]
26/03/02 03:37:13 INFO mapred.ReduceTask: Using ShuffleConsumerPlugin: org.apache.hadoop.mapreduce.task.reduce.Shuffle@2a875242
26/03/02 03:37:13 INFO reduce.MergeManagerImpl: MergerManager: memoryLimit=345715488, maxSingleShuffleLimit=86428872, mergeThreshold=228172224, ioSortFactor=10, memToMemMergeOutputsThreshold=10
26/03/02 03:37:13 INFO reduce.EventFetcher: attempt_local1636784167_0020_r_000003_0 Thread started: EventFetcher for fetching Map Completion Events
26/03/02 03:37:13 INFO reduce.LocalFetcher: localfetcher#80 about to shuffle output of map attempt_local1636784167_0020_m_000000_0 decomp: 1188650 len: 1188654 to MEMORY
26/03/02 03:37:13 INFO reduce.InMemoryMapOutput: Read 1188650 bytes from map-output for attempt_local1636784167_0020_m_000000_0
26/03/02 03:37:13 INFO reduce.MergeManagerImpl: closeInMemoryFile -> map-output of size: 1188650, inMemoryMapOutputs.size() -> 1, commitMemory -> 0, usedMemory ->1188650
26/03/02 03:37:13 INFO reduce.EventFetcher: EventFetcher is interrupted.. Returning
26/03/02 03:37:13 INFO mapred.LocalJobRunner: 1 / 1 copied.
26/03/02 03:37:13 INFO reduce.MergeManagerImpl: finalMerge called with 1 in-memory map-outputs and 0 on-disk map-outputs
26/03/02 03:37:13 INFO mapred.Merger: Merging 1 sorted segments
26/03/02 03:37:13 INFO mapred.Merger: Down to the last merge-pass, with 1 segments left of total size: 1188644 bytes
26/03/02 03:37:13 INFO reduce.MergeManagerImpl: Merged 1 segments, 1188650 bytes to disk to satisfy reduce memory limit
26/03/02 03:37:13 INFO reduce.MergeManagerImpl: Merging 1 files, 1188654 bytes from disk
26/03/02 03:37:13 INFO reduce.MergeManagerImpl: Merging 0 segments, 0 bytes from memory into reduce
26/03/02 03:37:13 INFO mapred.Merger: Merging 1 sorted segments
26/03/02 03:37:13 INFO mapred.Merger: Down to the last merge-pass, with 1 segments left of total size: 1188644 bytes
26/03/02 03:37:13 INFO mapred.LocalJobRunner: 1 / 1 copied.
26/03/02 03:37:13 INFO mapred.Task: Task:attempt_local1636784167_0020_r_000003_0 is done. And is in the process of committing
26/03/02 03:37:13 INFO mapred.LocalJobRunner: 1 / 1 copied.
26/03/02 03:37:13 INFO mapred.Task: Task attempt_local1636784167_0020_r_000003_0 is allowed to commit now
26/03/02 03:37:13 INFO output.FileOutputCommitter: Saved output of task 'attempt_local1636784167_0020_r_000003_0' to hdfs://localhost:9000/project2/task2/runs_report_plus/scale100k_basic/iter_20/_temporary/0/task_local1636784167_0020_r_000003
26/03/02 03:37:13 INFO mapred.LocalJobRunner: reduce > reduce
26/03/02 03:37:13 INFO mapred.Task: Task 'attempt_local1636784167_0020_r_000003_0' done.
26/03/02 03:37:13 INFO mapred.Task: Final Counters for attempt_local1636784167_0020_r_000003_0: Counters: 29
	File System Counters
		FILE: Number of bytes read=219145920
		FILE: Number of bytes written=224814300
		FILE: Number of read operations=0
		FILE: Number of large read operations=0
		FILE: Number of write operations=0
		HDFS: Number of bytes read=146796327
		HDFS: Number of bytes written=17805
		HDFS: Number of read operations=1097
		HDFS: Number of large read operations=0
		HDFS: Number of write operations=356
	Map-Reduce Framework
		Combine input records=0
		Combine output records=0
		Reduce input groups=1
		Reduce shuffle bytes=1188654
		Reduce input records=22012
		Reduce output records=1
		Spilled Records=22012
		Shuffled Maps =1
		Failed Shuffles=0
		Merged Map outputs=1
		GC time elapsed (ms)=0
		Total committed heap usage (bytes)=493879296
	Shuffle Errors
		BAD_ID=0
		CONNECTION=0
		IO_ERROR=0
		WRONG_LENGTH=0
		WRONG_MAP=0
		WRONG_REDUCE=0
	File Output Format Counters 
		Bytes Written=104
26/03/02 03:37:13 INFO mapred.LocalJobRunner: Finishing task: attempt_local1636784167_0020_r_000003_0
26/03/02 03:37:13 INFO mapred.LocalJobRunner: reduce task executor complete.
26/03/02 03:37:13 INFO mapreduce.Job: Job job_local1636784167_0020 running in uber mode : false
26/03/02 03:37:13 INFO mapreduce.Job:  map 100% reduce 100%
26/03/02 03:37:13 INFO mapreduce.Job: Job job_local1636784167_0020 completed successfully
26/03/02 03:37:13 INFO mapreduce.Job: Counters: 35
	File System Counters
		FILE: Number of bytes read=1072098004
		FILE: Number of bytes written=1112268498
		FILE: Number of read operations=0
		FILE: Number of large read operations=0
		FILE: Number of write operations=0
		HDFS: Number of bytes read=733981635
		HDFS: Number of bytes written=87887
		HDFS: Number of read operations=5455
		HDFS: Number of large read operations=0
		HDFS: Number of write operations=1760
	Map-Reduce Framework
		Map input records=100000
		Map output records=100000
		Map output bytes=5200000
		Map output materialized bytes=5400024
		Input split bytes=123
		Combine input records=0
		Combine output records=0
		Reduce input groups=5
		Reduce shuffle bytes=5400024
		Reduce input records=100000
		Reduce output records=5
		Spilled Records=200000
		Shuffled Maps =4
		Failed Shuffles=0
		Merged Map outputs=4
		GC time elapsed (ms)=38
		Total committed heap usage (bytes)=2469396480
	Shuffle Errors
		BAD_ID=0
		CONNECTION=0
		IO_ERROR=0
		WRONG_LENGTH=0
		WRONG_MAP=0
		WRONG_REDUCE=0
	File Input Format Counters 
		Bytes Read=7337711
	File Output Format Counters 
		Bytes Written=517
Done. mode=BASIC, rounds=20, converged=false
