26/03/02 03:40:50 INFO Configuration.deprecation: session.id is deprecated. Instead, use dfs.metrics.session-id
26/03/02 03:40:50 INFO jvm.JvmMetrics: Initializing JVM Metrics with processName=JobTracker, sessionId=
26/03/02 03:40:50 WARN mapreduce.JobResourceUploader: Hadoop command-line option parsing not performed. Implement the Tool interface and execute your application with ToolRunner to remedy this.
26/03/02 03:40:50 INFO input.FileInputFormat: Total input paths to process : 1
26/03/02 03:40:50 INFO mapreduce.JobSubmitter: number of splits:1
26/03/02 03:40:50 INFO mapreduce.JobSubmitter: Submitting tokens for job: job_local917146494_0001
26/03/02 03:40:50 INFO mapred.LocalDistributedCacheManager: Creating symlink: /tmp/hadoop-ds503/mapred/local/1772422850385/centers_initial.csv <- /home/ds503/centers_initial.csv
26/03/02 03:40:50 INFO mapred.LocalDistributedCacheManager: Localized hdfs://localhost:9000/project2/task2/runs_report_plus/scale500k_opt/centers_initial.csv as file:/tmp/hadoop-ds503/mapred/local/1772422850385/centers_initial.csv
26/03/02 03:40:50 INFO mapreduce.Job: The url to track the job: http://localhost:8080/
26/03/02 03:40:50 INFO mapreduce.Job: Running job: job_local917146494_0001
26/03/02 03:40:50 INFO mapred.LocalJobRunner: OutputCommitter set in config null
26/03/02 03:40:50 INFO output.FileOutputCommitter: File Output Committer Algorithm version is 1
26/03/02 03:40:50 INFO mapred.LocalJobRunner: OutputCommitter is org.apache.hadoop.mapreduce.lib.output.FileOutputCommitter
26/03/02 03:40:50 INFO mapred.LocalJobRunner: Waiting for map tasks
26/03/02 03:40:50 INFO mapred.LocalJobRunner: Starting task: attempt_local917146494_0001_m_000000_0
26/03/02 03:40:50 INFO output.FileOutputCommitter: File Output Committer Algorithm version is 1
26/03/02 03:40:50 INFO mapred.Task:  Using ResourceCalculatorProcessTree : [ ]
26/03/02 03:40:50 INFO mapred.MapTask: Processing split: hdfs://localhost:9000/project2/task2/input/points_500k.csv:0+36688385
26/03/02 03:40:50 INFO mapred.MapTask: (EQUATOR) 0 kvi 26214396(104857584)
26/03/02 03:40:50 INFO mapred.MapTask: mapreduce.task.io.sort.mb: 100
26/03/02 03:40:50 INFO mapred.MapTask: soft limit at 83886080
26/03/02 03:40:50 INFO mapred.MapTask: bufstart = 0; bufvoid = 104857600
26/03/02 03:40:50 INFO mapred.MapTask: kvstart = 26214396; length = 6553600
26/03/02 03:40:50 INFO mapred.MapTask: Map output collector class = org.apache.hadoop.mapred.MapTask$MapOutputBuffer
26/03/02 03:40:51 INFO mapred.LocalJobRunner: 
26/03/02 03:40:51 INFO mapred.MapTask: Starting flush of map output
26/03/02 03:40:51 INFO mapred.MapTask: Spilling map output
26/03/02 03:40:51 INFO mapred.MapTask: bufstart = 0; bufend = 26000000; bufvoid = 104857600
26/03/02 03:40:51 INFO mapred.MapTask: kvstart = 26214396(104857584); kvend = 24214400(96857600); length = 1999997/6553600
26/03/02 03:40:51 INFO mapreduce.Job: Job job_local917146494_0001 running in uber mode : false
26/03/02 03:40:51 INFO mapreduce.Job:  map 0% reduce 0%
26/03/02 03:40:51 INFO mapred.MapTask: Finished spill 0
26/03/02 03:40:51 INFO mapred.Task: Task:attempt_local917146494_0001_m_000000_0 is done. And is in the process of committing
26/03/02 03:40:51 INFO mapred.LocalJobRunner: map
26/03/02 03:40:51 INFO mapred.Task: Task 'attempt_local917146494_0001_m_000000_0' done.
26/03/02 03:40:51 INFO mapred.Task: Final Counters for attempt_local917146494_0001_m_000000_0: Counters: 23
	File System Counters
		FILE: Number of bytes read=144557
		FILE: Number of bytes written=440502
		FILE: Number of read operations=0
		FILE: Number of large read operations=0
		FILE: Number of write operations=0
		HDFS: Number of bytes read=36689522
		HDFS: Number of bytes written=379
		HDFS: Number of read operations=21
		HDFS: Number of large read operations=0
		HDFS: Number of write operations=6
	Map-Reduce Framework
		Map input records=500000
		Map output records=500000
		Map output bytes=26000000
		Map output materialized bytes=294
		Input split bytes=123
		Combine input records=500000
		Combine output records=5
		Spilled Records=5
		Failed Shuffles=0
		Merged Map outputs=0
		GC time elapsed (ms)=19
		Total committed heap usage (bytes)=324534272
	File Input Format Counters 
		Bytes Read=36688385
26/03/02 03:40:51 INFO mapred.LocalJobRunner: Finishing task: attempt_local917146494_0001_m_000000_0
26/03/02 03:40:51 INFO mapred.LocalJobRunner: map task executor complete.
26/03/02 03:40:51 INFO mapred.LocalJobRunner: Waiting for reduce tasks
26/03/02 03:40:51 INFO mapred.LocalJobRunner: Starting task: attempt_local917146494_0001_r_000000_0
26/03/02 03:40:51 INFO output.FileOutputCommitter: File Output Committer Algorithm version is 1
26/03/02 03:40:51 INFO mapred.Task:  Using ResourceCalculatorProcessTree : [ ]
26/03/02 03:40:51 INFO mapred.ReduceTask: Using ShuffleConsumerPlugin: org.apache.hadoop.mapreduce.task.reduce.Shuffle@2ba4e01e
26/03/02 03:40:51 INFO reduce.MergeManagerImpl: MergerManager: memoryLimit=334338464, maxSingleShuffleLimit=83584616, mergeThreshold=220663392, ioSortFactor=10, memToMemMergeOutputsThreshold=10
26/03/02 03:40:51 INFO reduce.EventFetcher: attempt_local917146494_0001_r_000000_0 Thread started: EventFetcher for fetching Map Completion Events
26/03/02 03:40:51 INFO reduce.LocalFetcher: localfetcher#1 about to shuffle output of map attempt_local917146494_0001_m_000000_0 decomp: 110 len: 114 to MEMORY
26/03/02 03:40:51 INFO reduce.InMemoryMapOutput: Read 110 bytes from map-output for attempt_local917146494_0001_m_000000_0
26/03/02 03:40:51 INFO reduce.MergeManagerImpl: closeInMemoryFile -> map-output of size: 110, inMemoryMapOutputs.size() -> 1, commitMemory -> 0, usedMemory ->110
26/03/02 03:40:51 INFO reduce.EventFetcher: EventFetcher is interrupted.. Returning
26/03/02 03:40:51 INFO mapred.LocalJobRunner: 1 / 1 copied.
26/03/02 03:40:51 INFO reduce.MergeManagerImpl: finalMerge called with 1 in-memory map-outputs and 0 on-disk map-outputs
26/03/02 03:40:51 INFO mapred.Merger: Merging 1 sorted segments
26/03/02 03:40:51 INFO mapred.Merger: Down to the last merge-pass, with 1 segments left of total size: 104 bytes
26/03/02 03:40:51 INFO reduce.MergeManagerImpl: Merged 1 segments, 110 bytes to disk to satisfy reduce memory limit
26/03/02 03:40:51 INFO reduce.MergeManagerImpl: Merging 1 files, 114 bytes from disk
26/03/02 03:40:51 INFO reduce.MergeManagerImpl: Merging 0 segments, 0 bytes from memory into reduce
26/03/02 03:40:51 INFO mapred.Merger: Merging 1 sorted segments
26/03/02 03:40:51 INFO mapred.Merger: Down to the last merge-pass, with 1 segments left of total size: 104 bytes
26/03/02 03:40:51 INFO mapred.LocalJobRunner: 1 / 1 copied.
26/03/02 03:40:51 INFO Configuration.deprecation: mapred.skip.on is deprecated. Instead, use mapreduce.job.skiprecords
26/03/02 03:40:51 INFO mapred.Task: Task:attempt_local917146494_0001_r_000000_0 is done. And is in the process of committing
26/03/02 03:40:51 INFO mapred.LocalJobRunner: 1 / 1 copied.
26/03/02 03:40:51 INFO mapred.Task: Task attempt_local917146494_0001_r_000000_0 is allowed to commit now
26/03/02 03:40:51 INFO output.FileOutputCommitter: Saved output of task 'attempt_local917146494_0001_r_000000_0' to hdfs://localhost:9000/project2/task2/runs_report_plus/scale500k_opt/iter_1/_temporary/0/task_local917146494_0001_r_000000
26/03/02 03:40:51 INFO mapred.LocalJobRunner: reduce > reduce
26/03/02 03:40:51 INFO mapred.Task: Task 'attempt_local917146494_0001_r_000000_0' done.
26/03/02 03:40:51 INFO mapred.Task: Final Counters for attempt_local917146494_0001_r_000000_0: Counters: 29
	File System Counters
		FILE: Number of bytes read=145069
		FILE: Number of bytes written=440616
		FILE: Number of read operations=0
		FILE: Number of large read operations=0
		FILE: Number of write operations=0
		HDFS: Number of bytes read=36689522
		HDFS: Number of bytes written=585
		HDFS: Number of read operations=24
		HDFS: Number of large read operations=0
		HDFS: Number of write operations=8
	Map-Reduce Framework
		Combine input records=0
		Combine output records=0
		Reduce input groups=2
		Reduce shuffle bytes=114
		Reduce input records=2
		Reduce output records=2
		Spilled Records=2
		Shuffled Maps =1
		Failed Shuffles=0
		Merged Map outputs=1
		GC time elapsed (ms)=2
		Total committed heap usage (bytes)=323485696
	Shuffle Errors
		BAD_ID=0
		CONNECTION=0
		IO_ERROR=0
		WRONG_LENGTH=0
		WRONG_MAP=0
		WRONG_REDUCE=0
	File Output Format Counters 
		Bytes Written=206
26/03/02 03:40:51 INFO mapred.LocalJobRunner: Finishing task: attempt_local917146494_0001_r_000000_0
26/03/02 03:40:51 INFO mapred.LocalJobRunner: Starting task: attempt_local917146494_0001_r_000001_0
26/03/02 03:40:51 INFO output.FileOutputCommitter: File Output Committer Algorithm version is 1
26/03/02 03:40:51 INFO mapred.Task:  Using ResourceCalculatorProcessTree : [ ]
26/03/02 03:40:51 INFO mapred.ReduceTask: Using ShuffleConsumerPlugin: org.apache.hadoop.mapreduce.task.reduce.Shuffle@59164be6
26/03/02 03:40:51 INFO reduce.MergeManagerImpl: MergerManager: memoryLimit=334338464, maxSingleShuffleLimit=83584616, mergeThreshold=220663392, ioSortFactor=10, memToMemMergeOutputsThreshold=10
26/03/02 03:40:51 INFO reduce.EventFetcher: attempt_local917146494_0001_r_000001_0 Thread started: EventFetcher for fetching Map Completion Events
26/03/02 03:40:51 INFO reduce.LocalFetcher: localfetcher#2 about to shuffle output of map attempt_local917146494_0001_m_000000_0 decomp: 56 len: 60 to MEMORY
26/03/02 03:40:51 INFO reduce.InMemoryMapOutput: Read 56 bytes from map-output for attempt_local917146494_0001_m_000000_0
26/03/02 03:40:51 INFO reduce.MergeManagerImpl: closeInMemoryFile -> map-output of size: 56, inMemoryMapOutputs.size() -> 1, commitMemory -> 0, usedMemory ->56
26/03/02 03:40:51 INFO reduce.EventFetcher: EventFetcher is interrupted.. Returning
26/03/02 03:40:51 WARN io.ReadaheadPool: Failed readahead on ifile
EBADF: Bad file descriptor
	at org.apache.hadoop.io.nativeio.NativeIO$POSIX.posix_fadvise(Native Method)
	at org.apache.hadoop.io.nativeio.NativeIO$POSIX.posixFadviseIfPossible(NativeIO.java:267)
	at org.apache.hadoop.io.nativeio.NativeIO$POSIX$CacheManipulator.posixFadviseIfPossible(NativeIO.java:146)
	at org.apache.hadoop.io.ReadaheadPool$ReadaheadRequestImpl.run(ReadaheadPool.java:206)
	at java.util.concurrent.ThreadPoolExecutor.runWorker(ThreadPoolExecutor.java:1149)
	at java.util.concurrent.ThreadPoolExecutor$Worker.run(ThreadPoolExecutor.java:624)
	at java.lang.Thread.run(Thread.java:748)
26/03/02 03:40:51 INFO mapred.LocalJobRunner: 1 / 1 copied.
26/03/02 03:40:51 INFO reduce.MergeManagerImpl: finalMerge called with 1 in-memory map-outputs and 0 on-disk map-outputs
26/03/02 03:40:51 INFO mapred.Merger: Merging 1 sorted segments
26/03/02 03:40:51 INFO mapred.Merger: Down to the last merge-pass, with 1 segments left of total size: 50 bytes
26/03/02 03:40:51 INFO reduce.MergeManagerImpl: Merged 1 segments, 56 bytes to disk to satisfy reduce memory limit
26/03/02 03:40:51 INFO reduce.MergeManagerImpl: Merging 1 files, 60 bytes from disk
26/03/02 03:40:51 INFO reduce.MergeManagerImpl: Merging 0 segments, 0 bytes from memory into reduce
26/03/02 03:40:51 INFO mapred.Merger: Merging 1 sorted segments
26/03/02 03:40:51 INFO mapred.Merger: Down to the last merge-pass, with 1 segments left of total size: 50 bytes
26/03/02 03:40:51 INFO mapred.LocalJobRunner: 1 / 1 copied.
26/03/02 03:40:51 INFO mapred.Task: Task:attempt_local917146494_0001_r_000001_0 is done. And is in the process of committing
26/03/02 03:40:51 INFO mapred.LocalJobRunner: 1 / 1 copied.
26/03/02 03:40:51 INFO mapred.Task: Task attempt_local917146494_0001_r_000001_0 is allowed to commit now
26/03/02 03:40:51 INFO output.FileOutputCommitter: Saved output of task 'attempt_local917146494_0001_r_000001_0' to hdfs://localhost:9000/project2/task2/runs_report_plus/scale500k_opt/iter_1/_temporary/0/task_local917146494_0001_r_000001
26/03/02 03:40:51 INFO mapred.LocalJobRunner: reduce > reduce
26/03/02 03:40:51 INFO mapred.Task: Task 'attempt_local917146494_0001_r_000001_0' done.
26/03/02 03:40:51 INFO mapred.Task: Final Counters for attempt_local917146494_0001_r_000001_0: Counters: 29
	File System Counters
		FILE: Number of bytes read=145413
		FILE: Number of bytes written=440676
		FILE: Number of read operations=0
		FILE: Number of large read operations=0
		FILE: Number of write operations=0
		HDFS: Number of bytes read=36689522
		HDFS: Number of bytes written=687
		HDFS: Number of read operations=27
		HDFS: Number of large read operations=0
		HDFS: Number of write operations=10
	Map-Reduce Framework
		Combine input records=0
		Combine output records=0
		Reduce input groups=1
		Reduce shuffle bytes=60
		Reduce input records=1
		Reduce output records=1
		Spilled Records=1
		Shuffled Maps =1
		Failed Shuffles=0
		Merged Map outputs=1
		GC time elapsed (ms)=0
		Total committed heap usage (bytes)=323485696
	Shuffle Errors
		BAD_ID=0
		CONNECTION=0
		IO_ERROR=0
		WRONG_LENGTH=0
		WRONG_MAP=0
		WRONG_REDUCE=0
	File Output Format Counters 
		Bytes Written=102
26/03/02 03:40:51 INFO mapred.LocalJobRunner: Finishing task: attempt_local917146494_0001_r_000001_0
26/03/02 03:40:51 INFO mapred.LocalJobRunner: Starting task: attempt_local917146494_0001_r_000002_0
26/03/02 03:40:51 INFO output.FileOutputCommitter: File Output Committer Algorithm version is 1
26/03/02 03:40:51 INFO mapred.Task:  Using ResourceCalculatorProcessTree : [ ]
26/03/02 03:40:51 INFO mapred.ReduceTask: Using ShuffleConsumerPlugin: org.apache.hadoop.mapreduce.task.reduce.Shuffle@7998d023
26/03/02 03:40:51 INFO reduce.MergeManagerImpl: MergerManager: memoryLimit=334338464, maxSingleShuffleLimit=83584616, mergeThreshold=220663392, ioSortFactor=10, memToMemMergeOutputsThreshold=10
26/03/02 03:40:51 INFO reduce.EventFetcher: attempt_local917146494_0001_r_000002_0 Thread started: EventFetcher for fetching Map Completion Events
26/03/02 03:40:51 INFO reduce.LocalFetcher: localfetcher#3 about to shuffle output of map attempt_local917146494_0001_m_000000_0 decomp: 56 len: 60 to MEMORY
26/03/02 03:40:51 INFO reduce.InMemoryMapOutput: Read 56 bytes from map-output for attempt_local917146494_0001_m_000000_0
26/03/02 03:40:51 INFO reduce.MergeManagerImpl: closeInMemoryFile -> map-output of size: 56, inMemoryMapOutputs.size() -> 1, commitMemory -> 0, usedMemory ->56
26/03/02 03:40:51 INFO reduce.EventFetcher: EventFetcher is interrupted.. Returning
26/03/02 03:40:51 INFO mapred.LocalJobRunner: 1 / 1 copied.
26/03/02 03:40:51 INFO reduce.MergeManagerImpl: finalMerge called with 1 in-memory map-outputs and 0 on-disk map-outputs
26/03/02 03:40:51 INFO mapred.Merger: Merging 1 sorted segments
26/03/02 03:40:51 INFO mapred.Merger: Down to the last merge-pass, with 1 segments left of total size: 50 bytes
26/03/02 03:40:51 INFO reduce.MergeManagerImpl: Merged 1 segments, 56 bytes to disk to satisfy reduce memory limit
26/03/02 03:40:51 INFO reduce.MergeManagerImpl: Merging 1 files, 60 bytes from disk
26/03/02 03:40:51 INFO reduce.MergeManagerImpl: Merging 0 segments, 0 bytes from memory into reduce
26/03/02 03:40:51 INFO mapred.Merger: Merging 1 sorted segments
26/03/02 03:40:51 INFO mapred.Merger: Down to the last merge-pass, with 1 segments left of total size: 50 bytes
26/03/02 03:40:51 INFO mapred.LocalJobRunner: 1 / 1 copied.
26/03/02 03:40:51 INFO mapred.Task: Task:attempt_local917146494_0001_r_000002_0 is done. And is in the process of committing
26/03/02 03:40:51 INFO mapred.LocalJobRunner: 1 / 1 copied.
26/03/02 03:40:51 INFO mapred.Task: Task attempt_local917146494_0001_r_000002_0 is allowed to commit now
26/03/02 03:40:51 INFO output.FileOutputCommitter: Saved output of task 'attempt_local917146494_0001_r_000002_0' to hdfs://localhost:9000/project2/task2/runs_report_plus/scale500k_opt/iter_1/_temporary/0/task_local917146494_0001_r_000002
26/03/02 03:40:51 INFO mapred.LocalJobRunner: reduce > reduce
26/03/02 03:40:51 INFO mapred.Task: Task 'attempt_local917146494_0001_r_000002_0' done.
26/03/02 03:40:51 INFO mapred.Task: Final Counters for attempt_local917146494_0001_r_000002_0: Counters: 29
	File System Counters
		FILE: Number of bytes read=145697
		FILE: Number of bytes written=440736
		FILE: Number of read operations=0
		FILE: Number of large read operations=0
		FILE: Number of write operations=0
		HDFS: Number of bytes read=36689522
		HDFS: Number of bytes written=789
		HDFS: Number of read operations=30
		HDFS: Number of large read operations=0
		HDFS: Number of write operations=12
	Map-Reduce Framework
		Combine input records=0
		Combine output records=0
		Reduce input groups=1
		Reduce shuffle bytes=60
		Reduce input records=1
		Reduce output records=1
		Spilled Records=1
		Shuffled Maps =1
		Failed Shuffles=0
		Merged Map outputs=1
		GC time elapsed (ms)=0
		Total committed heap usage (bytes)=323485696
	Shuffle Errors
		BAD_ID=0
		CONNECTION=0
		IO_ERROR=0
		WRONG_LENGTH=0
		WRONG_MAP=0
		WRONG_REDUCE=0
	File Output Format Counters 
		Bytes Written=102
26/03/02 03:40:51 INFO mapred.LocalJobRunner: Finishing task: attempt_local917146494_0001_r_000002_0
26/03/02 03:40:51 INFO mapred.LocalJobRunner: Starting task: attempt_local917146494_0001_r_000003_0
26/03/02 03:40:51 INFO output.FileOutputCommitter: File Output Committer Algorithm version is 1
26/03/02 03:40:51 INFO mapred.Task:  Using ResourceCalculatorProcessTree : [ ]
26/03/02 03:40:51 INFO mapred.ReduceTask: Using ShuffleConsumerPlugin: org.apache.hadoop.mapreduce.task.reduce.Shuffle@44e42b89
26/03/02 03:40:51 INFO reduce.MergeManagerImpl: MergerManager: memoryLimit=334338464, maxSingleShuffleLimit=83584616, mergeThreshold=220663392, ioSortFactor=10, memToMemMergeOutputsThreshold=10
26/03/02 03:40:51 INFO reduce.EventFetcher: attempt_local917146494_0001_r_000003_0 Thread started: EventFetcher for fetching Map Completion Events
26/03/02 03:40:51 INFO reduce.LocalFetcher: localfetcher#4 about to shuffle output of map attempt_local917146494_0001_m_000000_0 decomp: 56 len: 60 to MEMORY
26/03/02 03:40:51 INFO reduce.InMemoryMapOutput: Read 56 bytes from map-output for attempt_local917146494_0001_m_000000_0
26/03/02 03:40:51 INFO reduce.MergeManagerImpl: closeInMemoryFile -> map-output of size: 56, inMemoryMapOutputs.size() -> 1, commitMemory -> 0, usedMemory ->56
26/03/02 03:40:51 INFO reduce.EventFetcher: EventFetcher is interrupted.. Returning
26/03/02 03:40:51 INFO mapred.LocalJobRunner: 1 / 1 copied.
26/03/02 03:40:51 INFO reduce.MergeManagerImpl: finalMerge called with 1 in-memory map-outputs and 0 on-disk map-outputs
26/03/02 03:40:51 INFO mapred.Merger: Merging 1 sorted segments
26/03/02 03:40:51 INFO mapred.Merger: Down to the last merge-pass, with 1 segments left of total size: 50 bytes
26/03/02 03:40:51 INFO reduce.MergeManagerImpl: Merged 1 segments, 56 bytes to disk to satisfy reduce memory limit
26/03/02 03:40:51 INFO reduce.MergeManagerImpl: Merging 1 files, 60 bytes from disk
26/03/02 03:40:51 INFO reduce.MergeManagerImpl: Merging 0 segments, 0 bytes from memory into reduce
26/03/02 03:40:51 INFO mapred.Merger: Merging 1 sorted segments
26/03/02 03:40:51 INFO mapred.Merger: Down to the last merge-pass, with 1 segments left of total size: 50 bytes
26/03/02 03:40:51 INFO mapred.LocalJobRunner: 1 / 1 copied.
26/03/02 03:40:51 INFO mapred.Task: Task:attempt_local917146494_0001_r_000003_0 is done. And is in the process of committing
26/03/02 03:40:51 INFO mapred.LocalJobRunner: 1 / 1 copied.
26/03/02 03:40:51 INFO mapred.Task: Task attempt_local917146494_0001_r_000003_0 is allowed to commit now
26/03/02 03:40:51 INFO output.FileOutputCommitter: Saved output of task 'attempt_local917146494_0001_r_000003_0' to hdfs://localhost:9000/project2/task2/runs_report_plus/scale500k_opt/iter_1/_temporary/0/task_local917146494_0001_r_000003
26/03/02 03:40:51 INFO mapred.LocalJobRunner: reduce > reduce
26/03/02 03:40:51 INFO mapred.Task: Task 'attempt_local917146494_0001_r_000003_0' done.
26/03/02 03:40:51 INFO mapred.Task: Final Counters for attempt_local917146494_0001_r_000003_0: Counters: 29
	File System Counters
		FILE: Number of bytes read=145921
		FILE: Number of bytes written=440796
		FILE: Number of read operations=0
		FILE: Number of large read operations=0
		FILE: Number of write operations=0
		HDFS: Number of bytes read=36689522
		HDFS: Number of bytes written=893
		HDFS: Number of read operations=33
		HDFS: Number of large read operations=0
		HDFS: Number of write operations=14
	Map-Reduce Framework
		Combine input records=0
		Combine output records=0
		Reduce input groups=1
		Reduce shuffle bytes=60
		Reduce input records=1
		Reduce output records=1
		Spilled Records=1
		Shuffled Maps =1
		Failed Shuffles=0
		Merged Map outputs=1
		GC time elapsed (ms)=0
		Total committed heap usage (bytes)=323485696
	Shuffle Errors
		BAD_ID=0
		CONNECTION=0
		IO_ERROR=0
		WRONG_LENGTH=0
		WRONG_MAP=0
		WRONG_REDUCE=0
	File Output Format Counters 
		Bytes Written=104
26/03/02 03:40:51 INFO mapred.LocalJobRunner: Finishing task: attempt_local917146494_0001_r_000003_0
26/03/02 03:40:51 INFO mapred.LocalJobRunner: reduce task executor complete.
26/03/02 03:40:52 INFO mapreduce.Job:  map 100% reduce 100%
26/03/02 03:40:52 INFO mapreduce.Job: Job job_local917146494_0001 completed successfully
26/03/02 03:40:52 INFO mapreduce.Job: Counters: 35
	File System Counters
		FILE: Number of bytes read=726657
		FILE: Number of bytes written=2203326
		FILE: Number of read operations=0
		FILE: Number of large read operations=0
		FILE: Number of write operations=0
		HDFS: Number of bytes read=183447610
		HDFS: Number of bytes written=3333
		HDFS: Number of read operations=135
		HDFS: Number of large read operations=0
		HDFS: Number of write operations=50
	Map-Reduce Framework
		Map input records=500000
		Map output records=500000
		Map output bytes=26000000
		Map output materialized bytes=294
		Input split bytes=123
		Combine input records=500000
		Combine output records=5
		Reduce input groups=5
		Reduce shuffle bytes=294
		Reduce input records=5
		Reduce output records=5
		Spilled Records=10
		Shuffled Maps =4
		Failed Shuffles=0
		Merged Map outputs=4
		GC time elapsed (ms)=21
		Total committed heap usage (bytes)=1618477056
	Shuffle Errors
		BAD_ID=0
		CONNECTION=0
		IO_ERROR=0
		WRONG_LENGTH=0
		WRONG_MAP=0
		WRONG_REDUCE=0
	File Input Format Counters 
		Bytes Read=36688385
	File Output Format Counters 
		Bytes Written=514
26/03/02 03:40:52 INFO jvm.JvmMetrics: Cannot initialize JVM Metrics with processName=JobTracker, sessionId= - already initialized
26/03/02 03:40:52 WARN mapreduce.JobResourceUploader: Hadoop command-line option parsing not performed. Implement the Tool interface and execute your application with ToolRunner to remedy this.
26/03/02 03:40:52 INFO input.FileInputFormat: Total input paths to process : 1
26/03/02 03:40:52 INFO mapreduce.JobSubmitter: number of splits:1
26/03/02 03:40:52 INFO mapreduce.JobSubmitter: Submitting tokens for job: job_local347878166_0002
26/03/02 03:40:52 INFO mapred.LocalDistributedCacheManager: Creating symlink: /tmp/hadoop-ds503/mapred/local/1772422852538/centers_iter_1.csv <- /home/ds503/centers_iter_1.csv
26/03/02 03:40:52 INFO mapred.LocalDistributedCacheManager: Localized hdfs://localhost:9000/project2/task2/runs_report_plus/scale500k_opt/centers_iter_1.csv as file:/tmp/hadoop-ds503/mapred/local/1772422852538/centers_iter_1.csv
26/03/02 03:40:52 INFO mapreduce.Job: The url to track the job: http://localhost:8080/
26/03/02 03:40:52 INFO mapreduce.Job: Running job: job_local347878166_0002
26/03/02 03:40:52 INFO mapred.LocalJobRunner: OutputCommitter set in config null
26/03/02 03:40:52 INFO output.FileOutputCommitter: File Output Committer Algorithm version is 1
26/03/02 03:40:52 INFO mapred.LocalJobRunner: OutputCommitter is org.apache.hadoop.mapreduce.lib.output.FileOutputCommitter
26/03/02 03:40:52 INFO mapred.LocalJobRunner: Waiting for map tasks
26/03/02 03:40:52 INFO mapred.LocalJobRunner: Starting task: attempt_local347878166_0002_m_000000_0
26/03/02 03:40:52 INFO output.FileOutputCommitter: File Output Committer Algorithm version is 1
26/03/02 03:40:52 INFO mapred.Task:  Using ResourceCalculatorProcessTree : [ ]
26/03/02 03:40:52 INFO mapred.MapTask: Processing split: hdfs://localhost:9000/project2/task2/input/points_500k.csv:0+36688385
26/03/02 03:40:52 INFO mapred.MapTask: (EQUATOR) 0 kvi 26214396(104857584)
26/03/02 03:40:52 INFO mapred.MapTask: mapreduce.task.io.sort.mb: 100
26/03/02 03:40:52 INFO mapred.MapTask: soft limit at 83886080
26/03/02 03:40:52 INFO mapred.MapTask: bufstart = 0; bufvoid = 104857600
26/03/02 03:40:52 INFO mapred.MapTask: kvstart = 26214396; length = 6553600
26/03/02 03:40:52 INFO mapred.MapTask: Map output collector class = org.apache.hadoop.mapred.MapTask$MapOutputBuffer
26/03/02 03:40:53 INFO mapred.LocalJobRunner: 
26/03/02 03:40:53 INFO mapred.MapTask: Starting flush of map output
26/03/02 03:40:53 INFO mapred.MapTask: Spilling map output
26/03/02 03:40:53 INFO mapred.MapTask: bufstart = 0; bufend = 26000000; bufvoid = 104857600
26/03/02 03:40:53 INFO mapred.MapTask: kvstart = 26214396(104857584); kvend = 24214400(96857600); length = 1999997/6553600
26/03/02 03:40:53 INFO mapred.MapTask: Finished spill 0
26/03/02 03:40:53 INFO mapred.Task: Task:attempt_local347878166_0002_m_000000_0 is done. And is in the process of committing
26/03/02 03:40:53 INFO mapred.LocalJobRunner: map
26/03/02 03:40:53 INFO mapred.Task: Task 'attempt_local347878166_0002_m_000000_0' done.
26/03/02 03:40:53 INFO mapred.Task: Final Counters for attempt_local347878166_0002_m_000000_0: Counters: 23
	File System Counters
		FILE: Number of bytes read=290478
		FILE: Number of bytes written=881290
		FILE: Number of read operations=0
		FILE: Number of large read operations=0
		FILE: Number of write operations=0
		HDFS: Number of bytes read=73380062
		HDFS: Number of bytes written=1267
		HDFS: Number of read operations=77
		HDFS: Number of large read operations=0
		HDFS: Number of write operations=24
	Map-Reduce Framework
		Map input records=500000
		Map output records=500000
		Map output bytes=26000000
		Map output materialized bytes=294
		Input split bytes=123
		Combine input records=500000
		Combine output records=5
		Spilled Records=5
		Failed Shuffles=0
		Merged Map outputs=0
		GC time elapsed (ms)=13
		Total committed heap usage (bytes)=430440448
	File Input Format Counters 
		Bytes Read=36688385
26/03/02 03:40:53 INFO mapred.LocalJobRunner: Finishing task: attempt_local347878166_0002_m_000000_0
26/03/02 03:40:53 INFO mapred.LocalJobRunner: map task executor complete.
26/03/02 03:40:53 INFO mapred.LocalJobRunner: Waiting for reduce tasks
26/03/02 03:40:53 INFO mapred.LocalJobRunner: Starting task: attempt_local347878166_0002_r_000000_0
26/03/02 03:40:53 INFO output.FileOutputCommitter: File Output Committer Algorithm version is 1
26/03/02 03:40:53 INFO mapred.Task:  Using ResourceCalculatorProcessTree : [ ]
26/03/02 03:40:53 INFO mapred.ReduceTask: Using ShuffleConsumerPlugin: org.apache.hadoop.mapreduce.task.reduce.Shuffle@31c23621
26/03/02 03:40:53 INFO reduce.MergeManagerImpl: MergerManager: memoryLimit=334338464, maxSingleShuffleLimit=83584616, mergeThreshold=220663392, ioSortFactor=10, memToMemMergeOutputsThreshold=10
26/03/02 03:40:53 INFO reduce.EventFetcher: attempt_local347878166_0002_r_000000_0 Thread started: EventFetcher for fetching Map Completion Events
26/03/02 03:40:53 INFO reduce.LocalFetcher: localfetcher#5 about to shuffle output of map attempt_local347878166_0002_m_000000_0 decomp: 110 len: 114 to MEMORY
26/03/02 03:40:53 INFO reduce.InMemoryMapOutput: Read 110 bytes from map-output for attempt_local347878166_0002_m_000000_0
26/03/02 03:40:53 INFO reduce.MergeManagerImpl: closeInMemoryFile -> map-output of size: 110, inMemoryMapOutputs.size() -> 1, commitMemory -> 0, usedMemory ->110
26/03/02 03:40:53 INFO reduce.EventFetcher: EventFetcher is interrupted.. Returning
26/03/02 03:40:53 INFO mapred.LocalJobRunner: 1 / 1 copied.
26/03/02 03:40:53 INFO reduce.MergeManagerImpl: finalMerge called with 1 in-memory map-outputs and 0 on-disk map-outputs
26/03/02 03:40:53 INFO mapred.Merger: Merging 1 sorted segments
26/03/02 03:40:53 INFO mapred.Merger: Down to the last merge-pass, with 1 segments left of total size: 104 bytes
26/03/02 03:40:53 INFO reduce.MergeManagerImpl: Merged 1 segments, 110 bytes to disk to satisfy reduce memory limit
26/03/02 03:40:53 INFO reduce.MergeManagerImpl: Merging 1 files, 114 bytes from disk
26/03/02 03:40:53 INFO reduce.MergeManagerImpl: Merging 0 segments, 0 bytes from memory into reduce
26/03/02 03:40:53 INFO mapred.Merger: Merging 1 sorted segments
26/03/02 03:40:53 INFO mapred.Merger: Down to the last merge-pass, with 1 segments left of total size: 104 bytes
26/03/02 03:40:53 INFO mapred.LocalJobRunner: 1 / 1 copied.
26/03/02 03:40:53 INFO mapred.Task: Task:attempt_local347878166_0002_r_000000_0 is done. And is in the process of committing
26/03/02 03:40:53 INFO mapred.LocalJobRunner: 1 / 1 copied.
26/03/02 03:40:53 INFO mapred.Task: Task attempt_local347878166_0002_r_000000_0 is allowed to commit now
26/03/02 03:40:53 INFO output.FileOutputCommitter: Saved output of task 'attempt_local347878166_0002_r_000000_0' to hdfs://localhost:9000/project2/task2/runs_report_plus/scale500k_opt/iter_2/_temporary/0/task_local347878166_0002_r_000000
26/03/02 03:40:53 INFO mapred.LocalJobRunner: reduce > reduce
26/03/02 03:40:53 INFO mapred.Task: Task 'attempt_local347878166_0002_r_000000_0' done.
26/03/02 03:40:53 INFO mapred.Task: Final Counters for attempt_local347878166_0002_r_000000_0: Counters: 29
	File System Counters
		FILE: Number of bytes read=290990
		FILE: Number of bytes written=881404
		FILE: Number of read operations=0
		FILE: Number of large read operations=0
		FILE: Number of write operations=0
		HDFS: Number of bytes read=73380062
		HDFS: Number of bytes written=1472
		HDFS: Number of read operations=80
		HDFS: Number of large read operations=0
		HDFS: Number of write operations=26
	Map-Reduce Framework
		Combine input records=0
		Combine output records=0
		Reduce input groups=2
		Reduce shuffle bytes=114
		Reduce input records=2
		Reduce output records=2
		Spilled Records=2
		Shuffled Maps =1
		Failed Shuffles=0
		Merged Map outputs=1
		GC time elapsed (ms)=0
		Total committed heap usage (bytes)=430440448
	Shuffle Errors
		BAD_ID=0
		CONNECTION=0
		IO_ERROR=0
		WRONG_LENGTH=0
		WRONG_MAP=0
		WRONG_REDUCE=0
	File Output Format Counters 
		Bytes Written=205
26/03/02 03:40:53 INFO mapred.LocalJobRunner: Finishing task: attempt_local347878166_0002_r_000000_0
26/03/02 03:40:53 INFO mapred.LocalJobRunner: Starting task: attempt_local347878166_0002_r_000001_0
26/03/02 03:40:53 INFO output.FileOutputCommitter: File Output Committer Algorithm version is 1
26/03/02 03:40:53 INFO mapred.Task:  Using ResourceCalculatorProcessTree : [ ]
26/03/02 03:40:53 INFO mapred.ReduceTask: Using ShuffleConsumerPlugin: org.apache.hadoop.mapreduce.task.reduce.Shuffle@5e6b968a
26/03/02 03:40:53 INFO reduce.MergeManagerImpl: MergerManager: memoryLimit=334338464, maxSingleShuffleLimit=83584616, mergeThreshold=220663392, ioSortFactor=10, memToMemMergeOutputsThreshold=10
26/03/02 03:40:53 INFO reduce.EventFetcher: attempt_local347878166_0002_r_000001_0 Thread started: EventFetcher for fetching Map Completion Events
26/03/02 03:40:53 INFO reduce.LocalFetcher: localfetcher#6 about to shuffle output of map attempt_local347878166_0002_m_000000_0 decomp: 56 len: 60 to MEMORY
26/03/02 03:40:53 INFO reduce.InMemoryMapOutput: Read 56 bytes from map-output for attempt_local347878166_0002_m_000000_0
26/03/02 03:40:53 INFO reduce.MergeManagerImpl: closeInMemoryFile -> map-output of size: 56, inMemoryMapOutputs.size() -> 1, commitMemory -> 0, usedMemory ->56
26/03/02 03:40:53 INFO reduce.EventFetcher: EventFetcher is interrupted.. Returning
26/03/02 03:40:53 INFO mapred.LocalJobRunner: 1 / 1 copied.
26/03/02 03:40:53 INFO reduce.MergeManagerImpl: finalMerge called with 1 in-memory map-outputs and 0 on-disk map-outputs
26/03/02 03:40:53 INFO mapred.Merger: Merging 1 sorted segments
26/03/02 03:40:53 INFO mapred.Merger: Down to the last merge-pass, with 1 segments left of total size: 50 bytes
26/03/02 03:40:53 INFO reduce.MergeManagerImpl: Merged 1 segments, 56 bytes to disk to satisfy reduce memory limit
26/03/02 03:40:53 INFO reduce.MergeManagerImpl: Merging 1 files, 60 bytes from disk
26/03/02 03:40:53 INFO reduce.MergeManagerImpl: Merging 0 segments, 0 bytes from memory into reduce
26/03/02 03:40:53 INFO mapred.Merger: Merging 1 sorted segments
26/03/02 03:40:53 INFO mapred.Merger: Down to the last merge-pass, with 1 segments left of total size: 50 bytes
26/03/02 03:40:53 INFO mapred.LocalJobRunner: 1 / 1 copied.
26/03/02 03:40:53 INFO mapred.Task: Task:attempt_local347878166_0002_r_000001_0 is done. And is in the process of committing
26/03/02 03:40:53 INFO mapred.LocalJobRunner: 1 / 1 copied.
26/03/02 03:40:53 INFO mapred.Task: Task attempt_local347878166_0002_r_000001_0 is allowed to commit now
26/03/02 03:40:53 INFO output.FileOutputCommitter: Saved output of task 'attempt_local347878166_0002_r_000001_0' to hdfs://localhost:9000/project2/task2/runs_report_plus/scale500k_opt/iter_2/_temporary/0/task_local347878166_0002_r_000001
26/03/02 03:40:53 INFO mapred.LocalJobRunner: reduce > reduce
26/03/02 03:40:53 INFO mapred.Task: Task 'attempt_local347878166_0002_r_000001_0' done.
26/03/02 03:40:53 INFO mapred.Task: Final Counters for attempt_local347878166_0002_r_000001_0: Counters: 29
	File System Counters
		FILE: Number of bytes read=291334
		FILE: Number of bytes written=881464
		FILE: Number of read operations=0
		FILE: Number of large read operations=0
		FILE: Number of write operations=0
		HDFS: Number of bytes read=73380062
		HDFS: Number of bytes written=1576
		HDFS: Number of read operations=83
		HDFS: Number of large read operations=0
		HDFS: Number of write operations=28
	Map-Reduce Framework
		Combine input records=0
		Combine output records=0
		Reduce input groups=1
		Reduce shuffle bytes=60
		Reduce input records=1
		Reduce output records=1
		Spilled Records=1
		Shuffled Maps =1
		Failed Shuffles=0
		Merged Map outputs=1
		GC time elapsed (ms)=0
		Total committed heap usage (bytes)=430440448
	Shuffle Errors
		BAD_ID=0
		CONNECTION=0
		IO_ERROR=0
		WRONG_LENGTH=0
		WRONG_MAP=0
		WRONG_REDUCE=0
	File Output Format Counters 
		Bytes Written=104
26/03/02 03:40:53 INFO mapred.LocalJobRunner: Finishing task: attempt_local347878166_0002_r_000001_0
26/03/02 03:40:53 INFO mapred.LocalJobRunner: Starting task: attempt_local347878166_0002_r_000002_0
26/03/02 03:40:53 INFO output.FileOutputCommitter: File Output Committer Algorithm version is 1
26/03/02 03:40:53 INFO mapred.Task:  Using ResourceCalculatorProcessTree : [ ]
26/03/02 03:40:53 INFO mapred.ReduceTask: Using ShuffleConsumerPlugin: org.apache.hadoop.mapreduce.task.reduce.Shuffle@263571dd
26/03/02 03:40:53 INFO reduce.MergeManagerImpl: MergerManager: memoryLimit=334338464, maxSingleShuffleLimit=83584616, mergeThreshold=220663392, ioSortFactor=10, memToMemMergeOutputsThreshold=10
26/03/02 03:40:53 INFO reduce.EventFetcher: attempt_local347878166_0002_r_000002_0 Thread started: EventFetcher for fetching Map Completion Events
26/03/02 03:40:53 INFO reduce.LocalFetcher: localfetcher#7 about to shuffle output of map attempt_local347878166_0002_m_000000_0 decomp: 56 len: 60 to MEMORY
26/03/02 03:40:53 INFO reduce.InMemoryMapOutput: Read 56 bytes from map-output for attempt_local347878166_0002_m_000000_0
26/03/02 03:40:53 INFO reduce.MergeManagerImpl: closeInMemoryFile -> map-output of size: 56, inMemoryMapOutputs.size() -> 1, commitMemory -> 0, usedMemory ->56
26/03/02 03:40:53 INFO reduce.EventFetcher: EventFetcher is interrupted.. Returning
26/03/02 03:40:53 INFO mapred.LocalJobRunner: 1 / 1 copied.
26/03/02 03:40:53 INFO reduce.MergeManagerImpl: finalMerge called with 1 in-memory map-outputs and 0 on-disk map-outputs
26/03/02 03:40:53 INFO mapred.Merger: Merging 1 sorted segments
26/03/02 03:40:53 INFO mapred.Merger: Down to the last merge-pass, with 1 segments left of total size: 50 bytes
26/03/02 03:40:53 INFO reduce.MergeManagerImpl: Merged 1 segments, 56 bytes to disk to satisfy reduce memory limit
26/03/02 03:40:53 INFO reduce.MergeManagerImpl: Merging 1 files, 60 bytes from disk
26/03/02 03:40:53 INFO reduce.MergeManagerImpl: Merging 0 segments, 0 bytes from memory into reduce
26/03/02 03:40:53 INFO mapred.Merger: Merging 1 sorted segments
26/03/02 03:40:53 INFO mapred.Merger: Down to the last merge-pass, with 1 segments left of total size: 50 bytes
26/03/02 03:40:53 INFO mapred.LocalJobRunner: 1 / 1 copied.
26/03/02 03:40:53 INFO mapred.Task: Task:attempt_local347878166_0002_r_000002_0 is done. And is in the process of committing
26/03/02 03:40:53 INFO mapred.LocalJobRunner: 1 / 1 copied.
26/03/02 03:40:53 INFO mapred.Task: Task attempt_local347878166_0002_r_000002_0 is allowed to commit now
26/03/02 03:40:53 INFO output.FileOutputCommitter: Saved output of task 'attempt_local347878166_0002_r_000002_0' to hdfs://localhost:9000/project2/task2/runs_report_plus/scale500k_opt/iter_2/_temporary/0/task_local347878166_0002_r_000002
26/03/02 03:40:53 INFO mapred.LocalJobRunner: reduce > reduce
26/03/02 03:40:53 INFO mapred.Task: Task 'attempt_local347878166_0002_r_000002_0' done.
26/03/02 03:40:53 INFO mapred.Task: Final Counters for attempt_local347878166_0002_r_000002_0: Counters: 29
	File System Counters
		FILE: Number of bytes read=291618
		FILE: Number of bytes written=881524
		FILE: Number of read operations=0
		FILE: Number of large read operations=0
		FILE: Number of write operations=0
		HDFS: Number of bytes read=73380062
		HDFS: Number of bytes written=1680
		HDFS: Number of read operations=86
		HDFS: Number of large read operations=0
		HDFS: Number of write operations=30
	Map-Reduce Framework
		Combine input records=0
		Combine output records=0
		Reduce input groups=1
		Reduce shuffle bytes=60
		Reduce input records=1
		Reduce output records=1
		Spilled Records=1
		Shuffled Maps =1
		Failed Shuffles=0
		Merged Map outputs=1
		GC time elapsed (ms)=0
		Total committed heap usage (bytes)=430440448
	Shuffle Errors
		BAD_ID=0
		CONNECTION=0
		IO_ERROR=0
		WRONG_LENGTH=0
		WRONG_MAP=0
		WRONG_REDUCE=0
	File Output Format Counters 
		Bytes Written=104
26/03/02 03:40:53 INFO mapred.LocalJobRunner: Finishing task: attempt_local347878166_0002_r_000002_0
26/03/02 03:40:53 INFO mapred.LocalJobRunner: Starting task: attempt_local347878166_0002_r_000003_0
26/03/02 03:40:53 INFO output.FileOutputCommitter: File Output Committer Algorithm version is 1
26/03/02 03:40:53 INFO mapred.Task:  Using ResourceCalculatorProcessTree : [ ]
26/03/02 03:40:53 INFO mapred.ReduceTask: Using ShuffleConsumerPlugin: org.apache.hadoop.mapreduce.task.reduce.Shuffle@1c4a2193
26/03/02 03:40:53 INFO reduce.MergeManagerImpl: MergerManager: memoryLimit=334338464, maxSingleShuffleLimit=83584616, mergeThreshold=220663392, ioSortFactor=10, memToMemMergeOutputsThreshold=10
26/03/02 03:40:53 INFO reduce.EventFetcher: attempt_local347878166_0002_r_000003_0 Thread started: EventFetcher for fetching Map Completion Events
26/03/02 03:40:53 INFO reduce.LocalFetcher: localfetcher#8 about to shuffle output of map attempt_local347878166_0002_m_000000_0 decomp: 56 len: 60 to MEMORY
26/03/02 03:40:53 INFO reduce.InMemoryMapOutput: Read 56 bytes from map-output for attempt_local347878166_0002_m_000000_0
26/03/02 03:40:53 INFO reduce.MergeManagerImpl: closeInMemoryFile -> map-output of size: 56, inMemoryMapOutputs.size() -> 1, commitMemory -> 0, usedMemory ->56
26/03/02 03:40:53 INFO reduce.EventFetcher: EventFetcher is interrupted.. Returning
26/03/02 03:40:53 INFO mapred.LocalJobRunner: 1 / 1 copied.
26/03/02 03:40:53 INFO reduce.MergeManagerImpl: finalMerge called with 1 in-memory map-outputs and 0 on-disk map-outputs
26/03/02 03:40:53 INFO mapred.Merger: Merging 1 sorted segments
26/03/02 03:40:53 INFO mapred.Merger: Down to the last merge-pass, with 1 segments left of total size: 50 bytes
26/03/02 03:40:53 INFO reduce.MergeManagerImpl: Merged 1 segments, 56 bytes to disk to satisfy reduce memory limit
26/03/02 03:40:53 INFO reduce.MergeManagerImpl: Merging 1 files, 60 bytes from disk
26/03/02 03:40:53 INFO reduce.MergeManagerImpl: Merging 0 segments, 0 bytes from memory into reduce
26/03/02 03:40:53 INFO mapred.Merger: Merging 1 sorted segments
26/03/02 03:40:53 INFO mapred.Merger: Down to the last merge-pass, with 1 segments left of total size: 50 bytes
26/03/02 03:40:53 INFO mapred.LocalJobRunner: 1 / 1 copied.
26/03/02 03:40:53 INFO mapred.Task: Task:attempt_local347878166_0002_r_000003_0 is done. And is in the process of committing
26/03/02 03:40:53 INFO mapred.LocalJobRunner: 1 / 1 copied.
26/03/02 03:40:53 INFO mapred.Task: Task attempt_local347878166_0002_r_000003_0 is allowed to commit now
26/03/02 03:40:53 INFO output.FileOutputCommitter: Saved output of task 'attempt_local347878166_0002_r_000003_0' to hdfs://localhost:9000/project2/task2/runs_report_plus/scale500k_opt/iter_2/_temporary/0/task_local347878166_0002_r_000003
26/03/02 03:40:53 INFO mapred.LocalJobRunner: reduce > reduce
26/03/02 03:40:53 INFO mapred.Task: Task 'attempt_local347878166_0002_r_000003_0' done.
26/03/02 03:40:53 INFO mapred.Task: Final Counters for attempt_local347878166_0002_r_000003_0: Counters: 29
	File System Counters
		FILE: Number of bytes read=291842
		FILE: Number of bytes written=881584
		FILE: Number of read operations=0
		FILE: Number of large read operations=0
		FILE: Number of write operations=0
		HDFS: Number of bytes read=73380062
		HDFS: Number of bytes written=1782
		HDFS: Number of read operations=89
		HDFS: Number of large read operations=0
		HDFS: Number of write operations=32
	Map-Reduce Framework
		Combine input records=0
		Combine output records=0
		Reduce input groups=1
		Reduce shuffle bytes=60
		Reduce input records=1
		Reduce output records=1
		Spilled Records=1
		Shuffled Maps =1
		Failed Shuffles=0
		Merged Map outputs=1
		GC time elapsed (ms)=0
		Total committed heap usage (bytes)=430440448
	Shuffle Errors
		BAD_ID=0
		CONNECTION=0
		IO_ERROR=0
		WRONG_LENGTH=0
		WRONG_MAP=0
		WRONG_REDUCE=0
	File Output Format Counters 
		Bytes Written=102
26/03/02 03:40:53 INFO mapred.LocalJobRunner: Finishing task: attempt_local347878166_0002_r_000003_0
26/03/02 03:40:53 INFO mapred.LocalJobRunner: reduce task executor complete.
26/03/02 03:40:53 INFO mapreduce.Job: Job job_local347878166_0002 running in uber mode : false
26/03/02 03:40:53 INFO mapreduce.Job:  map 100% reduce 100%
26/03/02 03:40:54 INFO mapreduce.Job: Job job_local347878166_0002 completed successfully
26/03/02 03:40:54 INFO mapreduce.Job: Counters: 35
	File System Counters
		FILE: Number of bytes read=1456262
		FILE: Number of bytes written=4407266
		FILE: Number of read operations=0
		FILE: Number of large read operations=0
		FILE: Number of write operations=0
		HDFS: Number of bytes read=366900310
		HDFS: Number of bytes written=7777
		HDFS: Number of read operations=415
		HDFS: Number of large read operations=0
		HDFS: Number of write operations=140
	Map-Reduce Framework
		Map input records=500000
		Map output records=500000
		Map output bytes=26000000
		Map output materialized bytes=294
		Input split bytes=123
		Combine input records=500000
		Combine output records=5
		Reduce input groups=5
		Reduce shuffle bytes=294
		Reduce input records=5
		Reduce output records=5
		Spilled Records=10
		Shuffled Maps =4
		Failed Shuffles=0
		Merged Map outputs=4
		GC time elapsed (ms)=13
		Total committed heap usage (bytes)=2152202240
	Shuffle Errors
		BAD_ID=0
		CONNECTION=0
		IO_ERROR=0
		WRONG_LENGTH=0
		WRONG_MAP=0
		WRONG_REDUCE=0
	File Input Format Counters 
		Bytes Read=36688385
	File Output Format Counters 
		Bytes Written=515
26/03/02 03:40:54 INFO jvm.JvmMetrics: Cannot initialize JVM Metrics with processName=JobTracker, sessionId= - already initialized
26/03/02 03:40:54 WARN mapreduce.JobResourceUploader: Hadoop command-line option parsing not performed. Implement the Tool interface and execute your application with ToolRunner to remedy this.
26/03/02 03:40:54 INFO input.FileInputFormat: Total input paths to process : 1
26/03/02 03:40:54 INFO mapreduce.JobSubmitter: number of splits:1
26/03/02 03:40:54 INFO mapreduce.JobSubmitter: Submitting tokens for job: job_local1218830881_0003
26/03/02 03:40:54 INFO mapred.LocalDistributedCacheManager: Creating symlink: /tmp/hadoop-ds503/mapred/local/1772422854667/centers_iter_2.csv <- /home/ds503/centers_iter_2.csv
26/03/02 03:40:54 INFO mapred.LocalDistributedCacheManager: Localized hdfs://localhost:9000/project2/task2/runs_report_plus/scale500k_opt/centers_iter_2.csv as file:/tmp/hadoop-ds503/mapred/local/1772422854667/centers_iter_2.csv
26/03/02 03:40:54 INFO mapreduce.Job: The url to track the job: http://localhost:8080/
26/03/02 03:40:54 INFO mapreduce.Job: Running job: job_local1218830881_0003
26/03/02 03:40:54 INFO mapred.LocalJobRunner: OutputCommitter set in config null
26/03/02 03:40:54 INFO output.FileOutputCommitter: File Output Committer Algorithm version is 1
26/03/02 03:40:54 INFO mapred.LocalJobRunner: OutputCommitter is org.apache.hadoop.mapreduce.lib.output.FileOutputCommitter
26/03/02 03:40:54 INFO mapred.LocalJobRunner: Waiting for map tasks
26/03/02 03:40:54 INFO mapred.LocalJobRunner: Starting task: attempt_local1218830881_0003_m_000000_0
26/03/02 03:40:54 INFO output.FileOutputCommitter: File Output Committer Algorithm version is 1
26/03/02 03:40:54 INFO mapred.Task:  Using ResourceCalculatorProcessTree : [ ]
26/03/02 03:40:54 INFO mapred.MapTask: Processing split: hdfs://localhost:9000/project2/task2/input/points_500k.csv:0+36688385
26/03/02 03:40:54 INFO mapred.MapTask: (EQUATOR) 0 kvi 26214396(104857584)
26/03/02 03:40:54 INFO mapred.MapTask: mapreduce.task.io.sort.mb: 100
26/03/02 03:40:54 INFO mapred.MapTask: soft limit at 83886080
26/03/02 03:40:54 INFO mapred.MapTask: bufstart = 0; bufvoid = 104857600
26/03/02 03:40:54 INFO mapred.MapTask: kvstart = 26214396; length = 6553600
26/03/02 03:40:54 INFO mapred.MapTask: Map output collector class = org.apache.hadoop.mapred.MapTask$MapOutputBuffer
26/03/02 03:40:55 INFO mapred.LocalJobRunner: 
26/03/02 03:40:55 INFO mapred.MapTask: Starting flush of map output
26/03/02 03:40:55 INFO mapred.MapTask: Spilling map output
26/03/02 03:40:55 INFO mapred.MapTask: bufstart = 0; bufend = 26000000; bufvoid = 104857600
26/03/02 03:40:55 INFO mapred.MapTask: kvstart = 26214396(104857584); kvend = 24214400(96857600); length = 1999997/6553600
26/03/02 03:40:55 INFO mapred.MapTask: Finished spill 0
26/03/02 03:40:55 INFO mapred.Task: Task:attempt_local1218830881_0003_m_000000_0 is done. And is in the process of committing
26/03/02 03:40:55 INFO mapred.LocalJobRunner: map
26/03/02 03:40:55 INFO mapred.Task: Task 'attempt_local1218830881_0003_m_000000_0' done.
26/03/02 03:40:55 INFO mapred.Task: Final Counters for attempt_local1218830881_0003_m_000000_0: Counters: 23
	File System Counters
		FILE: Number of bytes read=436399
		FILE: Number of bytes written=1323667
		FILE: Number of read operations=0
		FILE: Number of large read operations=0
		FILE: Number of write operations=0
		HDFS: Number of bytes read=110070601
		HDFS: Number of bytes written=2157
		HDFS: Number of read operations=133
		HDFS: Number of large read operations=0
		HDFS: Number of write operations=42
	Map-Reduce Framework
		Map input records=500000
		Map output records=500000
		Map output bytes=26000000
		Map output materialized bytes=294
		Input split bytes=123
		Combine input records=500000
		Combine output records=5
		Spilled Records=5
		Failed Shuffles=0
		Merged Map outputs=0
		GC time elapsed (ms)=215
		Total committed heap usage (bytes)=349175808
	File Input Format Counters 
		Bytes Read=36688385
26/03/02 03:40:55 INFO mapred.LocalJobRunner: Finishing task: attempt_local1218830881_0003_m_000000_0
26/03/02 03:40:55 INFO mapred.LocalJobRunner: map task executor complete.
26/03/02 03:40:55 INFO mapred.LocalJobRunner: Waiting for reduce tasks
26/03/02 03:40:55 INFO mapred.LocalJobRunner: Starting task: attempt_local1218830881_0003_r_000000_0
26/03/02 03:40:55 INFO output.FileOutputCommitter: File Output Committer Algorithm version is 1
26/03/02 03:40:55 INFO mapred.Task:  Using ResourceCalculatorProcessTree : [ ]
26/03/02 03:40:55 INFO mapred.ReduceTask: Using ShuffleConsumerPlugin: org.apache.hadoop.mapreduce.task.reduce.Shuffle@62ffc232
26/03/02 03:40:55 INFO reduce.MergeManagerImpl: MergerManager: memoryLimit=334338464, maxSingleShuffleLimit=83584616, mergeThreshold=220663392, ioSortFactor=10, memToMemMergeOutputsThreshold=10
26/03/02 03:40:55 INFO reduce.EventFetcher: attempt_local1218830881_0003_r_000000_0 Thread started: EventFetcher for fetching Map Completion Events
26/03/02 03:40:55 INFO reduce.LocalFetcher: localfetcher#9 about to shuffle output of map attempt_local1218830881_0003_m_000000_0 decomp: 110 len: 114 to MEMORY
26/03/02 03:40:55 INFO reduce.InMemoryMapOutput: Read 110 bytes from map-output for attempt_local1218830881_0003_m_000000_0
26/03/02 03:40:55 INFO reduce.MergeManagerImpl: closeInMemoryFile -> map-output of size: 110, inMemoryMapOutputs.size() -> 1, commitMemory -> 0, usedMemory ->110
26/03/02 03:40:55 INFO reduce.EventFetcher: EventFetcher is interrupted.. Returning
26/03/02 03:40:55 INFO mapred.LocalJobRunner: 1 / 1 copied.
26/03/02 03:40:55 INFO reduce.MergeManagerImpl: finalMerge called with 1 in-memory map-outputs and 0 on-disk map-outputs
26/03/02 03:40:55 INFO mapred.Merger: Merging 1 sorted segments
26/03/02 03:40:55 INFO mapred.Merger: Down to the last merge-pass, with 1 segments left of total size: 104 bytes
26/03/02 03:40:55 INFO reduce.MergeManagerImpl: Merged 1 segments, 110 bytes to disk to satisfy reduce memory limit
26/03/02 03:40:55 INFO reduce.MergeManagerImpl: Merging 1 files, 114 bytes from disk
26/03/02 03:40:55 INFO reduce.MergeManagerImpl: Merging 0 segments, 0 bytes from memory into reduce
26/03/02 03:40:55 INFO mapred.Merger: Merging 1 sorted segments
26/03/02 03:40:55 INFO mapred.Merger: Down to the last merge-pass, with 1 segments left of total size: 104 bytes
26/03/02 03:40:55 INFO mapred.LocalJobRunner: 1 / 1 copied.
26/03/02 03:40:55 INFO mapred.Task: Task:attempt_local1218830881_0003_r_000000_0 is done. And is in the process of committing
26/03/02 03:40:55 INFO mapred.LocalJobRunner: 1 / 1 copied.
26/03/02 03:40:55 INFO mapred.Task: Task attempt_local1218830881_0003_r_000000_0 is allowed to commit now
26/03/02 03:40:55 INFO output.FileOutputCommitter: Saved output of task 'attempt_local1218830881_0003_r_000000_0' to hdfs://localhost:9000/project2/task2/runs_report_plus/scale500k_opt/iter_3/_temporary/0/task_local1218830881_0003_r_000000
26/03/02 03:40:55 INFO mapred.LocalJobRunner: reduce > reduce
26/03/02 03:40:55 INFO mapred.Task: Task 'attempt_local1218830881_0003_r_000000_0' done.
26/03/02 03:40:55 INFO mapred.Task: Final Counters for attempt_local1218830881_0003_r_000000_0: Counters: 29
	File System Counters
		FILE: Number of bytes read=436911
		FILE: Number of bytes written=1323781
		FILE: Number of read operations=0
		FILE: Number of large read operations=0
		FILE: Number of write operations=0
		HDFS: Number of bytes read=110070601
		HDFS: Number of bytes written=2364
		HDFS: Number of read operations=136
		HDFS: Number of large read operations=0
		HDFS: Number of write operations=44
	Map-Reduce Framework
		Combine input records=0
		Combine output records=0
		Reduce input groups=2
		Reduce shuffle bytes=114
		Reduce input records=2
		Reduce output records=2
		Spilled Records=2
		Shuffled Maps =1
		Failed Shuffles=0
		Merged Map outputs=1
		GC time elapsed (ms)=0
		Total committed heap usage (bytes)=349175808
	Shuffle Errors
		BAD_ID=0
		CONNECTION=0
		IO_ERROR=0
		WRONG_LENGTH=0
		WRONG_MAP=0
		WRONG_REDUCE=0
	File Output Format Counters 
		Bytes Written=207
26/03/02 03:40:55 INFO mapred.LocalJobRunner: Finishing task: attempt_local1218830881_0003_r_000000_0
26/03/02 03:40:55 INFO mapred.LocalJobRunner: Starting task: attempt_local1218830881_0003_r_000001_0
26/03/02 03:40:55 INFO output.FileOutputCommitter: File Output Committer Algorithm version is 1
26/03/02 03:40:55 INFO mapred.Task:  Using ResourceCalculatorProcessTree : [ ]
26/03/02 03:40:55 INFO mapred.ReduceTask: Using ShuffleConsumerPlugin: org.apache.hadoop.mapreduce.task.reduce.Shuffle@31f793e6
26/03/02 03:40:55 INFO reduce.MergeManagerImpl: MergerManager: memoryLimit=334338464, maxSingleShuffleLimit=83584616, mergeThreshold=220663392, ioSortFactor=10, memToMemMergeOutputsThreshold=10
26/03/02 03:40:55 INFO reduce.EventFetcher: attempt_local1218830881_0003_r_000001_0 Thread started: EventFetcher for fetching Map Completion Events
26/03/02 03:40:55 INFO reduce.LocalFetcher: localfetcher#10 about to shuffle output of map attempt_local1218830881_0003_m_000000_0 decomp: 56 len: 60 to MEMORY
26/03/02 03:40:55 INFO reduce.InMemoryMapOutput: Read 56 bytes from map-output for attempt_local1218830881_0003_m_000000_0
26/03/02 03:40:55 INFO reduce.MergeManagerImpl: closeInMemoryFile -> map-output of size: 56, inMemoryMapOutputs.size() -> 1, commitMemory -> 0, usedMemory ->56
26/03/02 03:40:55 INFO reduce.EventFetcher: EventFetcher is interrupted.. Returning
26/03/02 03:40:55 INFO mapred.LocalJobRunner: 1 / 1 copied.
26/03/02 03:40:55 INFO reduce.MergeManagerImpl: finalMerge called with 1 in-memory map-outputs and 0 on-disk map-outputs
26/03/02 03:40:55 INFO mapred.Merger: Merging 1 sorted segments
26/03/02 03:40:55 INFO mapred.Merger: Down to the last merge-pass, with 1 segments left of total size: 50 bytes
26/03/02 03:40:55 INFO reduce.MergeManagerImpl: Merged 1 segments, 56 bytes to disk to satisfy reduce memory limit
26/03/02 03:40:55 INFO reduce.MergeManagerImpl: Merging 1 files, 60 bytes from disk
26/03/02 03:40:55 INFO reduce.MergeManagerImpl: Merging 0 segments, 0 bytes from memory into reduce
26/03/02 03:40:55 INFO mapred.Merger: Merging 1 sorted segments
26/03/02 03:40:55 INFO mapred.Merger: Down to the last merge-pass, with 1 segments left of total size: 50 bytes
26/03/02 03:40:55 INFO mapred.LocalJobRunner: 1 / 1 copied.
26/03/02 03:40:55 INFO mapred.Task: Task:attempt_local1218830881_0003_r_000001_0 is done. And is in the process of committing
26/03/02 03:40:55 INFO mapred.LocalJobRunner: 1 / 1 copied.
26/03/02 03:40:55 INFO mapred.Task: Task attempt_local1218830881_0003_r_000001_0 is allowed to commit now
26/03/02 03:40:55 INFO output.FileOutputCommitter: Saved output of task 'attempt_local1218830881_0003_r_000001_0' to hdfs://localhost:9000/project2/task2/runs_report_plus/scale500k_opt/iter_3/_temporary/0/task_local1218830881_0003_r_000001
26/03/02 03:40:55 INFO mapred.LocalJobRunner: reduce > reduce
26/03/02 03:40:55 INFO mapred.Task: Task 'attempt_local1218830881_0003_r_000001_0' done.
26/03/02 03:40:55 INFO mapred.Task: Final Counters for attempt_local1218830881_0003_r_000001_0: Counters: 29
	File System Counters
		FILE: Number of bytes read=437255
		FILE: Number of bytes written=1323841
		FILE: Number of read operations=0
		FILE: Number of large read operations=0
		FILE: Number of write operations=0
		HDFS: Number of bytes read=110070601
		HDFS: Number of bytes written=2469
		HDFS: Number of read operations=139
		HDFS: Number of large read operations=0
		HDFS: Number of write operations=46
	Map-Reduce Framework
		Combine input records=0
		Combine output records=0
		Reduce input groups=1
		Reduce shuffle bytes=60
		Reduce input records=1
		Reduce output records=1
		Spilled Records=1
		Shuffled Maps =1
		Failed Shuffles=0
		Merged Map outputs=1
		GC time elapsed (ms)=0
		Total committed heap usage (bytes)=349175808
	Shuffle Errors
		BAD_ID=0
		CONNECTION=0
		IO_ERROR=0
		WRONG_LENGTH=0
		WRONG_MAP=0
		WRONG_REDUCE=0
	File Output Format Counters 
		Bytes Written=105
26/03/02 03:40:55 INFO mapred.LocalJobRunner: Finishing task: attempt_local1218830881_0003_r_000001_0
26/03/02 03:40:55 INFO mapred.LocalJobRunner: Starting task: attempt_local1218830881_0003_r_000002_0
26/03/02 03:40:55 INFO output.FileOutputCommitter: File Output Committer Algorithm version is 1
26/03/02 03:40:55 INFO mapred.Task:  Using ResourceCalculatorProcessTree : [ ]
26/03/02 03:40:55 INFO mapred.ReduceTask: Using ShuffleConsumerPlugin: org.apache.hadoop.mapreduce.task.reduce.Shuffle@497a827a
26/03/02 03:40:55 INFO reduce.MergeManagerImpl: MergerManager: memoryLimit=334338464, maxSingleShuffleLimit=83584616, mergeThreshold=220663392, ioSortFactor=10, memToMemMergeOutputsThreshold=10
26/03/02 03:40:55 INFO reduce.EventFetcher: attempt_local1218830881_0003_r_000002_0 Thread started: EventFetcher for fetching Map Completion Events
26/03/02 03:40:55 INFO reduce.LocalFetcher: localfetcher#11 about to shuffle output of map attempt_local1218830881_0003_m_000000_0 decomp: 56 len: 60 to MEMORY
26/03/02 03:40:55 INFO reduce.InMemoryMapOutput: Read 56 bytes from map-output for attempt_local1218830881_0003_m_000000_0
26/03/02 03:40:55 INFO reduce.MergeManagerImpl: closeInMemoryFile -> map-output of size: 56, inMemoryMapOutputs.size() -> 1, commitMemory -> 0, usedMemory ->56
26/03/02 03:40:55 INFO reduce.EventFetcher: EventFetcher is interrupted.. Returning
26/03/02 03:40:55 INFO mapred.LocalJobRunner: 1 / 1 copied.
26/03/02 03:40:55 INFO reduce.MergeManagerImpl: finalMerge called with 1 in-memory map-outputs and 0 on-disk map-outputs
26/03/02 03:40:55 INFO mapred.Merger: Merging 1 sorted segments
26/03/02 03:40:55 INFO mapred.Merger: Down to the last merge-pass, with 1 segments left of total size: 50 bytes
26/03/02 03:40:55 INFO reduce.MergeManagerImpl: Merged 1 segments, 56 bytes to disk to satisfy reduce memory limit
26/03/02 03:40:55 INFO reduce.MergeManagerImpl: Merging 1 files, 60 bytes from disk
26/03/02 03:40:55 INFO reduce.MergeManagerImpl: Merging 0 segments, 0 bytes from memory into reduce
26/03/02 03:40:55 INFO mapred.Merger: Merging 1 sorted segments
26/03/02 03:40:55 INFO mapred.Merger: Down to the last merge-pass, with 1 segments left of total size: 50 bytes
26/03/02 03:40:55 INFO mapred.LocalJobRunner: 1 / 1 copied.
26/03/02 03:40:55 INFO mapred.Task: Task:attempt_local1218830881_0003_r_000002_0 is done. And is in the process of committing
26/03/02 03:40:55 INFO mapred.LocalJobRunner: 1 / 1 copied.
26/03/02 03:40:55 INFO mapred.Task: Task attempt_local1218830881_0003_r_000002_0 is allowed to commit now
26/03/02 03:40:55 INFO output.FileOutputCommitter: Saved output of task 'attempt_local1218830881_0003_r_000002_0' to hdfs://localhost:9000/project2/task2/runs_report_plus/scale500k_opt/iter_3/_temporary/0/task_local1218830881_0003_r_000002
26/03/02 03:40:55 INFO mapred.LocalJobRunner: reduce > reduce
26/03/02 03:40:55 INFO mapred.Task: Task 'attempt_local1218830881_0003_r_000002_0' done.
26/03/02 03:40:55 INFO mapred.Task: Final Counters for attempt_local1218830881_0003_r_000002_0: Counters: 29
	File System Counters
		FILE: Number of bytes read=437539
		FILE: Number of bytes written=1323901
		FILE: Number of read operations=0
		FILE: Number of large read operations=0
		FILE: Number of write operations=0
		HDFS: Number of bytes read=110070601
		HDFS: Number of bytes written=2573
		HDFS: Number of read operations=142
		HDFS: Number of large read operations=0
		HDFS: Number of write operations=48
	Map-Reduce Framework
		Combine input records=0
		Combine output records=0
		Reduce input groups=1
		Reduce shuffle bytes=60
		Reduce input records=1
		Reduce output records=1
		Spilled Records=1
		Shuffled Maps =1
		Failed Shuffles=0
		Merged Map outputs=1
		GC time elapsed (ms)=0
		Total committed heap usage (bytes)=349175808
	Shuffle Errors
		BAD_ID=0
		CONNECTION=0
		IO_ERROR=0
		WRONG_LENGTH=0
		WRONG_MAP=0
		WRONG_REDUCE=0
	File Output Format Counters 
		Bytes Written=104
26/03/02 03:40:55 INFO mapred.LocalJobRunner: Finishing task: attempt_local1218830881_0003_r_000002_0
26/03/02 03:40:55 INFO mapred.LocalJobRunner: Starting task: attempt_local1218830881_0003_r_000003_0
26/03/02 03:40:55 INFO output.FileOutputCommitter: File Output Committer Algorithm version is 1
26/03/02 03:40:55 INFO mapred.Task:  Using ResourceCalculatorProcessTree : [ ]
26/03/02 03:40:55 INFO mapred.ReduceTask: Using ShuffleConsumerPlugin: org.apache.hadoop.mapreduce.task.reduce.Shuffle@527e6a59
26/03/02 03:40:55 INFO reduce.MergeManagerImpl: MergerManager: memoryLimit=334338464, maxSingleShuffleLimit=83584616, mergeThreshold=220663392, ioSortFactor=10, memToMemMergeOutputsThreshold=10
26/03/02 03:40:55 INFO reduce.EventFetcher: attempt_local1218830881_0003_r_000003_0 Thread started: EventFetcher for fetching Map Completion Events
26/03/02 03:40:55 INFO reduce.LocalFetcher: localfetcher#12 about to shuffle output of map attempt_local1218830881_0003_m_000000_0 decomp: 56 len: 60 to MEMORY
26/03/02 03:40:55 INFO reduce.InMemoryMapOutput: Read 56 bytes from map-output for attempt_local1218830881_0003_m_000000_0
26/03/02 03:40:55 INFO reduce.MergeManagerImpl: closeInMemoryFile -> map-output of size: 56, inMemoryMapOutputs.size() -> 1, commitMemory -> 0, usedMemory ->56
26/03/02 03:40:55 INFO reduce.EventFetcher: EventFetcher is interrupted.. Returning
26/03/02 03:40:55 INFO mapred.LocalJobRunner: 1 / 1 copied.
26/03/02 03:40:55 INFO reduce.MergeManagerImpl: finalMerge called with 1 in-memory map-outputs and 0 on-disk map-outputs
26/03/02 03:40:55 INFO mapred.Merger: Merging 1 sorted segments
26/03/02 03:40:55 INFO mapred.Merger: Down to the last merge-pass, with 1 segments left of total size: 50 bytes
26/03/02 03:40:55 INFO reduce.MergeManagerImpl: Merged 1 segments, 56 bytes to disk to satisfy reduce memory limit
26/03/02 03:40:55 INFO reduce.MergeManagerImpl: Merging 1 files, 60 bytes from disk
26/03/02 03:40:55 INFO reduce.MergeManagerImpl: Merging 0 segments, 0 bytes from memory into reduce
26/03/02 03:40:55 INFO mapred.Merger: Merging 1 sorted segments
26/03/02 03:40:55 INFO mapred.Merger: Down to the last merge-pass, with 1 segments left of total size: 50 bytes
26/03/02 03:40:55 INFO mapred.LocalJobRunner: 1 / 1 copied.
26/03/02 03:40:55 INFO mapreduce.Job: Job job_local1218830881_0003 running in uber mode : false
26/03/02 03:40:55 INFO mapreduce.Job:  map 100% reduce 75%
26/03/02 03:40:55 INFO mapred.Task: Task:attempt_local1218830881_0003_r_000003_0 is done. And is in the process of committing
26/03/02 03:40:55 INFO mapred.LocalJobRunner: 1 / 1 copied.
26/03/02 03:40:55 INFO mapred.Task: Task attempt_local1218830881_0003_r_000003_0 is allowed to commit now
26/03/02 03:40:55 INFO output.FileOutputCommitter: Saved output of task 'attempt_local1218830881_0003_r_000003_0' to hdfs://localhost:9000/project2/task2/runs_report_plus/scale500k_opt/iter_3/_temporary/0/task_local1218830881_0003_r_000003
26/03/02 03:40:55 INFO mapred.LocalJobRunner: reduce > reduce
26/03/02 03:40:55 INFO mapred.Task: Task 'attempt_local1218830881_0003_r_000003_0' done.
26/03/02 03:40:55 INFO mapred.Task: Final Counters for attempt_local1218830881_0003_r_000003_0: Counters: 29
	File System Counters
		FILE: Number of bytes read=437763
		FILE: Number of bytes written=1323961
		FILE: Number of read operations=0
		FILE: Number of large read operations=0
		FILE: Number of write operations=0
		HDFS: Number of bytes read=110070601
		HDFS: Number of bytes written=2677
		HDFS: Number of read operations=145
		HDFS: Number of large read operations=0
		HDFS: Number of write operations=50
	Map-Reduce Framework
		Combine input records=0
		Combine output records=0
		Reduce input groups=1
		Reduce shuffle bytes=60
		Reduce input records=1
		Reduce output records=1
		Spilled Records=1
		Shuffled Maps =1
		Failed Shuffles=0
		Merged Map outputs=1
		GC time elapsed (ms)=0
		Total committed heap usage (bytes)=349175808
	Shuffle Errors
		BAD_ID=0
		CONNECTION=0
		IO_ERROR=0
		WRONG_LENGTH=0
		WRONG_MAP=0
		WRONG_REDUCE=0
	File Output Format Counters 
		Bytes Written=104
26/03/02 03:40:55 INFO mapred.LocalJobRunner: Finishing task: attempt_local1218830881_0003_r_000003_0
26/03/02 03:40:55 INFO mapred.LocalJobRunner: reduce task executor complete.
26/03/02 03:40:56 INFO mapreduce.Job:  map 100% reduce 100%
26/03/02 03:40:56 INFO mapreduce.Job: Job job_local1218830881_0003 completed successfully
26/03/02 03:40:56 INFO mapreduce.Job: Counters: 35
	File System Counters
		FILE: Number of bytes read=2185867
		FILE: Number of bytes written=6619151
		FILE: Number of read operations=0
		FILE: Number of large read operations=0
		FILE: Number of write operations=0
		HDFS: Number of bytes read=550353005
		HDFS: Number of bytes written=12240
		HDFS: Number of read operations=695
		HDFS: Number of large read operations=0
		HDFS: Number of write operations=230
	Map-Reduce Framework
		Map input records=500000
		Map output records=500000
		Map output bytes=26000000
		Map output materialized bytes=294
		Input split bytes=123
		Combine input records=500000
		Combine output records=5
		Reduce input groups=5
		Reduce shuffle bytes=294
		Reduce input records=5
		Reduce output records=5
		Spilled Records=10
		Shuffled Maps =4
		Failed Shuffles=0
		Merged Map outputs=4
		GC time elapsed (ms)=215
		Total committed heap usage (bytes)=1745879040
	Shuffle Errors
		BAD_ID=0
		CONNECTION=0
		IO_ERROR=0
		WRONG_LENGTH=0
		WRONG_MAP=0
		WRONG_REDUCE=0
	File Input Format Counters 
		Bytes Read=36688385
	File Output Format Counters 
		Bytes Written=520
26/03/02 03:40:56 INFO jvm.JvmMetrics: Cannot initialize JVM Metrics with processName=JobTracker, sessionId= - already initialized
26/03/02 03:40:56 WARN mapreduce.JobResourceUploader: Hadoop command-line option parsing not performed. Implement the Tool interface and execute your application with ToolRunner to remedy this.
26/03/02 03:40:56 INFO input.FileInputFormat: Total input paths to process : 1
26/03/02 03:40:56 INFO mapreduce.JobSubmitter: number of splits:1
26/03/02 03:40:56 INFO mapreduce.JobSubmitter: Submitting tokens for job: job_local1923780744_0004
26/03/02 03:40:56 INFO mapred.LocalDistributedCacheManager: Creating symlink: /tmp/hadoop-ds503/mapred/local/1772422856780/centers_iter_3.csv <- /home/ds503/centers_iter_3.csv
26/03/02 03:40:56 INFO mapred.LocalDistributedCacheManager: Localized hdfs://localhost:9000/project2/task2/runs_report_plus/scale500k_opt/centers_iter_3.csv as file:/tmp/hadoop-ds503/mapred/local/1772422856780/centers_iter_3.csv
26/03/02 03:40:56 INFO mapreduce.Job: The url to track the job: http://localhost:8080/
26/03/02 03:40:56 INFO mapreduce.Job: Running job: job_local1923780744_0004
26/03/02 03:40:56 INFO mapred.LocalJobRunner: OutputCommitter set in config null
26/03/02 03:40:56 INFO output.FileOutputCommitter: File Output Committer Algorithm version is 1
26/03/02 03:40:56 INFO mapred.LocalJobRunner: OutputCommitter is org.apache.hadoop.mapreduce.lib.output.FileOutputCommitter
26/03/02 03:40:56 INFO mapred.LocalJobRunner: Waiting for map tasks
26/03/02 03:40:56 INFO mapred.LocalJobRunner: Starting task: attempt_local1923780744_0004_m_000000_0
26/03/02 03:40:56 INFO output.FileOutputCommitter: File Output Committer Algorithm version is 1
26/03/02 03:40:56 INFO mapred.Task:  Using ResourceCalculatorProcessTree : [ ]
26/03/02 03:40:56 INFO mapred.MapTask: Processing split: hdfs://localhost:9000/project2/task2/input/points_500k.csv:0+36688385
26/03/02 03:40:56 INFO mapred.MapTask: (EQUATOR) 0 kvi 26214396(104857584)
26/03/02 03:40:56 INFO mapred.MapTask: mapreduce.task.io.sort.mb: 100
26/03/02 03:40:56 INFO mapred.MapTask: soft limit at 83886080
26/03/02 03:40:56 INFO mapred.MapTask: bufstart = 0; bufvoid = 104857600
26/03/02 03:40:56 INFO mapred.MapTask: kvstart = 26214396; length = 6553600
26/03/02 03:40:56 INFO mapred.MapTask: Map output collector class = org.apache.hadoop.mapred.MapTask$MapOutputBuffer
26/03/02 03:40:57 INFO mapred.LocalJobRunner: 
26/03/02 03:40:57 INFO mapred.MapTask: Starting flush of map output
26/03/02 03:40:57 INFO mapred.MapTask: Spilling map output
26/03/02 03:40:57 INFO mapred.MapTask: bufstart = 0; bufend = 26000000; bufvoid = 104857600
26/03/02 03:40:57 INFO mapred.MapTask: kvstart = 26214396(104857584); kvend = 24214400(96857600); length = 1999997/6553600
26/03/02 03:40:57 INFO mapred.MapTask: Finished spill 0
26/03/02 03:40:57 INFO mapred.Task: Task:attempt_local1923780744_0004_m_000000_0 is done. And is in the process of committing
26/03/02 03:40:57 INFO mapred.LocalJobRunner: map
26/03/02 03:40:57 INFO mapred.Task: Task 'attempt_local1923780744_0004_m_000000_0' done.
26/03/02 03:40:57 INFO mapred.Task: Final Counters for attempt_local1923780744_0004_m_000000_0: Counters: 23
	File System Counters
		FILE: Number of bytes read=582320
		FILE: Number of bytes written=1766049
		FILE: Number of read operations=0
		FILE: Number of large read operations=0
		FILE: Number of write operations=0
		HDFS: Number of bytes read=146761161
		HDFS: Number of bytes written=3057
		HDFS: Number of read operations=189
		HDFS: Number of large read operations=0
		HDFS: Number of write operations=60
	Map-Reduce Framework
		Map input records=500000
		Map output records=500000
		Map output bytes=26000000
		Map output materialized bytes=294
		Input split bytes=123
		Combine input records=500000
		Combine output records=5
		Spilled Records=5
		Failed Shuffles=0
		Merged Map outputs=0
		GC time elapsed (ms)=156
		Total committed heap usage (bytes)=428867584
	File Input Format Counters 
		Bytes Read=36688385
26/03/02 03:40:57 INFO mapred.LocalJobRunner: Finishing task: attempt_local1923780744_0004_m_000000_0
26/03/02 03:40:57 INFO mapred.LocalJobRunner: map task executor complete.
26/03/02 03:40:57 INFO mapred.LocalJobRunner: Waiting for reduce tasks
26/03/02 03:40:57 INFO mapred.LocalJobRunner: Starting task: attempt_local1923780744_0004_r_000000_0
26/03/02 03:40:57 INFO output.FileOutputCommitter: File Output Committer Algorithm version is 1
26/03/02 03:40:57 INFO mapred.Task:  Using ResourceCalculatorProcessTree : [ ]
26/03/02 03:40:57 INFO mapred.ReduceTask: Using ShuffleConsumerPlugin: org.apache.hadoop.mapreduce.task.reduce.Shuffle@29d7fee0
26/03/02 03:40:57 INFO reduce.MergeManagerImpl: MergerManager: memoryLimit=334338464, maxSingleShuffleLimit=83584616, mergeThreshold=220663392, ioSortFactor=10, memToMemMergeOutputsThreshold=10
26/03/02 03:40:57 INFO reduce.EventFetcher: attempt_local1923780744_0004_r_000000_0 Thread started: EventFetcher for fetching Map Completion Events
26/03/02 03:40:57 INFO reduce.LocalFetcher: localfetcher#13 about to shuffle output of map attempt_local1923780744_0004_m_000000_0 decomp: 110 len: 114 to MEMORY
26/03/02 03:40:57 INFO reduce.InMemoryMapOutput: Read 110 bytes from map-output for attempt_local1923780744_0004_m_000000_0
26/03/02 03:40:57 INFO reduce.MergeManagerImpl: closeInMemoryFile -> map-output of size: 110, inMemoryMapOutputs.size() -> 1, commitMemory -> 0, usedMemory ->110
26/03/02 03:40:57 INFO reduce.EventFetcher: EventFetcher is interrupted.. Returning
26/03/02 03:40:57 INFO mapred.LocalJobRunner: 1 / 1 copied.
26/03/02 03:40:57 INFO reduce.MergeManagerImpl: finalMerge called with 1 in-memory map-outputs and 0 on-disk map-outputs
26/03/02 03:40:57 INFO mapred.Merger: Merging 1 sorted segments
26/03/02 03:40:57 INFO mapred.Merger: Down to the last merge-pass, with 1 segments left of total size: 104 bytes
26/03/02 03:40:57 INFO reduce.MergeManagerImpl: Merged 1 segments, 110 bytes to disk to satisfy reduce memory limit
26/03/02 03:40:57 INFO reduce.MergeManagerImpl: Merging 1 files, 114 bytes from disk
26/03/02 03:40:57 INFO reduce.MergeManagerImpl: Merging 0 segments, 0 bytes from memory into reduce
26/03/02 03:40:57 INFO mapred.Merger: Merging 1 sorted segments
26/03/02 03:40:57 INFO mapred.Merger: Down to the last merge-pass, with 1 segments left of total size: 104 bytes
26/03/02 03:40:57 INFO mapred.LocalJobRunner: 1 / 1 copied.
26/03/02 03:40:57 INFO mapred.Task: Task:attempt_local1923780744_0004_r_000000_0 is done. And is in the process of committing
26/03/02 03:40:57 INFO mapred.LocalJobRunner: 1 / 1 copied.
26/03/02 03:40:57 INFO mapred.Task: Task attempt_local1923780744_0004_r_000000_0 is allowed to commit now
26/03/02 03:40:57 INFO output.FileOutputCommitter: Saved output of task 'attempt_local1923780744_0004_r_000000_0' to hdfs://localhost:9000/project2/task2/runs_report_plus/scale500k_opt/iter_4/_temporary/0/task_local1923780744_0004_r_000000
26/03/02 03:40:57 INFO mapred.LocalJobRunner: reduce > reduce
26/03/02 03:40:57 INFO mapred.Task: Task 'attempt_local1923780744_0004_r_000000_0' done.
26/03/02 03:40:57 INFO mapred.Task: Final Counters for attempt_local1923780744_0004_r_000000_0: Counters: 29
	File System Counters
		FILE: Number of bytes read=582832
		FILE: Number of bytes written=1766163
		FILE: Number of read operations=0
		FILE: Number of large read operations=0
		FILE: Number of write operations=0
		HDFS: Number of bytes read=146761161
		HDFS: Number of bytes written=3262
		HDFS: Number of read operations=192
		HDFS: Number of large read operations=0
		HDFS: Number of write operations=62
	Map-Reduce Framework
		Combine input records=0
		Combine output records=0
		Reduce input groups=2
		Reduce shuffle bytes=114
		Reduce input records=2
		Reduce output records=2
		Spilled Records=2
		Shuffled Maps =1
		Failed Shuffles=0
		Merged Map outputs=1
		GC time elapsed (ms)=0
		Total committed heap usage (bytes)=428867584
	Shuffle Errors
		BAD_ID=0
		CONNECTION=0
		IO_ERROR=0
		WRONG_LENGTH=0
		WRONG_MAP=0
		WRONG_REDUCE=0
	File Output Format Counters 
		Bytes Written=205
26/03/02 03:40:57 INFO mapred.LocalJobRunner: Finishing task: attempt_local1923780744_0004_r_000000_0
26/03/02 03:40:57 INFO mapred.LocalJobRunner: Starting task: attempt_local1923780744_0004_r_000001_0
26/03/02 03:40:57 INFO output.FileOutputCommitter: File Output Committer Algorithm version is 1
26/03/02 03:40:57 INFO mapred.Task:  Using ResourceCalculatorProcessTree : [ ]
26/03/02 03:40:57 INFO mapred.ReduceTask: Using ShuffleConsumerPlugin: org.apache.hadoop.mapreduce.task.reduce.Shuffle@709bcd4a
26/03/02 03:40:57 INFO reduce.MergeManagerImpl: MergerManager: memoryLimit=334338464, maxSingleShuffleLimit=83584616, mergeThreshold=220663392, ioSortFactor=10, memToMemMergeOutputsThreshold=10
26/03/02 03:40:57 INFO reduce.EventFetcher: attempt_local1923780744_0004_r_000001_0 Thread started: EventFetcher for fetching Map Completion Events
26/03/02 03:40:57 INFO reduce.LocalFetcher: localfetcher#14 about to shuffle output of map attempt_local1923780744_0004_m_000000_0 decomp: 56 len: 60 to MEMORY
26/03/02 03:40:57 INFO reduce.InMemoryMapOutput: Read 56 bytes from map-output for attempt_local1923780744_0004_m_000000_0
26/03/02 03:40:57 INFO reduce.MergeManagerImpl: closeInMemoryFile -> map-output of size: 56, inMemoryMapOutputs.size() -> 1, commitMemory -> 0, usedMemory ->56
26/03/02 03:40:57 INFO reduce.EventFetcher: EventFetcher is interrupted.. Returning
26/03/02 03:40:57 INFO mapred.LocalJobRunner: 1 / 1 copied.
26/03/02 03:40:57 INFO reduce.MergeManagerImpl: finalMerge called with 1 in-memory map-outputs and 0 on-disk map-outputs
26/03/02 03:40:57 INFO mapred.Merger: Merging 1 sorted segments
26/03/02 03:40:57 INFO mapred.Merger: Down to the last merge-pass, with 1 segments left of total size: 50 bytes
26/03/02 03:40:57 INFO reduce.MergeManagerImpl: Merged 1 segments, 56 bytes to disk to satisfy reduce memory limit
26/03/02 03:40:57 INFO reduce.MergeManagerImpl: Merging 1 files, 60 bytes from disk
26/03/02 03:40:57 INFO reduce.MergeManagerImpl: Merging 0 segments, 0 bytes from memory into reduce
26/03/02 03:40:57 INFO mapred.Merger: Merging 1 sorted segments
26/03/02 03:40:57 INFO mapred.Merger: Down to the last merge-pass, with 1 segments left of total size: 50 bytes
26/03/02 03:40:57 INFO mapred.LocalJobRunner: 1 / 1 copied.
26/03/02 03:40:57 INFO mapred.Task: Task:attempt_local1923780744_0004_r_000001_0 is done. And is in the process of committing
26/03/02 03:40:57 INFO mapred.LocalJobRunner: 1 / 1 copied.
26/03/02 03:40:57 INFO mapred.Task: Task attempt_local1923780744_0004_r_000001_0 is allowed to commit now
26/03/02 03:40:57 INFO output.FileOutputCommitter: Saved output of task 'attempt_local1923780744_0004_r_000001_0' to hdfs://localhost:9000/project2/task2/runs_report_plus/scale500k_opt/iter_4/_temporary/0/task_local1923780744_0004_r_000001
26/03/02 03:40:57 INFO mapred.LocalJobRunner: reduce > reduce
26/03/02 03:40:57 INFO mapred.Task: Task 'attempt_local1923780744_0004_r_000001_0' done.
26/03/02 03:40:57 INFO mapred.Task: Final Counters for attempt_local1923780744_0004_r_000001_0: Counters: 29
	File System Counters
		FILE: Number of bytes read=583176
		FILE: Number of bytes written=1766223
		FILE: Number of read operations=0
		FILE: Number of large read operations=0
		FILE: Number of write operations=0
		HDFS: Number of bytes read=146761161
		HDFS: Number of bytes written=3366
		HDFS: Number of read operations=195
		HDFS: Number of large read operations=0
		HDFS: Number of write operations=64
	Map-Reduce Framework
		Combine input records=0
		Combine output records=0
		Reduce input groups=1
		Reduce shuffle bytes=60
		Reduce input records=1
		Reduce output records=1
		Spilled Records=1
		Shuffled Maps =1
		Failed Shuffles=0
		Merged Map outputs=1
		GC time elapsed (ms)=0
		Total committed heap usage (bytes)=428867584
	Shuffle Errors
		BAD_ID=0
		CONNECTION=0
		IO_ERROR=0
		WRONG_LENGTH=0
		WRONG_MAP=0
		WRONG_REDUCE=0
	File Output Format Counters 
		Bytes Written=104
26/03/02 03:40:57 INFO mapred.LocalJobRunner: Finishing task: attempt_local1923780744_0004_r_000001_0
26/03/02 03:40:57 INFO mapred.LocalJobRunner: Starting task: attempt_local1923780744_0004_r_000002_0
26/03/02 03:40:57 INFO output.FileOutputCommitter: File Output Committer Algorithm version is 1
26/03/02 03:40:57 INFO mapred.Task:  Using ResourceCalculatorProcessTree : [ ]
26/03/02 03:40:57 INFO mapred.ReduceTask: Using ShuffleConsumerPlugin: org.apache.hadoop.mapreduce.task.reduce.Shuffle@8dd37d3
26/03/02 03:40:57 INFO reduce.MergeManagerImpl: MergerManager: memoryLimit=334338464, maxSingleShuffleLimit=83584616, mergeThreshold=220663392, ioSortFactor=10, memToMemMergeOutputsThreshold=10
26/03/02 03:40:57 INFO reduce.EventFetcher: attempt_local1923780744_0004_r_000002_0 Thread started: EventFetcher for fetching Map Completion Events
26/03/02 03:40:57 INFO reduce.LocalFetcher: localfetcher#15 about to shuffle output of map attempt_local1923780744_0004_m_000000_0 decomp: 56 len: 60 to MEMORY
26/03/02 03:40:57 INFO reduce.InMemoryMapOutput: Read 56 bytes from map-output for attempt_local1923780744_0004_m_000000_0
26/03/02 03:40:57 INFO reduce.MergeManagerImpl: closeInMemoryFile -> map-output of size: 56, inMemoryMapOutputs.size() -> 1, commitMemory -> 0, usedMemory ->56
26/03/02 03:40:57 INFO reduce.EventFetcher: EventFetcher is interrupted.. Returning
26/03/02 03:40:57 INFO mapred.LocalJobRunner: 1 / 1 copied.
26/03/02 03:40:57 INFO reduce.MergeManagerImpl: finalMerge called with 1 in-memory map-outputs and 0 on-disk map-outputs
26/03/02 03:40:57 INFO mapred.Merger: Merging 1 sorted segments
26/03/02 03:40:57 INFO mapred.Merger: Down to the last merge-pass, with 1 segments left of total size: 50 bytes
26/03/02 03:40:57 INFO reduce.MergeManagerImpl: Merged 1 segments, 56 bytes to disk to satisfy reduce memory limit
26/03/02 03:40:57 INFO reduce.MergeManagerImpl: Merging 1 files, 60 bytes from disk
26/03/02 03:40:57 INFO reduce.MergeManagerImpl: Merging 0 segments, 0 bytes from memory into reduce
26/03/02 03:40:57 INFO mapred.Merger: Merging 1 sorted segments
26/03/02 03:40:57 INFO mapred.Merger: Down to the last merge-pass, with 1 segments left of total size: 50 bytes
26/03/02 03:40:57 INFO mapred.LocalJobRunner: 1 / 1 copied.
26/03/02 03:40:57 INFO mapred.Task: Task:attempt_local1923780744_0004_r_000002_0 is done. And is in the process of committing
26/03/02 03:40:57 INFO mapred.LocalJobRunner: 1 / 1 copied.
26/03/02 03:40:57 INFO mapred.Task: Task attempt_local1923780744_0004_r_000002_0 is allowed to commit now
26/03/02 03:40:57 INFO output.FileOutputCommitter: Saved output of task 'attempt_local1923780744_0004_r_000002_0' to hdfs://localhost:9000/project2/task2/runs_report_plus/scale500k_opt/iter_4/_temporary/0/task_local1923780744_0004_r_000002
26/03/02 03:40:57 INFO mapred.LocalJobRunner: reduce > reduce
26/03/02 03:40:57 INFO mapred.Task: Task 'attempt_local1923780744_0004_r_000002_0' done.
26/03/02 03:40:57 INFO mapred.Task: Final Counters for attempt_local1923780744_0004_r_000002_0: Counters: 29
	File System Counters
		FILE: Number of bytes read=583460
		FILE: Number of bytes written=1766283
		FILE: Number of read operations=0
		FILE: Number of large read operations=0
		FILE: Number of write operations=0
		HDFS: Number of bytes read=146761161
		HDFS: Number of bytes written=3469
		HDFS: Number of read operations=198
		HDFS: Number of large read operations=0
		HDFS: Number of write operations=66
	Map-Reduce Framework
		Combine input records=0
		Combine output records=0
		Reduce input groups=1
		Reduce shuffle bytes=60
		Reduce input records=1
		Reduce output records=1
		Spilled Records=1
		Shuffled Maps =1
		Failed Shuffles=0
		Merged Map outputs=1
		GC time elapsed (ms)=0
		Total committed heap usage (bytes)=428867584
	Shuffle Errors
		BAD_ID=0
		CONNECTION=0
		IO_ERROR=0
		WRONG_LENGTH=0
		WRONG_MAP=0
		WRONG_REDUCE=0
	File Output Format Counters 
		Bytes Written=103
26/03/02 03:40:57 INFO mapred.LocalJobRunner: Finishing task: attempt_local1923780744_0004_r_000002_0
26/03/02 03:40:57 INFO mapred.LocalJobRunner: Starting task: attempt_local1923780744_0004_r_000003_0
26/03/02 03:40:57 INFO output.FileOutputCommitter: File Output Committer Algorithm version is 1
26/03/02 03:40:57 INFO mapred.Task:  Using ResourceCalculatorProcessTree : [ ]
26/03/02 03:40:57 INFO mapred.ReduceTask: Using ShuffleConsumerPlugin: org.apache.hadoop.mapreduce.task.reduce.Shuffle@72dbceff
26/03/02 03:40:57 INFO reduce.MergeManagerImpl: MergerManager: memoryLimit=334338464, maxSingleShuffleLimit=83584616, mergeThreshold=220663392, ioSortFactor=10, memToMemMergeOutputsThreshold=10
26/03/02 03:40:57 INFO reduce.EventFetcher: attempt_local1923780744_0004_r_000003_0 Thread started: EventFetcher for fetching Map Completion Events
26/03/02 03:40:57 INFO reduce.LocalFetcher: localfetcher#16 about to shuffle output of map attempt_local1923780744_0004_m_000000_0 decomp: 56 len: 60 to MEMORY
26/03/02 03:40:57 INFO reduce.InMemoryMapOutput: Read 56 bytes from map-output for attempt_local1923780744_0004_m_000000_0
26/03/02 03:40:57 INFO reduce.MergeManagerImpl: closeInMemoryFile -> map-output of size: 56, inMemoryMapOutputs.size() -> 1, commitMemory -> 0, usedMemory ->56
26/03/02 03:40:57 INFO reduce.EventFetcher: EventFetcher is interrupted.. Returning
26/03/02 03:40:57 INFO mapred.LocalJobRunner: 1 / 1 copied.
26/03/02 03:40:57 INFO reduce.MergeManagerImpl: finalMerge called with 1 in-memory map-outputs and 0 on-disk map-outputs
26/03/02 03:40:57 INFO mapred.Merger: Merging 1 sorted segments
26/03/02 03:40:57 INFO mapred.Merger: Down to the last merge-pass, with 1 segments left of total size: 50 bytes
26/03/02 03:40:57 INFO reduce.MergeManagerImpl: Merged 1 segments, 56 bytes to disk to satisfy reduce memory limit
26/03/02 03:40:57 INFO reduce.MergeManagerImpl: Merging 1 files, 60 bytes from disk
26/03/02 03:40:57 INFO reduce.MergeManagerImpl: Merging 0 segments, 0 bytes from memory into reduce
26/03/02 03:40:57 INFO mapred.Merger: Merging 1 sorted segments
26/03/02 03:40:57 INFO mapred.Merger: Down to the last merge-pass, with 1 segments left of total size: 50 bytes
26/03/02 03:40:57 INFO mapred.LocalJobRunner: 1 / 1 copied.
26/03/02 03:40:57 INFO mapred.Task: Task:attempt_local1923780744_0004_r_000003_0 is done. And is in the process of committing
26/03/02 03:40:57 INFO mapred.LocalJobRunner: 1 / 1 copied.
26/03/02 03:40:57 INFO mapred.Task: Task attempt_local1923780744_0004_r_000003_0 is allowed to commit now
26/03/02 03:40:57 INFO output.FileOutputCommitter: Saved output of task 'attempt_local1923780744_0004_r_000003_0' to hdfs://localhost:9000/project2/task2/runs_report_plus/scale500k_opt/iter_4/_temporary/0/task_local1923780744_0004_r_000003
26/03/02 03:40:57 INFO mapred.LocalJobRunner: reduce > reduce
26/03/02 03:40:57 INFO mapred.Task: Task 'attempt_local1923780744_0004_r_000003_0' done.
26/03/02 03:40:57 INFO mapred.Task: Final Counters for attempt_local1923780744_0004_r_000003_0: Counters: 29
	File System Counters
		FILE: Number of bytes read=583684
		FILE: Number of bytes written=1766343
		FILE: Number of read operations=0
		FILE: Number of large read operations=0
		FILE: Number of write operations=0
		HDFS: Number of bytes read=146761161
		HDFS: Number of bytes written=3571
		HDFS: Number of read operations=201
		HDFS: Number of large read operations=0
		HDFS: Number of write operations=68
	Map-Reduce Framework
		Combine input records=0
		Combine output records=0
		Reduce input groups=1
		Reduce shuffle bytes=60
		Reduce input records=1
		Reduce output records=1
		Spilled Records=1
		Shuffled Maps =1
		Failed Shuffles=0
		Merged Map outputs=1
		GC time elapsed (ms)=0
		Total committed heap usage (bytes)=428867584
	Shuffle Errors
		BAD_ID=0
		CONNECTION=0
		IO_ERROR=0
		WRONG_LENGTH=0
		WRONG_MAP=0
		WRONG_REDUCE=0
	File Output Format Counters 
		Bytes Written=102
26/03/02 03:40:57 INFO mapred.LocalJobRunner: Finishing task: attempt_local1923780744_0004_r_000003_0
26/03/02 03:40:57 INFO mapred.LocalJobRunner: reduce task executor complete.
26/03/02 03:40:57 INFO mapreduce.Job: Job job_local1923780744_0004 running in uber mode : false
26/03/02 03:40:57 INFO mapreduce.Job:  map 100% reduce 100%
26/03/02 03:40:57 INFO mapreduce.Job: Job job_local1923780744_0004 completed successfully
26/03/02 03:40:57 INFO mapreduce.Job: Counters: 35
	File System Counters
		FILE: Number of bytes read=2915472
		FILE: Number of bytes written=8831061
		FILE: Number of read operations=0
		FILE: Number of large read operations=0
		FILE: Number of write operations=0
		HDFS: Number of bytes read=733805805
		HDFS: Number of bytes written=16725
		HDFS: Number of read operations=975
		HDFS: Number of large read operations=0
		HDFS: Number of write operations=320
	Map-Reduce Framework
		Map input records=500000
		Map output records=500000
		Map output bytes=26000000
		Map output materialized bytes=294
		Input split bytes=123
		Combine input records=500000
		Combine output records=5
		Reduce input groups=5
		Reduce shuffle bytes=294
		Reduce input records=5
		Reduce output records=5
		Spilled Records=10
		Shuffled Maps =4
		Failed Shuffles=0
		Merged Map outputs=4
		GC time elapsed (ms)=156
		Total committed heap usage (bytes)=2144337920
	Shuffle Errors
		BAD_ID=0
		CONNECTION=0
		IO_ERROR=0
		WRONG_LENGTH=0
		WRONG_MAP=0
		WRONG_REDUCE=0
	File Input Format Counters 
		Bytes Read=36688385
	File Output Format Counters 
		Bytes Written=514
26/03/02 03:40:57 INFO jvm.JvmMetrics: Cannot initialize JVM Metrics with processName=JobTracker, sessionId= - already initialized
26/03/02 03:40:57 WARN mapreduce.JobResourceUploader: Hadoop command-line option parsing not performed. Implement the Tool interface and execute your application with ToolRunner to remedy this.
26/03/02 03:40:57 INFO input.FileInputFormat: Total input paths to process : 1
26/03/02 03:40:57 INFO mapreduce.JobSubmitter: number of splits:1
26/03/02 03:40:57 INFO mapreduce.JobSubmitter: Submitting tokens for job: job_local1986319154_0005
26/03/02 03:40:57 INFO mapred.LocalDistributedCacheManager: Creating symlink: /tmp/hadoop-ds503/mapred/local/1772422857881/centers_iter_4.csv <- /home/ds503/centers_iter_4.csv
26/03/02 03:40:57 INFO mapred.LocalDistributedCacheManager: Localized hdfs://localhost:9000/project2/task2/runs_report_plus/scale500k_opt/centers_iter_4.csv as file:/tmp/hadoop-ds503/mapred/local/1772422857881/centers_iter_4.csv
26/03/02 03:40:57 INFO mapreduce.Job: The url to track the job: http://localhost:8080/
26/03/02 03:40:57 INFO mapreduce.Job: Running job: job_local1986319154_0005
26/03/02 03:40:57 INFO mapred.LocalJobRunner: OutputCommitter set in config null
26/03/02 03:40:57 INFO output.FileOutputCommitter: File Output Committer Algorithm version is 1
26/03/02 03:40:57 INFO mapred.LocalJobRunner: OutputCommitter is org.apache.hadoop.mapreduce.lib.output.FileOutputCommitter
26/03/02 03:40:57 INFO mapred.LocalJobRunner: Waiting for map tasks
26/03/02 03:40:57 INFO mapred.LocalJobRunner: Starting task: attempt_local1986319154_0005_m_000000_0
26/03/02 03:40:57 INFO output.FileOutputCommitter: File Output Committer Algorithm version is 1
26/03/02 03:40:57 INFO mapred.Task:  Using ResourceCalculatorProcessTree : [ ]
26/03/02 03:40:57 INFO mapred.MapTask: Processing split: hdfs://localhost:9000/project2/task2/input/points_500k.csv:0+36688385
26/03/02 03:40:57 INFO mapred.MapTask: (EQUATOR) 0 kvi 26214396(104857584)
26/03/02 03:40:57 INFO mapred.MapTask: mapreduce.task.io.sort.mb: 100
26/03/02 03:40:57 INFO mapred.MapTask: soft limit at 83886080
26/03/02 03:40:57 INFO mapred.MapTask: bufstart = 0; bufvoid = 104857600
26/03/02 03:40:57 INFO mapred.MapTask: kvstart = 26214396; length = 6553600
26/03/02 03:40:57 INFO mapred.MapTask: Map output collector class = org.apache.hadoop.mapred.MapTask$MapOutputBuffer
26/03/02 03:40:58 INFO mapred.LocalJobRunner: 
26/03/02 03:40:58 INFO mapred.MapTask: Starting flush of map output
26/03/02 03:40:58 INFO mapred.MapTask: Spilling map output
26/03/02 03:40:58 INFO mapred.MapTask: bufstart = 0; bufend = 26000000; bufvoid = 104857600
26/03/02 03:40:58 INFO mapred.MapTask: kvstart = 26214396(104857584); kvend = 24214400(96857600); length = 1999997/6553600
26/03/02 03:40:58 INFO mapred.MapTask: Finished spill 0
26/03/02 03:40:58 INFO mapred.Task: Task:attempt_local1986319154_0005_m_000000_0 is done. And is in the process of committing
26/03/02 03:40:58 INFO mapred.LocalJobRunner: map
26/03/02 03:40:58 INFO mapred.Task: Task 'attempt_local1986319154_0005_m_000000_0' done.
26/03/02 03:40:58 INFO mapred.Task: Final Counters for attempt_local1986319154_0005_m_000000_0: Counters: 23
	File System Counters
		FILE: Number of bytes read=728241
		FILE: Number of bytes written=2208429
		FILE: Number of read operations=0
		FILE: Number of large read operations=0
		FILE: Number of write operations=0
		HDFS: Number of bytes read=183451710
		HDFS: Number of bytes written=3949
		HDFS: Number of read operations=245
		HDFS: Number of large read operations=0
		HDFS: Number of write operations=78
	Map-Reduce Framework
		Map input records=500000
		Map output records=500000
		Map output bytes=26000000
		Map output materialized bytes=294
		Input split bytes=123
		Combine input records=500000
		Combine output records=5
		Spilled Records=5
		Failed Shuffles=0
		Merged Map outputs=0
		GC time elapsed (ms)=103
		Total committed heap usage (bytes)=478674944
	File Input Format Counters 
		Bytes Read=36688385
26/03/02 03:40:58 INFO mapred.LocalJobRunner: Finishing task: attempt_local1986319154_0005_m_000000_0
26/03/02 03:40:58 INFO mapred.LocalJobRunner: map task executor complete.
26/03/02 03:40:58 INFO mapred.LocalJobRunner: Waiting for reduce tasks
26/03/02 03:40:58 INFO mapred.LocalJobRunner: Starting task: attempt_local1986319154_0005_r_000000_0
26/03/02 03:40:58 INFO output.FileOutputCommitter: File Output Committer Algorithm version is 1
26/03/02 03:40:58 INFO mapred.Task:  Using ResourceCalculatorProcessTree : [ ]
26/03/02 03:40:58 INFO mapred.ReduceTask: Using ShuffleConsumerPlugin: org.apache.hadoop.mapreduce.task.reduce.Shuffle@1aab1a25
26/03/02 03:40:58 INFO reduce.MergeManagerImpl: MergerManager: memoryLimit=335072448, maxSingleShuffleLimit=83768112, mergeThreshold=221147824, ioSortFactor=10, memToMemMergeOutputsThreshold=10
26/03/02 03:40:58 INFO reduce.EventFetcher: attempt_local1986319154_0005_r_000000_0 Thread started: EventFetcher for fetching Map Completion Events
26/03/02 03:40:58 INFO reduce.LocalFetcher: localfetcher#17 about to shuffle output of map attempt_local1986319154_0005_m_000000_0 decomp: 110 len: 114 to MEMORY
26/03/02 03:40:58 INFO reduce.InMemoryMapOutput: Read 110 bytes from map-output for attempt_local1986319154_0005_m_000000_0
26/03/02 03:40:58 INFO reduce.MergeManagerImpl: closeInMemoryFile -> map-output of size: 110, inMemoryMapOutputs.size() -> 1, commitMemory -> 0, usedMemory ->110
26/03/02 03:40:58 INFO reduce.EventFetcher: EventFetcher is interrupted.. Returning
26/03/02 03:40:58 INFO mapred.LocalJobRunner: 1 / 1 copied.
26/03/02 03:40:58 INFO reduce.MergeManagerImpl: finalMerge called with 1 in-memory map-outputs and 0 on-disk map-outputs
26/03/02 03:40:58 INFO mapred.Merger: Merging 1 sorted segments
26/03/02 03:40:58 INFO mapred.Merger: Down to the last merge-pass, with 1 segments left of total size: 104 bytes
26/03/02 03:40:58 INFO reduce.MergeManagerImpl: Merged 1 segments, 110 bytes to disk to satisfy reduce memory limit
26/03/02 03:40:58 INFO reduce.MergeManagerImpl: Merging 1 files, 114 bytes from disk
26/03/02 03:40:58 INFO reduce.MergeManagerImpl: Merging 0 segments, 0 bytes from memory into reduce
26/03/02 03:40:58 INFO mapred.Merger: Merging 1 sorted segments
26/03/02 03:40:58 INFO mapred.Merger: Down to the last merge-pass, with 1 segments left of total size: 104 bytes
26/03/02 03:40:58 INFO mapred.LocalJobRunner: 1 / 1 copied.
26/03/02 03:40:58 INFO mapred.Task: Task:attempt_local1986319154_0005_r_000000_0 is done. And is in the process of committing
26/03/02 03:40:58 INFO mapred.LocalJobRunner: 1 / 1 copied.
26/03/02 03:40:58 INFO mapred.Task: Task attempt_local1986319154_0005_r_000000_0 is allowed to commit now
26/03/02 03:40:58 INFO output.FileOutputCommitter: Saved output of task 'attempt_local1986319154_0005_r_000000_0' to hdfs://localhost:9000/project2/task2/runs_report_plus/scale500k_opt/iter_5/_temporary/0/task_local1986319154_0005_r_000000
26/03/02 03:40:58 INFO mapred.LocalJobRunner: reduce > reduce
26/03/02 03:40:58 INFO mapred.Task: Task 'attempt_local1986319154_0005_r_000000_0' done.
26/03/02 03:40:58 INFO mapred.Task: Final Counters for attempt_local1986319154_0005_r_000000_0: Counters: 29
	File System Counters
		FILE: Number of bytes read=728753
		FILE: Number of bytes written=2208543
		FILE: Number of read operations=0
		FILE: Number of large read operations=0
		FILE: Number of write operations=0
		HDFS: Number of bytes read=183451710
		HDFS: Number of bytes written=4154
		HDFS: Number of read operations=248
		HDFS: Number of large read operations=0
		HDFS: Number of write operations=80
	Map-Reduce Framework
		Combine input records=0
		Combine output records=0
		Reduce input groups=2
		Reduce shuffle bytes=114
		Reduce input records=2
		Reduce output records=2
		Spilled Records=2
		Shuffled Maps =1
		Failed Shuffles=0
		Merged Map outputs=1
		GC time elapsed (ms)=0
		Total committed heap usage (bytes)=478674944
	Shuffle Errors
		BAD_ID=0
		CONNECTION=0
		IO_ERROR=0
		WRONG_LENGTH=0
		WRONG_MAP=0
		WRONG_REDUCE=0
	File Output Format Counters 
		Bytes Written=205
26/03/02 03:40:58 INFO mapred.LocalJobRunner: Finishing task: attempt_local1986319154_0005_r_000000_0
26/03/02 03:40:58 INFO mapred.LocalJobRunner: Starting task: attempt_local1986319154_0005_r_000001_0
26/03/02 03:40:58 INFO output.FileOutputCommitter: File Output Committer Algorithm version is 1
26/03/02 03:40:58 INFO mapred.Task:  Using ResourceCalculatorProcessTree : [ ]
26/03/02 03:40:58 INFO mapred.ReduceTask: Using ShuffleConsumerPlugin: org.apache.hadoop.mapreduce.task.reduce.Shuffle@17e9bf86
26/03/02 03:40:58 INFO reduce.MergeManagerImpl: MergerManager: memoryLimit=335072448, maxSingleShuffleLimit=83768112, mergeThreshold=221147824, ioSortFactor=10, memToMemMergeOutputsThreshold=10
26/03/02 03:40:58 INFO reduce.EventFetcher: attempt_local1986319154_0005_r_000001_0 Thread started: EventFetcher for fetching Map Completion Events
26/03/02 03:40:58 INFO reduce.LocalFetcher: localfetcher#18 about to shuffle output of map attempt_local1986319154_0005_m_000000_0 decomp: 56 len: 60 to MEMORY
26/03/02 03:40:58 INFO reduce.InMemoryMapOutput: Read 56 bytes from map-output for attempt_local1986319154_0005_m_000000_0
26/03/02 03:40:58 INFO reduce.MergeManagerImpl: closeInMemoryFile -> map-output of size: 56, inMemoryMapOutputs.size() -> 1, commitMemory -> 0, usedMemory ->56
26/03/02 03:40:58 INFO reduce.EventFetcher: EventFetcher is interrupted.. Returning
26/03/02 03:40:58 INFO mapred.LocalJobRunner: 1 / 1 copied.
26/03/02 03:40:58 INFO reduce.MergeManagerImpl: finalMerge called with 1 in-memory map-outputs and 0 on-disk map-outputs
26/03/02 03:40:58 INFO mapred.Merger: Merging 1 sorted segments
26/03/02 03:40:58 INFO mapred.Merger: Down to the last merge-pass, with 1 segments left of total size: 50 bytes
26/03/02 03:40:58 INFO reduce.MergeManagerImpl: Merged 1 segments, 56 bytes to disk to satisfy reduce memory limit
26/03/02 03:40:58 INFO reduce.MergeManagerImpl: Merging 1 files, 60 bytes from disk
26/03/02 03:40:58 INFO reduce.MergeManagerImpl: Merging 0 segments, 0 bytes from memory into reduce
26/03/02 03:40:58 INFO mapred.Merger: Merging 1 sorted segments
26/03/02 03:40:58 INFO mapred.Merger: Down to the last merge-pass, with 1 segments left of total size: 50 bytes
26/03/02 03:40:58 INFO mapred.LocalJobRunner: 1 / 1 copied.
26/03/02 03:40:58 INFO mapred.Task: Task:attempt_local1986319154_0005_r_000001_0 is done. And is in the process of committing
26/03/02 03:40:58 INFO mapred.LocalJobRunner: 1 / 1 copied.
26/03/02 03:40:58 INFO mapred.Task: Task attempt_local1986319154_0005_r_000001_0 is allowed to commit now
26/03/02 03:40:58 INFO output.FileOutputCommitter: Saved output of task 'attempt_local1986319154_0005_r_000001_0' to hdfs://localhost:9000/project2/task2/runs_report_plus/scale500k_opt/iter_5/_temporary/0/task_local1986319154_0005_r_000001
26/03/02 03:40:58 INFO mapred.LocalJobRunner: reduce > reduce
26/03/02 03:40:58 INFO mapred.Task: Task 'attempt_local1986319154_0005_r_000001_0' done.
26/03/02 03:40:58 INFO mapred.Task: Final Counters for attempt_local1986319154_0005_r_000001_0: Counters: 29
	File System Counters
		FILE: Number of bytes read=729097
		FILE: Number of bytes written=2208603
		FILE: Number of read operations=0
		FILE: Number of large read operations=0
		FILE: Number of write operations=0
		HDFS: Number of bytes read=183451710
		HDFS: Number of bytes written=4257
		HDFS: Number of read operations=251
		HDFS: Number of large read operations=0
		HDFS: Number of write operations=82
	Map-Reduce Framework
		Combine input records=0
		Combine output records=0
		Reduce input groups=1
		Reduce shuffle bytes=60
		Reduce input records=1
		Reduce output records=1
		Spilled Records=1
		Shuffled Maps =1
		Failed Shuffles=0
		Merged Map outputs=1
		GC time elapsed (ms)=0
		Total committed heap usage (bytes)=478674944
	Shuffle Errors
		BAD_ID=0
		CONNECTION=0
		IO_ERROR=0
		WRONG_LENGTH=0
		WRONG_MAP=0
		WRONG_REDUCE=0
	File Output Format Counters 
		Bytes Written=103
26/03/02 03:40:58 INFO mapred.LocalJobRunner: Finishing task: attempt_local1986319154_0005_r_000001_0
26/03/02 03:40:58 INFO mapred.LocalJobRunner: Starting task: attempt_local1986319154_0005_r_000002_0
26/03/02 03:40:58 INFO output.FileOutputCommitter: File Output Committer Algorithm version is 1
26/03/02 03:40:58 INFO mapred.Task:  Using ResourceCalculatorProcessTree : [ ]
26/03/02 03:40:58 INFO mapred.ReduceTask: Using ShuffleConsumerPlugin: org.apache.hadoop.mapreduce.task.reduce.Shuffle@6f1c9289
26/03/02 03:40:58 INFO reduce.MergeManagerImpl: MergerManager: memoryLimit=335072448, maxSingleShuffleLimit=83768112, mergeThreshold=221147824, ioSortFactor=10, memToMemMergeOutputsThreshold=10
26/03/02 03:40:58 INFO reduce.EventFetcher: attempt_local1986319154_0005_r_000002_0 Thread started: EventFetcher for fetching Map Completion Events
26/03/02 03:40:58 INFO reduce.LocalFetcher: localfetcher#19 about to shuffle output of map attempt_local1986319154_0005_m_000000_0 decomp: 56 len: 60 to MEMORY
26/03/02 03:40:58 INFO reduce.InMemoryMapOutput: Read 56 bytes from map-output for attempt_local1986319154_0005_m_000000_0
26/03/02 03:40:58 INFO reduce.MergeManagerImpl: closeInMemoryFile -> map-output of size: 56, inMemoryMapOutputs.size() -> 1, commitMemory -> 0, usedMemory ->56
26/03/02 03:40:58 INFO reduce.EventFetcher: EventFetcher is interrupted.. Returning
26/03/02 03:40:58 INFO mapred.LocalJobRunner: 1 / 1 copied.
26/03/02 03:40:58 INFO reduce.MergeManagerImpl: finalMerge called with 1 in-memory map-outputs and 0 on-disk map-outputs
26/03/02 03:40:58 INFO mapred.Merger: Merging 1 sorted segments
26/03/02 03:40:58 INFO mapred.Merger: Down to the last merge-pass, with 1 segments left of total size: 50 bytes
26/03/02 03:40:58 INFO reduce.MergeManagerImpl: Merged 1 segments, 56 bytes to disk to satisfy reduce memory limit
26/03/02 03:40:58 INFO reduce.MergeManagerImpl: Merging 1 files, 60 bytes from disk
26/03/02 03:40:58 INFO reduce.MergeManagerImpl: Merging 0 segments, 0 bytes from memory into reduce
26/03/02 03:40:58 INFO mapred.Merger: Merging 1 sorted segments
26/03/02 03:40:58 INFO mapred.Merger: Down to the last merge-pass, with 1 segments left of total size: 50 bytes
26/03/02 03:40:58 INFO mapred.LocalJobRunner: 1 / 1 copied.
26/03/02 03:40:58 INFO mapred.Task: Task:attempt_local1986319154_0005_r_000002_0 is done. And is in the process of committing
26/03/02 03:40:58 INFO mapred.LocalJobRunner: 1 / 1 copied.
26/03/02 03:40:58 INFO mapred.Task: Task attempt_local1986319154_0005_r_000002_0 is allowed to commit now
26/03/02 03:40:58 INFO output.FileOutputCommitter: Saved output of task 'attempt_local1986319154_0005_r_000002_0' to hdfs://localhost:9000/project2/task2/runs_report_plus/scale500k_opt/iter_5/_temporary/0/task_local1986319154_0005_r_000002
26/03/02 03:40:58 INFO mapred.LocalJobRunner: reduce > reduce
26/03/02 03:40:58 INFO mapred.Task: Task 'attempt_local1986319154_0005_r_000002_0' done.
26/03/02 03:40:58 INFO mapred.Task: Final Counters for attempt_local1986319154_0005_r_000002_0: Counters: 29
	File System Counters
		FILE: Number of bytes read=729381
		FILE: Number of bytes written=2208663
		FILE: Number of read operations=0
		FILE: Number of large read operations=0
		FILE: Number of write operations=0
		HDFS: Number of bytes read=183451710
		HDFS: Number of bytes written=4360
		HDFS: Number of read operations=254
		HDFS: Number of large read operations=0
		HDFS: Number of write operations=84
	Map-Reduce Framework
		Combine input records=0
		Combine output records=0
		Reduce input groups=1
		Reduce shuffle bytes=60
		Reduce input records=1
		Reduce output records=1
		Spilled Records=1
		Shuffled Maps =1
		Failed Shuffles=0
		Merged Map outputs=1
		GC time elapsed (ms)=0
		Total committed heap usage (bytes)=478674944
	Shuffle Errors
		BAD_ID=0
		CONNECTION=0
		IO_ERROR=0
		WRONG_LENGTH=0
		WRONG_MAP=0
		WRONG_REDUCE=0
	File Output Format Counters 
		Bytes Written=103
26/03/02 03:40:58 INFO mapred.LocalJobRunner: Finishing task: attempt_local1986319154_0005_r_000002_0
26/03/02 03:40:58 INFO mapred.LocalJobRunner: Starting task: attempt_local1986319154_0005_r_000003_0
26/03/02 03:40:58 INFO output.FileOutputCommitter: File Output Committer Algorithm version is 1
26/03/02 03:40:58 INFO mapred.Task:  Using ResourceCalculatorProcessTree : [ ]
26/03/02 03:40:58 INFO mapred.ReduceTask: Using ShuffleConsumerPlugin: org.apache.hadoop.mapreduce.task.reduce.Shuffle@6fb18ed2
26/03/02 03:40:58 INFO reduce.MergeManagerImpl: MergerManager: memoryLimit=335072448, maxSingleShuffleLimit=83768112, mergeThreshold=221147824, ioSortFactor=10, memToMemMergeOutputsThreshold=10
26/03/02 03:40:58 INFO reduce.EventFetcher: attempt_local1986319154_0005_r_000003_0 Thread started: EventFetcher for fetching Map Completion Events
26/03/02 03:40:58 INFO reduce.LocalFetcher: localfetcher#20 about to shuffle output of map attempt_local1986319154_0005_m_000000_0 decomp: 56 len: 60 to MEMORY
26/03/02 03:40:58 INFO reduce.InMemoryMapOutput: Read 56 bytes from map-output for attempt_local1986319154_0005_m_000000_0
26/03/02 03:40:58 INFO reduce.MergeManagerImpl: closeInMemoryFile -> map-output of size: 56, inMemoryMapOutputs.size() -> 1, commitMemory -> 0, usedMemory ->56
26/03/02 03:40:58 INFO reduce.EventFetcher: EventFetcher is interrupted.. Returning
26/03/02 03:40:58 INFO mapred.LocalJobRunner: 1 / 1 copied.
26/03/02 03:40:58 INFO reduce.MergeManagerImpl: finalMerge called with 1 in-memory map-outputs and 0 on-disk map-outputs
26/03/02 03:40:58 INFO mapred.Merger: Merging 1 sorted segments
26/03/02 03:40:58 INFO mapred.Merger: Down to the last merge-pass, with 1 segments left of total size: 50 bytes
26/03/02 03:40:58 INFO reduce.MergeManagerImpl: Merged 1 segments, 56 bytes to disk to satisfy reduce memory limit
26/03/02 03:40:58 INFO reduce.MergeManagerImpl: Merging 1 files, 60 bytes from disk
26/03/02 03:40:58 INFO reduce.MergeManagerImpl: Merging 0 segments, 0 bytes from memory into reduce
26/03/02 03:40:58 INFO mapred.Merger: Merging 1 sorted segments
26/03/02 03:40:58 INFO mapred.Merger: Down to the last merge-pass, with 1 segments left of total size: 50 bytes
26/03/02 03:40:58 INFO mapred.LocalJobRunner: 1 / 1 copied.
26/03/02 03:40:58 INFO mapred.Task: Task:attempt_local1986319154_0005_r_000003_0 is done. And is in the process of committing
26/03/02 03:40:58 INFO mapred.LocalJobRunner: 1 / 1 copied.
26/03/02 03:40:58 INFO mapred.Task: Task attempt_local1986319154_0005_r_000003_0 is allowed to commit now
26/03/02 03:40:58 INFO output.FileOutputCommitter: Saved output of task 'attempt_local1986319154_0005_r_000003_0' to hdfs://localhost:9000/project2/task2/runs_report_plus/scale500k_opt/iter_5/_temporary/0/task_local1986319154_0005_r_000003
26/03/02 03:40:58 INFO mapred.LocalJobRunner: reduce > reduce
26/03/02 03:40:58 INFO mapred.Task: Task 'attempt_local1986319154_0005_r_000003_0' done.
26/03/02 03:40:58 INFO mapred.Task: Final Counters for attempt_local1986319154_0005_r_000003_0: Counters: 29
	File System Counters
		FILE: Number of bytes read=729605
		FILE: Number of bytes written=2208723
		FILE: Number of read operations=0
		FILE: Number of large read operations=0
		FILE: Number of write operations=0
		HDFS: Number of bytes read=183451710
		HDFS: Number of bytes written=4463
		HDFS: Number of read operations=257
		HDFS: Number of large read operations=0
		HDFS: Number of write operations=86
	Map-Reduce Framework
		Combine input records=0
		Combine output records=0
		Reduce input groups=1
		Reduce shuffle bytes=60
		Reduce input records=1
		Reduce output records=1
		Spilled Records=1
		Shuffled Maps =1
		Failed Shuffles=0
		Merged Map outputs=1
		GC time elapsed (ms)=0
		Total committed heap usage (bytes)=478674944
	Shuffle Errors
		BAD_ID=0
		CONNECTION=0
		IO_ERROR=0
		WRONG_LENGTH=0
		WRONG_MAP=0
		WRONG_REDUCE=0
	File Output Format Counters 
		Bytes Written=103
26/03/02 03:40:58 INFO mapred.LocalJobRunner: Finishing task: attempt_local1986319154_0005_r_000003_0
26/03/02 03:40:58 INFO mapred.LocalJobRunner: reduce task executor complete.
26/03/02 03:40:58 INFO mapreduce.Job: Job job_local1986319154_0005 running in uber mode : false
26/03/02 03:40:58 INFO mapreduce.Job:  map 100% reduce 100%
26/03/02 03:40:58 INFO mapreduce.Job: Job job_local1986319154_0005 completed successfully
26/03/02 03:40:58 INFO mapreduce.Job: Counters: 35
	File System Counters
		FILE: Number of bytes read=3645077
		FILE: Number of bytes written=11042961
		FILE: Number of read operations=0
		FILE: Number of large read operations=0
		FILE: Number of write operations=0
		HDFS: Number of bytes read=917258550
		HDFS: Number of bytes written=21183
		HDFS: Number of read operations=1255
		HDFS: Number of large read operations=0
		HDFS: Number of write operations=410
	Map-Reduce Framework
		Map input records=500000
		Map output records=500000
		Map output bytes=26000000
		Map output materialized bytes=294
		Input split bytes=123
		Combine input records=500000
		Combine output records=5
		Reduce input groups=5
		Reduce shuffle bytes=294
		Reduce input records=5
		Reduce output records=5
		Spilled Records=10
		Shuffled Maps =4
		Failed Shuffles=0
		Merged Map outputs=4
		GC time elapsed (ms)=103
		Total committed heap usage (bytes)=2393374720
	Shuffle Errors
		BAD_ID=0
		CONNECTION=0
		IO_ERROR=0
		WRONG_LENGTH=0
		WRONG_MAP=0
		WRONG_REDUCE=0
	File Input Format Counters 
		Bytes Read=36688385
	File Output Format Counters 
		Bytes Written=514
26/03/02 03:40:58 INFO jvm.JvmMetrics: Cannot initialize JVM Metrics with processName=JobTracker, sessionId= - already initialized
26/03/02 03:40:58 WARN mapreduce.JobResourceUploader: Hadoop command-line option parsing not performed. Implement the Tool interface and execute your application with ToolRunner to remedy this.
26/03/02 03:40:58 INFO input.FileInputFormat: Total input paths to process : 1
26/03/02 03:40:58 INFO mapreduce.JobSubmitter: number of splits:1
26/03/02 03:40:58 INFO mapreduce.JobSubmitter: Submitting tokens for job: job_local1646567136_0006
26/03/02 03:40:59 INFO mapred.LocalDistributedCacheManager: Creating symlink: /tmp/hadoop-ds503/mapred/local/1772422858977/centers_iter_5.csv <- /home/ds503/centers_iter_5.csv
26/03/02 03:40:59 INFO mapred.LocalDistributedCacheManager: Localized hdfs://localhost:9000/project2/task2/runs_report_plus/scale500k_opt/centers_iter_5.csv as file:/tmp/hadoop-ds503/mapred/local/1772422858977/centers_iter_5.csv
26/03/02 03:40:59 INFO mapreduce.Job: The url to track the job: http://localhost:8080/
26/03/02 03:40:59 INFO mapreduce.Job: Running job: job_local1646567136_0006
26/03/02 03:40:59 INFO mapred.LocalJobRunner: OutputCommitter set in config null
26/03/02 03:40:59 INFO output.FileOutputCommitter: File Output Committer Algorithm version is 1
26/03/02 03:40:59 INFO mapred.LocalJobRunner: OutputCommitter is org.apache.hadoop.mapreduce.lib.output.FileOutputCommitter
26/03/02 03:40:59 INFO mapred.LocalJobRunner: Waiting for map tasks
26/03/02 03:40:59 INFO mapred.LocalJobRunner: Starting task: attempt_local1646567136_0006_m_000000_0
26/03/02 03:40:59 INFO output.FileOutputCommitter: File Output Committer Algorithm version is 1
26/03/02 03:40:59 INFO mapred.Task:  Using ResourceCalculatorProcessTree : [ ]
26/03/02 03:40:59 INFO mapred.MapTask: Processing split: hdfs://localhost:9000/project2/task2/input/points_500k.csv:0+36688385
26/03/02 03:40:59 INFO mapred.MapTask: (EQUATOR) 0 kvi 26214396(104857584)
26/03/02 03:40:59 INFO mapred.MapTask: mapreduce.task.io.sort.mb: 100
26/03/02 03:40:59 INFO mapred.MapTask: soft limit at 83886080
26/03/02 03:40:59 INFO mapred.MapTask: bufstart = 0; bufvoid = 104857600
26/03/02 03:40:59 INFO mapred.MapTask: kvstart = 26214396; length = 6553600
26/03/02 03:40:59 INFO mapred.MapTask: Map output collector class = org.apache.hadoop.mapred.MapTask$MapOutputBuffer
26/03/02 03:40:59 INFO mapred.LocalJobRunner: 
26/03/02 03:40:59 INFO mapred.MapTask: Starting flush of map output
26/03/02 03:40:59 INFO mapred.MapTask: Spilling map output
26/03/02 03:40:59 INFO mapred.MapTask: bufstart = 0; bufend = 26000000; bufvoid = 104857600
26/03/02 03:40:59 INFO mapred.MapTask: kvstart = 26214396(104857584); kvend = 24214400(96857600); length = 1999997/6553600
26/03/02 03:40:59 INFO mapred.MapTask: Finished spill 0
26/03/02 03:40:59 INFO mapred.Task: Task:attempt_local1646567136_0006_m_000000_0 is done. And is in the process of committing
26/03/02 03:40:59 INFO mapred.LocalJobRunner: map
26/03/02 03:40:59 INFO mapred.Task: Task 'attempt_local1646567136_0006_m_000000_0' done.
26/03/02 03:40:59 INFO mapred.Task: Final Counters for attempt_local1646567136_0006_m_000000_0: Counters: 23
	File System Counters
		FILE: Number of bytes read=874162
		FILE: Number of bytes written=2650807
		FILE: Number of read operations=0
		FILE: Number of large read operations=0
		FILE: Number of write operations=0
		HDFS: Number of bytes read=220142253
		HDFS: Number of bytes written=4839
		HDFS: Number of read operations=301
		HDFS: Number of large read operations=0
		HDFS: Number of write operations=96
	Map-Reduce Framework
		Map input records=500000
		Map output records=500000
		Map output bytes=26000000
		Map output materialized bytes=294
		Input split bytes=123
		Combine input records=500000
		Combine output records=5
		Spilled Records=5
		Failed Shuffles=0
		Merged Map outputs=0
		GC time elapsed (ms)=58
		Total committed heap usage (bytes)=511180800
	File Input Format Counters 
		Bytes Read=36688385
26/03/02 03:40:59 INFO mapred.LocalJobRunner: Finishing task: attempt_local1646567136_0006_m_000000_0
26/03/02 03:40:59 INFO mapred.LocalJobRunner: map task executor complete.
26/03/02 03:40:59 INFO mapred.LocalJobRunner: Waiting for reduce tasks
26/03/02 03:40:59 INFO mapred.LocalJobRunner: Starting task: attempt_local1646567136_0006_r_000000_0
26/03/02 03:40:59 INFO output.FileOutputCommitter: File Output Committer Algorithm version is 1
26/03/02 03:40:59 INFO mapred.Task:  Using ResourceCalculatorProcessTree : [ ]
26/03/02 03:40:59 INFO mapred.ReduceTask: Using ShuffleConsumerPlugin: org.apache.hadoop.mapreduce.task.reduce.Shuffle@bbd8833
26/03/02 03:40:59 INFO reduce.MergeManagerImpl: MergerManager: memoryLimit=357826560, maxSingleShuffleLimit=89456640, mergeThreshold=236165536, ioSortFactor=10, memToMemMergeOutputsThreshold=10
26/03/02 03:40:59 INFO reduce.EventFetcher: attempt_local1646567136_0006_r_000000_0 Thread started: EventFetcher for fetching Map Completion Events
26/03/02 03:40:59 INFO reduce.LocalFetcher: localfetcher#21 about to shuffle output of map attempt_local1646567136_0006_m_000000_0 decomp: 110 len: 114 to MEMORY
26/03/02 03:40:59 INFO reduce.InMemoryMapOutput: Read 110 bytes from map-output for attempt_local1646567136_0006_m_000000_0
26/03/02 03:40:59 INFO reduce.MergeManagerImpl: closeInMemoryFile -> map-output of size: 110, inMemoryMapOutputs.size() -> 1, commitMemory -> 0, usedMemory ->110
26/03/02 03:40:59 INFO reduce.EventFetcher: EventFetcher is interrupted.. Returning
26/03/02 03:40:59 INFO mapred.LocalJobRunner: 1 / 1 copied.
26/03/02 03:40:59 INFO reduce.MergeManagerImpl: finalMerge called with 1 in-memory map-outputs and 0 on-disk map-outputs
26/03/02 03:40:59 INFO mapred.Merger: Merging 1 sorted segments
26/03/02 03:40:59 INFO mapred.Merger: Down to the last merge-pass, with 1 segments left of total size: 104 bytes
26/03/02 03:40:59 INFO reduce.MergeManagerImpl: Merged 1 segments, 110 bytes to disk to satisfy reduce memory limit
26/03/02 03:40:59 INFO reduce.MergeManagerImpl: Merging 1 files, 114 bytes from disk
26/03/02 03:40:59 INFO reduce.MergeManagerImpl: Merging 0 segments, 0 bytes from memory into reduce
26/03/02 03:40:59 INFO mapred.Merger: Merging 1 sorted segments
26/03/02 03:40:59 INFO mapred.Merger: Down to the last merge-pass, with 1 segments left of total size: 104 bytes
26/03/02 03:40:59 INFO mapred.LocalJobRunner: 1 / 1 copied.
26/03/02 03:40:59 INFO mapred.Task: Task:attempt_local1646567136_0006_r_000000_0 is done. And is in the process of committing
26/03/02 03:40:59 INFO mapred.LocalJobRunner: 1 / 1 copied.
26/03/02 03:40:59 INFO mapred.Task: Task attempt_local1646567136_0006_r_000000_0 is allowed to commit now
26/03/02 03:40:59 INFO output.FileOutputCommitter: Saved output of task 'attempt_local1646567136_0006_r_000000_0' to hdfs://localhost:9000/project2/task2/runs_report_plus/scale500k_opt/iter_6/_temporary/0/task_local1646567136_0006_r_000000
26/03/02 03:40:59 INFO mapred.LocalJobRunner: reduce > reduce
26/03/02 03:40:59 INFO mapred.Task: Task 'attempt_local1646567136_0006_r_000000_0' done.
26/03/02 03:40:59 INFO mapred.Task: Final Counters for attempt_local1646567136_0006_r_000000_0: Counters: 29
	File System Counters
		FILE: Number of bytes read=874674
		FILE: Number of bytes written=2650921
		FILE: Number of read operations=0
		FILE: Number of large read operations=0
		FILE: Number of write operations=0
		HDFS: Number of bytes read=220142253
		HDFS: Number of bytes written=5046
		HDFS: Number of read operations=304
		HDFS: Number of large read operations=0
		HDFS: Number of write operations=98
	Map-Reduce Framework
		Combine input records=0
		Combine output records=0
		Reduce input groups=2
		Reduce shuffle bytes=114
		Reduce input records=2
		Reduce output records=2
		Spilled Records=2
		Shuffled Maps =1
		Failed Shuffles=0
		Merged Map outputs=1
		GC time elapsed (ms)=0
		Total committed heap usage (bytes)=511180800
	Shuffle Errors
		BAD_ID=0
		CONNECTION=0
		IO_ERROR=0
		WRONG_LENGTH=0
		WRONG_MAP=0
		WRONG_REDUCE=0
	File Output Format Counters 
		Bytes Written=207
26/03/02 03:40:59 INFO mapred.LocalJobRunner: Finishing task: attempt_local1646567136_0006_r_000000_0
26/03/02 03:40:59 INFO mapred.LocalJobRunner: Starting task: attempt_local1646567136_0006_r_000001_0
26/03/02 03:40:59 INFO output.FileOutputCommitter: File Output Committer Algorithm version is 1
26/03/02 03:40:59 INFO mapred.Task:  Using ResourceCalculatorProcessTree : [ ]
26/03/02 03:40:59 INFO mapred.ReduceTask: Using ShuffleConsumerPlugin: org.apache.hadoop.mapreduce.task.reduce.Shuffle@23dc89a4
26/03/02 03:40:59 INFO reduce.MergeManagerImpl: MergerManager: memoryLimit=357826560, maxSingleShuffleLimit=89456640, mergeThreshold=236165536, ioSortFactor=10, memToMemMergeOutputsThreshold=10
26/03/02 03:40:59 INFO reduce.EventFetcher: attempt_local1646567136_0006_r_000001_0 Thread started: EventFetcher for fetching Map Completion Events
26/03/02 03:40:59 INFO reduce.LocalFetcher: localfetcher#22 about to shuffle output of map attempt_local1646567136_0006_m_000000_0 decomp: 56 len: 60 to MEMORY
26/03/02 03:40:59 INFO reduce.InMemoryMapOutput: Read 56 bytes from map-output for attempt_local1646567136_0006_m_000000_0
26/03/02 03:40:59 INFO reduce.MergeManagerImpl: closeInMemoryFile -> map-output of size: 56, inMemoryMapOutputs.size() -> 1, commitMemory -> 0, usedMemory ->56
26/03/02 03:40:59 INFO reduce.EventFetcher: EventFetcher is interrupted.. Returning
26/03/02 03:40:59 INFO mapred.LocalJobRunner: 1 / 1 copied.
26/03/02 03:40:59 INFO reduce.MergeManagerImpl: finalMerge called with 1 in-memory map-outputs and 0 on-disk map-outputs
26/03/02 03:40:59 INFO mapred.Merger: Merging 1 sorted segments
26/03/02 03:40:59 INFO mapred.Merger: Down to the last merge-pass, with 1 segments left of total size: 50 bytes
26/03/02 03:40:59 INFO reduce.MergeManagerImpl: Merged 1 segments, 56 bytes to disk to satisfy reduce memory limit
26/03/02 03:40:59 INFO reduce.MergeManagerImpl: Merging 1 files, 60 bytes from disk
26/03/02 03:40:59 INFO reduce.MergeManagerImpl: Merging 0 segments, 0 bytes from memory into reduce
26/03/02 03:40:59 INFO mapred.Merger: Merging 1 sorted segments
26/03/02 03:40:59 INFO mapred.Merger: Down to the last merge-pass, with 1 segments left of total size: 50 bytes
26/03/02 03:40:59 INFO mapred.LocalJobRunner: 1 / 1 copied.
26/03/02 03:40:59 INFO mapred.Task: Task:attempt_local1646567136_0006_r_000001_0 is done. And is in the process of committing
26/03/02 03:40:59 INFO mapred.LocalJobRunner: 1 / 1 copied.
26/03/02 03:40:59 INFO mapred.Task: Task attempt_local1646567136_0006_r_000001_0 is allowed to commit now
26/03/02 03:40:59 INFO output.FileOutputCommitter: Saved output of task 'attempt_local1646567136_0006_r_000001_0' to hdfs://localhost:9000/project2/task2/runs_report_plus/scale500k_opt/iter_6/_temporary/0/task_local1646567136_0006_r_000001
26/03/02 03:40:59 INFO mapred.LocalJobRunner: reduce > reduce
26/03/02 03:40:59 INFO mapred.Task: Task 'attempt_local1646567136_0006_r_000001_0' done.
26/03/02 03:40:59 INFO mapred.Task: Final Counters for attempt_local1646567136_0006_r_000001_0: Counters: 29
	File System Counters
		FILE: Number of bytes read=875018
		FILE: Number of bytes written=2650981
		FILE: Number of read operations=0
		FILE: Number of large read operations=0
		FILE: Number of write operations=0
		HDFS: Number of bytes read=220142253
		HDFS: Number of bytes written=5149
		HDFS: Number of read operations=307
		HDFS: Number of large read operations=0
		HDFS: Number of write operations=100
	Map-Reduce Framework
		Combine input records=0
		Combine output records=0
		Reduce input groups=1
		Reduce shuffle bytes=60
		Reduce input records=1
		Reduce output records=1
		Spilled Records=1
		Shuffled Maps =1
		Failed Shuffles=0
		Merged Map outputs=1
		GC time elapsed (ms)=0
		Total committed heap usage (bytes)=511180800
	Shuffle Errors
		BAD_ID=0
		CONNECTION=0
		IO_ERROR=0
		WRONG_LENGTH=0
		WRONG_MAP=0
		WRONG_REDUCE=0
	File Output Format Counters 
		Bytes Written=103
26/03/02 03:40:59 INFO mapred.LocalJobRunner: Finishing task: attempt_local1646567136_0006_r_000001_0
26/03/02 03:40:59 INFO mapred.LocalJobRunner: Starting task: attempt_local1646567136_0006_r_000002_0
26/03/02 03:40:59 INFO output.FileOutputCommitter: File Output Committer Algorithm version is 1
26/03/02 03:40:59 INFO mapred.Task:  Using ResourceCalculatorProcessTree : [ ]
26/03/02 03:40:59 INFO mapred.ReduceTask: Using ShuffleConsumerPlugin: org.apache.hadoop.mapreduce.task.reduce.Shuffle@5b38b33d
26/03/02 03:40:59 INFO reduce.MergeManagerImpl: MergerManager: memoryLimit=357826560, maxSingleShuffleLimit=89456640, mergeThreshold=236165536, ioSortFactor=10, memToMemMergeOutputsThreshold=10
26/03/02 03:40:59 INFO reduce.EventFetcher: attempt_local1646567136_0006_r_000002_0 Thread started: EventFetcher for fetching Map Completion Events
26/03/02 03:40:59 INFO reduce.LocalFetcher: localfetcher#23 about to shuffle output of map attempt_local1646567136_0006_m_000000_0 decomp: 56 len: 60 to MEMORY
26/03/02 03:40:59 INFO reduce.InMemoryMapOutput: Read 56 bytes from map-output for attempt_local1646567136_0006_m_000000_0
26/03/02 03:40:59 INFO reduce.MergeManagerImpl: closeInMemoryFile -> map-output of size: 56, inMemoryMapOutputs.size() -> 1, commitMemory -> 0, usedMemory ->56
26/03/02 03:40:59 INFO reduce.EventFetcher: EventFetcher is interrupted.. Returning
26/03/02 03:40:59 INFO mapred.LocalJobRunner: 1 / 1 copied.
26/03/02 03:40:59 INFO reduce.MergeManagerImpl: finalMerge called with 1 in-memory map-outputs and 0 on-disk map-outputs
26/03/02 03:40:59 INFO mapred.Merger: Merging 1 sorted segments
26/03/02 03:40:59 INFO mapred.Merger: Down to the last merge-pass, with 1 segments left of total size: 50 bytes
26/03/02 03:40:59 INFO reduce.MergeManagerImpl: Merged 1 segments, 56 bytes to disk to satisfy reduce memory limit
26/03/02 03:40:59 INFO reduce.MergeManagerImpl: Merging 1 files, 60 bytes from disk
26/03/02 03:40:59 INFO reduce.MergeManagerImpl: Merging 0 segments, 0 bytes from memory into reduce
26/03/02 03:40:59 INFO mapred.Merger: Merging 1 sorted segments
26/03/02 03:40:59 INFO mapred.Merger: Down to the last merge-pass, with 1 segments left of total size: 50 bytes
26/03/02 03:40:59 INFO mapred.LocalJobRunner: 1 / 1 copied.
26/03/02 03:40:59 INFO mapred.Task: Task:attempt_local1646567136_0006_r_000002_0 is done. And is in the process of committing
26/03/02 03:40:59 INFO mapred.LocalJobRunner: 1 / 1 copied.
26/03/02 03:40:59 INFO mapred.Task: Task attempt_local1646567136_0006_r_000002_0 is allowed to commit now
26/03/02 03:40:59 INFO output.FileOutputCommitter: Saved output of task 'attempt_local1646567136_0006_r_000002_0' to hdfs://localhost:9000/project2/task2/runs_report_plus/scale500k_opt/iter_6/_temporary/0/task_local1646567136_0006_r_000002
26/03/02 03:40:59 INFO mapred.LocalJobRunner: reduce > reduce
26/03/02 03:40:59 INFO mapred.Task: Task 'attempt_local1646567136_0006_r_000002_0' done.
26/03/02 03:40:59 INFO mapred.Task: Final Counters for attempt_local1646567136_0006_r_000002_0: Counters: 29
	File System Counters
		FILE: Number of bytes read=875302
		FILE: Number of bytes written=2651041
		FILE: Number of read operations=0
		FILE: Number of large read operations=0
		FILE: Number of write operations=0
		HDFS: Number of bytes read=220142253
		HDFS: Number of bytes written=5253
		HDFS: Number of read operations=310
		HDFS: Number of large read operations=0
		HDFS: Number of write operations=102
	Map-Reduce Framework
		Combine input records=0
		Combine output records=0
		Reduce input groups=1
		Reduce shuffle bytes=60
		Reduce input records=1
		Reduce output records=1
		Spilled Records=1
		Shuffled Maps =1
		Failed Shuffles=0
		Merged Map outputs=1
		GC time elapsed (ms)=0
		Total committed heap usage (bytes)=511180800
	Shuffle Errors
		BAD_ID=0
		CONNECTION=0
		IO_ERROR=0
		WRONG_LENGTH=0
		WRONG_MAP=0
		WRONG_REDUCE=0
	File Output Format Counters 
		Bytes Written=104
26/03/02 03:40:59 INFO mapred.LocalJobRunner: Finishing task: attempt_local1646567136_0006_r_000002_0
26/03/02 03:40:59 INFO mapred.LocalJobRunner: Starting task: attempt_local1646567136_0006_r_000003_0
26/03/02 03:40:59 INFO output.FileOutputCommitter: File Output Committer Algorithm version is 1
26/03/02 03:40:59 INFO mapred.Task:  Using ResourceCalculatorProcessTree : [ ]
26/03/02 03:40:59 INFO mapred.ReduceTask: Using ShuffleConsumerPlugin: org.apache.hadoop.mapreduce.task.reduce.Shuffle@633ebec0
26/03/02 03:40:59 INFO reduce.MergeManagerImpl: MergerManager: memoryLimit=357826560, maxSingleShuffleLimit=89456640, mergeThreshold=236165536, ioSortFactor=10, memToMemMergeOutputsThreshold=10
26/03/02 03:40:59 INFO reduce.EventFetcher: attempt_local1646567136_0006_r_000003_0 Thread started: EventFetcher for fetching Map Completion Events
26/03/02 03:40:59 INFO reduce.LocalFetcher: localfetcher#24 about to shuffle output of map attempt_local1646567136_0006_m_000000_0 decomp: 56 len: 60 to MEMORY
26/03/02 03:40:59 INFO reduce.InMemoryMapOutput: Read 56 bytes from map-output for attempt_local1646567136_0006_m_000000_0
26/03/02 03:40:59 INFO reduce.MergeManagerImpl: closeInMemoryFile -> map-output of size: 56, inMemoryMapOutputs.size() -> 1, commitMemory -> 0, usedMemory ->56
26/03/02 03:40:59 INFO reduce.EventFetcher: EventFetcher is interrupted.. Returning
26/03/02 03:40:59 INFO mapred.LocalJobRunner: 1 / 1 copied.
26/03/02 03:40:59 INFO reduce.MergeManagerImpl: finalMerge called with 1 in-memory map-outputs and 0 on-disk map-outputs
26/03/02 03:40:59 INFO mapred.Merger: Merging 1 sorted segments
26/03/02 03:40:59 INFO mapred.Merger: Down to the last merge-pass, with 1 segments left of total size: 50 bytes
26/03/02 03:40:59 INFO reduce.MergeManagerImpl: Merged 1 segments, 56 bytes to disk to satisfy reduce memory limit
26/03/02 03:40:59 INFO reduce.MergeManagerImpl: Merging 1 files, 60 bytes from disk
26/03/02 03:40:59 INFO reduce.MergeManagerImpl: Merging 0 segments, 0 bytes from memory into reduce
26/03/02 03:40:59 INFO mapred.Merger: Merging 1 sorted segments
26/03/02 03:40:59 INFO mapred.Merger: Down to the last merge-pass, with 1 segments left of total size: 50 bytes
26/03/02 03:40:59 INFO mapred.LocalJobRunner: 1 / 1 copied.
26/03/02 03:40:59 INFO mapred.Task: Task:attempt_local1646567136_0006_r_000003_0 is done. And is in the process of committing
26/03/02 03:40:59 INFO mapred.LocalJobRunner: 1 / 1 copied.
26/03/02 03:40:59 INFO mapred.Task: Task attempt_local1646567136_0006_r_000003_0 is allowed to commit now
26/03/02 03:40:59 INFO output.FileOutputCommitter: Saved output of task 'attempt_local1646567136_0006_r_000003_0' to hdfs://localhost:9000/project2/task2/runs_report_plus/scale500k_opt/iter_6/_temporary/0/task_local1646567136_0006_r_000003
26/03/02 03:40:59 INFO mapred.LocalJobRunner: reduce > reduce
26/03/02 03:40:59 INFO mapred.Task: Task 'attempt_local1646567136_0006_r_000003_0' done.
26/03/02 03:40:59 INFO mapred.Task: Final Counters for attempt_local1646567136_0006_r_000003_0: Counters: 29
	File System Counters
		FILE: Number of bytes read=875526
		FILE: Number of bytes written=2651101
		FILE: Number of read operations=0
		FILE: Number of large read operations=0
		FILE: Number of write operations=0
		HDFS: Number of bytes read=220142253
		HDFS: Number of bytes written=5357
		HDFS: Number of read operations=313
		HDFS: Number of large read operations=0
		HDFS: Number of write operations=104
	Map-Reduce Framework
		Combine input records=0
		Combine output records=0
		Reduce input groups=1
		Reduce shuffle bytes=60
		Reduce input records=1
		Reduce output records=1
		Spilled Records=1
		Shuffled Maps =1
		Failed Shuffles=0
		Merged Map outputs=1
		GC time elapsed (ms)=0
		Total committed heap usage (bytes)=511180800
	Shuffle Errors
		BAD_ID=0
		CONNECTION=0
		IO_ERROR=0
		WRONG_LENGTH=0
		WRONG_MAP=0
		WRONG_REDUCE=0
	File Output Format Counters 
		Bytes Written=104
26/03/02 03:40:59 INFO mapred.LocalJobRunner: Finishing task: attempt_local1646567136_0006_r_000003_0
26/03/02 03:40:59 INFO mapred.LocalJobRunner: reduce task executor complete.
26/03/02 03:41:00 INFO mapreduce.Job: Job job_local1646567136_0006 running in uber mode : false
26/03/02 03:41:00 INFO mapreduce.Job:  map 100% reduce 100%
26/03/02 03:41:00 INFO mapreduce.Job: Job job_local1646567136_0006 completed successfully
26/03/02 03:41:00 INFO mapreduce.Job: Counters: 35
	File System Counters
		FILE: Number of bytes read=4374682
		FILE: Number of bytes written=13254851
		FILE: Number of read operations=0
		FILE: Number of large read operations=0
		FILE: Number of write operations=0
		HDFS: Number of bytes read=1100711265
		HDFS: Number of bytes written=25644
		HDFS: Number of read operations=1535
		HDFS: Number of large read operations=0
		HDFS: Number of write operations=500
	Map-Reduce Framework
		Map input records=500000
		Map output records=500000
		Map output bytes=26000000
		Map output materialized bytes=294
		Input split bytes=123
		Combine input records=500000
		Combine output records=5
		Reduce input groups=5
		Reduce shuffle bytes=294
		Reduce input records=5
		Reduce output records=5
		Spilled Records=10
		Shuffled Maps =4
		Failed Shuffles=0
		Merged Map outputs=4
		GC time elapsed (ms)=58
		Total committed heap usage (bytes)=2555904000
	Shuffle Errors
		BAD_ID=0
		CONNECTION=0
		IO_ERROR=0
		WRONG_LENGTH=0
		WRONG_MAP=0
		WRONG_REDUCE=0
	File Input Format Counters 
		Bytes Read=36688385
	File Output Format Counters 
		Bytes Written=518
26/03/02 03:41:00 INFO jvm.JvmMetrics: Cannot initialize JVM Metrics with processName=JobTracker, sessionId= - already initialized
26/03/02 03:41:00 WARN mapreduce.JobResourceUploader: Hadoop command-line option parsing not performed. Implement the Tool interface and execute your application with ToolRunner to remedy this.
26/03/02 03:41:00 INFO input.FileInputFormat: Total input paths to process : 1
26/03/02 03:41:00 INFO mapreduce.JobSubmitter: number of splits:1
26/03/02 03:41:00 INFO mapreduce.JobSubmitter: Submitting tokens for job: job_local773635155_0007
26/03/02 03:41:00 INFO mapred.LocalDistributedCacheManager: Creating symlink: /tmp/hadoop-ds503/mapred/local/1772422860072/centers_iter_6.csv <- /home/ds503/centers_iter_6.csv
26/03/02 03:41:00 INFO mapred.LocalDistributedCacheManager: Localized hdfs://localhost:9000/project2/task2/runs_report_plus/scale500k_opt/centers_iter_6.csv as file:/tmp/hadoop-ds503/mapred/local/1772422860072/centers_iter_6.csv
26/03/02 03:41:00 INFO mapreduce.Job: The url to track the job: http://localhost:8080/
26/03/02 03:41:00 INFO mapreduce.Job: Running job: job_local773635155_0007
26/03/02 03:41:00 INFO mapred.LocalJobRunner: OutputCommitter set in config null
26/03/02 03:41:00 INFO output.FileOutputCommitter: File Output Committer Algorithm version is 1
26/03/02 03:41:00 INFO mapred.LocalJobRunner: OutputCommitter is org.apache.hadoop.mapreduce.lib.output.FileOutputCommitter
26/03/02 03:41:00 INFO mapred.LocalJobRunner: Waiting for map tasks
26/03/02 03:41:00 INFO mapred.LocalJobRunner: Starting task: attempt_local773635155_0007_m_000000_0
26/03/02 03:41:00 INFO output.FileOutputCommitter: File Output Committer Algorithm version is 1
26/03/02 03:41:00 INFO mapred.Task:  Using ResourceCalculatorProcessTree : [ ]
26/03/02 03:41:00 INFO mapred.MapTask: Processing split: hdfs://localhost:9000/project2/task2/input/points_500k.csv:0+36688385
26/03/02 03:41:00 INFO mapred.MapTask: (EQUATOR) 0 kvi 26214396(104857584)
26/03/02 03:41:00 INFO mapred.MapTask: mapreduce.task.io.sort.mb: 100
26/03/02 03:41:00 INFO mapred.MapTask: soft limit at 83886080
26/03/02 03:41:00 INFO mapred.MapTask: bufstart = 0; bufvoid = 104857600
26/03/02 03:41:00 INFO mapred.MapTask: kvstart = 26214396; length = 6553600
26/03/02 03:41:00 INFO mapred.MapTask: Map output collector class = org.apache.hadoop.mapred.MapTask$MapOutputBuffer
26/03/02 03:41:00 INFO mapred.LocalJobRunner: 
26/03/02 03:41:00 INFO mapred.MapTask: Starting flush of map output
26/03/02 03:41:00 INFO mapred.MapTask: Spilling map output
26/03/02 03:41:00 INFO mapred.MapTask: bufstart = 0; bufend = 26000000; bufvoid = 104857600
26/03/02 03:41:00 INFO mapred.MapTask: kvstart = 26214396(104857584); kvend = 24214400(96857600); length = 1999997/6553600
26/03/02 03:41:00 INFO mapred.MapTask: Finished spill 0
26/03/02 03:41:00 INFO mapred.Task: Task:attempt_local773635155_0007_m_000000_0 is done. And is in the process of committing
26/03/02 03:41:00 INFO mapred.LocalJobRunner: map
26/03/02 03:41:00 INFO mapred.Task: Task 'attempt_local773635155_0007_m_000000_0' done.
26/03/02 03:41:00 INFO mapred.Task: Final Counters for attempt_local773635155_0007_m_000000_0: Counters: 23
	File System Counters
		FILE: Number of bytes read=1020083
		FILE: Number of bytes written=3091600
		FILE: Number of read operations=0
		FILE: Number of large read operations=0
		FILE: Number of write operations=0
		HDFS: Number of bytes read=256832808
		HDFS: Number of bytes written=5736
		HDFS: Number of read operations=357
		HDFS: Number of large read operations=0
		HDFS: Number of write operations=114
	Map-Reduce Framework
		Map input records=500000
		Map output records=500000
		Map output bytes=26000000
		Map output materialized bytes=294
		Input split bytes=123
		Combine input records=500000
		Combine output records=5
		Spilled Records=5
		Failed Shuffles=0
		Merged Map outputs=0
		GC time elapsed (ms)=42
		Total committed heap usage (bytes)=531103744
	File Input Format Counters 
		Bytes Read=36688385
26/03/02 03:41:00 INFO mapred.LocalJobRunner: Finishing task: attempt_local773635155_0007_m_000000_0
26/03/02 03:41:00 INFO mapred.LocalJobRunner: map task executor complete.
26/03/02 03:41:00 INFO mapred.LocalJobRunner: Waiting for reduce tasks
26/03/02 03:41:00 INFO mapred.LocalJobRunner: Starting task: attempt_local773635155_0007_r_000000_0
26/03/02 03:41:00 INFO output.FileOutputCommitter: File Output Committer Algorithm version is 1
26/03/02 03:41:00 INFO mapred.Task:  Using ResourceCalculatorProcessTree : [ ]
26/03/02 03:41:00 INFO mapred.ReduceTask: Using ShuffleConsumerPlugin: org.apache.hadoop.mapreduce.task.reduce.Shuffle@7b122258
26/03/02 03:41:00 INFO reduce.MergeManagerImpl: MergerManager: memoryLimit=371772608, maxSingleShuffleLimit=92943152, mergeThreshold=245369936, ioSortFactor=10, memToMemMergeOutputsThreshold=10
26/03/02 03:41:00 INFO reduce.EventFetcher: attempt_local773635155_0007_r_000000_0 Thread started: EventFetcher for fetching Map Completion Events
26/03/02 03:41:00 INFO reduce.LocalFetcher: localfetcher#25 about to shuffle output of map attempt_local773635155_0007_m_000000_0 decomp: 110 len: 114 to MEMORY
26/03/02 03:41:00 INFO reduce.InMemoryMapOutput: Read 110 bytes from map-output for attempt_local773635155_0007_m_000000_0
26/03/02 03:41:00 INFO reduce.MergeManagerImpl: closeInMemoryFile -> map-output of size: 110, inMemoryMapOutputs.size() -> 1, commitMemory -> 0, usedMemory ->110
26/03/02 03:41:00 INFO reduce.EventFetcher: EventFetcher is interrupted.. Returning
26/03/02 03:41:00 INFO mapred.LocalJobRunner: 1 / 1 copied.
26/03/02 03:41:00 INFO reduce.MergeManagerImpl: finalMerge called with 1 in-memory map-outputs and 0 on-disk map-outputs
26/03/02 03:41:00 INFO mapred.Merger: Merging 1 sorted segments
26/03/02 03:41:00 INFO mapred.Merger: Down to the last merge-pass, with 1 segments left of total size: 104 bytes
26/03/02 03:41:00 INFO reduce.MergeManagerImpl: Merged 1 segments, 110 bytes to disk to satisfy reduce memory limit
26/03/02 03:41:00 INFO reduce.MergeManagerImpl: Merging 1 files, 114 bytes from disk
26/03/02 03:41:00 INFO reduce.MergeManagerImpl: Merging 0 segments, 0 bytes from memory into reduce
26/03/02 03:41:00 INFO mapred.Merger: Merging 1 sorted segments
26/03/02 03:41:00 INFO mapred.Merger: Down to the last merge-pass, with 1 segments left of total size: 104 bytes
26/03/02 03:41:00 INFO mapred.LocalJobRunner: 1 / 1 copied.
26/03/02 03:41:00 INFO mapred.Task: Task:attempt_local773635155_0007_r_000000_0 is done. And is in the process of committing
26/03/02 03:41:00 INFO mapred.LocalJobRunner: 1 / 1 copied.
26/03/02 03:41:00 INFO mapred.Task: Task attempt_local773635155_0007_r_000000_0 is allowed to commit now
26/03/02 03:41:00 INFO output.FileOutputCommitter: Saved output of task 'attempt_local773635155_0007_r_000000_0' to hdfs://localhost:9000/project2/task2/runs_report_plus/scale500k_opt/iter_7/_temporary/0/task_local773635155_0007_r_000000
26/03/02 03:41:00 INFO mapred.LocalJobRunner: reduce > reduce
26/03/02 03:41:00 INFO mapred.Task: Task 'attempt_local773635155_0007_r_000000_0' done.
26/03/02 03:41:00 INFO mapred.Task: Final Counters for attempt_local773635155_0007_r_000000_0: Counters: 29
	File System Counters
		FILE: Number of bytes read=1020595
		FILE: Number of bytes written=3091714
		FILE: Number of read operations=0
		FILE: Number of large read operations=0
		FILE: Number of write operations=0
		HDFS: Number of bytes read=256832808
		HDFS: Number of bytes written=5940
		HDFS: Number of read operations=360
		HDFS: Number of large read operations=0
		HDFS: Number of write operations=116
	Map-Reduce Framework
		Combine input records=0
		Combine output records=0
		Reduce input groups=2
		Reduce shuffle bytes=114
		Reduce input records=2
		Reduce output records=2
		Spilled Records=2
		Shuffled Maps =1
		Failed Shuffles=0
		Merged Map outputs=1
		GC time elapsed (ms)=0
		Total committed heap usage (bytes)=531103744
	Shuffle Errors
		BAD_ID=0
		CONNECTION=0
		IO_ERROR=0
		WRONG_LENGTH=0
		WRONG_MAP=0
		WRONG_REDUCE=0
	File Output Format Counters 
		Bytes Written=204
26/03/02 03:41:00 INFO mapred.LocalJobRunner: Finishing task: attempt_local773635155_0007_r_000000_0
26/03/02 03:41:00 INFO mapred.LocalJobRunner: Starting task: attempt_local773635155_0007_r_000001_0
26/03/02 03:41:00 INFO output.FileOutputCommitter: File Output Committer Algorithm version is 1
26/03/02 03:41:00 INFO mapred.Task:  Using ResourceCalculatorProcessTree : [ ]
26/03/02 03:41:00 INFO mapred.ReduceTask: Using ShuffleConsumerPlugin: org.apache.hadoop.mapreduce.task.reduce.Shuffle@5e022d56
26/03/02 03:41:00 INFO reduce.MergeManagerImpl: MergerManager: memoryLimit=371772608, maxSingleShuffleLimit=92943152, mergeThreshold=245369936, ioSortFactor=10, memToMemMergeOutputsThreshold=10
26/03/02 03:41:00 INFO reduce.EventFetcher: attempt_local773635155_0007_r_000001_0 Thread started: EventFetcher for fetching Map Completion Events
26/03/02 03:41:00 INFO reduce.LocalFetcher: localfetcher#26 about to shuffle output of map attempt_local773635155_0007_m_000000_0 decomp: 56 len: 60 to MEMORY
26/03/02 03:41:00 INFO reduce.InMemoryMapOutput: Read 56 bytes from map-output for attempt_local773635155_0007_m_000000_0
26/03/02 03:41:00 INFO reduce.MergeManagerImpl: closeInMemoryFile -> map-output of size: 56, inMemoryMapOutputs.size() -> 1, commitMemory -> 0, usedMemory ->56
26/03/02 03:41:00 INFO reduce.EventFetcher: EventFetcher is interrupted.. Returning
26/03/02 03:41:00 INFO mapred.LocalJobRunner: 1 / 1 copied.
26/03/02 03:41:00 INFO reduce.MergeManagerImpl: finalMerge called with 1 in-memory map-outputs and 0 on-disk map-outputs
26/03/02 03:41:00 INFO mapred.Merger: Merging 1 sorted segments
26/03/02 03:41:00 INFO mapred.Merger: Down to the last merge-pass, with 1 segments left of total size: 50 bytes
26/03/02 03:41:00 INFO reduce.MergeManagerImpl: Merged 1 segments, 56 bytes to disk to satisfy reduce memory limit
26/03/02 03:41:00 INFO reduce.MergeManagerImpl: Merging 1 files, 60 bytes from disk
26/03/02 03:41:00 INFO reduce.MergeManagerImpl: Merging 0 segments, 0 bytes from memory into reduce
26/03/02 03:41:00 INFO mapred.Merger: Merging 1 sorted segments
26/03/02 03:41:00 INFO mapred.Merger: Down to the last merge-pass, with 1 segments left of total size: 50 bytes
26/03/02 03:41:00 INFO mapred.LocalJobRunner: 1 / 1 copied.
26/03/02 03:41:00 INFO mapred.Task: Task:attempt_local773635155_0007_r_000001_0 is done. And is in the process of committing
26/03/02 03:41:00 INFO mapred.LocalJobRunner: 1 / 1 copied.
26/03/02 03:41:00 INFO mapred.Task: Task attempt_local773635155_0007_r_000001_0 is allowed to commit now
26/03/02 03:41:00 INFO output.FileOutputCommitter: Saved output of task 'attempt_local773635155_0007_r_000001_0' to hdfs://localhost:9000/project2/task2/runs_report_plus/scale500k_opt/iter_7/_temporary/0/task_local773635155_0007_r_000001
26/03/02 03:41:00 INFO mapred.LocalJobRunner: reduce > reduce
26/03/02 03:41:00 INFO mapred.Task: Task 'attempt_local773635155_0007_r_000001_0' done.
26/03/02 03:41:00 INFO mapred.Task: Final Counters for attempt_local773635155_0007_r_000001_0: Counters: 29
	File System Counters
		FILE: Number of bytes read=1020939
		FILE: Number of bytes written=3091774
		FILE: Number of read operations=0
		FILE: Number of large read operations=0
		FILE: Number of write operations=0
		HDFS: Number of bytes read=256832808
		HDFS: Number of bytes written=6042
		HDFS: Number of read operations=363
		HDFS: Number of large read operations=0
		HDFS: Number of write operations=118
	Map-Reduce Framework
		Combine input records=0
		Combine output records=0
		Reduce input groups=1
		Reduce shuffle bytes=60
		Reduce input records=1
		Reduce output records=1
		Spilled Records=1
		Shuffled Maps =1
		Failed Shuffles=0
		Merged Map outputs=1
		GC time elapsed (ms)=0
		Total committed heap usage (bytes)=531103744
	Shuffle Errors
		BAD_ID=0
		CONNECTION=0
		IO_ERROR=0
		WRONG_LENGTH=0
		WRONG_MAP=0
		WRONG_REDUCE=0
	File Output Format Counters 
		Bytes Written=102
26/03/02 03:41:00 INFO mapred.LocalJobRunner: Finishing task: attempt_local773635155_0007_r_000001_0
26/03/02 03:41:00 INFO mapred.LocalJobRunner: Starting task: attempt_local773635155_0007_r_000002_0
26/03/02 03:41:00 INFO output.FileOutputCommitter: File Output Committer Algorithm version is 1
26/03/02 03:41:00 INFO mapred.Task:  Using ResourceCalculatorProcessTree : [ ]
26/03/02 03:41:00 INFO mapred.ReduceTask: Using ShuffleConsumerPlugin: org.apache.hadoop.mapreduce.task.reduce.Shuffle@261640dc
26/03/02 03:41:00 INFO reduce.MergeManagerImpl: MergerManager: memoryLimit=371772608, maxSingleShuffleLimit=92943152, mergeThreshold=245369936, ioSortFactor=10, memToMemMergeOutputsThreshold=10
26/03/02 03:41:00 INFO reduce.EventFetcher: attempt_local773635155_0007_r_000002_0 Thread started: EventFetcher for fetching Map Completion Events
26/03/02 03:41:00 INFO reduce.LocalFetcher: localfetcher#27 about to shuffle output of map attempt_local773635155_0007_m_000000_0 decomp: 56 len: 60 to MEMORY
26/03/02 03:41:00 INFO reduce.InMemoryMapOutput: Read 56 bytes from map-output for attempt_local773635155_0007_m_000000_0
26/03/02 03:41:00 INFO reduce.MergeManagerImpl: closeInMemoryFile -> map-output of size: 56, inMemoryMapOutputs.size() -> 1, commitMemory -> 0, usedMemory ->56
26/03/02 03:41:00 INFO reduce.EventFetcher: EventFetcher is interrupted.. Returning
26/03/02 03:41:00 INFO mapred.LocalJobRunner: 1 / 1 copied.
26/03/02 03:41:00 INFO reduce.MergeManagerImpl: finalMerge called with 1 in-memory map-outputs and 0 on-disk map-outputs
26/03/02 03:41:00 INFO mapred.Merger: Merging 1 sorted segments
26/03/02 03:41:00 INFO mapred.Merger: Down to the last merge-pass, with 1 segments left of total size: 50 bytes
26/03/02 03:41:00 INFO reduce.MergeManagerImpl: Merged 1 segments, 56 bytes to disk to satisfy reduce memory limit
26/03/02 03:41:00 INFO reduce.MergeManagerImpl: Merging 1 files, 60 bytes from disk
26/03/02 03:41:00 INFO reduce.MergeManagerImpl: Merging 0 segments, 0 bytes from memory into reduce
26/03/02 03:41:00 INFO mapred.Merger: Merging 1 sorted segments
26/03/02 03:41:00 INFO mapred.Merger: Down to the last merge-pass, with 1 segments left of total size: 50 bytes
26/03/02 03:41:00 INFO mapred.LocalJobRunner: 1 / 1 copied.
26/03/02 03:41:00 INFO mapred.Task: Task:attempt_local773635155_0007_r_000002_0 is done. And is in the process of committing
26/03/02 03:41:00 INFO mapred.LocalJobRunner: 1 / 1 copied.
26/03/02 03:41:00 INFO mapred.Task: Task attempt_local773635155_0007_r_000002_0 is allowed to commit now
26/03/02 03:41:00 INFO output.FileOutputCommitter: Saved output of task 'attempt_local773635155_0007_r_000002_0' to hdfs://localhost:9000/project2/task2/runs_report_plus/scale500k_opt/iter_7/_temporary/0/task_local773635155_0007_r_000002
26/03/02 03:41:00 INFO mapred.LocalJobRunner: reduce > reduce
26/03/02 03:41:00 INFO mapred.Task: Task 'attempt_local773635155_0007_r_000002_0' done.
26/03/02 03:41:00 INFO mapred.Task: Final Counters for attempt_local773635155_0007_r_000002_0: Counters: 29
	File System Counters
		FILE: Number of bytes read=1021223
		FILE: Number of bytes written=3091834
		FILE: Number of read operations=0
		FILE: Number of large read operations=0
		FILE: Number of write operations=0
		HDFS: Number of bytes read=256832808
		HDFS: Number of bytes written=6145
		HDFS: Number of read operations=366
		HDFS: Number of large read operations=0
		HDFS: Number of write operations=120
	Map-Reduce Framework
		Combine input records=0
		Combine output records=0
		Reduce input groups=1
		Reduce shuffle bytes=60
		Reduce input records=1
		Reduce output records=1
		Spilled Records=1
		Shuffled Maps =1
		Failed Shuffles=0
		Merged Map outputs=1
		GC time elapsed (ms)=0
		Total committed heap usage (bytes)=531103744
	Shuffle Errors
		BAD_ID=0
		CONNECTION=0
		IO_ERROR=0
		WRONG_LENGTH=0
		WRONG_MAP=0
		WRONG_REDUCE=0
	File Output Format Counters 
		Bytes Written=103
26/03/02 03:41:00 INFO mapred.LocalJobRunner: Finishing task: attempt_local773635155_0007_r_000002_0
26/03/02 03:41:00 INFO mapred.LocalJobRunner: Starting task: attempt_local773635155_0007_r_000003_0
26/03/02 03:41:00 INFO output.FileOutputCommitter: File Output Committer Algorithm version is 1
26/03/02 03:41:00 INFO mapred.Task:  Using ResourceCalculatorProcessTree : [ ]
26/03/02 03:41:00 INFO mapred.ReduceTask: Using ShuffleConsumerPlugin: org.apache.hadoop.mapreduce.task.reduce.Shuffle@1be0d96d
26/03/02 03:41:00 INFO reduce.MergeManagerImpl: MergerManager: memoryLimit=371772608, maxSingleShuffleLimit=92943152, mergeThreshold=245369936, ioSortFactor=10, memToMemMergeOutputsThreshold=10
26/03/02 03:41:00 INFO reduce.EventFetcher: attempt_local773635155_0007_r_000003_0 Thread started: EventFetcher for fetching Map Completion Events
26/03/02 03:41:00 INFO reduce.LocalFetcher: localfetcher#28 about to shuffle output of map attempt_local773635155_0007_m_000000_0 decomp: 56 len: 60 to MEMORY
26/03/02 03:41:00 INFO reduce.InMemoryMapOutput: Read 56 bytes from map-output for attempt_local773635155_0007_m_000000_0
26/03/02 03:41:00 INFO reduce.MergeManagerImpl: closeInMemoryFile -> map-output of size: 56, inMemoryMapOutputs.size() -> 1, commitMemory -> 0, usedMemory ->56
26/03/02 03:41:00 INFO reduce.EventFetcher: EventFetcher is interrupted.. Returning
26/03/02 03:41:00 INFO mapred.LocalJobRunner: 1 / 1 copied.
26/03/02 03:41:00 INFO reduce.MergeManagerImpl: finalMerge called with 1 in-memory map-outputs and 0 on-disk map-outputs
26/03/02 03:41:00 INFO mapred.Merger: Merging 1 sorted segments
26/03/02 03:41:00 INFO mapred.Merger: Down to the last merge-pass, with 1 segments left of total size: 50 bytes
26/03/02 03:41:00 INFO reduce.MergeManagerImpl: Merged 1 segments, 56 bytes to disk to satisfy reduce memory limit
26/03/02 03:41:00 INFO reduce.MergeManagerImpl: Merging 1 files, 60 bytes from disk
26/03/02 03:41:00 INFO reduce.MergeManagerImpl: Merging 0 segments, 0 bytes from memory into reduce
26/03/02 03:41:00 INFO mapred.Merger: Merging 1 sorted segments
26/03/02 03:41:00 INFO mapred.Merger: Down to the last merge-pass, with 1 segments left of total size: 50 bytes
26/03/02 03:41:00 INFO mapred.LocalJobRunner: 1 / 1 copied.
26/03/02 03:41:00 INFO mapred.Task: Task:attempt_local773635155_0007_r_000003_0 is done. And is in the process of committing
26/03/02 03:41:00 INFO mapred.LocalJobRunner: 1 / 1 copied.
26/03/02 03:41:00 INFO mapred.Task: Task attempt_local773635155_0007_r_000003_0 is allowed to commit now
26/03/02 03:41:00 INFO output.FileOutputCommitter: Saved output of task 'attempt_local773635155_0007_r_000003_0' to hdfs://localhost:9000/project2/task2/runs_report_plus/scale500k_opt/iter_7/_temporary/0/task_local773635155_0007_r_000003
26/03/02 03:41:00 INFO mapred.LocalJobRunner: reduce > reduce
26/03/02 03:41:00 INFO mapred.Task: Task 'attempt_local773635155_0007_r_000003_0' done.
26/03/02 03:41:00 INFO mapred.Task: Final Counters for attempt_local773635155_0007_r_000003_0: Counters: 29
	File System Counters
		FILE: Number of bytes read=1021447
		FILE: Number of bytes written=3091894
		FILE: Number of read operations=0
		FILE: Number of large read operations=0
		FILE: Number of write operations=0
		HDFS: Number of bytes read=256832808
		HDFS: Number of bytes written=6247
		HDFS: Number of read operations=369
		HDFS: Number of large read operations=0
		HDFS: Number of write operations=122
	Map-Reduce Framework
		Combine input records=0
		Combine output records=0
		Reduce input groups=1
		Reduce shuffle bytes=60
		Reduce input records=1
		Reduce output records=1
		Spilled Records=1
		Shuffled Maps =1
		Failed Shuffles=0
		Merged Map outputs=1
		GC time elapsed (ms)=0
		Total committed heap usage (bytes)=531103744
	Shuffle Errors
		BAD_ID=0
		CONNECTION=0
		IO_ERROR=0
		WRONG_LENGTH=0
		WRONG_MAP=0
		WRONG_REDUCE=0
	File Output Format Counters 
		Bytes Written=102
26/03/02 03:41:00 INFO mapred.LocalJobRunner: Finishing task: attempt_local773635155_0007_r_000003_0
26/03/02 03:41:00 INFO mapred.LocalJobRunner: reduce task executor complete.
26/03/02 03:41:01 INFO mapreduce.Job: Job job_local773635155_0007 running in uber mode : false
26/03/02 03:41:01 INFO mapreduce.Job:  map 100% reduce 100%
26/03/02 03:41:01 INFO mapreduce.Job: Job job_local773635155_0007 completed successfully
26/03/02 03:41:01 INFO mapreduce.Job: Counters: 35
	File System Counters
		FILE: Number of bytes read=5104287
		FILE: Number of bytes written=15458816
		FILE: Number of read operations=0
		FILE: Number of large read operations=0
		FILE: Number of write operations=0
		HDFS: Number of bytes read=1284164040
		HDFS: Number of bytes written=30110
		HDFS: Number of read operations=1815
		HDFS: Number of large read operations=0
		HDFS: Number of write operations=590
	Map-Reduce Framework
		Map input records=500000
		Map output records=500000
		Map output bytes=26000000
		Map output materialized bytes=294
		Input split bytes=123
		Combine input records=500000
		Combine output records=5
		Reduce input groups=5
		Reduce shuffle bytes=294
		Reduce input records=5
		Reduce output records=5
		Spilled Records=10
		Shuffled Maps =4
		Failed Shuffles=0
		Merged Map outputs=4
		GC time elapsed (ms)=42
		Total committed heap usage (bytes)=2655518720
	Shuffle Errors
		BAD_ID=0
		CONNECTION=0
		IO_ERROR=0
		WRONG_LENGTH=0
		WRONG_MAP=0
		WRONG_REDUCE=0
	File Input Format Counters 
		Bytes Read=36688385
	File Output Format Counters 
		Bytes Written=511
26/03/02 03:41:01 INFO jvm.JvmMetrics: Cannot initialize JVM Metrics with processName=JobTracker, sessionId= - already initialized
26/03/02 03:41:01 WARN mapreduce.JobResourceUploader: Hadoop command-line option parsing not performed. Implement the Tool interface and execute your application with ToolRunner to remedy this.
26/03/02 03:41:01 INFO input.FileInputFormat: Total input paths to process : 1
26/03/02 03:41:01 INFO mapreduce.JobSubmitter: number of splits:1
26/03/02 03:41:01 INFO mapreduce.JobSubmitter: Submitting tokens for job: job_local1478793302_0008
26/03/02 03:41:01 INFO mapred.LocalDistributedCacheManager: Creating symlink: /tmp/hadoop-ds503/mapred/local/1772422861168/centers_iter_7.csv <- /home/ds503/centers_iter_7.csv
26/03/02 03:41:01 INFO mapred.LocalDistributedCacheManager: Localized hdfs://localhost:9000/project2/task2/runs_report_plus/scale500k_opt/centers_iter_7.csv as file:/tmp/hadoop-ds503/mapred/local/1772422861168/centers_iter_7.csv
26/03/02 03:41:01 INFO mapreduce.Job: The url to track the job: http://localhost:8080/
26/03/02 03:41:01 INFO mapreduce.Job: Running job: job_local1478793302_0008
26/03/02 03:41:01 INFO mapred.LocalJobRunner: OutputCommitter set in config null
26/03/02 03:41:01 INFO output.FileOutputCommitter: File Output Committer Algorithm version is 1
26/03/02 03:41:01 INFO mapred.LocalJobRunner: OutputCommitter is org.apache.hadoop.mapreduce.lib.output.FileOutputCommitter
26/03/02 03:41:01 INFO mapred.LocalJobRunner: Waiting for map tasks
26/03/02 03:41:01 INFO mapred.LocalJobRunner: Starting task: attempt_local1478793302_0008_m_000000_0
26/03/02 03:41:01 INFO output.FileOutputCommitter: File Output Committer Algorithm version is 1
26/03/02 03:41:01 INFO mapred.Task:  Using ResourceCalculatorProcessTree : [ ]
26/03/02 03:41:01 INFO mapred.MapTask: Processing split: hdfs://localhost:9000/project2/task2/input/points_500k.csv:0+36688385
26/03/02 03:41:01 INFO mapred.MapTask: (EQUATOR) 0 kvi 26214396(104857584)
26/03/02 03:41:01 INFO mapred.MapTask: mapreduce.task.io.sort.mb: 100
26/03/02 03:41:01 INFO mapred.MapTask: soft limit at 83886080
26/03/02 03:41:01 INFO mapred.MapTask: bufstart = 0; bufvoid = 104857600
26/03/02 03:41:01 INFO mapred.MapTask: kvstart = 26214396; length = 6553600
26/03/02 03:41:01 INFO mapred.MapTask: Map output collector class = org.apache.hadoop.mapred.MapTask$MapOutputBuffer
26/03/02 03:41:01 INFO mapred.LocalJobRunner: 
26/03/02 03:41:01 INFO mapred.MapTask: Starting flush of map output
26/03/02 03:41:01 INFO mapred.MapTask: Spilling map output
26/03/02 03:41:01 INFO mapred.MapTask: bufstart = 0; bufend = 26000000; bufvoid = 104857600
26/03/02 03:41:01 INFO mapred.MapTask: kvstart = 26214396(104857584); kvend = 24214400(96857600); length = 1999997/6553600
26/03/02 03:41:01 INFO mapred.MapTask: Finished spill 0
26/03/02 03:41:01 INFO mapred.Task: Task:attempt_local1478793302_0008_m_000000_0 is done. And is in the process of committing
26/03/02 03:41:01 INFO mapred.LocalJobRunner: map
26/03/02 03:41:01 INFO mapred.Task: Task 'attempt_local1478793302_0008_m_000000_0' done.
26/03/02 03:41:01 INFO mapred.Task: Final Counters for attempt_local1478793302_0008_m_000000_0: Counters: 23
	File System Counters
		FILE: Number of bytes read=1166004
		FILE: Number of bytes written=3533977
		FILE: Number of read operations=0
		FILE: Number of large read operations=0
		FILE: Number of write operations=0
		HDFS: Number of bytes read=293523344
		HDFS: Number of bytes written=6622
		HDFS: Number of read operations=413
		HDFS: Number of large read operations=0
		HDFS: Number of write operations=132
	Map-Reduce Framework
		Map input records=500000
		Map output records=500000
		Map output bytes=26000000
		Map output materialized bytes=294
		Input split bytes=123
		Combine input records=500000
		Combine output records=5
		Spilled Records=5
		Failed Shuffles=0
		Merged Map outputs=0
		GC time elapsed (ms)=39
		Total committed heap usage (bytes)=535822336
	File Input Format Counters 
		Bytes Read=36688385
26/03/02 03:41:01 INFO mapred.LocalJobRunner: Finishing task: attempt_local1478793302_0008_m_000000_0
26/03/02 03:41:01 INFO mapred.LocalJobRunner: map task executor complete.
26/03/02 03:41:01 INFO mapred.LocalJobRunner: Waiting for reduce tasks
26/03/02 03:41:01 INFO mapred.LocalJobRunner: Starting task: attempt_local1478793302_0008_r_000000_0
26/03/02 03:41:01 INFO output.FileOutputCommitter: File Output Committer Algorithm version is 1
26/03/02 03:41:01 INFO mapred.Task:  Using ResourceCalculatorProcessTree : [ ]
26/03/02 03:41:01 INFO mapred.ReduceTask: Using ShuffleConsumerPlugin: org.apache.hadoop.mapreduce.task.reduce.Shuffle@12cf1880
26/03/02 03:41:01 INFO reduce.MergeManagerImpl: MergerManager: memoryLimit=375075616, maxSingleShuffleLimit=93768904, mergeThreshold=247549920, ioSortFactor=10, memToMemMergeOutputsThreshold=10
26/03/02 03:41:01 INFO reduce.EventFetcher: attempt_local1478793302_0008_r_000000_0 Thread started: EventFetcher for fetching Map Completion Events
26/03/02 03:41:01 INFO reduce.LocalFetcher: localfetcher#29 about to shuffle output of map attempt_local1478793302_0008_m_000000_0 decomp: 110 len: 114 to MEMORY
26/03/02 03:41:01 INFO reduce.InMemoryMapOutput: Read 110 bytes from map-output for attempt_local1478793302_0008_m_000000_0
26/03/02 03:41:01 INFO reduce.MergeManagerImpl: closeInMemoryFile -> map-output of size: 110, inMemoryMapOutputs.size() -> 1, commitMemory -> 0, usedMemory ->110
26/03/02 03:41:01 INFO reduce.EventFetcher: EventFetcher is interrupted.. Returning
26/03/02 03:41:01 INFO mapred.LocalJobRunner: 1 / 1 copied.
26/03/02 03:41:01 INFO reduce.MergeManagerImpl: finalMerge called with 1 in-memory map-outputs and 0 on-disk map-outputs
26/03/02 03:41:01 INFO mapred.Merger: Merging 1 sorted segments
26/03/02 03:41:01 INFO mapred.Merger: Down to the last merge-pass, with 1 segments left of total size: 104 bytes
26/03/02 03:41:01 INFO reduce.MergeManagerImpl: Merged 1 segments, 110 bytes to disk to satisfy reduce memory limit
26/03/02 03:41:01 INFO reduce.MergeManagerImpl: Merging 1 files, 114 bytes from disk
26/03/02 03:41:01 INFO reduce.MergeManagerImpl: Merging 0 segments, 0 bytes from memory into reduce
26/03/02 03:41:01 INFO mapred.Merger: Merging 1 sorted segments
26/03/02 03:41:01 INFO mapred.Merger: Down to the last merge-pass, with 1 segments left of total size: 104 bytes
26/03/02 03:41:01 INFO mapred.LocalJobRunner: 1 / 1 copied.
26/03/02 03:41:01 INFO mapred.Task: Task:attempt_local1478793302_0008_r_000000_0 is done. And is in the process of committing
26/03/02 03:41:01 INFO mapred.LocalJobRunner: 1 / 1 copied.
26/03/02 03:41:01 INFO mapred.Task: Task attempt_local1478793302_0008_r_000000_0 is allowed to commit now
26/03/02 03:41:01 INFO output.FileOutputCommitter: Saved output of task 'attempt_local1478793302_0008_r_000000_0' to hdfs://localhost:9000/project2/task2/runs_report_plus/scale500k_opt/iter_8/_temporary/0/task_local1478793302_0008_r_000000
26/03/02 03:41:01 INFO mapred.LocalJobRunner: reduce > reduce
26/03/02 03:41:01 INFO mapred.Task: Task 'attempt_local1478793302_0008_r_000000_0' done.
26/03/02 03:41:01 INFO mapred.Task: Final Counters for attempt_local1478793302_0008_r_000000_0: Counters: 29
	File System Counters
		FILE: Number of bytes read=1166516
		FILE: Number of bytes written=3534091
		FILE: Number of read operations=0
		FILE: Number of large read operations=0
		FILE: Number of write operations=0
		HDFS: Number of bytes read=293523344
		HDFS: Number of bytes written=6828
		HDFS: Number of read operations=416
		HDFS: Number of large read operations=0
		HDFS: Number of write operations=134
	Map-Reduce Framework
		Combine input records=0
		Combine output records=0
		Reduce input groups=2
		Reduce shuffle bytes=114
		Reduce input records=2
		Reduce output records=2
		Spilled Records=2
		Shuffled Maps =1
		Failed Shuffles=0
		Merged Map outputs=1
		GC time elapsed (ms)=0
		Total committed heap usage (bytes)=535822336
	Shuffle Errors
		BAD_ID=0
		CONNECTION=0
		IO_ERROR=0
		WRONG_LENGTH=0
		WRONG_MAP=0
		WRONG_REDUCE=0
	File Output Format Counters 
		Bytes Written=206
26/03/02 03:41:01 INFO mapred.LocalJobRunner: Finishing task: attempt_local1478793302_0008_r_000000_0
26/03/02 03:41:01 INFO mapred.LocalJobRunner: Starting task: attempt_local1478793302_0008_r_000001_0
26/03/02 03:41:01 INFO output.FileOutputCommitter: File Output Committer Algorithm version is 1
26/03/02 03:41:01 INFO mapred.Task:  Using ResourceCalculatorProcessTree : [ ]
26/03/02 03:41:01 INFO mapred.ReduceTask: Using ShuffleConsumerPlugin: org.apache.hadoop.mapreduce.task.reduce.Shuffle@3754e6ac
26/03/02 03:41:01 INFO reduce.MergeManagerImpl: MergerManager: memoryLimit=375075616, maxSingleShuffleLimit=93768904, mergeThreshold=247549920, ioSortFactor=10, memToMemMergeOutputsThreshold=10
26/03/02 03:41:01 INFO reduce.EventFetcher: attempt_local1478793302_0008_r_000001_0 Thread started: EventFetcher for fetching Map Completion Events
26/03/02 03:41:01 INFO reduce.LocalFetcher: localfetcher#30 about to shuffle output of map attempt_local1478793302_0008_m_000000_0 decomp: 56 len: 60 to MEMORY
26/03/02 03:41:01 INFO reduce.InMemoryMapOutput: Read 56 bytes from map-output for attempt_local1478793302_0008_m_000000_0
26/03/02 03:41:01 INFO reduce.MergeManagerImpl: closeInMemoryFile -> map-output of size: 56, inMemoryMapOutputs.size() -> 1, commitMemory -> 0, usedMemory ->56
26/03/02 03:41:01 WARN io.ReadaheadPool: Failed readahead on ifile
EBADF: Bad file descriptor
	at org.apache.hadoop.io.nativeio.NativeIO$POSIX.posix_fadvise(Native Method)
	at org.apache.hadoop.io.nativeio.NativeIO$POSIX.posixFadviseIfPossible(NativeIO.java:267)
	at org.apache.hadoop.io.nativeio.NativeIO$POSIX$CacheManipulator.posixFadviseIfPossible(NativeIO.java:146)
	at org.apache.hadoop.io.ReadaheadPool$ReadaheadRequestImpl.run(ReadaheadPool.java:206)
	at java.util.concurrent.ThreadPoolExecutor.runWorker(ThreadPoolExecutor.java:1149)
	at java.util.concurrent.ThreadPoolExecutor$Worker.run(ThreadPoolExecutor.java:624)
	at java.lang.Thread.run(Thread.java:748)
26/03/02 03:41:01 INFO reduce.EventFetcher: EventFetcher is interrupted.. Returning
26/03/02 03:41:01 INFO mapred.LocalJobRunner: 1 / 1 copied.
26/03/02 03:41:01 INFO reduce.MergeManagerImpl: finalMerge called with 1 in-memory map-outputs and 0 on-disk map-outputs
26/03/02 03:41:01 INFO mapred.Merger: Merging 1 sorted segments
26/03/02 03:41:01 INFO mapred.Merger: Down to the last merge-pass, with 1 segments left of total size: 50 bytes
26/03/02 03:41:01 INFO reduce.MergeManagerImpl: Merged 1 segments, 56 bytes to disk to satisfy reduce memory limit
26/03/02 03:41:01 INFO reduce.MergeManagerImpl: Merging 1 files, 60 bytes from disk
26/03/02 03:41:01 INFO reduce.MergeManagerImpl: Merging 0 segments, 0 bytes from memory into reduce
26/03/02 03:41:01 INFO mapred.Merger: Merging 1 sorted segments
26/03/02 03:41:01 INFO mapred.Merger: Down to the last merge-pass, with 1 segments left of total size: 50 bytes
26/03/02 03:41:01 INFO mapred.LocalJobRunner: 1 / 1 copied.
26/03/02 03:41:01 INFO mapred.Task: Task:attempt_local1478793302_0008_r_000001_0 is done. And is in the process of committing
26/03/02 03:41:01 INFO mapred.LocalJobRunner: 1 / 1 copied.
26/03/02 03:41:01 INFO mapred.Task: Task attempt_local1478793302_0008_r_000001_0 is allowed to commit now
26/03/02 03:41:01 INFO output.FileOutputCommitter: Saved output of task 'attempt_local1478793302_0008_r_000001_0' to hdfs://localhost:9000/project2/task2/runs_report_plus/scale500k_opt/iter_8/_temporary/0/task_local1478793302_0008_r_000001
26/03/02 03:41:01 INFO mapred.LocalJobRunner: reduce > reduce
26/03/02 03:41:01 INFO mapred.Task: Task 'attempt_local1478793302_0008_r_000001_0' done.
26/03/02 03:41:01 INFO mapred.Task: Final Counters for attempt_local1478793302_0008_r_000001_0: Counters: 29
	File System Counters
		FILE: Number of bytes read=1166860
		FILE: Number of bytes written=3534151
		FILE: Number of read operations=0
		FILE: Number of large read operations=0
		FILE: Number of write operations=0
		HDFS: Number of bytes read=293523344
		HDFS: Number of bytes written=6931
		HDFS: Number of read operations=419
		HDFS: Number of large read operations=0
		HDFS: Number of write operations=136
	Map-Reduce Framework
		Combine input records=0
		Combine output records=0
		Reduce input groups=1
		Reduce shuffle bytes=60
		Reduce input records=1
		Reduce output records=1
		Spilled Records=1
		Shuffled Maps =1
		Failed Shuffles=0
		Merged Map outputs=1
		GC time elapsed (ms)=0
		Total committed heap usage (bytes)=535822336
	Shuffle Errors
		BAD_ID=0
		CONNECTION=0
		IO_ERROR=0
		WRONG_LENGTH=0
		WRONG_MAP=0
		WRONG_REDUCE=0
	File Output Format Counters 
		Bytes Written=103
26/03/02 03:41:01 INFO mapred.LocalJobRunner: Finishing task: attempt_local1478793302_0008_r_000001_0
26/03/02 03:41:01 INFO mapred.LocalJobRunner: Starting task: attempt_local1478793302_0008_r_000002_0
26/03/02 03:41:01 INFO output.FileOutputCommitter: File Output Committer Algorithm version is 1
26/03/02 03:41:01 INFO mapred.Task:  Using ResourceCalculatorProcessTree : [ ]
26/03/02 03:41:01 INFO mapred.ReduceTask: Using ShuffleConsumerPlugin: org.apache.hadoop.mapreduce.task.reduce.Shuffle@4f2927d4
26/03/02 03:41:01 INFO reduce.MergeManagerImpl: MergerManager: memoryLimit=375075616, maxSingleShuffleLimit=93768904, mergeThreshold=247549920, ioSortFactor=10, memToMemMergeOutputsThreshold=10
26/03/02 03:41:01 INFO reduce.EventFetcher: attempt_local1478793302_0008_r_000002_0 Thread started: EventFetcher for fetching Map Completion Events
26/03/02 03:41:01 INFO reduce.LocalFetcher: localfetcher#31 about to shuffle output of map attempt_local1478793302_0008_m_000000_0 decomp: 56 len: 60 to MEMORY
26/03/02 03:41:01 INFO reduce.InMemoryMapOutput: Read 56 bytes from map-output for attempt_local1478793302_0008_m_000000_0
26/03/02 03:41:01 INFO reduce.MergeManagerImpl: closeInMemoryFile -> map-output of size: 56, inMemoryMapOutputs.size() -> 1, commitMemory -> 0, usedMemory ->56
26/03/02 03:41:01 INFO reduce.EventFetcher: EventFetcher is interrupted.. Returning
26/03/02 03:41:01 INFO mapred.LocalJobRunner: 1 / 1 copied.
26/03/02 03:41:01 INFO reduce.MergeManagerImpl: finalMerge called with 1 in-memory map-outputs and 0 on-disk map-outputs
26/03/02 03:41:01 INFO mapred.Merger: Merging 1 sorted segments
26/03/02 03:41:01 INFO mapred.Merger: Down to the last merge-pass, with 1 segments left of total size: 50 bytes
26/03/02 03:41:01 INFO reduce.MergeManagerImpl: Merged 1 segments, 56 bytes to disk to satisfy reduce memory limit
26/03/02 03:41:01 INFO reduce.MergeManagerImpl: Merging 1 files, 60 bytes from disk
26/03/02 03:41:01 INFO reduce.MergeManagerImpl: Merging 0 segments, 0 bytes from memory into reduce
26/03/02 03:41:01 INFO mapred.Merger: Merging 1 sorted segments
26/03/02 03:41:01 INFO mapred.Merger: Down to the last merge-pass, with 1 segments left of total size: 50 bytes
26/03/02 03:41:01 INFO mapred.LocalJobRunner: 1 / 1 copied.
26/03/02 03:41:02 INFO mapred.Task: Task:attempt_local1478793302_0008_r_000002_0 is done. And is in the process of committing
26/03/02 03:41:02 INFO mapred.LocalJobRunner: 1 / 1 copied.
26/03/02 03:41:02 INFO mapred.Task: Task attempt_local1478793302_0008_r_000002_0 is allowed to commit now
26/03/02 03:41:02 INFO output.FileOutputCommitter: Saved output of task 'attempt_local1478793302_0008_r_000002_0' to hdfs://localhost:9000/project2/task2/runs_report_plus/scale500k_opt/iter_8/_temporary/0/task_local1478793302_0008_r_000002
26/03/02 03:41:02 INFO mapred.LocalJobRunner: reduce > reduce
26/03/02 03:41:02 INFO mapred.Task: Task 'attempt_local1478793302_0008_r_000002_0' done.
26/03/02 03:41:02 INFO mapred.Task: Final Counters for attempt_local1478793302_0008_r_000002_0: Counters: 29
	File System Counters
		FILE: Number of bytes read=1167144
		FILE: Number of bytes written=3534211
		FILE: Number of read operations=0
		FILE: Number of large read operations=0
		FILE: Number of write operations=0
		HDFS: Number of bytes read=293523344
		HDFS: Number of bytes written=7034
		HDFS: Number of read operations=422
		HDFS: Number of large read operations=0
		HDFS: Number of write operations=138
	Map-Reduce Framework
		Combine input records=0
		Combine output records=0
		Reduce input groups=1
		Reduce shuffle bytes=60
		Reduce input records=1
		Reduce output records=1
		Spilled Records=1
		Shuffled Maps =1
		Failed Shuffles=0
		Merged Map outputs=1
		GC time elapsed (ms)=0
		Total committed heap usage (bytes)=535822336
	Shuffle Errors
		BAD_ID=0
		CONNECTION=0
		IO_ERROR=0
		WRONG_LENGTH=0
		WRONG_MAP=0
		WRONG_REDUCE=0
	File Output Format Counters 
		Bytes Written=103
26/03/02 03:41:02 INFO mapred.LocalJobRunner: Finishing task: attempt_local1478793302_0008_r_000002_0
26/03/02 03:41:02 INFO mapred.LocalJobRunner: Starting task: attempt_local1478793302_0008_r_000003_0
26/03/02 03:41:02 INFO output.FileOutputCommitter: File Output Committer Algorithm version is 1
26/03/02 03:41:02 INFO mapred.Task:  Using ResourceCalculatorProcessTree : [ ]
26/03/02 03:41:02 INFO mapred.ReduceTask: Using ShuffleConsumerPlugin: org.apache.hadoop.mapreduce.task.reduce.Shuffle@2d6bf154
26/03/02 03:41:02 INFO reduce.MergeManagerImpl: MergerManager: memoryLimit=375075616, maxSingleShuffleLimit=93768904, mergeThreshold=247549920, ioSortFactor=10, memToMemMergeOutputsThreshold=10
26/03/02 03:41:02 INFO reduce.EventFetcher: attempt_local1478793302_0008_r_000003_0 Thread started: EventFetcher for fetching Map Completion Events
26/03/02 03:41:02 INFO reduce.LocalFetcher: localfetcher#32 about to shuffle output of map attempt_local1478793302_0008_m_000000_0 decomp: 56 len: 60 to MEMORY
26/03/02 03:41:02 INFO reduce.InMemoryMapOutput: Read 56 bytes from map-output for attempt_local1478793302_0008_m_000000_0
26/03/02 03:41:02 INFO reduce.MergeManagerImpl: closeInMemoryFile -> map-output of size: 56, inMemoryMapOutputs.size() -> 1, commitMemory -> 0, usedMemory ->56
26/03/02 03:41:02 INFO reduce.EventFetcher: EventFetcher is interrupted.. Returning
26/03/02 03:41:02 INFO mapred.LocalJobRunner: 1 / 1 copied.
26/03/02 03:41:02 INFO reduce.MergeManagerImpl: finalMerge called with 1 in-memory map-outputs and 0 on-disk map-outputs
26/03/02 03:41:02 INFO mapred.Merger: Merging 1 sorted segments
26/03/02 03:41:02 INFO mapred.Merger: Down to the last merge-pass, with 1 segments left of total size: 50 bytes
26/03/02 03:41:02 INFO reduce.MergeManagerImpl: Merged 1 segments, 56 bytes to disk to satisfy reduce memory limit
26/03/02 03:41:02 INFO reduce.MergeManagerImpl: Merging 1 files, 60 bytes from disk
26/03/02 03:41:02 INFO reduce.MergeManagerImpl: Merging 0 segments, 0 bytes from memory into reduce
26/03/02 03:41:02 INFO mapred.Merger: Merging 1 sorted segments
26/03/02 03:41:02 INFO mapred.Merger: Down to the last merge-pass, with 1 segments left of total size: 50 bytes
26/03/02 03:41:02 INFO mapred.LocalJobRunner: 1 / 1 copied.
26/03/02 03:41:02 INFO mapred.Task: Task:attempt_local1478793302_0008_r_000003_0 is done. And is in the process of committing
26/03/02 03:41:02 INFO mapred.LocalJobRunner: 1 / 1 copied.
26/03/02 03:41:02 INFO mapred.Task: Task attempt_local1478793302_0008_r_000003_0 is allowed to commit now
26/03/02 03:41:02 INFO output.FileOutputCommitter: Saved output of task 'attempt_local1478793302_0008_r_000003_0' to hdfs://localhost:9000/project2/task2/runs_report_plus/scale500k_opt/iter_8/_temporary/0/task_local1478793302_0008_r_000003
26/03/02 03:41:02 INFO mapred.LocalJobRunner: reduce > reduce
26/03/02 03:41:02 INFO mapred.Task: Task 'attempt_local1478793302_0008_r_000003_0' done.
26/03/02 03:41:02 INFO mapred.Task: Final Counters for attempt_local1478793302_0008_r_000003_0: Counters: 29
	File System Counters
		FILE: Number of bytes read=1167368
		FILE: Number of bytes written=3534271
		FILE: Number of read operations=0
		FILE: Number of large read operations=0
		FILE: Number of write operations=0
		HDFS: Number of bytes read=293523344
		HDFS: Number of bytes written=7137
		HDFS: Number of read operations=425
		HDFS: Number of large read operations=0
		HDFS: Number of write operations=140
	Map-Reduce Framework
		Combine input records=0
		Combine output records=0
		Reduce input groups=1
		Reduce shuffle bytes=60
		Reduce input records=1
		Reduce output records=1
		Spilled Records=1
		Shuffled Maps =1
		Failed Shuffles=0
		Merged Map outputs=1
		GC time elapsed (ms)=0
		Total committed heap usage (bytes)=535822336
	Shuffle Errors
		BAD_ID=0
		CONNECTION=0
		IO_ERROR=0
		WRONG_LENGTH=0
		WRONG_MAP=0
		WRONG_REDUCE=0
	File Output Format Counters 
		Bytes Written=103
26/03/02 03:41:02 INFO mapred.LocalJobRunner: Finishing task: attempt_local1478793302_0008_r_000003_0
26/03/02 03:41:02 INFO mapred.LocalJobRunner: reduce task executor complete.
26/03/02 03:41:02 INFO mapreduce.Job: Job job_local1478793302_0008 running in uber mode : false
26/03/02 03:41:02 INFO mapreduce.Job:  map 100% reduce 100%
26/03/02 03:41:02 INFO mapreduce.Job: Job job_local1478793302_0008 completed successfully
26/03/02 03:41:02 INFO mapreduce.Job: Counters: 35
	File System Counters
		FILE: Number of bytes read=5833892
		FILE: Number of bytes written=17670701
		FILE: Number of read operations=0
		FILE: Number of large read operations=0
		FILE: Number of write operations=0
		HDFS: Number of bytes read=1467616720
		HDFS: Number of bytes written=34552
		HDFS: Number of read operations=2095
		HDFS: Number of large read operations=0
		HDFS: Number of write operations=680
	Map-Reduce Framework
		Map input records=500000
		Map output records=500000
		Map output bytes=26000000
		Map output materialized bytes=294
		Input split bytes=123
		Combine input records=500000
		Combine output records=5
		Reduce input groups=5
		Reduce shuffle bytes=294
		Reduce input records=5
		Reduce output records=5
		Spilled Records=10
		Shuffled Maps =4
		Failed Shuffles=0
		Merged Map outputs=4
		GC time elapsed (ms)=39
		Total committed heap usage (bytes)=2679111680
	Shuffle Errors
		BAD_ID=0
		CONNECTION=0
		IO_ERROR=0
		WRONG_LENGTH=0
		WRONG_MAP=0
		WRONG_REDUCE=0
	File Input Format Counters 
		Bytes Read=36688385
	File Output Format Counters 
		Bytes Written=515
26/03/02 03:41:02 INFO jvm.JvmMetrics: Cannot initialize JVM Metrics with processName=JobTracker, sessionId= - already initialized
26/03/02 03:41:02 WARN mapreduce.JobResourceUploader: Hadoop command-line option parsing not performed. Implement the Tool interface and execute your application with ToolRunner to remedy this.
26/03/02 03:41:02 INFO input.FileInputFormat: Total input paths to process : 1
26/03/02 03:41:02 INFO mapreduce.JobSubmitter: number of splits:1
26/03/02 03:41:02 INFO mapreduce.JobSubmitter: Submitting tokens for job: job_local591595010_0009
26/03/02 03:41:02 INFO mapred.LocalDistributedCacheManager: Creating symlink: /tmp/hadoop-ds503/mapred/local/1772422862253/centers_iter_8.csv <- /home/ds503/centers_iter_8.csv
26/03/02 03:41:02 INFO mapred.LocalDistributedCacheManager: Localized hdfs://localhost:9000/project2/task2/runs_report_plus/scale500k_opt/centers_iter_8.csv as file:/tmp/hadoop-ds503/mapred/local/1772422862253/centers_iter_8.csv
26/03/02 03:41:02 INFO mapreduce.Job: The url to track the job: http://localhost:8080/
26/03/02 03:41:02 INFO mapreduce.Job: Running job: job_local591595010_0009
26/03/02 03:41:02 INFO mapred.LocalJobRunner: OutputCommitter set in config null
26/03/02 03:41:02 INFO output.FileOutputCommitter: File Output Committer Algorithm version is 1
26/03/02 03:41:02 INFO mapred.LocalJobRunner: OutputCommitter is org.apache.hadoop.mapreduce.lib.output.FileOutputCommitter
26/03/02 03:41:02 INFO mapred.LocalJobRunner: Waiting for map tasks
26/03/02 03:41:02 INFO mapred.LocalJobRunner: Starting task: attempt_local591595010_0009_m_000000_0
26/03/02 03:41:02 INFO output.FileOutputCommitter: File Output Committer Algorithm version is 1
26/03/02 03:41:02 INFO mapred.Task:  Using ResourceCalculatorProcessTree : [ ]
26/03/02 03:41:02 INFO mapred.MapTask: Processing split: hdfs://localhost:9000/project2/task2/input/points_500k.csv:0+36688385
26/03/02 03:41:02 INFO mapred.MapTask: (EQUATOR) 0 kvi 26214396(104857584)
26/03/02 03:41:02 INFO mapred.MapTask: mapreduce.task.io.sort.mb: 100
26/03/02 03:41:02 INFO mapred.MapTask: soft limit at 83886080
26/03/02 03:41:02 INFO mapred.MapTask: bufstart = 0; bufvoid = 104857600
26/03/02 03:41:02 INFO mapred.MapTask: kvstart = 26214396; length = 6553600
26/03/02 03:41:02 INFO mapred.MapTask: Map output collector class = org.apache.hadoop.mapred.MapTask$MapOutputBuffer
26/03/02 03:41:02 INFO mapred.LocalJobRunner: 
26/03/02 03:41:02 INFO mapred.MapTask: Starting flush of map output
26/03/02 03:41:02 INFO mapred.MapTask: Spilling map output
26/03/02 03:41:02 INFO mapred.MapTask: bufstart = 0; bufend = 26000000; bufvoid = 104857600
26/03/02 03:41:02 INFO mapred.MapTask: kvstart = 26214396(104857584); kvend = 24214400(96857600); length = 1999997/6553600
26/03/02 03:41:03 INFO mapred.MapTask: Finished spill 0
26/03/02 03:41:03 INFO mapred.Task: Task:attempt_local591595010_0009_m_000000_0 is done. And is in the process of committing
26/03/02 03:41:03 INFO mapred.LocalJobRunner: map
26/03/02 03:41:03 INFO mapred.Task: Task 'attempt_local591595010_0009_m_000000_0' done.
26/03/02 03:41:03 INFO mapred.Task: Final Counters for attempt_local591595010_0009_m_000000_0: Counters: 23
	File System Counters
		FILE: Number of bytes read=1311925
		FILE: Number of bytes written=3974767
		FILE: Number of read operations=0
		FILE: Number of large read operations=0
		FILE: Number of write operations=0
		HDFS: Number of bytes read=330213886
		HDFS: Number of bytes written=7513
		HDFS: Number of read operations=469
		HDFS: Number of large read operations=0
		HDFS: Number of write operations=150
	Map-Reduce Framework
		Map input records=500000
		Map output records=500000
		Map output bytes=26000000
		Map output materialized bytes=294
		Input split bytes=123
		Combine input records=500000
		Combine output records=5
		Spilled Records=5
		Failed Shuffles=0
		Merged Map outputs=0
		GC time elapsed (ms)=38
		Total committed heap usage (bytes)=535822336
	File Input Format Counters 
		Bytes Read=36688385
26/03/02 03:41:03 INFO mapred.LocalJobRunner: Finishing task: attempt_local591595010_0009_m_000000_0
26/03/02 03:41:03 INFO mapred.LocalJobRunner: map task executor complete.
26/03/02 03:41:03 INFO mapred.LocalJobRunner: Waiting for reduce tasks
26/03/02 03:41:03 INFO mapred.LocalJobRunner: Starting task: attempt_local591595010_0009_r_000000_0
26/03/02 03:41:03 INFO output.FileOutputCommitter: File Output Committer Algorithm version is 1
26/03/02 03:41:03 INFO mapred.Task:  Using ResourceCalculatorProcessTree : [ ]
26/03/02 03:41:03 INFO mapred.ReduceTask: Using ShuffleConsumerPlugin: org.apache.hadoop.mapreduce.task.reduce.Shuffle@299dd04d
26/03/02 03:41:03 INFO reduce.MergeManagerImpl: MergerManager: memoryLimit=375075616, maxSingleShuffleLimit=93768904, mergeThreshold=247549920, ioSortFactor=10, memToMemMergeOutputsThreshold=10
26/03/02 03:41:03 INFO reduce.EventFetcher: attempt_local591595010_0009_r_000000_0 Thread started: EventFetcher for fetching Map Completion Events
26/03/02 03:41:03 INFO reduce.LocalFetcher: localfetcher#33 about to shuffle output of map attempt_local591595010_0009_m_000000_0 decomp: 110 len: 114 to MEMORY
26/03/02 03:41:03 INFO reduce.InMemoryMapOutput: Read 110 bytes from map-output for attempt_local591595010_0009_m_000000_0
26/03/02 03:41:03 INFO reduce.MergeManagerImpl: closeInMemoryFile -> map-output of size: 110, inMemoryMapOutputs.size() -> 1, commitMemory -> 0, usedMemory ->110
26/03/02 03:41:03 INFO reduce.EventFetcher: EventFetcher is interrupted.. Returning
26/03/02 03:41:03 INFO mapred.LocalJobRunner: 1 / 1 copied.
26/03/02 03:41:03 INFO reduce.MergeManagerImpl: finalMerge called with 1 in-memory map-outputs and 0 on-disk map-outputs
26/03/02 03:41:03 INFO mapred.Merger: Merging 1 sorted segments
26/03/02 03:41:03 INFO mapred.Merger: Down to the last merge-pass, with 1 segments left of total size: 104 bytes
26/03/02 03:41:03 INFO reduce.MergeManagerImpl: Merged 1 segments, 110 bytes to disk to satisfy reduce memory limit
26/03/02 03:41:03 INFO reduce.MergeManagerImpl: Merging 1 files, 114 bytes from disk
26/03/02 03:41:03 INFO reduce.MergeManagerImpl: Merging 0 segments, 0 bytes from memory into reduce
26/03/02 03:41:03 INFO mapred.Merger: Merging 1 sorted segments
26/03/02 03:41:03 INFO mapred.Merger: Down to the last merge-pass, with 1 segments left of total size: 104 bytes
26/03/02 03:41:03 INFO mapred.LocalJobRunner: 1 / 1 copied.
26/03/02 03:41:03 INFO mapred.Task: Task:attempt_local591595010_0009_r_000000_0 is done. And is in the process of committing
26/03/02 03:41:03 INFO mapred.LocalJobRunner: 1 / 1 copied.
26/03/02 03:41:03 INFO mapred.Task: Task attempt_local591595010_0009_r_000000_0 is allowed to commit now
26/03/02 03:41:03 INFO output.FileOutputCommitter: Saved output of task 'attempt_local591595010_0009_r_000000_0' to hdfs://localhost:9000/project2/task2/runs_report_plus/scale500k_opt/iter_9/_temporary/0/task_local591595010_0009_r_000000
26/03/02 03:41:03 INFO mapred.LocalJobRunner: reduce > reduce
26/03/02 03:41:03 INFO mapred.Task: Task 'attempt_local591595010_0009_r_000000_0' done.
26/03/02 03:41:03 INFO mapred.Task: Final Counters for attempt_local591595010_0009_r_000000_0: Counters: 29
	File System Counters
		FILE: Number of bytes read=1312437
		FILE: Number of bytes written=3974881
		FILE: Number of read operations=0
		FILE: Number of large read operations=0
		FILE: Number of write operations=0
		HDFS: Number of bytes read=330213886
		HDFS: Number of bytes written=7720
		HDFS: Number of read operations=472
		HDFS: Number of large read operations=0
		HDFS: Number of write operations=152
	Map-Reduce Framework
		Combine input records=0
		Combine output records=0
		Reduce input groups=2
		Reduce shuffle bytes=114
		Reduce input records=2
		Reduce output records=2
		Spilled Records=2
		Shuffled Maps =1
		Failed Shuffles=0
		Merged Map outputs=1
		GC time elapsed (ms)=1
		Total committed heap usage (bytes)=535822336
	Shuffle Errors
		BAD_ID=0
		CONNECTION=0
		IO_ERROR=0
		WRONG_LENGTH=0
		WRONG_MAP=0
		WRONG_REDUCE=0
	File Output Format Counters 
		Bytes Written=207
26/03/02 03:41:03 INFO mapred.LocalJobRunner: Finishing task: attempt_local591595010_0009_r_000000_0
26/03/02 03:41:03 INFO mapred.LocalJobRunner: Starting task: attempt_local591595010_0009_r_000001_0
26/03/02 03:41:03 INFO output.FileOutputCommitter: File Output Committer Algorithm version is 1
26/03/02 03:41:03 INFO mapred.Task:  Using ResourceCalculatorProcessTree : [ ]
26/03/02 03:41:03 INFO mapred.ReduceTask: Using ShuffleConsumerPlugin: org.apache.hadoop.mapreduce.task.reduce.Shuffle@21bf9a0c
26/03/02 03:41:03 INFO reduce.MergeManagerImpl: MergerManager: memoryLimit=375075616, maxSingleShuffleLimit=93768904, mergeThreshold=247549920, ioSortFactor=10, memToMemMergeOutputsThreshold=10
26/03/02 03:41:03 INFO reduce.EventFetcher: attempt_local591595010_0009_r_000001_0 Thread started: EventFetcher for fetching Map Completion Events
26/03/02 03:41:03 INFO reduce.LocalFetcher: localfetcher#34 about to shuffle output of map attempt_local591595010_0009_m_000000_0 decomp: 56 len: 60 to MEMORY
26/03/02 03:41:03 INFO reduce.InMemoryMapOutput: Read 56 bytes from map-output for attempt_local591595010_0009_m_000000_0
26/03/02 03:41:03 INFO reduce.MergeManagerImpl: closeInMemoryFile -> map-output of size: 56, inMemoryMapOutputs.size() -> 1, commitMemory -> 0, usedMemory ->56
26/03/02 03:41:03 INFO reduce.EventFetcher: EventFetcher is interrupted.. Returning
26/03/02 03:41:03 INFO mapred.LocalJobRunner: 1 / 1 copied.
26/03/02 03:41:03 INFO reduce.MergeManagerImpl: finalMerge called with 1 in-memory map-outputs and 0 on-disk map-outputs
26/03/02 03:41:03 INFO mapred.Merger: Merging 1 sorted segments
26/03/02 03:41:03 INFO mapred.Merger: Down to the last merge-pass, with 1 segments left of total size: 50 bytes
26/03/02 03:41:03 INFO reduce.MergeManagerImpl: Merged 1 segments, 56 bytes to disk to satisfy reduce memory limit
26/03/02 03:41:03 INFO reduce.MergeManagerImpl: Merging 1 files, 60 bytes from disk
26/03/02 03:41:03 INFO reduce.MergeManagerImpl: Merging 0 segments, 0 bytes from memory into reduce
26/03/02 03:41:03 INFO mapred.Merger: Merging 1 sorted segments
26/03/02 03:41:03 INFO mapred.Merger: Down to the last merge-pass, with 1 segments left of total size: 50 bytes
26/03/02 03:41:03 INFO mapred.LocalJobRunner: 1 / 1 copied.
26/03/02 03:41:03 INFO mapred.Task: Task:attempt_local591595010_0009_r_000001_0 is done. And is in the process of committing
26/03/02 03:41:03 INFO mapred.LocalJobRunner: 1 / 1 copied.
26/03/02 03:41:03 INFO mapred.Task: Task attempt_local591595010_0009_r_000001_0 is allowed to commit now
26/03/02 03:41:03 INFO output.FileOutputCommitter: Saved output of task 'attempt_local591595010_0009_r_000001_0' to hdfs://localhost:9000/project2/task2/runs_report_plus/scale500k_opt/iter_9/_temporary/0/task_local591595010_0009_r_000001
26/03/02 03:41:03 INFO mapred.LocalJobRunner: reduce > reduce
26/03/02 03:41:03 INFO mapred.Task: Task 'attempt_local591595010_0009_r_000001_0' done.
26/03/02 03:41:03 INFO mapred.Task: Final Counters for attempt_local591595010_0009_r_000001_0: Counters: 29
	File System Counters
		FILE: Number of bytes read=1312781
		FILE: Number of bytes written=3974941
		FILE: Number of read operations=0
		FILE: Number of large read operations=0
		FILE: Number of write operations=0
		HDFS: Number of bytes read=330213886
		HDFS: Number of bytes written=7823
		HDFS: Number of read operations=475
		HDFS: Number of large read operations=0
		HDFS: Number of write operations=154
	Map-Reduce Framework
		Combine input records=0
		Combine output records=0
		Reduce input groups=1
		Reduce shuffle bytes=60
		Reduce input records=1
		Reduce output records=1
		Spilled Records=1
		Shuffled Maps =1
		Failed Shuffles=0
		Merged Map outputs=1
		GC time elapsed (ms)=0
		Total committed heap usage (bytes)=535822336
	Shuffle Errors
		BAD_ID=0
		CONNECTION=0
		IO_ERROR=0
		WRONG_LENGTH=0
		WRONG_MAP=0
		WRONG_REDUCE=0
	File Output Format Counters 
		Bytes Written=103
26/03/02 03:41:03 INFO mapred.LocalJobRunner: Finishing task: attempt_local591595010_0009_r_000001_0
26/03/02 03:41:03 INFO mapred.LocalJobRunner: Starting task: attempt_local591595010_0009_r_000002_0
26/03/02 03:41:03 INFO output.FileOutputCommitter: File Output Committer Algorithm version is 1
26/03/02 03:41:03 INFO mapred.Task:  Using ResourceCalculatorProcessTree : [ ]
26/03/02 03:41:03 INFO mapred.ReduceTask: Using ShuffleConsumerPlugin: org.apache.hadoop.mapreduce.task.reduce.Shuffle@59f922f9
26/03/02 03:41:03 INFO reduce.MergeManagerImpl: MergerManager: memoryLimit=375075616, maxSingleShuffleLimit=93768904, mergeThreshold=247549920, ioSortFactor=10, memToMemMergeOutputsThreshold=10
26/03/02 03:41:03 INFO reduce.EventFetcher: attempt_local591595010_0009_r_000002_0 Thread started: EventFetcher for fetching Map Completion Events
26/03/02 03:41:03 INFO reduce.LocalFetcher: localfetcher#35 about to shuffle output of map attempt_local591595010_0009_m_000000_0 decomp: 56 len: 60 to MEMORY
26/03/02 03:41:03 INFO reduce.InMemoryMapOutput: Read 56 bytes from map-output for attempt_local591595010_0009_m_000000_0
26/03/02 03:41:03 INFO reduce.MergeManagerImpl: closeInMemoryFile -> map-output of size: 56, inMemoryMapOutputs.size() -> 1, commitMemory -> 0, usedMemory ->56
26/03/02 03:41:03 INFO reduce.EventFetcher: EventFetcher is interrupted.. Returning
26/03/02 03:41:03 INFO mapred.LocalJobRunner: 1 / 1 copied.
26/03/02 03:41:03 INFO reduce.MergeManagerImpl: finalMerge called with 1 in-memory map-outputs and 0 on-disk map-outputs
26/03/02 03:41:03 INFO mapred.Merger: Merging 1 sorted segments
26/03/02 03:41:03 INFO mapred.Merger: Down to the last merge-pass, with 1 segments left of total size: 50 bytes
26/03/02 03:41:03 INFO reduce.MergeManagerImpl: Merged 1 segments, 56 bytes to disk to satisfy reduce memory limit
26/03/02 03:41:03 INFO reduce.MergeManagerImpl: Merging 1 files, 60 bytes from disk
26/03/02 03:41:03 INFO reduce.MergeManagerImpl: Merging 0 segments, 0 bytes from memory into reduce
26/03/02 03:41:03 INFO mapred.Merger: Merging 1 sorted segments
26/03/02 03:41:03 INFO mapred.Merger: Down to the last merge-pass, with 1 segments left of total size: 50 bytes
26/03/02 03:41:03 INFO mapred.LocalJobRunner: 1 / 1 copied.
26/03/02 03:41:03 INFO mapred.Task: Task:attempt_local591595010_0009_r_000002_0 is done. And is in the process of committing
26/03/02 03:41:03 INFO mapred.LocalJobRunner: 1 / 1 copied.
26/03/02 03:41:03 INFO mapred.Task: Task attempt_local591595010_0009_r_000002_0 is allowed to commit now
26/03/02 03:41:03 INFO output.FileOutputCommitter: Saved output of task 'attempt_local591595010_0009_r_000002_0' to hdfs://localhost:9000/project2/task2/runs_report_plus/scale500k_opt/iter_9/_temporary/0/task_local591595010_0009_r_000002
26/03/02 03:41:03 INFO mapred.LocalJobRunner: reduce > reduce
26/03/02 03:41:03 INFO mapred.Task: Task 'attempt_local591595010_0009_r_000002_0' done.
26/03/02 03:41:03 INFO mapred.Task: Final Counters for attempt_local591595010_0009_r_000002_0: Counters: 29
	File System Counters
		FILE: Number of bytes read=1313065
		FILE: Number of bytes written=3975001
		FILE: Number of read operations=0
		FILE: Number of large read operations=0
		FILE: Number of write operations=0
		HDFS: Number of bytes read=330213886
		HDFS: Number of bytes written=7926
		HDFS: Number of read operations=478
		HDFS: Number of large read operations=0
		HDFS: Number of write operations=156
	Map-Reduce Framework
		Combine input records=0
		Combine output records=0
		Reduce input groups=1
		Reduce shuffle bytes=60
		Reduce input records=1
		Reduce output records=1
		Spilled Records=1
		Shuffled Maps =1
		Failed Shuffles=0
		Merged Map outputs=1
		GC time elapsed (ms)=0
		Total committed heap usage (bytes)=535822336
	Shuffle Errors
		BAD_ID=0
		CONNECTION=0
		IO_ERROR=0
		WRONG_LENGTH=0
		WRONG_MAP=0
		WRONG_REDUCE=0
	File Output Format Counters 
		Bytes Written=103
26/03/02 03:41:03 INFO mapred.LocalJobRunner: Finishing task: attempt_local591595010_0009_r_000002_0
26/03/02 03:41:03 INFO mapred.LocalJobRunner: Starting task: attempt_local591595010_0009_r_000003_0
26/03/02 03:41:03 INFO output.FileOutputCommitter: File Output Committer Algorithm version is 1
26/03/02 03:41:03 INFO mapred.Task:  Using ResourceCalculatorProcessTree : [ ]
26/03/02 03:41:03 INFO mapred.ReduceTask: Using ShuffleConsumerPlugin: org.apache.hadoop.mapreduce.task.reduce.Shuffle@5bfa4b45
26/03/02 03:41:03 INFO reduce.MergeManagerImpl: MergerManager: memoryLimit=375075616, maxSingleShuffleLimit=93768904, mergeThreshold=247549920, ioSortFactor=10, memToMemMergeOutputsThreshold=10
26/03/02 03:41:03 INFO reduce.EventFetcher: attempt_local591595010_0009_r_000003_0 Thread started: EventFetcher for fetching Map Completion Events
26/03/02 03:41:03 INFO reduce.LocalFetcher: localfetcher#36 about to shuffle output of map attempt_local591595010_0009_m_000000_0 decomp: 56 len: 60 to MEMORY
26/03/02 03:41:03 INFO reduce.InMemoryMapOutput: Read 56 bytes from map-output for attempt_local591595010_0009_m_000000_0
26/03/02 03:41:03 INFO reduce.MergeManagerImpl: closeInMemoryFile -> map-output of size: 56, inMemoryMapOutputs.size() -> 1, commitMemory -> 0, usedMemory ->56
26/03/02 03:41:03 WARN io.ReadaheadPool: Failed readahead on ifile
EBADF: Bad file descriptor
	at org.apache.hadoop.io.nativeio.NativeIO$POSIX.posix_fadvise(Native Method)
	at org.apache.hadoop.io.nativeio.NativeIO$POSIX.posixFadviseIfPossible(NativeIO.java:267)
	at org.apache.hadoop.io.nativeio.NativeIO$POSIX$CacheManipulator.posixFadviseIfPossible(NativeIO.java:146)
	at org.apache.hadoop.io.ReadaheadPool$ReadaheadRequestImpl.run(ReadaheadPool.java:206)
	at java.util.concurrent.ThreadPoolExecutor.runWorker(ThreadPoolExecutor.java:1149)
	at java.util.concurrent.ThreadPoolExecutor$Worker.run(ThreadPoolExecutor.java:624)
	at java.lang.Thread.run(Thread.java:748)
26/03/02 03:41:03 INFO reduce.EventFetcher: EventFetcher is interrupted.. Returning
26/03/02 03:41:03 INFO mapred.LocalJobRunner: 1 / 1 copied.
26/03/02 03:41:03 INFO reduce.MergeManagerImpl: finalMerge called with 1 in-memory map-outputs and 0 on-disk map-outputs
26/03/02 03:41:03 INFO mapred.Merger: Merging 1 sorted segments
26/03/02 03:41:03 INFO mapred.Merger: Down to the last merge-pass, with 1 segments left of total size: 50 bytes
26/03/02 03:41:03 INFO reduce.MergeManagerImpl: Merged 1 segments, 56 bytes to disk to satisfy reduce memory limit
26/03/02 03:41:03 INFO reduce.MergeManagerImpl: Merging 1 files, 60 bytes from disk
26/03/02 03:41:03 INFO reduce.MergeManagerImpl: Merging 0 segments, 0 bytes from memory into reduce
26/03/02 03:41:03 INFO mapred.Merger: Merging 1 sorted segments
26/03/02 03:41:03 INFO mapred.Merger: Down to the last merge-pass, with 1 segments left of total size: 50 bytes
26/03/02 03:41:03 INFO mapred.LocalJobRunner: 1 / 1 copied.
26/03/02 03:41:03 INFO mapred.Task: Task:attempt_local591595010_0009_r_000003_0 is done. And is in the process of committing
26/03/02 03:41:03 INFO mapred.LocalJobRunner: 1 / 1 copied.
26/03/02 03:41:03 INFO mapred.Task: Task attempt_local591595010_0009_r_000003_0 is allowed to commit now
26/03/02 03:41:03 INFO output.FileOutputCommitter: Saved output of task 'attempt_local591595010_0009_r_000003_0' to hdfs://localhost:9000/project2/task2/runs_report_plus/scale500k_opt/iter_9/_temporary/0/task_local591595010_0009_r_000003
26/03/02 03:41:03 INFO mapred.LocalJobRunner: reduce > reduce
26/03/02 03:41:03 INFO mapred.Task: Task 'attempt_local591595010_0009_r_000003_0' done.
26/03/02 03:41:03 INFO mapred.Task: Final Counters for attempt_local591595010_0009_r_000003_0: Counters: 29
	File System Counters
		FILE: Number of bytes read=1313289
		FILE: Number of bytes written=3975061
		FILE: Number of read operations=0
		FILE: Number of large read operations=0
		FILE: Number of write operations=0
		HDFS: Number of bytes read=330213886
		HDFS: Number of bytes written=8031
		HDFS: Number of read operations=481
		HDFS: Number of large read operations=0
		HDFS: Number of write operations=158
	Map-Reduce Framework
		Combine input records=0
		Combine output records=0
		Reduce input groups=1
		Reduce shuffle bytes=60
		Reduce input records=1
		Reduce output records=1
		Spilled Records=1
		Shuffled Maps =1
		Failed Shuffles=0
		Merged Map outputs=1
		GC time elapsed (ms)=0
		Total committed heap usage (bytes)=535822336
	Shuffle Errors
		BAD_ID=0
		CONNECTION=0
		IO_ERROR=0
		WRONG_LENGTH=0
		WRONG_MAP=0
		WRONG_REDUCE=0
	File Output Format Counters 
		Bytes Written=105
26/03/02 03:41:03 INFO mapred.LocalJobRunner: Finishing task: attempt_local591595010_0009_r_000003_0
26/03/02 03:41:03 INFO mapred.LocalJobRunner: reduce task executor complete.
26/03/02 03:41:03 INFO mapreduce.Job: Job job_local591595010_0009 running in uber mode : false
26/03/02 03:41:03 INFO mapreduce.Job:  map 100% reduce 100%
26/03/02 03:41:03 INFO mapreduce.Job: Job job_local591595010_0009 completed successfully
26/03/02 03:41:03 INFO mapreduce.Job: Counters: 35
	File System Counters
		FILE: Number of bytes read=6563497
		FILE: Number of bytes written=19874651
		FILE: Number of read operations=0
		FILE: Number of large read operations=0
		FILE: Number of write operations=0
		HDFS: Number of bytes read=1651069430
		HDFS: Number of bytes written=39013
		HDFS: Number of read operations=2375
		HDFS: Number of large read operations=0
		HDFS: Number of write operations=770
	Map-Reduce Framework
		Map input records=500000
		Map output records=500000
		Map output bytes=26000000
		Map output materialized bytes=294
		Input split bytes=123
		Combine input records=500000
		Combine output records=5
		Reduce input groups=5
		Reduce shuffle bytes=294
		Reduce input records=5
		Reduce output records=5
		Spilled Records=10
		Shuffled Maps =4
		Failed Shuffles=0
		Merged Map outputs=4
		GC time elapsed (ms)=39
		Total committed heap usage (bytes)=2679111680
	Shuffle Errors
		BAD_ID=0
		CONNECTION=0
		IO_ERROR=0
		WRONG_LENGTH=0
		WRONG_MAP=0
		WRONG_REDUCE=0
	File Input Format Counters 
		Bytes Read=36688385
	File Output Format Counters 
		Bytes Written=518
26/03/02 03:41:03 INFO jvm.JvmMetrics: Cannot initialize JVM Metrics with processName=JobTracker, sessionId= - already initialized
26/03/02 03:41:03 WARN mapreduce.JobResourceUploader: Hadoop command-line option parsing not performed. Implement the Tool interface and execute your application with ToolRunner to remedy this.
26/03/02 03:41:03 INFO input.FileInputFormat: Total input paths to process : 1
26/03/02 03:41:03 INFO mapreduce.JobSubmitter: number of splits:1
26/03/02 03:41:03 INFO mapreduce.JobSubmitter: Submitting tokens for job: job_local497973458_0010
26/03/02 03:41:03 INFO mapred.LocalDistributedCacheManager: Creating symlink: /tmp/hadoop-ds503/mapred/local/1772422863339/centers_iter_9.csv <- /home/ds503/centers_iter_9.csv
26/03/02 03:41:03 INFO mapred.LocalDistributedCacheManager: Localized hdfs://localhost:9000/project2/task2/runs_report_plus/scale500k_opt/centers_iter_9.csv as file:/tmp/hadoop-ds503/mapred/local/1772422863339/centers_iter_9.csv
26/03/02 03:41:03 INFO mapreduce.Job: The url to track the job: http://localhost:8080/
26/03/02 03:41:03 INFO mapreduce.Job: Running job: job_local497973458_0010
26/03/02 03:41:03 INFO mapred.LocalJobRunner: OutputCommitter set in config null
26/03/02 03:41:03 INFO output.FileOutputCommitter: File Output Committer Algorithm version is 1
26/03/02 03:41:03 INFO mapred.LocalJobRunner: OutputCommitter is org.apache.hadoop.mapreduce.lib.output.FileOutputCommitter
26/03/02 03:41:03 INFO mapred.LocalJobRunner: Waiting for map tasks
26/03/02 03:41:03 INFO mapred.LocalJobRunner: Starting task: attempt_local497973458_0010_m_000000_0
26/03/02 03:41:03 INFO output.FileOutputCommitter: File Output Committer Algorithm version is 1
26/03/02 03:41:03 INFO mapred.Task:  Using ResourceCalculatorProcessTree : [ ]
26/03/02 03:41:03 INFO mapred.MapTask: Processing split: hdfs://localhost:9000/project2/task2/input/points_500k.csv:0+36688385
26/03/02 03:41:03 INFO mapred.MapTask: (EQUATOR) 0 kvi 26214396(104857584)
26/03/02 03:41:03 INFO mapred.MapTask: mapreduce.task.io.sort.mb: 100
26/03/02 03:41:03 INFO mapred.MapTask: soft limit at 83886080
26/03/02 03:41:03 INFO mapred.MapTask: bufstart = 0; bufvoid = 104857600
26/03/02 03:41:03 INFO mapred.MapTask: kvstart = 26214396; length = 6553600
26/03/02 03:41:03 INFO mapred.MapTask: Map output collector class = org.apache.hadoop.mapred.MapTask$MapOutputBuffer
26/03/02 03:41:03 INFO mapred.LocalJobRunner: 
26/03/02 03:41:03 INFO mapred.MapTask: Starting flush of map output
26/03/02 03:41:03 INFO mapred.MapTask: Spilling map output
26/03/02 03:41:03 INFO mapred.MapTask: bufstart = 0; bufend = 26000000; bufvoid = 104857600
26/03/02 03:41:03 INFO mapred.MapTask: kvstart = 26214396(104857584); kvend = 24214400(96857600); length = 1999997/6553600
26/03/02 03:41:04 INFO mapred.MapTask: Finished spill 0
26/03/02 03:41:04 INFO mapred.Task: Task:attempt_local497973458_0010_m_000000_0 is done. And is in the process of committing
26/03/02 03:41:04 INFO mapred.LocalJobRunner: map
26/03/02 03:41:04 INFO mapred.Task: Task 'attempt_local497973458_0010_m_000000_0' done.
26/03/02 03:41:04 INFO mapred.Task: Final Counters for attempt_local497973458_0010_m_000000_0: Counters: 23
	File System Counters
		FILE: Number of bytes read=1457846
		FILE: Number of bytes written=4415563
		FILE: Number of read operations=0
		FILE: Number of large read operations=0
		FILE: Number of write operations=0
		HDFS: Number of bytes read=366904443
		HDFS: Number of bytes written=8411
		HDFS: Number of read operations=525
		HDFS: Number of large read operations=0
		HDFS: Number of write operations=168
	Map-Reduce Framework
		Map input records=500000
		Map output records=500000
		Map output bytes=26000000
		Map output materialized bytes=294
		Input split bytes=123
		Combine input records=500000
		Combine output records=5
		Spilled Records=5
		Failed Shuffles=0
		Merged Map outputs=0
		GC time elapsed (ms)=28
		Total committed heap usage (bytes)=509607936
	File Input Format Counters 
		Bytes Read=36688385
26/03/02 03:41:04 INFO mapred.LocalJobRunner: Finishing task: attempt_local497973458_0010_m_000000_0
26/03/02 03:41:04 INFO mapred.LocalJobRunner: map task executor complete.
26/03/02 03:41:04 INFO mapred.LocalJobRunner: Waiting for reduce tasks
26/03/02 03:41:04 INFO mapred.LocalJobRunner: Starting task: attempt_local497973458_0010_r_000000_0
26/03/02 03:41:04 INFO output.FileOutputCommitter: File Output Committer Algorithm version is 1
26/03/02 03:41:04 INFO mapred.Task:  Using ResourceCalculatorProcessTree : [ ]
26/03/02 03:41:04 INFO mapred.ReduceTask: Using ShuffleConsumerPlugin: org.apache.hadoop.mapreduce.task.reduce.Shuffle@67019e81
26/03/02 03:41:04 INFO reduce.MergeManagerImpl: MergerManager: memoryLimit=356725536, maxSingleShuffleLimit=89181384, mergeThreshold=235438864, ioSortFactor=10, memToMemMergeOutputsThreshold=10
26/03/02 03:41:04 INFO reduce.EventFetcher: attempt_local497973458_0010_r_000000_0 Thread started: EventFetcher for fetching Map Completion Events
26/03/02 03:41:04 INFO reduce.LocalFetcher: localfetcher#37 about to shuffle output of map attempt_local497973458_0010_m_000000_0 decomp: 110 len: 114 to MEMORY
26/03/02 03:41:04 INFO reduce.InMemoryMapOutput: Read 110 bytes from map-output for attempt_local497973458_0010_m_000000_0
26/03/02 03:41:04 INFO reduce.MergeManagerImpl: closeInMemoryFile -> map-output of size: 110, inMemoryMapOutputs.size() -> 1, commitMemory -> 0, usedMemory ->110
26/03/02 03:41:04 WARN io.ReadaheadPool: Failed readahead on ifile
EBADF: Bad file descriptor
	at org.apache.hadoop.io.nativeio.NativeIO$POSIX.posix_fadvise(Native Method)
	at org.apache.hadoop.io.nativeio.NativeIO$POSIX.posixFadviseIfPossible(NativeIO.java:267)
	at org.apache.hadoop.io.nativeio.NativeIO$POSIX$CacheManipulator.posixFadviseIfPossible(NativeIO.java:146)
	at org.apache.hadoop.io.ReadaheadPool$ReadaheadRequestImpl.run(ReadaheadPool.java:206)
	at java.util.concurrent.ThreadPoolExecutor.runWorker(ThreadPoolExecutor.java:1149)
	at java.util.concurrent.ThreadPoolExecutor$Worker.run(ThreadPoolExecutor.java:624)
	at java.lang.Thread.run(Thread.java:748)
26/03/02 03:41:04 INFO reduce.EventFetcher: EventFetcher is interrupted.. Returning
26/03/02 03:41:04 INFO mapred.LocalJobRunner: 1 / 1 copied.
26/03/02 03:41:04 INFO reduce.MergeManagerImpl: finalMerge called with 1 in-memory map-outputs and 0 on-disk map-outputs
26/03/02 03:41:04 INFO mapred.Merger: Merging 1 sorted segments
26/03/02 03:41:04 INFO mapred.Merger: Down to the last merge-pass, with 1 segments left of total size: 104 bytes
26/03/02 03:41:04 INFO reduce.MergeManagerImpl: Merged 1 segments, 110 bytes to disk to satisfy reduce memory limit
26/03/02 03:41:04 INFO reduce.MergeManagerImpl: Merging 1 files, 114 bytes from disk
26/03/02 03:41:04 INFO reduce.MergeManagerImpl: Merging 0 segments, 0 bytes from memory into reduce
26/03/02 03:41:04 INFO mapred.Merger: Merging 1 sorted segments
26/03/02 03:41:04 INFO mapred.Merger: Down to the last merge-pass, with 1 segments left of total size: 104 bytes
26/03/02 03:41:04 INFO mapred.LocalJobRunner: 1 / 1 copied.
26/03/02 03:41:04 INFO mapred.Task: Task:attempt_local497973458_0010_r_000000_0 is done. And is in the process of committing
26/03/02 03:41:04 INFO mapred.LocalJobRunner: 1 / 1 copied.
26/03/02 03:41:04 INFO mapred.Task: Task attempt_local497973458_0010_r_000000_0 is allowed to commit now
26/03/02 03:41:04 INFO output.FileOutputCommitter: Saved output of task 'attempt_local497973458_0010_r_000000_0' to hdfs://localhost:9000/project2/task2/runs_report_plus/scale500k_opt/iter_10/_temporary/0/task_local497973458_0010_r_000000
26/03/02 03:41:04 INFO mapred.LocalJobRunner: reduce > reduce
26/03/02 03:41:04 INFO mapred.Task: Task 'attempt_local497973458_0010_r_000000_0' done.
26/03/02 03:41:04 INFO mapred.Task: Final Counters for attempt_local497973458_0010_r_000000_0: Counters: 29
	File System Counters
		FILE: Number of bytes read=1458358
		FILE: Number of bytes written=4415677
		FILE: Number of read operations=0
		FILE: Number of large read operations=0
		FILE: Number of write operations=0
		HDFS: Number of bytes read=366904443
		HDFS: Number of bytes written=8616
		HDFS: Number of read operations=528
		HDFS: Number of large read operations=0
		HDFS: Number of write operations=170
	Map-Reduce Framework
		Combine input records=0
		Combine output records=0
		Reduce input groups=2
		Reduce shuffle bytes=114
		Reduce input records=2
		Reduce output records=2
		Spilled Records=2
		Shuffled Maps =1
		Failed Shuffles=0
		Merged Map outputs=1
		GC time elapsed (ms)=2
		Total committed heap usage (bytes)=509607936
	Shuffle Errors
		BAD_ID=0
		CONNECTION=0
		IO_ERROR=0
		WRONG_LENGTH=0
		WRONG_MAP=0
		WRONG_REDUCE=0
	File Output Format Counters 
		Bytes Written=205
26/03/02 03:41:04 INFO mapred.LocalJobRunner: Finishing task: attempt_local497973458_0010_r_000000_0
26/03/02 03:41:04 INFO mapred.LocalJobRunner: Starting task: attempt_local497973458_0010_r_000001_0
26/03/02 03:41:04 INFO output.FileOutputCommitter: File Output Committer Algorithm version is 1
26/03/02 03:41:04 INFO mapred.Task:  Using ResourceCalculatorProcessTree : [ ]
26/03/02 03:41:04 INFO mapred.ReduceTask: Using ShuffleConsumerPlugin: org.apache.hadoop.mapreduce.task.reduce.Shuffle@43e51022
26/03/02 03:41:04 INFO reduce.MergeManagerImpl: MergerManager: memoryLimit=356725536, maxSingleShuffleLimit=89181384, mergeThreshold=235438864, ioSortFactor=10, memToMemMergeOutputsThreshold=10
26/03/02 03:41:04 INFO reduce.EventFetcher: attempt_local497973458_0010_r_000001_0 Thread started: EventFetcher for fetching Map Completion Events
26/03/02 03:41:04 INFO reduce.LocalFetcher: localfetcher#38 about to shuffle output of map attempt_local497973458_0010_m_000000_0 decomp: 56 len: 60 to MEMORY
26/03/02 03:41:04 INFO reduce.InMemoryMapOutput: Read 56 bytes from map-output for attempt_local497973458_0010_m_000000_0
26/03/02 03:41:04 INFO reduce.MergeManagerImpl: closeInMemoryFile -> map-output of size: 56, inMemoryMapOutputs.size() -> 1, commitMemory -> 0, usedMemory ->56
26/03/02 03:41:04 INFO reduce.EventFetcher: EventFetcher is interrupted.. Returning
26/03/02 03:41:04 INFO mapred.LocalJobRunner: 1 / 1 copied.
26/03/02 03:41:04 INFO reduce.MergeManagerImpl: finalMerge called with 1 in-memory map-outputs and 0 on-disk map-outputs
26/03/02 03:41:04 INFO mapred.Merger: Merging 1 sorted segments
26/03/02 03:41:04 INFO mapred.Merger: Down to the last merge-pass, with 1 segments left of total size: 50 bytes
26/03/02 03:41:04 INFO reduce.MergeManagerImpl: Merged 1 segments, 56 bytes to disk to satisfy reduce memory limit
26/03/02 03:41:04 INFO reduce.MergeManagerImpl: Merging 1 files, 60 bytes from disk
26/03/02 03:41:04 INFO reduce.MergeManagerImpl: Merging 0 segments, 0 bytes from memory into reduce
26/03/02 03:41:04 INFO mapred.Merger: Merging 1 sorted segments
26/03/02 03:41:04 INFO mapred.Merger: Down to the last merge-pass, with 1 segments left of total size: 50 bytes
26/03/02 03:41:04 INFO mapred.LocalJobRunner: 1 / 1 copied.
26/03/02 03:41:04 INFO mapred.Task: Task:attempt_local497973458_0010_r_000001_0 is done. And is in the process of committing
26/03/02 03:41:04 INFO mapred.LocalJobRunner: 1 / 1 copied.
26/03/02 03:41:04 INFO mapred.Task: Task attempt_local497973458_0010_r_000001_0 is allowed to commit now
26/03/02 03:41:04 INFO output.FileOutputCommitter: Saved output of task 'attempt_local497973458_0010_r_000001_0' to hdfs://localhost:9000/project2/task2/runs_report_plus/scale500k_opt/iter_10/_temporary/0/task_local497973458_0010_r_000001
26/03/02 03:41:04 INFO mapred.LocalJobRunner: reduce > reduce
26/03/02 03:41:04 INFO mapred.Task: Task 'attempt_local497973458_0010_r_000001_0' done.
26/03/02 03:41:04 INFO mapred.Task: Final Counters for attempt_local497973458_0010_r_000001_0: Counters: 29
	File System Counters
		FILE: Number of bytes read=1458702
		FILE: Number of bytes written=4415737
		FILE: Number of read operations=0
		FILE: Number of large read operations=0
		FILE: Number of write operations=0
		HDFS: Number of bytes read=366904443
		HDFS: Number of bytes written=8719
		HDFS: Number of read operations=531
		HDFS: Number of large read operations=0
		HDFS: Number of write operations=172
	Map-Reduce Framework
		Combine input records=0
		Combine output records=0
		Reduce input groups=1
		Reduce shuffle bytes=60
		Reduce input records=1
		Reduce output records=1
		Spilled Records=1
		Shuffled Maps =1
		Failed Shuffles=0
		Merged Map outputs=1
		GC time elapsed (ms)=0
		Total committed heap usage (bytes)=509607936
	Shuffle Errors
		BAD_ID=0
		CONNECTION=0
		IO_ERROR=0
		WRONG_LENGTH=0
		WRONG_MAP=0
		WRONG_REDUCE=0
	File Output Format Counters 
		Bytes Written=103
26/03/02 03:41:04 INFO mapred.LocalJobRunner: Finishing task: attempt_local497973458_0010_r_000001_0
26/03/02 03:41:04 INFO mapred.LocalJobRunner: Starting task: attempt_local497973458_0010_r_000002_0
26/03/02 03:41:04 INFO output.FileOutputCommitter: File Output Committer Algorithm version is 1
26/03/02 03:41:04 INFO mapred.Task:  Using ResourceCalculatorProcessTree : [ ]
26/03/02 03:41:04 INFO mapred.ReduceTask: Using ShuffleConsumerPlugin: org.apache.hadoop.mapreduce.task.reduce.Shuffle@3b6de204
26/03/02 03:41:04 INFO reduce.MergeManagerImpl: MergerManager: memoryLimit=356725536, maxSingleShuffleLimit=89181384, mergeThreshold=235438864, ioSortFactor=10, memToMemMergeOutputsThreshold=10
26/03/02 03:41:04 INFO reduce.EventFetcher: attempt_local497973458_0010_r_000002_0 Thread started: EventFetcher for fetching Map Completion Events
26/03/02 03:41:04 INFO reduce.LocalFetcher: localfetcher#39 about to shuffle output of map attempt_local497973458_0010_m_000000_0 decomp: 56 len: 60 to MEMORY
26/03/02 03:41:04 INFO reduce.InMemoryMapOutput: Read 56 bytes from map-output for attempt_local497973458_0010_m_000000_0
26/03/02 03:41:04 INFO reduce.MergeManagerImpl: closeInMemoryFile -> map-output of size: 56, inMemoryMapOutputs.size() -> 1, commitMemory -> 0, usedMemory ->56
26/03/02 03:41:04 WARN io.ReadaheadPool: Failed readahead on ifile
EBADF: Bad file descriptor
	at org.apache.hadoop.io.nativeio.NativeIO$POSIX.posix_fadvise(Native Method)
	at org.apache.hadoop.io.nativeio.NativeIO$POSIX.posixFadviseIfPossible(NativeIO.java:267)
	at org.apache.hadoop.io.nativeio.NativeIO$POSIX$CacheManipulator.posixFadviseIfPossible(NativeIO.java:146)
	at org.apache.hadoop.io.ReadaheadPool$ReadaheadRequestImpl.run(ReadaheadPool.java:206)
	at java.util.concurrent.ThreadPoolExecutor.runWorker(ThreadPoolExecutor.java:1149)
	at java.util.concurrent.ThreadPoolExecutor$Worker.run(ThreadPoolExecutor.java:624)
	at java.lang.Thread.run(Thread.java:748)
26/03/02 03:41:04 INFO reduce.EventFetcher: EventFetcher is interrupted.. Returning
26/03/02 03:41:04 INFO mapred.LocalJobRunner: 1 / 1 copied.
26/03/02 03:41:04 INFO reduce.MergeManagerImpl: finalMerge called with 1 in-memory map-outputs and 0 on-disk map-outputs
26/03/02 03:41:04 INFO mapred.Merger: Merging 1 sorted segments
26/03/02 03:41:04 INFO mapred.Merger: Down to the last merge-pass, with 1 segments left of total size: 50 bytes
26/03/02 03:41:04 INFO reduce.MergeManagerImpl: Merged 1 segments, 56 bytes to disk to satisfy reduce memory limit
26/03/02 03:41:04 INFO reduce.MergeManagerImpl: Merging 1 files, 60 bytes from disk
26/03/02 03:41:04 INFO reduce.MergeManagerImpl: Merging 0 segments, 0 bytes from memory into reduce
26/03/02 03:41:04 INFO mapred.Merger: Merging 1 sorted segments
26/03/02 03:41:04 INFO mapred.Merger: Down to the last merge-pass, with 1 segments left of total size: 50 bytes
26/03/02 03:41:04 INFO mapred.LocalJobRunner: 1 / 1 copied.
26/03/02 03:41:04 INFO mapred.Task: Task:attempt_local497973458_0010_r_000002_0 is done. And is in the process of committing
26/03/02 03:41:04 INFO mapred.LocalJobRunner: 1 / 1 copied.
26/03/02 03:41:04 INFO mapred.Task: Task attempt_local497973458_0010_r_000002_0 is allowed to commit now
26/03/02 03:41:04 INFO output.FileOutputCommitter: Saved output of task 'attempt_local497973458_0010_r_000002_0' to hdfs://localhost:9000/project2/task2/runs_report_plus/scale500k_opt/iter_10/_temporary/0/task_local497973458_0010_r_000002
26/03/02 03:41:04 INFO mapred.LocalJobRunner: reduce > reduce
26/03/02 03:41:04 INFO mapred.Task: Task 'attempt_local497973458_0010_r_000002_0' done.
26/03/02 03:41:04 INFO mapred.Task: Final Counters for attempt_local497973458_0010_r_000002_0: Counters: 29
	File System Counters
		FILE: Number of bytes read=1458986
		FILE: Number of bytes written=4415797
		FILE: Number of read operations=0
		FILE: Number of large read operations=0
		FILE: Number of write operations=0
		HDFS: Number of bytes read=366904443
		HDFS: Number of bytes written=8820
		HDFS: Number of read operations=534
		HDFS: Number of large read operations=0
		HDFS: Number of write operations=174
	Map-Reduce Framework
		Combine input records=0
		Combine output records=0
		Reduce input groups=1
		Reduce shuffle bytes=60
		Reduce input records=1
		Reduce output records=1
		Spilled Records=1
		Shuffled Maps =1
		Failed Shuffles=0
		Merged Map outputs=1
		GC time elapsed (ms)=0
		Total committed heap usage (bytes)=509607936
	Shuffle Errors
		BAD_ID=0
		CONNECTION=0
		IO_ERROR=0
		WRONG_LENGTH=0
		WRONG_MAP=0
		WRONG_REDUCE=0
	File Output Format Counters 
		Bytes Written=101
26/03/02 03:41:04 INFO mapred.LocalJobRunner: Finishing task: attempt_local497973458_0010_r_000002_0
26/03/02 03:41:04 INFO mapred.LocalJobRunner: Starting task: attempt_local497973458_0010_r_000003_0
26/03/02 03:41:04 INFO output.FileOutputCommitter: File Output Committer Algorithm version is 1
26/03/02 03:41:04 INFO mapred.Task:  Using ResourceCalculatorProcessTree : [ ]
26/03/02 03:41:04 INFO mapred.ReduceTask: Using ShuffleConsumerPlugin: org.apache.hadoop.mapreduce.task.reduce.Shuffle@235bf45d
26/03/02 03:41:04 INFO reduce.MergeManagerImpl: MergerManager: memoryLimit=356725536, maxSingleShuffleLimit=89181384, mergeThreshold=235438864, ioSortFactor=10, memToMemMergeOutputsThreshold=10
26/03/02 03:41:04 INFO reduce.EventFetcher: attempt_local497973458_0010_r_000003_0 Thread started: EventFetcher for fetching Map Completion Events
26/03/02 03:41:04 INFO reduce.LocalFetcher: localfetcher#40 about to shuffle output of map attempt_local497973458_0010_m_000000_0 decomp: 56 len: 60 to MEMORY
26/03/02 03:41:04 INFO reduce.InMemoryMapOutput: Read 56 bytes from map-output for attempt_local497973458_0010_m_000000_0
26/03/02 03:41:04 INFO reduce.MergeManagerImpl: closeInMemoryFile -> map-output of size: 56, inMemoryMapOutputs.size() -> 1, commitMemory -> 0, usedMemory ->56
26/03/02 03:41:04 INFO reduce.EventFetcher: EventFetcher is interrupted.. Returning
26/03/02 03:41:04 INFO mapred.LocalJobRunner: 1 / 1 copied.
26/03/02 03:41:04 INFO reduce.MergeManagerImpl: finalMerge called with 1 in-memory map-outputs and 0 on-disk map-outputs
26/03/02 03:41:04 INFO mapred.Merger: Merging 1 sorted segments
26/03/02 03:41:04 INFO mapred.Merger: Down to the last merge-pass, with 1 segments left of total size: 50 bytes
26/03/02 03:41:04 INFO reduce.MergeManagerImpl: Merged 1 segments, 56 bytes to disk to satisfy reduce memory limit
26/03/02 03:41:04 INFO reduce.MergeManagerImpl: Merging 1 files, 60 bytes from disk
26/03/02 03:41:04 INFO reduce.MergeManagerImpl: Merging 0 segments, 0 bytes from memory into reduce
26/03/02 03:41:04 INFO mapred.Merger: Merging 1 sorted segments
26/03/02 03:41:04 INFO mapred.Merger: Down to the last merge-pass, with 1 segments left of total size: 50 bytes
26/03/02 03:41:04 INFO mapred.LocalJobRunner: 1 / 1 copied.
26/03/02 03:41:04 INFO mapred.Task: Task:attempt_local497973458_0010_r_000003_0 is done. And is in the process of committing
26/03/02 03:41:04 INFO mapred.LocalJobRunner: 1 / 1 copied.
26/03/02 03:41:04 INFO mapred.Task: Task attempt_local497973458_0010_r_000003_0 is allowed to commit now
26/03/02 03:41:04 INFO output.FileOutputCommitter: Saved output of task 'attempt_local497973458_0010_r_000003_0' to hdfs://localhost:9000/project2/task2/runs_report_plus/scale500k_opt/iter_10/_temporary/0/task_local497973458_0010_r_000003
26/03/02 03:41:04 INFO mapred.LocalJobRunner: reduce > reduce
26/03/02 03:41:04 INFO mapred.Task: Task 'attempt_local497973458_0010_r_000003_0' done.
26/03/02 03:41:04 INFO mapred.Task: Final Counters for attempt_local497973458_0010_r_000003_0: Counters: 29
	File System Counters
		FILE: Number of bytes read=1459210
		FILE: Number of bytes written=4415857
		FILE: Number of read operations=0
		FILE: Number of large read operations=0
		FILE: Number of write operations=0
		HDFS: Number of bytes read=366904443
		HDFS: Number of bytes written=8922
		HDFS: Number of read operations=537
		HDFS: Number of large read operations=0
		HDFS: Number of write operations=176
	Map-Reduce Framework
		Combine input records=0
		Combine output records=0
		Reduce input groups=1
		Reduce shuffle bytes=60
		Reduce input records=1
		Reduce output records=1
		Spilled Records=1
		Shuffled Maps =1
		Failed Shuffles=0
		Merged Map outputs=1
		GC time elapsed (ms)=0
		Total committed heap usage (bytes)=509607936
	Shuffle Errors
		BAD_ID=0
		CONNECTION=0
		IO_ERROR=0
		WRONG_LENGTH=0
		WRONG_MAP=0
		WRONG_REDUCE=0
	File Output Format Counters 
		Bytes Written=102
26/03/02 03:41:04 INFO mapred.LocalJobRunner: Finishing task: attempt_local497973458_0010_r_000003_0
26/03/02 03:41:04 INFO mapred.LocalJobRunner: reduce task executor complete.
26/03/02 03:41:04 INFO mapreduce.Job: Job job_local497973458_0010 running in uber mode : false
26/03/02 03:41:04 INFO mapreduce.Job:  map 100% reduce 100%
26/03/02 03:41:04 INFO mapreduce.Job: Job job_local497973458_0010 completed successfully
26/03/02 03:41:04 INFO mapreduce.Job: Counters: 35
	File System Counters
		FILE: Number of bytes read=7293102
		FILE: Number of bytes written=22078631
		FILE: Number of read operations=0
		FILE: Number of large read operations=0
		FILE: Number of write operations=0
		HDFS: Number of bytes read=1834522215
		HDFS: Number of bytes written=43488
		HDFS: Number of read operations=2655
		HDFS: Number of large read operations=0
		HDFS: Number of write operations=860
	Map-Reduce Framework
		Map input records=500000
		Map output records=500000
		Map output bytes=26000000
		Map output materialized bytes=294
		Input split bytes=123
		Combine input records=500000
		Combine output records=5
		Reduce input groups=5
		Reduce shuffle bytes=294
		Reduce input records=5
		Reduce output records=5
		Spilled Records=10
		Shuffled Maps =4
		Failed Shuffles=0
		Merged Map outputs=4
		GC time elapsed (ms)=30
		Total committed heap usage (bytes)=2548039680
	Shuffle Errors
		BAD_ID=0
		CONNECTION=0
		IO_ERROR=0
		WRONG_LENGTH=0
		WRONG_MAP=0
		WRONG_REDUCE=0
	File Input Format Counters 
		Bytes Read=36688385
	File Output Format Counters 
		Bytes Written=511
26/03/02 03:41:04 INFO jvm.JvmMetrics: Cannot initialize JVM Metrics with processName=JobTracker, sessionId= - already initialized
26/03/02 03:41:04 WARN mapreduce.JobResourceUploader: Hadoop command-line option parsing not performed. Implement the Tool interface and execute your application with ToolRunner to remedy this.
26/03/02 03:41:04 INFO input.FileInputFormat: Total input paths to process : 1
26/03/02 03:41:04 INFO mapreduce.JobSubmitter: number of splits:1
26/03/02 03:41:04 INFO mapreduce.JobSubmitter: Submitting tokens for job: job_local85011806_0011
26/03/02 03:41:04 INFO mapred.LocalDistributedCacheManager: Creating symlink: /tmp/hadoop-ds503/mapred/local/1772422864828/centers_iter_10.csv <- /home/ds503/centers_iter_10.csv
26/03/02 03:41:04 INFO mapred.LocalDistributedCacheManager: Localized hdfs://localhost:9000/project2/task2/runs_report_plus/scale500k_opt/centers_iter_10.csv as file:/tmp/hadoop-ds503/mapred/local/1772422864828/centers_iter_10.csv
26/03/02 03:41:04 INFO mapreduce.Job: The url to track the job: http://localhost:8080/
26/03/02 03:41:04 INFO mapreduce.Job: Running job: job_local85011806_0011
26/03/02 03:41:04 INFO mapred.LocalJobRunner: OutputCommitter set in config null
26/03/02 03:41:04 INFO output.FileOutputCommitter: File Output Committer Algorithm version is 1
26/03/02 03:41:04 INFO mapred.LocalJobRunner: OutputCommitter is org.apache.hadoop.mapreduce.lib.output.FileOutputCommitter
26/03/02 03:41:04 INFO mapred.LocalJobRunner: Waiting for map tasks
26/03/02 03:41:04 INFO mapred.LocalJobRunner: Starting task: attempt_local85011806_0011_m_000000_0
26/03/02 03:41:04 INFO output.FileOutputCommitter: File Output Committer Algorithm version is 1
26/03/02 03:41:04 INFO mapred.Task:  Using ResourceCalculatorProcessTree : [ ]
26/03/02 03:41:04 INFO mapred.MapTask: Processing split: hdfs://localhost:9000/project2/task2/input/points_500k.csv:0+36688385
26/03/02 03:41:04 INFO mapred.MapTask: (EQUATOR) 0 kvi 26214396(104857584)
26/03/02 03:41:04 INFO mapred.MapTask: mapreduce.task.io.sort.mb: 100
26/03/02 03:41:04 INFO mapred.MapTask: soft limit at 83886080
26/03/02 03:41:04 INFO mapred.MapTask: bufstart = 0; bufvoid = 104857600
26/03/02 03:41:04 INFO mapred.MapTask: kvstart = 26214396; length = 6553600
26/03/02 03:41:04 INFO mapred.MapTask: Map output collector class = org.apache.hadoop.mapred.MapTask$MapOutputBuffer
26/03/02 03:41:05 INFO mapred.LocalJobRunner: 
26/03/02 03:41:05 INFO mapred.MapTask: Starting flush of map output
26/03/02 03:41:05 INFO mapred.MapTask: Spilling map output
26/03/02 03:41:05 INFO mapred.MapTask: bufstart = 0; bufend = 26000000; bufvoid = 104857600
26/03/02 03:41:05 INFO mapred.MapTask: kvstart = 26214396(104857584); kvend = 24214400(96857600); length = 1999997/6553600
26/03/02 03:41:05 INFO mapred.MapTask: Finished spill 0
26/03/02 03:41:05 INFO mapred.Task: Task:attempt_local85011806_0011_m_000000_0 is done. And is in the process of committing
26/03/02 03:41:05 INFO mapred.LocalJobRunner: map
26/03/02 03:41:05 INFO mapred.Task: Task 'attempt_local85011806_0011_m_000000_0' done.
26/03/02 03:41:05 INFO mapred.Task: Final Counters for attempt_local85011806_0011_m_000000_0: Counters: 23
	File System Counters
		FILE: Number of bytes read=1603767
		FILE: Number of bytes written=4854768
		FILE: Number of read operations=0
		FILE: Number of large read operations=0
		FILE: Number of write operations=0
		HDFS: Number of bytes read=403594978
		HDFS: Number of bytes written=9296
		HDFS: Number of read operations=581
		HDFS: Number of large read operations=0
		HDFS: Number of write operations=186
	Map-Reduce Framework
		Map input records=500000
		Map output records=500000
		Map output bytes=26000000
		Map output materialized bytes=294
		Input split bytes=123
		Combine input records=500000
		Combine output records=5
		Spilled Records=5
		Failed Shuffles=0
		Merged Map outputs=0
		GC time elapsed (ms)=9
		Total committed heap usage (bytes)=509083648
	File Input Format Counters 
		Bytes Read=36688385
26/03/02 03:41:05 INFO mapred.LocalJobRunner: Finishing task: attempt_local85011806_0011_m_000000_0
26/03/02 03:41:05 INFO mapred.LocalJobRunner: map task executor complete.
26/03/02 03:41:05 INFO mapred.LocalJobRunner: Waiting for reduce tasks
26/03/02 03:41:05 INFO mapred.LocalJobRunner: Starting task: attempt_local85011806_0011_r_000000_0
26/03/02 03:41:05 INFO output.FileOutputCommitter: File Output Committer Algorithm version is 1
26/03/02 03:41:05 INFO mapred.Task:  Using ResourceCalculatorProcessTree : [ ]
26/03/02 03:41:05 INFO mapred.ReduceTask: Using ShuffleConsumerPlugin: org.apache.hadoop.mapreduce.task.reduce.Shuffle@5a7e5fb
26/03/02 03:41:05 INFO reduce.MergeManagerImpl: MergerManager: memoryLimit=356358560, maxSingleShuffleLimit=89089640, mergeThreshold=235196656, ioSortFactor=10, memToMemMergeOutputsThreshold=10
26/03/02 03:41:05 INFO reduce.EventFetcher: attempt_local85011806_0011_r_000000_0 Thread started: EventFetcher for fetching Map Completion Events
26/03/02 03:41:05 INFO reduce.LocalFetcher: localfetcher#41 about to shuffle output of map attempt_local85011806_0011_m_000000_0 decomp: 110 len: 114 to MEMORY
26/03/02 03:41:05 INFO reduce.InMemoryMapOutput: Read 110 bytes from map-output for attempt_local85011806_0011_m_000000_0
26/03/02 03:41:05 INFO reduce.MergeManagerImpl: closeInMemoryFile -> map-output of size: 110, inMemoryMapOutputs.size() -> 1, commitMemory -> 0, usedMemory ->110
26/03/02 03:41:05 INFO reduce.EventFetcher: EventFetcher is interrupted.. Returning
26/03/02 03:41:05 INFO mapred.LocalJobRunner: 1 / 1 copied.
26/03/02 03:41:05 INFO reduce.MergeManagerImpl: finalMerge called with 1 in-memory map-outputs and 0 on-disk map-outputs
26/03/02 03:41:05 INFO mapred.Merger: Merging 1 sorted segments
26/03/02 03:41:05 INFO mapred.Merger: Down to the last merge-pass, with 1 segments left of total size: 104 bytes
26/03/02 03:41:05 INFO reduce.MergeManagerImpl: Merged 1 segments, 110 bytes to disk to satisfy reduce memory limit
26/03/02 03:41:05 INFO reduce.MergeManagerImpl: Merging 1 files, 114 bytes from disk
26/03/02 03:41:05 INFO reduce.MergeManagerImpl: Merging 0 segments, 0 bytes from memory into reduce
26/03/02 03:41:05 INFO mapred.Merger: Merging 1 sorted segments
26/03/02 03:41:05 INFO mapred.Merger: Down to the last merge-pass, with 1 segments left of total size: 104 bytes
26/03/02 03:41:05 INFO mapred.LocalJobRunner: 1 / 1 copied.
26/03/02 03:41:05 INFO mapred.Task: Task:attempt_local85011806_0011_r_000000_0 is done. And is in the process of committing
26/03/02 03:41:05 INFO mapred.LocalJobRunner: 1 / 1 copied.
26/03/02 03:41:05 INFO mapred.Task: Task attempt_local85011806_0011_r_000000_0 is allowed to commit now
26/03/02 03:41:05 INFO output.FileOutputCommitter: Saved output of task 'attempt_local85011806_0011_r_000000_0' to hdfs://localhost:9000/project2/task2/runs_report_plus/scale500k_opt/iter_11/_temporary/0/task_local85011806_0011_r_000000
26/03/02 03:41:05 INFO mapred.LocalJobRunner: reduce > reduce
26/03/02 03:41:05 INFO mapred.Task: Task 'attempt_local85011806_0011_r_000000_0' done.
26/03/02 03:41:05 INFO mapred.Task: Final Counters for attempt_local85011806_0011_r_000000_0: Counters: 29
	File System Counters
		FILE: Number of bytes read=1604279
		FILE: Number of bytes written=4854882
		FILE: Number of read operations=0
		FILE: Number of large read operations=0
		FILE: Number of write operations=0
		HDFS: Number of bytes read=403594978
		HDFS: Number of bytes written=9501
		HDFS: Number of read operations=584
		HDFS: Number of large read operations=0
		HDFS: Number of write operations=188
	Map-Reduce Framework
		Combine input records=0
		Combine output records=0
		Reduce input groups=2
		Reduce shuffle bytes=114
		Reduce input records=2
		Reduce output records=2
		Spilled Records=2
		Shuffled Maps =1
		Failed Shuffles=0
		Merged Map outputs=1
		GC time elapsed (ms)=0
		Total committed heap usage (bytes)=509083648
	Shuffle Errors
		BAD_ID=0
		CONNECTION=0
		IO_ERROR=0
		WRONG_LENGTH=0
		WRONG_MAP=0
		WRONG_REDUCE=0
	File Output Format Counters 
		Bytes Written=205
26/03/02 03:41:05 INFO mapred.LocalJobRunner: Finishing task: attempt_local85011806_0011_r_000000_0
26/03/02 03:41:05 INFO mapred.LocalJobRunner: Starting task: attempt_local85011806_0011_r_000001_0
26/03/02 03:41:05 INFO output.FileOutputCommitter: File Output Committer Algorithm version is 1
26/03/02 03:41:05 INFO mapred.Task:  Using ResourceCalculatorProcessTree : [ ]
26/03/02 03:41:05 INFO mapred.ReduceTask: Using ShuffleConsumerPlugin: org.apache.hadoop.mapreduce.task.reduce.Shuffle@70efbd89
26/03/02 03:41:05 INFO reduce.MergeManagerImpl: MergerManager: memoryLimit=356358560, maxSingleShuffleLimit=89089640, mergeThreshold=235196656, ioSortFactor=10, memToMemMergeOutputsThreshold=10
26/03/02 03:41:05 INFO reduce.EventFetcher: attempt_local85011806_0011_r_000001_0 Thread started: EventFetcher for fetching Map Completion Events
26/03/02 03:41:05 INFO reduce.LocalFetcher: localfetcher#42 about to shuffle output of map attempt_local85011806_0011_m_000000_0 decomp: 56 len: 60 to MEMORY
26/03/02 03:41:05 INFO reduce.InMemoryMapOutput: Read 56 bytes from map-output for attempt_local85011806_0011_m_000000_0
26/03/02 03:41:05 INFO reduce.MergeManagerImpl: closeInMemoryFile -> map-output of size: 56, inMemoryMapOutputs.size() -> 1, commitMemory -> 0, usedMemory ->56
26/03/02 03:41:05 INFO reduce.EventFetcher: EventFetcher is interrupted.. Returning
26/03/02 03:41:05 INFO mapred.LocalJobRunner: 1 / 1 copied.
26/03/02 03:41:05 INFO reduce.MergeManagerImpl: finalMerge called with 1 in-memory map-outputs and 0 on-disk map-outputs
26/03/02 03:41:05 INFO mapred.Merger: Merging 1 sorted segments
26/03/02 03:41:05 INFO mapred.Merger: Down to the last merge-pass, with 1 segments left of total size: 50 bytes
26/03/02 03:41:05 INFO reduce.MergeManagerImpl: Merged 1 segments, 56 bytes to disk to satisfy reduce memory limit
26/03/02 03:41:05 INFO reduce.MergeManagerImpl: Merging 1 files, 60 bytes from disk
26/03/02 03:41:05 INFO reduce.MergeManagerImpl: Merging 0 segments, 0 bytes from memory into reduce
26/03/02 03:41:05 INFO mapred.Merger: Merging 1 sorted segments
26/03/02 03:41:05 INFO mapred.Merger: Down to the last merge-pass, with 1 segments left of total size: 50 bytes
26/03/02 03:41:05 INFO mapred.LocalJobRunner: 1 / 1 copied.
26/03/02 03:41:05 INFO mapred.Task: Task:attempt_local85011806_0011_r_000001_0 is done. And is in the process of committing
26/03/02 03:41:05 INFO mapred.LocalJobRunner: 1 / 1 copied.
26/03/02 03:41:05 INFO mapred.Task: Task attempt_local85011806_0011_r_000001_0 is allowed to commit now
26/03/02 03:41:05 INFO output.FileOutputCommitter: Saved output of task 'attempt_local85011806_0011_r_000001_0' to hdfs://localhost:9000/project2/task2/runs_report_plus/scale500k_opt/iter_11/_temporary/0/task_local85011806_0011_r_000001
26/03/02 03:41:05 INFO mapred.LocalJobRunner: reduce > reduce
26/03/02 03:41:05 INFO mapred.Task: Task 'attempt_local85011806_0011_r_000001_0' done.
26/03/02 03:41:05 INFO mapred.Task: Final Counters for attempt_local85011806_0011_r_000001_0: Counters: 29
	File System Counters
		FILE: Number of bytes read=1604623
		FILE: Number of bytes written=4854942
		FILE: Number of read operations=0
		FILE: Number of large read operations=0
		FILE: Number of write operations=0
		HDFS: Number of bytes read=403594978
		HDFS: Number of bytes written=9604
		HDFS: Number of read operations=587
		HDFS: Number of large read operations=0
		HDFS: Number of write operations=190
	Map-Reduce Framework
		Combine input records=0
		Combine output records=0
		Reduce input groups=1
		Reduce shuffle bytes=60
		Reduce input records=1
		Reduce output records=1
		Spilled Records=1
		Shuffled Maps =1
		Failed Shuffles=0
		Merged Map outputs=1
		GC time elapsed (ms)=0
		Total committed heap usage (bytes)=509083648
	Shuffle Errors
		BAD_ID=0
		CONNECTION=0
		IO_ERROR=0
		WRONG_LENGTH=0
		WRONG_MAP=0
		WRONG_REDUCE=0
	File Output Format Counters 
		Bytes Written=103
26/03/02 03:41:05 INFO mapred.LocalJobRunner: Finishing task: attempt_local85011806_0011_r_000001_0
26/03/02 03:41:05 INFO mapred.LocalJobRunner: Starting task: attempt_local85011806_0011_r_000002_0
26/03/02 03:41:05 INFO output.FileOutputCommitter: File Output Committer Algorithm version is 1
26/03/02 03:41:05 INFO mapred.Task:  Using ResourceCalculatorProcessTree : [ ]
26/03/02 03:41:05 INFO mapred.ReduceTask: Using ShuffleConsumerPlugin: org.apache.hadoop.mapreduce.task.reduce.Shuffle@8850b6e
26/03/02 03:41:05 INFO reduce.MergeManagerImpl: MergerManager: memoryLimit=356358560, maxSingleShuffleLimit=89089640, mergeThreshold=235196656, ioSortFactor=10, memToMemMergeOutputsThreshold=10
26/03/02 03:41:05 INFO reduce.EventFetcher: attempt_local85011806_0011_r_000002_0 Thread started: EventFetcher for fetching Map Completion Events
26/03/02 03:41:05 INFO reduce.LocalFetcher: localfetcher#43 about to shuffle output of map attempt_local85011806_0011_m_000000_0 decomp: 56 len: 60 to MEMORY
26/03/02 03:41:05 INFO reduce.InMemoryMapOutput: Read 56 bytes from map-output for attempt_local85011806_0011_m_000000_0
26/03/02 03:41:05 INFO reduce.MergeManagerImpl: closeInMemoryFile -> map-output of size: 56, inMemoryMapOutputs.size() -> 1, commitMemory -> 0, usedMemory ->56
26/03/02 03:41:05 INFO reduce.EventFetcher: EventFetcher is interrupted.. Returning
26/03/02 03:41:05 INFO mapred.LocalJobRunner: 1 / 1 copied.
26/03/02 03:41:05 INFO reduce.MergeManagerImpl: finalMerge called with 1 in-memory map-outputs and 0 on-disk map-outputs
26/03/02 03:41:05 INFO mapred.Merger: Merging 1 sorted segments
26/03/02 03:41:05 INFO mapred.Merger: Down to the last merge-pass, with 1 segments left of total size: 50 bytes
26/03/02 03:41:05 INFO reduce.MergeManagerImpl: Merged 1 segments, 56 bytes to disk to satisfy reduce memory limit
26/03/02 03:41:05 INFO reduce.MergeManagerImpl: Merging 1 files, 60 bytes from disk
26/03/02 03:41:05 INFO reduce.MergeManagerImpl: Merging 0 segments, 0 bytes from memory into reduce
26/03/02 03:41:05 INFO mapred.Merger: Merging 1 sorted segments
26/03/02 03:41:05 INFO mapred.Merger: Down to the last merge-pass, with 1 segments left of total size: 50 bytes
26/03/02 03:41:05 INFO mapred.LocalJobRunner: 1 / 1 copied.
26/03/02 03:41:05 INFO mapreduce.Job: Job job_local85011806_0011 running in uber mode : false
26/03/02 03:41:05 INFO mapreduce.Job:  map 100% reduce 50%
26/03/02 03:41:06 INFO mapred.Task: Task:attempt_local85011806_0011_r_000002_0 is done. And is in the process of committing
26/03/02 03:41:06 INFO mapred.LocalJobRunner: 1 / 1 copied.
26/03/02 03:41:06 INFO mapred.Task: Task attempt_local85011806_0011_r_000002_0 is allowed to commit now
26/03/02 03:41:06 INFO output.FileOutputCommitter: Saved output of task 'attempt_local85011806_0011_r_000002_0' to hdfs://localhost:9000/project2/task2/runs_report_plus/scale500k_opt/iter_11/_temporary/0/task_local85011806_0011_r_000002
26/03/02 03:41:06 INFO mapred.LocalJobRunner: reduce > reduce
26/03/02 03:41:06 INFO mapred.Task: Task 'attempt_local85011806_0011_r_000002_0' done.
26/03/02 03:41:06 INFO mapred.Task: Final Counters for attempt_local85011806_0011_r_000002_0: Counters: 29
	File System Counters
		FILE: Number of bytes read=1604907
		FILE: Number of bytes written=4855002
		FILE: Number of read operations=0
		FILE: Number of large read operations=0
		FILE: Number of write operations=0
		HDFS: Number of bytes read=403594978
		HDFS: Number of bytes written=9708
		HDFS: Number of read operations=590
		HDFS: Number of large read operations=0
		HDFS: Number of write operations=192
	Map-Reduce Framework
		Combine input records=0
		Combine output records=0
		Reduce input groups=1
		Reduce shuffle bytes=60
		Reduce input records=1
		Reduce output records=1
		Spilled Records=1
		Shuffled Maps =1
		Failed Shuffles=0
		Merged Map outputs=1
		GC time elapsed (ms)=2
		Total committed heap usage (bytes)=509083648
	Shuffle Errors
		BAD_ID=0
		CONNECTION=0
		IO_ERROR=0
		WRONG_LENGTH=0
		WRONG_MAP=0
		WRONG_REDUCE=0
	File Output Format Counters 
		Bytes Written=104
26/03/02 03:41:06 INFO mapred.LocalJobRunner: Finishing task: attempt_local85011806_0011_r_000002_0
26/03/02 03:41:06 INFO mapred.LocalJobRunner: Starting task: attempt_local85011806_0011_r_000003_0
26/03/02 03:41:06 INFO output.FileOutputCommitter: File Output Committer Algorithm version is 1
26/03/02 03:41:06 INFO mapred.Task:  Using ResourceCalculatorProcessTree : [ ]
26/03/02 03:41:06 INFO mapred.ReduceTask: Using ShuffleConsumerPlugin: org.apache.hadoop.mapreduce.task.reduce.Shuffle@27fc1d79
26/03/02 03:41:06 INFO reduce.MergeManagerImpl: MergerManager: memoryLimit=356358560, maxSingleShuffleLimit=89089640, mergeThreshold=235196656, ioSortFactor=10, memToMemMergeOutputsThreshold=10
26/03/02 03:41:06 INFO reduce.EventFetcher: attempt_local85011806_0011_r_000003_0 Thread started: EventFetcher for fetching Map Completion Events
26/03/02 03:41:06 INFO reduce.LocalFetcher: localfetcher#44 about to shuffle output of map attempt_local85011806_0011_m_000000_0 decomp: 56 len: 60 to MEMORY
26/03/02 03:41:06 INFO reduce.InMemoryMapOutput: Read 56 bytes from map-output for attempt_local85011806_0011_m_000000_0
26/03/02 03:41:06 INFO reduce.MergeManagerImpl: closeInMemoryFile -> map-output of size: 56, inMemoryMapOutputs.size() -> 1, commitMemory -> 0, usedMemory ->56
26/03/02 03:41:06 WARN io.ReadaheadPool: Failed readahead on ifile
EBADF: Bad file descriptor
	at org.apache.hadoop.io.nativeio.NativeIO$POSIX.posix_fadvise(Native Method)
	at org.apache.hadoop.io.nativeio.NativeIO$POSIX.posixFadviseIfPossible(NativeIO.java:267)
	at org.apache.hadoop.io.nativeio.NativeIO$POSIX$CacheManipulator.posixFadviseIfPossible(NativeIO.java:146)
	at org.apache.hadoop.io.ReadaheadPool$ReadaheadRequestImpl.run(ReadaheadPool.java:206)
	at java.util.concurrent.ThreadPoolExecutor.runWorker(ThreadPoolExecutor.java:1149)
	at java.util.concurrent.ThreadPoolExecutor$Worker.run(ThreadPoolExecutor.java:624)
	at java.lang.Thread.run(Thread.java:748)
26/03/02 03:41:06 INFO reduce.EventFetcher: EventFetcher is interrupted.. Returning
26/03/02 03:41:06 INFO mapred.LocalJobRunner: 1 / 1 copied.
26/03/02 03:41:06 INFO reduce.MergeManagerImpl: finalMerge called with 1 in-memory map-outputs and 0 on-disk map-outputs
26/03/02 03:41:06 INFO mapred.Merger: Merging 1 sorted segments
26/03/02 03:41:06 INFO mapred.Merger: Down to the last merge-pass, with 1 segments left of total size: 50 bytes
26/03/02 03:41:06 INFO reduce.MergeManagerImpl: Merged 1 segments, 56 bytes to disk to satisfy reduce memory limit
26/03/02 03:41:06 INFO reduce.MergeManagerImpl: Merging 1 files, 60 bytes from disk
26/03/02 03:41:06 INFO reduce.MergeManagerImpl: Merging 0 segments, 0 bytes from memory into reduce
26/03/02 03:41:06 INFO mapred.Merger: Merging 1 sorted segments
26/03/02 03:41:06 INFO mapred.Merger: Down to the last merge-pass, with 1 segments left of total size: 50 bytes
26/03/02 03:41:06 INFO mapred.LocalJobRunner: 1 / 1 copied.
26/03/02 03:41:06 INFO mapred.Task: Task:attempt_local85011806_0011_r_000003_0 is done. And is in the process of committing
26/03/02 03:41:06 INFO mapred.LocalJobRunner: 1 / 1 copied.
26/03/02 03:41:06 INFO mapred.Task: Task attempt_local85011806_0011_r_000003_0 is allowed to commit now
26/03/02 03:41:06 INFO output.FileOutputCommitter: Saved output of task 'attempt_local85011806_0011_r_000003_0' to hdfs://localhost:9000/project2/task2/runs_report_plus/scale500k_opt/iter_11/_temporary/0/task_local85011806_0011_r_000003
26/03/02 03:41:06 INFO mapred.LocalJobRunner: reduce > reduce
26/03/02 03:41:06 INFO mapred.Task: Task 'attempt_local85011806_0011_r_000003_0' done.
26/03/02 03:41:06 INFO mapred.Task: Final Counters for attempt_local85011806_0011_r_000003_0: Counters: 29
	File System Counters
		FILE: Number of bytes read=1605131
		FILE: Number of bytes written=4855062
		FILE: Number of read operations=0
		FILE: Number of large read operations=0
		FILE: Number of write operations=0
		HDFS: Number of bytes read=403594978
		HDFS: Number of bytes written=9811
		HDFS: Number of read operations=593
		HDFS: Number of large read operations=0
		HDFS: Number of write operations=194
	Map-Reduce Framework
		Combine input records=0
		Combine output records=0
		Reduce input groups=1
		Reduce shuffle bytes=60
		Reduce input records=1
		Reduce output records=1
		Spilled Records=1
		Shuffled Maps =1
		Failed Shuffles=0
		Merged Map outputs=1
		GC time elapsed (ms)=0
		Total committed heap usage (bytes)=509083648
	Shuffle Errors
		BAD_ID=0
		CONNECTION=0
		IO_ERROR=0
		WRONG_LENGTH=0
		WRONG_MAP=0
		WRONG_REDUCE=0
	File Output Format Counters 
		Bytes Written=103
26/03/02 03:41:06 INFO mapred.LocalJobRunner: Finishing task: attempt_local85011806_0011_r_000003_0
26/03/02 03:41:06 INFO mapred.LocalJobRunner: reduce task executor complete.
26/03/02 03:41:06 INFO mapreduce.Job:  map 100% reduce 100%
26/03/02 03:41:06 INFO mapreduce.Job: Job job_local85011806_0011 completed successfully
26/03/02 03:41:06 INFO mapreduce.Job: Counters: 35
	File System Counters
		FILE: Number of bytes read=8022707
		FILE: Number of bytes written=24274656
		FILE: Number of read operations=0
		FILE: Number of large read operations=0
		FILE: Number of write operations=0
		HDFS: Number of bytes read=2017974890
		HDFS: Number of bytes written=47920
		HDFS: Number of read operations=2935
		HDFS: Number of large read operations=0
		HDFS: Number of write operations=950
	Map-Reduce Framework
		Map input records=500000
		Map output records=500000
		Map output bytes=26000000
		Map output materialized bytes=294
		Input split bytes=123
		Combine input records=500000
		Combine output records=5
		Reduce input groups=5
		Reduce shuffle bytes=294
		Reduce input records=5
		Reduce output records=5
		Spilled Records=10
		Shuffled Maps =4
		Failed Shuffles=0
		Merged Map outputs=4
		GC time elapsed (ms)=11
		Total committed heap usage (bytes)=2545418240
	Shuffle Errors
		BAD_ID=0
		CONNECTION=0
		IO_ERROR=0
		WRONG_LENGTH=0
		WRONG_MAP=0
		WRONG_REDUCE=0
	File Input Format Counters 
		Bytes Read=36688385
	File Output Format Counters 
		Bytes Written=515
26/03/02 03:41:06 INFO jvm.JvmMetrics: Cannot initialize JVM Metrics with processName=JobTracker, sessionId= - already initialized
26/03/02 03:41:06 WARN mapreduce.JobResourceUploader: Hadoop command-line option parsing not performed. Implement the Tool interface and execute your application with ToolRunner to remedy this.
26/03/02 03:41:06 INFO input.FileInputFormat: Total input paths to process : 1
26/03/02 03:41:06 INFO mapreduce.JobSubmitter: number of splits:1
26/03/02 03:41:06 INFO mapreduce.JobSubmitter: Submitting tokens for job: job_local1482819234_0012
26/03/02 03:41:06 INFO mapred.LocalDistributedCacheManager: Creating symlink: /tmp/hadoop-ds503/mapred/local/1772422866916/centers_iter_11.csv <- /home/ds503/centers_iter_11.csv
26/03/02 03:41:06 INFO mapred.LocalDistributedCacheManager: Localized hdfs://localhost:9000/project2/task2/runs_report_plus/scale500k_opt/centers_iter_11.csv as file:/tmp/hadoop-ds503/mapred/local/1772422866916/centers_iter_11.csv
26/03/02 03:41:06 INFO mapreduce.Job: The url to track the job: http://localhost:8080/
26/03/02 03:41:06 INFO mapreduce.Job: Running job: job_local1482819234_0012
26/03/02 03:41:06 INFO mapred.LocalJobRunner: OutputCommitter set in config null
26/03/02 03:41:06 INFO output.FileOutputCommitter: File Output Committer Algorithm version is 1
26/03/02 03:41:06 INFO mapred.LocalJobRunner: OutputCommitter is org.apache.hadoop.mapreduce.lib.output.FileOutputCommitter
26/03/02 03:41:06 INFO mapred.LocalJobRunner: Waiting for map tasks
26/03/02 03:41:06 INFO mapred.LocalJobRunner: Starting task: attempt_local1482819234_0012_m_000000_0
26/03/02 03:41:06 INFO output.FileOutputCommitter: File Output Committer Algorithm version is 1
26/03/02 03:41:06 INFO mapred.Task:  Using ResourceCalculatorProcessTree : [ ]
26/03/02 03:41:06 INFO mapred.MapTask: Processing split: hdfs://localhost:9000/project2/task2/input/points_500k.csv:0+36688385
26/03/02 03:41:06 INFO mapred.MapTask: (EQUATOR) 0 kvi 26214396(104857584)
26/03/02 03:41:06 INFO mapred.MapTask: mapreduce.task.io.sort.mb: 100
26/03/02 03:41:06 INFO mapred.MapTask: soft limit at 83886080
26/03/02 03:41:06 INFO mapred.MapTask: bufstart = 0; bufvoid = 104857600
26/03/02 03:41:06 INFO mapred.MapTask: kvstart = 26214396; length = 6553600
26/03/02 03:41:06 INFO mapred.MapTask: Map output collector class = org.apache.hadoop.mapred.MapTask$MapOutputBuffer
26/03/02 03:41:07 INFO mapred.LocalJobRunner: 
26/03/02 03:41:07 INFO mapred.MapTask: Starting flush of map output
26/03/02 03:41:07 INFO mapred.MapTask: Spilling map output
26/03/02 03:41:07 INFO mapred.MapTask: bufstart = 0; bufend = 26000000; bufvoid = 104857600
26/03/02 03:41:07 INFO mapred.MapTask: kvstart = 26214396(104857584); kvend = 24214400(96857600); length = 1999997/6553600
26/03/02 03:41:07 INFO mapred.MapTask: Finished spill 0
26/03/02 03:41:07 INFO mapred.Task: Task:attempt_local1482819234_0012_m_000000_0 is done. And is in the process of committing
26/03/02 03:41:07 INFO mapred.LocalJobRunner: map
26/03/02 03:41:07 INFO mapred.Task: Task 'attempt_local1482819234_0012_m_000000_0' done.
26/03/02 03:41:07 INFO mapred.Task: Final Counters for attempt_local1482819234_0012_m_000000_0: Counters: 23
	File System Counters
		FILE: Number of bytes read=1749688
		FILE: Number of bytes written=5297149
		FILE: Number of read operations=0
		FILE: Number of large read operations=0
		FILE: Number of write operations=0
		HDFS: Number of bytes read=440285515
		HDFS: Number of bytes written=10185
		HDFS: Number of read operations=637
		HDFS: Number of large read operations=0
		HDFS: Number of write operations=204
	Map-Reduce Framework
		Map input records=500000
		Map output records=500000
		Map output bytes=26000000
		Map output materialized bytes=294
		Input split bytes=123
		Combine input records=500000
		Combine output records=5
		Spilled Records=5
		Failed Shuffles=0
		Merged Map outputs=0
		GC time elapsed (ms)=51
		Total committed heap usage (bytes)=440401920
	File Input Format Counters 
		Bytes Read=36688385
26/03/02 03:41:07 INFO mapred.LocalJobRunner: Finishing task: attempt_local1482819234_0012_m_000000_0
26/03/02 03:41:07 INFO mapred.LocalJobRunner: map task executor complete.
26/03/02 03:41:07 INFO mapred.LocalJobRunner: Waiting for reduce tasks
26/03/02 03:41:07 INFO mapred.LocalJobRunner: Starting task: attempt_local1482819234_0012_r_000000_0
26/03/02 03:41:07 INFO output.FileOutputCommitter: File Output Committer Algorithm version is 1
26/03/02 03:41:07 INFO mapred.Task:  Using ResourceCalculatorProcessTree : [ ]
26/03/02 03:41:07 INFO mapred.ReduceTask: Using ShuffleConsumerPlugin: org.apache.hadoop.mapreduce.task.reduce.Shuffle@56321508
26/03/02 03:41:07 INFO reduce.MergeManagerImpl: MergerManager: memoryLimit=334338464, maxSingleShuffleLimit=83584616, mergeThreshold=220663392, ioSortFactor=10, memToMemMergeOutputsThreshold=10
26/03/02 03:41:07 INFO reduce.EventFetcher: attempt_local1482819234_0012_r_000000_0 Thread started: EventFetcher for fetching Map Completion Events
26/03/02 03:41:07 INFO reduce.LocalFetcher: localfetcher#45 about to shuffle output of map attempt_local1482819234_0012_m_000000_0 decomp: 110 len: 114 to MEMORY
26/03/02 03:41:07 INFO reduce.InMemoryMapOutput: Read 110 bytes from map-output for attempt_local1482819234_0012_m_000000_0
26/03/02 03:41:07 INFO reduce.MergeManagerImpl: closeInMemoryFile -> map-output of size: 110, inMemoryMapOutputs.size() -> 1, commitMemory -> 0, usedMemory ->110
26/03/02 03:41:07 INFO reduce.EventFetcher: EventFetcher is interrupted.. Returning
26/03/02 03:41:07 INFO mapred.LocalJobRunner: 1 / 1 copied.
26/03/02 03:41:07 INFO reduce.MergeManagerImpl: finalMerge called with 1 in-memory map-outputs and 0 on-disk map-outputs
26/03/02 03:41:07 INFO mapred.Merger: Merging 1 sorted segments
26/03/02 03:41:07 INFO mapred.Merger: Down to the last merge-pass, with 1 segments left of total size: 104 bytes
26/03/02 03:41:07 INFO reduce.MergeManagerImpl: Merged 1 segments, 110 bytes to disk to satisfy reduce memory limit
26/03/02 03:41:07 INFO reduce.MergeManagerImpl: Merging 1 files, 114 bytes from disk
26/03/02 03:41:07 INFO reduce.MergeManagerImpl: Merging 0 segments, 0 bytes from memory into reduce
26/03/02 03:41:07 INFO mapred.Merger: Merging 1 sorted segments
26/03/02 03:41:07 INFO mapred.Merger: Down to the last merge-pass, with 1 segments left of total size: 104 bytes
26/03/02 03:41:07 INFO mapred.LocalJobRunner: 1 / 1 copied.
26/03/02 03:41:07 INFO mapred.Task: Task:attempt_local1482819234_0012_r_000000_0 is done. And is in the process of committing
26/03/02 03:41:07 INFO mapred.LocalJobRunner: 1 / 1 copied.
26/03/02 03:41:07 INFO mapred.Task: Task attempt_local1482819234_0012_r_000000_0 is allowed to commit now
26/03/02 03:41:07 INFO output.FileOutputCommitter: Saved output of task 'attempt_local1482819234_0012_r_000000_0' to hdfs://localhost:9000/project2/task2/runs_report_plus/scale500k_opt/iter_12/_temporary/0/task_local1482819234_0012_r_000000
26/03/02 03:41:07 INFO mapred.LocalJobRunner: reduce > reduce
26/03/02 03:41:07 INFO mapred.Task: Task 'attempt_local1482819234_0012_r_000000_0' done.
26/03/02 03:41:07 INFO mapred.Task: Final Counters for attempt_local1482819234_0012_r_000000_0: Counters: 29
	File System Counters
		FILE: Number of bytes read=1750200
		FILE: Number of bytes written=5297263
		FILE: Number of read operations=0
		FILE: Number of large read operations=0
		FILE: Number of write operations=0
		HDFS: Number of bytes read=440285515
		HDFS: Number of bytes written=10392
		HDFS: Number of read operations=640
		HDFS: Number of large read operations=0
		HDFS: Number of write operations=206
	Map-Reduce Framework
		Combine input records=0
		Combine output records=0
		Reduce input groups=2
		Reduce shuffle bytes=114
		Reduce input records=2
		Reduce output records=2
		Spilled Records=2
		Shuffled Maps =1
		Failed Shuffles=0
		Merged Map outputs=1
		GC time elapsed (ms)=0
		Total committed heap usage (bytes)=440401920
	Shuffle Errors
		BAD_ID=0
		CONNECTION=0
		IO_ERROR=0
		WRONG_LENGTH=0
		WRONG_MAP=0
		WRONG_REDUCE=0
	File Output Format Counters 
		Bytes Written=207
26/03/02 03:41:07 INFO mapred.LocalJobRunner: Finishing task: attempt_local1482819234_0012_r_000000_0
26/03/02 03:41:07 INFO mapred.LocalJobRunner: Starting task: attempt_local1482819234_0012_r_000001_0
26/03/02 03:41:07 INFO output.FileOutputCommitter: File Output Committer Algorithm version is 1
26/03/02 03:41:07 INFO mapred.Task:  Using ResourceCalculatorProcessTree : [ ]
26/03/02 03:41:07 INFO mapred.ReduceTask: Using ShuffleConsumerPlugin: org.apache.hadoop.mapreduce.task.reduce.Shuffle@5f1437e1
26/03/02 03:41:07 INFO reduce.MergeManagerImpl: MergerManager: memoryLimit=334338464, maxSingleShuffleLimit=83584616, mergeThreshold=220663392, ioSortFactor=10, memToMemMergeOutputsThreshold=10
26/03/02 03:41:07 INFO reduce.EventFetcher: attempt_local1482819234_0012_r_000001_0 Thread started: EventFetcher for fetching Map Completion Events
26/03/02 03:41:07 INFO reduce.LocalFetcher: localfetcher#46 about to shuffle output of map attempt_local1482819234_0012_m_000000_0 decomp: 56 len: 60 to MEMORY
26/03/02 03:41:07 INFO reduce.InMemoryMapOutput: Read 56 bytes from map-output for attempt_local1482819234_0012_m_000000_0
26/03/02 03:41:07 INFO reduce.MergeManagerImpl: closeInMemoryFile -> map-output of size: 56, inMemoryMapOutputs.size() -> 1, commitMemory -> 0, usedMemory ->56
26/03/02 03:41:07 INFO reduce.EventFetcher: EventFetcher is interrupted.. Returning
26/03/02 03:41:07 INFO mapred.LocalJobRunner: 1 / 1 copied.
26/03/02 03:41:07 INFO reduce.MergeManagerImpl: finalMerge called with 1 in-memory map-outputs and 0 on-disk map-outputs
26/03/02 03:41:07 INFO mapred.Merger: Merging 1 sorted segments
26/03/02 03:41:07 INFO mapred.Merger: Down to the last merge-pass, with 1 segments left of total size: 50 bytes
26/03/02 03:41:07 INFO reduce.MergeManagerImpl: Merged 1 segments, 56 bytes to disk to satisfy reduce memory limit
26/03/02 03:41:07 INFO reduce.MergeManagerImpl: Merging 1 files, 60 bytes from disk
26/03/02 03:41:07 INFO reduce.MergeManagerImpl: Merging 0 segments, 0 bytes from memory into reduce
26/03/02 03:41:07 INFO mapred.Merger: Merging 1 sorted segments
26/03/02 03:41:07 INFO mapred.Merger: Down to the last merge-pass, with 1 segments left of total size: 50 bytes
26/03/02 03:41:07 INFO mapred.LocalJobRunner: 1 / 1 copied.
26/03/02 03:41:07 INFO mapred.Task: Task:attempt_local1482819234_0012_r_000001_0 is done. And is in the process of committing
26/03/02 03:41:07 INFO mapred.LocalJobRunner: 1 / 1 copied.
26/03/02 03:41:07 INFO mapred.Task: Task attempt_local1482819234_0012_r_000001_0 is allowed to commit now
26/03/02 03:41:07 INFO output.FileOutputCommitter: Saved output of task 'attempt_local1482819234_0012_r_000001_0' to hdfs://localhost:9000/project2/task2/runs_report_plus/scale500k_opt/iter_12/_temporary/0/task_local1482819234_0012_r_000001
26/03/02 03:41:07 INFO mapred.LocalJobRunner: reduce > reduce
26/03/02 03:41:07 INFO mapred.Task: Task 'attempt_local1482819234_0012_r_000001_0' done.
26/03/02 03:41:07 INFO mapred.Task: Final Counters for attempt_local1482819234_0012_r_000001_0: Counters: 29
	File System Counters
		FILE: Number of bytes read=1750544
		FILE: Number of bytes written=5297323
		FILE: Number of read operations=0
		FILE: Number of large read operations=0
		FILE: Number of write operations=0
		HDFS: Number of bytes read=440285515
		HDFS: Number of bytes written=10494
		HDFS: Number of read operations=643
		HDFS: Number of large read operations=0
		HDFS: Number of write operations=208
	Map-Reduce Framework
		Combine input records=0
		Combine output records=0
		Reduce input groups=1
		Reduce shuffle bytes=60
		Reduce input records=1
		Reduce output records=1
		Spilled Records=1
		Shuffled Maps =1
		Failed Shuffles=0
		Merged Map outputs=1
		GC time elapsed (ms)=0
		Total committed heap usage (bytes)=440401920
	Shuffle Errors
		BAD_ID=0
		CONNECTION=0
		IO_ERROR=0
		WRONG_LENGTH=0
		WRONG_MAP=0
		WRONG_REDUCE=0
	File Output Format Counters 
		Bytes Written=102
26/03/02 03:41:07 INFO mapred.LocalJobRunner: Finishing task: attempt_local1482819234_0012_r_000001_0
26/03/02 03:41:07 INFO mapred.LocalJobRunner: Starting task: attempt_local1482819234_0012_r_000002_0
26/03/02 03:41:07 INFO output.FileOutputCommitter: File Output Committer Algorithm version is 1
26/03/02 03:41:07 INFO mapred.Task:  Using ResourceCalculatorProcessTree : [ ]
26/03/02 03:41:07 INFO mapred.ReduceTask: Using ShuffleConsumerPlugin: org.apache.hadoop.mapreduce.task.reduce.Shuffle@27add769
26/03/02 03:41:07 INFO reduce.MergeManagerImpl: MergerManager: memoryLimit=334338464, maxSingleShuffleLimit=83584616, mergeThreshold=220663392, ioSortFactor=10, memToMemMergeOutputsThreshold=10
26/03/02 03:41:07 INFO reduce.EventFetcher: attempt_local1482819234_0012_r_000002_0 Thread started: EventFetcher for fetching Map Completion Events
26/03/02 03:41:07 INFO reduce.LocalFetcher: localfetcher#47 about to shuffle output of map attempt_local1482819234_0012_m_000000_0 decomp: 56 len: 60 to MEMORY
26/03/02 03:41:07 INFO reduce.InMemoryMapOutput: Read 56 bytes from map-output for attempt_local1482819234_0012_m_000000_0
26/03/02 03:41:07 INFO reduce.MergeManagerImpl: closeInMemoryFile -> map-output of size: 56, inMemoryMapOutputs.size() -> 1, commitMemory -> 0, usedMemory ->56
26/03/02 03:41:07 INFO reduce.EventFetcher: EventFetcher is interrupted.. Returning
26/03/02 03:41:07 INFO mapred.LocalJobRunner: 1 / 1 copied.
26/03/02 03:41:07 INFO reduce.MergeManagerImpl: finalMerge called with 1 in-memory map-outputs and 0 on-disk map-outputs
26/03/02 03:41:07 INFO mapred.Merger: Merging 1 sorted segments
26/03/02 03:41:07 INFO mapred.Merger: Down to the last merge-pass, with 1 segments left of total size: 50 bytes
26/03/02 03:41:07 INFO reduce.MergeManagerImpl: Merged 1 segments, 56 bytes to disk to satisfy reduce memory limit
26/03/02 03:41:07 INFO reduce.MergeManagerImpl: Merging 1 files, 60 bytes from disk
26/03/02 03:41:07 INFO reduce.MergeManagerImpl: Merging 0 segments, 0 bytes from memory into reduce
26/03/02 03:41:07 INFO mapred.Merger: Merging 1 sorted segments
26/03/02 03:41:07 INFO mapred.Merger: Down to the last merge-pass, with 1 segments left of total size: 50 bytes
26/03/02 03:41:07 INFO mapred.LocalJobRunner: 1 / 1 copied.
26/03/02 03:41:07 INFO mapred.Task: Task:attempt_local1482819234_0012_r_000002_0 is done. And is in the process of committing
26/03/02 03:41:07 INFO mapred.LocalJobRunner: 1 / 1 copied.
26/03/02 03:41:07 INFO mapred.Task: Task attempt_local1482819234_0012_r_000002_0 is allowed to commit now
26/03/02 03:41:07 INFO output.FileOutputCommitter: Saved output of task 'attempt_local1482819234_0012_r_000002_0' to hdfs://localhost:9000/project2/task2/runs_report_plus/scale500k_opt/iter_12/_temporary/0/task_local1482819234_0012_r_000002
26/03/02 03:41:07 INFO mapred.LocalJobRunner: reduce > reduce
26/03/02 03:41:07 INFO mapred.Task: Task 'attempt_local1482819234_0012_r_000002_0' done.
26/03/02 03:41:07 INFO mapred.Task: Final Counters for attempt_local1482819234_0012_r_000002_0: Counters: 29
	File System Counters
		FILE: Number of bytes read=1750828
		FILE: Number of bytes written=5297383
		FILE: Number of read operations=0
		FILE: Number of large read operations=0
		FILE: Number of write operations=0
		HDFS: Number of bytes read=440285515
		HDFS: Number of bytes written=10598
		HDFS: Number of read operations=646
		HDFS: Number of large read operations=0
		HDFS: Number of write operations=210
	Map-Reduce Framework
		Combine input records=0
		Combine output records=0
		Reduce input groups=1
		Reduce shuffle bytes=60
		Reduce input records=1
		Reduce output records=1
		Spilled Records=1
		Shuffled Maps =1
		Failed Shuffles=0
		Merged Map outputs=1
		GC time elapsed (ms)=0
		Total committed heap usage (bytes)=440401920
	Shuffle Errors
		BAD_ID=0
		CONNECTION=0
		IO_ERROR=0
		WRONG_LENGTH=0
		WRONG_MAP=0
		WRONG_REDUCE=0
	File Output Format Counters 
		Bytes Written=104
26/03/02 03:41:07 INFO mapred.LocalJobRunner: Finishing task: attempt_local1482819234_0012_r_000002_0
26/03/02 03:41:07 INFO mapred.LocalJobRunner: Starting task: attempt_local1482819234_0012_r_000003_0
26/03/02 03:41:07 INFO output.FileOutputCommitter: File Output Committer Algorithm version is 1
26/03/02 03:41:07 INFO mapred.Task:  Using ResourceCalculatorProcessTree : [ ]
26/03/02 03:41:07 INFO mapred.ReduceTask: Using ShuffleConsumerPlugin: org.apache.hadoop.mapreduce.task.reduce.Shuffle@7b28f28
26/03/02 03:41:07 INFO reduce.MergeManagerImpl: MergerManager: memoryLimit=334338464, maxSingleShuffleLimit=83584616, mergeThreshold=220663392, ioSortFactor=10, memToMemMergeOutputsThreshold=10
26/03/02 03:41:07 INFO reduce.EventFetcher: attempt_local1482819234_0012_r_000003_0 Thread started: EventFetcher for fetching Map Completion Events
26/03/02 03:41:07 INFO reduce.LocalFetcher: localfetcher#48 about to shuffle output of map attempt_local1482819234_0012_m_000000_0 decomp: 56 len: 60 to MEMORY
26/03/02 03:41:07 INFO reduce.InMemoryMapOutput: Read 56 bytes from map-output for attempt_local1482819234_0012_m_000000_0
26/03/02 03:41:07 INFO reduce.MergeManagerImpl: closeInMemoryFile -> map-output of size: 56, inMemoryMapOutputs.size() -> 1, commitMemory -> 0, usedMemory ->56
26/03/02 03:41:07 INFO reduce.EventFetcher: EventFetcher is interrupted.. Returning
26/03/02 03:41:07 INFO mapred.LocalJobRunner: 1 / 1 copied.
26/03/02 03:41:07 INFO reduce.MergeManagerImpl: finalMerge called with 1 in-memory map-outputs and 0 on-disk map-outputs
26/03/02 03:41:07 INFO mapred.Merger: Merging 1 sorted segments
26/03/02 03:41:07 INFO mapred.Merger: Down to the last merge-pass, with 1 segments left of total size: 50 bytes
26/03/02 03:41:07 INFO reduce.MergeManagerImpl: Merged 1 segments, 56 bytes to disk to satisfy reduce memory limit
26/03/02 03:41:07 INFO reduce.MergeManagerImpl: Merging 1 files, 60 bytes from disk
26/03/02 03:41:07 INFO reduce.MergeManagerImpl: Merging 0 segments, 0 bytes from memory into reduce
26/03/02 03:41:07 INFO mapred.Merger: Merging 1 sorted segments
26/03/02 03:41:07 INFO mapred.Merger: Down to the last merge-pass, with 1 segments left of total size: 50 bytes
26/03/02 03:41:07 INFO mapred.LocalJobRunner: 1 / 1 copied.
26/03/02 03:41:07 INFO mapred.Task: Task:attempt_local1482819234_0012_r_000003_0 is done. And is in the process of committing
26/03/02 03:41:07 INFO mapred.LocalJobRunner: 1 / 1 copied.
26/03/02 03:41:07 INFO mapred.Task: Task attempt_local1482819234_0012_r_000003_0 is allowed to commit now
26/03/02 03:41:07 INFO output.FileOutputCommitter: Saved output of task 'attempt_local1482819234_0012_r_000003_0' to hdfs://localhost:9000/project2/task2/runs_report_plus/scale500k_opt/iter_12/_temporary/0/task_local1482819234_0012_r_000003
26/03/02 03:41:07 INFO mapred.LocalJobRunner: reduce > reduce
26/03/02 03:41:07 INFO mapred.Task: Task 'attempt_local1482819234_0012_r_000003_0' done.
26/03/02 03:41:07 INFO mapred.Task: Final Counters for attempt_local1482819234_0012_r_000003_0: Counters: 29
	File System Counters
		FILE: Number of bytes read=1751052
		FILE: Number of bytes written=5297443
		FILE: Number of read operations=0
		FILE: Number of large read operations=0
		FILE: Number of write operations=0
		HDFS: Number of bytes read=440285515
		HDFS: Number of bytes written=10698
		HDFS: Number of read operations=649
		HDFS: Number of large read operations=0
		HDFS: Number of write operations=212
	Map-Reduce Framework
		Combine input records=0
		Combine output records=0
		Reduce input groups=1
		Reduce shuffle bytes=60
		Reduce input records=1
		Reduce output records=1
		Spilled Records=1
		Shuffled Maps =1
		Failed Shuffles=0
		Merged Map outputs=1
		GC time elapsed (ms)=0
		Total committed heap usage (bytes)=440401920
	Shuffle Errors
		BAD_ID=0
		CONNECTION=0
		IO_ERROR=0
		WRONG_LENGTH=0
		WRONG_MAP=0
		WRONG_REDUCE=0
	File Output Format Counters 
		Bytes Written=100
26/03/02 03:41:07 INFO mapred.LocalJobRunner: Finishing task: attempt_local1482819234_0012_r_000003_0
26/03/02 03:41:07 INFO mapred.LocalJobRunner: reduce task executor complete.
26/03/02 03:41:07 INFO mapreduce.Job: Job job_local1482819234_0012 running in uber mode : false
26/03/02 03:41:07 INFO mapreduce.Job:  map 100% reduce 100%
26/03/02 03:41:07 INFO mapreduce.Job: Job job_local1482819234_0012 completed successfully
26/03/02 03:41:07 INFO mapreduce.Job: Counters: 35
	File System Counters
		FILE: Number of bytes read=8752312
		FILE: Number of bytes written=26486561
		FILE: Number of read operations=0
		FILE: Number of large read operations=0
		FILE: Number of write operations=0
		HDFS: Number of bytes read=2201427575
		HDFS: Number of bytes written=52367
		HDFS: Number of read operations=3215
		HDFS: Number of large read operations=0
		HDFS: Number of write operations=1040
	Map-Reduce Framework
		Map input records=500000
		Map output records=500000
		Map output bytes=26000000
		Map output materialized bytes=294
		Input split bytes=123
		Combine input records=500000
		Combine output records=5
		Reduce input groups=5
		Reduce shuffle bytes=294
		Reduce input records=5
		Reduce output records=5
		Spilled Records=10
		Shuffled Maps =4
		Failed Shuffles=0
		Merged Map outputs=4
		GC time elapsed (ms)=51
		Total committed heap usage (bytes)=2202009600
	Shuffle Errors
		BAD_ID=0
		CONNECTION=0
		IO_ERROR=0
		WRONG_LENGTH=0
		WRONG_MAP=0
		WRONG_REDUCE=0
	File Input Format Counters 
		Bytes Read=36688385
	File Output Format Counters 
		Bytes Written=513
26/03/02 03:41:07 INFO jvm.JvmMetrics: Cannot initialize JVM Metrics with processName=JobTracker, sessionId= - already initialized
26/03/02 03:41:07 WARN mapreduce.JobResourceUploader: Hadoop command-line option parsing not performed. Implement the Tool interface and execute your application with ToolRunner to remedy this.
26/03/02 03:41:07 INFO input.FileInputFormat: Total input paths to process : 1
26/03/02 03:41:07 INFO mapreduce.JobSubmitter: number of splits:1
26/03/02 03:41:07 INFO mapreduce.JobSubmitter: Submitting tokens for job: job_local1187506502_0013
26/03/02 03:41:08 INFO mapred.LocalDistributedCacheManager: Creating symlink: /tmp/hadoop-ds503/mapred/local/1772422867999/centers_iter_12.csv <- /home/ds503/centers_iter_12.csv
26/03/02 03:41:08 INFO mapred.LocalDistributedCacheManager: Localized hdfs://localhost:9000/project2/task2/runs_report_plus/scale500k_opt/centers_iter_12.csv as file:/tmp/hadoop-ds503/mapred/local/1772422867999/centers_iter_12.csv
26/03/02 03:41:08 INFO mapreduce.Job: The url to track the job: http://localhost:8080/
26/03/02 03:41:08 INFO mapreduce.Job: Running job: job_local1187506502_0013
26/03/02 03:41:08 INFO mapred.LocalJobRunner: OutputCommitter set in config null
26/03/02 03:41:08 INFO output.FileOutputCommitter: File Output Committer Algorithm version is 1
26/03/02 03:41:08 INFO mapred.LocalJobRunner: OutputCommitter is org.apache.hadoop.mapreduce.lib.output.FileOutputCommitter
26/03/02 03:41:08 INFO mapred.LocalJobRunner: Waiting for map tasks
26/03/02 03:41:08 INFO mapred.LocalJobRunner: Starting task: attempt_local1187506502_0013_m_000000_0
26/03/02 03:41:08 INFO output.FileOutputCommitter: File Output Committer Algorithm version is 1
26/03/02 03:41:08 INFO mapred.Task:  Using ResourceCalculatorProcessTree : [ ]
26/03/02 03:41:08 INFO mapred.MapTask: Processing split: hdfs://localhost:9000/project2/task2/input/points_500k.csv:0+36688385
26/03/02 03:41:08 INFO mapred.MapTask: (EQUATOR) 0 kvi 26214396(104857584)
26/03/02 03:41:08 INFO mapred.MapTask: mapreduce.task.io.sort.mb: 100
26/03/02 03:41:08 INFO mapred.MapTask: soft limit at 83886080
26/03/02 03:41:08 INFO mapred.MapTask: bufstart = 0; bufvoid = 104857600
26/03/02 03:41:08 INFO mapred.MapTask: kvstart = 26214396; length = 6553600
26/03/02 03:41:08 INFO mapred.MapTask: Map output collector class = org.apache.hadoop.mapred.MapTask$MapOutputBuffer
26/03/02 03:41:08 INFO mapred.LocalJobRunner: 
26/03/02 03:41:08 INFO mapred.MapTask: Starting flush of map output
26/03/02 03:41:08 INFO mapred.MapTask: Spilling map output
26/03/02 03:41:08 INFO mapred.MapTask: bufstart = 0; bufend = 26000000; bufvoid = 104857600
26/03/02 03:41:08 INFO mapred.MapTask: kvstart = 26214396(104857584); kvend = 24214400(96857600); length = 1999997/6553600
26/03/02 03:41:08 INFO mapred.MapTask: Finished spill 0
26/03/02 03:41:08 INFO mapred.Task: Task:attempt_local1187506502_0013_m_000000_0 is done. And is in the process of committing
26/03/02 03:41:08 INFO mapred.LocalJobRunner: map
26/03/02 03:41:08 INFO mapred.Task: Task 'attempt_local1187506502_0013_m_000000_0' done.
26/03/02 03:41:08 INFO mapred.Task: Final Counters for attempt_local1187506502_0013_m_000000_0: Counters: 23
	File System Counters
		FILE: Number of bytes read=1895609
		FILE: Number of bytes written=5739530
		FILE: Number of read operations=0
		FILE: Number of large read operations=0
		FILE: Number of write operations=0
		HDFS: Number of bytes read=476976048
		HDFS: Number of bytes written=11072
		HDFS: Number of read operations=693
		HDFS: Number of large read operations=0
		HDFS: Number of write operations=222
	Map-Reduce Framework
		Map input records=500000
		Map output records=500000
		Map output bytes=26000000
		Map output materialized bytes=294
		Input split bytes=123
		Combine input records=500000
		Combine output records=5
		Spilled Records=5
		Failed Shuffles=0
		Merged Map outputs=0
		GC time elapsed (ms)=84
		Total committed heap usage (bytes)=493355008
	File Input Format Counters 
		Bytes Read=36688385
26/03/02 03:41:08 INFO mapred.LocalJobRunner: Finishing task: attempt_local1187506502_0013_m_000000_0
26/03/02 03:41:08 INFO mapred.LocalJobRunner: map task executor complete.
26/03/02 03:41:08 INFO mapred.LocalJobRunner: Waiting for reduce tasks
26/03/02 03:41:08 INFO mapred.LocalJobRunner: Starting task: attempt_local1187506502_0013_r_000000_0
26/03/02 03:41:08 INFO output.FileOutputCommitter: File Output Committer Algorithm version is 1
26/03/02 03:41:08 INFO mapred.Task:  Using ResourceCalculatorProcessTree : [ ]
26/03/02 03:41:08 INFO mapred.ReduceTask: Using ShuffleConsumerPlugin: org.apache.hadoop.mapreduce.task.reduce.Shuffle@1e9fc763
26/03/02 03:41:08 INFO reduce.MergeManagerImpl: MergerManager: memoryLimit=345348512, maxSingleShuffleLimit=86337128, mergeThreshold=227930032, ioSortFactor=10, memToMemMergeOutputsThreshold=10
26/03/02 03:41:08 INFO reduce.EventFetcher: attempt_local1187506502_0013_r_000000_0 Thread started: EventFetcher for fetching Map Completion Events
26/03/02 03:41:08 INFO reduce.LocalFetcher: localfetcher#49 about to shuffle output of map attempt_local1187506502_0013_m_000000_0 decomp: 110 len: 114 to MEMORY
26/03/02 03:41:08 INFO reduce.InMemoryMapOutput: Read 110 bytes from map-output for attempt_local1187506502_0013_m_000000_0
26/03/02 03:41:08 INFO reduce.MergeManagerImpl: closeInMemoryFile -> map-output of size: 110, inMemoryMapOutputs.size() -> 1, commitMemory -> 0, usedMemory ->110
26/03/02 03:41:08 WARN io.ReadaheadPool: Failed readahead on ifile
EBADF: Bad file descriptor
	at org.apache.hadoop.io.nativeio.NativeIO$POSIX.posix_fadvise(Native Method)
	at org.apache.hadoop.io.nativeio.NativeIO$POSIX.posixFadviseIfPossible(NativeIO.java:267)
	at org.apache.hadoop.io.nativeio.NativeIO$POSIX$CacheManipulator.posixFadviseIfPossible(NativeIO.java:146)
	at org.apache.hadoop.io.ReadaheadPool$ReadaheadRequestImpl.run(ReadaheadPool.java:206)
	at java.util.concurrent.ThreadPoolExecutor.runWorker(ThreadPoolExecutor.java:1149)
	at java.util.concurrent.ThreadPoolExecutor$Worker.run(ThreadPoolExecutor.java:624)
	at java.lang.Thread.run(Thread.java:748)
26/03/02 03:41:08 INFO reduce.EventFetcher: EventFetcher is interrupted.. Returning
26/03/02 03:41:08 INFO mapred.LocalJobRunner: 1 / 1 copied.
26/03/02 03:41:08 INFO reduce.MergeManagerImpl: finalMerge called with 1 in-memory map-outputs and 0 on-disk map-outputs
26/03/02 03:41:08 INFO mapred.Merger: Merging 1 sorted segments
26/03/02 03:41:08 INFO mapred.Merger: Down to the last merge-pass, with 1 segments left of total size: 104 bytes
26/03/02 03:41:08 INFO reduce.MergeManagerImpl: Merged 1 segments, 110 bytes to disk to satisfy reduce memory limit
26/03/02 03:41:08 INFO reduce.MergeManagerImpl: Merging 1 files, 114 bytes from disk
26/03/02 03:41:08 INFO reduce.MergeManagerImpl: Merging 0 segments, 0 bytes from memory into reduce
26/03/02 03:41:08 INFO mapred.Merger: Merging 1 sorted segments
26/03/02 03:41:08 INFO mapred.Merger: Down to the last merge-pass, with 1 segments left of total size: 104 bytes
26/03/02 03:41:08 INFO mapred.LocalJobRunner: 1 / 1 copied.
26/03/02 03:41:08 INFO mapred.Task: Task:attempt_local1187506502_0013_r_000000_0 is done. And is in the process of committing
26/03/02 03:41:08 INFO mapred.LocalJobRunner: 1 / 1 copied.
26/03/02 03:41:08 INFO mapred.Task: Task attempt_local1187506502_0013_r_000000_0 is allowed to commit now
26/03/02 03:41:08 INFO output.FileOutputCommitter: Saved output of task 'attempt_local1187506502_0013_r_000000_0' to hdfs://localhost:9000/project2/task2/runs_report_plus/scale500k_opt/iter_13/_temporary/0/task_local1187506502_0013_r_000000
26/03/02 03:41:08 INFO mapred.LocalJobRunner: reduce > reduce
26/03/02 03:41:08 INFO mapred.Task: Task 'attempt_local1187506502_0013_r_000000_0' done.
26/03/02 03:41:08 INFO mapred.Task: Final Counters for attempt_local1187506502_0013_r_000000_0: Counters: 29
	File System Counters
		FILE: Number of bytes read=1896121
		FILE: Number of bytes written=5739644
		FILE: Number of read operations=0
		FILE: Number of large read operations=0
		FILE: Number of write operations=0
		HDFS: Number of bytes read=476976048
		HDFS: Number of bytes written=11280
		HDFS: Number of read operations=696
		HDFS: Number of large read operations=0
		HDFS: Number of write operations=224
	Map-Reduce Framework
		Combine input records=0
		Combine output records=0
		Reduce input groups=2
		Reduce shuffle bytes=114
		Reduce input records=2
		Reduce output records=2
		Spilled Records=2
		Shuffled Maps =1
		Failed Shuffles=0
		Merged Map outputs=1
		GC time elapsed (ms)=0
		Total committed heap usage (bytes)=493355008
	Shuffle Errors
		BAD_ID=0
		CONNECTION=0
		IO_ERROR=0
		WRONG_LENGTH=0
		WRONG_MAP=0
		WRONG_REDUCE=0
	File Output Format Counters 
		Bytes Written=208
26/03/02 03:41:08 INFO mapred.LocalJobRunner: Finishing task: attempt_local1187506502_0013_r_000000_0
26/03/02 03:41:08 INFO mapred.LocalJobRunner: Starting task: attempt_local1187506502_0013_r_000001_0
26/03/02 03:41:08 INFO output.FileOutputCommitter: File Output Committer Algorithm version is 1
26/03/02 03:41:08 INFO mapred.Task:  Using ResourceCalculatorProcessTree : [ ]
26/03/02 03:41:08 INFO mapred.ReduceTask: Using ShuffleConsumerPlugin: org.apache.hadoop.mapreduce.task.reduce.Shuffle@3121516b
26/03/02 03:41:08 INFO reduce.MergeManagerImpl: MergerManager: memoryLimit=345348512, maxSingleShuffleLimit=86337128, mergeThreshold=227930032, ioSortFactor=10, memToMemMergeOutputsThreshold=10
26/03/02 03:41:08 INFO reduce.EventFetcher: attempt_local1187506502_0013_r_000001_0 Thread started: EventFetcher for fetching Map Completion Events
26/03/02 03:41:08 INFO reduce.LocalFetcher: localfetcher#50 about to shuffle output of map attempt_local1187506502_0013_m_000000_0 decomp: 56 len: 60 to MEMORY
26/03/02 03:41:08 INFO reduce.InMemoryMapOutput: Read 56 bytes from map-output for attempt_local1187506502_0013_m_000000_0
26/03/02 03:41:08 INFO reduce.MergeManagerImpl: closeInMemoryFile -> map-output of size: 56, inMemoryMapOutputs.size() -> 1, commitMemory -> 0, usedMemory ->56
26/03/02 03:41:08 INFO reduce.EventFetcher: EventFetcher is interrupted.. Returning
26/03/02 03:41:08 INFO mapred.LocalJobRunner: 1 / 1 copied.
26/03/02 03:41:08 INFO reduce.MergeManagerImpl: finalMerge called with 1 in-memory map-outputs and 0 on-disk map-outputs
26/03/02 03:41:08 INFO mapred.Merger: Merging 1 sorted segments
26/03/02 03:41:08 INFO mapred.Merger: Down to the last merge-pass, with 1 segments left of total size: 50 bytes
26/03/02 03:41:08 INFO reduce.MergeManagerImpl: Merged 1 segments, 56 bytes to disk to satisfy reduce memory limit
26/03/02 03:41:08 INFO reduce.MergeManagerImpl: Merging 1 files, 60 bytes from disk
26/03/02 03:41:08 INFO reduce.MergeManagerImpl: Merging 0 segments, 0 bytes from memory into reduce
26/03/02 03:41:08 INFO mapred.Merger: Merging 1 sorted segments
26/03/02 03:41:08 INFO mapred.Merger: Down to the last merge-pass, with 1 segments left of total size: 50 bytes
26/03/02 03:41:08 INFO mapred.LocalJobRunner: 1 / 1 copied.
26/03/02 03:41:08 INFO mapred.Task: Task:attempt_local1187506502_0013_r_000001_0 is done. And is in the process of committing
26/03/02 03:41:08 INFO mapred.LocalJobRunner: 1 / 1 copied.
26/03/02 03:41:08 INFO mapred.Task: Task attempt_local1187506502_0013_r_000001_0 is allowed to commit now
26/03/02 03:41:08 INFO output.FileOutputCommitter: Saved output of task 'attempt_local1187506502_0013_r_000001_0' to hdfs://localhost:9000/project2/task2/runs_report_plus/scale500k_opt/iter_13/_temporary/0/task_local1187506502_0013_r_000001
26/03/02 03:41:08 INFO mapred.LocalJobRunner: reduce > reduce
26/03/02 03:41:08 INFO mapred.Task: Task 'attempt_local1187506502_0013_r_000001_0' done.
26/03/02 03:41:08 INFO mapred.Task: Final Counters for attempt_local1187506502_0013_r_000001_0: Counters: 29
	File System Counters
		FILE: Number of bytes read=1896465
		FILE: Number of bytes written=5739704
		FILE: Number of read operations=0
		FILE: Number of large read operations=0
		FILE: Number of write operations=0
		HDFS: Number of bytes read=476976048
		HDFS: Number of bytes written=11383
		HDFS: Number of read operations=699
		HDFS: Number of large read operations=0
		HDFS: Number of write operations=226
	Map-Reduce Framework
		Combine input records=0
		Combine output records=0
		Reduce input groups=1
		Reduce shuffle bytes=60
		Reduce input records=1
		Reduce output records=1
		Spilled Records=1
		Shuffled Maps =1
		Failed Shuffles=0
		Merged Map outputs=1
		GC time elapsed (ms)=0
		Total committed heap usage (bytes)=493355008
	Shuffle Errors
		BAD_ID=0
		CONNECTION=0
		IO_ERROR=0
		WRONG_LENGTH=0
		WRONG_MAP=0
		WRONG_REDUCE=0
	File Output Format Counters 
		Bytes Written=103
26/03/02 03:41:08 INFO mapred.LocalJobRunner: Finishing task: attempt_local1187506502_0013_r_000001_0
26/03/02 03:41:08 INFO mapred.LocalJobRunner: Starting task: attempt_local1187506502_0013_r_000002_0
26/03/02 03:41:08 INFO output.FileOutputCommitter: File Output Committer Algorithm version is 1
26/03/02 03:41:08 INFO mapred.Task:  Using ResourceCalculatorProcessTree : [ ]
26/03/02 03:41:08 INFO mapred.ReduceTask: Using ShuffleConsumerPlugin: org.apache.hadoop.mapreduce.task.reduce.Shuffle@4950dc8d
26/03/02 03:41:08 INFO reduce.MergeManagerImpl: MergerManager: memoryLimit=345348512, maxSingleShuffleLimit=86337128, mergeThreshold=227930032, ioSortFactor=10, memToMemMergeOutputsThreshold=10
26/03/02 03:41:08 INFO reduce.EventFetcher: attempt_local1187506502_0013_r_000002_0 Thread started: EventFetcher for fetching Map Completion Events
26/03/02 03:41:08 INFO reduce.LocalFetcher: localfetcher#51 about to shuffle output of map attempt_local1187506502_0013_m_000000_0 decomp: 56 len: 60 to MEMORY
26/03/02 03:41:08 INFO reduce.InMemoryMapOutput: Read 56 bytes from map-output for attempt_local1187506502_0013_m_000000_0
26/03/02 03:41:08 INFO reduce.MergeManagerImpl: closeInMemoryFile -> map-output of size: 56, inMemoryMapOutputs.size() -> 1, commitMemory -> 0, usedMemory ->56
26/03/02 03:41:08 WARN io.ReadaheadPool: Failed readahead on ifile
EBADF: Bad file descriptor
	at org.apache.hadoop.io.nativeio.NativeIO$POSIX.posix_fadvise(Native Method)
	at org.apache.hadoop.io.nativeio.NativeIO$POSIX.posixFadviseIfPossible(NativeIO.java:267)
	at org.apache.hadoop.io.nativeio.NativeIO$POSIX$CacheManipulator.posixFadviseIfPossible(NativeIO.java:146)
	at org.apache.hadoop.io.ReadaheadPool$ReadaheadRequestImpl.run(ReadaheadPool.java:206)
	at java.util.concurrent.ThreadPoolExecutor.runWorker(ThreadPoolExecutor.java:1149)
	at java.util.concurrent.ThreadPoolExecutor$Worker.run(ThreadPoolExecutor.java:624)
	at java.lang.Thread.run(Thread.java:748)
26/03/02 03:41:08 INFO reduce.EventFetcher: EventFetcher is interrupted.. Returning
26/03/02 03:41:08 INFO mapred.LocalJobRunner: 1 / 1 copied.
26/03/02 03:41:08 INFO reduce.MergeManagerImpl: finalMerge called with 1 in-memory map-outputs and 0 on-disk map-outputs
26/03/02 03:41:08 INFO mapred.Merger: Merging 1 sorted segments
26/03/02 03:41:08 INFO mapred.Merger: Down to the last merge-pass, with 1 segments left of total size: 50 bytes
26/03/02 03:41:08 INFO reduce.MergeManagerImpl: Merged 1 segments, 56 bytes to disk to satisfy reduce memory limit
26/03/02 03:41:08 INFO reduce.MergeManagerImpl: Merging 1 files, 60 bytes from disk
26/03/02 03:41:08 INFO reduce.MergeManagerImpl: Merging 0 segments, 0 bytes from memory into reduce
26/03/02 03:41:08 INFO mapred.Merger: Merging 1 sorted segments
26/03/02 03:41:08 INFO mapred.Merger: Down to the last merge-pass, with 1 segments left of total size: 50 bytes
26/03/02 03:41:08 INFO mapred.LocalJobRunner: 1 / 1 copied.
26/03/02 03:41:08 INFO mapred.Task: Task:attempt_local1187506502_0013_r_000002_0 is done. And is in the process of committing
26/03/02 03:41:08 INFO mapred.LocalJobRunner: 1 / 1 copied.
26/03/02 03:41:08 INFO mapred.Task: Task attempt_local1187506502_0013_r_000002_0 is allowed to commit now
26/03/02 03:41:08 INFO output.FileOutputCommitter: Saved output of task 'attempt_local1187506502_0013_r_000002_0' to hdfs://localhost:9000/project2/task2/runs_report_plus/scale500k_opt/iter_13/_temporary/0/task_local1187506502_0013_r_000002
26/03/02 03:41:08 INFO mapred.LocalJobRunner: reduce > reduce
26/03/02 03:41:08 INFO mapred.Task: Task 'attempt_local1187506502_0013_r_000002_0' done.
26/03/02 03:41:08 INFO mapred.Task: Final Counters for attempt_local1187506502_0013_r_000002_0: Counters: 29
	File System Counters
		FILE: Number of bytes read=1896749
		FILE: Number of bytes written=5739764
		FILE: Number of read operations=0
		FILE: Number of large read operations=0
		FILE: Number of write operations=0
		HDFS: Number of bytes read=476976048
		HDFS: Number of bytes written=11485
		HDFS: Number of read operations=702
		HDFS: Number of large read operations=0
		HDFS: Number of write operations=228
	Map-Reduce Framework
		Combine input records=0
		Combine output records=0
		Reduce input groups=1
		Reduce shuffle bytes=60
		Reduce input records=1
		Reduce output records=1
		Spilled Records=1
		Shuffled Maps =1
		Failed Shuffles=0
		Merged Map outputs=1
		GC time elapsed (ms)=0
		Total committed heap usage (bytes)=493355008
	Shuffle Errors
		BAD_ID=0
		CONNECTION=0
		IO_ERROR=0
		WRONG_LENGTH=0
		WRONG_MAP=0
		WRONG_REDUCE=0
	File Output Format Counters 
		Bytes Written=102
26/03/02 03:41:08 INFO mapred.LocalJobRunner: Finishing task: attempt_local1187506502_0013_r_000002_0
26/03/02 03:41:08 INFO mapred.LocalJobRunner: Starting task: attempt_local1187506502_0013_r_000003_0
26/03/02 03:41:08 INFO output.FileOutputCommitter: File Output Committer Algorithm version is 1
26/03/02 03:41:08 INFO mapred.Task:  Using ResourceCalculatorProcessTree : [ ]
26/03/02 03:41:08 INFO mapred.ReduceTask: Using ShuffleConsumerPlugin: org.apache.hadoop.mapreduce.task.reduce.Shuffle@adb6aff
26/03/02 03:41:08 INFO reduce.MergeManagerImpl: MergerManager: memoryLimit=345348512, maxSingleShuffleLimit=86337128, mergeThreshold=227930032, ioSortFactor=10, memToMemMergeOutputsThreshold=10
26/03/02 03:41:08 INFO reduce.EventFetcher: attempt_local1187506502_0013_r_000003_0 Thread started: EventFetcher for fetching Map Completion Events
26/03/02 03:41:08 INFO reduce.LocalFetcher: localfetcher#52 about to shuffle output of map attempt_local1187506502_0013_m_000000_0 decomp: 56 len: 60 to MEMORY
26/03/02 03:41:08 INFO reduce.InMemoryMapOutput: Read 56 bytes from map-output for attempt_local1187506502_0013_m_000000_0
26/03/02 03:41:08 INFO reduce.MergeManagerImpl: closeInMemoryFile -> map-output of size: 56, inMemoryMapOutputs.size() -> 1, commitMemory -> 0, usedMemory ->56
26/03/02 03:41:08 INFO reduce.EventFetcher: EventFetcher is interrupted.. Returning
26/03/02 03:41:08 INFO mapred.LocalJobRunner: 1 / 1 copied.
26/03/02 03:41:08 INFO reduce.MergeManagerImpl: finalMerge called with 1 in-memory map-outputs and 0 on-disk map-outputs
26/03/02 03:41:08 INFO mapred.Merger: Merging 1 sorted segments
26/03/02 03:41:08 INFO mapred.Merger: Down to the last merge-pass, with 1 segments left of total size: 50 bytes
26/03/02 03:41:08 INFO reduce.MergeManagerImpl: Merged 1 segments, 56 bytes to disk to satisfy reduce memory limit
26/03/02 03:41:08 INFO reduce.MergeManagerImpl: Merging 1 files, 60 bytes from disk
26/03/02 03:41:08 INFO reduce.MergeManagerImpl: Merging 0 segments, 0 bytes from memory into reduce
26/03/02 03:41:08 INFO mapred.Merger: Merging 1 sorted segments
26/03/02 03:41:08 INFO mapred.Merger: Down to the last merge-pass, with 1 segments left of total size: 50 bytes
26/03/02 03:41:08 INFO mapred.LocalJobRunner: 1 / 1 copied.
26/03/02 03:41:08 INFO mapred.Task: Task:attempt_local1187506502_0013_r_000003_0 is done. And is in the process of committing
26/03/02 03:41:08 INFO mapred.LocalJobRunner: 1 / 1 copied.
26/03/02 03:41:08 INFO mapred.Task: Task attempt_local1187506502_0013_r_000003_0 is allowed to commit now
26/03/02 03:41:08 INFO output.FileOutputCommitter: Saved output of task 'attempt_local1187506502_0013_r_000003_0' to hdfs://localhost:9000/project2/task2/runs_report_plus/scale500k_opt/iter_13/_temporary/0/task_local1187506502_0013_r_000003
26/03/02 03:41:08 INFO mapred.LocalJobRunner: reduce > reduce
26/03/02 03:41:08 INFO mapred.Task: Task 'attempt_local1187506502_0013_r_000003_0' done.
26/03/02 03:41:08 INFO mapred.Task: Final Counters for attempt_local1187506502_0013_r_000003_0: Counters: 29
	File System Counters
		FILE: Number of bytes read=1896973
		FILE: Number of bytes written=5739824
		FILE: Number of read operations=0
		FILE: Number of large read operations=0
		FILE: Number of write operations=0
		HDFS: Number of bytes read=476976048
		HDFS: Number of bytes written=11587
		HDFS: Number of read operations=705
		HDFS: Number of large read operations=0
		HDFS: Number of write operations=230
	Map-Reduce Framework
		Combine input records=0
		Combine output records=0
		Reduce input groups=1
		Reduce shuffle bytes=60
		Reduce input records=1
		Reduce output records=1
		Spilled Records=1
		Shuffled Maps =1
		Failed Shuffles=0
		Merged Map outputs=1
		GC time elapsed (ms)=0
		Total committed heap usage (bytes)=493355008
	Shuffle Errors
		BAD_ID=0
		CONNECTION=0
		IO_ERROR=0
		WRONG_LENGTH=0
		WRONG_MAP=0
		WRONG_REDUCE=0
	File Output Format Counters 
		Bytes Written=102
26/03/02 03:41:08 INFO mapred.LocalJobRunner: Finishing task: attempt_local1187506502_0013_r_000003_0
26/03/02 03:41:08 INFO mapred.LocalJobRunner: reduce task executor complete.
26/03/02 03:41:09 INFO mapreduce.Job: Job job_local1187506502_0013 running in uber mode : false
26/03/02 03:41:09 INFO mapreduce.Job:  map 100% reduce 100%
26/03/02 03:41:09 INFO mapreduce.Job: Job job_local1187506502_0013 completed successfully
26/03/02 03:41:09 INFO mapreduce.Job: Counters: 35
	File System Counters
		FILE: Number of bytes read=9481917
		FILE: Number of bytes written=28698466
		FILE: Number of read operations=0
		FILE: Number of large read operations=0
		FILE: Number of write operations=0
		HDFS: Number of bytes read=2384880240
		HDFS: Number of bytes written=56807
		HDFS: Number of read operations=3495
		HDFS: Number of large read operations=0
		HDFS: Number of write operations=1130
	Map-Reduce Framework
		Map input records=500000
		Map output records=500000
		Map output bytes=26000000
		Map output materialized bytes=294
		Input split bytes=123
		Combine input records=500000
		Combine output records=5
		Reduce input groups=5
		Reduce shuffle bytes=294
		Reduce input records=5
		Reduce output records=5
		Spilled Records=10
		Shuffled Maps =4
		Failed Shuffles=0
		Merged Map outputs=4
		GC time elapsed (ms)=84
		Total committed heap usage (bytes)=2466775040
	Shuffle Errors
		BAD_ID=0
		CONNECTION=0
		IO_ERROR=0
		WRONG_LENGTH=0
		WRONG_MAP=0
		WRONG_REDUCE=0
	File Input Format Counters 
		Bytes Read=36688385
	File Output Format Counters 
		Bytes Written=515
26/03/02 03:41:09 INFO jvm.JvmMetrics: Cannot initialize JVM Metrics with processName=JobTracker, sessionId= - already initialized
26/03/02 03:41:09 WARN mapreduce.JobResourceUploader: Hadoop command-line option parsing not performed. Implement the Tool interface and execute your application with ToolRunner to remedy this.
26/03/02 03:41:09 INFO input.FileInputFormat: Total input paths to process : 1
26/03/02 03:41:09 INFO mapreduce.JobSubmitter: number of splits:1
26/03/02 03:41:09 INFO mapreduce.JobSubmitter: Submitting tokens for job: job_local869965782_0014
26/03/02 03:41:09 INFO mapred.LocalDistributedCacheManager: Creating symlink: /tmp/hadoop-ds503/mapred/local/1772422869080/centers_iter_13.csv <- /home/ds503/centers_iter_13.csv
26/03/02 03:41:09 INFO mapred.LocalDistributedCacheManager: Localized hdfs://localhost:9000/project2/task2/runs_report_plus/scale500k_opt/centers_iter_13.csv as file:/tmp/hadoop-ds503/mapred/local/1772422869080/centers_iter_13.csv
26/03/02 03:41:09 INFO mapreduce.Job: The url to track the job: http://localhost:8080/
26/03/02 03:41:09 INFO mapreduce.Job: Running job: job_local869965782_0014
26/03/02 03:41:09 INFO mapred.LocalJobRunner: OutputCommitter set in config null
26/03/02 03:41:09 INFO output.FileOutputCommitter: File Output Committer Algorithm version is 1
26/03/02 03:41:09 INFO mapred.LocalJobRunner: OutputCommitter is org.apache.hadoop.mapreduce.lib.output.FileOutputCommitter
26/03/02 03:41:09 INFO mapred.LocalJobRunner: Waiting for map tasks
26/03/02 03:41:09 INFO mapred.LocalJobRunner: Starting task: attempt_local869965782_0014_m_000000_0
26/03/02 03:41:09 INFO output.FileOutputCommitter: File Output Committer Algorithm version is 1
26/03/02 03:41:09 INFO mapred.Task:  Using ResourceCalculatorProcessTree : [ ]
26/03/02 03:41:09 INFO mapred.MapTask: Processing split: hdfs://localhost:9000/project2/task2/input/points_500k.csv:0+36688385
26/03/02 03:41:09 INFO mapred.MapTask: (EQUATOR) 0 kvi 26214396(104857584)
26/03/02 03:41:09 INFO mapred.MapTask: mapreduce.task.io.sort.mb: 100
26/03/02 03:41:09 INFO mapred.MapTask: soft limit at 83886080
26/03/02 03:41:09 INFO mapred.MapTask: bufstart = 0; bufvoid = 104857600
26/03/02 03:41:09 INFO mapred.MapTask: kvstart = 26214396; length = 6553600
26/03/02 03:41:09 INFO mapred.MapTask: Map output collector class = org.apache.hadoop.mapred.MapTask$MapOutputBuffer
26/03/02 03:41:09 INFO mapred.LocalJobRunner: 
26/03/02 03:41:09 INFO mapred.MapTask: Starting flush of map output
26/03/02 03:41:09 INFO mapred.MapTask: Spilling map output
26/03/02 03:41:09 INFO mapred.MapTask: bufstart = 0; bufend = 26000000; bufvoid = 104857600
26/03/02 03:41:09 INFO mapred.MapTask: kvstart = 26214396(104857584); kvend = 24214400(96857600); length = 1999997/6553600
26/03/02 03:41:09 INFO mapred.MapTask: Finished spill 0
26/03/02 03:41:09 INFO mapred.Task: Task:attempt_local869965782_0014_m_000000_0 is done. And is in the process of committing
26/03/02 03:41:09 INFO mapred.LocalJobRunner: map
26/03/02 03:41:09 INFO mapred.Task: Task 'attempt_local869965782_0014_m_000000_0' done.
26/03/02 03:41:09 INFO mapred.Task: Final Counters for attempt_local869965782_0014_m_000000_0: Counters: 23
	File System Counters
		FILE: Number of bytes read=2041530
		FILE: Number of bytes written=6180325
		FILE: Number of read operations=0
		FILE: Number of large read operations=0
		FILE: Number of write operations=0
		HDFS: Number of bytes read=513666589
		HDFS: Number of bytes written=11963
		HDFS: Number of read operations=749
		HDFS: Number of large read operations=0
		HDFS: Number of write operations=240
	Map-Reduce Framework
		Map input records=500000
		Map output records=500000
		Map output bytes=26000000
		Map output materialized bytes=294
		Input split bytes=123
		Combine input records=500000
		Combine output records=5
		Spilled Records=5
		Failed Shuffles=0
		Merged Map outputs=0
		GC time elapsed (ms)=45
		Total committed heap usage (bytes)=534249472
	File Input Format Counters 
		Bytes Read=36688385
26/03/02 03:41:09 INFO mapred.LocalJobRunner: Finishing task: attempt_local869965782_0014_m_000000_0
26/03/02 03:41:09 INFO mapred.LocalJobRunner: map task executor complete.
26/03/02 03:41:09 INFO mapred.LocalJobRunner: Waiting for reduce tasks
26/03/02 03:41:09 INFO mapred.LocalJobRunner: Starting task: attempt_local869965782_0014_r_000000_0
26/03/02 03:41:09 INFO output.FileOutputCommitter: File Output Committer Algorithm version is 1
26/03/02 03:41:09 INFO mapred.Task:  Using ResourceCalculatorProcessTree : [ ]
26/03/02 03:41:09 INFO mapred.ReduceTask: Using ShuffleConsumerPlugin: org.apache.hadoop.mapreduce.task.reduce.Shuffle@68d4499
26/03/02 03:41:09 INFO reduce.MergeManagerImpl: MergerManager: memoryLimit=373974624, maxSingleShuffleLimit=93493656, mergeThreshold=246823264, ioSortFactor=10, memToMemMergeOutputsThreshold=10
26/03/02 03:41:09 INFO reduce.EventFetcher: attempt_local869965782_0014_r_000000_0 Thread started: EventFetcher for fetching Map Completion Events
26/03/02 03:41:09 INFO reduce.LocalFetcher: localfetcher#53 about to shuffle output of map attempt_local869965782_0014_m_000000_0 decomp: 110 len: 114 to MEMORY
26/03/02 03:41:09 INFO reduce.InMemoryMapOutput: Read 110 bytes from map-output for attempt_local869965782_0014_m_000000_0
26/03/02 03:41:09 INFO reduce.MergeManagerImpl: closeInMemoryFile -> map-output of size: 110, inMemoryMapOutputs.size() -> 1, commitMemory -> 0, usedMemory ->110
26/03/02 03:41:09 WARN io.ReadaheadPool: Failed readahead on ifile
EBADF: Bad file descriptor
	at org.apache.hadoop.io.nativeio.NativeIO$POSIX.posix_fadvise(Native Method)
	at org.apache.hadoop.io.nativeio.NativeIO$POSIX.posixFadviseIfPossible(NativeIO.java:267)
	at org.apache.hadoop.io.nativeio.NativeIO$POSIX$CacheManipulator.posixFadviseIfPossible(NativeIO.java:146)
	at org.apache.hadoop.io.ReadaheadPool$ReadaheadRequestImpl.run(ReadaheadPool.java:206)
	at java.util.concurrent.ThreadPoolExecutor.runWorker(ThreadPoolExecutor.java:1149)
	at java.util.concurrent.ThreadPoolExecutor$Worker.run(ThreadPoolExecutor.java:624)
	at java.lang.Thread.run(Thread.java:748)
26/03/02 03:41:09 INFO reduce.EventFetcher: EventFetcher is interrupted.. Returning
26/03/02 03:41:09 INFO mapred.LocalJobRunner: 1 / 1 copied.
26/03/02 03:41:09 INFO reduce.MergeManagerImpl: finalMerge called with 1 in-memory map-outputs and 0 on-disk map-outputs
26/03/02 03:41:09 INFO mapred.Merger: Merging 1 sorted segments
26/03/02 03:41:09 INFO mapred.Merger: Down to the last merge-pass, with 1 segments left of total size: 104 bytes
26/03/02 03:41:09 INFO reduce.MergeManagerImpl: Merged 1 segments, 110 bytes to disk to satisfy reduce memory limit
26/03/02 03:41:09 INFO reduce.MergeManagerImpl: Merging 1 files, 114 bytes from disk
26/03/02 03:41:09 INFO reduce.MergeManagerImpl: Merging 0 segments, 0 bytes from memory into reduce
26/03/02 03:41:09 INFO mapred.Merger: Merging 1 sorted segments
26/03/02 03:41:09 INFO mapred.Merger: Down to the last merge-pass, with 1 segments left of total size: 104 bytes
26/03/02 03:41:09 INFO mapred.LocalJobRunner: 1 / 1 copied.
26/03/02 03:41:09 INFO mapred.Task: Task:attempt_local869965782_0014_r_000000_0 is done. And is in the process of committing
26/03/02 03:41:09 INFO mapred.LocalJobRunner: 1 / 1 copied.
26/03/02 03:41:09 INFO mapred.Task: Task attempt_local869965782_0014_r_000000_0 is allowed to commit now
26/03/02 03:41:09 INFO output.FileOutputCommitter: Saved output of task 'attempt_local869965782_0014_r_000000_0' to hdfs://localhost:9000/project2/task2/runs_report_plus/scale500k_opt/iter_14/_temporary/0/task_local869965782_0014_r_000000
26/03/02 03:41:09 INFO mapred.LocalJobRunner: reduce > reduce
26/03/02 03:41:09 INFO mapred.Task: Task 'attempt_local869965782_0014_r_000000_0' done.
26/03/02 03:41:09 INFO mapred.Task: Final Counters for attempt_local869965782_0014_r_000000_0: Counters: 29
	File System Counters
		FILE: Number of bytes read=2042042
		FILE: Number of bytes written=6180439
		FILE: Number of read operations=0
		FILE: Number of large read operations=0
		FILE: Number of write operations=0
		HDFS: Number of bytes read=513666589
		HDFS: Number of bytes written=12167
		HDFS: Number of read operations=752
		HDFS: Number of large read operations=0
		HDFS: Number of write operations=242
	Map-Reduce Framework
		Combine input records=0
		Combine output records=0
		Reduce input groups=2
		Reduce shuffle bytes=114
		Reduce input records=2
		Reduce output records=2
		Spilled Records=2
		Shuffled Maps =1
		Failed Shuffles=0
		Merged Map outputs=1
		GC time elapsed (ms)=0
		Total committed heap usage (bytes)=534249472
	Shuffle Errors
		BAD_ID=0
		CONNECTION=0
		IO_ERROR=0
		WRONG_LENGTH=0
		WRONG_MAP=0
		WRONG_REDUCE=0
	File Output Format Counters 
		Bytes Written=204
26/03/02 03:41:09 INFO mapred.LocalJobRunner: Finishing task: attempt_local869965782_0014_r_000000_0
26/03/02 03:41:09 INFO mapred.LocalJobRunner: Starting task: attempt_local869965782_0014_r_000001_0
26/03/02 03:41:09 INFO output.FileOutputCommitter: File Output Committer Algorithm version is 1
26/03/02 03:41:09 INFO mapred.Task:  Using ResourceCalculatorProcessTree : [ ]
26/03/02 03:41:09 INFO mapred.ReduceTask: Using ShuffleConsumerPlugin: org.apache.hadoop.mapreduce.task.reduce.Shuffle@25b28c38
26/03/02 03:41:09 INFO reduce.MergeManagerImpl: MergerManager: memoryLimit=373974624, maxSingleShuffleLimit=93493656, mergeThreshold=246823264, ioSortFactor=10, memToMemMergeOutputsThreshold=10
26/03/02 03:41:09 INFO reduce.EventFetcher: attempt_local869965782_0014_r_000001_0 Thread started: EventFetcher for fetching Map Completion Events
26/03/02 03:41:09 INFO reduce.LocalFetcher: localfetcher#54 about to shuffle output of map attempt_local869965782_0014_m_000000_0 decomp: 56 len: 60 to MEMORY
26/03/02 03:41:09 INFO reduce.InMemoryMapOutput: Read 56 bytes from map-output for attempt_local869965782_0014_m_000000_0
26/03/02 03:41:09 INFO reduce.MergeManagerImpl: closeInMemoryFile -> map-output of size: 56, inMemoryMapOutputs.size() -> 1, commitMemory -> 0, usedMemory ->56
26/03/02 03:41:09 WARN io.ReadaheadPool: Failed readahead on ifile
EBADF: Bad file descriptor
	at org.apache.hadoop.io.nativeio.NativeIO$POSIX.posix_fadvise(Native Method)
	at org.apache.hadoop.io.nativeio.NativeIO$POSIX.posixFadviseIfPossible(NativeIO.java:267)
	at org.apache.hadoop.io.nativeio.NativeIO$POSIX$CacheManipulator.posixFadviseIfPossible(NativeIO.java:146)
	at org.apache.hadoop.io.ReadaheadPool$ReadaheadRequestImpl.run(ReadaheadPool.java:206)
	at java.util.concurrent.ThreadPoolExecutor.runWorker(ThreadPoolExecutor.java:1149)
	at java.util.concurrent.ThreadPoolExecutor$Worker.run(ThreadPoolExecutor.java:624)
	at java.lang.Thread.run(Thread.java:748)
26/03/02 03:41:09 INFO reduce.EventFetcher: EventFetcher is interrupted.. Returning
26/03/02 03:41:09 INFO mapred.LocalJobRunner: 1 / 1 copied.
26/03/02 03:41:09 INFO reduce.MergeManagerImpl: finalMerge called with 1 in-memory map-outputs and 0 on-disk map-outputs
26/03/02 03:41:09 INFO mapred.Merger: Merging 1 sorted segments
26/03/02 03:41:09 INFO mapred.Merger: Down to the last merge-pass, with 1 segments left of total size: 50 bytes
26/03/02 03:41:09 INFO reduce.MergeManagerImpl: Merged 1 segments, 56 bytes to disk to satisfy reduce memory limit
26/03/02 03:41:09 INFO reduce.MergeManagerImpl: Merging 1 files, 60 bytes from disk
26/03/02 03:41:09 INFO reduce.MergeManagerImpl: Merging 0 segments, 0 bytes from memory into reduce
26/03/02 03:41:09 INFO mapred.Merger: Merging 1 sorted segments
26/03/02 03:41:09 INFO mapred.Merger: Down to the last merge-pass, with 1 segments left of total size: 50 bytes
26/03/02 03:41:09 INFO mapred.LocalJobRunner: 1 / 1 copied.
26/03/02 03:41:09 INFO mapred.Task: Task:attempt_local869965782_0014_r_000001_0 is done. And is in the process of committing
26/03/02 03:41:09 INFO mapred.LocalJobRunner: 1 / 1 copied.
26/03/02 03:41:09 INFO mapred.Task: Task attempt_local869965782_0014_r_000001_0 is allowed to commit now
26/03/02 03:41:09 INFO output.FileOutputCommitter: Saved output of task 'attempt_local869965782_0014_r_000001_0' to hdfs://localhost:9000/project2/task2/runs_report_plus/scale500k_opt/iter_14/_temporary/0/task_local869965782_0014_r_000001
26/03/02 03:41:09 INFO mapred.LocalJobRunner: reduce > reduce
26/03/02 03:41:09 INFO mapred.Task: Task 'attempt_local869965782_0014_r_000001_0' done.
26/03/02 03:41:09 INFO mapred.Task: Final Counters for attempt_local869965782_0014_r_000001_0: Counters: 29
	File System Counters
		FILE: Number of bytes read=2042386
		FILE: Number of bytes written=6180499
		FILE: Number of read operations=0
		FILE: Number of large read operations=0
		FILE: Number of write operations=0
		HDFS: Number of bytes read=513666589
		HDFS: Number of bytes written=12270
		HDFS: Number of read operations=755
		HDFS: Number of large read operations=0
		HDFS: Number of write operations=244
	Map-Reduce Framework
		Combine input records=0
		Combine output records=0
		Reduce input groups=1
		Reduce shuffle bytes=60
		Reduce input records=1
		Reduce output records=1
		Spilled Records=1
		Shuffled Maps =1
		Failed Shuffles=0
		Merged Map outputs=1
		GC time elapsed (ms)=0
		Total committed heap usage (bytes)=534249472
	Shuffle Errors
		BAD_ID=0
		CONNECTION=0
		IO_ERROR=0
		WRONG_LENGTH=0
		WRONG_MAP=0
		WRONG_REDUCE=0
	File Output Format Counters 
		Bytes Written=103
26/03/02 03:41:09 INFO mapred.LocalJobRunner: Finishing task: attempt_local869965782_0014_r_000001_0
26/03/02 03:41:09 INFO mapred.LocalJobRunner: Starting task: attempt_local869965782_0014_r_000002_0
26/03/02 03:41:09 INFO output.FileOutputCommitter: File Output Committer Algorithm version is 1
26/03/02 03:41:09 INFO mapred.Task:  Using ResourceCalculatorProcessTree : [ ]
26/03/02 03:41:09 INFO mapred.ReduceTask: Using ShuffleConsumerPlugin: org.apache.hadoop.mapreduce.task.reduce.Shuffle@5ddb1b5c
26/03/02 03:41:09 INFO reduce.MergeManagerImpl: MergerManager: memoryLimit=373974624, maxSingleShuffleLimit=93493656, mergeThreshold=246823264, ioSortFactor=10, memToMemMergeOutputsThreshold=10
26/03/02 03:41:09 INFO reduce.EventFetcher: attempt_local869965782_0014_r_000002_0 Thread started: EventFetcher for fetching Map Completion Events
26/03/02 03:41:09 INFO reduce.LocalFetcher: localfetcher#55 about to shuffle output of map attempt_local869965782_0014_m_000000_0 decomp: 56 len: 60 to MEMORY
26/03/02 03:41:09 INFO reduce.InMemoryMapOutput: Read 56 bytes from map-output for attempt_local869965782_0014_m_000000_0
26/03/02 03:41:09 INFO reduce.MergeManagerImpl: closeInMemoryFile -> map-output of size: 56, inMemoryMapOutputs.size() -> 1, commitMemory -> 0, usedMemory ->56
26/03/02 03:41:09 INFO reduce.EventFetcher: EventFetcher is interrupted.. Returning
26/03/02 03:41:09 INFO mapred.LocalJobRunner: 1 / 1 copied.
26/03/02 03:41:09 INFO reduce.MergeManagerImpl: finalMerge called with 1 in-memory map-outputs and 0 on-disk map-outputs
26/03/02 03:41:09 INFO mapred.Merger: Merging 1 sorted segments
26/03/02 03:41:09 INFO mapred.Merger: Down to the last merge-pass, with 1 segments left of total size: 50 bytes
26/03/02 03:41:09 INFO reduce.MergeManagerImpl: Merged 1 segments, 56 bytes to disk to satisfy reduce memory limit
26/03/02 03:41:09 INFO reduce.MergeManagerImpl: Merging 1 files, 60 bytes from disk
26/03/02 03:41:09 INFO reduce.MergeManagerImpl: Merging 0 segments, 0 bytes from memory into reduce
26/03/02 03:41:09 INFO mapred.Merger: Merging 1 sorted segments
26/03/02 03:41:09 INFO mapred.Merger: Down to the last merge-pass, with 1 segments left of total size: 50 bytes
26/03/02 03:41:09 INFO mapred.LocalJobRunner: 1 / 1 copied.
26/03/02 03:41:09 INFO mapred.Task: Task:attempt_local869965782_0014_r_000002_0 is done. And is in the process of committing
26/03/02 03:41:09 INFO mapred.LocalJobRunner: 1 / 1 copied.
26/03/02 03:41:09 INFO mapred.Task: Task attempt_local869965782_0014_r_000002_0 is allowed to commit now
26/03/02 03:41:09 INFO output.FileOutputCommitter: Saved output of task 'attempt_local869965782_0014_r_000002_0' to hdfs://localhost:9000/project2/task2/runs_report_plus/scale500k_opt/iter_14/_temporary/0/task_local869965782_0014_r_000002
26/03/02 03:41:09 INFO mapred.LocalJobRunner: reduce > reduce
26/03/02 03:41:09 INFO mapred.Task: Task 'attempt_local869965782_0014_r_000002_0' done.
26/03/02 03:41:09 INFO mapred.Task: Final Counters for attempt_local869965782_0014_r_000002_0: Counters: 29
	File System Counters
		FILE: Number of bytes read=2042670
		FILE: Number of bytes written=6180559
		FILE: Number of read operations=0
		FILE: Number of large read operations=0
		FILE: Number of write operations=0
		HDFS: Number of bytes read=513666589
		HDFS: Number of bytes written=12373
		HDFS: Number of read operations=758
		HDFS: Number of large read operations=0
		HDFS: Number of write operations=246
	Map-Reduce Framework
		Combine input records=0
		Combine output records=0
		Reduce input groups=1
		Reduce shuffle bytes=60
		Reduce input records=1
		Reduce output records=1
		Spilled Records=1
		Shuffled Maps =1
		Failed Shuffles=0
		Merged Map outputs=1
		GC time elapsed (ms)=0
		Total committed heap usage (bytes)=534249472
	Shuffle Errors
		BAD_ID=0
		CONNECTION=0
		IO_ERROR=0
		WRONG_LENGTH=0
		WRONG_MAP=0
		WRONG_REDUCE=0
	File Output Format Counters 
		Bytes Written=103
26/03/02 03:41:09 INFO mapred.LocalJobRunner: Finishing task: attempt_local869965782_0014_r_000002_0
26/03/02 03:41:09 INFO mapred.LocalJobRunner: Starting task: attempt_local869965782_0014_r_000003_0
26/03/02 03:41:09 INFO output.FileOutputCommitter: File Output Committer Algorithm version is 1
26/03/02 03:41:09 INFO mapred.Task:  Using ResourceCalculatorProcessTree : [ ]
26/03/02 03:41:09 INFO mapred.ReduceTask: Using ShuffleConsumerPlugin: org.apache.hadoop.mapreduce.task.reduce.Shuffle@18bad513
26/03/02 03:41:09 INFO reduce.MergeManagerImpl: MergerManager: memoryLimit=373974624, maxSingleShuffleLimit=93493656, mergeThreshold=246823264, ioSortFactor=10, memToMemMergeOutputsThreshold=10
26/03/02 03:41:09 INFO reduce.EventFetcher: attempt_local869965782_0014_r_000003_0 Thread started: EventFetcher for fetching Map Completion Events
26/03/02 03:41:09 INFO reduce.LocalFetcher: localfetcher#56 about to shuffle output of map attempt_local869965782_0014_m_000000_0 decomp: 56 len: 60 to MEMORY
26/03/02 03:41:09 INFO reduce.InMemoryMapOutput: Read 56 bytes from map-output for attempt_local869965782_0014_m_000000_0
26/03/02 03:41:09 INFO reduce.MergeManagerImpl: closeInMemoryFile -> map-output of size: 56, inMemoryMapOutputs.size() -> 1, commitMemory -> 0, usedMemory ->56
26/03/02 03:41:09 WARN io.ReadaheadPool: Failed readahead on ifile
EBADF: Bad file descriptor
	at org.apache.hadoop.io.nativeio.NativeIO$POSIX.posix_fadvise(Native Method)
	at org.apache.hadoop.io.nativeio.NativeIO$POSIX.posixFadviseIfPossible(NativeIO.java:267)
	at org.apache.hadoop.io.nativeio.NativeIO$POSIX$CacheManipulator.posixFadviseIfPossible(NativeIO.java:146)
	at org.apache.hadoop.io.ReadaheadPool$ReadaheadRequestImpl.run(ReadaheadPool.java:206)
	at java.util.concurrent.ThreadPoolExecutor.runWorker(ThreadPoolExecutor.java:1149)
	at java.util.concurrent.ThreadPoolExecutor$Worker.run(ThreadPoolExecutor.java:624)
	at java.lang.Thread.run(Thread.java:748)
26/03/02 03:41:09 INFO reduce.EventFetcher: EventFetcher is interrupted.. Returning
26/03/02 03:41:09 INFO mapred.LocalJobRunner: 1 / 1 copied.
26/03/02 03:41:09 INFO reduce.MergeManagerImpl: finalMerge called with 1 in-memory map-outputs and 0 on-disk map-outputs
26/03/02 03:41:09 INFO mapred.Merger: Merging 1 sorted segments
26/03/02 03:41:09 INFO mapred.Merger: Down to the last merge-pass, with 1 segments left of total size: 50 bytes
26/03/02 03:41:09 INFO reduce.MergeManagerImpl: Merged 1 segments, 56 bytes to disk to satisfy reduce memory limit
26/03/02 03:41:09 INFO reduce.MergeManagerImpl: Merging 1 files, 60 bytes from disk
26/03/02 03:41:09 INFO reduce.MergeManagerImpl: Merging 0 segments, 0 bytes from memory into reduce
26/03/02 03:41:09 INFO mapred.Merger: Merging 1 sorted segments
26/03/02 03:41:09 INFO mapred.Merger: Down to the last merge-pass, with 1 segments left of total size: 50 bytes
26/03/02 03:41:09 INFO mapred.LocalJobRunner: 1 / 1 copied.
26/03/02 03:41:09 INFO mapred.Task: Task:attempt_local869965782_0014_r_000003_0 is done. And is in the process of committing
26/03/02 03:41:09 INFO mapred.LocalJobRunner: 1 / 1 copied.
26/03/02 03:41:09 INFO mapred.Task: Task attempt_local869965782_0014_r_000003_0 is allowed to commit now
26/03/02 03:41:09 INFO output.FileOutputCommitter: Saved output of task 'attempt_local869965782_0014_r_000003_0' to hdfs://localhost:9000/project2/task2/runs_report_plus/scale500k_opt/iter_14/_temporary/0/task_local869965782_0014_r_000003
26/03/02 03:41:09 INFO mapred.LocalJobRunner: reduce > reduce
26/03/02 03:41:09 INFO mapred.Task: Task 'attempt_local869965782_0014_r_000003_0' done.
26/03/02 03:41:09 INFO mapred.Task: Final Counters for attempt_local869965782_0014_r_000003_0: Counters: 29
	File System Counters
		FILE: Number of bytes read=2042894
		FILE: Number of bytes written=6180619
		FILE: Number of read operations=0
		FILE: Number of large read operations=0
		FILE: Number of write operations=0
		HDFS: Number of bytes read=513666589
		HDFS: Number of bytes written=12477
		HDFS: Number of read operations=761
		HDFS: Number of large read operations=0
		HDFS: Number of write operations=248
	Map-Reduce Framework
		Combine input records=0
		Combine output records=0
		Reduce input groups=1
		Reduce shuffle bytes=60
		Reduce input records=1
		Reduce output records=1
		Spilled Records=1
		Shuffled Maps =1
		Failed Shuffles=0
		Merged Map outputs=1
		GC time elapsed (ms)=0
		Total committed heap usage (bytes)=534249472
	Shuffle Errors
		BAD_ID=0
		CONNECTION=0
		IO_ERROR=0
		WRONG_LENGTH=0
		WRONG_MAP=0
		WRONG_REDUCE=0
	File Output Format Counters 
		Bytes Written=104
26/03/02 03:41:09 INFO mapred.LocalJobRunner: Finishing task: attempt_local869965782_0014_r_000003_0
26/03/02 03:41:09 INFO mapred.LocalJobRunner: reduce task executor complete.
26/03/02 03:41:10 INFO mapreduce.Job: Job job_local869965782_0014 running in uber mode : false
26/03/02 03:41:10 INFO mapreduce.Job:  map 100% reduce 100%
26/03/02 03:41:10 INFO mapreduce.Job: Job job_local869965782_0014 completed successfully
26/03/02 03:41:10 INFO mapreduce.Job: Counters: 35
	File System Counters
		FILE: Number of bytes read=10211522
		FILE: Number of bytes written=30902441
		FILE: Number of read operations=0
		FILE: Number of large read operations=0
		FILE: Number of write operations=0
		HDFS: Number of bytes read=2568332945
		HDFS: Number of bytes written=61250
		HDFS: Number of read operations=3775
		HDFS: Number of large read operations=0
		HDFS: Number of write operations=1220
	Map-Reduce Framework
		Map input records=500000
		Map output records=500000
		Map output bytes=26000000
		Map output materialized bytes=294
		Input split bytes=123
		Combine input records=500000
		Combine output records=5
		Reduce input groups=5
		Reduce shuffle bytes=294
		Reduce input records=5
		Reduce output records=5
		Spilled Records=10
		Shuffled Maps =4
		Failed Shuffles=0
		Merged Map outputs=4
		GC time elapsed (ms)=45
		Total committed heap usage (bytes)=2671247360
	Shuffle Errors
		BAD_ID=0
		CONNECTION=0
		IO_ERROR=0
		WRONG_LENGTH=0
		WRONG_MAP=0
		WRONG_REDUCE=0
	File Input Format Counters 
		Bytes Read=36688385
	File Output Format Counters 
		Bytes Written=514
26/03/02 03:41:10 INFO jvm.JvmMetrics: Cannot initialize JVM Metrics with processName=JobTracker, sessionId= - already initialized
26/03/02 03:41:10 WARN mapreduce.JobResourceUploader: Hadoop command-line option parsing not performed. Implement the Tool interface and execute your application with ToolRunner to remedy this.
26/03/02 03:41:10 INFO input.FileInputFormat: Total input paths to process : 1
26/03/02 03:41:10 INFO mapreduce.JobSubmitter: number of splits:1
26/03/02 03:41:10 INFO mapreduce.JobSubmitter: Submitting tokens for job: job_local127175533_0015
26/03/02 03:41:10 INFO mapred.LocalDistributedCacheManager: Creating symlink: /tmp/hadoop-ds503/mapred/local/1772422870162/centers_iter_14.csv <- /home/ds503/centers_iter_14.csv
26/03/02 03:41:10 INFO mapred.LocalDistributedCacheManager: Localized hdfs://localhost:9000/project2/task2/runs_report_plus/scale500k_opt/centers_iter_14.csv as file:/tmp/hadoop-ds503/mapred/local/1772422870162/centers_iter_14.csv
26/03/02 03:41:10 INFO mapreduce.Job: The url to track the job: http://localhost:8080/
26/03/02 03:41:10 INFO mapreduce.Job: Running job: job_local127175533_0015
26/03/02 03:41:10 INFO mapred.LocalJobRunner: OutputCommitter set in config null
26/03/02 03:41:10 INFO output.FileOutputCommitter: File Output Committer Algorithm version is 1
26/03/02 03:41:10 INFO mapred.LocalJobRunner: OutputCommitter is org.apache.hadoop.mapreduce.lib.output.FileOutputCommitter
26/03/02 03:41:10 INFO mapred.LocalJobRunner: Waiting for map tasks
26/03/02 03:41:10 INFO mapred.LocalJobRunner: Starting task: attempt_local127175533_0015_m_000000_0
26/03/02 03:41:10 INFO output.FileOutputCommitter: File Output Committer Algorithm version is 1
26/03/02 03:41:10 INFO mapred.Task:  Using ResourceCalculatorProcessTree : [ ]
26/03/02 03:41:10 INFO mapred.MapTask: Processing split: hdfs://localhost:9000/project2/task2/input/points_500k.csv:0+36688385
26/03/02 03:41:10 INFO mapred.MapTask: (EQUATOR) 0 kvi 26214396(104857584)
26/03/02 03:41:10 INFO mapred.MapTask: mapreduce.task.io.sort.mb: 100
26/03/02 03:41:10 INFO mapred.MapTask: soft limit at 83886080
26/03/02 03:41:10 INFO mapred.MapTask: bufstart = 0; bufvoid = 104857600
26/03/02 03:41:10 INFO mapred.MapTask: kvstart = 26214396; length = 6553600
26/03/02 03:41:10 INFO mapred.MapTask: Map output collector class = org.apache.hadoop.mapred.MapTask$MapOutputBuffer
26/03/02 03:41:10 INFO mapred.LocalJobRunner: 
26/03/02 03:41:10 INFO mapred.MapTask: Starting flush of map output
26/03/02 03:41:10 INFO mapred.MapTask: Spilling map output
26/03/02 03:41:10 INFO mapred.MapTask: bufstart = 0; bufend = 26000000; bufvoid = 104857600
26/03/02 03:41:10 INFO mapred.MapTask: kvstart = 26214396(104857584); kvend = 24214400(96857600); length = 1999997/6553600
26/03/02 03:41:10 INFO mapred.MapTask: Finished spill 0
26/03/02 03:41:10 INFO mapred.Task: Task:attempt_local127175533_0015_m_000000_0 is done. And is in the process of committing
26/03/02 03:41:10 INFO mapred.LocalJobRunner: map
26/03/02 03:41:10 INFO mapred.Task: Task 'attempt_local127175533_0015_m_000000_0' done.
26/03/02 03:41:10 INFO mapred.Task: Final Counters for attempt_local127175533_0015_m_000000_0: Counters: 23
	File System Counters
		FILE: Number of bytes read=2187451
		FILE: Number of bytes written=6621119
		FILE: Number of read operations=0
		FILE: Number of large read operations=0
		FILE: Number of write operations=0
		HDFS: Number of bytes read=550357128
		HDFS: Number of bytes written=12852
		HDFS: Number of read operations=805
		HDFS: Number of large read operations=0
		HDFS: Number of write operations=258
	Map-Reduce Framework
		Map input records=500000
		Map output records=500000
		Map output bytes=26000000
		Map output materialized bytes=294
		Input split bytes=123
		Combine input records=500000
		Combine output records=5
		Spilled Records=5
		Failed Shuffles=0
		Merged Map outputs=0
		GC time elapsed (ms)=49
		Total committed heap usage (bytes)=535822336
	File Input Format Counters 
		Bytes Read=36688385
26/03/02 03:41:10 INFO mapred.LocalJobRunner: Finishing task: attempt_local127175533_0015_m_000000_0
26/03/02 03:41:10 INFO mapred.LocalJobRunner: map task executor complete.
26/03/02 03:41:10 INFO mapred.LocalJobRunner: Waiting for reduce tasks
26/03/02 03:41:10 INFO mapred.LocalJobRunner: Starting task: attempt_local127175533_0015_r_000000_0
26/03/02 03:41:10 INFO output.FileOutputCommitter: File Output Committer Algorithm version is 1
26/03/02 03:41:10 INFO mapred.Task:  Using ResourceCalculatorProcessTree : [ ]
26/03/02 03:41:10 INFO mapred.ReduceTask: Using ShuffleConsumerPlugin: org.apache.hadoop.mapreduce.task.reduce.Shuffle@24c0d084
26/03/02 03:41:10 INFO reduce.MergeManagerImpl: MergerManager: memoryLimit=375075616, maxSingleShuffleLimit=93768904, mergeThreshold=247549920, ioSortFactor=10, memToMemMergeOutputsThreshold=10
26/03/02 03:41:10 INFO reduce.EventFetcher: attempt_local127175533_0015_r_000000_0 Thread started: EventFetcher for fetching Map Completion Events
26/03/02 03:41:10 INFO reduce.LocalFetcher: localfetcher#57 about to shuffle output of map attempt_local127175533_0015_m_000000_0 decomp: 110 len: 114 to MEMORY
26/03/02 03:41:10 INFO reduce.InMemoryMapOutput: Read 110 bytes from map-output for attempt_local127175533_0015_m_000000_0
26/03/02 03:41:10 INFO reduce.MergeManagerImpl: closeInMemoryFile -> map-output of size: 110, inMemoryMapOutputs.size() -> 1, commitMemory -> 0, usedMemory ->110
26/03/02 03:41:10 INFO reduce.EventFetcher: EventFetcher is interrupted.. Returning
26/03/02 03:41:10 INFO mapred.LocalJobRunner: 1 / 1 copied.
26/03/02 03:41:10 INFO reduce.MergeManagerImpl: finalMerge called with 1 in-memory map-outputs and 0 on-disk map-outputs
26/03/02 03:41:10 INFO mapred.Merger: Merging 1 sorted segments
26/03/02 03:41:10 INFO mapred.Merger: Down to the last merge-pass, with 1 segments left of total size: 104 bytes
26/03/02 03:41:10 INFO reduce.MergeManagerImpl: Merged 1 segments, 110 bytes to disk to satisfy reduce memory limit
26/03/02 03:41:10 INFO reduce.MergeManagerImpl: Merging 1 files, 114 bytes from disk
26/03/02 03:41:10 INFO reduce.MergeManagerImpl: Merging 0 segments, 0 bytes from memory into reduce
26/03/02 03:41:10 INFO mapred.Merger: Merging 1 sorted segments
26/03/02 03:41:10 INFO mapred.Merger: Down to the last merge-pass, with 1 segments left of total size: 104 bytes
26/03/02 03:41:10 INFO mapred.LocalJobRunner: 1 / 1 copied.
26/03/02 03:41:10 INFO mapred.Task: Task:attempt_local127175533_0015_r_000000_0 is done. And is in the process of committing
26/03/02 03:41:10 INFO mapred.LocalJobRunner: 1 / 1 copied.
26/03/02 03:41:10 INFO mapred.Task: Task attempt_local127175533_0015_r_000000_0 is allowed to commit now
26/03/02 03:41:10 INFO output.FileOutputCommitter: Saved output of task 'attempt_local127175533_0015_r_000000_0' to hdfs://localhost:9000/project2/task2/runs_report_plus/scale500k_opt/iter_15/_temporary/0/task_local127175533_0015_r_000000
26/03/02 03:41:10 INFO mapred.LocalJobRunner: reduce > reduce
26/03/02 03:41:10 INFO mapred.Task: Task 'attempt_local127175533_0015_r_000000_0' done.
26/03/02 03:41:10 INFO mapred.Task: Final Counters for attempt_local127175533_0015_r_000000_0: Counters: 29
	File System Counters
		FILE: Number of bytes read=2187963
		FILE: Number of bytes written=6621233
		FILE: Number of read operations=0
		FILE: Number of large read operations=0
		FILE: Number of write operations=0
		HDFS: Number of bytes read=550357128
		HDFS: Number of bytes written=13055
		HDFS: Number of read operations=808
		HDFS: Number of large read operations=0
		HDFS: Number of write operations=260
	Map-Reduce Framework
		Combine input records=0
		Combine output records=0
		Reduce input groups=2
		Reduce shuffle bytes=114
		Reduce input records=2
		Reduce output records=2
		Spilled Records=2
		Shuffled Maps =1
		Failed Shuffles=0
		Merged Map outputs=1
		GC time elapsed (ms)=0
		Total committed heap usage (bytes)=535822336
	Shuffle Errors
		BAD_ID=0
		CONNECTION=0
		IO_ERROR=0
		WRONG_LENGTH=0
		WRONG_MAP=0
		WRONG_REDUCE=0
	File Output Format Counters 
		Bytes Written=203
26/03/02 03:41:10 INFO mapred.LocalJobRunner: Finishing task: attempt_local127175533_0015_r_000000_0
26/03/02 03:41:10 INFO mapred.LocalJobRunner: Starting task: attempt_local127175533_0015_r_000001_0
26/03/02 03:41:10 INFO output.FileOutputCommitter: File Output Committer Algorithm version is 1
26/03/02 03:41:10 INFO mapred.Task:  Using ResourceCalculatorProcessTree : [ ]
26/03/02 03:41:10 INFO mapred.ReduceTask: Using ShuffleConsumerPlugin: org.apache.hadoop.mapreduce.task.reduce.Shuffle@49dc8944
26/03/02 03:41:10 INFO reduce.MergeManagerImpl: MergerManager: memoryLimit=375075616, maxSingleShuffleLimit=93768904, mergeThreshold=247549920, ioSortFactor=10, memToMemMergeOutputsThreshold=10
26/03/02 03:41:10 INFO reduce.EventFetcher: attempt_local127175533_0015_r_000001_0 Thread started: EventFetcher for fetching Map Completion Events
26/03/02 03:41:10 INFO reduce.LocalFetcher: localfetcher#58 about to shuffle output of map attempt_local127175533_0015_m_000000_0 decomp: 56 len: 60 to MEMORY
26/03/02 03:41:10 INFO reduce.InMemoryMapOutput: Read 56 bytes from map-output for attempt_local127175533_0015_m_000000_0
26/03/02 03:41:10 INFO reduce.MergeManagerImpl: closeInMemoryFile -> map-output of size: 56, inMemoryMapOutputs.size() -> 1, commitMemory -> 0, usedMemory ->56
26/03/02 03:41:10 INFO reduce.EventFetcher: EventFetcher is interrupted.. Returning
26/03/02 03:41:10 INFO mapred.LocalJobRunner: 1 / 1 copied.
26/03/02 03:41:10 INFO reduce.MergeManagerImpl: finalMerge called with 1 in-memory map-outputs and 0 on-disk map-outputs
26/03/02 03:41:10 INFO mapred.Merger: Merging 1 sorted segments
26/03/02 03:41:10 INFO mapred.Merger: Down to the last merge-pass, with 1 segments left of total size: 50 bytes
26/03/02 03:41:10 INFO reduce.MergeManagerImpl: Merged 1 segments, 56 bytes to disk to satisfy reduce memory limit
26/03/02 03:41:10 INFO reduce.MergeManagerImpl: Merging 1 files, 60 bytes from disk
26/03/02 03:41:10 INFO reduce.MergeManagerImpl: Merging 0 segments, 0 bytes from memory into reduce
26/03/02 03:41:10 INFO mapred.Merger: Merging 1 sorted segments
26/03/02 03:41:10 INFO mapred.Merger: Down to the last merge-pass, with 1 segments left of total size: 50 bytes
26/03/02 03:41:10 INFO mapred.LocalJobRunner: 1 / 1 copied.
26/03/02 03:41:10 INFO mapred.Task: Task:attempt_local127175533_0015_r_000001_0 is done. And is in the process of committing
26/03/02 03:41:10 INFO mapred.LocalJobRunner: 1 / 1 copied.
26/03/02 03:41:10 INFO mapred.Task: Task attempt_local127175533_0015_r_000001_0 is allowed to commit now
26/03/02 03:41:11 INFO output.FileOutputCommitter: Saved output of task 'attempt_local127175533_0015_r_000001_0' to hdfs://localhost:9000/project2/task2/runs_report_plus/scale500k_opt/iter_15/_temporary/0/task_local127175533_0015_r_000001
26/03/02 03:41:11 INFO mapred.LocalJobRunner: reduce > reduce
26/03/02 03:41:11 INFO mapred.Task: Task 'attempt_local127175533_0015_r_000001_0' done.
26/03/02 03:41:11 INFO mapred.Task: Final Counters for attempt_local127175533_0015_r_000001_0: Counters: 29
	File System Counters
		FILE: Number of bytes read=2188307
		FILE: Number of bytes written=6621293
		FILE: Number of read operations=0
		FILE: Number of large read operations=0
		FILE: Number of write operations=0
		HDFS: Number of bytes read=550357128
		HDFS: Number of bytes written=13159
		HDFS: Number of read operations=811
		HDFS: Number of large read operations=0
		HDFS: Number of write operations=262
	Map-Reduce Framework
		Combine input records=0
		Combine output records=0
		Reduce input groups=1
		Reduce shuffle bytes=60
		Reduce input records=1
		Reduce output records=1
		Spilled Records=1
		Shuffled Maps =1
		Failed Shuffles=0
		Merged Map outputs=1
		GC time elapsed (ms)=0
		Total committed heap usage (bytes)=535822336
	Shuffle Errors
		BAD_ID=0
		CONNECTION=0
		IO_ERROR=0
		WRONG_LENGTH=0
		WRONG_MAP=0
		WRONG_REDUCE=0
	File Output Format Counters 
		Bytes Written=104
26/03/02 03:41:11 INFO mapred.LocalJobRunner: Finishing task: attempt_local127175533_0015_r_000001_0
26/03/02 03:41:11 INFO mapred.LocalJobRunner: Starting task: attempt_local127175533_0015_r_000002_0
26/03/02 03:41:11 INFO output.FileOutputCommitter: File Output Committer Algorithm version is 1
26/03/02 03:41:11 INFO mapred.Task:  Using ResourceCalculatorProcessTree : [ ]
26/03/02 03:41:11 INFO mapred.ReduceTask: Using ShuffleConsumerPlugin: org.apache.hadoop.mapreduce.task.reduce.Shuffle@3117f9e5
26/03/02 03:41:11 INFO reduce.MergeManagerImpl: MergerManager: memoryLimit=375075616, maxSingleShuffleLimit=93768904, mergeThreshold=247549920, ioSortFactor=10, memToMemMergeOutputsThreshold=10
26/03/02 03:41:11 INFO reduce.EventFetcher: attempt_local127175533_0015_r_000002_0 Thread started: EventFetcher for fetching Map Completion Events
26/03/02 03:41:11 INFO reduce.LocalFetcher: localfetcher#59 about to shuffle output of map attempt_local127175533_0015_m_000000_0 decomp: 56 len: 60 to MEMORY
26/03/02 03:41:11 INFO reduce.InMemoryMapOutput: Read 56 bytes from map-output for attempt_local127175533_0015_m_000000_0
26/03/02 03:41:11 INFO reduce.MergeManagerImpl: closeInMemoryFile -> map-output of size: 56, inMemoryMapOutputs.size() -> 1, commitMemory -> 0, usedMemory ->56
26/03/02 03:41:11 WARN io.ReadaheadPool: Failed readahead on ifile
EBADF: Bad file descriptor
	at org.apache.hadoop.io.nativeio.NativeIO$POSIX.posix_fadvise(Native Method)
	at org.apache.hadoop.io.nativeio.NativeIO$POSIX.posixFadviseIfPossible(NativeIO.java:267)
	at org.apache.hadoop.io.nativeio.NativeIO$POSIX$CacheManipulator.posixFadviseIfPossible(NativeIO.java:146)
	at org.apache.hadoop.io.ReadaheadPool$ReadaheadRequestImpl.run(ReadaheadPool.java:206)
	at java.util.concurrent.ThreadPoolExecutor.runWorker(ThreadPoolExecutor.java:1149)
	at java.util.concurrent.ThreadPoolExecutor$Worker.run(ThreadPoolExecutor.java:624)
	at java.lang.Thread.run(Thread.java:748)
26/03/02 03:41:11 INFO reduce.EventFetcher: EventFetcher is interrupted.. Returning
26/03/02 03:41:11 INFO mapred.LocalJobRunner: 1 / 1 copied.
26/03/02 03:41:11 INFO reduce.MergeManagerImpl: finalMerge called with 1 in-memory map-outputs and 0 on-disk map-outputs
26/03/02 03:41:11 INFO mapred.Merger: Merging 1 sorted segments
26/03/02 03:41:11 INFO mapred.Merger: Down to the last merge-pass, with 1 segments left of total size: 50 bytes
26/03/02 03:41:11 INFO reduce.MergeManagerImpl: Merged 1 segments, 56 bytes to disk to satisfy reduce memory limit
26/03/02 03:41:11 INFO reduce.MergeManagerImpl: Merging 1 files, 60 bytes from disk
26/03/02 03:41:11 INFO reduce.MergeManagerImpl: Merging 0 segments, 0 bytes from memory into reduce
26/03/02 03:41:11 INFO mapred.Merger: Merging 1 sorted segments
26/03/02 03:41:11 INFO mapred.Merger: Down to the last merge-pass, with 1 segments left of total size: 50 bytes
26/03/02 03:41:11 INFO mapred.LocalJobRunner: 1 / 1 copied.
26/03/02 03:41:11 INFO mapred.Task: Task:attempt_local127175533_0015_r_000002_0 is done. And is in the process of committing
26/03/02 03:41:11 INFO mapred.LocalJobRunner: 1 / 1 copied.
26/03/02 03:41:11 INFO mapred.Task: Task attempt_local127175533_0015_r_000002_0 is allowed to commit now
26/03/02 03:41:11 INFO output.FileOutputCommitter: Saved output of task 'attempt_local127175533_0015_r_000002_0' to hdfs://localhost:9000/project2/task2/runs_report_plus/scale500k_opt/iter_15/_temporary/0/task_local127175533_0015_r_000002
26/03/02 03:41:11 INFO mapred.LocalJobRunner: reduce > reduce
26/03/02 03:41:11 INFO mapred.Task: Task 'attempt_local127175533_0015_r_000002_0' done.
26/03/02 03:41:11 INFO mapred.Task: Final Counters for attempt_local127175533_0015_r_000002_0: Counters: 29
	File System Counters
		FILE: Number of bytes read=2188591
		FILE: Number of bytes written=6621353
		FILE: Number of read operations=0
		FILE: Number of large read operations=0
		FILE: Number of write operations=0
		HDFS: Number of bytes read=550357128
		HDFS: Number of bytes written=13259
		HDFS: Number of read operations=814
		HDFS: Number of large read operations=0
		HDFS: Number of write operations=264
	Map-Reduce Framework
		Combine input records=0
		Combine output records=0
		Reduce input groups=1
		Reduce shuffle bytes=60
		Reduce input records=1
		Reduce output records=1
		Spilled Records=1
		Shuffled Maps =1
		Failed Shuffles=0
		Merged Map outputs=1
		GC time elapsed (ms)=0
		Total committed heap usage (bytes)=535822336
	Shuffle Errors
		BAD_ID=0
		CONNECTION=0
		IO_ERROR=0
		WRONG_LENGTH=0
		WRONG_MAP=0
		WRONG_REDUCE=0
	File Output Format Counters 
		Bytes Written=100
26/03/02 03:41:11 INFO mapred.LocalJobRunner: Finishing task: attempt_local127175533_0015_r_000002_0
26/03/02 03:41:11 INFO mapred.LocalJobRunner: Starting task: attempt_local127175533_0015_r_000003_0
26/03/02 03:41:11 INFO output.FileOutputCommitter: File Output Committer Algorithm version is 1
26/03/02 03:41:11 INFO mapred.Task:  Using ResourceCalculatorProcessTree : [ ]
26/03/02 03:41:11 INFO mapred.ReduceTask: Using ShuffleConsumerPlugin: org.apache.hadoop.mapreduce.task.reduce.Shuffle@26aee197
26/03/02 03:41:11 INFO reduce.MergeManagerImpl: MergerManager: memoryLimit=375075616, maxSingleShuffleLimit=93768904, mergeThreshold=247549920, ioSortFactor=10, memToMemMergeOutputsThreshold=10
26/03/02 03:41:11 INFO reduce.EventFetcher: attempt_local127175533_0015_r_000003_0 Thread started: EventFetcher for fetching Map Completion Events
26/03/02 03:41:11 INFO reduce.LocalFetcher: localfetcher#60 about to shuffle output of map attempt_local127175533_0015_m_000000_0 decomp: 56 len: 60 to MEMORY
26/03/02 03:41:11 INFO reduce.InMemoryMapOutput: Read 56 bytes from map-output for attempt_local127175533_0015_m_000000_0
26/03/02 03:41:11 WARN io.ReadaheadPool: Failed readahead on ifile
EBADF: Bad file descriptor
	at org.apache.hadoop.io.nativeio.NativeIO$POSIX.posix_fadvise(Native Method)
	at org.apache.hadoop.io.nativeio.NativeIO$POSIX.posixFadviseIfPossible(NativeIO.java:267)
	at org.apache.hadoop.io.nativeio.NativeIO$POSIX$CacheManipulator.posixFadviseIfPossible(NativeIO.java:146)
	at org.apache.hadoop.io.ReadaheadPool$ReadaheadRequestImpl.run(ReadaheadPool.java:206)
	at java.util.concurrent.ThreadPoolExecutor.runWorker(ThreadPoolExecutor.java:1149)
	at java.util.concurrent.ThreadPoolExecutor$Worker.run(ThreadPoolExecutor.java:624)
	at java.lang.Thread.run(Thread.java:748)
26/03/02 03:41:11 INFO reduce.MergeManagerImpl: closeInMemoryFile -> map-output of size: 56, inMemoryMapOutputs.size() -> 1, commitMemory -> 0, usedMemory ->56
26/03/02 03:41:11 INFO reduce.EventFetcher: EventFetcher is interrupted.. Returning
26/03/02 03:41:11 INFO mapred.LocalJobRunner: 1 / 1 copied.
26/03/02 03:41:11 INFO reduce.MergeManagerImpl: finalMerge called with 1 in-memory map-outputs and 0 on-disk map-outputs
26/03/02 03:41:11 INFO mapred.Merger: Merging 1 sorted segments
26/03/02 03:41:11 INFO mapred.Merger: Down to the last merge-pass, with 1 segments left of total size: 50 bytes
26/03/02 03:41:11 INFO reduce.MergeManagerImpl: Merged 1 segments, 56 bytes to disk to satisfy reduce memory limit
26/03/02 03:41:11 INFO reduce.MergeManagerImpl: Merging 1 files, 60 bytes from disk
26/03/02 03:41:11 INFO reduce.MergeManagerImpl: Merging 0 segments, 0 bytes from memory into reduce
26/03/02 03:41:11 INFO mapred.Merger: Merging 1 sorted segments
26/03/02 03:41:11 INFO mapred.Merger: Down to the last merge-pass, with 1 segments left of total size: 50 bytes
26/03/02 03:41:11 INFO mapred.LocalJobRunner: 1 / 1 copied.
26/03/02 03:41:11 INFO mapred.Task: Task:attempt_local127175533_0015_r_000003_0 is done. And is in the process of committing
26/03/02 03:41:11 INFO mapred.LocalJobRunner: 1 / 1 copied.
26/03/02 03:41:11 INFO mapred.Task: Task attempt_local127175533_0015_r_000003_0 is allowed to commit now
26/03/02 03:41:11 INFO output.FileOutputCommitter: Saved output of task 'attempt_local127175533_0015_r_000003_0' to hdfs://localhost:9000/project2/task2/runs_report_plus/scale500k_opt/iter_15/_temporary/0/task_local127175533_0015_r_000003
26/03/02 03:41:11 INFO mapred.LocalJobRunner: reduce > reduce
26/03/02 03:41:11 INFO mapred.Task: Task 'attempt_local127175533_0015_r_000003_0' done.
26/03/02 03:41:11 INFO mapred.Task: Final Counters for attempt_local127175533_0015_r_000003_0: Counters: 29
	File System Counters
		FILE: Number of bytes read=2188815
		FILE: Number of bytes written=6621413
		FILE: Number of read operations=0
		FILE: Number of large read operations=0
		FILE: Number of write operations=0
		HDFS: Number of bytes read=550357128
		HDFS: Number of bytes written=13362
		HDFS: Number of read operations=817
		HDFS: Number of large read operations=0
		HDFS: Number of write operations=266
	Map-Reduce Framework
		Combine input records=0
		Combine output records=0
		Reduce input groups=1
		Reduce shuffle bytes=60
		Reduce input records=1
		Reduce output records=1
		Spilled Records=1
		Shuffled Maps =1
		Failed Shuffles=0
		Merged Map outputs=1
		GC time elapsed (ms)=0
		Total committed heap usage (bytes)=535822336
	Shuffle Errors
		BAD_ID=0
		CONNECTION=0
		IO_ERROR=0
		WRONG_LENGTH=0
		WRONG_MAP=0
		WRONG_REDUCE=0
	File Output Format Counters 
		Bytes Written=103
26/03/02 03:41:11 INFO mapred.LocalJobRunner: Finishing task: attempt_local127175533_0015_r_000003_0
26/03/02 03:41:11 INFO mapred.LocalJobRunner: reduce task executor complete.
26/03/02 03:41:11 INFO mapreduce.Job: Job job_local127175533_0015 running in uber mode : false
26/03/02 03:41:11 INFO mapreduce.Job:  map 100% reduce 100%
26/03/02 03:41:11 INFO mapreduce.Job: Job job_local127175533_0015 completed successfully
26/03/02 03:41:11 INFO mapreduce.Job: Counters: 35
	File System Counters
		FILE: Number of bytes read=10941127
		FILE: Number of bytes written=33106411
		FILE: Number of read operations=0
		FILE: Number of large read operations=0
		FILE: Number of write operations=0
		HDFS: Number of bytes read=2751785640
		HDFS: Number of bytes written=65687
		HDFS: Number of read operations=4055
		HDFS: Number of large read operations=0
		HDFS: Number of write operations=1310
	Map-Reduce Framework
		Map input records=500000
		Map output records=500000
		Map output bytes=26000000
		Map output materialized bytes=294
		Input split bytes=123
		Combine input records=500000
		Combine output records=5
		Reduce input groups=5
		Reduce shuffle bytes=294
		Reduce input records=5
		Reduce output records=5
		Spilled Records=10
		Shuffled Maps =4
		Failed Shuffles=0
		Merged Map outputs=4
		GC time elapsed (ms)=49
		Total committed heap usage (bytes)=2679111680
	Shuffle Errors
		BAD_ID=0
		CONNECTION=0
		IO_ERROR=0
		WRONG_LENGTH=0
		WRONG_MAP=0
		WRONG_REDUCE=0
	File Input Format Counters 
		Bytes Read=36688385
	File Output Format Counters 
		Bytes Written=510
26/03/02 03:41:11 INFO jvm.JvmMetrics: Cannot initialize JVM Metrics with processName=JobTracker, sessionId= - already initialized
26/03/02 03:41:11 WARN mapreduce.JobResourceUploader: Hadoop command-line option parsing not performed. Implement the Tool interface and execute your application with ToolRunner to remedy this.
26/03/02 03:41:11 INFO input.FileInputFormat: Total input paths to process : 1
26/03/02 03:41:11 INFO mapreduce.JobSubmitter: number of splits:1
26/03/02 03:41:11 INFO mapreduce.JobSubmitter: Submitting tokens for job: job_local70269079_0016
26/03/02 03:41:11 INFO mapred.LocalDistributedCacheManager: Creating symlink: /tmp/hadoop-ds503/mapred/local/1772422871244/centers_iter_15.csv <- /home/ds503/centers_iter_15.csv
26/03/02 03:41:11 INFO mapred.LocalDistributedCacheManager: Localized hdfs://localhost:9000/project2/task2/runs_report_plus/scale500k_opt/centers_iter_15.csv as file:/tmp/hadoop-ds503/mapred/local/1772422871244/centers_iter_15.csv
26/03/02 03:41:11 INFO mapreduce.Job: The url to track the job: http://localhost:8080/
26/03/02 03:41:11 INFO mapreduce.Job: Running job: job_local70269079_0016
26/03/02 03:41:11 INFO mapred.LocalJobRunner: OutputCommitter set in config null
26/03/02 03:41:11 INFO output.FileOutputCommitter: File Output Committer Algorithm version is 1
26/03/02 03:41:11 INFO mapred.LocalJobRunner: OutputCommitter is org.apache.hadoop.mapreduce.lib.output.FileOutputCommitter
26/03/02 03:41:11 INFO mapred.LocalJobRunner: Waiting for map tasks
26/03/02 03:41:11 INFO mapred.LocalJobRunner: Starting task: attempt_local70269079_0016_m_000000_0
26/03/02 03:41:11 INFO output.FileOutputCommitter: File Output Committer Algorithm version is 1
26/03/02 03:41:11 INFO mapred.Task:  Using ResourceCalculatorProcessTree : [ ]
26/03/02 03:41:11 INFO mapred.MapTask: Processing split: hdfs://localhost:9000/project2/task2/input/points_500k.csv:0+36688385
26/03/02 03:41:11 INFO mapred.MapTask: (EQUATOR) 0 kvi 26214396(104857584)
26/03/02 03:41:11 INFO mapred.MapTask: mapreduce.task.io.sort.mb: 100
26/03/02 03:41:11 INFO mapred.MapTask: soft limit at 83886080
26/03/02 03:41:11 INFO mapred.MapTask: bufstart = 0; bufvoid = 104857600
26/03/02 03:41:11 INFO mapred.MapTask: kvstart = 26214396; length = 6553600
26/03/02 03:41:11 INFO mapred.MapTask: Map output collector class = org.apache.hadoop.mapred.MapTask$MapOutputBuffer
26/03/02 03:41:13 INFO mapred.LocalJobRunner: 
26/03/02 03:41:13 INFO mapred.MapTask: Starting flush of map output
26/03/02 03:41:13 INFO mapred.MapTask: Spilling map output
26/03/02 03:41:13 INFO mapred.MapTask: bufstart = 0; bufend = 26000000; bufvoid = 104857600
26/03/02 03:41:13 INFO mapred.MapTask: kvstart = 26214396(104857584); kvend = 24214400(96857600); length = 1999997/6553600
26/03/02 03:41:13 INFO mapred.MapTask: Finished spill 0
26/03/02 03:41:13 INFO mapred.Task: Task:attempt_local70269079_0016_m_000000_0 is done. And is in the process of committing
26/03/02 03:41:13 INFO mapred.LocalJobRunner: map
26/03/02 03:41:13 INFO mapred.Task: Task 'attempt_local70269079_0016_m_000000_0' done.
26/03/02 03:41:13 INFO mapred.Task: Final Counters for attempt_local70269079_0016_m_000000_0: Counters: 23
	File System Counters
		FILE: Number of bytes read=2333372
		FILE: Number of bytes written=7060319
		FILE: Number of read operations=0
		FILE: Number of large read operations=0
		FILE: Number of write operations=0
		HDFS: Number of bytes read=587047646
		HDFS: Number of bytes written=13731
		HDFS: Number of read operations=861
		HDFS: Number of large read operations=0
		HDFS: Number of write operations=276
	Map-Reduce Framework
		Map input records=500000
		Map output records=500000
		Map output bytes=26000000
		Map output materialized bytes=294
		Input split bytes=123
		Combine input records=500000
		Combine output records=5
		Spilled Records=5
		Failed Shuffles=0
		Merged Map outputs=0
		GC time elapsed (ms)=40
		Total committed heap usage (bytes)=535822336
	File Input Format Counters 
		Bytes Read=36688385
26/03/02 03:41:13 INFO mapred.LocalJobRunner: Finishing task: attempt_local70269079_0016_m_000000_0
26/03/02 03:41:13 INFO mapred.LocalJobRunner: map task executor complete.
26/03/02 03:41:13 INFO mapred.LocalJobRunner: Waiting for reduce tasks
26/03/02 03:41:13 INFO mapred.LocalJobRunner: Starting task: attempt_local70269079_0016_r_000000_0
26/03/02 03:41:13 INFO output.FileOutputCommitter: File Output Committer Algorithm version is 1
26/03/02 03:41:13 INFO mapred.Task:  Using ResourceCalculatorProcessTree : [ ]
26/03/02 03:41:13 INFO mapred.ReduceTask: Using ShuffleConsumerPlugin: org.apache.hadoop.mapreduce.task.reduce.Shuffle@56a3ad6f
26/03/02 03:41:13 INFO reduce.MergeManagerImpl: MergerManager: memoryLimit=375075616, maxSingleShuffleLimit=93768904, mergeThreshold=247549920, ioSortFactor=10, memToMemMergeOutputsThreshold=10
26/03/02 03:41:13 INFO reduce.EventFetcher: attempt_local70269079_0016_r_000000_0 Thread started: EventFetcher for fetching Map Completion Events
26/03/02 03:41:13 INFO reduce.LocalFetcher: localfetcher#61 about to shuffle output of map attempt_local70269079_0016_m_000000_0 decomp: 110 len: 114 to MEMORY
26/03/02 03:41:13 INFO reduce.InMemoryMapOutput: Read 110 bytes from map-output for attempt_local70269079_0016_m_000000_0
26/03/02 03:41:13 INFO reduce.MergeManagerImpl: closeInMemoryFile -> map-output of size: 110, inMemoryMapOutputs.size() -> 1, commitMemory -> 0, usedMemory ->110
26/03/02 03:41:13 INFO reduce.EventFetcher: EventFetcher is interrupted.. Returning
26/03/02 03:41:13 INFO mapred.LocalJobRunner: 1 / 1 copied.
26/03/02 03:41:13 INFO reduce.MergeManagerImpl: finalMerge called with 1 in-memory map-outputs and 0 on-disk map-outputs
26/03/02 03:41:13 INFO mapred.Merger: Merging 1 sorted segments
26/03/02 03:41:13 INFO mapred.Merger: Down to the last merge-pass, with 1 segments left of total size: 104 bytes
26/03/02 03:41:13 INFO reduce.MergeManagerImpl: Merged 1 segments, 110 bytes to disk to satisfy reduce memory limit
26/03/02 03:41:13 INFO reduce.MergeManagerImpl: Merging 1 files, 114 bytes from disk
26/03/02 03:41:13 INFO reduce.MergeManagerImpl: Merging 0 segments, 0 bytes from memory into reduce
26/03/02 03:41:13 INFO mapred.Merger: Merging 1 sorted segments
26/03/02 03:41:13 INFO mapred.Merger: Down to the last merge-pass, with 1 segments left of total size: 104 bytes
26/03/02 03:41:13 INFO mapred.LocalJobRunner: 1 / 1 copied.
26/03/02 03:41:13 INFO mapred.Task: Task:attempt_local70269079_0016_r_000000_0 is done. And is in the process of committing
26/03/02 03:41:13 INFO mapred.LocalJobRunner: 1 / 1 copied.
26/03/02 03:41:13 INFO mapred.Task: Task attempt_local70269079_0016_r_000000_0 is allowed to commit now
26/03/02 03:41:13 INFO output.FileOutputCommitter: Saved output of task 'attempt_local70269079_0016_r_000000_0' to hdfs://localhost:9000/project2/task2/runs_report_plus/scale500k_opt/iter_16/_temporary/0/task_local70269079_0016_r_000000
26/03/02 03:41:13 INFO mapred.LocalJobRunner: reduce > reduce
26/03/02 03:41:13 INFO mapred.Task: Task 'attempt_local70269079_0016_r_000000_0' done.
26/03/02 03:41:13 INFO mapred.Task: Final Counters for attempt_local70269079_0016_r_000000_0: Counters: 29
	File System Counters
		FILE: Number of bytes read=2333884
		FILE: Number of bytes written=7060433
		FILE: Number of read operations=0
		FILE: Number of large read operations=0
		FILE: Number of write operations=0
		HDFS: Number of bytes read=587047646
		HDFS: Number of bytes written=13938
		HDFS: Number of read operations=864
		HDFS: Number of large read operations=0
		HDFS: Number of write operations=278
	Map-Reduce Framework
		Combine input records=0
		Combine output records=0
		Reduce input groups=2
		Reduce shuffle bytes=114
		Reduce input records=2
		Reduce output records=2
		Spilled Records=2
		Shuffled Maps =1
		Failed Shuffles=0
		Merged Map outputs=1
		GC time elapsed (ms)=1
		Total committed heap usage (bytes)=535822336
	Shuffle Errors
		BAD_ID=0
		CONNECTION=0
		IO_ERROR=0
		WRONG_LENGTH=0
		WRONG_MAP=0
		WRONG_REDUCE=0
	File Output Format Counters 
		Bytes Written=207
26/03/02 03:41:13 INFO mapred.LocalJobRunner: Finishing task: attempt_local70269079_0016_r_000000_0
26/03/02 03:41:13 INFO mapred.LocalJobRunner: Starting task: attempt_local70269079_0016_r_000001_0
26/03/02 03:41:13 INFO output.FileOutputCommitter: File Output Committer Algorithm version is 1
26/03/02 03:41:13 INFO mapred.Task:  Using ResourceCalculatorProcessTree : [ ]
26/03/02 03:41:13 INFO mapred.ReduceTask: Using ShuffleConsumerPlugin: org.apache.hadoop.mapreduce.task.reduce.Shuffle@52da5d61
26/03/02 03:41:13 INFO reduce.MergeManagerImpl: MergerManager: memoryLimit=375075616, maxSingleShuffleLimit=93768904, mergeThreshold=247549920, ioSortFactor=10, memToMemMergeOutputsThreshold=10
26/03/02 03:41:13 INFO reduce.EventFetcher: attempt_local70269079_0016_r_000001_0 Thread started: EventFetcher for fetching Map Completion Events
26/03/02 03:41:13 INFO reduce.LocalFetcher: localfetcher#62 about to shuffle output of map attempt_local70269079_0016_m_000000_0 decomp: 56 len: 60 to MEMORY
26/03/02 03:41:13 INFO reduce.InMemoryMapOutput: Read 56 bytes from map-output for attempt_local70269079_0016_m_000000_0
26/03/02 03:41:13 INFO reduce.MergeManagerImpl: closeInMemoryFile -> map-output of size: 56, inMemoryMapOutputs.size() -> 1, commitMemory -> 0, usedMemory ->56
26/03/02 03:41:13 INFO reduce.EventFetcher: EventFetcher is interrupted.. Returning
26/03/02 03:41:13 INFO mapred.LocalJobRunner: 1 / 1 copied.
26/03/02 03:41:13 INFO reduce.MergeManagerImpl: finalMerge called with 1 in-memory map-outputs and 0 on-disk map-outputs
26/03/02 03:41:13 INFO mapred.Merger: Merging 1 sorted segments
26/03/02 03:41:13 INFO mapred.Merger: Down to the last merge-pass, with 1 segments left of total size: 50 bytes
26/03/02 03:41:13 INFO reduce.MergeManagerImpl: Merged 1 segments, 56 bytes to disk to satisfy reduce memory limit
26/03/02 03:41:13 INFO reduce.MergeManagerImpl: Merging 1 files, 60 bytes from disk
26/03/02 03:41:13 INFO reduce.MergeManagerImpl: Merging 0 segments, 0 bytes from memory into reduce
26/03/02 03:41:13 INFO mapred.Merger: Merging 1 sorted segments
26/03/02 03:41:13 INFO mapred.Merger: Down to the last merge-pass, with 1 segments left of total size: 50 bytes
26/03/02 03:41:13 INFO mapred.LocalJobRunner: 1 / 1 copied.
26/03/02 03:41:13 INFO mapred.Task: Task:attempt_local70269079_0016_r_000001_0 is done. And is in the process of committing
26/03/02 03:41:13 INFO mapred.LocalJobRunner: 1 / 1 copied.
26/03/02 03:41:13 INFO mapred.Task: Task attempt_local70269079_0016_r_000001_0 is allowed to commit now
26/03/02 03:41:13 INFO output.FileOutputCommitter: Saved output of task 'attempt_local70269079_0016_r_000001_0' to hdfs://localhost:9000/project2/task2/runs_report_plus/scale500k_opt/iter_16/_temporary/0/task_local70269079_0016_r_000001
26/03/02 03:41:13 INFO mapred.LocalJobRunner: reduce > reduce
26/03/02 03:41:13 INFO mapred.Task: Task 'attempt_local70269079_0016_r_000001_0' done.
26/03/02 03:41:13 INFO mapred.Task: Final Counters for attempt_local70269079_0016_r_000001_0: Counters: 29
	File System Counters
		FILE: Number of bytes read=2334228
		FILE: Number of bytes written=7060493
		FILE: Number of read operations=0
		FILE: Number of large read operations=0
		FILE: Number of write operations=0
		HDFS: Number of bytes read=587047646
		HDFS: Number of bytes written=14041
		HDFS: Number of read operations=867
		HDFS: Number of large read operations=0
		HDFS: Number of write operations=280
	Map-Reduce Framework
		Combine input records=0
		Combine output records=0
		Reduce input groups=1
		Reduce shuffle bytes=60
		Reduce input records=1
		Reduce output records=1
		Spilled Records=1
		Shuffled Maps =1
		Failed Shuffles=0
		Merged Map outputs=1
		GC time elapsed (ms)=0
		Total committed heap usage (bytes)=535822336
	Shuffle Errors
		BAD_ID=0
		CONNECTION=0
		IO_ERROR=0
		WRONG_LENGTH=0
		WRONG_MAP=0
		WRONG_REDUCE=0
	File Output Format Counters 
		Bytes Written=103
26/03/02 03:41:13 INFO mapred.LocalJobRunner: Finishing task: attempt_local70269079_0016_r_000001_0
26/03/02 03:41:13 INFO mapred.LocalJobRunner: Starting task: attempt_local70269079_0016_r_000002_0
26/03/02 03:41:13 INFO output.FileOutputCommitter: File Output Committer Algorithm version is 1
26/03/02 03:41:13 INFO mapred.Task:  Using ResourceCalculatorProcessTree : [ ]
26/03/02 03:41:13 INFO mapred.ReduceTask: Using ShuffleConsumerPlugin: org.apache.hadoop.mapreduce.task.reduce.Shuffle@2ae3bcc0
26/03/02 03:41:13 INFO reduce.MergeManagerImpl: MergerManager: memoryLimit=375075616, maxSingleShuffleLimit=93768904, mergeThreshold=247549920, ioSortFactor=10, memToMemMergeOutputsThreshold=10
26/03/02 03:41:13 INFO reduce.EventFetcher: attempt_local70269079_0016_r_000002_0 Thread started: EventFetcher for fetching Map Completion Events
26/03/02 03:41:13 INFO reduce.LocalFetcher: localfetcher#63 about to shuffle output of map attempt_local70269079_0016_m_000000_0 decomp: 56 len: 60 to MEMORY
26/03/02 03:41:13 INFO reduce.InMemoryMapOutput: Read 56 bytes from map-output for attempt_local70269079_0016_m_000000_0
26/03/02 03:41:13 INFO reduce.MergeManagerImpl: closeInMemoryFile -> map-output of size: 56, inMemoryMapOutputs.size() -> 1, commitMemory -> 0, usedMemory ->56
26/03/02 03:41:13 INFO reduce.EventFetcher: EventFetcher is interrupted.. Returning
26/03/02 03:41:13 INFO mapred.LocalJobRunner: 1 / 1 copied.
26/03/02 03:41:13 INFO reduce.MergeManagerImpl: finalMerge called with 1 in-memory map-outputs and 0 on-disk map-outputs
26/03/02 03:41:13 INFO mapred.Merger: Merging 1 sorted segments
26/03/02 03:41:13 INFO mapred.Merger: Down to the last merge-pass, with 1 segments left of total size: 50 bytes
26/03/02 03:41:13 INFO reduce.MergeManagerImpl: Merged 1 segments, 56 bytes to disk to satisfy reduce memory limit
26/03/02 03:41:13 INFO reduce.MergeManagerImpl: Merging 1 files, 60 bytes from disk
26/03/02 03:41:13 INFO reduce.MergeManagerImpl: Merging 0 segments, 0 bytes from memory into reduce
26/03/02 03:41:13 INFO mapred.Merger: Merging 1 sorted segments
26/03/02 03:41:13 INFO mapred.Merger: Down to the last merge-pass, with 1 segments left of total size: 50 bytes
26/03/02 03:41:13 INFO mapred.LocalJobRunner: 1 / 1 copied.
26/03/02 03:41:13 INFO mapred.Task: Task:attempt_local70269079_0016_r_000002_0 is done. And is in the process of committing
26/03/02 03:41:13 INFO mapred.LocalJobRunner: 1 / 1 copied.
26/03/02 03:41:13 INFO mapred.Task: Task attempt_local70269079_0016_r_000002_0 is allowed to commit now
26/03/02 03:41:13 INFO output.FileOutputCommitter: Saved output of task 'attempt_local70269079_0016_r_000002_0' to hdfs://localhost:9000/project2/task2/runs_report_plus/scale500k_opt/iter_16/_temporary/0/task_local70269079_0016_r_000002
26/03/02 03:41:13 INFO mapred.LocalJobRunner: reduce > reduce
26/03/02 03:41:13 INFO mapred.Task: Task 'attempt_local70269079_0016_r_000002_0' done.
26/03/02 03:41:13 INFO mapred.Task: Final Counters for attempt_local70269079_0016_r_000002_0: Counters: 29
	File System Counters
		FILE: Number of bytes read=2334512
		FILE: Number of bytes written=7060553
		FILE: Number of read operations=0
		FILE: Number of large read operations=0
		FILE: Number of write operations=0
		HDFS: Number of bytes read=587047646
		HDFS: Number of bytes written=14144
		HDFS: Number of read operations=870
		HDFS: Number of large read operations=0
		HDFS: Number of write operations=282
	Map-Reduce Framework
		Combine input records=0
		Combine output records=0
		Reduce input groups=1
		Reduce shuffle bytes=60
		Reduce input records=1
		Reduce output records=1
		Spilled Records=1
		Shuffled Maps =1
		Failed Shuffles=0
		Merged Map outputs=1
		GC time elapsed (ms)=0
		Total committed heap usage (bytes)=535822336
	Shuffle Errors
		BAD_ID=0
		CONNECTION=0
		IO_ERROR=0
		WRONG_LENGTH=0
		WRONG_MAP=0
		WRONG_REDUCE=0
	File Output Format Counters 
		Bytes Written=103
26/03/02 03:41:13 INFO mapred.LocalJobRunner: Finishing task: attempt_local70269079_0016_r_000002_0
26/03/02 03:41:13 INFO mapred.LocalJobRunner: Starting task: attempt_local70269079_0016_r_000003_0
26/03/02 03:41:13 INFO output.FileOutputCommitter: File Output Committer Algorithm version is 1
26/03/02 03:41:13 INFO mapred.Task:  Using ResourceCalculatorProcessTree : [ ]
26/03/02 03:41:13 INFO mapred.ReduceTask: Using ShuffleConsumerPlugin: org.apache.hadoop.mapreduce.task.reduce.Shuffle@7947c7a5
26/03/02 03:41:13 INFO reduce.MergeManagerImpl: MergerManager: memoryLimit=375075616, maxSingleShuffleLimit=93768904, mergeThreshold=247549920, ioSortFactor=10, memToMemMergeOutputsThreshold=10
26/03/02 03:41:13 INFO reduce.EventFetcher: attempt_local70269079_0016_r_000003_0 Thread started: EventFetcher for fetching Map Completion Events
26/03/02 03:41:13 INFO reduce.LocalFetcher: localfetcher#64 about to shuffle output of map attempt_local70269079_0016_m_000000_0 decomp: 56 len: 60 to MEMORY
26/03/02 03:41:13 INFO reduce.InMemoryMapOutput: Read 56 bytes from map-output for attempt_local70269079_0016_m_000000_0
26/03/02 03:41:13 INFO reduce.MergeManagerImpl: closeInMemoryFile -> map-output of size: 56, inMemoryMapOutputs.size() -> 1, commitMemory -> 0, usedMemory ->56
26/03/02 03:41:13 WARN io.ReadaheadPool: Failed readahead on ifile
EBADF: Bad file descriptor
	at org.apache.hadoop.io.nativeio.NativeIO$POSIX.posix_fadvise(Native Method)
	at org.apache.hadoop.io.nativeio.NativeIO$POSIX.posixFadviseIfPossible(NativeIO.java:267)
	at org.apache.hadoop.io.nativeio.NativeIO$POSIX$CacheManipulator.posixFadviseIfPossible(NativeIO.java:146)
	at org.apache.hadoop.io.ReadaheadPool$ReadaheadRequestImpl.run(ReadaheadPool.java:206)
	at java.util.concurrent.ThreadPoolExecutor.runWorker(ThreadPoolExecutor.java:1149)
	at java.util.concurrent.ThreadPoolExecutor$Worker.run(ThreadPoolExecutor.java:624)
	at java.lang.Thread.run(Thread.java:748)
26/03/02 03:41:13 INFO reduce.EventFetcher: EventFetcher is interrupted.. Returning
26/03/02 03:41:13 INFO mapred.LocalJobRunner: 1 / 1 copied.
26/03/02 03:41:13 INFO reduce.MergeManagerImpl: finalMerge called with 1 in-memory map-outputs and 0 on-disk map-outputs
26/03/02 03:41:13 INFO mapred.Merger: Merging 1 sorted segments
26/03/02 03:41:13 INFO mapred.Merger: Down to the last merge-pass, with 1 segments left of total size: 50 bytes
26/03/02 03:41:13 INFO reduce.MergeManagerImpl: Merged 1 segments, 56 bytes to disk to satisfy reduce memory limit
26/03/02 03:41:13 INFO reduce.MergeManagerImpl: Merging 1 files, 60 bytes from disk
26/03/02 03:41:13 INFO reduce.MergeManagerImpl: Merging 0 segments, 0 bytes from memory into reduce
26/03/02 03:41:13 INFO mapred.Merger: Merging 1 sorted segments
26/03/02 03:41:13 INFO mapred.Merger: Down to the last merge-pass, with 1 segments left of total size: 50 bytes
26/03/02 03:41:13 INFO mapred.LocalJobRunner: 1 / 1 copied.
26/03/02 03:41:13 INFO mapred.Task: Task:attempt_local70269079_0016_r_000003_0 is done. And is in the process of committing
26/03/02 03:41:13 INFO mapred.LocalJobRunner: 1 / 1 copied.
26/03/02 03:41:13 INFO mapred.Task: Task attempt_local70269079_0016_r_000003_0 is allowed to commit now
26/03/02 03:41:13 INFO output.FileOutputCommitter: Saved output of task 'attempt_local70269079_0016_r_000003_0' to hdfs://localhost:9000/project2/task2/runs_report_plus/scale500k_opt/iter_16/_temporary/0/task_local70269079_0016_r_000003
26/03/02 03:41:13 INFO mapred.LocalJobRunner: reduce > reduce
26/03/02 03:41:13 INFO mapred.Task: Task 'attempt_local70269079_0016_r_000003_0' done.
26/03/02 03:41:13 INFO mapred.Task: Final Counters for attempt_local70269079_0016_r_000003_0: Counters: 29
	File System Counters
		FILE: Number of bytes read=2334736
		FILE: Number of bytes written=7060613
		FILE: Number of read operations=0
		FILE: Number of large read operations=0
		FILE: Number of write operations=0
		HDFS: Number of bytes read=587047646
		HDFS: Number of bytes written=14248
		HDFS: Number of read operations=873
		HDFS: Number of large read operations=0
		HDFS: Number of write operations=284
	Map-Reduce Framework
		Combine input records=0
		Combine output records=0
		Reduce input groups=1
		Reduce shuffle bytes=60
		Reduce input records=1
		Reduce output records=1
		Spilled Records=1
		Shuffled Maps =1
		Failed Shuffles=0
		Merged Map outputs=1
		GC time elapsed (ms)=0
		Total committed heap usage (bytes)=535822336
	Shuffle Errors
		BAD_ID=0
		CONNECTION=0
		IO_ERROR=0
		WRONG_LENGTH=0
		WRONG_MAP=0
		WRONG_REDUCE=0
	File Output Format Counters 
		Bytes Written=104
26/03/02 03:41:13 INFO mapred.LocalJobRunner: Finishing task: attempt_local70269079_0016_r_000003_0
26/03/02 03:41:13 INFO mapred.LocalJobRunner: reduce task executor complete.
26/03/02 03:41:13 INFO mapreduce.Job: Job job_local70269079_0016 running in uber mode : false
26/03/02 03:41:13 INFO mapreduce.Job:  map 100% reduce 100%
26/03/02 03:41:13 INFO mapreduce.Job: Job job_local70269079_0016 completed successfully
26/03/02 03:41:13 INFO mapreduce.Job: Counters: 35
	File System Counters
		FILE: Number of bytes read=11670732
		FILE: Number of bytes written=35302411
		FILE: Number of read operations=0
		FILE: Number of large read operations=0
		FILE: Number of write operations=0
		HDFS: Number of bytes read=2935238230
		HDFS: Number of bytes written=70102
		HDFS: Number of read operations=4335
		HDFS: Number of large read operations=0
		HDFS: Number of write operations=1400
	Map-Reduce Framework
		Map input records=500000
		Map output records=500000
		Map output bytes=26000000
		Map output materialized bytes=294
		Input split bytes=123
		Combine input records=500000
		Combine output records=5
		Reduce input groups=5
		Reduce shuffle bytes=294
		Reduce input records=5
		Reduce output records=5
		Spilled Records=10
		Shuffled Maps =4
		Failed Shuffles=0
		Merged Map outputs=4
		GC time elapsed (ms)=41
		Total committed heap usage (bytes)=2679111680
	Shuffle Errors
		BAD_ID=0
		CONNECTION=0
		IO_ERROR=0
		WRONG_LENGTH=0
		WRONG_MAP=0
		WRONG_REDUCE=0
	File Input Format Counters 
		Bytes Read=36688385
	File Output Format Counters 
		Bytes Written=517
26/03/02 03:41:14 INFO jvm.JvmMetrics: Cannot initialize JVM Metrics with processName=JobTracker, sessionId= - already initialized
26/03/02 03:41:14 WARN mapreduce.JobResourceUploader: Hadoop command-line option parsing not performed. Implement the Tool interface and execute your application with ToolRunner to remedy this.
26/03/02 03:41:14 INFO input.FileInputFormat: Total input paths to process : 1
26/03/02 03:41:14 INFO mapreduce.JobSubmitter: number of splits:1
26/03/02 03:41:14 INFO mapreduce.JobSubmitter: Submitting tokens for job: job_local561498911_0017
26/03/02 03:41:14 INFO mapred.LocalDistributedCacheManager: Creating symlink: /tmp/hadoop-ds503/mapred/local/1772422874037/centers_iter_16.csv <- /home/ds503/centers_iter_16.csv
26/03/02 03:41:14 INFO mapred.LocalDistributedCacheManager: Localized hdfs://localhost:9000/project2/task2/runs_report_plus/scale500k_opt/centers_iter_16.csv as file:/tmp/hadoop-ds503/mapred/local/1772422874037/centers_iter_16.csv
26/03/02 03:41:14 INFO mapreduce.Job: The url to track the job: http://localhost:8080/
26/03/02 03:41:14 INFO mapreduce.Job: Running job: job_local561498911_0017
26/03/02 03:41:14 INFO mapred.LocalJobRunner: OutputCommitter set in config null
26/03/02 03:41:14 INFO output.FileOutputCommitter: File Output Committer Algorithm version is 1
26/03/02 03:41:14 INFO mapred.LocalJobRunner: OutputCommitter is org.apache.hadoop.mapreduce.lib.output.FileOutputCommitter
26/03/02 03:41:14 INFO mapred.LocalJobRunner: Waiting for map tasks
26/03/02 03:41:14 INFO mapred.LocalJobRunner: Starting task: attempt_local561498911_0017_m_000000_0
26/03/02 03:41:14 INFO output.FileOutputCommitter: File Output Committer Algorithm version is 1
26/03/02 03:41:14 INFO mapred.Task:  Using ResourceCalculatorProcessTree : [ ]
26/03/02 03:41:14 INFO mapred.MapTask: Processing split: hdfs://localhost:9000/project2/task2/input/points_500k.csv:0+36688385
26/03/02 03:41:14 INFO mapred.MapTask: (EQUATOR) 0 kvi 26214396(104857584)
26/03/02 03:41:14 INFO mapred.MapTask: mapreduce.task.io.sort.mb: 100
26/03/02 03:41:14 INFO mapred.MapTask: soft limit at 83886080
26/03/02 03:41:14 INFO mapred.MapTask: bufstart = 0; bufvoid = 104857600
26/03/02 03:41:14 INFO mapred.MapTask: kvstart = 26214396; length = 6553600
26/03/02 03:41:14 INFO mapred.MapTask: Map output collector class = org.apache.hadoop.mapred.MapTask$MapOutputBuffer
26/03/02 03:41:14 INFO mapred.LocalJobRunner: 
26/03/02 03:41:14 INFO mapred.MapTask: Starting flush of map output
26/03/02 03:41:14 INFO mapred.MapTask: Spilling map output
26/03/02 03:41:14 INFO mapred.MapTask: bufstart = 0; bufend = 26000000; bufvoid = 104857600
26/03/02 03:41:14 INFO mapred.MapTask: kvstart = 26214396(104857584); kvend = 24214400(96857600); length = 1999997/6553600
26/03/02 03:41:14 INFO mapred.MapTask: Finished spill 0
26/03/02 03:41:14 INFO mapred.Task: Task:attempt_local561498911_0017_m_000000_0 is done. And is in the process of committing
26/03/02 03:41:14 INFO mapred.LocalJobRunner: map
26/03/02 03:41:14 INFO mapred.Task: Task 'attempt_local561498911_0017_m_000000_0' done.
26/03/02 03:41:14 INFO mapred.Task: Final Counters for attempt_local561498911_0017_m_000000_0: Counters: 23
	File System Counters
		FILE: Number of bytes read=2479293
		FILE: Number of bytes written=7501114
		FILE: Number of read operations=0
		FILE: Number of large read operations=0
		FILE: Number of write operations=0
		HDFS: Number of bytes read=623738186
		HDFS: Number of bytes written=14624
		HDFS: Number of read operations=917
		HDFS: Number of large read operations=0
		HDFS: Number of write operations=294
	Map-Reduce Framework
		Map input records=500000
		Map output records=500000
		Map output bytes=26000000
		Map output materialized bytes=294
		Input split bytes=123
		Combine input records=500000
		Combine output records=5
		Spilled Records=5
		Failed Shuffles=0
		Merged Map outputs=0
		GC time elapsed (ms)=10
		Total committed heap usage (bytes)=535822336
	File Input Format Counters 
		Bytes Read=36688385
26/03/02 03:41:14 INFO mapred.LocalJobRunner: Finishing task: attempt_local561498911_0017_m_000000_0
26/03/02 03:41:14 INFO mapred.LocalJobRunner: map task executor complete.
26/03/02 03:41:14 INFO mapred.LocalJobRunner: Waiting for reduce tasks
26/03/02 03:41:14 INFO mapred.LocalJobRunner: Starting task: attempt_local561498911_0017_r_000000_0
26/03/02 03:41:14 INFO output.FileOutputCommitter: File Output Committer Algorithm version is 1
26/03/02 03:41:14 INFO mapred.Task:  Using ResourceCalculatorProcessTree : [ ]
26/03/02 03:41:14 INFO mapred.ReduceTask: Using ShuffleConsumerPlugin: org.apache.hadoop.mapreduce.task.reduce.Shuffle@58d53697
26/03/02 03:41:14 INFO reduce.MergeManagerImpl: MergerManager: memoryLimit=375075616, maxSingleShuffleLimit=93768904, mergeThreshold=247549920, ioSortFactor=10, memToMemMergeOutputsThreshold=10
26/03/02 03:41:14 INFO reduce.EventFetcher: attempt_local561498911_0017_r_000000_0 Thread started: EventFetcher for fetching Map Completion Events
26/03/02 03:41:14 INFO reduce.LocalFetcher: localfetcher#65 about to shuffle output of map attempt_local561498911_0017_m_000000_0 decomp: 110 len: 114 to MEMORY
26/03/02 03:41:14 INFO reduce.InMemoryMapOutput: Read 110 bytes from map-output for attempt_local561498911_0017_m_000000_0
26/03/02 03:41:14 INFO reduce.MergeManagerImpl: closeInMemoryFile -> map-output of size: 110, inMemoryMapOutputs.size() -> 1, commitMemory -> 0, usedMemory ->110
26/03/02 03:41:14 WARN io.ReadaheadPool: Failed readahead on ifile
EBADF: Bad file descriptor
	at org.apache.hadoop.io.nativeio.NativeIO$POSIX.posix_fadvise(Native Method)
	at org.apache.hadoop.io.nativeio.NativeIO$POSIX.posixFadviseIfPossible(NativeIO.java:267)
	at org.apache.hadoop.io.nativeio.NativeIO$POSIX$CacheManipulator.posixFadviseIfPossible(NativeIO.java:146)
	at org.apache.hadoop.io.ReadaheadPool$ReadaheadRequestImpl.run(ReadaheadPool.java:206)
	at java.util.concurrent.ThreadPoolExecutor.runWorker(ThreadPoolExecutor.java:1149)
	at java.util.concurrent.ThreadPoolExecutor$Worker.run(ThreadPoolExecutor.java:624)
	at java.lang.Thread.run(Thread.java:748)
26/03/02 03:41:14 INFO reduce.EventFetcher: EventFetcher is interrupted.. Returning
26/03/02 03:41:14 INFO mapred.LocalJobRunner: 1 / 1 copied.
26/03/02 03:41:14 INFO reduce.MergeManagerImpl: finalMerge called with 1 in-memory map-outputs and 0 on-disk map-outputs
26/03/02 03:41:14 INFO mapred.Merger: Merging 1 sorted segments
26/03/02 03:41:14 INFO mapred.Merger: Down to the last merge-pass, with 1 segments left of total size: 104 bytes
26/03/02 03:41:14 INFO reduce.MergeManagerImpl: Merged 1 segments, 110 bytes to disk to satisfy reduce memory limit
26/03/02 03:41:14 INFO reduce.MergeManagerImpl: Merging 1 files, 114 bytes from disk
26/03/02 03:41:14 INFO reduce.MergeManagerImpl: Merging 0 segments, 0 bytes from memory into reduce
26/03/02 03:41:14 INFO mapred.Merger: Merging 1 sorted segments
26/03/02 03:41:14 INFO mapred.Merger: Down to the last merge-pass, with 1 segments left of total size: 104 bytes
26/03/02 03:41:14 INFO mapred.LocalJobRunner: 1 / 1 copied.
26/03/02 03:41:14 INFO mapred.Task: Task:attempt_local561498911_0017_r_000000_0 is done. And is in the process of committing
26/03/02 03:41:14 INFO mapred.LocalJobRunner: 1 / 1 copied.
26/03/02 03:41:14 INFO mapred.Task: Task attempt_local561498911_0017_r_000000_0 is allowed to commit now
26/03/02 03:41:14 INFO output.FileOutputCommitter: Saved output of task 'attempt_local561498911_0017_r_000000_0' to hdfs://localhost:9000/project2/task2/runs_report_plus/scale500k_opt/iter_17/_temporary/0/task_local561498911_0017_r_000000
26/03/02 03:41:14 INFO mapred.LocalJobRunner: reduce > reduce
26/03/02 03:41:14 INFO mapred.Task: Task 'attempt_local561498911_0017_r_000000_0' done.
26/03/02 03:41:14 INFO mapred.Task: Final Counters for attempt_local561498911_0017_r_000000_0: Counters: 29
	File System Counters
		FILE: Number of bytes read=2479805
		FILE: Number of bytes written=7501228
		FILE: Number of read operations=0
		FILE: Number of large read operations=0
		FILE: Number of write operations=0
		HDFS: Number of bytes read=623738186
		HDFS: Number of bytes written=14827
		HDFS: Number of read operations=920
		HDFS: Number of large read operations=0
		HDFS: Number of write operations=296
	Map-Reduce Framework
		Combine input records=0
		Combine output records=0
		Reduce input groups=2
		Reduce shuffle bytes=114
		Reduce input records=2
		Reduce output records=2
		Spilled Records=2
		Shuffled Maps =1
		Failed Shuffles=0
		Merged Map outputs=1
		GC time elapsed (ms)=0
		Total committed heap usage (bytes)=535822336
	Shuffle Errors
		BAD_ID=0
		CONNECTION=0
		IO_ERROR=0
		WRONG_LENGTH=0
		WRONG_MAP=0
		WRONG_REDUCE=0
	File Output Format Counters 
		Bytes Written=203
26/03/02 03:41:14 INFO mapred.LocalJobRunner: Finishing task: attempt_local561498911_0017_r_000000_0
26/03/02 03:41:14 INFO mapred.LocalJobRunner: Starting task: attempt_local561498911_0017_r_000001_0
26/03/02 03:41:14 INFO output.FileOutputCommitter: File Output Committer Algorithm version is 1
26/03/02 03:41:14 INFO mapred.Task:  Using ResourceCalculatorProcessTree : [ ]
26/03/02 03:41:14 INFO mapred.ReduceTask: Using ShuffleConsumerPlugin: org.apache.hadoop.mapreduce.task.reduce.Shuffle@66bf343a
26/03/02 03:41:14 INFO reduce.MergeManagerImpl: MergerManager: memoryLimit=375075616, maxSingleShuffleLimit=93768904, mergeThreshold=247549920, ioSortFactor=10, memToMemMergeOutputsThreshold=10
26/03/02 03:41:14 INFO reduce.EventFetcher: attempt_local561498911_0017_r_000001_0 Thread started: EventFetcher for fetching Map Completion Events
26/03/02 03:41:14 INFO reduce.LocalFetcher: localfetcher#66 about to shuffle output of map attempt_local561498911_0017_m_000000_0 decomp: 56 len: 60 to MEMORY
26/03/02 03:41:14 INFO reduce.InMemoryMapOutput: Read 56 bytes from map-output for attempt_local561498911_0017_m_000000_0
26/03/02 03:41:14 INFO reduce.MergeManagerImpl: closeInMemoryFile -> map-output of size: 56, inMemoryMapOutputs.size() -> 1, commitMemory -> 0, usedMemory ->56
26/03/02 03:41:14 WARN io.ReadaheadPool: Failed readahead on ifile
EBADF: Bad file descriptor
	at org.apache.hadoop.io.nativeio.NativeIO$POSIX.posix_fadvise(Native Method)
	at org.apache.hadoop.io.nativeio.NativeIO$POSIX.posixFadviseIfPossible(NativeIO.java:267)
	at org.apache.hadoop.io.nativeio.NativeIO$POSIX$CacheManipulator.posixFadviseIfPossible(NativeIO.java:146)
	at org.apache.hadoop.io.ReadaheadPool$ReadaheadRequestImpl.run(ReadaheadPool.java:206)
	at java.util.concurrent.ThreadPoolExecutor.runWorker(ThreadPoolExecutor.java:1149)
	at java.util.concurrent.ThreadPoolExecutor$Worker.run(ThreadPoolExecutor.java:624)
	at java.lang.Thread.run(Thread.java:748)
26/03/02 03:41:14 INFO reduce.EventFetcher: EventFetcher is interrupted.. Returning
26/03/02 03:41:14 INFO mapred.LocalJobRunner: 1 / 1 copied.
26/03/02 03:41:14 INFO reduce.MergeManagerImpl: finalMerge called with 1 in-memory map-outputs and 0 on-disk map-outputs
26/03/02 03:41:14 INFO mapred.Merger: Merging 1 sorted segments
26/03/02 03:41:14 INFO mapred.Merger: Down to the last merge-pass, with 1 segments left of total size: 50 bytes
26/03/02 03:41:14 INFO reduce.MergeManagerImpl: Merged 1 segments, 56 bytes to disk to satisfy reduce memory limit
26/03/02 03:41:14 INFO reduce.MergeManagerImpl: Merging 1 files, 60 bytes from disk
26/03/02 03:41:14 INFO reduce.MergeManagerImpl: Merging 0 segments, 0 bytes from memory into reduce
26/03/02 03:41:14 INFO mapred.Merger: Merging 1 sorted segments
26/03/02 03:41:14 INFO mapred.Merger: Down to the last merge-pass, with 1 segments left of total size: 50 bytes
26/03/02 03:41:14 INFO mapred.LocalJobRunner: 1 / 1 copied.
26/03/02 03:41:14 INFO mapred.Task: Task:attempt_local561498911_0017_r_000001_0 is done. And is in the process of committing
26/03/02 03:41:14 INFO mapred.LocalJobRunner: 1 / 1 copied.
26/03/02 03:41:14 INFO mapred.Task: Task attempt_local561498911_0017_r_000001_0 is allowed to commit now
26/03/02 03:41:14 INFO output.FileOutputCommitter: Saved output of task 'attempt_local561498911_0017_r_000001_0' to hdfs://localhost:9000/project2/task2/runs_report_plus/scale500k_opt/iter_17/_temporary/0/task_local561498911_0017_r_000001
26/03/02 03:41:14 INFO mapred.LocalJobRunner: reduce > reduce
26/03/02 03:41:14 INFO mapred.Task: Task 'attempt_local561498911_0017_r_000001_0' done.
26/03/02 03:41:14 INFO mapred.Task: Final Counters for attempt_local561498911_0017_r_000001_0: Counters: 29
	File System Counters
		FILE: Number of bytes read=2480149
		FILE: Number of bytes written=7501288
		FILE: Number of read operations=0
		FILE: Number of large read operations=0
		FILE: Number of write operations=0
		HDFS: Number of bytes read=623738186
		HDFS: Number of bytes written=14932
		HDFS: Number of read operations=923
		HDFS: Number of large read operations=0
		HDFS: Number of write operations=298
	Map-Reduce Framework
		Combine input records=0
		Combine output records=0
		Reduce input groups=1
		Reduce shuffle bytes=60
		Reduce input records=1
		Reduce output records=1
		Spilled Records=1
		Shuffled Maps =1
		Failed Shuffles=0
		Merged Map outputs=1
		GC time elapsed (ms)=1
		Total committed heap usage (bytes)=535822336
	Shuffle Errors
		BAD_ID=0
		CONNECTION=0
		IO_ERROR=0
		WRONG_LENGTH=0
		WRONG_MAP=0
		WRONG_REDUCE=0
	File Output Format Counters 
		Bytes Written=105
26/03/02 03:41:14 INFO mapred.LocalJobRunner: Finishing task: attempt_local561498911_0017_r_000001_0
26/03/02 03:41:14 INFO mapred.LocalJobRunner: Starting task: attempt_local561498911_0017_r_000002_0
26/03/02 03:41:14 INFO output.FileOutputCommitter: File Output Committer Algorithm version is 1
26/03/02 03:41:14 INFO mapred.Task:  Using ResourceCalculatorProcessTree : [ ]
26/03/02 03:41:14 INFO mapred.ReduceTask: Using ShuffleConsumerPlugin: org.apache.hadoop.mapreduce.task.reduce.Shuffle@1e88bd67
26/03/02 03:41:14 INFO reduce.MergeManagerImpl: MergerManager: memoryLimit=375075616, maxSingleShuffleLimit=93768904, mergeThreshold=247549920, ioSortFactor=10, memToMemMergeOutputsThreshold=10
26/03/02 03:41:14 INFO reduce.EventFetcher: attempt_local561498911_0017_r_000002_0 Thread started: EventFetcher for fetching Map Completion Events
26/03/02 03:41:14 INFO reduce.LocalFetcher: localfetcher#67 about to shuffle output of map attempt_local561498911_0017_m_000000_0 decomp: 56 len: 60 to MEMORY
26/03/02 03:41:14 INFO reduce.InMemoryMapOutput: Read 56 bytes from map-output for attempt_local561498911_0017_m_000000_0
26/03/02 03:41:14 INFO reduce.MergeManagerImpl: closeInMemoryFile -> map-output of size: 56, inMemoryMapOutputs.size() -> 1, commitMemory -> 0, usedMemory ->56
26/03/02 03:41:14 INFO reduce.EventFetcher: EventFetcher is interrupted.. Returning
26/03/02 03:41:14 INFO mapred.LocalJobRunner: 1 / 1 copied.
26/03/02 03:41:14 INFO reduce.MergeManagerImpl: finalMerge called with 1 in-memory map-outputs and 0 on-disk map-outputs
26/03/02 03:41:14 INFO mapred.Merger: Merging 1 sorted segments
26/03/02 03:41:14 INFO mapred.Merger: Down to the last merge-pass, with 1 segments left of total size: 50 bytes
26/03/02 03:41:14 INFO reduce.MergeManagerImpl: Merged 1 segments, 56 bytes to disk to satisfy reduce memory limit
26/03/02 03:41:14 INFO reduce.MergeManagerImpl: Merging 1 files, 60 bytes from disk
26/03/02 03:41:14 INFO reduce.MergeManagerImpl: Merging 0 segments, 0 bytes from memory into reduce
26/03/02 03:41:14 INFO mapred.Merger: Merging 1 sorted segments
26/03/02 03:41:14 INFO mapred.Merger: Down to the last merge-pass, with 1 segments left of total size: 50 bytes
26/03/02 03:41:14 INFO mapred.LocalJobRunner: 1 / 1 copied.
26/03/02 03:41:14 INFO mapred.Task: Task:attempt_local561498911_0017_r_000002_0 is done. And is in the process of committing
26/03/02 03:41:14 INFO mapred.LocalJobRunner: 1 / 1 copied.
26/03/02 03:41:14 INFO mapred.Task: Task attempt_local561498911_0017_r_000002_0 is allowed to commit now
26/03/02 03:41:14 INFO output.FileOutputCommitter: Saved output of task 'attempt_local561498911_0017_r_000002_0' to hdfs://localhost:9000/project2/task2/runs_report_plus/scale500k_opt/iter_17/_temporary/0/task_local561498911_0017_r_000002
26/03/02 03:41:14 INFO mapred.LocalJobRunner: reduce > reduce
26/03/02 03:41:14 INFO mapred.Task: Task 'attempt_local561498911_0017_r_000002_0' done.
26/03/02 03:41:14 INFO mapred.Task: Final Counters for attempt_local561498911_0017_r_000002_0: Counters: 29
	File System Counters
		FILE: Number of bytes read=2480433
		FILE: Number of bytes written=7501348
		FILE: Number of read operations=0
		FILE: Number of large read operations=0
		FILE: Number of write operations=0
		HDFS: Number of bytes read=623738186
		HDFS: Number of bytes written=15033
		HDFS: Number of read operations=926
		HDFS: Number of large read operations=0
		HDFS: Number of write operations=300
	Map-Reduce Framework
		Combine input records=0
		Combine output records=0
		Reduce input groups=1
		Reduce shuffle bytes=60
		Reduce input records=1
		Reduce output records=1
		Spilled Records=1
		Shuffled Maps =1
		Failed Shuffles=0
		Merged Map outputs=1
		GC time elapsed (ms)=0
		Total committed heap usage (bytes)=535822336
	Shuffle Errors
		BAD_ID=0
		CONNECTION=0
		IO_ERROR=0
		WRONG_LENGTH=0
		WRONG_MAP=0
		WRONG_REDUCE=0
	File Output Format Counters 
		Bytes Written=101
26/03/02 03:41:14 INFO mapred.LocalJobRunner: Finishing task: attempt_local561498911_0017_r_000002_0
26/03/02 03:41:14 INFO mapred.LocalJobRunner: Starting task: attempt_local561498911_0017_r_000003_0
26/03/02 03:41:14 INFO output.FileOutputCommitter: File Output Committer Algorithm version is 1
26/03/02 03:41:14 INFO mapred.Task:  Using ResourceCalculatorProcessTree : [ ]
26/03/02 03:41:14 INFO mapred.ReduceTask: Using ShuffleConsumerPlugin: org.apache.hadoop.mapreduce.task.reduce.Shuffle@6881c2b7
26/03/02 03:41:14 INFO reduce.MergeManagerImpl: MergerManager: memoryLimit=375075616, maxSingleShuffleLimit=93768904, mergeThreshold=247549920, ioSortFactor=10, memToMemMergeOutputsThreshold=10
26/03/02 03:41:14 INFO reduce.EventFetcher: attempt_local561498911_0017_r_000003_0 Thread started: EventFetcher for fetching Map Completion Events
26/03/02 03:41:14 INFO reduce.LocalFetcher: localfetcher#68 about to shuffle output of map attempt_local561498911_0017_m_000000_0 decomp: 56 len: 60 to MEMORY
26/03/02 03:41:14 INFO reduce.InMemoryMapOutput: Read 56 bytes from map-output for attempt_local561498911_0017_m_000000_0
26/03/02 03:41:14 INFO reduce.MergeManagerImpl: closeInMemoryFile -> map-output of size: 56, inMemoryMapOutputs.size() -> 1, commitMemory -> 0, usedMemory ->56
26/03/02 03:41:14 WARN io.ReadaheadPool: Failed readahead on ifile
EBADF: Bad file descriptor
	at org.apache.hadoop.io.nativeio.NativeIO$POSIX.posix_fadvise(Native Method)
	at org.apache.hadoop.io.nativeio.NativeIO$POSIX.posixFadviseIfPossible(NativeIO.java:267)
	at org.apache.hadoop.io.nativeio.NativeIO$POSIX$CacheManipulator.posixFadviseIfPossible(NativeIO.java:146)
	at org.apache.hadoop.io.ReadaheadPool$ReadaheadRequestImpl.run(ReadaheadPool.java:206)
	at java.util.concurrent.ThreadPoolExecutor.runWorker(ThreadPoolExecutor.java:1149)
	at java.util.concurrent.ThreadPoolExecutor$Worker.run(ThreadPoolExecutor.java:624)
	at java.lang.Thread.run(Thread.java:748)
26/03/02 03:41:14 INFO reduce.EventFetcher: EventFetcher is interrupted.. Returning
26/03/02 03:41:14 INFO mapred.LocalJobRunner: 1 / 1 copied.
26/03/02 03:41:14 INFO reduce.MergeManagerImpl: finalMerge called with 1 in-memory map-outputs and 0 on-disk map-outputs
26/03/02 03:41:14 INFO mapred.Merger: Merging 1 sorted segments
26/03/02 03:41:14 INFO mapred.Merger: Down to the last merge-pass, with 1 segments left of total size: 50 bytes
26/03/02 03:41:14 INFO reduce.MergeManagerImpl: Merged 1 segments, 56 bytes to disk to satisfy reduce memory limit
26/03/02 03:41:14 INFO reduce.MergeManagerImpl: Merging 1 files, 60 bytes from disk
26/03/02 03:41:14 INFO reduce.MergeManagerImpl: Merging 0 segments, 0 bytes from memory into reduce
26/03/02 03:41:14 INFO mapred.Merger: Merging 1 sorted segments
26/03/02 03:41:14 INFO mapred.Merger: Down to the last merge-pass, with 1 segments left of total size: 50 bytes
26/03/02 03:41:14 INFO mapred.LocalJobRunner: 1 / 1 copied.
26/03/02 03:41:14 INFO mapred.Task: Task:attempt_local561498911_0017_r_000003_0 is done. And is in the process of committing
26/03/02 03:41:14 INFO mapred.LocalJobRunner: 1 / 1 copied.
26/03/02 03:41:14 INFO mapred.Task: Task attempt_local561498911_0017_r_000003_0 is allowed to commit now
26/03/02 03:41:14 INFO output.FileOutputCommitter: Saved output of task 'attempt_local561498911_0017_r_000003_0' to hdfs://localhost:9000/project2/task2/runs_report_plus/scale500k_opt/iter_17/_temporary/0/task_local561498911_0017_r_000003
26/03/02 03:41:14 INFO mapred.LocalJobRunner: reduce > reduce
26/03/02 03:41:14 INFO mapred.Task: Task 'attempt_local561498911_0017_r_000003_0' done.
26/03/02 03:41:14 INFO mapred.Task: Final Counters for attempt_local561498911_0017_r_000003_0: Counters: 29
	File System Counters
		FILE: Number of bytes read=2480657
		FILE: Number of bytes written=7501408
		FILE: Number of read operations=0
		FILE: Number of large read operations=0
		FILE: Number of write operations=0
		HDFS: Number of bytes read=623738186
		HDFS: Number of bytes written=15137
		HDFS: Number of read operations=929
		HDFS: Number of large read operations=0
		HDFS: Number of write operations=302
	Map-Reduce Framework
		Combine input records=0
		Combine output records=0
		Reduce input groups=1
		Reduce shuffle bytes=60
		Reduce input records=1
		Reduce output records=1
		Spilled Records=1
		Shuffled Maps =1
		Failed Shuffles=0
		Merged Map outputs=1
		GC time elapsed (ms)=0
		Total committed heap usage (bytes)=535822336
	Shuffle Errors
		BAD_ID=0
		CONNECTION=0
		IO_ERROR=0
		WRONG_LENGTH=0
		WRONG_MAP=0
		WRONG_REDUCE=0
	File Output Format Counters 
		Bytes Written=104
26/03/02 03:41:14 INFO mapred.LocalJobRunner: Finishing task: attempt_local561498911_0017_r_000003_0
26/03/02 03:41:14 INFO mapred.LocalJobRunner: reduce task executor complete.
26/03/02 03:41:15 INFO mapreduce.Job: Job job_local561498911_0017 running in uber mode : false
26/03/02 03:41:15 INFO mapreduce.Job:  map 100% reduce 100%
26/03/02 03:41:15 INFO mapreduce.Job: Job job_local561498911_0017 completed successfully
26/03/02 03:41:15 INFO mapreduce.Job: Counters: 35
	File System Counters
		FILE: Number of bytes read=12400337
		FILE: Number of bytes written=37506386
		FILE: Number of read operations=0
		FILE: Number of large read operations=0
		FILE: Number of write operations=0
		HDFS: Number of bytes read=3118690930
		HDFS: Number of bytes written=74553
		HDFS: Number of read operations=4615
		HDFS: Number of large read operations=0
		HDFS: Number of write operations=1490
	Map-Reduce Framework
		Map input records=500000
		Map output records=500000
		Map output bytes=26000000
		Map output materialized bytes=294
		Input split bytes=123
		Combine input records=500000
		Combine output records=5
		Reduce input groups=5
		Reduce shuffle bytes=294
		Reduce input records=5
		Reduce output records=5
		Spilled Records=10
		Shuffled Maps =4
		Failed Shuffles=0
		Merged Map outputs=4
		GC time elapsed (ms)=11
		Total committed heap usage (bytes)=2679111680
	Shuffle Errors
		BAD_ID=0
		CONNECTION=0
		IO_ERROR=0
		WRONG_LENGTH=0
		WRONG_MAP=0
		WRONG_REDUCE=0
	File Input Format Counters 
		Bytes Read=36688385
	File Output Format Counters 
		Bytes Written=513
26/03/02 03:41:15 INFO jvm.JvmMetrics: Cannot initialize JVM Metrics with processName=JobTracker, sessionId= - already initialized
26/03/02 03:41:15 WARN mapreduce.JobResourceUploader: Hadoop command-line option parsing not performed. Implement the Tool interface and execute your application with ToolRunner to remedy this.
26/03/02 03:41:15 INFO input.FileInputFormat: Total input paths to process : 1
26/03/02 03:41:15 INFO mapreduce.JobSubmitter: number of splits:1
26/03/02 03:41:15 INFO mapreduce.JobSubmitter: Submitting tokens for job: job_local1660223162_0018
26/03/02 03:41:15 INFO mapred.LocalDistributedCacheManager: Creating symlink: /tmp/hadoop-ds503/mapred/local/1772422875116/centers_iter_17.csv <- /home/ds503/centers_iter_17.csv
26/03/02 03:41:15 INFO mapred.LocalDistributedCacheManager: Localized hdfs://localhost:9000/project2/task2/runs_report_plus/scale500k_opt/centers_iter_17.csv as file:/tmp/hadoop-ds503/mapred/local/1772422875116/centers_iter_17.csv
26/03/02 03:41:15 INFO mapreduce.Job: The url to track the job: http://localhost:8080/
26/03/02 03:41:15 INFO mapreduce.Job: Running job: job_local1660223162_0018
26/03/02 03:41:15 INFO mapred.LocalJobRunner: OutputCommitter set in config null
26/03/02 03:41:15 INFO output.FileOutputCommitter: File Output Committer Algorithm version is 1
26/03/02 03:41:15 INFO mapred.LocalJobRunner: OutputCommitter is org.apache.hadoop.mapreduce.lib.output.FileOutputCommitter
26/03/02 03:41:15 INFO mapred.LocalJobRunner: Waiting for map tasks
26/03/02 03:41:15 INFO mapred.LocalJobRunner: Starting task: attempt_local1660223162_0018_m_000000_0
26/03/02 03:41:15 INFO output.FileOutputCommitter: File Output Committer Algorithm version is 1
26/03/02 03:41:15 INFO mapred.Task:  Using ResourceCalculatorProcessTree : [ ]
26/03/02 03:41:15 INFO mapred.MapTask: Processing split: hdfs://localhost:9000/project2/task2/input/points_500k.csv:0+36688385
26/03/02 03:41:15 INFO mapred.MapTask: (EQUATOR) 0 kvi 26214396(104857584)
26/03/02 03:41:15 INFO mapred.MapTask: mapreduce.task.io.sort.mb: 100
26/03/02 03:41:15 INFO mapred.MapTask: soft limit at 83886080
26/03/02 03:41:15 INFO mapred.MapTask: bufstart = 0; bufvoid = 104857600
26/03/02 03:41:15 INFO mapred.MapTask: kvstart = 26214396; length = 6553600
26/03/02 03:41:15 INFO mapred.MapTask: Map output collector class = org.apache.hadoop.mapred.MapTask$MapOutputBuffer
26/03/02 03:41:15 INFO mapred.LocalJobRunner: 
26/03/02 03:41:15 INFO mapred.MapTask: Starting flush of map output
26/03/02 03:41:15 INFO mapred.MapTask: Spilling map output
26/03/02 03:41:15 INFO mapred.MapTask: bufstart = 0; bufend = 26000000; bufvoid = 104857600
26/03/02 03:41:15 INFO mapred.MapTask: kvstart = 26214396(104857584); kvend = 24214400(96857600); length = 1999997/6553600
26/03/02 03:41:15 INFO mapred.MapTask: Finished spill 0
26/03/02 03:41:15 INFO mapred.Task: Task:attempt_local1660223162_0018_m_000000_0 is done. And is in the process of committing
26/03/02 03:41:15 INFO mapred.LocalJobRunner: map
26/03/02 03:41:15 INFO mapred.Task: Task 'attempt_local1660223162_0018_m_000000_0' done.
26/03/02 03:41:15 INFO mapred.Task: Final Counters for attempt_local1660223162_0018_m_000000_0: Counters: 23
	File System Counters
		FILE: Number of bytes read=2625214
		FILE: Number of bytes written=7943492
		FILE: Number of read operations=0
		FILE: Number of large read operations=0
		FILE: Number of write operations=0
		HDFS: Number of bytes read=660428715
		HDFS: Number of bytes written=15508
		HDFS: Number of read operations=973
		HDFS: Number of large read operations=0
		HDFS: Number of write operations=312
	Map-Reduce Framework
		Map input records=500000
		Map output records=500000
		Map output bytes=26000000
		Map output materialized bytes=294
		Input split bytes=123
		Combine input records=500000
		Combine output records=5
		Spilled Records=5
		Failed Shuffles=0
		Merged Map outputs=0
		GC time elapsed (ms)=44
		Total committed heap usage (bytes)=492306432
	File Input Format Counters 
		Bytes Read=36688385
26/03/02 03:41:15 INFO mapred.LocalJobRunner: Finishing task: attempt_local1660223162_0018_m_000000_0
26/03/02 03:41:15 INFO mapred.LocalJobRunner: map task executor complete.
26/03/02 03:41:15 INFO mapred.LocalJobRunner: Waiting for reduce tasks
26/03/02 03:41:15 INFO mapred.LocalJobRunner: Starting task: attempt_local1660223162_0018_r_000000_0
26/03/02 03:41:15 INFO output.FileOutputCommitter: File Output Committer Algorithm version is 1
26/03/02 03:41:15 INFO mapred.Task:  Using ResourceCalculatorProcessTree : [ ]
26/03/02 03:41:15 INFO mapred.ReduceTask: Using ShuffleConsumerPlugin: org.apache.hadoop.mapreduce.task.reduce.Shuffle@2e7efaa5
26/03/02 03:41:15 INFO reduce.MergeManagerImpl: MergerManager: memoryLimit=344614496, maxSingleShuffleLimit=86153624, mergeThreshold=227445584, ioSortFactor=10, memToMemMergeOutputsThreshold=10
26/03/02 03:41:15 INFO reduce.EventFetcher: attempt_local1660223162_0018_r_000000_0 Thread started: EventFetcher for fetching Map Completion Events
26/03/02 03:41:15 INFO reduce.LocalFetcher: localfetcher#69 about to shuffle output of map attempt_local1660223162_0018_m_000000_0 decomp: 110 len: 114 to MEMORY
26/03/02 03:41:15 INFO reduce.InMemoryMapOutput: Read 110 bytes from map-output for attempt_local1660223162_0018_m_000000_0
26/03/02 03:41:15 INFO reduce.MergeManagerImpl: closeInMemoryFile -> map-output of size: 110, inMemoryMapOutputs.size() -> 1, commitMemory -> 0, usedMemory ->110
26/03/02 03:41:15 INFO reduce.EventFetcher: EventFetcher is interrupted.. Returning
26/03/02 03:41:15 INFO mapred.LocalJobRunner: 1 / 1 copied.
26/03/02 03:41:15 INFO reduce.MergeManagerImpl: finalMerge called with 1 in-memory map-outputs and 0 on-disk map-outputs
26/03/02 03:41:15 INFO mapred.Merger: Merging 1 sorted segments
26/03/02 03:41:15 INFO mapred.Merger: Down to the last merge-pass, with 1 segments left of total size: 104 bytes
26/03/02 03:41:15 INFO reduce.MergeManagerImpl: Merged 1 segments, 110 bytes to disk to satisfy reduce memory limit
26/03/02 03:41:15 INFO reduce.MergeManagerImpl: Merging 1 files, 114 bytes from disk
26/03/02 03:41:15 INFO reduce.MergeManagerImpl: Merging 0 segments, 0 bytes from memory into reduce
26/03/02 03:41:15 INFO mapred.Merger: Merging 1 sorted segments
26/03/02 03:41:15 INFO mapred.Merger: Down to the last merge-pass, with 1 segments left of total size: 104 bytes
26/03/02 03:41:15 INFO mapred.LocalJobRunner: 1 / 1 copied.
26/03/02 03:41:15 INFO mapred.Task: Task:attempt_local1660223162_0018_r_000000_0 is done. And is in the process of committing
26/03/02 03:41:15 INFO mapred.LocalJobRunner: 1 / 1 copied.
26/03/02 03:41:15 INFO mapred.Task: Task attempt_local1660223162_0018_r_000000_0 is allowed to commit now
26/03/02 03:41:15 INFO output.FileOutputCommitter: Saved output of task 'attempt_local1660223162_0018_r_000000_0' to hdfs://localhost:9000/project2/task2/runs_report_plus/scale500k_opt/iter_18/_temporary/0/task_local1660223162_0018_r_000000
26/03/02 03:41:15 INFO mapred.LocalJobRunner: reduce > reduce
26/03/02 03:41:15 INFO mapred.Task: Task 'attempt_local1660223162_0018_r_000000_0' done.
26/03/02 03:41:15 INFO mapred.Task: Final Counters for attempt_local1660223162_0018_r_000000_0: Counters: 29
	File System Counters
		FILE: Number of bytes read=2625726
		FILE: Number of bytes written=7943606
		FILE: Number of read operations=0
		FILE: Number of large read operations=0
		FILE: Number of write operations=0
		HDFS: Number of bytes read=660428715
		HDFS: Number of bytes written=15714
		HDFS: Number of read operations=976
		HDFS: Number of large read operations=0
		HDFS: Number of write operations=314
	Map-Reduce Framework
		Combine input records=0
		Combine output records=0
		Reduce input groups=2
		Reduce shuffle bytes=114
		Reduce input records=2
		Reduce output records=2
		Spilled Records=2
		Shuffled Maps =1
		Failed Shuffles=0
		Merged Map outputs=1
		GC time elapsed (ms)=0
		Total committed heap usage (bytes)=492306432
	Shuffle Errors
		BAD_ID=0
		CONNECTION=0
		IO_ERROR=0
		WRONG_LENGTH=0
		WRONG_MAP=0
		WRONG_REDUCE=0
	File Output Format Counters 
		Bytes Written=206
26/03/02 03:41:15 INFO mapred.LocalJobRunner: Finishing task: attempt_local1660223162_0018_r_000000_0
26/03/02 03:41:15 INFO mapred.LocalJobRunner: Starting task: attempt_local1660223162_0018_r_000001_0
26/03/02 03:41:15 INFO output.FileOutputCommitter: File Output Committer Algorithm version is 1
26/03/02 03:41:15 INFO mapred.Task:  Using ResourceCalculatorProcessTree : [ ]
26/03/02 03:41:15 INFO mapred.ReduceTask: Using ShuffleConsumerPlugin: org.apache.hadoop.mapreduce.task.reduce.Shuffle@38766e66
26/03/02 03:41:15 INFO reduce.MergeManagerImpl: MergerManager: memoryLimit=344614496, maxSingleShuffleLimit=86153624, mergeThreshold=227445584, ioSortFactor=10, memToMemMergeOutputsThreshold=10
26/03/02 03:41:15 INFO reduce.EventFetcher: attempt_local1660223162_0018_r_000001_0 Thread started: EventFetcher for fetching Map Completion Events
26/03/02 03:41:15 INFO reduce.LocalFetcher: localfetcher#70 about to shuffle output of map attempt_local1660223162_0018_m_000000_0 decomp: 56 len: 60 to MEMORY
26/03/02 03:41:15 INFO reduce.InMemoryMapOutput: Read 56 bytes from map-output for attempt_local1660223162_0018_m_000000_0
26/03/02 03:41:15 INFO reduce.MergeManagerImpl: closeInMemoryFile -> map-output of size: 56, inMemoryMapOutputs.size() -> 1, commitMemory -> 0, usedMemory ->56
26/03/02 03:41:15 INFO reduce.EventFetcher: EventFetcher is interrupted.. Returning
26/03/02 03:41:15 INFO mapred.LocalJobRunner: 1 / 1 copied.
26/03/02 03:41:15 INFO reduce.MergeManagerImpl: finalMerge called with 1 in-memory map-outputs and 0 on-disk map-outputs
26/03/02 03:41:15 INFO mapred.Merger: Merging 1 sorted segments
26/03/02 03:41:15 INFO mapred.Merger: Down to the last merge-pass, with 1 segments left of total size: 50 bytes
26/03/02 03:41:15 INFO reduce.MergeManagerImpl: Merged 1 segments, 56 bytes to disk to satisfy reduce memory limit
26/03/02 03:41:15 INFO reduce.MergeManagerImpl: Merging 1 files, 60 bytes from disk
26/03/02 03:41:15 INFO reduce.MergeManagerImpl: Merging 0 segments, 0 bytes from memory into reduce
26/03/02 03:41:15 INFO mapred.Merger: Merging 1 sorted segments
26/03/02 03:41:15 INFO mapred.Merger: Down to the last merge-pass, with 1 segments left of total size: 50 bytes
26/03/02 03:41:15 INFO mapred.LocalJobRunner: 1 / 1 copied.
26/03/02 03:41:15 INFO mapred.Task: Task:attempt_local1660223162_0018_r_000001_0 is done. And is in the process of committing
26/03/02 03:41:15 INFO mapred.LocalJobRunner: 1 / 1 copied.
26/03/02 03:41:15 INFO mapred.Task: Task attempt_local1660223162_0018_r_000001_0 is allowed to commit now
26/03/02 03:41:15 INFO output.FileOutputCommitter: Saved output of task 'attempt_local1660223162_0018_r_000001_0' to hdfs://localhost:9000/project2/task2/runs_report_plus/scale500k_opt/iter_18/_temporary/0/task_local1660223162_0018_r_000001
26/03/02 03:41:15 INFO mapred.LocalJobRunner: reduce > reduce
26/03/02 03:41:15 INFO mapred.Task: Task 'attempt_local1660223162_0018_r_000001_0' done.
26/03/02 03:41:15 INFO mapred.Task: Final Counters for attempt_local1660223162_0018_r_000001_0: Counters: 29
	File System Counters
		FILE: Number of bytes read=2626070
		FILE: Number of bytes written=7943666
		FILE: Number of read operations=0
		FILE: Number of large read operations=0
		FILE: Number of write operations=0
		HDFS: Number of bytes read=660428715
		HDFS: Number of bytes written=15817
		HDFS: Number of read operations=979
		HDFS: Number of large read operations=0
		HDFS: Number of write operations=316
	Map-Reduce Framework
		Combine input records=0
		Combine output records=0
		Reduce input groups=1
		Reduce shuffle bytes=60
		Reduce input records=1
		Reduce output records=1
		Spilled Records=1
		Shuffled Maps =1
		Failed Shuffles=0
		Merged Map outputs=1
		GC time elapsed (ms)=0
		Total committed heap usage (bytes)=492306432
	Shuffle Errors
		BAD_ID=0
		CONNECTION=0
		IO_ERROR=0
		WRONG_LENGTH=0
		WRONG_MAP=0
		WRONG_REDUCE=0
	File Output Format Counters 
		Bytes Written=103
26/03/02 03:41:15 INFO mapred.LocalJobRunner: Finishing task: attempt_local1660223162_0018_r_000001_0
26/03/02 03:41:15 INFO mapred.LocalJobRunner: Starting task: attempt_local1660223162_0018_r_000002_0
26/03/02 03:41:15 INFO output.FileOutputCommitter: File Output Committer Algorithm version is 1
26/03/02 03:41:15 INFO mapred.Task:  Using ResourceCalculatorProcessTree : [ ]
26/03/02 03:41:15 INFO mapred.ReduceTask: Using ShuffleConsumerPlugin: org.apache.hadoop.mapreduce.task.reduce.Shuffle@40b7b24a
26/03/02 03:41:15 INFO reduce.MergeManagerImpl: MergerManager: memoryLimit=344614496, maxSingleShuffleLimit=86153624, mergeThreshold=227445584, ioSortFactor=10, memToMemMergeOutputsThreshold=10
26/03/02 03:41:15 INFO reduce.EventFetcher: attempt_local1660223162_0018_r_000002_0 Thread started: EventFetcher for fetching Map Completion Events
26/03/02 03:41:15 INFO reduce.LocalFetcher: localfetcher#71 about to shuffle output of map attempt_local1660223162_0018_m_000000_0 decomp: 56 len: 60 to MEMORY
26/03/02 03:41:15 INFO reduce.InMemoryMapOutput: Read 56 bytes from map-output for attempt_local1660223162_0018_m_000000_0
26/03/02 03:41:15 INFO reduce.MergeManagerImpl: closeInMemoryFile -> map-output of size: 56, inMemoryMapOutputs.size() -> 1, commitMemory -> 0, usedMemory ->56
26/03/02 03:41:15 INFO reduce.EventFetcher: EventFetcher is interrupted.. Returning
26/03/02 03:41:15 INFO mapred.LocalJobRunner: 1 / 1 copied.
26/03/02 03:41:15 INFO reduce.MergeManagerImpl: finalMerge called with 1 in-memory map-outputs and 0 on-disk map-outputs
26/03/02 03:41:15 INFO mapred.Merger: Merging 1 sorted segments
26/03/02 03:41:15 INFO mapred.Merger: Down to the last merge-pass, with 1 segments left of total size: 50 bytes
26/03/02 03:41:15 INFO reduce.MergeManagerImpl: Merged 1 segments, 56 bytes to disk to satisfy reduce memory limit
26/03/02 03:41:15 INFO reduce.MergeManagerImpl: Merging 1 files, 60 bytes from disk
26/03/02 03:41:15 INFO reduce.MergeManagerImpl: Merging 0 segments, 0 bytes from memory into reduce
26/03/02 03:41:15 INFO mapred.Merger: Merging 1 sorted segments
26/03/02 03:41:15 INFO mapred.Merger: Down to the last merge-pass, with 1 segments left of total size: 50 bytes
26/03/02 03:41:15 INFO mapred.LocalJobRunner: 1 / 1 copied.
26/03/02 03:41:15 INFO mapred.Task: Task:attempt_local1660223162_0018_r_000002_0 is done. And is in the process of committing
26/03/02 03:41:15 INFO mapred.LocalJobRunner: 1 / 1 copied.
26/03/02 03:41:15 INFO mapred.Task: Task attempt_local1660223162_0018_r_000002_0 is allowed to commit now
26/03/02 03:41:15 INFO output.FileOutputCommitter: Saved output of task 'attempt_local1660223162_0018_r_000002_0' to hdfs://localhost:9000/project2/task2/runs_report_plus/scale500k_opt/iter_18/_temporary/0/task_local1660223162_0018_r_000002
26/03/02 03:41:15 INFO mapred.LocalJobRunner: reduce > reduce
26/03/02 03:41:15 INFO mapred.Task: Task 'attempt_local1660223162_0018_r_000002_0' done.
26/03/02 03:41:15 INFO mapred.Task: Final Counters for attempt_local1660223162_0018_r_000002_0: Counters: 29
	File System Counters
		FILE: Number of bytes read=2626354
		FILE: Number of bytes written=7943726
		FILE: Number of read operations=0
		FILE: Number of large read operations=0
		FILE: Number of write operations=0
		HDFS: Number of bytes read=660428715
		HDFS: Number of bytes written=15920
		HDFS: Number of read operations=982
		HDFS: Number of large read operations=0
		HDFS: Number of write operations=318
	Map-Reduce Framework
		Combine input records=0
		Combine output records=0
		Reduce input groups=1
		Reduce shuffle bytes=60
		Reduce input records=1
		Reduce output records=1
		Spilled Records=1
		Shuffled Maps =1
		Failed Shuffles=0
		Merged Map outputs=1
		GC time elapsed (ms)=0
		Total committed heap usage (bytes)=492306432
	Shuffle Errors
		BAD_ID=0
		CONNECTION=0
		IO_ERROR=0
		WRONG_LENGTH=0
		WRONG_MAP=0
		WRONG_REDUCE=0
	File Output Format Counters 
		Bytes Written=103
26/03/02 03:41:15 INFO mapred.LocalJobRunner: Finishing task: attempt_local1660223162_0018_r_000002_0
26/03/02 03:41:15 INFO mapred.LocalJobRunner: Starting task: attempt_local1660223162_0018_r_000003_0
26/03/02 03:41:15 INFO output.FileOutputCommitter: File Output Committer Algorithm version is 1
26/03/02 03:41:15 INFO mapred.Task:  Using ResourceCalculatorProcessTree : [ ]
26/03/02 03:41:15 INFO mapred.ReduceTask: Using ShuffleConsumerPlugin: org.apache.hadoop.mapreduce.task.reduce.Shuffle@a25af63
26/03/02 03:41:15 INFO reduce.MergeManagerImpl: MergerManager: memoryLimit=344614496, maxSingleShuffleLimit=86153624, mergeThreshold=227445584, ioSortFactor=10, memToMemMergeOutputsThreshold=10
26/03/02 03:41:15 INFO reduce.EventFetcher: attempt_local1660223162_0018_r_000003_0 Thread started: EventFetcher for fetching Map Completion Events
26/03/02 03:41:15 INFO reduce.LocalFetcher: localfetcher#72 about to shuffle output of map attempt_local1660223162_0018_m_000000_0 decomp: 56 len: 60 to MEMORY
26/03/02 03:41:15 INFO reduce.InMemoryMapOutput: Read 56 bytes from map-output for attempt_local1660223162_0018_m_000000_0
26/03/02 03:41:15 INFO reduce.MergeManagerImpl: closeInMemoryFile -> map-output of size: 56, inMemoryMapOutputs.size() -> 1, commitMemory -> 0, usedMemory ->56
26/03/02 03:41:15 WARN io.ReadaheadPool: Failed readahead on ifile
EBADF: Bad file descriptor
	at org.apache.hadoop.io.nativeio.NativeIO$POSIX.posix_fadvise(Native Method)
	at org.apache.hadoop.io.nativeio.NativeIO$POSIX.posixFadviseIfPossible(NativeIO.java:267)
	at org.apache.hadoop.io.nativeio.NativeIO$POSIX$CacheManipulator.posixFadviseIfPossible(NativeIO.java:146)
	at org.apache.hadoop.io.ReadaheadPool$ReadaheadRequestImpl.run(ReadaheadPool.java:206)
	at java.util.concurrent.ThreadPoolExecutor.runWorker(ThreadPoolExecutor.java:1149)
	at java.util.concurrent.ThreadPoolExecutor$Worker.run(ThreadPoolExecutor.java:624)
	at java.lang.Thread.run(Thread.java:748)
26/03/02 03:41:15 INFO reduce.EventFetcher: EventFetcher is interrupted.. Returning
26/03/02 03:41:15 INFO mapred.LocalJobRunner: 1 / 1 copied.
26/03/02 03:41:15 INFO reduce.MergeManagerImpl: finalMerge called with 1 in-memory map-outputs and 0 on-disk map-outputs
26/03/02 03:41:15 INFO mapred.Merger: Merging 1 sorted segments
26/03/02 03:41:15 INFO mapred.Merger: Down to the last merge-pass, with 1 segments left of total size: 50 bytes
26/03/02 03:41:15 INFO reduce.MergeManagerImpl: Merged 1 segments, 56 bytes to disk to satisfy reduce memory limit
26/03/02 03:41:15 INFO reduce.MergeManagerImpl: Merging 1 files, 60 bytes from disk
26/03/02 03:41:15 INFO reduce.MergeManagerImpl: Merging 0 segments, 0 bytes from memory into reduce
26/03/02 03:41:15 INFO mapred.Merger: Merging 1 sorted segments
26/03/02 03:41:15 INFO mapred.Merger: Down to the last merge-pass, with 1 segments left of total size: 50 bytes
26/03/02 03:41:15 INFO mapred.LocalJobRunner: 1 / 1 copied.
26/03/02 03:41:15 INFO mapred.Task: Task:attempt_local1660223162_0018_r_000003_0 is done. And is in the process of committing
26/03/02 03:41:15 INFO mapred.LocalJobRunner: 1 / 1 copied.
26/03/02 03:41:15 INFO mapred.Task: Task attempt_local1660223162_0018_r_000003_0 is allowed to commit now
26/03/02 03:41:15 INFO output.FileOutputCommitter: Saved output of task 'attempt_local1660223162_0018_r_000003_0' to hdfs://localhost:9000/project2/task2/runs_report_plus/scale500k_opt/iter_18/_temporary/0/task_local1660223162_0018_r_000003
26/03/02 03:41:15 INFO mapred.LocalJobRunner: reduce > reduce
26/03/02 03:41:15 INFO mapred.Task: Task 'attempt_local1660223162_0018_r_000003_0' done.
26/03/02 03:41:15 INFO mapred.Task: Final Counters for attempt_local1660223162_0018_r_000003_0: Counters: 29
	File System Counters
		FILE: Number of bytes read=2626578
		FILE: Number of bytes written=7943786
		FILE: Number of read operations=0
		FILE: Number of large read operations=0
		FILE: Number of write operations=0
		HDFS: Number of bytes read=660428715
		HDFS: Number of bytes written=16022
		HDFS: Number of read operations=985
		HDFS: Number of large read operations=0
		HDFS: Number of write operations=320
	Map-Reduce Framework
		Combine input records=0
		Combine output records=0
		Reduce input groups=1
		Reduce shuffle bytes=60
		Reduce input records=1
		Reduce output records=1
		Spilled Records=1
		Shuffled Maps =1
		Failed Shuffles=0
		Merged Map outputs=1
		GC time elapsed (ms)=0
		Total committed heap usage (bytes)=492306432
	Shuffle Errors
		BAD_ID=0
		CONNECTION=0
		IO_ERROR=0
		WRONG_LENGTH=0
		WRONG_MAP=0
		WRONG_REDUCE=0
	File Output Format Counters 
		Bytes Written=102
26/03/02 03:41:15 INFO mapred.LocalJobRunner: Finishing task: attempt_local1660223162_0018_r_000003_0
26/03/02 03:41:15 INFO mapred.LocalJobRunner: reduce task executor complete.
26/03/02 03:41:16 INFO mapreduce.Job: Job job_local1660223162_0018 running in uber mode : false
26/03/02 03:41:16 INFO mapreduce.Job:  map 100% reduce 100%
26/03/02 03:41:16 INFO mapreduce.Job: Job job_local1660223162_0018 completed successfully
26/03/02 03:41:16 INFO mapreduce.Job: Counters: 35
	File System Counters
		FILE: Number of bytes read=13129942
		FILE: Number of bytes written=39718276
		FILE: Number of read operations=0
		FILE: Number of large read operations=0
		FILE: Number of write operations=0
		HDFS: Number of bytes read=3302143575
		HDFS: Number of bytes written=78981
		HDFS: Number of read operations=4895
		HDFS: Number of large read operations=0
		HDFS: Number of write operations=1580
	Map-Reduce Framework
		Map input records=500000
		Map output records=500000
		Map output bytes=26000000
		Map output materialized bytes=294
		Input split bytes=123
		Combine input records=500000
		Combine output records=5
		Reduce input groups=5
		Reduce shuffle bytes=294
		Reduce input records=5
		Reduce output records=5
		Spilled Records=10
		Shuffled Maps =4
		Failed Shuffles=0
		Merged Map outputs=4
		GC time elapsed (ms)=44
		Total committed heap usage (bytes)=2461532160
	Shuffle Errors
		BAD_ID=0
		CONNECTION=0
		IO_ERROR=0
		WRONG_LENGTH=0
		WRONG_MAP=0
		WRONG_REDUCE=0
	File Input Format Counters 
		Bytes Read=36688385
	File Output Format Counters 
		Bytes Written=514
26/03/02 03:41:16 INFO jvm.JvmMetrics: Cannot initialize JVM Metrics with processName=JobTracker, sessionId= - already initialized
26/03/02 03:41:16 WARN mapreduce.JobResourceUploader: Hadoop command-line option parsing not performed. Implement the Tool interface and execute your application with ToolRunner to remedy this.
26/03/02 03:41:16 INFO input.FileInputFormat: Total input paths to process : 1
26/03/02 03:41:16 INFO mapreduce.JobSubmitter: number of splits:1
26/03/02 03:41:16 INFO mapreduce.JobSubmitter: Submitting tokens for job: job_local1902155329_0019
26/03/02 03:41:16 INFO mapred.LocalDistributedCacheManager: Creating symlink: /tmp/hadoop-ds503/mapred/local/1772422876192/centers_iter_18.csv <- /home/ds503/centers_iter_18.csv
26/03/02 03:41:16 INFO mapred.LocalDistributedCacheManager: Localized hdfs://localhost:9000/project2/task2/runs_report_plus/scale500k_opt/centers_iter_18.csv as file:/tmp/hadoop-ds503/mapred/local/1772422876192/centers_iter_18.csv
26/03/02 03:41:16 INFO mapreduce.Job: The url to track the job: http://localhost:8080/
26/03/02 03:41:16 INFO mapreduce.Job: Running job: job_local1902155329_0019
26/03/02 03:41:16 INFO mapred.LocalJobRunner: OutputCommitter set in config null
26/03/02 03:41:16 INFO output.FileOutputCommitter: File Output Committer Algorithm version is 1
26/03/02 03:41:16 INFO mapred.LocalJobRunner: OutputCommitter is org.apache.hadoop.mapreduce.lib.output.FileOutputCommitter
26/03/02 03:41:16 INFO mapred.LocalJobRunner: Waiting for map tasks
26/03/02 03:41:16 INFO mapred.LocalJobRunner: Starting task: attempt_local1902155329_0019_m_000000_0
26/03/02 03:41:16 INFO output.FileOutputCommitter: File Output Committer Algorithm version is 1
26/03/02 03:41:16 INFO mapred.Task:  Using ResourceCalculatorProcessTree : [ ]
26/03/02 03:41:16 INFO mapred.MapTask: Processing split: hdfs://localhost:9000/project2/task2/input/points_500k.csv:0+36688385
26/03/02 03:41:16 INFO mapred.MapTask: (EQUATOR) 0 kvi 26214396(104857584)
26/03/02 03:41:16 INFO mapred.MapTask: mapreduce.task.io.sort.mb: 100
26/03/02 03:41:16 INFO mapred.MapTask: soft limit at 83886080
26/03/02 03:41:16 INFO mapred.MapTask: bufstart = 0; bufvoid = 104857600
26/03/02 03:41:16 INFO mapred.MapTask: kvstart = 26214396; length = 6553600
26/03/02 03:41:16 INFO mapred.MapTask: Map output collector class = org.apache.hadoop.mapred.MapTask$MapOutputBuffer
26/03/02 03:41:16 INFO mapred.LocalJobRunner: 
26/03/02 03:41:16 INFO mapred.MapTask: Starting flush of map output
26/03/02 03:41:16 INFO mapred.MapTask: Spilling map output
26/03/02 03:41:16 INFO mapred.MapTask: bufstart = 0; bufend = 26000000; bufvoid = 104857600
26/03/02 03:41:16 INFO mapred.MapTask: kvstart = 26214396(104857584); kvend = 24214400(96857600); length = 1999997/6553600
26/03/02 03:41:16 INFO mapred.MapTask: Finished spill 0
26/03/02 03:41:16 INFO mapred.Task: Task:attempt_local1902155329_0019_m_000000_0 is done. And is in the process of committing
26/03/02 03:41:16 INFO mapred.LocalJobRunner: map
26/03/02 03:41:16 INFO mapred.Task: Task 'attempt_local1902155329_0019_m_000000_0' done.
26/03/02 03:41:16 INFO mapred.Task: Final Counters for attempt_local1902155329_0019_m_000000_0: Counters: 23
	File System Counters
		FILE: Number of bytes read=2771135
		FILE: Number of bytes written=8385873
		FILE: Number of read operations=0
		FILE: Number of large read operations=0
		FILE: Number of write operations=0
		HDFS: Number of bytes read=697119247
		HDFS: Number of bytes written=16396
		HDFS: Number of read operations=1029
		HDFS: Number of large read operations=0
		HDFS: Number of write operations=330
	Map-Reduce Framework
		Map input records=500000
		Map output records=500000
		Map output bytes=26000000
		Map output materialized bytes=294
		Input split bytes=123
		Combine input records=500000
		Combine output records=5
		Spilled Records=5
		Failed Shuffles=0
		Merged Map outputs=0
		GC time elapsed (ms)=12
		Total committed heap usage (bytes)=492306432
	File Input Format Counters 
		Bytes Read=36688385
26/03/02 03:41:16 INFO mapred.LocalJobRunner: Finishing task: attempt_local1902155329_0019_m_000000_0
26/03/02 03:41:16 INFO mapred.LocalJobRunner: map task executor complete.
26/03/02 03:41:16 INFO mapred.LocalJobRunner: Waiting for reduce tasks
26/03/02 03:41:16 INFO mapred.LocalJobRunner: Starting task: attempt_local1902155329_0019_r_000000_0
26/03/02 03:41:16 INFO output.FileOutputCommitter: File Output Committer Algorithm version is 1
26/03/02 03:41:16 INFO mapred.Task:  Using ResourceCalculatorProcessTree : [ ]
26/03/02 03:41:16 INFO mapred.ReduceTask: Using ShuffleConsumerPlugin: org.apache.hadoop.mapreduce.task.reduce.Shuffle@75437056
26/03/02 03:41:16 INFO reduce.MergeManagerImpl: MergerManager: memoryLimit=344614496, maxSingleShuffleLimit=86153624, mergeThreshold=227445584, ioSortFactor=10, memToMemMergeOutputsThreshold=10
26/03/02 03:41:16 INFO reduce.EventFetcher: attempt_local1902155329_0019_r_000000_0 Thread started: EventFetcher for fetching Map Completion Events
26/03/02 03:41:16 INFO reduce.LocalFetcher: localfetcher#73 about to shuffle output of map attempt_local1902155329_0019_m_000000_0 decomp: 110 len: 114 to MEMORY
26/03/02 03:41:16 INFO reduce.InMemoryMapOutput: Read 110 bytes from map-output for attempt_local1902155329_0019_m_000000_0
26/03/02 03:41:16 INFO reduce.MergeManagerImpl: closeInMemoryFile -> map-output of size: 110, inMemoryMapOutputs.size() -> 1, commitMemory -> 0, usedMemory ->110
26/03/02 03:41:16 INFO reduce.EventFetcher: EventFetcher is interrupted.. Returning
26/03/02 03:41:16 INFO mapred.LocalJobRunner: 1 / 1 copied.
26/03/02 03:41:16 INFO reduce.MergeManagerImpl: finalMerge called with 1 in-memory map-outputs and 0 on-disk map-outputs
26/03/02 03:41:16 INFO mapred.Merger: Merging 1 sorted segments
26/03/02 03:41:16 INFO mapred.Merger: Down to the last merge-pass, with 1 segments left of total size: 104 bytes
26/03/02 03:41:16 INFO reduce.MergeManagerImpl: Merged 1 segments, 110 bytes to disk to satisfy reduce memory limit
26/03/02 03:41:16 INFO reduce.MergeManagerImpl: Merging 1 files, 114 bytes from disk
26/03/02 03:41:16 INFO reduce.MergeManagerImpl: Merging 0 segments, 0 bytes from memory into reduce
26/03/02 03:41:16 INFO mapred.Merger: Merging 1 sorted segments
26/03/02 03:41:16 INFO mapred.Merger: Down to the last merge-pass, with 1 segments left of total size: 104 bytes
26/03/02 03:41:16 INFO mapred.LocalJobRunner: 1 / 1 copied.
26/03/02 03:41:16 INFO mapred.Task: Task:attempt_local1902155329_0019_r_000000_0 is done. And is in the process of committing
26/03/02 03:41:16 INFO mapred.LocalJobRunner: 1 / 1 copied.
26/03/02 03:41:16 INFO mapred.Task: Task attempt_local1902155329_0019_r_000000_0 is allowed to commit now
26/03/02 03:41:16 INFO output.FileOutputCommitter: Saved output of task 'attempt_local1902155329_0019_r_000000_0' to hdfs://localhost:9000/project2/task2/runs_report_plus/scale500k_opt/iter_19/_temporary/0/task_local1902155329_0019_r_000000
26/03/02 03:41:16 INFO mapred.LocalJobRunner: reduce > reduce
26/03/02 03:41:16 INFO mapred.Task: Task 'attempt_local1902155329_0019_r_000000_0' done.
26/03/02 03:41:16 INFO mapred.Task: Final Counters for attempt_local1902155329_0019_r_000000_0: Counters: 29
	File System Counters
		FILE: Number of bytes read=2771647
		FILE: Number of bytes written=8385987
		FILE: Number of read operations=0
		FILE: Number of large read operations=0
		FILE: Number of write operations=0
		HDFS: Number of bytes read=697119247
		HDFS: Number of bytes written=16601
		HDFS: Number of read operations=1032
		HDFS: Number of large read operations=0
		HDFS: Number of write operations=332
	Map-Reduce Framework
		Combine input records=0
		Combine output records=0
		Reduce input groups=2
		Reduce shuffle bytes=114
		Reduce input records=2
		Reduce output records=2
		Spilled Records=2
		Shuffled Maps =1
		Failed Shuffles=0
		Merged Map outputs=1
		GC time elapsed (ms)=0
		Total committed heap usage (bytes)=492306432
	Shuffle Errors
		BAD_ID=0
		CONNECTION=0
		IO_ERROR=0
		WRONG_LENGTH=0
		WRONG_MAP=0
		WRONG_REDUCE=0
	File Output Format Counters 
		Bytes Written=205
26/03/02 03:41:16 INFO mapred.LocalJobRunner: Finishing task: attempt_local1902155329_0019_r_000000_0
26/03/02 03:41:16 INFO mapred.LocalJobRunner: Starting task: attempt_local1902155329_0019_r_000001_0
26/03/02 03:41:16 INFO output.FileOutputCommitter: File Output Committer Algorithm version is 1
26/03/02 03:41:16 INFO mapred.Task:  Using ResourceCalculatorProcessTree : [ ]
26/03/02 03:41:16 INFO mapred.ReduceTask: Using ShuffleConsumerPlugin: org.apache.hadoop.mapreduce.task.reduce.Shuffle@54969c74
26/03/02 03:41:16 INFO reduce.MergeManagerImpl: MergerManager: memoryLimit=344614496, maxSingleShuffleLimit=86153624, mergeThreshold=227445584, ioSortFactor=10, memToMemMergeOutputsThreshold=10
26/03/02 03:41:16 INFO reduce.EventFetcher: attempt_local1902155329_0019_r_000001_0 Thread started: EventFetcher for fetching Map Completion Events
26/03/02 03:41:16 INFO reduce.LocalFetcher: localfetcher#74 about to shuffle output of map attempt_local1902155329_0019_m_000000_0 decomp: 56 len: 60 to MEMORY
26/03/02 03:41:16 INFO reduce.InMemoryMapOutput: Read 56 bytes from map-output for attempt_local1902155329_0019_m_000000_0
26/03/02 03:41:16 INFO reduce.MergeManagerImpl: closeInMemoryFile -> map-output of size: 56, inMemoryMapOutputs.size() -> 1, commitMemory -> 0, usedMemory ->56
26/03/02 03:41:16 WARN io.ReadaheadPool: Failed readahead on ifile
EBADF: Bad file descriptor
	at org.apache.hadoop.io.nativeio.NativeIO$POSIX.posix_fadvise(Native Method)
	at org.apache.hadoop.io.nativeio.NativeIO$POSIX.posixFadviseIfPossible(NativeIO.java:267)
	at org.apache.hadoop.io.nativeio.NativeIO$POSIX$CacheManipulator.posixFadviseIfPossible(NativeIO.java:146)
	at org.apache.hadoop.io.ReadaheadPool$ReadaheadRequestImpl.run(ReadaheadPool.java:206)
	at java.util.concurrent.ThreadPoolExecutor.runWorker(ThreadPoolExecutor.java:1149)
	at java.util.concurrent.ThreadPoolExecutor$Worker.run(ThreadPoolExecutor.java:624)
	at java.lang.Thread.run(Thread.java:748)
26/03/02 03:41:16 INFO reduce.EventFetcher: EventFetcher is interrupted.. Returning
26/03/02 03:41:16 INFO mapred.LocalJobRunner: 1 / 1 copied.
26/03/02 03:41:16 INFO reduce.MergeManagerImpl: finalMerge called with 1 in-memory map-outputs and 0 on-disk map-outputs
26/03/02 03:41:16 INFO mapred.Merger: Merging 1 sorted segments
26/03/02 03:41:16 INFO mapred.Merger: Down to the last merge-pass, with 1 segments left of total size: 50 bytes
26/03/02 03:41:16 INFO reduce.MergeManagerImpl: Merged 1 segments, 56 bytes to disk to satisfy reduce memory limit
26/03/02 03:41:16 INFO reduce.MergeManagerImpl: Merging 1 files, 60 bytes from disk
26/03/02 03:41:16 INFO reduce.MergeManagerImpl: Merging 0 segments, 0 bytes from memory into reduce
26/03/02 03:41:16 INFO mapred.Merger: Merging 1 sorted segments
26/03/02 03:41:16 INFO mapred.Merger: Down to the last merge-pass, with 1 segments left of total size: 50 bytes
26/03/02 03:41:16 INFO mapred.LocalJobRunner: 1 / 1 copied.
26/03/02 03:41:16 INFO mapred.Task: Task:attempt_local1902155329_0019_r_000001_0 is done. And is in the process of committing
26/03/02 03:41:16 INFO mapred.LocalJobRunner: 1 / 1 copied.
26/03/02 03:41:16 INFO mapred.Task: Task attempt_local1902155329_0019_r_000001_0 is allowed to commit now
26/03/02 03:41:16 INFO output.FileOutputCommitter: Saved output of task 'attempt_local1902155329_0019_r_000001_0' to hdfs://localhost:9000/project2/task2/runs_report_plus/scale500k_opt/iter_19/_temporary/0/task_local1902155329_0019_r_000001
26/03/02 03:41:16 INFO mapred.LocalJobRunner: reduce > reduce
26/03/02 03:41:16 INFO mapred.Task: Task 'attempt_local1902155329_0019_r_000001_0' done.
26/03/02 03:41:16 INFO mapred.Task: Final Counters for attempt_local1902155329_0019_r_000001_0: Counters: 29
	File System Counters
		FILE: Number of bytes read=2771991
		FILE: Number of bytes written=8386047
		FILE: Number of read operations=0
		FILE: Number of large read operations=0
		FILE: Number of write operations=0
		HDFS: Number of bytes read=697119247
		HDFS: Number of bytes written=16704
		HDFS: Number of read operations=1035
		HDFS: Number of large read operations=0
		HDFS: Number of write operations=334
	Map-Reduce Framework
		Combine input records=0
		Combine output records=0
		Reduce input groups=1
		Reduce shuffle bytes=60
		Reduce input records=1
		Reduce output records=1
		Spilled Records=1
		Shuffled Maps =1
		Failed Shuffles=0
		Merged Map outputs=1
		GC time elapsed (ms)=0
		Total committed heap usage (bytes)=492306432
	Shuffle Errors
		BAD_ID=0
		CONNECTION=0
		IO_ERROR=0
		WRONG_LENGTH=0
		WRONG_MAP=0
		WRONG_REDUCE=0
	File Output Format Counters 
		Bytes Written=103
26/03/02 03:41:16 INFO mapred.LocalJobRunner: Finishing task: attempt_local1902155329_0019_r_000001_0
26/03/02 03:41:16 INFO mapred.LocalJobRunner: Starting task: attempt_local1902155329_0019_r_000002_0
26/03/02 03:41:16 INFO output.FileOutputCommitter: File Output Committer Algorithm version is 1
26/03/02 03:41:16 INFO mapred.Task:  Using ResourceCalculatorProcessTree : [ ]
26/03/02 03:41:16 INFO mapred.ReduceTask: Using ShuffleConsumerPlugin: org.apache.hadoop.mapreduce.task.reduce.Shuffle@2c0c3efc
26/03/02 03:41:16 INFO reduce.MergeManagerImpl: MergerManager: memoryLimit=344614496, maxSingleShuffleLimit=86153624, mergeThreshold=227445584, ioSortFactor=10, memToMemMergeOutputsThreshold=10
26/03/02 03:41:16 INFO reduce.EventFetcher: attempt_local1902155329_0019_r_000002_0 Thread started: EventFetcher for fetching Map Completion Events
26/03/02 03:41:16 INFO reduce.LocalFetcher: localfetcher#75 about to shuffle output of map attempt_local1902155329_0019_m_000000_0 decomp: 56 len: 60 to MEMORY
26/03/02 03:41:16 INFO reduce.InMemoryMapOutput: Read 56 bytes from map-output for attempt_local1902155329_0019_m_000000_0
26/03/02 03:41:16 INFO reduce.MergeManagerImpl: closeInMemoryFile -> map-output of size: 56, inMemoryMapOutputs.size() -> 1, commitMemory -> 0, usedMemory ->56
26/03/02 03:41:16 WARN io.ReadaheadPool: Failed readahead on ifile
EBADF: Bad file descriptor
	at org.apache.hadoop.io.nativeio.NativeIO$POSIX.posix_fadvise(Native Method)
	at org.apache.hadoop.io.nativeio.NativeIO$POSIX.posixFadviseIfPossible(NativeIO.java:267)
	at org.apache.hadoop.io.nativeio.NativeIO$POSIX$CacheManipulator.posixFadviseIfPossible(NativeIO.java:146)
	at org.apache.hadoop.io.ReadaheadPool$ReadaheadRequestImpl.run(ReadaheadPool.java:206)
	at java.util.concurrent.ThreadPoolExecutor.runWorker(ThreadPoolExecutor.java:1149)
	at java.util.concurrent.ThreadPoolExecutor$Worker.run(ThreadPoolExecutor.java:624)
	at java.lang.Thread.run(Thread.java:748)
26/03/02 03:41:16 INFO reduce.EventFetcher: EventFetcher is interrupted.. Returning
26/03/02 03:41:16 INFO mapred.LocalJobRunner: 1 / 1 copied.
26/03/02 03:41:16 INFO reduce.MergeManagerImpl: finalMerge called with 1 in-memory map-outputs and 0 on-disk map-outputs
26/03/02 03:41:16 INFO mapred.Merger: Merging 1 sorted segments
26/03/02 03:41:16 INFO mapred.Merger: Down to the last merge-pass, with 1 segments left of total size: 50 bytes
26/03/02 03:41:16 INFO reduce.MergeManagerImpl: Merged 1 segments, 56 bytes to disk to satisfy reduce memory limit
26/03/02 03:41:16 INFO reduce.MergeManagerImpl: Merging 1 files, 60 bytes from disk
26/03/02 03:41:16 INFO reduce.MergeManagerImpl: Merging 0 segments, 0 bytes from memory into reduce
26/03/02 03:41:16 INFO mapred.Merger: Merging 1 sorted segments
26/03/02 03:41:16 INFO mapred.Merger: Down to the last merge-pass, with 1 segments left of total size: 50 bytes
26/03/02 03:41:16 INFO mapred.LocalJobRunner: 1 / 1 copied.
26/03/02 03:41:17 INFO mapred.Task: Task:attempt_local1902155329_0019_r_000002_0 is done. And is in the process of committing
26/03/02 03:41:17 INFO mapred.LocalJobRunner: 1 / 1 copied.
26/03/02 03:41:17 INFO mapred.Task: Task attempt_local1902155329_0019_r_000002_0 is allowed to commit now
26/03/02 03:41:17 INFO output.FileOutputCommitter: Saved output of task 'attempt_local1902155329_0019_r_000002_0' to hdfs://localhost:9000/project2/task2/runs_report_plus/scale500k_opt/iter_19/_temporary/0/task_local1902155329_0019_r_000002
26/03/02 03:41:17 INFO mapred.LocalJobRunner: reduce > reduce
26/03/02 03:41:17 INFO mapred.Task: Task 'attempt_local1902155329_0019_r_000002_0' done.
26/03/02 03:41:17 INFO mapred.Task: Final Counters for attempt_local1902155329_0019_r_000002_0: Counters: 29
	File System Counters
		FILE: Number of bytes read=2772275
		FILE: Number of bytes written=8386107
		FILE: Number of read operations=0
		FILE: Number of large read operations=0
		FILE: Number of write operations=0
		HDFS: Number of bytes read=697119247
		HDFS: Number of bytes written=16806
		HDFS: Number of read operations=1038
		HDFS: Number of large read operations=0
		HDFS: Number of write operations=336
	Map-Reduce Framework
		Combine input records=0
		Combine output records=0
		Reduce input groups=1
		Reduce shuffle bytes=60
		Reduce input records=1
		Reduce output records=1
		Spilled Records=1
		Shuffled Maps =1
		Failed Shuffles=0
		Merged Map outputs=1
		GC time elapsed (ms)=0
		Total committed heap usage (bytes)=492306432
	Shuffle Errors
		BAD_ID=0
		CONNECTION=0
		IO_ERROR=0
		WRONG_LENGTH=0
		WRONG_MAP=0
		WRONG_REDUCE=0
	File Output Format Counters 
		Bytes Written=102
26/03/02 03:41:17 INFO mapred.LocalJobRunner: Finishing task: attempt_local1902155329_0019_r_000002_0
26/03/02 03:41:17 INFO mapred.LocalJobRunner: Starting task: attempt_local1902155329_0019_r_000003_0
26/03/02 03:41:17 INFO output.FileOutputCommitter: File Output Committer Algorithm version is 1
26/03/02 03:41:17 INFO mapred.Task:  Using ResourceCalculatorProcessTree : [ ]
26/03/02 03:41:17 INFO mapred.ReduceTask: Using ShuffleConsumerPlugin: org.apache.hadoop.mapreduce.task.reduce.Shuffle@3a8337e0
26/03/02 03:41:17 INFO reduce.MergeManagerImpl: MergerManager: memoryLimit=344614496, maxSingleShuffleLimit=86153624, mergeThreshold=227445584, ioSortFactor=10, memToMemMergeOutputsThreshold=10
26/03/02 03:41:17 INFO reduce.EventFetcher: attempt_local1902155329_0019_r_000003_0 Thread started: EventFetcher for fetching Map Completion Events
26/03/02 03:41:17 INFO reduce.LocalFetcher: localfetcher#76 about to shuffle output of map attempt_local1902155329_0019_m_000000_0 decomp: 56 len: 60 to MEMORY
26/03/02 03:41:17 INFO reduce.InMemoryMapOutput: Read 56 bytes from map-output for attempt_local1902155329_0019_m_000000_0
26/03/02 03:41:17 INFO reduce.MergeManagerImpl: closeInMemoryFile -> map-output of size: 56, inMemoryMapOutputs.size() -> 1, commitMemory -> 0, usedMemory ->56
26/03/02 03:41:17 WARN io.ReadaheadPool: Failed readahead on ifile
EBADF: Bad file descriptor
	at org.apache.hadoop.io.nativeio.NativeIO$POSIX.posix_fadvise(Native Method)
	at org.apache.hadoop.io.nativeio.NativeIO$POSIX.posixFadviseIfPossible(NativeIO.java:267)
	at org.apache.hadoop.io.nativeio.NativeIO$POSIX$CacheManipulator.posixFadviseIfPossible(NativeIO.java:146)
	at org.apache.hadoop.io.ReadaheadPool$ReadaheadRequestImpl.run(ReadaheadPool.java:206)
	at java.util.concurrent.ThreadPoolExecutor.runWorker(ThreadPoolExecutor.java:1149)
	at java.util.concurrent.ThreadPoolExecutor$Worker.run(ThreadPoolExecutor.java:624)
	at java.lang.Thread.run(Thread.java:748)
26/03/02 03:41:17 INFO reduce.EventFetcher: EventFetcher is interrupted.. Returning
26/03/02 03:41:17 INFO mapred.LocalJobRunner: 1 / 1 copied.
26/03/02 03:41:17 INFO reduce.MergeManagerImpl: finalMerge called with 1 in-memory map-outputs and 0 on-disk map-outputs
26/03/02 03:41:17 INFO mapred.Merger: Merging 1 sorted segments
26/03/02 03:41:17 INFO mapred.Merger: Down to the last merge-pass, with 1 segments left of total size: 50 bytes
26/03/02 03:41:17 INFO reduce.MergeManagerImpl: Merged 1 segments, 56 bytes to disk to satisfy reduce memory limit
26/03/02 03:41:17 INFO reduce.MergeManagerImpl: Merging 1 files, 60 bytes from disk
26/03/02 03:41:17 INFO reduce.MergeManagerImpl: Merging 0 segments, 0 bytes from memory into reduce
26/03/02 03:41:17 INFO mapred.Merger: Merging 1 sorted segments
26/03/02 03:41:17 INFO mapred.Merger: Down to the last merge-pass, with 1 segments left of total size: 50 bytes
26/03/02 03:41:17 INFO mapred.LocalJobRunner: 1 / 1 copied.
26/03/02 03:41:17 INFO mapred.Task: Task:attempt_local1902155329_0019_r_000003_0 is done. And is in the process of committing
26/03/02 03:41:17 INFO mapred.LocalJobRunner: 1 / 1 copied.
26/03/02 03:41:17 INFO mapred.Task: Task attempt_local1902155329_0019_r_000003_0 is allowed to commit now
26/03/02 03:41:17 INFO output.FileOutputCommitter: Saved output of task 'attempt_local1902155329_0019_r_000003_0' to hdfs://localhost:9000/project2/task2/runs_report_plus/scale500k_opt/iter_19/_temporary/0/task_local1902155329_0019_r_000003
26/03/02 03:41:17 INFO mapred.LocalJobRunner: reduce > reduce
26/03/02 03:41:17 INFO mapred.Task: Task 'attempt_local1902155329_0019_r_000003_0' done.
26/03/02 03:41:17 INFO mapred.Task: Final Counters for attempt_local1902155329_0019_r_000003_0: Counters: 29
	File System Counters
		FILE: Number of bytes read=2772499
		FILE: Number of bytes written=8386167
		FILE: Number of read operations=0
		FILE: Number of large read operations=0
		FILE: Number of write operations=0
		HDFS: Number of bytes read=697119247
		HDFS: Number of bytes written=16910
		HDFS: Number of read operations=1041
		HDFS: Number of large read operations=0
		HDFS: Number of write operations=338
	Map-Reduce Framework
		Combine input records=0
		Combine output records=0
		Reduce input groups=1
		Reduce shuffle bytes=60
		Reduce input records=1
		Reduce output records=1
		Spilled Records=1
		Shuffled Maps =1
		Failed Shuffles=0
		Merged Map outputs=1
		GC time elapsed (ms)=0
		Total committed heap usage (bytes)=492306432
	Shuffle Errors
		BAD_ID=0
		CONNECTION=0
		IO_ERROR=0
		WRONG_LENGTH=0
		WRONG_MAP=0
		WRONG_REDUCE=0
	File Output Format Counters 
		Bytes Written=104
26/03/02 03:41:17 INFO mapred.LocalJobRunner: Finishing task: attempt_local1902155329_0019_r_000003_0
26/03/02 03:41:17 INFO mapred.LocalJobRunner: reduce task executor complete.
26/03/02 03:41:17 INFO mapreduce.Job: Job job_local1902155329_0019 running in uber mode : false
26/03/02 03:41:17 INFO mapreduce.Job:  map 100% reduce 100%
26/03/02 03:41:17 INFO mapreduce.Job: Job job_local1902155329_0019 completed successfully
26/03/02 03:41:17 INFO mapreduce.Job: Counters: 35
	File System Counters
		FILE: Number of bytes read=13859547
		FILE: Number of bytes written=41930181
		FILE: Number of read operations=0
		FILE: Number of large read operations=0
		FILE: Number of write operations=0
		HDFS: Number of bytes read=3485596235
		HDFS: Number of bytes written=83417
		HDFS: Number of read operations=5175
		HDFS: Number of large read operations=0
		HDFS: Number of write operations=1670
	Map-Reduce Framework
		Map input records=500000
		Map output records=500000
		Map output bytes=26000000
		Map output materialized bytes=294
		Input split bytes=123
		Combine input records=500000
		Combine output records=5
		Reduce input groups=5
		Reduce shuffle bytes=294
		Reduce input records=5
		Reduce output records=5
		Spilled Records=10
		Shuffled Maps =4
		Failed Shuffles=0
		Merged Map outputs=4
		GC time elapsed (ms)=12
		Total committed heap usage (bytes)=2461532160
	Shuffle Errors
		BAD_ID=0
		CONNECTION=0
		IO_ERROR=0
		WRONG_LENGTH=0
		WRONG_MAP=0
		WRONG_REDUCE=0
	File Input Format Counters 
		Bytes Read=36688385
	File Output Format Counters 
		Bytes Written=514
26/03/02 03:41:17 INFO jvm.JvmMetrics: Cannot initialize JVM Metrics with processName=JobTracker, sessionId= - already initialized
26/03/02 03:41:17 WARN mapreduce.JobResourceUploader: Hadoop command-line option parsing not performed. Implement the Tool interface and execute your application with ToolRunner to remedy this.
26/03/02 03:41:17 INFO input.FileInputFormat: Total input paths to process : 1
26/03/02 03:41:17 INFO mapreduce.JobSubmitter: number of splits:1
26/03/02 03:41:17 INFO mapreduce.JobSubmitter: Submitting tokens for job: job_local1956050895_0020
26/03/02 03:41:17 INFO mapred.LocalDistributedCacheManager: Creating symlink: /tmp/hadoop-ds503/mapred/local/1772422877270/centers_iter_19.csv <- /home/ds503/centers_iter_19.csv
26/03/02 03:41:17 INFO mapred.LocalDistributedCacheManager: Localized hdfs://localhost:9000/project2/task2/runs_report_plus/scale500k_opt/centers_iter_19.csv as file:/tmp/hadoop-ds503/mapred/local/1772422877270/centers_iter_19.csv
26/03/02 03:41:17 INFO mapreduce.Job: The url to track the job: http://localhost:8080/
26/03/02 03:41:17 INFO mapreduce.Job: Running job: job_local1956050895_0020
26/03/02 03:41:17 INFO mapred.LocalJobRunner: OutputCommitter set in config null
26/03/02 03:41:17 INFO output.FileOutputCommitter: File Output Committer Algorithm version is 1
26/03/02 03:41:17 INFO mapred.LocalJobRunner: OutputCommitter is org.apache.hadoop.mapreduce.lib.output.FileOutputCommitter
26/03/02 03:41:17 INFO mapred.LocalJobRunner: Waiting for map tasks
26/03/02 03:41:17 INFO mapred.LocalJobRunner: Starting task: attempt_local1956050895_0020_m_000000_0
26/03/02 03:41:17 INFO output.FileOutputCommitter: File Output Committer Algorithm version is 1
26/03/02 03:41:17 INFO mapred.Task:  Using ResourceCalculatorProcessTree : [ ]
26/03/02 03:41:17 INFO mapred.MapTask: Processing split: hdfs://localhost:9000/project2/task2/input/points_500k.csv:0+36688385
26/03/02 03:41:17 INFO mapred.MapTask: (EQUATOR) 0 kvi 26214396(104857584)
26/03/02 03:41:17 INFO mapred.MapTask: mapreduce.task.io.sort.mb: 100
26/03/02 03:41:17 INFO mapred.MapTask: soft limit at 83886080
26/03/02 03:41:17 INFO mapred.MapTask: bufstart = 0; bufvoid = 104857600
26/03/02 03:41:17 INFO mapred.MapTask: kvstart = 26214396; length = 6553600
26/03/02 03:41:17 INFO mapred.MapTask: Map output collector class = org.apache.hadoop.mapred.MapTask$MapOutputBuffer
26/03/02 03:41:17 INFO mapred.LocalJobRunner: 
26/03/02 03:41:17 INFO mapred.MapTask: Starting flush of map output
26/03/02 03:41:17 INFO mapred.MapTask: Spilling map output
26/03/02 03:41:17 INFO mapred.MapTask: bufstart = 0; bufend = 26000000; bufvoid = 104857600
26/03/02 03:41:17 INFO mapred.MapTask: kvstart = 26214396(104857584); kvend = 24214400(96857600); length = 1999997/6553600
26/03/02 03:41:18 INFO mapred.MapTask: Finished spill 0
26/03/02 03:41:18 INFO mapred.Task: Task:attempt_local1956050895_0020_m_000000_0 is done. And is in the process of committing
26/03/02 03:41:18 INFO mapred.LocalJobRunner: map
26/03/02 03:41:18 INFO mapred.Task: Task 'attempt_local1956050895_0020_m_000000_0' done.
26/03/02 03:41:18 INFO mapred.Task: Final Counters for attempt_local1956050895_0020_m_000000_0: Counters: 23
	File System Counters
		FILE: Number of bytes read=2917056
		FILE: Number of bytes written=8828252
		FILE: Number of read operations=0
		FILE: Number of large read operations=0
		FILE: Number of write operations=0
		HDFS: Number of bytes read=733809778
		HDFS: Number of bytes written=17282
		HDFS: Number of read operations=1085
		HDFS: Number of large read operations=0
		HDFS: Number of write operations=348
	Map-Reduce Framework
		Map input records=500000
		Map output records=500000
		Map output bytes=26000000
		Map output materialized bytes=294
		Input split bytes=123
		Combine input records=500000
		Combine output records=5
		Spilled Records=5
		Failed Shuffles=0
		Merged Map outputs=0
		GC time elapsed (ms)=61
		Total committed heap usage (bytes)=443547648
	File Input Format Counters 
		Bytes Read=36688385
26/03/02 03:41:18 INFO mapred.LocalJobRunner: Finishing task: attempt_local1956050895_0020_m_000000_0
26/03/02 03:41:18 INFO mapred.LocalJobRunner: map task executor complete.
26/03/02 03:41:18 INFO mapred.LocalJobRunner: Waiting for reduce tasks
26/03/02 03:41:18 INFO mapred.LocalJobRunner: Starting task: attempt_local1956050895_0020_r_000000_0
26/03/02 03:41:18 INFO output.FileOutputCommitter: File Output Committer Algorithm version is 1
26/03/02 03:41:18 INFO mapred.Task:  Using ResourceCalculatorProcessTree : [ ]
26/03/02 03:41:18 INFO mapred.ReduceTask: Using ShuffleConsumerPlugin: org.apache.hadoop.mapreduce.task.reduce.Shuffle@530bcdd4
26/03/02 03:41:18 INFO reduce.MergeManagerImpl: MergerManager: memoryLimit=334338464, maxSingleShuffleLimit=83584616, mergeThreshold=220663392, ioSortFactor=10, memToMemMergeOutputsThreshold=10
26/03/02 03:41:18 INFO reduce.EventFetcher: attempt_local1956050895_0020_r_000000_0 Thread started: EventFetcher for fetching Map Completion Events
26/03/02 03:41:18 INFO reduce.LocalFetcher: localfetcher#77 about to shuffle output of map attempt_local1956050895_0020_m_000000_0 decomp: 110 len: 114 to MEMORY
26/03/02 03:41:18 INFO reduce.InMemoryMapOutput: Read 110 bytes from map-output for attempt_local1956050895_0020_m_000000_0
26/03/02 03:41:18 INFO reduce.MergeManagerImpl: closeInMemoryFile -> map-output of size: 110, inMemoryMapOutputs.size() -> 1, commitMemory -> 0, usedMemory ->110
26/03/02 03:41:18 INFO reduce.EventFetcher: EventFetcher is interrupted.. Returning
26/03/02 03:41:18 INFO mapred.LocalJobRunner: 1 / 1 copied.
26/03/02 03:41:18 INFO reduce.MergeManagerImpl: finalMerge called with 1 in-memory map-outputs and 0 on-disk map-outputs
26/03/02 03:41:18 INFO mapred.Merger: Merging 1 sorted segments
26/03/02 03:41:18 INFO mapred.Merger: Down to the last merge-pass, with 1 segments left of total size: 104 bytes
26/03/02 03:41:18 INFO reduce.MergeManagerImpl: Merged 1 segments, 110 bytes to disk to satisfy reduce memory limit
26/03/02 03:41:18 INFO reduce.MergeManagerImpl: Merging 1 files, 114 bytes from disk
26/03/02 03:41:18 INFO reduce.MergeManagerImpl: Merging 0 segments, 0 bytes from memory into reduce
26/03/02 03:41:18 INFO mapred.Merger: Merging 1 sorted segments
26/03/02 03:41:18 INFO mapred.Merger: Down to the last merge-pass, with 1 segments left of total size: 104 bytes
26/03/02 03:41:18 INFO mapred.LocalJobRunner: 1 / 1 copied.
26/03/02 03:41:18 INFO mapred.Task: Task:attempt_local1956050895_0020_r_000000_0 is done. And is in the process of committing
26/03/02 03:41:18 INFO mapred.LocalJobRunner: 1 / 1 copied.
26/03/02 03:41:18 INFO mapred.Task: Task attempt_local1956050895_0020_r_000000_0 is allowed to commit now
26/03/02 03:41:18 INFO output.FileOutputCommitter: Saved output of task 'attempt_local1956050895_0020_r_000000_0' to hdfs://localhost:9000/project2/task2/runs_report_plus/scale500k_opt/iter_20/_temporary/0/task_local1956050895_0020_r_000000
26/03/02 03:41:18 INFO mapred.LocalJobRunner: reduce > reduce
26/03/02 03:41:18 INFO mapred.Task: Task 'attempt_local1956050895_0020_r_000000_0' done.
26/03/02 03:41:18 INFO mapred.Task: Final Counters for attempt_local1956050895_0020_r_000000_0: Counters: 29
	File System Counters
		FILE: Number of bytes read=2917568
		FILE: Number of bytes written=8828366
		FILE: Number of read operations=0
		FILE: Number of large read operations=0
		FILE: Number of write operations=0
		HDFS: Number of bytes read=733809778
		HDFS: Number of bytes written=17489
		HDFS: Number of read operations=1088
		HDFS: Number of large read operations=0
		HDFS: Number of write operations=350
	Map-Reduce Framework
		Combine input records=0
		Combine output records=0
		Reduce input groups=2
		Reduce shuffle bytes=114
		Reduce input records=2
		Reduce output records=2
		Spilled Records=2
		Shuffled Maps =1
		Failed Shuffles=0
		Merged Map outputs=1
		GC time elapsed (ms)=0
		Total committed heap usage (bytes)=443547648
	Shuffle Errors
		BAD_ID=0
		CONNECTION=0
		IO_ERROR=0
		WRONG_LENGTH=0
		WRONG_MAP=0
		WRONG_REDUCE=0
	File Output Format Counters 
		Bytes Written=207
26/03/02 03:41:18 INFO mapred.LocalJobRunner: Finishing task: attempt_local1956050895_0020_r_000000_0
26/03/02 03:41:18 INFO mapred.LocalJobRunner: Starting task: attempt_local1956050895_0020_r_000001_0
26/03/02 03:41:18 INFO output.FileOutputCommitter: File Output Committer Algorithm version is 1
26/03/02 03:41:18 INFO mapred.Task:  Using ResourceCalculatorProcessTree : [ ]
26/03/02 03:41:18 INFO mapred.ReduceTask: Using ShuffleConsumerPlugin: org.apache.hadoop.mapreduce.task.reduce.Shuffle@119928d9
26/03/02 03:41:18 INFO reduce.MergeManagerImpl: MergerManager: memoryLimit=334338464, maxSingleShuffleLimit=83584616, mergeThreshold=220663392, ioSortFactor=10, memToMemMergeOutputsThreshold=10
26/03/02 03:41:18 INFO reduce.EventFetcher: attempt_local1956050895_0020_r_000001_0 Thread started: EventFetcher for fetching Map Completion Events
26/03/02 03:41:18 INFO reduce.LocalFetcher: localfetcher#78 about to shuffle output of map attempt_local1956050895_0020_m_000000_0 decomp: 56 len: 60 to MEMORY
26/03/02 03:41:18 INFO reduce.InMemoryMapOutput: Read 56 bytes from map-output for attempt_local1956050895_0020_m_000000_0
26/03/02 03:41:18 INFO reduce.MergeManagerImpl: closeInMemoryFile -> map-output of size: 56, inMemoryMapOutputs.size() -> 1, commitMemory -> 0, usedMemory ->56
26/03/02 03:41:18 INFO reduce.EventFetcher: EventFetcher is interrupted.. Returning
26/03/02 03:41:18 INFO mapred.LocalJobRunner: 1 / 1 copied.
26/03/02 03:41:18 INFO reduce.MergeManagerImpl: finalMerge called with 1 in-memory map-outputs and 0 on-disk map-outputs
26/03/02 03:41:18 INFO mapred.Merger: Merging 1 sorted segments
26/03/02 03:41:18 INFO mapred.Merger: Down to the last merge-pass, with 1 segments left of total size: 50 bytes
26/03/02 03:41:18 INFO reduce.MergeManagerImpl: Merged 1 segments, 56 bytes to disk to satisfy reduce memory limit
26/03/02 03:41:18 INFO reduce.MergeManagerImpl: Merging 1 files, 60 bytes from disk
26/03/02 03:41:18 INFO reduce.MergeManagerImpl: Merging 0 segments, 0 bytes from memory into reduce
26/03/02 03:41:18 INFO mapred.Merger: Merging 1 sorted segments
26/03/02 03:41:18 INFO mapred.Merger: Down to the last merge-pass, with 1 segments left of total size: 50 bytes
26/03/02 03:41:18 INFO mapred.LocalJobRunner: 1 / 1 copied.
26/03/02 03:41:18 INFO mapred.Task: Task:attempt_local1956050895_0020_r_000001_0 is done. And is in the process of committing
26/03/02 03:41:18 INFO mapred.LocalJobRunner: 1 / 1 copied.
26/03/02 03:41:18 INFO mapred.Task: Task attempt_local1956050895_0020_r_000001_0 is allowed to commit now
26/03/02 03:41:18 INFO output.FileOutputCommitter: Saved output of task 'attempt_local1956050895_0020_r_000001_0' to hdfs://localhost:9000/project2/task2/runs_report_plus/scale500k_opt/iter_20/_temporary/0/task_local1956050895_0020_r_000001
26/03/02 03:41:18 INFO mapred.LocalJobRunner: reduce > reduce
26/03/02 03:41:18 INFO mapred.Task: Task 'attempt_local1956050895_0020_r_000001_0' done.
26/03/02 03:41:18 INFO mapred.Task: Final Counters for attempt_local1956050895_0020_r_000001_0: Counters: 29
	File System Counters
		FILE: Number of bytes read=2917912
		FILE: Number of bytes written=8828426
		FILE: Number of read operations=0
		FILE: Number of large read operations=0
		FILE: Number of write operations=0
		HDFS: Number of bytes read=733809778
		HDFS: Number of bytes written=17595
		HDFS: Number of read operations=1091
		HDFS: Number of large read operations=0
		HDFS: Number of write operations=352
	Map-Reduce Framework
		Combine input records=0
		Combine output records=0
		Reduce input groups=1
		Reduce shuffle bytes=60
		Reduce input records=1
		Reduce output records=1
		Spilled Records=1
		Shuffled Maps =1
		Failed Shuffles=0
		Merged Map outputs=1
		GC time elapsed (ms)=0
		Total committed heap usage (bytes)=443547648
	Shuffle Errors
		BAD_ID=0
		CONNECTION=0
		IO_ERROR=0
		WRONG_LENGTH=0
		WRONG_MAP=0
		WRONG_REDUCE=0
	File Output Format Counters 
		Bytes Written=106
26/03/02 03:41:18 INFO mapred.LocalJobRunner: Finishing task: attempt_local1956050895_0020_r_000001_0
26/03/02 03:41:18 INFO mapred.LocalJobRunner: Starting task: attempt_local1956050895_0020_r_000002_0
26/03/02 03:41:18 INFO output.FileOutputCommitter: File Output Committer Algorithm version is 1
26/03/02 03:41:18 INFO mapred.Task:  Using ResourceCalculatorProcessTree : [ ]
26/03/02 03:41:18 INFO mapred.ReduceTask: Using ShuffleConsumerPlugin: org.apache.hadoop.mapreduce.task.reduce.Shuffle@69a56cb8
26/03/02 03:41:18 INFO reduce.MergeManagerImpl: MergerManager: memoryLimit=334338464, maxSingleShuffleLimit=83584616, mergeThreshold=220663392, ioSortFactor=10, memToMemMergeOutputsThreshold=10
26/03/02 03:41:18 INFO reduce.EventFetcher: attempt_local1956050895_0020_r_000002_0 Thread started: EventFetcher for fetching Map Completion Events
26/03/02 03:41:18 INFO reduce.LocalFetcher: localfetcher#79 about to shuffle output of map attempt_local1956050895_0020_m_000000_0 decomp: 56 len: 60 to MEMORY
26/03/02 03:41:18 INFO reduce.InMemoryMapOutput: Read 56 bytes from map-output for attempt_local1956050895_0020_m_000000_0
26/03/02 03:41:18 INFO reduce.MergeManagerImpl: closeInMemoryFile -> map-output of size: 56, inMemoryMapOutputs.size() -> 1, commitMemory -> 0, usedMemory ->56
26/03/02 03:41:18 WARN io.ReadaheadPool: Failed readahead on ifile
EBADF: Bad file descriptor
	at org.apache.hadoop.io.nativeio.NativeIO$POSIX.posix_fadvise(Native Method)
	at org.apache.hadoop.io.nativeio.NativeIO$POSIX.posixFadviseIfPossible(NativeIO.java:267)
	at org.apache.hadoop.io.nativeio.NativeIO$POSIX$CacheManipulator.posixFadviseIfPossible(NativeIO.java:146)
	at org.apache.hadoop.io.ReadaheadPool$ReadaheadRequestImpl.run(ReadaheadPool.java:206)
	at java.util.concurrent.ThreadPoolExecutor.runWorker(ThreadPoolExecutor.java:1149)
	at java.util.concurrent.ThreadPoolExecutor$Worker.run(ThreadPoolExecutor.java:624)
	at java.lang.Thread.run(Thread.java:748)
26/03/02 03:41:18 INFO reduce.EventFetcher: EventFetcher is interrupted.. Returning
26/03/02 03:41:18 INFO mapred.LocalJobRunner: 1 / 1 copied.
26/03/02 03:41:18 INFO reduce.MergeManagerImpl: finalMerge called with 1 in-memory map-outputs and 0 on-disk map-outputs
26/03/02 03:41:18 INFO mapred.Merger: Merging 1 sorted segments
26/03/02 03:41:18 INFO mapred.Merger: Down to the last merge-pass, with 1 segments left of total size: 50 bytes
26/03/02 03:41:18 INFO reduce.MergeManagerImpl: Merged 1 segments, 56 bytes to disk to satisfy reduce memory limit
26/03/02 03:41:18 INFO reduce.MergeManagerImpl: Merging 1 files, 60 bytes from disk
26/03/02 03:41:18 INFO reduce.MergeManagerImpl: Merging 0 segments, 0 bytes from memory into reduce
26/03/02 03:41:18 INFO mapred.Merger: Merging 1 sorted segments
26/03/02 03:41:18 INFO mapred.Merger: Down to the last merge-pass, with 1 segments left of total size: 50 bytes
26/03/02 03:41:18 INFO mapred.LocalJobRunner: 1 / 1 copied.
26/03/02 03:41:18 INFO mapreduce.Job: Job job_local1956050895_0020 running in uber mode : false
26/03/02 03:41:18 INFO mapreduce.Job:  map 100% reduce 50%
26/03/02 03:41:18 INFO mapred.Task: Task:attempt_local1956050895_0020_r_000002_0 is done. And is in the process of committing
26/03/02 03:41:18 INFO mapred.LocalJobRunner: 1 / 1 copied.
26/03/02 03:41:18 INFO mapred.Task: Task attempt_local1956050895_0020_r_000002_0 is allowed to commit now
26/03/02 03:41:18 INFO output.FileOutputCommitter: Saved output of task 'attempt_local1956050895_0020_r_000002_0' to hdfs://localhost:9000/project2/task2/runs_report_plus/scale500k_opt/iter_20/_temporary/0/task_local1956050895_0020_r_000002
26/03/02 03:41:18 INFO mapred.LocalJobRunner: reduce > reduce
26/03/02 03:41:18 INFO mapred.Task: Task 'attempt_local1956050895_0020_r_000002_0' done.
26/03/02 03:41:18 INFO mapred.Task: Final Counters for attempt_local1956050895_0020_r_000002_0: Counters: 29
	File System Counters
		FILE: Number of bytes read=2918196
		FILE: Number of bytes written=8828486
		FILE: Number of read operations=0
		FILE: Number of large read operations=0
		FILE: Number of write operations=0
		HDFS: Number of bytes read=733809778
		HDFS: Number of bytes written=17697
		HDFS: Number of read operations=1094
		HDFS: Number of large read operations=0
		HDFS: Number of write operations=354
	Map-Reduce Framework
		Combine input records=0
		Combine output records=0
		Reduce input groups=1
		Reduce shuffle bytes=60
		Reduce input records=1
		Reduce output records=1
		Spilled Records=1
		Shuffled Maps =1
		Failed Shuffles=0
		Merged Map outputs=1
		GC time elapsed (ms)=0
		Total committed heap usage (bytes)=443547648
	Shuffle Errors
		BAD_ID=0
		CONNECTION=0
		IO_ERROR=0
		WRONG_LENGTH=0
		WRONG_MAP=0
		WRONG_REDUCE=0
	File Output Format Counters 
		Bytes Written=102
26/03/02 03:41:18 INFO mapred.LocalJobRunner: Finishing task: attempt_local1956050895_0020_r_000002_0
26/03/02 03:41:18 INFO mapred.LocalJobRunner: Starting task: attempt_local1956050895_0020_r_000003_0
26/03/02 03:41:18 INFO output.FileOutputCommitter: File Output Committer Algorithm version is 1
26/03/02 03:41:18 INFO mapred.Task:  Using ResourceCalculatorProcessTree : [ ]
26/03/02 03:41:18 INFO mapred.ReduceTask: Using ShuffleConsumerPlugin: org.apache.hadoop.mapreduce.task.reduce.Shuffle@2459fc13
26/03/02 03:41:18 INFO reduce.MergeManagerImpl: MergerManager: memoryLimit=334338464, maxSingleShuffleLimit=83584616, mergeThreshold=220663392, ioSortFactor=10, memToMemMergeOutputsThreshold=10
26/03/02 03:41:18 INFO reduce.EventFetcher: attempt_local1956050895_0020_r_000003_0 Thread started: EventFetcher for fetching Map Completion Events
26/03/02 03:41:18 INFO reduce.LocalFetcher: localfetcher#80 about to shuffle output of map attempt_local1956050895_0020_m_000000_0 decomp: 56 len: 60 to MEMORY
26/03/02 03:41:18 INFO reduce.InMemoryMapOutput: Read 56 bytes from map-output for attempt_local1956050895_0020_m_000000_0
26/03/02 03:41:18 INFO reduce.MergeManagerImpl: closeInMemoryFile -> map-output of size: 56, inMemoryMapOutputs.size() -> 1, commitMemory -> 0, usedMemory ->56
26/03/02 03:41:18 INFO reduce.EventFetcher: EventFetcher is interrupted.. Returning
26/03/02 03:41:18 INFO mapred.LocalJobRunner: 1 / 1 copied.
26/03/02 03:41:18 INFO reduce.MergeManagerImpl: finalMerge called with 1 in-memory map-outputs and 0 on-disk map-outputs
26/03/02 03:41:18 INFO mapred.Merger: Merging 1 sorted segments
26/03/02 03:41:18 INFO mapred.Merger: Down to the last merge-pass, with 1 segments left of total size: 50 bytes
26/03/02 03:41:18 INFO reduce.MergeManagerImpl: Merged 1 segments, 56 bytes to disk to satisfy reduce memory limit
26/03/02 03:41:18 INFO reduce.MergeManagerImpl: Merging 1 files, 60 bytes from disk
26/03/02 03:41:18 INFO reduce.MergeManagerImpl: Merging 0 segments, 0 bytes from memory into reduce
26/03/02 03:41:18 INFO mapred.Merger: Merging 1 sorted segments
26/03/02 03:41:18 INFO mapred.Merger: Down to the last merge-pass, with 1 segments left of total size: 50 bytes
26/03/02 03:41:18 INFO mapred.LocalJobRunner: 1 / 1 copied.
26/03/02 03:41:18 INFO mapred.Task: Task:attempt_local1956050895_0020_r_000003_0 is done. And is in the process of committing
26/03/02 03:41:18 INFO mapred.LocalJobRunner: 1 / 1 copied.
26/03/02 03:41:18 INFO mapred.Task: Task attempt_local1956050895_0020_r_000003_0 is allowed to commit now
26/03/02 03:41:18 INFO output.FileOutputCommitter: Saved output of task 'attempt_local1956050895_0020_r_000003_0' to hdfs://localhost:9000/project2/task2/runs_report_plus/scale500k_opt/iter_20/_temporary/0/task_local1956050895_0020_r_000003
26/03/02 03:41:18 INFO mapred.LocalJobRunner: reduce > reduce
26/03/02 03:41:18 INFO mapred.Task: Task 'attempt_local1956050895_0020_r_000003_0' done.
26/03/02 03:41:18 INFO mapred.Task: Final Counters for attempt_local1956050895_0020_r_000003_0: Counters: 29
	File System Counters
		FILE: Number of bytes read=2918420
		FILE: Number of bytes written=8828546
		FILE: Number of read operations=0
		FILE: Number of large read operations=0
		FILE: Number of write operations=0
		HDFS: Number of bytes read=733809778
		HDFS: Number of bytes written=17800
		HDFS: Number of read operations=1097
		HDFS: Number of large read operations=0
		HDFS: Number of write operations=356
	Map-Reduce Framework
		Combine input records=0
		Combine output records=0
		Reduce input groups=1
		Reduce shuffle bytes=60
		Reduce input records=1
		Reduce output records=1
		Spilled Records=1
		Shuffled Maps =1
		Failed Shuffles=0
		Merged Map outputs=1
		GC time elapsed (ms)=0
		Total committed heap usage (bytes)=443547648
	Shuffle Errors
		BAD_ID=0
		CONNECTION=0
		IO_ERROR=0
		WRONG_LENGTH=0
		WRONG_MAP=0
		WRONG_REDUCE=0
	File Output Format Counters 
		Bytes Written=103
26/03/02 03:41:18 INFO mapred.LocalJobRunner: Finishing task: attempt_local1956050895_0020_r_000003_0
26/03/02 03:41:18 INFO mapred.LocalJobRunner: reduce task executor complete.
26/03/02 03:41:19 INFO mapreduce.Job:  map 100% reduce 100%
26/03/02 03:41:19 INFO mapreduce.Job: Job job_local1956050895_0020 completed successfully
26/03/02 03:41:19 INFO mapreduce.Job: Counters: 35
	File System Counters
		FILE: Number of bytes read=14589152
		FILE: Number of bytes written=44142076
		FILE: Number of read operations=0
		FILE: Number of large read operations=0
		FILE: Number of write operations=0
		HDFS: Number of bytes read=3669048890
		HDFS: Number of bytes written=87863
		HDFS: Number of read operations=5455
		HDFS: Number of large read operations=0
		HDFS: Number of write operations=1760
	Map-Reduce Framework
		Map input records=500000
		Map output records=500000
		Map output bytes=26000000
		Map output materialized bytes=294
		Input split bytes=123
		Combine input records=500000
		Combine output records=5
		Reduce input groups=5
		Reduce shuffle bytes=294
		Reduce input records=5
		Reduce output records=5
		Spilled Records=10
		Shuffled Maps =4
		Failed Shuffles=0
		Merged Map outputs=4
		GC time elapsed (ms)=61
		Total committed heap usage (bytes)=2217738240
	Shuffle Errors
		BAD_ID=0
		CONNECTION=0
		IO_ERROR=0
		WRONG_LENGTH=0
		WRONG_MAP=0
		WRONG_REDUCE=0
	File Input Format Counters 
		Bytes Read=36688385
	File Output Format Counters 
		Bytes Written=518
Done. mode=OPT_CENTERS, rounds=20, converged=false
