26/03/02 03:15:10 INFO Configuration.deprecation: session.id is deprecated. Instead, use dfs.metrics.session-id
26/03/02 03:15:10 INFO jvm.JvmMetrics: Initializing JVM Metrics with processName=JobTracker, sessionId=
26/03/02 03:15:10 WARN mapreduce.JobResourceUploader: Hadoop command-line option parsing not performed. Implement the Tool interface and execute your application with ToolRunner to remedy this.
26/03/02 03:15:10 INFO input.FileInputFormat: Total input paths to process : 1
26/03/02 03:15:10 INFO mapreduce.JobSubmitter: number of splits:1
26/03/02 03:15:10 INFO mapreduce.JobSubmitter: Submitting tokens for job: job_local1420550102_0001
26/03/02 03:15:11 INFO mapred.LocalDistributedCacheManager: Creating symlink: /tmp/hadoop-ds503/mapred/local/1772421311014/centers_initial.csv <- /home/ds503/centers_initial.csv
26/03/02 03:15:11 INFO mapred.LocalDistributedCacheManager: Localized hdfs://localhost:9000/project2/task2/runs_true_k/k5_r30_opt_centers/centers_initial.csv as file:/tmp/hadoop-ds503/mapred/local/1772421311014/centers_initial.csv
26/03/02 03:15:11 INFO mapreduce.Job: The url to track the job: http://localhost:8080/
26/03/02 03:15:11 INFO mapreduce.Job: Running job: job_local1420550102_0001
26/03/02 03:15:11 INFO mapred.LocalJobRunner: OutputCommitter set in config null
26/03/02 03:15:11 INFO output.FileOutputCommitter: File Output Committer Algorithm version is 1
26/03/02 03:15:11 INFO mapred.LocalJobRunner: OutputCommitter is org.apache.hadoop.mapreduce.lib.output.FileOutputCommitter
26/03/02 03:15:11 INFO mapred.LocalJobRunner: Waiting for map tasks
26/03/02 03:15:11 INFO mapred.LocalJobRunner: Starting task: attempt_local1420550102_0001_m_000000_0
26/03/02 03:15:11 INFO output.FileOutputCommitter: File Output Committer Algorithm version is 1
26/03/02 03:15:11 INFO mapred.Task:  Using ResourceCalculatorProcessTree : [ ]
26/03/02 03:15:11 INFO mapred.MapTask: Processing split: hdfs://localhost:9000/project2/task2/input/points_4d.csv:0+733758
26/03/02 03:15:11 INFO mapred.MapTask: (EQUATOR) 0 kvi 26214396(104857584)
26/03/02 03:15:11 INFO mapred.MapTask: mapreduce.task.io.sort.mb: 100
26/03/02 03:15:11 INFO mapred.MapTask: soft limit at 83886080
26/03/02 03:15:11 INFO mapred.MapTask: bufstart = 0; bufvoid = 104857600
26/03/02 03:15:11 INFO mapred.MapTask: kvstart = 26214396; length = 6553600
26/03/02 03:15:11 INFO mapred.MapTask: Map output collector class = org.apache.hadoop.mapred.MapTask$MapOutputBuffer
26/03/02 03:15:11 INFO mapred.LocalJobRunner: 
26/03/02 03:15:11 INFO mapred.MapTask: Starting flush of map output
26/03/02 03:15:11 INFO mapred.MapTask: Spilling map output
26/03/02 03:15:11 INFO mapred.MapTask: bufstart = 0; bufend = 520000; bufvoid = 104857600
26/03/02 03:15:11 INFO mapred.MapTask: kvstart = 26214396(104857584); kvend = 26174400(104697600); length = 39997/6553600
26/03/02 03:15:11 INFO mapred.MapTask: Finished spill 0
26/03/02 03:15:11 INFO mapred.Task: Task:attempt_local1420550102_0001_m_000000_0 is done. And is in the process of committing
26/03/02 03:15:11 INFO mapred.LocalJobRunner: map
26/03/02 03:15:11 INFO mapred.Task: Task 'attempt_local1420550102_0001_m_000000_0' done.
26/03/02 03:15:11 INFO mapred.Task: Final Counters for attempt_local1420550102_0001_m_000000_0: Counters: 23
	File System Counters
		FILE: Number of bytes read=144554
		FILE: Number of bytes written=442084
		FILE: Number of read operations=0
		FILE: Number of large read operations=0
		FILE: Number of write operations=0
		HDFS: Number of bytes read=734898
		HDFS: Number of bytes written=380
		HDFS: Number of read operations=21
		HDFS: Number of large read operations=0
		HDFS: Number of write operations=6
	Map-Reduce Framework
		Map input records=10000
		Map output records=10000
		Map output bytes=520000
		Map output materialized bytes=294
		Input split bytes=121
		Combine input records=10000
		Combine output records=5
		Spilled Records=5
		Failed Shuffles=0
		Merged Map outputs=0
		GC time elapsed (ms)=8
		Total committed heap usage (bytes)=288358400
	File Input Format Counters 
		Bytes Read=733758
26/03/02 03:15:11 INFO mapred.LocalJobRunner: Finishing task: attempt_local1420550102_0001_m_000000_0
26/03/02 03:15:11 INFO mapred.LocalJobRunner: map task executor complete.
26/03/02 03:15:11 INFO mapred.LocalJobRunner: Waiting for reduce tasks
26/03/02 03:15:11 INFO mapred.LocalJobRunner: Starting task: attempt_local1420550102_0001_r_000000_0
26/03/02 03:15:11 INFO output.FileOutputCommitter: File Output Committer Algorithm version is 1
26/03/02 03:15:11 INFO mapred.Task:  Using ResourceCalculatorProcessTree : [ ]
26/03/02 03:15:11 INFO mapred.ReduceTask: Using ShuffleConsumerPlugin: org.apache.hadoop.mapreduce.task.reduce.Shuffle@f1c2733
26/03/02 03:15:11 INFO reduce.MergeManagerImpl: MergerManager: memoryLimit=334338464, maxSingleShuffleLimit=83584616, mergeThreshold=220663392, ioSortFactor=10, memToMemMergeOutputsThreshold=10
26/03/02 03:15:11 INFO reduce.EventFetcher: attempt_local1420550102_0001_r_000000_0 Thread started: EventFetcher for fetching Map Completion Events
26/03/02 03:15:11 INFO reduce.LocalFetcher: localfetcher#1 about to shuffle output of map attempt_local1420550102_0001_m_000000_0 decomp: 110 len: 114 to MEMORY
26/03/02 03:15:11 INFO reduce.InMemoryMapOutput: Read 110 bytes from map-output for attempt_local1420550102_0001_m_000000_0
26/03/02 03:15:11 INFO reduce.MergeManagerImpl: closeInMemoryFile -> map-output of size: 110, inMemoryMapOutputs.size() -> 1, commitMemory -> 0, usedMemory ->110
26/03/02 03:15:11 INFO reduce.EventFetcher: EventFetcher is interrupted.. Returning
26/03/02 03:15:11 INFO mapred.LocalJobRunner: 1 / 1 copied.
26/03/02 03:15:11 INFO reduce.MergeManagerImpl: finalMerge called with 1 in-memory map-outputs and 0 on-disk map-outputs
26/03/02 03:15:11 INFO mapred.Merger: Merging 1 sorted segments
26/03/02 03:15:11 INFO mapred.Merger: Down to the last merge-pass, with 1 segments left of total size: 104 bytes
26/03/02 03:15:11 INFO reduce.MergeManagerImpl: Merged 1 segments, 110 bytes to disk to satisfy reduce memory limit
26/03/02 03:15:11 INFO reduce.MergeManagerImpl: Merging 1 files, 114 bytes from disk
26/03/02 03:15:11 INFO reduce.MergeManagerImpl: Merging 0 segments, 0 bytes from memory into reduce
26/03/02 03:15:11 INFO mapred.Merger: Merging 1 sorted segments
26/03/02 03:15:11 INFO mapred.Merger: Down to the last merge-pass, with 1 segments left of total size: 104 bytes
26/03/02 03:15:11 INFO mapred.LocalJobRunner: 1 / 1 copied.
26/03/02 03:15:11 INFO Configuration.deprecation: mapred.skip.on is deprecated. Instead, use mapreduce.job.skiprecords
26/03/02 03:15:11 INFO mapred.Task: Task:attempt_local1420550102_0001_r_000000_0 is done. And is in the process of committing
26/03/02 03:15:11 INFO mapred.LocalJobRunner: 1 / 1 copied.
26/03/02 03:15:11 INFO mapred.Task: Task attempt_local1420550102_0001_r_000000_0 is allowed to commit now
26/03/02 03:15:11 INFO output.FileOutputCommitter: Saved output of task 'attempt_local1420550102_0001_r_000000_0' to hdfs://localhost:9000/project2/task2/runs_true_k/k5_r30_opt_centers/iter_1/_temporary/0/task_local1420550102_0001_r_000000
26/03/02 03:15:11 INFO mapred.LocalJobRunner: reduce > reduce
26/03/02 03:15:11 INFO mapred.Task: Task 'attempt_local1420550102_0001_r_000000_0' done.
26/03/02 03:15:11 INFO mapred.Task: Final Counters for attempt_local1420550102_0001_r_000000_0: Counters: 29
	File System Counters
		FILE: Number of bytes read=145066
		FILE: Number of bytes written=442198
		FILE: Number of read operations=0
		FILE: Number of large read operations=0
		FILE: Number of write operations=0
		HDFS: Number of bytes read=734898
		HDFS: Number of bytes written=583
		HDFS: Number of read operations=24
		HDFS: Number of large read operations=0
		HDFS: Number of write operations=8
	Map-Reduce Framework
		Combine input records=0
		Combine output records=0
		Reduce input groups=2
		Reduce shuffle bytes=114
		Reduce input records=2
		Reduce output records=2
		Spilled Records=2
		Shuffled Maps =1
		Failed Shuffles=0
		Merged Map outputs=1
		GC time elapsed (ms)=0
		Total committed heap usage (bytes)=288358400
	Shuffle Errors
		BAD_ID=0
		CONNECTION=0
		IO_ERROR=0
		WRONG_LENGTH=0
		WRONG_MAP=0
		WRONG_REDUCE=0
	File Output Format Counters 
		Bytes Written=203
26/03/02 03:15:11 INFO mapred.LocalJobRunner: Finishing task: attempt_local1420550102_0001_r_000000_0
26/03/02 03:15:11 INFO mapred.LocalJobRunner: Starting task: attempt_local1420550102_0001_r_000001_0
26/03/02 03:15:11 INFO output.FileOutputCommitter: File Output Committer Algorithm version is 1
26/03/02 03:15:11 INFO mapred.Task:  Using ResourceCalculatorProcessTree : [ ]
26/03/02 03:15:11 INFO mapred.ReduceTask: Using ShuffleConsumerPlugin: org.apache.hadoop.mapreduce.task.reduce.Shuffle@1d240689
26/03/02 03:15:11 INFO reduce.MergeManagerImpl: MergerManager: memoryLimit=334338464, maxSingleShuffleLimit=83584616, mergeThreshold=220663392, ioSortFactor=10, memToMemMergeOutputsThreshold=10
26/03/02 03:15:11 INFO reduce.EventFetcher: attempt_local1420550102_0001_r_000001_0 Thread started: EventFetcher for fetching Map Completion Events
26/03/02 03:15:11 INFO reduce.LocalFetcher: localfetcher#2 about to shuffle output of map attempt_local1420550102_0001_m_000000_0 decomp: 56 len: 60 to MEMORY
26/03/02 03:15:11 INFO reduce.InMemoryMapOutput: Read 56 bytes from map-output for attempt_local1420550102_0001_m_000000_0
26/03/02 03:15:11 INFO reduce.MergeManagerImpl: closeInMemoryFile -> map-output of size: 56, inMemoryMapOutputs.size() -> 1, commitMemory -> 0, usedMemory ->56
26/03/02 03:15:11 INFO reduce.EventFetcher: EventFetcher is interrupted.. Returning
26/03/02 03:15:11 WARN io.ReadaheadPool: Failed readahead on ifile
EBADF: Bad file descriptor
	at org.apache.hadoop.io.nativeio.NativeIO$POSIX.posix_fadvise(Native Method)
	at org.apache.hadoop.io.nativeio.NativeIO$POSIX.posixFadviseIfPossible(NativeIO.java:267)
	at org.apache.hadoop.io.nativeio.NativeIO$POSIX$CacheManipulator.posixFadviseIfPossible(NativeIO.java:146)
	at org.apache.hadoop.io.ReadaheadPool$ReadaheadRequestImpl.run(ReadaheadPool.java:206)
	at java.util.concurrent.ThreadPoolExecutor.runWorker(ThreadPoolExecutor.java:1149)
	at java.util.concurrent.ThreadPoolExecutor$Worker.run(ThreadPoolExecutor.java:624)
	at java.lang.Thread.run(Thread.java:748)
26/03/02 03:15:11 INFO mapred.LocalJobRunner: 1 / 1 copied.
26/03/02 03:15:11 INFO reduce.MergeManagerImpl: finalMerge called with 1 in-memory map-outputs and 0 on-disk map-outputs
26/03/02 03:15:11 INFO mapred.Merger: Merging 1 sorted segments
26/03/02 03:15:11 INFO mapred.Merger: Down to the last merge-pass, with 1 segments left of total size: 50 bytes
26/03/02 03:15:11 INFO reduce.MergeManagerImpl: Merged 1 segments, 56 bytes to disk to satisfy reduce memory limit
26/03/02 03:15:11 INFO reduce.MergeManagerImpl: Merging 1 files, 60 bytes from disk
26/03/02 03:15:11 INFO reduce.MergeManagerImpl: Merging 0 segments, 0 bytes from memory into reduce
26/03/02 03:15:11 INFO mapred.Merger: Merging 1 sorted segments
26/03/02 03:15:11 INFO mapred.Merger: Down to the last merge-pass, with 1 segments left of total size: 50 bytes
26/03/02 03:15:11 INFO mapred.LocalJobRunner: 1 / 1 copied.
26/03/02 03:15:11 INFO mapred.Task: Task:attempt_local1420550102_0001_r_000001_0 is done. And is in the process of committing
26/03/02 03:15:11 INFO mapred.LocalJobRunner: 1 / 1 copied.
26/03/02 03:15:11 INFO mapred.Task: Task attempt_local1420550102_0001_r_000001_0 is allowed to commit now
26/03/02 03:15:11 INFO output.FileOutputCommitter: Saved output of task 'attempt_local1420550102_0001_r_000001_0' to hdfs://localhost:9000/project2/task2/runs_true_k/k5_r30_opt_centers/iter_1/_temporary/0/task_local1420550102_0001_r_000001
26/03/02 03:15:11 INFO mapred.LocalJobRunner: reduce > reduce
26/03/02 03:15:11 INFO mapred.Task: Task 'attempt_local1420550102_0001_r_000001_0' done.
26/03/02 03:15:11 INFO mapred.Task: Final Counters for attempt_local1420550102_0001_r_000001_0: Counters: 29
	File System Counters
		FILE: Number of bytes read=145410
		FILE: Number of bytes written=442258
		FILE: Number of read operations=0
		FILE: Number of large read operations=0
		FILE: Number of write operations=0
		HDFS: Number of bytes read=734898
		HDFS: Number of bytes written=683
		HDFS: Number of read operations=27
		HDFS: Number of large read operations=0
		HDFS: Number of write operations=10
	Map-Reduce Framework
		Combine input records=0
		Combine output records=0
		Reduce input groups=1
		Reduce shuffle bytes=60
		Reduce input records=1
		Reduce output records=1
		Spilled Records=1
		Shuffled Maps =1
		Failed Shuffles=0
		Merged Map outputs=1
		GC time elapsed (ms)=0
		Total committed heap usage (bytes)=288358400
	Shuffle Errors
		BAD_ID=0
		CONNECTION=0
		IO_ERROR=0
		WRONG_LENGTH=0
		WRONG_MAP=0
		WRONG_REDUCE=0
	File Output Format Counters 
		Bytes Written=100
26/03/02 03:15:11 INFO mapred.LocalJobRunner: Finishing task: attempt_local1420550102_0001_r_000001_0
26/03/02 03:15:11 INFO mapred.LocalJobRunner: Starting task: attempt_local1420550102_0001_r_000002_0
26/03/02 03:15:11 INFO output.FileOutputCommitter: File Output Committer Algorithm version is 1
26/03/02 03:15:11 INFO mapred.Task:  Using ResourceCalculatorProcessTree : [ ]
26/03/02 03:15:11 INFO mapred.ReduceTask: Using ShuffleConsumerPlugin: org.apache.hadoop.mapreduce.task.reduce.Shuffle@45523a84
26/03/02 03:15:11 INFO reduce.MergeManagerImpl: MergerManager: memoryLimit=334338464, maxSingleShuffleLimit=83584616, mergeThreshold=220663392, ioSortFactor=10, memToMemMergeOutputsThreshold=10
26/03/02 03:15:11 INFO reduce.EventFetcher: attempt_local1420550102_0001_r_000002_0 Thread started: EventFetcher for fetching Map Completion Events
26/03/02 03:15:11 INFO reduce.LocalFetcher: localfetcher#3 about to shuffle output of map attempt_local1420550102_0001_m_000000_0 decomp: 56 len: 60 to MEMORY
26/03/02 03:15:11 INFO reduce.InMemoryMapOutput: Read 56 bytes from map-output for attempt_local1420550102_0001_m_000000_0
26/03/02 03:15:11 INFO reduce.MergeManagerImpl: closeInMemoryFile -> map-output of size: 56, inMemoryMapOutputs.size() -> 1, commitMemory -> 0, usedMemory ->56
26/03/02 03:15:11 INFO reduce.EventFetcher: EventFetcher is interrupted.. Returning
26/03/02 03:15:11 INFO mapred.LocalJobRunner: 1 / 1 copied.
26/03/02 03:15:11 INFO reduce.MergeManagerImpl: finalMerge called with 1 in-memory map-outputs and 0 on-disk map-outputs
26/03/02 03:15:11 INFO mapred.Merger: Merging 1 sorted segments
26/03/02 03:15:11 INFO mapred.Merger: Down to the last merge-pass, with 1 segments left of total size: 50 bytes
26/03/02 03:15:11 INFO reduce.MergeManagerImpl: Merged 1 segments, 56 bytes to disk to satisfy reduce memory limit
26/03/02 03:15:11 INFO reduce.MergeManagerImpl: Merging 1 files, 60 bytes from disk
26/03/02 03:15:11 INFO reduce.MergeManagerImpl: Merging 0 segments, 0 bytes from memory into reduce
26/03/02 03:15:11 INFO mapred.Merger: Merging 1 sorted segments
26/03/02 03:15:11 INFO mapred.Merger: Down to the last merge-pass, with 1 segments left of total size: 50 bytes
26/03/02 03:15:11 INFO mapred.LocalJobRunner: 1 / 1 copied.
26/03/02 03:15:11 INFO mapred.Task: Task:attempt_local1420550102_0001_r_000002_0 is done. And is in the process of committing
26/03/02 03:15:11 INFO mapred.LocalJobRunner: 1 / 1 copied.
26/03/02 03:15:11 INFO mapred.Task: Task attempt_local1420550102_0001_r_000002_0 is allowed to commit now
26/03/02 03:15:11 INFO output.FileOutputCommitter: Saved output of task 'attempt_local1420550102_0001_r_000002_0' to hdfs://localhost:9000/project2/task2/runs_true_k/k5_r30_opt_centers/iter_1/_temporary/0/task_local1420550102_0001_r_000002
26/03/02 03:15:11 INFO mapred.LocalJobRunner: reduce > reduce
26/03/02 03:15:11 INFO mapred.Task: Task 'attempt_local1420550102_0001_r_000002_0' done.
26/03/02 03:15:11 INFO mapred.Task: Final Counters for attempt_local1420550102_0001_r_000002_0: Counters: 29
	File System Counters
		FILE: Number of bytes read=145694
		FILE: Number of bytes written=442318
		FILE: Number of read operations=0
		FILE: Number of large read operations=0
		FILE: Number of write operations=0
		HDFS: Number of bytes read=734898
		HDFS: Number of bytes written=784
		HDFS: Number of read operations=30
		HDFS: Number of large read operations=0
		HDFS: Number of write operations=12
	Map-Reduce Framework
		Combine input records=0
		Combine output records=0
		Reduce input groups=1
		Reduce shuffle bytes=60
		Reduce input records=1
		Reduce output records=1
		Spilled Records=1
		Shuffled Maps =1
		Failed Shuffles=0
		Merged Map outputs=1
		GC time elapsed (ms)=0
		Total committed heap usage (bytes)=288358400
	Shuffle Errors
		BAD_ID=0
		CONNECTION=0
		IO_ERROR=0
		WRONG_LENGTH=0
		WRONG_MAP=0
		WRONG_REDUCE=0
	File Output Format Counters 
		Bytes Written=101
26/03/02 03:15:11 INFO mapred.LocalJobRunner: Finishing task: attempt_local1420550102_0001_r_000002_0
26/03/02 03:15:11 INFO mapred.LocalJobRunner: Starting task: attempt_local1420550102_0001_r_000003_0
26/03/02 03:15:11 INFO output.FileOutputCommitter: File Output Committer Algorithm version is 1
26/03/02 03:15:11 INFO mapred.Task:  Using ResourceCalculatorProcessTree : [ ]
26/03/02 03:15:11 INFO mapred.ReduceTask: Using ShuffleConsumerPlugin: org.apache.hadoop.mapreduce.task.reduce.Shuffle@470bc4dd
26/03/02 03:15:11 INFO reduce.MergeManagerImpl: MergerManager: memoryLimit=334338464, maxSingleShuffleLimit=83584616, mergeThreshold=220663392, ioSortFactor=10, memToMemMergeOutputsThreshold=10
26/03/02 03:15:11 INFO reduce.EventFetcher: attempt_local1420550102_0001_r_000003_0 Thread started: EventFetcher for fetching Map Completion Events
26/03/02 03:15:11 INFO reduce.LocalFetcher: localfetcher#4 about to shuffle output of map attempt_local1420550102_0001_m_000000_0 decomp: 56 len: 60 to MEMORY
26/03/02 03:15:11 INFO reduce.InMemoryMapOutput: Read 56 bytes from map-output for attempt_local1420550102_0001_m_000000_0
26/03/02 03:15:11 INFO reduce.MergeManagerImpl: closeInMemoryFile -> map-output of size: 56, inMemoryMapOutputs.size() -> 1, commitMemory -> 0, usedMemory ->56
26/03/02 03:15:11 INFO reduce.EventFetcher: EventFetcher is interrupted.. Returning
26/03/02 03:15:11 INFO mapred.LocalJobRunner: 1 / 1 copied.
26/03/02 03:15:11 INFO reduce.MergeManagerImpl: finalMerge called with 1 in-memory map-outputs and 0 on-disk map-outputs
26/03/02 03:15:11 INFO mapred.Merger: Merging 1 sorted segments
26/03/02 03:15:11 INFO mapred.Merger: Down to the last merge-pass, with 1 segments left of total size: 50 bytes
26/03/02 03:15:11 INFO reduce.MergeManagerImpl: Merged 1 segments, 56 bytes to disk to satisfy reduce memory limit
26/03/02 03:15:11 INFO reduce.MergeManagerImpl: Merging 1 files, 60 bytes from disk
26/03/02 03:15:11 INFO reduce.MergeManagerImpl: Merging 0 segments, 0 bytes from memory into reduce
26/03/02 03:15:11 INFO mapred.Merger: Merging 1 sorted segments
26/03/02 03:15:11 INFO mapred.Merger: Down to the last merge-pass, with 1 segments left of total size: 50 bytes
26/03/02 03:15:11 INFO mapred.LocalJobRunner: 1 / 1 copied.
26/03/02 03:15:11 INFO mapred.Task: Task:attempt_local1420550102_0001_r_000003_0 is done. And is in the process of committing
26/03/02 03:15:11 INFO mapred.LocalJobRunner: 1 / 1 copied.
26/03/02 03:15:11 INFO mapred.Task: Task attempt_local1420550102_0001_r_000003_0 is allowed to commit now
26/03/02 03:15:11 INFO output.FileOutputCommitter: Saved output of task 'attempt_local1420550102_0001_r_000003_0' to hdfs://localhost:9000/project2/task2/runs_true_k/k5_r30_opt_centers/iter_1/_temporary/0/task_local1420550102_0001_r_000003
26/03/02 03:15:11 INFO mapred.LocalJobRunner: reduce > reduce
26/03/02 03:15:11 INFO mapred.Task: Task 'attempt_local1420550102_0001_r_000003_0' done.
26/03/02 03:15:11 INFO mapred.Task: Final Counters for attempt_local1420550102_0001_r_000003_0: Counters: 29
	File System Counters
		FILE: Number of bytes read=145918
		FILE: Number of bytes written=442378
		FILE: Number of read operations=0
		FILE: Number of large read operations=0
		FILE: Number of write operations=0
		HDFS: Number of bytes read=734898
		HDFS: Number of bytes written=888
		HDFS: Number of read operations=33
		HDFS: Number of large read operations=0
		HDFS: Number of write operations=14
	Map-Reduce Framework
		Combine input records=0
		Combine output records=0
		Reduce input groups=1
		Reduce shuffle bytes=60
		Reduce input records=1
		Reduce output records=1
		Spilled Records=1
		Shuffled Maps =1
		Failed Shuffles=0
		Merged Map outputs=1
		GC time elapsed (ms)=0
		Total committed heap usage (bytes)=288358400
	Shuffle Errors
		BAD_ID=0
		CONNECTION=0
		IO_ERROR=0
		WRONG_LENGTH=0
		WRONG_MAP=0
		WRONG_REDUCE=0
	File Output Format Counters 
		Bytes Written=104
26/03/02 03:15:11 INFO mapred.LocalJobRunner: Finishing task: attempt_local1420550102_0001_r_000003_0
26/03/02 03:15:11 INFO mapred.LocalJobRunner: reduce task executor complete.
26/03/02 03:15:12 INFO mapreduce.Job: Job job_local1420550102_0001 running in uber mode : false
26/03/02 03:15:12 INFO mapreduce.Job:  map 100% reduce 100%
26/03/02 03:15:12 INFO mapreduce.Job: Job job_local1420550102_0001 completed successfully
26/03/02 03:15:12 INFO mapreduce.Job: Counters: 35
	File System Counters
		FILE: Number of bytes read=726642
		FILE: Number of bytes written=2211236
		FILE: Number of read operations=0
		FILE: Number of large read operations=0
		FILE: Number of write operations=0
		HDFS: Number of bytes read=3674490
		HDFS: Number of bytes written=3318
		HDFS: Number of read operations=135
		HDFS: Number of large read operations=0
		HDFS: Number of write operations=50
	Map-Reduce Framework
		Map input records=10000
		Map output records=10000
		Map output bytes=520000
		Map output materialized bytes=294
		Input split bytes=121
		Combine input records=10000
		Combine output records=5
		Reduce input groups=5
		Reduce shuffle bytes=294
		Reduce input records=5
		Reduce output records=5
		Spilled Records=10
		Shuffled Maps =4
		Failed Shuffles=0
		Merged Map outputs=4
		GC time elapsed (ms)=8
		Total committed heap usage (bytes)=1441792000
	Shuffle Errors
		BAD_ID=0
		CONNECTION=0
		IO_ERROR=0
		WRONG_LENGTH=0
		WRONG_MAP=0
		WRONG_REDUCE=0
	File Input Format Counters 
		Bytes Read=733758
	File Output Format Counters 
		Bytes Written=508
26/03/02 03:15:12 INFO jvm.JvmMetrics: Cannot initialize JVM Metrics with processName=JobTracker, sessionId= - already initialized
26/03/02 03:15:12 WARN mapreduce.JobResourceUploader: Hadoop command-line option parsing not performed. Implement the Tool interface and execute your application with ToolRunner to remedy this.
26/03/02 03:15:12 INFO input.FileInputFormat: Total input paths to process : 1
26/03/02 03:15:12 INFO mapreduce.JobSubmitter: number of splits:1
26/03/02 03:15:12 INFO mapreduce.JobSubmitter: Submitting tokens for job: job_local350325970_0002
26/03/02 03:15:12 INFO mapred.LocalDistributedCacheManager: Creating symlink: /tmp/hadoop-ds503/mapred/local/1772421312189/centers_iter_1.csv <- /home/ds503/centers_iter_1.csv
26/03/02 03:15:12 INFO mapred.LocalDistributedCacheManager: Localized hdfs://localhost:9000/project2/task2/runs_true_k/k5_r30_opt_centers/centers_iter_1.csv as file:/tmp/hadoop-ds503/mapred/local/1772421312189/centers_iter_1.csv
26/03/02 03:15:12 INFO mapreduce.Job: The url to track the job: http://localhost:8080/
26/03/02 03:15:12 INFO mapreduce.Job: Running job: job_local350325970_0002
26/03/02 03:15:12 INFO mapred.LocalJobRunner: OutputCommitter set in config null
26/03/02 03:15:12 INFO output.FileOutputCommitter: File Output Committer Algorithm version is 1
26/03/02 03:15:12 INFO mapred.LocalJobRunner: OutputCommitter is org.apache.hadoop.mapreduce.lib.output.FileOutputCommitter
26/03/02 03:15:12 INFO mapred.LocalJobRunner: Waiting for map tasks
26/03/02 03:15:12 INFO mapred.LocalJobRunner: Starting task: attempt_local350325970_0002_m_000000_0
26/03/02 03:15:12 INFO output.FileOutputCommitter: File Output Committer Algorithm version is 1
26/03/02 03:15:12 INFO mapred.Task:  Using ResourceCalculatorProcessTree : [ ]
26/03/02 03:15:12 INFO mapred.MapTask: Processing split: hdfs://localhost:9000/project2/task2/input/points_4d.csv:0+733758
26/03/02 03:15:12 INFO mapred.MapTask: (EQUATOR) 0 kvi 26214396(104857584)
26/03/02 03:15:12 INFO mapred.MapTask: mapreduce.task.io.sort.mb: 100
26/03/02 03:15:12 INFO mapred.MapTask: soft limit at 83886080
26/03/02 03:15:12 INFO mapred.MapTask: bufstart = 0; bufvoid = 104857600
26/03/02 03:15:12 INFO mapred.MapTask: kvstart = 26214396; length = 6553600
26/03/02 03:15:12 INFO mapred.MapTask: Map output collector class = org.apache.hadoop.mapred.MapTask$MapOutputBuffer
26/03/02 03:15:12 INFO mapred.LocalJobRunner: 
26/03/02 03:15:12 INFO mapred.MapTask: Starting flush of map output
26/03/02 03:15:12 INFO mapred.MapTask: Spilling map output
26/03/02 03:15:12 INFO mapred.MapTask: bufstart = 0; bufend = 520000; bufvoid = 104857600
26/03/02 03:15:12 INFO mapred.MapTask: kvstart = 26214396(104857584); kvend = 26174400(104697600); length = 39997/6553600
26/03/02 03:15:12 INFO mapred.MapTask: Finished spill 0
26/03/02 03:15:12 INFO mapred.Task: Task:attempt_local350325970_0002_m_000000_0 is done. And is in the process of committing
26/03/02 03:15:12 INFO mapred.LocalJobRunner: map
26/03/02 03:15:12 INFO mapred.Task: Task 'attempt_local350325970_0002_m_000000_0' done.
26/03/02 03:15:12 INFO mapred.Task: Final Counters for attempt_local350325970_0002_m_000000_0: Counters: 23
	File System Counters
		FILE: Number of bytes read=290472
		FILE: Number of bytes written=882868
		FILE: Number of read operations=0
		FILE: Number of large read operations=0
		FILE: Number of write operations=0
		HDFS: Number of bytes read=1470806
		HDFS: Number of bytes written=1265
		HDFS: Number of read operations=77
		HDFS: Number of large read operations=0
		HDFS: Number of write operations=24
	Map-Reduce Framework
		Map input records=10000
		Map output records=10000
		Map output bytes=520000
		Map output materialized bytes=294
		Input split bytes=121
		Combine input records=10000
		Combine output records=5
		Spilled Records=5
		Failed Shuffles=0
		Merged Map outputs=0
		GC time elapsed (ms)=0
		Total committed heap usage (bytes)=393740288
	File Input Format Counters 
		Bytes Read=733758
26/03/02 03:15:12 INFO mapred.LocalJobRunner: Finishing task: attempt_local350325970_0002_m_000000_0
26/03/02 03:15:12 INFO mapred.LocalJobRunner: map task executor complete.
26/03/02 03:15:12 INFO mapred.LocalJobRunner: Waiting for reduce tasks
26/03/02 03:15:12 INFO mapred.LocalJobRunner: Starting task: attempt_local350325970_0002_r_000000_0
26/03/02 03:15:12 INFO output.FileOutputCommitter: File Output Committer Algorithm version is 1
26/03/02 03:15:12 INFO mapred.Task:  Using ResourceCalculatorProcessTree : [ ]
26/03/02 03:15:12 INFO mapred.ReduceTask: Using ShuffleConsumerPlugin: org.apache.hadoop.mapreduce.task.reduce.Shuffle@5f1d5ea3
26/03/02 03:15:12 INFO reduce.MergeManagerImpl: MergerManager: memoryLimit=334338464, maxSingleShuffleLimit=83584616, mergeThreshold=220663392, ioSortFactor=10, memToMemMergeOutputsThreshold=10
26/03/02 03:15:12 INFO reduce.EventFetcher: attempt_local350325970_0002_r_000000_0 Thread started: EventFetcher for fetching Map Completion Events
26/03/02 03:15:12 INFO reduce.LocalFetcher: localfetcher#5 about to shuffle output of map attempt_local350325970_0002_m_000000_0 decomp: 110 len: 114 to MEMORY
26/03/02 03:15:12 INFO reduce.InMemoryMapOutput: Read 110 bytes from map-output for attempt_local350325970_0002_m_000000_0
26/03/02 03:15:12 INFO reduce.MergeManagerImpl: closeInMemoryFile -> map-output of size: 110, inMemoryMapOutputs.size() -> 1, commitMemory -> 0, usedMemory ->110
26/03/02 03:15:12 INFO reduce.EventFetcher: EventFetcher is interrupted.. Returning
26/03/02 03:15:12 INFO mapred.LocalJobRunner: 1 / 1 copied.
26/03/02 03:15:12 INFO reduce.MergeManagerImpl: finalMerge called with 1 in-memory map-outputs and 0 on-disk map-outputs
26/03/02 03:15:12 INFO mapred.Merger: Merging 1 sorted segments
26/03/02 03:15:12 INFO mapred.Merger: Down to the last merge-pass, with 1 segments left of total size: 104 bytes
26/03/02 03:15:12 INFO reduce.MergeManagerImpl: Merged 1 segments, 110 bytes to disk to satisfy reduce memory limit
26/03/02 03:15:12 INFO reduce.MergeManagerImpl: Merging 1 files, 114 bytes from disk
26/03/02 03:15:12 INFO reduce.MergeManagerImpl: Merging 0 segments, 0 bytes from memory into reduce
26/03/02 03:15:12 INFO mapred.Merger: Merging 1 sorted segments
26/03/02 03:15:12 INFO mapred.Merger: Down to the last merge-pass, with 1 segments left of total size: 104 bytes
26/03/02 03:15:12 INFO mapred.LocalJobRunner: 1 / 1 copied.
26/03/02 03:15:12 INFO mapred.Task: Task:attempt_local350325970_0002_r_000000_0 is done. And is in the process of committing
26/03/02 03:15:12 INFO mapred.LocalJobRunner: 1 / 1 copied.
26/03/02 03:15:12 INFO mapred.Task: Task attempt_local350325970_0002_r_000000_0 is allowed to commit now
26/03/02 03:15:12 INFO output.FileOutputCommitter: Saved output of task 'attempt_local350325970_0002_r_000000_0' to hdfs://localhost:9000/project2/task2/runs_true_k/k5_r30_opt_centers/iter_2/_temporary/0/task_local350325970_0002_r_000000
26/03/02 03:15:12 INFO mapred.LocalJobRunner: reduce > reduce
26/03/02 03:15:12 INFO mapred.Task: Task 'attempt_local350325970_0002_r_000000_0' done.
26/03/02 03:15:12 INFO mapred.Task: Final Counters for attempt_local350325970_0002_r_000000_0: Counters: 29
	File System Counters
		FILE: Number of bytes read=290984
		FILE: Number of bytes written=882982
		FILE: Number of read operations=0
		FILE: Number of large read operations=0
		FILE: Number of write operations=0
		HDFS: Number of bytes read=1470806
		HDFS: Number of bytes written=1469
		HDFS: Number of read operations=80
		HDFS: Number of large read operations=0
		HDFS: Number of write operations=26
	Map-Reduce Framework
		Combine input records=0
		Combine output records=0
		Reduce input groups=2
		Reduce shuffle bytes=114
		Reduce input records=2
		Reduce output records=2
		Spilled Records=2
		Shuffled Maps =1
		Failed Shuffles=0
		Merged Map outputs=1
		GC time elapsed (ms)=0
		Total committed heap usage (bytes)=393740288
	Shuffle Errors
		BAD_ID=0
		CONNECTION=0
		IO_ERROR=0
		WRONG_LENGTH=0
		WRONG_MAP=0
		WRONG_REDUCE=0
	File Output Format Counters 
		Bytes Written=204
26/03/02 03:15:12 INFO mapred.LocalJobRunner: Finishing task: attempt_local350325970_0002_r_000000_0
26/03/02 03:15:12 INFO mapred.LocalJobRunner: Starting task: attempt_local350325970_0002_r_000001_0
26/03/02 03:15:12 INFO output.FileOutputCommitter: File Output Committer Algorithm version is 1
26/03/02 03:15:12 INFO mapred.Task:  Using ResourceCalculatorProcessTree : [ ]
26/03/02 03:15:12 INFO mapred.ReduceTask: Using ShuffleConsumerPlugin: org.apache.hadoop.mapreduce.task.reduce.Shuffle@253a1df2
26/03/02 03:15:12 INFO reduce.MergeManagerImpl: MergerManager: memoryLimit=334338464, maxSingleShuffleLimit=83584616, mergeThreshold=220663392, ioSortFactor=10, memToMemMergeOutputsThreshold=10
26/03/02 03:15:12 INFO reduce.EventFetcher: attempt_local350325970_0002_r_000001_0 Thread started: EventFetcher for fetching Map Completion Events
26/03/02 03:15:12 INFO reduce.LocalFetcher: localfetcher#6 about to shuffle output of map attempt_local350325970_0002_m_000000_0 decomp: 56 len: 60 to MEMORY
26/03/02 03:15:12 INFO reduce.InMemoryMapOutput: Read 56 bytes from map-output for attempt_local350325970_0002_m_000000_0
26/03/02 03:15:12 INFO reduce.MergeManagerImpl: closeInMemoryFile -> map-output of size: 56, inMemoryMapOutputs.size() -> 1, commitMemory -> 0, usedMemory ->56
26/03/02 03:15:12 INFO reduce.EventFetcher: EventFetcher is interrupted.. Returning
26/03/02 03:15:12 INFO mapred.LocalJobRunner: 1 / 1 copied.
26/03/02 03:15:12 INFO reduce.MergeManagerImpl: finalMerge called with 1 in-memory map-outputs and 0 on-disk map-outputs
26/03/02 03:15:12 INFO mapred.Merger: Merging 1 sorted segments
26/03/02 03:15:12 INFO mapred.Merger: Down to the last merge-pass, with 1 segments left of total size: 50 bytes
26/03/02 03:15:12 INFO reduce.MergeManagerImpl: Merged 1 segments, 56 bytes to disk to satisfy reduce memory limit
26/03/02 03:15:12 INFO reduce.MergeManagerImpl: Merging 1 files, 60 bytes from disk
26/03/02 03:15:12 INFO reduce.MergeManagerImpl: Merging 0 segments, 0 bytes from memory into reduce
26/03/02 03:15:12 INFO mapred.Merger: Merging 1 sorted segments
26/03/02 03:15:12 INFO mapred.Merger: Down to the last merge-pass, with 1 segments left of total size: 50 bytes
26/03/02 03:15:12 INFO mapred.LocalJobRunner: 1 / 1 copied.
26/03/02 03:15:12 INFO mapred.Task: Task:attempt_local350325970_0002_r_000001_0 is done. And is in the process of committing
26/03/02 03:15:12 INFO mapred.LocalJobRunner: 1 / 1 copied.
26/03/02 03:15:12 INFO mapred.Task: Task attempt_local350325970_0002_r_000001_0 is allowed to commit now
26/03/02 03:15:12 INFO output.FileOutputCommitter: Saved output of task 'attempt_local350325970_0002_r_000001_0' to hdfs://localhost:9000/project2/task2/runs_true_k/k5_r30_opt_centers/iter_2/_temporary/0/task_local350325970_0002_r_000001
26/03/02 03:15:12 INFO mapred.LocalJobRunner: reduce > reduce
26/03/02 03:15:12 INFO mapred.Task: Task 'attempt_local350325970_0002_r_000001_0' done.
26/03/02 03:15:12 INFO mapred.Task: Final Counters for attempt_local350325970_0002_r_000001_0: Counters: 29
	File System Counters
		FILE: Number of bytes read=291328
		FILE: Number of bytes written=883042
		FILE: Number of read operations=0
		FILE: Number of large read operations=0
		FILE: Number of write operations=0
		HDFS: Number of bytes read=1470806
		HDFS: Number of bytes written=1569
		HDFS: Number of read operations=83
		HDFS: Number of large read operations=0
		HDFS: Number of write operations=28
	Map-Reduce Framework
		Combine input records=0
		Combine output records=0
		Reduce input groups=1
		Reduce shuffle bytes=60
		Reduce input records=1
		Reduce output records=1
		Spilled Records=1
		Shuffled Maps =1
		Failed Shuffles=0
		Merged Map outputs=1
		GC time elapsed (ms)=0
		Total committed heap usage (bytes)=393740288
	Shuffle Errors
		BAD_ID=0
		CONNECTION=0
		IO_ERROR=0
		WRONG_LENGTH=0
		WRONG_MAP=0
		WRONG_REDUCE=0
	File Output Format Counters 
		Bytes Written=100
26/03/02 03:15:12 INFO mapred.LocalJobRunner: Finishing task: attempt_local350325970_0002_r_000001_0
26/03/02 03:15:12 INFO mapred.LocalJobRunner: Starting task: attempt_local350325970_0002_r_000002_0
26/03/02 03:15:12 INFO output.FileOutputCommitter: File Output Committer Algorithm version is 1
26/03/02 03:15:12 INFO mapred.Task:  Using ResourceCalculatorProcessTree : [ ]
26/03/02 03:15:12 INFO mapred.ReduceTask: Using ShuffleConsumerPlugin: org.apache.hadoop.mapreduce.task.reduce.Shuffle@5d8ad317
26/03/02 03:15:12 INFO reduce.MergeManagerImpl: MergerManager: memoryLimit=334338464, maxSingleShuffleLimit=83584616, mergeThreshold=220663392, ioSortFactor=10, memToMemMergeOutputsThreshold=10
26/03/02 03:15:12 INFO reduce.EventFetcher: attempt_local350325970_0002_r_000002_0 Thread started: EventFetcher for fetching Map Completion Events
26/03/02 03:15:12 INFO reduce.LocalFetcher: localfetcher#7 about to shuffle output of map attempt_local350325970_0002_m_000000_0 decomp: 56 len: 60 to MEMORY
26/03/02 03:15:12 INFO reduce.InMemoryMapOutput: Read 56 bytes from map-output for attempt_local350325970_0002_m_000000_0
26/03/02 03:15:12 INFO reduce.MergeManagerImpl: closeInMemoryFile -> map-output of size: 56, inMemoryMapOutputs.size() -> 1, commitMemory -> 0, usedMemory ->56
26/03/02 03:15:12 INFO reduce.EventFetcher: EventFetcher is interrupted.. Returning
26/03/02 03:15:12 INFO mapred.LocalJobRunner: 1 / 1 copied.
26/03/02 03:15:12 INFO reduce.MergeManagerImpl: finalMerge called with 1 in-memory map-outputs and 0 on-disk map-outputs
26/03/02 03:15:12 INFO mapred.Merger: Merging 1 sorted segments
26/03/02 03:15:12 INFO mapred.Merger: Down to the last merge-pass, with 1 segments left of total size: 50 bytes
26/03/02 03:15:12 INFO reduce.MergeManagerImpl: Merged 1 segments, 56 bytes to disk to satisfy reduce memory limit
26/03/02 03:15:12 INFO reduce.MergeManagerImpl: Merging 1 files, 60 bytes from disk
26/03/02 03:15:12 INFO reduce.MergeManagerImpl: Merging 0 segments, 0 bytes from memory into reduce
26/03/02 03:15:12 INFO mapred.Merger: Merging 1 sorted segments
26/03/02 03:15:12 INFO mapred.Merger: Down to the last merge-pass, with 1 segments left of total size: 50 bytes
26/03/02 03:15:12 INFO mapred.LocalJobRunner: 1 / 1 copied.
26/03/02 03:15:12 INFO mapred.Task: Task:attempt_local350325970_0002_r_000002_0 is done. And is in the process of committing
26/03/02 03:15:12 INFO mapred.LocalJobRunner: 1 / 1 copied.
26/03/02 03:15:12 INFO mapred.Task: Task attempt_local350325970_0002_r_000002_0 is allowed to commit now
26/03/02 03:15:12 INFO output.FileOutputCommitter: Saved output of task 'attempt_local350325970_0002_r_000002_0' to hdfs://localhost:9000/project2/task2/runs_true_k/k5_r30_opt_centers/iter_2/_temporary/0/task_local350325970_0002_r_000002
26/03/02 03:15:12 INFO mapred.LocalJobRunner: reduce > reduce
26/03/02 03:15:12 INFO mapred.Task: Task 'attempt_local350325970_0002_r_000002_0' done.
26/03/02 03:15:12 INFO mapred.Task: Final Counters for attempt_local350325970_0002_r_000002_0: Counters: 29
	File System Counters
		FILE: Number of bytes read=291612
		FILE: Number of bytes written=883102
		FILE: Number of read operations=0
		FILE: Number of large read operations=0
		FILE: Number of write operations=0
		HDFS: Number of bytes read=1470806
		HDFS: Number of bytes written=1669
		HDFS: Number of read operations=86
		HDFS: Number of large read operations=0
		HDFS: Number of write operations=30
	Map-Reduce Framework
		Combine input records=0
		Combine output records=0
		Reduce input groups=1
		Reduce shuffle bytes=60
		Reduce input records=1
		Reduce output records=1
		Spilled Records=1
		Shuffled Maps =1
		Failed Shuffles=0
		Merged Map outputs=1
		GC time elapsed (ms)=5
		Total committed heap usage (bytes)=432537600
	Shuffle Errors
		BAD_ID=0
		CONNECTION=0
		IO_ERROR=0
		WRONG_LENGTH=0
		WRONG_MAP=0
		WRONG_REDUCE=0
	File Output Format Counters 
		Bytes Written=100
26/03/02 03:15:12 INFO mapred.LocalJobRunner: Finishing task: attempt_local350325970_0002_r_000002_0
26/03/02 03:15:12 INFO mapred.LocalJobRunner: Starting task: attempt_local350325970_0002_r_000003_0
26/03/02 03:15:12 INFO output.FileOutputCommitter: File Output Committer Algorithm version is 1
26/03/02 03:15:12 INFO mapred.Task:  Using ResourceCalculatorProcessTree : [ ]
26/03/02 03:15:12 INFO mapred.ReduceTask: Using ShuffleConsumerPlugin: org.apache.hadoop.mapreduce.task.reduce.Shuffle@5e80822
26/03/02 03:15:12 INFO reduce.MergeManagerImpl: MergerManager: memoryLimit=334338464, maxSingleShuffleLimit=83584616, mergeThreshold=220663392, ioSortFactor=10, memToMemMergeOutputsThreshold=10
26/03/02 03:15:12 INFO reduce.EventFetcher: attempt_local350325970_0002_r_000003_0 Thread started: EventFetcher for fetching Map Completion Events
26/03/02 03:15:12 INFO reduce.LocalFetcher: localfetcher#8 about to shuffle output of map attempt_local350325970_0002_m_000000_0 decomp: 56 len: 60 to MEMORY
26/03/02 03:15:12 INFO reduce.InMemoryMapOutput: Read 56 bytes from map-output for attempt_local350325970_0002_m_000000_0
26/03/02 03:15:12 INFO reduce.MergeManagerImpl: closeInMemoryFile -> map-output of size: 56, inMemoryMapOutputs.size() -> 1, commitMemory -> 0, usedMemory ->56
26/03/02 03:15:12 INFO reduce.EventFetcher: EventFetcher is interrupted.. Returning
26/03/02 03:15:12 INFO mapred.LocalJobRunner: 1 / 1 copied.
26/03/02 03:15:12 INFO reduce.MergeManagerImpl: finalMerge called with 1 in-memory map-outputs and 0 on-disk map-outputs
26/03/02 03:15:12 INFO mapred.Merger: Merging 1 sorted segments
26/03/02 03:15:12 INFO mapred.Merger: Down to the last merge-pass, with 1 segments left of total size: 50 bytes
26/03/02 03:15:12 INFO reduce.MergeManagerImpl: Merged 1 segments, 56 bytes to disk to satisfy reduce memory limit
26/03/02 03:15:12 INFO reduce.MergeManagerImpl: Merging 1 files, 60 bytes from disk
26/03/02 03:15:12 INFO reduce.MergeManagerImpl: Merging 0 segments, 0 bytes from memory into reduce
26/03/02 03:15:12 INFO mapred.Merger: Merging 1 sorted segments
26/03/02 03:15:12 INFO mapred.Merger: Down to the last merge-pass, with 1 segments left of total size: 50 bytes
26/03/02 03:15:12 INFO mapred.LocalJobRunner: 1 / 1 copied.
26/03/02 03:15:12 INFO mapred.Task: Task:attempt_local350325970_0002_r_000003_0 is done. And is in the process of committing
26/03/02 03:15:12 INFO mapred.LocalJobRunner: 1 / 1 copied.
26/03/02 03:15:12 INFO mapred.Task: Task attempt_local350325970_0002_r_000003_0 is allowed to commit now
26/03/02 03:15:12 INFO output.FileOutputCommitter: Saved output of task 'attempt_local350325970_0002_r_000003_0' to hdfs://localhost:9000/project2/task2/runs_true_k/k5_r30_opt_centers/iter_2/_temporary/0/task_local350325970_0002_r_000003
26/03/02 03:15:12 INFO mapred.LocalJobRunner: reduce > reduce
26/03/02 03:15:12 INFO mapred.Task: Task 'attempt_local350325970_0002_r_000003_0' done.
26/03/02 03:15:12 INFO mapred.Task: Final Counters for attempt_local350325970_0002_r_000003_0: Counters: 29
	File System Counters
		FILE: Number of bytes read=291836
		FILE: Number of bytes written=883162
		FILE: Number of read operations=0
		FILE: Number of large read operations=0
		FILE: Number of write operations=0
		HDFS: Number of bytes read=1470806
		HDFS: Number of bytes written=1771
		HDFS: Number of read operations=89
		HDFS: Number of large read operations=0
		HDFS: Number of write operations=32
	Map-Reduce Framework
		Combine input records=0
		Combine output records=0
		Reduce input groups=1
		Reduce shuffle bytes=60
		Reduce input records=1
		Reduce output records=1
		Spilled Records=1
		Shuffled Maps =1
		Failed Shuffles=0
		Merged Map outputs=1
		GC time elapsed (ms)=0
		Total committed heap usage (bytes)=432537600
	Shuffle Errors
		BAD_ID=0
		CONNECTION=0
		IO_ERROR=0
		WRONG_LENGTH=0
		WRONG_MAP=0
		WRONG_REDUCE=0
	File Output Format Counters 
		Bytes Written=102
26/03/02 03:15:12 INFO mapred.LocalJobRunner: Finishing task: attempt_local350325970_0002_r_000003_0
26/03/02 03:15:12 INFO mapred.LocalJobRunner: reduce task executor complete.
26/03/02 03:15:13 INFO mapreduce.Job: Job job_local350325970_0002 running in uber mode : false
26/03/02 03:15:13 INFO mapreduce.Job:  map 100% reduce 100%
26/03/02 03:15:13 INFO mapreduce.Job: Job job_local350325970_0002 completed successfully
26/03/02 03:15:13 INFO mapreduce.Job: Counters: 35
	File System Counters
		FILE: Number of bytes read=1456232
		FILE: Number of bytes written=4415156
		FILE: Number of read operations=0
		FILE: Number of large read operations=0
		FILE: Number of write operations=0
		HDFS: Number of bytes read=7354030
		HDFS: Number of bytes written=7743
		HDFS: Number of read operations=415
		HDFS: Number of large read operations=0
		HDFS: Number of write operations=140
	Map-Reduce Framework
		Map input records=10000
		Map output records=10000
		Map output bytes=520000
		Map output materialized bytes=294
		Input split bytes=121
		Combine input records=10000
		Combine output records=5
		Reduce input groups=5
		Reduce shuffle bytes=294
		Reduce input records=5
		Reduce output records=5
		Spilled Records=10
		Shuffled Maps =4
		Failed Shuffles=0
		Merged Map outputs=4
		GC time elapsed (ms)=5
		Total committed heap usage (bytes)=2046296064
	Shuffle Errors
		BAD_ID=0
		CONNECTION=0
		IO_ERROR=0
		WRONG_LENGTH=0
		WRONG_MAP=0
		WRONG_REDUCE=0
	File Input Format Counters 
		Bytes Read=733758
	File Output Format Counters 
		Bytes Written=506
26/03/02 03:15:13 INFO jvm.JvmMetrics: Cannot initialize JVM Metrics with processName=JobTracker, sessionId= - already initialized
26/03/02 03:15:13 WARN mapreduce.JobResourceUploader: Hadoop command-line option parsing not performed. Implement the Tool interface and execute your application with ToolRunner to remedy this.
26/03/02 03:15:13 INFO input.FileInputFormat: Total input paths to process : 1
26/03/02 03:15:13 INFO mapreduce.JobSubmitter: number of splits:1
26/03/02 03:15:13 INFO mapreduce.JobSubmitter: Submitting tokens for job: job_local904369874_0003
26/03/02 03:15:13 INFO mapred.LocalDistributedCacheManager: Creating symlink: /tmp/hadoop-ds503/mapred/local/1772421313330/centers_iter_2.csv <- /home/ds503/centers_iter_2.csv
26/03/02 03:15:13 INFO mapred.LocalDistributedCacheManager: Localized hdfs://localhost:9000/project2/task2/runs_true_k/k5_r30_opt_centers/centers_iter_2.csv as file:/tmp/hadoop-ds503/mapred/local/1772421313330/centers_iter_2.csv
26/03/02 03:15:13 INFO mapreduce.Job: The url to track the job: http://localhost:8080/
26/03/02 03:15:13 INFO mapreduce.Job: Running job: job_local904369874_0003
26/03/02 03:15:13 INFO mapred.LocalJobRunner: OutputCommitter set in config null
26/03/02 03:15:13 INFO output.FileOutputCommitter: File Output Committer Algorithm version is 1
26/03/02 03:15:13 INFO mapred.LocalJobRunner: OutputCommitter is org.apache.hadoop.mapreduce.lib.output.FileOutputCommitter
26/03/02 03:15:13 INFO mapred.LocalJobRunner: Waiting for map tasks
26/03/02 03:15:13 INFO mapred.LocalJobRunner: Starting task: attempt_local904369874_0003_m_000000_0
26/03/02 03:15:13 INFO output.FileOutputCommitter: File Output Committer Algorithm version is 1
26/03/02 03:15:13 INFO mapred.Task:  Using ResourceCalculatorProcessTree : [ ]
26/03/02 03:15:13 INFO mapred.MapTask: Processing split: hdfs://localhost:9000/project2/task2/input/points_4d.csv:0+733758
26/03/02 03:15:13 INFO mapred.MapTask: (EQUATOR) 0 kvi 26214396(104857584)
26/03/02 03:15:13 INFO mapred.MapTask: mapreduce.task.io.sort.mb: 100
26/03/02 03:15:13 INFO mapred.MapTask: soft limit at 83886080
26/03/02 03:15:13 INFO mapred.MapTask: bufstart = 0; bufvoid = 104857600
26/03/02 03:15:13 INFO mapred.MapTask: kvstart = 26214396; length = 6553600
26/03/02 03:15:13 INFO mapred.MapTask: Map output collector class = org.apache.hadoop.mapred.MapTask$MapOutputBuffer
26/03/02 03:15:13 INFO mapred.LocalJobRunner: 
26/03/02 03:15:13 INFO mapred.MapTask: Starting flush of map output
26/03/02 03:15:13 INFO mapred.MapTask: Spilling map output
26/03/02 03:15:13 INFO mapred.MapTask: bufstart = 0; bufend = 520000; bufvoid = 104857600
26/03/02 03:15:13 INFO mapred.MapTask: kvstart = 26214396(104857584); kvend = 26174400(104697600); length = 39997/6553600
26/03/02 03:15:13 INFO mapred.MapTask: Finished spill 0
26/03/02 03:15:13 INFO mapred.Task: Task:attempt_local904369874_0003_m_000000_0 is done. And is in the process of committing
26/03/02 03:15:13 INFO mapred.LocalJobRunner: map
26/03/02 03:15:13 INFO mapred.Task: Task 'attempt_local904369874_0003_m_000000_0' done.
26/03/02 03:15:13 INFO mapred.Task: Final Counters for attempt_local904369874_0003_m_000000_0: Counters: 23
	File System Counters
		FILE: Number of bytes read=436390
		FILE: Number of bytes written=1323651
		FILE: Number of read operations=0
		FILE: Number of large read operations=0
		FILE: Number of write operations=0
		HDFS: Number of bytes read=2206705
		HDFS: Number of bytes written=2147
		HDFS: Number of read operations=133
		HDFS: Number of large read operations=0
		HDFS: Number of write operations=42
	Map-Reduce Framework
		Map input records=10000
		Map output records=10000
		Map output bytes=520000
		Map output materialized bytes=294
		Input split bytes=121
		Combine input records=10000
		Combine output records=5
		Spilled Records=5
		Failed Shuffles=0
		Merged Map outputs=0
		GC time elapsed (ms)=207
		Total committed heap usage (bytes)=350224384
	File Input Format Counters 
		Bytes Read=733758
26/03/02 03:15:13 INFO mapred.LocalJobRunner: Finishing task: attempt_local904369874_0003_m_000000_0
26/03/02 03:15:13 INFO mapred.LocalJobRunner: map task executor complete.
26/03/02 03:15:13 INFO mapred.LocalJobRunner: Waiting for reduce tasks
26/03/02 03:15:13 INFO mapred.LocalJobRunner: Starting task: attempt_local904369874_0003_r_000000_0
26/03/02 03:15:13 INFO output.FileOutputCommitter: File Output Committer Algorithm version is 1
26/03/02 03:15:13 INFO mapred.Task:  Using ResourceCalculatorProcessTree : [ ]
26/03/02 03:15:13 INFO mapred.ReduceTask: Using ShuffleConsumerPlugin: org.apache.hadoop.mapreduce.task.reduce.Shuffle@17693946
26/03/02 03:15:13 INFO reduce.MergeManagerImpl: MergerManager: memoryLimit=334338464, maxSingleShuffleLimit=83584616, mergeThreshold=220663392, ioSortFactor=10, memToMemMergeOutputsThreshold=10
26/03/02 03:15:13 INFO reduce.EventFetcher: attempt_local904369874_0003_r_000000_0 Thread started: EventFetcher for fetching Map Completion Events
26/03/02 03:15:13 INFO reduce.LocalFetcher: localfetcher#9 about to shuffle output of map attempt_local904369874_0003_m_000000_0 decomp: 110 len: 114 to MEMORY
26/03/02 03:15:13 INFO reduce.InMemoryMapOutput: Read 110 bytes from map-output for attempt_local904369874_0003_m_000000_0
26/03/02 03:15:13 INFO reduce.MergeManagerImpl: closeInMemoryFile -> map-output of size: 110, inMemoryMapOutputs.size() -> 1, commitMemory -> 0, usedMemory ->110
26/03/02 03:15:13 INFO reduce.EventFetcher: EventFetcher is interrupted.. Returning
26/03/02 03:15:13 INFO mapred.LocalJobRunner: 1 / 1 copied.
26/03/02 03:15:13 INFO reduce.MergeManagerImpl: finalMerge called with 1 in-memory map-outputs and 0 on-disk map-outputs
26/03/02 03:15:13 INFO mapred.Merger: Merging 1 sorted segments
26/03/02 03:15:13 INFO mapred.Merger: Down to the last merge-pass, with 1 segments left of total size: 104 bytes
26/03/02 03:15:13 INFO reduce.MergeManagerImpl: Merged 1 segments, 110 bytes to disk to satisfy reduce memory limit
26/03/02 03:15:13 INFO reduce.MergeManagerImpl: Merging 1 files, 114 bytes from disk
26/03/02 03:15:13 INFO reduce.MergeManagerImpl: Merging 0 segments, 0 bytes from memory into reduce
26/03/02 03:15:13 INFO mapred.Merger: Merging 1 sorted segments
26/03/02 03:15:13 INFO mapred.Merger: Down to the last merge-pass, with 1 segments left of total size: 104 bytes
26/03/02 03:15:13 INFO mapred.LocalJobRunner: 1 / 1 copied.
26/03/02 03:15:13 INFO mapred.Task: Task:attempt_local904369874_0003_r_000000_0 is done. And is in the process of committing
26/03/02 03:15:13 INFO mapred.LocalJobRunner: 1 / 1 copied.
26/03/02 03:15:13 INFO mapred.Task: Task attempt_local904369874_0003_r_000000_0 is allowed to commit now
26/03/02 03:15:13 INFO output.FileOutputCommitter: Saved output of task 'attempt_local904369874_0003_r_000000_0' to hdfs://localhost:9000/project2/task2/runs_true_k/k5_r30_opt_centers/iter_3/_temporary/0/task_local904369874_0003_r_000000
26/03/02 03:15:13 INFO mapred.LocalJobRunner: reduce > reduce
26/03/02 03:15:13 INFO mapred.Task: Task 'attempt_local904369874_0003_r_000000_0' done.
26/03/02 03:15:13 INFO mapred.Task: Final Counters for attempt_local904369874_0003_r_000000_0: Counters: 29
	File System Counters
		FILE: Number of bytes read=436902
		FILE: Number of bytes written=1323765
		FILE: Number of read operations=0
		FILE: Number of large read operations=0
		FILE: Number of write operations=0
		HDFS: Number of bytes read=2206705
		HDFS: Number of bytes written=2350
		HDFS: Number of read operations=136
		HDFS: Number of large read operations=0
		HDFS: Number of write operations=44
	Map-Reduce Framework
		Combine input records=0
		Combine output records=0
		Reduce input groups=2
		Reduce shuffle bytes=114
		Reduce input records=2
		Reduce output records=2
		Spilled Records=2
		Shuffled Maps =1
		Failed Shuffles=0
		Merged Map outputs=1
		GC time elapsed (ms)=0
		Total committed heap usage (bytes)=350224384
	Shuffle Errors
		BAD_ID=0
		CONNECTION=0
		IO_ERROR=0
		WRONG_LENGTH=0
		WRONG_MAP=0
		WRONG_REDUCE=0
	File Output Format Counters 
		Bytes Written=203
26/03/02 03:15:13 INFO mapred.LocalJobRunner: Finishing task: attempt_local904369874_0003_r_000000_0
26/03/02 03:15:13 INFO mapred.LocalJobRunner: Starting task: attempt_local904369874_0003_r_000001_0
26/03/02 03:15:13 INFO output.FileOutputCommitter: File Output Committer Algorithm version is 1
26/03/02 03:15:13 INFO mapred.Task:  Using ResourceCalculatorProcessTree : [ ]
26/03/02 03:15:13 INFO mapred.ReduceTask: Using ShuffleConsumerPlugin: org.apache.hadoop.mapreduce.task.reduce.Shuffle@6ee7ebd
26/03/02 03:15:13 INFO reduce.MergeManagerImpl: MergerManager: memoryLimit=334338464, maxSingleShuffleLimit=83584616, mergeThreshold=220663392, ioSortFactor=10, memToMemMergeOutputsThreshold=10
26/03/02 03:15:13 INFO reduce.EventFetcher: attempt_local904369874_0003_r_000001_0 Thread started: EventFetcher for fetching Map Completion Events
26/03/02 03:15:13 INFO reduce.LocalFetcher: localfetcher#10 about to shuffle output of map attempt_local904369874_0003_m_000000_0 decomp: 56 len: 60 to MEMORY
26/03/02 03:15:13 INFO reduce.InMemoryMapOutput: Read 56 bytes from map-output for attempt_local904369874_0003_m_000000_0
26/03/02 03:15:13 INFO reduce.MergeManagerImpl: closeInMemoryFile -> map-output of size: 56, inMemoryMapOutputs.size() -> 1, commitMemory -> 0, usedMemory ->56
26/03/02 03:15:13 INFO reduce.EventFetcher: EventFetcher is interrupted.. Returning
26/03/02 03:15:13 INFO mapred.LocalJobRunner: 1 / 1 copied.
26/03/02 03:15:13 INFO reduce.MergeManagerImpl: finalMerge called with 1 in-memory map-outputs and 0 on-disk map-outputs
26/03/02 03:15:13 INFO mapred.Merger: Merging 1 sorted segments
26/03/02 03:15:13 INFO mapred.Merger: Down to the last merge-pass, with 1 segments left of total size: 50 bytes
26/03/02 03:15:13 INFO reduce.MergeManagerImpl: Merged 1 segments, 56 bytes to disk to satisfy reduce memory limit
26/03/02 03:15:13 INFO reduce.MergeManagerImpl: Merging 1 files, 60 bytes from disk
26/03/02 03:15:13 INFO reduce.MergeManagerImpl: Merging 0 segments, 0 bytes from memory into reduce
26/03/02 03:15:13 INFO mapred.Merger: Merging 1 sorted segments
26/03/02 03:15:13 INFO mapred.Merger: Down to the last merge-pass, with 1 segments left of total size: 50 bytes
26/03/02 03:15:13 INFO mapred.LocalJobRunner: 1 / 1 copied.
26/03/02 03:15:13 INFO mapred.Task: Task:attempt_local904369874_0003_r_000001_0 is done. And is in the process of committing
26/03/02 03:15:13 INFO mapred.LocalJobRunner: 1 / 1 copied.
26/03/02 03:15:13 INFO mapred.Task: Task attempt_local904369874_0003_r_000001_0 is allowed to commit now
26/03/02 03:15:13 INFO output.FileOutputCommitter: Saved output of task 'attempt_local904369874_0003_r_000001_0' to hdfs://localhost:9000/project2/task2/runs_true_k/k5_r30_opt_centers/iter_3/_temporary/0/task_local904369874_0003_r_000001
26/03/02 03:15:13 INFO mapred.LocalJobRunner: reduce > reduce
26/03/02 03:15:13 INFO mapred.Task: Task 'attempt_local904369874_0003_r_000001_0' done.
26/03/02 03:15:13 INFO mapred.Task: Final Counters for attempt_local904369874_0003_r_000001_0: Counters: 29
	File System Counters
		FILE: Number of bytes read=437246
		FILE: Number of bytes written=1323825
		FILE: Number of read operations=0
		FILE: Number of large read operations=0
		FILE: Number of write operations=0
		HDFS: Number of bytes read=2206705
		HDFS: Number of bytes written=2452
		HDFS: Number of read operations=139
		HDFS: Number of large read operations=0
		HDFS: Number of write operations=46
	Map-Reduce Framework
		Combine input records=0
		Combine output records=0
		Reduce input groups=1
		Reduce shuffle bytes=60
		Reduce input records=1
		Reduce output records=1
		Spilled Records=1
		Shuffled Maps =1
		Failed Shuffles=0
		Merged Map outputs=1
		GC time elapsed (ms)=0
		Total committed heap usage (bytes)=350224384
	Shuffle Errors
		BAD_ID=0
		CONNECTION=0
		IO_ERROR=0
		WRONG_LENGTH=0
		WRONG_MAP=0
		WRONG_REDUCE=0
	File Output Format Counters 
		Bytes Written=102
26/03/02 03:15:13 INFO mapred.LocalJobRunner: Finishing task: attempt_local904369874_0003_r_000001_0
26/03/02 03:15:13 INFO mapred.LocalJobRunner: Starting task: attempt_local904369874_0003_r_000002_0
26/03/02 03:15:13 INFO output.FileOutputCommitter: File Output Committer Algorithm version is 1
26/03/02 03:15:13 INFO mapred.Task:  Using ResourceCalculatorProcessTree : [ ]
26/03/02 03:15:13 INFO mapred.ReduceTask: Using ShuffleConsumerPlugin: org.apache.hadoop.mapreduce.task.reduce.Shuffle@7e169c52
26/03/02 03:15:13 INFO reduce.MergeManagerImpl: MergerManager: memoryLimit=334338464, maxSingleShuffleLimit=83584616, mergeThreshold=220663392, ioSortFactor=10, memToMemMergeOutputsThreshold=10
26/03/02 03:15:13 INFO reduce.EventFetcher: attempt_local904369874_0003_r_000002_0 Thread started: EventFetcher for fetching Map Completion Events
26/03/02 03:15:13 INFO reduce.LocalFetcher: localfetcher#11 about to shuffle output of map attempt_local904369874_0003_m_000000_0 decomp: 56 len: 60 to MEMORY
26/03/02 03:15:13 INFO reduce.InMemoryMapOutput: Read 56 bytes from map-output for attempt_local904369874_0003_m_000000_0
26/03/02 03:15:13 INFO reduce.MergeManagerImpl: closeInMemoryFile -> map-output of size: 56, inMemoryMapOutputs.size() -> 1, commitMemory -> 0, usedMemory ->56
26/03/02 03:15:13 INFO reduce.EventFetcher: EventFetcher is interrupted.. Returning
26/03/02 03:15:13 INFO mapred.LocalJobRunner: 1 / 1 copied.
26/03/02 03:15:13 INFO reduce.MergeManagerImpl: finalMerge called with 1 in-memory map-outputs and 0 on-disk map-outputs
26/03/02 03:15:13 INFO mapred.Merger: Merging 1 sorted segments
26/03/02 03:15:13 INFO mapred.Merger: Down to the last merge-pass, with 1 segments left of total size: 50 bytes
26/03/02 03:15:13 INFO reduce.MergeManagerImpl: Merged 1 segments, 56 bytes to disk to satisfy reduce memory limit
26/03/02 03:15:13 INFO reduce.MergeManagerImpl: Merging 1 files, 60 bytes from disk
26/03/02 03:15:13 INFO reduce.MergeManagerImpl: Merging 0 segments, 0 bytes from memory into reduce
26/03/02 03:15:13 INFO mapred.Merger: Merging 1 sorted segments
26/03/02 03:15:13 INFO mapred.Merger: Down to the last merge-pass, with 1 segments left of total size: 50 bytes
26/03/02 03:15:13 INFO mapred.LocalJobRunner: 1 / 1 copied.
26/03/02 03:15:13 INFO mapred.Task: Task:attempt_local904369874_0003_r_000002_0 is done. And is in the process of committing
26/03/02 03:15:13 INFO mapred.LocalJobRunner: 1 / 1 copied.
26/03/02 03:15:13 INFO mapred.Task: Task attempt_local904369874_0003_r_000002_0 is allowed to commit now
26/03/02 03:15:13 INFO output.FileOutputCommitter: Saved output of task 'attempt_local904369874_0003_r_000002_0' to hdfs://localhost:9000/project2/task2/runs_true_k/k5_r30_opt_centers/iter_3/_temporary/0/task_local904369874_0003_r_000002
26/03/02 03:15:13 INFO mapred.LocalJobRunner: reduce > reduce
26/03/02 03:15:13 INFO mapred.Task: Task 'attempt_local904369874_0003_r_000002_0' done.
26/03/02 03:15:13 INFO mapred.Task: Final Counters for attempt_local904369874_0003_r_000002_0: Counters: 29
	File System Counters
		FILE: Number of bytes read=437530
		FILE: Number of bytes written=1323885
		FILE: Number of read operations=0
		FILE: Number of large read operations=0
		FILE: Number of write operations=0
		HDFS: Number of bytes read=2206705
		HDFS: Number of bytes written=2554
		HDFS: Number of read operations=142
		HDFS: Number of large read operations=0
		HDFS: Number of write operations=48
	Map-Reduce Framework
		Combine input records=0
		Combine output records=0
		Reduce input groups=1
		Reduce shuffle bytes=60
		Reduce input records=1
		Reduce output records=1
		Spilled Records=1
		Shuffled Maps =1
		Failed Shuffles=0
		Merged Map outputs=1
		GC time elapsed (ms)=0
		Total committed heap usage (bytes)=350224384
	Shuffle Errors
		BAD_ID=0
		CONNECTION=0
		IO_ERROR=0
		WRONG_LENGTH=0
		WRONG_MAP=0
		WRONG_REDUCE=0
	File Output Format Counters 
		Bytes Written=102
26/03/02 03:15:13 INFO mapred.LocalJobRunner: Finishing task: attempt_local904369874_0003_r_000002_0
26/03/02 03:15:13 INFO mapred.LocalJobRunner: Starting task: attempt_local904369874_0003_r_000003_0
26/03/02 03:15:13 INFO output.FileOutputCommitter: File Output Committer Algorithm version is 1
26/03/02 03:15:13 INFO mapred.Task:  Using ResourceCalculatorProcessTree : [ ]
26/03/02 03:15:13 INFO mapred.ReduceTask: Using ShuffleConsumerPlugin: org.apache.hadoop.mapreduce.task.reduce.Shuffle@651211e7
26/03/02 03:15:13 INFO reduce.MergeManagerImpl: MergerManager: memoryLimit=334338464, maxSingleShuffleLimit=83584616, mergeThreshold=220663392, ioSortFactor=10, memToMemMergeOutputsThreshold=10
26/03/02 03:15:13 INFO reduce.EventFetcher: attempt_local904369874_0003_r_000003_0 Thread started: EventFetcher for fetching Map Completion Events
26/03/02 03:15:13 INFO reduce.LocalFetcher: localfetcher#12 about to shuffle output of map attempt_local904369874_0003_m_000000_0 decomp: 56 len: 60 to MEMORY
26/03/02 03:15:13 INFO reduce.InMemoryMapOutput: Read 56 bytes from map-output for attempt_local904369874_0003_m_000000_0
26/03/02 03:15:13 INFO reduce.MergeManagerImpl: closeInMemoryFile -> map-output of size: 56, inMemoryMapOutputs.size() -> 1, commitMemory -> 0, usedMemory ->56
26/03/02 03:15:13 INFO reduce.EventFetcher: EventFetcher is interrupted.. Returning
26/03/02 03:15:13 INFO mapred.LocalJobRunner: 1 / 1 copied.
26/03/02 03:15:13 INFO reduce.MergeManagerImpl: finalMerge called with 1 in-memory map-outputs and 0 on-disk map-outputs
26/03/02 03:15:13 INFO mapred.Merger: Merging 1 sorted segments
26/03/02 03:15:13 INFO mapred.Merger: Down to the last merge-pass, with 1 segments left of total size: 50 bytes
26/03/02 03:15:13 INFO reduce.MergeManagerImpl: Merged 1 segments, 56 bytes to disk to satisfy reduce memory limit
26/03/02 03:15:13 INFO reduce.MergeManagerImpl: Merging 1 files, 60 bytes from disk
26/03/02 03:15:13 INFO reduce.MergeManagerImpl: Merging 0 segments, 0 bytes from memory into reduce
26/03/02 03:15:13 INFO mapred.Merger: Merging 1 sorted segments
26/03/02 03:15:13 INFO mapred.Merger: Down to the last merge-pass, with 1 segments left of total size: 50 bytes
26/03/02 03:15:13 INFO mapred.LocalJobRunner: 1 / 1 copied.
26/03/02 03:15:13 INFO mapred.Task: Task:attempt_local904369874_0003_r_000003_0 is done. And is in the process of committing
26/03/02 03:15:13 INFO mapred.LocalJobRunner: 1 / 1 copied.
26/03/02 03:15:13 INFO mapred.Task: Task attempt_local904369874_0003_r_000003_0 is allowed to commit now
26/03/02 03:15:13 INFO output.FileOutputCommitter: Saved output of task 'attempt_local904369874_0003_r_000003_0' to hdfs://localhost:9000/project2/task2/runs_true_k/k5_r30_opt_centers/iter_3/_temporary/0/task_local904369874_0003_r_000003
26/03/02 03:15:13 INFO mapred.LocalJobRunner: reduce > reduce
26/03/02 03:15:13 INFO mapred.Task: Task 'attempt_local904369874_0003_r_000003_0' done.
26/03/02 03:15:13 INFO mapred.Task: Final Counters for attempt_local904369874_0003_r_000003_0: Counters: 29
	File System Counters
		FILE: Number of bytes read=437754
		FILE: Number of bytes written=1323945
		FILE: Number of read operations=0
		FILE: Number of large read operations=0
		FILE: Number of write operations=0
		HDFS: Number of bytes read=2206705
		HDFS: Number of bytes written=2656
		HDFS: Number of read operations=145
		HDFS: Number of large read operations=0
		HDFS: Number of write operations=50
	Map-Reduce Framework
		Combine input records=0
		Combine output records=0
		Reduce input groups=1
		Reduce shuffle bytes=60
		Reduce input records=1
		Reduce output records=1
		Spilled Records=1
		Shuffled Maps =1
		Failed Shuffles=0
		Merged Map outputs=1
		GC time elapsed (ms)=0
		Total committed heap usage (bytes)=350224384
	Shuffle Errors
		BAD_ID=0
		CONNECTION=0
		IO_ERROR=0
		WRONG_LENGTH=0
		WRONG_MAP=0
		WRONG_REDUCE=0
	File Output Format Counters 
		Bytes Written=102
26/03/02 03:15:13 INFO mapred.LocalJobRunner: Finishing task: attempt_local904369874_0003_r_000003_0
26/03/02 03:15:13 INFO mapred.LocalJobRunner: reduce task executor complete.
26/03/02 03:15:14 INFO mapreduce.Job: Job job_local904369874_0003 running in uber mode : false
26/03/02 03:15:14 INFO mapreduce.Job:  map 100% reduce 100%
26/03/02 03:15:14 INFO mapreduce.Job: Job job_local904369874_0003 completed successfully
26/03/02 03:15:14 INFO mapreduce.Job: Counters: 35
	File System Counters
		FILE: Number of bytes read=2185822
		FILE: Number of bytes written=6619071
		FILE: Number of read operations=0
		FILE: Number of large read operations=0
		FILE: Number of write operations=0
		HDFS: Number of bytes read=11033525
		HDFS: Number of bytes written=12159
		HDFS: Number of read operations=695
		HDFS: Number of large read operations=0
		HDFS: Number of write operations=230
	Map-Reduce Framework
		Map input records=10000
		Map output records=10000
		Map output bytes=520000
		Map output materialized bytes=294
		Input split bytes=121
		Combine input records=10000
		Combine output records=5
		Reduce input groups=5
		Reduce shuffle bytes=294
		Reduce input records=5
		Reduce output records=5
		Spilled Records=10
		Shuffled Maps =4
		Failed Shuffles=0
		Merged Map outputs=4
		GC time elapsed (ms)=207
		Total committed heap usage (bytes)=1751121920
	Shuffle Errors
		BAD_ID=0
		CONNECTION=0
		IO_ERROR=0
		WRONG_LENGTH=0
		WRONG_MAP=0
		WRONG_REDUCE=0
	File Input Format Counters 
		Bytes Read=733758
	File Output Format Counters 
		Bytes Written=509
26/03/02 03:15:14 INFO jvm.JvmMetrics: Cannot initialize JVM Metrics with processName=JobTracker, sessionId= - already initialized
26/03/02 03:15:14 WARN mapreduce.JobResourceUploader: Hadoop command-line option parsing not performed. Implement the Tool interface and execute your application with ToolRunner to remedy this.
26/03/02 03:15:14 INFO input.FileInputFormat: Total input paths to process : 1
26/03/02 03:15:14 INFO mapreduce.JobSubmitter: number of splits:1
26/03/02 03:15:14 INFO mapreduce.JobSubmitter: Submitting tokens for job: job_local431743211_0004
26/03/02 03:15:14 INFO mapred.LocalDistributedCacheManager: Creating symlink: /tmp/hadoop-ds503/mapred/local/1772421314445/centers_iter_3.csv <- /home/ds503/centers_iter_3.csv
26/03/02 03:15:14 INFO mapred.LocalDistributedCacheManager: Localized hdfs://localhost:9000/project2/task2/runs_true_k/k5_r30_opt_centers/centers_iter_3.csv as file:/tmp/hadoop-ds503/mapred/local/1772421314445/centers_iter_3.csv
26/03/02 03:15:14 INFO mapreduce.Job: The url to track the job: http://localhost:8080/
26/03/02 03:15:14 INFO mapreduce.Job: Running job: job_local431743211_0004
26/03/02 03:15:14 INFO mapred.LocalJobRunner: OutputCommitter set in config null
26/03/02 03:15:14 INFO output.FileOutputCommitter: File Output Committer Algorithm version is 1
26/03/02 03:15:14 INFO mapred.LocalJobRunner: OutputCommitter is org.apache.hadoop.mapreduce.lib.output.FileOutputCommitter
26/03/02 03:15:14 INFO mapred.LocalJobRunner: Waiting for map tasks
26/03/02 03:15:14 INFO mapred.LocalJobRunner: Starting task: attempt_local431743211_0004_m_000000_0
26/03/02 03:15:14 INFO output.FileOutputCommitter: File Output Committer Algorithm version is 1
26/03/02 03:15:14 INFO mapred.Task:  Using ResourceCalculatorProcessTree : [ ]
26/03/02 03:15:14 INFO mapred.MapTask: Processing split: hdfs://localhost:9000/project2/task2/input/points_4d.csv:0+733758
26/03/02 03:15:14 INFO mapred.MapTask: (EQUATOR) 0 kvi 26214396(104857584)
26/03/02 03:15:14 INFO mapred.MapTask: mapreduce.task.io.sort.mb: 100
26/03/02 03:15:14 INFO mapred.MapTask: soft limit at 83886080
26/03/02 03:15:14 INFO mapred.MapTask: bufstart = 0; bufvoid = 104857600
26/03/02 03:15:14 INFO mapred.MapTask: kvstart = 26214396; length = 6553600
26/03/02 03:15:14 INFO mapred.MapTask: Map output collector class = org.apache.hadoop.mapred.MapTask$MapOutputBuffer
26/03/02 03:15:14 INFO mapred.LocalJobRunner: 
26/03/02 03:15:14 INFO mapred.MapTask: Starting flush of map output
26/03/02 03:15:14 INFO mapred.MapTask: Spilling map output
26/03/02 03:15:14 INFO mapred.MapTask: bufstart = 0; bufend = 520000; bufvoid = 104857600
26/03/02 03:15:14 INFO mapred.MapTask: kvstart = 26214396(104857584); kvend = 26174400(104697600); length = 39997/6553600
26/03/02 03:15:14 INFO mapred.MapTask: Finished spill 0
26/03/02 03:15:14 INFO mapred.Task: Task:attempt_local431743211_0004_m_000000_0 is done. And is in the process of committing
26/03/02 03:15:14 INFO mapred.LocalJobRunner: map
26/03/02 03:15:14 INFO mapred.Task: Task 'attempt_local431743211_0004_m_000000_0' done.
26/03/02 03:15:14 INFO mapred.Task: Final Counters for attempt_local431743211_0004_m_000000_0: Counters: 23
	File System Counters
		FILE: Number of bytes read=582308
		FILE: Number of bytes written=1764435
		FILE: Number of read operations=0
		FILE: Number of large read operations=0
		FILE: Number of write operations=0
		HDFS: Number of bytes read=2942611
		HDFS: Number of bytes written=3033
		HDFS: Number of read operations=189
		HDFS: Number of large read operations=0
		HDFS: Number of write operations=60
	Map-Reduce Framework
		Map input records=10000
		Map output records=10000
		Map output bytes=520000
		Map output materialized bytes=294
		Input split bytes=121
		Combine input records=10000
		Combine output records=5
		Spilled Records=5
		Failed Shuffles=0
		Merged Map outputs=0
		GC time elapsed (ms)=0
		Total committed heap usage (bytes)=455606272
	File Input Format Counters 
		Bytes Read=733758
26/03/02 03:15:14 INFO mapred.LocalJobRunner: Finishing task: attempt_local431743211_0004_m_000000_0
26/03/02 03:15:14 INFO mapred.LocalJobRunner: map task executor complete.
26/03/02 03:15:14 INFO mapred.LocalJobRunner: Waiting for reduce tasks
26/03/02 03:15:14 INFO mapred.LocalJobRunner: Starting task: attempt_local431743211_0004_r_000000_0
26/03/02 03:15:14 INFO output.FileOutputCommitter: File Output Committer Algorithm version is 1
26/03/02 03:15:14 INFO mapred.Task:  Using ResourceCalculatorProcessTree : [ ]
26/03/02 03:15:14 INFO mapred.ReduceTask: Using ShuffleConsumerPlugin: org.apache.hadoop.mapreduce.task.reduce.Shuffle@3380b545
26/03/02 03:15:14 INFO reduce.MergeManagerImpl: MergerManager: memoryLimit=334338464, maxSingleShuffleLimit=83584616, mergeThreshold=220663392, ioSortFactor=10, memToMemMergeOutputsThreshold=10
26/03/02 03:15:14 INFO reduce.EventFetcher: attempt_local431743211_0004_r_000000_0 Thread started: EventFetcher for fetching Map Completion Events
26/03/02 03:15:14 INFO reduce.LocalFetcher: localfetcher#13 about to shuffle output of map attempt_local431743211_0004_m_000000_0 decomp: 110 len: 114 to MEMORY
26/03/02 03:15:14 INFO reduce.InMemoryMapOutput: Read 110 bytes from map-output for attempt_local431743211_0004_m_000000_0
26/03/02 03:15:14 INFO reduce.MergeManagerImpl: closeInMemoryFile -> map-output of size: 110, inMemoryMapOutputs.size() -> 1, commitMemory -> 0, usedMemory ->110
26/03/02 03:15:14 INFO reduce.EventFetcher: EventFetcher is interrupted.. Returning
26/03/02 03:15:14 INFO mapred.LocalJobRunner: 1 / 1 copied.
26/03/02 03:15:14 INFO reduce.MergeManagerImpl: finalMerge called with 1 in-memory map-outputs and 0 on-disk map-outputs
26/03/02 03:15:14 INFO mapred.Merger: Merging 1 sorted segments
26/03/02 03:15:14 INFO mapred.Merger: Down to the last merge-pass, with 1 segments left of total size: 104 bytes
26/03/02 03:15:14 INFO reduce.MergeManagerImpl: Merged 1 segments, 110 bytes to disk to satisfy reduce memory limit
26/03/02 03:15:14 INFO reduce.MergeManagerImpl: Merging 1 files, 114 bytes from disk
26/03/02 03:15:14 INFO reduce.MergeManagerImpl: Merging 0 segments, 0 bytes from memory into reduce
26/03/02 03:15:14 INFO mapred.Merger: Merging 1 sorted segments
26/03/02 03:15:14 INFO mapred.Merger: Down to the last merge-pass, with 1 segments left of total size: 104 bytes
26/03/02 03:15:14 INFO mapred.LocalJobRunner: 1 / 1 copied.
26/03/02 03:15:14 INFO mapred.Task: Task:attempt_local431743211_0004_r_000000_0 is done. And is in the process of committing
26/03/02 03:15:14 INFO mapred.LocalJobRunner: 1 / 1 copied.
26/03/02 03:15:14 INFO mapred.Task: Task attempt_local431743211_0004_r_000000_0 is allowed to commit now
26/03/02 03:15:14 INFO output.FileOutputCommitter: Saved output of task 'attempt_local431743211_0004_r_000000_0' to hdfs://localhost:9000/project2/task2/runs_true_k/k5_r30_opt_centers/iter_4/_temporary/0/task_local431743211_0004_r_000000
26/03/02 03:15:14 INFO mapred.LocalJobRunner: reduce > reduce
26/03/02 03:15:14 INFO mapred.Task: Task 'attempt_local431743211_0004_r_000000_0' done.
26/03/02 03:15:14 INFO mapred.Task: Final Counters for attempt_local431743211_0004_r_000000_0: Counters: 29
	File System Counters
		FILE: Number of bytes read=582820
		FILE: Number of bytes written=1764549
		FILE: Number of read operations=0
		FILE: Number of large read operations=0
		FILE: Number of write operations=0
		HDFS: Number of bytes read=2942611
		HDFS: Number of bytes written=3234
		HDFS: Number of read operations=192
		HDFS: Number of large read operations=0
		HDFS: Number of write operations=62
	Map-Reduce Framework
		Combine input records=0
		Combine output records=0
		Reduce input groups=2
		Reduce shuffle bytes=114
		Reduce input records=2
		Reduce output records=2
		Spilled Records=2
		Shuffled Maps =1
		Failed Shuffles=0
		Merged Map outputs=1
		GC time elapsed (ms)=0
		Total committed heap usage (bytes)=455606272
	Shuffle Errors
		BAD_ID=0
		CONNECTION=0
		IO_ERROR=0
		WRONG_LENGTH=0
		WRONG_MAP=0
		WRONG_REDUCE=0
	File Output Format Counters 
		Bytes Written=201
26/03/02 03:15:14 INFO mapred.LocalJobRunner: Finishing task: attempt_local431743211_0004_r_000000_0
26/03/02 03:15:14 INFO mapred.LocalJobRunner: Starting task: attempt_local431743211_0004_r_000001_0
26/03/02 03:15:14 INFO output.FileOutputCommitter: File Output Committer Algorithm version is 1
26/03/02 03:15:14 INFO mapred.Task:  Using ResourceCalculatorProcessTree : [ ]
26/03/02 03:15:14 INFO mapred.ReduceTask: Using ShuffleConsumerPlugin: org.apache.hadoop.mapreduce.task.reduce.Shuffle@4ae6ef29
26/03/02 03:15:14 INFO reduce.MergeManagerImpl: MergerManager: memoryLimit=334338464, maxSingleShuffleLimit=83584616, mergeThreshold=220663392, ioSortFactor=10, memToMemMergeOutputsThreshold=10
26/03/02 03:15:14 INFO reduce.EventFetcher: attempt_local431743211_0004_r_000001_0 Thread started: EventFetcher for fetching Map Completion Events
26/03/02 03:15:14 INFO reduce.LocalFetcher: localfetcher#14 about to shuffle output of map attempt_local431743211_0004_m_000000_0 decomp: 56 len: 60 to MEMORY
26/03/02 03:15:14 INFO reduce.InMemoryMapOutput: Read 56 bytes from map-output for attempt_local431743211_0004_m_000000_0
26/03/02 03:15:14 INFO reduce.MergeManagerImpl: closeInMemoryFile -> map-output of size: 56, inMemoryMapOutputs.size() -> 1, commitMemory -> 0, usedMemory ->56
26/03/02 03:15:14 INFO reduce.EventFetcher: EventFetcher is interrupted.. Returning
26/03/02 03:15:14 INFO mapred.LocalJobRunner: 1 / 1 copied.
26/03/02 03:15:14 INFO reduce.MergeManagerImpl: finalMerge called with 1 in-memory map-outputs and 0 on-disk map-outputs
26/03/02 03:15:14 INFO mapred.Merger: Merging 1 sorted segments
26/03/02 03:15:14 INFO mapred.Merger: Down to the last merge-pass, with 1 segments left of total size: 50 bytes
26/03/02 03:15:14 INFO reduce.MergeManagerImpl: Merged 1 segments, 56 bytes to disk to satisfy reduce memory limit
26/03/02 03:15:14 INFO reduce.MergeManagerImpl: Merging 1 files, 60 bytes from disk
26/03/02 03:15:14 INFO reduce.MergeManagerImpl: Merging 0 segments, 0 bytes from memory into reduce
26/03/02 03:15:14 INFO mapred.Merger: Merging 1 sorted segments
26/03/02 03:15:14 INFO mapred.Merger: Down to the last merge-pass, with 1 segments left of total size: 50 bytes
26/03/02 03:15:14 INFO mapred.LocalJobRunner: 1 / 1 copied.
26/03/02 03:15:14 INFO mapred.Task: Task:attempt_local431743211_0004_r_000001_0 is done. And is in the process of committing
26/03/02 03:15:14 INFO mapred.LocalJobRunner: 1 / 1 copied.
26/03/02 03:15:14 INFO mapred.Task: Task attempt_local431743211_0004_r_000001_0 is allowed to commit now
26/03/02 03:15:14 INFO output.FileOutputCommitter: Saved output of task 'attempt_local431743211_0004_r_000001_0' to hdfs://localhost:9000/project2/task2/runs_true_k/k5_r30_opt_centers/iter_4/_temporary/0/task_local431743211_0004_r_000001
26/03/02 03:15:14 INFO mapred.LocalJobRunner: reduce > reduce
26/03/02 03:15:14 INFO mapred.Task: Task 'attempt_local431743211_0004_r_000001_0' done.
26/03/02 03:15:14 INFO mapred.Task: Final Counters for attempt_local431743211_0004_r_000001_0: Counters: 29
	File System Counters
		FILE: Number of bytes read=583164
		FILE: Number of bytes written=1764609
		FILE: Number of read operations=0
		FILE: Number of large read operations=0
		FILE: Number of write operations=0
		HDFS: Number of bytes read=2942611
		HDFS: Number of bytes written=3334
		HDFS: Number of read operations=195
		HDFS: Number of large read operations=0
		HDFS: Number of write operations=64
	Map-Reduce Framework
		Combine input records=0
		Combine output records=0
		Reduce input groups=1
		Reduce shuffle bytes=60
		Reduce input records=1
		Reduce output records=1
		Spilled Records=1
		Shuffled Maps =1
		Failed Shuffles=0
		Merged Map outputs=1
		GC time elapsed (ms)=0
		Total committed heap usage (bytes)=455606272
	Shuffle Errors
		BAD_ID=0
		CONNECTION=0
		IO_ERROR=0
		WRONG_LENGTH=0
		WRONG_MAP=0
		WRONG_REDUCE=0
	File Output Format Counters 
		Bytes Written=100
26/03/02 03:15:14 INFO mapred.LocalJobRunner: Finishing task: attempt_local431743211_0004_r_000001_0
26/03/02 03:15:14 INFO mapred.LocalJobRunner: Starting task: attempt_local431743211_0004_r_000002_0
26/03/02 03:15:14 INFO output.FileOutputCommitter: File Output Committer Algorithm version is 1
26/03/02 03:15:14 INFO mapred.Task:  Using ResourceCalculatorProcessTree : [ ]
26/03/02 03:15:14 INFO mapred.ReduceTask: Using ShuffleConsumerPlugin: org.apache.hadoop.mapreduce.task.reduce.Shuffle@323ac8af
26/03/02 03:15:14 INFO reduce.MergeManagerImpl: MergerManager: memoryLimit=334338464, maxSingleShuffleLimit=83584616, mergeThreshold=220663392, ioSortFactor=10, memToMemMergeOutputsThreshold=10
26/03/02 03:15:14 INFO reduce.EventFetcher: attempt_local431743211_0004_r_000002_0 Thread started: EventFetcher for fetching Map Completion Events
26/03/02 03:15:14 INFO reduce.LocalFetcher: localfetcher#15 about to shuffle output of map attempt_local431743211_0004_m_000000_0 decomp: 56 len: 60 to MEMORY
26/03/02 03:15:14 INFO reduce.InMemoryMapOutput: Read 56 bytes from map-output for attempt_local431743211_0004_m_000000_0
26/03/02 03:15:14 INFO reduce.MergeManagerImpl: closeInMemoryFile -> map-output of size: 56, inMemoryMapOutputs.size() -> 1, commitMemory -> 0, usedMemory ->56
26/03/02 03:15:14 INFO reduce.EventFetcher: EventFetcher is interrupted.. Returning
26/03/02 03:15:14 INFO mapred.LocalJobRunner: 1 / 1 copied.
26/03/02 03:15:14 INFO reduce.MergeManagerImpl: finalMerge called with 1 in-memory map-outputs and 0 on-disk map-outputs
26/03/02 03:15:14 INFO mapred.Merger: Merging 1 sorted segments
26/03/02 03:15:14 INFO mapred.Merger: Down to the last merge-pass, with 1 segments left of total size: 50 bytes
26/03/02 03:15:14 INFO reduce.MergeManagerImpl: Merged 1 segments, 56 bytes to disk to satisfy reduce memory limit
26/03/02 03:15:14 INFO reduce.MergeManagerImpl: Merging 1 files, 60 bytes from disk
26/03/02 03:15:14 INFO reduce.MergeManagerImpl: Merging 0 segments, 0 bytes from memory into reduce
26/03/02 03:15:14 INFO mapred.Merger: Merging 1 sorted segments
26/03/02 03:15:14 INFO mapred.Merger: Down to the last merge-pass, with 1 segments left of total size: 50 bytes
26/03/02 03:15:14 INFO mapred.LocalJobRunner: 1 / 1 copied.
26/03/02 03:15:15 INFO mapred.Task: Task:attempt_local431743211_0004_r_000002_0 is done. And is in the process of committing
26/03/02 03:15:15 INFO mapred.LocalJobRunner: 1 / 1 copied.
26/03/02 03:15:15 INFO mapred.Task: Task attempt_local431743211_0004_r_000002_0 is allowed to commit now
26/03/02 03:15:15 INFO output.FileOutputCommitter: Saved output of task 'attempt_local431743211_0004_r_000002_0' to hdfs://localhost:9000/project2/task2/runs_true_k/k5_r30_opt_centers/iter_4/_temporary/0/task_local431743211_0004_r_000002
26/03/02 03:15:15 INFO mapred.LocalJobRunner: reduce > reduce
26/03/02 03:15:15 INFO mapred.Task: Task 'attempt_local431743211_0004_r_000002_0' done.
26/03/02 03:15:15 INFO mapred.Task: Final Counters for attempt_local431743211_0004_r_000002_0: Counters: 29
	File System Counters
		FILE: Number of bytes read=583448
		FILE: Number of bytes written=1764669
		FILE: Number of read operations=0
		FILE: Number of large read operations=0
		FILE: Number of write operations=0
		HDFS: Number of bytes read=2942611
		HDFS: Number of bytes written=3435
		HDFS: Number of read operations=198
		HDFS: Number of large read operations=0
		HDFS: Number of write operations=66
	Map-Reduce Framework
		Combine input records=0
		Combine output records=0
		Reduce input groups=1
		Reduce shuffle bytes=60
		Reduce input records=1
		Reduce output records=1
		Spilled Records=1
		Shuffled Maps =1
		Failed Shuffles=0
		Merged Map outputs=1
		GC time elapsed (ms)=0
		Total committed heap usage (bytes)=455606272
	Shuffle Errors
		BAD_ID=0
		CONNECTION=0
		IO_ERROR=0
		WRONG_LENGTH=0
		WRONG_MAP=0
		WRONG_REDUCE=0
	File Output Format Counters 
		Bytes Written=101
26/03/02 03:15:15 INFO mapred.LocalJobRunner: Finishing task: attempt_local431743211_0004_r_000002_0
26/03/02 03:15:15 INFO mapred.LocalJobRunner: Starting task: attempt_local431743211_0004_r_000003_0
26/03/02 03:15:15 INFO output.FileOutputCommitter: File Output Committer Algorithm version is 1
26/03/02 03:15:15 INFO mapred.Task:  Using ResourceCalculatorProcessTree : [ ]
26/03/02 03:15:15 INFO mapred.ReduceTask: Using ShuffleConsumerPlugin: org.apache.hadoop.mapreduce.task.reduce.Shuffle@4da5b750
26/03/02 03:15:15 INFO reduce.MergeManagerImpl: MergerManager: memoryLimit=334338464, maxSingleShuffleLimit=83584616, mergeThreshold=220663392, ioSortFactor=10, memToMemMergeOutputsThreshold=10
26/03/02 03:15:15 INFO reduce.EventFetcher: attempt_local431743211_0004_r_000003_0 Thread started: EventFetcher for fetching Map Completion Events
26/03/02 03:15:15 INFO reduce.LocalFetcher: localfetcher#16 about to shuffle output of map attempt_local431743211_0004_m_000000_0 decomp: 56 len: 60 to MEMORY
26/03/02 03:15:15 INFO reduce.InMemoryMapOutput: Read 56 bytes from map-output for attempt_local431743211_0004_m_000000_0
26/03/02 03:15:15 INFO reduce.MergeManagerImpl: closeInMemoryFile -> map-output of size: 56, inMemoryMapOutputs.size() -> 1, commitMemory -> 0, usedMemory ->56
26/03/02 03:15:15 WARN io.ReadaheadPool: Failed readahead on ifile
EBADF: Bad file descriptor
	at org.apache.hadoop.io.nativeio.NativeIO$POSIX.posix_fadvise(Native Method)
	at org.apache.hadoop.io.nativeio.NativeIO$POSIX.posixFadviseIfPossible(NativeIO.java:267)
	at org.apache.hadoop.io.nativeio.NativeIO$POSIX$CacheManipulator.posixFadviseIfPossible(NativeIO.java:146)
	at org.apache.hadoop.io.ReadaheadPool$ReadaheadRequestImpl.run(ReadaheadPool.java:206)
	at java.util.concurrent.ThreadPoolExecutor.runWorker(ThreadPoolExecutor.java:1149)
	at java.util.concurrent.ThreadPoolExecutor$Worker.run(ThreadPoolExecutor.java:624)
	at java.lang.Thread.run(Thread.java:748)
26/03/02 03:15:15 INFO reduce.EventFetcher: EventFetcher is interrupted.. Returning
26/03/02 03:15:15 INFO mapred.LocalJobRunner: 1 / 1 copied.
26/03/02 03:15:15 INFO reduce.MergeManagerImpl: finalMerge called with 1 in-memory map-outputs and 0 on-disk map-outputs
26/03/02 03:15:15 INFO mapred.Merger: Merging 1 sorted segments
26/03/02 03:15:15 INFO mapred.Merger: Down to the last merge-pass, with 1 segments left of total size: 50 bytes
26/03/02 03:15:15 INFO reduce.MergeManagerImpl: Merged 1 segments, 56 bytes to disk to satisfy reduce memory limit
26/03/02 03:15:15 INFO reduce.MergeManagerImpl: Merging 1 files, 60 bytes from disk
26/03/02 03:15:15 INFO reduce.MergeManagerImpl: Merging 0 segments, 0 bytes from memory into reduce
26/03/02 03:15:15 INFO mapred.Merger: Merging 1 sorted segments
26/03/02 03:15:15 INFO mapred.Merger: Down to the last merge-pass, with 1 segments left of total size: 50 bytes
26/03/02 03:15:15 INFO mapred.LocalJobRunner: 1 / 1 copied.
26/03/02 03:15:15 INFO mapred.Task: Task:attempt_local431743211_0004_r_000003_0 is done. And is in the process of committing
26/03/02 03:15:15 INFO mapred.LocalJobRunner: 1 / 1 copied.
26/03/02 03:15:15 INFO mapred.Task: Task attempt_local431743211_0004_r_000003_0 is allowed to commit now
26/03/02 03:15:15 INFO output.FileOutputCommitter: Saved output of task 'attempt_local431743211_0004_r_000003_0' to hdfs://localhost:9000/project2/task2/runs_true_k/k5_r30_opt_centers/iter_4/_temporary/0/task_local431743211_0004_r_000003
26/03/02 03:15:15 INFO mapred.LocalJobRunner: reduce > reduce
26/03/02 03:15:15 INFO mapred.Task: Task 'attempt_local431743211_0004_r_000003_0' done.
26/03/02 03:15:15 INFO mapred.Task: Final Counters for attempt_local431743211_0004_r_000003_0: Counters: 29
	File System Counters
		FILE: Number of bytes read=583672
		FILE: Number of bytes written=1764729
		FILE: Number of read operations=0
		FILE: Number of large read operations=0
		FILE: Number of write operations=0
		HDFS: Number of bytes read=2942611
		HDFS: Number of bytes written=3538
		HDFS: Number of read operations=201
		HDFS: Number of large read operations=0
		HDFS: Number of write operations=68
	Map-Reduce Framework
		Combine input records=0
		Combine output records=0
		Reduce input groups=1
		Reduce shuffle bytes=60
		Reduce input records=1
		Reduce output records=1
		Spilled Records=1
		Shuffled Maps =1
		Failed Shuffles=0
		Merged Map outputs=1
		GC time elapsed (ms)=0
		Total committed heap usage (bytes)=455606272
	Shuffle Errors
		BAD_ID=0
		CONNECTION=0
		IO_ERROR=0
		WRONG_LENGTH=0
		WRONG_MAP=0
		WRONG_REDUCE=0
	File Output Format Counters 
		Bytes Written=103
26/03/02 03:15:15 INFO mapred.LocalJobRunner: Finishing task: attempt_local431743211_0004_r_000003_0
26/03/02 03:15:15 INFO mapred.LocalJobRunner: reduce task executor complete.
26/03/02 03:15:15 INFO mapreduce.Job: Job job_local431743211_0004 running in uber mode : false
26/03/02 03:15:15 INFO mapreduce.Job:  map 100% reduce 100%
26/03/02 03:15:15 INFO mapreduce.Job: Job job_local431743211_0004 completed successfully
26/03/02 03:15:15 INFO mapreduce.Job: Counters: 35
	File System Counters
		FILE: Number of bytes read=2915412
		FILE: Number of bytes written=8822991
		FILE: Number of read operations=0
		FILE: Number of large read operations=0
		FILE: Number of write operations=0
		HDFS: Number of bytes read=14713055
		HDFS: Number of bytes written=16574
		HDFS: Number of read operations=975
		HDFS: Number of large read operations=0
		HDFS: Number of write operations=320
	Map-Reduce Framework
		Map input records=10000
		Map output records=10000
		Map output bytes=520000
		Map output materialized bytes=294
		Input split bytes=121
		Combine input records=10000
		Combine output records=5
		Reduce input groups=5
		Reduce shuffle bytes=294
		Reduce input records=5
		Reduce output records=5
		Spilled Records=10
		Shuffled Maps =4
		Failed Shuffles=0
		Merged Map outputs=4
		GC time elapsed (ms)=0
		Total committed heap usage (bytes)=2278031360
	Shuffle Errors
		BAD_ID=0
		CONNECTION=0
		IO_ERROR=0
		WRONG_LENGTH=0
		WRONG_MAP=0
		WRONG_REDUCE=0
	File Input Format Counters 
		Bytes Read=733758
	File Output Format Counters 
		Bytes Written=505
26/03/02 03:15:15 INFO jvm.JvmMetrics: Cannot initialize JVM Metrics with processName=JobTracker, sessionId= - already initialized
26/03/02 03:15:15 WARN mapreduce.JobResourceUploader: Hadoop command-line option parsing not performed. Implement the Tool interface and execute your application with ToolRunner to remedy this.
26/03/02 03:15:15 INFO input.FileInputFormat: Total input paths to process : 1
26/03/02 03:15:15 INFO mapreduce.JobSubmitter: number of splits:1
26/03/02 03:15:15 INFO mapreduce.JobSubmitter: Submitting tokens for job: job_local1502551327_0005
26/03/02 03:15:15 INFO mapred.LocalDistributedCacheManager: Creating symlink: /tmp/hadoop-ds503/mapred/local/1772421315549/centers_iter_4.csv <- /home/ds503/centers_iter_4.csv
26/03/02 03:15:15 INFO mapred.LocalDistributedCacheManager: Localized hdfs://localhost:9000/project2/task2/runs_true_k/k5_r30_opt_centers/centers_iter_4.csv as file:/tmp/hadoop-ds503/mapred/local/1772421315549/centers_iter_4.csv
26/03/02 03:15:15 INFO mapreduce.Job: The url to track the job: http://localhost:8080/
26/03/02 03:15:15 INFO mapreduce.Job: Running job: job_local1502551327_0005
26/03/02 03:15:15 INFO mapred.LocalJobRunner: OutputCommitter set in config null
26/03/02 03:15:15 INFO output.FileOutputCommitter: File Output Committer Algorithm version is 1
26/03/02 03:15:15 INFO mapred.LocalJobRunner: OutputCommitter is org.apache.hadoop.mapreduce.lib.output.FileOutputCommitter
26/03/02 03:15:15 INFO mapred.LocalJobRunner: Waiting for map tasks
26/03/02 03:15:15 INFO mapred.LocalJobRunner: Starting task: attempt_local1502551327_0005_m_000000_0
26/03/02 03:15:15 INFO output.FileOutputCommitter: File Output Committer Algorithm version is 1
26/03/02 03:15:15 INFO mapred.Task:  Using ResourceCalculatorProcessTree : [ ]
26/03/02 03:15:15 INFO mapred.MapTask: Processing split: hdfs://localhost:9000/project2/task2/input/points_4d.csv:0+733758
26/03/02 03:15:15 INFO mapred.MapTask: (EQUATOR) 0 kvi 26214396(104857584)
26/03/02 03:15:15 INFO mapred.MapTask: mapreduce.task.io.sort.mb: 100
26/03/02 03:15:15 INFO mapred.MapTask: soft limit at 83886080
26/03/02 03:15:15 INFO mapred.MapTask: bufstart = 0; bufvoid = 104857600
26/03/02 03:15:15 INFO mapred.MapTask: kvstart = 26214396; length = 6553600
26/03/02 03:15:15 INFO mapred.MapTask: Map output collector class = org.apache.hadoop.mapred.MapTask$MapOutputBuffer
26/03/02 03:15:15 INFO mapred.LocalJobRunner: 
26/03/02 03:15:15 INFO mapred.MapTask: Starting flush of map output
26/03/02 03:15:15 INFO mapred.MapTask: Spilling map output
26/03/02 03:15:15 INFO mapred.MapTask: bufstart = 0; bufend = 520000; bufvoid = 104857600
26/03/02 03:15:15 INFO mapred.MapTask: kvstart = 26214396(104857584); kvend = 26174400(104697600); length = 39997/6553600
26/03/02 03:15:15 INFO mapred.MapTask: Finished spill 0
26/03/02 03:15:15 INFO mapred.Task: Task:attempt_local1502551327_0005_m_000000_0 is done. And is in the process of committing
26/03/02 03:15:15 INFO mapred.LocalJobRunner: map
26/03/02 03:15:15 INFO mapred.Task: Task 'attempt_local1502551327_0005_m_000000_0' done.
26/03/02 03:15:15 INFO mapred.Task: Final Counters for attempt_local1502551327_0005_m_000000_0: Counters: 23
	File System Counters
		FILE: Number of bytes read=728226
		FILE: Number of bytes written=2206805
		FILE: Number of read operations=0
		FILE: Number of large read operations=0
		FILE: Number of write operations=0
		HDFS: Number of bytes read=3678506
		HDFS: Number of bytes written=3913
		HDFS: Number of read operations=245
		HDFS: Number of large read operations=0
		HDFS: Number of write operations=78
	Map-Reduce Framework
		Map input records=10000
		Map output records=10000
		Map output bytes=520000
		Map output materialized bytes=294
		Input split bytes=121
		Combine input records=10000
		Combine output records=5
		Spilled Records=5
		Failed Shuffles=0
		Merged Map outputs=0
		GC time elapsed (ms)=2
		Total committed heap usage (bytes)=520093696
	File Input Format Counters 
		Bytes Read=733758
26/03/02 03:15:15 INFO mapred.LocalJobRunner: Finishing task: attempt_local1502551327_0005_m_000000_0
26/03/02 03:15:15 INFO mapred.LocalJobRunner: map task executor complete.
26/03/02 03:15:15 INFO mapred.LocalJobRunner: Waiting for reduce tasks
26/03/02 03:15:15 INFO mapred.LocalJobRunner: Starting task: attempt_local1502551327_0005_r_000000_0
26/03/02 03:15:15 INFO output.FileOutputCommitter: File Output Committer Algorithm version is 1
26/03/02 03:15:15 INFO mapred.Task:  Using ResourceCalculatorProcessTree : [ ]
26/03/02 03:15:15 INFO mapred.ReduceTask: Using ShuffleConsumerPlugin: org.apache.hadoop.mapreduce.task.reduce.Shuffle@57ab7b2a
26/03/02 03:15:15 INFO reduce.MergeManagerImpl: MergerManager: memoryLimit=364065568, maxSingleShuffleLimit=91016392, mergeThreshold=240283280, ioSortFactor=10, memToMemMergeOutputsThreshold=10
26/03/02 03:15:15 INFO reduce.EventFetcher: attempt_local1502551327_0005_r_000000_0 Thread started: EventFetcher for fetching Map Completion Events
26/03/02 03:15:15 INFO reduce.LocalFetcher: localfetcher#17 about to shuffle output of map attempt_local1502551327_0005_m_000000_0 decomp: 110 len: 114 to MEMORY
26/03/02 03:15:15 INFO reduce.InMemoryMapOutput: Read 110 bytes from map-output for attempt_local1502551327_0005_m_000000_0
26/03/02 03:15:15 INFO reduce.MergeManagerImpl: closeInMemoryFile -> map-output of size: 110, inMemoryMapOutputs.size() -> 1, commitMemory -> 0, usedMemory ->110
26/03/02 03:15:15 INFO reduce.EventFetcher: EventFetcher is interrupted.. Returning
26/03/02 03:15:15 INFO mapred.LocalJobRunner: 1 / 1 copied.
26/03/02 03:15:15 INFO reduce.MergeManagerImpl: finalMerge called with 1 in-memory map-outputs and 0 on-disk map-outputs
26/03/02 03:15:15 INFO mapred.Merger: Merging 1 sorted segments
26/03/02 03:15:15 INFO mapred.Merger: Down to the last merge-pass, with 1 segments left of total size: 104 bytes
26/03/02 03:15:15 INFO reduce.MergeManagerImpl: Merged 1 segments, 110 bytes to disk to satisfy reduce memory limit
26/03/02 03:15:15 INFO reduce.MergeManagerImpl: Merging 1 files, 114 bytes from disk
26/03/02 03:15:15 INFO reduce.MergeManagerImpl: Merging 0 segments, 0 bytes from memory into reduce
26/03/02 03:15:15 INFO mapred.Merger: Merging 1 sorted segments
26/03/02 03:15:15 INFO mapred.Merger: Down to the last merge-pass, with 1 segments left of total size: 104 bytes
26/03/02 03:15:15 INFO mapred.LocalJobRunner: 1 / 1 copied.
26/03/02 03:15:15 INFO mapred.Task: Task:attempt_local1502551327_0005_r_000000_0 is done. And is in the process of committing
26/03/02 03:15:15 INFO mapred.LocalJobRunner: 1 / 1 copied.
26/03/02 03:15:15 INFO mapred.Task: Task attempt_local1502551327_0005_r_000000_0 is allowed to commit now
26/03/02 03:15:15 INFO output.FileOutputCommitter: Saved output of task 'attempt_local1502551327_0005_r_000000_0' to hdfs://localhost:9000/project2/task2/runs_true_k/k5_r30_opt_centers/iter_5/_temporary/0/task_local1502551327_0005_r_000000
26/03/02 03:15:15 INFO mapred.LocalJobRunner: reduce > reduce
26/03/02 03:15:15 INFO mapred.Task: Task 'attempt_local1502551327_0005_r_000000_0' done.
26/03/02 03:15:15 INFO mapred.Task: Final Counters for attempt_local1502551327_0005_r_000000_0: Counters: 29
	File System Counters
		FILE: Number of bytes read=728738
		FILE: Number of bytes written=2206919
		FILE: Number of read operations=0
		FILE: Number of large read operations=0
		FILE: Number of write operations=0
		HDFS: Number of bytes read=3678506
		HDFS: Number of bytes written=4116
		HDFS: Number of read operations=248
		HDFS: Number of large read operations=0
		HDFS: Number of write operations=80
	Map-Reduce Framework
		Combine input records=0
		Combine output records=0
		Reduce input groups=2
		Reduce shuffle bytes=114
		Reduce input records=2
		Reduce output records=2
		Spilled Records=2
		Shuffled Maps =1
		Failed Shuffles=0
		Merged Map outputs=1
		GC time elapsed (ms)=0
		Total committed heap usage (bytes)=520093696
	Shuffle Errors
		BAD_ID=0
		CONNECTION=0
		IO_ERROR=0
		WRONG_LENGTH=0
		WRONG_MAP=0
		WRONG_REDUCE=0
	File Output Format Counters 
		Bytes Written=203
26/03/02 03:15:15 INFO mapred.LocalJobRunner: Finishing task: attempt_local1502551327_0005_r_000000_0
26/03/02 03:15:15 INFO mapred.LocalJobRunner: Starting task: attempt_local1502551327_0005_r_000001_0
26/03/02 03:15:15 INFO output.FileOutputCommitter: File Output Committer Algorithm version is 1
26/03/02 03:15:15 INFO mapred.Task:  Using ResourceCalculatorProcessTree : [ ]
26/03/02 03:15:15 INFO mapred.ReduceTask: Using ShuffleConsumerPlugin: org.apache.hadoop.mapreduce.task.reduce.Shuffle@14afcf9f
26/03/02 03:15:15 INFO reduce.MergeManagerImpl: MergerManager: memoryLimit=364065568, maxSingleShuffleLimit=91016392, mergeThreshold=240283280, ioSortFactor=10, memToMemMergeOutputsThreshold=10
26/03/02 03:15:15 INFO reduce.EventFetcher: attempt_local1502551327_0005_r_000001_0 Thread started: EventFetcher for fetching Map Completion Events
26/03/02 03:15:15 INFO reduce.LocalFetcher: localfetcher#18 about to shuffle output of map attempt_local1502551327_0005_m_000000_0 decomp: 56 len: 60 to MEMORY
26/03/02 03:15:15 INFO reduce.InMemoryMapOutput: Read 56 bytes from map-output for attempt_local1502551327_0005_m_000000_0
26/03/02 03:15:15 INFO reduce.MergeManagerImpl: closeInMemoryFile -> map-output of size: 56, inMemoryMapOutputs.size() -> 1, commitMemory -> 0, usedMemory ->56
26/03/02 03:15:15 INFO reduce.EventFetcher: EventFetcher is interrupted.. Returning
26/03/02 03:15:15 INFO mapred.LocalJobRunner: 1 / 1 copied.
26/03/02 03:15:15 INFO reduce.MergeManagerImpl: finalMerge called with 1 in-memory map-outputs and 0 on-disk map-outputs
26/03/02 03:15:15 INFO mapred.Merger: Merging 1 sorted segments
26/03/02 03:15:15 INFO mapred.Merger: Down to the last merge-pass, with 1 segments left of total size: 50 bytes
26/03/02 03:15:15 INFO reduce.MergeManagerImpl: Merged 1 segments, 56 bytes to disk to satisfy reduce memory limit
26/03/02 03:15:15 INFO reduce.MergeManagerImpl: Merging 1 files, 60 bytes from disk
26/03/02 03:15:15 INFO reduce.MergeManagerImpl: Merging 0 segments, 0 bytes from memory into reduce
26/03/02 03:15:15 INFO mapred.Merger: Merging 1 sorted segments
26/03/02 03:15:15 INFO mapred.Merger: Down to the last merge-pass, with 1 segments left of total size: 50 bytes
26/03/02 03:15:15 INFO mapred.LocalJobRunner: 1 / 1 copied.
26/03/02 03:15:15 INFO mapred.Task: Task:attempt_local1502551327_0005_r_000001_0 is done. And is in the process of committing
26/03/02 03:15:15 INFO mapred.LocalJobRunner: 1 / 1 copied.
26/03/02 03:15:15 INFO mapred.Task: Task attempt_local1502551327_0005_r_000001_0 is allowed to commit now
26/03/02 03:15:15 INFO output.FileOutputCommitter: Saved output of task 'attempt_local1502551327_0005_r_000001_0' to hdfs://localhost:9000/project2/task2/runs_true_k/k5_r30_opt_centers/iter_5/_temporary/0/task_local1502551327_0005_r_000001
26/03/02 03:15:15 INFO mapred.LocalJobRunner: reduce > reduce
26/03/02 03:15:15 INFO mapred.Task: Task 'attempt_local1502551327_0005_r_000001_0' done.
26/03/02 03:15:15 INFO mapred.Task: Final Counters for attempt_local1502551327_0005_r_000001_0: Counters: 29
	File System Counters
		FILE: Number of bytes read=729082
		FILE: Number of bytes written=2206979
		FILE: Number of read operations=0
		FILE: Number of large read operations=0
		FILE: Number of write operations=0
		HDFS: Number of bytes read=3678506
		HDFS: Number of bytes written=4218
		HDFS: Number of read operations=251
		HDFS: Number of large read operations=0
		HDFS: Number of write operations=82
	Map-Reduce Framework
		Combine input records=0
		Combine output records=0
		Reduce input groups=1
		Reduce shuffle bytes=60
		Reduce input records=1
		Reduce output records=1
		Spilled Records=1
		Shuffled Maps =1
		Failed Shuffles=0
		Merged Map outputs=1
		GC time elapsed (ms)=0
		Total committed heap usage (bytes)=520093696
	Shuffle Errors
		BAD_ID=0
		CONNECTION=0
		IO_ERROR=0
		WRONG_LENGTH=0
		WRONG_MAP=0
		WRONG_REDUCE=0
	File Output Format Counters 
		Bytes Written=102
26/03/02 03:15:15 INFO mapred.LocalJobRunner: Finishing task: attempt_local1502551327_0005_r_000001_0
26/03/02 03:15:15 INFO mapred.LocalJobRunner: Starting task: attempt_local1502551327_0005_r_000002_0
26/03/02 03:15:15 INFO output.FileOutputCommitter: File Output Committer Algorithm version is 1
26/03/02 03:15:15 INFO mapred.Task:  Using ResourceCalculatorProcessTree : [ ]
26/03/02 03:15:15 INFO mapred.ReduceTask: Using ShuffleConsumerPlugin: org.apache.hadoop.mapreduce.task.reduce.Shuffle@6c17aff8
26/03/02 03:15:15 INFO reduce.MergeManagerImpl: MergerManager: memoryLimit=364065568, maxSingleShuffleLimit=91016392, mergeThreshold=240283280, ioSortFactor=10, memToMemMergeOutputsThreshold=10
26/03/02 03:15:15 INFO reduce.EventFetcher: attempt_local1502551327_0005_r_000002_0 Thread started: EventFetcher for fetching Map Completion Events
26/03/02 03:15:15 INFO reduce.LocalFetcher: localfetcher#19 about to shuffle output of map attempt_local1502551327_0005_m_000000_0 decomp: 56 len: 60 to MEMORY
26/03/02 03:15:15 INFO reduce.InMemoryMapOutput: Read 56 bytes from map-output for attempt_local1502551327_0005_m_000000_0
26/03/02 03:15:15 INFO reduce.MergeManagerImpl: closeInMemoryFile -> map-output of size: 56, inMemoryMapOutputs.size() -> 1, commitMemory -> 0, usedMemory ->56
26/03/02 03:15:15 INFO reduce.EventFetcher: EventFetcher is interrupted.. Returning
26/03/02 03:15:15 INFO mapred.LocalJobRunner: 1 / 1 copied.
26/03/02 03:15:15 INFO reduce.MergeManagerImpl: finalMerge called with 1 in-memory map-outputs and 0 on-disk map-outputs
26/03/02 03:15:15 INFO mapred.Merger: Merging 1 sorted segments
26/03/02 03:15:15 INFO mapred.Merger: Down to the last merge-pass, with 1 segments left of total size: 50 bytes
26/03/02 03:15:15 INFO reduce.MergeManagerImpl: Merged 1 segments, 56 bytes to disk to satisfy reduce memory limit
26/03/02 03:15:15 INFO reduce.MergeManagerImpl: Merging 1 files, 60 bytes from disk
26/03/02 03:15:15 INFO reduce.MergeManagerImpl: Merging 0 segments, 0 bytes from memory into reduce
26/03/02 03:15:15 INFO mapred.Merger: Merging 1 sorted segments
26/03/02 03:15:15 INFO mapred.Merger: Down to the last merge-pass, with 1 segments left of total size: 50 bytes
26/03/02 03:15:15 INFO mapred.LocalJobRunner: 1 / 1 copied.
26/03/02 03:15:16 INFO mapred.Task: Task:attempt_local1502551327_0005_r_000002_0 is done. And is in the process of committing
26/03/02 03:15:16 INFO mapred.LocalJobRunner: 1 / 1 copied.
26/03/02 03:15:16 INFO mapred.Task: Task attempt_local1502551327_0005_r_000002_0 is allowed to commit now
26/03/02 03:15:16 INFO output.FileOutputCommitter: Saved output of task 'attempt_local1502551327_0005_r_000002_0' to hdfs://localhost:9000/project2/task2/runs_true_k/k5_r30_opt_centers/iter_5/_temporary/0/task_local1502551327_0005_r_000002
26/03/02 03:15:16 INFO mapred.LocalJobRunner: reduce > reduce
26/03/02 03:15:16 INFO mapred.Task: Task 'attempt_local1502551327_0005_r_000002_0' done.
26/03/02 03:15:16 INFO mapred.Task: Final Counters for attempt_local1502551327_0005_r_000002_0: Counters: 29
	File System Counters
		FILE: Number of bytes read=729366
		FILE: Number of bytes written=2207039
		FILE: Number of read operations=0
		FILE: Number of large read operations=0
		FILE: Number of write operations=0
		HDFS: Number of bytes read=3678506
		HDFS: Number of bytes written=4318
		HDFS: Number of read operations=254
		HDFS: Number of large read operations=0
		HDFS: Number of write operations=84
	Map-Reduce Framework
		Combine input records=0
		Combine output records=0
		Reduce input groups=1
		Reduce shuffle bytes=60
		Reduce input records=1
		Reduce output records=1
		Spilled Records=1
		Shuffled Maps =1
		Failed Shuffles=0
		Merged Map outputs=1
		GC time elapsed (ms)=0
		Total committed heap usage (bytes)=520093696
	Shuffle Errors
		BAD_ID=0
		CONNECTION=0
		IO_ERROR=0
		WRONG_LENGTH=0
		WRONG_MAP=0
		WRONG_REDUCE=0
	File Output Format Counters 
		Bytes Written=100
26/03/02 03:15:16 INFO mapred.LocalJobRunner: Finishing task: attempt_local1502551327_0005_r_000002_0
26/03/02 03:15:16 INFO mapred.LocalJobRunner: Starting task: attempt_local1502551327_0005_r_000003_0
26/03/02 03:15:16 INFO output.FileOutputCommitter: File Output Committer Algorithm version is 1
26/03/02 03:15:16 INFO mapred.Task:  Using ResourceCalculatorProcessTree : [ ]
26/03/02 03:15:16 INFO mapred.ReduceTask: Using ShuffleConsumerPlugin: org.apache.hadoop.mapreduce.task.reduce.Shuffle@1247917c
26/03/02 03:15:16 INFO reduce.MergeManagerImpl: MergerManager: memoryLimit=364065568, maxSingleShuffleLimit=91016392, mergeThreshold=240283280, ioSortFactor=10, memToMemMergeOutputsThreshold=10
26/03/02 03:15:16 INFO reduce.EventFetcher: attempt_local1502551327_0005_r_000003_0 Thread started: EventFetcher for fetching Map Completion Events
26/03/02 03:15:16 INFO reduce.LocalFetcher: localfetcher#20 about to shuffle output of map attempt_local1502551327_0005_m_000000_0 decomp: 56 len: 60 to MEMORY
26/03/02 03:15:16 INFO reduce.InMemoryMapOutput: Read 56 bytes from map-output for attempt_local1502551327_0005_m_000000_0
26/03/02 03:15:16 INFO reduce.MergeManagerImpl: closeInMemoryFile -> map-output of size: 56, inMemoryMapOutputs.size() -> 1, commitMemory -> 0, usedMemory ->56
26/03/02 03:15:16 INFO reduce.EventFetcher: EventFetcher is interrupted.. Returning
26/03/02 03:15:16 INFO mapred.LocalJobRunner: 1 / 1 copied.
26/03/02 03:15:16 INFO reduce.MergeManagerImpl: finalMerge called with 1 in-memory map-outputs and 0 on-disk map-outputs
26/03/02 03:15:16 INFO mapred.Merger: Merging 1 sorted segments
26/03/02 03:15:16 INFO mapred.Merger: Down to the last merge-pass, with 1 segments left of total size: 50 bytes
26/03/02 03:15:16 INFO reduce.MergeManagerImpl: Merged 1 segments, 56 bytes to disk to satisfy reduce memory limit
26/03/02 03:15:16 INFO reduce.MergeManagerImpl: Merging 1 files, 60 bytes from disk
26/03/02 03:15:16 INFO reduce.MergeManagerImpl: Merging 0 segments, 0 bytes from memory into reduce
26/03/02 03:15:16 INFO mapred.Merger: Merging 1 sorted segments
26/03/02 03:15:16 INFO mapred.Merger: Down to the last merge-pass, with 1 segments left of total size: 50 bytes
26/03/02 03:15:16 INFO mapred.LocalJobRunner: 1 / 1 copied.
26/03/02 03:15:16 INFO mapred.Task: Task:attempt_local1502551327_0005_r_000003_0 is done. And is in the process of committing
26/03/02 03:15:16 INFO mapred.LocalJobRunner: 1 / 1 copied.
26/03/02 03:15:16 INFO mapred.Task: Task attempt_local1502551327_0005_r_000003_0 is allowed to commit now
26/03/02 03:15:16 INFO output.FileOutputCommitter: Saved output of task 'attempt_local1502551327_0005_r_000003_0' to hdfs://localhost:9000/project2/task2/runs_true_k/k5_r30_opt_centers/iter_5/_temporary/0/task_local1502551327_0005_r_000003
26/03/02 03:15:16 INFO mapred.LocalJobRunner: reduce > reduce
26/03/02 03:15:16 INFO mapred.Task: Task 'attempt_local1502551327_0005_r_000003_0' done.
26/03/02 03:15:16 INFO mapred.Task: Final Counters for attempt_local1502551327_0005_r_000003_0: Counters: 29
	File System Counters
		FILE: Number of bytes read=729590
		FILE: Number of bytes written=2207099
		FILE: Number of read operations=0
		FILE: Number of large read operations=0
		FILE: Number of write operations=0
		HDFS: Number of bytes read=3678506
		HDFS: Number of bytes written=4418
		HDFS: Number of read operations=257
		HDFS: Number of large read operations=0
		HDFS: Number of write operations=86
	Map-Reduce Framework
		Combine input records=0
		Combine output records=0
		Reduce input groups=1
		Reduce shuffle bytes=60
		Reduce input records=1
		Reduce output records=1
		Spilled Records=1
		Shuffled Maps =1
		Failed Shuffles=0
		Merged Map outputs=1
		GC time elapsed (ms)=0
		Total committed heap usage (bytes)=520093696
	Shuffle Errors
		BAD_ID=0
		CONNECTION=0
		IO_ERROR=0
		WRONG_LENGTH=0
		WRONG_MAP=0
		WRONG_REDUCE=0
	File Output Format Counters 
		Bytes Written=100
26/03/02 03:15:16 INFO mapred.LocalJobRunner: Finishing task: attempt_local1502551327_0005_r_000003_0
26/03/02 03:15:16 INFO mapred.LocalJobRunner: reduce task executor complete.
26/03/02 03:15:16 INFO mapreduce.Job: Job job_local1502551327_0005 running in uber mode : false
26/03/02 03:15:16 INFO mapreduce.Job:  map 100% reduce 100%
26/03/02 03:15:16 INFO mapreduce.Job: Job job_local1502551327_0005 completed successfully
26/03/02 03:15:16 INFO mapreduce.Job: Counters: 35
	File System Counters
		FILE: Number of bytes read=3645002
		FILE: Number of bytes written=11034841
		FILE: Number of read operations=0
		FILE: Number of large read operations=0
		FILE: Number of write operations=0
		HDFS: Number of bytes read=18392530
		HDFS: Number of bytes written=20983
		HDFS: Number of read operations=1255
		HDFS: Number of large read operations=0
		HDFS: Number of write operations=410
	Map-Reduce Framework
		Map input records=10000
		Map output records=10000
		Map output bytes=520000
		Map output materialized bytes=294
		Input split bytes=121
		Combine input records=10000
		Combine output records=5
		Reduce input groups=5
		Reduce shuffle bytes=294
		Reduce input records=5
		Reduce output records=5
		Spilled Records=10
		Shuffled Maps =4
		Failed Shuffles=0
		Merged Map outputs=4
		GC time elapsed (ms)=2
		Total committed heap usage (bytes)=2600468480
	Shuffle Errors
		BAD_ID=0
		CONNECTION=0
		IO_ERROR=0
		WRONG_LENGTH=0
		WRONG_MAP=0
		WRONG_REDUCE=0
	File Input Format Counters 
		Bytes Read=733758
	File Output Format Counters 
		Bytes Written=505
26/03/02 03:15:16 INFO jvm.JvmMetrics: Cannot initialize JVM Metrics with processName=JobTracker, sessionId= - already initialized
26/03/02 03:15:16 WARN mapreduce.JobResourceUploader: Hadoop command-line option parsing not performed. Implement the Tool interface and execute your application with ToolRunner to remedy this.
26/03/02 03:15:16 INFO input.FileInputFormat: Total input paths to process : 1
26/03/02 03:15:16 INFO mapreduce.JobSubmitter: number of splits:1
26/03/02 03:15:16 INFO mapreduce.JobSubmitter: Submitting tokens for job: job_local1266750042_0006
26/03/02 03:15:16 INFO mapred.LocalDistributedCacheManager: Creating symlink: /tmp/hadoop-ds503/mapred/local/1772421316648/centers_iter_5.csv <- /home/ds503/centers_iter_5.csv
26/03/02 03:15:16 INFO mapred.LocalDistributedCacheManager: Localized hdfs://localhost:9000/project2/task2/runs_true_k/k5_r30_opt_centers/centers_iter_5.csv as file:/tmp/hadoop-ds503/mapred/local/1772421316648/centers_iter_5.csv
26/03/02 03:15:16 INFO mapreduce.Job: The url to track the job: http://localhost:8080/
26/03/02 03:15:16 INFO mapreduce.Job: Running job: job_local1266750042_0006
26/03/02 03:15:16 INFO mapred.LocalJobRunner: OutputCommitter set in config null
26/03/02 03:15:16 INFO output.FileOutputCommitter: File Output Committer Algorithm version is 1
26/03/02 03:15:16 INFO mapred.LocalJobRunner: OutputCommitter is org.apache.hadoop.mapreduce.lib.output.FileOutputCommitter
26/03/02 03:15:16 INFO mapred.LocalJobRunner: Waiting for map tasks
26/03/02 03:15:16 INFO mapred.LocalJobRunner: Starting task: attempt_local1266750042_0006_m_000000_0
26/03/02 03:15:16 INFO output.FileOutputCommitter: File Output Committer Algorithm version is 1
26/03/02 03:15:16 INFO mapred.Task:  Using ResourceCalculatorProcessTree : [ ]
26/03/02 03:15:16 INFO mapred.MapTask: Processing split: hdfs://localhost:9000/project2/task2/input/points_4d.csv:0+733758
26/03/02 03:15:16 INFO mapred.MapTask: (EQUATOR) 0 kvi 26214396(104857584)
26/03/02 03:15:16 INFO mapred.MapTask: mapreduce.task.io.sort.mb: 100
26/03/02 03:15:16 INFO mapred.MapTask: soft limit at 83886080
26/03/02 03:15:16 INFO mapred.MapTask: bufstart = 0; bufvoid = 104857600
26/03/02 03:15:16 INFO mapred.MapTask: kvstart = 26214396; length = 6553600
26/03/02 03:15:16 INFO mapred.MapTask: Map output collector class = org.apache.hadoop.mapred.MapTask$MapOutputBuffer
26/03/02 03:15:16 INFO mapred.LocalJobRunner: 
26/03/02 03:15:16 INFO mapred.MapTask: Starting flush of map output
26/03/02 03:15:16 INFO mapred.MapTask: Spilling map output
26/03/02 03:15:16 INFO mapred.MapTask: bufstart = 0; bufend = 520000; bufvoid = 104857600
26/03/02 03:15:16 INFO mapred.MapTask: kvstart = 26214396(104857584); kvend = 26174400(104697600); length = 39997/6553600
26/03/02 03:15:16 INFO mapred.MapTask: Finished spill 0
26/03/02 03:15:16 INFO mapred.Task: Task:attempt_local1266750042_0006_m_000000_0 is done. And is in the process of committing
26/03/02 03:15:16 INFO mapred.LocalJobRunner: map
26/03/02 03:15:16 INFO mapred.Task: Task 'attempt_local1266750042_0006_m_000000_0' done.
26/03/02 03:15:16 INFO mapred.Task: Final Counters for attempt_local1266750042_0006_m_000000_0: Counters: 23
	File System Counters
		FILE: Number of bytes read=874144
		FILE: Number of bytes written=2649174
		FILE: Number of read operations=0
		FILE: Number of large read operations=0
		FILE: Number of write operations=0
		HDFS: Number of bytes read=4414397
		HDFS: Number of bytes written=4792
		HDFS: Number of read operations=301
		HDFS: Number of large read operations=0
		HDFS: Number of write operations=96
	Map-Reduce Framework
		Map input records=10000
		Map output records=10000
		Map output bytes=520000
		Map output materialized bytes=294
		Input split bytes=121
		Combine input records=10000
		Combine output records=5
		Spilled Records=5
		Failed Shuffles=0
		Merged Map outputs=0
		GC time elapsed (ms)=2
		Total committed heap usage (bytes)=526909440
	File Input Format Counters 
		Bytes Read=733758
26/03/02 03:15:16 INFO mapred.LocalJobRunner: Finishing task: attempt_local1266750042_0006_m_000000_0
26/03/02 03:15:16 INFO mapred.LocalJobRunner: map task executor complete.
26/03/02 03:15:16 INFO mapred.LocalJobRunner: Waiting for reduce tasks
26/03/02 03:15:16 INFO mapred.LocalJobRunner: Starting task: attempt_local1266750042_0006_r_000000_0
26/03/02 03:15:16 INFO output.FileOutputCommitter: File Output Committer Algorithm version is 1
26/03/02 03:15:16 INFO mapred.Task:  Using ResourceCalculatorProcessTree : [ ]
26/03/02 03:15:16 INFO mapred.ReduceTask: Using ShuffleConsumerPlugin: org.apache.hadoop.mapreduce.task.reduce.Shuffle@3eb4772b
26/03/02 03:15:16 INFO reduce.MergeManagerImpl: MergerManager: memoryLimit=368836608, maxSingleShuffleLimit=92209152, mergeThreshold=243432176, ioSortFactor=10, memToMemMergeOutputsThreshold=10
26/03/02 03:15:16 INFO reduce.EventFetcher: attempt_local1266750042_0006_r_000000_0 Thread started: EventFetcher for fetching Map Completion Events
26/03/02 03:15:16 INFO reduce.LocalFetcher: localfetcher#21 about to shuffle output of map attempt_local1266750042_0006_m_000000_0 decomp: 110 len: 114 to MEMORY
26/03/02 03:15:16 INFO reduce.InMemoryMapOutput: Read 110 bytes from map-output for attempt_local1266750042_0006_m_000000_0
26/03/02 03:15:16 INFO reduce.MergeManagerImpl: closeInMemoryFile -> map-output of size: 110, inMemoryMapOutputs.size() -> 1, commitMemory -> 0, usedMemory ->110
26/03/02 03:15:16 WARN io.ReadaheadPool: Failed readahead on ifile
EBADF: Bad file descriptor
	at org.apache.hadoop.io.nativeio.NativeIO$POSIX.posix_fadvise(Native Method)
	at org.apache.hadoop.io.nativeio.NativeIO$POSIX.posixFadviseIfPossible(NativeIO.java:267)
	at org.apache.hadoop.io.nativeio.NativeIO$POSIX$CacheManipulator.posixFadviseIfPossible(NativeIO.java:146)
	at org.apache.hadoop.io.ReadaheadPool$ReadaheadRequestImpl.run(ReadaheadPool.java:206)
	at java.util.concurrent.ThreadPoolExecutor.runWorker(ThreadPoolExecutor.java:1149)
	at java.util.concurrent.ThreadPoolExecutor$Worker.run(ThreadPoolExecutor.java:624)
	at java.lang.Thread.run(Thread.java:748)
26/03/02 03:15:16 INFO reduce.EventFetcher: EventFetcher is interrupted.. Returning
26/03/02 03:15:16 INFO mapred.LocalJobRunner: 1 / 1 copied.
26/03/02 03:15:16 INFO reduce.MergeManagerImpl: finalMerge called with 1 in-memory map-outputs and 0 on-disk map-outputs
26/03/02 03:15:16 INFO mapred.Merger: Merging 1 sorted segments
26/03/02 03:15:16 INFO mapred.Merger: Down to the last merge-pass, with 1 segments left of total size: 104 bytes
26/03/02 03:15:16 INFO reduce.MergeManagerImpl: Merged 1 segments, 110 bytes to disk to satisfy reduce memory limit
26/03/02 03:15:16 INFO reduce.MergeManagerImpl: Merging 1 files, 114 bytes from disk
26/03/02 03:15:16 INFO reduce.MergeManagerImpl: Merging 0 segments, 0 bytes from memory into reduce
26/03/02 03:15:16 INFO mapred.Merger: Merging 1 sorted segments
26/03/02 03:15:16 INFO mapred.Merger: Down to the last merge-pass, with 1 segments left of total size: 104 bytes
26/03/02 03:15:16 INFO mapred.LocalJobRunner: 1 / 1 copied.
26/03/02 03:15:16 INFO mapred.Task: Task:attempt_local1266750042_0006_r_000000_0 is done. And is in the process of committing
26/03/02 03:15:16 INFO mapred.LocalJobRunner: 1 / 1 copied.
26/03/02 03:15:16 INFO mapred.Task: Task attempt_local1266750042_0006_r_000000_0 is allowed to commit now
26/03/02 03:15:16 INFO output.FileOutputCommitter: Saved output of task 'attempt_local1266750042_0006_r_000000_0' to hdfs://localhost:9000/project2/task2/runs_true_k/k5_r30_opt_centers/iter_6/_temporary/0/task_local1266750042_0006_r_000000
26/03/02 03:15:16 INFO mapred.LocalJobRunner: reduce > reduce
26/03/02 03:15:16 INFO mapred.Task: Task 'attempt_local1266750042_0006_r_000000_0' done.
26/03/02 03:15:16 INFO mapred.Task: Final Counters for attempt_local1266750042_0006_r_000000_0: Counters: 29
	File System Counters
		FILE: Number of bytes read=874656
		FILE: Number of bytes written=2649288
		FILE: Number of read operations=0
		FILE: Number of large read operations=0
		FILE: Number of write operations=0
		HDFS: Number of bytes read=4414397
		HDFS: Number of bytes written=4998
		HDFS: Number of read operations=304
		HDFS: Number of large read operations=0
		HDFS: Number of write operations=98
	Map-Reduce Framework
		Combine input records=0
		Combine output records=0
		Reduce input groups=2
		Reduce shuffle bytes=114
		Reduce input records=2
		Reduce output records=2
		Spilled Records=2
		Shuffled Maps =1
		Failed Shuffles=0
		Merged Map outputs=1
		GC time elapsed (ms)=0
		Total committed heap usage (bytes)=526909440
	Shuffle Errors
		BAD_ID=0
		CONNECTION=0
		IO_ERROR=0
		WRONG_LENGTH=0
		WRONG_MAP=0
		WRONG_REDUCE=0
	File Output Format Counters 
		Bytes Written=206
26/03/02 03:15:16 INFO mapred.LocalJobRunner: Finishing task: attempt_local1266750042_0006_r_000000_0
26/03/02 03:15:16 INFO mapred.LocalJobRunner: Starting task: attempt_local1266750042_0006_r_000001_0
26/03/02 03:15:16 INFO output.FileOutputCommitter: File Output Committer Algorithm version is 1
26/03/02 03:15:16 INFO mapred.Task:  Using ResourceCalculatorProcessTree : [ ]
26/03/02 03:15:16 INFO mapred.ReduceTask: Using ShuffleConsumerPlugin: org.apache.hadoop.mapreduce.task.reduce.Shuffle@6c5eb89b
26/03/02 03:15:16 INFO reduce.MergeManagerImpl: MergerManager: memoryLimit=368836608, maxSingleShuffleLimit=92209152, mergeThreshold=243432176, ioSortFactor=10, memToMemMergeOutputsThreshold=10
26/03/02 03:15:16 INFO reduce.EventFetcher: attempt_local1266750042_0006_r_000001_0 Thread started: EventFetcher for fetching Map Completion Events
26/03/02 03:15:16 INFO reduce.LocalFetcher: localfetcher#22 about to shuffle output of map attempt_local1266750042_0006_m_000000_0 decomp: 56 len: 60 to MEMORY
26/03/02 03:15:16 INFO reduce.InMemoryMapOutput: Read 56 bytes from map-output for attempt_local1266750042_0006_m_000000_0
26/03/02 03:15:16 INFO reduce.MergeManagerImpl: closeInMemoryFile -> map-output of size: 56, inMemoryMapOutputs.size() -> 1, commitMemory -> 0, usedMemory ->56
26/03/02 03:15:16 INFO reduce.EventFetcher: EventFetcher is interrupted.. Returning
26/03/02 03:15:16 INFO mapred.LocalJobRunner: 1 / 1 copied.
26/03/02 03:15:16 INFO reduce.MergeManagerImpl: finalMerge called with 1 in-memory map-outputs and 0 on-disk map-outputs
26/03/02 03:15:16 INFO mapred.Merger: Merging 1 sorted segments
26/03/02 03:15:16 INFO mapred.Merger: Down to the last merge-pass, with 1 segments left of total size: 50 bytes
26/03/02 03:15:16 INFO reduce.MergeManagerImpl: Merged 1 segments, 56 bytes to disk to satisfy reduce memory limit
26/03/02 03:15:16 INFO reduce.MergeManagerImpl: Merging 1 files, 60 bytes from disk
26/03/02 03:15:16 INFO reduce.MergeManagerImpl: Merging 0 segments, 0 bytes from memory into reduce
26/03/02 03:15:16 INFO mapred.Merger: Merging 1 sorted segments
26/03/02 03:15:16 INFO mapred.Merger: Down to the last merge-pass, with 1 segments left of total size: 50 bytes
26/03/02 03:15:16 INFO mapred.LocalJobRunner: 1 / 1 copied.
26/03/02 03:15:16 INFO mapred.Task: Task:attempt_local1266750042_0006_r_000001_0 is done. And is in the process of committing
26/03/02 03:15:16 INFO mapred.LocalJobRunner: 1 / 1 copied.
26/03/02 03:15:16 INFO mapred.Task: Task attempt_local1266750042_0006_r_000001_0 is allowed to commit now
26/03/02 03:15:16 INFO output.FileOutputCommitter: Saved output of task 'attempt_local1266750042_0006_r_000001_0' to hdfs://localhost:9000/project2/task2/runs_true_k/k5_r30_opt_centers/iter_6/_temporary/0/task_local1266750042_0006_r_000001
26/03/02 03:15:16 INFO mapred.LocalJobRunner: reduce > reduce
26/03/02 03:15:16 INFO mapred.Task: Task 'attempt_local1266750042_0006_r_000001_0' done.
26/03/02 03:15:16 INFO mapred.Task: Final Counters for attempt_local1266750042_0006_r_000001_0: Counters: 29
	File System Counters
		FILE: Number of bytes read=875000
		FILE: Number of bytes written=2649348
		FILE: Number of read operations=0
		FILE: Number of large read operations=0
		FILE: Number of write operations=0
		HDFS: Number of bytes read=4414397
		HDFS: Number of bytes written=5102
		HDFS: Number of read operations=307
		HDFS: Number of large read operations=0
		HDFS: Number of write operations=100
	Map-Reduce Framework
		Combine input records=0
		Combine output records=0
		Reduce input groups=1
		Reduce shuffle bytes=60
		Reduce input records=1
		Reduce output records=1
		Spilled Records=1
		Shuffled Maps =1
		Failed Shuffles=0
		Merged Map outputs=1
		GC time elapsed (ms)=0
		Total committed heap usage (bytes)=526909440
	Shuffle Errors
		BAD_ID=0
		CONNECTION=0
		IO_ERROR=0
		WRONG_LENGTH=0
		WRONG_MAP=0
		WRONG_REDUCE=0
	File Output Format Counters 
		Bytes Written=104
26/03/02 03:15:16 INFO mapred.LocalJobRunner: Finishing task: attempt_local1266750042_0006_r_000001_0
26/03/02 03:15:16 INFO mapred.LocalJobRunner: Starting task: attempt_local1266750042_0006_r_000002_0
26/03/02 03:15:16 INFO output.FileOutputCommitter: File Output Committer Algorithm version is 1
26/03/02 03:15:16 INFO mapred.Task:  Using ResourceCalculatorProcessTree : [ ]
26/03/02 03:15:16 INFO mapred.ReduceTask: Using ShuffleConsumerPlugin: org.apache.hadoop.mapreduce.task.reduce.Shuffle@148fb6fa
26/03/02 03:15:16 INFO reduce.MergeManagerImpl: MergerManager: memoryLimit=368836608, maxSingleShuffleLimit=92209152, mergeThreshold=243432176, ioSortFactor=10, memToMemMergeOutputsThreshold=10
26/03/02 03:15:16 INFO reduce.EventFetcher: attempt_local1266750042_0006_r_000002_0 Thread started: EventFetcher for fetching Map Completion Events
26/03/02 03:15:16 INFO reduce.LocalFetcher: localfetcher#23 about to shuffle output of map attempt_local1266750042_0006_m_000000_0 decomp: 56 len: 60 to MEMORY
26/03/02 03:15:16 INFO reduce.InMemoryMapOutput: Read 56 bytes from map-output for attempt_local1266750042_0006_m_000000_0
26/03/02 03:15:16 INFO reduce.MergeManagerImpl: closeInMemoryFile -> map-output of size: 56, inMemoryMapOutputs.size() -> 1, commitMemory -> 0, usedMemory ->56
26/03/02 03:15:16 INFO reduce.EventFetcher: EventFetcher is interrupted.. Returning
26/03/02 03:15:16 INFO mapred.LocalJobRunner: 1 / 1 copied.
26/03/02 03:15:16 INFO reduce.MergeManagerImpl: finalMerge called with 1 in-memory map-outputs and 0 on-disk map-outputs
26/03/02 03:15:16 INFO mapred.Merger: Merging 1 sorted segments
26/03/02 03:15:16 INFO mapred.Merger: Down to the last merge-pass, with 1 segments left of total size: 50 bytes
26/03/02 03:15:16 INFO reduce.MergeManagerImpl: Merged 1 segments, 56 bytes to disk to satisfy reduce memory limit
26/03/02 03:15:16 INFO reduce.MergeManagerImpl: Merging 1 files, 60 bytes from disk
26/03/02 03:15:16 INFO reduce.MergeManagerImpl: Merging 0 segments, 0 bytes from memory into reduce
26/03/02 03:15:16 INFO mapred.Merger: Merging 1 sorted segments
26/03/02 03:15:16 INFO mapred.Merger: Down to the last merge-pass, with 1 segments left of total size: 50 bytes
26/03/02 03:15:16 INFO mapred.LocalJobRunner: 1 / 1 copied.
26/03/02 03:15:16 INFO mapred.Task: Task:attempt_local1266750042_0006_r_000002_0 is done. And is in the process of committing
26/03/02 03:15:16 INFO mapred.LocalJobRunner: 1 / 1 copied.
26/03/02 03:15:16 INFO mapred.Task: Task attempt_local1266750042_0006_r_000002_0 is allowed to commit now
26/03/02 03:15:16 INFO output.FileOutputCommitter: Saved output of task 'attempt_local1266750042_0006_r_000002_0' to hdfs://localhost:9000/project2/task2/runs_true_k/k5_r30_opt_centers/iter_6/_temporary/0/task_local1266750042_0006_r_000002
26/03/02 03:15:16 INFO mapred.LocalJobRunner: reduce > reduce
26/03/02 03:15:16 INFO mapred.Task: Task 'attempt_local1266750042_0006_r_000002_0' done.
26/03/02 03:15:16 INFO mapred.Task: Final Counters for attempt_local1266750042_0006_r_000002_0: Counters: 29
	File System Counters
		FILE: Number of bytes read=875284
		FILE: Number of bytes written=2649408
		FILE: Number of read operations=0
		FILE: Number of large read operations=0
		FILE: Number of write operations=0
		HDFS: Number of bytes read=4414397
		HDFS: Number of bytes written=5205
		HDFS: Number of read operations=310
		HDFS: Number of large read operations=0
		HDFS: Number of write operations=102
	Map-Reduce Framework
		Combine input records=0
		Combine output records=0
		Reduce input groups=1
		Reduce shuffle bytes=60
		Reduce input records=1
		Reduce output records=1
		Spilled Records=1
		Shuffled Maps =1
		Failed Shuffles=0
		Merged Map outputs=1
		GC time elapsed (ms)=0
		Total committed heap usage (bytes)=526909440
	Shuffle Errors
		BAD_ID=0
		CONNECTION=0
		IO_ERROR=0
		WRONG_LENGTH=0
		WRONG_MAP=0
		WRONG_REDUCE=0
	File Output Format Counters 
		Bytes Written=103
26/03/02 03:15:16 INFO mapred.LocalJobRunner: Finishing task: attempt_local1266750042_0006_r_000002_0
26/03/02 03:15:16 INFO mapred.LocalJobRunner: Starting task: attempt_local1266750042_0006_r_000003_0
26/03/02 03:15:16 INFO output.FileOutputCommitter: File Output Committer Algorithm version is 1
26/03/02 03:15:16 INFO mapred.Task:  Using ResourceCalculatorProcessTree : [ ]
26/03/02 03:15:16 INFO mapred.ReduceTask: Using ShuffleConsumerPlugin: org.apache.hadoop.mapreduce.task.reduce.Shuffle@862832e
26/03/02 03:15:16 INFO reduce.MergeManagerImpl: MergerManager: memoryLimit=368836608, maxSingleShuffleLimit=92209152, mergeThreshold=243432176, ioSortFactor=10, memToMemMergeOutputsThreshold=10
26/03/02 03:15:16 INFO reduce.EventFetcher: attempt_local1266750042_0006_r_000003_0 Thread started: EventFetcher for fetching Map Completion Events
26/03/02 03:15:16 INFO reduce.LocalFetcher: localfetcher#24 about to shuffle output of map attempt_local1266750042_0006_m_000000_0 decomp: 56 len: 60 to MEMORY
26/03/02 03:15:16 INFO reduce.InMemoryMapOutput: Read 56 bytes from map-output for attempt_local1266750042_0006_m_000000_0
26/03/02 03:15:16 INFO reduce.MergeManagerImpl: closeInMemoryFile -> map-output of size: 56, inMemoryMapOutputs.size() -> 1, commitMemory -> 0, usedMemory ->56
26/03/02 03:15:16 INFO reduce.EventFetcher: EventFetcher is interrupted.. Returning
26/03/02 03:15:16 INFO mapred.LocalJobRunner: 1 / 1 copied.
26/03/02 03:15:16 INFO reduce.MergeManagerImpl: finalMerge called with 1 in-memory map-outputs and 0 on-disk map-outputs
26/03/02 03:15:16 INFO mapred.Merger: Merging 1 sorted segments
26/03/02 03:15:16 INFO mapred.Merger: Down to the last merge-pass, with 1 segments left of total size: 50 bytes
26/03/02 03:15:16 INFO reduce.MergeManagerImpl: Merged 1 segments, 56 bytes to disk to satisfy reduce memory limit
26/03/02 03:15:16 INFO reduce.MergeManagerImpl: Merging 1 files, 60 bytes from disk
26/03/02 03:15:16 INFO reduce.MergeManagerImpl: Merging 0 segments, 0 bytes from memory into reduce
26/03/02 03:15:16 INFO mapred.Merger: Merging 1 sorted segments
26/03/02 03:15:16 INFO mapred.Merger: Down to the last merge-pass, with 1 segments left of total size: 50 bytes
26/03/02 03:15:16 INFO mapred.LocalJobRunner: 1 / 1 copied.
26/03/02 03:15:16 INFO mapred.Task: Task:attempt_local1266750042_0006_r_000003_0 is done. And is in the process of committing
26/03/02 03:15:16 INFO mapred.LocalJobRunner: 1 / 1 copied.
26/03/02 03:15:16 INFO mapred.Task: Task attempt_local1266750042_0006_r_000003_0 is allowed to commit now
26/03/02 03:15:16 INFO output.FileOutputCommitter: Saved output of task 'attempt_local1266750042_0006_r_000003_0' to hdfs://localhost:9000/project2/task2/runs_true_k/k5_r30_opt_centers/iter_6/_temporary/0/task_local1266750042_0006_r_000003
26/03/02 03:15:16 INFO mapred.LocalJobRunner: reduce > reduce
26/03/02 03:15:16 INFO mapred.Task: Task 'attempt_local1266750042_0006_r_000003_0' done.
26/03/02 03:15:16 INFO mapred.Task: Final Counters for attempt_local1266750042_0006_r_000003_0: Counters: 29
	File System Counters
		FILE: Number of bytes read=875508
		FILE: Number of bytes written=2649468
		FILE: Number of read operations=0
		FILE: Number of large read operations=0
		FILE: Number of write operations=0
		HDFS: Number of bytes read=4414397
		HDFS: Number of bytes written=5307
		HDFS: Number of read operations=313
		HDFS: Number of large read operations=0
		HDFS: Number of write operations=104
	Map-Reduce Framework
		Combine input records=0
		Combine output records=0
		Reduce input groups=1
		Reduce shuffle bytes=60
		Reduce input records=1
		Reduce output records=1
		Spilled Records=1
		Shuffled Maps =1
		Failed Shuffles=0
		Merged Map outputs=1
		GC time elapsed (ms)=0
		Total committed heap usage (bytes)=526909440
	Shuffle Errors
		BAD_ID=0
		CONNECTION=0
		IO_ERROR=0
		WRONG_LENGTH=0
		WRONG_MAP=0
		WRONG_REDUCE=0
	File Output Format Counters 
		Bytes Written=102
26/03/02 03:15:16 INFO mapred.LocalJobRunner: Finishing task: attempt_local1266750042_0006_r_000003_0
26/03/02 03:15:16 INFO mapred.LocalJobRunner: reduce task executor complete.
26/03/02 03:15:17 INFO mapreduce.Job: Job job_local1266750042_0006 running in uber mode : false
26/03/02 03:15:17 INFO mapreduce.Job:  map 100% reduce 100%
26/03/02 03:15:17 INFO mapreduce.Job: Job job_local1266750042_0006 completed successfully
26/03/02 03:15:17 INFO mapreduce.Job: Counters: 35
	File System Counters
		FILE: Number of bytes read=4374592
		FILE: Number of bytes written=13246686
		FILE: Number of read operations=0
		FILE: Number of large read operations=0
		FILE: Number of write operations=0
		HDFS: Number of bytes read=22071985
		HDFS: Number of bytes written=25404
		HDFS: Number of read operations=1535
		HDFS: Number of large read operations=0
		HDFS: Number of write operations=500
	Map-Reduce Framework
		Map input records=10000
		Map output records=10000
		Map output bytes=520000
		Map output materialized bytes=294
		Input split bytes=121
		Combine input records=10000
		Combine output records=5
		Reduce input groups=5
		Reduce shuffle bytes=294
		Reduce input records=5
		Reduce output records=5
		Spilled Records=10
		Shuffled Maps =4
		Failed Shuffles=0
		Merged Map outputs=4
		GC time elapsed (ms)=2
		Total committed heap usage (bytes)=2634547200
	Shuffle Errors
		BAD_ID=0
		CONNECTION=0
		IO_ERROR=0
		WRONG_LENGTH=0
		WRONG_MAP=0
		WRONG_REDUCE=0
	File Input Format Counters 
		Bytes Read=733758
	File Output Format Counters 
		Bytes Written=515
26/03/02 03:15:17 INFO jvm.JvmMetrics: Cannot initialize JVM Metrics with processName=JobTracker, sessionId= - already initialized
26/03/02 03:15:17 WARN mapreduce.JobResourceUploader: Hadoop command-line option parsing not performed. Implement the Tool interface and execute your application with ToolRunner to remedy this.
26/03/02 03:15:17 INFO input.FileInputFormat: Total input paths to process : 1
26/03/02 03:15:17 INFO mapreduce.JobSubmitter: number of splits:1
26/03/02 03:15:17 INFO mapreduce.JobSubmitter: Submitting tokens for job: job_local22832925_0007
26/03/02 03:15:17 INFO mapred.LocalDistributedCacheManager: Creating symlink: /tmp/hadoop-ds503/mapred/local/1772421317747/centers_iter_6.csv <- /home/ds503/centers_iter_6.csv
26/03/02 03:15:17 INFO mapred.LocalDistributedCacheManager: Localized hdfs://localhost:9000/project2/task2/runs_true_k/k5_r30_opt_centers/centers_iter_6.csv as file:/tmp/hadoop-ds503/mapred/local/1772421317747/centers_iter_6.csv
26/03/02 03:15:17 INFO mapreduce.Job: The url to track the job: http://localhost:8080/
26/03/02 03:15:17 INFO mapreduce.Job: Running job: job_local22832925_0007
26/03/02 03:15:17 INFO mapred.LocalJobRunner: OutputCommitter set in config null
26/03/02 03:15:17 INFO output.FileOutputCommitter: File Output Committer Algorithm version is 1
26/03/02 03:15:17 INFO mapred.LocalJobRunner: OutputCommitter is org.apache.hadoop.mapreduce.lib.output.FileOutputCommitter
26/03/02 03:15:17 INFO mapred.LocalJobRunner: Waiting for map tasks
26/03/02 03:15:17 INFO mapred.LocalJobRunner: Starting task: attempt_local22832925_0007_m_000000_0
26/03/02 03:15:17 INFO output.FileOutputCommitter: File Output Committer Algorithm version is 1
26/03/02 03:15:17 INFO mapred.Task:  Using ResourceCalculatorProcessTree : [ ]
26/03/02 03:15:17 INFO mapred.MapTask: Processing split: hdfs://localhost:9000/project2/task2/input/points_4d.csv:0+733758
26/03/02 03:15:17 INFO mapred.MapTask: (EQUATOR) 0 kvi 26214396(104857584)
26/03/02 03:15:17 INFO mapred.MapTask: mapreduce.task.io.sort.mb: 100
26/03/02 03:15:17 INFO mapred.MapTask: soft limit at 83886080
26/03/02 03:15:17 INFO mapred.MapTask: bufstart = 0; bufvoid = 104857600
26/03/02 03:15:17 INFO mapred.MapTask: kvstart = 26214396; length = 6553600
26/03/02 03:15:17 INFO mapred.MapTask: Map output collector class = org.apache.hadoop.mapred.MapTask$MapOutputBuffer
26/03/02 03:15:17 INFO mapred.LocalJobRunner: 
26/03/02 03:15:17 INFO mapred.MapTask: Starting flush of map output
26/03/02 03:15:17 INFO mapred.MapTask: Spilling map output
26/03/02 03:15:17 INFO mapred.MapTask: bufstart = 0; bufend = 520000; bufvoid = 104857600
26/03/02 03:15:17 INFO mapred.MapTask: kvstart = 26214396(104857584); kvend = 26174400(104697600); length = 39997/6553600
26/03/02 03:15:17 INFO mapred.MapTask: Finished spill 0
26/03/02 03:15:17 INFO mapred.Task: Task:attempt_local22832925_0007_m_000000_0 is done. And is in the process of committing
26/03/02 03:15:17 INFO mapred.LocalJobRunner: map
26/03/02 03:15:17 INFO mapred.Task: Task 'attempt_local22832925_0007_m_000000_0' done.
26/03/02 03:15:17 INFO mapred.Task: Final Counters for attempt_local22832925_0007_m_000000_0: Counters: 23
	File System Counters
		FILE: Number of bytes read=1020062
		FILE: Number of bytes written=3088374
		FILE: Number of read operations=0
		FILE: Number of large read operations=0
		FILE: Number of write operations=0
		HDFS: Number of bytes read=5150321
		HDFS: Number of bytes written=5688
		HDFS: Number of read operations=357
		HDFS: Number of large read operations=0
		HDFS: Number of write operations=114
	Map-Reduce Framework
		Map input records=10000
		Map output records=10000
		Map output bytes=520000
		Map output materialized bytes=294
		Input split bytes=121
		Combine input records=10000
		Combine output records=5
		Spilled Records=5
		Failed Shuffles=0
		Merged Map outputs=0
		GC time elapsed (ms)=0
		Total committed heap usage (bytes)=517996544
	File Input Format Counters 
		Bytes Read=733758
26/03/02 03:15:17 INFO mapred.LocalJobRunner: Finishing task: attempt_local22832925_0007_m_000000_0
26/03/02 03:15:17 INFO mapred.LocalJobRunner: map task executor complete.
26/03/02 03:15:17 INFO mapred.LocalJobRunner: Waiting for reduce tasks
26/03/02 03:15:17 INFO mapred.LocalJobRunner: Starting task: attempt_local22832925_0007_r_000000_0
26/03/02 03:15:17 INFO output.FileOutputCommitter: File Output Committer Algorithm version is 1
26/03/02 03:15:17 INFO mapred.Task:  Using ResourceCalculatorProcessTree : [ ]
26/03/02 03:15:17 INFO mapred.ReduceTask: Using ShuffleConsumerPlugin: org.apache.hadoop.mapreduce.task.reduce.Shuffle@80d9bf1
26/03/02 03:15:17 INFO reduce.MergeManagerImpl: MergerManager: memoryLimit=362597568, maxSingleShuffleLimit=90649392, mergeThreshold=239314400, ioSortFactor=10, memToMemMergeOutputsThreshold=10
26/03/02 03:15:17 INFO reduce.EventFetcher: attempt_local22832925_0007_r_000000_0 Thread started: EventFetcher for fetching Map Completion Events
26/03/02 03:15:17 INFO reduce.LocalFetcher: localfetcher#25 about to shuffle output of map attempt_local22832925_0007_m_000000_0 decomp: 110 len: 114 to MEMORY
26/03/02 03:15:17 INFO reduce.InMemoryMapOutput: Read 110 bytes from map-output for attempt_local22832925_0007_m_000000_0
26/03/02 03:15:17 INFO reduce.MergeManagerImpl: closeInMemoryFile -> map-output of size: 110, inMemoryMapOutputs.size() -> 1, commitMemory -> 0, usedMemory ->110
26/03/02 03:15:17 INFO reduce.EventFetcher: EventFetcher is interrupted.. Returning
26/03/02 03:15:17 INFO mapred.LocalJobRunner: 1 / 1 copied.
26/03/02 03:15:17 INFO reduce.MergeManagerImpl: finalMerge called with 1 in-memory map-outputs and 0 on-disk map-outputs
26/03/02 03:15:17 INFO mapred.Merger: Merging 1 sorted segments
26/03/02 03:15:17 INFO mapred.Merger: Down to the last merge-pass, with 1 segments left of total size: 104 bytes
26/03/02 03:15:17 INFO reduce.MergeManagerImpl: Merged 1 segments, 110 bytes to disk to satisfy reduce memory limit
26/03/02 03:15:17 INFO reduce.MergeManagerImpl: Merging 1 files, 114 bytes from disk
26/03/02 03:15:17 INFO reduce.MergeManagerImpl: Merging 0 segments, 0 bytes from memory into reduce
26/03/02 03:15:17 INFO mapred.Merger: Merging 1 sorted segments
26/03/02 03:15:17 INFO mapred.Merger: Down to the last merge-pass, with 1 segments left of total size: 104 bytes
26/03/02 03:15:17 INFO mapred.LocalJobRunner: 1 / 1 copied.
26/03/02 03:15:17 INFO mapred.Task: Task:attempt_local22832925_0007_r_000000_0 is done. And is in the process of committing
26/03/02 03:15:17 INFO mapred.LocalJobRunner: 1 / 1 copied.
26/03/02 03:15:17 INFO mapred.Task: Task attempt_local22832925_0007_r_000000_0 is allowed to commit now
26/03/02 03:15:17 INFO output.FileOutputCommitter: Saved output of task 'attempt_local22832925_0007_r_000000_0' to hdfs://localhost:9000/project2/task2/runs_true_k/k5_r30_opt_centers/iter_7/_temporary/0/task_local22832925_0007_r_000000
26/03/02 03:15:17 INFO mapred.LocalJobRunner: reduce > reduce
26/03/02 03:15:17 INFO mapred.Task: Task 'attempt_local22832925_0007_r_000000_0' done.
26/03/02 03:15:17 INFO mapred.Task: Final Counters for attempt_local22832925_0007_r_000000_0: Counters: 29
	File System Counters
		FILE: Number of bytes read=1020574
		FILE: Number of bytes written=3088488
		FILE: Number of read operations=0
		FILE: Number of large read operations=0
		FILE: Number of write operations=0
		HDFS: Number of bytes read=5150321
		HDFS: Number of bytes written=5891
		HDFS: Number of read operations=360
		HDFS: Number of large read operations=0
		HDFS: Number of write operations=116
	Map-Reduce Framework
		Combine input records=0
		Combine output records=0
		Reduce input groups=2
		Reduce shuffle bytes=114
		Reduce input records=2
		Reduce output records=2
		Spilled Records=2
		Shuffled Maps =1
		Failed Shuffles=0
		Merged Map outputs=1
		GC time elapsed (ms)=0
		Total committed heap usage (bytes)=517996544
	Shuffle Errors
		BAD_ID=0
		CONNECTION=0
		IO_ERROR=0
		WRONG_LENGTH=0
		WRONG_MAP=0
		WRONG_REDUCE=0
	File Output Format Counters 
		Bytes Written=203
26/03/02 03:15:17 INFO mapred.LocalJobRunner: Finishing task: attempt_local22832925_0007_r_000000_0
26/03/02 03:15:17 INFO mapred.LocalJobRunner: Starting task: attempt_local22832925_0007_r_000001_0
26/03/02 03:15:17 INFO output.FileOutputCommitter: File Output Committer Algorithm version is 1
26/03/02 03:15:17 INFO mapred.Task:  Using ResourceCalculatorProcessTree : [ ]
26/03/02 03:15:17 INFO mapred.ReduceTask: Using ShuffleConsumerPlugin: org.apache.hadoop.mapreduce.task.reduce.Shuffle@2341b7a7
26/03/02 03:15:17 INFO reduce.MergeManagerImpl: MergerManager: memoryLimit=362597568, maxSingleShuffleLimit=90649392, mergeThreshold=239314400, ioSortFactor=10, memToMemMergeOutputsThreshold=10
26/03/02 03:15:17 INFO reduce.EventFetcher: attempt_local22832925_0007_r_000001_0 Thread started: EventFetcher for fetching Map Completion Events
26/03/02 03:15:17 INFO reduce.LocalFetcher: localfetcher#26 about to shuffle output of map attempt_local22832925_0007_m_000000_0 decomp: 56 len: 60 to MEMORY
26/03/02 03:15:17 INFO reduce.InMemoryMapOutput: Read 56 bytes from map-output for attempt_local22832925_0007_m_000000_0
26/03/02 03:15:17 INFO reduce.MergeManagerImpl: closeInMemoryFile -> map-output of size: 56, inMemoryMapOutputs.size() -> 1, commitMemory -> 0, usedMemory ->56
26/03/02 03:15:17 WARN io.ReadaheadPool: Failed readahead on ifile
EBADF: Bad file descriptor
	at org.apache.hadoop.io.nativeio.NativeIO$POSIX.posix_fadvise(Native Method)
	at org.apache.hadoop.io.nativeio.NativeIO$POSIX.posixFadviseIfPossible(NativeIO.java:267)
	at org.apache.hadoop.io.nativeio.NativeIO$POSIX$CacheManipulator.posixFadviseIfPossible(NativeIO.java:146)
	at org.apache.hadoop.io.ReadaheadPool$ReadaheadRequestImpl.run(ReadaheadPool.java:206)
	at java.util.concurrent.ThreadPoolExecutor.runWorker(ThreadPoolExecutor.java:1149)
	at java.util.concurrent.ThreadPoolExecutor$Worker.run(ThreadPoolExecutor.java:624)
	at java.lang.Thread.run(Thread.java:748)
26/03/02 03:15:17 INFO reduce.EventFetcher: EventFetcher is interrupted.. Returning
26/03/02 03:15:17 INFO mapred.LocalJobRunner: 1 / 1 copied.
26/03/02 03:15:17 INFO reduce.MergeManagerImpl: finalMerge called with 1 in-memory map-outputs and 0 on-disk map-outputs
26/03/02 03:15:17 INFO mapred.Merger: Merging 1 sorted segments
26/03/02 03:15:17 INFO mapred.Merger: Down to the last merge-pass, with 1 segments left of total size: 50 bytes
26/03/02 03:15:17 INFO reduce.MergeManagerImpl: Merged 1 segments, 56 bytes to disk to satisfy reduce memory limit
26/03/02 03:15:17 INFO reduce.MergeManagerImpl: Merging 1 files, 60 bytes from disk
26/03/02 03:15:17 INFO reduce.MergeManagerImpl: Merging 0 segments, 0 bytes from memory into reduce
26/03/02 03:15:17 INFO mapred.Merger: Merging 1 sorted segments
26/03/02 03:15:17 INFO mapred.Merger: Down to the last merge-pass, with 1 segments left of total size: 50 bytes
26/03/02 03:15:17 INFO mapred.LocalJobRunner: 1 / 1 copied.
26/03/02 03:15:17 INFO mapred.Task: Task:attempt_local22832925_0007_r_000001_0 is done. And is in the process of committing
26/03/02 03:15:17 INFO mapred.LocalJobRunner: 1 / 1 copied.
26/03/02 03:15:17 INFO mapred.Task: Task attempt_local22832925_0007_r_000001_0 is allowed to commit now
26/03/02 03:15:17 INFO output.FileOutputCommitter: Saved output of task 'attempt_local22832925_0007_r_000001_0' to hdfs://localhost:9000/project2/task2/runs_true_k/k5_r30_opt_centers/iter_7/_temporary/0/task_local22832925_0007_r_000001
26/03/02 03:15:17 INFO mapred.LocalJobRunner: reduce > reduce
26/03/02 03:15:17 INFO mapred.Task: Task 'attempt_local22832925_0007_r_000001_0' done.
26/03/02 03:15:17 INFO mapred.Task: Final Counters for attempt_local22832925_0007_r_000001_0: Counters: 29
	File System Counters
		FILE: Number of bytes read=1020918
		FILE: Number of bytes written=3088548
		FILE: Number of read operations=0
		FILE: Number of large read operations=0
		FILE: Number of write operations=0
		HDFS: Number of bytes read=5150321
		HDFS: Number of bytes written=5994
		HDFS: Number of read operations=363
		HDFS: Number of large read operations=0
		HDFS: Number of write operations=118
	Map-Reduce Framework
		Combine input records=0
		Combine output records=0
		Reduce input groups=1
		Reduce shuffle bytes=60
		Reduce input records=1
		Reduce output records=1
		Spilled Records=1
		Shuffled Maps =1
		Failed Shuffles=0
		Merged Map outputs=1
		GC time elapsed (ms)=2
		Total committed heap usage (bytes)=526385152
	Shuffle Errors
		BAD_ID=0
		CONNECTION=0
		IO_ERROR=0
		WRONG_LENGTH=0
		WRONG_MAP=0
		WRONG_REDUCE=0
	File Output Format Counters 
		Bytes Written=103
26/03/02 03:15:17 INFO mapred.LocalJobRunner: Finishing task: attempt_local22832925_0007_r_000001_0
26/03/02 03:15:17 INFO mapred.LocalJobRunner: Starting task: attempt_local22832925_0007_r_000002_0
26/03/02 03:15:17 INFO output.FileOutputCommitter: File Output Committer Algorithm version is 1
26/03/02 03:15:17 INFO mapred.Task:  Using ResourceCalculatorProcessTree : [ ]
26/03/02 03:15:17 INFO mapred.ReduceTask: Using ShuffleConsumerPlugin: org.apache.hadoop.mapreduce.task.reduce.Shuffle@5b26ae9d
26/03/02 03:15:17 INFO reduce.MergeManagerImpl: MergerManager: memoryLimit=368469600, maxSingleShuffleLimit=92117400, mergeThreshold=243189952, ioSortFactor=10, memToMemMergeOutputsThreshold=10
26/03/02 03:15:17 INFO reduce.EventFetcher: attempt_local22832925_0007_r_000002_0 Thread started: EventFetcher for fetching Map Completion Events
26/03/02 03:15:17 INFO reduce.LocalFetcher: localfetcher#27 about to shuffle output of map attempt_local22832925_0007_m_000000_0 decomp: 56 len: 60 to MEMORY
26/03/02 03:15:17 INFO reduce.InMemoryMapOutput: Read 56 bytes from map-output for attempt_local22832925_0007_m_000000_0
26/03/02 03:15:17 INFO reduce.MergeManagerImpl: closeInMemoryFile -> map-output of size: 56, inMemoryMapOutputs.size() -> 1, commitMemory -> 0, usedMemory ->56
26/03/02 03:15:17 WARN io.ReadaheadPool: Failed readahead on ifile
EBADF: Bad file descriptor
	at org.apache.hadoop.io.nativeio.NativeIO$POSIX.posix_fadvise(Native Method)
	at org.apache.hadoop.io.nativeio.NativeIO$POSIX.posixFadviseIfPossible(NativeIO.java:267)
	at org.apache.hadoop.io.nativeio.NativeIO$POSIX$CacheManipulator.posixFadviseIfPossible(NativeIO.java:146)
	at org.apache.hadoop.io.ReadaheadPool$ReadaheadRequestImpl.run(ReadaheadPool.java:206)
	at java.util.concurrent.ThreadPoolExecutor.runWorker(ThreadPoolExecutor.java:1149)
	at java.util.concurrent.ThreadPoolExecutor$Worker.run(ThreadPoolExecutor.java:624)
	at java.lang.Thread.run(Thread.java:748)
26/03/02 03:15:17 INFO reduce.EventFetcher: EventFetcher is interrupted.. Returning
26/03/02 03:15:17 INFO mapred.LocalJobRunner: 1 / 1 copied.
26/03/02 03:15:17 INFO reduce.MergeManagerImpl: finalMerge called with 1 in-memory map-outputs and 0 on-disk map-outputs
26/03/02 03:15:17 INFO mapred.Merger: Merging 1 sorted segments
26/03/02 03:15:17 INFO mapred.Merger: Down to the last merge-pass, with 1 segments left of total size: 50 bytes
26/03/02 03:15:17 INFO reduce.MergeManagerImpl: Merged 1 segments, 56 bytes to disk to satisfy reduce memory limit
26/03/02 03:15:17 INFO reduce.MergeManagerImpl: Merging 1 files, 60 bytes from disk
26/03/02 03:15:17 INFO reduce.MergeManagerImpl: Merging 0 segments, 0 bytes from memory into reduce
26/03/02 03:15:17 INFO mapred.Merger: Merging 1 sorted segments
26/03/02 03:15:17 INFO mapred.Merger: Down to the last merge-pass, with 1 segments left of total size: 50 bytes
26/03/02 03:15:17 INFO mapred.LocalJobRunner: 1 / 1 copied.
26/03/02 03:15:18 INFO mapred.Task: Task:attempt_local22832925_0007_r_000002_0 is done. And is in the process of committing
26/03/02 03:15:18 INFO mapred.LocalJobRunner: 1 / 1 copied.
26/03/02 03:15:18 INFO mapred.Task: Task attempt_local22832925_0007_r_000002_0 is allowed to commit now
26/03/02 03:15:18 INFO output.FileOutputCommitter: Saved output of task 'attempt_local22832925_0007_r_000002_0' to hdfs://localhost:9000/project2/task2/runs_true_k/k5_r30_opt_centers/iter_7/_temporary/0/task_local22832925_0007_r_000002
26/03/02 03:15:18 INFO mapred.LocalJobRunner: reduce > reduce
26/03/02 03:15:18 INFO mapred.Task: Task 'attempt_local22832925_0007_r_000002_0' done.
26/03/02 03:15:18 INFO mapred.Task: Final Counters for attempt_local22832925_0007_r_000002_0: Counters: 29
	File System Counters
		FILE: Number of bytes read=1021202
		FILE: Number of bytes written=3088608
		FILE: Number of read operations=0
		FILE: Number of large read operations=0
		FILE: Number of write operations=0
		HDFS: Number of bytes read=5150321
		HDFS: Number of bytes written=6094
		HDFS: Number of read operations=366
		HDFS: Number of large read operations=0
		HDFS: Number of write operations=120
	Map-Reduce Framework
		Combine input records=0
		Combine output records=0
		Reduce input groups=1
		Reduce shuffle bytes=60
		Reduce input records=1
		Reduce output records=1
		Spilled Records=1
		Shuffled Maps =1
		Failed Shuffles=0
		Merged Map outputs=1
		GC time elapsed (ms)=0
		Total committed heap usage (bytes)=526385152
	Shuffle Errors
		BAD_ID=0
		CONNECTION=0
		IO_ERROR=0
		WRONG_LENGTH=0
		WRONG_MAP=0
		WRONG_REDUCE=0
	File Output Format Counters 
		Bytes Written=100
26/03/02 03:15:18 INFO mapred.LocalJobRunner: Finishing task: attempt_local22832925_0007_r_000002_0
26/03/02 03:15:18 INFO mapred.LocalJobRunner: Starting task: attempt_local22832925_0007_r_000003_0
26/03/02 03:15:18 INFO output.FileOutputCommitter: File Output Committer Algorithm version is 1
26/03/02 03:15:18 INFO mapred.Task:  Using ResourceCalculatorProcessTree : [ ]
26/03/02 03:15:18 INFO mapred.ReduceTask: Using ShuffleConsumerPlugin: org.apache.hadoop.mapreduce.task.reduce.Shuffle@98ae627
26/03/02 03:15:18 INFO reduce.MergeManagerImpl: MergerManager: memoryLimit=368469600, maxSingleShuffleLimit=92117400, mergeThreshold=243189952, ioSortFactor=10, memToMemMergeOutputsThreshold=10
26/03/02 03:15:18 INFO reduce.EventFetcher: attempt_local22832925_0007_r_000003_0 Thread started: EventFetcher for fetching Map Completion Events
26/03/02 03:15:18 INFO reduce.LocalFetcher: localfetcher#28 about to shuffle output of map attempt_local22832925_0007_m_000000_0 decomp: 56 len: 60 to MEMORY
26/03/02 03:15:18 INFO reduce.InMemoryMapOutput: Read 56 bytes from map-output for attempt_local22832925_0007_m_000000_0
26/03/02 03:15:18 INFO reduce.MergeManagerImpl: closeInMemoryFile -> map-output of size: 56, inMemoryMapOutputs.size() -> 1, commitMemory -> 0, usedMemory ->56
26/03/02 03:15:18 INFO reduce.EventFetcher: EventFetcher is interrupted.. Returning
26/03/02 03:15:18 INFO mapred.LocalJobRunner: 1 / 1 copied.
26/03/02 03:15:18 INFO reduce.MergeManagerImpl: finalMerge called with 1 in-memory map-outputs and 0 on-disk map-outputs
26/03/02 03:15:18 INFO mapred.Merger: Merging 1 sorted segments
26/03/02 03:15:18 INFO mapred.Merger: Down to the last merge-pass, with 1 segments left of total size: 50 bytes
26/03/02 03:15:18 INFO reduce.MergeManagerImpl: Merged 1 segments, 56 bytes to disk to satisfy reduce memory limit
26/03/02 03:15:18 INFO reduce.MergeManagerImpl: Merging 1 files, 60 bytes from disk
26/03/02 03:15:18 INFO reduce.MergeManagerImpl: Merging 0 segments, 0 bytes from memory into reduce
26/03/02 03:15:18 INFO mapred.Merger: Merging 1 sorted segments
26/03/02 03:15:18 INFO mapred.Merger: Down to the last merge-pass, with 1 segments left of total size: 50 bytes
26/03/02 03:15:18 INFO mapred.LocalJobRunner: 1 / 1 copied.
26/03/02 03:15:18 INFO mapred.Task: Task:attempt_local22832925_0007_r_000003_0 is done. And is in the process of committing
26/03/02 03:15:18 INFO mapred.LocalJobRunner: 1 / 1 copied.
26/03/02 03:15:18 INFO mapred.Task: Task attempt_local22832925_0007_r_000003_0 is allowed to commit now
26/03/02 03:15:18 INFO output.FileOutputCommitter: Saved output of task 'attempt_local22832925_0007_r_000003_0' to hdfs://localhost:9000/project2/task2/runs_true_k/k5_r30_opt_centers/iter_7/_temporary/0/task_local22832925_0007_r_000003
26/03/02 03:15:18 INFO mapred.LocalJobRunner: reduce > reduce
26/03/02 03:15:18 INFO mapred.Task: Task 'attempt_local22832925_0007_r_000003_0' done.
26/03/02 03:15:18 INFO mapred.Task: Final Counters for attempt_local22832925_0007_r_000003_0: Counters: 29
	File System Counters
		FILE: Number of bytes read=1021426
		FILE: Number of bytes written=3088668
		FILE: Number of read operations=0
		FILE: Number of large read operations=0
		FILE: Number of write operations=0
		HDFS: Number of bytes read=5150321
		HDFS: Number of bytes written=6197
		HDFS: Number of read operations=369
		HDFS: Number of large read operations=0
		HDFS: Number of write operations=122
	Map-Reduce Framework
		Combine input records=0
		Combine output records=0
		Reduce input groups=1
		Reduce shuffle bytes=60
		Reduce input records=1
		Reduce output records=1
		Spilled Records=1
		Shuffled Maps =1
		Failed Shuffles=0
		Merged Map outputs=1
		GC time elapsed (ms)=0
		Total committed heap usage (bytes)=526385152
	Shuffle Errors
		BAD_ID=0
		CONNECTION=0
		IO_ERROR=0
		WRONG_LENGTH=0
		WRONG_MAP=0
		WRONG_REDUCE=0
	File Output Format Counters 
		Bytes Written=103
26/03/02 03:15:18 INFO mapred.LocalJobRunner: Finishing task: attempt_local22832925_0007_r_000003_0
26/03/02 03:15:18 INFO mapred.LocalJobRunner: reduce task executor complete.
26/03/02 03:15:18 INFO mapreduce.Job: Job job_local22832925_0007 running in uber mode : false
26/03/02 03:15:18 INFO mapreduce.Job:  map 100% reduce 100%
26/03/02 03:15:18 INFO mapreduce.Job: Job job_local22832925_0007 completed successfully
26/03/02 03:15:18 INFO mapreduce.Job: Counters: 35
	File System Counters
		FILE: Number of bytes read=5104182
		FILE: Number of bytes written=15442686
		FILE: Number of read operations=0
		FILE: Number of large read operations=0
		FILE: Number of write operations=0
		HDFS: Number of bytes read=25751605
		HDFS: Number of bytes written=29864
		HDFS: Number of read operations=1815
		HDFS: Number of large read operations=0
		HDFS: Number of write operations=590
	Map-Reduce Framework
		Map input records=10000
		Map output records=10000
		Map output bytes=520000
		Map output materialized bytes=294
		Input split bytes=121
		Combine input records=10000
		Combine output records=5
		Reduce input groups=5
		Reduce shuffle bytes=294
		Reduce input records=5
		Reduce output records=5
		Spilled Records=10
		Shuffled Maps =4
		Failed Shuffles=0
		Merged Map outputs=4
		GC time elapsed (ms)=2
		Total committed heap usage (bytes)=2615148544
	Shuffle Errors
		BAD_ID=0
		CONNECTION=0
		IO_ERROR=0
		WRONG_LENGTH=0
		WRONG_MAP=0
		WRONG_REDUCE=0
	File Input Format Counters 
		Bytes Read=733758
	File Output Format Counters 
		Bytes Written=509
26/03/02 03:15:18 INFO jvm.JvmMetrics: Cannot initialize JVM Metrics with processName=JobTracker, sessionId= - already initialized
26/03/02 03:15:18 WARN mapreduce.JobResourceUploader: Hadoop command-line option parsing not performed. Implement the Tool interface and execute your application with ToolRunner to remedy this.
26/03/02 03:15:18 INFO input.FileInputFormat: Total input paths to process : 1
26/03/02 03:15:18 INFO mapreduce.JobSubmitter: number of splits:1
26/03/02 03:15:18 INFO mapreduce.JobSubmitter: Submitting tokens for job: job_local231968236_0008
26/03/02 03:15:18 INFO mapred.LocalDistributedCacheManager: Creating symlink: /tmp/hadoop-ds503/mapred/local/1772421318846/centers_iter_7.csv <- /home/ds503/centers_iter_7.csv
26/03/02 03:15:18 INFO mapred.LocalDistributedCacheManager: Localized hdfs://localhost:9000/project2/task2/runs_true_k/k5_r30_opt_centers/centers_iter_7.csv as file:/tmp/hadoop-ds503/mapred/local/1772421318846/centers_iter_7.csv
26/03/02 03:15:18 INFO mapreduce.Job: The url to track the job: http://localhost:8080/
26/03/02 03:15:18 INFO mapreduce.Job: Running job: job_local231968236_0008
26/03/02 03:15:18 INFO mapred.LocalJobRunner: OutputCommitter set in config null
26/03/02 03:15:18 INFO output.FileOutputCommitter: File Output Committer Algorithm version is 1
26/03/02 03:15:18 INFO mapred.LocalJobRunner: OutputCommitter is org.apache.hadoop.mapreduce.lib.output.FileOutputCommitter
26/03/02 03:15:18 INFO mapred.LocalJobRunner: Waiting for map tasks
26/03/02 03:15:18 INFO mapred.LocalJobRunner: Starting task: attempt_local231968236_0008_m_000000_0
26/03/02 03:15:18 INFO output.FileOutputCommitter: File Output Committer Algorithm version is 1
26/03/02 03:15:18 INFO mapred.Task:  Using ResourceCalculatorProcessTree : [ ]
26/03/02 03:15:18 INFO mapred.MapTask: Processing split: hdfs://localhost:9000/project2/task2/input/points_4d.csv:0+733758
26/03/02 03:15:18 INFO mapred.MapTask: (EQUATOR) 0 kvi 26214396(104857584)
26/03/02 03:15:18 INFO mapred.MapTask: mapreduce.task.io.sort.mb: 100
26/03/02 03:15:18 INFO mapred.MapTask: soft limit at 83886080
26/03/02 03:15:18 INFO mapred.MapTask: bufstart = 0; bufvoid = 104857600
26/03/02 03:15:18 INFO mapred.MapTask: kvstart = 26214396; length = 6553600
26/03/02 03:15:18 INFO mapred.MapTask: Map output collector class = org.apache.hadoop.mapred.MapTask$MapOutputBuffer
26/03/02 03:15:18 INFO mapred.LocalJobRunner: 
26/03/02 03:15:18 INFO mapred.MapTask: Starting flush of map output
26/03/02 03:15:18 INFO mapred.MapTask: Spilling map output
26/03/02 03:15:18 INFO mapred.MapTask: bufstart = 0; bufend = 520000; bufvoid = 104857600
26/03/02 03:15:18 INFO mapred.MapTask: kvstart = 26214396(104857584); kvend = 26174400(104697600); length = 39997/6553600
26/03/02 03:15:18 INFO mapred.MapTask: Finished spill 0
26/03/02 03:15:18 INFO mapred.Task: Task:attempt_local231968236_0008_m_000000_0 is done. And is in the process of committing
26/03/02 03:15:18 INFO mapred.LocalJobRunner: map
26/03/02 03:15:18 INFO mapred.Task: Task 'attempt_local231968236_0008_m_000000_0' done.
26/03/02 03:15:18 INFO mapred.Task: Final Counters for attempt_local231968236_0008_m_000000_0: Counters: 23
	File System Counters
		FILE: Number of bytes read=1165980
		FILE: Number of bytes written=3529156
		FILE: Number of read operations=0
		FILE: Number of large read operations=0
		FILE: Number of write operations=0
		HDFS: Number of bytes read=5886228
		HDFS: Number of bytes written=6572
		HDFS: Number of read operations=413
		HDFS: Number of large read operations=0
		HDFS: Number of write operations=132
	Map-Reduce Framework
		Map input records=10000
		Map output records=10000
		Map output bytes=520000
		Map output materialized bytes=294
		Input split bytes=121
		Combine input records=10000
		Combine output records=5
		Spilled Records=5
		Failed Shuffles=0
		Merged Map outputs=0
		GC time elapsed (ms)=48
		Total committed heap usage (bytes)=365953024
	File Input Format Counters 
		Bytes Read=733758
26/03/02 03:15:18 INFO mapred.LocalJobRunner: Finishing task: attempt_local231968236_0008_m_000000_0
26/03/02 03:15:18 INFO mapred.LocalJobRunner: map task executor complete.
26/03/02 03:15:18 INFO mapred.LocalJobRunner: Waiting for reduce tasks
26/03/02 03:15:18 INFO mapred.LocalJobRunner: Starting task: attempt_local231968236_0008_r_000000_0
26/03/02 03:15:18 INFO output.FileOutputCommitter: File Output Committer Algorithm version is 1
26/03/02 03:15:18 INFO mapred.Task:  Using ResourceCalculatorProcessTree : [ ]
26/03/02 03:15:18 INFO mapred.ReduceTask: Using ShuffleConsumerPlugin: org.apache.hadoop.mapreduce.task.reduce.Shuffle@59dfa5f5
26/03/02 03:15:18 INFO reduce.MergeManagerImpl: MergerManager: memoryLimit=334338464, maxSingleShuffleLimit=83584616, mergeThreshold=220663392, ioSortFactor=10, memToMemMergeOutputsThreshold=10
26/03/02 03:15:18 INFO reduce.EventFetcher: attempt_local231968236_0008_r_000000_0 Thread started: EventFetcher for fetching Map Completion Events
26/03/02 03:15:18 INFO reduce.LocalFetcher: localfetcher#29 about to shuffle output of map attempt_local231968236_0008_m_000000_0 decomp: 110 len: 114 to MEMORY
26/03/02 03:15:18 INFO reduce.InMemoryMapOutput: Read 110 bytes from map-output for attempt_local231968236_0008_m_000000_0
26/03/02 03:15:18 INFO reduce.MergeManagerImpl: closeInMemoryFile -> map-output of size: 110, inMemoryMapOutputs.size() -> 1, commitMemory -> 0, usedMemory ->110
26/03/02 03:15:18 INFO reduce.EventFetcher: EventFetcher is interrupted.. Returning
26/03/02 03:15:18 INFO mapred.LocalJobRunner: 1 / 1 copied.
26/03/02 03:15:18 INFO reduce.MergeManagerImpl: finalMerge called with 1 in-memory map-outputs and 0 on-disk map-outputs
26/03/02 03:15:18 INFO mapred.Merger: Merging 1 sorted segments
26/03/02 03:15:18 INFO mapred.Merger: Down to the last merge-pass, with 1 segments left of total size: 104 bytes
26/03/02 03:15:18 INFO reduce.MergeManagerImpl: Merged 1 segments, 110 bytes to disk to satisfy reduce memory limit
26/03/02 03:15:18 INFO reduce.MergeManagerImpl: Merging 1 files, 114 bytes from disk
26/03/02 03:15:18 INFO reduce.MergeManagerImpl: Merging 0 segments, 0 bytes from memory into reduce
26/03/02 03:15:18 INFO mapred.Merger: Merging 1 sorted segments
26/03/02 03:15:18 INFO mapred.Merger: Down to the last merge-pass, with 1 segments left of total size: 104 bytes
26/03/02 03:15:18 INFO mapred.LocalJobRunner: 1 / 1 copied.
26/03/02 03:15:18 INFO mapred.Task: Task:attempt_local231968236_0008_r_000000_0 is done. And is in the process of committing
26/03/02 03:15:18 INFO mapred.LocalJobRunner: 1 / 1 copied.
26/03/02 03:15:18 INFO mapred.Task: Task attempt_local231968236_0008_r_000000_0 is allowed to commit now
26/03/02 03:15:18 INFO output.FileOutputCommitter: Saved output of task 'attempt_local231968236_0008_r_000000_0' to hdfs://localhost:9000/project2/task2/runs_true_k/k5_r30_opt_centers/iter_8/_temporary/0/task_local231968236_0008_r_000000
26/03/02 03:15:18 INFO mapred.LocalJobRunner: reduce > reduce
26/03/02 03:15:18 INFO mapred.Task: Task 'attempt_local231968236_0008_r_000000_0' done.
26/03/02 03:15:18 INFO mapred.Task: Final Counters for attempt_local231968236_0008_r_000000_0: Counters: 29
	File System Counters
		FILE: Number of bytes read=1166492
		FILE: Number of bytes written=3529270
		FILE: Number of read operations=0
		FILE: Number of large read operations=0
		FILE: Number of write operations=0
		HDFS: Number of bytes read=5886228
		HDFS: Number of bytes written=6774
		HDFS: Number of read operations=416
		HDFS: Number of large read operations=0
		HDFS: Number of write operations=134
	Map-Reduce Framework
		Combine input records=0
		Combine output records=0
		Reduce input groups=2
		Reduce shuffle bytes=114
		Reduce input records=2
		Reduce output records=2
		Spilled Records=2
		Shuffled Maps =1
		Failed Shuffles=0
		Merged Map outputs=1
		GC time elapsed (ms)=0
		Total committed heap usage (bytes)=365953024
	Shuffle Errors
		BAD_ID=0
		CONNECTION=0
		IO_ERROR=0
		WRONG_LENGTH=0
		WRONG_MAP=0
		WRONG_REDUCE=0
	File Output Format Counters 
		Bytes Written=202
26/03/02 03:15:18 INFO mapred.LocalJobRunner: Finishing task: attempt_local231968236_0008_r_000000_0
26/03/02 03:15:18 INFO mapred.LocalJobRunner: Starting task: attempt_local231968236_0008_r_000001_0
26/03/02 03:15:19 INFO output.FileOutputCommitter: File Output Committer Algorithm version is 1
26/03/02 03:15:19 INFO mapred.Task:  Using ResourceCalculatorProcessTree : [ ]
26/03/02 03:15:19 INFO mapred.ReduceTask: Using ShuffleConsumerPlugin: org.apache.hadoop.mapreduce.task.reduce.Shuffle@3271b5b9
26/03/02 03:15:19 INFO reduce.MergeManagerImpl: MergerManager: memoryLimit=334338464, maxSingleShuffleLimit=83584616, mergeThreshold=220663392, ioSortFactor=10, memToMemMergeOutputsThreshold=10
26/03/02 03:15:19 INFO reduce.EventFetcher: attempt_local231968236_0008_r_000001_0 Thread started: EventFetcher for fetching Map Completion Events
26/03/02 03:15:19 INFO reduce.LocalFetcher: localfetcher#30 about to shuffle output of map attempt_local231968236_0008_m_000000_0 decomp: 56 len: 60 to MEMORY
26/03/02 03:15:19 INFO reduce.InMemoryMapOutput: Read 56 bytes from map-output for attempt_local231968236_0008_m_000000_0
26/03/02 03:15:19 INFO reduce.MergeManagerImpl: closeInMemoryFile -> map-output of size: 56, inMemoryMapOutputs.size() -> 1, commitMemory -> 0, usedMemory ->56
26/03/02 03:15:19 INFO reduce.EventFetcher: EventFetcher is interrupted.. Returning
26/03/02 03:15:19 INFO mapred.LocalJobRunner: 1 / 1 copied.
26/03/02 03:15:19 INFO reduce.MergeManagerImpl: finalMerge called with 1 in-memory map-outputs and 0 on-disk map-outputs
26/03/02 03:15:19 INFO mapred.Merger: Merging 1 sorted segments
26/03/02 03:15:19 INFO mapred.Merger: Down to the last merge-pass, with 1 segments left of total size: 50 bytes
26/03/02 03:15:19 INFO reduce.MergeManagerImpl: Merged 1 segments, 56 bytes to disk to satisfy reduce memory limit
26/03/02 03:15:19 INFO reduce.MergeManagerImpl: Merging 1 files, 60 bytes from disk
26/03/02 03:15:19 INFO reduce.MergeManagerImpl: Merging 0 segments, 0 bytes from memory into reduce
26/03/02 03:15:19 INFO mapred.Merger: Merging 1 sorted segments
26/03/02 03:15:19 INFO mapred.Merger: Down to the last merge-pass, with 1 segments left of total size: 50 bytes
26/03/02 03:15:19 INFO mapred.LocalJobRunner: 1 / 1 copied.
26/03/02 03:15:19 INFO mapred.Task: Task:attempt_local231968236_0008_r_000001_0 is done. And is in the process of committing
26/03/02 03:15:19 INFO mapred.LocalJobRunner: 1 / 1 copied.
26/03/02 03:15:19 INFO mapred.Task: Task attempt_local231968236_0008_r_000001_0 is allowed to commit now
26/03/02 03:15:19 INFO output.FileOutputCommitter: Saved output of task 'attempt_local231968236_0008_r_000001_0' to hdfs://localhost:9000/project2/task2/runs_true_k/k5_r30_opt_centers/iter_8/_temporary/0/task_local231968236_0008_r_000001
26/03/02 03:15:19 INFO mapred.LocalJobRunner: reduce > reduce
26/03/02 03:15:19 INFO mapred.Task: Task 'attempt_local231968236_0008_r_000001_0' done.
26/03/02 03:15:19 INFO mapred.Task: Final Counters for attempt_local231968236_0008_r_000001_0: Counters: 29
	File System Counters
		FILE: Number of bytes read=1166836
		FILE: Number of bytes written=3529330
		FILE: Number of read operations=0
		FILE: Number of large read operations=0
		FILE: Number of write operations=0
		HDFS: Number of bytes read=5886228
		HDFS: Number of bytes written=6875
		HDFS: Number of read operations=419
		HDFS: Number of large read operations=0
		HDFS: Number of write operations=136
	Map-Reduce Framework
		Combine input records=0
		Combine output records=0
		Reduce input groups=1
		Reduce shuffle bytes=60
		Reduce input records=1
		Reduce output records=1
		Spilled Records=1
		Shuffled Maps =1
		Failed Shuffles=0
		Merged Map outputs=1
		GC time elapsed (ms)=0
		Total committed heap usage (bytes)=365953024
	Shuffle Errors
		BAD_ID=0
		CONNECTION=0
		IO_ERROR=0
		WRONG_LENGTH=0
		WRONG_MAP=0
		WRONG_REDUCE=0
	File Output Format Counters 
		Bytes Written=101
26/03/02 03:15:19 INFO mapred.LocalJobRunner: Finishing task: attempt_local231968236_0008_r_000001_0
26/03/02 03:15:19 INFO mapred.LocalJobRunner: Starting task: attempt_local231968236_0008_r_000002_0
26/03/02 03:15:19 INFO output.FileOutputCommitter: File Output Committer Algorithm version is 1
26/03/02 03:15:19 INFO mapred.Task:  Using ResourceCalculatorProcessTree : [ ]
26/03/02 03:15:19 INFO mapred.ReduceTask: Using ShuffleConsumerPlugin: org.apache.hadoop.mapreduce.task.reduce.Shuffle@4a473f75
26/03/02 03:15:19 INFO reduce.MergeManagerImpl: MergerManager: memoryLimit=334338464, maxSingleShuffleLimit=83584616, mergeThreshold=220663392, ioSortFactor=10, memToMemMergeOutputsThreshold=10
26/03/02 03:15:19 INFO reduce.EventFetcher: attempt_local231968236_0008_r_000002_0 Thread started: EventFetcher for fetching Map Completion Events
26/03/02 03:15:19 INFO reduce.LocalFetcher: localfetcher#31 about to shuffle output of map attempt_local231968236_0008_m_000000_0 decomp: 56 len: 60 to MEMORY
26/03/02 03:15:19 INFO reduce.InMemoryMapOutput: Read 56 bytes from map-output for attempt_local231968236_0008_m_000000_0
26/03/02 03:15:19 INFO reduce.MergeManagerImpl: closeInMemoryFile -> map-output of size: 56, inMemoryMapOutputs.size() -> 1, commitMemory -> 0, usedMemory ->56
26/03/02 03:15:19 INFO reduce.EventFetcher: EventFetcher is interrupted.. Returning
26/03/02 03:15:19 INFO mapred.LocalJobRunner: 1 / 1 copied.
26/03/02 03:15:19 INFO reduce.MergeManagerImpl: finalMerge called with 1 in-memory map-outputs and 0 on-disk map-outputs
26/03/02 03:15:19 INFO mapred.Merger: Merging 1 sorted segments
26/03/02 03:15:19 INFO mapred.Merger: Down to the last merge-pass, with 1 segments left of total size: 50 bytes
26/03/02 03:15:19 INFO reduce.MergeManagerImpl: Merged 1 segments, 56 bytes to disk to satisfy reduce memory limit
26/03/02 03:15:19 INFO reduce.MergeManagerImpl: Merging 1 files, 60 bytes from disk
26/03/02 03:15:19 INFO reduce.MergeManagerImpl: Merging 0 segments, 0 bytes from memory into reduce
26/03/02 03:15:19 INFO mapred.Merger: Merging 1 sorted segments
26/03/02 03:15:19 INFO mapred.Merger: Down to the last merge-pass, with 1 segments left of total size: 50 bytes
26/03/02 03:15:19 INFO mapred.LocalJobRunner: 1 / 1 copied.
26/03/02 03:15:19 INFO mapred.Task: Task:attempt_local231968236_0008_r_000002_0 is done. And is in the process of committing
26/03/02 03:15:19 INFO mapred.LocalJobRunner: 1 / 1 copied.
26/03/02 03:15:19 INFO mapred.Task: Task attempt_local231968236_0008_r_000002_0 is allowed to commit now
26/03/02 03:15:19 INFO output.FileOutputCommitter: Saved output of task 'attempt_local231968236_0008_r_000002_0' to hdfs://localhost:9000/project2/task2/runs_true_k/k5_r30_opt_centers/iter_8/_temporary/0/task_local231968236_0008_r_000002
26/03/02 03:15:19 INFO mapred.LocalJobRunner: reduce > reduce
26/03/02 03:15:19 INFO mapred.Task: Task 'attempt_local231968236_0008_r_000002_0' done.
26/03/02 03:15:19 INFO mapred.Task: Final Counters for attempt_local231968236_0008_r_000002_0: Counters: 29
	File System Counters
		FILE: Number of bytes read=1167120
		FILE: Number of bytes written=3529390
		FILE: Number of read operations=0
		FILE: Number of large read operations=0
		FILE: Number of write operations=0
		HDFS: Number of bytes read=5886228
		HDFS: Number of bytes written=6977
		HDFS: Number of read operations=422
		HDFS: Number of large read operations=0
		HDFS: Number of write operations=138
	Map-Reduce Framework
		Combine input records=0
		Combine output records=0
		Reduce input groups=1
		Reduce shuffle bytes=60
		Reduce input records=1
		Reduce output records=1
		Spilled Records=1
		Shuffled Maps =1
		Failed Shuffles=0
		Merged Map outputs=1
		GC time elapsed (ms)=0
		Total committed heap usage (bytes)=365953024
	Shuffle Errors
		BAD_ID=0
		CONNECTION=0
		IO_ERROR=0
		WRONG_LENGTH=0
		WRONG_MAP=0
		WRONG_REDUCE=0
	File Output Format Counters 
		Bytes Written=102
26/03/02 03:15:19 INFO mapred.LocalJobRunner: Finishing task: attempt_local231968236_0008_r_000002_0
26/03/02 03:15:19 INFO mapred.LocalJobRunner: Starting task: attempt_local231968236_0008_r_000003_0
26/03/02 03:15:19 INFO output.FileOutputCommitter: File Output Committer Algorithm version is 1
26/03/02 03:15:19 INFO mapred.Task:  Using ResourceCalculatorProcessTree : [ ]
26/03/02 03:15:19 INFO mapred.ReduceTask: Using ShuffleConsumerPlugin: org.apache.hadoop.mapreduce.task.reduce.Shuffle@49690acf
26/03/02 03:15:19 INFO reduce.MergeManagerImpl: MergerManager: memoryLimit=334338464, maxSingleShuffleLimit=83584616, mergeThreshold=220663392, ioSortFactor=10, memToMemMergeOutputsThreshold=10
26/03/02 03:15:19 INFO reduce.EventFetcher: attempt_local231968236_0008_r_000003_0 Thread started: EventFetcher for fetching Map Completion Events
26/03/02 03:15:19 INFO reduce.LocalFetcher: localfetcher#32 about to shuffle output of map attempt_local231968236_0008_m_000000_0 decomp: 56 len: 60 to MEMORY
26/03/02 03:15:19 INFO reduce.InMemoryMapOutput: Read 56 bytes from map-output for attempt_local231968236_0008_m_000000_0
26/03/02 03:15:19 INFO reduce.MergeManagerImpl: closeInMemoryFile -> map-output of size: 56, inMemoryMapOutputs.size() -> 1, commitMemory -> 0, usedMemory ->56
26/03/02 03:15:19 INFO reduce.EventFetcher: EventFetcher is interrupted.. Returning
26/03/02 03:15:19 INFO mapred.LocalJobRunner: 1 / 1 copied.
26/03/02 03:15:19 INFO reduce.MergeManagerImpl: finalMerge called with 1 in-memory map-outputs and 0 on-disk map-outputs
26/03/02 03:15:19 INFO mapred.Merger: Merging 1 sorted segments
26/03/02 03:15:19 INFO mapred.Merger: Down to the last merge-pass, with 1 segments left of total size: 50 bytes
26/03/02 03:15:19 INFO reduce.MergeManagerImpl: Merged 1 segments, 56 bytes to disk to satisfy reduce memory limit
26/03/02 03:15:19 INFO reduce.MergeManagerImpl: Merging 1 files, 60 bytes from disk
26/03/02 03:15:19 INFO reduce.MergeManagerImpl: Merging 0 segments, 0 bytes from memory into reduce
26/03/02 03:15:19 INFO mapred.Merger: Merging 1 sorted segments
26/03/02 03:15:19 INFO mapred.Merger: Down to the last merge-pass, with 1 segments left of total size: 50 bytes
26/03/02 03:15:19 INFO mapred.LocalJobRunner: 1 / 1 copied.
26/03/02 03:15:19 INFO mapred.Task: Task:attempt_local231968236_0008_r_000003_0 is done. And is in the process of committing
26/03/02 03:15:19 INFO mapred.LocalJobRunner: 1 / 1 copied.
26/03/02 03:15:19 INFO mapred.Task: Task attempt_local231968236_0008_r_000003_0 is allowed to commit now
26/03/02 03:15:19 INFO output.FileOutputCommitter: Saved output of task 'attempt_local231968236_0008_r_000003_0' to hdfs://localhost:9000/project2/task2/runs_true_k/k5_r30_opt_centers/iter_8/_temporary/0/task_local231968236_0008_r_000003
26/03/02 03:15:19 INFO mapred.LocalJobRunner: reduce > reduce
26/03/02 03:15:19 INFO mapred.Task: Task 'attempt_local231968236_0008_r_000003_0' done.
26/03/02 03:15:19 INFO mapred.Task: Final Counters for attempt_local231968236_0008_r_000003_0: Counters: 29
	File System Counters
		FILE: Number of bytes read=1167344
		FILE: Number of bytes written=3529450
		FILE: Number of read operations=0
		FILE: Number of large read operations=0
		FILE: Number of write operations=0
		HDFS: Number of bytes read=5886228
		HDFS: Number of bytes written=7079
		HDFS: Number of read operations=425
		HDFS: Number of large read operations=0
		HDFS: Number of write operations=140
	Map-Reduce Framework
		Combine input records=0
		Combine output records=0
		Reduce input groups=1
		Reduce shuffle bytes=60
		Reduce input records=1
		Reduce output records=1
		Spilled Records=1
		Shuffled Maps =1
		Failed Shuffles=0
		Merged Map outputs=1
		GC time elapsed (ms)=0
		Total committed heap usage (bytes)=365953024
	Shuffle Errors
		BAD_ID=0
		CONNECTION=0
		IO_ERROR=0
		WRONG_LENGTH=0
		WRONG_MAP=0
		WRONG_REDUCE=0
	File Output Format Counters 
		Bytes Written=102
26/03/02 03:15:19 INFO mapred.LocalJobRunner: Finishing task: attempt_local231968236_0008_r_000003_0
26/03/02 03:15:19 INFO mapred.LocalJobRunner: reduce task executor complete.
26/03/02 03:15:19 INFO mapreduce.Job: Job job_local231968236_0008 running in uber mode : false
26/03/02 03:15:19 INFO mapreduce.Job:  map 100% reduce 100%
26/03/02 03:15:19 INFO mapreduce.Job: Job job_local231968236_0008 completed successfully
26/03/02 03:15:19 INFO mapreduce.Job: Counters: 35
	File System Counters
		FILE: Number of bytes read=5833772
		FILE: Number of bytes written=17646596
		FILE: Number of read operations=0
		FILE: Number of large read operations=0
		FILE: Number of write operations=0
		HDFS: Number of bytes read=29431140
		HDFS: Number of bytes written=34277
		HDFS: Number of read operations=2095
		HDFS: Number of large read operations=0
		HDFS: Number of write operations=680
	Map-Reduce Framework
		Map input records=10000
		Map output records=10000
		Map output bytes=520000
		Map output materialized bytes=294
		Input split bytes=121
		Combine input records=10000
		Combine output records=5
		Reduce input groups=5
		Reduce shuffle bytes=294
		Reduce input records=5
		Reduce output records=5
		Spilled Records=10
		Shuffled Maps =4
		Failed Shuffles=0
		Merged Map outputs=4
		GC time elapsed (ms)=48
		Total committed heap usage (bytes)=1829765120
	Shuffle Errors
		BAD_ID=0
		CONNECTION=0
		IO_ERROR=0
		WRONG_LENGTH=0
		WRONG_MAP=0
		WRONG_REDUCE=0
	File Input Format Counters 
		Bytes Read=733758
	File Output Format Counters 
		Bytes Written=507
26/03/02 03:15:20 INFO jvm.JvmMetrics: Cannot initialize JVM Metrics with processName=JobTracker, sessionId= - already initialized
26/03/02 03:15:20 WARN mapreduce.JobResourceUploader: Hadoop command-line option parsing not performed. Implement the Tool interface and execute your application with ToolRunner to remedy this.
26/03/02 03:15:20 INFO input.FileInputFormat: Total input paths to process : 1
26/03/02 03:15:20 INFO mapreduce.JobSubmitter: number of splits:1
26/03/02 03:15:20 INFO mapreduce.JobSubmitter: Submitting tokens for job: job_local1363366703_0009
26/03/02 03:15:20 INFO mapred.LocalDistributedCacheManager: Creating symlink: /tmp/hadoop-ds503/mapred/local/1772421320339/centers_iter_8.csv <- /home/ds503/centers_iter_8.csv
26/03/02 03:15:20 INFO mapred.LocalDistributedCacheManager: Localized hdfs://localhost:9000/project2/task2/runs_true_k/k5_r30_opt_centers/centers_iter_8.csv as file:/tmp/hadoop-ds503/mapred/local/1772421320339/centers_iter_8.csv
26/03/02 03:15:20 INFO mapreduce.Job: The url to track the job: http://localhost:8080/
26/03/02 03:15:20 INFO mapreduce.Job: Running job: job_local1363366703_0009
26/03/02 03:15:20 INFO mapred.LocalJobRunner: OutputCommitter set in config null
26/03/02 03:15:20 INFO output.FileOutputCommitter: File Output Committer Algorithm version is 1
26/03/02 03:15:20 INFO mapred.LocalJobRunner: OutputCommitter is org.apache.hadoop.mapreduce.lib.output.FileOutputCommitter
26/03/02 03:15:20 INFO mapred.LocalJobRunner: Waiting for map tasks
26/03/02 03:15:20 INFO mapred.LocalJobRunner: Starting task: attempt_local1363366703_0009_m_000000_0
26/03/02 03:15:20 INFO output.FileOutputCommitter: File Output Committer Algorithm version is 1
26/03/02 03:15:20 INFO mapred.Task:  Using ResourceCalculatorProcessTree : [ ]
26/03/02 03:15:20 INFO mapred.MapTask: Processing split: hdfs://localhost:9000/project2/task2/input/points_4d.csv:0+733758
26/03/02 03:15:20 INFO mapred.MapTask: (EQUATOR) 0 kvi 26214396(104857584)
26/03/02 03:15:20 INFO mapred.MapTask: mapreduce.task.io.sort.mb: 100
26/03/02 03:15:20 INFO mapred.MapTask: soft limit at 83886080
26/03/02 03:15:20 INFO mapred.MapTask: bufstart = 0; bufvoid = 104857600
26/03/02 03:15:20 INFO mapred.MapTask: kvstart = 26214396; length = 6553600
26/03/02 03:15:20 INFO mapred.MapTask: Map output collector class = org.apache.hadoop.mapred.MapTask$MapOutputBuffer
26/03/02 03:15:20 INFO mapred.LocalJobRunner: 
26/03/02 03:15:20 INFO mapred.MapTask: Starting flush of map output
26/03/02 03:15:20 INFO mapred.MapTask: Spilling map output
26/03/02 03:15:20 INFO mapred.MapTask: bufstart = 0; bufend = 520000; bufvoid = 104857600
26/03/02 03:15:20 INFO mapred.MapTask: kvstart = 26214396(104857584); kvend = 26174400(104697600); length = 39997/6553600
26/03/02 03:15:20 INFO mapred.MapTask: Finished spill 0
26/03/02 03:15:20 INFO mapred.Task: Task:attempt_local1363366703_0009_m_000000_0 is done. And is in the process of committing
26/03/02 03:15:20 INFO mapred.LocalJobRunner: map
26/03/02 03:15:20 INFO mapred.Task: Task 'attempt_local1363366703_0009_m_000000_0' done.
26/03/02 03:15:20 INFO mapred.Task: Final Counters for attempt_local1363366703_0009_m_000000_0: Counters: 23
	File System Counters
		FILE: Number of bytes read=1311898
		FILE: Number of bytes written=3971527
		FILE: Number of read operations=0
		FILE: Number of large read operations=0
		FILE: Number of write operations=0
		HDFS: Number of bytes read=6622127
		HDFS: Number of bytes written=7455
		HDFS: Number of read operations=469
		HDFS: Number of large read operations=0
		HDFS: Number of write operations=150
	Map-Reduce Framework
		Map input records=10000
		Map output records=10000
		Map output bytes=520000
		Map output materialized bytes=294
		Input split bytes=121
		Combine input records=10000
		Combine output records=5
		Spilled Records=5
		Failed Shuffles=0
		Merged Map outputs=0
		GC time elapsed (ms)=0
		Total committed heap usage (bytes)=471334912
	File Input Format Counters 
		Bytes Read=733758
26/03/02 03:15:20 INFO mapred.LocalJobRunner: Finishing task: attempt_local1363366703_0009_m_000000_0
26/03/02 03:15:20 INFO mapred.LocalJobRunner: map task executor complete.
26/03/02 03:15:20 INFO mapred.LocalJobRunner: Waiting for reduce tasks
26/03/02 03:15:20 INFO mapred.LocalJobRunner: Starting task: attempt_local1363366703_0009_r_000000_0
26/03/02 03:15:20 INFO output.FileOutputCommitter: File Output Committer Algorithm version is 1
26/03/02 03:15:20 INFO mapred.Task:  Using ResourceCalculatorProcessTree : [ ]
26/03/02 03:15:20 INFO mapred.ReduceTask: Using ShuffleConsumerPlugin: org.apache.hadoop.mapreduce.task.reduce.Shuffle@c65f74f
26/03/02 03:15:20 INFO reduce.MergeManagerImpl: MergerManager: memoryLimit=334338464, maxSingleShuffleLimit=83584616, mergeThreshold=220663392, ioSortFactor=10, memToMemMergeOutputsThreshold=10
26/03/02 03:15:20 INFO reduce.EventFetcher: attempt_local1363366703_0009_r_000000_0 Thread started: EventFetcher for fetching Map Completion Events
26/03/02 03:15:20 INFO reduce.LocalFetcher: localfetcher#33 about to shuffle output of map attempt_local1363366703_0009_m_000000_0 decomp: 110 len: 114 to MEMORY
26/03/02 03:15:20 INFO reduce.InMemoryMapOutput: Read 110 bytes from map-output for attempt_local1363366703_0009_m_000000_0
26/03/02 03:15:20 INFO reduce.MergeManagerImpl: closeInMemoryFile -> map-output of size: 110, inMemoryMapOutputs.size() -> 1, commitMemory -> 0, usedMemory ->110
26/03/02 03:15:20 INFO reduce.EventFetcher: EventFetcher is interrupted.. Returning
26/03/02 03:15:20 INFO mapred.LocalJobRunner: 1 / 1 copied.
26/03/02 03:15:20 INFO reduce.MergeManagerImpl: finalMerge called with 1 in-memory map-outputs and 0 on-disk map-outputs
26/03/02 03:15:20 INFO mapred.Merger: Merging 1 sorted segments
26/03/02 03:15:20 INFO mapred.Merger: Down to the last merge-pass, with 1 segments left of total size: 104 bytes
26/03/02 03:15:20 INFO reduce.MergeManagerImpl: Merged 1 segments, 110 bytes to disk to satisfy reduce memory limit
26/03/02 03:15:20 INFO reduce.MergeManagerImpl: Merging 1 files, 114 bytes from disk
26/03/02 03:15:20 INFO reduce.MergeManagerImpl: Merging 0 segments, 0 bytes from memory into reduce
26/03/02 03:15:20 INFO mapred.Merger: Merging 1 sorted segments
26/03/02 03:15:20 INFO mapred.Merger: Down to the last merge-pass, with 1 segments left of total size: 104 bytes
26/03/02 03:15:20 INFO mapred.LocalJobRunner: 1 / 1 copied.
26/03/02 03:15:20 INFO mapred.Task: Task:attempt_local1363366703_0009_r_000000_0 is done. And is in the process of committing
26/03/02 03:15:20 INFO mapred.LocalJobRunner: 1 / 1 copied.
26/03/02 03:15:20 INFO mapred.Task: Task attempt_local1363366703_0009_r_000000_0 is allowed to commit now
26/03/02 03:15:20 INFO output.FileOutputCommitter: Saved output of task 'attempt_local1363366703_0009_r_000000_0' to hdfs://localhost:9000/project2/task2/runs_true_k/k5_r30_opt_centers/iter_9/_temporary/0/task_local1363366703_0009_r_000000
26/03/02 03:15:20 INFO mapred.LocalJobRunner: reduce > reduce
26/03/02 03:15:20 INFO mapred.Task: Task 'attempt_local1363366703_0009_r_000000_0' done.
26/03/02 03:15:20 INFO mapred.Task: Final Counters for attempt_local1363366703_0009_r_000000_0: Counters: 29
	File System Counters
		FILE: Number of bytes read=1312410
		FILE: Number of bytes written=3971641
		FILE: Number of read operations=0
		FILE: Number of large read operations=0
		FILE: Number of write operations=0
		HDFS: Number of bytes read=6622127
		HDFS: Number of bytes written=7658
		HDFS: Number of read operations=472
		HDFS: Number of large read operations=0
		HDFS: Number of write operations=152
	Map-Reduce Framework
		Combine input records=0
		Combine output records=0
		Reduce input groups=2
		Reduce shuffle bytes=114
		Reduce input records=2
		Reduce output records=2
		Spilled Records=2
		Shuffled Maps =1
		Failed Shuffles=0
		Merged Map outputs=1
		GC time elapsed (ms)=0
		Total committed heap usage (bytes)=471334912
	Shuffle Errors
		BAD_ID=0
		CONNECTION=0
		IO_ERROR=0
		WRONG_LENGTH=0
		WRONG_MAP=0
		WRONG_REDUCE=0
	File Output Format Counters 
		Bytes Written=203
26/03/02 03:15:20 INFO mapred.LocalJobRunner: Finishing task: attempt_local1363366703_0009_r_000000_0
26/03/02 03:15:20 INFO mapred.LocalJobRunner: Starting task: attempt_local1363366703_0009_r_000001_0
26/03/02 03:15:20 INFO output.FileOutputCommitter: File Output Committer Algorithm version is 1
26/03/02 03:15:20 INFO mapred.Task:  Using ResourceCalculatorProcessTree : [ ]
26/03/02 03:15:20 INFO mapred.ReduceTask: Using ShuffleConsumerPlugin: org.apache.hadoop.mapreduce.task.reduce.Shuffle@1800370d
26/03/02 03:15:20 INFO reduce.MergeManagerImpl: MergerManager: memoryLimit=334338464, maxSingleShuffleLimit=83584616, mergeThreshold=220663392, ioSortFactor=10, memToMemMergeOutputsThreshold=10
26/03/02 03:15:20 INFO reduce.EventFetcher: attempt_local1363366703_0009_r_000001_0 Thread started: EventFetcher for fetching Map Completion Events
26/03/02 03:15:20 INFO reduce.LocalFetcher: localfetcher#34 about to shuffle output of map attempt_local1363366703_0009_m_000000_0 decomp: 56 len: 60 to MEMORY
26/03/02 03:15:20 INFO reduce.InMemoryMapOutput: Read 56 bytes from map-output for attempt_local1363366703_0009_m_000000_0
26/03/02 03:15:20 INFO reduce.MergeManagerImpl: closeInMemoryFile -> map-output of size: 56, inMemoryMapOutputs.size() -> 1, commitMemory -> 0, usedMemory ->56
26/03/02 03:15:20 INFO reduce.EventFetcher: EventFetcher is interrupted.. Returning
26/03/02 03:15:20 INFO mapred.LocalJobRunner: 1 / 1 copied.
26/03/02 03:15:20 INFO reduce.MergeManagerImpl: finalMerge called with 1 in-memory map-outputs and 0 on-disk map-outputs
26/03/02 03:15:20 INFO mapred.Merger: Merging 1 sorted segments
26/03/02 03:15:20 INFO mapred.Merger: Down to the last merge-pass, with 1 segments left of total size: 50 bytes
26/03/02 03:15:20 INFO reduce.MergeManagerImpl: Merged 1 segments, 56 bytes to disk to satisfy reduce memory limit
26/03/02 03:15:20 INFO reduce.MergeManagerImpl: Merging 1 files, 60 bytes from disk
26/03/02 03:15:20 INFO reduce.MergeManagerImpl: Merging 0 segments, 0 bytes from memory into reduce
26/03/02 03:15:20 INFO mapred.Merger: Merging 1 sorted segments
26/03/02 03:15:20 INFO mapred.Merger: Down to the last merge-pass, with 1 segments left of total size: 50 bytes
26/03/02 03:15:20 INFO mapred.LocalJobRunner: 1 / 1 copied.
26/03/02 03:15:20 INFO mapred.Task: Task:attempt_local1363366703_0009_r_000001_0 is done. And is in the process of committing
26/03/02 03:15:20 INFO mapred.LocalJobRunner: 1 / 1 copied.
26/03/02 03:15:20 INFO mapred.Task: Task attempt_local1363366703_0009_r_000001_0 is allowed to commit now
26/03/02 03:15:20 INFO output.FileOutputCommitter: Saved output of task 'attempt_local1363366703_0009_r_000001_0' to hdfs://localhost:9000/project2/task2/runs_true_k/k5_r30_opt_centers/iter_9/_temporary/0/task_local1363366703_0009_r_000001
26/03/02 03:15:20 INFO mapred.LocalJobRunner: reduce > reduce
26/03/02 03:15:20 INFO mapred.Task: Task 'attempt_local1363366703_0009_r_000001_0' done.
26/03/02 03:15:20 INFO mapred.Task: Final Counters for attempt_local1363366703_0009_r_000001_0: Counters: 29
	File System Counters
		FILE: Number of bytes read=1312754
		FILE: Number of bytes written=3971701
		FILE: Number of read operations=0
		FILE: Number of large read operations=0
		FILE: Number of write operations=0
		HDFS: Number of bytes read=6622127
		HDFS: Number of bytes written=7761
		HDFS: Number of read operations=475
		HDFS: Number of large read operations=0
		HDFS: Number of write operations=154
	Map-Reduce Framework
		Combine input records=0
		Combine output records=0
		Reduce input groups=1
		Reduce shuffle bytes=60
		Reduce input records=1
		Reduce output records=1
		Spilled Records=1
		Shuffled Maps =1
		Failed Shuffles=0
		Merged Map outputs=1
		GC time elapsed (ms)=0
		Total committed heap usage (bytes)=471334912
	Shuffle Errors
		BAD_ID=0
		CONNECTION=0
		IO_ERROR=0
		WRONG_LENGTH=0
		WRONG_MAP=0
		WRONG_REDUCE=0
	File Output Format Counters 
		Bytes Written=103
26/03/02 03:15:20 INFO mapred.LocalJobRunner: Finishing task: attempt_local1363366703_0009_r_000001_0
26/03/02 03:15:20 INFO mapred.LocalJobRunner: Starting task: attempt_local1363366703_0009_r_000002_0
26/03/02 03:15:20 INFO output.FileOutputCommitter: File Output Committer Algorithm version is 1
26/03/02 03:15:20 INFO mapred.Task:  Using ResourceCalculatorProcessTree : [ ]
26/03/02 03:15:20 INFO mapred.ReduceTask: Using ShuffleConsumerPlugin: org.apache.hadoop.mapreduce.task.reduce.Shuffle@59785918
26/03/02 03:15:20 INFO reduce.MergeManagerImpl: MergerManager: memoryLimit=334338464, maxSingleShuffleLimit=83584616, mergeThreshold=220663392, ioSortFactor=10, memToMemMergeOutputsThreshold=10
26/03/02 03:15:20 INFO reduce.EventFetcher: attempt_local1363366703_0009_r_000002_0 Thread started: EventFetcher for fetching Map Completion Events
26/03/02 03:15:20 INFO reduce.LocalFetcher: localfetcher#35 about to shuffle output of map attempt_local1363366703_0009_m_000000_0 decomp: 56 len: 60 to MEMORY
26/03/02 03:15:20 INFO reduce.InMemoryMapOutput: Read 56 bytes from map-output for attempt_local1363366703_0009_m_000000_0
26/03/02 03:15:20 INFO reduce.MergeManagerImpl: closeInMemoryFile -> map-output of size: 56, inMemoryMapOutputs.size() -> 1, commitMemory -> 0, usedMemory ->56
26/03/02 03:15:20 INFO reduce.EventFetcher: EventFetcher is interrupted.. Returning
26/03/02 03:15:20 INFO mapred.LocalJobRunner: 1 / 1 copied.
26/03/02 03:15:20 INFO reduce.MergeManagerImpl: finalMerge called with 1 in-memory map-outputs and 0 on-disk map-outputs
26/03/02 03:15:20 INFO mapred.Merger: Merging 1 sorted segments
26/03/02 03:15:20 INFO mapred.Merger: Down to the last merge-pass, with 1 segments left of total size: 50 bytes
26/03/02 03:15:20 INFO reduce.MergeManagerImpl: Merged 1 segments, 56 bytes to disk to satisfy reduce memory limit
26/03/02 03:15:20 INFO reduce.MergeManagerImpl: Merging 1 files, 60 bytes from disk
26/03/02 03:15:20 INFO reduce.MergeManagerImpl: Merging 0 segments, 0 bytes from memory into reduce
26/03/02 03:15:20 INFO mapred.Merger: Merging 1 sorted segments
26/03/02 03:15:20 INFO mapred.Merger: Down to the last merge-pass, with 1 segments left of total size: 50 bytes
26/03/02 03:15:20 INFO mapred.LocalJobRunner: 1 / 1 copied.
26/03/02 03:15:20 INFO mapred.Task: Task:attempt_local1363366703_0009_r_000002_0 is done. And is in the process of committing
26/03/02 03:15:20 INFO mapred.LocalJobRunner: 1 / 1 copied.
26/03/02 03:15:20 INFO mapred.Task: Task attempt_local1363366703_0009_r_000002_0 is allowed to commit now
26/03/02 03:15:20 INFO output.FileOutputCommitter: Saved output of task 'attempt_local1363366703_0009_r_000002_0' to hdfs://localhost:9000/project2/task2/runs_true_k/k5_r30_opt_centers/iter_9/_temporary/0/task_local1363366703_0009_r_000002
26/03/02 03:15:20 INFO mapred.LocalJobRunner: reduce > reduce
26/03/02 03:15:20 INFO mapred.Task: Task 'attempt_local1363366703_0009_r_000002_0' done.
26/03/02 03:15:20 INFO mapred.Task: Final Counters for attempt_local1363366703_0009_r_000002_0: Counters: 29
	File System Counters
		FILE: Number of bytes read=1313038
		FILE: Number of bytes written=3971761
		FILE: Number of read operations=0
		FILE: Number of large read operations=0
		FILE: Number of write operations=0
		HDFS: Number of bytes read=6622127
		HDFS: Number of bytes written=7864
		HDFS: Number of read operations=478
		HDFS: Number of large read operations=0
		HDFS: Number of write operations=156
	Map-Reduce Framework
		Combine input records=0
		Combine output records=0
		Reduce input groups=1
		Reduce shuffle bytes=60
		Reduce input records=1
		Reduce output records=1
		Spilled Records=1
		Shuffled Maps =1
		Failed Shuffles=0
		Merged Map outputs=1
		GC time elapsed (ms)=0
		Total committed heap usage (bytes)=471334912
	Shuffle Errors
		BAD_ID=0
		CONNECTION=0
		IO_ERROR=0
		WRONG_LENGTH=0
		WRONG_MAP=0
		WRONG_REDUCE=0
	File Output Format Counters 
		Bytes Written=103
26/03/02 03:15:20 INFO mapred.LocalJobRunner: Finishing task: attempt_local1363366703_0009_r_000002_0
26/03/02 03:15:20 INFO mapred.LocalJobRunner: Starting task: attempt_local1363366703_0009_r_000003_0
26/03/02 03:15:20 INFO output.FileOutputCommitter: File Output Committer Algorithm version is 1
26/03/02 03:15:20 INFO mapred.Task:  Using ResourceCalculatorProcessTree : [ ]
26/03/02 03:15:20 INFO mapred.ReduceTask: Using ShuffleConsumerPlugin: org.apache.hadoop.mapreduce.task.reduce.Shuffle@30439a4
26/03/02 03:15:20 INFO reduce.MergeManagerImpl: MergerManager: memoryLimit=334338464, maxSingleShuffleLimit=83584616, mergeThreshold=220663392, ioSortFactor=10, memToMemMergeOutputsThreshold=10
26/03/02 03:15:20 INFO reduce.EventFetcher: attempt_local1363366703_0009_r_000003_0 Thread started: EventFetcher for fetching Map Completion Events
26/03/02 03:15:20 INFO reduce.LocalFetcher: localfetcher#36 about to shuffle output of map attempt_local1363366703_0009_m_000000_0 decomp: 56 len: 60 to MEMORY
26/03/02 03:15:20 INFO reduce.InMemoryMapOutput: Read 56 bytes from map-output for attempt_local1363366703_0009_m_000000_0
26/03/02 03:15:20 INFO reduce.MergeManagerImpl: closeInMemoryFile -> map-output of size: 56, inMemoryMapOutputs.size() -> 1, commitMemory -> 0, usedMemory ->56
26/03/02 03:15:20 WARN io.ReadaheadPool: Failed readahead on ifile
EBADF: Bad file descriptor
	at org.apache.hadoop.io.nativeio.NativeIO$POSIX.posix_fadvise(Native Method)
	at org.apache.hadoop.io.nativeio.NativeIO$POSIX.posixFadviseIfPossible(NativeIO.java:267)
	at org.apache.hadoop.io.nativeio.NativeIO$POSIX$CacheManipulator.posixFadviseIfPossible(NativeIO.java:146)
	at org.apache.hadoop.io.ReadaheadPool$ReadaheadRequestImpl.run(ReadaheadPool.java:206)
	at java.util.concurrent.ThreadPoolExecutor.runWorker(ThreadPoolExecutor.java:1149)
	at java.util.concurrent.ThreadPoolExecutor$Worker.run(ThreadPoolExecutor.java:624)
	at java.lang.Thread.run(Thread.java:748)
26/03/02 03:15:20 INFO reduce.EventFetcher: EventFetcher is interrupted.. Returning
26/03/02 03:15:20 INFO mapred.LocalJobRunner: 1 / 1 copied.
26/03/02 03:15:20 INFO reduce.MergeManagerImpl: finalMerge called with 1 in-memory map-outputs and 0 on-disk map-outputs
26/03/02 03:15:20 INFO mapred.Merger: Merging 1 sorted segments
26/03/02 03:15:20 INFO mapred.Merger: Down to the last merge-pass, with 1 segments left of total size: 50 bytes
26/03/02 03:15:20 INFO reduce.MergeManagerImpl: Merged 1 segments, 56 bytes to disk to satisfy reduce memory limit
26/03/02 03:15:20 INFO reduce.MergeManagerImpl: Merging 1 files, 60 bytes from disk
26/03/02 03:15:20 INFO reduce.MergeManagerImpl: Merging 0 segments, 0 bytes from memory into reduce
26/03/02 03:15:20 INFO mapred.Merger: Merging 1 sorted segments
26/03/02 03:15:20 INFO mapred.Merger: Down to the last merge-pass, with 1 segments left of total size: 50 bytes
26/03/02 03:15:20 INFO mapred.LocalJobRunner: 1 / 1 copied.
26/03/02 03:15:20 INFO mapred.Task: Task:attempt_local1363366703_0009_r_000003_0 is done. And is in the process of committing
26/03/02 03:15:20 INFO mapred.LocalJobRunner: 1 / 1 copied.
26/03/02 03:15:20 INFO mapred.Task: Task attempt_local1363366703_0009_r_000003_0 is allowed to commit now
26/03/02 03:15:20 INFO output.FileOutputCommitter: Saved output of task 'attempt_local1363366703_0009_r_000003_0' to hdfs://localhost:9000/project2/task2/runs_true_k/k5_r30_opt_centers/iter_9/_temporary/0/task_local1363366703_0009_r_000003
26/03/02 03:15:20 INFO mapred.LocalJobRunner: reduce > reduce
26/03/02 03:15:20 INFO mapred.Task: Task 'attempt_local1363366703_0009_r_000003_0' done.
26/03/02 03:15:20 INFO mapred.Task: Final Counters for attempt_local1363366703_0009_r_000003_0: Counters: 29
	File System Counters
		FILE: Number of bytes read=1313262
		FILE: Number of bytes written=3971821
		FILE: Number of read operations=0
		FILE: Number of large read operations=0
		FILE: Number of write operations=0
		HDFS: Number of bytes read=6622127
		HDFS: Number of bytes written=7968
		HDFS: Number of read operations=481
		HDFS: Number of large read operations=0
		HDFS: Number of write operations=158
	Map-Reduce Framework
		Combine input records=0
		Combine output records=0
		Reduce input groups=1
		Reduce shuffle bytes=60
		Reduce input records=1
		Reduce output records=1
		Spilled Records=1
		Shuffled Maps =1
		Failed Shuffles=0
		Merged Map outputs=1
		GC time elapsed (ms)=0
		Total committed heap usage (bytes)=471334912
	Shuffle Errors
		BAD_ID=0
		CONNECTION=0
		IO_ERROR=0
		WRONG_LENGTH=0
		WRONG_MAP=0
		WRONG_REDUCE=0
	File Output Format Counters 
		Bytes Written=104
26/03/02 03:15:20 INFO mapred.LocalJobRunner: Finishing task: attempt_local1363366703_0009_r_000003_0
26/03/02 03:15:20 INFO mapred.LocalJobRunner: reduce task executor complete.
26/03/02 03:15:21 INFO mapreduce.Job: Job job_local1363366703_0009 running in uber mode : false
26/03/02 03:15:21 INFO mapreduce.Job:  map 100% reduce 100%
26/03/02 03:15:21 INFO mapreduce.Job: Job job_local1363366703_0009 completed successfully
26/03/02 03:15:21 INFO mapreduce.Job: Counters: 35
	File System Counters
		FILE: Number of bytes read=6563362
		FILE: Number of bytes written=19858451
		FILE: Number of read operations=0
		FILE: Number of large read operations=0
		FILE: Number of write operations=0
		HDFS: Number of bytes read=33110635
		HDFS: Number of bytes written=38706
		HDFS: Number of read operations=2375
		HDFS: Number of large read operations=0
		HDFS: Number of write operations=770
	Map-Reduce Framework
		Map input records=10000
		Map output records=10000
		Map output bytes=520000
		Map output materialized bytes=294
		Input split bytes=121
		Combine input records=10000
		Combine output records=5
		Reduce input groups=5
		Reduce shuffle bytes=294
		Reduce input records=5
		Reduce output records=5
		Spilled Records=10
		Shuffled Maps =4
		Failed Shuffles=0
		Merged Map outputs=4
		GC time elapsed (ms)=0
		Total committed heap usage (bytes)=2356674560
	Shuffle Errors
		BAD_ID=0
		CONNECTION=0
		IO_ERROR=0
		WRONG_LENGTH=0
		WRONG_MAP=0
		WRONG_REDUCE=0
	File Input Format Counters 
		Bytes Read=733758
	File Output Format Counters 
		Bytes Written=513
26/03/02 03:15:21 INFO jvm.JvmMetrics: Cannot initialize JVM Metrics with processName=JobTracker, sessionId= - already initialized
26/03/02 03:15:21 WARN mapreduce.JobResourceUploader: Hadoop command-line option parsing not performed. Implement the Tool interface and execute your application with ToolRunner to remedy this.
26/03/02 03:15:21 INFO input.FileInputFormat: Total input paths to process : 1
26/03/02 03:15:21 INFO mapreduce.JobSubmitter: number of splits:1
26/03/02 03:15:21 INFO mapreduce.JobSubmitter: Submitting tokens for job: job_local235860380_0010
26/03/02 03:15:21 INFO mapred.LocalDistributedCacheManager: Creating symlink: /tmp/hadoop-ds503/mapred/local/1772421321428/centers_iter_9.csv <- /home/ds503/centers_iter_9.csv
26/03/02 03:15:21 INFO mapred.LocalDistributedCacheManager: Localized hdfs://localhost:9000/project2/task2/runs_true_k/k5_r30_opt_centers/centers_iter_9.csv as file:/tmp/hadoop-ds503/mapred/local/1772421321428/centers_iter_9.csv
26/03/02 03:15:21 INFO mapreduce.Job: The url to track the job: http://localhost:8080/
26/03/02 03:15:21 INFO mapreduce.Job: Running job: job_local235860380_0010
26/03/02 03:15:21 INFO mapred.LocalJobRunner: OutputCommitter set in config null
26/03/02 03:15:21 INFO output.FileOutputCommitter: File Output Committer Algorithm version is 1
26/03/02 03:15:21 INFO mapred.LocalJobRunner: OutputCommitter is org.apache.hadoop.mapreduce.lib.output.FileOutputCommitter
26/03/02 03:15:21 INFO mapred.LocalJobRunner: Waiting for map tasks
26/03/02 03:15:21 INFO mapred.LocalJobRunner: Starting task: attempt_local235860380_0010_m_000000_0
26/03/02 03:15:21 INFO output.FileOutputCommitter: File Output Committer Algorithm version is 1
26/03/02 03:15:21 INFO mapred.Task:  Using ResourceCalculatorProcessTree : [ ]
26/03/02 03:15:21 INFO mapred.MapTask: Processing split: hdfs://localhost:9000/project2/task2/input/points_4d.csv:0+733758
26/03/02 03:15:21 INFO mapred.MapTask: (EQUATOR) 0 kvi 26214396(104857584)
26/03/02 03:15:21 INFO mapred.MapTask: mapreduce.task.io.sort.mb: 100
26/03/02 03:15:21 INFO mapred.MapTask: soft limit at 83886080
26/03/02 03:15:21 INFO mapred.MapTask: bufstart = 0; bufvoid = 104857600
26/03/02 03:15:21 INFO mapred.MapTask: kvstart = 26214396; length = 6553600
26/03/02 03:15:21 INFO mapred.MapTask: Map output collector class = org.apache.hadoop.mapred.MapTask$MapOutputBuffer
26/03/02 03:15:21 INFO mapred.LocalJobRunner: 
26/03/02 03:15:21 INFO mapred.MapTask: Starting flush of map output
26/03/02 03:15:21 INFO mapred.MapTask: Spilling map output
26/03/02 03:15:21 INFO mapred.MapTask: bufstart = 0; bufend = 520000; bufvoid = 104857600
26/03/02 03:15:21 INFO mapred.MapTask: kvstart = 26214396(104857584); kvend = 26174400(104697600); length = 39997/6553600
26/03/02 03:15:21 INFO mapred.MapTask: Finished spill 0
26/03/02 03:15:21 INFO mapred.Task: Task:attempt_local235860380_0010_m_000000_0 is done. And is in the process of committing
26/03/02 03:15:21 INFO mapred.LocalJobRunner: map
26/03/02 03:15:21 INFO mapred.Task: Task 'attempt_local235860380_0010_m_000000_0' done.
26/03/02 03:15:21 INFO mapred.Task: Final Counters for attempt_local235860380_0010_m_000000_0: Counters: 23
	File System Counters
		FILE: Number of bytes read=1457816
		FILE: Number of bytes written=4412317
		FILE: Number of read operations=0
		FILE: Number of large read operations=0
		FILE: Number of write operations=0
		HDFS: Number of bytes read=7358049
		HDFS: Number of bytes written=8349
		HDFS: Number of read operations=525
		HDFS: Number of large read operations=0
		HDFS: Number of write operations=168
	Map-Reduce Framework
		Map input records=10000
		Map output records=10000
		Map output bytes=520000
		Map output materialized bytes=294
		Input split bytes=121
		Combine input records=10000
		Combine output records=5
		Spilled Records=5
		Failed Shuffles=0
		Merged Map outputs=0
		GC time elapsed (ms)=2
		Total committed heap usage (bytes)=526385152
	File Input Format Counters 
		Bytes Read=733758
26/03/02 03:15:21 INFO mapred.LocalJobRunner: Finishing task: attempt_local235860380_0010_m_000000_0
26/03/02 03:15:21 INFO mapred.LocalJobRunner: map task executor complete.
26/03/02 03:15:21 INFO mapred.LocalJobRunner: Waiting for reduce tasks
26/03/02 03:15:21 INFO mapred.LocalJobRunner: Starting task: attempt_local235860380_0010_r_000000_0
26/03/02 03:15:21 INFO output.FileOutputCommitter: File Output Committer Algorithm version is 1
26/03/02 03:15:21 INFO mapred.Task:  Using ResourceCalculatorProcessTree : [ ]
26/03/02 03:15:21 INFO mapred.ReduceTask: Using ShuffleConsumerPlugin: org.apache.hadoop.mapreduce.task.reduce.Shuffle@1cc9c2bb
26/03/02 03:15:21 INFO reduce.MergeManagerImpl: MergerManager: memoryLimit=368469600, maxSingleShuffleLimit=92117400, mergeThreshold=243189952, ioSortFactor=10, memToMemMergeOutputsThreshold=10
26/03/02 03:15:21 INFO reduce.EventFetcher: attempt_local235860380_0010_r_000000_0 Thread started: EventFetcher for fetching Map Completion Events
26/03/02 03:15:21 INFO reduce.LocalFetcher: localfetcher#37 about to shuffle output of map attempt_local235860380_0010_m_000000_0 decomp: 110 len: 114 to MEMORY
26/03/02 03:15:21 INFO reduce.InMemoryMapOutput: Read 110 bytes from map-output for attempt_local235860380_0010_m_000000_0
26/03/02 03:15:21 INFO reduce.MergeManagerImpl: closeInMemoryFile -> map-output of size: 110, inMemoryMapOutputs.size() -> 1, commitMemory -> 0, usedMemory ->110
26/03/02 03:15:21 INFO reduce.EventFetcher: EventFetcher is interrupted.. Returning
26/03/02 03:15:21 INFO mapred.LocalJobRunner: 1 / 1 copied.
26/03/02 03:15:21 INFO reduce.MergeManagerImpl: finalMerge called with 1 in-memory map-outputs and 0 on-disk map-outputs
26/03/02 03:15:21 INFO mapred.Merger: Merging 1 sorted segments
26/03/02 03:15:21 INFO mapred.Merger: Down to the last merge-pass, with 1 segments left of total size: 104 bytes
26/03/02 03:15:21 INFO reduce.MergeManagerImpl: Merged 1 segments, 110 bytes to disk to satisfy reduce memory limit
26/03/02 03:15:21 INFO reduce.MergeManagerImpl: Merging 1 files, 114 bytes from disk
26/03/02 03:15:21 INFO reduce.MergeManagerImpl: Merging 0 segments, 0 bytes from memory into reduce
26/03/02 03:15:21 INFO mapred.Merger: Merging 1 sorted segments
26/03/02 03:15:21 INFO mapred.Merger: Down to the last merge-pass, with 1 segments left of total size: 104 bytes
26/03/02 03:15:21 INFO mapred.LocalJobRunner: 1 / 1 copied.
26/03/02 03:15:21 INFO mapred.Task: Task:attempt_local235860380_0010_r_000000_0 is done. And is in the process of committing
26/03/02 03:15:21 INFO mapred.LocalJobRunner: 1 / 1 copied.
26/03/02 03:15:21 INFO mapred.Task: Task attempt_local235860380_0010_r_000000_0 is allowed to commit now
26/03/02 03:15:21 INFO output.FileOutputCommitter: Saved output of task 'attempt_local235860380_0010_r_000000_0' to hdfs://localhost:9000/project2/task2/runs_true_k/k5_r30_opt_centers/iter_10/_temporary/0/task_local235860380_0010_r_000000
26/03/02 03:15:21 INFO mapred.LocalJobRunner: reduce > reduce
26/03/02 03:15:21 INFO mapred.Task: Task 'attempt_local235860380_0010_r_000000_0' done.
26/03/02 03:15:21 INFO mapred.Task: Final Counters for attempt_local235860380_0010_r_000000_0: Counters: 29
	File System Counters
		FILE: Number of bytes read=1458328
		FILE: Number of bytes written=4412431
		FILE: Number of read operations=0
		FILE: Number of large read operations=0
		FILE: Number of write operations=0
		HDFS: Number of bytes read=7358049
		HDFS: Number of bytes written=8553
		HDFS: Number of read operations=528
		HDFS: Number of large read operations=0
		HDFS: Number of write operations=170
	Map-Reduce Framework
		Combine input records=0
		Combine output records=0
		Reduce input groups=2
		Reduce shuffle bytes=114
		Reduce input records=2
		Reduce output records=2
		Spilled Records=2
		Shuffled Maps =1
		Failed Shuffles=0
		Merged Map outputs=1
		GC time elapsed (ms)=0
		Total committed heap usage (bytes)=526385152
	Shuffle Errors
		BAD_ID=0
		CONNECTION=0
		IO_ERROR=0
		WRONG_LENGTH=0
		WRONG_MAP=0
		WRONG_REDUCE=0
	File Output Format Counters 
		Bytes Written=204
26/03/02 03:15:21 INFO mapred.LocalJobRunner: Finishing task: attempt_local235860380_0010_r_000000_0
26/03/02 03:15:21 INFO mapred.LocalJobRunner: Starting task: attempt_local235860380_0010_r_000001_0
26/03/02 03:15:21 INFO output.FileOutputCommitter: File Output Committer Algorithm version is 1
26/03/02 03:15:21 INFO mapred.Task:  Using ResourceCalculatorProcessTree : [ ]
26/03/02 03:15:21 INFO mapred.ReduceTask: Using ShuffleConsumerPlugin: org.apache.hadoop.mapreduce.task.reduce.Shuffle@13de9ae
26/03/02 03:15:21 INFO reduce.MergeManagerImpl: MergerManager: memoryLimit=368469600, maxSingleShuffleLimit=92117400, mergeThreshold=243189952, ioSortFactor=10, memToMemMergeOutputsThreshold=10
26/03/02 03:15:21 INFO reduce.EventFetcher: attempt_local235860380_0010_r_000001_0 Thread started: EventFetcher for fetching Map Completion Events
26/03/02 03:15:21 INFO reduce.LocalFetcher: localfetcher#38 about to shuffle output of map attempt_local235860380_0010_m_000000_0 decomp: 56 len: 60 to MEMORY
26/03/02 03:15:21 INFO reduce.InMemoryMapOutput: Read 56 bytes from map-output for attempt_local235860380_0010_m_000000_0
26/03/02 03:15:21 INFO reduce.MergeManagerImpl: closeInMemoryFile -> map-output of size: 56, inMemoryMapOutputs.size() -> 1, commitMemory -> 0, usedMemory ->56
26/03/02 03:15:21 INFO reduce.EventFetcher: EventFetcher is interrupted.. Returning
26/03/02 03:15:21 INFO mapred.LocalJobRunner: 1 / 1 copied.
26/03/02 03:15:21 INFO reduce.MergeManagerImpl: finalMerge called with 1 in-memory map-outputs and 0 on-disk map-outputs
26/03/02 03:15:21 INFO mapred.Merger: Merging 1 sorted segments
26/03/02 03:15:21 INFO mapred.Merger: Down to the last merge-pass, with 1 segments left of total size: 50 bytes
26/03/02 03:15:21 INFO reduce.MergeManagerImpl: Merged 1 segments, 56 bytes to disk to satisfy reduce memory limit
26/03/02 03:15:21 INFO reduce.MergeManagerImpl: Merging 1 files, 60 bytes from disk
26/03/02 03:15:21 INFO reduce.MergeManagerImpl: Merging 0 segments, 0 bytes from memory into reduce
26/03/02 03:15:21 INFO mapred.Merger: Merging 1 sorted segments
26/03/02 03:15:21 INFO mapred.Merger: Down to the last merge-pass, with 1 segments left of total size: 50 bytes
26/03/02 03:15:21 INFO mapred.LocalJobRunner: 1 / 1 copied.
26/03/02 03:15:21 INFO mapred.Task: Task:attempt_local235860380_0010_r_000001_0 is done. And is in the process of committing
26/03/02 03:15:21 INFO mapred.LocalJobRunner: 1 / 1 copied.
26/03/02 03:15:21 INFO mapred.Task: Task attempt_local235860380_0010_r_000001_0 is allowed to commit now
26/03/02 03:15:21 INFO output.FileOutputCommitter: Saved output of task 'attempt_local235860380_0010_r_000001_0' to hdfs://localhost:9000/project2/task2/runs_true_k/k5_r30_opt_centers/iter_10/_temporary/0/task_local235860380_0010_r_000001
26/03/02 03:15:21 INFO mapred.LocalJobRunner: reduce > reduce
26/03/02 03:15:21 INFO mapred.Task: Task 'attempt_local235860380_0010_r_000001_0' done.
26/03/02 03:15:21 INFO mapred.Task: Final Counters for attempt_local235860380_0010_r_000001_0: Counters: 29
	File System Counters
		FILE: Number of bytes read=1458672
		FILE: Number of bytes written=4412491
		FILE: Number of read operations=0
		FILE: Number of large read operations=0
		FILE: Number of write operations=0
		HDFS: Number of bytes read=7358049
		HDFS: Number of bytes written=8654
		HDFS: Number of read operations=531
		HDFS: Number of large read operations=0
		HDFS: Number of write operations=172
	Map-Reduce Framework
		Combine input records=0
		Combine output records=0
		Reduce input groups=1
		Reduce shuffle bytes=60
		Reduce input records=1
		Reduce output records=1
		Spilled Records=1
		Shuffled Maps =1
		Failed Shuffles=0
		Merged Map outputs=1
		GC time elapsed (ms)=0
		Total committed heap usage (bytes)=526385152
	Shuffle Errors
		BAD_ID=0
		CONNECTION=0
		IO_ERROR=0
		WRONG_LENGTH=0
		WRONG_MAP=0
		WRONG_REDUCE=0
	File Output Format Counters 
		Bytes Written=101
26/03/02 03:15:21 INFO mapred.LocalJobRunner: Finishing task: attempt_local235860380_0010_r_000001_0
26/03/02 03:15:21 INFO mapred.LocalJobRunner: Starting task: attempt_local235860380_0010_r_000002_0
26/03/02 03:15:21 INFO output.FileOutputCommitter: File Output Committer Algorithm version is 1
26/03/02 03:15:21 INFO mapred.Task:  Using ResourceCalculatorProcessTree : [ ]
26/03/02 03:15:21 INFO mapred.ReduceTask: Using ShuffleConsumerPlugin: org.apache.hadoop.mapreduce.task.reduce.Shuffle@79cea01b
26/03/02 03:15:21 INFO reduce.MergeManagerImpl: MergerManager: memoryLimit=368469600, maxSingleShuffleLimit=92117400, mergeThreshold=243189952, ioSortFactor=10, memToMemMergeOutputsThreshold=10
26/03/02 03:15:21 INFO reduce.EventFetcher: attempt_local235860380_0010_r_000002_0 Thread started: EventFetcher for fetching Map Completion Events
26/03/02 03:15:21 INFO reduce.LocalFetcher: localfetcher#39 about to shuffle output of map attempt_local235860380_0010_m_000000_0 decomp: 56 len: 60 to MEMORY
26/03/02 03:15:21 INFO reduce.InMemoryMapOutput: Read 56 bytes from map-output for attempt_local235860380_0010_m_000000_0
26/03/02 03:15:21 INFO reduce.MergeManagerImpl: closeInMemoryFile -> map-output of size: 56, inMemoryMapOutputs.size() -> 1, commitMemory -> 0, usedMemory ->56
26/03/02 03:15:21 INFO reduce.EventFetcher: EventFetcher is interrupted.. Returning
26/03/02 03:15:21 INFO mapred.LocalJobRunner: 1 / 1 copied.
26/03/02 03:15:21 INFO reduce.MergeManagerImpl: finalMerge called with 1 in-memory map-outputs and 0 on-disk map-outputs
26/03/02 03:15:21 INFO mapred.Merger: Merging 1 sorted segments
26/03/02 03:15:21 INFO mapred.Merger: Down to the last merge-pass, with 1 segments left of total size: 50 bytes
26/03/02 03:15:21 INFO reduce.MergeManagerImpl: Merged 1 segments, 56 bytes to disk to satisfy reduce memory limit
26/03/02 03:15:21 INFO reduce.MergeManagerImpl: Merging 1 files, 60 bytes from disk
26/03/02 03:15:21 INFO reduce.MergeManagerImpl: Merging 0 segments, 0 bytes from memory into reduce
26/03/02 03:15:21 INFO mapred.Merger: Merging 1 sorted segments
26/03/02 03:15:21 INFO mapred.Merger: Down to the last merge-pass, with 1 segments left of total size: 50 bytes
26/03/02 03:15:21 INFO mapred.LocalJobRunner: 1 / 1 copied.
26/03/02 03:15:21 INFO mapred.Task: Task:attempt_local235860380_0010_r_000002_0 is done. And is in the process of committing
26/03/02 03:15:21 INFO mapred.LocalJobRunner: 1 / 1 copied.
26/03/02 03:15:21 INFO mapred.Task: Task attempt_local235860380_0010_r_000002_0 is allowed to commit now
26/03/02 03:15:21 INFO output.FileOutputCommitter: Saved output of task 'attempt_local235860380_0010_r_000002_0' to hdfs://localhost:9000/project2/task2/runs_true_k/k5_r30_opt_centers/iter_10/_temporary/0/task_local235860380_0010_r_000002
26/03/02 03:15:21 INFO mapred.LocalJobRunner: reduce > reduce
26/03/02 03:15:21 INFO mapred.Task: Task 'attempt_local235860380_0010_r_000002_0' done.
26/03/02 03:15:21 INFO mapred.Task: Final Counters for attempt_local235860380_0010_r_000002_0: Counters: 29
	File System Counters
		FILE: Number of bytes read=1458956
		FILE: Number of bytes written=4412551
		FILE: Number of read operations=0
		FILE: Number of large read operations=0
		FILE: Number of write operations=0
		HDFS: Number of bytes read=7358049
		HDFS: Number of bytes written=8754
		HDFS: Number of read operations=534
		HDFS: Number of large read operations=0
		HDFS: Number of write operations=174
	Map-Reduce Framework
		Combine input records=0
		Combine output records=0
		Reduce input groups=1
		Reduce shuffle bytes=60
		Reduce input records=1
		Reduce output records=1
		Spilled Records=1
		Shuffled Maps =1
		Failed Shuffles=0
		Merged Map outputs=1
		GC time elapsed (ms)=0
		Total committed heap usage (bytes)=526385152
	Shuffle Errors
		BAD_ID=0
		CONNECTION=0
		IO_ERROR=0
		WRONG_LENGTH=0
		WRONG_MAP=0
		WRONG_REDUCE=0
	File Output Format Counters 
		Bytes Written=100
26/03/02 03:15:21 INFO mapred.LocalJobRunner: Finishing task: attempt_local235860380_0010_r_000002_0
26/03/02 03:15:21 INFO mapred.LocalJobRunner: Starting task: attempt_local235860380_0010_r_000003_0
26/03/02 03:15:21 INFO output.FileOutputCommitter: File Output Committer Algorithm version is 1
26/03/02 03:15:21 INFO mapred.Task:  Using ResourceCalculatorProcessTree : [ ]
26/03/02 03:15:21 INFO mapred.ReduceTask: Using ShuffleConsumerPlugin: org.apache.hadoop.mapreduce.task.reduce.Shuffle@5d022572
26/03/02 03:15:21 INFO reduce.MergeManagerImpl: MergerManager: memoryLimit=368469600, maxSingleShuffleLimit=92117400, mergeThreshold=243189952, ioSortFactor=10, memToMemMergeOutputsThreshold=10
26/03/02 03:15:21 INFO reduce.EventFetcher: attempt_local235860380_0010_r_000003_0 Thread started: EventFetcher for fetching Map Completion Events
26/03/02 03:15:21 INFO reduce.LocalFetcher: localfetcher#40 about to shuffle output of map attempt_local235860380_0010_m_000000_0 decomp: 56 len: 60 to MEMORY
26/03/02 03:15:21 INFO reduce.InMemoryMapOutput: Read 56 bytes from map-output for attempt_local235860380_0010_m_000000_0
26/03/02 03:15:21 INFO reduce.MergeManagerImpl: closeInMemoryFile -> map-output of size: 56, inMemoryMapOutputs.size() -> 1, commitMemory -> 0, usedMemory ->56
26/03/02 03:15:21 INFO reduce.EventFetcher: EventFetcher is interrupted.. Returning
26/03/02 03:15:21 INFO mapred.LocalJobRunner: 1 / 1 copied.
26/03/02 03:15:21 INFO reduce.MergeManagerImpl: finalMerge called with 1 in-memory map-outputs and 0 on-disk map-outputs
26/03/02 03:15:21 INFO mapred.Merger: Merging 1 sorted segments
26/03/02 03:15:21 INFO mapred.Merger: Down to the last merge-pass, with 1 segments left of total size: 50 bytes
26/03/02 03:15:21 INFO reduce.MergeManagerImpl: Merged 1 segments, 56 bytes to disk to satisfy reduce memory limit
26/03/02 03:15:21 INFO reduce.MergeManagerImpl: Merging 1 files, 60 bytes from disk
26/03/02 03:15:21 INFO reduce.MergeManagerImpl: Merging 0 segments, 0 bytes from memory into reduce
26/03/02 03:15:21 INFO mapred.Merger: Merging 1 sorted segments
26/03/02 03:15:21 INFO mapred.Merger: Down to the last merge-pass, with 1 segments left of total size: 50 bytes
26/03/02 03:15:21 INFO mapred.LocalJobRunner: 1 / 1 copied.
26/03/02 03:15:21 INFO mapred.Task: Task:attempt_local235860380_0010_r_000003_0 is done. And is in the process of committing
26/03/02 03:15:21 INFO mapred.LocalJobRunner: 1 / 1 copied.
26/03/02 03:15:21 INFO mapred.Task: Task attempt_local235860380_0010_r_000003_0 is allowed to commit now
26/03/02 03:15:21 INFO output.FileOutputCommitter: Saved output of task 'attempt_local235860380_0010_r_000003_0' to hdfs://localhost:9000/project2/task2/runs_true_k/k5_r30_opt_centers/iter_10/_temporary/0/task_local235860380_0010_r_000003
26/03/02 03:15:21 INFO mapred.LocalJobRunner: reduce > reduce
26/03/02 03:15:21 INFO mapred.Task: Task 'attempt_local235860380_0010_r_000003_0' done.
26/03/02 03:15:21 INFO mapred.Task: Final Counters for attempt_local235860380_0010_r_000003_0: Counters: 29
	File System Counters
		FILE: Number of bytes read=1459180
		FILE: Number of bytes written=4412611
		FILE: Number of read operations=0
		FILE: Number of large read operations=0
		FILE: Number of write operations=0
		HDFS: Number of bytes read=7358049
		HDFS: Number of bytes written=8858
		HDFS: Number of read operations=537
		HDFS: Number of large read operations=0
		HDFS: Number of write operations=176
	Map-Reduce Framework
		Combine input records=0
		Combine output records=0
		Reduce input groups=1
		Reduce shuffle bytes=60
		Reduce input records=1
		Reduce output records=1
		Spilled Records=1
		Shuffled Maps =1
		Failed Shuffles=0
		Merged Map outputs=1
		GC time elapsed (ms)=0
		Total committed heap usage (bytes)=526385152
	Shuffle Errors
		BAD_ID=0
		CONNECTION=0
		IO_ERROR=0
		WRONG_LENGTH=0
		WRONG_MAP=0
		WRONG_REDUCE=0
	File Output Format Counters 
		Bytes Written=104
26/03/02 03:15:21 INFO mapred.LocalJobRunner: Finishing task: attempt_local235860380_0010_r_000003_0
26/03/02 03:15:21 INFO mapred.LocalJobRunner: reduce task executor complete.
26/03/02 03:15:23 INFO mapreduce.Job: Job job_local235860380_0010 running in uber mode : false
26/03/02 03:15:23 INFO mapreduce.Job:  map 100% reduce 100%
26/03/02 03:15:23 INFO mapreduce.Job: Job job_local235860380_0010 completed successfully
26/03/02 03:15:23 INFO mapreduce.Job: Counters: 35
	File System Counters
		FILE: Number of bytes read=7292952
		FILE: Number of bytes written=22062401
		FILE: Number of read operations=0
		FILE: Number of large read operations=0
		FILE: Number of write operations=0
		HDFS: Number of bytes read=36790245
		HDFS: Number of bytes written=43168
		HDFS: Number of read operations=2655
		HDFS: Number of large read operations=0
		HDFS: Number of write operations=860
	Map-Reduce Framework
		Map input records=10000
		Map output records=10000
		Map output bytes=520000
		Map output materialized bytes=294
		Input split bytes=121
		Combine input records=10000
		Combine output records=5
		Reduce input groups=5
		Reduce shuffle bytes=294
		Reduce input records=5
		Reduce output records=5
		Spilled Records=10
		Shuffled Maps =4
		Failed Shuffles=0
		Merged Map outputs=4
		GC time elapsed (ms)=2
		Total committed heap usage (bytes)=2631925760
	Shuffle Errors
		BAD_ID=0
		CONNECTION=0
		IO_ERROR=0
		WRONG_LENGTH=0
		WRONG_MAP=0
		WRONG_REDUCE=0
	File Input Format Counters 
		Bytes Read=733758
	File Output Format Counters 
		Bytes Written=509
26/03/02 03:15:23 INFO jvm.JvmMetrics: Cannot initialize JVM Metrics with processName=JobTracker, sessionId= - already initialized
26/03/02 03:15:23 WARN mapreduce.JobResourceUploader: Hadoop command-line option parsing not performed. Implement the Tool interface and execute your application with ToolRunner to remedy this.
26/03/02 03:15:23 INFO input.FileInputFormat: Total input paths to process : 1
26/03/02 03:15:23 INFO mapreduce.JobSubmitter: number of splits:1
26/03/02 03:15:23 INFO mapreduce.JobSubmitter: Submitting tokens for job: job_local437447364_0011
26/03/02 03:15:23 INFO mapred.LocalDistributedCacheManager: Creating symlink: /tmp/hadoop-ds503/mapred/local/1772421323251/centers_iter_10.csv <- /home/ds503/centers_iter_10.csv
26/03/02 03:15:23 INFO mapred.LocalDistributedCacheManager: Localized hdfs://localhost:9000/project2/task2/runs_true_k/k5_r30_opt_centers/centers_iter_10.csv as file:/tmp/hadoop-ds503/mapred/local/1772421323251/centers_iter_10.csv
26/03/02 03:15:23 INFO mapreduce.Job: The url to track the job: http://localhost:8080/
26/03/02 03:15:23 INFO mapreduce.Job: Running job: job_local437447364_0011
26/03/02 03:15:23 INFO mapred.LocalJobRunner: OutputCommitter set in config null
26/03/02 03:15:23 INFO output.FileOutputCommitter: File Output Committer Algorithm version is 1
26/03/02 03:15:23 INFO mapred.LocalJobRunner: OutputCommitter is org.apache.hadoop.mapreduce.lib.output.FileOutputCommitter
26/03/02 03:15:23 INFO mapred.LocalJobRunner: Waiting for map tasks
26/03/02 03:15:23 INFO mapred.LocalJobRunner: Starting task: attempt_local437447364_0011_m_000000_0
26/03/02 03:15:23 INFO output.FileOutputCommitter: File Output Committer Algorithm version is 1
26/03/02 03:15:23 INFO mapred.Task:  Using ResourceCalculatorProcessTree : [ ]
26/03/02 03:15:23 INFO mapred.MapTask: Processing split: hdfs://localhost:9000/project2/task2/input/points_4d.csv:0+733758
26/03/02 03:15:23 INFO mapred.MapTask: (EQUATOR) 0 kvi 26214396(104857584)
26/03/02 03:15:23 INFO mapred.MapTask: mapreduce.task.io.sort.mb: 100
26/03/02 03:15:23 INFO mapred.MapTask: soft limit at 83886080
26/03/02 03:15:23 INFO mapred.MapTask: bufstart = 0; bufvoid = 104857600
26/03/02 03:15:23 INFO mapred.MapTask: kvstart = 26214396; length = 6553600
26/03/02 03:15:23 INFO mapred.MapTask: Map output collector class = org.apache.hadoop.mapred.MapTask$MapOutputBuffer
26/03/02 03:15:23 INFO mapred.LocalJobRunner: 
26/03/02 03:15:23 INFO mapred.MapTask: Starting flush of map output
26/03/02 03:15:23 INFO mapred.MapTask: Spilling map output
26/03/02 03:15:23 INFO mapred.MapTask: bufstart = 0; bufend = 520000; bufvoid = 104857600
26/03/02 03:15:23 INFO mapred.MapTask: kvstart = 26214396(104857584); kvend = 26174400(104697600); length = 39997/6553600
26/03/02 03:15:23 INFO mapred.MapTask: Finished spill 0
26/03/02 03:15:23 INFO mapred.Task: Task:attempt_local437447364_0011_m_000000_0 is done. And is in the process of committing
26/03/02 03:15:23 INFO mapred.LocalJobRunner: map
26/03/02 03:15:23 INFO mapred.Task: Task 'attempt_local437447364_0011_m_000000_0' done.
26/03/02 03:15:23 INFO mapred.Task: Final Counters for attempt_local437447364_0011_m_000000_0: Counters: 23
	File System Counters
		FILE: Number of bytes read=1603734
		FILE: Number of bytes written=4853108
		FILE: Number of read operations=0
		FILE: Number of large read operations=0
		FILE: Number of write operations=0
		HDFS: Number of bytes read=8093964
		HDFS: Number of bytes written=9237
		HDFS: Number of read operations=581
		HDFS: Number of large read operations=0
		HDFS: Number of write operations=186
	Map-Reduce Framework
		Map input records=10000
		Map output records=10000
		Map output bytes=520000
		Map output materialized bytes=294
		Input split bytes=121
		Combine input records=10000
		Combine output records=5
		Spilled Records=5
		Failed Shuffles=0
		Merged Map outputs=0
		GC time elapsed (ms)=2
		Total committed heap usage (bytes)=525336576
	File Input Format Counters 
		Bytes Read=733758
26/03/02 03:15:23 INFO mapred.LocalJobRunner: Finishing task: attempt_local437447364_0011_m_000000_0
26/03/02 03:15:23 INFO mapred.LocalJobRunner: map task executor complete.
26/03/02 03:15:23 INFO mapred.LocalJobRunner: Waiting for reduce tasks
26/03/02 03:15:23 INFO mapred.LocalJobRunner: Starting task: attempt_local437447364_0011_r_000000_0
26/03/02 03:15:23 INFO output.FileOutputCommitter: File Output Committer Algorithm version is 1
26/03/02 03:15:23 INFO mapred.Task:  Using ResourceCalculatorProcessTree : [ ]
26/03/02 03:15:23 INFO mapred.ReduceTask: Using ShuffleConsumerPlugin: org.apache.hadoop.mapreduce.task.reduce.Shuffle@2d6c5ea7
26/03/02 03:15:23 INFO reduce.MergeManagerImpl: MergerManager: memoryLimit=367735584, maxSingleShuffleLimit=91933896, mergeThreshold=242705488, ioSortFactor=10, memToMemMergeOutputsThreshold=10
26/03/02 03:15:23 INFO reduce.EventFetcher: attempt_local437447364_0011_r_000000_0 Thread started: EventFetcher for fetching Map Completion Events
26/03/02 03:15:23 INFO reduce.LocalFetcher: localfetcher#41 about to shuffle output of map attempt_local437447364_0011_m_000000_0 decomp: 110 len: 114 to MEMORY
26/03/02 03:15:23 INFO reduce.InMemoryMapOutput: Read 110 bytes from map-output for attempt_local437447364_0011_m_000000_0
26/03/02 03:15:23 INFO reduce.MergeManagerImpl: closeInMemoryFile -> map-output of size: 110, inMemoryMapOutputs.size() -> 1, commitMemory -> 0, usedMemory ->110
26/03/02 03:15:23 INFO reduce.EventFetcher: EventFetcher is interrupted.. Returning
26/03/02 03:15:23 INFO mapred.LocalJobRunner: 1 / 1 copied.
26/03/02 03:15:23 INFO reduce.MergeManagerImpl: finalMerge called with 1 in-memory map-outputs and 0 on-disk map-outputs
26/03/02 03:15:23 INFO mapred.Merger: Merging 1 sorted segments
26/03/02 03:15:23 INFO mapred.Merger: Down to the last merge-pass, with 1 segments left of total size: 104 bytes
26/03/02 03:15:23 INFO reduce.MergeManagerImpl: Merged 1 segments, 110 bytes to disk to satisfy reduce memory limit
26/03/02 03:15:23 INFO reduce.MergeManagerImpl: Merging 1 files, 114 bytes from disk
26/03/02 03:15:23 INFO reduce.MergeManagerImpl: Merging 0 segments, 0 bytes from memory into reduce
26/03/02 03:15:23 INFO mapred.Merger: Merging 1 sorted segments
26/03/02 03:15:23 INFO mapred.Merger: Down to the last merge-pass, with 1 segments left of total size: 104 bytes
26/03/02 03:15:23 INFO mapred.LocalJobRunner: 1 / 1 copied.
26/03/02 03:15:23 INFO mapred.Task: Task:attempt_local437447364_0011_r_000000_0 is done. And is in the process of committing
26/03/02 03:15:23 INFO mapred.LocalJobRunner: 1 / 1 copied.
26/03/02 03:15:23 INFO mapred.Task: Task attempt_local437447364_0011_r_000000_0 is allowed to commit now
26/03/02 03:15:23 INFO output.FileOutputCommitter: Saved output of task 'attempt_local437447364_0011_r_000000_0' to hdfs://localhost:9000/project2/task2/runs_true_k/k5_r30_opt_centers/iter_11/_temporary/0/task_local437447364_0011_r_000000
26/03/02 03:15:23 INFO mapred.LocalJobRunner: reduce > reduce
26/03/02 03:15:23 INFO mapred.Task: Task 'attempt_local437447364_0011_r_000000_0' done.
26/03/02 03:15:23 INFO mapred.Task: Final Counters for attempt_local437447364_0011_r_000000_0: Counters: 29
	File System Counters
		FILE: Number of bytes read=1604246
		FILE: Number of bytes written=4853222
		FILE: Number of read operations=0
		FILE: Number of large read operations=0
		FILE: Number of write operations=0
		HDFS: Number of bytes read=8093964
		HDFS: Number of bytes written=9441
		HDFS: Number of read operations=584
		HDFS: Number of large read operations=0
		HDFS: Number of write operations=188
	Map-Reduce Framework
		Combine input records=0
		Combine output records=0
		Reduce input groups=2
		Reduce shuffle bytes=114
		Reduce input records=2
		Reduce output records=2
		Spilled Records=2
		Shuffled Maps =1
		Failed Shuffles=0
		Merged Map outputs=1
		GC time elapsed (ms)=0
		Total committed heap usage (bytes)=525336576
	Shuffle Errors
		BAD_ID=0
		CONNECTION=0
		IO_ERROR=0
		WRONG_LENGTH=0
		WRONG_MAP=0
		WRONG_REDUCE=0
	File Output Format Counters 
		Bytes Written=204
26/03/02 03:15:23 INFO mapred.LocalJobRunner: Finishing task: attempt_local437447364_0011_r_000000_0
26/03/02 03:15:23 INFO mapred.LocalJobRunner: Starting task: attempt_local437447364_0011_r_000001_0
26/03/02 03:15:23 INFO output.FileOutputCommitter: File Output Committer Algorithm version is 1
26/03/02 03:15:23 INFO mapred.Task:  Using ResourceCalculatorProcessTree : [ ]
26/03/02 03:15:23 INFO mapred.ReduceTask: Using ShuffleConsumerPlugin: org.apache.hadoop.mapreduce.task.reduce.Shuffle@2d404cd2
26/03/02 03:15:23 INFO reduce.MergeManagerImpl: MergerManager: memoryLimit=367735584, maxSingleShuffleLimit=91933896, mergeThreshold=242705488, ioSortFactor=10, memToMemMergeOutputsThreshold=10
26/03/02 03:15:23 INFO reduce.EventFetcher: attempt_local437447364_0011_r_000001_0 Thread started: EventFetcher for fetching Map Completion Events
26/03/02 03:15:23 INFO reduce.LocalFetcher: localfetcher#42 about to shuffle output of map attempt_local437447364_0011_m_000000_0 decomp: 56 len: 60 to MEMORY
26/03/02 03:15:23 INFO reduce.InMemoryMapOutput: Read 56 bytes from map-output for attempt_local437447364_0011_m_000000_0
26/03/02 03:15:23 INFO reduce.MergeManagerImpl: closeInMemoryFile -> map-output of size: 56, inMemoryMapOutputs.size() -> 1, commitMemory -> 0, usedMemory ->56
26/03/02 03:15:23 INFO reduce.EventFetcher: EventFetcher is interrupted.. Returning
26/03/02 03:15:23 INFO mapred.LocalJobRunner: 1 / 1 copied.
26/03/02 03:15:23 INFO reduce.MergeManagerImpl: finalMerge called with 1 in-memory map-outputs and 0 on-disk map-outputs
26/03/02 03:15:23 INFO mapred.Merger: Merging 1 sorted segments
26/03/02 03:15:23 INFO mapred.Merger: Down to the last merge-pass, with 1 segments left of total size: 50 bytes
26/03/02 03:15:23 INFO reduce.MergeManagerImpl: Merged 1 segments, 56 bytes to disk to satisfy reduce memory limit
26/03/02 03:15:23 INFO reduce.MergeManagerImpl: Merging 1 files, 60 bytes from disk
26/03/02 03:15:23 INFO reduce.MergeManagerImpl: Merging 0 segments, 0 bytes from memory into reduce
26/03/02 03:15:23 INFO mapred.Merger: Merging 1 sorted segments
26/03/02 03:15:23 INFO mapred.Merger: Down to the last merge-pass, with 1 segments left of total size: 50 bytes
26/03/02 03:15:23 INFO mapred.LocalJobRunner: 1 / 1 copied.
26/03/02 03:15:24 INFO mapred.Task: Task:attempt_local437447364_0011_r_000001_0 is done. And is in the process of committing
26/03/02 03:15:24 INFO mapred.LocalJobRunner: 1 / 1 copied.
26/03/02 03:15:24 INFO mapred.Task: Task attempt_local437447364_0011_r_000001_0 is allowed to commit now
26/03/02 03:15:24 INFO output.FileOutputCommitter: Saved output of task 'attempt_local437447364_0011_r_000001_0' to hdfs://localhost:9000/project2/task2/runs_true_k/k5_r30_opt_centers/iter_11/_temporary/0/task_local437447364_0011_r_000001
26/03/02 03:15:24 INFO mapred.LocalJobRunner: reduce > reduce
26/03/02 03:15:24 INFO mapred.Task: Task 'attempt_local437447364_0011_r_000001_0' done.
26/03/02 03:15:24 INFO mapred.Task: Final Counters for attempt_local437447364_0011_r_000001_0: Counters: 29
	File System Counters
		FILE: Number of bytes read=1604590
		FILE: Number of bytes written=4853282
		FILE: Number of read operations=0
		FILE: Number of large read operations=0
		FILE: Number of write operations=0
		HDFS: Number of bytes read=8093964
		HDFS: Number of bytes written=9543
		HDFS: Number of read operations=587
		HDFS: Number of large read operations=0
		HDFS: Number of write operations=190
	Map-Reduce Framework
		Combine input records=0
		Combine output records=0
		Reduce input groups=1
		Reduce shuffle bytes=60
		Reduce input records=1
		Reduce output records=1
		Spilled Records=1
		Shuffled Maps =1
		Failed Shuffles=0
		Merged Map outputs=1
		GC time elapsed (ms)=0
		Total committed heap usage (bytes)=525336576
	Shuffle Errors
		BAD_ID=0
		CONNECTION=0
		IO_ERROR=0
		WRONG_LENGTH=0
		WRONG_MAP=0
		WRONG_REDUCE=0
	File Output Format Counters 
		Bytes Written=102
26/03/02 03:15:24 INFO mapred.LocalJobRunner: Finishing task: attempt_local437447364_0011_r_000001_0
26/03/02 03:15:24 INFO mapred.LocalJobRunner: Starting task: attempt_local437447364_0011_r_000002_0
26/03/02 03:15:24 INFO output.FileOutputCommitter: File Output Committer Algorithm version is 1
26/03/02 03:15:24 INFO mapred.Task:  Using ResourceCalculatorProcessTree : [ ]
26/03/02 03:15:24 INFO mapred.ReduceTask: Using ShuffleConsumerPlugin: org.apache.hadoop.mapreduce.task.reduce.Shuffle@55021148
26/03/02 03:15:24 INFO reduce.MergeManagerImpl: MergerManager: memoryLimit=367735584, maxSingleShuffleLimit=91933896, mergeThreshold=242705488, ioSortFactor=10, memToMemMergeOutputsThreshold=10
26/03/02 03:15:24 INFO reduce.EventFetcher: attempt_local437447364_0011_r_000002_0 Thread started: EventFetcher for fetching Map Completion Events
26/03/02 03:15:24 INFO reduce.LocalFetcher: localfetcher#43 about to shuffle output of map attempt_local437447364_0011_m_000000_0 decomp: 56 len: 60 to MEMORY
26/03/02 03:15:24 INFO reduce.InMemoryMapOutput: Read 56 bytes from map-output for attempt_local437447364_0011_m_000000_0
26/03/02 03:15:24 INFO reduce.MergeManagerImpl: closeInMemoryFile -> map-output of size: 56, inMemoryMapOutputs.size() -> 1, commitMemory -> 0, usedMemory ->56
26/03/02 03:15:24 INFO reduce.EventFetcher: EventFetcher is interrupted.. Returning
26/03/02 03:15:24 INFO mapred.LocalJobRunner: 1 / 1 copied.
26/03/02 03:15:24 INFO reduce.MergeManagerImpl: finalMerge called with 1 in-memory map-outputs and 0 on-disk map-outputs
26/03/02 03:15:24 INFO mapred.Merger: Merging 1 sorted segments
26/03/02 03:15:24 INFO mapred.Merger: Down to the last merge-pass, with 1 segments left of total size: 50 bytes
26/03/02 03:15:24 INFO reduce.MergeManagerImpl: Merged 1 segments, 56 bytes to disk to satisfy reduce memory limit
26/03/02 03:15:24 INFO reduce.MergeManagerImpl: Merging 1 files, 60 bytes from disk
26/03/02 03:15:24 INFO reduce.MergeManagerImpl: Merging 0 segments, 0 bytes from memory into reduce
26/03/02 03:15:24 INFO mapred.Merger: Merging 1 sorted segments
26/03/02 03:15:24 INFO mapred.Merger: Down to the last merge-pass, with 1 segments left of total size: 50 bytes
26/03/02 03:15:24 INFO mapred.LocalJobRunner: 1 / 1 copied.
26/03/02 03:15:24 INFO mapred.Task: Task:attempt_local437447364_0011_r_000002_0 is done. And is in the process of committing
26/03/02 03:15:24 INFO mapred.LocalJobRunner: 1 / 1 copied.
26/03/02 03:15:24 INFO mapred.Task: Task attempt_local437447364_0011_r_000002_0 is allowed to commit now
26/03/02 03:15:24 INFO output.FileOutputCommitter: Saved output of task 'attempt_local437447364_0011_r_000002_0' to hdfs://localhost:9000/project2/task2/runs_true_k/k5_r30_opt_centers/iter_11/_temporary/0/task_local437447364_0011_r_000002
26/03/02 03:15:24 INFO mapred.LocalJobRunner: reduce > reduce
26/03/02 03:15:24 INFO mapred.Task: Task 'attempt_local437447364_0011_r_000002_0' done.
26/03/02 03:15:24 INFO mapred.Task: Final Counters for attempt_local437447364_0011_r_000002_0: Counters: 29
	File System Counters
		FILE: Number of bytes read=1604874
		FILE: Number of bytes written=4853342
		FILE: Number of read operations=0
		FILE: Number of large read operations=0
		FILE: Number of write operations=0
		HDFS: Number of bytes read=8093964
		HDFS: Number of bytes written=9644
		HDFS: Number of read operations=590
		HDFS: Number of large read operations=0
		HDFS: Number of write operations=192
	Map-Reduce Framework
		Combine input records=0
		Combine output records=0
		Reduce input groups=1
		Reduce shuffle bytes=60
		Reduce input records=1
		Reduce output records=1
		Spilled Records=1
		Shuffled Maps =1
		Failed Shuffles=0
		Merged Map outputs=1
		GC time elapsed (ms)=0
		Total committed heap usage (bytes)=525336576
	Shuffle Errors
		BAD_ID=0
		CONNECTION=0
		IO_ERROR=0
		WRONG_LENGTH=0
		WRONG_MAP=0
		WRONG_REDUCE=0
	File Output Format Counters 
		Bytes Written=101
26/03/02 03:15:24 INFO mapred.LocalJobRunner: Finishing task: attempt_local437447364_0011_r_000002_0
26/03/02 03:15:24 INFO mapred.LocalJobRunner: Starting task: attempt_local437447364_0011_r_000003_0
26/03/02 03:15:24 INFO output.FileOutputCommitter: File Output Committer Algorithm version is 1
26/03/02 03:15:24 INFO mapred.Task:  Using ResourceCalculatorProcessTree : [ ]
26/03/02 03:15:24 INFO mapred.ReduceTask: Using ShuffleConsumerPlugin: org.apache.hadoop.mapreduce.task.reduce.Shuffle@2d30aa57
26/03/02 03:15:24 INFO reduce.MergeManagerImpl: MergerManager: memoryLimit=367735584, maxSingleShuffleLimit=91933896, mergeThreshold=242705488, ioSortFactor=10, memToMemMergeOutputsThreshold=10
26/03/02 03:15:24 INFO reduce.EventFetcher: attempt_local437447364_0011_r_000003_0 Thread started: EventFetcher for fetching Map Completion Events
26/03/02 03:15:24 INFO reduce.LocalFetcher: localfetcher#44 about to shuffle output of map attempt_local437447364_0011_m_000000_0 decomp: 56 len: 60 to MEMORY
26/03/02 03:15:24 INFO reduce.InMemoryMapOutput: Read 56 bytes from map-output for attempt_local437447364_0011_m_000000_0
26/03/02 03:15:24 INFO reduce.MergeManagerImpl: closeInMemoryFile -> map-output of size: 56, inMemoryMapOutputs.size() -> 1, commitMemory -> 0, usedMemory ->56
26/03/02 03:15:24 INFO reduce.EventFetcher: EventFetcher is interrupted.. Returning
26/03/02 03:15:24 INFO mapred.LocalJobRunner: 1 / 1 copied.
26/03/02 03:15:24 INFO reduce.MergeManagerImpl: finalMerge called with 1 in-memory map-outputs and 0 on-disk map-outputs
26/03/02 03:15:24 INFO mapred.Merger: Merging 1 sorted segments
26/03/02 03:15:24 INFO mapred.Merger: Down to the last merge-pass, with 1 segments left of total size: 50 bytes
26/03/02 03:15:24 INFO reduce.MergeManagerImpl: Merged 1 segments, 56 bytes to disk to satisfy reduce memory limit
26/03/02 03:15:24 INFO reduce.MergeManagerImpl: Merging 1 files, 60 bytes from disk
26/03/02 03:15:24 INFO reduce.MergeManagerImpl: Merging 0 segments, 0 bytes from memory into reduce
26/03/02 03:15:24 INFO mapred.Merger: Merging 1 sorted segments
26/03/02 03:15:24 INFO mapred.Merger: Down to the last merge-pass, with 1 segments left of total size: 50 bytes
26/03/02 03:15:24 INFO mapred.LocalJobRunner: 1 / 1 copied.
26/03/02 03:15:24 INFO mapred.Task: Task:attempt_local437447364_0011_r_000003_0 is done. And is in the process of committing
26/03/02 03:15:24 INFO mapred.LocalJobRunner: 1 / 1 copied.
26/03/02 03:15:24 INFO mapred.Task: Task attempt_local437447364_0011_r_000003_0 is allowed to commit now
26/03/02 03:15:24 INFO output.FileOutputCommitter: Saved output of task 'attempt_local437447364_0011_r_000003_0' to hdfs://localhost:9000/project2/task2/runs_true_k/k5_r30_opt_centers/iter_11/_temporary/0/task_local437447364_0011_r_000003
26/03/02 03:15:24 INFO mapred.LocalJobRunner: reduce > reduce
26/03/02 03:15:24 INFO mapred.Task: Task 'attempt_local437447364_0011_r_000003_0' done.
26/03/02 03:15:24 INFO mapred.Task: Final Counters for attempt_local437447364_0011_r_000003_0: Counters: 29
	File System Counters
		FILE: Number of bytes read=1605098
		FILE: Number of bytes written=4853402
		FILE: Number of read operations=0
		FILE: Number of large read operations=0
		FILE: Number of write operations=0
		HDFS: Number of bytes read=8093964
		HDFS: Number of bytes written=9747
		HDFS: Number of read operations=593
		HDFS: Number of large read operations=0
		HDFS: Number of write operations=194
	Map-Reduce Framework
		Combine input records=0
		Combine output records=0
		Reduce input groups=1
		Reduce shuffle bytes=60
		Reduce input records=1
		Reduce output records=1
		Spilled Records=1
		Shuffled Maps =1
		Failed Shuffles=0
		Merged Map outputs=1
		GC time elapsed (ms)=0
		Total committed heap usage (bytes)=525336576
	Shuffle Errors
		BAD_ID=0
		CONNECTION=0
		IO_ERROR=0
		WRONG_LENGTH=0
		WRONG_MAP=0
		WRONG_REDUCE=0
	File Output Format Counters 
		Bytes Written=103
26/03/02 03:15:24 INFO mapred.LocalJobRunner: Finishing task: attempt_local437447364_0011_r_000003_0
26/03/02 03:15:24 INFO mapred.LocalJobRunner: reduce task executor complete.
26/03/02 03:15:25 INFO mapreduce.Job: Job job_local437447364_0011 running in uber mode : false
26/03/02 03:15:25 INFO mapreduce.Job:  map 100% reduce 100%
26/03/02 03:15:25 INFO mapreduce.Job: Job job_local437447364_0011 completed successfully
26/03/02 03:15:25 INFO mapreduce.Job: Counters: 35
	File System Counters
		FILE: Number of bytes read=8022542
		FILE: Number of bytes written=24266356
		FILE: Number of read operations=0
		FILE: Number of large read operations=0
		FILE: Number of write operations=0
		HDFS: Number of bytes read=40469820
		HDFS: Number of bytes written=47612
		HDFS: Number of read operations=2935
		HDFS: Number of large read operations=0
		HDFS: Number of write operations=950
	Map-Reduce Framework
		Map input records=10000
		Map output records=10000
		Map output bytes=520000
		Map output materialized bytes=294
		Input split bytes=121
		Combine input records=10000
		Combine output records=5
		Reduce input groups=5
		Reduce shuffle bytes=294
		Reduce input records=5
		Reduce output records=5
		Spilled Records=10
		Shuffled Maps =4
		Failed Shuffles=0
		Merged Map outputs=4
		GC time elapsed (ms)=2
		Total committed heap usage (bytes)=2626682880
	Shuffle Errors
		BAD_ID=0
		CONNECTION=0
		IO_ERROR=0
		WRONG_LENGTH=0
		WRONG_MAP=0
		WRONG_REDUCE=0
	File Input Format Counters 
		Bytes Read=733758
	File Output Format Counters 
		Bytes Written=510
26/03/02 03:15:25 INFO jvm.JvmMetrics: Cannot initialize JVM Metrics with processName=JobTracker, sessionId= - already initialized
26/03/02 03:15:25 WARN mapreduce.JobResourceUploader: Hadoop command-line option parsing not performed. Implement the Tool interface and execute your application with ToolRunner to remedy this.
26/03/02 03:15:25 INFO input.FileInputFormat: Total input paths to process : 1
26/03/02 03:15:25 INFO mapreduce.JobSubmitter: number of splits:1
26/03/02 03:15:25 INFO mapreduce.JobSubmitter: Submitting tokens for job: job_local176803670_0012
26/03/02 03:15:25 INFO mapred.LocalDistributedCacheManager: Creating symlink: /tmp/hadoop-ds503/mapred/local/1772421325236/centers_iter_11.csv <- /home/ds503/centers_iter_11.csv
26/03/02 03:15:25 INFO mapred.LocalDistributedCacheManager: Localized hdfs://localhost:9000/project2/task2/runs_true_k/k5_r30_opt_centers/centers_iter_11.csv as file:/tmp/hadoop-ds503/mapred/local/1772421325236/centers_iter_11.csv
26/03/02 03:15:25 INFO mapreduce.Job: The url to track the job: http://localhost:8080/
26/03/02 03:15:25 INFO mapreduce.Job: Running job: job_local176803670_0012
26/03/02 03:15:25 INFO mapred.LocalJobRunner: OutputCommitter set in config null
26/03/02 03:15:25 INFO output.FileOutputCommitter: File Output Committer Algorithm version is 1
26/03/02 03:15:25 INFO mapred.LocalJobRunner: OutputCommitter is org.apache.hadoop.mapreduce.lib.output.FileOutputCommitter
26/03/02 03:15:25 INFO mapred.LocalJobRunner: Waiting for map tasks
26/03/02 03:15:25 INFO mapred.LocalJobRunner: Starting task: attempt_local176803670_0012_m_000000_0
26/03/02 03:15:25 INFO output.FileOutputCommitter: File Output Committer Algorithm version is 1
26/03/02 03:15:25 INFO mapred.Task:  Using ResourceCalculatorProcessTree : [ ]
26/03/02 03:15:25 INFO mapred.MapTask: Processing split: hdfs://localhost:9000/project2/task2/input/points_4d.csv:0+733758
26/03/02 03:15:25 INFO mapred.MapTask: (EQUATOR) 0 kvi 26214396(104857584)
26/03/02 03:15:25 INFO mapred.MapTask: mapreduce.task.io.sort.mb: 100
26/03/02 03:15:25 INFO mapred.MapTask: soft limit at 83886080
26/03/02 03:15:25 INFO mapred.MapTask: bufstart = 0; bufvoid = 104857600
26/03/02 03:15:25 INFO mapred.MapTask: kvstart = 26214396; length = 6553600
26/03/02 03:15:25 INFO mapred.MapTask: Map output collector class = org.apache.hadoop.mapred.MapTask$MapOutputBuffer
26/03/02 03:15:25 INFO mapred.LocalJobRunner: 
26/03/02 03:15:25 INFO mapred.MapTask: Starting flush of map output
26/03/02 03:15:25 INFO mapred.MapTask: Spilling map output
26/03/02 03:15:25 INFO mapred.MapTask: bufstart = 0; bufend = 520000; bufvoid = 104857600
26/03/02 03:15:25 INFO mapred.MapTask: kvstart = 26214396(104857584); kvend = 26174400(104697600); length = 39997/6553600
26/03/02 03:15:25 INFO mapred.MapTask: Finished spill 0
26/03/02 03:15:25 INFO mapred.Task: Task:attempt_local176803670_0012_m_000000_0 is done. And is in the process of committing
26/03/02 03:15:25 INFO mapred.LocalJobRunner: map
26/03/02 03:15:25 INFO mapred.Task: Task 'attempt_local176803670_0012_m_000000_0' done.
26/03/02 03:15:25 INFO mapred.Task: Final Counters for attempt_local176803670_0012_m_000000_0: Counters: 23
	File System Counters
		FILE: Number of bytes read=1749652
		FILE: Number of bytes written=5293900
		FILE: Number of read operations=0
		FILE: Number of large read operations=0
		FILE: Number of write operations=0
		HDFS: Number of bytes read=8829881
		HDFS: Number of bytes written=10127
		HDFS: Number of read operations=637
		HDFS: Number of large read operations=0
		HDFS: Number of write operations=204
	Map-Reduce Framework
		Map input records=10000
		Map output records=10000
		Map output bytes=520000
		Map output materialized bytes=294
		Input split bytes=121
		Combine input records=10000
		Combine output records=5
		Spilled Records=5
		Failed Shuffles=0
		Merged Map outputs=0
		GC time elapsed (ms)=0
		Total committed heap usage (bytes)=525860864
	File Input Format Counters 
		Bytes Read=733758
26/03/02 03:15:25 INFO mapred.LocalJobRunner: Finishing task: attempt_local176803670_0012_m_000000_0
26/03/02 03:15:25 INFO mapred.LocalJobRunner: map task executor complete.
26/03/02 03:15:25 INFO mapred.LocalJobRunner: Waiting for reduce tasks
26/03/02 03:15:25 INFO mapred.LocalJobRunner: Starting task: attempt_local176803670_0012_r_000000_0
26/03/02 03:15:25 INFO output.FileOutputCommitter: File Output Committer Algorithm version is 1
26/03/02 03:15:25 INFO mapred.Task:  Using ResourceCalculatorProcessTree : [ ]
26/03/02 03:15:25 INFO mapred.ReduceTask: Using ShuffleConsumerPlugin: org.apache.hadoop.mapreduce.task.reduce.Shuffle@554eec31
26/03/02 03:15:25 INFO reduce.MergeManagerImpl: MergerManager: memoryLimit=368102592, maxSingleShuffleLimit=92025648, mergeThreshold=242947728, ioSortFactor=10, memToMemMergeOutputsThreshold=10
26/03/02 03:15:25 INFO reduce.EventFetcher: attempt_local176803670_0012_r_000000_0 Thread started: EventFetcher for fetching Map Completion Events
26/03/02 03:15:25 INFO reduce.LocalFetcher: localfetcher#45 about to shuffle output of map attempt_local176803670_0012_m_000000_0 decomp: 110 len: 114 to MEMORY
26/03/02 03:15:25 INFO reduce.InMemoryMapOutput: Read 110 bytes from map-output for attempt_local176803670_0012_m_000000_0
26/03/02 03:15:25 INFO reduce.MergeManagerImpl: closeInMemoryFile -> map-output of size: 110, inMemoryMapOutputs.size() -> 1, commitMemory -> 0, usedMemory ->110
26/03/02 03:15:25 INFO reduce.EventFetcher: EventFetcher is interrupted.. Returning
26/03/02 03:15:25 INFO mapred.LocalJobRunner: 1 / 1 copied.
26/03/02 03:15:25 INFO reduce.MergeManagerImpl: finalMerge called with 1 in-memory map-outputs and 0 on-disk map-outputs
26/03/02 03:15:25 INFO mapred.Merger: Merging 1 sorted segments
26/03/02 03:15:25 INFO mapred.Merger: Down to the last merge-pass, with 1 segments left of total size: 104 bytes
26/03/02 03:15:25 INFO reduce.MergeManagerImpl: Merged 1 segments, 110 bytes to disk to satisfy reduce memory limit
26/03/02 03:15:25 INFO reduce.MergeManagerImpl: Merging 1 files, 114 bytes from disk
26/03/02 03:15:25 INFO reduce.MergeManagerImpl: Merging 0 segments, 0 bytes from memory into reduce
26/03/02 03:15:25 INFO mapred.Merger: Merging 1 sorted segments
26/03/02 03:15:25 INFO mapred.Merger: Down to the last merge-pass, with 1 segments left of total size: 104 bytes
26/03/02 03:15:25 INFO mapred.LocalJobRunner: 1 / 1 copied.
26/03/02 03:15:25 INFO mapred.Task: Task:attempt_local176803670_0012_r_000000_0 is done. And is in the process of committing
26/03/02 03:15:25 INFO mapred.LocalJobRunner: 1 / 1 copied.
26/03/02 03:15:25 INFO mapred.Task: Task attempt_local176803670_0012_r_000000_0 is allowed to commit now
26/03/02 03:15:25 INFO output.FileOutputCommitter: Saved output of task 'attempt_local176803670_0012_r_000000_0' to hdfs://localhost:9000/project2/task2/runs_true_k/k5_r30_opt_centers/iter_12/_temporary/0/task_local176803670_0012_r_000000
26/03/02 03:15:25 INFO mapred.LocalJobRunner: reduce > reduce
26/03/02 03:15:25 INFO mapred.Task: Task 'attempt_local176803670_0012_r_000000_0' done.
26/03/02 03:15:25 INFO mapred.Task: Final Counters for attempt_local176803670_0012_r_000000_0: Counters: 29
	File System Counters
		FILE: Number of bytes read=1750164
		FILE: Number of bytes written=5294014
		FILE: Number of read operations=0
		FILE: Number of large read operations=0
		FILE: Number of write operations=0
		HDFS: Number of bytes read=8829881
		HDFS: Number of bytes written=10329
		HDFS: Number of read operations=640
		HDFS: Number of large read operations=0
		HDFS: Number of write operations=206
	Map-Reduce Framework
		Combine input records=0
		Combine output records=0
		Reduce input groups=2
		Reduce shuffle bytes=114
		Reduce input records=2
		Reduce output records=2
		Spilled Records=2
		Shuffled Maps =1
		Failed Shuffles=0
		Merged Map outputs=1
		GC time elapsed (ms)=2
		Total committed heap usage (bytes)=525860864
	Shuffle Errors
		BAD_ID=0
		CONNECTION=0
		IO_ERROR=0
		WRONG_LENGTH=0
		WRONG_MAP=0
		WRONG_REDUCE=0
	File Output Format Counters 
		Bytes Written=202
26/03/02 03:15:25 INFO mapred.LocalJobRunner: Finishing task: attempt_local176803670_0012_r_000000_0
26/03/02 03:15:25 INFO mapred.LocalJobRunner: Starting task: attempt_local176803670_0012_r_000001_0
26/03/02 03:15:25 INFO output.FileOutputCommitter: File Output Committer Algorithm version is 1
26/03/02 03:15:25 INFO mapred.Task:  Using ResourceCalculatorProcessTree : [ ]
26/03/02 03:15:25 INFO mapred.ReduceTask: Using ShuffleConsumerPlugin: org.apache.hadoop.mapreduce.task.reduce.Shuffle@38394ad0
26/03/02 03:15:25 INFO reduce.MergeManagerImpl: MergerManager: memoryLimit=368102592, maxSingleShuffleLimit=92025648, mergeThreshold=242947728, ioSortFactor=10, memToMemMergeOutputsThreshold=10
26/03/02 03:15:25 INFO reduce.EventFetcher: attempt_local176803670_0012_r_000001_0 Thread started: EventFetcher for fetching Map Completion Events
26/03/02 03:15:25 INFO reduce.LocalFetcher: localfetcher#46 about to shuffle output of map attempt_local176803670_0012_m_000000_0 decomp: 56 len: 60 to MEMORY
26/03/02 03:15:25 INFO reduce.InMemoryMapOutput: Read 56 bytes from map-output for attempt_local176803670_0012_m_000000_0
26/03/02 03:15:25 INFO reduce.MergeManagerImpl: closeInMemoryFile -> map-output of size: 56, inMemoryMapOutputs.size() -> 1, commitMemory -> 0, usedMemory ->56
26/03/02 03:15:25 INFO reduce.EventFetcher: EventFetcher is interrupted.. Returning
26/03/02 03:15:25 INFO mapred.LocalJobRunner: 1 / 1 copied.
26/03/02 03:15:25 INFO reduce.MergeManagerImpl: finalMerge called with 1 in-memory map-outputs and 0 on-disk map-outputs
26/03/02 03:15:25 INFO mapred.Merger: Merging 1 sorted segments
26/03/02 03:15:25 INFO mapred.Merger: Down to the last merge-pass, with 1 segments left of total size: 50 bytes
26/03/02 03:15:25 INFO reduce.MergeManagerImpl: Merged 1 segments, 56 bytes to disk to satisfy reduce memory limit
26/03/02 03:15:25 INFO reduce.MergeManagerImpl: Merging 1 files, 60 bytes from disk
26/03/02 03:15:25 INFO reduce.MergeManagerImpl: Merging 0 segments, 0 bytes from memory into reduce
26/03/02 03:15:25 INFO mapred.Merger: Merging 1 sorted segments
26/03/02 03:15:25 INFO mapred.Merger: Down to the last merge-pass, with 1 segments left of total size: 50 bytes
26/03/02 03:15:25 INFO mapred.LocalJobRunner: 1 / 1 copied.
26/03/02 03:15:25 INFO mapred.Task: Task:attempt_local176803670_0012_r_000001_0 is done. And is in the process of committing
26/03/02 03:15:25 INFO mapred.LocalJobRunner: 1 / 1 copied.
26/03/02 03:15:25 INFO mapred.Task: Task attempt_local176803670_0012_r_000001_0 is allowed to commit now
26/03/02 03:15:25 INFO output.FileOutputCommitter: Saved output of task 'attempt_local176803670_0012_r_000001_0' to hdfs://localhost:9000/project2/task2/runs_true_k/k5_r30_opt_centers/iter_12/_temporary/0/task_local176803670_0012_r_000001
26/03/02 03:15:25 INFO mapred.LocalJobRunner: reduce > reduce
26/03/02 03:15:25 INFO mapred.Task: Task 'attempt_local176803670_0012_r_000001_0' done.
26/03/02 03:15:25 INFO mapred.Task: Final Counters for attempt_local176803670_0012_r_000001_0: Counters: 29
	File System Counters
		FILE: Number of bytes read=1750508
		FILE: Number of bytes written=5294074
		FILE: Number of read operations=0
		FILE: Number of large read operations=0
		FILE: Number of write operations=0
		HDFS: Number of bytes read=8829881
		HDFS: Number of bytes written=10430
		HDFS: Number of read operations=643
		HDFS: Number of large read operations=0
		HDFS: Number of write operations=208
	Map-Reduce Framework
		Combine input records=0
		Combine output records=0
		Reduce input groups=1
		Reduce shuffle bytes=60
		Reduce input records=1
		Reduce output records=1
		Spilled Records=1
		Shuffled Maps =1
		Failed Shuffles=0
		Merged Map outputs=1
		GC time elapsed (ms)=0
		Total committed heap usage (bytes)=525860864
	Shuffle Errors
		BAD_ID=0
		CONNECTION=0
		IO_ERROR=0
		WRONG_LENGTH=0
		WRONG_MAP=0
		WRONG_REDUCE=0
	File Output Format Counters 
		Bytes Written=101
26/03/02 03:15:25 INFO mapred.LocalJobRunner: Finishing task: attempt_local176803670_0012_r_000001_0
26/03/02 03:15:25 INFO mapred.LocalJobRunner: Starting task: attempt_local176803670_0012_r_000002_0
26/03/02 03:15:25 INFO output.FileOutputCommitter: File Output Committer Algorithm version is 1
26/03/02 03:15:25 INFO mapred.Task:  Using ResourceCalculatorProcessTree : [ ]
26/03/02 03:15:25 INFO mapred.ReduceTask: Using ShuffleConsumerPlugin: org.apache.hadoop.mapreduce.task.reduce.Shuffle@4083cdc5
26/03/02 03:15:25 INFO reduce.MergeManagerImpl: MergerManager: memoryLimit=368102592, maxSingleShuffleLimit=92025648, mergeThreshold=242947728, ioSortFactor=10, memToMemMergeOutputsThreshold=10
26/03/02 03:15:25 INFO reduce.EventFetcher: attempt_local176803670_0012_r_000002_0 Thread started: EventFetcher for fetching Map Completion Events
26/03/02 03:15:25 INFO reduce.LocalFetcher: localfetcher#47 about to shuffle output of map attempt_local176803670_0012_m_000000_0 decomp: 56 len: 60 to MEMORY
26/03/02 03:15:25 INFO reduce.InMemoryMapOutput: Read 56 bytes from map-output for attempt_local176803670_0012_m_000000_0
26/03/02 03:15:25 INFO reduce.MergeManagerImpl: closeInMemoryFile -> map-output of size: 56, inMemoryMapOutputs.size() -> 1, commitMemory -> 0, usedMemory ->56
26/03/02 03:15:25 INFO reduce.EventFetcher: EventFetcher is interrupted.. Returning
26/03/02 03:15:25 INFO mapred.LocalJobRunner: 1 / 1 copied.
26/03/02 03:15:25 INFO reduce.MergeManagerImpl: finalMerge called with 1 in-memory map-outputs and 0 on-disk map-outputs
26/03/02 03:15:25 INFO mapred.Merger: Merging 1 sorted segments
26/03/02 03:15:25 INFO mapred.Merger: Down to the last merge-pass, with 1 segments left of total size: 50 bytes
26/03/02 03:15:25 INFO reduce.MergeManagerImpl: Merged 1 segments, 56 bytes to disk to satisfy reduce memory limit
26/03/02 03:15:25 INFO reduce.MergeManagerImpl: Merging 1 files, 60 bytes from disk
26/03/02 03:15:25 INFO reduce.MergeManagerImpl: Merging 0 segments, 0 bytes from memory into reduce
26/03/02 03:15:25 INFO mapred.Merger: Merging 1 sorted segments
26/03/02 03:15:25 INFO mapred.Merger: Down to the last merge-pass, with 1 segments left of total size: 50 bytes
26/03/02 03:15:25 INFO mapred.LocalJobRunner: 1 / 1 copied.
26/03/02 03:15:25 INFO mapred.Task: Task:attempt_local176803670_0012_r_000002_0 is done. And is in the process of committing
26/03/02 03:15:25 INFO mapred.LocalJobRunner: 1 / 1 copied.
26/03/02 03:15:25 INFO mapred.Task: Task attempt_local176803670_0012_r_000002_0 is allowed to commit now
26/03/02 03:15:25 INFO output.FileOutputCommitter: Saved output of task 'attempt_local176803670_0012_r_000002_0' to hdfs://localhost:9000/project2/task2/runs_true_k/k5_r30_opt_centers/iter_12/_temporary/0/task_local176803670_0012_r_000002
26/03/02 03:15:25 INFO mapred.LocalJobRunner: reduce > reduce
26/03/02 03:15:25 INFO mapred.Task: Task 'attempt_local176803670_0012_r_000002_0' done.
26/03/02 03:15:25 INFO mapred.Task: Final Counters for attempt_local176803670_0012_r_000002_0: Counters: 29
	File System Counters
		FILE: Number of bytes read=1750792
		FILE: Number of bytes written=5294134
		FILE: Number of read operations=0
		FILE: Number of large read operations=0
		FILE: Number of write operations=0
		HDFS: Number of bytes read=8829881
		HDFS: Number of bytes written=10531
		HDFS: Number of read operations=646
		HDFS: Number of large read operations=0
		HDFS: Number of write operations=210
	Map-Reduce Framework
		Combine input records=0
		Combine output records=0
		Reduce input groups=1
		Reduce shuffle bytes=60
		Reduce input records=1
		Reduce output records=1
		Spilled Records=1
		Shuffled Maps =1
		Failed Shuffles=0
		Merged Map outputs=1
		GC time elapsed (ms)=0
		Total committed heap usage (bytes)=525860864
	Shuffle Errors
		BAD_ID=0
		CONNECTION=0
		IO_ERROR=0
		WRONG_LENGTH=0
		WRONG_MAP=0
		WRONG_REDUCE=0
	File Output Format Counters 
		Bytes Written=101
26/03/02 03:15:25 INFO mapred.LocalJobRunner: Finishing task: attempt_local176803670_0012_r_000002_0
26/03/02 03:15:25 INFO mapred.LocalJobRunner: Starting task: attempt_local176803670_0012_r_000003_0
26/03/02 03:15:25 INFO output.FileOutputCommitter: File Output Committer Algorithm version is 1
26/03/02 03:15:25 INFO mapred.Task:  Using ResourceCalculatorProcessTree : [ ]
26/03/02 03:15:25 INFO mapred.ReduceTask: Using ShuffleConsumerPlugin: org.apache.hadoop.mapreduce.task.reduce.Shuffle@88647d5
26/03/02 03:15:25 INFO reduce.MergeManagerImpl: MergerManager: memoryLimit=368102592, maxSingleShuffleLimit=92025648, mergeThreshold=242947728, ioSortFactor=10, memToMemMergeOutputsThreshold=10
26/03/02 03:15:25 INFO reduce.EventFetcher: attempt_local176803670_0012_r_000003_0 Thread started: EventFetcher for fetching Map Completion Events
26/03/02 03:15:25 INFO reduce.LocalFetcher: localfetcher#48 about to shuffle output of map attempt_local176803670_0012_m_000000_0 decomp: 56 len: 60 to MEMORY
26/03/02 03:15:25 INFO reduce.InMemoryMapOutput: Read 56 bytes from map-output for attempt_local176803670_0012_m_000000_0
26/03/02 03:15:25 INFO reduce.MergeManagerImpl: closeInMemoryFile -> map-output of size: 56, inMemoryMapOutputs.size() -> 1, commitMemory -> 0, usedMemory ->56
26/03/02 03:15:25 INFO reduce.EventFetcher: EventFetcher is interrupted.. Returning
26/03/02 03:15:25 INFO mapred.LocalJobRunner: 1 / 1 copied.
26/03/02 03:15:25 INFO reduce.MergeManagerImpl: finalMerge called with 1 in-memory map-outputs and 0 on-disk map-outputs
26/03/02 03:15:25 INFO mapred.Merger: Merging 1 sorted segments
26/03/02 03:15:25 INFO mapred.Merger: Down to the last merge-pass, with 1 segments left of total size: 50 bytes
26/03/02 03:15:25 INFO reduce.MergeManagerImpl: Merged 1 segments, 56 bytes to disk to satisfy reduce memory limit
26/03/02 03:15:25 INFO reduce.MergeManagerImpl: Merging 1 files, 60 bytes from disk
26/03/02 03:15:25 INFO reduce.MergeManagerImpl: Merging 0 segments, 0 bytes from memory into reduce
26/03/02 03:15:25 INFO mapred.Merger: Merging 1 sorted segments
26/03/02 03:15:25 INFO mapred.Merger: Down to the last merge-pass, with 1 segments left of total size: 50 bytes
26/03/02 03:15:25 INFO mapred.LocalJobRunner: 1 / 1 copied.
26/03/02 03:15:25 INFO mapred.Task: Task:attempt_local176803670_0012_r_000003_0 is done. And is in the process of committing
26/03/02 03:15:25 INFO mapred.LocalJobRunner: 1 / 1 copied.
26/03/02 03:15:25 INFO mapred.Task: Task attempt_local176803670_0012_r_000003_0 is allowed to commit now
26/03/02 03:15:25 INFO output.FileOutputCommitter: Saved output of task 'attempt_local176803670_0012_r_000003_0' to hdfs://localhost:9000/project2/task2/runs_true_k/k5_r30_opt_centers/iter_12/_temporary/0/task_local176803670_0012_r_000003
26/03/02 03:15:25 INFO mapred.LocalJobRunner: reduce > reduce
26/03/02 03:15:25 INFO mapred.Task: Task 'attempt_local176803670_0012_r_000003_0' done.
26/03/02 03:15:25 INFO mapred.Task: Final Counters for attempt_local176803670_0012_r_000003_0: Counters: 29
	File System Counters
		FILE: Number of bytes read=1751016
		FILE: Number of bytes written=5294194
		FILE: Number of read operations=0
		FILE: Number of large read operations=0
		FILE: Number of write operations=0
		HDFS: Number of bytes read=8829881
		HDFS: Number of bytes written=10634
		HDFS: Number of read operations=649
		HDFS: Number of large read operations=0
		HDFS: Number of write operations=212
	Map-Reduce Framework
		Combine input records=0
		Combine output records=0
		Reduce input groups=1
		Reduce shuffle bytes=60
		Reduce input records=1
		Reduce output records=1
		Spilled Records=1
		Shuffled Maps =1
		Failed Shuffles=0
		Merged Map outputs=1
		GC time elapsed (ms)=0
		Total committed heap usage (bytes)=525860864
	Shuffle Errors
		BAD_ID=0
		CONNECTION=0
		IO_ERROR=0
		WRONG_LENGTH=0
		WRONG_MAP=0
		WRONG_REDUCE=0
	File Output Format Counters 
		Bytes Written=103
26/03/02 03:15:25 INFO mapred.LocalJobRunner: Finishing task: attempt_local176803670_0012_r_000003_0
26/03/02 03:15:25 INFO mapred.LocalJobRunner: reduce task executor complete.
26/03/02 03:15:26 INFO mapreduce.Job: Job job_local176803670_0012 running in uber mode : false
26/03/02 03:15:26 INFO mapreduce.Job:  map 100% reduce 100%
26/03/02 03:15:26 INFO mapreduce.Job: Job job_local176803670_0012 completed successfully
26/03/02 03:15:26 INFO mapreduce.Job: Counters: 35
	File System Counters
		FILE: Number of bytes read=8752132
		FILE: Number of bytes written=26470316
		FILE: Number of read operations=0
		FILE: Number of large read operations=0
		FILE: Number of write operations=0
		HDFS: Number of bytes read=44149405
		HDFS: Number of bytes written=52051
		HDFS: Number of read operations=3215
		HDFS: Number of large read operations=0
		HDFS: Number of write operations=1040
	Map-Reduce Framework
		Map input records=10000
		Map output records=10000
		Map output bytes=520000
		Map output materialized bytes=294
		Input split bytes=121
		Combine input records=10000
		Combine output records=5
		Reduce input groups=5
		Reduce shuffle bytes=294
		Reduce input records=5
		Reduce output records=5
		Spilled Records=10
		Shuffled Maps =4
		Failed Shuffles=0
		Merged Map outputs=4
		GC time elapsed (ms)=2
		Total committed heap usage (bytes)=2629304320
	Shuffle Errors
		BAD_ID=0
		CONNECTION=0
		IO_ERROR=0
		WRONG_LENGTH=0
		WRONG_MAP=0
		WRONG_REDUCE=0
	File Input Format Counters 
		Bytes Read=733758
	File Output Format Counters 
		Bytes Written=507
26/03/02 03:15:26 INFO jvm.JvmMetrics: Cannot initialize JVM Metrics with processName=JobTracker, sessionId= - already initialized
26/03/02 03:15:26 WARN mapreduce.JobResourceUploader: Hadoop command-line option parsing not performed. Implement the Tool interface and execute your application with ToolRunner to remedy this.
26/03/02 03:15:26 INFO input.FileInputFormat: Total input paths to process : 1
26/03/02 03:15:26 INFO mapreduce.JobSubmitter: number of splits:1
26/03/02 03:15:26 INFO mapreduce.JobSubmitter: Submitting tokens for job: job_local330749912_0013
26/03/02 03:15:26 INFO mapred.LocalDistributedCacheManager: Creating symlink: /tmp/hadoop-ds503/mapred/local/1772421326719/centers_iter_12.csv <- /home/ds503/centers_iter_12.csv
26/03/02 03:15:26 INFO mapred.LocalDistributedCacheManager: Localized hdfs://localhost:9000/project2/task2/runs_true_k/k5_r30_opt_centers/centers_iter_12.csv as file:/tmp/hadoop-ds503/mapred/local/1772421326719/centers_iter_12.csv
26/03/02 03:15:26 INFO mapreduce.Job: The url to track the job: http://localhost:8080/
26/03/02 03:15:26 INFO mapreduce.Job: Running job: job_local330749912_0013
26/03/02 03:15:26 INFO mapred.LocalJobRunner: OutputCommitter set in config null
26/03/02 03:15:26 INFO output.FileOutputCommitter: File Output Committer Algorithm version is 1
26/03/02 03:15:26 INFO mapred.LocalJobRunner: OutputCommitter is org.apache.hadoop.mapreduce.lib.output.FileOutputCommitter
26/03/02 03:15:26 INFO mapred.LocalJobRunner: Waiting for map tasks
26/03/02 03:15:26 INFO mapred.LocalJobRunner: Starting task: attempt_local330749912_0013_m_000000_0
26/03/02 03:15:26 INFO output.FileOutputCommitter: File Output Committer Algorithm version is 1
26/03/02 03:15:26 INFO mapred.Task:  Using ResourceCalculatorProcessTree : [ ]
26/03/02 03:15:26 INFO mapred.MapTask: Processing split: hdfs://localhost:9000/project2/task2/input/points_4d.csv:0+733758
26/03/02 03:15:26 INFO mapred.MapTask: (EQUATOR) 0 kvi 26214396(104857584)
26/03/02 03:15:26 INFO mapred.MapTask: mapreduce.task.io.sort.mb: 100
26/03/02 03:15:26 INFO mapred.MapTask: soft limit at 83886080
26/03/02 03:15:26 INFO mapred.MapTask: bufstart = 0; bufvoid = 104857600
26/03/02 03:15:26 INFO mapred.MapTask: kvstart = 26214396; length = 6553600
26/03/02 03:15:26 INFO mapred.MapTask: Map output collector class = org.apache.hadoop.mapred.MapTask$MapOutputBuffer
26/03/02 03:15:26 INFO mapred.LocalJobRunner: 
26/03/02 03:15:26 INFO mapred.MapTask: Starting flush of map output
26/03/02 03:15:26 INFO mapred.MapTask: Spilling map output
26/03/02 03:15:26 INFO mapred.MapTask: bufstart = 0; bufend = 520000; bufvoid = 104857600
26/03/02 03:15:26 INFO mapred.MapTask: kvstart = 26214396(104857584); kvend = 26174400(104697600); length = 39997/6553600
26/03/02 03:15:26 INFO mapred.MapTask: Finished spill 0
26/03/02 03:15:26 INFO mapred.Task: Task:attempt_local330749912_0013_m_000000_0 is done. And is in the process of committing
26/03/02 03:15:26 INFO mapred.LocalJobRunner: map
26/03/02 03:15:26 INFO mapred.Task: Task 'attempt_local330749912_0013_m_000000_0' done.
26/03/02 03:15:26 INFO mapred.Task: Final Counters for attempt_local330749912_0013_m_000000_0: Counters: 23
	File System Counters
		FILE: Number of bytes read=1895570
		FILE: Number of bytes written=5734687
		FILE: Number of read operations=0
		FILE: Number of large read operations=0
		FILE: Number of write operations=0
		HDFS: Number of bytes read=9565783
		HDFS: Number of bytes written=11009
		HDFS: Number of read operations=693
		HDFS: Number of large read operations=0
		HDFS: Number of write operations=222
	Map-Reduce Framework
		Map input records=10000
		Map output records=10000
		Map output bytes=520000
		Map output materialized bytes=294
		Input split bytes=121
		Combine input records=10000
		Combine output records=5
		Spilled Records=5
		Failed Shuffles=0
		Merged Map outputs=0
		GC time elapsed (ms)=38
		Total committed heap usage (bytes)=386400256
	File Input Format Counters 
		Bytes Read=733758
26/03/02 03:15:26 INFO mapred.LocalJobRunner: Finishing task: attempt_local330749912_0013_m_000000_0
26/03/02 03:15:26 INFO mapred.LocalJobRunner: map task executor complete.
26/03/02 03:15:26 INFO mapred.LocalJobRunner: Waiting for reduce tasks
26/03/02 03:15:26 INFO mapred.LocalJobRunner: Starting task: attempt_local330749912_0013_r_000000_0
26/03/02 03:15:26 INFO output.FileOutputCommitter: File Output Committer Algorithm version is 1
26/03/02 03:15:26 INFO mapred.Task:  Using ResourceCalculatorProcessTree : [ ]
26/03/02 03:15:26 INFO mapred.ReduceTask: Using ShuffleConsumerPlugin: org.apache.hadoop.mapreduce.task.reduce.Shuffle@3babe226
26/03/02 03:15:26 INFO reduce.MergeManagerImpl: MergerManager: memoryLimit=334338464, maxSingleShuffleLimit=83584616, mergeThreshold=220663392, ioSortFactor=10, memToMemMergeOutputsThreshold=10
26/03/02 03:15:26 INFO reduce.EventFetcher: attempt_local330749912_0013_r_000000_0 Thread started: EventFetcher for fetching Map Completion Events
26/03/02 03:15:26 INFO reduce.LocalFetcher: localfetcher#49 about to shuffle output of map attempt_local330749912_0013_m_000000_0 decomp: 110 len: 114 to MEMORY
26/03/02 03:15:26 INFO reduce.InMemoryMapOutput: Read 110 bytes from map-output for attempt_local330749912_0013_m_000000_0
26/03/02 03:15:26 INFO reduce.MergeManagerImpl: closeInMemoryFile -> map-output of size: 110, inMemoryMapOutputs.size() -> 1, commitMemory -> 0, usedMemory ->110
26/03/02 03:15:26 INFO reduce.EventFetcher: EventFetcher is interrupted.. Returning
26/03/02 03:15:26 INFO mapred.LocalJobRunner: 1 / 1 copied.
26/03/02 03:15:26 INFO reduce.MergeManagerImpl: finalMerge called with 1 in-memory map-outputs and 0 on-disk map-outputs
26/03/02 03:15:26 INFO mapred.Merger: Merging 1 sorted segments
26/03/02 03:15:26 INFO mapred.Merger: Down to the last merge-pass, with 1 segments left of total size: 104 bytes
26/03/02 03:15:26 INFO reduce.MergeManagerImpl: Merged 1 segments, 110 bytes to disk to satisfy reduce memory limit
26/03/02 03:15:26 INFO reduce.MergeManagerImpl: Merging 1 files, 114 bytes from disk
26/03/02 03:15:26 INFO reduce.MergeManagerImpl: Merging 0 segments, 0 bytes from memory into reduce
26/03/02 03:15:26 INFO mapred.Merger: Merging 1 sorted segments
26/03/02 03:15:26 INFO mapred.Merger: Down to the last merge-pass, with 1 segments left of total size: 104 bytes
26/03/02 03:15:26 INFO mapred.LocalJobRunner: 1 / 1 copied.
26/03/02 03:15:27 INFO mapred.Task: Task:attempt_local330749912_0013_r_000000_0 is done. And is in the process of committing
26/03/02 03:15:27 INFO mapred.LocalJobRunner: 1 / 1 copied.
26/03/02 03:15:27 INFO mapred.Task: Task attempt_local330749912_0013_r_000000_0 is allowed to commit now
26/03/02 03:15:27 INFO output.FileOutputCommitter: Saved output of task 'attempt_local330749912_0013_r_000000_0' to hdfs://localhost:9000/project2/task2/runs_true_k/k5_r30_opt_centers/iter_13/_temporary/0/task_local330749912_0013_r_000000
26/03/02 03:15:27 INFO mapred.LocalJobRunner: reduce > reduce
26/03/02 03:15:27 INFO mapred.Task: Task 'attempt_local330749912_0013_r_000000_0' done.
26/03/02 03:15:27 INFO mapred.Task: Final Counters for attempt_local330749912_0013_r_000000_0: Counters: 29
	File System Counters
		FILE: Number of bytes read=1896082
		FILE: Number of bytes written=5734801
		FILE: Number of read operations=0
		FILE: Number of large read operations=0
		FILE: Number of write operations=0
		HDFS: Number of bytes read=9565783
		HDFS: Number of bytes written=11213
		HDFS: Number of read operations=696
		HDFS: Number of large read operations=0
		HDFS: Number of write operations=224
	Map-Reduce Framework
		Combine input records=0
		Combine output records=0
		Reduce input groups=2
		Reduce shuffle bytes=114
		Reduce input records=2
		Reduce output records=2
		Spilled Records=2
		Shuffled Maps =1
		Failed Shuffles=0
		Merged Map outputs=1
		GC time elapsed (ms)=0
		Total committed heap usage (bytes)=386400256
	Shuffle Errors
		BAD_ID=0
		CONNECTION=0
		IO_ERROR=0
		WRONG_LENGTH=0
		WRONG_MAP=0
		WRONG_REDUCE=0
	File Output Format Counters 
		Bytes Written=204
26/03/02 03:15:27 INFO mapred.LocalJobRunner: Finishing task: attempt_local330749912_0013_r_000000_0
26/03/02 03:15:27 INFO mapred.LocalJobRunner: Starting task: attempt_local330749912_0013_r_000001_0
26/03/02 03:15:27 INFO output.FileOutputCommitter: File Output Committer Algorithm version is 1
26/03/02 03:15:27 INFO mapred.Task:  Using ResourceCalculatorProcessTree : [ ]
26/03/02 03:15:27 INFO mapred.ReduceTask: Using ShuffleConsumerPlugin: org.apache.hadoop.mapreduce.task.reduce.Shuffle@100f6766
26/03/02 03:15:27 INFO reduce.MergeManagerImpl: MergerManager: memoryLimit=334338464, maxSingleShuffleLimit=83584616, mergeThreshold=220663392, ioSortFactor=10, memToMemMergeOutputsThreshold=10
26/03/02 03:15:27 INFO reduce.EventFetcher: attempt_local330749912_0013_r_000001_0 Thread started: EventFetcher for fetching Map Completion Events
26/03/02 03:15:27 INFO reduce.LocalFetcher: localfetcher#50 about to shuffle output of map attempt_local330749912_0013_m_000000_0 decomp: 56 len: 60 to MEMORY
26/03/02 03:15:27 INFO reduce.InMemoryMapOutput: Read 56 bytes from map-output for attempt_local330749912_0013_m_000000_0
26/03/02 03:15:27 INFO reduce.MergeManagerImpl: closeInMemoryFile -> map-output of size: 56, inMemoryMapOutputs.size() -> 1, commitMemory -> 0, usedMemory ->56
26/03/02 03:15:27 INFO reduce.EventFetcher: EventFetcher is interrupted.. Returning
26/03/02 03:15:27 INFO mapred.LocalJobRunner: 1 / 1 copied.
26/03/02 03:15:27 INFO reduce.MergeManagerImpl: finalMerge called with 1 in-memory map-outputs and 0 on-disk map-outputs
26/03/02 03:15:27 INFO mapred.Merger: Merging 1 sorted segments
26/03/02 03:15:27 INFO mapred.Merger: Down to the last merge-pass, with 1 segments left of total size: 50 bytes
26/03/02 03:15:27 INFO reduce.MergeManagerImpl: Merged 1 segments, 56 bytes to disk to satisfy reduce memory limit
26/03/02 03:15:27 INFO reduce.MergeManagerImpl: Merging 1 files, 60 bytes from disk
26/03/02 03:15:27 INFO reduce.MergeManagerImpl: Merging 0 segments, 0 bytes from memory into reduce
26/03/02 03:15:27 INFO mapred.Merger: Merging 1 sorted segments
26/03/02 03:15:27 INFO mapred.Merger: Down to the last merge-pass, with 1 segments left of total size: 50 bytes
26/03/02 03:15:27 INFO mapred.LocalJobRunner: 1 / 1 copied.
26/03/02 03:15:27 INFO mapred.Task: Task:attempt_local330749912_0013_r_000001_0 is done. And is in the process of committing
26/03/02 03:15:27 INFO mapred.LocalJobRunner: 1 / 1 copied.
26/03/02 03:15:27 INFO mapred.Task: Task attempt_local330749912_0013_r_000001_0 is allowed to commit now
26/03/02 03:15:27 INFO output.FileOutputCommitter: Saved output of task 'attempt_local330749912_0013_r_000001_0' to hdfs://localhost:9000/project2/task2/runs_true_k/k5_r30_opt_centers/iter_13/_temporary/0/task_local330749912_0013_r_000001
26/03/02 03:15:27 INFO mapred.LocalJobRunner: reduce > reduce
26/03/02 03:15:27 INFO mapred.Task: Task 'attempt_local330749912_0013_r_000001_0' done.
26/03/02 03:15:27 INFO mapred.Task: Final Counters for attempt_local330749912_0013_r_000001_0: Counters: 29
	File System Counters
		FILE: Number of bytes read=1896426
		FILE: Number of bytes written=5734861
		FILE: Number of read operations=0
		FILE: Number of large read operations=0
		FILE: Number of write operations=0
		HDFS: Number of bytes read=9565783
		HDFS: Number of bytes written=11314
		HDFS: Number of read operations=699
		HDFS: Number of large read operations=0
		HDFS: Number of write operations=226
	Map-Reduce Framework
		Combine input records=0
		Combine output records=0
		Reduce input groups=1
		Reduce shuffle bytes=60
		Reduce input records=1
		Reduce output records=1
		Spilled Records=1
		Shuffled Maps =1
		Failed Shuffles=0
		Merged Map outputs=1
		GC time elapsed (ms)=0
		Total committed heap usage (bytes)=386400256
	Shuffle Errors
		BAD_ID=0
		CONNECTION=0
		IO_ERROR=0
		WRONG_LENGTH=0
		WRONG_MAP=0
		WRONG_REDUCE=0
	File Output Format Counters 
		Bytes Written=101
26/03/02 03:15:27 INFO mapred.LocalJobRunner: Finishing task: attempt_local330749912_0013_r_000001_0
26/03/02 03:15:27 INFO mapred.LocalJobRunner: Starting task: attempt_local330749912_0013_r_000002_0
26/03/02 03:15:27 INFO output.FileOutputCommitter: File Output Committer Algorithm version is 1
26/03/02 03:15:27 INFO mapred.Task:  Using ResourceCalculatorProcessTree : [ ]
26/03/02 03:15:27 INFO mapred.ReduceTask: Using ShuffleConsumerPlugin: org.apache.hadoop.mapreduce.task.reduce.Shuffle@68db6b95
26/03/02 03:15:27 INFO reduce.MergeManagerImpl: MergerManager: memoryLimit=334338464, maxSingleShuffleLimit=83584616, mergeThreshold=220663392, ioSortFactor=10, memToMemMergeOutputsThreshold=10
26/03/02 03:15:27 INFO reduce.EventFetcher: attempt_local330749912_0013_r_000002_0 Thread started: EventFetcher for fetching Map Completion Events
26/03/02 03:15:27 INFO reduce.LocalFetcher: localfetcher#51 about to shuffle output of map attempt_local330749912_0013_m_000000_0 decomp: 56 len: 60 to MEMORY
26/03/02 03:15:27 INFO reduce.InMemoryMapOutput: Read 56 bytes from map-output for attempt_local330749912_0013_m_000000_0
26/03/02 03:15:27 INFO reduce.MergeManagerImpl: closeInMemoryFile -> map-output of size: 56, inMemoryMapOutputs.size() -> 1, commitMemory -> 0, usedMemory ->56
26/03/02 03:15:27 INFO reduce.EventFetcher: EventFetcher is interrupted.. Returning
26/03/02 03:15:27 INFO mapred.LocalJobRunner: 1 / 1 copied.
26/03/02 03:15:27 INFO reduce.MergeManagerImpl: finalMerge called with 1 in-memory map-outputs and 0 on-disk map-outputs
26/03/02 03:15:27 INFO mapred.Merger: Merging 1 sorted segments
26/03/02 03:15:27 INFO mapred.Merger: Down to the last merge-pass, with 1 segments left of total size: 50 bytes
26/03/02 03:15:27 INFO reduce.MergeManagerImpl: Merged 1 segments, 56 bytes to disk to satisfy reduce memory limit
26/03/02 03:15:27 INFO reduce.MergeManagerImpl: Merging 1 files, 60 bytes from disk
26/03/02 03:15:27 INFO reduce.MergeManagerImpl: Merging 0 segments, 0 bytes from memory into reduce
26/03/02 03:15:27 INFO mapred.Merger: Merging 1 sorted segments
26/03/02 03:15:27 INFO mapred.Merger: Down to the last merge-pass, with 1 segments left of total size: 50 bytes
26/03/02 03:15:27 INFO mapred.LocalJobRunner: 1 / 1 copied.
26/03/02 03:15:27 INFO mapred.Task: Task:attempt_local330749912_0013_r_000002_0 is done. And is in the process of committing
26/03/02 03:15:27 INFO mapred.LocalJobRunner: 1 / 1 copied.
26/03/02 03:15:27 INFO mapred.Task: Task attempt_local330749912_0013_r_000002_0 is allowed to commit now
26/03/02 03:15:27 INFO output.FileOutputCommitter: Saved output of task 'attempt_local330749912_0013_r_000002_0' to hdfs://localhost:9000/project2/task2/runs_true_k/k5_r30_opt_centers/iter_13/_temporary/0/task_local330749912_0013_r_000002
26/03/02 03:15:27 INFO mapred.LocalJobRunner: reduce > reduce
26/03/02 03:15:27 INFO mapred.Task: Task 'attempt_local330749912_0013_r_000002_0' done.
26/03/02 03:15:27 INFO mapred.Task: Final Counters for attempt_local330749912_0013_r_000002_0: Counters: 29
	File System Counters
		FILE: Number of bytes read=1896710
		FILE: Number of bytes written=5734921
		FILE: Number of read operations=0
		FILE: Number of large read operations=0
		FILE: Number of write operations=0
		HDFS: Number of bytes read=9565783
		HDFS: Number of bytes written=11415
		HDFS: Number of read operations=702
		HDFS: Number of large read operations=0
		HDFS: Number of write operations=228
	Map-Reduce Framework
		Combine input records=0
		Combine output records=0
		Reduce input groups=1
		Reduce shuffle bytes=60
		Reduce input records=1
		Reduce output records=1
		Spilled Records=1
		Shuffled Maps =1
		Failed Shuffles=0
		Merged Map outputs=1
		GC time elapsed (ms)=0
		Total committed heap usage (bytes)=386400256
	Shuffle Errors
		BAD_ID=0
		CONNECTION=0
		IO_ERROR=0
		WRONG_LENGTH=0
		WRONG_MAP=0
		WRONG_REDUCE=0
	File Output Format Counters 
		Bytes Written=101
26/03/02 03:15:27 INFO mapred.LocalJobRunner: Finishing task: attempt_local330749912_0013_r_000002_0
26/03/02 03:15:27 INFO mapred.LocalJobRunner: Starting task: attempt_local330749912_0013_r_000003_0
26/03/02 03:15:27 INFO output.FileOutputCommitter: File Output Committer Algorithm version is 1
26/03/02 03:15:27 INFO mapred.Task:  Using ResourceCalculatorProcessTree : [ ]
26/03/02 03:15:27 INFO mapred.ReduceTask: Using ShuffleConsumerPlugin: org.apache.hadoop.mapreduce.task.reduce.Shuffle@7fa18fe9
26/03/02 03:15:27 INFO reduce.MergeManagerImpl: MergerManager: memoryLimit=334338464, maxSingleShuffleLimit=83584616, mergeThreshold=220663392, ioSortFactor=10, memToMemMergeOutputsThreshold=10
26/03/02 03:15:27 INFO reduce.EventFetcher: attempt_local330749912_0013_r_000003_0 Thread started: EventFetcher for fetching Map Completion Events
26/03/02 03:15:27 INFO reduce.LocalFetcher: localfetcher#52 about to shuffle output of map attempt_local330749912_0013_m_000000_0 decomp: 56 len: 60 to MEMORY
26/03/02 03:15:27 INFO reduce.InMemoryMapOutput: Read 56 bytes from map-output for attempt_local330749912_0013_m_000000_0
26/03/02 03:15:27 INFO reduce.MergeManagerImpl: closeInMemoryFile -> map-output of size: 56, inMemoryMapOutputs.size() -> 1, commitMemory -> 0, usedMemory ->56
26/03/02 03:15:27 WARN io.ReadaheadPool: Failed readahead on ifile
EBADF: Bad file descriptor
	at org.apache.hadoop.io.nativeio.NativeIO$POSIX.posix_fadvise(Native Method)
	at org.apache.hadoop.io.nativeio.NativeIO$POSIX.posixFadviseIfPossible(NativeIO.java:267)
	at org.apache.hadoop.io.nativeio.NativeIO$POSIX$CacheManipulator.posixFadviseIfPossible(NativeIO.java:146)
	at org.apache.hadoop.io.ReadaheadPool$ReadaheadRequestImpl.run(ReadaheadPool.java:206)
	at java.util.concurrent.ThreadPoolExecutor.runWorker(ThreadPoolExecutor.java:1149)
	at java.util.concurrent.ThreadPoolExecutor$Worker.run(ThreadPoolExecutor.java:624)
	at java.lang.Thread.run(Thread.java:748)
26/03/02 03:15:27 INFO reduce.EventFetcher: EventFetcher is interrupted.. Returning
26/03/02 03:15:27 INFO mapred.LocalJobRunner: 1 / 1 copied.
26/03/02 03:15:27 INFO reduce.MergeManagerImpl: finalMerge called with 1 in-memory map-outputs and 0 on-disk map-outputs
26/03/02 03:15:27 INFO mapred.Merger: Merging 1 sorted segments
26/03/02 03:15:27 INFO mapred.Merger: Down to the last merge-pass, with 1 segments left of total size: 50 bytes
26/03/02 03:15:27 INFO reduce.MergeManagerImpl: Merged 1 segments, 56 bytes to disk to satisfy reduce memory limit
26/03/02 03:15:27 INFO reduce.MergeManagerImpl: Merging 1 files, 60 bytes from disk
26/03/02 03:15:27 INFO reduce.MergeManagerImpl: Merging 0 segments, 0 bytes from memory into reduce
26/03/02 03:15:27 INFO mapred.Merger: Merging 1 sorted segments
26/03/02 03:15:27 INFO mapred.Merger: Down to the last merge-pass, with 1 segments left of total size: 50 bytes
26/03/02 03:15:27 INFO mapred.LocalJobRunner: 1 / 1 copied.
26/03/02 03:15:27 INFO mapred.Task: Task:attempt_local330749912_0013_r_000003_0 is done. And is in the process of committing
26/03/02 03:15:27 INFO mapred.LocalJobRunner: 1 / 1 copied.
26/03/02 03:15:27 INFO mapred.Task: Task attempt_local330749912_0013_r_000003_0 is allowed to commit now
26/03/02 03:15:27 INFO output.FileOutputCommitter: Saved output of task 'attempt_local330749912_0013_r_000003_0' to hdfs://localhost:9000/project2/task2/runs_true_k/k5_r30_opt_centers/iter_13/_temporary/0/task_local330749912_0013_r_000003
26/03/02 03:15:27 INFO mapred.LocalJobRunner: reduce > reduce
26/03/02 03:15:27 INFO mapred.Task: Task 'attempt_local330749912_0013_r_000003_0' done.
26/03/02 03:15:27 INFO mapred.Task: Final Counters for attempt_local330749912_0013_r_000003_0: Counters: 29
	File System Counters
		FILE: Number of bytes read=1896934
		FILE: Number of bytes written=5734981
		FILE: Number of read operations=0
		FILE: Number of large read operations=0
		FILE: Number of write operations=0
		HDFS: Number of bytes read=9565783
		HDFS: Number of bytes written=11518
		HDFS: Number of read operations=705
		HDFS: Number of large read operations=0
		HDFS: Number of write operations=230
	Map-Reduce Framework
		Combine input records=0
		Combine output records=0
		Reduce input groups=1
		Reduce shuffle bytes=60
		Reduce input records=1
		Reduce output records=1
		Spilled Records=1
		Shuffled Maps =1
		Failed Shuffles=0
		Merged Map outputs=1
		GC time elapsed (ms)=0
		Total committed heap usage (bytes)=386400256
	Shuffle Errors
		BAD_ID=0
		CONNECTION=0
		IO_ERROR=0
		WRONG_LENGTH=0
		WRONG_MAP=0
		WRONG_REDUCE=0
	File Output Format Counters 
		Bytes Written=103
26/03/02 03:15:27 INFO mapred.LocalJobRunner: Finishing task: attempt_local330749912_0013_r_000003_0
26/03/02 03:15:27 INFO mapred.LocalJobRunner: reduce task executor complete.
26/03/02 03:15:27 INFO mapreduce.Job: Job job_local330749912_0013 running in uber mode : false
26/03/02 03:15:27 INFO mapreduce.Job:  map 100% reduce 100%
26/03/02 03:15:27 INFO mapreduce.Job: Job job_local330749912_0013 completed successfully
26/03/02 03:15:27 INFO mapreduce.Job: Counters: 35
	File System Counters
		FILE: Number of bytes read=9481722
		FILE: Number of bytes written=28674251
		FILE: Number of read operations=0
		FILE: Number of large read operations=0
		FILE: Number of write operations=0
		HDFS: Number of bytes read=47828915
		HDFS: Number of bytes written=56469
		HDFS: Number of read operations=3495
		HDFS: Number of large read operations=0
		HDFS: Number of write operations=1130
	Map-Reduce Framework
		Map input records=10000
		Map output records=10000
		Map output bytes=520000
		Map output materialized bytes=294
		Input split bytes=121
		Combine input records=10000
		Combine output records=5
		Reduce input groups=5
		Reduce shuffle bytes=294
		Reduce input records=5
		Reduce output records=5
		Spilled Records=10
		Shuffled Maps =4
		Failed Shuffles=0
		Merged Map outputs=4
		GC time elapsed (ms)=38
		Total committed heap usage (bytes)=1932001280
	Shuffle Errors
		BAD_ID=0
		CONNECTION=0
		IO_ERROR=0
		WRONG_LENGTH=0
		WRONG_MAP=0
		WRONG_REDUCE=0
	File Input Format Counters 
		Bytes Read=733758
	File Output Format Counters 
		Bytes Written=509
26/03/02 03:15:27 INFO jvm.JvmMetrics: Cannot initialize JVM Metrics with processName=JobTracker, sessionId= - already initialized
26/03/02 03:15:27 WARN mapreduce.JobResourceUploader: Hadoop command-line option parsing not performed. Implement the Tool interface and execute your application with ToolRunner to remedy this.
26/03/02 03:15:27 INFO input.FileInputFormat: Total input paths to process : 1
26/03/02 03:15:27 INFO mapreduce.JobSubmitter: number of splits:1
26/03/02 03:15:27 INFO mapreduce.JobSubmitter: Submitting tokens for job: job_local860462704_0014
26/03/02 03:15:27 INFO mapred.LocalDistributedCacheManager: Creating symlink: /tmp/hadoop-ds503/mapred/local/1772421327809/centers_iter_13.csv <- /home/ds503/centers_iter_13.csv
26/03/02 03:15:27 INFO mapred.LocalDistributedCacheManager: Localized hdfs://localhost:9000/project2/task2/runs_true_k/k5_r30_opt_centers/centers_iter_13.csv as file:/tmp/hadoop-ds503/mapred/local/1772421327809/centers_iter_13.csv
26/03/02 03:15:27 INFO mapreduce.Job: The url to track the job: http://localhost:8080/
26/03/02 03:15:27 INFO mapreduce.Job: Running job: job_local860462704_0014
26/03/02 03:15:27 INFO mapred.LocalJobRunner: OutputCommitter set in config null
26/03/02 03:15:27 INFO output.FileOutputCommitter: File Output Committer Algorithm version is 1
26/03/02 03:15:27 INFO mapred.LocalJobRunner: OutputCommitter is org.apache.hadoop.mapreduce.lib.output.FileOutputCommitter
26/03/02 03:15:27 INFO mapred.LocalJobRunner: Waiting for map tasks
26/03/02 03:15:27 INFO mapred.LocalJobRunner: Starting task: attempt_local860462704_0014_m_000000_0
26/03/02 03:15:27 INFO output.FileOutputCommitter: File Output Committer Algorithm version is 1
26/03/02 03:15:27 INFO mapred.Task:  Using ResourceCalculatorProcessTree : [ ]
26/03/02 03:15:27 INFO mapred.MapTask: Processing split: hdfs://localhost:9000/project2/task2/input/points_4d.csv:0+733758
26/03/02 03:15:27 INFO mapred.MapTask: (EQUATOR) 0 kvi 26214396(104857584)
26/03/02 03:15:27 INFO mapred.MapTask: mapreduce.task.io.sort.mb: 100
26/03/02 03:15:27 INFO mapred.MapTask: soft limit at 83886080
26/03/02 03:15:27 INFO mapred.MapTask: bufstart = 0; bufvoid = 104857600
26/03/02 03:15:27 INFO mapred.MapTask: kvstart = 26214396; length = 6553600
26/03/02 03:15:27 INFO mapred.MapTask: Map output collector class = org.apache.hadoop.mapred.MapTask$MapOutputBuffer
26/03/02 03:15:27 INFO mapred.LocalJobRunner: 
26/03/02 03:15:27 INFO mapred.MapTask: Starting flush of map output
26/03/02 03:15:27 INFO mapred.MapTask: Spilling map output
26/03/02 03:15:27 INFO mapred.MapTask: bufstart = 0; bufend = 520000; bufvoid = 104857600
26/03/02 03:15:27 INFO mapred.MapTask: kvstart = 26214396(104857584); kvend = 26174400(104697600); length = 39997/6553600
26/03/02 03:15:27 INFO mapred.MapTask: Finished spill 0
26/03/02 03:15:27 INFO mapred.Task: Task:attempt_local860462704_0014_m_000000_0 is done. And is in the process of committing
26/03/02 03:15:27 INFO mapred.LocalJobRunner: map
26/03/02 03:15:27 INFO mapred.Task: Task 'attempt_local860462704_0014_m_000000_0' done.
26/03/02 03:15:27 INFO mapred.Task: Final Counters for attempt_local860462704_0014_m_000000_0: Counters: 23
	File System Counters
		FILE: Number of bytes read=2041488
		FILE: Number of bytes written=6175477
		FILE: Number of read operations=0
		FILE: Number of large read operations=0
		FILE: Number of write operations=0
		HDFS: Number of bytes read=10301690
		HDFS: Number of bytes written=11896
		HDFS: Number of read operations=749
		HDFS: Number of large read operations=0
		HDFS: Number of write operations=240
	Map-Reduce Framework
		Map input records=10000
		Map output records=10000
		Map output bytes=520000
		Map output materialized bytes=294
		Input split bytes=121
		Combine input records=10000
		Combine output records=5
		Spilled Records=5
		Failed Shuffles=0
		Merged Map outputs=0
		GC time elapsed (ms)=0
		Total committed heap usage (bytes)=386400256
	File Input Format Counters 
		Bytes Read=733758
26/03/02 03:15:27 INFO mapred.LocalJobRunner: Finishing task: attempt_local860462704_0014_m_000000_0
26/03/02 03:15:27 INFO mapred.LocalJobRunner: map task executor complete.
26/03/02 03:15:27 INFO mapred.LocalJobRunner: Waiting for reduce tasks
26/03/02 03:15:27 INFO mapred.LocalJobRunner: Starting task: attempt_local860462704_0014_r_000000_0
26/03/02 03:15:27 INFO output.FileOutputCommitter: File Output Committer Algorithm version is 1
26/03/02 03:15:27 INFO mapred.Task:  Using ResourceCalculatorProcessTree : [ ]
26/03/02 03:15:27 INFO mapred.ReduceTask: Using ShuffleConsumerPlugin: org.apache.hadoop.mapreduce.task.reduce.Shuffle@2a32abd3
26/03/02 03:15:27 INFO reduce.MergeManagerImpl: MergerManager: memoryLimit=334338464, maxSingleShuffleLimit=83584616, mergeThreshold=220663392, ioSortFactor=10, memToMemMergeOutputsThreshold=10
26/03/02 03:15:27 INFO reduce.EventFetcher: attempt_local860462704_0014_r_000000_0 Thread started: EventFetcher for fetching Map Completion Events
26/03/02 03:15:27 INFO reduce.LocalFetcher: localfetcher#53 about to shuffle output of map attempt_local860462704_0014_m_000000_0 decomp: 110 len: 114 to MEMORY
26/03/02 03:15:27 INFO reduce.InMemoryMapOutput: Read 110 bytes from map-output for attempt_local860462704_0014_m_000000_0
26/03/02 03:15:27 INFO reduce.MergeManagerImpl: closeInMemoryFile -> map-output of size: 110, inMemoryMapOutputs.size() -> 1, commitMemory -> 0, usedMemory ->110
26/03/02 03:15:27 WARN io.ReadaheadPool: Failed readahead on ifile
EBADF: Bad file descriptor
	at org.apache.hadoop.io.nativeio.NativeIO$POSIX.posix_fadvise(Native Method)
	at org.apache.hadoop.io.nativeio.NativeIO$POSIX.posixFadviseIfPossible(NativeIO.java:267)
	at org.apache.hadoop.io.nativeio.NativeIO$POSIX$CacheManipulator.posixFadviseIfPossible(NativeIO.java:146)
	at org.apache.hadoop.io.ReadaheadPool$ReadaheadRequestImpl.run(ReadaheadPool.java:206)
	at java.util.concurrent.ThreadPoolExecutor.runWorker(ThreadPoolExecutor.java:1149)
	at java.util.concurrent.ThreadPoolExecutor$Worker.run(ThreadPoolExecutor.java:624)
	at java.lang.Thread.run(Thread.java:748)
26/03/02 03:15:27 INFO reduce.EventFetcher: EventFetcher is interrupted.. Returning
26/03/02 03:15:27 INFO mapred.LocalJobRunner: 1 / 1 copied.
26/03/02 03:15:27 INFO reduce.MergeManagerImpl: finalMerge called with 1 in-memory map-outputs and 0 on-disk map-outputs
26/03/02 03:15:27 INFO mapred.Merger: Merging 1 sorted segments
26/03/02 03:15:27 INFO mapred.Merger: Down to the last merge-pass, with 1 segments left of total size: 104 bytes
26/03/02 03:15:27 INFO reduce.MergeManagerImpl: Merged 1 segments, 110 bytes to disk to satisfy reduce memory limit
26/03/02 03:15:27 INFO reduce.MergeManagerImpl: Merging 1 files, 114 bytes from disk
26/03/02 03:15:27 INFO reduce.MergeManagerImpl: Merging 0 segments, 0 bytes from memory into reduce
26/03/02 03:15:27 INFO mapred.Merger: Merging 1 sorted segments
26/03/02 03:15:27 INFO mapred.Merger: Down to the last merge-pass, with 1 segments left of total size: 104 bytes
26/03/02 03:15:27 INFO mapred.LocalJobRunner: 1 / 1 copied.
26/03/02 03:15:27 INFO mapred.Task: Task:attempt_local860462704_0014_r_000000_0 is done. And is in the process of committing
26/03/02 03:15:27 INFO mapred.LocalJobRunner: 1 / 1 copied.
26/03/02 03:15:27 INFO mapred.Task: Task attempt_local860462704_0014_r_000000_0 is allowed to commit now
26/03/02 03:15:27 INFO output.FileOutputCommitter: Saved output of task 'attempt_local860462704_0014_r_000000_0' to hdfs://localhost:9000/project2/task2/runs_true_k/k5_r30_opt_centers/iter_14/_temporary/0/task_local860462704_0014_r_000000
26/03/02 03:15:27 INFO mapred.LocalJobRunner: reduce > reduce
26/03/02 03:15:27 INFO mapred.Task: Task 'attempt_local860462704_0014_r_000000_0' done.
26/03/02 03:15:27 INFO mapred.Task: Final Counters for attempt_local860462704_0014_r_000000_0: Counters: 29
	File System Counters
		FILE: Number of bytes read=2042000
		FILE: Number of bytes written=6175591
		FILE: Number of read operations=0
		FILE: Number of large read operations=0
		FILE: Number of write operations=0
		HDFS: Number of bytes read=10301690
		HDFS: Number of bytes written=12102
		HDFS: Number of read operations=752
		HDFS: Number of large read operations=0
		HDFS: Number of write operations=242
	Map-Reduce Framework
		Combine input records=0
		Combine output records=0
		Reduce input groups=2
		Reduce shuffle bytes=114
		Reduce input records=2
		Reduce output records=2
		Spilled Records=2
		Shuffled Maps =1
		Failed Shuffles=0
		Merged Map outputs=1
		GC time elapsed (ms)=0
		Total committed heap usage (bytes)=386400256
	Shuffle Errors
		BAD_ID=0
		CONNECTION=0
		IO_ERROR=0
		WRONG_LENGTH=0
		WRONG_MAP=0
		WRONG_REDUCE=0
	File Output Format Counters 
		Bytes Written=206
26/03/02 03:15:27 INFO mapred.LocalJobRunner: Finishing task: attempt_local860462704_0014_r_000000_0
26/03/02 03:15:27 INFO mapred.LocalJobRunner: Starting task: attempt_local860462704_0014_r_000001_0
26/03/02 03:15:27 INFO output.FileOutputCommitter: File Output Committer Algorithm version is 1
26/03/02 03:15:27 INFO mapred.Task:  Using ResourceCalculatorProcessTree : [ ]
26/03/02 03:15:27 INFO mapred.ReduceTask: Using ShuffleConsumerPlugin: org.apache.hadoop.mapreduce.task.reduce.Shuffle@5a9b1987
26/03/02 03:15:27 INFO reduce.MergeManagerImpl: MergerManager: memoryLimit=334338464, maxSingleShuffleLimit=83584616, mergeThreshold=220663392, ioSortFactor=10, memToMemMergeOutputsThreshold=10
26/03/02 03:15:27 INFO reduce.EventFetcher: attempt_local860462704_0014_r_000001_0 Thread started: EventFetcher for fetching Map Completion Events
26/03/02 03:15:27 INFO reduce.LocalFetcher: localfetcher#54 about to shuffle output of map attempt_local860462704_0014_m_000000_0 decomp: 56 len: 60 to MEMORY
26/03/02 03:15:27 INFO reduce.InMemoryMapOutput: Read 56 bytes from map-output for attempt_local860462704_0014_m_000000_0
26/03/02 03:15:27 INFO reduce.MergeManagerImpl: closeInMemoryFile -> map-output of size: 56, inMemoryMapOutputs.size() -> 1, commitMemory -> 0, usedMemory ->56
26/03/02 03:15:27 INFO reduce.EventFetcher: EventFetcher is interrupted.. Returning
26/03/02 03:15:27 INFO mapred.LocalJobRunner: 1 / 1 copied.
26/03/02 03:15:27 INFO reduce.MergeManagerImpl: finalMerge called with 1 in-memory map-outputs and 0 on-disk map-outputs
26/03/02 03:15:27 INFO mapred.Merger: Merging 1 sorted segments
26/03/02 03:15:27 INFO mapred.Merger: Down to the last merge-pass, with 1 segments left of total size: 50 bytes
26/03/02 03:15:27 INFO reduce.MergeManagerImpl: Merged 1 segments, 56 bytes to disk to satisfy reduce memory limit
26/03/02 03:15:27 INFO reduce.MergeManagerImpl: Merging 1 files, 60 bytes from disk
26/03/02 03:15:27 INFO reduce.MergeManagerImpl: Merging 0 segments, 0 bytes from memory into reduce
26/03/02 03:15:27 INFO mapred.Merger: Merging 1 sorted segments
26/03/02 03:15:27 INFO mapred.Merger: Down to the last merge-pass, with 1 segments left of total size: 50 bytes
26/03/02 03:15:27 INFO mapred.LocalJobRunner: 1 / 1 copied.
26/03/02 03:15:28 INFO mapred.Task: Task:attempt_local860462704_0014_r_000001_0 is done. And is in the process of committing
26/03/02 03:15:28 INFO mapred.LocalJobRunner: 1 / 1 copied.
26/03/02 03:15:28 INFO mapred.Task: Task attempt_local860462704_0014_r_000001_0 is allowed to commit now
26/03/02 03:15:28 INFO output.FileOutputCommitter: Saved output of task 'attempt_local860462704_0014_r_000001_0' to hdfs://localhost:9000/project2/task2/runs_true_k/k5_r30_opt_centers/iter_14/_temporary/0/task_local860462704_0014_r_000001
26/03/02 03:15:28 INFO mapred.LocalJobRunner: reduce > reduce
26/03/02 03:15:28 INFO mapred.Task: Task 'attempt_local860462704_0014_r_000001_0' done.
26/03/02 03:15:28 INFO mapred.Task: Final Counters for attempt_local860462704_0014_r_000001_0: Counters: 29
	File System Counters
		FILE: Number of bytes read=2042344
		FILE: Number of bytes written=6175651
		FILE: Number of read operations=0
		FILE: Number of large read operations=0
		FILE: Number of write operations=0
		HDFS: Number of bytes read=10301690
		HDFS: Number of bytes written=12202
		HDFS: Number of read operations=755
		HDFS: Number of large read operations=0
		HDFS: Number of write operations=244
	Map-Reduce Framework
		Combine input records=0
		Combine output records=0
		Reduce input groups=1
		Reduce shuffle bytes=60
		Reduce input records=1
		Reduce output records=1
		Spilled Records=1
		Shuffled Maps =1
		Failed Shuffles=0
		Merged Map outputs=1
		GC time elapsed (ms)=0
		Total committed heap usage (bytes)=386400256
	Shuffle Errors
		BAD_ID=0
		CONNECTION=0
		IO_ERROR=0
		WRONG_LENGTH=0
		WRONG_MAP=0
		WRONG_REDUCE=0
	File Output Format Counters 
		Bytes Written=100
26/03/02 03:15:28 INFO mapred.LocalJobRunner: Finishing task: attempt_local860462704_0014_r_000001_0
26/03/02 03:15:28 INFO mapred.LocalJobRunner: Starting task: attempt_local860462704_0014_r_000002_0
26/03/02 03:15:28 INFO output.FileOutputCommitter: File Output Committer Algorithm version is 1
26/03/02 03:15:28 INFO mapred.Task:  Using ResourceCalculatorProcessTree : [ ]
26/03/02 03:15:28 INFO mapred.ReduceTask: Using ShuffleConsumerPlugin: org.apache.hadoop.mapreduce.task.reduce.Shuffle@225e85be
26/03/02 03:15:28 INFO reduce.MergeManagerImpl: MergerManager: memoryLimit=334338464, maxSingleShuffleLimit=83584616, mergeThreshold=220663392, ioSortFactor=10, memToMemMergeOutputsThreshold=10
26/03/02 03:15:28 INFO reduce.EventFetcher: attempt_local860462704_0014_r_000002_0 Thread started: EventFetcher for fetching Map Completion Events
26/03/02 03:15:28 INFO reduce.LocalFetcher: localfetcher#55 about to shuffle output of map attempt_local860462704_0014_m_000000_0 decomp: 56 len: 60 to MEMORY
26/03/02 03:15:28 INFO reduce.InMemoryMapOutput: Read 56 bytes from map-output for attempt_local860462704_0014_m_000000_0
26/03/02 03:15:28 WARN io.ReadaheadPool: Failed readahead on ifile
EBADF: Bad file descriptor
	at org.apache.hadoop.io.nativeio.NativeIO$POSIX.posix_fadvise(Native Method)
	at org.apache.hadoop.io.nativeio.NativeIO$POSIX.posixFadviseIfPossible(NativeIO.java:267)
	at org.apache.hadoop.io.nativeio.NativeIO$POSIX$CacheManipulator.posixFadviseIfPossible(NativeIO.java:146)
	at org.apache.hadoop.io.ReadaheadPool$ReadaheadRequestImpl.run(ReadaheadPool.java:206)
	at java.util.concurrent.ThreadPoolExecutor.runWorker(ThreadPoolExecutor.java:1149)
	at java.util.concurrent.ThreadPoolExecutor$Worker.run(ThreadPoolExecutor.java:624)
	at java.lang.Thread.run(Thread.java:748)
26/03/02 03:15:28 INFO reduce.MergeManagerImpl: closeInMemoryFile -> map-output of size: 56, inMemoryMapOutputs.size() -> 1, commitMemory -> 0, usedMemory ->56
26/03/02 03:15:28 INFO reduce.EventFetcher: EventFetcher is interrupted.. Returning
26/03/02 03:15:28 INFO mapred.LocalJobRunner: 1 / 1 copied.
26/03/02 03:15:28 INFO reduce.MergeManagerImpl: finalMerge called with 1 in-memory map-outputs and 0 on-disk map-outputs
26/03/02 03:15:28 INFO mapred.Merger: Merging 1 sorted segments
26/03/02 03:15:28 INFO mapred.Merger: Down to the last merge-pass, with 1 segments left of total size: 50 bytes
26/03/02 03:15:28 INFO reduce.MergeManagerImpl: Merged 1 segments, 56 bytes to disk to satisfy reduce memory limit
26/03/02 03:15:28 INFO reduce.MergeManagerImpl: Merging 1 files, 60 bytes from disk
26/03/02 03:15:28 INFO reduce.MergeManagerImpl: Merging 0 segments, 0 bytes from memory into reduce
26/03/02 03:15:28 INFO mapred.Merger: Merging 1 sorted segments
26/03/02 03:15:28 INFO mapred.Merger: Down to the last merge-pass, with 1 segments left of total size: 50 bytes
26/03/02 03:15:28 INFO mapred.LocalJobRunner: 1 / 1 copied.
26/03/02 03:15:28 INFO mapred.Task: Task:attempt_local860462704_0014_r_000002_0 is done. And is in the process of committing
26/03/02 03:15:28 INFO mapred.LocalJobRunner: 1 / 1 copied.
26/03/02 03:15:28 INFO mapred.Task: Task attempt_local860462704_0014_r_000002_0 is allowed to commit now
26/03/02 03:15:28 INFO output.FileOutputCommitter: Saved output of task 'attempt_local860462704_0014_r_000002_0' to hdfs://localhost:9000/project2/task2/runs_true_k/k5_r30_opt_centers/iter_14/_temporary/0/task_local860462704_0014_r_000002
26/03/02 03:15:28 INFO mapred.LocalJobRunner: reduce > reduce
26/03/02 03:15:28 INFO mapred.Task: Task 'attempt_local860462704_0014_r_000002_0' done.
26/03/02 03:15:28 INFO mapred.Task: Final Counters for attempt_local860462704_0014_r_000002_0: Counters: 29
	File System Counters
		FILE: Number of bytes read=2042628
		FILE: Number of bytes written=6175711
		FILE: Number of read operations=0
		FILE: Number of large read operations=0
		FILE: Number of write operations=0
		HDFS: Number of bytes read=10301690
		HDFS: Number of bytes written=12303
		HDFS: Number of read operations=758
		HDFS: Number of large read operations=0
		HDFS: Number of write operations=246
	Map-Reduce Framework
		Combine input records=0
		Combine output records=0
		Reduce input groups=1
		Reduce shuffle bytes=60
		Reduce input records=1
		Reduce output records=1
		Spilled Records=1
		Shuffled Maps =1
		Failed Shuffles=0
		Merged Map outputs=1
		GC time elapsed (ms)=0
		Total committed heap usage (bytes)=386400256
	Shuffle Errors
		BAD_ID=0
		CONNECTION=0
		IO_ERROR=0
		WRONG_LENGTH=0
		WRONG_MAP=0
		WRONG_REDUCE=0
	File Output Format Counters 
		Bytes Written=101
26/03/02 03:15:28 INFO mapred.LocalJobRunner: Finishing task: attempt_local860462704_0014_r_000002_0
26/03/02 03:15:28 INFO mapred.LocalJobRunner: Starting task: attempt_local860462704_0014_r_000003_0
26/03/02 03:15:28 INFO output.FileOutputCommitter: File Output Committer Algorithm version is 1
26/03/02 03:15:28 INFO mapred.Task:  Using ResourceCalculatorProcessTree : [ ]
26/03/02 03:15:28 INFO mapred.ReduceTask: Using ShuffleConsumerPlugin: org.apache.hadoop.mapreduce.task.reduce.Shuffle@732d38b
26/03/02 03:15:28 INFO reduce.MergeManagerImpl: MergerManager: memoryLimit=334338464, maxSingleShuffleLimit=83584616, mergeThreshold=220663392, ioSortFactor=10, memToMemMergeOutputsThreshold=10
26/03/02 03:15:28 INFO reduce.EventFetcher: attempt_local860462704_0014_r_000003_0 Thread started: EventFetcher for fetching Map Completion Events
26/03/02 03:15:28 INFO reduce.LocalFetcher: localfetcher#56 about to shuffle output of map attempt_local860462704_0014_m_000000_0 decomp: 56 len: 60 to MEMORY
26/03/02 03:15:28 INFO reduce.InMemoryMapOutput: Read 56 bytes from map-output for attempt_local860462704_0014_m_000000_0
26/03/02 03:15:28 INFO reduce.MergeManagerImpl: closeInMemoryFile -> map-output of size: 56, inMemoryMapOutputs.size() -> 1, commitMemory -> 0, usedMemory ->56
26/03/02 03:15:28 INFO reduce.EventFetcher: EventFetcher is interrupted.. Returning
26/03/02 03:15:28 INFO mapred.LocalJobRunner: 1 / 1 copied.
26/03/02 03:15:28 INFO reduce.MergeManagerImpl: finalMerge called with 1 in-memory map-outputs and 0 on-disk map-outputs
26/03/02 03:15:28 INFO mapred.Merger: Merging 1 sorted segments
26/03/02 03:15:28 INFO mapred.Merger: Down to the last merge-pass, with 1 segments left of total size: 50 bytes
26/03/02 03:15:28 INFO reduce.MergeManagerImpl: Merged 1 segments, 56 bytes to disk to satisfy reduce memory limit
26/03/02 03:15:28 INFO reduce.MergeManagerImpl: Merging 1 files, 60 bytes from disk
26/03/02 03:15:28 INFO reduce.MergeManagerImpl: Merging 0 segments, 0 bytes from memory into reduce
26/03/02 03:15:28 INFO mapred.Merger: Merging 1 sorted segments
26/03/02 03:15:28 INFO mapred.Merger: Down to the last merge-pass, with 1 segments left of total size: 50 bytes
26/03/02 03:15:28 INFO mapred.LocalJobRunner: 1 / 1 copied.
26/03/02 03:15:28 INFO mapred.Task: Task:attempt_local860462704_0014_r_000003_0 is done. And is in the process of committing
26/03/02 03:15:28 INFO mapred.LocalJobRunner: 1 / 1 copied.
26/03/02 03:15:28 INFO mapred.Task: Task attempt_local860462704_0014_r_000003_0 is allowed to commit now
26/03/02 03:15:28 INFO output.FileOutputCommitter: Saved output of task 'attempt_local860462704_0014_r_000003_0' to hdfs://localhost:9000/project2/task2/runs_true_k/k5_r30_opt_centers/iter_14/_temporary/0/task_local860462704_0014_r_000003
26/03/02 03:15:28 INFO mapred.LocalJobRunner: reduce > reduce
26/03/02 03:15:28 INFO mapred.Task: Task 'attempt_local860462704_0014_r_000003_0' done.
26/03/02 03:15:28 INFO mapred.Task: Final Counters for attempt_local860462704_0014_r_000003_0: Counters: 29
	File System Counters
		FILE: Number of bytes read=2042852
		FILE: Number of bytes written=6175771
		FILE: Number of read operations=0
		FILE: Number of large read operations=0
		FILE: Number of write operations=0
		HDFS: Number of bytes read=10301690
		HDFS: Number of bytes written=12406
		HDFS: Number of read operations=761
		HDFS: Number of large read operations=0
		HDFS: Number of write operations=248
	Map-Reduce Framework
		Combine input records=0
		Combine output records=0
		Reduce input groups=1
		Reduce shuffle bytes=60
		Reduce input records=1
		Reduce output records=1
		Spilled Records=1
		Shuffled Maps =1
		Failed Shuffles=0
		Merged Map outputs=1
		GC time elapsed (ms)=0
		Total committed heap usage (bytes)=386400256
	Shuffle Errors
		BAD_ID=0
		CONNECTION=0
		IO_ERROR=0
		WRONG_LENGTH=0
		WRONG_MAP=0
		WRONG_REDUCE=0
	File Output Format Counters 
		Bytes Written=103
26/03/02 03:15:28 INFO mapred.LocalJobRunner: Finishing task: attempt_local860462704_0014_r_000003_0
26/03/02 03:15:28 INFO mapred.LocalJobRunner: reduce task executor complete.
26/03/02 03:15:28 INFO mapreduce.Job: Job job_local860462704_0014 running in uber mode : false
26/03/02 03:15:28 INFO mapreduce.Job:  map 100% reduce 100%
26/03/02 03:15:28 INFO mapreduce.Job: Job job_local860462704_0014 completed successfully
26/03/02 03:15:28 INFO mapreduce.Job: Counters: 35
	File System Counters
		FILE: Number of bytes read=10211312
		FILE: Number of bytes written=30878201
		FILE: Number of read operations=0
		FILE: Number of large read operations=0
		FILE: Number of write operations=0
		HDFS: Number of bytes read=51508450
		HDFS: Number of bytes written=60909
		HDFS: Number of read operations=3775
		HDFS: Number of large read operations=0
		HDFS: Number of write operations=1220
	Map-Reduce Framework
		Map input records=10000
		Map output records=10000
		Map output bytes=520000
		Map output materialized bytes=294
		Input split bytes=121
		Combine input records=10000
		Combine output records=5
		Reduce input groups=5
		Reduce shuffle bytes=294
		Reduce input records=5
		Reduce output records=5
		Spilled Records=10
		Shuffled Maps =4
		Failed Shuffles=0
		Merged Map outputs=4
		GC time elapsed (ms)=0
		Total committed heap usage (bytes)=1932001280
	Shuffle Errors
		BAD_ID=0
		CONNECTION=0
		IO_ERROR=0
		WRONG_LENGTH=0
		WRONG_MAP=0
		WRONG_REDUCE=0
	File Input Format Counters 
		Bytes Read=733758
	File Output Format Counters 
		Bytes Written=510
26/03/02 03:15:28 INFO jvm.JvmMetrics: Cannot initialize JVM Metrics with processName=JobTracker, sessionId= - already initialized
26/03/02 03:15:28 WARN mapreduce.JobResourceUploader: Hadoop command-line option parsing not performed. Implement the Tool interface and execute your application with ToolRunner to remedy this.
26/03/02 03:15:28 INFO input.FileInputFormat: Total input paths to process : 1
26/03/02 03:15:28 INFO mapreduce.JobSubmitter: number of splits:1
26/03/02 03:15:28 INFO mapreduce.JobSubmitter: Submitting tokens for job: job_local794616359_0015
26/03/02 03:15:28 INFO mapred.LocalDistributedCacheManager: Creating symlink: /tmp/hadoop-ds503/mapred/local/1772421328903/centers_iter_14.csv <- /home/ds503/centers_iter_14.csv
26/03/02 03:15:28 INFO mapred.LocalDistributedCacheManager: Localized hdfs://localhost:9000/project2/task2/runs_true_k/k5_r30_opt_centers/centers_iter_14.csv as file:/tmp/hadoop-ds503/mapred/local/1772421328903/centers_iter_14.csv
26/03/02 03:15:28 INFO mapreduce.Job: The url to track the job: http://localhost:8080/
26/03/02 03:15:28 INFO mapreduce.Job: Running job: job_local794616359_0015
26/03/02 03:15:28 INFO mapred.LocalJobRunner: OutputCommitter set in config null
26/03/02 03:15:28 INFO output.FileOutputCommitter: File Output Committer Algorithm version is 1
26/03/02 03:15:28 INFO mapred.LocalJobRunner: OutputCommitter is org.apache.hadoop.mapreduce.lib.output.FileOutputCommitter
26/03/02 03:15:28 INFO mapred.LocalJobRunner: Waiting for map tasks
26/03/02 03:15:28 INFO mapred.LocalJobRunner: Starting task: attempt_local794616359_0015_m_000000_0
26/03/02 03:15:28 INFO output.FileOutputCommitter: File Output Committer Algorithm version is 1
26/03/02 03:15:28 INFO mapred.Task:  Using ResourceCalculatorProcessTree : [ ]
26/03/02 03:15:28 INFO mapred.MapTask: Processing split: hdfs://localhost:9000/project2/task2/input/points_4d.csv:0+733758
26/03/02 03:15:29 INFO mapred.MapTask: (EQUATOR) 0 kvi 26214396(104857584)
26/03/02 03:15:29 INFO mapred.MapTask: mapreduce.task.io.sort.mb: 100
26/03/02 03:15:29 INFO mapred.MapTask: soft limit at 83886080
26/03/02 03:15:29 INFO mapred.MapTask: bufstart = 0; bufvoid = 104857600
26/03/02 03:15:29 INFO mapred.MapTask: kvstart = 26214396; length = 6553600
26/03/02 03:15:29 INFO mapred.MapTask: Map output collector class = org.apache.hadoop.mapred.MapTask$MapOutputBuffer
26/03/02 03:15:29 INFO mapred.LocalJobRunner: 
26/03/02 03:15:29 INFO mapred.MapTask: Starting flush of map output
26/03/02 03:15:29 INFO mapred.MapTask: Spilling map output
26/03/02 03:15:29 INFO mapred.MapTask: bufstart = 0; bufend = 520000; bufvoid = 104857600
26/03/02 03:15:29 INFO mapred.MapTask: kvstart = 26214396(104857584); kvend = 26174400(104697600); length = 39997/6553600
26/03/02 03:15:29 INFO mapred.MapTask: Finished spill 0
26/03/02 03:15:29 INFO mapred.Task: Task:attempt_local794616359_0015_m_000000_0 is done. And is in the process of committing
26/03/02 03:15:29 INFO mapred.LocalJobRunner: map
26/03/02 03:15:29 INFO mapred.Task: Task 'attempt_local794616359_0015_m_000000_0' done.
26/03/02 03:15:29 INFO mapred.Task: Final Counters for attempt_local794616359_0015_m_000000_0: Counters: 23
	File System Counters
		FILE: Number of bytes read=2187406
		FILE: Number of bytes written=6616268
		FILE: Number of read operations=0
		FILE: Number of large read operations=0
		FILE: Number of write operations=0
		HDFS: Number of bytes read=11037604
		HDFS: Number of bytes written=12785
		HDFS: Number of read operations=805
		HDFS: Number of large read operations=0
		HDFS: Number of write operations=258
	Map-Reduce Framework
		Map input records=10000
		Map output records=10000
		Map output bytes=520000
		Map output materialized bytes=294
		Input split bytes=121
		Combine input records=10000
		Combine output records=5
		Spilled Records=5
		Failed Shuffles=0
		Merged Map outputs=0
		GC time elapsed (ms)=41
		Total committed heap usage (bytes)=405274624
	File Input Format Counters 
		Bytes Read=733758
26/03/02 03:15:29 INFO mapred.LocalJobRunner: Finishing task: attempt_local794616359_0015_m_000000_0
26/03/02 03:15:29 INFO mapred.LocalJobRunner: map task executor complete.
26/03/02 03:15:29 INFO mapred.LocalJobRunner: Waiting for reduce tasks
26/03/02 03:15:29 INFO mapred.LocalJobRunner: Starting task: attempt_local794616359_0015_r_000000_0
26/03/02 03:15:29 INFO output.FileOutputCommitter: File Output Committer Algorithm version is 1
26/03/02 03:15:29 INFO mapred.Task:  Using ResourceCalculatorProcessTree : [ ]
26/03/02 03:15:29 INFO mapred.ReduceTask: Using ShuffleConsumerPlugin: org.apache.hadoop.mapreduce.task.reduce.Shuffle@1db82205
26/03/02 03:15:29 INFO reduce.MergeManagerImpl: MergerManager: memoryLimit=334338464, maxSingleShuffleLimit=83584616, mergeThreshold=220663392, ioSortFactor=10, memToMemMergeOutputsThreshold=10
26/03/02 03:15:29 INFO reduce.EventFetcher: attempt_local794616359_0015_r_000000_0 Thread started: EventFetcher for fetching Map Completion Events
26/03/02 03:15:29 INFO reduce.LocalFetcher: localfetcher#57 about to shuffle output of map attempt_local794616359_0015_m_000000_0 decomp: 110 len: 114 to MEMORY
26/03/02 03:15:29 INFO reduce.InMemoryMapOutput: Read 110 bytes from map-output for attempt_local794616359_0015_m_000000_0
26/03/02 03:15:29 INFO reduce.MergeManagerImpl: closeInMemoryFile -> map-output of size: 110, inMemoryMapOutputs.size() -> 1, commitMemory -> 0, usedMemory ->110
26/03/02 03:15:29 INFO reduce.EventFetcher: EventFetcher is interrupted.. Returning
26/03/02 03:15:29 INFO mapred.LocalJobRunner: 1 / 1 copied.
26/03/02 03:15:29 INFO reduce.MergeManagerImpl: finalMerge called with 1 in-memory map-outputs and 0 on-disk map-outputs
26/03/02 03:15:29 INFO mapred.Merger: Merging 1 sorted segments
26/03/02 03:15:29 INFO mapred.Merger: Down to the last merge-pass, with 1 segments left of total size: 104 bytes
26/03/02 03:15:29 INFO reduce.MergeManagerImpl: Merged 1 segments, 110 bytes to disk to satisfy reduce memory limit
26/03/02 03:15:29 INFO reduce.MergeManagerImpl: Merging 1 files, 114 bytes from disk
26/03/02 03:15:29 INFO reduce.MergeManagerImpl: Merging 0 segments, 0 bytes from memory into reduce
26/03/02 03:15:29 INFO mapred.Merger: Merging 1 sorted segments
26/03/02 03:15:29 INFO mapred.Merger: Down to the last merge-pass, with 1 segments left of total size: 104 bytes
26/03/02 03:15:29 INFO mapred.LocalJobRunner: 1 / 1 copied.
26/03/02 03:15:29 INFO mapred.Task: Task:attempt_local794616359_0015_r_000000_0 is done. And is in the process of committing
26/03/02 03:15:29 INFO mapred.LocalJobRunner: 1 / 1 copied.
26/03/02 03:15:29 INFO mapred.Task: Task attempt_local794616359_0015_r_000000_0 is allowed to commit now
26/03/02 03:15:29 INFO output.FileOutputCommitter: Saved output of task 'attempt_local794616359_0015_r_000000_0' to hdfs://localhost:9000/project2/task2/runs_true_k/k5_r30_opt_centers/iter_15/_temporary/0/task_local794616359_0015_r_000000
26/03/02 03:15:29 INFO mapred.LocalJobRunner: reduce > reduce
26/03/02 03:15:29 INFO mapred.Task: Task 'attempt_local794616359_0015_r_000000_0' done.
26/03/02 03:15:29 INFO mapred.Task: Final Counters for attempt_local794616359_0015_r_000000_0: Counters: 29
	File System Counters
		FILE: Number of bytes read=2187918
		FILE: Number of bytes written=6616382
		FILE: Number of read operations=0
		FILE: Number of large read operations=0
		FILE: Number of write operations=0
		HDFS: Number of bytes read=11037604
		HDFS: Number of bytes written=12988
		HDFS: Number of read operations=808
		HDFS: Number of large read operations=0
		HDFS: Number of write operations=260
	Map-Reduce Framework
		Combine input records=0
		Combine output records=0
		Reduce input groups=2
		Reduce shuffle bytes=114
		Reduce input records=2
		Reduce output records=2
		Spilled Records=2
		Shuffled Maps =1
		Failed Shuffles=0
		Merged Map outputs=1
		GC time elapsed (ms)=0
		Total committed heap usage (bytes)=405274624
	Shuffle Errors
		BAD_ID=0
		CONNECTION=0
		IO_ERROR=0
		WRONG_LENGTH=0
		WRONG_MAP=0
		WRONG_REDUCE=0
	File Output Format Counters 
		Bytes Written=203
26/03/02 03:15:29 INFO mapred.LocalJobRunner: Finishing task: attempt_local794616359_0015_r_000000_0
26/03/02 03:15:29 INFO mapred.LocalJobRunner: Starting task: attempt_local794616359_0015_r_000001_0
26/03/02 03:15:29 INFO output.FileOutputCommitter: File Output Committer Algorithm version is 1
26/03/02 03:15:29 INFO mapred.Task:  Using ResourceCalculatorProcessTree : [ ]
26/03/02 03:15:29 INFO mapred.ReduceTask: Using ShuffleConsumerPlugin: org.apache.hadoop.mapreduce.task.reduce.Shuffle@e366dbe
26/03/02 03:15:29 INFO reduce.MergeManagerImpl: MergerManager: memoryLimit=334338464, maxSingleShuffleLimit=83584616, mergeThreshold=220663392, ioSortFactor=10, memToMemMergeOutputsThreshold=10
26/03/02 03:15:29 INFO reduce.EventFetcher: attempt_local794616359_0015_r_000001_0 Thread started: EventFetcher for fetching Map Completion Events
26/03/02 03:15:29 INFO reduce.LocalFetcher: localfetcher#58 about to shuffle output of map attempt_local794616359_0015_m_000000_0 decomp: 56 len: 60 to MEMORY
26/03/02 03:15:29 INFO reduce.InMemoryMapOutput: Read 56 bytes from map-output for attempt_local794616359_0015_m_000000_0
26/03/02 03:15:29 INFO reduce.MergeManagerImpl: closeInMemoryFile -> map-output of size: 56, inMemoryMapOutputs.size() -> 1, commitMemory -> 0, usedMemory ->56
26/03/02 03:15:29 INFO reduce.EventFetcher: EventFetcher is interrupted.. Returning
26/03/02 03:15:29 INFO mapred.LocalJobRunner: 1 / 1 copied.
26/03/02 03:15:29 INFO reduce.MergeManagerImpl: finalMerge called with 1 in-memory map-outputs and 0 on-disk map-outputs
26/03/02 03:15:29 INFO mapred.Merger: Merging 1 sorted segments
26/03/02 03:15:29 INFO mapred.Merger: Down to the last merge-pass, with 1 segments left of total size: 50 bytes
26/03/02 03:15:29 INFO reduce.MergeManagerImpl: Merged 1 segments, 56 bytes to disk to satisfy reduce memory limit
26/03/02 03:15:29 INFO reduce.MergeManagerImpl: Merging 1 files, 60 bytes from disk
26/03/02 03:15:29 INFO reduce.MergeManagerImpl: Merging 0 segments, 0 bytes from memory into reduce
26/03/02 03:15:29 INFO mapred.Merger: Merging 1 sorted segments
26/03/02 03:15:29 INFO mapred.Merger: Down to the last merge-pass, with 1 segments left of total size: 50 bytes
26/03/02 03:15:29 INFO mapred.LocalJobRunner: 1 / 1 copied.
26/03/02 03:15:29 INFO mapred.Task: Task:attempt_local794616359_0015_r_000001_0 is done. And is in the process of committing
26/03/02 03:15:29 INFO mapred.LocalJobRunner: 1 / 1 copied.
26/03/02 03:15:29 INFO mapred.Task: Task attempt_local794616359_0015_r_000001_0 is allowed to commit now
26/03/02 03:15:29 INFO output.FileOutputCommitter: Saved output of task 'attempt_local794616359_0015_r_000001_0' to hdfs://localhost:9000/project2/task2/runs_true_k/k5_r30_opt_centers/iter_15/_temporary/0/task_local794616359_0015_r_000001
26/03/02 03:15:29 INFO mapred.LocalJobRunner: reduce > reduce
26/03/02 03:15:29 INFO mapred.Task: Task 'attempt_local794616359_0015_r_000001_0' done.
26/03/02 03:15:29 INFO mapred.Task: Final Counters for attempt_local794616359_0015_r_000001_0: Counters: 29
	File System Counters
		FILE: Number of bytes read=2188262
		FILE: Number of bytes written=6616442
		FILE: Number of read operations=0
		FILE: Number of large read operations=0
		FILE: Number of write operations=0
		HDFS: Number of bytes read=11037604
		HDFS: Number of bytes written=13089
		HDFS: Number of read operations=811
		HDFS: Number of large read operations=0
		HDFS: Number of write operations=262
	Map-Reduce Framework
		Combine input records=0
		Combine output records=0
		Reduce input groups=1
		Reduce shuffle bytes=60
		Reduce input records=1
		Reduce output records=1
		Spilled Records=1
		Shuffled Maps =1
		Failed Shuffles=0
		Merged Map outputs=1
		GC time elapsed (ms)=0
		Total committed heap usage (bytes)=405274624
	Shuffle Errors
		BAD_ID=0
		CONNECTION=0
		IO_ERROR=0
		WRONG_LENGTH=0
		WRONG_MAP=0
		WRONG_REDUCE=0
	File Output Format Counters 
		Bytes Written=101
26/03/02 03:15:29 INFO mapred.LocalJobRunner: Finishing task: attempt_local794616359_0015_r_000001_0
26/03/02 03:15:29 INFO mapred.LocalJobRunner: Starting task: attempt_local794616359_0015_r_000002_0
26/03/02 03:15:29 INFO output.FileOutputCommitter: File Output Committer Algorithm version is 1
26/03/02 03:15:29 INFO mapred.Task:  Using ResourceCalculatorProcessTree : [ ]
26/03/02 03:15:29 INFO mapred.ReduceTask: Using ShuffleConsumerPlugin: org.apache.hadoop.mapreduce.task.reduce.Shuffle@7644c49a
26/03/02 03:15:29 INFO reduce.MergeManagerImpl: MergerManager: memoryLimit=334338464, maxSingleShuffleLimit=83584616, mergeThreshold=220663392, ioSortFactor=10, memToMemMergeOutputsThreshold=10
26/03/02 03:15:29 INFO reduce.EventFetcher: attempt_local794616359_0015_r_000002_0 Thread started: EventFetcher for fetching Map Completion Events
26/03/02 03:15:29 INFO reduce.LocalFetcher: localfetcher#59 about to shuffle output of map attempt_local794616359_0015_m_000000_0 decomp: 56 len: 60 to MEMORY
26/03/02 03:15:29 INFO reduce.InMemoryMapOutput: Read 56 bytes from map-output for attempt_local794616359_0015_m_000000_0
26/03/02 03:15:29 INFO reduce.MergeManagerImpl: closeInMemoryFile -> map-output of size: 56, inMemoryMapOutputs.size() -> 1, commitMemory -> 0, usedMemory ->56
26/03/02 03:15:29 INFO reduce.EventFetcher: EventFetcher is interrupted.. Returning
26/03/02 03:15:29 INFO mapred.LocalJobRunner: 1 / 1 copied.
26/03/02 03:15:29 INFO reduce.MergeManagerImpl: finalMerge called with 1 in-memory map-outputs and 0 on-disk map-outputs
26/03/02 03:15:29 INFO mapred.Merger: Merging 1 sorted segments
26/03/02 03:15:29 INFO mapred.Merger: Down to the last merge-pass, with 1 segments left of total size: 50 bytes
26/03/02 03:15:29 INFO reduce.MergeManagerImpl: Merged 1 segments, 56 bytes to disk to satisfy reduce memory limit
26/03/02 03:15:29 INFO reduce.MergeManagerImpl: Merging 1 files, 60 bytes from disk
26/03/02 03:15:29 INFO reduce.MergeManagerImpl: Merging 0 segments, 0 bytes from memory into reduce
26/03/02 03:15:29 INFO mapred.Merger: Merging 1 sorted segments
26/03/02 03:15:29 INFO mapred.Merger: Down to the last merge-pass, with 1 segments left of total size: 50 bytes
26/03/02 03:15:29 INFO mapred.LocalJobRunner: 1 / 1 copied.
26/03/02 03:15:29 INFO mapred.Task: Task:attempt_local794616359_0015_r_000002_0 is done. And is in the process of committing
26/03/02 03:15:29 INFO mapred.LocalJobRunner: 1 / 1 copied.
26/03/02 03:15:29 INFO mapred.Task: Task attempt_local794616359_0015_r_000002_0 is allowed to commit now
26/03/02 03:15:29 INFO output.FileOutputCommitter: Saved output of task 'attempt_local794616359_0015_r_000002_0' to hdfs://localhost:9000/project2/task2/runs_true_k/k5_r30_opt_centers/iter_15/_temporary/0/task_local794616359_0015_r_000002
26/03/02 03:15:29 INFO mapred.LocalJobRunner: reduce > reduce
26/03/02 03:15:29 INFO mapred.Task: Task 'attempt_local794616359_0015_r_000002_0' done.
26/03/02 03:15:29 INFO mapred.Task: Final Counters for attempt_local794616359_0015_r_000002_0: Counters: 29
	File System Counters
		FILE: Number of bytes read=2188546
		FILE: Number of bytes written=6616502
		FILE: Number of read operations=0
		FILE: Number of large read operations=0
		FILE: Number of write operations=0
		HDFS: Number of bytes read=11037604
		HDFS: Number of bytes written=13190
		HDFS: Number of read operations=814
		HDFS: Number of large read operations=0
		HDFS: Number of write operations=264
	Map-Reduce Framework
		Combine input records=0
		Combine output records=0
		Reduce input groups=1
		Reduce shuffle bytes=60
		Reduce input records=1
		Reduce output records=1
		Spilled Records=1
		Shuffled Maps =1
		Failed Shuffles=0
		Merged Map outputs=1
		GC time elapsed (ms)=0
		Total committed heap usage (bytes)=405274624
	Shuffle Errors
		BAD_ID=0
		CONNECTION=0
		IO_ERROR=0
		WRONG_LENGTH=0
		WRONG_MAP=0
		WRONG_REDUCE=0
	File Output Format Counters 
		Bytes Written=101
26/03/02 03:15:29 INFO mapred.LocalJobRunner: Finishing task: attempt_local794616359_0015_r_000002_0
26/03/02 03:15:29 INFO mapred.LocalJobRunner: Starting task: attempt_local794616359_0015_r_000003_0
26/03/02 03:15:29 INFO output.FileOutputCommitter: File Output Committer Algorithm version is 1
26/03/02 03:15:29 INFO mapred.Task:  Using ResourceCalculatorProcessTree : [ ]
26/03/02 03:15:29 INFO mapred.ReduceTask: Using ShuffleConsumerPlugin: org.apache.hadoop.mapreduce.task.reduce.Shuffle@f8bead8
26/03/02 03:15:29 INFO reduce.MergeManagerImpl: MergerManager: memoryLimit=334338464, maxSingleShuffleLimit=83584616, mergeThreshold=220663392, ioSortFactor=10, memToMemMergeOutputsThreshold=10
26/03/02 03:15:29 INFO reduce.EventFetcher: attempt_local794616359_0015_r_000003_0 Thread started: EventFetcher for fetching Map Completion Events
26/03/02 03:15:29 INFO reduce.LocalFetcher: localfetcher#60 about to shuffle output of map attempt_local794616359_0015_m_000000_0 decomp: 56 len: 60 to MEMORY
26/03/02 03:15:29 INFO reduce.InMemoryMapOutput: Read 56 bytes from map-output for attempt_local794616359_0015_m_000000_0
26/03/02 03:15:29 INFO reduce.MergeManagerImpl: closeInMemoryFile -> map-output of size: 56, inMemoryMapOutputs.size() -> 1, commitMemory -> 0, usedMemory ->56
26/03/02 03:15:29 INFO reduce.EventFetcher: EventFetcher is interrupted.. Returning
26/03/02 03:15:29 INFO mapred.LocalJobRunner: 1 / 1 copied.
26/03/02 03:15:29 INFO reduce.MergeManagerImpl: finalMerge called with 1 in-memory map-outputs and 0 on-disk map-outputs
26/03/02 03:15:29 INFO mapred.Merger: Merging 1 sorted segments
26/03/02 03:15:29 INFO mapred.Merger: Down to the last merge-pass, with 1 segments left of total size: 50 bytes
26/03/02 03:15:29 INFO reduce.MergeManagerImpl: Merged 1 segments, 56 bytes to disk to satisfy reduce memory limit
26/03/02 03:15:29 INFO reduce.MergeManagerImpl: Merging 1 files, 60 bytes from disk
26/03/02 03:15:29 INFO reduce.MergeManagerImpl: Merging 0 segments, 0 bytes from memory into reduce
26/03/02 03:15:29 INFO mapred.Merger: Merging 1 sorted segments
26/03/02 03:15:29 INFO mapred.Merger: Down to the last merge-pass, with 1 segments left of total size: 50 bytes
26/03/02 03:15:29 INFO mapred.LocalJobRunner: 1 / 1 copied.
26/03/02 03:15:29 INFO mapred.Task: Task:attempt_local794616359_0015_r_000003_0 is done. And is in the process of committing
26/03/02 03:15:29 INFO mapred.LocalJobRunner: 1 / 1 copied.
26/03/02 03:15:29 INFO mapred.Task: Task attempt_local794616359_0015_r_000003_0 is allowed to commit now
26/03/02 03:15:29 INFO output.FileOutputCommitter: Saved output of task 'attempt_local794616359_0015_r_000003_0' to hdfs://localhost:9000/project2/task2/runs_true_k/k5_r30_opt_centers/iter_15/_temporary/0/task_local794616359_0015_r_000003
26/03/02 03:15:29 INFO mapred.LocalJobRunner: reduce > reduce
26/03/02 03:15:29 INFO mapred.Task: Task 'attempt_local794616359_0015_r_000003_0' done.
26/03/02 03:15:29 INFO mapred.Task: Final Counters for attempt_local794616359_0015_r_000003_0: Counters: 29
	File System Counters
		FILE: Number of bytes read=2188770
		FILE: Number of bytes written=6616562
		FILE: Number of read operations=0
		FILE: Number of large read operations=0
		FILE: Number of write operations=0
		HDFS: Number of bytes read=11037604
		HDFS: Number of bytes written=13291
		HDFS: Number of read operations=817
		HDFS: Number of large read operations=0
		HDFS: Number of write operations=266
	Map-Reduce Framework
		Combine input records=0
		Combine output records=0
		Reduce input groups=1
		Reduce shuffle bytes=60
		Reduce input records=1
		Reduce output records=1
		Spilled Records=1
		Shuffled Maps =1
		Failed Shuffles=0
		Merged Map outputs=1
		GC time elapsed (ms)=0
		Total committed heap usage (bytes)=405274624
	Shuffle Errors
		BAD_ID=0
		CONNECTION=0
		IO_ERROR=0
		WRONG_LENGTH=0
		WRONG_MAP=0
		WRONG_REDUCE=0
	File Output Format Counters 
		Bytes Written=101
26/03/02 03:15:29 INFO mapred.LocalJobRunner: Finishing task: attempt_local794616359_0015_r_000003_0
26/03/02 03:15:29 INFO mapred.LocalJobRunner: reduce task executor complete.
26/03/02 03:15:29 INFO mapreduce.Job: Job job_local794616359_0015 running in uber mode : false
26/03/02 03:15:29 INFO mapreduce.Job:  map 100% reduce 100%
26/03/02 03:15:29 INFO mapreduce.Job: Job job_local794616359_0015 completed successfully
26/03/02 03:15:29 INFO mapreduce.Job: Counters: 35
	File System Counters
		FILE: Number of bytes read=10940902
		FILE: Number of bytes written=33082156
		FILE: Number of read operations=0
		FILE: Number of large read operations=0
		FILE: Number of write operations=0
		HDFS: Number of bytes read=55188020
		HDFS: Number of bytes written=65343
		HDFS: Number of read operations=4055
		HDFS: Number of large read operations=0
		HDFS: Number of write operations=1310
	Map-Reduce Framework
		Map input records=10000
		Map output records=10000
		Map output bytes=520000
		Map output materialized bytes=294
		Input split bytes=121
		Combine input records=10000
		Combine output records=5
		Reduce input groups=5
		Reduce shuffle bytes=294
		Reduce input records=5
		Reduce output records=5
		Spilled Records=10
		Shuffled Maps =4
		Failed Shuffles=0
		Merged Map outputs=4
		GC time elapsed (ms)=41
		Total committed heap usage (bytes)=2026373120
	Shuffle Errors
		BAD_ID=0
		CONNECTION=0
		IO_ERROR=0
		WRONG_LENGTH=0
		WRONG_MAP=0
		WRONG_REDUCE=0
	File Input Format Counters 
		Bytes Read=733758
	File Output Format Counters 
		Bytes Written=506
26/03/02 03:15:29 INFO jvm.JvmMetrics: Cannot initialize JVM Metrics with processName=JobTracker, sessionId= - already initialized
26/03/02 03:15:29 WARN mapreduce.JobResourceUploader: Hadoop command-line option parsing not performed. Implement the Tool interface and execute your application with ToolRunner to remedy this.
26/03/02 03:15:29 INFO input.FileInputFormat: Total input paths to process : 1
26/03/02 03:15:29 INFO mapreduce.JobSubmitter: number of splits:1
26/03/02 03:15:29 INFO mapreduce.JobSubmitter: Submitting tokens for job: job_local1145717531_0016
26/03/02 03:15:30 INFO mapred.LocalDistributedCacheManager: Creating symlink: /tmp/hadoop-ds503/mapred/local/1772421329994/centers_iter_15.csv <- /home/ds503/centers_iter_15.csv
26/03/02 03:15:30 INFO mapred.LocalDistributedCacheManager: Localized hdfs://localhost:9000/project2/task2/runs_true_k/k5_r30_opt_centers/centers_iter_15.csv as file:/tmp/hadoop-ds503/mapred/local/1772421329994/centers_iter_15.csv
26/03/02 03:15:30 INFO mapreduce.Job: The url to track the job: http://localhost:8080/
26/03/02 03:15:30 INFO mapreduce.Job: Running job: job_local1145717531_0016
26/03/02 03:15:30 INFO mapred.LocalJobRunner: OutputCommitter set in config null
26/03/02 03:15:30 INFO output.FileOutputCommitter: File Output Committer Algorithm version is 1
26/03/02 03:15:30 INFO mapred.LocalJobRunner: OutputCommitter is org.apache.hadoop.mapreduce.lib.output.FileOutputCommitter
26/03/02 03:15:30 INFO mapred.LocalJobRunner: Waiting for map tasks
26/03/02 03:15:30 INFO mapred.LocalJobRunner: Starting task: attempt_local1145717531_0016_m_000000_0
26/03/02 03:15:30 INFO output.FileOutputCommitter: File Output Committer Algorithm version is 1
26/03/02 03:15:30 INFO mapred.Task:  Using ResourceCalculatorProcessTree : [ ]
26/03/02 03:15:30 INFO mapred.MapTask: Processing split: hdfs://localhost:9000/project2/task2/input/points_4d.csv:0+733758
26/03/02 03:15:30 INFO mapred.MapTask: (EQUATOR) 0 kvi 26214396(104857584)
26/03/02 03:15:30 INFO mapred.MapTask: mapreduce.task.io.sort.mb: 100
26/03/02 03:15:30 INFO mapred.MapTask: soft limit at 83886080
26/03/02 03:15:30 INFO mapred.MapTask: bufstart = 0; bufvoid = 104857600
26/03/02 03:15:30 INFO mapred.MapTask: kvstart = 26214396; length = 6553600
26/03/02 03:15:30 INFO mapred.MapTask: Map output collector class = org.apache.hadoop.mapred.MapTask$MapOutputBuffer
26/03/02 03:15:30 INFO mapred.LocalJobRunner: 
26/03/02 03:15:30 INFO mapred.MapTask: Starting flush of map output
26/03/02 03:15:30 INFO mapred.MapTask: Spilling map output
26/03/02 03:15:30 INFO mapred.MapTask: bufstart = 0; bufend = 520000; bufvoid = 104857600
26/03/02 03:15:30 INFO mapred.MapTask: kvstart = 26214396(104857584); kvend = 26174400(104697600); length = 39997/6553600
26/03/02 03:15:30 INFO mapred.MapTask: Finished spill 0
26/03/02 03:15:30 INFO mapred.Task: Task:attempt_local1145717531_0016_m_000000_0 is done. And is in the process of committing
26/03/02 03:15:30 INFO mapred.LocalJobRunner: map
26/03/02 03:15:30 INFO mapred.Task: Task 'attempt_local1145717531_0016_m_000000_0' done.
26/03/02 03:15:30 INFO mapred.Task: Final Counters for attempt_local1145717531_0016_m_000000_0: Counters: 23
	File System Counters
		FILE: Number of bytes read=2333324
		FILE: Number of bytes written=7058643
		FILE: Number of read operations=0
		FILE: Number of large read operations=0
		FILE: Number of write operations=0
		HDFS: Number of bytes read=11773503
		HDFS: Number of bytes written=13666
		HDFS: Number of read operations=861
		HDFS: Number of large read operations=0
		HDFS: Number of write operations=276
	Map-Reduce Framework
		Map input records=10000
		Map output records=10000
		Map output bytes=520000
		Map output materialized bytes=294
		Input split bytes=121
		Combine input records=10000
		Combine output records=5
		Spilled Records=5
		Failed Shuffles=0
		Merged Map outputs=0
		GC time elapsed (ms)=0
		Total committed heap usage (bytes)=405274624
	File Input Format Counters 
		Bytes Read=733758
26/03/02 03:15:30 INFO mapred.LocalJobRunner: Finishing task: attempt_local1145717531_0016_m_000000_0
26/03/02 03:15:30 INFO mapred.LocalJobRunner: map task executor complete.
26/03/02 03:15:30 INFO mapred.LocalJobRunner: Waiting for reduce tasks
26/03/02 03:15:30 INFO mapred.LocalJobRunner: Starting task: attempt_local1145717531_0016_r_000000_0
26/03/02 03:15:30 INFO output.FileOutputCommitter: File Output Committer Algorithm version is 1
26/03/02 03:15:30 INFO mapred.Task:  Using ResourceCalculatorProcessTree : [ ]
26/03/02 03:15:30 INFO mapred.ReduceTask: Using ShuffleConsumerPlugin: org.apache.hadoop.mapreduce.task.reduce.Shuffle@2e5b8ce2
26/03/02 03:15:30 INFO reduce.MergeManagerImpl: MergerManager: memoryLimit=334338464, maxSingleShuffleLimit=83584616, mergeThreshold=220663392, ioSortFactor=10, memToMemMergeOutputsThreshold=10
26/03/02 03:15:30 INFO reduce.EventFetcher: attempt_local1145717531_0016_r_000000_0 Thread started: EventFetcher for fetching Map Completion Events
26/03/02 03:15:30 INFO reduce.LocalFetcher: localfetcher#61 about to shuffle output of map attempt_local1145717531_0016_m_000000_0 decomp: 110 len: 114 to MEMORY
26/03/02 03:15:30 INFO reduce.InMemoryMapOutput: Read 110 bytes from map-output for attempt_local1145717531_0016_m_000000_0
26/03/02 03:15:30 INFO reduce.MergeManagerImpl: closeInMemoryFile -> map-output of size: 110, inMemoryMapOutputs.size() -> 1, commitMemory -> 0, usedMemory ->110
26/03/02 03:15:30 INFO reduce.EventFetcher: EventFetcher is interrupted.. Returning
26/03/02 03:15:30 INFO mapred.LocalJobRunner: 1 / 1 copied.
26/03/02 03:15:30 INFO reduce.MergeManagerImpl: finalMerge called with 1 in-memory map-outputs and 0 on-disk map-outputs
26/03/02 03:15:30 INFO mapred.Merger: Merging 1 sorted segments
26/03/02 03:15:30 INFO mapred.Merger: Down to the last merge-pass, with 1 segments left of total size: 104 bytes
26/03/02 03:15:30 INFO reduce.MergeManagerImpl: Merged 1 segments, 110 bytes to disk to satisfy reduce memory limit
26/03/02 03:15:30 INFO reduce.MergeManagerImpl: Merging 1 files, 114 bytes from disk
26/03/02 03:15:30 INFO reduce.MergeManagerImpl: Merging 0 segments, 0 bytes from memory into reduce
26/03/02 03:15:30 INFO mapred.Merger: Merging 1 sorted segments
26/03/02 03:15:30 INFO mapred.Merger: Down to the last merge-pass, with 1 segments left of total size: 104 bytes
26/03/02 03:15:30 INFO mapred.LocalJobRunner: 1 / 1 copied.
26/03/02 03:15:30 INFO mapred.Task: Task:attempt_local1145717531_0016_r_000000_0 is done. And is in the process of committing
26/03/02 03:15:30 INFO mapred.LocalJobRunner: 1 / 1 copied.
26/03/02 03:15:30 INFO mapred.Task: Task attempt_local1145717531_0016_r_000000_0 is allowed to commit now
26/03/02 03:15:30 INFO output.FileOutputCommitter: Saved output of task 'attempt_local1145717531_0016_r_000000_0' to hdfs://localhost:9000/project2/task2/runs_true_k/k5_r30_opt_centers/iter_16/_temporary/0/task_local1145717531_0016_r_000000
26/03/02 03:15:30 INFO mapred.LocalJobRunner: reduce > reduce
26/03/02 03:15:30 INFO mapred.Task: Task 'attempt_local1145717531_0016_r_000000_0' done.
26/03/02 03:15:30 INFO mapred.Task: Final Counters for attempt_local1145717531_0016_r_000000_0: Counters: 29
	File System Counters
		FILE: Number of bytes read=2333836
		FILE: Number of bytes written=7058757
		FILE: Number of read operations=0
		FILE: Number of large read operations=0
		FILE: Number of write operations=0
		HDFS: Number of bytes read=11773503
		HDFS: Number of bytes written=13867
		HDFS: Number of read operations=864
		HDFS: Number of large read operations=0
		HDFS: Number of write operations=278
	Map-Reduce Framework
		Combine input records=0
		Combine output records=0
		Reduce input groups=2
		Reduce shuffle bytes=114
		Reduce input records=2
		Reduce output records=2
		Spilled Records=2
		Shuffled Maps =1
		Failed Shuffles=0
		Merged Map outputs=1
		GC time elapsed (ms)=0
		Total committed heap usage (bytes)=405274624
	Shuffle Errors
		BAD_ID=0
		CONNECTION=0
		IO_ERROR=0
		WRONG_LENGTH=0
		WRONG_MAP=0
		WRONG_REDUCE=0
	File Output Format Counters 
		Bytes Written=201
26/03/02 03:15:30 INFO mapred.LocalJobRunner: Finishing task: attempt_local1145717531_0016_r_000000_0
26/03/02 03:15:30 INFO mapred.LocalJobRunner: Starting task: attempt_local1145717531_0016_r_000001_0
26/03/02 03:15:30 INFO output.FileOutputCommitter: File Output Committer Algorithm version is 1
26/03/02 03:15:30 INFO mapred.Task:  Using ResourceCalculatorProcessTree : [ ]
26/03/02 03:15:30 INFO mapred.ReduceTask: Using ShuffleConsumerPlugin: org.apache.hadoop.mapreduce.task.reduce.Shuffle@136fc128
26/03/02 03:15:30 INFO reduce.MergeManagerImpl: MergerManager: memoryLimit=334338464, maxSingleShuffleLimit=83584616, mergeThreshold=220663392, ioSortFactor=10, memToMemMergeOutputsThreshold=10
26/03/02 03:15:30 INFO reduce.EventFetcher: attempt_local1145717531_0016_r_000001_0 Thread started: EventFetcher for fetching Map Completion Events
26/03/02 03:15:30 INFO reduce.LocalFetcher: localfetcher#62 about to shuffle output of map attempt_local1145717531_0016_m_000000_0 decomp: 56 len: 60 to MEMORY
26/03/02 03:15:30 INFO reduce.InMemoryMapOutput: Read 56 bytes from map-output for attempt_local1145717531_0016_m_000000_0
26/03/02 03:15:30 INFO reduce.MergeManagerImpl: closeInMemoryFile -> map-output of size: 56, inMemoryMapOutputs.size() -> 1, commitMemory -> 0, usedMemory ->56
26/03/02 03:15:30 INFO reduce.EventFetcher: EventFetcher is interrupted.. Returning
26/03/02 03:15:30 INFO mapred.LocalJobRunner: 1 / 1 copied.
26/03/02 03:15:30 INFO reduce.MergeManagerImpl: finalMerge called with 1 in-memory map-outputs and 0 on-disk map-outputs
26/03/02 03:15:30 INFO mapred.Merger: Merging 1 sorted segments
26/03/02 03:15:30 INFO mapred.Merger: Down to the last merge-pass, with 1 segments left of total size: 50 bytes
26/03/02 03:15:30 INFO reduce.MergeManagerImpl: Merged 1 segments, 56 bytes to disk to satisfy reduce memory limit
26/03/02 03:15:30 INFO reduce.MergeManagerImpl: Merging 1 files, 60 bytes from disk
26/03/02 03:15:30 INFO reduce.MergeManagerImpl: Merging 0 segments, 0 bytes from memory into reduce
26/03/02 03:15:30 INFO mapred.Merger: Merging 1 sorted segments
26/03/02 03:15:30 INFO mapred.Merger: Down to the last merge-pass, with 1 segments left of total size: 50 bytes
26/03/02 03:15:30 INFO mapred.LocalJobRunner: 1 / 1 copied.
26/03/02 03:15:30 INFO mapred.Task: Task:attempt_local1145717531_0016_r_000001_0 is done. And is in the process of committing
26/03/02 03:15:30 INFO mapred.LocalJobRunner: 1 / 1 copied.
26/03/02 03:15:30 INFO mapred.Task: Task attempt_local1145717531_0016_r_000001_0 is allowed to commit now
26/03/02 03:15:30 INFO output.FileOutputCommitter: Saved output of task 'attempt_local1145717531_0016_r_000001_0' to hdfs://localhost:9000/project2/task2/runs_true_k/k5_r30_opt_centers/iter_16/_temporary/0/task_local1145717531_0016_r_000001
26/03/02 03:15:30 INFO mapred.LocalJobRunner: reduce > reduce
26/03/02 03:15:30 INFO mapred.Task: Task 'attempt_local1145717531_0016_r_000001_0' done.
26/03/02 03:15:30 INFO mapred.Task: Final Counters for attempt_local1145717531_0016_r_000001_0: Counters: 29
	File System Counters
		FILE: Number of bytes read=2334180
		FILE: Number of bytes written=7058817
		FILE: Number of read operations=0
		FILE: Number of large read operations=0
		FILE: Number of write operations=0
		HDFS: Number of bytes read=11773503
		HDFS: Number of bytes written=13967
		HDFS: Number of read operations=867
		HDFS: Number of large read operations=0
		HDFS: Number of write operations=280
	Map-Reduce Framework
		Combine input records=0
		Combine output records=0
		Reduce input groups=1
		Reduce shuffle bytes=60
		Reduce input records=1
		Reduce output records=1
		Spilled Records=1
		Shuffled Maps =1
		Failed Shuffles=0
		Merged Map outputs=1
		GC time elapsed (ms)=0
		Total committed heap usage (bytes)=405274624
	Shuffle Errors
		BAD_ID=0
		CONNECTION=0
		IO_ERROR=0
		WRONG_LENGTH=0
		WRONG_MAP=0
		WRONG_REDUCE=0
	File Output Format Counters 
		Bytes Written=100
26/03/02 03:15:30 INFO mapred.LocalJobRunner: Finishing task: attempt_local1145717531_0016_r_000001_0
26/03/02 03:15:30 INFO mapred.LocalJobRunner: Starting task: attempt_local1145717531_0016_r_000002_0
26/03/02 03:15:30 INFO output.FileOutputCommitter: File Output Committer Algorithm version is 1
26/03/02 03:15:30 INFO mapred.Task:  Using ResourceCalculatorProcessTree : [ ]
26/03/02 03:15:30 INFO mapred.ReduceTask: Using ShuffleConsumerPlugin: org.apache.hadoop.mapreduce.task.reduce.Shuffle@6b2eb847
26/03/02 03:15:30 INFO reduce.MergeManagerImpl: MergerManager: memoryLimit=334338464, maxSingleShuffleLimit=83584616, mergeThreshold=220663392, ioSortFactor=10, memToMemMergeOutputsThreshold=10
26/03/02 03:15:30 INFO reduce.EventFetcher: attempt_local1145717531_0016_r_000002_0 Thread started: EventFetcher for fetching Map Completion Events
26/03/02 03:15:30 INFO reduce.LocalFetcher: localfetcher#63 about to shuffle output of map attempt_local1145717531_0016_m_000000_0 decomp: 56 len: 60 to MEMORY
26/03/02 03:15:30 INFO reduce.InMemoryMapOutput: Read 56 bytes from map-output for attempt_local1145717531_0016_m_000000_0
26/03/02 03:15:30 INFO reduce.MergeManagerImpl: closeInMemoryFile -> map-output of size: 56, inMemoryMapOutputs.size() -> 1, commitMemory -> 0, usedMemory ->56
26/03/02 03:15:30 WARN io.ReadaheadPool: Failed readahead on ifile
EBADF: Bad file descriptor
	at org.apache.hadoop.io.nativeio.NativeIO$POSIX.posix_fadvise(Native Method)
	at org.apache.hadoop.io.nativeio.NativeIO$POSIX.posixFadviseIfPossible(NativeIO.java:267)
	at org.apache.hadoop.io.nativeio.NativeIO$POSIX$CacheManipulator.posixFadviseIfPossible(NativeIO.java:146)
	at org.apache.hadoop.io.ReadaheadPool$ReadaheadRequestImpl.run(ReadaheadPool.java:206)
	at java.util.concurrent.ThreadPoolExecutor.runWorker(ThreadPoolExecutor.java:1149)
	at java.util.concurrent.ThreadPoolExecutor$Worker.run(ThreadPoolExecutor.java:624)
	at java.lang.Thread.run(Thread.java:748)
26/03/02 03:15:30 INFO reduce.EventFetcher: EventFetcher is interrupted.. Returning
26/03/02 03:15:30 INFO mapred.LocalJobRunner: 1 / 1 copied.
26/03/02 03:15:30 INFO reduce.MergeManagerImpl: finalMerge called with 1 in-memory map-outputs and 0 on-disk map-outputs
26/03/02 03:15:30 INFO mapred.Merger: Merging 1 sorted segments
26/03/02 03:15:30 INFO mapred.Merger: Down to the last merge-pass, with 1 segments left of total size: 50 bytes
26/03/02 03:15:30 INFO reduce.MergeManagerImpl: Merged 1 segments, 56 bytes to disk to satisfy reduce memory limit
26/03/02 03:15:30 INFO reduce.MergeManagerImpl: Merging 1 files, 60 bytes from disk
26/03/02 03:15:30 INFO reduce.MergeManagerImpl: Merging 0 segments, 0 bytes from memory into reduce
26/03/02 03:15:30 INFO mapred.Merger: Merging 1 sorted segments
26/03/02 03:15:30 INFO mapred.Merger: Down to the last merge-pass, with 1 segments left of total size: 50 bytes
26/03/02 03:15:30 INFO mapred.LocalJobRunner: 1 / 1 copied.
26/03/02 03:15:30 INFO mapred.Task: Task:attempt_local1145717531_0016_r_000002_0 is done. And is in the process of committing
26/03/02 03:15:30 INFO mapred.LocalJobRunner: 1 / 1 copied.
26/03/02 03:15:30 INFO mapred.Task: Task attempt_local1145717531_0016_r_000002_0 is allowed to commit now
26/03/02 03:15:30 INFO output.FileOutputCommitter: Saved output of task 'attempt_local1145717531_0016_r_000002_0' to hdfs://localhost:9000/project2/task2/runs_true_k/k5_r30_opt_centers/iter_16/_temporary/0/task_local1145717531_0016_r_000002
26/03/02 03:15:30 INFO mapred.LocalJobRunner: reduce > reduce
26/03/02 03:15:30 INFO mapred.Task: Task 'attempt_local1145717531_0016_r_000002_0' done.
26/03/02 03:15:30 INFO mapred.Task: Final Counters for attempt_local1145717531_0016_r_000002_0: Counters: 29
	File System Counters
		FILE: Number of bytes read=2334464
		FILE: Number of bytes written=7058877
		FILE: Number of read operations=0
		FILE: Number of large read operations=0
		FILE: Number of write operations=0
		HDFS: Number of bytes read=11773503
		HDFS: Number of bytes written=14071
		HDFS: Number of read operations=870
		HDFS: Number of large read operations=0
		HDFS: Number of write operations=282
	Map-Reduce Framework
		Combine input records=0
		Combine output records=0
		Reduce input groups=1
		Reduce shuffle bytes=60
		Reduce input records=1
		Reduce output records=1
		Spilled Records=1
		Shuffled Maps =1
		Failed Shuffles=0
		Merged Map outputs=1
		GC time elapsed (ms)=0
		Total committed heap usage (bytes)=405274624
	Shuffle Errors
		BAD_ID=0
		CONNECTION=0
		IO_ERROR=0
		WRONG_LENGTH=0
		WRONG_MAP=0
		WRONG_REDUCE=0
	File Output Format Counters 
		Bytes Written=104
26/03/02 03:15:30 INFO mapred.LocalJobRunner: Finishing task: attempt_local1145717531_0016_r_000002_0
26/03/02 03:15:30 INFO mapred.LocalJobRunner: Starting task: attempt_local1145717531_0016_r_000003_0
26/03/02 03:15:30 INFO output.FileOutputCommitter: File Output Committer Algorithm version is 1
26/03/02 03:15:30 INFO mapred.Task:  Using ResourceCalculatorProcessTree : [ ]
26/03/02 03:15:30 INFO mapred.ReduceTask: Using ShuffleConsumerPlugin: org.apache.hadoop.mapreduce.task.reduce.Shuffle@6c8565b5
26/03/02 03:15:30 INFO reduce.MergeManagerImpl: MergerManager: memoryLimit=334338464, maxSingleShuffleLimit=83584616, mergeThreshold=220663392, ioSortFactor=10, memToMemMergeOutputsThreshold=10
26/03/02 03:15:30 INFO reduce.EventFetcher: attempt_local1145717531_0016_r_000003_0 Thread started: EventFetcher for fetching Map Completion Events
26/03/02 03:15:30 INFO reduce.LocalFetcher: localfetcher#64 about to shuffle output of map attempt_local1145717531_0016_m_000000_0 decomp: 56 len: 60 to MEMORY
26/03/02 03:15:30 INFO reduce.InMemoryMapOutput: Read 56 bytes from map-output for attempt_local1145717531_0016_m_000000_0
26/03/02 03:15:30 INFO reduce.MergeManagerImpl: closeInMemoryFile -> map-output of size: 56, inMemoryMapOutputs.size() -> 1, commitMemory -> 0, usedMemory ->56
26/03/02 03:15:30 INFO reduce.EventFetcher: EventFetcher is interrupted.. Returning
26/03/02 03:15:30 INFO mapred.LocalJobRunner: 1 / 1 copied.
26/03/02 03:15:30 INFO reduce.MergeManagerImpl: finalMerge called with 1 in-memory map-outputs and 0 on-disk map-outputs
26/03/02 03:15:30 INFO mapred.Merger: Merging 1 sorted segments
26/03/02 03:15:30 INFO mapred.Merger: Down to the last merge-pass, with 1 segments left of total size: 50 bytes
26/03/02 03:15:30 INFO reduce.MergeManagerImpl: Merged 1 segments, 56 bytes to disk to satisfy reduce memory limit
26/03/02 03:15:30 INFO reduce.MergeManagerImpl: Merging 1 files, 60 bytes from disk
26/03/02 03:15:30 INFO reduce.MergeManagerImpl: Merging 0 segments, 0 bytes from memory into reduce
26/03/02 03:15:30 INFO mapred.Merger: Merging 1 sorted segments
26/03/02 03:15:30 INFO mapred.Merger: Down to the last merge-pass, with 1 segments left of total size: 50 bytes
26/03/02 03:15:30 INFO mapred.LocalJobRunner: 1 / 1 copied.
26/03/02 03:15:30 INFO mapred.Task: Task:attempt_local1145717531_0016_r_000003_0 is done. And is in the process of committing
26/03/02 03:15:30 INFO mapred.LocalJobRunner: 1 / 1 copied.
26/03/02 03:15:30 INFO mapred.Task: Task attempt_local1145717531_0016_r_000003_0 is allowed to commit now
26/03/02 03:15:30 INFO output.FileOutputCommitter: Saved output of task 'attempt_local1145717531_0016_r_000003_0' to hdfs://localhost:9000/project2/task2/runs_true_k/k5_r30_opt_centers/iter_16/_temporary/0/task_local1145717531_0016_r_000003
26/03/02 03:15:30 INFO mapred.LocalJobRunner: reduce > reduce
26/03/02 03:15:30 INFO mapred.Task: Task 'attempt_local1145717531_0016_r_000003_0' done.
26/03/02 03:15:30 INFO mapred.Task: Final Counters for attempt_local1145717531_0016_r_000003_0: Counters: 29
	File System Counters
		FILE: Number of bytes read=2334688
		FILE: Number of bytes written=7058937
		FILE: Number of read operations=0
		FILE: Number of large read operations=0
		FILE: Number of write operations=0
		HDFS: Number of bytes read=11773503
		HDFS: Number of bytes written=14174
		HDFS: Number of read operations=873
		HDFS: Number of large read operations=0
		HDFS: Number of write operations=284
	Map-Reduce Framework
		Combine input records=0
		Combine output records=0
		Reduce input groups=1
		Reduce shuffle bytes=60
		Reduce input records=1
		Reduce output records=1
		Spilled Records=1
		Shuffled Maps =1
		Failed Shuffles=0
		Merged Map outputs=1
		GC time elapsed (ms)=0
		Total committed heap usage (bytes)=405274624
	Shuffle Errors
		BAD_ID=0
		CONNECTION=0
		IO_ERROR=0
		WRONG_LENGTH=0
		WRONG_MAP=0
		WRONG_REDUCE=0
	File Output Format Counters 
		Bytes Written=103
26/03/02 03:15:30 INFO mapred.LocalJobRunner: Finishing task: attempt_local1145717531_0016_r_000003_0
26/03/02 03:15:30 INFO mapred.LocalJobRunner: reduce task executor complete.
26/03/02 03:15:31 INFO mapreduce.Job: Job job_local1145717531_0016 running in uber mode : false
26/03/02 03:15:31 INFO mapreduce.Job:  map 100% reduce 100%
26/03/02 03:15:31 INFO mapreduce.Job: Job job_local1145717531_0016 completed successfully
26/03/02 03:15:31 INFO mapreduce.Job: Counters: 35
	File System Counters
		FILE: Number of bytes read=11670492
		FILE: Number of bytes written=35294031
		FILE: Number of read operations=0
		FILE: Number of large read operations=0
		FILE: Number of write operations=0
		HDFS: Number of bytes read=58867515
		HDFS: Number of bytes written=69745
		HDFS: Number of read operations=4335
		HDFS: Number of large read operations=0
		HDFS: Number of write operations=1400
	Map-Reduce Framework
		Map input records=10000
		Map output records=10000
		Map output bytes=520000
		Map output materialized bytes=294
		Input split bytes=121
		Combine input records=10000
		Combine output records=5
		Reduce input groups=5
		Reduce shuffle bytes=294
		Reduce input records=5
		Reduce output records=5
		Spilled Records=10
		Shuffled Maps =4
		Failed Shuffles=0
		Merged Map outputs=4
		GC time elapsed (ms)=0
		Total committed heap usage (bytes)=2026373120
	Shuffle Errors
		BAD_ID=0
		CONNECTION=0
		IO_ERROR=0
		WRONG_LENGTH=0
		WRONG_MAP=0
		WRONG_REDUCE=0
	File Input Format Counters 
		Bytes Read=733758
	File Output Format Counters 
		Bytes Written=508
26/03/02 03:15:31 INFO jvm.JvmMetrics: Cannot initialize JVM Metrics with processName=JobTracker, sessionId= - already initialized
26/03/02 03:15:31 WARN mapreduce.JobResourceUploader: Hadoop command-line option parsing not performed. Implement the Tool interface and execute your application with ToolRunner to remedy this.
26/03/02 03:15:31 INFO input.FileInputFormat: Total input paths to process : 1
26/03/02 03:15:31 INFO mapreduce.JobSubmitter: number of splits:1
26/03/02 03:15:31 INFO mapreduce.JobSubmitter: Submitting tokens for job: job_local185650539_0017
26/03/02 03:15:31 INFO mapred.LocalDistributedCacheManager: Creating symlink: /tmp/hadoop-ds503/mapred/local/1772421331496/centers_iter_16.csv <- /home/ds503/centers_iter_16.csv
26/03/02 03:15:31 INFO mapred.LocalDistributedCacheManager: Localized hdfs://localhost:9000/project2/task2/runs_true_k/k5_r30_opt_centers/centers_iter_16.csv as file:/tmp/hadoop-ds503/mapred/local/1772421331496/centers_iter_16.csv
26/03/02 03:15:31 INFO mapreduce.Job: The url to track the job: http://localhost:8080/
26/03/02 03:15:31 INFO mapreduce.Job: Running job: job_local185650539_0017
26/03/02 03:15:31 INFO mapred.LocalJobRunner: OutputCommitter set in config null
26/03/02 03:15:31 INFO output.FileOutputCommitter: File Output Committer Algorithm version is 1
26/03/02 03:15:31 INFO mapred.LocalJobRunner: OutputCommitter is org.apache.hadoop.mapreduce.lib.output.FileOutputCommitter
26/03/02 03:15:31 INFO mapred.LocalJobRunner: Waiting for map tasks
26/03/02 03:15:31 INFO mapred.LocalJobRunner: Starting task: attempt_local185650539_0017_m_000000_0
26/03/02 03:15:31 INFO output.FileOutputCommitter: File Output Committer Algorithm version is 1
26/03/02 03:15:31 INFO mapred.Task:  Using ResourceCalculatorProcessTree : [ ]
26/03/02 03:15:31 INFO mapred.MapTask: Processing split: hdfs://localhost:9000/project2/task2/input/points_4d.csv:0+733758
26/03/02 03:15:31 INFO mapred.MapTask: (EQUATOR) 0 kvi 26214396(104857584)
26/03/02 03:15:31 INFO mapred.MapTask: mapreduce.task.io.sort.mb: 100
26/03/02 03:15:31 INFO mapred.MapTask: soft limit at 83886080
26/03/02 03:15:31 INFO mapred.MapTask: bufstart = 0; bufvoid = 104857600
26/03/02 03:15:31 INFO mapred.MapTask: kvstart = 26214396; length = 6553600
26/03/02 03:15:31 INFO mapred.MapTask: Map output collector class = org.apache.hadoop.mapred.MapTask$MapOutputBuffer
26/03/02 03:15:31 INFO mapred.LocalJobRunner: 
26/03/02 03:15:31 INFO mapred.MapTask: Starting flush of map output
26/03/02 03:15:31 INFO mapred.MapTask: Spilling map output
26/03/02 03:15:31 INFO mapred.MapTask: bufstart = 0; bufend = 520000; bufvoid = 104857600
26/03/02 03:15:31 INFO mapred.MapTask: kvstart = 26214396(104857584); kvend = 26174400(104697600); length = 39997/6553600
26/03/02 03:15:31 INFO mapred.MapTask: Finished spill 0
26/03/02 03:15:31 INFO mapred.Task: Task:attempt_local185650539_0017_m_000000_0 is done. And is in the process of committing
26/03/02 03:15:31 INFO mapred.LocalJobRunner: map
26/03/02 03:15:31 INFO mapred.Task: Task 'attempt_local185650539_0017_m_000000_0' done.
26/03/02 03:15:31 INFO mapred.Task: Final Counters for attempt_local185650539_0017_m_000000_0: Counters: 23
	File System Counters
		FILE: Number of bytes read=2479242
		FILE: Number of bytes written=7499430
		FILE: Number of read operations=0
		FILE: Number of large read operations=0
		FILE: Number of write operations=0
		HDFS: Number of bytes read=12509402
		HDFS: Number of bytes written=14549
		HDFS: Number of read operations=917
		HDFS: Number of large read operations=0
		HDFS: Number of write operations=294
	Map-Reduce Framework
		Map input records=10000
		Map output records=10000
		Map output bytes=520000
		Map output materialized bytes=294
		Input split bytes=121
		Combine input records=10000
		Combine output records=5
		Spilled Records=5
		Failed Shuffles=0
		Merged Map outputs=0
		GC time elapsed (ms)=30
		Total committed heap usage (bytes)=427294720
	File Input Format Counters 
		Bytes Read=733758
26/03/02 03:15:31 INFO mapred.LocalJobRunner: Finishing task: attempt_local185650539_0017_m_000000_0
26/03/02 03:15:31 INFO mapred.LocalJobRunner: map task executor complete.
26/03/02 03:15:31 INFO mapred.LocalJobRunner: Waiting for reduce tasks
26/03/02 03:15:31 INFO mapred.LocalJobRunner: Starting task: attempt_local185650539_0017_r_000000_0
26/03/02 03:15:31 INFO output.FileOutputCommitter: File Output Committer Algorithm version is 1
26/03/02 03:15:31 INFO mapred.Task:  Using ResourceCalculatorProcessTree : [ ]
26/03/02 03:15:31 INFO mapred.ReduceTask: Using ShuffleConsumerPlugin: org.apache.hadoop.mapreduce.task.reduce.Shuffle@321c8430
26/03/02 03:15:31 INFO reduce.MergeManagerImpl: MergerManager: memoryLimit=334338464, maxSingleShuffleLimit=83584616, mergeThreshold=220663392, ioSortFactor=10, memToMemMergeOutputsThreshold=10
26/03/02 03:15:31 INFO reduce.EventFetcher: attempt_local185650539_0017_r_000000_0 Thread started: EventFetcher for fetching Map Completion Events
26/03/02 03:15:31 INFO reduce.LocalFetcher: localfetcher#65 about to shuffle output of map attempt_local185650539_0017_m_000000_0 decomp: 110 len: 114 to MEMORY
26/03/02 03:15:31 INFO reduce.InMemoryMapOutput: Read 110 bytes from map-output for attempt_local185650539_0017_m_000000_0
26/03/02 03:15:31 INFO reduce.MergeManagerImpl: closeInMemoryFile -> map-output of size: 110, inMemoryMapOutputs.size() -> 1, commitMemory -> 0, usedMemory ->110
26/03/02 03:15:31 WARN io.ReadaheadPool: Failed readahead on ifile
EBADF: Bad file descriptor
	at org.apache.hadoop.io.nativeio.NativeIO$POSIX.posix_fadvise(Native Method)
	at org.apache.hadoop.io.nativeio.NativeIO$POSIX.posixFadviseIfPossible(NativeIO.java:267)
	at org.apache.hadoop.io.nativeio.NativeIO$POSIX$CacheManipulator.posixFadviseIfPossible(NativeIO.java:146)
	at org.apache.hadoop.io.ReadaheadPool$ReadaheadRequestImpl.run(ReadaheadPool.java:206)
	at java.util.concurrent.ThreadPoolExecutor.runWorker(ThreadPoolExecutor.java:1149)
	at java.util.concurrent.ThreadPoolExecutor$Worker.run(ThreadPoolExecutor.java:624)
	at java.lang.Thread.run(Thread.java:748)
26/03/02 03:15:31 INFO reduce.EventFetcher: EventFetcher is interrupted.. Returning
26/03/02 03:15:31 INFO mapred.LocalJobRunner: 1 / 1 copied.
26/03/02 03:15:31 INFO reduce.MergeManagerImpl: finalMerge called with 1 in-memory map-outputs and 0 on-disk map-outputs
26/03/02 03:15:31 INFO mapred.Merger: Merging 1 sorted segments
26/03/02 03:15:31 INFO mapred.Merger: Down to the last merge-pass, with 1 segments left of total size: 104 bytes
26/03/02 03:15:31 INFO reduce.MergeManagerImpl: Merged 1 segments, 110 bytes to disk to satisfy reduce memory limit
26/03/02 03:15:31 INFO reduce.MergeManagerImpl: Merging 1 files, 114 bytes from disk
26/03/02 03:15:31 INFO reduce.MergeManagerImpl: Merging 0 segments, 0 bytes from memory into reduce
26/03/02 03:15:31 INFO mapred.Merger: Merging 1 sorted segments
26/03/02 03:15:31 INFO mapred.Merger: Down to the last merge-pass, with 1 segments left of total size: 104 bytes
26/03/02 03:15:31 INFO mapred.LocalJobRunner: 1 / 1 copied.
26/03/02 03:15:31 INFO mapred.Task: Task:attempt_local185650539_0017_r_000000_0 is done. And is in the process of committing
26/03/02 03:15:31 INFO mapred.LocalJobRunner: 1 / 1 copied.
26/03/02 03:15:31 INFO mapred.Task: Task attempt_local185650539_0017_r_000000_0 is allowed to commit now
26/03/02 03:15:31 INFO output.FileOutputCommitter: Saved output of task 'attempt_local185650539_0017_r_000000_0' to hdfs://localhost:9000/project2/task2/runs_true_k/k5_r30_opt_centers/iter_17/_temporary/0/task_local185650539_0017_r_000000
26/03/02 03:15:31 INFO mapred.LocalJobRunner: reduce > reduce
26/03/02 03:15:31 INFO mapred.Task: Task 'attempt_local185650539_0017_r_000000_0' done.
26/03/02 03:15:31 INFO mapred.Task: Final Counters for attempt_local185650539_0017_r_000000_0: Counters: 29
	File System Counters
		FILE: Number of bytes read=2479754
		FILE: Number of bytes written=7499544
		FILE: Number of read operations=0
		FILE: Number of large read operations=0
		FILE: Number of write operations=0
		HDFS: Number of bytes read=12509402
		HDFS: Number of bytes written=14750
		HDFS: Number of read operations=920
		HDFS: Number of large read operations=0
		HDFS: Number of write operations=296
	Map-Reduce Framework
		Combine input records=0
		Combine output records=0
		Reduce input groups=2
		Reduce shuffle bytes=114
		Reduce input records=2
		Reduce output records=2
		Spilled Records=2
		Shuffled Maps =1
		Failed Shuffles=0
		Merged Map outputs=1
		GC time elapsed (ms)=0
		Total committed heap usage (bytes)=427294720
	Shuffle Errors
		BAD_ID=0
		CONNECTION=0
		IO_ERROR=0
		WRONG_LENGTH=0
		WRONG_MAP=0
		WRONG_REDUCE=0
	File Output Format Counters 
		Bytes Written=201
26/03/02 03:15:31 INFO mapred.LocalJobRunner: Finishing task: attempt_local185650539_0017_r_000000_0
26/03/02 03:15:31 INFO mapred.LocalJobRunner: Starting task: attempt_local185650539_0017_r_000001_0
26/03/02 03:15:31 INFO output.FileOutputCommitter: File Output Committer Algorithm version is 1
26/03/02 03:15:31 INFO mapred.Task:  Using ResourceCalculatorProcessTree : [ ]
26/03/02 03:15:31 INFO mapred.ReduceTask: Using ShuffleConsumerPlugin: org.apache.hadoop.mapreduce.task.reduce.Shuffle@2b0d50b0
26/03/02 03:15:31 INFO reduce.MergeManagerImpl: MergerManager: memoryLimit=334338464, maxSingleShuffleLimit=83584616, mergeThreshold=220663392, ioSortFactor=10, memToMemMergeOutputsThreshold=10
26/03/02 03:15:31 INFO reduce.EventFetcher: attempt_local185650539_0017_r_000001_0 Thread started: EventFetcher for fetching Map Completion Events
26/03/02 03:15:31 INFO reduce.LocalFetcher: localfetcher#66 about to shuffle output of map attempt_local185650539_0017_m_000000_0 decomp: 56 len: 60 to MEMORY
26/03/02 03:15:31 INFO reduce.InMemoryMapOutput: Read 56 bytes from map-output for attempt_local185650539_0017_m_000000_0
26/03/02 03:15:31 INFO reduce.MergeManagerImpl: closeInMemoryFile -> map-output of size: 56, inMemoryMapOutputs.size() -> 1, commitMemory -> 0, usedMemory ->56
26/03/02 03:15:31 INFO reduce.EventFetcher: EventFetcher is interrupted.. Returning
26/03/02 03:15:31 INFO mapred.LocalJobRunner: 1 / 1 copied.
26/03/02 03:15:31 INFO reduce.MergeManagerImpl: finalMerge called with 1 in-memory map-outputs and 0 on-disk map-outputs
26/03/02 03:15:31 INFO mapred.Merger: Merging 1 sorted segments
26/03/02 03:15:31 INFO mapred.Merger: Down to the last merge-pass, with 1 segments left of total size: 50 bytes
26/03/02 03:15:31 INFO reduce.MergeManagerImpl: Merged 1 segments, 56 bytes to disk to satisfy reduce memory limit
26/03/02 03:15:31 INFO reduce.MergeManagerImpl: Merging 1 files, 60 bytes from disk
26/03/02 03:15:31 INFO reduce.MergeManagerImpl: Merging 0 segments, 0 bytes from memory into reduce
26/03/02 03:15:31 INFO mapred.Merger: Merging 1 sorted segments
26/03/02 03:15:31 INFO mapred.Merger: Down to the last merge-pass, with 1 segments left of total size: 50 bytes
26/03/02 03:15:31 INFO mapred.LocalJobRunner: 1 / 1 copied.
26/03/02 03:15:31 INFO mapred.Task: Task:attempt_local185650539_0017_r_000001_0 is done. And is in the process of committing
26/03/02 03:15:31 INFO mapred.LocalJobRunner: 1 / 1 copied.
26/03/02 03:15:31 INFO mapred.Task: Task attempt_local185650539_0017_r_000001_0 is allowed to commit now
26/03/02 03:15:31 INFO output.FileOutputCommitter: Saved output of task 'attempt_local185650539_0017_r_000001_0' to hdfs://localhost:9000/project2/task2/runs_true_k/k5_r30_opt_centers/iter_17/_temporary/0/task_local185650539_0017_r_000001
26/03/02 03:15:31 INFO mapred.LocalJobRunner: reduce > reduce
26/03/02 03:15:31 INFO mapred.Task: Task 'attempt_local185650539_0017_r_000001_0' done.
26/03/02 03:15:31 INFO mapred.Task: Final Counters for attempt_local185650539_0017_r_000001_0: Counters: 29
	File System Counters
		FILE: Number of bytes read=2480098
		FILE: Number of bytes written=7499604
		FILE: Number of read operations=0
		FILE: Number of large read operations=0
		FILE: Number of write operations=0
		HDFS: Number of bytes read=12509402
		HDFS: Number of bytes written=14850
		HDFS: Number of read operations=923
		HDFS: Number of large read operations=0
		HDFS: Number of write operations=298
	Map-Reduce Framework
		Combine input records=0
		Combine output records=0
		Reduce input groups=1
		Reduce shuffle bytes=60
		Reduce input records=1
		Reduce output records=1
		Spilled Records=1
		Shuffled Maps =1
		Failed Shuffles=0
		Merged Map outputs=1
		GC time elapsed (ms)=0
		Total committed heap usage (bytes)=427294720
	Shuffle Errors
		BAD_ID=0
		CONNECTION=0
		IO_ERROR=0
		WRONG_LENGTH=0
		WRONG_MAP=0
		WRONG_REDUCE=0
	File Output Format Counters 
		Bytes Written=100
26/03/02 03:15:31 INFO mapred.LocalJobRunner: Finishing task: attempt_local185650539_0017_r_000001_0
26/03/02 03:15:31 INFO mapred.LocalJobRunner: Starting task: attempt_local185650539_0017_r_000002_0
26/03/02 03:15:31 INFO output.FileOutputCommitter: File Output Committer Algorithm version is 1
26/03/02 03:15:31 INFO mapred.Task:  Using ResourceCalculatorProcessTree : [ ]
26/03/02 03:15:31 INFO mapred.ReduceTask: Using ShuffleConsumerPlugin: org.apache.hadoop.mapreduce.task.reduce.Shuffle@53507293
26/03/02 03:15:31 INFO reduce.MergeManagerImpl: MergerManager: memoryLimit=334338464, maxSingleShuffleLimit=83584616, mergeThreshold=220663392, ioSortFactor=10, memToMemMergeOutputsThreshold=10
26/03/02 03:15:31 INFO reduce.EventFetcher: attempt_local185650539_0017_r_000002_0 Thread started: EventFetcher for fetching Map Completion Events
26/03/02 03:15:31 INFO reduce.LocalFetcher: localfetcher#67 about to shuffle output of map attempt_local185650539_0017_m_000000_0 decomp: 56 len: 60 to MEMORY
26/03/02 03:15:31 INFO reduce.InMemoryMapOutput: Read 56 bytes from map-output for attempt_local185650539_0017_m_000000_0
26/03/02 03:15:31 INFO reduce.MergeManagerImpl: closeInMemoryFile -> map-output of size: 56, inMemoryMapOutputs.size() -> 1, commitMemory -> 0, usedMemory ->56
26/03/02 03:15:31 INFO reduce.EventFetcher: EventFetcher is interrupted.. Returning
26/03/02 03:15:31 INFO mapred.LocalJobRunner: 1 / 1 copied.
26/03/02 03:15:31 INFO reduce.MergeManagerImpl: finalMerge called with 1 in-memory map-outputs and 0 on-disk map-outputs
26/03/02 03:15:31 INFO mapred.Merger: Merging 1 sorted segments
26/03/02 03:15:31 INFO mapred.Merger: Down to the last merge-pass, with 1 segments left of total size: 50 bytes
26/03/02 03:15:31 INFO reduce.MergeManagerImpl: Merged 1 segments, 56 bytes to disk to satisfy reduce memory limit
26/03/02 03:15:31 INFO reduce.MergeManagerImpl: Merging 1 files, 60 bytes from disk
26/03/02 03:15:31 INFO reduce.MergeManagerImpl: Merging 0 segments, 0 bytes from memory into reduce
26/03/02 03:15:31 INFO mapred.Merger: Merging 1 sorted segments
26/03/02 03:15:31 INFO mapred.Merger: Down to the last merge-pass, with 1 segments left of total size: 50 bytes
26/03/02 03:15:31 INFO mapred.LocalJobRunner: 1 / 1 copied.
26/03/02 03:15:31 INFO mapred.Task: Task:attempt_local185650539_0017_r_000002_0 is done. And is in the process of committing
26/03/02 03:15:31 INFO mapred.LocalJobRunner: 1 / 1 copied.
26/03/02 03:15:31 INFO mapred.Task: Task attempt_local185650539_0017_r_000002_0 is allowed to commit now
26/03/02 03:15:31 INFO output.FileOutputCommitter: Saved output of task 'attempt_local185650539_0017_r_000002_0' to hdfs://localhost:9000/project2/task2/runs_true_k/k5_r30_opt_centers/iter_17/_temporary/0/task_local185650539_0017_r_000002
26/03/02 03:15:31 INFO mapred.LocalJobRunner: reduce > reduce
26/03/02 03:15:31 INFO mapred.Task: Task 'attempt_local185650539_0017_r_000002_0' done.
26/03/02 03:15:31 INFO mapred.Task: Final Counters for attempt_local185650539_0017_r_000002_0: Counters: 29
	File System Counters
		FILE: Number of bytes read=2480382
		FILE: Number of bytes written=7499664
		FILE: Number of read operations=0
		FILE: Number of large read operations=0
		FILE: Number of write operations=0
		HDFS: Number of bytes read=12509402
		HDFS: Number of bytes written=14952
		HDFS: Number of read operations=926
		HDFS: Number of large read operations=0
		HDFS: Number of write operations=300
	Map-Reduce Framework
		Combine input records=0
		Combine output records=0
		Reduce input groups=1
		Reduce shuffle bytes=60
		Reduce input records=1
		Reduce output records=1
		Spilled Records=1
		Shuffled Maps =1
		Failed Shuffles=0
		Merged Map outputs=1
		GC time elapsed (ms)=0
		Total committed heap usage (bytes)=427294720
	Shuffle Errors
		BAD_ID=0
		CONNECTION=0
		IO_ERROR=0
		WRONG_LENGTH=0
		WRONG_MAP=0
		WRONG_REDUCE=0
	File Output Format Counters 
		Bytes Written=102
26/03/02 03:15:31 INFO mapred.LocalJobRunner: Finishing task: attempt_local185650539_0017_r_000002_0
26/03/02 03:15:31 INFO mapred.LocalJobRunner: Starting task: attempt_local185650539_0017_r_000003_0
26/03/02 03:15:31 INFO output.FileOutputCommitter: File Output Committer Algorithm version is 1
26/03/02 03:15:31 INFO mapred.Task:  Using ResourceCalculatorProcessTree : [ ]
26/03/02 03:15:31 INFO mapred.ReduceTask: Using ShuffleConsumerPlugin: org.apache.hadoop.mapreduce.task.reduce.Shuffle@5c00d2ae
26/03/02 03:15:31 INFO reduce.MergeManagerImpl: MergerManager: memoryLimit=334338464, maxSingleShuffleLimit=83584616, mergeThreshold=220663392, ioSortFactor=10, memToMemMergeOutputsThreshold=10
26/03/02 03:15:31 INFO reduce.EventFetcher: attempt_local185650539_0017_r_000003_0 Thread started: EventFetcher for fetching Map Completion Events
26/03/02 03:15:31 INFO reduce.LocalFetcher: localfetcher#68 about to shuffle output of map attempt_local185650539_0017_m_000000_0 decomp: 56 len: 60 to MEMORY
26/03/02 03:15:31 INFO reduce.InMemoryMapOutput: Read 56 bytes from map-output for attempt_local185650539_0017_m_000000_0
26/03/02 03:15:31 INFO reduce.MergeManagerImpl: closeInMemoryFile -> map-output of size: 56, inMemoryMapOutputs.size() -> 1, commitMemory -> 0, usedMemory ->56
26/03/02 03:15:31 INFO reduce.EventFetcher: EventFetcher is interrupted.. Returning
26/03/02 03:15:31 INFO mapred.LocalJobRunner: 1 / 1 copied.
26/03/02 03:15:31 INFO reduce.MergeManagerImpl: finalMerge called with 1 in-memory map-outputs and 0 on-disk map-outputs
26/03/02 03:15:31 INFO mapred.Merger: Merging 1 sorted segments
26/03/02 03:15:31 INFO mapred.Merger: Down to the last merge-pass, with 1 segments left of total size: 50 bytes
26/03/02 03:15:31 INFO reduce.MergeManagerImpl: Merged 1 segments, 56 bytes to disk to satisfy reduce memory limit
26/03/02 03:15:31 INFO reduce.MergeManagerImpl: Merging 1 files, 60 bytes from disk
26/03/02 03:15:31 INFO reduce.MergeManagerImpl: Merging 0 segments, 0 bytes from memory into reduce
26/03/02 03:15:31 INFO mapred.Merger: Merging 1 sorted segments
26/03/02 03:15:31 INFO mapred.Merger: Down to the last merge-pass, with 1 segments left of total size: 50 bytes
26/03/02 03:15:31 INFO mapred.LocalJobRunner: 1 / 1 copied.
26/03/02 03:15:31 INFO mapred.Task: Task:attempt_local185650539_0017_r_000003_0 is done. And is in the process of committing
26/03/02 03:15:31 INFO mapred.LocalJobRunner: 1 / 1 copied.
26/03/02 03:15:31 INFO mapred.Task: Task attempt_local185650539_0017_r_000003_0 is allowed to commit now
26/03/02 03:15:31 INFO output.FileOutputCommitter: Saved output of task 'attempt_local185650539_0017_r_000003_0' to hdfs://localhost:9000/project2/task2/runs_true_k/k5_r30_opt_centers/iter_17/_temporary/0/task_local185650539_0017_r_000003
26/03/02 03:15:31 INFO mapred.LocalJobRunner: reduce > reduce
26/03/02 03:15:31 INFO mapred.Task: Task 'attempt_local185650539_0017_r_000003_0' done.
26/03/02 03:15:31 INFO mapred.Task: Final Counters for attempt_local185650539_0017_r_000003_0: Counters: 29
	File System Counters
		FILE: Number of bytes read=2480606
		FILE: Number of bytes written=7499724
		FILE: Number of read operations=0
		FILE: Number of large read operations=0
		FILE: Number of write operations=0
		HDFS: Number of bytes read=12509402
		HDFS: Number of bytes written=15056
		HDFS: Number of read operations=929
		HDFS: Number of large read operations=0
		HDFS: Number of write operations=302
	Map-Reduce Framework
		Combine input records=0
		Combine output records=0
		Reduce input groups=1
		Reduce shuffle bytes=60
		Reduce input records=1
		Reduce output records=1
		Spilled Records=1
		Shuffled Maps =1
		Failed Shuffles=0
		Merged Map outputs=1
		GC time elapsed (ms)=0
		Total committed heap usage (bytes)=427294720
	Shuffle Errors
		BAD_ID=0
		CONNECTION=0
		IO_ERROR=0
		WRONG_LENGTH=0
		WRONG_MAP=0
		WRONG_REDUCE=0
	File Output Format Counters 
		Bytes Written=104
26/03/02 03:15:31 INFO mapred.LocalJobRunner: Finishing task: attempt_local185650539_0017_r_000003_0
26/03/02 03:15:31 INFO mapred.LocalJobRunner: reduce task executor complete.
26/03/02 03:15:32 INFO mapreduce.Job: Job job_local185650539_0017 running in uber mode : false
26/03/02 03:15:32 INFO mapreduce.Job:  map 100% reduce 100%
26/03/02 03:15:32 INFO mapreduce.Job: Job job_local185650539_0017 completed successfully
26/03/02 03:15:32 INFO mapreduce.Job: Counters: 35
	File System Counters
		FILE: Number of bytes read=12400082
		FILE: Number of bytes written=37497966
		FILE: Number of read operations=0
		FILE: Number of large read operations=0
		FILE: Number of write operations=0
		HDFS: Number of bytes read=62547010
		HDFS: Number of bytes written=74157
		HDFS: Number of read operations=4615
		HDFS: Number of large read operations=0
		HDFS: Number of write operations=1490
	Map-Reduce Framework
		Map input records=10000
		Map output records=10000
		Map output bytes=520000
		Map output materialized bytes=294
		Input split bytes=121
		Combine input records=10000
		Combine output records=5
		Reduce input groups=5
		Reduce shuffle bytes=294
		Reduce input records=5
		Reduce output records=5
		Spilled Records=10
		Shuffled Maps =4
		Failed Shuffles=0
		Merged Map outputs=4
		GC time elapsed (ms)=30
		Total committed heap usage (bytes)=2136473600
	Shuffle Errors
		BAD_ID=0
		CONNECTION=0
		IO_ERROR=0
		WRONG_LENGTH=0
		WRONG_MAP=0
		WRONG_REDUCE=0
	File Input Format Counters 
		Bytes Read=733758
	File Output Format Counters 
		Bytes Written=507
26/03/02 03:15:32 INFO jvm.JvmMetrics: Cannot initialize JVM Metrics with processName=JobTracker, sessionId= - already initialized
26/03/02 03:15:32 WARN mapreduce.JobResourceUploader: Hadoop command-line option parsing not performed. Implement the Tool interface and execute your application with ToolRunner to remedy this.
26/03/02 03:15:32 INFO input.FileInputFormat: Total input paths to process : 1
26/03/02 03:15:32 INFO mapreduce.JobSubmitter: number of splits:1
26/03/02 03:15:32 INFO mapreduce.JobSubmitter: Submitting tokens for job: job_local779040916_0018
26/03/02 03:15:32 INFO mapred.LocalDistributedCacheManager: Creating symlink: /tmp/hadoop-ds503/mapred/local/1772421332590/centers_iter_17.csv <- /home/ds503/centers_iter_17.csv
26/03/02 03:15:32 INFO mapred.LocalDistributedCacheManager: Localized hdfs://localhost:9000/project2/task2/runs_true_k/k5_r30_opt_centers/centers_iter_17.csv as file:/tmp/hadoop-ds503/mapred/local/1772421332590/centers_iter_17.csv
26/03/02 03:15:32 INFO mapreduce.Job: The url to track the job: http://localhost:8080/
26/03/02 03:15:32 INFO mapreduce.Job: Running job: job_local779040916_0018
26/03/02 03:15:32 INFO mapred.LocalJobRunner: OutputCommitter set in config null
26/03/02 03:15:32 INFO output.FileOutputCommitter: File Output Committer Algorithm version is 1
26/03/02 03:15:32 INFO mapred.LocalJobRunner: OutputCommitter is org.apache.hadoop.mapreduce.lib.output.FileOutputCommitter
26/03/02 03:15:32 INFO mapred.LocalJobRunner: Waiting for map tasks
26/03/02 03:15:32 INFO mapred.LocalJobRunner: Starting task: attempt_local779040916_0018_m_000000_0
26/03/02 03:15:32 INFO output.FileOutputCommitter: File Output Committer Algorithm version is 1
26/03/02 03:15:32 INFO mapred.Task:  Using ResourceCalculatorProcessTree : [ ]
26/03/02 03:15:32 INFO mapred.MapTask: Processing split: hdfs://localhost:9000/project2/task2/input/points_4d.csv:0+733758
26/03/02 03:15:32 INFO mapred.MapTask: (EQUATOR) 0 kvi 26214396(104857584)
26/03/02 03:15:32 INFO mapred.MapTask: mapreduce.task.io.sort.mb: 100
26/03/02 03:15:32 INFO mapred.MapTask: soft limit at 83886080
26/03/02 03:15:32 INFO mapred.MapTask: bufstart = 0; bufvoid = 104857600
26/03/02 03:15:32 INFO mapred.MapTask: kvstart = 26214396; length = 6553600
26/03/02 03:15:32 INFO mapred.MapTask: Map output collector class = org.apache.hadoop.mapred.MapTask$MapOutputBuffer
26/03/02 03:15:32 INFO mapred.LocalJobRunner: 
26/03/02 03:15:32 INFO mapred.MapTask: Starting flush of map output
26/03/02 03:15:32 INFO mapred.MapTask: Spilling map output
26/03/02 03:15:32 INFO mapred.MapTask: bufstart = 0; bufend = 520000; bufvoid = 104857600
26/03/02 03:15:32 INFO mapred.MapTask: kvstart = 26214396(104857584); kvend = 26174400(104697600); length = 39997/6553600
26/03/02 03:15:32 INFO mapred.MapTask: Finished spill 0
26/03/02 03:15:32 INFO mapred.Task: Task:attempt_local779040916_0018_m_000000_0 is done. And is in the process of committing
26/03/02 03:15:32 INFO mapred.LocalJobRunner: map
26/03/02 03:15:32 INFO mapred.Task: Task 'attempt_local779040916_0018_m_000000_0' done.
26/03/02 03:15:32 INFO mapred.Task: Final Counters for attempt_local779040916_0018_m_000000_0: Counters: 23
	File System Counters
		FILE: Number of bytes read=2625160
		FILE: Number of bytes written=7940216
		FILE: Number of read operations=0
		FILE: Number of large read operations=0
		FILE: Number of write operations=0
		HDFS: Number of bytes read=13245297
		HDFS: Number of bytes written=15430
		HDFS: Number of read operations=973
		HDFS: Number of large read operations=0
		HDFS: Number of write operations=312
	Map-Reduce Framework
		Map input records=10000
		Map output records=10000
		Map output bytes=520000
		Map output materialized bytes=294
		Input split bytes=121
		Combine input records=10000
		Combine output records=5
		Spilled Records=5
		Failed Shuffles=0
		Merged Map outputs=0
		GC time elapsed (ms)=0
		Total committed heap usage (bytes)=427294720
	File Input Format Counters 
		Bytes Read=733758
26/03/02 03:15:32 INFO mapred.LocalJobRunner: Finishing task: attempt_local779040916_0018_m_000000_0
26/03/02 03:15:32 INFO mapred.LocalJobRunner: map task executor complete.
26/03/02 03:15:32 INFO mapred.LocalJobRunner: Waiting for reduce tasks
26/03/02 03:15:32 INFO mapred.LocalJobRunner: Starting task: attempt_local779040916_0018_r_000000_0
26/03/02 03:15:32 INFO output.FileOutputCommitter: File Output Committer Algorithm version is 1
26/03/02 03:15:32 INFO mapred.Task:  Using ResourceCalculatorProcessTree : [ ]
26/03/02 03:15:32 INFO mapred.ReduceTask: Using ShuffleConsumerPlugin: org.apache.hadoop.mapreduce.task.reduce.Shuffle@7afb8c12
26/03/02 03:15:32 INFO reduce.MergeManagerImpl: MergerManager: memoryLimit=334338464, maxSingleShuffleLimit=83584616, mergeThreshold=220663392, ioSortFactor=10, memToMemMergeOutputsThreshold=10
26/03/02 03:15:32 INFO reduce.EventFetcher: attempt_local779040916_0018_r_000000_0 Thread started: EventFetcher for fetching Map Completion Events
26/03/02 03:15:32 INFO reduce.LocalFetcher: localfetcher#69 about to shuffle output of map attempt_local779040916_0018_m_000000_0 decomp: 110 len: 114 to MEMORY
26/03/02 03:15:32 INFO reduce.InMemoryMapOutput: Read 110 bytes from map-output for attempt_local779040916_0018_m_000000_0
26/03/02 03:15:32 INFO reduce.MergeManagerImpl: closeInMemoryFile -> map-output of size: 110, inMemoryMapOutputs.size() -> 1, commitMemory -> 0, usedMemory ->110
26/03/02 03:15:32 INFO reduce.EventFetcher: EventFetcher is interrupted.. Returning
26/03/02 03:15:32 INFO mapred.LocalJobRunner: 1 / 1 copied.
26/03/02 03:15:32 INFO reduce.MergeManagerImpl: finalMerge called with 1 in-memory map-outputs and 0 on-disk map-outputs
26/03/02 03:15:32 INFO mapred.Merger: Merging 1 sorted segments
26/03/02 03:15:32 INFO mapred.Merger: Down to the last merge-pass, with 1 segments left of total size: 104 bytes
26/03/02 03:15:32 INFO reduce.MergeManagerImpl: Merged 1 segments, 110 bytes to disk to satisfy reduce memory limit
26/03/02 03:15:32 INFO reduce.MergeManagerImpl: Merging 1 files, 114 bytes from disk
26/03/02 03:15:32 INFO reduce.MergeManagerImpl: Merging 0 segments, 0 bytes from memory into reduce
26/03/02 03:15:32 INFO mapred.Merger: Merging 1 sorted segments
26/03/02 03:15:32 INFO mapred.Merger: Down to the last merge-pass, with 1 segments left of total size: 104 bytes
26/03/02 03:15:32 INFO mapred.LocalJobRunner: 1 / 1 copied.
26/03/02 03:15:33 INFO mapred.Task: Task:attempt_local779040916_0018_r_000000_0 is done. And is in the process of committing
26/03/02 03:15:33 INFO mapred.LocalJobRunner: 1 / 1 copied.
26/03/02 03:15:33 INFO mapred.Task: Task attempt_local779040916_0018_r_000000_0 is allowed to commit now
26/03/02 03:15:33 INFO output.FileOutputCommitter: Saved output of task 'attempt_local779040916_0018_r_000000_0' to hdfs://localhost:9000/project2/task2/runs_true_k/k5_r30_opt_centers/iter_18/_temporary/0/task_local779040916_0018_r_000000
26/03/02 03:15:33 INFO mapred.LocalJobRunner: reduce > reduce
26/03/02 03:15:33 INFO mapred.Task: Task 'attempt_local779040916_0018_r_000000_0' done.
26/03/02 03:15:33 INFO mapred.Task: Final Counters for attempt_local779040916_0018_r_000000_0: Counters: 29
	File System Counters
		FILE: Number of bytes read=2625672
		FILE: Number of bytes written=7940330
		FILE: Number of read operations=0
		FILE: Number of large read operations=0
		FILE: Number of write operations=0
		HDFS: Number of bytes read=13245297
		HDFS: Number of bytes written=15634
		HDFS: Number of read operations=976
		HDFS: Number of large read operations=0
		HDFS: Number of write operations=314
	Map-Reduce Framework
		Combine input records=0
		Combine output records=0
		Reduce input groups=2
		Reduce shuffle bytes=114
		Reduce input records=2
		Reduce output records=2
		Spilled Records=2
		Shuffled Maps =1
		Failed Shuffles=0
		Merged Map outputs=1
		GC time elapsed (ms)=0
		Total committed heap usage (bytes)=427294720
	Shuffle Errors
		BAD_ID=0
		CONNECTION=0
		IO_ERROR=0
		WRONG_LENGTH=0
		WRONG_MAP=0
		WRONG_REDUCE=0
	File Output Format Counters 
		Bytes Written=204
26/03/02 03:15:33 INFO mapred.LocalJobRunner: Finishing task: attempt_local779040916_0018_r_000000_0
26/03/02 03:15:33 INFO mapred.LocalJobRunner: Starting task: attempt_local779040916_0018_r_000001_0
26/03/02 03:15:33 INFO output.FileOutputCommitter: File Output Committer Algorithm version is 1
26/03/02 03:15:33 INFO mapred.Task:  Using ResourceCalculatorProcessTree : [ ]
26/03/02 03:15:33 INFO mapred.ReduceTask: Using ShuffleConsumerPlugin: org.apache.hadoop.mapreduce.task.reduce.Shuffle@13bce6a8
26/03/02 03:15:33 INFO reduce.MergeManagerImpl: MergerManager: memoryLimit=334338464, maxSingleShuffleLimit=83584616, mergeThreshold=220663392, ioSortFactor=10, memToMemMergeOutputsThreshold=10
26/03/02 03:15:33 INFO reduce.EventFetcher: attempt_local779040916_0018_r_000001_0 Thread started: EventFetcher for fetching Map Completion Events
26/03/02 03:15:33 INFO reduce.LocalFetcher: localfetcher#70 about to shuffle output of map attempt_local779040916_0018_m_000000_0 decomp: 56 len: 60 to MEMORY
26/03/02 03:15:33 INFO reduce.InMemoryMapOutput: Read 56 bytes from map-output for attempt_local779040916_0018_m_000000_0
26/03/02 03:15:33 INFO reduce.MergeManagerImpl: closeInMemoryFile -> map-output of size: 56, inMemoryMapOutputs.size() -> 1, commitMemory -> 0, usedMemory ->56
26/03/02 03:15:33 WARN io.ReadaheadPool: Failed readahead on ifile
EBADF: Bad file descriptor
	at org.apache.hadoop.io.nativeio.NativeIO$POSIX.posix_fadvise(Native Method)
	at org.apache.hadoop.io.nativeio.NativeIO$POSIX.posixFadviseIfPossible(NativeIO.java:267)
	at org.apache.hadoop.io.nativeio.NativeIO$POSIX$CacheManipulator.posixFadviseIfPossible(NativeIO.java:146)
	at org.apache.hadoop.io.ReadaheadPool$ReadaheadRequestImpl.run(ReadaheadPool.java:206)
	at java.util.concurrent.ThreadPoolExecutor.runWorker(ThreadPoolExecutor.java:1149)
	at java.util.concurrent.ThreadPoolExecutor$Worker.run(ThreadPoolExecutor.java:624)
	at java.lang.Thread.run(Thread.java:748)
26/03/02 03:15:33 INFO reduce.EventFetcher: EventFetcher is interrupted.. Returning
26/03/02 03:15:33 INFO mapred.LocalJobRunner: 1 / 1 copied.
26/03/02 03:15:33 INFO reduce.MergeManagerImpl: finalMerge called with 1 in-memory map-outputs and 0 on-disk map-outputs
26/03/02 03:15:33 INFO mapred.Merger: Merging 1 sorted segments
26/03/02 03:15:33 INFO mapred.Merger: Down to the last merge-pass, with 1 segments left of total size: 50 bytes
26/03/02 03:15:33 INFO reduce.MergeManagerImpl: Merged 1 segments, 56 bytes to disk to satisfy reduce memory limit
26/03/02 03:15:33 INFO reduce.MergeManagerImpl: Merging 1 files, 60 bytes from disk
26/03/02 03:15:33 INFO reduce.MergeManagerImpl: Merging 0 segments, 0 bytes from memory into reduce
26/03/02 03:15:33 INFO mapred.Merger: Merging 1 sorted segments
26/03/02 03:15:33 INFO mapred.Merger: Down to the last merge-pass, with 1 segments left of total size: 50 bytes
26/03/02 03:15:33 INFO mapred.LocalJobRunner: 1 / 1 copied.
26/03/02 03:15:33 INFO mapred.Task: Task:attempt_local779040916_0018_r_000001_0 is done. And is in the process of committing
26/03/02 03:15:33 INFO mapred.LocalJobRunner: 1 / 1 copied.
26/03/02 03:15:33 INFO mapred.Task: Task attempt_local779040916_0018_r_000001_0 is allowed to commit now
26/03/02 03:15:33 INFO output.FileOutputCommitter: Saved output of task 'attempt_local779040916_0018_r_000001_0' to hdfs://localhost:9000/project2/task2/runs_true_k/k5_r30_opt_centers/iter_18/_temporary/0/task_local779040916_0018_r_000001
26/03/02 03:15:33 INFO mapred.LocalJobRunner: reduce > reduce
26/03/02 03:15:33 INFO mapred.Task: Task 'attempt_local779040916_0018_r_000001_0' done.
26/03/02 03:15:33 INFO mapred.Task: Final Counters for attempt_local779040916_0018_r_000001_0: Counters: 29
	File System Counters
		FILE: Number of bytes read=2626016
		FILE: Number of bytes written=7940390
		FILE: Number of read operations=0
		FILE: Number of large read operations=0
		FILE: Number of write operations=0
		HDFS: Number of bytes read=13245297
		HDFS: Number of bytes written=15734
		HDFS: Number of read operations=979
		HDFS: Number of large read operations=0
		HDFS: Number of write operations=316
	Map-Reduce Framework
		Combine input records=0
		Combine output records=0
		Reduce input groups=1
		Reduce shuffle bytes=60
		Reduce input records=1
		Reduce output records=1
		Spilled Records=1
		Shuffled Maps =1
		Failed Shuffles=0
		Merged Map outputs=1
		GC time elapsed (ms)=0
		Total committed heap usage (bytes)=427294720
	Shuffle Errors
		BAD_ID=0
		CONNECTION=0
		IO_ERROR=0
		WRONG_LENGTH=0
		WRONG_MAP=0
		WRONG_REDUCE=0
	File Output Format Counters 
		Bytes Written=100
26/03/02 03:15:33 INFO mapred.LocalJobRunner: Finishing task: attempt_local779040916_0018_r_000001_0
26/03/02 03:15:33 INFO mapred.LocalJobRunner: Starting task: attempt_local779040916_0018_r_000002_0
26/03/02 03:15:33 INFO output.FileOutputCommitter: File Output Committer Algorithm version is 1
26/03/02 03:15:33 INFO mapred.Task:  Using ResourceCalculatorProcessTree : [ ]
26/03/02 03:15:33 INFO mapred.ReduceTask: Using ShuffleConsumerPlugin: org.apache.hadoop.mapreduce.task.reduce.Shuffle@6b29eb7d
26/03/02 03:15:33 INFO reduce.MergeManagerImpl: MergerManager: memoryLimit=334338464, maxSingleShuffleLimit=83584616, mergeThreshold=220663392, ioSortFactor=10, memToMemMergeOutputsThreshold=10
26/03/02 03:15:33 INFO reduce.EventFetcher: attempt_local779040916_0018_r_000002_0 Thread started: EventFetcher for fetching Map Completion Events
26/03/02 03:15:33 INFO reduce.LocalFetcher: localfetcher#71 about to shuffle output of map attempt_local779040916_0018_m_000000_0 decomp: 56 len: 60 to MEMORY
26/03/02 03:15:33 INFO reduce.InMemoryMapOutput: Read 56 bytes from map-output for attempt_local779040916_0018_m_000000_0
26/03/02 03:15:33 INFO reduce.MergeManagerImpl: closeInMemoryFile -> map-output of size: 56, inMemoryMapOutputs.size() -> 1, commitMemory -> 0, usedMemory ->56
26/03/02 03:15:33 INFO reduce.EventFetcher: EventFetcher is interrupted.. Returning
26/03/02 03:15:33 INFO mapred.LocalJobRunner: 1 / 1 copied.
26/03/02 03:15:33 INFO reduce.MergeManagerImpl: finalMerge called with 1 in-memory map-outputs and 0 on-disk map-outputs
26/03/02 03:15:33 INFO mapred.Merger: Merging 1 sorted segments
26/03/02 03:15:33 INFO mapred.Merger: Down to the last merge-pass, with 1 segments left of total size: 50 bytes
26/03/02 03:15:33 INFO reduce.MergeManagerImpl: Merged 1 segments, 56 bytes to disk to satisfy reduce memory limit
26/03/02 03:15:33 INFO reduce.MergeManagerImpl: Merging 1 files, 60 bytes from disk
26/03/02 03:15:33 INFO reduce.MergeManagerImpl: Merging 0 segments, 0 bytes from memory into reduce
26/03/02 03:15:33 INFO mapred.Merger: Merging 1 sorted segments
26/03/02 03:15:33 INFO mapred.Merger: Down to the last merge-pass, with 1 segments left of total size: 50 bytes
26/03/02 03:15:33 INFO mapred.LocalJobRunner: 1 / 1 copied.
26/03/02 03:15:33 INFO mapred.Task: Task:attempt_local779040916_0018_r_000002_0 is done. And is in the process of committing
26/03/02 03:15:33 INFO mapred.LocalJobRunner: 1 / 1 copied.
26/03/02 03:15:33 INFO mapred.Task: Task attempt_local779040916_0018_r_000002_0 is allowed to commit now
26/03/02 03:15:33 INFO output.FileOutputCommitter: Saved output of task 'attempt_local779040916_0018_r_000002_0' to hdfs://localhost:9000/project2/task2/runs_true_k/k5_r30_opt_centers/iter_18/_temporary/0/task_local779040916_0018_r_000002
26/03/02 03:15:33 INFO mapred.LocalJobRunner: reduce > reduce
26/03/02 03:15:33 INFO mapred.Task: Task 'attempt_local779040916_0018_r_000002_0' done.
26/03/02 03:15:33 INFO mapred.Task: Final Counters for attempt_local779040916_0018_r_000002_0: Counters: 29
	File System Counters
		FILE: Number of bytes read=2626300
		FILE: Number of bytes written=7940450
		FILE: Number of read operations=0
		FILE: Number of large read operations=0
		FILE: Number of write operations=0
		HDFS: Number of bytes read=13245297
		HDFS: Number of bytes written=15836
		HDFS: Number of read operations=982
		HDFS: Number of large read operations=0
		HDFS: Number of write operations=318
	Map-Reduce Framework
		Combine input records=0
		Combine output records=0
		Reduce input groups=1
		Reduce shuffle bytes=60
		Reduce input records=1
		Reduce output records=1
		Spilled Records=1
		Shuffled Maps =1
		Failed Shuffles=0
		Merged Map outputs=1
		GC time elapsed (ms)=0
		Total committed heap usage (bytes)=427294720
	Shuffle Errors
		BAD_ID=0
		CONNECTION=0
		IO_ERROR=0
		WRONG_LENGTH=0
		WRONG_MAP=0
		WRONG_REDUCE=0
	File Output Format Counters 
		Bytes Written=102
26/03/02 03:15:33 INFO mapred.LocalJobRunner: Finishing task: attempt_local779040916_0018_r_000002_0
26/03/02 03:15:33 INFO mapred.LocalJobRunner: Starting task: attempt_local779040916_0018_r_000003_0
26/03/02 03:15:33 INFO output.FileOutputCommitter: File Output Committer Algorithm version is 1
26/03/02 03:15:33 INFO mapred.Task:  Using ResourceCalculatorProcessTree : [ ]
26/03/02 03:15:33 INFO mapred.ReduceTask: Using ShuffleConsumerPlugin: org.apache.hadoop.mapreduce.task.reduce.Shuffle@2153ade2
26/03/02 03:15:33 INFO reduce.MergeManagerImpl: MergerManager: memoryLimit=334338464, maxSingleShuffleLimit=83584616, mergeThreshold=220663392, ioSortFactor=10, memToMemMergeOutputsThreshold=10
26/03/02 03:15:33 INFO reduce.EventFetcher: attempt_local779040916_0018_r_000003_0 Thread started: EventFetcher for fetching Map Completion Events
26/03/02 03:15:33 INFO reduce.LocalFetcher: localfetcher#72 about to shuffle output of map attempt_local779040916_0018_m_000000_0 decomp: 56 len: 60 to MEMORY
26/03/02 03:15:33 INFO reduce.InMemoryMapOutput: Read 56 bytes from map-output for attempt_local779040916_0018_m_000000_0
26/03/02 03:15:33 INFO reduce.MergeManagerImpl: closeInMemoryFile -> map-output of size: 56, inMemoryMapOutputs.size() -> 1, commitMemory -> 0, usedMemory ->56
26/03/02 03:15:33 INFO reduce.EventFetcher: EventFetcher is interrupted.. Returning
26/03/02 03:15:33 INFO mapred.LocalJobRunner: 1 / 1 copied.
26/03/02 03:15:33 INFO reduce.MergeManagerImpl: finalMerge called with 1 in-memory map-outputs and 0 on-disk map-outputs
26/03/02 03:15:33 INFO mapred.Merger: Merging 1 sorted segments
26/03/02 03:15:33 INFO mapred.Merger: Down to the last merge-pass, with 1 segments left of total size: 50 bytes
26/03/02 03:15:33 INFO reduce.MergeManagerImpl: Merged 1 segments, 56 bytes to disk to satisfy reduce memory limit
26/03/02 03:15:33 INFO reduce.MergeManagerImpl: Merging 1 files, 60 bytes from disk
26/03/02 03:15:33 INFO reduce.MergeManagerImpl: Merging 0 segments, 0 bytes from memory into reduce
26/03/02 03:15:33 INFO mapred.Merger: Merging 1 sorted segments
26/03/02 03:15:33 INFO mapred.Merger: Down to the last merge-pass, with 1 segments left of total size: 50 bytes
26/03/02 03:15:33 INFO mapred.LocalJobRunner: 1 / 1 copied.
26/03/02 03:15:33 INFO mapred.Task: Task:attempt_local779040916_0018_r_000003_0 is done. And is in the process of committing
26/03/02 03:15:33 INFO mapred.LocalJobRunner: 1 / 1 copied.
26/03/02 03:15:33 INFO mapred.Task: Task attempt_local779040916_0018_r_000003_0 is allowed to commit now
26/03/02 03:15:33 INFO output.FileOutputCommitter: Saved output of task 'attempt_local779040916_0018_r_000003_0' to hdfs://localhost:9000/project2/task2/runs_true_k/k5_r30_opt_centers/iter_18/_temporary/0/task_local779040916_0018_r_000003
26/03/02 03:15:33 INFO mapred.LocalJobRunner: reduce > reduce
26/03/02 03:15:33 INFO mapred.Task: Task 'attempt_local779040916_0018_r_000003_0' done.
26/03/02 03:15:33 INFO mapred.Task: Final Counters for attempt_local779040916_0018_r_000003_0: Counters: 29
	File System Counters
		FILE: Number of bytes read=2626524
		FILE: Number of bytes written=7940510
		FILE: Number of read operations=0
		FILE: Number of large read operations=0
		FILE: Number of write operations=0
		HDFS: Number of bytes read=13245297
		HDFS: Number of bytes written=15937
		HDFS: Number of read operations=985
		HDFS: Number of large read operations=0
		HDFS: Number of write operations=320
	Map-Reduce Framework
		Combine input records=0
		Combine output records=0
		Reduce input groups=1
		Reduce shuffle bytes=60
		Reduce input records=1
		Reduce output records=1
		Spilled Records=1
		Shuffled Maps =1
		Failed Shuffles=0
		Merged Map outputs=1
		GC time elapsed (ms)=0
		Total committed heap usage (bytes)=427294720
	Shuffle Errors
		BAD_ID=0
		CONNECTION=0
		IO_ERROR=0
		WRONG_LENGTH=0
		WRONG_MAP=0
		WRONG_REDUCE=0
	File Output Format Counters 
		Bytes Written=101
26/03/02 03:15:33 INFO mapred.LocalJobRunner: Finishing task: attempt_local779040916_0018_r_000003_0
26/03/02 03:15:33 INFO mapred.LocalJobRunner: reduce task executor complete.
26/03/02 03:15:33 INFO mapreduce.Job: Job job_local779040916_0018 running in uber mode : false
26/03/02 03:15:33 INFO mapreduce.Job:  map 100% reduce 100%
26/03/02 03:15:33 INFO mapreduce.Job: Job job_local779040916_0018 completed successfully
26/03/02 03:15:33 INFO mapreduce.Job: Counters: 35
	File System Counters
		FILE: Number of bytes read=13129672
		FILE: Number of bytes written=39701896
		FILE: Number of read operations=0
		FILE: Number of large read operations=0
		FILE: Number of write operations=0
		HDFS: Number of bytes read=66226485
		HDFS: Number of bytes written=78571
		HDFS: Number of read operations=4895
		HDFS: Number of large read operations=0
		HDFS: Number of write operations=1580
	Map-Reduce Framework
		Map input records=10000
		Map output records=10000
		Map output bytes=520000
		Map output materialized bytes=294
		Input split bytes=121
		Combine input records=10000
		Combine output records=5
		Reduce input groups=5
		Reduce shuffle bytes=294
		Reduce input records=5
		Reduce output records=5
		Spilled Records=10
		Shuffled Maps =4
		Failed Shuffles=0
		Merged Map outputs=4
		GC time elapsed (ms)=0
		Total committed heap usage (bytes)=2136473600
	Shuffle Errors
		BAD_ID=0
		CONNECTION=0
		IO_ERROR=0
		WRONG_LENGTH=0
		WRONG_MAP=0
		WRONG_REDUCE=0
	File Input Format Counters 
		Bytes Read=733758
	File Output Format Counters 
		Bytes Written=507
26/03/02 03:15:33 INFO jvm.JvmMetrics: Cannot initialize JVM Metrics with processName=JobTracker, sessionId= - already initialized
26/03/02 03:15:33 WARN mapreduce.JobResourceUploader: Hadoop command-line option parsing not performed. Implement the Tool interface and execute your application with ToolRunner to remedy this.
26/03/02 03:15:33 INFO input.FileInputFormat: Total input paths to process : 1
26/03/02 03:15:33 INFO mapreduce.JobSubmitter: number of splits:1
26/03/02 03:15:33 INFO mapreduce.JobSubmitter: Submitting tokens for job: job_local1493330176_0019
26/03/02 03:15:33 INFO mapred.LocalDistributedCacheManager: Creating symlink: /tmp/hadoop-ds503/mapred/local/1772421333671/centers_iter_18.csv <- /home/ds503/centers_iter_18.csv
26/03/02 03:15:33 INFO mapred.LocalDistributedCacheManager: Localized hdfs://localhost:9000/project2/task2/runs_true_k/k5_r30_opt_centers/centers_iter_18.csv as file:/tmp/hadoop-ds503/mapred/local/1772421333671/centers_iter_18.csv
26/03/02 03:15:33 INFO mapreduce.Job: The url to track the job: http://localhost:8080/
26/03/02 03:15:33 INFO mapreduce.Job: Running job: job_local1493330176_0019
26/03/02 03:15:33 INFO mapred.LocalJobRunner: OutputCommitter set in config null
26/03/02 03:15:33 INFO output.FileOutputCommitter: File Output Committer Algorithm version is 1
26/03/02 03:15:33 INFO mapred.LocalJobRunner: OutputCommitter is org.apache.hadoop.mapreduce.lib.output.FileOutputCommitter
26/03/02 03:15:33 INFO mapred.LocalJobRunner: Waiting for map tasks
26/03/02 03:15:33 INFO mapred.LocalJobRunner: Starting task: attempt_local1493330176_0019_m_000000_0
26/03/02 03:15:33 INFO output.FileOutputCommitter: File Output Committer Algorithm version is 1
26/03/02 03:15:33 INFO mapred.Task:  Using ResourceCalculatorProcessTree : [ ]
26/03/02 03:15:33 INFO mapred.MapTask: Processing split: hdfs://localhost:9000/project2/task2/input/points_4d.csv:0+733758
26/03/02 03:15:33 INFO mapred.MapTask: (EQUATOR) 0 kvi 26214396(104857584)
26/03/02 03:15:33 INFO mapred.MapTask: mapreduce.task.io.sort.mb: 100
26/03/02 03:15:33 INFO mapred.MapTask: soft limit at 83886080
26/03/02 03:15:33 INFO mapred.MapTask: bufstart = 0; bufvoid = 104857600
26/03/02 03:15:33 INFO mapred.MapTask: kvstart = 26214396; length = 6553600
26/03/02 03:15:33 INFO mapred.MapTask: Map output collector class = org.apache.hadoop.mapred.MapTask$MapOutputBuffer
26/03/02 03:15:33 INFO mapred.LocalJobRunner: 
26/03/02 03:15:33 INFO mapred.MapTask: Starting flush of map output
26/03/02 03:15:33 INFO mapred.MapTask: Spilling map output
26/03/02 03:15:33 INFO mapred.MapTask: bufstart = 0; bufend = 520000; bufvoid = 104857600
26/03/02 03:15:33 INFO mapred.MapTask: kvstart = 26214396(104857584); kvend = 26174400(104697600); length = 39997/6553600
26/03/02 03:15:33 INFO mapred.MapTask: Finished spill 0
26/03/02 03:15:33 INFO mapred.Task: Task:attempt_local1493330176_0019_m_000000_0 is done. And is in the process of committing
26/03/02 03:15:33 INFO mapred.LocalJobRunner: map
26/03/02 03:15:33 INFO mapred.Task: Task 'attempt_local1493330176_0019_m_000000_0' done.
26/03/02 03:15:33 INFO mapred.Task: Final Counters for attempt_local1493330176_0019_m_000000_0: Counters: 23
	File System Counters
		FILE: Number of bytes read=2771078
		FILE: Number of bytes written=8382591
		FILE: Number of read operations=0
		FILE: Number of large read operations=0
		FILE: Number of write operations=0
		HDFS: Number of bytes read=13981193
		HDFS: Number of bytes written=16312
		HDFS: Number of read operations=1029
		HDFS: Number of large read operations=0
		HDFS: Number of write operations=330
	Map-Reduce Framework
		Map input records=10000
		Map output records=10000
		Map output bytes=520000
		Map output materialized bytes=294
		Input split bytes=121
		Combine input records=10000
		Combine output records=5
		Spilled Records=5
		Failed Shuffles=0
		Merged Map outputs=0
		GC time elapsed (ms)=2
		Total committed heap usage (bytes)=526385152
	File Input Format Counters 
		Bytes Read=733758
26/03/02 03:15:33 INFO mapred.LocalJobRunner: Finishing task: attempt_local1493330176_0019_m_000000_0
26/03/02 03:15:33 INFO mapred.LocalJobRunner: map task executor complete.
26/03/02 03:15:33 INFO mapred.LocalJobRunner: Waiting for reduce tasks
26/03/02 03:15:33 INFO mapred.LocalJobRunner: Starting task: attempt_local1493330176_0019_r_000000_0
26/03/02 03:15:33 INFO output.FileOutputCommitter: File Output Committer Algorithm version is 1
26/03/02 03:15:33 INFO mapred.Task:  Using ResourceCalculatorProcessTree : [ ]
26/03/02 03:15:33 INFO mapred.ReduceTask: Using ShuffleConsumerPlugin: org.apache.hadoop.mapreduce.task.reduce.Shuffle@4c80e408
26/03/02 03:15:33 INFO reduce.MergeManagerImpl: MergerManager: memoryLimit=368469600, maxSingleShuffleLimit=92117400, mergeThreshold=243189952, ioSortFactor=10, memToMemMergeOutputsThreshold=10
26/03/02 03:15:33 INFO reduce.EventFetcher: attempt_local1493330176_0019_r_000000_0 Thread started: EventFetcher for fetching Map Completion Events
26/03/02 03:15:33 INFO reduce.LocalFetcher: localfetcher#73 about to shuffle output of map attempt_local1493330176_0019_m_000000_0 decomp: 110 len: 114 to MEMORY
26/03/02 03:15:33 INFO reduce.InMemoryMapOutput: Read 110 bytes from map-output for attempt_local1493330176_0019_m_000000_0
26/03/02 03:15:33 INFO reduce.MergeManagerImpl: closeInMemoryFile -> map-output of size: 110, inMemoryMapOutputs.size() -> 1, commitMemory -> 0, usedMemory ->110
26/03/02 03:15:33 INFO reduce.EventFetcher: EventFetcher is interrupted.. Returning
26/03/02 03:15:33 INFO mapred.LocalJobRunner: 1 / 1 copied.
26/03/02 03:15:33 INFO reduce.MergeManagerImpl: finalMerge called with 1 in-memory map-outputs and 0 on-disk map-outputs
26/03/02 03:15:33 INFO mapred.Merger: Merging 1 sorted segments
26/03/02 03:15:33 INFO mapred.Merger: Down to the last merge-pass, with 1 segments left of total size: 104 bytes
26/03/02 03:15:33 INFO reduce.MergeManagerImpl: Merged 1 segments, 110 bytes to disk to satisfy reduce memory limit
26/03/02 03:15:33 INFO reduce.MergeManagerImpl: Merging 1 files, 114 bytes from disk
26/03/02 03:15:33 INFO reduce.MergeManagerImpl: Merging 0 segments, 0 bytes from memory into reduce
26/03/02 03:15:33 INFO mapred.Merger: Merging 1 sorted segments
26/03/02 03:15:33 INFO mapred.Merger: Down to the last merge-pass, with 1 segments left of total size: 104 bytes
26/03/02 03:15:33 INFO mapred.LocalJobRunner: 1 / 1 copied.
26/03/02 03:15:33 INFO mapred.Task: Task:attempt_local1493330176_0019_r_000000_0 is done. And is in the process of committing
26/03/02 03:15:33 INFO mapred.LocalJobRunner: 1 / 1 copied.
26/03/02 03:15:33 INFO mapred.Task: Task attempt_local1493330176_0019_r_000000_0 is allowed to commit now
26/03/02 03:15:33 INFO output.FileOutputCommitter: Saved output of task 'attempt_local1493330176_0019_r_000000_0' to hdfs://localhost:9000/project2/task2/runs_true_k/k5_r30_opt_centers/iter_19/_temporary/0/task_local1493330176_0019_r_000000
26/03/02 03:15:33 INFO mapred.LocalJobRunner: reduce > reduce
26/03/02 03:15:33 INFO mapred.Task: Task 'attempt_local1493330176_0019_r_000000_0' done.
26/03/02 03:15:33 INFO mapred.Task: Final Counters for attempt_local1493330176_0019_r_000000_0: Counters: 29
	File System Counters
		FILE: Number of bytes read=2771590
		FILE: Number of bytes written=8382705
		FILE: Number of read operations=0
		FILE: Number of large read operations=0
		FILE: Number of write operations=0
		HDFS: Number of bytes read=13981193
		HDFS: Number of bytes written=16517
		HDFS: Number of read operations=1032
		HDFS: Number of large read operations=0
		HDFS: Number of write operations=332
	Map-Reduce Framework
		Combine input records=0
		Combine output records=0
		Reduce input groups=2
		Reduce shuffle bytes=114
		Reduce input records=2
		Reduce output records=2
		Spilled Records=2
		Shuffled Maps =1
		Failed Shuffles=0
		Merged Map outputs=1
		GC time elapsed (ms)=0
		Total committed heap usage (bytes)=526385152
	Shuffle Errors
		BAD_ID=0
		CONNECTION=0
		IO_ERROR=0
		WRONG_LENGTH=0
		WRONG_MAP=0
		WRONG_REDUCE=0
	File Output Format Counters 
		Bytes Written=205
26/03/02 03:15:33 INFO mapred.LocalJobRunner: Finishing task: attempt_local1493330176_0019_r_000000_0
26/03/02 03:15:33 INFO mapred.LocalJobRunner: Starting task: attempt_local1493330176_0019_r_000001_0
26/03/02 03:15:33 INFO output.FileOutputCommitter: File Output Committer Algorithm version is 1
26/03/02 03:15:33 INFO mapred.Task:  Using ResourceCalculatorProcessTree : [ ]
26/03/02 03:15:33 INFO mapred.ReduceTask: Using ShuffleConsumerPlugin: org.apache.hadoop.mapreduce.task.reduce.Shuffle@48110d10
26/03/02 03:15:33 INFO reduce.MergeManagerImpl: MergerManager: memoryLimit=368469600, maxSingleShuffleLimit=92117400, mergeThreshold=243189952, ioSortFactor=10, memToMemMergeOutputsThreshold=10
26/03/02 03:15:33 INFO reduce.EventFetcher: attempt_local1493330176_0019_r_000001_0 Thread started: EventFetcher for fetching Map Completion Events
26/03/02 03:15:33 INFO reduce.LocalFetcher: localfetcher#74 about to shuffle output of map attempt_local1493330176_0019_m_000000_0 decomp: 56 len: 60 to MEMORY
26/03/02 03:15:33 INFO reduce.InMemoryMapOutput: Read 56 bytes from map-output for attempt_local1493330176_0019_m_000000_0
26/03/02 03:15:33 INFO reduce.MergeManagerImpl: closeInMemoryFile -> map-output of size: 56, inMemoryMapOutputs.size() -> 1, commitMemory -> 0, usedMemory ->56
26/03/02 03:15:33 INFO reduce.EventFetcher: EventFetcher is interrupted.. Returning
26/03/02 03:15:33 INFO mapred.LocalJobRunner: 1 / 1 copied.
26/03/02 03:15:33 INFO reduce.MergeManagerImpl: finalMerge called with 1 in-memory map-outputs and 0 on-disk map-outputs
26/03/02 03:15:33 INFO mapred.Merger: Merging 1 sorted segments
26/03/02 03:15:33 INFO mapred.Merger: Down to the last merge-pass, with 1 segments left of total size: 50 bytes
26/03/02 03:15:33 INFO reduce.MergeManagerImpl: Merged 1 segments, 56 bytes to disk to satisfy reduce memory limit
26/03/02 03:15:33 INFO reduce.MergeManagerImpl: Merging 1 files, 60 bytes from disk
26/03/02 03:15:33 INFO reduce.MergeManagerImpl: Merging 0 segments, 0 bytes from memory into reduce
26/03/02 03:15:33 INFO mapred.Merger: Merging 1 sorted segments
26/03/02 03:15:33 INFO mapred.Merger: Down to the last merge-pass, with 1 segments left of total size: 50 bytes
26/03/02 03:15:33 INFO mapred.LocalJobRunner: 1 / 1 copied.
26/03/02 03:15:34 INFO mapred.Task: Task:attempt_local1493330176_0019_r_000001_0 is done. And is in the process of committing
26/03/02 03:15:34 INFO mapred.LocalJobRunner: 1 / 1 copied.
26/03/02 03:15:34 INFO mapred.Task: Task attempt_local1493330176_0019_r_000001_0 is allowed to commit now
26/03/02 03:15:34 INFO output.FileOutputCommitter: Saved output of task 'attempt_local1493330176_0019_r_000001_0' to hdfs://localhost:9000/project2/task2/runs_true_k/k5_r30_opt_centers/iter_19/_temporary/0/task_local1493330176_0019_r_000001
26/03/02 03:15:34 INFO mapred.LocalJobRunner: reduce > reduce
26/03/02 03:15:34 INFO mapred.Task: Task 'attempt_local1493330176_0019_r_000001_0' done.
26/03/02 03:15:34 INFO mapred.Task: Final Counters for attempt_local1493330176_0019_r_000001_0: Counters: 29
	File System Counters
		FILE: Number of bytes read=2771934
		FILE: Number of bytes written=8382765
		FILE: Number of read operations=0
		FILE: Number of large read operations=0
		FILE: Number of write operations=0
		HDFS: Number of bytes read=13981193
		HDFS: Number of bytes written=16618
		HDFS: Number of read operations=1035
		HDFS: Number of large read operations=0
		HDFS: Number of write operations=334
	Map-Reduce Framework
		Combine input records=0
		Combine output records=0
		Reduce input groups=1
		Reduce shuffle bytes=60
		Reduce input records=1
		Reduce output records=1
		Spilled Records=1
		Shuffled Maps =1
		Failed Shuffles=0
		Merged Map outputs=1
		GC time elapsed (ms)=0
		Total committed heap usage (bytes)=526385152
	Shuffle Errors
		BAD_ID=0
		CONNECTION=0
		IO_ERROR=0
		WRONG_LENGTH=0
		WRONG_MAP=0
		WRONG_REDUCE=0
	File Output Format Counters 
		Bytes Written=101
26/03/02 03:15:34 INFO mapred.LocalJobRunner: Finishing task: attempt_local1493330176_0019_r_000001_0
26/03/02 03:15:34 INFO mapred.LocalJobRunner: Starting task: attempt_local1493330176_0019_r_000002_0
26/03/02 03:15:34 INFO output.FileOutputCommitter: File Output Committer Algorithm version is 1
26/03/02 03:15:34 INFO mapred.Task:  Using ResourceCalculatorProcessTree : [ ]
26/03/02 03:15:34 INFO mapred.ReduceTask: Using ShuffleConsumerPlugin: org.apache.hadoop.mapreduce.task.reduce.Shuffle@30b255c8
26/03/02 03:15:34 INFO reduce.MergeManagerImpl: MergerManager: memoryLimit=368469600, maxSingleShuffleLimit=92117400, mergeThreshold=243189952, ioSortFactor=10, memToMemMergeOutputsThreshold=10
26/03/02 03:15:34 INFO reduce.EventFetcher: attempt_local1493330176_0019_r_000002_0 Thread started: EventFetcher for fetching Map Completion Events
26/03/02 03:15:34 INFO reduce.LocalFetcher: localfetcher#75 about to shuffle output of map attempt_local1493330176_0019_m_000000_0 decomp: 56 len: 60 to MEMORY
26/03/02 03:15:34 INFO reduce.InMemoryMapOutput: Read 56 bytes from map-output for attempt_local1493330176_0019_m_000000_0
26/03/02 03:15:34 INFO reduce.MergeManagerImpl: closeInMemoryFile -> map-output of size: 56, inMemoryMapOutputs.size() -> 1, commitMemory -> 0, usedMemory ->56
26/03/02 03:15:34 INFO reduce.EventFetcher: EventFetcher is interrupted.. Returning
26/03/02 03:15:34 INFO mapred.LocalJobRunner: 1 / 1 copied.
26/03/02 03:15:34 INFO reduce.MergeManagerImpl: finalMerge called with 1 in-memory map-outputs and 0 on-disk map-outputs
26/03/02 03:15:34 INFO mapred.Merger: Merging 1 sorted segments
26/03/02 03:15:34 INFO mapred.Merger: Down to the last merge-pass, with 1 segments left of total size: 50 bytes
26/03/02 03:15:34 INFO reduce.MergeManagerImpl: Merged 1 segments, 56 bytes to disk to satisfy reduce memory limit
26/03/02 03:15:34 INFO reduce.MergeManagerImpl: Merging 1 files, 60 bytes from disk
26/03/02 03:15:34 INFO reduce.MergeManagerImpl: Merging 0 segments, 0 bytes from memory into reduce
26/03/02 03:15:34 INFO mapred.Merger: Merging 1 sorted segments
26/03/02 03:15:34 INFO mapred.Merger: Down to the last merge-pass, with 1 segments left of total size: 50 bytes
26/03/02 03:15:34 INFO mapred.LocalJobRunner: 1 / 1 copied.
26/03/02 03:15:34 INFO mapred.Task: Task:attempt_local1493330176_0019_r_000002_0 is done. And is in the process of committing
26/03/02 03:15:34 INFO mapred.LocalJobRunner: 1 / 1 copied.
26/03/02 03:15:34 INFO mapred.Task: Task attempt_local1493330176_0019_r_000002_0 is allowed to commit now
26/03/02 03:15:34 INFO output.FileOutputCommitter: Saved output of task 'attempt_local1493330176_0019_r_000002_0' to hdfs://localhost:9000/project2/task2/runs_true_k/k5_r30_opt_centers/iter_19/_temporary/0/task_local1493330176_0019_r_000002
26/03/02 03:15:34 INFO mapred.LocalJobRunner: reduce > reduce
26/03/02 03:15:34 INFO mapred.Task: Task 'attempt_local1493330176_0019_r_000002_0' done.
26/03/02 03:15:34 INFO mapred.Task: Final Counters for attempt_local1493330176_0019_r_000002_0: Counters: 29
	File System Counters
		FILE: Number of bytes read=2772218
		FILE: Number of bytes written=8382825
		FILE: Number of read operations=0
		FILE: Number of large read operations=0
		FILE: Number of write operations=0
		HDFS: Number of bytes read=13981193
		HDFS: Number of bytes written=16719
		HDFS: Number of read operations=1038
		HDFS: Number of large read operations=0
		HDFS: Number of write operations=336
	Map-Reduce Framework
		Combine input records=0
		Combine output records=0
		Reduce input groups=1
		Reduce shuffle bytes=60
		Reduce input records=1
		Reduce output records=1
		Spilled Records=1
		Shuffled Maps =1
		Failed Shuffles=0
		Merged Map outputs=1
		GC time elapsed (ms)=0
		Total committed heap usage (bytes)=526385152
	Shuffle Errors
		BAD_ID=0
		CONNECTION=0
		IO_ERROR=0
		WRONG_LENGTH=0
		WRONG_MAP=0
		WRONG_REDUCE=0
	File Output Format Counters 
		Bytes Written=101
26/03/02 03:15:34 INFO mapred.LocalJobRunner: Finishing task: attempt_local1493330176_0019_r_000002_0
26/03/02 03:15:34 INFO mapred.LocalJobRunner: Starting task: attempt_local1493330176_0019_r_000003_0
26/03/02 03:15:34 INFO output.FileOutputCommitter: File Output Committer Algorithm version is 1
26/03/02 03:15:34 INFO mapred.Task:  Using ResourceCalculatorProcessTree : [ ]
26/03/02 03:15:34 INFO mapred.ReduceTask: Using ShuffleConsumerPlugin: org.apache.hadoop.mapreduce.task.reduce.Shuffle@236c1e6b
26/03/02 03:15:34 INFO reduce.MergeManagerImpl: MergerManager: memoryLimit=368469600, maxSingleShuffleLimit=92117400, mergeThreshold=243189952, ioSortFactor=10, memToMemMergeOutputsThreshold=10
26/03/02 03:15:34 INFO reduce.EventFetcher: attempt_local1493330176_0019_r_000003_0 Thread started: EventFetcher for fetching Map Completion Events
26/03/02 03:15:34 INFO reduce.LocalFetcher: localfetcher#76 about to shuffle output of map attempt_local1493330176_0019_m_000000_0 decomp: 56 len: 60 to MEMORY
26/03/02 03:15:34 INFO reduce.InMemoryMapOutput: Read 56 bytes from map-output for attempt_local1493330176_0019_m_000000_0
26/03/02 03:15:34 INFO reduce.MergeManagerImpl: closeInMemoryFile -> map-output of size: 56, inMemoryMapOutputs.size() -> 1, commitMemory -> 0, usedMemory ->56
26/03/02 03:15:34 INFO reduce.EventFetcher: EventFetcher is interrupted.. Returning
26/03/02 03:15:34 INFO mapred.LocalJobRunner: 1 / 1 copied.
26/03/02 03:15:34 INFO reduce.MergeManagerImpl: finalMerge called with 1 in-memory map-outputs and 0 on-disk map-outputs
26/03/02 03:15:34 INFO mapred.Merger: Merging 1 sorted segments
26/03/02 03:15:34 INFO mapred.Merger: Down to the last merge-pass, with 1 segments left of total size: 50 bytes
26/03/02 03:15:34 INFO reduce.MergeManagerImpl: Merged 1 segments, 56 bytes to disk to satisfy reduce memory limit
26/03/02 03:15:34 INFO reduce.MergeManagerImpl: Merging 1 files, 60 bytes from disk
26/03/02 03:15:34 INFO reduce.MergeManagerImpl: Merging 0 segments, 0 bytes from memory into reduce
26/03/02 03:15:34 INFO mapred.Merger: Merging 1 sorted segments
26/03/02 03:15:34 INFO mapred.Merger: Down to the last merge-pass, with 1 segments left of total size: 50 bytes
26/03/02 03:15:34 INFO mapred.LocalJobRunner: 1 / 1 copied.
26/03/02 03:15:34 INFO mapred.Task: Task:attempt_local1493330176_0019_r_000003_0 is done. And is in the process of committing
26/03/02 03:15:34 INFO mapred.LocalJobRunner: 1 / 1 copied.
26/03/02 03:15:34 INFO mapred.Task: Task attempt_local1493330176_0019_r_000003_0 is allowed to commit now
26/03/02 03:15:34 INFO output.FileOutputCommitter: Saved output of task 'attempt_local1493330176_0019_r_000003_0' to hdfs://localhost:9000/project2/task2/runs_true_k/k5_r30_opt_centers/iter_19/_temporary/0/task_local1493330176_0019_r_000003
26/03/02 03:15:34 INFO mapred.LocalJobRunner: reduce > reduce
26/03/02 03:15:34 INFO mapred.Task: Task 'attempt_local1493330176_0019_r_000003_0' done.
26/03/02 03:15:34 INFO mapred.Task: Final Counters for attempt_local1493330176_0019_r_000003_0: Counters: 29
	File System Counters
		FILE: Number of bytes read=2772442
		FILE: Number of bytes written=8382885
		FILE: Number of read operations=0
		FILE: Number of large read operations=0
		FILE: Number of write operations=0
		HDFS: Number of bytes read=13981193
		HDFS: Number of bytes written=16822
		HDFS: Number of read operations=1041
		HDFS: Number of large read operations=0
		HDFS: Number of write operations=338
	Map-Reduce Framework
		Combine input records=0
		Combine output records=0
		Reduce input groups=1
		Reduce shuffle bytes=60
		Reduce input records=1
		Reduce output records=1
		Spilled Records=1
		Shuffled Maps =1
		Failed Shuffles=0
		Merged Map outputs=1
		GC time elapsed (ms)=0
		Total committed heap usage (bytes)=526385152
	Shuffle Errors
		BAD_ID=0
		CONNECTION=0
		IO_ERROR=0
		WRONG_LENGTH=0
		WRONG_MAP=0
		WRONG_REDUCE=0
	File Output Format Counters 
		Bytes Written=103
26/03/02 03:15:34 INFO mapred.LocalJobRunner: Finishing task: attempt_local1493330176_0019_r_000003_0
26/03/02 03:15:34 INFO mapred.LocalJobRunner: reduce task executor complete.
26/03/02 03:15:34 INFO mapreduce.Job: Job job_local1493330176_0019 running in uber mode : false
26/03/02 03:15:34 INFO mapreduce.Job:  map 100% reduce 100%
26/03/02 03:15:34 INFO mapreduce.Job: Job job_local1493330176_0019 completed successfully
26/03/02 03:15:34 INFO mapreduce.Job: Counters: 35
	File System Counters
		FILE: Number of bytes read=13859262
		FILE: Number of bytes written=41913771
		FILE: Number of read operations=0
		FILE: Number of large read operations=0
		FILE: Number of write operations=0
		HDFS: Number of bytes read=69905965
		HDFS: Number of bytes written=82988
		HDFS: Number of read operations=5175
		HDFS: Number of large read operations=0
		HDFS: Number of write operations=1670
	Map-Reduce Framework
		Map input records=10000
		Map output records=10000
		Map output bytes=520000
		Map output materialized bytes=294
		Input split bytes=121
		Combine input records=10000
		Combine output records=5
		Reduce input groups=5
		Reduce shuffle bytes=294
		Reduce input records=5
		Reduce output records=5
		Spilled Records=10
		Shuffled Maps =4
		Failed Shuffles=0
		Merged Map outputs=4
		GC time elapsed (ms)=2
		Total committed heap usage (bytes)=2631925760
	Shuffle Errors
		BAD_ID=0
		CONNECTION=0
		IO_ERROR=0
		WRONG_LENGTH=0
		WRONG_MAP=0
		WRONG_REDUCE=0
	File Input Format Counters 
		Bytes Read=733758
	File Output Format Counters 
		Bytes Written=510
26/03/02 03:15:34 INFO jvm.JvmMetrics: Cannot initialize JVM Metrics with processName=JobTracker, sessionId= - already initialized
26/03/02 03:15:34 WARN mapreduce.JobResourceUploader: Hadoop command-line option parsing not performed. Implement the Tool interface and execute your application with ToolRunner to remedy this.
26/03/02 03:15:34 INFO input.FileInputFormat: Total input paths to process : 1
26/03/02 03:15:34 INFO mapreduce.JobSubmitter: number of splits:1
26/03/02 03:15:34 INFO mapreduce.JobSubmitter: Submitting tokens for job: job_local394111861_0020
26/03/02 03:15:34 INFO mapred.LocalDistributedCacheManager: Creating symlink: /tmp/hadoop-ds503/mapred/local/1772421334757/centers_iter_19.csv <- /home/ds503/centers_iter_19.csv
26/03/02 03:15:34 INFO mapred.LocalDistributedCacheManager: Localized hdfs://localhost:9000/project2/task2/runs_true_k/k5_r30_opt_centers/centers_iter_19.csv as file:/tmp/hadoop-ds503/mapred/local/1772421334757/centers_iter_19.csv
26/03/02 03:15:34 INFO mapreduce.Job: The url to track the job: http://localhost:8080/
26/03/02 03:15:34 INFO mapreduce.Job: Running job: job_local394111861_0020
26/03/02 03:15:34 INFO mapred.LocalJobRunner: OutputCommitter set in config null
26/03/02 03:15:34 INFO output.FileOutputCommitter: File Output Committer Algorithm version is 1
26/03/02 03:15:34 INFO mapred.LocalJobRunner: OutputCommitter is org.apache.hadoop.mapreduce.lib.output.FileOutputCommitter
26/03/02 03:15:34 INFO mapred.LocalJobRunner: Waiting for map tasks
26/03/02 03:15:34 INFO mapred.LocalJobRunner: Starting task: attempt_local394111861_0020_m_000000_0
26/03/02 03:15:34 INFO output.FileOutputCommitter: File Output Committer Algorithm version is 1
26/03/02 03:15:34 INFO mapred.Task:  Using ResourceCalculatorProcessTree : [ ]
26/03/02 03:15:34 INFO mapred.MapTask: Processing split: hdfs://localhost:9000/project2/task2/input/points_4d.csv:0+733758
26/03/02 03:15:34 INFO mapred.MapTask: (EQUATOR) 0 kvi 26214396(104857584)
26/03/02 03:15:34 INFO mapred.MapTask: mapreduce.task.io.sort.mb: 100
26/03/02 03:15:34 INFO mapred.MapTask: soft limit at 83886080
26/03/02 03:15:34 INFO mapred.MapTask: bufstart = 0; bufvoid = 104857600
26/03/02 03:15:34 INFO mapred.MapTask: kvstart = 26214396; length = 6553600
26/03/02 03:15:34 INFO mapred.MapTask: Map output collector class = org.apache.hadoop.mapred.MapTask$MapOutputBuffer
26/03/02 03:15:34 INFO mapred.LocalJobRunner: 
26/03/02 03:15:34 INFO mapred.MapTask: Starting flush of map output
26/03/02 03:15:34 INFO mapred.MapTask: Spilling map output
26/03/02 03:15:34 INFO mapred.MapTask: bufstart = 0; bufend = 520000; bufvoid = 104857600
26/03/02 03:15:34 INFO mapred.MapTask: kvstart = 26214396(104857584); kvend = 26174400(104697600); length = 39997/6553600
26/03/02 03:15:34 INFO mapred.MapTask: Finished spill 0
26/03/02 03:15:34 INFO mapred.Task: Task:attempt_local394111861_0020_m_000000_0 is done. And is in the process of committing
26/03/02 03:15:34 INFO mapred.LocalJobRunner: map
26/03/02 03:15:34 INFO mapred.Task: Task 'attempt_local394111861_0020_m_000000_0' done.
26/03/02 03:15:34 INFO mapred.Task: Final Counters for attempt_local394111861_0020_m_000000_0: Counters: 23
	File System Counters
		FILE: Number of bytes read=2916996
		FILE: Number of bytes written=8823382
		FILE: Number of read operations=0
		FILE: Number of large read operations=0
		FILE: Number of write operations=0
		HDFS: Number of bytes read=14717104
		HDFS: Number of bytes written=17201
		HDFS: Number of read operations=1085
		HDFS: Number of large read operations=0
		HDFS: Number of write operations=348
	Map-Reduce Framework
		Map input records=10000
		Map output records=10000
		Map output bytes=520000
		Map output materialized bytes=294
		Input split bytes=121
		Combine input records=10000
		Combine output records=5
		Spilled Records=5
		Failed Shuffles=0
		Merged Map outputs=0
		GC time elapsed (ms)=32
		Total committed heap usage (bytes)=450363392
	File Input Format Counters 
		Bytes Read=733758
26/03/02 03:15:34 INFO mapred.LocalJobRunner: Finishing task: attempt_local394111861_0020_m_000000_0
26/03/02 03:15:34 INFO mapred.LocalJobRunner: map task executor complete.
26/03/02 03:15:34 INFO mapred.LocalJobRunner: Waiting for reduce tasks
26/03/02 03:15:34 INFO mapred.LocalJobRunner: Starting task: attempt_local394111861_0020_r_000000_0
26/03/02 03:15:34 INFO output.FileOutputCommitter: File Output Committer Algorithm version is 1
26/03/02 03:15:34 INFO mapred.Task:  Using ResourceCalculatorProcessTree : [ ]
26/03/02 03:15:34 INFO mapred.ReduceTask: Using ShuffleConsumerPlugin: org.apache.hadoop.mapreduce.task.reduce.Shuffle@65d31c9d
26/03/02 03:15:34 INFO reduce.MergeManagerImpl: MergerManager: memoryLimit=334338464, maxSingleShuffleLimit=83584616, mergeThreshold=220663392, ioSortFactor=10, memToMemMergeOutputsThreshold=10
26/03/02 03:15:34 INFO reduce.EventFetcher: attempt_local394111861_0020_r_000000_0 Thread started: EventFetcher for fetching Map Completion Events
26/03/02 03:15:34 INFO reduce.LocalFetcher: localfetcher#77 about to shuffle output of map attempt_local394111861_0020_m_000000_0 decomp: 110 len: 114 to MEMORY
26/03/02 03:15:34 INFO reduce.InMemoryMapOutput: Read 110 bytes from map-output for attempt_local394111861_0020_m_000000_0
26/03/02 03:15:34 INFO reduce.MergeManagerImpl: closeInMemoryFile -> map-output of size: 110, inMemoryMapOutputs.size() -> 1, commitMemory -> 0, usedMemory ->110
26/03/02 03:15:34 INFO reduce.EventFetcher: EventFetcher is interrupted.. Returning
26/03/02 03:15:34 INFO mapred.LocalJobRunner: 1 / 1 copied.
26/03/02 03:15:34 INFO reduce.MergeManagerImpl: finalMerge called with 1 in-memory map-outputs and 0 on-disk map-outputs
26/03/02 03:15:34 INFO mapred.Merger: Merging 1 sorted segments
26/03/02 03:15:34 INFO mapred.Merger: Down to the last merge-pass, with 1 segments left of total size: 104 bytes
26/03/02 03:15:34 INFO reduce.MergeManagerImpl: Merged 1 segments, 110 bytes to disk to satisfy reduce memory limit
26/03/02 03:15:34 INFO reduce.MergeManagerImpl: Merging 1 files, 114 bytes from disk
26/03/02 03:15:34 INFO reduce.MergeManagerImpl: Merging 0 segments, 0 bytes from memory into reduce
26/03/02 03:15:34 INFO mapred.Merger: Merging 1 sorted segments
26/03/02 03:15:34 INFO mapred.Merger: Down to the last merge-pass, with 1 segments left of total size: 104 bytes
26/03/02 03:15:34 INFO mapred.LocalJobRunner: 1 / 1 copied.
26/03/02 03:15:34 INFO mapred.Task: Task:attempt_local394111861_0020_r_000000_0 is done. And is in the process of committing
26/03/02 03:15:34 INFO mapred.LocalJobRunner: 1 / 1 copied.
26/03/02 03:15:34 INFO mapred.Task: Task attempt_local394111861_0020_r_000000_0 is allowed to commit now
26/03/02 03:15:34 INFO output.FileOutputCommitter: Saved output of task 'attempt_local394111861_0020_r_000000_0' to hdfs://localhost:9000/project2/task2/runs_true_k/k5_r30_opt_centers/iter_20/_temporary/0/task_local394111861_0020_r_000000
26/03/02 03:15:34 INFO mapred.LocalJobRunner: reduce > reduce
26/03/02 03:15:34 INFO mapred.Task: Task 'attempt_local394111861_0020_r_000000_0' done.
26/03/02 03:15:34 INFO mapred.Task: Final Counters for attempt_local394111861_0020_r_000000_0: Counters: 29
	File System Counters
		FILE: Number of bytes read=2917508
		FILE: Number of bytes written=8823496
		FILE: Number of read operations=0
		FILE: Number of large read operations=0
		FILE: Number of write operations=0
		HDFS: Number of bytes read=14717104
		HDFS: Number of bytes written=17405
		HDFS: Number of read operations=1088
		HDFS: Number of large read operations=0
		HDFS: Number of write operations=350
	Map-Reduce Framework
		Combine input records=0
		Combine output records=0
		Reduce input groups=2
		Reduce shuffle bytes=114
		Reduce input records=2
		Reduce output records=2
		Spilled Records=2
		Shuffled Maps =1
		Failed Shuffles=0
		Merged Map outputs=1
		GC time elapsed (ms)=0
		Total committed heap usage (bytes)=450363392
	Shuffle Errors
		BAD_ID=0
		CONNECTION=0
		IO_ERROR=0
		WRONG_LENGTH=0
		WRONG_MAP=0
		WRONG_REDUCE=0
	File Output Format Counters 
		Bytes Written=204
26/03/02 03:15:34 INFO mapred.LocalJobRunner: Finishing task: attempt_local394111861_0020_r_000000_0
26/03/02 03:15:34 INFO mapred.LocalJobRunner: Starting task: attempt_local394111861_0020_r_000001_0
26/03/02 03:15:34 INFO output.FileOutputCommitter: File Output Committer Algorithm version is 1
26/03/02 03:15:34 INFO mapred.Task:  Using ResourceCalculatorProcessTree : [ ]
26/03/02 03:15:34 INFO mapred.ReduceTask: Using ShuffleConsumerPlugin: org.apache.hadoop.mapreduce.task.reduce.Shuffle@57633240
26/03/02 03:15:34 INFO reduce.MergeManagerImpl: MergerManager: memoryLimit=334338464, maxSingleShuffleLimit=83584616, mergeThreshold=220663392, ioSortFactor=10, memToMemMergeOutputsThreshold=10
26/03/02 03:15:34 INFO reduce.EventFetcher: attempt_local394111861_0020_r_000001_0 Thread started: EventFetcher for fetching Map Completion Events
26/03/02 03:15:34 INFO reduce.LocalFetcher: localfetcher#78 about to shuffle output of map attempt_local394111861_0020_m_000000_0 decomp: 56 len: 60 to MEMORY
26/03/02 03:15:34 INFO reduce.InMemoryMapOutput: Read 56 bytes from map-output for attempt_local394111861_0020_m_000000_0
26/03/02 03:15:34 INFO reduce.MergeManagerImpl: closeInMemoryFile -> map-output of size: 56, inMemoryMapOutputs.size() -> 1, commitMemory -> 0, usedMemory ->56
26/03/02 03:15:34 INFO reduce.EventFetcher: EventFetcher is interrupted.. Returning
26/03/02 03:15:34 INFO mapred.LocalJobRunner: 1 / 1 copied.
26/03/02 03:15:34 INFO reduce.MergeManagerImpl: finalMerge called with 1 in-memory map-outputs and 0 on-disk map-outputs
26/03/02 03:15:34 INFO mapred.Merger: Merging 1 sorted segments
26/03/02 03:15:34 INFO mapred.Merger: Down to the last merge-pass, with 1 segments left of total size: 50 bytes
26/03/02 03:15:34 INFO reduce.MergeManagerImpl: Merged 1 segments, 56 bytes to disk to satisfy reduce memory limit
26/03/02 03:15:34 INFO reduce.MergeManagerImpl: Merging 1 files, 60 bytes from disk
26/03/02 03:15:34 INFO reduce.MergeManagerImpl: Merging 0 segments, 0 bytes from memory into reduce
26/03/02 03:15:34 INFO mapred.Merger: Merging 1 sorted segments
26/03/02 03:15:34 INFO mapred.Merger: Down to the last merge-pass, with 1 segments left of total size: 50 bytes
26/03/02 03:15:34 INFO mapred.LocalJobRunner: 1 / 1 copied.
26/03/02 03:15:34 INFO mapred.Task: Task:attempt_local394111861_0020_r_000001_0 is done. And is in the process of committing
26/03/02 03:15:34 INFO mapred.LocalJobRunner: 1 / 1 copied.
26/03/02 03:15:34 INFO mapred.Task: Task attempt_local394111861_0020_r_000001_0 is allowed to commit now
26/03/02 03:15:34 INFO output.FileOutputCommitter: Saved output of task 'attempt_local394111861_0020_r_000001_0' to hdfs://localhost:9000/project2/task2/runs_true_k/k5_r30_opt_centers/iter_20/_temporary/0/task_local394111861_0020_r_000001
26/03/02 03:15:34 INFO mapred.LocalJobRunner: reduce > reduce
26/03/02 03:15:34 INFO mapred.Task: Task 'attempt_local394111861_0020_r_000001_0' done.
26/03/02 03:15:34 INFO mapred.Task: Final Counters for attempt_local394111861_0020_r_000001_0: Counters: 29
	File System Counters
		FILE: Number of bytes read=2917852
		FILE: Number of bytes written=8823556
		FILE: Number of read operations=0
		FILE: Number of large read operations=0
		FILE: Number of write operations=0
		HDFS: Number of bytes read=14717104
		HDFS: Number of bytes written=17504
		HDFS: Number of read operations=1091
		HDFS: Number of large read operations=0
		HDFS: Number of write operations=352
	Map-Reduce Framework
		Combine input records=0
		Combine output records=0
		Reduce input groups=1
		Reduce shuffle bytes=60
		Reduce input records=1
		Reduce output records=1
		Spilled Records=1
		Shuffled Maps =1
		Failed Shuffles=0
		Merged Map outputs=1
		GC time elapsed (ms)=0
		Total committed heap usage (bytes)=450363392
	Shuffle Errors
		BAD_ID=0
		CONNECTION=0
		IO_ERROR=0
		WRONG_LENGTH=0
		WRONG_MAP=0
		WRONG_REDUCE=0
	File Output Format Counters 
		Bytes Written=99
26/03/02 03:15:34 INFO mapred.LocalJobRunner: Finishing task: attempt_local394111861_0020_r_000001_0
26/03/02 03:15:34 INFO mapred.LocalJobRunner: Starting task: attempt_local394111861_0020_r_000002_0
26/03/02 03:15:34 INFO output.FileOutputCommitter: File Output Committer Algorithm version is 1
26/03/02 03:15:34 INFO mapred.Task:  Using ResourceCalculatorProcessTree : [ ]
26/03/02 03:15:34 INFO mapred.ReduceTask: Using ShuffleConsumerPlugin: org.apache.hadoop.mapreduce.task.reduce.Shuffle@2fe90026
26/03/02 03:15:34 INFO reduce.MergeManagerImpl: MergerManager: memoryLimit=334338464, maxSingleShuffleLimit=83584616, mergeThreshold=220663392, ioSortFactor=10, memToMemMergeOutputsThreshold=10
26/03/02 03:15:34 INFO reduce.EventFetcher: attempt_local394111861_0020_r_000002_0 Thread started: EventFetcher for fetching Map Completion Events
26/03/02 03:15:34 INFO reduce.LocalFetcher: localfetcher#79 about to shuffle output of map attempt_local394111861_0020_m_000000_0 decomp: 56 len: 60 to MEMORY
26/03/02 03:15:34 INFO reduce.InMemoryMapOutput: Read 56 bytes from map-output for attempt_local394111861_0020_m_000000_0
26/03/02 03:15:34 INFO reduce.MergeManagerImpl: closeInMemoryFile -> map-output of size: 56, inMemoryMapOutputs.size() -> 1, commitMemory -> 0, usedMemory ->56
26/03/02 03:15:34 WARN io.ReadaheadPool: Failed readahead on ifile
EBADF: Bad file descriptor
	at org.apache.hadoop.io.nativeio.NativeIO$POSIX.posix_fadvise(Native Method)
	at org.apache.hadoop.io.nativeio.NativeIO$POSIX.posixFadviseIfPossible(NativeIO.java:267)
	at org.apache.hadoop.io.nativeio.NativeIO$POSIX$CacheManipulator.posixFadviseIfPossible(NativeIO.java:146)
	at org.apache.hadoop.io.ReadaheadPool$ReadaheadRequestImpl.run(ReadaheadPool.java:206)
	at java.util.concurrent.ThreadPoolExecutor.runWorker(ThreadPoolExecutor.java:1149)
	at java.util.concurrent.ThreadPoolExecutor$Worker.run(ThreadPoolExecutor.java:624)
	at java.lang.Thread.run(Thread.java:748)
26/03/02 03:15:34 INFO reduce.EventFetcher: EventFetcher is interrupted.. Returning
26/03/02 03:15:34 INFO mapred.LocalJobRunner: 1 / 1 copied.
26/03/02 03:15:34 INFO reduce.MergeManagerImpl: finalMerge called with 1 in-memory map-outputs and 0 on-disk map-outputs
26/03/02 03:15:34 INFO mapred.Merger: Merging 1 sorted segments
26/03/02 03:15:34 INFO mapred.Merger: Down to the last merge-pass, with 1 segments left of total size: 50 bytes
26/03/02 03:15:34 INFO reduce.MergeManagerImpl: Merged 1 segments, 56 bytes to disk to satisfy reduce memory limit
26/03/02 03:15:34 INFO reduce.MergeManagerImpl: Merging 1 files, 60 bytes from disk
26/03/02 03:15:34 INFO reduce.MergeManagerImpl: Merging 0 segments, 0 bytes from memory into reduce
26/03/02 03:15:34 INFO mapred.Merger: Merging 1 sorted segments
26/03/02 03:15:34 INFO mapred.Merger: Down to the last merge-pass, with 1 segments left of total size: 50 bytes
26/03/02 03:15:34 INFO mapred.LocalJobRunner: 1 / 1 copied.
26/03/02 03:15:34 INFO mapred.Task: Task:attempt_local394111861_0020_r_000002_0 is done. And is in the process of committing
26/03/02 03:15:34 INFO mapred.LocalJobRunner: 1 / 1 copied.
26/03/02 03:15:34 INFO mapred.Task: Task attempt_local394111861_0020_r_000002_0 is allowed to commit now
26/03/02 03:15:34 INFO output.FileOutputCommitter: Saved output of task 'attempt_local394111861_0020_r_000002_0' to hdfs://localhost:9000/project2/task2/runs_true_k/k5_r30_opt_centers/iter_20/_temporary/0/task_local394111861_0020_r_000002
26/03/02 03:15:34 INFO mapred.LocalJobRunner: reduce > reduce
26/03/02 03:15:34 INFO mapred.Task: Task 'attempt_local394111861_0020_r_000002_0' done.
26/03/02 03:15:34 INFO mapred.Task: Final Counters for attempt_local394111861_0020_r_000002_0: Counters: 29
	File System Counters
		FILE: Number of bytes read=2918136
		FILE: Number of bytes written=8823616
		FILE: Number of read operations=0
		FILE: Number of large read operations=0
		FILE: Number of write operations=0
		HDFS: Number of bytes read=14717104
		HDFS: Number of bytes written=17606
		HDFS: Number of read operations=1094
		HDFS: Number of large read operations=0
		HDFS: Number of write operations=354
	Map-Reduce Framework
		Combine input records=0
		Combine output records=0
		Reduce input groups=1
		Reduce shuffle bytes=60
		Reduce input records=1
		Reduce output records=1
		Spilled Records=1
		Shuffled Maps =1
		Failed Shuffles=0
		Merged Map outputs=1
		GC time elapsed (ms)=0
		Total committed heap usage (bytes)=450363392
	Shuffle Errors
		BAD_ID=0
		CONNECTION=0
		IO_ERROR=0
		WRONG_LENGTH=0
		WRONG_MAP=0
		WRONG_REDUCE=0
	File Output Format Counters 
		Bytes Written=102
26/03/02 03:15:34 INFO mapred.LocalJobRunner: Finishing task: attempt_local394111861_0020_r_000002_0
26/03/02 03:15:34 INFO mapred.LocalJobRunner: Starting task: attempt_local394111861_0020_r_000003_0
26/03/02 03:15:34 INFO output.FileOutputCommitter: File Output Committer Algorithm version is 1
26/03/02 03:15:34 INFO mapred.Task:  Using ResourceCalculatorProcessTree : [ ]
26/03/02 03:15:34 INFO mapred.ReduceTask: Using ShuffleConsumerPlugin: org.apache.hadoop.mapreduce.task.reduce.Shuffle@4b9d111
26/03/02 03:15:34 INFO reduce.MergeManagerImpl: MergerManager: memoryLimit=334338464, maxSingleShuffleLimit=83584616, mergeThreshold=220663392, ioSortFactor=10, memToMemMergeOutputsThreshold=10
26/03/02 03:15:34 INFO reduce.EventFetcher: attempt_local394111861_0020_r_000003_0 Thread started: EventFetcher for fetching Map Completion Events
26/03/02 03:15:34 INFO reduce.LocalFetcher: localfetcher#80 about to shuffle output of map attempt_local394111861_0020_m_000000_0 decomp: 56 len: 60 to MEMORY
26/03/02 03:15:34 INFO reduce.InMemoryMapOutput: Read 56 bytes from map-output for attempt_local394111861_0020_m_000000_0
26/03/02 03:15:34 INFO reduce.MergeManagerImpl: closeInMemoryFile -> map-output of size: 56, inMemoryMapOutputs.size() -> 1, commitMemory -> 0, usedMemory ->56
26/03/02 03:15:34 INFO reduce.EventFetcher: EventFetcher is interrupted.. Returning
26/03/02 03:15:34 INFO mapred.LocalJobRunner: 1 / 1 copied.
26/03/02 03:15:34 INFO reduce.MergeManagerImpl: finalMerge called with 1 in-memory map-outputs and 0 on-disk map-outputs
26/03/02 03:15:34 INFO mapred.Merger: Merging 1 sorted segments
26/03/02 03:15:34 INFO mapred.Merger: Down to the last merge-pass, with 1 segments left of total size: 50 bytes
26/03/02 03:15:34 INFO reduce.MergeManagerImpl: Merged 1 segments, 56 bytes to disk to satisfy reduce memory limit
26/03/02 03:15:34 INFO reduce.MergeManagerImpl: Merging 1 files, 60 bytes from disk
26/03/02 03:15:34 INFO reduce.MergeManagerImpl: Merging 0 segments, 0 bytes from memory into reduce
26/03/02 03:15:34 INFO mapred.Merger: Merging 1 sorted segments
26/03/02 03:15:34 INFO mapred.Merger: Down to the last merge-pass, with 1 segments left of total size: 50 bytes
26/03/02 03:15:34 INFO mapred.LocalJobRunner: 1 / 1 copied.
26/03/02 03:15:34 INFO mapred.Task: Task:attempt_local394111861_0020_r_000003_0 is done. And is in the process of committing
26/03/02 03:15:34 INFO mapred.LocalJobRunner: 1 / 1 copied.
26/03/02 03:15:34 INFO mapred.Task: Task attempt_local394111861_0020_r_000003_0 is allowed to commit now
26/03/02 03:15:34 INFO output.FileOutputCommitter: Saved output of task 'attempt_local394111861_0020_r_000003_0' to hdfs://localhost:9000/project2/task2/runs_true_k/k5_r30_opt_centers/iter_20/_temporary/0/task_local394111861_0020_r_000003
26/03/02 03:15:34 INFO mapred.LocalJobRunner: reduce > reduce
26/03/02 03:15:34 INFO mapred.Task: Task 'attempt_local394111861_0020_r_000003_0' done.
26/03/02 03:15:34 INFO mapred.Task: Final Counters for attempt_local394111861_0020_r_000003_0: Counters: 29
	File System Counters
		FILE: Number of bytes read=2918360
		FILE: Number of bytes written=8823676
		FILE: Number of read operations=0
		FILE: Number of large read operations=0
		FILE: Number of write operations=0
		HDFS: Number of bytes read=14717104
		HDFS: Number of bytes written=17710
		HDFS: Number of read operations=1097
		HDFS: Number of large read operations=0
		HDFS: Number of write operations=356
	Map-Reduce Framework
		Combine input records=0
		Combine output records=0
		Reduce input groups=1
		Reduce shuffle bytes=60
		Reduce input records=1
		Reduce output records=1
		Spilled Records=1
		Shuffled Maps =1
		Failed Shuffles=0
		Merged Map outputs=1
		GC time elapsed (ms)=0
		Total committed heap usage (bytes)=450363392
	Shuffle Errors
		BAD_ID=0
		CONNECTION=0
		IO_ERROR=0
		WRONG_LENGTH=0
		WRONG_MAP=0
		WRONG_REDUCE=0
	File Output Format Counters 
		Bytes Written=104
26/03/02 03:15:34 INFO mapred.LocalJobRunner: Finishing task: attempt_local394111861_0020_r_000003_0
26/03/02 03:15:34 INFO mapred.LocalJobRunner: reduce task executor complete.
26/03/02 03:15:35 INFO mapreduce.Job: Job job_local394111861_0020 running in uber mode : false
26/03/02 03:15:35 INFO mapreduce.Job:  map 100% reduce 100%
26/03/02 03:15:35 INFO mapreduce.Job: Job job_local394111861_0020 completed successfully
26/03/02 03:15:35 INFO mapreduce.Job: Counters: 35
	File System Counters
		FILE: Number of bytes read=14588852
		FILE: Number of bytes written=44117726
		FILE: Number of read operations=0
		FILE: Number of large read operations=0
		FILE: Number of write operations=0
		HDFS: Number of bytes read=73585520
		HDFS: Number of bytes written=87426
		HDFS: Number of read operations=5455
		HDFS: Number of large read operations=0
		HDFS: Number of write operations=1760
	Map-Reduce Framework
		Map input records=10000
		Map output records=10000
		Map output bytes=520000
		Map output materialized bytes=294
		Input split bytes=121
		Combine input records=10000
		Combine output records=5
		Reduce input groups=5
		Reduce shuffle bytes=294
		Reduce input records=5
		Reduce output records=5
		Spilled Records=10
		Shuffled Maps =4
		Failed Shuffles=0
		Merged Map outputs=4
		GC time elapsed (ms)=32
		Total committed heap usage (bytes)=2251816960
	Shuffle Errors
		BAD_ID=0
		CONNECTION=0
		IO_ERROR=0
		WRONG_LENGTH=0
		WRONG_MAP=0
		WRONG_REDUCE=0
	File Input Format Counters 
		Bytes Read=733758
	File Output Format Counters 
		Bytes Written=509
26/03/02 03:15:35 INFO jvm.JvmMetrics: Cannot initialize JVM Metrics with processName=JobTracker, sessionId= - already initialized
26/03/02 03:15:35 WARN mapreduce.JobResourceUploader: Hadoop command-line option parsing not performed. Implement the Tool interface and execute your application with ToolRunner to remedy this.
26/03/02 03:15:35 INFO input.FileInputFormat: Total input paths to process : 1
26/03/02 03:15:35 INFO mapreduce.JobSubmitter: number of splits:1
26/03/02 03:15:35 INFO mapreduce.JobSubmitter: Submitting tokens for job: job_local959997250_0021
26/03/02 03:15:35 INFO mapred.LocalDistributedCacheManager: Creating symlink: /tmp/hadoop-ds503/mapred/local/1772421335860/centers_iter_20.csv <- /home/ds503/centers_iter_20.csv
26/03/02 03:15:35 INFO mapred.LocalDistributedCacheManager: Localized hdfs://localhost:9000/project2/task2/runs_true_k/k5_r30_opt_centers/centers_iter_20.csv as file:/tmp/hadoop-ds503/mapred/local/1772421335860/centers_iter_20.csv
26/03/02 03:15:35 INFO mapreduce.Job: The url to track the job: http://localhost:8080/
26/03/02 03:15:35 INFO mapreduce.Job: Running job: job_local959997250_0021
26/03/02 03:15:35 INFO mapred.LocalJobRunner: OutputCommitter set in config null
26/03/02 03:15:35 INFO output.FileOutputCommitter: File Output Committer Algorithm version is 1
26/03/02 03:15:35 INFO mapred.LocalJobRunner: OutputCommitter is org.apache.hadoop.mapreduce.lib.output.FileOutputCommitter
26/03/02 03:15:35 INFO mapred.LocalJobRunner: Waiting for map tasks
26/03/02 03:15:35 INFO mapred.LocalJobRunner: Starting task: attempt_local959997250_0021_m_000000_0
26/03/02 03:15:35 INFO output.FileOutputCommitter: File Output Committer Algorithm version is 1
26/03/02 03:15:35 INFO mapred.Task:  Using ResourceCalculatorProcessTree : [ ]
26/03/02 03:15:35 INFO mapred.MapTask: Processing split: hdfs://localhost:9000/project2/task2/input/points_4d.csv:0+733758
26/03/02 03:15:35 INFO mapred.MapTask: (EQUATOR) 0 kvi 26214396(104857584)
26/03/02 03:15:35 INFO mapred.MapTask: mapreduce.task.io.sort.mb: 100
26/03/02 03:15:35 INFO mapred.MapTask: soft limit at 83886080
26/03/02 03:15:35 INFO mapred.MapTask: bufstart = 0; bufvoid = 104857600
26/03/02 03:15:35 INFO mapred.MapTask: kvstart = 26214396; length = 6553600
26/03/02 03:15:35 INFO mapred.MapTask: Map output collector class = org.apache.hadoop.mapred.MapTask$MapOutputBuffer
26/03/02 03:15:36 INFO mapred.LocalJobRunner: 
26/03/02 03:15:36 INFO mapred.MapTask: Starting flush of map output
26/03/02 03:15:36 INFO mapred.MapTask: Spilling map output
26/03/02 03:15:36 INFO mapred.MapTask: bufstart = 0; bufend = 520000; bufvoid = 104857600
26/03/02 03:15:36 INFO mapred.MapTask: kvstart = 26214396(104857584); kvend = 26174400(104697600); length = 39997/6553600
26/03/02 03:15:36 INFO mapred.MapTask: Finished spill 0
26/03/02 03:15:36 INFO mapred.Task: Task:attempt_local959997250_0021_m_000000_0 is done. And is in the process of committing
26/03/02 03:15:36 INFO mapred.LocalJobRunner: map
26/03/02 03:15:36 INFO mapred.Task: Task 'attempt_local959997250_0021_m_000000_0' done.
26/03/02 03:15:36 INFO mapred.Task: Final Counters for attempt_local959997250_0021_m_000000_0: Counters: 23
	File System Counters
		FILE: Number of bytes read=3062914
		FILE: Number of bytes written=9264172
		FILE: Number of read operations=0
		FILE: Number of large read operations=0
		FILE: Number of write operations=0
		HDFS: Number of bytes read=15453015
		HDFS: Number of bytes written=18088
		HDFS: Number of read operations=1141
		HDFS: Number of large read operations=0
		HDFS: Number of write operations=366
	Map-Reduce Framework
		Map input records=10000
		Map output records=10000
		Map output bytes=520000
		Map output materialized bytes=294
		Input split bytes=121
		Combine input records=10000
		Combine output records=5
		Spilled Records=5
		Failed Shuffles=0
		Merged Map outputs=0
		GC time elapsed (ms)=0
		Total committed heap usage (bytes)=450363392
	File Input Format Counters 
		Bytes Read=733758
26/03/02 03:15:36 INFO mapred.LocalJobRunner: Finishing task: attempt_local959997250_0021_m_000000_0
26/03/02 03:15:36 INFO mapred.LocalJobRunner: map task executor complete.
26/03/02 03:15:36 INFO mapred.LocalJobRunner: Waiting for reduce tasks
26/03/02 03:15:36 INFO mapred.LocalJobRunner: Starting task: attempt_local959997250_0021_r_000000_0
26/03/02 03:15:36 INFO output.FileOutputCommitter: File Output Committer Algorithm version is 1
26/03/02 03:15:36 INFO mapred.Task:  Using ResourceCalculatorProcessTree : [ ]
26/03/02 03:15:36 INFO mapred.ReduceTask: Using ShuffleConsumerPlugin: org.apache.hadoop.mapreduce.task.reduce.Shuffle@34f561e
26/03/02 03:15:36 INFO reduce.MergeManagerImpl: MergerManager: memoryLimit=334338464, maxSingleShuffleLimit=83584616, mergeThreshold=220663392, ioSortFactor=10, memToMemMergeOutputsThreshold=10
26/03/02 03:15:36 INFO reduce.EventFetcher: attempt_local959997250_0021_r_000000_0 Thread started: EventFetcher for fetching Map Completion Events
26/03/02 03:15:36 INFO reduce.LocalFetcher: localfetcher#81 about to shuffle output of map attempt_local959997250_0021_m_000000_0 decomp: 110 len: 114 to MEMORY
26/03/02 03:15:36 INFO reduce.InMemoryMapOutput: Read 110 bytes from map-output for attempt_local959997250_0021_m_000000_0
26/03/02 03:15:36 INFO reduce.MergeManagerImpl: closeInMemoryFile -> map-output of size: 110, inMemoryMapOutputs.size() -> 1, commitMemory -> 0, usedMemory ->110
26/03/02 03:15:36 WARN io.ReadaheadPool: Failed readahead on ifile
EBADF: Bad file descriptor
	at org.apache.hadoop.io.nativeio.NativeIO$POSIX.posix_fadvise(Native Method)
	at org.apache.hadoop.io.nativeio.NativeIO$POSIX.posixFadviseIfPossible(NativeIO.java:267)
	at org.apache.hadoop.io.nativeio.NativeIO$POSIX$CacheManipulator.posixFadviseIfPossible(NativeIO.java:146)
	at org.apache.hadoop.io.ReadaheadPool$ReadaheadRequestImpl.run(ReadaheadPool.java:206)
	at java.util.concurrent.ThreadPoolExecutor.runWorker(ThreadPoolExecutor.java:1149)
	at java.util.concurrent.ThreadPoolExecutor$Worker.run(ThreadPoolExecutor.java:624)
	at java.lang.Thread.run(Thread.java:748)
26/03/02 03:15:36 INFO reduce.EventFetcher: EventFetcher is interrupted.. Returning
26/03/02 03:15:36 INFO mapred.LocalJobRunner: 1 / 1 copied.
26/03/02 03:15:36 INFO reduce.MergeManagerImpl: finalMerge called with 1 in-memory map-outputs and 0 on-disk map-outputs
26/03/02 03:15:36 INFO mapred.Merger: Merging 1 sorted segments
26/03/02 03:15:36 INFO mapred.Merger: Down to the last merge-pass, with 1 segments left of total size: 104 bytes
26/03/02 03:15:36 INFO reduce.MergeManagerImpl: Merged 1 segments, 110 bytes to disk to satisfy reduce memory limit
26/03/02 03:15:36 INFO reduce.MergeManagerImpl: Merging 1 files, 114 bytes from disk
26/03/02 03:15:36 INFO reduce.MergeManagerImpl: Merging 0 segments, 0 bytes from memory into reduce
26/03/02 03:15:36 INFO mapred.Merger: Merging 1 sorted segments
26/03/02 03:15:36 INFO mapred.Merger: Down to the last merge-pass, with 1 segments left of total size: 104 bytes
26/03/02 03:15:36 INFO mapred.LocalJobRunner: 1 / 1 copied.
26/03/02 03:15:36 INFO mapred.Task: Task:attempt_local959997250_0021_r_000000_0 is done. And is in the process of committing
26/03/02 03:15:36 INFO mapred.LocalJobRunner: 1 / 1 copied.
26/03/02 03:15:36 INFO mapred.Task: Task attempt_local959997250_0021_r_000000_0 is allowed to commit now
26/03/02 03:15:36 INFO output.FileOutputCommitter: Saved output of task 'attempt_local959997250_0021_r_000000_0' to hdfs://localhost:9000/project2/task2/runs_true_k/k5_r30_opt_centers/iter_21/_temporary/0/task_local959997250_0021_r_000000
26/03/02 03:15:36 INFO mapred.LocalJobRunner: reduce > reduce
26/03/02 03:15:36 INFO mapred.Task: Task 'attempt_local959997250_0021_r_000000_0' done.
26/03/02 03:15:36 INFO mapred.Task: Final Counters for attempt_local959997250_0021_r_000000_0: Counters: 29
	File System Counters
		FILE: Number of bytes read=3063426
		FILE: Number of bytes written=9264286
		FILE: Number of read operations=0
		FILE: Number of large read operations=0
		FILE: Number of write operations=0
		HDFS: Number of bytes read=15453015
		HDFS: Number of bytes written=18292
		HDFS: Number of read operations=1144
		HDFS: Number of large read operations=0
		HDFS: Number of write operations=368
	Map-Reduce Framework
		Combine input records=0
		Combine output records=0
		Reduce input groups=2
		Reduce shuffle bytes=114
		Reduce input records=2
		Reduce output records=2
		Spilled Records=2
		Shuffled Maps =1
		Failed Shuffles=0
		Merged Map outputs=1
		GC time elapsed (ms)=0
		Total committed heap usage (bytes)=450363392
	Shuffle Errors
		BAD_ID=0
		CONNECTION=0
		IO_ERROR=0
		WRONG_LENGTH=0
		WRONG_MAP=0
		WRONG_REDUCE=0
	File Output Format Counters 
		Bytes Written=204
26/03/02 03:15:36 INFO mapred.LocalJobRunner: Finishing task: attempt_local959997250_0021_r_000000_0
26/03/02 03:15:36 INFO mapred.LocalJobRunner: Starting task: attempt_local959997250_0021_r_000001_0
26/03/02 03:15:36 INFO output.FileOutputCommitter: File Output Committer Algorithm version is 1
26/03/02 03:15:36 INFO mapred.Task:  Using ResourceCalculatorProcessTree : [ ]
26/03/02 03:15:36 INFO mapred.ReduceTask: Using ShuffleConsumerPlugin: org.apache.hadoop.mapreduce.task.reduce.Shuffle@3533e212
26/03/02 03:15:36 INFO reduce.MergeManagerImpl: MergerManager: memoryLimit=334338464, maxSingleShuffleLimit=83584616, mergeThreshold=220663392, ioSortFactor=10, memToMemMergeOutputsThreshold=10
26/03/02 03:15:36 INFO reduce.EventFetcher: attempt_local959997250_0021_r_000001_0 Thread started: EventFetcher for fetching Map Completion Events
26/03/02 03:15:36 INFO reduce.LocalFetcher: localfetcher#82 about to shuffle output of map attempt_local959997250_0021_m_000000_0 decomp: 56 len: 60 to MEMORY
26/03/02 03:15:36 INFO reduce.InMemoryMapOutput: Read 56 bytes from map-output for attempt_local959997250_0021_m_000000_0
26/03/02 03:15:36 INFO reduce.MergeManagerImpl: closeInMemoryFile -> map-output of size: 56, inMemoryMapOutputs.size() -> 1, commitMemory -> 0, usedMemory ->56
26/03/02 03:15:36 WARN io.ReadaheadPool: Failed readahead on ifile
EBADF: Bad file descriptor
	at org.apache.hadoop.io.nativeio.NativeIO$POSIX.posix_fadvise(Native Method)
	at org.apache.hadoop.io.nativeio.NativeIO$POSIX.posixFadviseIfPossible(NativeIO.java:267)
	at org.apache.hadoop.io.nativeio.NativeIO$POSIX$CacheManipulator.posixFadviseIfPossible(NativeIO.java:146)
	at org.apache.hadoop.io.ReadaheadPool$ReadaheadRequestImpl.run(ReadaheadPool.java:206)
	at java.util.concurrent.ThreadPoolExecutor.runWorker(ThreadPoolExecutor.java:1149)
	at java.util.concurrent.ThreadPoolExecutor$Worker.run(ThreadPoolExecutor.java:624)
	at java.lang.Thread.run(Thread.java:748)
26/03/02 03:15:36 INFO reduce.EventFetcher: EventFetcher is interrupted.. Returning
26/03/02 03:15:36 INFO mapred.LocalJobRunner: 1 / 1 copied.
26/03/02 03:15:36 INFO reduce.MergeManagerImpl: finalMerge called with 1 in-memory map-outputs and 0 on-disk map-outputs
26/03/02 03:15:36 INFO mapred.Merger: Merging 1 sorted segments
26/03/02 03:15:36 INFO mapred.Merger: Down to the last merge-pass, with 1 segments left of total size: 50 bytes
26/03/02 03:15:36 INFO reduce.MergeManagerImpl: Merged 1 segments, 56 bytes to disk to satisfy reduce memory limit
26/03/02 03:15:36 INFO reduce.MergeManagerImpl: Merging 1 files, 60 bytes from disk
26/03/02 03:15:36 INFO reduce.MergeManagerImpl: Merging 0 segments, 0 bytes from memory into reduce
26/03/02 03:15:36 INFO mapred.Merger: Merging 1 sorted segments
26/03/02 03:15:36 INFO mapred.Merger: Down to the last merge-pass, with 1 segments left of total size: 50 bytes
26/03/02 03:15:36 INFO mapred.LocalJobRunner: 1 / 1 copied.
26/03/02 03:15:36 INFO mapred.Task: Task:attempt_local959997250_0021_r_000001_0 is done. And is in the process of committing
26/03/02 03:15:36 INFO mapred.LocalJobRunner: 1 / 1 copied.
26/03/02 03:15:36 INFO mapred.Task: Task attempt_local959997250_0021_r_000001_0 is allowed to commit now
26/03/02 03:15:36 INFO output.FileOutputCommitter: Saved output of task 'attempt_local959997250_0021_r_000001_0' to hdfs://localhost:9000/project2/task2/runs_true_k/k5_r30_opt_centers/iter_21/_temporary/0/task_local959997250_0021_r_000001
26/03/02 03:15:36 INFO mapred.LocalJobRunner: reduce > reduce
26/03/02 03:15:36 INFO mapred.Task: Task 'attempt_local959997250_0021_r_000001_0' done.
26/03/02 03:15:36 INFO mapred.Task: Final Counters for attempt_local959997250_0021_r_000001_0: Counters: 29
	File System Counters
		FILE: Number of bytes read=3063770
		FILE: Number of bytes written=9264346
		FILE: Number of read operations=0
		FILE: Number of large read operations=0
		FILE: Number of write operations=0
		HDFS: Number of bytes read=15453015
		HDFS: Number of bytes written=18392
		HDFS: Number of read operations=1147
		HDFS: Number of large read operations=0
		HDFS: Number of write operations=370
	Map-Reduce Framework
		Combine input records=0
		Combine output records=0
		Reduce input groups=1
		Reduce shuffle bytes=60
		Reduce input records=1
		Reduce output records=1
		Spilled Records=1
		Shuffled Maps =1
		Failed Shuffles=0
		Merged Map outputs=1
		GC time elapsed (ms)=0
		Total committed heap usage (bytes)=450363392
	Shuffle Errors
		BAD_ID=0
		CONNECTION=0
		IO_ERROR=0
		WRONG_LENGTH=0
		WRONG_MAP=0
		WRONG_REDUCE=0
	File Output Format Counters 
		Bytes Written=100
26/03/02 03:15:36 INFO mapred.LocalJobRunner: Finishing task: attempt_local959997250_0021_r_000001_0
26/03/02 03:15:36 INFO mapred.LocalJobRunner: Starting task: attempt_local959997250_0021_r_000002_0
26/03/02 03:15:36 INFO output.FileOutputCommitter: File Output Committer Algorithm version is 1
26/03/02 03:15:36 INFO mapred.Task:  Using ResourceCalculatorProcessTree : [ ]
26/03/02 03:15:36 INFO mapred.ReduceTask: Using ShuffleConsumerPlugin: org.apache.hadoop.mapreduce.task.reduce.Shuffle@4d5fb2a6
26/03/02 03:15:36 INFO reduce.MergeManagerImpl: MergerManager: memoryLimit=334338464, maxSingleShuffleLimit=83584616, mergeThreshold=220663392, ioSortFactor=10, memToMemMergeOutputsThreshold=10
26/03/02 03:15:36 INFO reduce.EventFetcher: attempt_local959997250_0021_r_000002_0 Thread started: EventFetcher for fetching Map Completion Events
26/03/02 03:15:36 INFO reduce.LocalFetcher: localfetcher#83 about to shuffle output of map attempt_local959997250_0021_m_000000_0 decomp: 56 len: 60 to MEMORY
26/03/02 03:15:36 INFO reduce.InMemoryMapOutput: Read 56 bytes from map-output for attempt_local959997250_0021_m_000000_0
26/03/02 03:15:36 INFO reduce.MergeManagerImpl: closeInMemoryFile -> map-output of size: 56, inMemoryMapOutputs.size() -> 1, commitMemory -> 0, usedMemory ->56
26/03/02 03:15:36 INFO reduce.EventFetcher: EventFetcher is interrupted.. Returning
26/03/02 03:15:36 INFO mapred.LocalJobRunner: 1 / 1 copied.
26/03/02 03:15:36 INFO reduce.MergeManagerImpl: finalMerge called with 1 in-memory map-outputs and 0 on-disk map-outputs
26/03/02 03:15:36 INFO mapred.Merger: Merging 1 sorted segments
26/03/02 03:15:36 INFO mapred.Merger: Down to the last merge-pass, with 1 segments left of total size: 50 bytes
26/03/02 03:15:36 INFO reduce.MergeManagerImpl: Merged 1 segments, 56 bytes to disk to satisfy reduce memory limit
26/03/02 03:15:36 INFO reduce.MergeManagerImpl: Merging 1 files, 60 bytes from disk
26/03/02 03:15:36 INFO reduce.MergeManagerImpl: Merging 0 segments, 0 bytes from memory into reduce
26/03/02 03:15:36 INFO mapred.Merger: Merging 1 sorted segments
26/03/02 03:15:36 INFO mapred.Merger: Down to the last merge-pass, with 1 segments left of total size: 50 bytes
26/03/02 03:15:36 INFO mapred.LocalJobRunner: 1 / 1 copied.
26/03/02 03:15:36 INFO mapred.Task: Task:attempt_local959997250_0021_r_000002_0 is done. And is in the process of committing
26/03/02 03:15:36 INFO mapred.LocalJobRunner: 1 / 1 copied.
26/03/02 03:15:36 INFO mapred.Task: Task attempt_local959997250_0021_r_000002_0 is allowed to commit now
26/03/02 03:15:36 INFO output.FileOutputCommitter: Saved output of task 'attempt_local959997250_0021_r_000002_0' to hdfs://localhost:9000/project2/task2/runs_true_k/k5_r30_opt_centers/iter_21/_temporary/0/task_local959997250_0021_r_000002
26/03/02 03:15:36 INFO mapred.LocalJobRunner: reduce > reduce
26/03/02 03:15:36 INFO mapred.Task: Task 'attempt_local959997250_0021_r_000002_0' done.
26/03/02 03:15:36 INFO mapred.Task: Final Counters for attempt_local959997250_0021_r_000002_0: Counters: 29
	File System Counters
		FILE: Number of bytes read=3064054
		FILE: Number of bytes written=9264406
		FILE: Number of read operations=0
		FILE: Number of large read operations=0
		FILE: Number of write operations=0
		HDFS: Number of bytes read=15453015
		HDFS: Number of bytes written=18493
		HDFS: Number of read operations=1150
		HDFS: Number of large read operations=0
		HDFS: Number of write operations=372
	Map-Reduce Framework
		Combine input records=0
		Combine output records=0
		Reduce input groups=1
		Reduce shuffle bytes=60
		Reduce input records=1
		Reduce output records=1
		Spilled Records=1
		Shuffled Maps =1
		Failed Shuffles=0
		Merged Map outputs=1
		GC time elapsed (ms)=0
		Total committed heap usage (bytes)=450363392
	Shuffle Errors
		BAD_ID=0
		CONNECTION=0
		IO_ERROR=0
		WRONG_LENGTH=0
		WRONG_MAP=0
		WRONG_REDUCE=0
	File Output Format Counters 
		Bytes Written=101
26/03/02 03:15:36 INFO mapred.LocalJobRunner: Finishing task: attempt_local959997250_0021_r_000002_0
26/03/02 03:15:36 INFO mapred.LocalJobRunner: Starting task: attempt_local959997250_0021_r_000003_0
26/03/02 03:15:36 INFO output.FileOutputCommitter: File Output Committer Algorithm version is 1
26/03/02 03:15:36 INFO mapred.Task:  Using ResourceCalculatorProcessTree : [ ]
26/03/02 03:15:36 INFO mapred.ReduceTask: Using ShuffleConsumerPlugin: org.apache.hadoop.mapreduce.task.reduce.Shuffle@6930980
26/03/02 03:15:36 INFO reduce.MergeManagerImpl: MergerManager: memoryLimit=334338464, maxSingleShuffleLimit=83584616, mergeThreshold=220663392, ioSortFactor=10, memToMemMergeOutputsThreshold=10
26/03/02 03:15:36 INFO reduce.EventFetcher: attempt_local959997250_0021_r_000003_0 Thread started: EventFetcher for fetching Map Completion Events
26/03/02 03:15:36 INFO reduce.LocalFetcher: localfetcher#84 about to shuffle output of map attempt_local959997250_0021_m_000000_0 decomp: 56 len: 60 to MEMORY
26/03/02 03:15:36 INFO reduce.InMemoryMapOutput: Read 56 bytes from map-output for attempt_local959997250_0021_m_000000_0
26/03/02 03:15:36 INFO reduce.MergeManagerImpl: closeInMemoryFile -> map-output of size: 56, inMemoryMapOutputs.size() -> 1, commitMemory -> 0, usedMemory ->56
26/03/02 03:15:36 INFO reduce.EventFetcher: EventFetcher is interrupted.. Returning
26/03/02 03:15:36 INFO mapred.LocalJobRunner: 1 / 1 copied.
26/03/02 03:15:36 INFO reduce.MergeManagerImpl: finalMerge called with 1 in-memory map-outputs and 0 on-disk map-outputs
26/03/02 03:15:36 INFO mapred.Merger: Merging 1 sorted segments
26/03/02 03:15:36 INFO mapred.Merger: Down to the last merge-pass, with 1 segments left of total size: 50 bytes
26/03/02 03:15:36 INFO reduce.MergeManagerImpl: Merged 1 segments, 56 bytes to disk to satisfy reduce memory limit
26/03/02 03:15:36 INFO reduce.MergeManagerImpl: Merging 1 files, 60 bytes from disk
26/03/02 03:15:36 INFO reduce.MergeManagerImpl: Merging 0 segments, 0 bytes from memory into reduce
26/03/02 03:15:36 INFO mapred.Merger: Merging 1 sorted segments
26/03/02 03:15:36 INFO mapred.Merger: Down to the last merge-pass, with 1 segments left of total size: 50 bytes
26/03/02 03:15:36 INFO mapred.LocalJobRunner: 1 / 1 copied.
26/03/02 03:15:36 INFO mapred.Task: Task:attempt_local959997250_0021_r_000003_0 is done. And is in the process of committing
26/03/02 03:15:36 INFO mapred.LocalJobRunner: 1 / 1 copied.
26/03/02 03:15:36 INFO mapred.Task: Task attempt_local959997250_0021_r_000003_0 is allowed to commit now
26/03/02 03:15:36 INFO output.FileOutputCommitter: Saved output of task 'attempt_local959997250_0021_r_000003_0' to hdfs://localhost:9000/project2/task2/runs_true_k/k5_r30_opt_centers/iter_21/_temporary/0/task_local959997250_0021_r_000003
26/03/02 03:15:36 INFO mapred.LocalJobRunner: reduce > reduce
26/03/02 03:15:36 INFO mapred.Task: Task 'attempt_local959997250_0021_r_000003_0' done.
26/03/02 03:15:36 INFO mapred.Task: Final Counters for attempt_local959997250_0021_r_000003_0: Counters: 29
	File System Counters
		FILE: Number of bytes read=3064278
		FILE: Number of bytes written=9264466
		FILE: Number of read operations=0
		FILE: Number of large read operations=0
		FILE: Number of write operations=0
		HDFS: Number of bytes read=15453015
		HDFS: Number of bytes written=18597
		HDFS: Number of read operations=1153
		HDFS: Number of large read operations=0
		HDFS: Number of write operations=374
	Map-Reduce Framework
		Combine input records=0
		Combine output records=0
		Reduce input groups=1
		Reduce shuffle bytes=60
		Reduce input records=1
		Reduce output records=1
		Spilled Records=1
		Shuffled Maps =1
		Failed Shuffles=0
		Merged Map outputs=1
		GC time elapsed (ms)=0
		Total committed heap usage (bytes)=450363392
	Shuffle Errors
		BAD_ID=0
		CONNECTION=0
		IO_ERROR=0
		WRONG_LENGTH=0
		WRONG_MAP=0
		WRONG_REDUCE=0
	File Output Format Counters 
		Bytes Written=104
26/03/02 03:15:36 INFO mapred.LocalJobRunner: Finishing task: attempt_local959997250_0021_r_000003_0
26/03/02 03:15:36 INFO mapred.LocalJobRunner: reduce task executor complete.
26/03/02 03:15:36 INFO mapreduce.Job: Job job_local959997250_0021 running in uber mode : false
26/03/02 03:15:36 INFO mapreduce.Job:  map 100% reduce 100%
26/03/02 03:15:36 INFO mapreduce.Job: Job job_local959997250_0021 completed successfully
26/03/02 03:15:36 INFO mapreduce.Job: Counters: 35
	File System Counters
		FILE: Number of bytes read=15318442
		FILE: Number of bytes written=46321676
		FILE: Number of read operations=0
		FILE: Number of large read operations=0
		FILE: Number of write operations=0
		HDFS: Number of bytes read=77265075
		HDFS: Number of bytes written=91862
		HDFS: Number of read operations=5735
		HDFS: Number of large read operations=0
		HDFS: Number of write operations=1850
	Map-Reduce Framework
		Map input records=10000
		Map output records=10000
		Map output bytes=520000
		Map output materialized bytes=294
		Input split bytes=121
		Combine input records=10000
		Combine output records=5
		Reduce input groups=5
		Reduce shuffle bytes=294
		Reduce input records=5
		Reduce output records=5
		Spilled Records=10
		Shuffled Maps =4
		Failed Shuffles=0
		Merged Map outputs=4
		GC time elapsed (ms)=0
		Total committed heap usage (bytes)=2251816960
	Shuffle Errors
		BAD_ID=0
		CONNECTION=0
		IO_ERROR=0
		WRONG_LENGTH=0
		WRONG_MAP=0
		WRONG_REDUCE=0
	File Input Format Counters 
		Bytes Read=733758
	File Output Format Counters 
		Bytes Written=509
26/03/02 03:15:36 INFO jvm.JvmMetrics: Cannot initialize JVM Metrics with processName=JobTracker, sessionId= - already initialized
26/03/02 03:15:36 WARN mapreduce.JobResourceUploader: Hadoop command-line option parsing not performed. Implement the Tool interface and execute your application with ToolRunner to remedy this.
26/03/02 03:15:36 INFO input.FileInputFormat: Total input paths to process : 1
26/03/02 03:15:36 INFO mapreduce.JobSubmitter: number of splits:1
26/03/02 03:15:36 INFO mapreduce.JobSubmitter: Submitting tokens for job: job_local1078102734_0022
26/03/02 03:15:36 INFO mapred.LocalDistributedCacheManager: Creating symlink: /tmp/hadoop-ds503/mapred/local/1772421336958/centers_iter_21.csv <- /home/ds503/centers_iter_21.csv
26/03/02 03:15:36 INFO mapred.LocalDistributedCacheManager: Localized hdfs://localhost:9000/project2/task2/runs_true_k/k5_r30_opt_centers/centers_iter_21.csv as file:/tmp/hadoop-ds503/mapred/local/1772421336958/centers_iter_21.csv
26/03/02 03:15:37 INFO mapreduce.Job: The url to track the job: http://localhost:8080/
26/03/02 03:15:37 INFO mapreduce.Job: Running job: job_local1078102734_0022
26/03/02 03:15:37 INFO mapred.LocalJobRunner: OutputCommitter set in config null
26/03/02 03:15:37 INFO output.FileOutputCommitter: File Output Committer Algorithm version is 1
26/03/02 03:15:37 INFO mapred.LocalJobRunner: OutputCommitter is org.apache.hadoop.mapreduce.lib.output.FileOutputCommitter
26/03/02 03:15:37 INFO mapred.LocalJobRunner: Waiting for map tasks
26/03/02 03:15:37 INFO mapred.LocalJobRunner: Starting task: attempt_local1078102734_0022_m_000000_0
26/03/02 03:15:37 INFO output.FileOutputCommitter: File Output Committer Algorithm version is 1
26/03/02 03:15:37 INFO mapred.Task:  Using ResourceCalculatorProcessTree : [ ]
26/03/02 03:15:37 INFO mapred.MapTask: Processing split: hdfs://localhost:9000/project2/task2/input/points_4d.csv:0+733758
26/03/02 03:15:37 INFO mapred.MapTask: (EQUATOR) 0 kvi 26214396(104857584)
26/03/02 03:15:37 INFO mapred.MapTask: mapreduce.task.io.sort.mb: 100
26/03/02 03:15:37 INFO mapred.MapTask: soft limit at 83886080
26/03/02 03:15:37 INFO mapred.MapTask: bufstart = 0; bufvoid = 104857600
26/03/02 03:15:37 INFO mapred.MapTask: kvstart = 26214396; length = 6553600
26/03/02 03:15:37 INFO mapred.MapTask: Map output collector class = org.apache.hadoop.mapred.MapTask$MapOutputBuffer
26/03/02 03:15:37 INFO mapred.LocalJobRunner: 
26/03/02 03:15:37 INFO mapred.MapTask: Starting flush of map output
26/03/02 03:15:37 INFO mapred.MapTask: Spilling map output
26/03/02 03:15:37 INFO mapred.MapTask: bufstart = 0; bufend = 520000; bufvoid = 104857600
26/03/02 03:15:37 INFO mapred.MapTask: kvstart = 26214396(104857584); kvend = 26174400(104697600); length = 39997/6553600
26/03/02 03:15:37 INFO mapred.MapTask: Finished spill 0
26/03/02 03:15:37 INFO mapred.Task: Task:attempt_local1078102734_0022_m_000000_0 is done. And is in the process of committing
26/03/02 03:15:37 INFO mapred.LocalJobRunner: map
26/03/02 03:15:37 INFO mapred.Task: Task 'attempt_local1078102734_0022_m_000000_0' done.
26/03/02 03:15:37 INFO mapred.Task: Final Counters for attempt_local1078102734_0022_m_000000_0: Counters: 23
	File System Counters
		FILE: Number of bytes read=3208832
		FILE: Number of bytes written=9706550
		FILE: Number of read operations=0
		FILE: Number of large read operations=0
		FILE: Number of write operations=0
		HDFS: Number of bytes read=16188925
		HDFS: Number of bytes written=18975
		HDFS: Number of read operations=1197
		HDFS: Number of large read operations=0
		HDFS: Number of write operations=384
	Map-Reduce Framework
		Map input records=10000
		Map output records=10000
		Map output bytes=520000
		Map output materialized bytes=294
		Input split bytes=121
		Combine input records=10000
		Combine output records=5
		Spilled Records=5
		Failed Shuffles=0
		Merged Map outputs=0
		GC time elapsed (ms)=3
		Total committed heap usage (bytes)=526385152
	File Input Format Counters 
		Bytes Read=733758
26/03/02 03:15:37 INFO mapred.LocalJobRunner: Finishing task: attempt_local1078102734_0022_m_000000_0
26/03/02 03:15:37 INFO mapred.LocalJobRunner: map task executor complete.
26/03/02 03:15:37 INFO mapred.LocalJobRunner: Waiting for reduce tasks
26/03/02 03:15:37 INFO mapred.LocalJobRunner: Starting task: attempt_local1078102734_0022_r_000000_0
26/03/02 03:15:37 INFO output.FileOutputCommitter: File Output Committer Algorithm version is 1
26/03/02 03:15:37 INFO mapred.Task:  Using ResourceCalculatorProcessTree : [ ]
26/03/02 03:15:37 INFO mapred.ReduceTask: Using ShuffleConsumerPlugin: org.apache.hadoop.mapreduce.task.reduce.Shuffle@211d6686
26/03/02 03:15:37 INFO reduce.MergeManagerImpl: MergerManager: memoryLimit=368469600, maxSingleShuffleLimit=92117400, mergeThreshold=243189952, ioSortFactor=10, memToMemMergeOutputsThreshold=10
26/03/02 03:15:37 INFO reduce.EventFetcher: attempt_local1078102734_0022_r_000000_0 Thread started: EventFetcher for fetching Map Completion Events
26/03/02 03:15:37 INFO reduce.LocalFetcher: localfetcher#85 about to shuffle output of map attempt_local1078102734_0022_m_000000_0 decomp: 110 len: 114 to MEMORY
26/03/02 03:15:37 INFO reduce.InMemoryMapOutput: Read 110 bytes from map-output for attempt_local1078102734_0022_m_000000_0
26/03/02 03:15:37 INFO reduce.MergeManagerImpl: closeInMemoryFile -> map-output of size: 110, inMemoryMapOutputs.size() -> 1, commitMemory -> 0, usedMemory ->110
26/03/02 03:15:37 INFO reduce.EventFetcher: EventFetcher is interrupted.. Returning
26/03/02 03:15:37 INFO mapred.LocalJobRunner: 1 / 1 copied.
26/03/02 03:15:37 INFO reduce.MergeManagerImpl: finalMerge called with 1 in-memory map-outputs and 0 on-disk map-outputs
26/03/02 03:15:37 INFO mapred.Merger: Merging 1 sorted segments
26/03/02 03:15:37 INFO mapred.Merger: Down to the last merge-pass, with 1 segments left of total size: 104 bytes
26/03/02 03:15:37 INFO reduce.MergeManagerImpl: Merged 1 segments, 110 bytes to disk to satisfy reduce memory limit
26/03/02 03:15:37 INFO reduce.MergeManagerImpl: Merging 1 files, 114 bytes from disk
26/03/02 03:15:37 INFO reduce.MergeManagerImpl: Merging 0 segments, 0 bytes from memory into reduce
26/03/02 03:15:37 INFO mapred.Merger: Merging 1 sorted segments
26/03/02 03:15:37 INFO mapred.Merger: Down to the last merge-pass, with 1 segments left of total size: 104 bytes
26/03/02 03:15:37 INFO mapred.LocalJobRunner: 1 / 1 copied.
26/03/02 03:15:37 INFO mapred.Task: Task:attempt_local1078102734_0022_r_000000_0 is done. And is in the process of committing
26/03/02 03:15:37 INFO mapred.LocalJobRunner: 1 / 1 copied.
26/03/02 03:15:37 INFO mapred.Task: Task attempt_local1078102734_0022_r_000000_0 is allowed to commit now
26/03/02 03:15:37 INFO output.FileOutputCommitter: Saved output of task 'attempt_local1078102734_0022_r_000000_0' to hdfs://localhost:9000/project2/task2/runs_true_k/k5_r30_opt_centers/iter_22/_temporary/0/task_local1078102734_0022_r_000000
26/03/02 03:15:37 INFO mapred.LocalJobRunner: reduce > reduce
26/03/02 03:15:37 INFO mapred.Task: Task 'attempt_local1078102734_0022_r_000000_0' done.
26/03/02 03:15:37 INFO mapred.Task: Final Counters for attempt_local1078102734_0022_r_000000_0: Counters: 29
	File System Counters
		FILE: Number of bytes read=3209344
		FILE: Number of bytes written=9706664
		FILE: Number of read operations=0
		FILE: Number of large read operations=0
		FILE: Number of write operations=0
		HDFS: Number of bytes read=16188925
		HDFS: Number of bytes written=19174
		HDFS: Number of read operations=1200
		HDFS: Number of large read operations=0
		HDFS: Number of write operations=386
	Map-Reduce Framework
		Combine input records=0
		Combine output records=0
		Reduce input groups=2
		Reduce shuffle bytes=114
		Reduce input records=2
		Reduce output records=2
		Spilled Records=2
		Shuffled Maps =1
		Failed Shuffles=0
		Merged Map outputs=1
		GC time elapsed (ms)=0
		Total committed heap usage (bytes)=526385152
	Shuffle Errors
		BAD_ID=0
		CONNECTION=0
		IO_ERROR=0
		WRONG_LENGTH=0
		WRONG_MAP=0
		WRONG_REDUCE=0
	File Output Format Counters 
		Bytes Written=199
26/03/02 03:15:37 INFO mapred.LocalJobRunner: Finishing task: attempt_local1078102734_0022_r_000000_0
26/03/02 03:15:37 INFO mapred.LocalJobRunner: Starting task: attempt_local1078102734_0022_r_000001_0
26/03/02 03:15:37 INFO output.FileOutputCommitter: File Output Committer Algorithm version is 1
26/03/02 03:15:37 INFO mapred.Task:  Using ResourceCalculatorProcessTree : [ ]
26/03/02 03:15:37 INFO mapred.ReduceTask: Using ShuffleConsumerPlugin: org.apache.hadoop.mapreduce.task.reduce.Shuffle@2484f4e2
26/03/02 03:15:37 INFO reduce.MergeManagerImpl: MergerManager: memoryLimit=368469600, maxSingleShuffleLimit=92117400, mergeThreshold=243189952, ioSortFactor=10, memToMemMergeOutputsThreshold=10
26/03/02 03:15:37 INFO reduce.EventFetcher: attempt_local1078102734_0022_r_000001_0 Thread started: EventFetcher for fetching Map Completion Events
26/03/02 03:15:37 INFO reduce.LocalFetcher: localfetcher#86 about to shuffle output of map attempt_local1078102734_0022_m_000000_0 decomp: 56 len: 60 to MEMORY
26/03/02 03:15:37 INFO reduce.InMemoryMapOutput: Read 56 bytes from map-output for attempt_local1078102734_0022_m_000000_0
26/03/02 03:15:37 INFO reduce.MergeManagerImpl: closeInMemoryFile -> map-output of size: 56, inMemoryMapOutputs.size() -> 1, commitMemory -> 0, usedMemory ->56
26/03/02 03:15:37 INFO reduce.EventFetcher: EventFetcher is interrupted.. Returning
26/03/02 03:15:37 INFO mapred.LocalJobRunner: 1 / 1 copied.
26/03/02 03:15:37 INFO reduce.MergeManagerImpl: finalMerge called with 1 in-memory map-outputs and 0 on-disk map-outputs
26/03/02 03:15:37 INFO mapred.Merger: Merging 1 sorted segments
26/03/02 03:15:37 INFO mapred.Merger: Down to the last merge-pass, with 1 segments left of total size: 50 bytes
26/03/02 03:15:37 INFO reduce.MergeManagerImpl: Merged 1 segments, 56 bytes to disk to satisfy reduce memory limit
26/03/02 03:15:37 INFO reduce.MergeManagerImpl: Merging 1 files, 60 bytes from disk
26/03/02 03:15:37 INFO reduce.MergeManagerImpl: Merging 0 segments, 0 bytes from memory into reduce
26/03/02 03:15:37 INFO mapred.Merger: Merging 1 sorted segments
26/03/02 03:15:37 INFO mapred.Merger: Down to the last merge-pass, with 1 segments left of total size: 50 bytes
26/03/02 03:15:37 INFO mapred.LocalJobRunner: 1 / 1 copied.
26/03/02 03:15:37 INFO mapred.Task: Task:attempt_local1078102734_0022_r_000001_0 is done. And is in the process of committing
26/03/02 03:15:37 INFO mapred.LocalJobRunner: 1 / 1 copied.
26/03/02 03:15:37 INFO mapred.Task: Task attempt_local1078102734_0022_r_000001_0 is allowed to commit now
26/03/02 03:15:37 INFO output.FileOutputCommitter: Saved output of task 'attempt_local1078102734_0022_r_000001_0' to hdfs://localhost:9000/project2/task2/runs_true_k/k5_r30_opt_centers/iter_22/_temporary/0/task_local1078102734_0022_r_000001
26/03/02 03:15:37 INFO mapred.LocalJobRunner: reduce > reduce
26/03/02 03:15:37 INFO mapred.Task: Task 'attempt_local1078102734_0022_r_000001_0' done.
26/03/02 03:15:37 INFO mapred.Task: Final Counters for attempt_local1078102734_0022_r_000001_0: Counters: 29
	File System Counters
		FILE: Number of bytes read=3209688
		FILE: Number of bytes written=9706724
		FILE: Number of read operations=0
		FILE: Number of large read operations=0
		FILE: Number of write operations=0
		HDFS: Number of bytes read=16188925
		HDFS: Number of bytes written=19275
		HDFS: Number of read operations=1203
		HDFS: Number of large read operations=0
		HDFS: Number of write operations=388
	Map-Reduce Framework
		Combine input records=0
		Combine output records=0
		Reduce input groups=1
		Reduce shuffle bytes=60
		Reduce input records=1
		Reduce output records=1
		Spilled Records=1
		Shuffled Maps =1
		Failed Shuffles=0
		Merged Map outputs=1
		GC time elapsed (ms)=0
		Total committed heap usage (bytes)=526385152
	Shuffle Errors
		BAD_ID=0
		CONNECTION=0
		IO_ERROR=0
		WRONG_LENGTH=0
		WRONG_MAP=0
		WRONG_REDUCE=0
	File Output Format Counters 
		Bytes Written=101
26/03/02 03:15:37 INFO mapred.LocalJobRunner: Finishing task: attempt_local1078102734_0022_r_000001_0
26/03/02 03:15:37 INFO mapred.LocalJobRunner: Starting task: attempt_local1078102734_0022_r_000002_0
26/03/02 03:15:37 INFO output.FileOutputCommitter: File Output Committer Algorithm version is 1
26/03/02 03:15:37 INFO mapred.Task:  Using ResourceCalculatorProcessTree : [ ]
26/03/02 03:15:37 INFO mapred.ReduceTask: Using ShuffleConsumerPlugin: org.apache.hadoop.mapreduce.task.reduce.Shuffle@5c4a4430
26/03/02 03:15:37 INFO reduce.MergeManagerImpl: MergerManager: memoryLimit=368469600, maxSingleShuffleLimit=92117400, mergeThreshold=243189952, ioSortFactor=10, memToMemMergeOutputsThreshold=10
26/03/02 03:15:37 INFO reduce.EventFetcher: attempt_local1078102734_0022_r_000002_0 Thread started: EventFetcher for fetching Map Completion Events
26/03/02 03:15:37 INFO reduce.LocalFetcher: localfetcher#87 about to shuffle output of map attempt_local1078102734_0022_m_000000_0 decomp: 56 len: 60 to MEMORY
26/03/02 03:15:37 INFO reduce.InMemoryMapOutput: Read 56 bytes from map-output for attempt_local1078102734_0022_m_000000_0
26/03/02 03:15:37 INFO reduce.MergeManagerImpl: closeInMemoryFile -> map-output of size: 56, inMemoryMapOutputs.size() -> 1, commitMemory -> 0, usedMemory ->56
26/03/02 03:15:37 INFO reduce.EventFetcher: EventFetcher is interrupted.. Returning
26/03/02 03:15:37 INFO mapred.LocalJobRunner: 1 / 1 copied.
26/03/02 03:15:37 INFO reduce.MergeManagerImpl: finalMerge called with 1 in-memory map-outputs and 0 on-disk map-outputs
26/03/02 03:15:37 INFO mapred.Merger: Merging 1 sorted segments
26/03/02 03:15:37 INFO mapred.Merger: Down to the last merge-pass, with 1 segments left of total size: 50 bytes
26/03/02 03:15:37 INFO reduce.MergeManagerImpl: Merged 1 segments, 56 bytes to disk to satisfy reduce memory limit
26/03/02 03:15:37 INFO reduce.MergeManagerImpl: Merging 1 files, 60 bytes from disk
26/03/02 03:15:37 INFO reduce.MergeManagerImpl: Merging 0 segments, 0 bytes from memory into reduce
26/03/02 03:15:37 INFO mapred.Merger: Merging 1 sorted segments
26/03/02 03:15:37 INFO mapred.Merger: Down to the last merge-pass, with 1 segments left of total size: 50 bytes
26/03/02 03:15:37 INFO mapred.LocalJobRunner: 1 / 1 copied.
26/03/02 03:15:37 INFO mapred.Task: Task:attempt_local1078102734_0022_r_000002_0 is done. And is in the process of committing
26/03/02 03:15:37 INFO mapred.LocalJobRunner: 1 / 1 copied.
26/03/02 03:15:37 INFO mapred.Task: Task attempt_local1078102734_0022_r_000002_0 is allowed to commit now
26/03/02 03:15:37 INFO output.FileOutputCommitter: Saved output of task 'attempt_local1078102734_0022_r_000002_0' to hdfs://localhost:9000/project2/task2/runs_true_k/k5_r30_opt_centers/iter_22/_temporary/0/task_local1078102734_0022_r_000002
26/03/02 03:15:37 INFO mapred.LocalJobRunner: reduce > reduce
26/03/02 03:15:37 INFO mapred.Task: Task 'attempt_local1078102734_0022_r_000002_0' done.
26/03/02 03:15:37 INFO mapred.Task: Final Counters for attempt_local1078102734_0022_r_000002_0: Counters: 29
	File System Counters
		FILE: Number of bytes read=3209972
		FILE: Number of bytes written=9706784
		FILE: Number of read operations=0
		FILE: Number of large read operations=0
		FILE: Number of write operations=0
		HDFS: Number of bytes read=16188925
		HDFS: Number of bytes written=19376
		HDFS: Number of read operations=1206
		HDFS: Number of large read operations=0
		HDFS: Number of write operations=390
	Map-Reduce Framework
		Combine input records=0
		Combine output records=0
		Reduce input groups=1
		Reduce shuffle bytes=60
		Reduce input records=1
		Reduce output records=1
		Spilled Records=1
		Shuffled Maps =1
		Failed Shuffles=0
		Merged Map outputs=1
		GC time elapsed (ms)=0
		Total committed heap usage (bytes)=526385152
	Shuffle Errors
		BAD_ID=0
		CONNECTION=0
		IO_ERROR=0
		WRONG_LENGTH=0
		WRONG_MAP=0
		WRONG_REDUCE=0
	File Output Format Counters 
		Bytes Written=101
26/03/02 03:15:37 INFO mapred.LocalJobRunner: Finishing task: attempt_local1078102734_0022_r_000002_0
26/03/02 03:15:37 INFO mapred.LocalJobRunner: Starting task: attempt_local1078102734_0022_r_000003_0
26/03/02 03:15:37 INFO output.FileOutputCommitter: File Output Committer Algorithm version is 1
26/03/02 03:15:37 INFO mapred.Task:  Using ResourceCalculatorProcessTree : [ ]
26/03/02 03:15:37 INFO mapred.ReduceTask: Using ShuffleConsumerPlugin: org.apache.hadoop.mapreduce.task.reduce.Shuffle@de8af7e
26/03/02 03:15:37 INFO reduce.MergeManagerImpl: MergerManager: memoryLimit=368469600, maxSingleShuffleLimit=92117400, mergeThreshold=243189952, ioSortFactor=10, memToMemMergeOutputsThreshold=10
26/03/02 03:15:37 INFO reduce.EventFetcher: attempt_local1078102734_0022_r_000003_0 Thread started: EventFetcher for fetching Map Completion Events
26/03/02 03:15:37 INFO reduce.LocalFetcher: localfetcher#88 about to shuffle output of map attempt_local1078102734_0022_m_000000_0 decomp: 56 len: 60 to MEMORY
26/03/02 03:15:37 INFO reduce.InMemoryMapOutput: Read 56 bytes from map-output for attempt_local1078102734_0022_m_000000_0
26/03/02 03:15:37 INFO reduce.MergeManagerImpl: closeInMemoryFile -> map-output of size: 56, inMemoryMapOutputs.size() -> 1, commitMemory -> 0, usedMemory ->56
26/03/02 03:15:37 INFO reduce.EventFetcher: EventFetcher is interrupted.. Returning
26/03/02 03:15:37 INFO mapred.LocalJobRunner: 1 / 1 copied.
26/03/02 03:15:37 INFO reduce.MergeManagerImpl: finalMerge called with 1 in-memory map-outputs and 0 on-disk map-outputs
26/03/02 03:15:37 INFO mapred.Merger: Merging 1 sorted segments
26/03/02 03:15:37 INFO mapred.Merger: Down to the last merge-pass, with 1 segments left of total size: 50 bytes
26/03/02 03:15:37 INFO reduce.MergeManagerImpl: Merged 1 segments, 56 bytes to disk to satisfy reduce memory limit
26/03/02 03:15:37 INFO reduce.MergeManagerImpl: Merging 1 files, 60 bytes from disk
26/03/02 03:15:37 INFO reduce.MergeManagerImpl: Merging 0 segments, 0 bytes from memory into reduce
26/03/02 03:15:37 INFO mapred.Merger: Merging 1 sorted segments
26/03/02 03:15:37 INFO mapred.Merger: Down to the last merge-pass, with 1 segments left of total size: 50 bytes
26/03/02 03:15:37 INFO mapred.LocalJobRunner: 1 / 1 copied.
26/03/02 03:15:37 INFO mapred.Task: Task:attempt_local1078102734_0022_r_000003_0 is done. And is in the process of committing
26/03/02 03:15:37 INFO mapred.LocalJobRunner: 1 / 1 copied.
26/03/02 03:15:37 INFO mapred.Task: Task attempt_local1078102734_0022_r_000003_0 is allowed to commit now
26/03/02 03:15:37 INFO output.FileOutputCommitter: Saved output of task 'attempt_local1078102734_0022_r_000003_0' to hdfs://localhost:9000/project2/task2/runs_true_k/k5_r30_opt_centers/iter_22/_temporary/0/task_local1078102734_0022_r_000003
26/03/02 03:15:37 INFO mapred.LocalJobRunner: reduce > reduce
26/03/02 03:15:37 INFO mapred.Task: Task 'attempt_local1078102734_0022_r_000003_0' done.
26/03/02 03:15:37 INFO mapred.Task: Final Counters for attempt_local1078102734_0022_r_000003_0: Counters: 29
	File System Counters
		FILE: Number of bytes read=3210196
		FILE: Number of bytes written=9706844
		FILE: Number of read operations=0
		FILE: Number of large read operations=0
		FILE: Number of write operations=0
		HDFS: Number of bytes read=16188925
		HDFS: Number of bytes written=19478
		HDFS: Number of read operations=1209
		HDFS: Number of large read operations=0
		HDFS: Number of write operations=392
	Map-Reduce Framework
		Combine input records=0
		Combine output records=0
		Reduce input groups=1
		Reduce shuffle bytes=60
		Reduce input records=1
		Reduce output records=1
		Spilled Records=1
		Shuffled Maps =1
		Failed Shuffles=0
		Merged Map outputs=1
		GC time elapsed (ms)=0
		Total committed heap usage (bytes)=526385152
	Shuffle Errors
		BAD_ID=0
		CONNECTION=0
		IO_ERROR=0
		WRONG_LENGTH=0
		WRONG_MAP=0
		WRONG_REDUCE=0
	File Output Format Counters 
		Bytes Written=102
26/03/02 03:15:37 INFO mapred.LocalJobRunner: Finishing task: attempt_local1078102734_0022_r_000003_0
26/03/02 03:15:37 INFO mapred.LocalJobRunner: reduce task executor complete.
26/03/02 03:15:38 INFO mapreduce.Job: Job job_local1078102734_0022 running in uber mode : false
26/03/02 03:15:38 INFO mapreduce.Job:  map 100% reduce 100%
26/03/02 03:15:38 INFO mapreduce.Job: Job job_local1078102734_0022 completed successfully
26/03/02 03:15:38 INFO mapreduce.Job: Counters: 35
	File System Counters
		FILE: Number of bytes read=16048032
		FILE: Number of bytes written=48533566
		FILE: Number of read operations=0
		FILE: Number of large read operations=0
		FILE: Number of write operations=0
		HDFS: Number of bytes read=80944625
		HDFS: Number of bytes written=96278
		HDFS: Number of read operations=6015
		HDFS: Number of large read operations=0
		HDFS: Number of write operations=1940
	Map-Reduce Framework
		Map input records=10000
		Map output records=10000
		Map output bytes=520000
		Map output materialized bytes=294
		Input split bytes=121
		Combine input records=10000
		Combine output records=5
		Reduce input groups=5
		Reduce shuffle bytes=294
		Reduce input records=5
		Reduce output records=5
		Spilled Records=10
		Shuffled Maps =4
		Failed Shuffles=0
		Merged Map outputs=4
		GC time elapsed (ms)=3
		Total committed heap usage (bytes)=2631925760
	Shuffle Errors
		BAD_ID=0
		CONNECTION=0
		IO_ERROR=0
		WRONG_LENGTH=0
		WRONG_MAP=0
		WRONG_REDUCE=0
	File Input Format Counters 
		Bytes Read=733758
	File Output Format Counters 
		Bytes Written=503
26/03/02 03:15:38 INFO jvm.JvmMetrics: Cannot initialize JVM Metrics with processName=JobTracker, sessionId= - already initialized
26/03/02 03:15:38 WARN mapreduce.JobResourceUploader: Hadoop command-line option parsing not performed. Implement the Tool interface and execute your application with ToolRunner to remedy this.
26/03/02 03:15:38 INFO input.FileInputFormat: Total input paths to process : 1
26/03/02 03:15:38 INFO mapreduce.JobSubmitter: number of splits:1
26/03/02 03:15:38 INFO mapreduce.JobSubmitter: Submitting tokens for job: job_local1182528351_0023
26/03/02 03:15:38 INFO mapred.LocalDistributedCacheManager: Creating symlink: /tmp/hadoop-ds503/mapred/local/1772421338042/centers_iter_22.csv <- /home/ds503/centers_iter_22.csv
26/03/02 03:15:38 INFO mapred.LocalDistributedCacheManager: Localized hdfs://localhost:9000/project2/task2/runs_true_k/k5_r30_opt_centers/centers_iter_22.csv as file:/tmp/hadoop-ds503/mapred/local/1772421338042/centers_iter_22.csv
26/03/02 03:15:38 INFO mapreduce.Job: The url to track the job: http://localhost:8080/
26/03/02 03:15:38 INFO mapreduce.Job: Running job: job_local1182528351_0023
26/03/02 03:15:38 INFO mapred.LocalJobRunner: OutputCommitter set in config null
26/03/02 03:15:38 INFO output.FileOutputCommitter: File Output Committer Algorithm version is 1
26/03/02 03:15:38 INFO mapred.LocalJobRunner: OutputCommitter is org.apache.hadoop.mapreduce.lib.output.FileOutputCommitter
26/03/02 03:15:38 INFO mapred.LocalJobRunner: Waiting for map tasks
26/03/02 03:15:38 INFO mapred.LocalJobRunner: Starting task: attempt_local1182528351_0023_m_000000_0
26/03/02 03:15:38 INFO output.FileOutputCommitter: File Output Committer Algorithm version is 1
26/03/02 03:15:38 INFO mapred.Task:  Using ResourceCalculatorProcessTree : [ ]
26/03/02 03:15:38 INFO mapred.MapTask: Processing split: hdfs://localhost:9000/project2/task2/input/points_4d.csv:0+733758
26/03/02 03:15:38 INFO mapred.MapTask: (EQUATOR) 0 kvi 26214396(104857584)
26/03/02 03:15:38 INFO mapred.MapTask: mapreduce.task.io.sort.mb: 100
26/03/02 03:15:38 INFO mapred.MapTask: soft limit at 83886080
26/03/02 03:15:38 INFO mapred.MapTask: bufstart = 0; bufvoid = 104857600
26/03/02 03:15:38 INFO mapred.MapTask: kvstart = 26214396; length = 6553600
26/03/02 03:15:38 INFO mapred.MapTask: Map output collector class = org.apache.hadoop.mapred.MapTask$MapOutputBuffer
26/03/02 03:15:38 INFO mapred.LocalJobRunner: 
26/03/02 03:15:38 INFO mapred.MapTask: Starting flush of map output
26/03/02 03:15:38 INFO mapred.MapTask: Spilling map output
26/03/02 03:15:38 INFO mapred.MapTask: bufstart = 0; bufend = 520000; bufvoid = 104857600
26/03/02 03:15:38 INFO mapred.MapTask: kvstart = 26214396(104857584); kvend = 26174400(104697600); length = 39997/6553600
26/03/02 03:15:38 INFO mapred.MapTask: Finished spill 0
26/03/02 03:15:38 INFO mapred.Task: Task:attempt_local1182528351_0023_m_000000_0 is done. And is in the process of committing
26/03/02 03:15:38 INFO mapred.LocalJobRunner: map
26/03/02 03:15:38 INFO mapred.Task: Task 'attempt_local1182528351_0023_m_000000_0' done.
26/03/02 03:15:38 INFO mapred.Task: Final Counters for attempt_local1182528351_0023_m_000000_0: Counters: 23
	File System Counters
		FILE: Number of bytes read=3354750
		FILE: Number of bytes written=10148922
		FILE: Number of read operations=0
		FILE: Number of large read operations=0
		FILE: Number of write operations=0
		HDFS: Number of bytes read=16924811
		HDFS: Number of bytes written=19850
		HDFS: Number of read operations=1253
		HDFS: Number of large read operations=0
		HDFS: Number of write operations=402
	Map-Reduce Framework
		Map input records=10000
		Map output records=10000
		Map output bytes=520000
		Map output materialized bytes=294
		Input split bytes=121
		Combine input records=10000
		Combine output records=5
		Spilled Records=5
		Failed Shuffles=0
		Merged Map outputs=0
		GC time elapsed (ms)=1
		Total committed heap usage (bytes)=526909440
	File Input Format Counters 
		Bytes Read=733758
26/03/02 03:15:38 INFO mapred.LocalJobRunner: Finishing task: attempt_local1182528351_0023_m_000000_0
26/03/02 03:15:38 INFO mapred.LocalJobRunner: map task executor complete.
26/03/02 03:15:38 INFO mapred.LocalJobRunner: Waiting for reduce tasks
26/03/02 03:15:38 INFO mapred.LocalJobRunner: Starting task: attempt_local1182528351_0023_r_000000_0
26/03/02 03:15:38 INFO output.FileOutputCommitter: File Output Committer Algorithm version is 1
26/03/02 03:15:38 INFO mapred.Task:  Using ResourceCalculatorProcessTree : [ ]
26/03/02 03:15:38 INFO mapred.ReduceTask: Using ShuffleConsumerPlugin: org.apache.hadoop.mapreduce.task.reduce.Shuffle@6d3ee8cf
26/03/02 03:15:38 INFO reduce.MergeManagerImpl: MergerManager: memoryLimit=368836608, maxSingleShuffleLimit=92209152, mergeThreshold=243432176, ioSortFactor=10, memToMemMergeOutputsThreshold=10
26/03/02 03:15:38 INFO reduce.EventFetcher: attempt_local1182528351_0023_r_000000_0 Thread started: EventFetcher for fetching Map Completion Events
26/03/02 03:15:38 INFO reduce.LocalFetcher: localfetcher#89 about to shuffle output of map attempt_local1182528351_0023_m_000000_0 decomp: 110 len: 114 to MEMORY
26/03/02 03:15:38 INFO reduce.InMemoryMapOutput: Read 110 bytes from map-output for attempt_local1182528351_0023_m_000000_0
26/03/02 03:15:38 INFO reduce.MergeManagerImpl: closeInMemoryFile -> map-output of size: 110, inMemoryMapOutputs.size() -> 1, commitMemory -> 0, usedMemory ->110
26/03/02 03:15:38 INFO reduce.EventFetcher: EventFetcher is interrupted.. Returning
26/03/02 03:15:38 INFO mapred.LocalJobRunner: 1 / 1 copied.
26/03/02 03:15:38 INFO reduce.MergeManagerImpl: finalMerge called with 1 in-memory map-outputs and 0 on-disk map-outputs
26/03/02 03:15:38 INFO mapred.Merger: Merging 1 sorted segments
26/03/02 03:15:38 INFO mapred.Merger: Down to the last merge-pass, with 1 segments left of total size: 104 bytes
26/03/02 03:15:38 INFO reduce.MergeManagerImpl: Merged 1 segments, 110 bytes to disk to satisfy reduce memory limit
26/03/02 03:15:38 INFO reduce.MergeManagerImpl: Merging 1 files, 114 bytes from disk
26/03/02 03:15:38 INFO reduce.MergeManagerImpl: Merging 0 segments, 0 bytes from memory into reduce
26/03/02 03:15:38 INFO mapred.Merger: Merging 1 sorted segments
26/03/02 03:15:38 INFO mapred.Merger: Down to the last merge-pass, with 1 segments left of total size: 104 bytes
26/03/02 03:15:38 INFO mapred.LocalJobRunner: 1 / 1 copied.
26/03/02 03:15:38 INFO mapred.Task: Task:attempt_local1182528351_0023_r_000000_0 is done. And is in the process of committing
26/03/02 03:15:38 INFO mapred.LocalJobRunner: 1 / 1 copied.
26/03/02 03:15:38 INFO mapred.Task: Task attempt_local1182528351_0023_r_000000_0 is allowed to commit now
26/03/02 03:15:38 INFO output.FileOutputCommitter: Saved output of task 'attempt_local1182528351_0023_r_000000_0' to hdfs://localhost:9000/project2/task2/runs_true_k/k5_r30_opt_centers/iter_23/_temporary/0/task_local1182528351_0023_r_000000
26/03/02 03:15:38 INFO mapred.LocalJobRunner: reduce > reduce
26/03/02 03:15:38 INFO mapred.Task: Task 'attempt_local1182528351_0023_r_000000_0' done.
26/03/02 03:15:38 INFO mapred.Task: Final Counters for attempt_local1182528351_0023_r_000000_0: Counters: 29
	File System Counters
		FILE: Number of bytes read=3355262
		FILE: Number of bytes written=10149036
		FILE: Number of read operations=0
		FILE: Number of large read operations=0
		FILE: Number of write operations=0
		HDFS: Number of bytes read=16924811
		HDFS: Number of bytes written=20056
		HDFS: Number of read operations=1256
		HDFS: Number of large read operations=0
		HDFS: Number of write operations=404
	Map-Reduce Framework
		Combine input records=0
		Combine output records=0
		Reduce input groups=2
		Reduce shuffle bytes=114
		Reduce input records=2
		Reduce output records=2
		Spilled Records=2
		Shuffled Maps =1
		Failed Shuffles=0
		Merged Map outputs=1
		GC time elapsed (ms)=0
		Total committed heap usage (bytes)=526909440
	Shuffle Errors
		BAD_ID=0
		CONNECTION=0
		IO_ERROR=0
		WRONG_LENGTH=0
		WRONG_MAP=0
		WRONG_REDUCE=0
	File Output Format Counters 
		Bytes Written=206
26/03/02 03:15:38 INFO mapred.LocalJobRunner: Finishing task: attempt_local1182528351_0023_r_000000_0
26/03/02 03:15:38 INFO mapred.LocalJobRunner: Starting task: attempt_local1182528351_0023_r_000001_0
26/03/02 03:15:38 INFO output.FileOutputCommitter: File Output Committer Algorithm version is 1
26/03/02 03:15:38 INFO mapred.Task:  Using ResourceCalculatorProcessTree : [ ]
26/03/02 03:15:38 INFO mapred.ReduceTask: Using ShuffleConsumerPlugin: org.apache.hadoop.mapreduce.task.reduce.Shuffle@38a6ed24
26/03/02 03:15:38 INFO reduce.MergeManagerImpl: MergerManager: memoryLimit=368836608, maxSingleShuffleLimit=92209152, mergeThreshold=243432176, ioSortFactor=10, memToMemMergeOutputsThreshold=10
26/03/02 03:15:38 INFO reduce.EventFetcher: attempt_local1182528351_0023_r_000001_0 Thread started: EventFetcher for fetching Map Completion Events
26/03/02 03:15:38 INFO reduce.LocalFetcher: localfetcher#90 about to shuffle output of map attempt_local1182528351_0023_m_000000_0 decomp: 56 len: 60 to MEMORY
26/03/02 03:15:38 INFO reduce.InMemoryMapOutput: Read 56 bytes from map-output for attempt_local1182528351_0023_m_000000_0
26/03/02 03:15:38 INFO reduce.MergeManagerImpl: closeInMemoryFile -> map-output of size: 56, inMemoryMapOutputs.size() -> 1, commitMemory -> 0, usedMemory ->56
26/03/02 03:15:38 INFO reduce.EventFetcher: EventFetcher is interrupted.. Returning
26/03/02 03:15:38 INFO mapred.LocalJobRunner: 1 / 1 copied.
26/03/02 03:15:38 INFO reduce.MergeManagerImpl: finalMerge called with 1 in-memory map-outputs and 0 on-disk map-outputs
26/03/02 03:15:38 INFO mapred.Merger: Merging 1 sorted segments
26/03/02 03:15:38 INFO mapred.Merger: Down to the last merge-pass, with 1 segments left of total size: 50 bytes
26/03/02 03:15:38 INFO reduce.MergeManagerImpl: Merged 1 segments, 56 bytes to disk to satisfy reduce memory limit
26/03/02 03:15:38 INFO reduce.MergeManagerImpl: Merging 1 files, 60 bytes from disk
26/03/02 03:15:38 INFO reduce.MergeManagerImpl: Merging 0 segments, 0 bytes from memory into reduce
26/03/02 03:15:38 INFO mapred.Merger: Merging 1 sorted segments
26/03/02 03:15:38 INFO mapred.Merger: Down to the last merge-pass, with 1 segments left of total size: 50 bytes
26/03/02 03:15:38 INFO mapred.LocalJobRunner: 1 / 1 copied.
26/03/02 03:15:38 INFO mapred.Task: Task:attempt_local1182528351_0023_r_000001_0 is done. And is in the process of committing
26/03/02 03:15:38 INFO mapred.LocalJobRunner: 1 / 1 copied.
26/03/02 03:15:38 INFO mapred.Task: Task attempt_local1182528351_0023_r_000001_0 is allowed to commit now
26/03/02 03:15:38 INFO output.FileOutputCommitter: Saved output of task 'attempt_local1182528351_0023_r_000001_0' to hdfs://localhost:9000/project2/task2/runs_true_k/k5_r30_opt_centers/iter_23/_temporary/0/task_local1182528351_0023_r_000001
26/03/02 03:15:38 INFO mapred.LocalJobRunner: reduce > reduce
26/03/02 03:15:38 INFO mapred.Task: Task 'attempt_local1182528351_0023_r_000001_0' done.
26/03/02 03:15:38 INFO mapred.Task: Final Counters for attempt_local1182528351_0023_r_000001_0: Counters: 29
	File System Counters
		FILE: Number of bytes read=3355606
		FILE: Number of bytes written=10149096
		FILE: Number of read operations=0
		FILE: Number of large read operations=0
		FILE: Number of write operations=0
		HDFS: Number of bytes read=16924811
		HDFS: Number of bytes written=20156
		HDFS: Number of read operations=1259
		HDFS: Number of large read operations=0
		HDFS: Number of write operations=406
	Map-Reduce Framework
		Combine input records=0
		Combine output records=0
		Reduce input groups=1
		Reduce shuffle bytes=60
		Reduce input records=1
		Reduce output records=1
		Spilled Records=1
		Shuffled Maps =1
		Failed Shuffles=0
		Merged Map outputs=1
		GC time elapsed (ms)=0
		Total committed heap usage (bytes)=526909440
	Shuffle Errors
		BAD_ID=0
		CONNECTION=0
		IO_ERROR=0
		WRONG_LENGTH=0
		WRONG_MAP=0
		WRONG_REDUCE=0
	File Output Format Counters 
		Bytes Written=100
26/03/02 03:15:38 INFO mapred.LocalJobRunner: Finishing task: attempt_local1182528351_0023_r_000001_0
26/03/02 03:15:38 INFO mapred.LocalJobRunner: Starting task: attempt_local1182528351_0023_r_000002_0
26/03/02 03:15:38 INFO output.FileOutputCommitter: File Output Committer Algorithm version is 1
26/03/02 03:15:38 INFO mapred.Task:  Using ResourceCalculatorProcessTree : [ ]
26/03/02 03:15:38 INFO mapred.ReduceTask: Using ShuffleConsumerPlugin: org.apache.hadoop.mapreduce.task.reduce.Shuffle@40243252
26/03/02 03:15:38 INFO reduce.MergeManagerImpl: MergerManager: memoryLimit=368836608, maxSingleShuffleLimit=92209152, mergeThreshold=243432176, ioSortFactor=10, memToMemMergeOutputsThreshold=10
26/03/02 03:15:38 INFO reduce.EventFetcher: attempt_local1182528351_0023_r_000002_0 Thread started: EventFetcher for fetching Map Completion Events
26/03/02 03:15:38 INFO reduce.LocalFetcher: localfetcher#91 about to shuffle output of map attempt_local1182528351_0023_m_000000_0 decomp: 56 len: 60 to MEMORY
26/03/02 03:15:38 INFO reduce.InMemoryMapOutput: Read 56 bytes from map-output for attempt_local1182528351_0023_m_000000_0
26/03/02 03:15:38 INFO reduce.MergeManagerImpl: closeInMemoryFile -> map-output of size: 56, inMemoryMapOutputs.size() -> 1, commitMemory -> 0, usedMemory ->56
26/03/02 03:15:38 INFO reduce.EventFetcher: EventFetcher is interrupted.. Returning
26/03/02 03:15:38 INFO mapred.LocalJobRunner: 1 / 1 copied.
26/03/02 03:15:38 INFO reduce.MergeManagerImpl: finalMerge called with 1 in-memory map-outputs and 0 on-disk map-outputs
26/03/02 03:15:38 INFO mapred.Merger: Merging 1 sorted segments
26/03/02 03:15:38 INFO mapred.Merger: Down to the last merge-pass, with 1 segments left of total size: 50 bytes
26/03/02 03:15:38 INFO reduce.MergeManagerImpl: Merged 1 segments, 56 bytes to disk to satisfy reduce memory limit
26/03/02 03:15:38 INFO reduce.MergeManagerImpl: Merging 1 files, 60 bytes from disk
26/03/02 03:15:38 INFO reduce.MergeManagerImpl: Merging 0 segments, 0 bytes from memory into reduce
26/03/02 03:15:38 INFO mapred.Merger: Merging 1 sorted segments
26/03/02 03:15:38 INFO mapred.Merger: Down to the last merge-pass, with 1 segments left of total size: 50 bytes
26/03/02 03:15:38 INFO mapred.LocalJobRunner: 1 / 1 copied.
26/03/02 03:15:38 INFO mapred.Task: Task:attempt_local1182528351_0023_r_000002_0 is done. And is in the process of committing
26/03/02 03:15:38 INFO mapred.LocalJobRunner: 1 / 1 copied.
26/03/02 03:15:38 INFO mapred.Task: Task attempt_local1182528351_0023_r_000002_0 is allowed to commit now
26/03/02 03:15:38 INFO output.FileOutputCommitter: Saved output of task 'attempt_local1182528351_0023_r_000002_0' to hdfs://localhost:9000/project2/task2/runs_true_k/k5_r30_opt_centers/iter_23/_temporary/0/task_local1182528351_0023_r_000002
26/03/02 03:15:38 INFO mapred.LocalJobRunner: reduce > reduce
26/03/02 03:15:38 INFO mapred.Task: Task 'attempt_local1182528351_0023_r_000002_0' done.
26/03/02 03:15:38 INFO mapred.Task: Final Counters for attempt_local1182528351_0023_r_000002_0: Counters: 29
	File System Counters
		FILE: Number of bytes read=3355890
		FILE: Number of bytes written=10149156
		FILE: Number of read operations=0
		FILE: Number of large read operations=0
		FILE: Number of write operations=0
		HDFS: Number of bytes read=16924811
		HDFS: Number of bytes written=20257
		HDFS: Number of read operations=1262
		HDFS: Number of large read operations=0
		HDFS: Number of write operations=408
	Map-Reduce Framework
		Combine input records=0
		Combine output records=0
		Reduce input groups=1
		Reduce shuffle bytes=60
		Reduce input records=1
		Reduce output records=1
		Spilled Records=1
		Shuffled Maps =1
		Failed Shuffles=0
		Merged Map outputs=1
		GC time elapsed (ms)=0
		Total committed heap usage (bytes)=526909440
	Shuffle Errors
		BAD_ID=0
		CONNECTION=0
		IO_ERROR=0
		WRONG_LENGTH=0
		WRONG_MAP=0
		WRONG_REDUCE=0
	File Output Format Counters 
		Bytes Written=101
26/03/02 03:15:38 INFO mapred.LocalJobRunner: Finishing task: attempt_local1182528351_0023_r_000002_0
26/03/02 03:15:38 INFO mapred.LocalJobRunner: Starting task: attempt_local1182528351_0023_r_000003_0
26/03/02 03:15:38 INFO output.FileOutputCommitter: File Output Committer Algorithm version is 1
26/03/02 03:15:38 INFO mapred.Task:  Using ResourceCalculatorProcessTree : [ ]
26/03/02 03:15:38 INFO mapred.ReduceTask: Using ShuffleConsumerPlugin: org.apache.hadoop.mapreduce.task.reduce.Shuffle@4d2be4d8
26/03/02 03:15:38 INFO reduce.MergeManagerImpl: MergerManager: memoryLimit=368836608, maxSingleShuffleLimit=92209152, mergeThreshold=243432176, ioSortFactor=10, memToMemMergeOutputsThreshold=10
26/03/02 03:15:38 INFO reduce.EventFetcher: attempt_local1182528351_0023_r_000003_0 Thread started: EventFetcher for fetching Map Completion Events
26/03/02 03:15:38 INFO reduce.LocalFetcher: localfetcher#92 about to shuffle output of map attempt_local1182528351_0023_m_000000_0 decomp: 56 len: 60 to MEMORY
26/03/02 03:15:38 INFO reduce.InMemoryMapOutput: Read 56 bytes from map-output for attempt_local1182528351_0023_m_000000_0
26/03/02 03:15:38 INFO reduce.MergeManagerImpl: closeInMemoryFile -> map-output of size: 56, inMemoryMapOutputs.size() -> 1, commitMemory -> 0, usedMemory ->56
26/03/02 03:15:38 WARN io.ReadaheadPool: Failed readahead on ifile
EBADF: Bad file descriptor
	at org.apache.hadoop.io.nativeio.NativeIO$POSIX.posix_fadvise(Native Method)
	at org.apache.hadoop.io.nativeio.NativeIO$POSIX.posixFadviseIfPossible(NativeIO.java:267)
	at org.apache.hadoop.io.nativeio.NativeIO$POSIX$CacheManipulator.posixFadviseIfPossible(NativeIO.java:146)
	at org.apache.hadoop.io.ReadaheadPool$ReadaheadRequestImpl.run(ReadaheadPool.java:206)
	at java.util.concurrent.ThreadPoolExecutor.runWorker(ThreadPoolExecutor.java:1149)
	at java.util.concurrent.ThreadPoolExecutor$Worker.run(ThreadPoolExecutor.java:624)
	at java.lang.Thread.run(Thread.java:748)
26/03/02 03:15:38 INFO reduce.EventFetcher: EventFetcher is interrupted.. Returning
26/03/02 03:15:38 INFO mapred.LocalJobRunner: 1 / 1 copied.
26/03/02 03:15:38 INFO reduce.MergeManagerImpl: finalMerge called with 1 in-memory map-outputs and 0 on-disk map-outputs
26/03/02 03:15:38 INFO mapred.Merger: Merging 1 sorted segments
26/03/02 03:15:38 INFO mapred.Merger: Down to the last merge-pass, with 1 segments left of total size: 50 bytes
26/03/02 03:15:38 INFO reduce.MergeManagerImpl: Merged 1 segments, 56 bytes to disk to satisfy reduce memory limit
26/03/02 03:15:38 INFO reduce.MergeManagerImpl: Merging 1 files, 60 bytes from disk
26/03/02 03:15:38 INFO reduce.MergeManagerImpl: Merging 0 segments, 0 bytes from memory into reduce
26/03/02 03:15:38 INFO mapred.Merger: Merging 1 sorted segments
26/03/02 03:15:38 INFO mapred.Merger: Down to the last merge-pass, with 1 segments left of total size: 50 bytes
26/03/02 03:15:38 INFO mapred.LocalJobRunner: 1 / 1 copied.
26/03/02 03:15:38 INFO mapred.Task: Task:attempt_local1182528351_0023_r_000003_0 is done. And is in the process of committing
26/03/02 03:15:38 INFO mapred.LocalJobRunner: 1 / 1 copied.
26/03/02 03:15:38 INFO mapred.Task: Task attempt_local1182528351_0023_r_000003_0 is allowed to commit now
26/03/02 03:15:38 INFO output.FileOutputCommitter: Saved output of task 'attempt_local1182528351_0023_r_000003_0' to hdfs://localhost:9000/project2/task2/runs_true_k/k5_r30_opt_centers/iter_23/_temporary/0/task_local1182528351_0023_r_000003
26/03/02 03:15:38 INFO mapred.LocalJobRunner: reduce > reduce
26/03/02 03:15:38 INFO mapred.Task: Task 'attempt_local1182528351_0023_r_000003_0' done.
26/03/02 03:15:38 INFO mapred.Task: Final Counters for attempt_local1182528351_0023_r_000003_0: Counters: 29
	File System Counters
		FILE: Number of bytes read=3356114
		FILE: Number of bytes written=10149216
		FILE: Number of read operations=0
		FILE: Number of large read operations=0
		FILE: Number of write operations=0
		HDFS: Number of bytes read=16924811
		HDFS: Number of bytes written=20359
		HDFS: Number of read operations=1265
		HDFS: Number of large read operations=0
		HDFS: Number of write operations=410
	Map-Reduce Framework
		Combine input records=0
		Combine output records=0
		Reduce input groups=1
		Reduce shuffle bytes=60
		Reduce input records=1
		Reduce output records=1
		Spilled Records=1
		Shuffled Maps =1
		Failed Shuffles=0
		Merged Map outputs=1
		GC time elapsed (ms)=0
		Total committed heap usage (bytes)=526909440
	Shuffle Errors
		BAD_ID=0
		CONNECTION=0
		IO_ERROR=0
		WRONG_LENGTH=0
		WRONG_MAP=0
		WRONG_REDUCE=0
	File Output Format Counters 
		Bytes Written=102
26/03/02 03:15:38 INFO mapred.LocalJobRunner: Finishing task: attempt_local1182528351_0023_r_000003_0
26/03/02 03:15:38 INFO mapred.LocalJobRunner: reduce task executor complete.
26/03/02 03:15:39 INFO mapreduce.Job: Job job_local1182528351_0023 running in uber mode : false
26/03/02 03:15:39 INFO mapreduce.Job:  map 100% reduce 100%
26/03/02 03:15:39 INFO mapreduce.Job: Job job_local1182528351_0023 completed successfully
26/03/02 03:15:39 INFO mapreduce.Job: Counters: 35
	File System Counters
		FILE: Number of bytes read=16777622
		FILE: Number of bytes written=50745426
		FILE: Number of read operations=0
		FILE: Number of large read operations=0
		FILE: Number of write operations=0
		HDFS: Number of bytes read=84624055
		HDFS: Number of bytes written=100678
		HDFS: Number of read operations=6295
		HDFS: Number of large read operations=0
		HDFS: Number of write operations=2030
	Map-Reduce Framework
		Map input records=10000
		Map output records=10000
		Map output bytes=520000
		Map output materialized bytes=294
		Input split bytes=121
		Combine input records=10000
		Combine output records=5
		Reduce input groups=5
		Reduce shuffle bytes=294
		Reduce input records=5
		Reduce output records=5
		Spilled Records=10
		Shuffled Maps =4
		Failed Shuffles=0
		Merged Map outputs=4
		GC time elapsed (ms)=1
		Total committed heap usage (bytes)=2634547200
	Shuffle Errors
		BAD_ID=0
		CONNECTION=0
		IO_ERROR=0
		WRONG_LENGTH=0
		WRONG_MAP=0
		WRONG_REDUCE=0
	File Input Format Counters 
		Bytes Read=733758
	File Output Format Counters 
		Bytes Written=509
26/03/02 03:15:39 INFO jvm.JvmMetrics: Cannot initialize JVM Metrics with processName=JobTracker, sessionId= - already initialized
26/03/02 03:15:39 WARN mapreduce.JobResourceUploader: Hadoop command-line option parsing not performed. Implement the Tool interface and execute your application with ToolRunner to remedy this.
26/03/02 03:15:39 INFO input.FileInputFormat: Total input paths to process : 1
26/03/02 03:15:39 INFO mapreduce.JobSubmitter: number of splits:1
26/03/02 03:15:39 INFO mapreduce.JobSubmitter: Submitting tokens for job: job_local679985327_0024
26/03/02 03:15:39 INFO mapred.LocalDistributedCacheManager: Creating symlink: /tmp/hadoop-ds503/mapred/local/1772421339123/centers_iter_23.csv <- /home/ds503/centers_iter_23.csv
26/03/02 03:15:39 INFO mapred.LocalDistributedCacheManager: Localized hdfs://localhost:9000/project2/task2/runs_true_k/k5_r30_opt_centers/centers_iter_23.csv as file:/tmp/hadoop-ds503/mapred/local/1772421339123/centers_iter_23.csv
26/03/02 03:15:39 INFO mapreduce.Job: The url to track the job: http://localhost:8080/
26/03/02 03:15:39 INFO mapreduce.Job: Running job: job_local679985327_0024
26/03/02 03:15:39 INFO mapred.LocalJobRunner: OutputCommitter set in config null
26/03/02 03:15:39 INFO output.FileOutputCommitter: File Output Committer Algorithm version is 1
26/03/02 03:15:39 INFO mapred.LocalJobRunner: OutputCommitter is org.apache.hadoop.mapreduce.lib.output.FileOutputCommitter
26/03/02 03:15:39 INFO mapred.LocalJobRunner: Waiting for map tasks
26/03/02 03:15:39 INFO mapred.LocalJobRunner: Starting task: attempt_local679985327_0024_m_000000_0
26/03/02 03:15:39 INFO output.FileOutputCommitter: File Output Committer Algorithm version is 1
26/03/02 03:15:39 INFO mapred.Task:  Using ResourceCalculatorProcessTree : [ ]
26/03/02 03:15:39 INFO mapred.MapTask: Processing split: hdfs://localhost:9000/project2/task2/input/points_4d.csv:0+733758
26/03/02 03:15:39 INFO mapred.MapTask: (EQUATOR) 0 kvi 26214396(104857584)
26/03/02 03:15:39 INFO mapred.MapTask: mapreduce.task.io.sort.mb: 100
26/03/02 03:15:39 INFO mapred.MapTask: soft limit at 83886080
26/03/02 03:15:39 INFO mapred.MapTask: bufstart = 0; bufvoid = 104857600
26/03/02 03:15:39 INFO mapred.MapTask: kvstart = 26214396; length = 6553600
26/03/02 03:15:39 INFO mapred.MapTask: Map output collector class = org.apache.hadoop.mapred.MapTask$MapOutputBuffer
26/03/02 03:15:39 INFO mapred.LocalJobRunner: 
26/03/02 03:15:39 INFO mapred.MapTask: Starting flush of map output
26/03/02 03:15:39 INFO mapred.MapTask: Spilling map output
26/03/02 03:15:39 INFO mapred.MapTask: bufstart = 0; bufend = 520000; bufvoid = 104857600
26/03/02 03:15:39 INFO mapred.MapTask: kvstart = 26214396(104857584); kvend = 26174400(104697600); length = 39997/6553600
26/03/02 03:15:39 INFO mapred.MapTask: Finished spill 0
26/03/02 03:15:39 INFO mapred.Task: Task:attempt_local679985327_0024_m_000000_0 is done. And is in the process of committing
26/03/02 03:15:39 INFO mapred.LocalJobRunner: map
26/03/02 03:15:39 INFO mapred.Task: Task 'attempt_local679985327_0024_m_000000_0' done.
26/03/02 03:15:39 INFO mapred.Task: Final Counters for attempt_local679985327_0024_m_000000_0: Counters: 23
	File System Counters
		FILE: Number of bytes read=3500668
		FILE: Number of bytes written=10589712
		FILE: Number of read operations=0
		FILE: Number of large read operations=0
		FILE: Number of write operations=0
		HDFS: Number of bytes read=17660715
		HDFS: Number of bytes written=20737
		HDFS: Number of read operations=1309
		HDFS: Number of large read operations=0
		HDFS: Number of write operations=420
	Map-Reduce Framework
		Map input records=10000
		Map output records=10000
		Map output bytes=520000
		Map output materialized bytes=294
		Input split bytes=121
		Combine input records=10000
		Combine output records=5
		Spilled Records=5
		Failed Shuffles=0
		Merged Map outputs=0
		GC time elapsed (ms)=0
		Total committed heap usage (bytes)=527958016
	File Input Format Counters 
		Bytes Read=733758
26/03/02 03:15:39 INFO mapred.LocalJobRunner: Finishing task: attempt_local679985327_0024_m_000000_0
26/03/02 03:15:39 INFO mapred.LocalJobRunner: map task executor complete.
26/03/02 03:15:39 INFO mapred.LocalJobRunner: Waiting for reduce tasks
26/03/02 03:15:39 INFO mapred.LocalJobRunner: Starting task: attempt_local679985327_0024_r_000000_0
26/03/02 03:15:39 INFO output.FileOutputCommitter: File Output Committer Algorithm version is 1
26/03/02 03:15:39 INFO mapred.Task:  Using ResourceCalculatorProcessTree : [ ]
26/03/02 03:15:39 INFO mapred.ReduceTask: Using ShuffleConsumerPlugin: org.apache.hadoop.mapreduce.task.reduce.Shuffle@582dbaa7
26/03/02 03:15:39 INFO reduce.MergeManagerImpl: MergerManager: memoryLimit=369570592, maxSingleShuffleLimit=92392648, mergeThreshold=243916608, ioSortFactor=10, memToMemMergeOutputsThreshold=10
26/03/02 03:15:39 INFO reduce.EventFetcher: attempt_local679985327_0024_r_000000_0 Thread started: EventFetcher for fetching Map Completion Events
26/03/02 03:15:39 INFO reduce.LocalFetcher: localfetcher#93 about to shuffle output of map attempt_local679985327_0024_m_000000_0 decomp: 110 len: 114 to MEMORY
26/03/02 03:15:39 INFO reduce.InMemoryMapOutput: Read 110 bytes from map-output for attempt_local679985327_0024_m_000000_0
26/03/02 03:15:39 INFO reduce.MergeManagerImpl: closeInMemoryFile -> map-output of size: 110, inMemoryMapOutputs.size() -> 1, commitMemory -> 0, usedMemory ->110
26/03/02 03:15:39 INFO reduce.EventFetcher: EventFetcher is interrupted.. Returning
26/03/02 03:15:39 INFO mapred.LocalJobRunner: 1 / 1 copied.
26/03/02 03:15:39 INFO reduce.MergeManagerImpl: finalMerge called with 1 in-memory map-outputs and 0 on-disk map-outputs
26/03/02 03:15:39 INFO mapred.Merger: Merging 1 sorted segments
26/03/02 03:15:39 INFO mapred.Merger: Down to the last merge-pass, with 1 segments left of total size: 104 bytes
26/03/02 03:15:39 INFO reduce.MergeManagerImpl: Merged 1 segments, 110 bytes to disk to satisfy reduce memory limit
26/03/02 03:15:39 INFO reduce.MergeManagerImpl: Merging 1 files, 114 bytes from disk
26/03/02 03:15:39 INFO reduce.MergeManagerImpl: Merging 0 segments, 0 bytes from memory into reduce
26/03/02 03:15:39 INFO mapred.Merger: Merging 1 sorted segments
26/03/02 03:15:39 INFO mapred.Merger: Down to the last merge-pass, with 1 segments left of total size: 104 bytes
26/03/02 03:15:39 INFO mapred.LocalJobRunner: 1 / 1 copied.
26/03/02 03:15:39 INFO mapred.Task: Task:attempt_local679985327_0024_r_000000_0 is done. And is in the process of committing
26/03/02 03:15:39 INFO mapred.LocalJobRunner: 1 / 1 copied.
26/03/02 03:15:39 INFO mapred.Task: Task attempt_local679985327_0024_r_000000_0 is allowed to commit now
26/03/02 03:15:39 INFO output.FileOutputCommitter: Saved output of task 'attempt_local679985327_0024_r_000000_0' to hdfs://localhost:9000/project2/task2/runs_true_k/k5_r30_opt_centers/iter_24/_temporary/0/task_local679985327_0024_r_000000
26/03/02 03:15:39 INFO mapred.LocalJobRunner: reduce > reduce
26/03/02 03:15:39 INFO mapred.Task: Task 'attempt_local679985327_0024_r_000000_0' done.
26/03/02 03:15:39 INFO mapred.Task: Final Counters for attempt_local679985327_0024_r_000000_0: Counters: 29
	File System Counters
		FILE: Number of bytes read=3501180
		FILE: Number of bytes written=10589826
		FILE: Number of read operations=0
		FILE: Number of large read operations=0
		FILE: Number of write operations=0
		HDFS: Number of bytes read=17660715
		HDFS: Number of bytes written=20940
		HDFS: Number of read operations=1312
		HDFS: Number of large read operations=0
		HDFS: Number of write operations=422
	Map-Reduce Framework
		Combine input records=0
		Combine output records=0
		Reduce input groups=2
		Reduce shuffle bytes=114
		Reduce input records=2
		Reduce output records=2
		Spilled Records=2
		Shuffled Maps =1
		Failed Shuffles=0
		Merged Map outputs=1
		GC time elapsed (ms)=0
		Total committed heap usage (bytes)=527958016
	Shuffle Errors
		BAD_ID=0
		CONNECTION=0
		IO_ERROR=0
		WRONG_LENGTH=0
		WRONG_MAP=0
		WRONG_REDUCE=0
	File Output Format Counters 
		Bytes Written=203
26/03/02 03:15:39 INFO mapred.LocalJobRunner: Finishing task: attempt_local679985327_0024_r_000000_0
26/03/02 03:15:39 INFO mapred.LocalJobRunner: Starting task: attempt_local679985327_0024_r_000001_0
26/03/02 03:15:39 INFO output.FileOutputCommitter: File Output Committer Algorithm version is 1
26/03/02 03:15:39 INFO mapred.Task:  Using ResourceCalculatorProcessTree : [ ]
26/03/02 03:15:39 INFO mapred.ReduceTask: Using ShuffleConsumerPlugin: org.apache.hadoop.mapreduce.task.reduce.Shuffle@229a2d36
26/03/02 03:15:39 INFO reduce.MergeManagerImpl: MergerManager: memoryLimit=369570592, maxSingleShuffleLimit=92392648, mergeThreshold=243916608, ioSortFactor=10, memToMemMergeOutputsThreshold=10
26/03/02 03:15:39 INFO reduce.EventFetcher: attempt_local679985327_0024_r_000001_0 Thread started: EventFetcher for fetching Map Completion Events
26/03/02 03:15:39 INFO reduce.LocalFetcher: localfetcher#94 about to shuffle output of map attempt_local679985327_0024_m_000000_0 decomp: 56 len: 60 to MEMORY
26/03/02 03:15:39 INFO reduce.InMemoryMapOutput: Read 56 bytes from map-output for attempt_local679985327_0024_m_000000_0
26/03/02 03:15:39 INFO reduce.MergeManagerImpl: closeInMemoryFile -> map-output of size: 56, inMemoryMapOutputs.size() -> 1, commitMemory -> 0, usedMemory ->56
26/03/02 03:15:39 INFO reduce.EventFetcher: EventFetcher is interrupted.. Returning
26/03/02 03:15:39 INFO mapred.LocalJobRunner: 1 / 1 copied.
26/03/02 03:15:39 INFO reduce.MergeManagerImpl: finalMerge called with 1 in-memory map-outputs and 0 on-disk map-outputs
26/03/02 03:15:39 INFO mapred.Merger: Merging 1 sorted segments
26/03/02 03:15:39 INFO mapred.Merger: Down to the last merge-pass, with 1 segments left of total size: 50 bytes
26/03/02 03:15:39 INFO reduce.MergeManagerImpl: Merged 1 segments, 56 bytes to disk to satisfy reduce memory limit
26/03/02 03:15:39 INFO reduce.MergeManagerImpl: Merging 1 files, 60 bytes from disk
26/03/02 03:15:39 INFO reduce.MergeManagerImpl: Merging 0 segments, 0 bytes from memory into reduce
26/03/02 03:15:39 INFO mapred.Merger: Merging 1 sorted segments
26/03/02 03:15:39 INFO mapred.Merger: Down to the last merge-pass, with 1 segments left of total size: 50 bytes
26/03/02 03:15:39 INFO mapred.LocalJobRunner: 1 / 1 copied.
26/03/02 03:15:39 INFO mapred.Task: Task:attempt_local679985327_0024_r_000001_0 is done. And is in the process of committing
26/03/02 03:15:39 INFO mapred.LocalJobRunner: 1 / 1 copied.
26/03/02 03:15:39 INFO mapred.Task: Task attempt_local679985327_0024_r_000001_0 is allowed to commit now
26/03/02 03:15:39 INFO output.FileOutputCommitter: Saved output of task 'attempt_local679985327_0024_r_000001_0' to hdfs://localhost:9000/project2/task2/runs_true_k/k5_r30_opt_centers/iter_24/_temporary/0/task_local679985327_0024_r_000001
26/03/02 03:15:39 INFO mapred.LocalJobRunner: reduce > reduce
26/03/02 03:15:39 INFO mapred.Task: Task 'attempt_local679985327_0024_r_000001_0' done.
26/03/02 03:15:39 INFO mapred.Task: Final Counters for attempt_local679985327_0024_r_000001_0: Counters: 29
	File System Counters
		FILE: Number of bytes read=3501524
		FILE: Number of bytes written=10589886
		FILE: Number of read operations=0
		FILE: Number of large read operations=0
		FILE: Number of write operations=0
		HDFS: Number of bytes read=17660715
		HDFS: Number of bytes written=21040
		HDFS: Number of read operations=1315
		HDFS: Number of large read operations=0
		HDFS: Number of write operations=424
	Map-Reduce Framework
		Combine input records=0
		Combine output records=0
		Reduce input groups=1
		Reduce shuffle bytes=60
		Reduce input records=1
		Reduce output records=1
		Spilled Records=1
		Shuffled Maps =1
		Failed Shuffles=0
		Merged Map outputs=1
		GC time elapsed (ms)=0
		Total committed heap usage (bytes)=527958016
	Shuffle Errors
		BAD_ID=0
		CONNECTION=0
		IO_ERROR=0
		WRONG_LENGTH=0
		WRONG_MAP=0
		WRONG_REDUCE=0
	File Output Format Counters 
		Bytes Written=100
26/03/02 03:15:39 INFO mapred.LocalJobRunner: Finishing task: attempt_local679985327_0024_r_000001_0
26/03/02 03:15:39 INFO mapred.LocalJobRunner: Starting task: attempt_local679985327_0024_r_000002_0
26/03/02 03:15:39 INFO output.FileOutputCommitter: File Output Committer Algorithm version is 1
26/03/02 03:15:39 INFO mapred.Task:  Using ResourceCalculatorProcessTree : [ ]
26/03/02 03:15:39 INFO mapred.ReduceTask: Using ShuffleConsumerPlugin: org.apache.hadoop.mapreduce.task.reduce.Shuffle@5a2dc417
26/03/02 03:15:39 INFO reduce.MergeManagerImpl: MergerManager: memoryLimit=369570592, maxSingleShuffleLimit=92392648, mergeThreshold=243916608, ioSortFactor=10, memToMemMergeOutputsThreshold=10
26/03/02 03:15:39 INFO reduce.EventFetcher: attempt_local679985327_0024_r_000002_0 Thread started: EventFetcher for fetching Map Completion Events
26/03/02 03:15:39 INFO reduce.LocalFetcher: localfetcher#95 about to shuffle output of map attempt_local679985327_0024_m_000000_0 decomp: 56 len: 60 to MEMORY
26/03/02 03:15:39 INFO reduce.InMemoryMapOutput: Read 56 bytes from map-output for attempt_local679985327_0024_m_000000_0
26/03/02 03:15:39 INFO reduce.MergeManagerImpl: closeInMemoryFile -> map-output of size: 56, inMemoryMapOutputs.size() -> 1, commitMemory -> 0, usedMemory ->56
26/03/02 03:15:39 WARN io.ReadaheadPool: Failed readahead on ifile
EBADF: Bad file descriptor
	at org.apache.hadoop.io.nativeio.NativeIO$POSIX.posix_fadvise(Native Method)
	at org.apache.hadoop.io.nativeio.NativeIO$POSIX.posixFadviseIfPossible(NativeIO.java:267)
	at org.apache.hadoop.io.nativeio.NativeIO$POSIX$CacheManipulator.posixFadviseIfPossible(NativeIO.java:146)
	at org.apache.hadoop.io.ReadaheadPool$ReadaheadRequestImpl.run(ReadaheadPool.java:206)
	at java.util.concurrent.ThreadPoolExecutor.runWorker(ThreadPoolExecutor.java:1149)
	at java.util.concurrent.ThreadPoolExecutor$Worker.run(ThreadPoolExecutor.java:624)
	at java.lang.Thread.run(Thread.java:748)
26/03/02 03:15:39 INFO reduce.EventFetcher: EventFetcher is interrupted.. Returning
26/03/02 03:15:39 INFO mapred.LocalJobRunner: 1 / 1 copied.
26/03/02 03:15:39 INFO reduce.MergeManagerImpl: finalMerge called with 1 in-memory map-outputs and 0 on-disk map-outputs
26/03/02 03:15:39 INFO mapred.Merger: Merging 1 sorted segments
26/03/02 03:15:39 INFO mapred.Merger: Down to the last merge-pass, with 1 segments left of total size: 50 bytes
26/03/02 03:15:39 INFO reduce.MergeManagerImpl: Merged 1 segments, 56 bytes to disk to satisfy reduce memory limit
26/03/02 03:15:39 INFO reduce.MergeManagerImpl: Merging 1 files, 60 bytes from disk
26/03/02 03:15:39 INFO reduce.MergeManagerImpl: Merging 0 segments, 0 bytes from memory into reduce
26/03/02 03:15:39 INFO mapred.Merger: Merging 1 sorted segments
26/03/02 03:15:39 INFO mapred.Merger: Down to the last merge-pass, with 1 segments left of total size: 50 bytes
26/03/02 03:15:39 INFO mapred.LocalJobRunner: 1 / 1 copied.
26/03/02 03:15:39 INFO mapred.Task: Task:attempt_local679985327_0024_r_000002_0 is done. And is in the process of committing
26/03/02 03:15:39 INFO mapred.LocalJobRunner: 1 / 1 copied.
26/03/02 03:15:39 INFO mapred.Task: Task attempt_local679985327_0024_r_000002_0 is allowed to commit now
26/03/02 03:15:39 INFO output.FileOutputCommitter: Saved output of task 'attempt_local679985327_0024_r_000002_0' to hdfs://localhost:9000/project2/task2/runs_true_k/k5_r30_opt_centers/iter_24/_temporary/0/task_local679985327_0024_r_000002
26/03/02 03:15:39 INFO mapred.LocalJobRunner: reduce > reduce
26/03/02 03:15:39 INFO mapred.Task: Task 'attempt_local679985327_0024_r_000002_0' done.
26/03/02 03:15:39 INFO mapred.Task: Final Counters for attempt_local679985327_0024_r_000002_0: Counters: 29
	File System Counters
		FILE: Number of bytes read=3501808
		FILE: Number of bytes written=10589946
		FILE: Number of read operations=0
		FILE: Number of large read operations=0
		FILE: Number of write operations=0
		HDFS: Number of bytes read=17660715
		HDFS: Number of bytes written=21141
		HDFS: Number of read operations=1318
		HDFS: Number of large read operations=0
		HDFS: Number of write operations=426
	Map-Reduce Framework
		Combine input records=0
		Combine output records=0
		Reduce input groups=1
		Reduce shuffle bytes=60
		Reduce input records=1
		Reduce output records=1
		Spilled Records=1
		Shuffled Maps =1
		Failed Shuffles=0
		Merged Map outputs=1
		GC time elapsed (ms)=0
		Total committed heap usage (bytes)=527958016
	Shuffle Errors
		BAD_ID=0
		CONNECTION=0
		IO_ERROR=0
		WRONG_LENGTH=0
		WRONG_MAP=0
		WRONG_REDUCE=0
	File Output Format Counters 
		Bytes Written=101
26/03/02 03:15:39 INFO mapred.LocalJobRunner: Finishing task: attempt_local679985327_0024_r_000002_0
26/03/02 03:15:39 INFO mapred.LocalJobRunner: Starting task: attempt_local679985327_0024_r_000003_0
26/03/02 03:15:39 INFO output.FileOutputCommitter: File Output Committer Algorithm version is 1
26/03/02 03:15:39 INFO mapred.Task:  Using ResourceCalculatorProcessTree : [ ]
26/03/02 03:15:39 INFO mapred.ReduceTask: Using ShuffleConsumerPlugin: org.apache.hadoop.mapreduce.task.reduce.Shuffle@478daf2
26/03/02 03:15:39 INFO reduce.MergeManagerImpl: MergerManager: memoryLimit=369570592, maxSingleShuffleLimit=92392648, mergeThreshold=243916608, ioSortFactor=10, memToMemMergeOutputsThreshold=10
26/03/02 03:15:39 INFO reduce.EventFetcher: attempt_local679985327_0024_r_000003_0 Thread started: EventFetcher for fetching Map Completion Events
26/03/02 03:15:39 INFO reduce.LocalFetcher: localfetcher#96 about to shuffle output of map attempt_local679985327_0024_m_000000_0 decomp: 56 len: 60 to MEMORY
26/03/02 03:15:39 INFO reduce.InMemoryMapOutput: Read 56 bytes from map-output for attempt_local679985327_0024_m_000000_0
26/03/02 03:15:39 INFO reduce.MergeManagerImpl: closeInMemoryFile -> map-output of size: 56, inMemoryMapOutputs.size() -> 1, commitMemory -> 0, usedMemory ->56
26/03/02 03:15:39 WARN io.ReadaheadPool: Failed readahead on ifile
EBADF: Bad file descriptor
	at org.apache.hadoop.io.nativeio.NativeIO$POSIX.posix_fadvise(Native Method)
	at org.apache.hadoop.io.nativeio.NativeIO$POSIX.posixFadviseIfPossible(NativeIO.java:267)
	at org.apache.hadoop.io.nativeio.NativeIO$POSIX$CacheManipulator.posixFadviseIfPossible(NativeIO.java:146)
	at org.apache.hadoop.io.ReadaheadPool$ReadaheadRequestImpl.run(ReadaheadPool.java:206)
	at java.util.concurrent.ThreadPoolExecutor.runWorker(ThreadPoolExecutor.java:1149)
	at java.util.concurrent.ThreadPoolExecutor$Worker.run(ThreadPoolExecutor.java:624)
	at java.lang.Thread.run(Thread.java:748)
26/03/02 03:15:39 INFO reduce.EventFetcher: EventFetcher is interrupted.. Returning
26/03/02 03:15:39 INFO mapred.LocalJobRunner: 1 / 1 copied.
26/03/02 03:15:39 INFO reduce.MergeManagerImpl: finalMerge called with 1 in-memory map-outputs and 0 on-disk map-outputs
26/03/02 03:15:39 INFO mapred.Merger: Merging 1 sorted segments
26/03/02 03:15:39 INFO mapred.Merger: Down to the last merge-pass, with 1 segments left of total size: 50 bytes
26/03/02 03:15:39 INFO reduce.MergeManagerImpl: Merged 1 segments, 56 bytes to disk to satisfy reduce memory limit
26/03/02 03:15:39 INFO reduce.MergeManagerImpl: Merging 1 files, 60 bytes from disk
26/03/02 03:15:39 INFO reduce.MergeManagerImpl: Merging 0 segments, 0 bytes from memory into reduce
26/03/02 03:15:39 INFO mapred.Merger: Merging 1 sorted segments
26/03/02 03:15:39 INFO mapred.Merger: Down to the last merge-pass, with 1 segments left of total size: 50 bytes
26/03/02 03:15:39 INFO mapred.LocalJobRunner: 1 / 1 copied.
26/03/02 03:15:39 INFO mapred.Task: Task:attempt_local679985327_0024_r_000003_0 is done. And is in the process of committing
26/03/02 03:15:39 INFO mapred.LocalJobRunner: 1 / 1 copied.
26/03/02 03:15:39 INFO mapred.Task: Task attempt_local679985327_0024_r_000003_0 is allowed to commit now
26/03/02 03:15:39 INFO output.FileOutputCommitter: Saved output of task 'attempt_local679985327_0024_r_000003_0' to hdfs://localhost:9000/project2/task2/runs_true_k/k5_r30_opt_centers/iter_24/_temporary/0/task_local679985327_0024_r_000003
26/03/02 03:15:39 INFO mapred.LocalJobRunner: reduce > reduce
26/03/02 03:15:39 INFO mapred.Task: Task 'attempt_local679985327_0024_r_000003_0' done.
26/03/02 03:15:39 INFO mapred.Task: Final Counters for attempt_local679985327_0024_r_000003_0: Counters: 29
	File System Counters
		FILE: Number of bytes read=3502032
		FILE: Number of bytes written=10590006
		FILE: Number of read operations=0
		FILE: Number of large read operations=0
		FILE: Number of write operations=0
		HDFS: Number of bytes read=17660715
		HDFS: Number of bytes written=21242
		HDFS: Number of read operations=1321
		HDFS: Number of large read operations=0
		HDFS: Number of write operations=428
	Map-Reduce Framework
		Combine input records=0
		Combine output records=0
		Reduce input groups=1
		Reduce shuffle bytes=60
		Reduce input records=1
		Reduce output records=1
		Spilled Records=1
		Shuffled Maps =1
		Failed Shuffles=0
		Merged Map outputs=1
		GC time elapsed (ms)=0
		Total committed heap usage (bytes)=527958016
	Shuffle Errors
		BAD_ID=0
		CONNECTION=0
		IO_ERROR=0
		WRONG_LENGTH=0
		WRONG_MAP=0
		WRONG_REDUCE=0
	File Output Format Counters 
		Bytes Written=101
26/03/02 03:15:39 INFO mapred.LocalJobRunner: Finishing task: attempt_local679985327_0024_r_000003_0
26/03/02 03:15:39 INFO mapred.LocalJobRunner: reduce task executor complete.
26/03/02 03:15:40 INFO mapreduce.Job: Job job_local679985327_0024 running in uber mode : false
26/03/02 03:15:40 INFO mapreduce.Job:  map 100% reduce 100%
26/03/02 03:15:40 INFO mapreduce.Job: Job job_local679985327_0024 completed successfully
26/03/02 03:15:40 INFO mapreduce.Job: Counters: 35
	File System Counters
		FILE: Number of bytes read=17507212
		FILE: Number of bytes written=52949376
		FILE: Number of read operations=0
		FILE: Number of large read operations=0
		FILE: Number of write operations=0
		HDFS: Number of bytes read=88303575
		HDFS: Number of bytes written=105100
		HDFS: Number of read operations=6575
		HDFS: Number of large read operations=0
		HDFS: Number of write operations=2120
	Map-Reduce Framework
		Map input records=10000
		Map output records=10000
		Map output bytes=520000
		Map output materialized bytes=294
		Input split bytes=121
		Combine input records=10000
		Combine output records=5
		Reduce input groups=5
		Reduce shuffle bytes=294
		Reduce input records=5
		Reduce output records=5
		Spilled Records=10
		Shuffled Maps =4
		Failed Shuffles=0
		Merged Map outputs=4
		GC time elapsed (ms)=0
		Total committed heap usage (bytes)=2639790080
	Shuffle Errors
		BAD_ID=0
		CONNECTION=0
		IO_ERROR=0
		WRONG_LENGTH=0
		WRONG_MAP=0
		WRONG_REDUCE=0
	File Input Format Counters 
		Bytes Read=733758
	File Output Format Counters 
		Bytes Written=505
26/03/02 03:15:40 INFO jvm.JvmMetrics: Cannot initialize JVM Metrics with processName=JobTracker, sessionId= - already initialized
26/03/02 03:15:40 WARN mapreduce.JobResourceUploader: Hadoop command-line option parsing not performed. Implement the Tool interface and execute your application with ToolRunner to remedy this.
26/03/02 03:15:40 INFO input.FileInputFormat: Total input paths to process : 1
26/03/02 03:15:40 INFO mapreduce.JobSubmitter: number of splits:1
26/03/02 03:15:40 INFO mapreduce.JobSubmitter: Submitting tokens for job: job_local1880808408_0025
26/03/02 03:15:40 INFO mapred.LocalDistributedCacheManager: Creating symlink: /tmp/hadoop-ds503/mapred/local/1772421340204/centers_iter_24.csv <- /home/ds503/centers_iter_24.csv
26/03/02 03:15:40 INFO mapred.LocalDistributedCacheManager: Localized hdfs://localhost:9000/project2/task2/runs_true_k/k5_r30_opt_centers/centers_iter_24.csv as file:/tmp/hadoop-ds503/mapred/local/1772421340204/centers_iter_24.csv
26/03/02 03:15:40 INFO mapreduce.Job: The url to track the job: http://localhost:8080/
26/03/02 03:15:40 INFO mapreduce.Job: Running job: job_local1880808408_0025
26/03/02 03:15:40 INFO mapred.LocalJobRunner: OutputCommitter set in config null
26/03/02 03:15:40 INFO output.FileOutputCommitter: File Output Committer Algorithm version is 1
26/03/02 03:15:40 INFO mapred.LocalJobRunner: OutputCommitter is org.apache.hadoop.mapreduce.lib.output.FileOutputCommitter
26/03/02 03:15:40 INFO mapred.LocalJobRunner: Waiting for map tasks
26/03/02 03:15:40 INFO mapred.LocalJobRunner: Starting task: attempt_local1880808408_0025_m_000000_0
26/03/02 03:15:40 INFO output.FileOutputCommitter: File Output Committer Algorithm version is 1
26/03/02 03:15:40 INFO mapred.Task:  Using ResourceCalculatorProcessTree : [ ]
26/03/02 03:15:40 INFO mapred.MapTask: Processing split: hdfs://localhost:9000/project2/task2/input/points_4d.csv:0+733758
26/03/02 03:15:40 INFO mapred.MapTask: (EQUATOR) 0 kvi 26214396(104857584)
26/03/02 03:15:40 INFO mapred.MapTask: mapreduce.task.io.sort.mb: 100
26/03/02 03:15:40 INFO mapred.MapTask: soft limit at 83886080
26/03/02 03:15:40 INFO mapred.MapTask: bufstart = 0; bufvoid = 104857600
26/03/02 03:15:40 INFO mapred.MapTask: kvstart = 26214396; length = 6553600
26/03/02 03:15:40 INFO mapred.MapTask: Map output collector class = org.apache.hadoop.mapred.MapTask$MapOutputBuffer
26/03/02 03:15:40 INFO mapred.LocalJobRunner: 
26/03/02 03:15:40 INFO mapred.MapTask: Starting flush of map output
26/03/02 03:15:40 INFO mapred.MapTask: Spilling map output
26/03/02 03:15:40 INFO mapred.MapTask: bufstart = 0; bufend = 520000; bufvoid = 104857600
26/03/02 03:15:40 INFO mapred.MapTask: kvstart = 26214396(104857584); kvend = 26174400(104697600); length = 39997/6553600
26/03/02 03:15:40 INFO mapred.MapTask: Finished spill 0
26/03/02 03:15:40 INFO mapred.Task: Task:attempt_local1880808408_0025_m_000000_0 is done. And is in the process of committing
26/03/02 03:15:40 INFO mapred.LocalJobRunner: map
26/03/02 03:15:40 INFO mapred.Task: Task 'attempt_local1880808408_0025_m_000000_0' done.
26/03/02 03:15:40 INFO mapred.Task: Final Counters for attempt_local1880808408_0025_m_000000_0: Counters: 23
	File System Counters
		FILE: Number of bytes read=3646586
		FILE: Number of bytes written=11032086
		FILE: Number of read operations=0
		FILE: Number of large read operations=0
		FILE: Number of write operations=0
		HDFS: Number of bytes read=18396609
		HDFS: Number of bytes written=21616
		HDFS: Number of read operations=1365
		HDFS: Number of large read operations=0
		HDFS: Number of write operations=438
	Map-Reduce Framework
		Map input records=10000
		Map output records=10000
		Map output bytes=520000
		Map output materialized bytes=294
		Input split bytes=121
		Combine input records=10000
		Combine output records=5
		Spilled Records=5
		Failed Shuffles=0
		Merged Map outputs=0
		GC time elapsed (ms)=37
		Total committed heap usage (bytes)=476577792
	File Input Format Counters 
		Bytes Read=733758
26/03/02 03:15:40 INFO mapred.LocalJobRunner: Finishing task: attempt_local1880808408_0025_m_000000_0
26/03/02 03:15:40 INFO mapred.LocalJobRunner: map task executor complete.
26/03/02 03:15:40 INFO mapred.LocalJobRunner: Waiting for reduce tasks
26/03/02 03:15:40 INFO mapred.LocalJobRunner: Starting task: attempt_local1880808408_0025_r_000000_0
26/03/02 03:15:40 INFO output.FileOutputCommitter: File Output Committer Algorithm version is 1
26/03/02 03:15:40 INFO mapred.Task:  Using ResourceCalculatorProcessTree : [ ]
26/03/02 03:15:40 INFO mapred.ReduceTask: Using ShuffleConsumerPlugin: org.apache.hadoop.mapreduce.task.reduce.Shuffle@18534272
26/03/02 03:15:40 INFO reduce.MergeManagerImpl: MergerManager: memoryLimit=334338464, maxSingleShuffleLimit=83584616, mergeThreshold=220663392, ioSortFactor=10, memToMemMergeOutputsThreshold=10
26/03/02 03:15:40 INFO reduce.EventFetcher: attempt_local1880808408_0025_r_000000_0 Thread started: EventFetcher for fetching Map Completion Events
26/03/02 03:15:40 INFO reduce.LocalFetcher: localfetcher#97 about to shuffle output of map attempt_local1880808408_0025_m_000000_0 decomp: 110 len: 114 to MEMORY
26/03/02 03:15:40 INFO reduce.InMemoryMapOutput: Read 110 bytes from map-output for attempt_local1880808408_0025_m_000000_0
26/03/02 03:15:40 INFO reduce.MergeManagerImpl: closeInMemoryFile -> map-output of size: 110, inMemoryMapOutputs.size() -> 1, commitMemory -> 0, usedMemory ->110
26/03/02 03:15:40 INFO reduce.EventFetcher: EventFetcher is interrupted.. Returning
26/03/02 03:15:40 INFO mapred.LocalJobRunner: 1 / 1 copied.
26/03/02 03:15:40 INFO reduce.MergeManagerImpl: finalMerge called with 1 in-memory map-outputs and 0 on-disk map-outputs
26/03/02 03:15:40 INFO mapred.Merger: Merging 1 sorted segments
26/03/02 03:15:40 INFO mapred.Merger: Down to the last merge-pass, with 1 segments left of total size: 104 bytes
26/03/02 03:15:40 INFO reduce.MergeManagerImpl: Merged 1 segments, 110 bytes to disk to satisfy reduce memory limit
26/03/02 03:15:40 INFO reduce.MergeManagerImpl: Merging 1 files, 114 bytes from disk
26/03/02 03:15:40 INFO reduce.MergeManagerImpl: Merging 0 segments, 0 bytes from memory into reduce
26/03/02 03:15:40 INFO mapred.Merger: Merging 1 sorted segments
26/03/02 03:15:40 INFO mapred.Merger: Down to the last merge-pass, with 1 segments left of total size: 104 bytes
26/03/02 03:15:40 INFO mapred.LocalJobRunner: 1 / 1 copied.
26/03/02 03:15:40 INFO mapred.Task: Task:attempt_local1880808408_0025_r_000000_0 is done. And is in the process of committing
26/03/02 03:15:40 INFO mapred.LocalJobRunner: 1 / 1 copied.
26/03/02 03:15:40 INFO mapred.Task: Task attempt_local1880808408_0025_r_000000_0 is allowed to commit now
26/03/02 03:15:40 INFO output.FileOutputCommitter: Saved output of task 'attempt_local1880808408_0025_r_000000_0' to hdfs://localhost:9000/project2/task2/runs_true_k/k5_r30_opt_centers/iter_25/_temporary/0/task_local1880808408_0025_r_000000
26/03/02 03:15:40 INFO mapred.LocalJobRunner: reduce > reduce
26/03/02 03:15:40 INFO mapred.Task: Task 'attempt_local1880808408_0025_r_000000_0' done.
26/03/02 03:15:40 INFO mapred.Task: Final Counters for attempt_local1880808408_0025_r_000000_0: Counters: 29
	File System Counters
		FILE: Number of bytes read=3647098
		FILE: Number of bytes written=11032200
		FILE: Number of read operations=0
		FILE: Number of large read operations=0
		FILE: Number of write operations=0
		HDFS: Number of bytes read=18396609
		HDFS: Number of bytes written=21820
		HDFS: Number of read operations=1368
		HDFS: Number of large read operations=0
		HDFS: Number of write operations=440
	Map-Reduce Framework
		Combine input records=0
		Combine output records=0
		Reduce input groups=2
		Reduce shuffle bytes=114
		Reduce input records=2
		Reduce output records=2
		Spilled Records=2
		Shuffled Maps =1
		Failed Shuffles=0
		Merged Map outputs=1
		GC time elapsed (ms)=0
		Total committed heap usage (bytes)=476577792
	Shuffle Errors
		BAD_ID=0
		CONNECTION=0
		IO_ERROR=0
		WRONG_LENGTH=0
		WRONG_MAP=0
		WRONG_REDUCE=0
	File Output Format Counters 
		Bytes Written=204
26/03/02 03:15:40 INFO mapred.LocalJobRunner: Finishing task: attempt_local1880808408_0025_r_000000_0
26/03/02 03:15:40 INFO mapred.LocalJobRunner: Starting task: attempt_local1880808408_0025_r_000001_0
26/03/02 03:15:40 INFO output.FileOutputCommitter: File Output Committer Algorithm version is 1
26/03/02 03:15:40 INFO mapred.Task:  Using ResourceCalculatorProcessTree : [ ]
26/03/02 03:15:40 INFO mapred.ReduceTask: Using ShuffleConsumerPlugin: org.apache.hadoop.mapreduce.task.reduce.Shuffle@55eb3d66
26/03/02 03:15:40 INFO reduce.MergeManagerImpl: MergerManager: memoryLimit=334338464, maxSingleShuffleLimit=83584616, mergeThreshold=220663392, ioSortFactor=10, memToMemMergeOutputsThreshold=10
26/03/02 03:15:40 INFO reduce.EventFetcher: attempt_local1880808408_0025_r_000001_0 Thread started: EventFetcher for fetching Map Completion Events
26/03/02 03:15:40 INFO reduce.LocalFetcher: localfetcher#98 about to shuffle output of map attempt_local1880808408_0025_m_000000_0 decomp: 56 len: 60 to MEMORY
26/03/02 03:15:40 INFO reduce.InMemoryMapOutput: Read 56 bytes from map-output for attempt_local1880808408_0025_m_000000_0
26/03/02 03:15:40 INFO reduce.MergeManagerImpl: closeInMemoryFile -> map-output of size: 56, inMemoryMapOutputs.size() -> 1, commitMemory -> 0, usedMemory ->56
26/03/02 03:15:40 INFO reduce.EventFetcher: EventFetcher is interrupted.. Returning
26/03/02 03:15:40 INFO mapred.LocalJobRunner: 1 / 1 copied.
26/03/02 03:15:40 INFO reduce.MergeManagerImpl: finalMerge called with 1 in-memory map-outputs and 0 on-disk map-outputs
26/03/02 03:15:40 INFO mapred.Merger: Merging 1 sorted segments
26/03/02 03:15:40 INFO mapred.Merger: Down to the last merge-pass, with 1 segments left of total size: 50 bytes
26/03/02 03:15:40 INFO reduce.MergeManagerImpl: Merged 1 segments, 56 bytes to disk to satisfy reduce memory limit
26/03/02 03:15:40 INFO reduce.MergeManagerImpl: Merging 1 files, 60 bytes from disk
26/03/02 03:15:40 INFO reduce.MergeManagerImpl: Merging 0 segments, 0 bytes from memory into reduce
26/03/02 03:15:40 INFO mapred.Merger: Merging 1 sorted segments
26/03/02 03:15:40 INFO mapred.Merger: Down to the last merge-pass, with 1 segments left of total size: 50 bytes
26/03/02 03:15:40 INFO mapred.LocalJobRunner: 1 / 1 copied.
26/03/02 03:15:40 INFO mapred.Task: Task:attempt_local1880808408_0025_r_000001_0 is done. And is in the process of committing
26/03/02 03:15:40 INFO mapred.LocalJobRunner: 1 / 1 copied.
26/03/02 03:15:40 INFO mapred.Task: Task attempt_local1880808408_0025_r_000001_0 is allowed to commit now
26/03/02 03:15:40 INFO output.FileOutputCommitter: Saved output of task 'attempt_local1880808408_0025_r_000001_0' to hdfs://localhost:9000/project2/task2/runs_true_k/k5_r30_opt_centers/iter_25/_temporary/0/task_local1880808408_0025_r_000001
26/03/02 03:15:40 INFO mapred.LocalJobRunner: reduce > reduce
26/03/02 03:15:40 INFO mapred.Task: Task 'attempt_local1880808408_0025_r_000001_0' done.
26/03/02 03:15:40 INFO mapred.Task: Final Counters for attempt_local1880808408_0025_r_000001_0: Counters: 29
	File System Counters
		FILE: Number of bytes read=3647442
		FILE: Number of bytes written=11032260
		FILE: Number of read operations=0
		FILE: Number of large read operations=0
		FILE: Number of write operations=0
		HDFS: Number of bytes read=18396609
		HDFS: Number of bytes written=21921
		HDFS: Number of read operations=1371
		HDFS: Number of large read operations=0
		HDFS: Number of write operations=442
	Map-Reduce Framework
		Combine input records=0
		Combine output records=0
		Reduce input groups=1
		Reduce shuffle bytes=60
		Reduce input records=1
		Reduce output records=1
		Spilled Records=1
		Shuffled Maps =1
		Failed Shuffles=0
		Merged Map outputs=1
		GC time elapsed (ms)=0
		Total committed heap usage (bytes)=476577792
	Shuffle Errors
		BAD_ID=0
		CONNECTION=0
		IO_ERROR=0
		WRONG_LENGTH=0
		WRONG_MAP=0
		WRONG_REDUCE=0
	File Output Format Counters 
		Bytes Written=101
26/03/02 03:15:40 INFO mapred.LocalJobRunner: Finishing task: attempt_local1880808408_0025_r_000001_0
26/03/02 03:15:40 INFO mapred.LocalJobRunner: Starting task: attempt_local1880808408_0025_r_000002_0
26/03/02 03:15:40 INFO output.FileOutputCommitter: File Output Committer Algorithm version is 1
26/03/02 03:15:40 INFO mapred.Task:  Using ResourceCalculatorProcessTree : [ ]
26/03/02 03:15:40 INFO mapred.ReduceTask: Using ShuffleConsumerPlugin: org.apache.hadoop.mapreduce.task.reduce.Shuffle@2d1cf2d1
26/03/02 03:15:40 INFO reduce.MergeManagerImpl: MergerManager: memoryLimit=334338464, maxSingleShuffleLimit=83584616, mergeThreshold=220663392, ioSortFactor=10, memToMemMergeOutputsThreshold=10
26/03/02 03:15:40 INFO reduce.EventFetcher: attempt_local1880808408_0025_r_000002_0 Thread started: EventFetcher for fetching Map Completion Events
26/03/02 03:15:40 INFO reduce.LocalFetcher: localfetcher#99 about to shuffle output of map attempt_local1880808408_0025_m_000000_0 decomp: 56 len: 60 to MEMORY
26/03/02 03:15:40 INFO reduce.InMemoryMapOutput: Read 56 bytes from map-output for attempt_local1880808408_0025_m_000000_0
26/03/02 03:15:40 INFO reduce.MergeManagerImpl: closeInMemoryFile -> map-output of size: 56, inMemoryMapOutputs.size() -> 1, commitMemory -> 0, usedMemory ->56
26/03/02 03:15:40 WARN io.ReadaheadPool: Failed readahead on ifile
EBADF: Bad file descriptor
	at org.apache.hadoop.io.nativeio.NativeIO$POSIX.posix_fadvise(Native Method)
	at org.apache.hadoop.io.nativeio.NativeIO$POSIX.posixFadviseIfPossible(NativeIO.java:267)
	at org.apache.hadoop.io.nativeio.NativeIO$POSIX$CacheManipulator.posixFadviseIfPossible(NativeIO.java:146)
	at org.apache.hadoop.io.ReadaheadPool$ReadaheadRequestImpl.run(ReadaheadPool.java:206)
	at java.util.concurrent.ThreadPoolExecutor.runWorker(ThreadPoolExecutor.java:1149)
	at java.util.concurrent.ThreadPoolExecutor$Worker.run(ThreadPoolExecutor.java:624)
	at java.lang.Thread.run(Thread.java:748)
26/03/02 03:15:40 INFO reduce.EventFetcher: EventFetcher is interrupted.. Returning
26/03/02 03:15:40 INFO mapred.LocalJobRunner: 1 / 1 copied.
26/03/02 03:15:40 INFO reduce.MergeManagerImpl: finalMerge called with 1 in-memory map-outputs and 0 on-disk map-outputs
26/03/02 03:15:40 INFO mapred.Merger: Merging 1 sorted segments
26/03/02 03:15:40 INFO mapred.Merger: Down to the last merge-pass, with 1 segments left of total size: 50 bytes
26/03/02 03:15:40 INFO reduce.MergeManagerImpl: Merged 1 segments, 56 bytes to disk to satisfy reduce memory limit
26/03/02 03:15:40 INFO reduce.MergeManagerImpl: Merging 1 files, 60 bytes from disk
26/03/02 03:15:40 INFO reduce.MergeManagerImpl: Merging 0 segments, 0 bytes from memory into reduce
26/03/02 03:15:40 INFO mapred.Merger: Merging 1 sorted segments
26/03/02 03:15:40 INFO mapred.Merger: Down to the last merge-pass, with 1 segments left of total size: 50 bytes
26/03/02 03:15:40 INFO mapred.LocalJobRunner: 1 / 1 copied.
26/03/02 03:15:40 INFO mapred.Task: Task:attempt_local1880808408_0025_r_000002_0 is done. And is in the process of committing
26/03/02 03:15:40 INFO mapred.LocalJobRunner: 1 / 1 copied.
26/03/02 03:15:40 INFO mapred.Task: Task attempt_local1880808408_0025_r_000002_0 is allowed to commit now
26/03/02 03:15:40 INFO output.FileOutputCommitter: Saved output of task 'attempt_local1880808408_0025_r_000002_0' to hdfs://localhost:9000/project2/task2/runs_true_k/k5_r30_opt_centers/iter_25/_temporary/0/task_local1880808408_0025_r_000002
26/03/02 03:15:40 INFO mapred.LocalJobRunner: reduce > reduce
26/03/02 03:15:40 INFO mapred.Task: Task 'attempt_local1880808408_0025_r_000002_0' done.
26/03/02 03:15:40 INFO mapred.Task: Final Counters for attempt_local1880808408_0025_r_000002_0: Counters: 29
	File System Counters
		FILE: Number of bytes read=3647726
		FILE: Number of bytes written=11032320
		FILE: Number of read operations=0
		FILE: Number of large read operations=0
		FILE: Number of write operations=0
		HDFS: Number of bytes read=18396609
		HDFS: Number of bytes written=22022
		HDFS: Number of read operations=1374
		HDFS: Number of large read operations=0
		HDFS: Number of write operations=444
	Map-Reduce Framework
		Combine input records=0
		Combine output records=0
		Reduce input groups=1
		Reduce shuffle bytes=60
		Reduce input records=1
		Reduce output records=1
		Spilled Records=1
		Shuffled Maps =1
		Failed Shuffles=0
		Merged Map outputs=1
		GC time elapsed (ms)=0
		Total committed heap usage (bytes)=476577792
	Shuffle Errors
		BAD_ID=0
		CONNECTION=0
		IO_ERROR=0
		WRONG_LENGTH=0
		WRONG_MAP=0
		WRONG_REDUCE=0
	File Output Format Counters 
		Bytes Written=101
26/03/02 03:15:40 INFO mapred.LocalJobRunner: Finishing task: attempt_local1880808408_0025_r_000002_0
26/03/02 03:15:40 INFO mapred.LocalJobRunner: Starting task: attempt_local1880808408_0025_r_000003_0
26/03/02 03:15:40 INFO output.FileOutputCommitter: File Output Committer Algorithm version is 1
26/03/02 03:15:40 INFO mapred.Task:  Using ResourceCalculatorProcessTree : [ ]
26/03/02 03:15:40 INFO mapred.ReduceTask: Using ShuffleConsumerPlugin: org.apache.hadoop.mapreduce.task.reduce.Shuffle@3b8a41e7
26/03/02 03:15:40 INFO reduce.MergeManagerImpl: MergerManager: memoryLimit=334338464, maxSingleShuffleLimit=83584616, mergeThreshold=220663392, ioSortFactor=10, memToMemMergeOutputsThreshold=10
26/03/02 03:15:40 INFO reduce.EventFetcher: attempt_local1880808408_0025_r_000003_0 Thread started: EventFetcher for fetching Map Completion Events
26/03/02 03:15:40 INFO reduce.LocalFetcher: localfetcher#100 about to shuffle output of map attempt_local1880808408_0025_m_000000_0 decomp: 56 len: 60 to MEMORY
26/03/02 03:15:40 INFO reduce.InMemoryMapOutput: Read 56 bytes from map-output for attempt_local1880808408_0025_m_000000_0
26/03/02 03:15:40 INFO reduce.MergeManagerImpl: closeInMemoryFile -> map-output of size: 56, inMemoryMapOutputs.size() -> 1, commitMemory -> 0, usedMemory ->56
26/03/02 03:15:40 INFO reduce.EventFetcher: EventFetcher is interrupted.. Returning
26/03/02 03:15:40 INFO mapred.LocalJobRunner: 1 / 1 copied.
26/03/02 03:15:40 INFO reduce.MergeManagerImpl: finalMerge called with 1 in-memory map-outputs and 0 on-disk map-outputs
26/03/02 03:15:40 INFO mapred.Merger: Merging 1 sorted segments
26/03/02 03:15:40 INFO mapred.Merger: Down to the last merge-pass, with 1 segments left of total size: 50 bytes
26/03/02 03:15:40 INFO reduce.MergeManagerImpl: Merged 1 segments, 56 bytes to disk to satisfy reduce memory limit
26/03/02 03:15:40 INFO reduce.MergeManagerImpl: Merging 1 files, 60 bytes from disk
26/03/02 03:15:40 INFO reduce.MergeManagerImpl: Merging 0 segments, 0 bytes from memory into reduce
26/03/02 03:15:40 INFO mapred.Merger: Merging 1 sorted segments
26/03/02 03:15:40 INFO mapred.Merger: Down to the last merge-pass, with 1 segments left of total size: 50 bytes
26/03/02 03:15:40 INFO mapred.LocalJobRunner: 1 / 1 copied.
26/03/02 03:15:40 INFO mapred.Task: Task:attempt_local1880808408_0025_r_000003_0 is done. And is in the process of committing
26/03/02 03:15:40 INFO mapred.LocalJobRunner: 1 / 1 copied.
26/03/02 03:15:40 INFO mapred.Task: Task attempt_local1880808408_0025_r_000003_0 is allowed to commit now
26/03/02 03:15:40 INFO output.FileOutputCommitter: Saved output of task 'attempt_local1880808408_0025_r_000003_0' to hdfs://localhost:9000/project2/task2/runs_true_k/k5_r30_opt_centers/iter_25/_temporary/0/task_local1880808408_0025_r_000003
26/03/02 03:15:40 INFO mapred.LocalJobRunner: reduce > reduce
26/03/02 03:15:40 INFO mapred.Task: Task 'attempt_local1880808408_0025_r_000003_0' done.
26/03/02 03:15:40 INFO mapred.Task: Final Counters for attempt_local1880808408_0025_r_000003_0: Counters: 29
	File System Counters
		FILE: Number of bytes read=3647950
		FILE: Number of bytes written=11032380
		FILE: Number of read operations=0
		FILE: Number of large read operations=0
		FILE: Number of write operations=0
		HDFS: Number of bytes read=18396609
		HDFS: Number of bytes written=22125
		HDFS: Number of read operations=1377
		HDFS: Number of large read operations=0
		HDFS: Number of write operations=446
	Map-Reduce Framework
		Combine input records=0
		Combine output records=0
		Reduce input groups=1
		Reduce shuffle bytes=60
		Reduce input records=1
		Reduce output records=1
		Spilled Records=1
		Shuffled Maps =1
		Failed Shuffles=0
		Merged Map outputs=1
		GC time elapsed (ms)=0
		Total committed heap usage (bytes)=476577792
	Shuffle Errors
		BAD_ID=0
		CONNECTION=0
		IO_ERROR=0
		WRONG_LENGTH=0
		WRONG_MAP=0
		WRONG_REDUCE=0
	File Output Format Counters 
		Bytes Written=103
26/03/02 03:15:40 INFO mapred.LocalJobRunner: Finishing task: attempt_local1880808408_0025_r_000003_0
26/03/02 03:15:40 INFO mapred.LocalJobRunner: reduce task executor complete.
26/03/02 03:15:41 INFO mapreduce.Job: Job job_local1880808408_0025 running in uber mode : false
26/03/02 03:15:41 INFO mapreduce.Job:  map 100% reduce 100%
26/03/02 03:15:41 INFO mapreduce.Job: Job job_local1880808408_0025 completed successfully
26/03/02 03:15:41 INFO mapreduce.Job: Counters: 35
	File System Counters
		FILE: Number of bytes read=18236802
		FILE: Number of bytes written=55161246
		FILE: Number of read operations=0
		FILE: Number of large read operations=0
		FILE: Number of write operations=0
		HDFS: Number of bytes read=91983045
		HDFS: Number of bytes written=109504
		HDFS: Number of read operations=6855
		HDFS: Number of large read operations=0
		HDFS: Number of write operations=2210
	Map-Reduce Framework
		Map input records=10000
		Map output records=10000
		Map output bytes=520000
		Map output materialized bytes=294
		Input split bytes=121
		Combine input records=10000
		Combine output records=5
		Reduce input groups=5
		Reduce shuffle bytes=294
		Reduce input records=5
		Reduce output records=5
		Spilled Records=10
		Shuffled Maps =4
		Failed Shuffles=0
		Merged Map outputs=4
		GC time elapsed (ms)=37
		Total committed heap usage (bytes)=2382888960
	Shuffle Errors
		BAD_ID=0
		CONNECTION=0
		IO_ERROR=0
		WRONG_LENGTH=0
		WRONG_MAP=0
		WRONG_REDUCE=0
	File Input Format Counters 
		Bytes Read=733758
	File Output Format Counters 
		Bytes Written=509
26/03/02 03:15:41 INFO jvm.JvmMetrics: Cannot initialize JVM Metrics with processName=JobTracker, sessionId= - already initialized
26/03/02 03:15:41 WARN mapreduce.JobResourceUploader: Hadoop command-line option parsing not performed. Implement the Tool interface and execute your application with ToolRunner to remedy this.
26/03/02 03:15:41 INFO input.FileInputFormat: Total input paths to process : 1
26/03/02 03:15:41 INFO mapreduce.JobSubmitter: number of splits:1
26/03/02 03:15:41 INFO mapreduce.JobSubmitter: Submitting tokens for job: job_local866125518_0026
26/03/02 03:15:41 INFO mapred.LocalDistributedCacheManager: Creating symlink: /tmp/hadoop-ds503/mapred/local/1772421341283/centers_iter_25.csv <- /home/ds503/centers_iter_25.csv
26/03/02 03:15:41 INFO mapred.LocalDistributedCacheManager: Localized hdfs://localhost:9000/project2/task2/runs_true_k/k5_r30_opt_centers/centers_iter_25.csv as file:/tmp/hadoop-ds503/mapred/local/1772421341283/centers_iter_25.csv
26/03/02 03:15:41 INFO mapreduce.Job: The url to track the job: http://localhost:8080/
26/03/02 03:15:41 INFO mapreduce.Job: Running job: job_local866125518_0026
26/03/02 03:15:41 INFO mapred.LocalJobRunner: OutputCommitter set in config null
26/03/02 03:15:41 INFO output.FileOutputCommitter: File Output Committer Algorithm version is 1
26/03/02 03:15:41 INFO mapred.LocalJobRunner: OutputCommitter is org.apache.hadoop.mapreduce.lib.output.FileOutputCommitter
26/03/02 03:15:41 INFO mapred.LocalJobRunner: Waiting for map tasks
26/03/02 03:15:41 INFO mapred.LocalJobRunner: Starting task: attempt_local866125518_0026_m_000000_0
26/03/02 03:15:41 INFO output.FileOutputCommitter: File Output Committer Algorithm version is 1
26/03/02 03:15:41 INFO mapred.Task:  Using ResourceCalculatorProcessTree : [ ]
26/03/02 03:15:41 INFO mapred.MapTask: Processing split: hdfs://localhost:9000/project2/task2/input/points_4d.csv:0+733758
26/03/02 03:15:41 INFO mapred.MapTask: (EQUATOR) 0 kvi 26214396(104857584)
26/03/02 03:15:41 INFO mapred.MapTask: mapreduce.task.io.sort.mb: 100
26/03/02 03:15:41 INFO mapred.MapTask: soft limit at 83886080
26/03/02 03:15:41 INFO mapred.MapTask: bufstart = 0; bufvoid = 104857600
26/03/02 03:15:41 INFO mapred.MapTask: kvstart = 26214396; length = 6553600
26/03/02 03:15:41 INFO mapred.MapTask: Map output collector class = org.apache.hadoop.mapred.MapTask$MapOutputBuffer
26/03/02 03:15:41 INFO mapred.LocalJobRunner: 
26/03/02 03:15:41 INFO mapred.MapTask: Starting flush of map output
26/03/02 03:15:41 INFO mapred.MapTask: Spilling map output
26/03/02 03:15:41 INFO mapred.MapTask: bufstart = 0; bufend = 520000; bufvoid = 104857600
26/03/02 03:15:41 INFO mapred.MapTask: kvstart = 26214396(104857584); kvend = 26174400(104697600); length = 39997/6553600
26/03/02 03:15:41 INFO mapred.MapTask: Finished spill 0
26/03/02 03:15:41 INFO mapred.Task: Task:attempt_local866125518_0026_m_000000_0 is done. And is in the process of committing
26/03/02 03:15:41 INFO mapred.LocalJobRunner: map
26/03/02 03:15:41 INFO mapred.Task: Task 'attempt_local866125518_0026_m_000000_0' done.
26/03/02 03:15:41 INFO mapred.Task: Final Counters for attempt_local866125518_0026_m_000000_0: Counters: 23
	File System Counters
		FILE: Number of bytes read=3792504
		FILE: Number of bytes written=11472876
		FILE: Number of read operations=0
		FILE: Number of large read operations=0
		FILE: Number of write operations=0
		HDFS: Number of bytes read=19132515
		HDFS: Number of bytes written=22503
		HDFS: Number of read operations=1421
		HDFS: Number of large read operations=0
		HDFS: Number of write operations=456
	Map-Reduce Framework
		Map input records=10000
		Map output records=10000
		Map output bytes=520000
		Map output materialized bytes=294
		Input split bytes=121
		Combine input records=10000
		Combine output records=5
		Spilled Records=5
		Failed Shuffles=0
		Merged Map outputs=0
		GC time elapsed (ms)=46
		Total committed heap usage (bytes)=527958016
	File Input Format Counters 
		Bytes Read=733758
26/03/02 03:15:41 INFO mapred.LocalJobRunner: Finishing task: attempt_local866125518_0026_m_000000_0
26/03/02 03:15:41 INFO mapred.LocalJobRunner: map task executor complete.
26/03/02 03:15:41 INFO mapred.LocalJobRunner: Waiting for reduce tasks
26/03/02 03:15:41 INFO mapred.LocalJobRunner: Starting task: attempt_local866125518_0026_r_000000_0
26/03/02 03:15:41 INFO output.FileOutputCommitter: File Output Committer Algorithm version is 1
26/03/02 03:15:41 INFO mapred.Task:  Using ResourceCalculatorProcessTree : [ ]
26/03/02 03:15:41 INFO mapred.ReduceTask: Using ShuffleConsumerPlugin: org.apache.hadoop.mapreduce.task.reduce.Shuffle@637d9c5a
26/03/02 03:15:41 INFO reduce.MergeManagerImpl: MergerManager: memoryLimit=369570592, maxSingleShuffleLimit=92392648, mergeThreshold=243916608, ioSortFactor=10, memToMemMergeOutputsThreshold=10
26/03/02 03:15:41 INFO reduce.EventFetcher: attempt_local866125518_0026_r_000000_0 Thread started: EventFetcher for fetching Map Completion Events
26/03/02 03:15:41 INFO reduce.LocalFetcher: localfetcher#101 about to shuffle output of map attempt_local866125518_0026_m_000000_0 decomp: 110 len: 114 to MEMORY
26/03/02 03:15:41 INFO reduce.InMemoryMapOutput: Read 110 bytes from map-output for attempt_local866125518_0026_m_000000_0
26/03/02 03:15:41 INFO reduce.MergeManagerImpl: closeInMemoryFile -> map-output of size: 110, inMemoryMapOutputs.size() -> 1, commitMemory -> 0, usedMemory ->110
26/03/02 03:15:41 WARN io.ReadaheadPool: Failed readahead on ifile
EBADF: Bad file descriptor
	at org.apache.hadoop.io.nativeio.NativeIO$POSIX.posix_fadvise(Native Method)
	at org.apache.hadoop.io.nativeio.NativeIO$POSIX.posixFadviseIfPossible(NativeIO.java:267)
	at org.apache.hadoop.io.nativeio.NativeIO$POSIX$CacheManipulator.posixFadviseIfPossible(NativeIO.java:146)
	at org.apache.hadoop.io.ReadaheadPool$ReadaheadRequestImpl.run(ReadaheadPool.java:206)
	at java.util.concurrent.ThreadPoolExecutor.runWorker(ThreadPoolExecutor.java:1149)
	at java.util.concurrent.ThreadPoolExecutor$Worker.run(ThreadPoolExecutor.java:624)
	at java.lang.Thread.run(Thread.java:748)
26/03/02 03:15:41 INFO reduce.EventFetcher: EventFetcher is interrupted.. Returning
26/03/02 03:15:41 INFO mapred.LocalJobRunner: 1 / 1 copied.
26/03/02 03:15:41 INFO reduce.MergeManagerImpl: finalMerge called with 1 in-memory map-outputs and 0 on-disk map-outputs
26/03/02 03:15:41 INFO mapred.Merger: Merging 1 sorted segments
26/03/02 03:15:41 INFO mapred.Merger: Down to the last merge-pass, with 1 segments left of total size: 104 bytes
26/03/02 03:15:41 INFO reduce.MergeManagerImpl: Merged 1 segments, 110 bytes to disk to satisfy reduce memory limit
26/03/02 03:15:41 INFO reduce.MergeManagerImpl: Merging 1 files, 114 bytes from disk
26/03/02 03:15:41 INFO reduce.MergeManagerImpl: Merging 0 segments, 0 bytes from memory into reduce
26/03/02 03:15:41 INFO mapred.Merger: Merging 1 sorted segments
26/03/02 03:15:41 INFO mapred.Merger: Down to the last merge-pass, with 1 segments left of total size: 104 bytes
26/03/02 03:15:41 INFO mapred.LocalJobRunner: 1 / 1 copied.
26/03/02 03:15:41 INFO mapred.Task: Task:attempt_local866125518_0026_r_000000_0 is done. And is in the process of committing
26/03/02 03:15:41 INFO mapred.LocalJobRunner: 1 / 1 copied.
26/03/02 03:15:41 INFO mapred.Task: Task attempt_local866125518_0026_r_000000_0 is allowed to commit now
26/03/02 03:15:41 INFO output.FileOutputCommitter: Saved output of task 'attempt_local866125518_0026_r_000000_0' to hdfs://localhost:9000/project2/task2/runs_true_k/k5_r30_opt_centers/iter_26/_temporary/0/task_local866125518_0026_r_000000
26/03/02 03:15:41 INFO mapred.LocalJobRunner: reduce > reduce
26/03/02 03:15:41 INFO mapred.Task: Task 'attempt_local866125518_0026_r_000000_0' done.
26/03/02 03:15:41 INFO mapred.Task: Final Counters for attempt_local866125518_0026_r_000000_0: Counters: 29
	File System Counters
		FILE: Number of bytes read=3793016
		FILE: Number of bytes written=11472990
		FILE: Number of read operations=0
		FILE: Number of large read operations=0
		FILE: Number of write operations=0
		HDFS: Number of bytes read=19132515
		HDFS: Number of bytes written=22704
		HDFS: Number of read operations=1424
		HDFS: Number of large read operations=0
		HDFS: Number of write operations=458
	Map-Reduce Framework
		Combine input records=0
		Combine output records=0
		Reduce input groups=2
		Reduce shuffle bytes=114
		Reduce input records=2
		Reduce output records=2
		Spilled Records=2
		Shuffled Maps =1
		Failed Shuffles=0
		Merged Map outputs=1
		GC time elapsed (ms)=0
		Total committed heap usage (bytes)=527958016
	Shuffle Errors
		BAD_ID=0
		CONNECTION=0
		IO_ERROR=0
		WRONG_LENGTH=0
		WRONG_MAP=0
		WRONG_REDUCE=0
	File Output Format Counters 
		Bytes Written=201
26/03/02 03:15:41 INFO mapred.LocalJobRunner: Finishing task: attempt_local866125518_0026_r_000000_0
26/03/02 03:15:41 INFO mapred.LocalJobRunner: Starting task: attempt_local866125518_0026_r_000001_0
26/03/02 03:15:41 INFO output.FileOutputCommitter: File Output Committer Algorithm version is 1
26/03/02 03:15:41 INFO mapred.Task:  Using ResourceCalculatorProcessTree : [ ]
26/03/02 03:15:41 INFO mapred.ReduceTask: Using ShuffleConsumerPlugin: org.apache.hadoop.mapreduce.task.reduce.Shuffle@2317a2f8
26/03/02 03:15:41 INFO reduce.MergeManagerImpl: MergerManager: memoryLimit=369570592, maxSingleShuffleLimit=92392648, mergeThreshold=243916608, ioSortFactor=10, memToMemMergeOutputsThreshold=10
26/03/02 03:15:41 INFO reduce.EventFetcher: attempt_local866125518_0026_r_000001_0 Thread started: EventFetcher for fetching Map Completion Events
26/03/02 03:15:41 INFO reduce.LocalFetcher: localfetcher#102 about to shuffle output of map attempt_local866125518_0026_m_000000_0 decomp: 56 len: 60 to MEMORY
26/03/02 03:15:41 INFO reduce.InMemoryMapOutput: Read 56 bytes from map-output for attempt_local866125518_0026_m_000000_0
26/03/02 03:15:41 INFO reduce.MergeManagerImpl: closeInMemoryFile -> map-output of size: 56, inMemoryMapOutputs.size() -> 1, commitMemory -> 0, usedMemory ->56
26/03/02 03:15:41 INFO reduce.EventFetcher: EventFetcher is interrupted.. Returning
26/03/02 03:15:41 INFO mapred.LocalJobRunner: 1 / 1 copied.
26/03/02 03:15:41 INFO reduce.MergeManagerImpl: finalMerge called with 1 in-memory map-outputs and 0 on-disk map-outputs
26/03/02 03:15:41 INFO mapred.Merger: Merging 1 sorted segments
26/03/02 03:15:41 INFO mapred.Merger: Down to the last merge-pass, with 1 segments left of total size: 50 bytes
26/03/02 03:15:41 INFO reduce.MergeManagerImpl: Merged 1 segments, 56 bytes to disk to satisfy reduce memory limit
26/03/02 03:15:41 INFO reduce.MergeManagerImpl: Merging 1 files, 60 bytes from disk
26/03/02 03:15:41 INFO reduce.MergeManagerImpl: Merging 0 segments, 0 bytes from memory into reduce
26/03/02 03:15:41 INFO mapred.Merger: Merging 1 sorted segments
26/03/02 03:15:41 INFO mapred.Merger: Down to the last merge-pass, with 1 segments left of total size: 50 bytes
26/03/02 03:15:41 INFO mapred.LocalJobRunner: 1 / 1 copied.
26/03/02 03:15:41 INFO mapred.Task: Task:attempt_local866125518_0026_r_000001_0 is done. And is in the process of committing
26/03/02 03:15:41 INFO mapred.LocalJobRunner: 1 / 1 copied.
26/03/02 03:15:41 INFO mapred.Task: Task attempt_local866125518_0026_r_000001_0 is allowed to commit now
26/03/02 03:15:41 INFO output.FileOutputCommitter: Saved output of task 'attempt_local866125518_0026_r_000001_0' to hdfs://localhost:9000/project2/task2/runs_true_k/k5_r30_opt_centers/iter_26/_temporary/0/task_local866125518_0026_r_000001
26/03/02 03:15:41 INFO mapred.LocalJobRunner: reduce > reduce
26/03/02 03:15:41 INFO mapred.Task: Task 'attempt_local866125518_0026_r_000001_0' done.
26/03/02 03:15:41 INFO mapred.Task: Final Counters for attempt_local866125518_0026_r_000001_0: Counters: 29
	File System Counters
		FILE: Number of bytes read=3793360
		FILE: Number of bytes written=11473050
		FILE: Number of read operations=0
		FILE: Number of large read operations=0
		FILE: Number of write operations=0
		HDFS: Number of bytes read=19132515
		HDFS: Number of bytes written=22805
		HDFS: Number of read operations=1427
		HDFS: Number of large read operations=0
		HDFS: Number of write operations=460
	Map-Reduce Framework
		Combine input records=0
		Combine output records=0
		Reduce input groups=1
		Reduce shuffle bytes=60
		Reduce input records=1
		Reduce output records=1
		Spilled Records=1
		Shuffled Maps =1
		Failed Shuffles=0
		Merged Map outputs=1
		GC time elapsed (ms)=0
		Total committed heap usage (bytes)=527958016
	Shuffle Errors
		BAD_ID=0
		CONNECTION=0
		IO_ERROR=0
		WRONG_LENGTH=0
		WRONG_MAP=0
		WRONG_REDUCE=0
	File Output Format Counters 
		Bytes Written=101
26/03/02 03:15:41 INFO mapred.LocalJobRunner: Finishing task: attempt_local866125518_0026_r_000001_0
26/03/02 03:15:41 INFO mapred.LocalJobRunner: Starting task: attempt_local866125518_0026_r_000002_0
26/03/02 03:15:41 INFO output.FileOutputCommitter: File Output Committer Algorithm version is 1
26/03/02 03:15:41 INFO mapred.Task:  Using ResourceCalculatorProcessTree : [ ]
26/03/02 03:15:41 INFO mapred.ReduceTask: Using ShuffleConsumerPlugin: org.apache.hadoop.mapreduce.task.reduce.Shuffle@5b9b30b8
26/03/02 03:15:41 INFO reduce.MergeManagerImpl: MergerManager: memoryLimit=369570592, maxSingleShuffleLimit=92392648, mergeThreshold=243916608, ioSortFactor=10, memToMemMergeOutputsThreshold=10
26/03/02 03:15:41 INFO reduce.EventFetcher: attempt_local866125518_0026_r_000002_0 Thread started: EventFetcher for fetching Map Completion Events
26/03/02 03:15:41 INFO reduce.LocalFetcher: localfetcher#103 about to shuffle output of map attempt_local866125518_0026_m_000000_0 decomp: 56 len: 60 to MEMORY
26/03/02 03:15:41 INFO reduce.InMemoryMapOutput: Read 56 bytes from map-output for attempt_local866125518_0026_m_000000_0
26/03/02 03:15:41 INFO reduce.MergeManagerImpl: closeInMemoryFile -> map-output of size: 56, inMemoryMapOutputs.size() -> 1, commitMemory -> 0, usedMemory ->56
26/03/02 03:15:41 WARN io.ReadaheadPool: Failed readahead on ifile
EBADF: Bad file descriptor
	at org.apache.hadoop.io.nativeio.NativeIO$POSIX.posix_fadvise(Native Method)
	at org.apache.hadoop.io.nativeio.NativeIO$POSIX.posixFadviseIfPossible(NativeIO.java:267)
	at org.apache.hadoop.io.nativeio.NativeIO$POSIX$CacheManipulator.posixFadviseIfPossible(NativeIO.java:146)
	at org.apache.hadoop.io.ReadaheadPool$ReadaheadRequestImpl.run(ReadaheadPool.java:206)
	at java.util.concurrent.ThreadPoolExecutor.runWorker(ThreadPoolExecutor.java:1149)
	at java.util.concurrent.ThreadPoolExecutor$Worker.run(ThreadPoolExecutor.java:624)
	at java.lang.Thread.run(Thread.java:748)
26/03/02 03:15:41 INFO reduce.EventFetcher: EventFetcher is interrupted.. Returning
26/03/02 03:15:41 INFO mapred.LocalJobRunner: 1 / 1 copied.
26/03/02 03:15:41 INFO reduce.MergeManagerImpl: finalMerge called with 1 in-memory map-outputs and 0 on-disk map-outputs
26/03/02 03:15:41 INFO mapred.Merger: Merging 1 sorted segments
26/03/02 03:15:41 INFO mapred.Merger: Down to the last merge-pass, with 1 segments left of total size: 50 bytes
26/03/02 03:15:41 INFO reduce.MergeManagerImpl: Merged 1 segments, 56 bytes to disk to satisfy reduce memory limit
26/03/02 03:15:41 INFO reduce.MergeManagerImpl: Merging 1 files, 60 bytes from disk
26/03/02 03:15:41 INFO reduce.MergeManagerImpl: Merging 0 segments, 0 bytes from memory into reduce
26/03/02 03:15:41 INFO mapred.Merger: Merging 1 sorted segments
26/03/02 03:15:41 INFO mapred.Merger: Down to the last merge-pass, with 1 segments left of total size: 50 bytes
26/03/02 03:15:41 INFO mapred.LocalJobRunner: 1 / 1 copied.
26/03/02 03:15:41 INFO mapred.Task: Task:attempt_local866125518_0026_r_000002_0 is done. And is in the process of committing
26/03/02 03:15:41 INFO mapred.LocalJobRunner: 1 / 1 copied.
26/03/02 03:15:41 INFO mapred.Task: Task attempt_local866125518_0026_r_000002_0 is allowed to commit now
26/03/02 03:15:41 INFO output.FileOutputCommitter: Saved output of task 'attempt_local866125518_0026_r_000002_0' to hdfs://localhost:9000/project2/task2/runs_true_k/k5_r30_opt_centers/iter_26/_temporary/0/task_local866125518_0026_r_000002
26/03/02 03:15:41 INFO mapred.LocalJobRunner: reduce > reduce
26/03/02 03:15:41 INFO mapred.Task: Task 'attempt_local866125518_0026_r_000002_0' done.
26/03/02 03:15:41 INFO mapred.Task: Final Counters for attempt_local866125518_0026_r_000002_0: Counters: 29
	File System Counters
		FILE: Number of bytes read=3793644
		FILE: Number of bytes written=11473110
		FILE: Number of read operations=0
		FILE: Number of large read operations=0
		FILE: Number of write operations=0
		HDFS: Number of bytes read=19132515
		HDFS: Number of bytes written=22905
		HDFS: Number of read operations=1430
		HDFS: Number of large read operations=0
		HDFS: Number of write operations=462
	Map-Reduce Framework
		Combine input records=0
		Combine output records=0
		Reduce input groups=1
		Reduce shuffle bytes=60
		Reduce input records=1
		Reduce output records=1
		Spilled Records=1
		Shuffled Maps =1
		Failed Shuffles=0
		Merged Map outputs=1
		GC time elapsed (ms)=0
		Total committed heap usage (bytes)=527958016
	Shuffle Errors
		BAD_ID=0
		CONNECTION=0
		IO_ERROR=0
		WRONG_LENGTH=0
		WRONG_MAP=0
		WRONG_REDUCE=0
	File Output Format Counters 
		Bytes Written=100
26/03/02 03:15:41 INFO mapred.LocalJobRunner: Finishing task: attempt_local866125518_0026_r_000002_0
26/03/02 03:15:41 INFO mapred.LocalJobRunner: Starting task: attempt_local866125518_0026_r_000003_0
26/03/02 03:15:41 INFO output.FileOutputCommitter: File Output Committer Algorithm version is 1
26/03/02 03:15:41 INFO mapred.Task:  Using ResourceCalculatorProcessTree : [ ]
26/03/02 03:15:41 INFO mapred.ReduceTask: Using ShuffleConsumerPlugin: org.apache.hadoop.mapreduce.task.reduce.Shuffle@5236f03e
26/03/02 03:15:41 INFO reduce.MergeManagerImpl: MergerManager: memoryLimit=369570592, maxSingleShuffleLimit=92392648, mergeThreshold=243916608, ioSortFactor=10, memToMemMergeOutputsThreshold=10
26/03/02 03:15:41 INFO reduce.EventFetcher: attempt_local866125518_0026_r_000003_0 Thread started: EventFetcher for fetching Map Completion Events
26/03/02 03:15:41 INFO reduce.LocalFetcher: localfetcher#104 about to shuffle output of map attempt_local866125518_0026_m_000000_0 decomp: 56 len: 60 to MEMORY
26/03/02 03:15:41 INFO reduce.InMemoryMapOutput: Read 56 bytes from map-output for attempt_local866125518_0026_m_000000_0
26/03/02 03:15:41 INFO reduce.MergeManagerImpl: closeInMemoryFile -> map-output of size: 56, inMemoryMapOutputs.size() -> 1, commitMemory -> 0, usedMemory ->56
26/03/02 03:15:41 WARN io.ReadaheadPool: Failed readahead on ifile
EBADF: Bad file descriptor
	at org.apache.hadoop.io.nativeio.NativeIO$POSIX.posix_fadvise(Native Method)
	at org.apache.hadoop.io.nativeio.NativeIO$POSIX.posixFadviseIfPossible(NativeIO.java:267)
	at org.apache.hadoop.io.nativeio.NativeIO$POSIX$CacheManipulator.posixFadviseIfPossible(NativeIO.java:146)
	at org.apache.hadoop.io.ReadaheadPool$ReadaheadRequestImpl.run(ReadaheadPool.java:206)
	at java.util.concurrent.ThreadPoolExecutor.runWorker(ThreadPoolExecutor.java:1149)
	at java.util.concurrent.ThreadPoolExecutor$Worker.run(ThreadPoolExecutor.java:624)
	at java.lang.Thread.run(Thread.java:748)
26/03/02 03:15:41 INFO reduce.EventFetcher: EventFetcher is interrupted.. Returning
26/03/02 03:15:41 INFO mapred.LocalJobRunner: 1 / 1 copied.
26/03/02 03:15:41 INFO reduce.MergeManagerImpl: finalMerge called with 1 in-memory map-outputs and 0 on-disk map-outputs
26/03/02 03:15:41 INFO mapred.Merger: Merging 1 sorted segments
26/03/02 03:15:41 INFO mapred.Merger: Down to the last merge-pass, with 1 segments left of total size: 50 bytes
26/03/02 03:15:41 INFO reduce.MergeManagerImpl: Merged 1 segments, 56 bytes to disk to satisfy reduce memory limit
26/03/02 03:15:41 INFO reduce.MergeManagerImpl: Merging 1 files, 60 bytes from disk
26/03/02 03:15:41 INFO reduce.MergeManagerImpl: Merging 0 segments, 0 bytes from memory into reduce
26/03/02 03:15:41 INFO mapred.Merger: Merging 1 sorted segments
26/03/02 03:15:41 INFO mapred.Merger: Down to the last merge-pass, with 1 segments left of total size: 50 bytes
26/03/02 03:15:41 INFO mapred.LocalJobRunner: 1 / 1 copied.
26/03/02 03:15:41 INFO mapred.Task: Task:attempt_local866125518_0026_r_000003_0 is done. And is in the process of committing
26/03/02 03:15:41 INFO mapred.LocalJobRunner: 1 / 1 copied.
26/03/02 03:15:41 INFO mapred.Task: Task attempt_local866125518_0026_r_000003_0 is allowed to commit now
26/03/02 03:15:41 INFO output.FileOutputCommitter: Saved output of task 'attempt_local866125518_0026_r_000003_0' to hdfs://localhost:9000/project2/task2/runs_true_k/k5_r30_opt_centers/iter_26/_temporary/0/task_local866125518_0026_r_000003
26/03/02 03:15:41 INFO mapred.LocalJobRunner: reduce > reduce
26/03/02 03:15:41 INFO mapred.Task: Task 'attempt_local866125518_0026_r_000003_0' done.
26/03/02 03:15:41 INFO mapred.Task: Final Counters for attempt_local866125518_0026_r_000003_0: Counters: 29
	File System Counters
		FILE: Number of bytes read=3793868
		FILE: Number of bytes written=11473170
		FILE: Number of read operations=0
		FILE: Number of large read operations=0
		FILE: Number of write operations=0
		HDFS: Number of bytes read=19132515
		HDFS: Number of bytes written=23006
		HDFS: Number of read operations=1433
		HDFS: Number of large read operations=0
		HDFS: Number of write operations=464
	Map-Reduce Framework
		Combine input records=0
		Combine output records=0
		Reduce input groups=1
		Reduce shuffle bytes=60
		Reduce input records=1
		Reduce output records=1
		Spilled Records=1
		Shuffled Maps =1
		Failed Shuffles=0
		Merged Map outputs=1
		GC time elapsed (ms)=0
		Total committed heap usage (bytes)=527958016
	Shuffle Errors
		BAD_ID=0
		CONNECTION=0
		IO_ERROR=0
		WRONG_LENGTH=0
		WRONG_MAP=0
		WRONG_REDUCE=0
	File Output Format Counters 
		Bytes Written=101
26/03/02 03:15:41 INFO mapred.LocalJobRunner: Finishing task: attempt_local866125518_0026_r_000003_0
26/03/02 03:15:41 INFO mapred.LocalJobRunner: reduce task executor complete.
26/03/02 03:15:42 INFO mapreduce.Job: Job job_local866125518_0026 running in uber mode : false
26/03/02 03:15:42 INFO mapreduce.Job:  map 100% reduce 100%
26/03/02 03:15:42 INFO mapreduce.Job: Job job_local866125518_0026 completed successfully
26/03/02 03:15:42 INFO mapreduce.Job: Counters: 35
	File System Counters
		FILE: Number of bytes read=18966392
		FILE: Number of bytes written=57365196
		FILE: Number of read operations=0
		FILE: Number of large read operations=0
		FILE: Number of write operations=0
		HDFS: Number of bytes read=95662575
		HDFS: Number of bytes written=113923
		HDFS: Number of read operations=7135
		HDFS: Number of large read operations=0
		HDFS: Number of write operations=2300
	Map-Reduce Framework
		Map input records=10000
		Map output records=10000
		Map output bytes=520000
		Map output materialized bytes=294
		Input split bytes=121
		Combine input records=10000
		Combine output records=5
		Reduce input groups=5
		Reduce shuffle bytes=294
		Reduce input records=5
		Reduce output records=5
		Spilled Records=10
		Shuffled Maps =4
		Failed Shuffles=0
		Merged Map outputs=4
		GC time elapsed (ms)=46
		Total committed heap usage (bytes)=2639790080
	Shuffle Errors
		BAD_ID=0
		CONNECTION=0
		IO_ERROR=0
		WRONG_LENGTH=0
		WRONG_MAP=0
		WRONG_REDUCE=0
	File Input Format Counters 
		Bytes Read=733758
	File Output Format Counters 
		Bytes Written=503
26/03/02 03:15:42 INFO jvm.JvmMetrics: Cannot initialize JVM Metrics with processName=JobTracker, sessionId= - already initialized
26/03/02 03:15:42 WARN mapreduce.JobResourceUploader: Hadoop command-line option parsing not performed. Implement the Tool interface and execute your application with ToolRunner to remedy this.
26/03/02 03:15:42 INFO input.FileInputFormat: Total input paths to process : 1
26/03/02 03:15:42 INFO mapreduce.JobSubmitter: number of splits:1
26/03/02 03:15:42 INFO mapreduce.JobSubmitter: Submitting tokens for job: job_local1496637197_0027
26/03/02 03:15:42 INFO mapred.LocalDistributedCacheManager: Creating symlink: /tmp/hadoop-ds503/mapred/local/1772421342358/centers_iter_26.csv <- /home/ds503/centers_iter_26.csv
26/03/02 03:15:42 INFO mapred.LocalDistributedCacheManager: Localized hdfs://localhost:9000/project2/task2/runs_true_k/k5_r30_opt_centers/centers_iter_26.csv as file:/tmp/hadoop-ds503/mapred/local/1772421342358/centers_iter_26.csv
26/03/02 03:15:42 INFO mapreduce.Job: The url to track the job: http://localhost:8080/
26/03/02 03:15:42 INFO mapreduce.Job: Running job: job_local1496637197_0027
26/03/02 03:15:42 INFO mapred.LocalJobRunner: OutputCommitter set in config null
26/03/02 03:15:42 INFO output.FileOutputCommitter: File Output Committer Algorithm version is 1
26/03/02 03:15:42 INFO mapred.LocalJobRunner: OutputCommitter is org.apache.hadoop.mapreduce.lib.output.FileOutputCommitter
26/03/02 03:15:42 INFO mapred.LocalJobRunner: Waiting for map tasks
26/03/02 03:15:42 INFO mapred.LocalJobRunner: Starting task: attempt_local1496637197_0027_m_000000_0
26/03/02 03:15:42 INFO output.FileOutputCommitter: File Output Committer Algorithm version is 1
26/03/02 03:15:42 INFO mapred.Task:  Using ResourceCalculatorProcessTree : [ ]
26/03/02 03:15:42 INFO mapred.MapTask: Processing split: hdfs://localhost:9000/project2/task2/input/points_4d.csv:0+733758
26/03/02 03:15:42 INFO mapred.MapTask: (EQUATOR) 0 kvi 26214396(104857584)
26/03/02 03:15:42 INFO mapred.MapTask: mapreduce.task.io.sort.mb: 100
26/03/02 03:15:42 INFO mapred.MapTask: soft limit at 83886080
26/03/02 03:15:42 INFO mapred.MapTask: bufstart = 0; bufvoid = 104857600
26/03/02 03:15:42 INFO mapred.MapTask: kvstart = 26214396; length = 6553600
26/03/02 03:15:42 INFO mapred.MapTask: Map output collector class = org.apache.hadoop.mapred.MapTask$MapOutputBuffer
26/03/02 03:15:42 INFO mapred.LocalJobRunner: 
26/03/02 03:15:42 INFO mapred.MapTask: Starting flush of map output
26/03/02 03:15:42 INFO mapred.MapTask: Spilling map output
26/03/02 03:15:42 INFO mapred.MapTask: bufstart = 0; bufend = 520000; bufvoid = 104857600
26/03/02 03:15:42 INFO mapred.MapTask: kvstart = 26214396(104857584); kvend = 26174400(104697600); length = 39997/6553600
26/03/02 03:15:42 INFO mapred.MapTask: Finished spill 0
26/03/02 03:15:42 INFO mapred.Task: Task:attempt_local1496637197_0027_m_000000_0 is done. And is in the process of committing
26/03/02 03:15:42 INFO mapred.LocalJobRunner: map
26/03/02 03:15:42 INFO mapred.Task: Task 'attempt_local1496637197_0027_m_000000_0' done.
26/03/02 03:15:42 INFO mapred.Task: Final Counters for attempt_local1496637197_0027_m_000000_0: Counters: 23
	File System Counters
		FILE: Number of bytes read=3938422
		FILE: Number of bytes written=11915250
		FILE: Number of read operations=0
		FILE: Number of large read operations=0
		FILE: Number of write operations=0
		HDFS: Number of bytes read=19868405
		HDFS: Number of bytes written=23380
		HDFS: Number of read operations=1477
		HDFS: Number of large read operations=0
		HDFS: Number of write operations=474
	Map-Reduce Framework
		Map input records=10000
		Map output records=10000
		Map output bytes=520000
		Map output materialized bytes=294
		Input split bytes=121
		Combine input records=10000
		Combine output records=5
		Spilled Records=5
		Failed Shuffles=0
		Merged Map outputs=0
		GC time elapsed (ms)=0
		Total committed heap usage (bytes)=527958016
	File Input Format Counters 
		Bytes Read=733758
26/03/02 03:15:42 INFO mapred.LocalJobRunner: Finishing task: attempt_local1496637197_0027_m_000000_0
26/03/02 03:15:42 INFO mapred.LocalJobRunner: map task executor complete.
26/03/02 03:15:42 INFO mapred.LocalJobRunner: Waiting for reduce tasks
26/03/02 03:15:42 INFO mapred.LocalJobRunner: Starting task: attempt_local1496637197_0027_r_000000_0
26/03/02 03:15:42 INFO output.FileOutputCommitter: File Output Committer Algorithm version is 1
26/03/02 03:15:42 INFO mapred.Task:  Using ResourceCalculatorProcessTree : [ ]
26/03/02 03:15:42 INFO mapred.ReduceTask: Using ShuffleConsumerPlugin: org.apache.hadoop.mapreduce.task.reduce.Shuffle@7a0e6a4
26/03/02 03:15:42 INFO reduce.MergeManagerImpl: MergerManager: memoryLimit=369570592, maxSingleShuffleLimit=92392648, mergeThreshold=243916608, ioSortFactor=10, memToMemMergeOutputsThreshold=10
26/03/02 03:15:42 INFO reduce.EventFetcher: attempt_local1496637197_0027_r_000000_0 Thread started: EventFetcher for fetching Map Completion Events
26/03/02 03:15:42 INFO reduce.LocalFetcher: localfetcher#105 about to shuffle output of map attempt_local1496637197_0027_m_000000_0 decomp: 110 len: 114 to MEMORY
26/03/02 03:15:42 INFO reduce.InMemoryMapOutput: Read 110 bytes from map-output for attempt_local1496637197_0027_m_000000_0
26/03/02 03:15:42 INFO reduce.MergeManagerImpl: closeInMemoryFile -> map-output of size: 110, inMemoryMapOutputs.size() -> 1, commitMemory -> 0, usedMemory ->110
26/03/02 03:15:42 INFO reduce.EventFetcher: EventFetcher is interrupted.. Returning
26/03/02 03:15:42 INFO mapred.LocalJobRunner: 1 / 1 copied.
26/03/02 03:15:42 INFO reduce.MergeManagerImpl: finalMerge called with 1 in-memory map-outputs and 0 on-disk map-outputs
26/03/02 03:15:42 INFO mapred.Merger: Merging 1 sorted segments
26/03/02 03:15:42 INFO mapred.Merger: Down to the last merge-pass, with 1 segments left of total size: 104 bytes
26/03/02 03:15:42 INFO reduce.MergeManagerImpl: Merged 1 segments, 110 bytes to disk to satisfy reduce memory limit
26/03/02 03:15:42 INFO reduce.MergeManagerImpl: Merging 1 files, 114 bytes from disk
26/03/02 03:15:42 INFO reduce.MergeManagerImpl: Merging 0 segments, 0 bytes from memory into reduce
26/03/02 03:15:42 INFO mapred.Merger: Merging 1 sorted segments
26/03/02 03:15:42 INFO mapred.Merger: Down to the last merge-pass, with 1 segments left of total size: 104 bytes
26/03/02 03:15:42 INFO mapred.LocalJobRunner: 1 / 1 copied.
26/03/02 03:15:42 INFO mapred.Task: Task:attempt_local1496637197_0027_r_000000_0 is done. And is in the process of committing
26/03/02 03:15:42 INFO mapred.LocalJobRunner: 1 / 1 copied.
26/03/02 03:15:42 INFO mapred.Task: Task attempt_local1496637197_0027_r_000000_0 is allowed to commit now
26/03/02 03:15:42 INFO output.FileOutputCommitter: Saved output of task 'attempt_local1496637197_0027_r_000000_0' to hdfs://localhost:9000/project2/task2/runs_true_k/k5_r30_opt_centers/iter_27/_temporary/0/task_local1496637197_0027_r_000000
26/03/02 03:15:42 INFO mapred.LocalJobRunner: reduce > reduce
26/03/02 03:15:42 INFO mapred.Task: Task 'attempt_local1496637197_0027_r_000000_0' done.
26/03/02 03:15:42 INFO mapred.Task: Final Counters for attempt_local1496637197_0027_r_000000_0: Counters: 29
	File System Counters
		FILE: Number of bytes read=3938934
		FILE: Number of bytes written=11915364
		FILE: Number of read operations=0
		FILE: Number of large read operations=0
		FILE: Number of write operations=0
		HDFS: Number of bytes read=19868405
		HDFS: Number of bytes written=23584
		HDFS: Number of read operations=1480
		HDFS: Number of large read operations=0
		HDFS: Number of write operations=476
	Map-Reduce Framework
		Combine input records=0
		Combine output records=0
		Reduce input groups=2
		Reduce shuffle bytes=114
		Reduce input records=2
		Reduce output records=2
		Spilled Records=2
		Shuffled Maps =1
		Failed Shuffles=0
		Merged Map outputs=1
		GC time elapsed (ms)=0
		Total committed heap usage (bytes)=527958016
	Shuffle Errors
		BAD_ID=0
		CONNECTION=0
		IO_ERROR=0
		WRONG_LENGTH=0
		WRONG_MAP=0
		WRONG_REDUCE=0
	File Output Format Counters 
		Bytes Written=204
26/03/02 03:15:42 INFO mapred.LocalJobRunner: Finishing task: attempt_local1496637197_0027_r_000000_0
26/03/02 03:15:42 INFO mapred.LocalJobRunner: Starting task: attempt_local1496637197_0027_r_000001_0
26/03/02 03:15:42 INFO output.FileOutputCommitter: File Output Committer Algorithm version is 1
26/03/02 03:15:42 INFO mapred.Task:  Using ResourceCalculatorProcessTree : [ ]
26/03/02 03:15:42 INFO mapred.ReduceTask: Using ShuffleConsumerPlugin: org.apache.hadoop.mapreduce.task.reduce.Shuffle@484f5872
26/03/02 03:15:42 INFO reduce.MergeManagerImpl: MergerManager: memoryLimit=369570592, maxSingleShuffleLimit=92392648, mergeThreshold=243916608, ioSortFactor=10, memToMemMergeOutputsThreshold=10
26/03/02 03:15:42 INFO reduce.EventFetcher: attempt_local1496637197_0027_r_000001_0 Thread started: EventFetcher for fetching Map Completion Events
26/03/02 03:15:42 INFO reduce.LocalFetcher: localfetcher#106 about to shuffle output of map attempt_local1496637197_0027_m_000000_0 decomp: 56 len: 60 to MEMORY
26/03/02 03:15:42 INFO reduce.InMemoryMapOutput: Read 56 bytes from map-output for attempt_local1496637197_0027_m_000000_0
26/03/02 03:15:42 INFO reduce.MergeManagerImpl: closeInMemoryFile -> map-output of size: 56, inMemoryMapOutputs.size() -> 1, commitMemory -> 0, usedMemory ->56
26/03/02 03:15:42 INFO reduce.EventFetcher: EventFetcher is interrupted.. Returning
26/03/02 03:15:42 INFO mapred.LocalJobRunner: 1 / 1 copied.
26/03/02 03:15:42 INFO reduce.MergeManagerImpl: finalMerge called with 1 in-memory map-outputs and 0 on-disk map-outputs
26/03/02 03:15:42 INFO mapred.Merger: Merging 1 sorted segments
26/03/02 03:15:42 INFO mapred.Merger: Down to the last merge-pass, with 1 segments left of total size: 50 bytes
26/03/02 03:15:42 INFO reduce.MergeManagerImpl: Merged 1 segments, 56 bytes to disk to satisfy reduce memory limit
26/03/02 03:15:42 INFO reduce.MergeManagerImpl: Merging 1 files, 60 bytes from disk
26/03/02 03:15:42 INFO reduce.MergeManagerImpl: Merging 0 segments, 0 bytes from memory into reduce
26/03/02 03:15:42 INFO mapred.Merger: Merging 1 sorted segments
26/03/02 03:15:42 INFO mapred.Merger: Down to the last merge-pass, with 1 segments left of total size: 50 bytes
26/03/02 03:15:42 INFO mapred.LocalJobRunner: 1 / 1 copied.
26/03/02 03:15:43 INFO mapred.Task: Task:attempt_local1496637197_0027_r_000001_0 is done. And is in the process of committing
26/03/02 03:15:43 INFO mapred.LocalJobRunner: 1 / 1 copied.
26/03/02 03:15:43 INFO mapred.Task: Task attempt_local1496637197_0027_r_000001_0 is allowed to commit now
26/03/02 03:15:43 INFO output.FileOutputCommitter: Saved output of task 'attempt_local1496637197_0027_r_000001_0' to hdfs://localhost:9000/project2/task2/runs_true_k/k5_r30_opt_centers/iter_27/_temporary/0/task_local1496637197_0027_r_000001
26/03/02 03:15:43 INFO mapred.LocalJobRunner: reduce > reduce
26/03/02 03:15:43 INFO mapred.Task: Task 'attempt_local1496637197_0027_r_000001_0' done.
26/03/02 03:15:43 INFO mapred.Task: Final Counters for attempt_local1496637197_0027_r_000001_0: Counters: 29
	File System Counters
		FILE: Number of bytes read=3939278
		FILE: Number of bytes written=11915424
		FILE: Number of read operations=0
		FILE: Number of large read operations=0
		FILE: Number of write operations=0
		HDFS: Number of bytes read=19868405
		HDFS: Number of bytes written=23685
		HDFS: Number of read operations=1483
		HDFS: Number of large read operations=0
		HDFS: Number of write operations=478
	Map-Reduce Framework
		Combine input records=0
		Combine output records=0
		Reduce input groups=1
		Reduce shuffle bytes=60
		Reduce input records=1
		Reduce output records=1
		Spilled Records=1
		Shuffled Maps =1
		Failed Shuffles=0
		Merged Map outputs=1
		GC time elapsed (ms)=0
		Total committed heap usage (bytes)=527958016
	Shuffle Errors
		BAD_ID=0
		CONNECTION=0
		IO_ERROR=0
		WRONG_LENGTH=0
		WRONG_MAP=0
		WRONG_REDUCE=0
	File Output Format Counters 
		Bytes Written=101
26/03/02 03:15:43 INFO mapred.LocalJobRunner: Finishing task: attempt_local1496637197_0027_r_000001_0
26/03/02 03:15:43 INFO mapred.LocalJobRunner: Starting task: attempt_local1496637197_0027_r_000002_0
26/03/02 03:15:43 INFO output.FileOutputCommitter: File Output Committer Algorithm version is 1
26/03/02 03:15:43 INFO mapred.Task:  Using ResourceCalculatorProcessTree : [ ]
26/03/02 03:15:43 INFO mapred.ReduceTask: Using ShuffleConsumerPlugin: org.apache.hadoop.mapreduce.task.reduce.Shuffle@30a76b81
26/03/02 03:15:43 INFO reduce.MergeManagerImpl: MergerManager: memoryLimit=369570592, maxSingleShuffleLimit=92392648, mergeThreshold=243916608, ioSortFactor=10, memToMemMergeOutputsThreshold=10
26/03/02 03:15:43 INFO reduce.EventFetcher: attempt_local1496637197_0027_r_000002_0 Thread started: EventFetcher for fetching Map Completion Events
26/03/02 03:15:43 INFO reduce.LocalFetcher: localfetcher#107 about to shuffle output of map attempt_local1496637197_0027_m_000000_0 decomp: 56 len: 60 to MEMORY
26/03/02 03:15:43 INFO reduce.InMemoryMapOutput: Read 56 bytes from map-output for attempt_local1496637197_0027_m_000000_0
26/03/02 03:15:43 INFO reduce.MergeManagerImpl: closeInMemoryFile -> map-output of size: 56, inMemoryMapOutputs.size() -> 1, commitMemory -> 0, usedMemory ->56
26/03/02 03:15:43 INFO reduce.EventFetcher: EventFetcher is interrupted.. Returning
26/03/02 03:15:43 INFO mapred.LocalJobRunner: 1 / 1 copied.
26/03/02 03:15:43 INFO reduce.MergeManagerImpl: finalMerge called with 1 in-memory map-outputs and 0 on-disk map-outputs
26/03/02 03:15:43 INFO mapred.Merger: Merging 1 sorted segments
26/03/02 03:15:43 INFO mapred.Merger: Down to the last merge-pass, with 1 segments left of total size: 50 bytes
26/03/02 03:15:43 INFO reduce.MergeManagerImpl: Merged 1 segments, 56 bytes to disk to satisfy reduce memory limit
26/03/02 03:15:43 INFO reduce.MergeManagerImpl: Merging 1 files, 60 bytes from disk
26/03/02 03:15:43 INFO reduce.MergeManagerImpl: Merging 0 segments, 0 bytes from memory into reduce
26/03/02 03:15:43 INFO mapred.Merger: Merging 1 sorted segments
26/03/02 03:15:43 INFO mapred.Merger: Down to the last merge-pass, with 1 segments left of total size: 50 bytes
26/03/02 03:15:43 INFO mapred.LocalJobRunner: 1 / 1 copied.
26/03/02 03:15:43 INFO mapreduce.Job: Job job_local1496637197_0027 running in uber mode : false
26/03/02 03:15:43 INFO mapreduce.Job:  map 100% reduce 50%
26/03/02 03:15:43 INFO mapred.Task: Task:attempt_local1496637197_0027_r_000002_0 is done. And is in the process of committing
26/03/02 03:15:43 INFO mapred.LocalJobRunner: 1 / 1 copied.
26/03/02 03:15:43 INFO mapred.Task: Task attempt_local1496637197_0027_r_000002_0 is allowed to commit now
26/03/02 03:15:43 INFO output.FileOutputCommitter: Saved output of task 'attempt_local1496637197_0027_r_000002_0' to hdfs://localhost:9000/project2/task2/runs_true_k/k5_r30_opt_centers/iter_27/_temporary/0/task_local1496637197_0027_r_000002
26/03/02 03:15:43 INFO mapred.LocalJobRunner: reduce > reduce
26/03/02 03:15:43 INFO mapred.Task: Task 'attempt_local1496637197_0027_r_000002_0' done.
26/03/02 03:15:43 INFO mapred.Task: Final Counters for attempt_local1496637197_0027_r_000002_0: Counters: 29
	File System Counters
		FILE: Number of bytes read=3939562
		FILE: Number of bytes written=11915484
		FILE: Number of read operations=0
		FILE: Number of large read operations=0
		FILE: Number of write operations=0
		HDFS: Number of bytes read=19868405
		HDFS: Number of bytes written=23786
		HDFS: Number of read operations=1486
		HDFS: Number of large read operations=0
		HDFS: Number of write operations=480
	Map-Reduce Framework
		Combine input records=0
		Combine output records=0
		Reduce input groups=1
		Reduce shuffle bytes=60
		Reduce input records=1
		Reduce output records=1
		Spilled Records=1
		Shuffled Maps =1
		Failed Shuffles=0
		Merged Map outputs=1
		GC time elapsed (ms)=0
		Total committed heap usage (bytes)=527958016
	Shuffle Errors
		BAD_ID=0
		CONNECTION=0
		IO_ERROR=0
		WRONG_LENGTH=0
		WRONG_MAP=0
		WRONG_REDUCE=0
	File Output Format Counters 
		Bytes Written=101
26/03/02 03:15:43 INFO mapred.LocalJobRunner: Finishing task: attempt_local1496637197_0027_r_000002_0
26/03/02 03:15:43 INFO mapred.LocalJobRunner: Starting task: attempt_local1496637197_0027_r_000003_0
26/03/02 03:15:43 INFO output.FileOutputCommitter: File Output Committer Algorithm version is 1
26/03/02 03:15:43 INFO mapred.Task:  Using ResourceCalculatorProcessTree : [ ]
26/03/02 03:15:43 INFO mapred.ReduceTask: Using ShuffleConsumerPlugin: org.apache.hadoop.mapreduce.task.reduce.Shuffle@1a4bace0
26/03/02 03:15:43 INFO reduce.MergeManagerImpl: MergerManager: memoryLimit=369570592, maxSingleShuffleLimit=92392648, mergeThreshold=243916608, ioSortFactor=10, memToMemMergeOutputsThreshold=10
26/03/02 03:15:43 INFO reduce.EventFetcher: attempt_local1496637197_0027_r_000003_0 Thread started: EventFetcher for fetching Map Completion Events
26/03/02 03:15:43 INFO reduce.LocalFetcher: localfetcher#108 about to shuffle output of map attempt_local1496637197_0027_m_000000_0 decomp: 56 len: 60 to MEMORY
26/03/02 03:15:43 INFO reduce.InMemoryMapOutput: Read 56 bytes from map-output for attempt_local1496637197_0027_m_000000_0
26/03/02 03:15:43 INFO reduce.MergeManagerImpl: closeInMemoryFile -> map-output of size: 56, inMemoryMapOutputs.size() -> 1, commitMemory -> 0, usedMemory ->56
26/03/02 03:15:43 WARN io.ReadaheadPool: Failed readahead on ifile
EBADF: Bad file descriptor
	at org.apache.hadoop.io.nativeio.NativeIO$POSIX.posix_fadvise(Native Method)
	at org.apache.hadoop.io.nativeio.NativeIO$POSIX.posixFadviseIfPossible(NativeIO.java:267)
	at org.apache.hadoop.io.nativeio.NativeIO$POSIX$CacheManipulator.posixFadviseIfPossible(NativeIO.java:146)
	at org.apache.hadoop.io.ReadaheadPool$ReadaheadRequestImpl.run(ReadaheadPool.java:206)
	at java.util.concurrent.ThreadPoolExecutor.runWorker(ThreadPoolExecutor.java:1149)
	at java.util.concurrent.ThreadPoolExecutor$Worker.run(ThreadPoolExecutor.java:624)
	at java.lang.Thread.run(Thread.java:748)
26/03/02 03:15:43 INFO reduce.EventFetcher: EventFetcher is interrupted.. Returning
26/03/02 03:15:43 INFO mapred.LocalJobRunner: 1 / 1 copied.
26/03/02 03:15:43 INFO reduce.MergeManagerImpl: finalMerge called with 1 in-memory map-outputs and 0 on-disk map-outputs
26/03/02 03:15:43 INFO mapred.Merger: Merging 1 sorted segments
26/03/02 03:15:43 INFO mapred.Merger: Down to the last merge-pass, with 1 segments left of total size: 50 bytes
26/03/02 03:15:43 INFO reduce.MergeManagerImpl: Merged 1 segments, 56 bytes to disk to satisfy reduce memory limit
26/03/02 03:15:43 INFO reduce.MergeManagerImpl: Merging 1 files, 60 bytes from disk
26/03/02 03:15:43 INFO reduce.MergeManagerImpl: Merging 0 segments, 0 bytes from memory into reduce
26/03/02 03:15:43 INFO mapred.Merger: Merging 1 sorted segments
26/03/02 03:15:43 INFO mapred.Merger: Down to the last merge-pass, with 1 segments left of total size: 50 bytes
26/03/02 03:15:43 INFO mapred.LocalJobRunner: 1 / 1 copied.
26/03/02 03:15:44 INFO mapred.Task: Task:attempt_local1496637197_0027_r_000003_0 is done. And is in the process of committing
26/03/02 03:15:44 INFO mapred.LocalJobRunner: 1 / 1 copied.
26/03/02 03:15:44 INFO mapred.Task: Task attempt_local1496637197_0027_r_000003_0 is allowed to commit now
26/03/02 03:15:44 INFO output.FileOutputCommitter: Saved output of task 'attempt_local1496637197_0027_r_000003_0' to hdfs://localhost:9000/project2/task2/runs_true_k/k5_r30_opt_centers/iter_27/_temporary/0/task_local1496637197_0027_r_000003
26/03/02 03:15:44 INFO mapred.LocalJobRunner: reduce > reduce
26/03/02 03:15:44 INFO mapred.Task: Task 'attempt_local1496637197_0027_r_000003_0' done.
26/03/02 03:15:44 INFO mapred.Task: Final Counters for attempt_local1496637197_0027_r_000003_0: Counters: 29
	File System Counters
		FILE: Number of bytes read=3939786
		FILE: Number of bytes written=11915544
		FILE: Number of read operations=0
		FILE: Number of large read operations=0
		FILE: Number of write operations=0
		HDFS: Number of bytes read=19868405
		HDFS: Number of bytes written=23889
		HDFS: Number of read operations=1489
		HDFS: Number of large read operations=0
		HDFS: Number of write operations=482
	Map-Reduce Framework
		Combine input records=0
		Combine output records=0
		Reduce input groups=1
		Reduce shuffle bytes=60
		Reduce input records=1
		Reduce output records=1
		Spilled Records=1
		Shuffled Maps =1
		Failed Shuffles=0
		Merged Map outputs=1
		GC time elapsed (ms)=0
		Total committed heap usage (bytes)=527958016
	Shuffle Errors
		BAD_ID=0
		CONNECTION=0
		IO_ERROR=0
		WRONG_LENGTH=0
		WRONG_MAP=0
		WRONG_REDUCE=0
	File Output Format Counters 
		Bytes Written=103
26/03/02 03:15:44 INFO mapred.LocalJobRunner: Finishing task: attempt_local1496637197_0027_r_000003_0
26/03/02 03:15:44 INFO mapred.LocalJobRunner: reduce task executor complete.
26/03/02 03:15:44 INFO mapreduce.Job:  map 100% reduce 100%
26/03/02 03:15:44 INFO mapreduce.Job: Job job_local1496637197_0027 completed successfully
26/03/02 03:15:44 INFO mapreduce.Job: Counters: 35
	File System Counters
		FILE: Number of bytes read=19695982
		FILE: Number of bytes written=59577066
		FILE: Number of read operations=0
		FILE: Number of large read operations=0
		FILE: Number of write operations=0
		HDFS: Number of bytes read=99342025
		HDFS: Number of bytes written=118324
		HDFS: Number of read operations=7415
		HDFS: Number of large read operations=0
		HDFS: Number of write operations=2390
	Map-Reduce Framework
		Map input records=10000
		Map output records=10000
		Map output bytes=520000
		Map output materialized bytes=294
		Input split bytes=121
		Combine input records=10000
		Combine output records=5
		Reduce input groups=5
		Reduce shuffle bytes=294
		Reduce input records=5
		Reduce output records=5
		Spilled Records=10
		Shuffled Maps =4
		Failed Shuffles=0
		Merged Map outputs=4
		GC time elapsed (ms)=0
		Total committed heap usage (bytes)=2639790080
	Shuffle Errors
		BAD_ID=0
		CONNECTION=0
		IO_ERROR=0
		WRONG_LENGTH=0
		WRONG_MAP=0
		WRONG_REDUCE=0
	File Input Format Counters 
		Bytes Read=733758
	File Output Format Counters 
		Bytes Written=509
26/03/02 03:15:44 INFO jvm.JvmMetrics: Cannot initialize JVM Metrics with processName=JobTracker, sessionId= - already initialized
26/03/02 03:15:44 WARN mapreduce.JobResourceUploader: Hadoop command-line option parsing not performed. Implement the Tool interface and execute your application with ToolRunner to remedy this.
26/03/02 03:15:44 INFO input.FileInputFormat: Total input paths to process : 1
26/03/02 03:15:44 INFO mapreduce.JobSubmitter: number of splits:1
26/03/02 03:15:44 INFO mapreduce.JobSubmitter: Submitting tokens for job: job_local1084629860_0028
26/03/02 03:15:44 INFO mapred.LocalDistributedCacheManager: Creating symlink: /tmp/hadoop-ds503/mapred/local/1772421344437/centers_iter_27.csv <- /home/ds503/centers_iter_27.csv
26/03/02 03:15:44 INFO mapred.LocalDistributedCacheManager: Localized hdfs://localhost:9000/project2/task2/runs_true_k/k5_r30_opt_centers/centers_iter_27.csv as file:/tmp/hadoop-ds503/mapred/local/1772421344437/centers_iter_27.csv
26/03/02 03:15:44 INFO mapreduce.Job: The url to track the job: http://localhost:8080/
26/03/02 03:15:44 INFO mapreduce.Job: Running job: job_local1084629860_0028
26/03/02 03:15:44 INFO mapred.LocalJobRunner: OutputCommitter set in config null
26/03/02 03:15:44 INFO output.FileOutputCommitter: File Output Committer Algorithm version is 1
26/03/02 03:15:44 INFO mapred.LocalJobRunner: OutputCommitter is org.apache.hadoop.mapreduce.lib.output.FileOutputCommitter
26/03/02 03:15:44 INFO mapred.LocalJobRunner: Waiting for map tasks
26/03/02 03:15:44 INFO mapred.LocalJobRunner: Starting task: attempt_local1084629860_0028_m_000000_0
26/03/02 03:15:44 INFO output.FileOutputCommitter: File Output Committer Algorithm version is 1
26/03/02 03:15:44 INFO mapred.Task:  Using ResourceCalculatorProcessTree : [ ]
26/03/02 03:15:44 INFO mapred.MapTask: Processing split: hdfs://localhost:9000/project2/task2/input/points_4d.csv:0+733758
26/03/02 03:15:44 INFO mapred.MapTask: (EQUATOR) 0 kvi 26214396(104857584)
26/03/02 03:15:44 INFO mapred.MapTask: mapreduce.task.io.sort.mb: 100
26/03/02 03:15:44 INFO mapred.MapTask: soft limit at 83886080
26/03/02 03:15:44 INFO mapred.MapTask: bufstart = 0; bufvoid = 104857600
26/03/02 03:15:44 INFO mapred.MapTask: kvstart = 26214396; length = 6553600
26/03/02 03:15:44 INFO mapred.MapTask: Map output collector class = org.apache.hadoop.mapred.MapTask$MapOutputBuffer
26/03/02 03:15:44 INFO mapred.LocalJobRunner: 
26/03/02 03:15:44 INFO mapred.MapTask: Starting flush of map output
26/03/02 03:15:44 INFO mapred.MapTask: Spilling map output
26/03/02 03:15:44 INFO mapred.MapTask: bufstart = 0; bufend = 520000; bufvoid = 104857600
26/03/02 03:15:44 INFO mapred.MapTask: kvstart = 26214396(104857584); kvend = 26174400(104697600); length = 39997/6553600
26/03/02 03:15:44 INFO mapred.MapTask: Finished spill 0
26/03/02 03:15:44 INFO mapred.Task: Task:attempt_local1084629860_0028_m_000000_0 is done. And is in the process of committing
26/03/02 03:15:44 INFO mapred.LocalJobRunner: map
26/03/02 03:15:44 INFO mapred.Task: Task 'attempt_local1084629860_0028_m_000000_0' done.
26/03/02 03:15:44 INFO mapred.Task: Final Counters for attempt_local1084629860_0028_m_000000_0: Counters: 23
	File System Counters
		FILE: Number of bytes read=4084340
		FILE: Number of bytes written=12357629
		FILE: Number of read operations=0
		FILE: Number of large read operations=0
		FILE: Number of write operations=0
		HDFS: Number of bytes read=20604313
		HDFS: Number of bytes written=24268
		HDFS: Number of read operations=1533
		HDFS: Number of large read operations=0
		HDFS: Number of write operations=492
	Map-Reduce Framework
		Map input records=10000
		Map output records=10000
		Map output bytes=520000
		Map output materialized bytes=294
		Input split bytes=121
		Combine input records=10000
		Combine output records=5
		Spilled Records=5
		Failed Shuffles=0
		Merged Map outputs=0
		GC time elapsed (ms)=24
		Total committed heap usage (bytes)=527958016
	File Input Format Counters 
		Bytes Read=733758
26/03/02 03:15:44 INFO mapred.LocalJobRunner: Finishing task: attempt_local1084629860_0028_m_000000_0
26/03/02 03:15:44 INFO mapred.LocalJobRunner: map task executor complete.
26/03/02 03:15:44 INFO mapred.LocalJobRunner: Waiting for reduce tasks
26/03/02 03:15:44 INFO mapred.LocalJobRunner: Starting task: attempt_local1084629860_0028_r_000000_0
26/03/02 03:15:44 INFO output.FileOutputCommitter: File Output Committer Algorithm version is 1
26/03/02 03:15:44 INFO mapred.Task:  Using ResourceCalculatorProcessTree : [ ]
26/03/02 03:15:44 INFO mapred.ReduceTask: Using ShuffleConsumerPlugin: org.apache.hadoop.mapreduce.task.reduce.Shuffle@7b8a8177
26/03/02 03:15:44 INFO reduce.MergeManagerImpl: MergerManager: memoryLimit=369570592, maxSingleShuffleLimit=92392648, mergeThreshold=243916608, ioSortFactor=10, memToMemMergeOutputsThreshold=10
26/03/02 03:15:44 INFO reduce.EventFetcher: attempt_local1084629860_0028_r_000000_0 Thread started: EventFetcher for fetching Map Completion Events
26/03/02 03:15:44 INFO reduce.LocalFetcher: localfetcher#109 about to shuffle output of map attempt_local1084629860_0028_m_000000_0 decomp: 110 len: 114 to MEMORY
26/03/02 03:15:44 INFO reduce.InMemoryMapOutput: Read 110 bytes from map-output for attempt_local1084629860_0028_m_000000_0
26/03/02 03:15:44 INFO reduce.MergeManagerImpl: closeInMemoryFile -> map-output of size: 110, inMemoryMapOutputs.size() -> 1, commitMemory -> 0, usedMemory ->110
26/03/02 03:15:44 INFO reduce.EventFetcher: EventFetcher is interrupted.. Returning
26/03/02 03:15:44 INFO mapred.LocalJobRunner: 1 / 1 copied.
26/03/02 03:15:44 INFO reduce.MergeManagerImpl: finalMerge called with 1 in-memory map-outputs and 0 on-disk map-outputs
26/03/02 03:15:44 INFO mapred.Merger: Merging 1 sorted segments
26/03/02 03:15:44 INFO mapred.Merger: Down to the last merge-pass, with 1 segments left of total size: 104 bytes
26/03/02 03:15:44 INFO reduce.MergeManagerImpl: Merged 1 segments, 110 bytes to disk to satisfy reduce memory limit
26/03/02 03:15:44 INFO reduce.MergeManagerImpl: Merging 1 files, 114 bytes from disk
26/03/02 03:15:44 INFO reduce.MergeManagerImpl: Merging 0 segments, 0 bytes from memory into reduce
26/03/02 03:15:44 INFO mapred.Merger: Merging 1 sorted segments
26/03/02 03:15:44 INFO mapred.Merger: Down to the last merge-pass, with 1 segments left of total size: 104 bytes
26/03/02 03:15:44 INFO mapred.LocalJobRunner: 1 / 1 copied.
26/03/02 03:15:44 INFO mapred.Task: Task:attempt_local1084629860_0028_r_000000_0 is done. And is in the process of committing
26/03/02 03:15:44 INFO mapred.LocalJobRunner: 1 / 1 copied.
26/03/02 03:15:44 INFO mapred.Task: Task attempt_local1084629860_0028_r_000000_0 is allowed to commit now
26/03/02 03:15:44 INFO output.FileOutputCommitter: Saved output of task 'attempt_local1084629860_0028_r_000000_0' to hdfs://localhost:9000/project2/task2/runs_true_k/k5_r30_opt_centers/iter_28/_temporary/0/task_local1084629860_0028_r_000000
26/03/02 03:15:44 INFO mapred.LocalJobRunner: reduce > reduce
26/03/02 03:15:44 INFO mapred.Task: Task 'attempt_local1084629860_0028_r_000000_0' done.
26/03/02 03:15:44 INFO mapred.Task: Final Counters for attempt_local1084629860_0028_r_000000_0: Counters: 29
	File System Counters
		FILE: Number of bytes read=4084852
		FILE: Number of bytes written=12357743
		FILE: Number of read operations=0
		FILE: Number of large read operations=0
		FILE: Number of write operations=0
		HDFS: Number of bytes read=20604313
		HDFS: Number of bytes written=24473
		HDFS: Number of read operations=1536
		HDFS: Number of large read operations=0
		HDFS: Number of write operations=494
	Map-Reduce Framework
		Combine input records=0
		Combine output records=0
		Reduce input groups=2
		Reduce shuffle bytes=114
		Reduce input records=2
		Reduce output records=2
		Spilled Records=2
		Shuffled Maps =1
		Failed Shuffles=0
		Merged Map outputs=1
		GC time elapsed (ms)=0
		Total committed heap usage (bytes)=527958016
	Shuffle Errors
		BAD_ID=0
		CONNECTION=0
		IO_ERROR=0
		WRONG_LENGTH=0
		WRONG_MAP=0
		WRONG_REDUCE=0
	File Output Format Counters 
		Bytes Written=205
26/03/02 03:15:44 INFO mapred.LocalJobRunner: Finishing task: attempt_local1084629860_0028_r_000000_0
26/03/02 03:15:44 INFO mapred.LocalJobRunner: Starting task: attempt_local1084629860_0028_r_000001_0
26/03/02 03:15:44 INFO output.FileOutputCommitter: File Output Committer Algorithm version is 1
26/03/02 03:15:44 INFO mapred.Task:  Using ResourceCalculatorProcessTree : [ ]
26/03/02 03:15:44 INFO mapred.ReduceTask: Using ShuffleConsumerPlugin: org.apache.hadoop.mapreduce.task.reduce.Shuffle@1bded48d
26/03/02 03:15:44 INFO reduce.MergeManagerImpl: MergerManager: memoryLimit=369570592, maxSingleShuffleLimit=92392648, mergeThreshold=243916608, ioSortFactor=10, memToMemMergeOutputsThreshold=10
26/03/02 03:15:44 INFO reduce.EventFetcher: attempt_local1084629860_0028_r_000001_0 Thread started: EventFetcher for fetching Map Completion Events
26/03/02 03:15:44 INFO reduce.LocalFetcher: localfetcher#110 about to shuffle output of map attempt_local1084629860_0028_m_000000_0 decomp: 56 len: 60 to MEMORY
26/03/02 03:15:44 INFO reduce.InMemoryMapOutput: Read 56 bytes from map-output for attempt_local1084629860_0028_m_000000_0
26/03/02 03:15:44 INFO reduce.MergeManagerImpl: closeInMemoryFile -> map-output of size: 56, inMemoryMapOutputs.size() -> 1, commitMemory -> 0, usedMemory ->56
26/03/02 03:15:44 INFO reduce.EventFetcher: EventFetcher is interrupted.. Returning
26/03/02 03:15:44 INFO mapred.LocalJobRunner: 1 / 1 copied.
26/03/02 03:15:44 INFO reduce.MergeManagerImpl: finalMerge called with 1 in-memory map-outputs and 0 on-disk map-outputs
26/03/02 03:15:44 INFO mapred.Merger: Merging 1 sorted segments
26/03/02 03:15:44 INFO mapred.Merger: Down to the last merge-pass, with 1 segments left of total size: 50 bytes
26/03/02 03:15:44 INFO reduce.MergeManagerImpl: Merged 1 segments, 56 bytes to disk to satisfy reduce memory limit
26/03/02 03:15:44 INFO reduce.MergeManagerImpl: Merging 1 files, 60 bytes from disk
26/03/02 03:15:44 INFO reduce.MergeManagerImpl: Merging 0 segments, 0 bytes from memory into reduce
26/03/02 03:15:44 INFO mapred.Merger: Merging 1 sorted segments
26/03/02 03:15:44 INFO mapred.Merger: Down to the last merge-pass, with 1 segments left of total size: 50 bytes
26/03/02 03:15:44 INFO mapred.LocalJobRunner: 1 / 1 copied.
26/03/02 03:15:44 INFO mapred.Task: Task:attempt_local1084629860_0028_r_000001_0 is done. And is in the process of committing
26/03/02 03:15:44 INFO mapred.LocalJobRunner: 1 / 1 copied.
26/03/02 03:15:44 INFO mapred.Task: Task attempt_local1084629860_0028_r_000001_0 is allowed to commit now
26/03/02 03:15:44 INFO output.FileOutputCommitter: Saved output of task 'attempt_local1084629860_0028_r_000001_0' to hdfs://localhost:9000/project2/task2/runs_true_k/k5_r30_opt_centers/iter_28/_temporary/0/task_local1084629860_0028_r_000001
26/03/02 03:15:44 INFO mapred.LocalJobRunner: reduce > reduce
26/03/02 03:15:44 INFO mapred.Task: Task 'attempt_local1084629860_0028_r_000001_0' done.
26/03/02 03:15:44 INFO mapred.Task: Final Counters for attempt_local1084629860_0028_r_000001_0: Counters: 29
	File System Counters
		FILE: Number of bytes read=4085196
		FILE: Number of bytes written=12357803
		FILE: Number of read operations=0
		FILE: Number of large read operations=0
		FILE: Number of write operations=0
		HDFS: Number of bytes read=20604313
		HDFS: Number of bytes written=24573
		HDFS: Number of read operations=1539
		HDFS: Number of large read operations=0
		HDFS: Number of write operations=496
	Map-Reduce Framework
		Combine input records=0
		Combine output records=0
		Reduce input groups=1
		Reduce shuffle bytes=60
		Reduce input records=1
		Reduce output records=1
		Spilled Records=1
		Shuffled Maps =1
		Failed Shuffles=0
		Merged Map outputs=1
		GC time elapsed (ms)=0
		Total committed heap usage (bytes)=527958016
	Shuffle Errors
		BAD_ID=0
		CONNECTION=0
		IO_ERROR=0
		WRONG_LENGTH=0
		WRONG_MAP=0
		WRONG_REDUCE=0
	File Output Format Counters 
		Bytes Written=100
26/03/02 03:15:44 INFO mapred.LocalJobRunner: Finishing task: attempt_local1084629860_0028_r_000001_0
26/03/02 03:15:44 INFO mapred.LocalJobRunner: Starting task: attempt_local1084629860_0028_r_000002_0
26/03/02 03:15:44 INFO output.FileOutputCommitter: File Output Committer Algorithm version is 1
26/03/02 03:15:44 INFO mapred.Task:  Using ResourceCalculatorProcessTree : [ ]
26/03/02 03:15:44 INFO mapred.ReduceTask: Using ShuffleConsumerPlugin: org.apache.hadoop.mapreduce.task.reduce.Shuffle@63ca3924
26/03/02 03:15:44 INFO reduce.MergeManagerImpl: MergerManager: memoryLimit=369570592, maxSingleShuffleLimit=92392648, mergeThreshold=243916608, ioSortFactor=10, memToMemMergeOutputsThreshold=10
26/03/02 03:15:44 INFO reduce.EventFetcher: attempt_local1084629860_0028_r_000002_0 Thread started: EventFetcher for fetching Map Completion Events
26/03/02 03:15:44 INFO reduce.LocalFetcher: localfetcher#111 about to shuffle output of map attempt_local1084629860_0028_m_000000_0 decomp: 56 len: 60 to MEMORY
26/03/02 03:15:44 INFO reduce.InMemoryMapOutput: Read 56 bytes from map-output for attempt_local1084629860_0028_m_000000_0
26/03/02 03:15:44 INFO reduce.MergeManagerImpl: closeInMemoryFile -> map-output of size: 56, inMemoryMapOutputs.size() -> 1, commitMemory -> 0, usedMemory ->56
26/03/02 03:15:44 WARN io.ReadaheadPool: Failed readahead on ifile
EBADF: Bad file descriptor
	at org.apache.hadoop.io.nativeio.NativeIO$POSIX.posix_fadvise(Native Method)
	at org.apache.hadoop.io.nativeio.NativeIO$POSIX.posixFadviseIfPossible(NativeIO.java:267)
	at org.apache.hadoop.io.nativeio.NativeIO$POSIX$CacheManipulator.posixFadviseIfPossible(NativeIO.java:146)
	at org.apache.hadoop.io.ReadaheadPool$ReadaheadRequestImpl.run(ReadaheadPool.java:206)
	at java.util.concurrent.ThreadPoolExecutor.runWorker(ThreadPoolExecutor.java:1149)
	at java.util.concurrent.ThreadPoolExecutor$Worker.run(ThreadPoolExecutor.java:624)
	at java.lang.Thread.run(Thread.java:748)
26/03/02 03:15:44 INFO reduce.EventFetcher: EventFetcher is interrupted.. Returning
26/03/02 03:15:44 INFO mapred.LocalJobRunner: 1 / 1 copied.
26/03/02 03:15:44 INFO reduce.MergeManagerImpl: finalMerge called with 1 in-memory map-outputs and 0 on-disk map-outputs
26/03/02 03:15:44 INFO mapred.Merger: Merging 1 sorted segments
26/03/02 03:15:44 INFO mapred.Merger: Down to the last merge-pass, with 1 segments left of total size: 50 bytes
26/03/02 03:15:44 INFO reduce.MergeManagerImpl: Merged 1 segments, 56 bytes to disk to satisfy reduce memory limit
26/03/02 03:15:44 INFO reduce.MergeManagerImpl: Merging 1 files, 60 bytes from disk
26/03/02 03:15:44 INFO reduce.MergeManagerImpl: Merging 0 segments, 0 bytes from memory into reduce
26/03/02 03:15:44 INFO mapred.Merger: Merging 1 sorted segments
26/03/02 03:15:44 INFO mapred.Merger: Down to the last merge-pass, with 1 segments left of total size: 50 bytes
26/03/02 03:15:44 INFO mapred.LocalJobRunner: 1 / 1 copied.
26/03/02 03:15:44 INFO mapred.Task: Task:attempt_local1084629860_0028_r_000002_0 is done. And is in the process of committing
26/03/02 03:15:44 INFO mapred.LocalJobRunner: 1 / 1 copied.
26/03/02 03:15:44 INFO mapred.Task: Task attempt_local1084629860_0028_r_000002_0 is allowed to commit now
26/03/02 03:15:44 INFO output.FileOutputCommitter: Saved output of task 'attempt_local1084629860_0028_r_000002_0' to hdfs://localhost:9000/project2/task2/runs_true_k/k5_r30_opt_centers/iter_28/_temporary/0/task_local1084629860_0028_r_000002
26/03/02 03:15:44 INFO mapred.LocalJobRunner: reduce > reduce
26/03/02 03:15:44 INFO mapred.Task: Task 'attempt_local1084629860_0028_r_000002_0' done.
26/03/02 03:15:44 INFO mapred.Task: Final Counters for attempt_local1084629860_0028_r_000002_0: Counters: 29
	File System Counters
		FILE: Number of bytes read=4085480
		FILE: Number of bytes written=12357863
		FILE: Number of read operations=0
		FILE: Number of large read operations=0
		FILE: Number of write operations=0
		HDFS: Number of bytes read=20604313
		HDFS: Number of bytes written=24676
		HDFS: Number of read operations=1542
		HDFS: Number of large read operations=0
		HDFS: Number of write operations=498
	Map-Reduce Framework
		Combine input records=0
		Combine output records=0
		Reduce input groups=1
		Reduce shuffle bytes=60
		Reduce input records=1
		Reduce output records=1
		Spilled Records=1
		Shuffled Maps =1
		Failed Shuffles=0
		Merged Map outputs=1
		GC time elapsed (ms)=0
		Total committed heap usage (bytes)=527958016
	Shuffle Errors
		BAD_ID=0
		CONNECTION=0
		IO_ERROR=0
		WRONG_LENGTH=0
		WRONG_MAP=0
		WRONG_REDUCE=0
	File Output Format Counters 
		Bytes Written=103
26/03/02 03:15:44 INFO mapred.LocalJobRunner: Finishing task: attempt_local1084629860_0028_r_000002_0
26/03/02 03:15:44 INFO mapred.LocalJobRunner: Starting task: attempt_local1084629860_0028_r_000003_0
26/03/02 03:15:44 INFO output.FileOutputCommitter: File Output Committer Algorithm version is 1
26/03/02 03:15:44 INFO mapred.Task:  Using ResourceCalculatorProcessTree : [ ]
26/03/02 03:15:44 INFO mapred.ReduceTask: Using ShuffleConsumerPlugin: org.apache.hadoop.mapreduce.task.reduce.Shuffle@394849b8
26/03/02 03:15:44 INFO reduce.MergeManagerImpl: MergerManager: memoryLimit=369570592, maxSingleShuffleLimit=92392648, mergeThreshold=243916608, ioSortFactor=10, memToMemMergeOutputsThreshold=10
26/03/02 03:15:44 INFO reduce.EventFetcher: attempt_local1084629860_0028_r_000003_0 Thread started: EventFetcher for fetching Map Completion Events
26/03/02 03:15:44 INFO reduce.LocalFetcher: localfetcher#112 about to shuffle output of map attempt_local1084629860_0028_m_000000_0 decomp: 56 len: 60 to MEMORY
26/03/02 03:15:44 INFO reduce.InMemoryMapOutput: Read 56 bytes from map-output for attempt_local1084629860_0028_m_000000_0
26/03/02 03:15:44 INFO reduce.MergeManagerImpl: closeInMemoryFile -> map-output of size: 56, inMemoryMapOutputs.size() -> 1, commitMemory -> 0, usedMemory ->56
26/03/02 03:15:44 INFO reduce.EventFetcher: EventFetcher is interrupted.. Returning
26/03/02 03:15:44 INFO mapred.LocalJobRunner: 1 / 1 copied.
26/03/02 03:15:44 INFO reduce.MergeManagerImpl: finalMerge called with 1 in-memory map-outputs and 0 on-disk map-outputs
26/03/02 03:15:44 INFO mapred.Merger: Merging 1 sorted segments
26/03/02 03:15:44 INFO mapred.Merger: Down to the last merge-pass, with 1 segments left of total size: 50 bytes
26/03/02 03:15:44 INFO reduce.MergeManagerImpl: Merged 1 segments, 56 bytes to disk to satisfy reduce memory limit
26/03/02 03:15:44 INFO reduce.MergeManagerImpl: Merging 1 files, 60 bytes from disk
26/03/02 03:15:44 INFO reduce.MergeManagerImpl: Merging 0 segments, 0 bytes from memory into reduce
26/03/02 03:15:44 INFO mapred.Merger: Merging 1 sorted segments
26/03/02 03:15:44 INFO mapred.Merger: Down to the last merge-pass, with 1 segments left of total size: 50 bytes
26/03/02 03:15:44 INFO mapred.LocalJobRunner: 1 / 1 copied.
26/03/02 03:15:45 INFO mapred.Task: Task:attempt_local1084629860_0028_r_000003_0 is done. And is in the process of committing
26/03/02 03:15:45 INFO mapred.LocalJobRunner: 1 / 1 copied.
26/03/02 03:15:45 INFO mapred.Task: Task attempt_local1084629860_0028_r_000003_0 is allowed to commit now
26/03/02 03:15:45 INFO output.FileOutputCommitter: Saved output of task 'attempt_local1084629860_0028_r_000003_0' to hdfs://localhost:9000/project2/task2/runs_true_k/k5_r30_opt_centers/iter_28/_temporary/0/task_local1084629860_0028_r_000003
26/03/02 03:15:45 INFO mapred.LocalJobRunner: reduce > reduce
26/03/02 03:15:45 INFO mapred.Task: Task 'attempt_local1084629860_0028_r_000003_0' done.
26/03/02 03:15:45 INFO mapred.Task: Final Counters for attempt_local1084629860_0028_r_000003_0: Counters: 29
	File System Counters
		FILE: Number of bytes read=4085704
		FILE: Number of bytes written=12357923
		FILE: Number of read operations=0
		FILE: Number of large read operations=0
		FILE: Number of write operations=0
		HDFS: Number of bytes read=20604313
		HDFS: Number of bytes written=24778
		HDFS: Number of read operations=1545
		HDFS: Number of large read operations=0
		HDFS: Number of write operations=500
	Map-Reduce Framework
		Combine input records=0
		Combine output records=0
		Reduce input groups=1
		Reduce shuffle bytes=60
		Reduce input records=1
		Reduce output records=1
		Spilled Records=1
		Shuffled Maps =1
		Failed Shuffles=0
		Merged Map outputs=1
		GC time elapsed (ms)=0
		Total committed heap usage (bytes)=527958016
	Shuffle Errors
		BAD_ID=0
		CONNECTION=0
		IO_ERROR=0
		WRONG_LENGTH=0
		WRONG_MAP=0
		WRONG_REDUCE=0
	File Output Format Counters 
		Bytes Written=102
26/03/02 03:15:45 INFO mapred.LocalJobRunner: Finishing task: attempt_local1084629860_0028_r_000003_0
26/03/02 03:15:45 INFO mapred.LocalJobRunner: reduce task executor complete.
26/03/02 03:15:45 INFO mapreduce.Job: Job job_local1084629860_0028 running in uber mode : false
26/03/02 03:15:45 INFO mapreduce.Job:  map 100% reduce 100%
26/03/02 03:15:45 INFO mapreduce.Job: Job job_local1084629860_0028 completed successfully
26/03/02 03:15:45 INFO mapreduce.Job: Counters: 35
	File System Counters
		FILE: Number of bytes read=20425572
		FILE: Number of bytes written=61788961
		FILE: Number of read operations=0
		FILE: Number of large read operations=0
		FILE: Number of write operations=0
		HDFS: Number of bytes read=103021565
		HDFS: Number of bytes written=122768
		HDFS: Number of read operations=7695
		HDFS: Number of large read operations=0
		HDFS: Number of write operations=2480
	Map-Reduce Framework
		Map input records=10000
		Map output records=10000
		Map output bytes=520000
		Map output materialized bytes=294
		Input split bytes=121
		Combine input records=10000
		Combine output records=5
		Reduce input groups=5
		Reduce shuffle bytes=294
		Reduce input records=5
		Reduce output records=5
		Spilled Records=10
		Shuffled Maps =4
		Failed Shuffles=0
		Merged Map outputs=4
		GC time elapsed (ms)=24
		Total committed heap usage (bytes)=2639790080
	Shuffle Errors
		BAD_ID=0
		CONNECTION=0
		IO_ERROR=0
		WRONG_LENGTH=0
		WRONG_MAP=0
		WRONG_REDUCE=0
	File Input Format Counters 
		Bytes Read=733758
	File Output Format Counters 
		Bytes Written=510
26/03/02 03:15:45 INFO jvm.JvmMetrics: Cannot initialize JVM Metrics with processName=JobTracker, sessionId= - already initialized
26/03/02 03:15:45 WARN mapreduce.JobResourceUploader: Hadoop command-line option parsing not performed. Implement the Tool interface and execute your application with ToolRunner to remedy this.
26/03/02 03:15:45 INFO input.FileInputFormat: Total input paths to process : 1
26/03/02 03:15:45 INFO mapreduce.JobSubmitter: number of splits:1
26/03/02 03:15:45 INFO mapreduce.JobSubmitter: Submitting tokens for job: job_local1474569631_0029
26/03/02 03:15:45 INFO mapred.LocalDistributedCacheManager: Creating symlink: /tmp/hadoop-ds503/mapred/local/1772421345515/centers_iter_28.csv <- /home/ds503/centers_iter_28.csv
26/03/02 03:15:45 INFO mapred.LocalDistributedCacheManager: Localized hdfs://localhost:9000/project2/task2/runs_true_k/k5_r30_opt_centers/centers_iter_28.csv as file:/tmp/hadoop-ds503/mapred/local/1772421345515/centers_iter_28.csv
26/03/02 03:15:45 INFO mapreduce.Job: The url to track the job: http://localhost:8080/
26/03/02 03:15:45 INFO mapreduce.Job: Running job: job_local1474569631_0029
26/03/02 03:15:45 INFO mapred.LocalJobRunner: OutputCommitter set in config null
26/03/02 03:15:45 INFO output.FileOutputCommitter: File Output Committer Algorithm version is 1
26/03/02 03:15:45 INFO mapred.LocalJobRunner: OutputCommitter is org.apache.hadoop.mapreduce.lib.output.FileOutputCommitter
26/03/02 03:15:45 INFO mapred.LocalJobRunner: Waiting for map tasks
26/03/02 03:15:45 INFO mapred.LocalJobRunner: Starting task: attempt_local1474569631_0029_m_000000_0
26/03/02 03:15:45 INFO output.FileOutputCommitter: File Output Committer Algorithm version is 1
26/03/02 03:15:45 INFO mapred.Task:  Using ResourceCalculatorProcessTree : [ ]
26/03/02 03:15:45 INFO mapred.MapTask: Processing split: hdfs://localhost:9000/project2/task2/input/points_4d.csv:0+733758
26/03/02 03:15:45 INFO mapred.MapTask: (EQUATOR) 0 kvi 26214396(104857584)
26/03/02 03:15:45 INFO mapred.MapTask: mapreduce.task.io.sort.mb: 100
26/03/02 03:15:45 INFO mapred.MapTask: soft limit at 83886080
26/03/02 03:15:45 INFO mapred.MapTask: bufstart = 0; bufvoid = 104857600
26/03/02 03:15:45 INFO mapred.MapTask: kvstart = 26214396; length = 6553600
26/03/02 03:15:45 INFO mapred.MapTask: Map output collector class = org.apache.hadoop.mapred.MapTask$MapOutputBuffer
26/03/02 03:15:45 INFO mapred.LocalJobRunner: 
26/03/02 03:15:45 INFO mapred.MapTask: Starting flush of map output
26/03/02 03:15:45 INFO mapred.MapTask: Spilling map output
26/03/02 03:15:45 INFO mapred.MapTask: bufstart = 0; bufend = 520000; bufvoid = 104857600
26/03/02 03:15:45 INFO mapred.MapTask: kvstart = 26214396(104857584); kvend = 26174400(104697600); length = 39997/6553600
26/03/02 03:15:45 INFO mapred.MapTask: Finished spill 0
26/03/02 03:15:45 INFO mapred.Task: Task:attempt_local1474569631_0029_m_000000_0 is done. And is in the process of committing
26/03/02 03:15:45 INFO mapred.LocalJobRunner: map
26/03/02 03:15:45 INFO mapred.Task: Task 'attempt_local1474569631_0029_m_000000_0' done.
26/03/02 03:15:45 INFO mapred.Task: Final Counters for attempt_local1474569631_0029_m_000000_0: Counters: 23
	File System Counters
		FILE: Number of bytes read=4230258
		FILE: Number of bytes written=12800007
		FILE: Number of read operations=0
		FILE: Number of large read operations=0
		FILE: Number of write operations=0
		HDFS: Number of bytes read=21340226
		HDFS: Number of bytes written=25156
		HDFS: Number of read operations=1589
		HDFS: Number of large read operations=0
		HDFS: Number of write operations=510
	Map-Reduce Framework
		Map input records=10000
		Map output records=10000
		Map output bytes=520000
		Map output materialized bytes=294
		Input split bytes=121
		Combine input records=10000
		Combine output records=5
		Spilled Records=5
		Failed Shuffles=0
		Merged Map outputs=0
		GC time elapsed (ms)=0
		Total committed heap usage (bytes)=527958016
	File Input Format Counters 
		Bytes Read=733758
26/03/02 03:15:45 INFO mapred.LocalJobRunner: Finishing task: attempt_local1474569631_0029_m_000000_0
26/03/02 03:15:45 INFO mapred.LocalJobRunner: map task executor complete.
26/03/02 03:15:45 INFO mapred.LocalJobRunner: Waiting for reduce tasks
26/03/02 03:15:45 INFO mapred.LocalJobRunner: Starting task: attempt_local1474569631_0029_r_000000_0
26/03/02 03:15:45 INFO output.FileOutputCommitter: File Output Committer Algorithm version is 1
26/03/02 03:15:45 INFO mapred.Task:  Using ResourceCalculatorProcessTree : [ ]
26/03/02 03:15:45 INFO mapred.ReduceTask: Using ShuffleConsumerPlugin: org.apache.hadoop.mapreduce.task.reduce.Shuffle@2ca5e1a1
26/03/02 03:15:45 INFO reduce.MergeManagerImpl: MergerManager: memoryLimit=369570592, maxSingleShuffleLimit=92392648, mergeThreshold=243916608, ioSortFactor=10, memToMemMergeOutputsThreshold=10
26/03/02 03:15:45 INFO reduce.EventFetcher: attempt_local1474569631_0029_r_000000_0 Thread started: EventFetcher for fetching Map Completion Events
26/03/02 03:15:45 INFO reduce.LocalFetcher: localfetcher#113 about to shuffle output of map attempt_local1474569631_0029_m_000000_0 decomp: 110 len: 114 to MEMORY
26/03/02 03:15:45 INFO reduce.InMemoryMapOutput: Read 110 bytes from map-output for attempt_local1474569631_0029_m_000000_0
26/03/02 03:15:45 INFO reduce.MergeManagerImpl: closeInMemoryFile -> map-output of size: 110, inMemoryMapOutputs.size() -> 1, commitMemory -> 0, usedMemory ->110
26/03/02 03:15:45 INFO reduce.EventFetcher: EventFetcher is interrupted.. Returning
26/03/02 03:15:45 INFO mapred.LocalJobRunner: 1 / 1 copied.
26/03/02 03:15:45 INFO reduce.MergeManagerImpl: finalMerge called with 1 in-memory map-outputs and 0 on-disk map-outputs
26/03/02 03:15:45 INFO mapred.Merger: Merging 1 sorted segments
26/03/02 03:15:45 INFO mapred.Merger: Down to the last merge-pass, with 1 segments left of total size: 104 bytes
26/03/02 03:15:45 INFO reduce.MergeManagerImpl: Merged 1 segments, 110 bytes to disk to satisfy reduce memory limit
26/03/02 03:15:45 INFO reduce.MergeManagerImpl: Merging 1 files, 114 bytes from disk
26/03/02 03:15:45 INFO reduce.MergeManagerImpl: Merging 0 segments, 0 bytes from memory into reduce
26/03/02 03:15:45 INFO mapred.Merger: Merging 1 sorted segments
26/03/02 03:15:45 INFO mapred.Merger: Down to the last merge-pass, with 1 segments left of total size: 104 bytes
26/03/02 03:15:45 INFO mapred.LocalJobRunner: 1 / 1 copied.
26/03/02 03:15:45 INFO mapred.Task: Task:attempt_local1474569631_0029_r_000000_0 is done. And is in the process of committing
26/03/02 03:15:45 INFO mapred.LocalJobRunner: 1 / 1 copied.
26/03/02 03:15:45 INFO mapred.Task: Task attempt_local1474569631_0029_r_000000_0 is allowed to commit now
26/03/02 03:15:45 INFO output.FileOutputCommitter: Saved output of task 'attempt_local1474569631_0029_r_000000_0' to hdfs://localhost:9000/project2/task2/runs_true_k/k5_r30_opt_centers/iter_29/_temporary/0/task_local1474569631_0029_r_000000
26/03/02 03:15:45 INFO mapred.LocalJobRunner: reduce > reduce
26/03/02 03:15:45 INFO mapred.Task: Task 'attempt_local1474569631_0029_r_000000_0' done.
26/03/02 03:15:45 INFO mapred.Task: Final Counters for attempt_local1474569631_0029_r_000000_0: Counters: 29
	File System Counters
		FILE: Number of bytes read=4230770
		FILE: Number of bytes written=12800121
		FILE: Number of read operations=0
		FILE: Number of large read operations=0
		FILE: Number of write operations=0
		HDFS: Number of bytes read=21340226
		HDFS: Number of bytes written=25360
		HDFS: Number of read operations=1592
		HDFS: Number of large read operations=0
		HDFS: Number of write operations=512
	Map-Reduce Framework
		Combine input records=0
		Combine output records=0
		Reduce input groups=2
		Reduce shuffle bytes=114
		Reduce input records=2
		Reduce output records=2
		Spilled Records=2
		Shuffled Maps =1
		Failed Shuffles=0
		Merged Map outputs=1
		GC time elapsed (ms)=0
		Total committed heap usage (bytes)=527958016
	Shuffle Errors
		BAD_ID=0
		CONNECTION=0
		IO_ERROR=0
		WRONG_LENGTH=0
		WRONG_MAP=0
		WRONG_REDUCE=0
	File Output Format Counters 
		Bytes Written=204
26/03/02 03:15:45 INFO mapred.LocalJobRunner: Finishing task: attempt_local1474569631_0029_r_000000_0
26/03/02 03:15:45 INFO mapred.LocalJobRunner: Starting task: attempt_local1474569631_0029_r_000001_0
26/03/02 03:15:45 INFO output.FileOutputCommitter: File Output Committer Algorithm version is 1
26/03/02 03:15:45 INFO mapred.Task:  Using ResourceCalculatorProcessTree : [ ]
26/03/02 03:15:45 INFO mapred.ReduceTask: Using ShuffleConsumerPlugin: org.apache.hadoop.mapreduce.task.reduce.Shuffle@60744d5d
26/03/02 03:15:45 INFO reduce.MergeManagerImpl: MergerManager: memoryLimit=369570592, maxSingleShuffleLimit=92392648, mergeThreshold=243916608, ioSortFactor=10, memToMemMergeOutputsThreshold=10
26/03/02 03:15:45 INFO reduce.EventFetcher: attempt_local1474569631_0029_r_000001_0 Thread started: EventFetcher for fetching Map Completion Events
26/03/02 03:15:45 INFO reduce.LocalFetcher: localfetcher#114 about to shuffle output of map attempt_local1474569631_0029_m_000000_0 decomp: 56 len: 60 to MEMORY
26/03/02 03:15:45 INFO reduce.InMemoryMapOutput: Read 56 bytes from map-output for attempt_local1474569631_0029_m_000000_0
26/03/02 03:15:45 INFO reduce.MergeManagerImpl: closeInMemoryFile -> map-output of size: 56, inMemoryMapOutputs.size() -> 1, commitMemory -> 0, usedMemory ->56
26/03/02 03:15:45 INFO reduce.EventFetcher: EventFetcher is interrupted.. Returning
26/03/02 03:15:45 INFO mapred.LocalJobRunner: 1 / 1 copied.
26/03/02 03:15:45 INFO reduce.MergeManagerImpl: finalMerge called with 1 in-memory map-outputs and 0 on-disk map-outputs
26/03/02 03:15:45 INFO mapred.Merger: Merging 1 sorted segments
26/03/02 03:15:45 INFO mapred.Merger: Down to the last merge-pass, with 1 segments left of total size: 50 bytes
26/03/02 03:15:45 INFO reduce.MergeManagerImpl: Merged 1 segments, 56 bytes to disk to satisfy reduce memory limit
26/03/02 03:15:45 INFO reduce.MergeManagerImpl: Merging 1 files, 60 bytes from disk
26/03/02 03:15:45 INFO reduce.MergeManagerImpl: Merging 0 segments, 0 bytes from memory into reduce
26/03/02 03:15:45 INFO mapred.Merger: Merging 1 sorted segments
26/03/02 03:15:45 INFO mapred.Merger: Down to the last merge-pass, with 1 segments left of total size: 50 bytes
26/03/02 03:15:45 INFO mapred.LocalJobRunner: 1 / 1 copied.
26/03/02 03:15:45 INFO mapred.Task: Task:attempt_local1474569631_0029_r_000001_0 is done. And is in the process of committing
26/03/02 03:15:45 INFO mapred.LocalJobRunner: 1 / 1 copied.
26/03/02 03:15:45 INFO mapred.Task: Task attempt_local1474569631_0029_r_000001_0 is allowed to commit now
26/03/02 03:15:45 INFO output.FileOutputCommitter: Saved output of task 'attempt_local1474569631_0029_r_000001_0' to hdfs://localhost:9000/project2/task2/runs_true_k/k5_r30_opt_centers/iter_29/_temporary/0/task_local1474569631_0029_r_000001
26/03/02 03:15:45 INFO mapred.LocalJobRunner: reduce > reduce
26/03/02 03:15:45 INFO mapred.Task: Task 'attempt_local1474569631_0029_r_000001_0' done.
26/03/02 03:15:45 INFO mapred.Task: Final Counters for attempt_local1474569631_0029_r_000001_0: Counters: 29
	File System Counters
		FILE: Number of bytes read=4231114
		FILE: Number of bytes written=12800181
		FILE: Number of read operations=0
		FILE: Number of large read operations=0
		FILE: Number of write operations=0
		HDFS: Number of bytes read=21340226
		HDFS: Number of bytes written=25461
		HDFS: Number of read operations=1595
		HDFS: Number of large read operations=0
		HDFS: Number of write operations=514
	Map-Reduce Framework
		Combine input records=0
		Combine output records=0
		Reduce input groups=1
		Reduce shuffle bytes=60
		Reduce input records=1
		Reduce output records=1
		Spilled Records=1
		Shuffled Maps =1
		Failed Shuffles=0
		Merged Map outputs=1
		GC time elapsed (ms)=0
		Total committed heap usage (bytes)=527958016
	Shuffle Errors
		BAD_ID=0
		CONNECTION=0
		IO_ERROR=0
		WRONG_LENGTH=0
		WRONG_MAP=0
		WRONG_REDUCE=0
	File Output Format Counters 
		Bytes Written=101
26/03/02 03:15:45 INFO mapred.LocalJobRunner: Finishing task: attempt_local1474569631_0029_r_000001_0
26/03/02 03:15:45 INFO mapred.LocalJobRunner: Starting task: attempt_local1474569631_0029_r_000002_0
26/03/02 03:15:45 INFO output.FileOutputCommitter: File Output Committer Algorithm version is 1
26/03/02 03:15:45 INFO mapred.Task:  Using ResourceCalculatorProcessTree : [ ]
26/03/02 03:15:45 INFO mapred.ReduceTask: Using ShuffleConsumerPlugin: org.apache.hadoop.mapreduce.task.reduce.Shuffle@18b750a9
26/03/02 03:15:45 INFO reduce.MergeManagerImpl: MergerManager: memoryLimit=369570592, maxSingleShuffleLimit=92392648, mergeThreshold=243916608, ioSortFactor=10, memToMemMergeOutputsThreshold=10
26/03/02 03:15:45 INFO reduce.EventFetcher: attempt_local1474569631_0029_r_000002_0 Thread started: EventFetcher for fetching Map Completion Events
26/03/02 03:15:45 INFO reduce.LocalFetcher: localfetcher#115 about to shuffle output of map attempt_local1474569631_0029_m_000000_0 decomp: 56 len: 60 to MEMORY
26/03/02 03:15:45 INFO reduce.InMemoryMapOutput: Read 56 bytes from map-output for attempt_local1474569631_0029_m_000000_0
26/03/02 03:15:45 INFO reduce.MergeManagerImpl: closeInMemoryFile -> map-output of size: 56, inMemoryMapOutputs.size() -> 1, commitMemory -> 0, usedMemory ->56
26/03/02 03:15:45 INFO reduce.EventFetcher: EventFetcher is interrupted.. Returning
26/03/02 03:15:45 INFO mapred.LocalJobRunner: 1 / 1 copied.
26/03/02 03:15:45 INFO reduce.MergeManagerImpl: finalMerge called with 1 in-memory map-outputs and 0 on-disk map-outputs
26/03/02 03:15:45 INFO mapred.Merger: Merging 1 sorted segments
26/03/02 03:15:45 INFO mapred.Merger: Down to the last merge-pass, with 1 segments left of total size: 50 bytes
26/03/02 03:15:45 INFO reduce.MergeManagerImpl: Merged 1 segments, 56 bytes to disk to satisfy reduce memory limit
26/03/02 03:15:45 INFO reduce.MergeManagerImpl: Merging 1 files, 60 bytes from disk
26/03/02 03:15:45 INFO reduce.MergeManagerImpl: Merging 0 segments, 0 bytes from memory into reduce
26/03/02 03:15:45 INFO mapred.Merger: Merging 1 sorted segments
26/03/02 03:15:45 INFO mapred.Merger: Down to the last merge-pass, with 1 segments left of total size: 50 bytes
26/03/02 03:15:45 INFO mapred.LocalJobRunner: 1 / 1 copied.
26/03/02 03:15:45 INFO mapred.Task: Task:attempt_local1474569631_0029_r_000002_0 is done. And is in the process of committing
26/03/02 03:15:45 INFO mapred.LocalJobRunner: 1 / 1 copied.
26/03/02 03:15:45 INFO mapred.Task: Task attempt_local1474569631_0029_r_000002_0 is allowed to commit now
26/03/02 03:15:45 INFO output.FileOutputCommitter: Saved output of task 'attempt_local1474569631_0029_r_000002_0' to hdfs://localhost:9000/project2/task2/runs_true_k/k5_r30_opt_centers/iter_29/_temporary/0/task_local1474569631_0029_r_000002
26/03/02 03:15:45 INFO mapred.LocalJobRunner: reduce > reduce
26/03/02 03:15:45 INFO mapred.Task: Task 'attempt_local1474569631_0029_r_000002_0' done.
26/03/02 03:15:45 INFO mapred.Task: Final Counters for attempt_local1474569631_0029_r_000002_0: Counters: 29
	File System Counters
		FILE: Number of bytes read=4231398
		FILE: Number of bytes written=12800241
		FILE: Number of read operations=0
		FILE: Number of large read operations=0
		FILE: Number of write operations=0
		HDFS: Number of bytes read=21340226
		HDFS: Number of bytes written=25562
		HDFS: Number of read operations=1598
		HDFS: Number of large read operations=0
		HDFS: Number of write operations=516
	Map-Reduce Framework
		Combine input records=0
		Combine output records=0
		Reduce input groups=1
		Reduce shuffle bytes=60
		Reduce input records=1
		Reduce output records=1
		Spilled Records=1
		Shuffled Maps =1
		Failed Shuffles=0
		Merged Map outputs=1
		GC time elapsed (ms)=0
		Total committed heap usage (bytes)=527958016
	Shuffle Errors
		BAD_ID=0
		CONNECTION=0
		IO_ERROR=0
		WRONG_LENGTH=0
		WRONG_MAP=0
		WRONG_REDUCE=0
	File Output Format Counters 
		Bytes Written=101
26/03/02 03:15:45 INFO mapred.LocalJobRunner: Finishing task: attempt_local1474569631_0029_r_000002_0
26/03/02 03:15:45 INFO mapred.LocalJobRunner: Starting task: attempt_local1474569631_0029_r_000003_0
26/03/02 03:15:45 INFO output.FileOutputCommitter: File Output Committer Algorithm version is 1
26/03/02 03:15:45 INFO mapred.Task:  Using ResourceCalculatorProcessTree : [ ]
26/03/02 03:15:45 INFO mapred.ReduceTask: Using ShuffleConsumerPlugin: org.apache.hadoop.mapreduce.task.reduce.Shuffle@412c54a7
26/03/02 03:15:45 INFO reduce.MergeManagerImpl: MergerManager: memoryLimit=369570592, maxSingleShuffleLimit=92392648, mergeThreshold=243916608, ioSortFactor=10, memToMemMergeOutputsThreshold=10
26/03/02 03:15:45 INFO reduce.EventFetcher: attempt_local1474569631_0029_r_000003_0 Thread started: EventFetcher for fetching Map Completion Events
26/03/02 03:15:45 INFO reduce.LocalFetcher: localfetcher#116 about to shuffle output of map attempt_local1474569631_0029_m_000000_0 decomp: 56 len: 60 to MEMORY
26/03/02 03:15:45 INFO reduce.InMemoryMapOutput: Read 56 bytes from map-output for attempt_local1474569631_0029_m_000000_0
26/03/02 03:15:45 INFO reduce.MergeManagerImpl: closeInMemoryFile -> map-output of size: 56, inMemoryMapOutputs.size() -> 1, commitMemory -> 0, usedMemory ->56
26/03/02 03:15:45 INFO reduce.EventFetcher: EventFetcher is interrupted.. Returning
26/03/02 03:15:45 INFO mapred.LocalJobRunner: 1 / 1 copied.
26/03/02 03:15:45 INFO reduce.MergeManagerImpl: finalMerge called with 1 in-memory map-outputs and 0 on-disk map-outputs
26/03/02 03:15:45 INFO mapred.Merger: Merging 1 sorted segments
26/03/02 03:15:45 INFO mapred.Merger: Down to the last merge-pass, with 1 segments left of total size: 50 bytes
26/03/02 03:15:45 INFO reduce.MergeManagerImpl: Merged 1 segments, 56 bytes to disk to satisfy reduce memory limit
26/03/02 03:15:45 INFO reduce.MergeManagerImpl: Merging 1 files, 60 bytes from disk
26/03/02 03:15:45 INFO reduce.MergeManagerImpl: Merging 0 segments, 0 bytes from memory into reduce
26/03/02 03:15:45 INFO mapred.Merger: Merging 1 sorted segments
26/03/02 03:15:45 INFO mapred.Merger: Down to the last merge-pass, with 1 segments left of total size: 50 bytes
26/03/02 03:15:45 INFO mapred.LocalJobRunner: 1 / 1 copied.
26/03/02 03:15:45 INFO mapred.Task: Task:attempt_local1474569631_0029_r_000003_0 is done. And is in the process of committing
26/03/02 03:15:45 INFO mapred.LocalJobRunner: 1 / 1 copied.
26/03/02 03:15:45 INFO mapred.Task: Task attempt_local1474569631_0029_r_000003_0 is allowed to commit now
26/03/02 03:15:45 INFO output.FileOutputCommitter: Saved output of task 'attempt_local1474569631_0029_r_000003_0' to hdfs://localhost:9000/project2/task2/runs_true_k/k5_r30_opt_centers/iter_29/_temporary/0/task_local1474569631_0029_r_000003
26/03/02 03:15:45 INFO mapred.LocalJobRunner: reduce > reduce
26/03/02 03:15:45 INFO mapred.Task: Task 'attempt_local1474569631_0029_r_000003_0' done.
26/03/02 03:15:45 INFO mapred.Task: Final Counters for attempt_local1474569631_0029_r_000003_0: Counters: 29
	File System Counters
		FILE: Number of bytes read=4231622
		FILE: Number of bytes written=12800301
		FILE: Number of read operations=0
		FILE: Number of large read operations=0
		FILE: Number of write operations=0
		HDFS: Number of bytes read=21340226
		HDFS: Number of bytes written=25664
		HDFS: Number of read operations=1601
		HDFS: Number of large read operations=0
		HDFS: Number of write operations=518
	Map-Reduce Framework
		Combine input records=0
		Combine output records=0
		Reduce input groups=1
		Reduce shuffle bytes=60
		Reduce input records=1
		Reduce output records=1
		Spilled Records=1
		Shuffled Maps =1
		Failed Shuffles=0
		Merged Map outputs=1
		GC time elapsed (ms)=0
		Total committed heap usage (bytes)=527958016
	Shuffle Errors
		BAD_ID=0
		CONNECTION=0
		IO_ERROR=0
		WRONG_LENGTH=0
		WRONG_MAP=0
		WRONG_REDUCE=0
	File Output Format Counters 
		Bytes Written=102
26/03/02 03:15:45 INFO mapred.LocalJobRunner: Finishing task: attempt_local1474569631_0029_r_000003_0
26/03/02 03:15:45 INFO mapred.LocalJobRunner: reduce task executor complete.
26/03/02 03:15:46 INFO mapreduce.Job: Job job_local1474569631_0029 running in uber mode : false
26/03/02 03:15:46 INFO mapreduce.Job:  map 100% reduce 100%
26/03/02 03:15:46 INFO mapreduce.Job: Job job_local1474569631_0029 completed successfully
26/03/02 03:15:46 INFO mapreduce.Job: Counters: 35
	File System Counters
		FILE: Number of bytes read=21155162
		FILE: Number of bytes written=64000851
		FILE: Number of read operations=0
		FILE: Number of large read operations=0
		FILE: Number of write operations=0
		HDFS: Number of bytes read=106701130
		HDFS: Number of bytes written=127203
		HDFS: Number of read operations=7975
		HDFS: Number of large read operations=0
		HDFS: Number of write operations=2570
	Map-Reduce Framework
		Map input records=10000
		Map output records=10000
		Map output bytes=520000
		Map output materialized bytes=294
		Input split bytes=121
		Combine input records=10000
		Combine output records=5
		Reduce input groups=5
		Reduce shuffle bytes=294
		Reduce input records=5
		Reduce output records=5
		Spilled Records=10
		Shuffled Maps =4
		Failed Shuffles=0
		Merged Map outputs=4
		GC time elapsed (ms)=0
		Total committed heap usage (bytes)=2639790080
	Shuffle Errors
		BAD_ID=0
		CONNECTION=0
		IO_ERROR=0
		WRONG_LENGTH=0
		WRONG_MAP=0
		WRONG_REDUCE=0
	File Input Format Counters 
		Bytes Read=733758
	File Output Format Counters 
		Bytes Written=508
26/03/02 03:15:46 INFO jvm.JvmMetrics: Cannot initialize JVM Metrics with processName=JobTracker, sessionId= - already initialized
26/03/02 03:15:46 WARN mapreduce.JobResourceUploader: Hadoop command-line option parsing not performed. Implement the Tool interface and execute your application with ToolRunner to remedy this.
26/03/02 03:15:46 INFO input.FileInputFormat: Total input paths to process : 1
26/03/02 03:15:46 INFO mapreduce.JobSubmitter: number of splits:1
26/03/02 03:15:46 INFO mapreduce.JobSubmitter: Submitting tokens for job: job_local1757058632_0030
26/03/02 03:15:46 INFO mapred.LocalDistributedCacheManager: Creating symlink: /tmp/hadoop-ds503/mapred/local/1772421346591/centers_iter_29.csv <- /home/ds503/centers_iter_29.csv
26/03/02 03:15:46 INFO mapred.LocalDistributedCacheManager: Localized hdfs://localhost:9000/project2/task2/runs_true_k/k5_r30_opt_centers/centers_iter_29.csv as file:/tmp/hadoop-ds503/mapred/local/1772421346591/centers_iter_29.csv
26/03/02 03:15:46 INFO mapreduce.Job: The url to track the job: http://localhost:8080/
26/03/02 03:15:46 INFO mapreduce.Job: Running job: job_local1757058632_0030
26/03/02 03:15:46 INFO mapred.LocalJobRunner: OutputCommitter set in config null
26/03/02 03:15:46 INFO output.FileOutputCommitter: File Output Committer Algorithm version is 1
26/03/02 03:15:46 INFO mapred.LocalJobRunner: OutputCommitter is org.apache.hadoop.mapreduce.lib.output.FileOutputCommitter
26/03/02 03:15:46 INFO mapred.LocalJobRunner: Waiting for map tasks
26/03/02 03:15:46 INFO mapred.LocalJobRunner: Starting task: attempt_local1757058632_0030_m_000000_0
26/03/02 03:15:46 INFO output.FileOutputCommitter: File Output Committer Algorithm version is 1
26/03/02 03:15:46 INFO mapred.Task:  Using ResourceCalculatorProcessTree : [ ]
26/03/02 03:15:46 INFO mapred.MapTask: Processing split: hdfs://localhost:9000/project2/task2/input/points_4d.csv:0+733758
26/03/02 03:15:46 INFO mapred.MapTask: (EQUATOR) 0 kvi 26214396(104857584)
26/03/02 03:15:46 INFO mapred.MapTask: mapreduce.task.io.sort.mb: 100
26/03/02 03:15:46 INFO mapred.MapTask: soft limit at 83886080
26/03/02 03:15:46 INFO mapred.MapTask: bufstart = 0; bufvoid = 104857600
26/03/02 03:15:46 INFO mapred.MapTask: kvstart = 26214396; length = 6553600
26/03/02 03:15:46 INFO mapred.MapTask: Map output collector class = org.apache.hadoop.mapred.MapTask$MapOutputBuffer
26/03/02 03:15:46 INFO mapred.LocalJobRunner: 
26/03/02 03:15:46 INFO mapred.MapTask: Starting flush of map output
26/03/02 03:15:46 INFO mapred.MapTask: Spilling map output
26/03/02 03:15:46 INFO mapred.MapTask: bufstart = 0; bufend = 520000; bufvoid = 104857600
26/03/02 03:15:46 INFO mapred.MapTask: kvstart = 26214396(104857584); kvend = 26174400(104697600); length = 39997/6553600
26/03/02 03:15:46 INFO mapred.MapTask: Finished spill 0
26/03/02 03:15:46 INFO mapred.Task: Task:attempt_local1757058632_0030_m_000000_0 is done. And is in the process of committing
26/03/02 03:15:46 INFO mapred.LocalJobRunner: map
26/03/02 03:15:46 INFO mapred.Task: Task 'attempt_local1757058632_0030_m_000000_0' done.
26/03/02 03:15:46 INFO mapred.Task: Final Counters for attempt_local1757058632_0030_m_000000_0: Counters: 23
	File System Counters
		FILE: Number of bytes read=4376176
		FILE: Number of bytes written=13242383
		FILE: Number of read operations=0
		FILE: Number of large read operations=0
		FILE: Number of write operations=0
		HDFS: Number of bytes read=22076130
		HDFS: Number of bytes written=26040
		HDFS: Number of read operations=1645
		HDFS: Number of large read operations=0
		HDFS: Number of write operations=528
	Map-Reduce Framework
		Map input records=10000
		Map output records=10000
		Map output bytes=520000
		Map output materialized bytes=294
		Input split bytes=121
		Combine input records=10000
		Combine output records=5
		Spilled Records=5
		Failed Shuffles=0
		Merged Map outputs=0
		GC time elapsed (ms)=23
		Total committed heap usage (bytes)=527958016
	File Input Format Counters 
		Bytes Read=733758
26/03/02 03:15:46 INFO mapred.LocalJobRunner: Finishing task: attempt_local1757058632_0030_m_000000_0
26/03/02 03:15:46 INFO mapred.LocalJobRunner: map task executor complete.
26/03/02 03:15:46 INFO mapred.LocalJobRunner: Waiting for reduce tasks
26/03/02 03:15:46 INFO mapred.LocalJobRunner: Starting task: attempt_local1757058632_0030_r_000000_0
26/03/02 03:15:46 INFO output.FileOutputCommitter: File Output Committer Algorithm version is 1
26/03/02 03:15:46 INFO mapred.Task:  Using ResourceCalculatorProcessTree : [ ]
26/03/02 03:15:46 INFO mapred.ReduceTask: Using ShuffleConsumerPlugin: org.apache.hadoop.mapreduce.task.reduce.Shuffle@4204d9fe
26/03/02 03:15:46 INFO reduce.MergeManagerImpl: MergerManager: memoryLimit=369570592, maxSingleShuffleLimit=92392648, mergeThreshold=243916608, ioSortFactor=10, memToMemMergeOutputsThreshold=10
26/03/02 03:15:46 INFO reduce.EventFetcher: attempt_local1757058632_0030_r_000000_0 Thread started: EventFetcher for fetching Map Completion Events
26/03/02 03:15:46 INFO reduce.LocalFetcher: localfetcher#117 about to shuffle output of map attempt_local1757058632_0030_m_000000_0 decomp: 110 len: 114 to MEMORY
26/03/02 03:15:46 INFO reduce.InMemoryMapOutput: Read 110 bytes from map-output for attempt_local1757058632_0030_m_000000_0
26/03/02 03:15:46 INFO reduce.MergeManagerImpl: closeInMemoryFile -> map-output of size: 110, inMemoryMapOutputs.size() -> 1, commitMemory -> 0, usedMemory ->110
26/03/02 03:15:46 INFO reduce.EventFetcher: EventFetcher is interrupted.. Returning
26/03/02 03:15:46 INFO mapred.LocalJobRunner: 1 / 1 copied.
26/03/02 03:15:46 INFO reduce.MergeManagerImpl: finalMerge called with 1 in-memory map-outputs and 0 on-disk map-outputs
26/03/02 03:15:46 INFO mapred.Merger: Merging 1 sorted segments
26/03/02 03:15:46 INFO mapred.Merger: Down to the last merge-pass, with 1 segments left of total size: 104 bytes
26/03/02 03:15:46 INFO reduce.MergeManagerImpl: Merged 1 segments, 110 bytes to disk to satisfy reduce memory limit
26/03/02 03:15:46 INFO reduce.MergeManagerImpl: Merging 1 files, 114 bytes from disk
26/03/02 03:15:46 INFO reduce.MergeManagerImpl: Merging 0 segments, 0 bytes from memory into reduce
26/03/02 03:15:46 INFO mapred.Merger: Merging 1 sorted segments
26/03/02 03:15:46 INFO mapred.Merger: Down to the last merge-pass, with 1 segments left of total size: 104 bytes
26/03/02 03:15:46 INFO mapred.LocalJobRunner: 1 / 1 copied.
26/03/02 03:15:47 INFO mapred.Task: Task:attempt_local1757058632_0030_r_000000_0 is done. And is in the process of committing
26/03/02 03:15:47 INFO mapred.LocalJobRunner: 1 / 1 copied.
26/03/02 03:15:47 INFO mapred.Task: Task attempt_local1757058632_0030_r_000000_0 is allowed to commit now
26/03/02 03:15:47 INFO output.FileOutputCommitter: Saved output of task 'attempt_local1757058632_0030_r_000000_0' to hdfs://localhost:9000/project2/task2/runs_true_k/k5_r30_opt_centers/iter_30/_temporary/0/task_local1757058632_0030_r_000000
26/03/02 03:15:47 INFO mapred.LocalJobRunner: reduce > reduce
26/03/02 03:15:47 INFO mapred.Task: Task 'attempt_local1757058632_0030_r_000000_0' done.
26/03/02 03:15:47 INFO mapred.Task: Final Counters for attempt_local1757058632_0030_r_000000_0: Counters: 29
	File System Counters
		FILE: Number of bytes read=4376688
		FILE: Number of bytes written=13242497
		FILE: Number of read operations=0
		FILE: Number of large read operations=0
		FILE: Number of write operations=0
		HDFS: Number of bytes read=22076130
		HDFS: Number of bytes written=26244
		HDFS: Number of read operations=1648
		HDFS: Number of large read operations=0
		HDFS: Number of write operations=530
	Map-Reduce Framework
		Combine input records=0
		Combine output records=0
		Reduce input groups=2
		Reduce shuffle bytes=114
		Reduce input records=2
		Reduce output records=2
		Spilled Records=2
		Shuffled Maps =1
		Failed Shuffles=0
		Merged Map outputs=1
		GC time elapsed (ms)=0
		Total committed heap usage (bytes)=527958016
	Shuffle Errors
		BAD_ID=0
		CONNECTION=0
		IO_ERROR=0
		WRONG_LENGTH=0
		WRONG_MAP=0
		WRONG_REDUCE=0
	File Output Format Counters 
		Bytes Written=204
26/03/02 03:15:47 INFO mapred.LocalJobRunner: Finishing task: attempt_local1757058632_0030_r_000000_0
26/03/02 03:15:47 INFO mapred.LocalJobRunner: Starting task: attempt_local1757058632_0030_r_000001_0
26/03/02 03:15:47 INFO output.FileOutputCommitter: File Output Committer Algorithm version is 1
26/03/02 03:15:47 INFO mapred.Task:  Using ResourceCalculatorProcessTree : [ ]
26/03/02 03:15:47 INFO mapred.ReduceTask: Using ShuffleConsumerPlugin: org.apache.hadoop.mapreduce.task.reduce.Shuffle@6951d69d
26/03/02 03:15:47 INFO reduce.MergeManagerImpl: MergerManager: memoryLimit=369570592, maxSingleShuffleLimit=92392648, mergeThreshold=243916608, ioSortFactor=10, memToMemMergeOutputsThreshold=10
26/03/02 03:15:47 INFO reduce.EventFetcher: attempt_local1757058632_0030_r_000001_0 Thread started: EventFetcher for fetching Map Completion Events
26/03/02 03:15:47 INFO reduce.LocalFetcher: localfetcher#118 about to shuffle output of map attempt_local1757058632_0030_m_000000_0 decomp: 56 len: 60 to MEMORY
26/03/02 03:15:47 INFO reduce.InMemoryMapOutput: Read 56 bytes from map-output for attempt_local1757058632_0030_m_000000_0
26/03/02 03:15:47 INFO reduce.MergeManagerImpl: closeInMemoryFile -> map-output of size: 56, inMemoryMapOutputs.size() -> 1, commitMemory -> 0, usedMemory ->56
26/03/02 03:15:47 WARN io.ReadaheadPool: Failed readahead on ifile
EBADF: Bad file descriptor
	at org.apache.hadoop.io.nativeio.NativeIO$POSIX.posix_fadvise(Native Method)
	at org.apache.hadoop.io.nativeio.NativeIO$POSIX.posixFadviseIfPossible(NativeIO.java:267)
	at org.apache.hadoop.io.nativeio.NativeIO$POSIX$CacheManipulator.posixFadviseIfPossible(NativeIO.java:146)
	at org.apache.hadoop.io.ReadaheadPool$ReadaheadRequestImpl.run(ReadaheadPool.java:206)
	at java.util.concurrent.ThreadPoolExecutor.runWorker(ThreadPoolExecutor.java:1149)
	at java.util.concurrent.ThreadPoolExecutor$Worker.run(ThreadPoolExecutor.java:624)
	at java.lang.Thread.run(Thread.java:748)
26/03/02 03:15:47 INFO reduce.EventFetcher: EventFetcher is interrupted.. Returning
26/03/02 03:15:47 INFO mapred.LocalJobRunner: 1 / 1 copied.
26/03/02 03:15:47 INFO reduce.MergeManagerImpl: finalMerge called with 1 in-memory map-outputs and 0 on-disk map-outputs
26/03/02 03:15:47 INFO mapred.Merger: Merging 1 sorted segments
26/03/02 03:15:47 INFO mapred.Merger: Down to the last merge-pass, with 1 segments left of total size: 50 bytes
26/03/02 03:15:47 INFO reduce.MergeManagerImpl: Merged 1 segments, 56 bytes to disk to satisfy reduce memory limit
26/03/02 03:15:47 INFO reduce.MergeManagerImpl: Merging 1 files, 60 bytes from disk
26/03/02 03:15:47 INFO reduce.MergeManagerImpl: Merging 0 segments, 0 bytes from memory into reduce
26/03/02 03:15:47 INFO mapred.Merger: Merging 1 sorted segments
26/03/02 03:15:47 INFO mapred.Merger: Down to the last merge-pass, with 1 segments left of total size: 50 bytes
26/03/02 03:15:47 INFO mapred.LocalJobRunner: 1 / 1 copied.
26/03/02 03:15:47 INFO mapred.Task: Task:attempt_local1757058632_0030_r_000001_0 is done. And is in the process of committing
26/03/02 03:15:47 INFO mapred.LocalJobRunner: 1 / 1 copied.
26/03/02 03:15:47 INFO mapred.Task: Task attempt_local1757058632_0030_r_000001_0 is allowed to commit now
26/03/02 03:15:47 INFO output.FileOutputCommitter: Saved output of task 'attempt_local1757058632_0030_r_000001_0' to hdfs://localhost:9000/project2/task2/runs_true_k/k5_r30_opt_centers/iter_30/_temporary/0/task_local1757058632_0030_r_000001
26/03/02 03:15:47 INFO mapred.LocalJobRunner: reduce > reduce
26/03/02 03:15:47 INFO mapred.Task: Task 'attempt_local1757058632_0030_r_000001_0' done.
26/03/02 03:15:47 INFO mapred.Task: Final Counters for attempt_local1757058632_0030_r_000001_0: Counters: 29
	File System Counters
		FILE: Number of bytes read=4377032
		FILE: Number of bytes written=13242557
		FILE: Number of read operations=0
		FILE: Number of large read operations=0
		FILE: Number of write operations=0
		HDFS: Number of bytes read=22076130
		HDFS: Number of bytes written=26344
		HDFS: Number of read operations=1651
		HDFS: Number of large read operations=0
		HDFS: Number of write operations=532
	Map-Reduce Framework
		Combine input records=0
		Combine output records=0
		Reduce input groups=1
		Reduce shuffle bytes=60
		Reduce input records=1
		Reduce output records=1
		Spilled Records=1
		Shuffled Maps =1
		Failed Shuffles=0
		Merged Map outputs=1
		GC time elapsed (ms)=0
		Total committed heap usage (bytes)=527958016
	Shuffle Errors
		BAD_ID=0
		CONNECTION=0
		IO_ERROR=0
		WRONG_LENGTH=0
		WRONG_MAP=0
		WRONG_REDUCE=0
	File Output Format Counters 
		Bytes Written=100
26/03/02 03:15:47 INFO mapred.LocalJobRunner: Finishing task: attempt_local1757058632_0030_r_000001_0
26/03/02 03:15:47 INFO mapred.LocalJobRunner: Starting task: attempt_local1757058632_0030_r_000002_0
26/03/02 03:15:47 INFO output.FileOutputCommitter: File Output Committer Algorithm version is 1
26/03/02 03:15:47 INFO mapred.Task:  Using ResourceCalculatorProcessTree : [ ]
26/03/02 03:15:47 INFO mapred.ReduceTask: Using ShuffleConsumerPlugin: org.apache.hadoop.mapreduce.task.reduce.Shuffle@117c84ed
26/03/02 03:15:47 INFO reduce.MergeManagerImpl: MergerManager: memoryLimit=369570592, maxSingleShuffleLimit=92392648, mergeThreshold=243916608, ioSortFactor=10, memToMemMergeOutputsThreshold=10
26/03/02 03:15:47 INFO reduce.EventFetcher: attempt_local1757058632_0030_r_000002_0 Thread started: EventFetcher for fetching Map Completion Events
26/03/02 03:15:47 INFO reduce.LocalFetcher: localfetcher#119 about to shuffle output of map attempt_local1757058632_0030_m_000000_0 decomp: 56 len: 60 to MEMORY
26/03/02 03:15:47 INFO reduce.InMemoryMapOutput: Read 56 bytes from map-output for attempt_local1757058632_0030_m_000000_0
26/03/02 03:15:47 INFO reduce.MergeManagerImpl: closeInMemoryFile -> map-output of size: 56, inMemoryMapOutputs.size() -> 1, commitMemory -> 0, usedMemory ->56
26/03/02 03:15:47 WARN io.ReadaheadPool: Failed readahead on ifile
EBADF: Bad file descriptor
	at org.apache.hadoop.io.nativeio.NativeIO$POSIX.posix_fadvise(Native Method)
	at org.apache.hadoop.io.nativeio.NativeIO$POSIX.posixFadviseIfPossible(NativeIO.java:267)
	at org.apache.hadoop.io.nativeio.NativeIO$POSIX$CacheManipulator.posixFadviseIfPossible(NativeIO.java:146)
	at org.apache.hadoop.io.ReadaheadPool$ReadaheadRequestImpl.run(ReadaheadPool.java:206)
	at java.util.concurrent.ThreadPoolExecutor.runWorker(ThreadPoolExecutor.java:1149)
	at java.util.concurrent.ThreadPoolExecutor$Worker.run(ThreadPoolExecutor.java:624)
	at java.lang.Thread.run(Thread.java:748)
26/03/02 03:15:47 INFO reduce.EventFetcher: EventFetcher is interrupted.. Returning
26/03/02 03:15:47 INFO mapred.LocalJobRunner: 1 / 1 copied.
26/03/02 03:15:47 INFO reduce.MergeManagerImpl: finalMerge called with 1 in-memory map-outputs and 0 on-disk map-outputs
26/03/02 03:15:47 INFO mapred.Merger: Merging 1 sorted segments
26/03/02 03:15:47 INFO mapred.Merger: Down to the last merge-pass, with 1 segments left of total size: 50 bytes
26/03/02 03:15:47 INFO reduce.MergeManagerImpl: Merged 1 segments, 56 bytes to disk to satisfy reduce memory limit
26/03/02 03:15:47 INFO reduce.MergeManagerImpl: Merging 1 files, 60 bytes from disk
26/03/02 03:15:47 INFO reduce.MergeManagerImpl: Merging 0 segments, 0 bytes from memory into reduce
26/03/02 03:15:47 INFO mapred.Merger: Merging 1 sorted segments
26/03/02 03:15:47 INFO mapred.Merger: Down to the last merge-pass, with 1 segments left of total size: 50 bytes
26/03/02 03:15:47 INFO mapred.LocalJobRunner: 1 / 1 copied.
26/03/02 03:15:47 INFO mapreduce.Job: Job job_local1757058632_0030 running in uber mode : false
26/03/02 03:15:47 INFO mapreduce.Job:  map 100% reduce 50%
26/03/02 03:15:47 INFO mapred.Task: Task:attempt_local1757058632_0030_r_000002_0 is done. And is in the process of committing
26/03/02 03:15:47 INFO mapred.LocalJobRunner: 1 / 1 copied.
26/03/02 03:15:47 INFO mapred.Task: Task attempt_local1757058632_0030_r_000002_0 is allowed to commit now
26/03/02 03:15:47 INFO output.FileOutputCommitter: Saved output of task 'attempt_local1757058632_0030_r_000002_0' to hdfs://localhost:9000/project2/task2/runs_true_k/k5_r30_opt_centers/iter_30/_temporary/0/task_local1757058632_0030_r_000002
26/03/02 03:15:47 INFO mapred.LocalJobRunner: reduce > reduce
26/03/02 03:15:47 INFO mapred.Task: Task 'attempt_local1757058632_0030_r_000002_0' done.
26/03/02 03:15:47 INFO mapred.Task: Final Counters for attempt_local1757058632_0030_r_000002_0: Counters: 29
	File System Counters
		FILE: Number of bytes read=4377316
		FILE: Number of bytes written=13242617
		FILE: Number of read operations=0
		FILE: Number of large read operations=0
		FILE: Number of write operations=0
		HDFS: Number of bytes read=22076130
		HDFS: Number of bytes written=26446
		HDFS: Number of read operations=1654
		HDFS: Number of large read operations=0
		HDFS: Number of write operations=534
	Map-Reduce Framework
		Combine input records=0
		Combine output records=0
		Reduce input groups=1
		Reduce shuffle bytes=60
		Reduce input records=1
		Reduce output records=1
		Spilled Records=1
		Shuffled Maps =1
		Failed Shuffles=0
		Merged Map outputs=1
		GC time elapsed (ms)=0
		Total committed heap usage (bytes)=527958016
	Shuffle Errors
		BAD_ID=0
		CONNECTION=0
		IO_ERROR=0
		WRONG_LENGTH=0
		WRONG_MAP=0
		WRONG_REDUCE=0
	File Output Format Counters 
		Bytes Written=102
26/03/02 03:15:47 INFO mapred.LocalJobRunner: Finishing task: attempt_local1757058632_0030_r_000002_0
26/03/02 03:15:47 INFO mapred.LocalJobRunner: Starting task: attempt_local1757058632_0030_r_000003_0
26/03/02 03:15:47 INFO output.FileOutputCommitter: File Output Committer Algorithm version is 1
26/03/02 03:15:47 INFO mapred.Task:  Using ResourceCalculatorProcessTree : [ ]
26/03/02 03:15:47 INFO mapred.ReduceTask: Using ShuffleConsumerPlugin: org.apache.hadoop.mapreduce.task.reduce.Shuffle@a530ca3
26/03/02 03:15:47 INFO reduce.MergeManagerImpl: MergerManager: memoryLimit=369570592, maxSingleShuffleLimit=92392648, mergeThreshold=243916608, ioSortFactor=10, memToMemMergeOutputsThreshold=10
26/03/02 03:15:47 INFO reduce.EventFetcher: attempt_local1757058632_0030_r_000003_0 Thread started: EventFetcher for fetching Map Completion Events
26/03/02 03:15:47 INFO reduce.LocalFetcher: localfetcher#120 about to shuffle output of map attempt_local1757058632_0030_m_000000_0 decomp: 56 len: 60 to MEMORY
26/03/02 03:15:47 INFO reduce.InMemoryMapOutput: Read 56 bytes from map-output for attempt_local1757058632_0030_m_000000_0
26/03/02 03:15:47 INFO reduce.MergeManagerImpl: closeInMemoryFile -> map-output of size: 56, inMemoryMapOutputs.size() -> 1, commitMemory -> 0, usedMemory ->56
26/03/02 03:15:47 INFO reduce.EventFetcher: EventFetcher is interrupted.. Returning
26/03/02 03:15:47 INFO mapred.LocalJobRunner: 1 / 1 copied.
26/03/02 03:15:47 INFO reduce.MergeManagerImpl: finalMerge called with 1 in-memory map-outputs and 0 on-disk map-outputs
26/03/02 03:15:47 INFO mapred.Merger: Merging 1 sorted segments
26/03/02 03:15:47 INFO mapred.Merger: Down to the last merge-pass, with 1 segments left of total size: 50 bytes
26/03/02 03:15:47 INFO reduce.MergeManagerImpl: Merged 1 segments, 56 bytes to disk to satisfy reduce memory limit
26/03/02 03:15:47 INFO reduce.MergeManagerImpl: Merging 1 files, 60 bytes from disk
26/03/02 03:15:47 INFO reduce.MergeManagerImpl: Merging 0 segments, 0 bytes from memory into reduce
26/03/02 03:15:47 INFO mapred.Merger: Merging 1 sorted segments
26/03/02 03:15:47 INFO mapred.Merger: Down to the last merge-pass, with 1 segments left of total size: 50 bytes
26/03/02 03:15:47 INFO mapred.LocalJobRunner: 1 / 1 copied.
26/03/02 03:15:47 INFO mapred.Task: Task:attempt_local1757058632_0030_r_000003_0 is done. And is in the process of committing
26/03/02 03:15:47 INFO mapred.LocalJobRunner: 1 / 1 copied.
26/03/02 03:15:47 INFO mapred.Task: Task attempt_local1757058632_0030_r_000003_0 is allowed to commit now
26/03/02 03:15:47 INFO output.FileOutputCommitter: Saved output of task 'attempt_local1757058632_0030_r_000003_0' to hdfs://localhost:9000/project2/task2/runs_true_k/k5_r30_opt_centers/iter_30/_temporary/0/task_local1757058632_0030_r_000003
26/03/02 03:15:47 INFO mapred.LocalJobRunner: reduce > reduce
26/03/02 03:15:47 INFO mapred.Task: Task 'attempt_local1757058632_0030_r_000003_0' done.
26/03/02 03:15:47 INFO mapred.Task: Final Counters for attempt_local1757058632_0030_r_000003_0: Counters: 29
	File System Counters
		FILE: Number of bytes read=4377540
		FILE: Number of bytes written=13242677
		FILE: Number of read operations=0
		FILE: Number of large read operations=0
		FILE: Number of write operations=0
		HDFS: Number of bytes read=22076130
		HDFS: Number of bytes written=26547
		HDFS: Number of read operations=1657
		HDFS: Number of large read operations=0
		HDFS: Number of write operations=536
	Map-Reduce Framework
		Combine input records=0
		Combine output records=0
		Reduce input groups=1
		Reduce shuffle bytes=60
		Reduce input records=1
		Reduce output records=1
		Spilled Records=1
		Shuffled Maps =1
		Failed Shuffles=0
		Merged Map outputs=1
		GC time elapsed (ms)=0
		Total committed heap usage (bytes)=527958016
	Shuffle Errors
		BAD_ID=0
		CONNECTION=0
		IO_ERROR=0
		WRONG_LENGTH=0
		WRONG_MAP=0
		WRONG_REDUCE=0
	File Output Format Counters 
		Bytes Written=101
26/03/02 03:15:47 INFO mapred.LocalJobRunner: Finishing task: attempt_local1757058632_0030_r_000003_0
26/03/02 03:15:47 INFO mapred.LocalJobRunner: reduce task executor complete.
26/03/02 03:15:48 INFO mapreduce.Job:  map 100% reduce 100%
26/03/02 03:15:48 INFO mapreduce.Job: Job job_local1757058632_0030 completed successfully
26/03/02 03:15:48 INFO mapreduce.Job: Counters: 35
	File System Counters
		FILE: Number of bytes read=21884752
		FILE: Number of bytes written=66212731
		FILE: Number of read operations=0
		FILE: Number of large read operations=0
		FILE: Number of write operations=0
		HDFS: Number of bytes read=110380650
		HDFS: Number of bytes written=131621
		HDFS: Number of read operations=8255
		HDFS: Number of large read operations=0
		HDFS: Number of write operations=2660
	Map-Reduce Framework
		Map input records=10000
		Map output records=10000
		Map output bytes=520000
		Map output materialized bytes=294
		Input split bytes=121
		Combine input records=10000
		Combine output records=5
		Reduce input groups=5
		Reduce shuffle bytes=294
		Reduce input records=5
		Reduce output records=5
		Spilled Records=10
		Shuffled Maps =4
		Failed Shuffles=0
		Merged Map outputs=4
		GC time elapsed (ms)=23
		Total committed heap usage (bytes)=2639790080
	Shuffle Errors
		BAD_ID=0
		CONNECTION=0
		IO_ERROR=0
		WRONG_LENGTH=0
		WRONG_MAP=0
		WRONG_REDUCE=0
	File Input Format Counters 
		Bytes Read=733758
	File Output Format Counters 
		Bytes Written=507
Done. mode=OPT_CENTERS, rounds=30, converged=false
